user_id,segment_id,k
A22,2,4
A869,0,4
A387,0,4
A1959,0,4
A1396,0,4
A5443,0,4
A2306,0,4
A296,0,4
A5303,0,4
A2962,0,4
A5302,0,4
A5301,0,4
A4533,0,4
A5300,0,4
A924,0,4
A49,0,4
A403,0,4
A2303,0,4
A2049,0,4
A1530,0,4
A3453,0,4
A1245,0,4
A5276,0,4
A48,0,4
A3397,0,4
A2305,0,4
A5275,0,4
A835,0,4
A1658,0,4
A3611,0,4
A4801,0,4
A923,0,4
A47,0,4
A1082,0,4
A601,0,4
A2266,0,4
A5369,0,4
A1430,0,4
A1136,0,4
A4726,0,4
A2271,0,4
A5299,0,4
A2686,0,4
A2264,3,4
A4725,0,4
A2401,0,4
A1137,0,4
A1817,0,4
A3424,0,4
A3342,0,4
A4147,0,4
A4874,0,4
A46,0,4
A2997,0,4
A1629,0,4
A2444,0,4
A204,0,4
A4576,0,4
A4575,0,4
A841,0,4
A3443,0,4
A4435,0,4
A402,0,4
A2555,0,4
A543,0,4
A870,0,4
A2628,0,4
A234,0,4
A4723,0,4
A50,0,4
A848,0,4
A4724,0,4
A2304,0,4
A1405,0,4
A268,0,4
A1420,0,4
A45,0,4
A330,0,4
A4251,0,4
A2281,0,4
A4133,0,4
A2452,0,4
A3507,0,4
A2474,0,4
A1672,0,4
A4593,0,4
A1266,0,4
A4685,0,4
A584,0,4
A2347,0,4
A5277,0,4
A5296,0,4
A4112,0,4
A2048,0,4
A5255,0,4
A2731,0,4
A1190,0,4
A3450,0,4
A4010,0,4
A1307,0,4
A5628,0,4
A994,0,4
A1807,0,4
A4330,0,4
A4720,0,4
A1118,0,4
A915,0,4
A1976,0,4
A1244,0,4
A2995,0,4
A2084,0,4
A1578,0,4
A790,0,4
A1361,0,4
A2275,0,4
A4860,0,4
A630,0,4
A3474,0,4
A840,0,4
A3839,0,4
A4089,0,4
A4846,0,4
A2164,0,4
A627,0,4
A5204,0,4
A867,0,4
A1014,0,4
A1268,0,4
A2071,0,4
A6442,0,4
A2436,0,4
A1391,0,4
A1265,0,4
A1288,0,4
A3473,0,4
A3974,0,4
A6068,0,4
A5235,0,4
A2729,0,4
A6352,0,4
A1061,0,4
A2038,0,4
A3980,0,4
A2961,0,4
A344,0,4
A3355,0,4
A1388,0,4
A1290,0,4
A1924,0,4
A737,0,4
A3902,0,4
A5383,0,4
A526,0,4
A3493,0,4
A1726,0,4
A3875,0,4
A2622,0,4
A3068,1,4
A725,0,4
A825,0,4
A3067,0,4
A2273,0,4
A2339,0,4
A2877,0,4
A3107,0,4
A180,0,4
A4346,0,4
A3874,0,4
A4434,0,4
A3714,0,4
A3138,0,4
A245,0,4
A544,0,4
A4791,0,4
A826,0,4
A6085,0,4
A370,0,4
A1727,0,4
A1119,0,4
A938,0,4
A2491,0,4
A1797,0,4
A333,0,4
A1021,0,4
A1444,0,4
A1065,0,4
A1225,0,4
A1855,0,4
A922,0,4
A5488,0,4
A2432,0,4
A3394,0,4
A820,0,4
A4721,0,4
A5450,0,4
A2356,0,4
A6220,0,4
A1348,0,4
A1418,0,4
A3848,0,4
A3003,0,4
A524,0,4
A258,0,4
A2916,0,4
A745,0,4
A5274,0,4
A1088,0,4
A3627,0,4
A1181,0,4
A1387,0,4
A391,0,4
A479,0,4
A1551,0,4
A801,0,4
A2065,0,4
A5438,0,4
A912,0,4
A2079,0,4
A819,0,4
A1493,0,4
A4364,0,4
A1424,0,4
A1,0,4
A292,0,4
A17,0,4
A1070,0,4
A92,0,4
A1588,0,4
A5735,0,4
A5329,0,4
A3819,0,4
A529,0,4
A3973,0,4
A202,0,4
A850,0,4
A4201,0,4
A959,0,4
A5313,0,4
A1710,0,4
A5679,0,4
A822,0,4
A1273,0,4
A4080,0,4
A1321,0,4
A2080,0,4
A238,0,4
A2064,0,4
A2960,0,4
A519,0,4
A4649,0,4
A1718,0,4
A2301,0,4
A1033,0,4
A3706,0,4
A1442,0,4
A4810,0,4
A2762,0,4
A1242,0,4
A1971,0,4
A2499,0,4
A496,0,4
A4592,0,4
A4811,0,4
A4850,0,4
A3494,0,4
A2709,0,4
A6154,0,4
A4389,0,4
A1338,0,4
A2018,0,4
A1905,0,4
A4600,2,4
A261,0,4
A678,0,4
A2037,2,4
A1337,0,4
A1580,0,4
A1800,0,4
A3626,0,4
A5745,0,4
A5107,0,4
A63,0,4
A3302,0,4
A201,0,4
A533,0,4
A1386,0,4
A2302,0,4
A1306,0,4
A5568,0,4
A1805,0,4
A1848,0,4
A1304,0,4
A3002,0,4
A4474,0,4
A1087,0,4
A1798,0,4
A2076,0,4
A2081,0,4
A1525,0,4
A1806,0,4
A3630,0,4
A1395,0,4
A4467,0,4
A6050,0,4
A1900,0,4
A4281,0,4
A2530,0,4
A6210,0,4
A4392,0,4
A203,0,4
A3879,0,4
A6421,0,4
A4872,0,4
A6123,0,4
A741,0,4
A1723,0,4
A2376,0,4
A3396,0,4
A1058,1,4
A3703,0,4
A4839,0,4
A5455,0,4
A6920,0,4
A1085,0,4
A3106,1,4
A6036,0,4
A752,0,4
A4252,0,4
A2879,0,4
A59,0,4
A4356,0,4
A4175,0,4
A5899,0,4
A5852,0,4
A3178,0,4
A1581,0,4
A3628,0,4
A5298,0,4
A5521,0,4
A3401,0,4
A4338,0,4
A4857,0,4
A2572,0,4
A1632,0,4
A3357,0,4
A404,0,4
A2535,0,4
A3550,0,4
A5273,0,4
A2947,0,4
A3702,0,4
A5497,0,4
A2047,0,4
A2626,0,4
A4619,2,4
A5356,0,4
A5505,0,4
A70,0,4
A1520,0,4
A1392,0,4
A1879,0,4
A2352,0,4
A3609,0,4
A3332,0,4
A1064,0,4
A3701,0,4
A817,0,4
A512,0,4
A4639,1,4
A6395,0,4
A2503,0,4
A2540,0,4
A1054,0,4
A2190,0,4
A6219,0,4
A1474,0,4
A2202,0,4
A6329,0,4
A1243,0,4
A3566,0,4
A3632,0,4
A4229,0,4
A3136,0,4
A151,2,4
A1984,0,4
A2774,0,4
A2860,2,4
A1089,0,4
A2300,0,4
A2425,0,4
A293,0,4
A5349,0,4
A3451,0,4
A4785,0,4
A1969,0,4
A2428,0,4
A236,0,4
A945,0,4
A1017,0,4
A1239,0,4
A2021,2,4
A4541,0,4
A5676,0,4
A237,0,4
A1697,0,4
A2726,0,4
A3105,1,4
A209,0,4
A1086,0,4
A2549,0,4
A297,0,4
A3282,0,4
A4344,0,4
A918,0,4
A2546,0,4
A5725,0,4
A6153,0,4
A2799,0,4
A388,0,4
A6746,0,4
A150,2,4
A5659,0,4
A1439,0,4
A1720,0,4
A2906,0,4
A4090,0,4
A847,0,4
A6866,0,4
A1731,0,4
A5943,0,4
A2848,0,4
A4621,2,4
A843,0,4
A1133,0,4
A2712,0,4
A3273,0,4
A1384,0,4
A6221,0,4
A2374,0,4
A2798,0,4
A3044,0,4
A2852,0,4
A2895,0,4
A4684,0,4
A4654,0,4
A5520,0,4
A2489,1,4
A3755,0,4
A5251,0,4
A2570,0,4
A1967,0,4
A2430,0,4
A4211,0,4
A3738,0,4
A3324,0,4
A4051,0,4
A1866,0,4
A1950,0,4
A2969,0,4
A3335,0,4
A6371,0,4
A1744,0,4
A1809,0,4
A3321,0,4
A1032,0,4
A1519,0,4
A2223,0,4
A2351,0,4
A179,0,4
A531,0,4
A1874,0,4
A3731,0,4
A4648,0,4
A463,0,4
A250,0,4
A811,0,4
A1545,2,4
A5564,0,4
A5272,0,4
A5722,0,4
A6269,0,4
A736,0,4
A2046,0,4
A3140,0,4
A6049,0,4
A4349,0,4
A896,0,4
A1795,0,4
A3727,0,4
A5297,0,4
A3492,0,4
A1397,0,4
A1869,0,4
A4072,0,4
A1351,0,4
A1603,0,4
A1719,0,4
A4235,0,4
A247,0,4
A4627,0,4
A5546,0,4
A2111,0,4
A1377,0,4
A2405,0,4
A4423,0,4
A4790,0,4
A348,0,4
A1238,0,4
A3489,0,4
A4650,0,4
A357,0,4
A517,0,4
A4789,0,4
A264,0,4
A2466,0,4
A3326,0,4
A4425,0,4
A673,0,4
A1236,0,4
A2423,0,4
A149,2,4
A4647,0,4
A6744,0,4
A818,2,4
A1543,0,4
A2279,0,4
A235,0,4
A4626,0,4
A2286,0,4
A4069,0,4
A4379,0,4
A868,0,4
A4030,0,4
A5430,0,4
A3607,0,4
A5133,0,4
A3831,0,4
A4268,0,4
A1524,0,4
A1975,0,4
A1593,0,4
A3066,0,4
A5143,0,4
A5816,0,4
A1622,0,4
A1694,0,4
A3301,0,4
A1801,0,4
A252,0,4
A1980,0,4
A3919,0,4
A5813,0,4
A461,0,4
A930,0,4
A1820,0,4
A3873,0,4
A6037,0,4
A154,0,4
A919,0,4
A2058,0,4
A3931,0,4
A3410,0,4
A4838,0,4
A6910,0,4
A694,0,4
A1123,0,4
A1906,0,4
A5420,0,4
A1716,0,4
A1847,0,4
A4837,0,4
A1523,0,4
A5422,1,4
A5560,0,4
A177,0,4
A309,0,4
A1385,0,4
A992,0,4
A3452,0,4
A4646,0,4
A4747,0,4
A5421,0,4
A3104,1,4
A1639,0,4
A5345,0,4
A6098,0,4
A1383,0,4
A5785,0,4
A726,0,4
A5769,0,4
A6150,0,4
A469,0,4
A1870,0,4
A4174,0,4
A6224,0,4
A1522,2,4
A3041,0,4
A69,0,4
A2492,0,4
A1080,0,4
A549,0,4
A5504,0,4
A1161,0,4
A1764,0,4
A2333,0,4
A1435,0,4
A1986,0,4
A1237,0,4
A4481,0,4
A683,0,4
A965,0,4
A1293,0,4
A2469,0,4
A5585,0,4
A5944,0,4
A3915,0,4
A5489,0,4
A846,0,4
A1253,0,4
A2422,0,4
A3383,0,4
A5768,0,4
A2237,0,4
A44,0,4
A2278,0,4
A2536,0,4
A845,0,4
A2176,0,4
A4096,0,4
A2252,0,4
A569,0,4
A3056,0,4
A1044,0,4
A5237,0,4
A6432,0,4
A190,0,4
A2728,0,4
A2198,0,4
A2634,0,4
A4526,0,4
A5490,0,4
A260,0,4
A2502,0,4
A4620,2,4
A5218,0,4
A6406,0,4
A4871,0,4
A579,0,4
A1476,0,4
A1783,0,4
A914,0,4
A2230,0,4
A4149,0,4
A6961,0,4
A770,0,4
A1193,0,4
A3856,0,4
A4415,0,4
A4642,0,4
A2189,0,4
A2280,0,4
A2243,0,4
A863,0,4
A4203,0,4
A4324,0,4
A4722,0,4
A6235,0,4
A2171,0,4
A2912,0,4
A6367,0,4
A219,0,4
A1210,0,4
A1376,0,4
A3258,0,4
A3997,0,4
A2917,0,4
A4830,0,4
A4368,0,4
A3964,0,4
A523,0,4
A6430,0,4
A3400,0,4
A2970,0,4
A5873,0,4
A3220,0,4
A663,0,4
A1205,0,4
A2433,2,4
A4515,0,4
A4809,0,4
A127,2,4
A913,0,4
A3976,0,4
A62,0,4
A1878,0,4
A4497,0,4
A1955,0,4
A3065,0,4
A3775,0,4
A5271,0,4
A4259,0,4
A2349,0,4
A4249,0,4
A1241,0,4
A1981,0,4
A3274,0,4
A6946,0,4
A1240,0,4
A2600,0,4
A2575,0,4
A3960,0,4
A1059,0,4
A3608,0,4
A5940,0,4
A1796,2,4
A2442,0,4
A1544,0,4
A4452,0,4
A4029,0,4
A852,0,4
A858,0,4
A294,0,4
A833,0,4
A1794,0,4
A2024,0,4
A2742,0,4
A4618,2,4
A5312,0,4
A5265,0,4
A5468,0,4
A2875,0,4
A993,0,4
A1305,0,4
A4084,0,4
A2475,0,4
A2493,0,4
A4982,0,4
A1373,0,4
A1579,0,4
A4788,0,4
A606,0,4
A916,0,4
A5125,0,4
A21,0,4
A955,0,4
A1555,0,4
A4355,0,4
A299,0,4
A6495,0,4
A61,0,4
A1876,0,4
A3334,0,4
A954,2,4
A2114,0,4
A599,0,4
A5862,0,4
A4372,0,4
A3882,2,4
A5660,0,4
A60,0,4
A5381,0,4
A4908,0,4
A773,0,4
A3514,0,4
A4820,0,4
A2465,0,4
A1143,0,4
A5374,0,4
A6859,0,4
A535,0,4
A4759,0,4
A2649,0,4
A2268,0,4
A6463,0,4
A1180,0,4
A4729,0,4
A6705,0,4
A3700,0,4
A527,0,4
A6047,0,4
A2701,0,4
A4736,0,4
A6048,0,4
A3737,0,4
A4350,0,4
A608,0,4
A743,0,4
A3370,0,4
A4142,0,4
A6159,0,4
A2276,0,4
A5992,0,4
A813,0,4
A1714,0,4
A4645,0,4
A6171,0,4
A3472,0,4
A4845,0,4
A6214,0,4
A6289,0,4
A522,0,4
A566,0,4
A625,0,4
A5880,0,4
A3699,0,4
A963,0,4
A5124,0,4
A1736,0,4
A1935,0,4
A3272,0,4
A1938,0,4
A2399,0,4
A3565,0,4
A5700,0,4
A65,0,4
A682,0,4
A7074,0,4
A2954,0,4
A1559,0,4
A1968,0,4
A4469,0,4
A5460,0,4
A2282,0,4
A4141,0,4
A5367,0,4
A4091,0,4
A1745,0,4
A5931,0,4
A671,0,4
A408,0,4
A2495,0,4
A4002,0,4
A1194,0,4
A2844,0,4
A3249,0,4
A4253,0,4
A6274,0,4
A406,0,4
A645,0,4
A4039,1,4
A430,0,4
A347,0,4
A883,0,4
A1455,0,4
A3023,0,4
A628,0,4
A2959,0,4
A5333,0,4
A5609,0,4
A5928,0,4
A515,0,4
A6216,0,4
A6244,0,4
A1408,0,4
A1873,0,4
A3134,0,4
A4312,0,4
A5234,0,4
A5516,0,4
A3979,0,4
A5180,0,4
A1394,0,4
A4095,0,4
A7024,0,4
A259,0,4
A2098,0,4
A672,0,4
A931,0,4
A857,0,4
A2418,0,4
A256,0,4
A707,0,4
A731,0,4
A1188,0,4
A4173,0,4
A58,2,4
A1310,0,4
A1743,0,4
A2713,0,4
A638,0,4
A3395,0,4
A3821,0,4
A4844,0,4
A5503,0,4
A5678,0,4
A5826,0,4
A6409,0,4
A2621,0,4
A2859,0,4
A3698,0,4
A336,0,4
A1908,0,4
A2688,0,4
A6414,0,4
A946,0,4
A3635,0,4
A5724,0,4
A1013,0,4
A717,0,4
A724,0,4
A4099,0,4
A5357,0,4
A1534,0,4
A2309,0,4
A72,0,4
A2063,0,4
A821,0,4
A2307,0,4
A520,0,4
A4753,0,4
A626,0,4
A1903,0,4
A624,0,4
A2274,0,4
A2706,0,4
A5232,0,4
A192,0,4
A1529,0,4
A3000,0,4
A4796,0,4
A1222,0,4
A4644,0,4
A5214,0,4
A4367,0,4
A4689,0,4
A6394,0,4
A6604,0,4
A1712,0,4
A6213,0,4
A2450,2,4
A3043,0,4
A3585,0,4
A1461,0,4
A4067,0,4
A5295,0,4
A6245,0,4
A516,0,4
A1303,0,4
A1381,0,4
A4110,0,4
A4120,0,4
A4172,0,4
A6222,0,4
A518,0,4
A1478,0,4
A2075,0,4
A4272,0,4
A4097,0,4
A5291,0,4
A6303,0,4
A6630,0,4
A1206,0,4
A1479,0,4
A1531,0,4
A2426,0,4
A2510,0,4
A4461,0,4
A5562,0,4
A2094,0,4
A2408,0,4
A3619,0,4
A5586,0,4
A6314,0,4
A7075,0,4
A2329,0,4
A727,0,4
A2381,0,4
A3276,0,4
A616,0,4
A2891,0,4
A4190,0,4
A6913,0,4
A1741,0,4
A2180,0,4
A3103,0,4
A4808,0,4
A464,0,4
A856,0,4
A3471,0,4
A5830,0,4
A5454,0,4
A257,0,4
A460,0,4
A2655,0,4
A4530,0,4
A4563,0,4
A5233,0,4
A5267,0,4
A287,0,4
A542,0,4
A2890,0,4
A4153,0,4
A6102,0,4
A6496,0,4
A3861,0,4
A4144,2,4
A4632,0,4
A917,0,4
A956,0,4
A2199,0,4
A4696,0,4
A4016,0,4
A4189,0,4
A2036,0,4
A2350,0,4
A3271,0,4
A6204,0,4
A3265,0,4
A4380,0,4
A4460,0,4
A4739,0,4
A7027,0,4
A502,0,4
A2324,0,4
A2689,0,4
A3279,0,4
A6355,0,4
A521,0,4
A2446,0,4
A3228,0,4
A5758,0,4
A6392,0,4
A686,0,4
A4473,0,4
A2795,0,4
A3270,0,4
A3470,0,4
A4402,0,4
A6558,0,4
A541,1,4
A2424,0,4
A2793,0,4
A19,0,4
A173,0,4
A834,0,4
A6298,0,4
A1825,0,4
A2086,0,4
A3135,0,4
A6487,0,4
A1730,0,4
A2504,0,4
A4719,0,4
A462,0,4
A4674,0,4
A6321,0,4
A907,0,4
A2461,0,4
A3354,0,4
A4769,0,4
A6158,0,4
A1258,0,4
A2055,0,4
A2267,0,4
A5584,0,4
A67,0,4
A1793,0,4
A3490,0,4
A3606,0,4
A2246,0,4
A3759,0,4
A5263,0,4
A147,0,4
A2385,0,4
A4157,0,4
A4634,0,4
A332,0,4
A1234,0,4
A2402,0,4
A3366,0,4
A172,0,4
A6763,0,4
A3344,0,4
A1587,0,4
A1877,0,4
A3399,0,4
A4383,0,4
A5844,0,4
A6634,0,4
A1209,0,4
A2338,0,4
A6180,0,4
A2601,0,4
A346,0,4
A1309,0,4
A3376,0,4
A5630,0,4
A6242,0,4
A1554,0,4
A1917,0,4
A3042,0,4
A1703,0,4
A6504,0,4
A2453,0,4
A4362,0,4
A2359,0,4
A5429,0,4
A1051,0,4
A1844,0,4
A3754,0,4
A6632,0,4
A1750,0,4
A3268,0,4
A3553,0,4
A4233,0,4
A5952,0,4
A1132,0,4
A3340,0,4
A6625,0,4
A2431,0,4
A3288,0,4
A6340,0,4
A596,0,4
A1053,0,4
A1792,0,4
A1919,0,4
A2439,0,4
A6343,0,4
A1235,0,4
A1084,0,4
A1200,0,4
A1707,0,4
A3222,0,4
A3267,0,4
A5545,0,4
A1440,0,4
A3750,0,4
A3756,0,4
A6233,0,4
A1269,1,4
A1378,0,4
A2748,0,4
A5755,0,4
A6431,0,4
A2269,0,4
A214,0,4
A1315,0,4
A815,0,4
A2675,0,4
A3325,0,4
A3610,0,4
A3330,0,4
A2416,0,4
A6126,0,4
A42,0,4
A1110,0,4
A1939,0,4
A882,0,4
A2715,0,4
A3300,0,4
A4008,0,4
A5145,0,4
A3918,0,4
A4436,0,4
A4443,0,4
A6342,0,4
A6745,0,4
A2873,0,4
A5441,0,4
A989,0,4
A1488,0,4
A3782,0,4
A6236,0,4
A6706,0,4
A1232,0,4
A2886,0,4
A3102,1,4
A4151,0,4
A6444,0,4
A1231,0,4
A2593,0,4
A5843,0,4
A3425,0,4
A3582,0,4
A3508,0,4
A525,0,4
A1550,0,4
A2394,0,4
A2550,0,4
A265,0,4
A5144,0,4
A6366,0,4
A3367,0,4
A6539,0,4
A3130,0,4
A1456,0,4
A1692,0,4
A2218,0,4
A6328,0,4
A6501,0,4
A3266,0,4
A1448,0,4
A6237,0,4
A6635,0,4
A3168,0,4
A7101,0,4
A1189,0,4
A2851,0,4
A3605,0,4
A5419,1,4
A6096,0,4
A768,0,4
A3554,0,4
A4109,0,4
A4155,0,4
A6914,0,4
A2323,0,4
A4718,0,4
A5288,0,4
A6385,0,4
A5440,0,4
A4140,0,4
A6196,0,4
A1056,0,4
A6878,0,4
A898,0,4
A578,0,4
A2526,0,4
A1922,0,4
A6768,0,4
A953,0,4
A1246,0,4
A1358,0,4
A4071,0,4
A382,0,4
A1404,0,4
A2128,0,4
A3333,0,4
A3101,0,4
A5138,0,4
A1693,0,4
A1721,0,4
A2955,0,4
A199,0,4
A1708,0,4
A2806,0,4
A96,0,4
A459,0,4
A1221,0,4
A2624,0,4
A4176,0,4
A1052,0,4
A3943,0,4
A6709,0,4
A575,0,4
A7094,0,4
A2270,0,4
A5344,0,4
A386,0,4
A1083,0,4
A2299,0,4
A5372,0,4
A331,0,4
A685,0,4
A1510,0,4
A5305,0,4
A659,0,4
A2819,0,4
A3614,0,4
A4100,0,4
A1172,0,4
A1331,0,4
A5197,0,4
A1379,0,4
A4022,0,4
A4359,0,4
A4744,0,4
A6926,0,4
A3127,0,4
A4255,0,4
A5675,0,4
A6624,0,4
A6787,0,4
A960,0,4
A1298,0,4
A1884,0,4
A2919,0,4
A4612,0,4
A6074,0,4
A1066,0,4
A968,0,4
A2464,0,4
A951,0,4
A3343,0,4
A4199,0,4
A4339,0,4
A1077,0,4
A2182,0,4
A2529,0,4
A2620,0,4
A4562,0,4
A5453,0,4
A6872,0,4
A39,0,4
A2062,0,4
A1005,0,4
A4021,0,4
A6773,0,4
A4583,0,4
A3287,0,4
A4615,0,4
A1702,0,4
A5767,0,4
A6058,0,4
A290,0,4
A6339,0,4
A709,0,4
A1301,0,4
A5294,0,4
A4373,0,4
A1341,0,4
A2068,0,4
A3393,0,4
A4617,0,4
A681,0,4
A5496,0,4
A6449,0,4
A2590,0,4
A2804,0,4
A2175,0,4
A3440,0,4
A3894,0,4
A722,0,4
A2277,0,4
A4955,0,4
A4057,0,4
A1264,0,4
A1482,0,4
A4539,0,4
A4842,0,4
A4717,0,4
A5721,0,4
A456,0,4
A564,0,4
A6211,0,4
A1661,0,4
A648,0,4
A1131,0,4
A1250,0,4
A2876,0,4
A786,0,4
A2559,0,4
A4624,0,4
A3912,0,4
A2727,0,4
A3783,0,4
A2994,0,4
A3930,0,4
A888,0,4
A2077,0,4
A2169,0,4
A3040,0,4
A1432,0,4
A2322,0,4
A6111,0,4
A1092,0,4
A591,0,4
A3483,0,4
A939,0,4
A4490,0,4
A5581,0,4
A5686,0,4
A381,0,4
A2229,0,4
A4198,0,4
A1128,0,4
A1535,0,4
A3100,1,4
A7326,0,4
A43,0,4
A401,0,4
A1814,0,4
A2723,0,4
A2794,0,4
A1514,0,4
A1557,0,4
A646,0,4
A1050,0,4
A1966,0,4
A3114,0,4
A3469,0,4
A623,0,4
A810,0,4
A1790,0,4
A4134,0,4
A5207,0,4
A5466,0,4
A3914,0,4
A5467,0,4
A6574,0,4
A186,0,4
A1228,0,4
A2950,0,4
A1438,0,4
A3431,0,4
A6272,0,4
A6500,0,4
A232,0,4
A5548,0,4
A905,0,4
A1662,0,4
A1343,0,4
A1977,0,4
A2796,0,4
A3913,0,4
A4542,0,4
A6084,0,4
A2885,0,4
A4204,0,4
A7181,0,4
A171,0,4
A477,0,4
A1748,0,4
A1542,0,4
A1558,0,4
A3534,0,4
A4088,0,4
A6669,0,4
A188,0,4
A950,0,4
A1957,0,4
A990,0,4
A1004,0,4
A1443,0,4
A2429,0,4
A3264,0,4
A3799,0,4
A5544,0,4
A5579,0,4
A6109,0,4
A475,0,4
A1260,0,4
A1753,0,4
A1936,0,4
A2214,0,4
A2835,0,4
A3133,0,4
A5319,0,4
A5658,0,4
A6520,0,4
A433,0,4
A749,0,4
A788,0,4
A1595,0,4
A6273,0,4
A1230,0,4
A3604,0,4
A5731,0,4
A795,0,4
A2035,0,4
A2337,0,4
A3965,0,4
A414,0,4
A1803,0,4
A2045,0,4
A2953,0,4
A4716,0,4
A1223,0,4
A3774,0,4
A5486,0,4
A836,0,4
A991,0,4
A5231,0,4
A5260,0,4
A932,0,4
A2528,0,4
A4491,0,4
A5508,0,4
A478,0,4
A1187,0,4
A2265,0,4
A4735,0,4
A4981,0,4
A6353,0,4
A831,0,4
A342,0,4
A1227,0,4
A1675,0,4
A3718,0,4
A4313,0,4
A5627,0,4
A6551,0,4
A6928,0,4
A7274,0,4
A644,0,4
A1216,0,4
A2341,0,4
A5434,0,4
A7325,0,4
A267,0,4
A286,0,4
A514,0,4
A1093,0,4
A1111,0,4
A3392,0,4
A3564,0,4
A3805,0,4
A4156,0,4
A5662,0,4
A5674,0,4
A6628,0,4
A1678,0,4
A2362,0,4
A3808,0,4
A3837,0,4
A4139,0,4
A5201,0,4
A640,0,4
A4289,0,4
A2975,0,4
A5937,0,4
A1226,0,4
A3099,1,4
A3623,0,4
A4354,0,4
A5293,0,4
A6455,0,4
A6956,0,4
A1896,1,4
A3485,0,4
A3540,0,4
A4161,0,4
A4316,0,4
A6046,0,4
A6467,0,4
A7180,0,4
A2030,0,4
A2257,0,4
A365,0,4
A455,0,4
A1636,0,4
A3028,0,4
A3414,2,4
A6908,0,4
A2800,0,4
A3818,0,4
A4529,0,4
A6767,0,4
A1010,0,4
A1179,0,4
A1918,0,4
A2771,0,4
A670,0,4
A1700,0,4
A1770,0,4
A3050,0,4
A3814,0,4
A5522,0,4
A5543,0,4
A1515,0,4
A2358,0,4
A2740,0,4
A4513,0,4
A6603,0,4
A735,0,4
A1124,0,4
A2809,0,4
A3263,0,4
A3870,0,4
A5418,1,4
A1434,0,4
A1904,0,4
A2829,1,4
A4926,0,4
A6566,0,4
A6766,0,4
A1704,0,4
A1902,0,4
A3006,0,4
A4616,2,4
A5542,0,4
A355,0,4
A500,0,4
A2052,0,4
A4869,0,4
A5815,0,4
A5820,0,4
A603,0,4
A2088,0,4
A2993,0,4
A3391,0,4
A4197,0,4
A4784,0,4
A5915,0,4
A510,0,4
A669,0,4
A1282,0,4
A1359,0,4
A1548,0,4
A1762,0,4
A2684,0,4
A2856,0,4
A4254,0,4
A5483,0,4
A1204,0,4
A3390,1,4
A3807,0,4
A4653,0,4
A7141,0,4
A230,0,4
A706,0,4
A2733,0,4
A2842,0,4
A3090,0,4
A4098,0,4
A1480,0,4
A5475,0,4
A781,0,4
A2326,0,4
A3055,0,4
A5366,0,4
A796,0,4
A1586,1,4
A2003,2,4
A3847,0,4
A5306,0,4
A723,0,4
A1789,0,4
A4186,0,4
A4843,0,4
A5800,0,4
A1375,0,4
A3356,0,4
A4795,0,4
A2204,0,4
A2355,0,4
A739,0,4
A1318,0,4
A2353,0,4
A2685,0,4
A2850,0,4
A2957,0,4
A4472,0,4
A1081,0,4
A2739,0,4
A3327,0,4
A4094,0,4
A4535,0,4
A4643,0,4
A1024,0,4
A577,0,4
A1112,0,4
A3516,0,4
A7215,0,4
A169,0,4
A2834,1,4
A3261,0,4
A4734,0,4
A5259,0,4
A6502,0,4
A2168,0,4
A2263,0,4
A2817,0,4
A3285,0,4
A3697,0,4
A4602,2,4
A7214,0,4
A2259,0,4
A2296,0,4
A6372,0,4
A747,0,4
A1713,0,4
A2059,0,4
A3880,0,4
A4104,0,4
A4673,0,4
A1023,0,4
A1186,0,4
A2051,0,4
A4604,0,4
A5292,0,4
A1437,0,4
A1560,0,4
A3389,0,4
A4401,0,4
A5476,0,4
A1840,0,4
A4459,0,4
A226,0,4
A766,0,4
A775,0,4
A3374,1,4
A4017,0,4
A4138,0,4
A5230,0,4
A5818,0,4
A5998,0,4
A298,0,4
A2730,0,4
A4391,0,4
A6187,0,4
A2004,2,4
A2560,0,4
A4256,0,4
A5417,0,4
A6374,0,4
A68,0,4
A1436,0,4
A1722,0,4
A6260,0,4
A7447,0,4
A458,0,4
A4746,0,4
A622,0,4
A699,0,4
A3352,0,4
A5850,0,4
A5985,0,4
A6909,0,4
A782,0,4
A887,0,4
A1028,0,4
A2517,0,4
A4288,0,4
A981,0,4
A2617,0,4
A3603,0,4
A457,0,4
A1374,0,4
A2415,0,4
A2763,0,4
A3846,0,4
A4092,0,4
A6019,0,4
A3388,0,4
A7369,0,4
A1483,0,4
A3259,0,4
A3695,0,4
A178,0,4
A3409,0,4
A4009,0,4
A6362,0,4
A1739,0,4
A3795,0,4
A1481,0,4
A1872,0,4
A3308,0,4
A3466,0,4
A4327,0,4
A5147,0,4
A5368,0,4
A6018,0,4
A6725,0,4
A7457,0,4
A3027,0,4
A4064,0,4
A511,0,4
A2619,0,4
A4323,0,4
A5388,0,4
A6499,0,4
A6907,0,4
A6856,0,4
A797,0,4
A1638,0,4
A2170,0,4
A2618,0,4
A3809,0,4
A6390,0,4
A7017,0,4
A3098,0,4
A4772,0,4
A6079,0,4
A6483,0,4
A3217,0,4
A3353,0,4
A4983,0,4
A5229,0,4
A6361,0,4
A1682,0,4
A4101,0,4
A4119,0,4
A4248,0,4
A4292,0,4
A6124,0,4
A6947,0,4
A253,0,4
A1699,0,4
A1898,0,4
A2002,2,4
A3869,0,4
A4671,0,4
A7134,0,4
A353,0,4
A1370,0,4
A6229,0,4
A291,0,4
A366,0,4
A720,0,4
A4836,0,4
A1842,0,4
A5318,0,4
A5829,0,4
A635,0,4
A839,0,4
A4768,0,4
A6179,0,4
A7282,0,4
A2110,0,4
A2755,0,4
A3468,0,4
A3694,0,4
A4146,0,4
A4404,0,4
A4614,2,4
A5495,0,4
A5629,0,4
A6230,0,4
A719,1,4
A2561,0,4
A6906,0,4
A7200,0,4
A2700,0,4
A2773,0,4
A4792,0,4
A6149,0,4
A6985,0,4
A5433,0,4
A5677,0,4
A3434,0,4
A4026,0,4
A5227,0,4
A6360,0,4
A289,0,4
A2412,0,4
A2905,0,4
A2946,0,4
A501,0,4
A1513,0,4
A1843,0,4
A2845,0,4
A3257,0,4
A3467,0,4
A4171,0,4
A6699,0,4
A384,0,4
A1897,0,4
A2708,0,4
A3416,0,4
A4065,0,4
A4613,2,4
A4787,0,4
A5228,0,4
A6715,0,4
A700,0,4
A1037,0,4
A2802,0,4
A3256,0,4
A3423,0,4
A5612,0,4
A5927,0,4
A6638,0,4
A362,0,4
A1890,0,4
A2260,0,4
A2870,0,4
A3254,0,4
A3488,0,4
A4458,0,4
A5379,0,4
A5939,0,4
A1915,0,4
A2166,0,4
A4222,0,4
A2013,2,4
A3822,0,4
A4118,0,4
A4168,0,4
A5515,0,4
A2348,0,4
A2477,0,4
A3398,0,4
A3878,0,4
A4640,0,4
A5875,0,4
A1002,0,4
A2295,0,4
A2494,0,4
A2598,0,4
A3001,0,4
A3387,0,4
A5449,0,4
A894,0,4
A4390,0,4
A5918,0,4
A6020,0,4
A1740,0,4
A1810,0,4
A2001,2,4
A3097,1,4
A3806,0,4
A4348,0,4
A6959,0,4
A82,0,4
A3897,0,4
A6923,0,4
A1302,0,4
A949,0,4
A3117,0,4
A6720,0,4
A229,0,4
A3247,0,4
A3345,0,4
A4870,0,4
A4963,0,4
A5405,0,4
A6095,0,4
A1501,0,4
A1978,0,4
A5332,0,4
A5563,0,4
A7083,0,4
A2931,2,4
A4611,2,4
A6668,0,4
A875,0,4
A1768,0,4
A1813,0,4
A3736,0,4
A3791,0,4
A4079,0,4
A4610,2,4
A5807,0,4
A5879,0,4
A6456,0,4
A288,0,4
A1105,0,4
A3562,0,4
A4287,0,4
A5766,0,4
A7233,0,4
A3153,0,4
A6424,0,4
A878,0,4
A2288,0,4
A246,0,4
A935,0,4
A2901,0,4
A3026,0,4
A6108,0,4
A6143,0,4
A4369,0,4
A5876,0,4
A6316,0,4
A7032,0,4
A594,0,4
A3110,0,4
A5764,0,4
A400,0,4
A1372,0,4
A1864,0,4
A2200,1,4
A3262,0,4
A5246,0,4
A228,0,4
A581,0,4
A985,0,4
A1057,0,4
A2592,0,4
A5896,0,4
A3752,0,4
A583,0,4
A816,0,4
A1196,0,4
A2558,0,4
A2741,0,4
A5672,0,4
A6419,0,4
A6960,0,4
A1130,0,4
A1224,0,4
A2256,0,4
A3625,0,4
A3901,0,4
A4508,0,4
A5198,0,4
A5226,0,4
A6257,0,4
A6537,0,4
A2563,0,4
A576,0,4
A771,0,4
A909,0,4
A1300,0,4
A4152,0,4
A6100,0,4
A156,0,4
A4242,0,4
A6958,0,4
A7417,0,4
A227,0,4
A693,0,4
A3900,0,4
A5936,0,4
A7106,0,4
A902,0,4
A1433,0,4
A2320,0,4
A2978,0,4
A3063,0,4
A4829,0,4
A6536,0,4
A6829,0,4
A2000,2,4
A7471,0,4
A1020,0,4
A1698,0,4
A1815,0,4
A1858,0,4
A2476,0,4
A3096,1,4
A3552,0,4
A3779,1,4
A7144,0,4
A1027,0,4
A4170,0,4
A6132,0,4
A6493,0,4
A6978,0,4
A1251,0,4
A3095,0,4
A142,2,4
A509,0,4
A2314,0,4
A2711,0,4
A3692,0,4
A3693,0,4
A6890,0,4
A364,0,4
A2140,0,4
A4011,0,4
A4966,0,4
A5304,0,4
A5726,0,4
A5889,0,4
A6637,0,4
A7161,0,4
A6370,0,4
A18,0,4
A568,0,4
A866,0,4
A1393,0,4
A2034,0,4
A2690,0,4
A2772,0,4
A4781,0,4
A4886,0,4
A5350,0,4
A5451,0,4
A513,0,4
A1660,0,4
A6077,0,4
A6884,0,4
A6962,0,4
A1527,0,4
A1701,0,4
A2539,0,4
A2869,0,4
A5501,0,4
A837,0,4
A1314,0,4
A1344,1,4
A2952,0,4
A5387,1,4
A5610,0,4
A6104,0,4
A1142,0,4
A1949,0,4
A2557,0,4
A3253,0,4
A3602,0,4
A3801,0,4
A4226,0,4
A4599,2,4
A5557,0,4
A6832,0,4
A6965,0,4
A448,0,4
A467,0,4
A1421,0,4
A1499,0,4
A3350,0,4
A7152,0,4
A794,0,4
A1506,0,4
A2340,0,4
A3295,0,4
A3895,0,4
A6351,0,4
A6957,0,4
A398,0,4
A589,0,4
A1871,0,4
A3749,0,4
A4499,0,4
A5644,0,4
A5803,0,4
A6840,0,4
A7104,0,4
A328,0,4
A2078,0,4
A3039,0,4
A3691,0,4
A3778,0,4
A3947,0,4
A5519,0,4
A5663,0,4
A5,0,4
A4093,0,4
A5484,0,4
A776,0,4
A1828,0,4
A2369,0,4
A2871,0,4
A3810,0,4
A6428,0,4
A2165,0,4
A2393,0,4
A2490,0,4
A6359,0,4
A556,0,4
A5254,0,4
A6023,0,4
A6468,0,4
A6616,0,4
A6827,0,4
A1556,0,4
A1771,0,4
A2765,0,4
A3188,0,4
A3331,0,4
A4063,0,4
A4329,0,4
A952,0,4
A988,0,4
A2060,0,4
A3844,0,4
A4221,0,4
A4841,0,4
A6717,0,4
A7405,0,4
A3838,0,4
A3937,0,4
A5999,0,4
A7022,0,4
A397,0,4
A1891,0,4
A2220,0,4
A3239,0,4
A1178,0,4
A4433,0,4
A6557,0,4
A452,0,4
A454,0,4
A1503,0,4
A2044,0,4
A3830,0,4
A4690,0,4
A5416,1,4
A5657,0,4
A5866,0,4
A793,0,4
A901,0,4
A2313,0,4
A2336,0,4
A4245,0,4
A1859,0,4
A3591,0,4
A3946,0,4
A3958,0,4
A4165,0,4
A5249,0,4
A5614,0,4
A6742,0,4
A240,0,4
A508,0,4
A1674,0,4
A2083,0,4
A2132,0,4
A2498,0,4
A3132,0,4
A4001,0,4
A4196,0,4
A4652,0,4
A1960,0,4
A5115,0,4
A5716,0,4
A6602,0,4
A7195,0,4
A2155,0,4
A2414,0,4
A3498,0,4
A3932,0,4
A4422,0,4
A4489,0,4
A5859,0,4
A1696,0,4
A2222,0,4
A4738,0,4
A5553,0,4
A6139,0,4
A6953,0,4
A7199,0,4
A3721,0,4
A4758,0,4
A5881,0,4
A200,0,4
A1168,0,4
A2054,0,4
A2143,0,4
A2936,0,4
A1117,0,4
A1233,0,4
A3351,0,4
A4353,0,4
A4609,2,4
A6977,0,4
A306,0,4
A1459,0,4
A1784,0,4
A4296,0,4
A572,0,4
A1107,0,4
A1999,2,4
A2026,0,4
A2137,0,4
A2582,0,4
A4582,2,4
A5458,0,4
A2363,0,4
A621,0,4
A636,0,4
A1176,0,4
A2421,0,4
A4587,0,4
A4756,0,4
A57,0,4
A3487,0,4
A4638,0,4
A5317,0,4
A6403,0,4
A1640,0,4
A2158,0,4
A2443,0,4
A2597,0,4
A2990,0,4
A5290,0,4
A5410,0,4
A2703,0,4
A2836,0,4
A3600,0,4
A6000,0,4
A6555,0,4
A6609,0,4
A2541,0,4
A5502,0,4
A6905,0,4
A7003,0,4
A1177,0,4
A1860,0,4
A2843,0,4
A3601,0,4
A6712,0,4
A410,0,4
A3094,0,4
A3252,0,4
A5386,0,4
A6300,0,4
A7442,0,4
A396,0,4
A3250,0,4
A3792,0,4
A6200,0,4
A97,0,4
A1218,0,4
A1540,0,4
A3093,1,4
A5224,0,4
A5415,1,4
A6045,0,4
A411,0,4
A740,0,4
A2523,0,4
A3201,0,4
A4083,0,4
A4352,0,4
A5898,0,4
A7314,0,4
A56,0,4
A1901,0,4
A3793,0,4
A4062,0,4
A4715,0,4
A5702,0,4
A6345,0,4
A6423,0,4
A6772,0,4
A248,0,4
A1963,0,4
A2527,0,4
A3599,0,4
A6264,0,4
A7183,0,4
A987,0,4
A1098,0,4
A1582,0,4
A3119,0,4
A6044,0,4
A6256,0,4
A6482,0,4
A7414,0,4
A395,0,4
A705,0,4
A3092,1,4
A3108,0,4
A3320,0,4
A3593,0,4
A3945,0,4
A5414,1,4
A6261,0,4
A2967,0,4
A4370,0,4
A5136,0,4
A6125,0,4
A6688,0,4
A6871,0,4
A1934,0,4
A2195,0,4
A3386,0,4
A4827,0,4
A507,0,4
A767,0,4
A1164,0,4
A1956,0,4
A2142,0,4
A3377,0,4
A4028,0,4
A5681,0,4
A7209,0,4
A3025,0,4
A4294,0,4
A2167,0,4
A3248,0,4
A4608,2,4
A5225,0,4
A5640,0,4
A6378,0,4
A7142,0,4
A453,0,4
A505,0,4
A1816,0,4
A3690,0,4
A3876,0,4
A4692,0,4
A6078,0,4
A197,0,4
A1431,0,4
A1923,0,4
A3924,0,4
A4414,0,4
A4521,0,4
A4749,0,4
A5413,1,4
A6287,0,4
A1539,0,4
A1577,0,4
A5411,0,4
A7212,0,4
A1948,0,4
A2012,2,4
A2228,0,4
A2255,0,4
A2497,0,4
A3704,0,4
A345,0,4
A4417,0,4
A5003,0,4
A89,0,4
A900,0,4
A1073,0,4
A3689,0,4
A3921,0,4
A5551,0,4
A40,0,4
A255,0,4
A2872,0,4
A3015,0,4
A4904,0,4
A5487,0,4
A3307,0,4
A3615,0,4
A4145,2,4
A4498,0,4
A6667,0,4
A16,0,4
A574,0,4
A746,0,4
A3551,0,4
A4462,0,4
A4607,2,4
A7044,0,4
A7557,0,4
A734,0,4
A2196,0,4
A3506,0,4
A4150,0,4
A4484,0,4
A5428,1,4
A6670,0,4
A7109,0,4
A1601,0,4
A3780,0,4
A5385,1,4
A1536,0,4
A2507,0,4
A3038,0,4
A3290,0,4
A3815,0,4
A5004,0,4
A7137,0,4
A114,2,4
A1141,0,4
A1389,0,4
A1571,0,4
A5258,0,4
A5824,0,4
A6377,0,4
A163,0,4
A1998,2,4
A4365,0,4
A5558,0,4
A7436,0,4
A2971,0,4
A3164,0,4
A3429,0,4
A4934,0,4
A5122,0,4
A5569,0,4
A295,0,4
A2744,0,4
A3465,0,4
A6886,0,4
A6904,0,4
A2395,0,4
A2725,0,4
A3231,0,4
A3620,0,4
A4786,0,4
A6911,0,4
A3415,0,4
A3713,0,4
A4076,0,4
A4631,0,4
A196,0,4
A1299,0,4
A2319,0,4
A3246,0,4
A6133,0,4
A506,0,4
A2581,0,4
A2692,0,4
A3444,0,4
A3728,0,4
A4269,0,4
A5618,0,4
A6114,0,4
A6305,0,4
A680,0,4
A1055,0,4
A1691,0,4
A2459,0,4
A3174,0,4
A5193,0,4
A7092,0,4
A1517,0,4
A3269,0,4
A4382,0,4
A4714,0,4
A5616,0,4
A413,0,4
A2172,0,4
A2193,0,4
A2251,0,4
A1049,0,4
A1463,0,4
A1646,0,4
A4066,0,4
A4519,0,4
A4532,0,4
A5857,0,4
A224,0,4
A1308,0,4
A1326,0,4
A3037,0,4
A3224,0,4
A3760,0,4
A4169,0,4
A4332,0,4
A4334,0,4
A4661,0,4
A5643,0,4
A5847,0,4
A7435,0,4
A653,0,4
A1174,0,4
A1292,0,4
A3191,0,4
A3530,0,4
A5112,0,4
A5412,0,4
A6519,0,4
A7165,0,4
A2245,0,4
A2992,0,4
A3891,0,4
A4374,0,4
A5655,0,4
A7318,0,4
A1460,0,4
A2694,0,4
A2910,0,4
A4430,0,4
A5541,0,4
A6338,0,4
A6518,0,4
A4232,0,4
A4806,0,4
A5322,0,4
A223,0,4
A1528,0,4
A1546,0,4
A2368,0,4
A4384,0,4
A880,0,4
A1689,0,4
A6197,0,4
A582,0,4
A1886,0,4
A2163,0,4
A2250,0,4
A4733,0,4
A5539,0,4
A6341,0,4
A6490,0,4
A1953,0,4
A2112,0,4
A5010,0,4
A5248,0,4
A5311,0,4
A5431,0,4
A5718,0,4
A488,0,4
A750,0,4
A2884,0,4
A3131,0,4
A3459,0,4
A3788,0,4
A4127,0,4
A4500,0,4
A5578,0,4
A6032,0,4
A911,0,4
A1549,0,4
A3341,0,4
A3419,0,4
A3684,0,4
A4828,0,4
A5316,0,4
A6572,0,4
A6636,0,4
A6741,0,4
A37,0,4
A221,0,4
A222,0,4
A778,0,4
A1533,0,4
A3260,0,4
A4223,0,4
A5196,0,4
A5245,0,4
A6404,0,4
A416,0,4
A634,0,4
A1072,0,4
A3337,0,4
A5656,0,4
A6172,0,4
A6698,0,4
A198,0,4
A6290,0,4
A7123,0,4
A266,0,4
A1275,0,4
A1635,0,4
A2449,0,4
A2670,0,4
A3323,0,4
A7317,0,4
A7419,0,4
A765,0,4
A2283,0,4
A4814,0,4
A6140,0,4
A7164,0,4
A285,0,4
A751,0,4
A2293,2,4
A2837,0,4
A3245,0,4
A3629,0,4
A4337,0,4
A4783,0,4
A4807,0,4
A5540,0,4
A6097,0,4
A563,0,4
A1219,0,4
A2053,0,4
A3598,0,4
A4328,0,4
A5482,0,4
A6029,0,4
A6794,0,4
A595,0,4
A2254,0,4
A4656,0,4
A5195,0,4
A5849,0,4
A1688,0,4
A2695,0,4
A2858,0,4
A4108,0,4
A4695,0,4
A5710,0,4
A6344,0,4
A6358,0,4
A1012,0,4
A1921,0,4
A2057,2,4
A2130,0,4
A2253,0,4
A3244,0,4
A4683,0,4
A5247,0,4
A7337,0,4
A1267,0,4
A1728,0,4
A5810,0,4
A6690,0,4
A205,0,4
A631,0,4
A2410,0,4
A3328,0,4
A6003,0,4
A7213,0,4
A449,1,4
A764,0,4
A1175,0,4
A1428,0,4
A4771,0,4
A5780,0,4
A6600,0,4
A6929,0,4
A1068,0,4
A1706,0,4
A2420,0,4
A4050,0,4
A4782,0,4
A5315,0,4
A5328,0,4
A5608,0,4
A5858,0,4
A588,0,4
A787,0,4
A1126,0,4
A2240,0,4
A2292,0,4
A2384,0,4
A2766,0,4
A3639,0,4
A3686,0,4
A4819,0,4
A5321,0,4
A5948,0,4
A6852,0,4
A590,0,4
A975,0,4
A573,0,4
A2833,1,4
A5342,0,4
A6028,0,4
A6750,0,4
A380,0,4
A451,0,4
A1687,0,4
A3384,0,4
A3526,0,4
A3685,0,4
A5222,0,4
A1562,0,4
A2832,0,4
A3089,1,4
A3385,0,4
A3417,0,4
A4320,0,4
A5121,0,4
A5211,0,4
A5223,0,4
A6848,0,4
A51,0,4
A530,0,4
A1047,0,4
A1125,0,4
A1367,0,4
A1819,0,4
A3024,0,4
A4848,0,4
A5837,0,4
A5906,0,4
A7145,0,4
A471,0,4
A1933,0,4
A5822,0,4
A6975,0,4
A7315,0,4
A64,0,4
A609,0,4
A1684,0,4
A2025,0,4
A3128,0,4
A3576,0,4
A3899,0,4
A4194,0,4
A5819,0,4
A6438,0,4
A390,0,4
A937,0,4
A2383,0,4
A4085,0,4
A4794,0,4
A1683,0,4
A1774,0,4
A3888,0,4
A5642,0,4
A6205,0,4
A6540,0,4
A7367,0,4
A450,0,4
A3243,0,4
A3772,0,4
A3868,0,4
A5194,0,4
A5494,0,4
A5714,0,4
A6939,0,4
A718,0,4
A1429,0,4
A2803,0,4
A3464,0,4
A3712,0,4
A4512,0,4
A4920,0,4
A6118,0,4
A1173,0,4
A2318,0,4
A3129,0,4
A3624,0,4
A4078,0,4
A5611,0,4
A5749,0,4
A6627,0,4
A6841,0,4
A7211,0,4
A1709,2,4
A2115,0,4
A2714,0,4
A2751,0,4
A3433,0,4
A4597,2,4
A4672,0,4
A6573,0,4
A7400,0,4
A55,0,4
A1281,0,4
A3925,0,4
A3999,0,4
A4480,0,4
A5577,0,4
A6060,0,4
A6855,0,4
A6932,0,4
A679,0,4
A744,0,4
A1690,0,4
A2392,0,4
A2680,0,4
A4363,0,4
A5268,0,4
A5870,0,4
A6802,0,4
A2249,0,4
A2447,0,4
A2699,1,4
A4164,0,4
A6517,0,4
A559,0,4
A769,0,4
A1262,0,4
A1511,0,4
A1867,0,4
A2738,0,4
A3088,1,4
A5856,0,4
A6178,0,4
A6601,0,4
A4853,0,4
A5169,0,4
A5221,0,4
A6011,0,4
A99,0,4
A3242,0,4
A3597,0,4
A4403,0,4
A772,0,4
A1680,0,4
A1742,0,4
A3121,0,4
A4868,0,4
A6844,0,4
A6912,0,4
A844,0,4
A3091,1,4
A3241,0,4
A5864,0,4
A7182,0,4
A7437,0,4
A1821,0,4
A6509,0,4
A7031,0,4
A7229,0,4
A420,0,4
A2839,0,4
A4849,0,4
A7013,0,4
A2161,0,4
A2317,0,4
A3863,0,4
A3935,0,4
A4111,0,4
A4167,0,4
A5208,0,4
A5691,0,4
A193,0,4
A254,0,4
A711,0,4
A3549,0,4
A5871,0,4
A6021,0,4
A6755,0,4
A1602,0,4
A2227,0,4
A2411,0,4
A3036,0,4
A4262,0,4
A5878,0,4
A7073,0,4
A605,0,4
A807,0,4
A1199,0,4
A1296,0,4
A3567,0,4
A3959,0,4
A5023,0,4
A146,2,4
A367,0,4
A571,0,4
A3087,0,4
A139,0,4
A1261,0,4
A4319,0,4
A6192,0,4
A6585,0,4
A1354,0,4
A1965,0,4
A2017,0,4
A2648,0,4
A3773,0,4
A4737,0,4
A5729,0,4
A6599,0,4
A604,0,4
A1191,0,4
A1512,0,4
A2248,0,4
A2674,0,4
A3548,0,4
A3683,0,4
A5432,0,4
A5798,0,4
A6988,0,4
A441,0,4
A5200,0,4
A2676,0,4
A4335,0,4
A5523,0,4
A10,0,4
A313,0,4
A732,0,4
A1114,0,4
A3936,0,4
A4293,0,4
A5409,1,4
A5424,0,4
A6226,0,4
A503,0,4
A684,0,4
A6057,0,4
A6393,0,4
A570,0,4
A641,0,4
A967,0,4
A1365,0,4
A2247,0,4
A2588,0,4
A2602,0,4
A3022,0,4
A3682,0,4
A4670,0,4
A5734,0,4
A168,0,4
A3764,0,4
A4185,0,4
A4682,0,4
A5408,1,4
A1518,0,4
A2409,0,4
A3240,0,4
A4371,0,4
A4488,0,4
A4666,1,4
A5442,0,4
A5747,0,4
A7136,0,4
A2345,0,4
A3681,0,4
A5637,0,4
A5648,0,4
A6666,0,4
A1507,0,4
A4412,0,4
A4805,0,4
A176,0,4
A2357,0,4
A2769,0,4
A2820,0,4
A3086,0,4
A546,0,4
A1677,0,4
A2722,0,4
A4182,0,4
A5827,0,4
A6201,0,4
A6733,0,4
A1537,0,4
A2937,0,4
A4070,0,4
A54,0,4
A1541,0,4
A2596,0,4
A5192,0,4
A6479,0,4
A6598,0,4
A6611,0,4
A8,0,4
A2011,2,4
A2977,0,4
A4507,0,4
A6063,0,4
A6117,0,4
A7129,0,4
A1046,0,4
A1576,0,4
A2599,0,4
A3406,0,4
A4124,0,4
A5713,0,4
A6279,0,4
A6597,0,4
A7064,0,4
A334,0,4
A936,0,4
A943,0,4
A1360,0,4
A1791,0,4
A2241,0,4
A2770,0,4
A3382,0,4
A4358,0,4
A5076,0,4
A5407,1,4
A5759,0,4
A320,0,4
A1171,0,4
A1203,0,4
A1366,0,4
A2996,0,4
A4240,0,4
A5262,0,4
A5910,0,4
A4123,0,4
A5402,0,4
A5532,0,4
A6513,0,4
A976,0,4
A2043,0,4
A2463,0,4
A3237,0,4
A5164,0,4
A5790,0,4
A1868,0,4
A2525,0,4
A2791,0,4
A2866,0,4
A4243,0,4
A6364,0,4
A7084,0,4
A1427,0,4
A2364,0,4
A3035,0,4
A3497,0,4
A4006,0,4
A4015,0,4
A5073,0,4
A5348,0,4
A5485,0,4
A6070,0,4
A419,0,4
A1115,0,4
A2262,0,4
A2285,0,4
A2635,0,4
A6319,0,4
A1458,0,4
A3613,0,4
A4479,0,4
A1717,0,4
A1892,0,4
A2672,0,4
A3711,0,4
A6276,0,4
A242,0,4
A3589,0,4
A3867,0,4
A6963,0,4
A7018,0,4
A7019,0,4
A2316,0,4
A2721,0,4
A3622,0,4
A4388,0,4
A4455,0,4
A4680,0,4
A5514,0,4
A6786,0,4
A4117,0,4
A4528,0,4
A2673,0,4
A6471,0,4
A1003,0,4
A1215,0,4
A4357,0,4
A4387,0,4
A4748,0,4
A2750,0,4
A3751,0,4
A5314,0,4
A5623,0,4
A429,0,4
A1011,0,4
A2400,0,4
A2427,0,4
A2518,0,4
A2831,1,4
A4990,0,4
A5220,0,4
A6680,0,4
A1279,0,4
A1669,0,4
A1775,1,4
A2028,0,4
A167,0,4
A785,0,4
A3944,0,4
A3983,0,4
A6225,0,4
A301,0,4
A615,0,4
A651,0,4
A733,0,4
A1887,0,4
A2545,0,4
A3680,0,4
A73,0,4
A3365,0,4
A4241,0,4
A4279,0,4
A4824,0,4
A2033,0,4
A2567,0,4
A3486,0,4
A3845,0,4
A4282,0,4
A4496,0,4
A6461,0,4
A6757,0,4
A322,0,4
A716,0,4
A4031,0,4
A4102,0,4
A5538,0,4
A343,0,4
A3726,0,4
A1120,0,4
A1802,0,4
A1804,0,4
A2073,0,4
A3836,0,4
A3877,0,4
A6484,0,4
A6834,0,4
A2019,0,4
A5452,0,4
A145,2,4
A327,0,4
A1185,0,4
A2398,0,4
A2810,1,4
A5828,0,4
A6268,0,4
A220,0,4
A676,0,4
A2186,0,4
A3085,0,4
A3126,0,4
A4216,0,4
A340,0,4
A1612,0,4
A1653,0,4
A4457,0,4
A5895,0,4
A6535,0,4
A7179,0,4
A7364,0,4
A251,0,4
A1676,0,4
A3557,0,4
A4178,0,4
A5701,0,4
A5802,0,4
A3084,0,4
A3513,0,4
A3679,0,4
A5435,0,4
A6822,0,4
A7063,0,4
A316,0,4
A2216,0,4
A3594,0,4
A4873,0,4
A6313,0,4
A6716,0,4
A394,0,4
A1380,0,4
A2830,1,4
A3569,0,4
A7178,0,4
A3612,0,4
A3747,0,4
A5310,0,4
A5406,1,4
A1656,0,4
A3989,0,4
A4523,0,4
A5457,0,4
A392,0,4
A941,0,4
A3920,0,4
A3987,0,4
A4413,0,4
A6013,0,4
A6249,0,4
A620,0,4
A2757,0,4
A5191,0,4
A5371,0,4
A5908,0,4
A7304,0,4
A1169,0,4
A2681,0,4
A642,0,4
A2159,0,4
A4431,0,4
A5796,0,4
A155,0,4
A2188,0,4
A3083,0,4
A3560,0,4
A4980,0,4
A6368,0,4
A6447,0,4
A6944,0,4
A215,0,4
A379,0,4
A3306,0,4
A3840,0,4
A4804,0,4
A2448,0,4
A3007,0,4
A6382,0,4
A7451,0,4
A281,0,4
A1575,0,4
A2863,0,4
A4053,0,4
A6281,0,4
A6534,0,4
A6710,0,4
A2987,0,4
A5219,0,4
A5567,0,4
A1363,0,4
A1776,0,4
A2157,0,4
A2173,0,4
A2213,0,4
A2554,0,4
A2868,0,4
A4540,0,4
A5326,0,4
A5376,0,4
A6356,0,4
A7131,0,4
A7177,0,4
A1069,0,4
A1166,0,4
A1617,0,4
A2608,0,4
A4191,0,4
A4688,0,4
A5355,0,4
A6184,0,4
A1509,0,4
A1666,0,4
A2332,0,4
A4351,0,4
A4445,0,4
A5574,0,4
A6401,0,4
A6845,0,4
A378,0,4
A1734,0,4
A3408,0,4
A5762,0,4
A5823,0,4
A6665,0,4
A6902,0,4
A1353,0,4
A2315,0,4
A4378,0,4
A4855,0,4
A499,0,4
A961,0,4
A1538,0,4
A1932,0,4
A2074,0,4
A3298,0,4
A4336,0,4
A4456,0,4
A4662,0,4
A5354,0,4
A5615,0,4
A5968,0,4
A6094,0,4
A6198,0,4
A6664,0,4
A7133,0,4
A1552,0,4
A2471,0,4
A4704,0,4
A5135,0,4
A5500,0,4
A2496,0,4
A2883,0,4
A5779,0,4
A1371,0,4
A1508,0,4
A1673,0,4
A2377,0,4
A3296,0,4
A3441,0,4
A4713,0,4
A3678,0,4
A3705,0,4
A3955,0,4
A4322,0,4
A5661,0,4
A1466,0,4
A2867,0,4
A3646,0,4
A6561,0,4
A1773,0,4
A2042,0,4
A2082,0,4
A3542,0,4
A5715,0,4
A6327,0,4
A7100,0,4
A447,0,4
A602,0,4
A3436,0,4
A3621,0,4
A3278,0,4
A3642,0,4
A5507,0,4
A5696,0,4
A6881,0,4
A284,0,4
A652,0,4
A929,0,4
A1009,0,4
A1183,0,4
A6285,0,4
A7160,0,4
A7336,0,4
A7383,0,4
A1671,0,4
A2156,0,4
A3463,0,4
A5712,0,4
A6605,0,4
A2818,0,4
A3789,0,4
A7230,0,4
A2473,0,4
A3054,0,4
A3378,0,4
A4375,0,4
A814,0,4
A1000,0,4
A1390,0,4
A1670,0,4
A2573,0,4
A3082,1,4
A4928,0,4
A5572,0,4
A6466,0,4
A3583,0,4
A3677,0,4
A3730,0,4
A4538,0,4
A6304,0,4
A189,0,4
A2682,0,4
A2935,0,4
A4061,0,4
A4712,0,4
A5289,0,4
A7307,0,4
A473,0,4
A1295,2,4
A1425,0,4
A4953,0,4
A6064,0,4
A6357,0,4
A674,0,4
A1140,0,4
A1489,0,4
A3052,0,4
A3208,0,4
A3255,0,4
A4321,0,4
A5404,0,4
A6477,0,4
A7206,0,4
A904,0,4
A1041,0,4
A6240,0,4
A3238,0,4
A3517,0,4
A446,0,4
A921,0,4
A1362,0,4
A1747,0,4
A2041,0,4
A3543,0,4
A3781,0,4
A4606,2,4
A4859,0,4
A6846,0,4
A341,0,4
A498,0,4
A1045,0,4
A1618,0,4
A1895,0,4
A4231,0,4
A5492,0,4
A5668,0,4
A6691,0,4
A6997,0,4
A12,0,4
A4862,0,4
A6837,0,4
A7564,0,4
A1667,0,4
A3081,1,4
A2823,0,4
A4924,0,4
A6086,0,4
A862,2,4
A1679,0,4
A1920,0,4
A2261,0,4
A3432,0,4
A2160,0,4
A2874,0,4
A4060,0,4
A5119,0,4
A1294,0,4
A3561,0,4
A5190,0,4
A6459,0,4
A5282,0,4
A5537,0,4
A2949,0,4
A5607,0,4
A6291,0,4
A71,0,4
A86,0,4
A191,0,4
A1758,0,4
A1772,0,4
A6545,0,4
A6676,0,4
A611,0,4
A812,0,4
A2632,0,4
A3322,0,4
A409,0,4
A1665,0,4
A2754,0,4
A2855,0,4
A3512,0,4
A5097,0,4
A6055,0,4
A6288,0,4
A6938,0,4
A838,0,4
A3462,0,4
A4052,0,4
A4410,0,4
A4428,0,4
A4856,0,4
A5930,0,4
A6239,0,4
A7008,0,4
A175,0,4
A715,0,4
A1182,0,4
A1202,0,4
A2191,0,4
A6952,0,4
A966,0,4
A1170,0,4
A4419,0,4
A5118,0,4
A5982,0,4
A1732,0,4
A3236,0,4
A4228,0,4
A4466,0,4
A5920,0,4
A6596,0,4
A971,0,4
A2864,0,4
A3281,0,4
A7264,0,4
A7366,0,4
A7423,0,4
A1329,0,4
A2367,0,4
A3971,0,4
A4494,0,4
A4605,2,4
A6663,0,4
A6949,0,4
A3061,0,4
A4271,0,4
A4300,0,4
A4902,0,4
A6277,0,4
A6480,0,4
A6550,0,4
A7536,0,4
A629,0,4
A1505,0,4
A2136,0,4
A5448,0,4
A7228,0,4
A183,0,4
A823,0,4
A1888,0,4
A3428,0,4
A3596,0,4
A6054,0,4
A6284,0,4
A7095,0,4
A1201,0,4
A3929,0,4
A4239,0,4
A4669,0,4
A6083,0,4
A6925,0,4
A668,0,4
A1067,0,4
A1297,0,4
A1659,0,4
A2797,0,4
A3940,0,4
A4537,0,4
A7127,0,4
A81,0,4
A540,1,4
A1364,0,4
A2889,0,4
A3770,0,4
A3787,0,4
A5427,0,4
A6503,0,4
A6824,0,4
A6825,0,4
A2458,0,4
A2938,0,4
A2956,0,4
A4331,0,4
A5104,0,4
A5576,0,4
A6531,0,4
A6594,0,4
A358,0,4
A3064,0,4
A4,0,4
A2472,0,4
A3060,0,4
A3617,0,4
A3866,0,4
A5403,0,4
A6025,0,4
A6828,0,4
A53,0,4
A704,0,4
A2808,0,4
A4833,0,4
A5711,0,4
A7441,0,4
A587,0,4
A1695,0,4
A2437,0,4
A3034,0,4
A3348,0,4
A3676,0,4
A586,0,4
A1423,0,4
A3029,0,4
A3235,0,4
A3380,0,4
A5651,0,4
A6115,0,4
A6798,0,4
A6861,0,4
A162,0,4
A363,0,4
A497,0,4
A1598,0,4
A3883,0,4
A6972,0,4
A7611,0,4
A7612,0,4
A377,0,4
A903,0,4
A1287,0,4
A4641,0,4
A5698,0,4
A7335,0,4
A80,0,4
A144,0,4
A1291,0,4
A3748,0,4
A6017,0,4
A35,0,4
A445,0,4
A1947,0,4
A3407,0,4
A3547,0,4
A6336,0,4
A849,0,4
A3021,0,4
A3595,0,4
A4115,0,4
A4411,2,4
A4681,0,4
A5547,0,4
A5917,0,4
A6595,0,4
A6811,0,4
A159,0,4
A3820,0,4
A5645,0,4
A5786,0,4
A352,0,4
A438,0,4
A483,0,4
A1997,2,4
A2887,0,4
A5426,0,4
A6062,0,4
A6389,0,4
A14,0,4
A1198,0,4
A1212,0,4
A5512,0,4
A5552,0,4
A5922,0,4
A6016,0,4
A6251,0,4
A6387,0,4
A2050,0,4
A2577,0,4
A3545,0,4
A7062,0,4
A7105,0,4
A15,0,4
A597,0,4
A687,0,4
A2880,0,4
A5365,0,4
A5439,0,4
A5606,0,4
A5667,0,4
A7049,0,4
A649,0,4
A865,0,4
A986,0,4
A1122,0,4
A3859,0,4
A4116,0,4
A4691,0,4
A7002,0,4
A7135,0,4
A41,0,4
A1705,0,4
A2506,0,4
A2516,0,4
A3172,0,4
A3234,0,4
A3675,0,4
A3893,0,4
A4136,0,4
A5212,0,4
A6515,0,4
A7012,0,4
A2215,0,4
A2537,0,4
A3853,0,4
A6415,0,4
A6437,0,4
A6581,0,4
A20,0,4
A713,0,4
A1521,0,4
A3478,0,4
A6091,0,4
A6446,0,4
A6758,0,4
A143,2,4
A504,0,4
A1149,0,4
A2613,0,4
A4122,0,4
A5580,0,4
A6391,0,4
A1207,0,4
A1220,0,4
A1453,0,4
A4260,0,4
A4531,0,4
A4765,0,4
A5390,0,4
A5401,0,4
A5794,0,4
A7311,0,4
A1271,0,4
A1486,0,4
A1664,0,4
A2805,0,4
A5673,0,4
A1336,0,4
A2207,0,4
A2943,0,4
A2951,0,4
A3233,0,4
A4478,0,4
A4745,0,4
A6238,0,4
A6405,0,4
A6412,0,4
A7411,0,4
A7578,0,4
A38,0,4
A2521,0,4
A4234,0,4
A6069,0,4
A6075,0,4
A7030,0,4
A7114,0,4
A335,0,4
A1477,0,4
A2091,0,4
A2533,0,4
A2702,0,4
A6122,0,4
A6516,0,4
A6924,0,4
A761,0,4
A2512,0,4
A6038,0,4
A6103,0,4
A6843,0,4
A6858,0,4
A6942,0,4
A874,0,4
A2792,0,4
A5561,0,4
A7048,0,4
A2483,0,4
A2647,0,4
A4731,0,4
A5465,0,4
A6529,0,4
A944,0,4
A1184,0,4
A1417,0,4
A4184,0,4
A4277,0,4
A4343,0,4
A1074,0,4
A3232,0,4
A6012,0,4
A6478,0,4
A7224,0,4
A2811,0,4
A4342,0,4
A5400,1,4
A6579,0,4
A2865,0,4
A3080,1,4
A3771,0,4
A4465,0,4
A4516,0,4
A5904,0,4
A5980,0,4
A6203,0,4
A7089,0,4
A28,0,4
A1625,0,4
A2334,0,4
A3011,0,4
A7159,0,4
A485,0,4
A851,0,4
A2888,0,4
A5687,0,4
A6793,0,4
A444,0,4
A842,0,4
A1048,0,4
A1652,0,4
A4202,0,4
A5573,0,4
A5913,0,4
A6243,0,4
A643,0,4
A1663,0,4
A3949,0,4
A947,0,4
A1078,0,4
A3674,0,4
A5189,0,4
A7187,0,4
A1889,0,4
A2179,0,4
A3725,0,4
A5127,0,4
A5425,0,4
A6218,0,4
A3673,0,4
A6797,0,4
A407,0,4
A1974,0,4
A2373,0,4
A5897,0,4
A6714,0,4
A2813,0,4
A4630,0,4
A5951,0,4
A6006,0,4
A3079,1,4
A3892,0,4
A5559,0,4
A6120,0,4
A6640,0,4
A160,0,4
A1127,0,4
A3020,0,4
A4668,0,4
A4799,0,4
A6888,0,4
A443,0,4
A567,0,4
A789,0,4
A1769,0,4
A2749,0,4
A3667,0,4
A3804,0,4
A4046,0,4
A5938,0,4
A1121,0,4
A2113,0,4
A3019,0,4
A3640,0,4
A3672,0,4
A3957,0,4
A6333,0,4
A6771,0,4
A218,0,4
A5575,0,4
A6189,0,4
A6538,0,4
A79,0,4
A369,0,4
A1441,0,4
A3842,0,4
A1043,0,4
A1151,0,4
A2242,0,4
A5941,0,4
A6593,0,4
A1422,0,4
A4107,0,4
A6185,0,4
A2291,0,4
A5536,0,4
A5833,0,4
A7245,0,4
A1147,0,4
A2940,0,4
A6283,0,4
A6286,0,4
A6410,0,4
A7001,0,4
A999,0,4
A2488,0,4
A3364,0,4
A1208,0,4
A1914,0,4
A1990,2,4
A2354,0,4
A6135,0,4
A6231,0,4
A6232,0,4
A7006,0,4
A1846,0,4
A2778,0,4
A2894,0,4
A3213,0,4
A3339,0,4
A3430,0,4
A4997,0,4
A5872,0,4
A6629,0,4
A2966,0,4
A3381,0,4
A5187,0,4
A5891,0,4
A7446,0,4
A2487,0,4
A3379,0,4
A4525,0,4
A5373,0,4
A6506,0,4
A1913,0,4
A4263,0,4
A5481,0,4
A5950,0,4
A6248,0,4
A7225,0,4
A321,0,4
A600,0,4
A1158,0,4
A2478,0,4
A3230,0,4
A5783,0,4
A6514,0,4
A6857,0,4
A153,0,4
A5199,0,4
A5217,0,4
A1079,0,4
A1996,2,4
A3286,0,4
A5252,0,4
A141,2,4
A1780,0,4
A2586,0,4
A3734,0,4
A4143,0,4
A7039,0,4
A7150,0,4
A4509,0,4
A495,0,4
A934,0,4
A1135,0,4
A338,0,4
A1042,0,4
A2419,0,4
A3671,0,4
A4427,0,4
A4454,0,4
A2821,0,4
A3746,0,4
A4366,0,4
A5491,0,4
A6381,0,4
A7406,0,4
A2413,0,4
A2897,0,4
A6775,0,4
A3051,0,4
A3223,0,4
A318,0,4
A1139,0,4
A2185,0,4
A2403,0,4
A5737,0,4
A6454,0,4
A6971,0,4
A1942,0,4
A1345,0,4
A1862,0,4
A2531,0,4
A2552,0,4
A2896,0,4
A5513,0,4
A6497,0,4
A928,0,4
A1263,0,4
A2534,0,4
A3981,0,4
A3995,0,4
A6830,0,4
A7404,0,4
A140,2,4
A580,0,4
A879,0,4
A3910,0,4
A5114,0,4
A6453,0,4
A6839,0,4
A7082,0,4
A185,0,4
A910,0,4
A1289,0,4
A2154,0,4
A3985,0,4
A5270,0,4
A6679,0,4
A6789,0,4
A1490,0,4
A2480,0,4
A5739,0,4
A6183,0,4
A6567,0,4
A6661,0,4
A78,0,4
A1217,0,4
A1964,0,4
A3229,0,4
A3422,0,4
A4453,0,4
A5653,0,4
A6560,0,4
A36,0,4
A829,0,4
A6522,0,4
A897,0,4
A3411,0,4
A4193,0,4
A4486,0,4
A5911,0,4
A6470,0,4
A32,0,4
A695,0,4
A4451,0,4
A187,0,4
A1419,0,4
A3275,0,4
A3520,0,4
A6650,0,4
A7065,0,4
A7324,0,4
A399,0,4
A494,0,4
A3078,1,4
A5399,0,4
A6194,0,4
A6729,0,4
A3769,0,4
A4295,0,4
A5162,0,4
A5347,0,4
A6033,0,4
A6043,0,4
A6106,0,4
A6142,0,4
A7606,0,4
A7615,0,4
A231,0,4
A2194,0,4
A2435,0,4
A161,0,4
A899,0,4
A4181,0,4
A4195,0,4
A276,0,4
A1286,0,4
A1711,0,4
A1786,0,4
A6740,0,4
A138,2,4
A853,0,4
A1091,0,4
A5216,0,4
A5445,0,4
A5555,0,4
A1657,0,4
A1951,2,4
A2238,0,4
A3544,0,4
A4004,0,4
A5398,0,4
A5929,0,4
A7011,0,4
A2974,0,4
A5641,0,4
A5981,0,4
A6330,0,4
A2108,0,4
A5748,0,4
A5854,0,4
A7570,0,4
A83,0,4
A1214,0,4
A4291,0,4
A5149,0,4
A2153,0,4
A3616,0,4
A4536,0,4
A528,0,4
A565,0,4
A2366,0,4
A2976,0,4
A3518,0,4
A3688,0,4
A4177,0,4
A5287,0,4
A5397,0,4
A5493,0,4
A5556,0,4
A206,0,4
A2312,0,4
A7403,0,4
A3887,0,4
A4032,0,4
A5286,0,4
A5894,0,4
A170,0,4
A1516,0,4
A2627,1,4
A3013,0,4
A3347,0,4
A3496,0,4
A3670,0,4
A4135,0,4
A4318,0,4
A696,0,4
A1368,0,4
A3048,0,4
A3669,0,4
A4589,0,4
A5188,0,4
A864,0,4
A1129,0,4
A1409,0,4
A4501,0,4
A5571,0,4
A5808,0,4
A1573,0,4
A1983,0,4
A2482,0,4
A3049,0,4
A3668,0,4
A3722,0,4
A317,0,4
A1767,0,4
A2117,0,4
A2152,0,4
A2509,0,4
A3461,0,4
A3905,0,4
A4687,0,4
A5861,0,4
A5912,0,4
A6223,0,4
A6275,0,4
A7010,0,4
A7,0,4
A77,0,4
A91,0,4
A5974,0,4
A326,0,4
A2125,0,4
A4247,0,4
A4728,0,4
A5793,0,4
A5825,0,4
A7385,0,4
A738,0,4
A2342,0,4
A2854,0,4
A5979,0,4
A6613,0,4
A6743,0,4
A6936,0,4
A703,0,4
A1248,0,4
A1995,2,4
A2107,0,4
A3123,0,4
A4059,0,4
A6530,0,4
A702,0,4
A1766,0,4
A2151,0,4
A3312,0,4
A4210,0,4
A5781,0,4
A1599,0,4
A1761,0,4
A4246,0,4
A6422,0,4
A2244,0,4
A2370,0,4
A2828,0,4
A3018,0,4
A5186,0,4
A5447,0,4
A6671,0,4
A7016,0,4
A1163,0,4
A2387,0,4
A3928,0,4
A4230,0,4
A5836,0,4
A6035,0,4
A6397,0,4
A6556,0,4
A6586,0,4
A6983,0,4
A493,0,4
A780,0,4
A1285,0,4
A3504,0,4
A4603,2,4
A5474,0,4
A5649,0,4
A5782,0,4
A6646,0,4
A7379,0,4
A11,0,4
A3219,0,4
A3319,0,4
A6703,0,4
A6899,0,4
A137,2,4
A376,0,4
A714,0,4
A1985,0,4
A2365,0,4
A3509,0,4
A3786,0,4
A3933,0,4
A4023,0,4
A4137,0,4
A4444,0,4
A562,0,4
A1604,0,4
A4264,0,4
A6042,0,4
A6191,0,4
A7297,0,4
A136,2,4
A552,0,4
A2623,0,4
A3137,0,4
A4601,2,4
A6411,0,4
A3077,0,4
A3843,0,4
A3865,0,4
A4867,0,4
A5185,0,4
A5527,0,4
A5733,0,4
A6686,0,4
A6850,0,4
A6854,0,4
A7029,0,4
A98,0,4
A1229,0,4
A3495,0,4
A3647,0,4
A4376,0,4
A5285,0,4
A6807,0,4
A1649,0,4
A1686,0,4
A2382,0,4
A3196,0,4
A6266,0,4
A6937,0,4
A1007,0,4
A2838,0,4
A3289,0,4
A3994,0,4
A5067,0,4
A5720,0,4
A166,0,4
A598,0,4
A3212,0,4
A4854,0,4
A5838,0,4
A7323,0,4
A442,0,4
A1369,0,4
A4317,0,4
A4840,0,4
A5597,0,4
A6862,0,4
A2149,0,4
A2612,0,4
A5506,0,4
A5583,0,4
A5688,0,4
A5987,0,4
A656,0,4
A1654,0,4
A2119,0,4
A2948,0,4
A3758,0,4
A5146,0,4
A5157,0,4
A6121,0,4
A152,0,4
A3832,0,4
A4283,0,4
A5437,0,4
A5809,0,4
A5893,0,4
A5978,0,4
A1410,0,4
A3907,0,4
A5184,0,4
A7341,0,4
A7453,0,4
A860,0,4
A3961,0,4
A6278,0,4
A6481,0,4
A804,0,4
A889,0,4
A4058,0,4
A4130,0,4
A5284,0,4
A6473,0,4
A7000,0,4
A7339,0,4
A74,0,4
A375,0,4
A1462,0,4
A1500,0,4
A2311,0,4
A5868,0,4
A6660,0,4
A6759,0,4
A324,0,4
A962,0,4
A1865,0,4
A2148,0,4
A4212,0,4
A5182,0,4
A7546,0,4
A7598,0,4
A759,0,4
A1022,0,4
A1979,0,4
A3076,0,4
A3942,0,4
A4014,0,4
A6332,0,4
A6583,0,4
A1167,0,4
A1252,0,4
A1487,0,4
A2999,0,4
A3075,0,4
A3146,0,4
A3794,0,4
A4306,0,4
A4727,0,4
A6024,0,4
A6800,0,4
A7334,0,4
A2321,0,4
A2481,0,4
A4227,0,4
A4511,0,4
A5732,0,4
A6002,0,4
A2023,0,4
A2102,0,4
A5535,0,4
A5680,0,4
A6894,0,4
A7533,0,4
A1313,0,4
A2737,0,4
A3227,0,4
A3817,0,4
A4803,0,4
A6127,0,4
A7163,0,4
A492,0,4
A2361,0,4
A3226,0,4
A3318,0,4
A7028,0,4
A610,0,4
A5863,0,4
A6207,0,4
A6711,0,4
A639,0,4
A4205,0,4
A5009,0,4
A6030,0,4
A217,0,4
A491,0,4
A742,0,4
A1335,0,4
A2631,0,4
A4561,0,4
A4832,0,4
A5213,0,4
A5603,0,4
A6533,0,4
A135,2,4
A216,0,4
A280,0,4
A319,2,4
A1655,0,4
A1715,0,4
A1946,0,4
A2501,0,4
A5364,0,4
A5699,0,4
A6931,0,4
A7227,0,4
A1782,0,4
A1945,0,4
A2310,0,4
A4770,0,4
A1973,0,4
A6363,0,4
A618,0,4
A1849,0,4
A4418,0,4
A5604,0,4
A667,0,4
A1316,0,4
A1651,0,4
A3909,0,4
A5183,0,4
A5534,0,4
A6607,0,4
A6812,0,4
A6927,0,4
A538,0,4
A1284,0,4
A2032,0,4
A2233,0,4
A5855,0,4
A6918,0,4
A1765,0,4
A4471,0,4
A4757,0,4
A5498,0,4
A5933,0,4
A6031,0,4
A6427,0,4
A6672,0,4
A6762,0,4
A561,0,4
A4686,0,4
A5704,0,4
A5853,0,4
A6350,0,4
A7276,0,4
A323,0,4
A4475,0,4
A7112,0,4
A984,0,4
A1645,0,4
A3165,0,4
A6326,0,4
A6659,0,4
A1733,0,4
A3796,0,4
A4421,0,4
A5817,0,4
A5848,0,4
A7052,0,4
A1881,0,4
A431,0,4
A763,0,4
A1532,0,4
A2346,0,4
A2687,0,4
A7254,0,4
A7422,0,4
A1885,0,4
A2457,0,4
A2736,0,4
A2989,0,4
A3017,0,4
A5639,0,4
A6051,0,4
A1970,0,4
A4082,0,4
A5423,0,4
A6041,0,4
A440,0,4
A5148,0,4
A5257,0,4
A5477,0,4
A5989,0,4
A283,0,4
A1116,0,4
A1256,0,4
A4087,0,4
A6544,0,4
A439,0,4
A2470,0,4
A2629,0,4
A5464,0,4
A7407,0,4
A3225,0,4
A4817,0,4
A6015,0,4
A7445,0,4
A3519,0,4
A3618,0,4
A4625,0,4
A4851,0,4
A4999,0,4
A5619,0,4
A5754,0,4
A6119,0,4
A1283,0,4
A4273,0,4
A6255,0,4
A6732,0,4
A421,0,4
A1031,0,4
A2958,0,4
A4000,0,4
A7020,0,4
A537,0,4
A824,0,4
A861,0,4
A2679,0,4
A3757,0,4
A4019,0,4
A5041,0,4
A5092,0,4
A5269,0,4
A7175,0,4
A1824,0,4
A4679,0,4
A2236,0,4
A6169,0,4
A106,2,4
A4333,0,4
A5602,0,4
A6354,0,4
A791,0,4
A942,0,4
A2192,0,4
A2945,0,4
A3666,0,4
A4510,0,4
A5665,0,4
A7155,0,4
A895,0,4
A6592,0,4
A7015,0,4
A7402,0,4
A7521,0,4
A329,0,4
A423,0,4
A1994,2,4
A3992,0,4
A5605,0,4
A5638,0,4
A6322,0,4
A6873,0,4
A6986,0,4
A7301,0,4
A800,0,4
A1909,0,4
A1972,0,4
A2630,0,4
A3125,0,4
A4007,0,4
A6212,0,4
A7171,0,4
A721,0,4
A1165,0,4
A1729,0,4
A4598,2,4
A7042,0,4
A7047,0,4
A7088,0,4
A7454,0,4
A7550,0,4
A748,0,4
A784,0,4
A1416,0,4
A1993,2,4
A6293,0,4
A3636,0,4
A5396,0,4
A5621,0,4
A5633,0,4
A6751,0,4
A134,2,4
A489,0,4
A920,0,4
A4034,0,4
A4103,0,4
A5907,0,4
A6895,0,4
A7629,0,4
A940,0,4
A3221,0,4
A3368,0,4
A3777,0,4
A3982,0,4
A5215,0,4
A6131,0,4
A7418,0,4
A1596,0,4
A2735,0,4
A2812,0,4
A3074,1,4
A3460,0,4
A3523,0,4
A4284,0,4
A5446,0,4
A7322,0,4
A7497,0,4
A884,0,4
A3813,0,4
A5140,0,4
A5480,0,4
A948,0,4
A1882,0,4
A2653,0,4
A2824,0,4
A5756,0,4
A5757,0,4
A854,0,4
A1063,0,4
A4040,0,4
A6073,0,4
A708,0,4
A1280,0,4
A2566,0,4
A2900,2,4
A4341,0,4
A7555,0,4
A1254,0,4
A1647,0,4
A1992,2,4
A2944,0,4
A3729,0,4
A3852,0,4
A4429,0,4
A4709,0,4
A5244,0,4
A6658,0,4
A3073,1,4
A3528,0,4
A5056,0,4
A6383,0,4
A6785,0,4
A762,0,4
A3008,0,4
A6776,0,4
A908,0,4
A2010,0,4
A6026,0,4
A33,0,4
A52,0,4
A1006,0,4
A437,0,4
A2239,0,4
A2294,0,4
A2724,0,4
A3533,0,4
A3977,0,4
A4158,0,4
A5395,0,4
A5694,0,4
A6724,0,4
A2532,0,4
A560,0,4
A730,0,4
A2547,0,4
A3336,0,4
A5084,0,4
A7619,0,4
A436,0,4
A979,0,4
A1039,0,4
A2519,0,4
A4377,0,4
A4707,0,4
A5814,0,4
A1574,0,4
A6280,0,4
A6400,0,4
A6476,0,4
A393,0,4
A617,0,4
A1648,0,4
A2508,0,4
A3033,0,4
A3363,0,4
A3503,0,4
A7198,0,4
A7569,0,4
A2603,0,4
A3305,0,4
A6450,0,4
A6684,0,4
A661,0,4
A1777,0,4
A3956,0,4
A4591,0,4
A7316,0,4
A7561,0,4
A133,2,4
A3502,0,4
A4700,0,4
A5682,0,4
A6823,0,4
A7360,0,4
A1907,0,4
A3277,0,4
A3851,0,4
A4694,0,4
A5760,0,4
A6903,0,4
A361,0,4
A1912,0,4
A2646,0,4
A3293,0,4
A3413,0,4
A3541,0,4
A3558,0,4
A4326,0,4
A6157,0,4
A6967,0,4
A7263,0,4
A7507,0,4
A7552,0,4
A132,2,4
A1328,0,4
A2616,0,4
A3072,1,4
A3215,0,4
A3218,0,4
A6408,0,4
A6682,0,4
A6964,0,4
A1927,0,4
A2330,0,4
A3537,0,4
A3696,0,4
A5283,0,4
A5459,0,4
A6657,0,4
A6754,0,4
A7143,0,4
A195,0,4
A337,0,4
A1259,0,4
A3214,0,4
A5689,0,4
A5752,0,4
A6784,0,4
A7455,0,4
A1342,0,4
A3009,0,4
A5038,0,4
A6734,0,4
A6891,0,4
A832,0,4
A1019,0,4
A2658,0,4
A2981,0,4
A3071,0,4
A3124,0,4
A3998,0,4
A4560,0,4
A4637,0,4
A2284,0,4
A2327,0,4
A3181,0,4
A5353,0,4
A6426,0,4
A90,0,4
A3375,0,4
A6090,0,4
A6591,0,4
A6863,0,4
A2548,0,4
A4780,0,4
A4866,0,4
A6512,0,4
A7158,0,4
A26,0,4
A1001,0,4
A1553,0,4
A2847,0,4
A5723,0,4
A5923,0,4
A6458,0,4
A6524,0,4
A2641,0,4
A2934,0,4
A3539,0,4
A4559,0,4
A6349,0,4
A7023,0,4
A2015,0,4
A6110,0,4
A809,0,4
A1787,0,4
A2335,0,4
A3216,0,4
A3744,0,4
A6151,0,4
A6851,0,4
A6883,0,4
A7545,0,4
A7577,0,4
A677,0,4
A2147,0,4
A5113,0,4
A5683,0,4
A5791,0,4
A5945,0,4
A7298,0,4
A241,0,4
A300,0,4
A1134,0,4
A1319,0,4
A2705,0,4
A2939,0,4
A3299,0,4
A3710,0,4
A4487,0,4
A6708,0,4
A3634,2,4
A557,0,4
A1449,0,4
A2231,0,4
A2720,0,4
A3070,1,4
A5181,0,4
A6034,0,4
A6838,0,4
A7040,0,4
A76,0,4
A164,0,4
A1650,0,4
A2942,0,4
A3864,0,4
A4482,0,4
A7299,0,4
A7300,0,4
A2235,0,4
A3016,0,4
A6810,0,4
A757,0,4
A1916,0,4
A2580,0,4
A6186,0,4
A6528,0,4
A434,0,4
A612,0,4
A1475,0,4
A2861,0,4
A5706,0,4
A6174,0,4
A6311,0,4
A6876,0,4
A282,0,4
A633,0,4
A3069,0,4
A3538,0,4
A3732,0,4
A5839,0,4
A6475,0,4
A6687,0,4
A7616,0,4
A389,0,4
A1991,0,4
A6234,0,4
A6365,0,4
A6612,0,4
A7432,0,4
A783,0,4
A855,0,4
A1162,0,4
A2941,0,4
A3205,0,4
A4495,0,4
A5080,0,4
A5116,0,4
A5697,0,4
A6227,0,4
A6523,0,4
A7176,0,4
A7522,0,4
A239,0,4
A424,0,4
A792,0,4
A1735,0,4
A4847,0,4
A5601,0,4
A6155,0,4
A1062,0,4
A1457,0,4
A3527,0,4
A3546,0,4
A3761,0,4
A4518,0,4
A4858,0,4
A6056,0,4
A6877,0,4
A1255,0,4
A1931,0,4
A7313,0,4
A7548,0,4
A2882,0,4
A5654,0,4
A6093,0,4
A6543,0,4
A6590,0,4
A6788,0,4
A7262,0,4
A7331,0,4
A7368,0,4
A7378,0,4
A374,0,4
A432,0,4
A2544,0,4
A3477,0,4
A3536,0,4
A4250,0,4
A5600,0,4
A5717,0,4
A6417,0,4
A7566,0,4
A210,0,4
A558,0,4
A4437,0,4
A3535,0,4
A6826,0,4
A6882,0,4
A2072,0,4
A3149,0,4
A3180,0,4
A3304,0,4
A3829,0,4
A5132,0,4
A5134,0,4
A6739,0,4
A6996,0,4
A7261,0,4
A7440,0,4
A116,0,4
A803,0,4
A893,0,4
A1564,0,4
A2096,0,4
A2827,0,4
A3173,0,4
A3373,0,4
A5327,0,4
A5394,0,4
A6992,0,4
A7102,0,4
A184,0,4
A385,0,4
A2698,0,4
A3032,0,4
A3045,0,4
A5131,0,4
A5266,0,4
A6202,0,4
A6943,0,4
A1414,0,4
A1415,0,4
A3362,0,4
A4432,0,4
A5105,0,4
A5129,0,4
A5130,0,4
A6511,0,4
A275,0,4
A3211,0,4
A3563,0,4
A5128,0,4
A5243,0,4
A892,0,4
A1113,0,4
A2099,0,4
A3458,0,4
A3531,0,4
A3816,0,4
A4438,0,4
A5126,0,4
A6206,0,4
A6610,0,4
A7321,0,4
A1644,0,4
A1940,0,4
A2027,0,4
A2145,0,4
A2790,0,4
A5123,0,4
A5531,0,4
A5877,0,4
A3251,0,4
A4558,0,4
A225,0,4
A2484,0,4
A4056,0,4
A4420,0,4
A4557,0,4
A5120,0,4
A5393,0,4
A6081,0,4
A6652,0,4
A7201,0,4
A7363,0,4
A7424,0,4
A1038,0,4
A1040,0,4
A1623,0,4
A3665,0,4
A4261,0,4
A5117,0,4
A5740,0,4
A5924,0,4
A130,2,4
A1197,0,4
A3303,0,4
A5179,0,4
A6309,0,4
A6325,0,4
A6704,0,4
A7050,0,4
A7456,0,4
A927,0,4
A2022,0,4
A2397,0,4
A3906,0,4
A4315,0,4
A5533,0,4
A5751,0,4
A6889,0,4
A7444,0,4
A1357,0,4
A2753,0,4
A2985,0,4
A4025,0,4
A6486,0,4
A7340,0,4
A666,0,4
A2396,0,4
A6633,0,4
A13,0,4
A1249,0,4
A3501,0,4
A7362,0,4
A2671,0,4
A7582,0,4
A5110,0,4
A7503,0,4
A665,0,4
A1861,0,4
A3210,0,4
A3500,0,4
A5109,0,4
A978,0,4
A2589,0,4
A3402,0,4
A6697,0,4
A7033,0,4
A7443,0,4
A418,0,4
A536,0,4
A607,0,4
A1823,0,4
A2181,0,4
A3209,0,4
A7293,0,4
A7535,0,4
A1547,0,4
A2747,0,4
A3484,0,4
A3505,0,4
A3532,0,4
A4314,0,4
A5370,0,4
A6849,0,4
A6979,0,4
A7097,0,4
A7132,0,4
A7401,0,4
A539,0,4
A1144,0,4
A1863,0,4
A2615,0,4
A4055,0,4
A5436,0,4
A7108,0,4
A7361,0,4
A1472,0,4
A1643,0,4
A4386,0,4
A6152,0,4
A7081,0,4
A1159,0,4
A3491,0,4
A5763,0,4
A2576,0,4
A4044,0,4
A4054,0,4
A5695,0,4
A6072,0,4
A2234,0,4
A2846,0,4
A3664,0,4
A3855,0,4
A4933,0,4
A6193,0,4
A373,0,4
A1412,0,4
A2092,0,4
A2146,0,4
A5106,0,4
A5625,0,4
A1570,0,4
A2522,0,4
A2781,0,4
A3207,0,4
A3511,0,4
A6799,0,4
A213,0,4
A2485,0,4
A3592,0,4
A4267,0,4
A5622,0,4
A859,0,4
A2591,0,4
A4278,0,4
A4477,0,4
A4932,0,4
A7357,0,4
A2371,0,4
A5075,0,4
A6195,0,4
A6317,0,4
A6407,0,4
A6510,0,4
A7486,0,4
A6014,0,4
A6296,0,4
A6457,0,4
A2669,0,4
A2678,0,4
A3014,0,4
A4238,0,4
A4971,0,4
A2645,0,4
A3790,0,4
A6981,0,4
A1327,0,4
A2150,0,4
A2479,0,4
A6651,0,4
A1192,0,4
A3510,0,4
A3978,0,4
A4651,0,4
A4732,0,4
A5103,0,4
A5517,0,4
A5693,0,4
A5743,0,4
A5890,0,4
A6241,0,4
A7273,0,4
A1407,0,4
A3663,0,4
A4450,0,4
A555,0,4
A2930,0,4
A3206,0,4
A5102,0,4
A830,0,4
A4183,0,4
A5178,0,4
A428,0,4
A1594,0,4
A1989,2,4
A2344,0,4
A3941,0,4
A4192,0,4
A4208,0,4
A4566,0,4
A5692,0,4
A7197,0,4
A2101,0,4
A3457,0,4
A3785,0,4
A6262,0,4
A7433,0,4
A360,0,4
A6648,0,4
A129,0,4
A2579,0,4
A3648,0,4
A5177,0,4
A5792,0,4
A7601,0,4
A372,0,4
A4163,0,4
A5101,0,4
A158,0,4
A2144,0,4
A3662,0,4
A5690,0,4
A7004,0,4
A7427,0,4
A1725,0,4
A3316,0,4
A3405,0,4
A4035,0,4
A5671,0,4
A7139,0,4
A1841,0,4
A2614,0,4
A3455,0,4
A5100,0,4
A6005,0,4
A6887,0,4
A426,0,4
A1911,0,4
A2031,0,4
A5099,0,4
A212,0,4
A4043,0,4
A4517,0,4
A7259,0,4
A777,0,4
A1025,0,4
A4797,0,4
A5089,0,4
A5900,0,4
A6292,0,4
A6,0,4
A128,2,4
A207,0,4
A1502,0,4
A2187,0,4
A4179,0,4
A5582,0,4
A6769,0,4
A75,0,4
A701,0,4
A1323,0,4
A3031,0,4
A5098,0,4
A5176,0,4
A5946,0,4
A5986,0,4
A6589,0,4
A873,0,4
A1597,0,4
A1781,0,4
A3118,0,4
A5175,0,4
A6040,0,4
A1471,0,4
A1812,0,4
A2815,0,4
A3315,0,4
A3827,0,4
A5331,0,4
A6608,0,4
A7080,0,4
A7627,0,4
A1845,0,4
A2138,0,4
A3046,0,4
A3053,0,4
A3203,0,4
A3661,0,4
A4595,2,4
A4596,2,4
A7571,0,4
A729,0,4
A806,0,4
A885,0,4
A1497,0,4
A2604,0,4
A3841,0,4
A3993,0,4
A5096,0,4
A5137,0,4
A5309,0,4
A5903,0,4
A7140,0,4
A7377,0,4
A7553,0,4
A4077,0,4
A5363,0,4
A6662,0,4
A7059,0,4
A7219,0,4
A1637,0,4
A3482,0,4
A4711,0,4
A6893,0,4
A7384,0,4
A359,0,4
A3660,0,4
A4400,0,4
A5160,0,4
A2325,0,4
A2857,0,4
A3890,0,4
A4697,0,4
A5095,0,4
A5788,0,4
A6675,0,4
A6968,0,4
A7185,0,4
A7348,0,4
A1944,0,4
A2232,0,4
A2965,0,4
A3012,0,4
A4710,0,4
A5152,0,4
A551,0,4
A5094,0,4
A6656,0,4
A6701,0,4
A7205,0,4
A7223,0,4
A7376,0,4
A7525,0,4
A126,0,4
A1837,0,4
A3991,0,4
A5093,0,4
A5392,1,4
A6001,0,4
A7581,0,4
A487,0,4
A1016,0,4
A1811,0,4
A2206,0,4
A6930,0,4
A3724,0,4
A3828,0,4
A4381,0,4
A6161,0,4
A2404,0,4
A3590,0,4
A3990,0,4
A5111,0,4
A5962,0,4
A6764,0,4
A7126,0,4
A88,0,4
A312,0,4
A427,0,4
A1572,0,4
A1899,0,4
A2768,0,4
A5170,0,4
A5380,0,4
A6752,0,4
A1036,0,4
A2814,0,4
A5091,0,4
A5598,0,4
A5617,0,4
A6921,0,4
A7070,0,4
A1988,2,4
A4424,0,4
A6955,0,4
A7426,0,4
A174,0,4
A3202,0,4
A7007,0,4
A890,0,4
A1818,0,4
A2141,0,4
A4395,0,4
A7332,0,4
A7338,0,4
A7603,0,4
A3177,0,4
A6310,0,4
A1839,0,4
A3529,0,4
A4485,0,4
A6129,0,4
A6173,0,4
A115,0,4
A2009,2,4
A2968,0,4
A4574,0,4
A6253,0,4
A6434,0,4
A7386,0,4
A7628,0,4
A1737,0,4
A4760,0,4
A2881,0,4
A3659,0,4
A3715,0,4
A5935,0,4
A6693,0,4
A585,0,4
A6170,0,4
A6831,0,4
A6974,0,4
A7026,0,4
A881,0,4
A3871,0,4
A4667,0,4
A5007,0,4
A5090,0,4
A5528,0,4
A7056,0,4
A7058,0,4
A1108,0,4
A1334,0,4
A3420,0,4
A3475,0,4
A4798,0,4
A6092,0,4
A125,0,4
A490,0,4
A2162,0,4
A3187,0,4
A5088,0,4
A5341,0,4
A5932,0,4
A7196,0,4
A664,0,4
A808,0,4
A2767,0,4
A3833,0,4
A5835,0,4
A7452,0,4
A4657,0,4
A5087,0,4
A5174,0,4
A5210,0,4
A6814,0,4
A7258,0,4
A7560,0,4
A405,0,4
A1451,0,4
A1473,0,4
A2988,0,4
A4708,0,4
A5626,0,4
A6297,0,4
A6318,0,4
A6348,0,4
A1411,0,4
A5566,0,4
A7499,0,4
A3481,0,4
A3908,0,4
A3970,0,4
A5085,0,4
A5086,0,4
A5846,0,4
A6399,0,4
A6736,0,4
A7382,0,4
A3687,0,4
A4309,0,4
A4678,0,4
A5062,0,4
A5242,0,4
A5646,0,4
A5926,0,4
A6165,0,4
A6808,0,4
A7520,0,4
A1633,0,4
A2562,0,4
A3733,0,4
A4793,0,4
A1937,0,4
A2637,0,4
A5081,0,4
A5082,0,4
A5083,0,4
A6999,0,4
A712,0,4
A2441,0,4
A1838,0,4
A1894,0,4
A2644,0,4
A4121,0,4
A5325,0,4
A6008,0,4
A6252,0,4
A1569,0,4
A2379,0,4
A2734,0,4
A3456,0,4
A4270,0,4
A5077,0,4
A5078,0,4
A5079,0,4
A1160,0,4
A4449,0,4
A4864,0,4
A5463,0,4
A7387,0,4
A554,0,4
A2390,0,4
A4448,0,4
A5599,0,4
A1030,0,4
A3297,0,4
A4822,0,4
A5068,0,4
A6148,0,4
A6464,0,4
A6694,0,4
A1018,0,4
A3658,0,4
A3797,0,4
A4556,0,4
A5074,0,4
A5596,0,4
A2514,0,4
A2760,0,4
A2789,0,4
A3745,0,4
A4304,0,4
A6578,0,4
A1454,0,4
A2505,0,4
A3889,0,4
A5071,0,4
A5072,0,4
A6066,0,4
A6373,0,4
A6474,0,4
A6976,0,4
A7098,0,4
A148,0,4
A412,0,4
A2752,0,4
A4310,0,4
A4340,0,4
A4464,0,4
A5070,0,4
A5256,0,4
A5530,0,4
A5988,0,4
A6299,0,4
A1619,0,4
A2784,0,4
A4633,0,4
A5069,0,4
A6980,0,4
A1413,0,4
A2029,0,4
A3812,0,4
A5954,0,4
A6622,0,4
A3449,0,4
A3454,0,4
A5151,0,4
A5168,0,4
A7166,0,4
A4779,0,4
A6429,0,4
A3448,0,4
A1641,0,4
A5050,0,4
A5892,0,4
A6885,0,4
A7226,0,4
A7308,0,4
A7257,0,4
A3740,0,4
A6588,0,4
A6941,0,4
A311,0,4
A758,0,4
A1561,0,4
A3200,0,4
A4126,0,4
A4802,0,4
A5761,0,4
A5964,0,4
A6587,0,4
A2090,0,4
A3047,0,4
A3803,0,4
A3199,0,4
A4813,0,4
A6748,0,4
A692,0,4
A6380,0,4
A279,0,4
A1504,0,4
A2289,0,4
A3198,0,4
A4154,0,4
A4361,0,4
A5065,0,4
A5550,0,4
A1470,0,4
A2651,0,4
A2841,0,4
A4861,0,4
A6494,0,4
A7111,0,4
A7149,0,4
A7151,0,4
A417,0,4
A4447,0,4
A4623,0,4
A5066,0,4
A6525,0,4
A1631,0,4
A2133,0,4
A4594,2,4
A6324,0,4
A3767,0,4
A5060,0,4
A5705,0,4
A5887,0,4
A7256,0,4
A7342,0,4
A7410,0,4
A6156,0,4
A1102,0,4
A2587,0,4
A3372,0,4
A5518,0,4
A5806,0,4
A6692,0,4
A2135,0,4
A2697,0,4
A3447,0,4
A4665,0,4
A632,0,4
A3059,0,4
A3521,0,4
A6420,0,4
A7079,0,4
A1615,0,4
A3446,0,4
A3588,0,4
A3954,0,4
A4225,0,4
A5631,0,4
A6254,0,4
A6582,0,4
A805,0,4
A980,0,4
A1468,0,4
A2668,0,4
A3371,0,4
A5064,0,4
A6134,0,4
A6722,0,4
A6951,0,4
A7375,0,4
A383,0,4
A1685,0,4
A2979,0,4
A5209,0,4
A1628,0,4
A2089,0,4
A4132,0,4
A4180,0,4
A5063,0,4
A6306,0,4
A425,0,4
A698,0,4
A3480,0,4
A4409,0,4
A4555,0,4
A4664,0,4
A5664,0,4
A2105,0,4
A2667,0,4
A3657,0,4
A7398,0,4
A7399,0,4
A1148,0,4
A3898,0,4
A5061,0,4
A5775,0,4
A6809,0,4
A7188,0,4
A277,0,4
A415,0,4
A548,0,4
A2595,0,4
A2986,0,4
A5959,0,4
A7374,0,4
A4446,0,4
A5624,0,4
A6842,0,4
A2569,0,4
A5778,0,4
A6228,0,4
A3193,0,4
A6182,0,4
A1349,0,4
A2924,0,4
A3197,0,4
A3656,0,4
A4549,0,4
A4865,0,4
A7597,0,4
A124,2,4
A593,0,4
A3310,0,4
A5173,0,4
A6655,0,4
A6860,0,4
A7415,0,4
A2759,0,4
A2893,0,4
A3655,0,4
A4005,0,4
A6402,0,4
A7373,0,4
A278,0,4
A1106,0,4
A2807,0,4
A4505,0,4
A5172,0,4
A5851,0,4
A6756,0,4
A1320,0,4
A2650,0,4
A4106,0,4
A5059,0,4
A7189,0,4
A1611,0,4
A7292,0,4
A349,0,4
A1494,0,4
A1834,0,4
A3404,0,4
A5728,0,4
A5921,0,4
A1883,0,4
A2918,0,4
A3631,0,4
A4237,0,4
A4565,2,4
A5841,0,4
A5919,0,4
A5058,0,4
A6549,0,4
A1426,0,4
A2853,0,4
A2909,0,4
A4863,0,4
A6166,0,4
A1961,0,4
A2511,0,4
A5031,0,4
A5057,0,4
A5171,0,4
A6162,0,4
A7057,0,4
A7329,0,4
A1626,0,4
A2287,0,4
A2718,0,4
A2973,0,4
A4755,0,4
A5972,0,4
A7172,0,4
A1738,0,4
A2583,0,4
A3524,0,4
A5777,0,4
A7416,0,4
A1941,0,4
A2574,0,4
A2677,0,4
A3194,0,4
A3707,0,4
A6022,0,4
A6783,0,4
A7208,0,4
A7312,0,4
A2440,0,4
A3499,0,4
A4554,0,4
A4590,2,4
A6452,0,4
A6738,0,4
A6781,0,4
A123,2,4
A658,0,4
A998,0,4
A1910,0,4
A2568,2,4
A4767,0,4
A5005,0,4
A5529,0,4
A6346,0,4
A7255,0,4
A2704,0,4
A3654,0,4
A4956,0,4
A5707,0,4
A7648,0,4
A613,0,4
A657,0,4
A1311,0,4
A1928,0,4
A2761,0,4
A3195,0,4
A4543,0,4
A5860,0,4
A1213,0,4
A1465,0,4
A1833,0,4
A1836,0,4
A4408,0,4
A5281,0,4
A5362,0,4
A7125,0,4
A122,2,4
A2652,0,4
A3515,0,4
A6379,0,4
A6508,0,4
A7540,0,4
A964,0,4
A2131,0,4
A3885,0,4
A5055,0,4
A6418,0,4
A6577,0,4
A6654,0,4
A6803,0,4
A7005,0,4
A650,0,4
A3525,0,4
A4892,0,4
A5391,1,4
A7014,0,4
A1015,0,4
A1826,0,4
A5595,0,4
A5969,0,4
A6137,0,4
A6386,0,4
A6735,0,4
A6796,0,4
A553,0,4
A933,0,4
A3969,0,4
A2226,0,4
A5280,0,4
A1035,0,4
A4125,0,4
A4345,0,4
A6004,0,4
A6082,0,4
A6462,0,4
A6653,0,4
A7085,0,4
A7380,0,4
A165,0,4
A697,0,4
A1982,0,4
A2788,0,4
A4912,0,4
A5054,0,4
A5727,0,4
A7087,0,4
A7664,0,4
A484,0,4
A6128,0,4
A6548,0,4
A6753,0,4
A6815,0,4
A7124,0,4
A710,0,4
A973,0,4
A2826,0,4
A3766,0,4
A4636,0,4
A5156,0,4
A5886,0,4
A6865,0,4
A7053,0,4
A2643,0,4
A4502,0,4
A6282,0,4
A6505,0,4
A972,0,4
A1096,0,4
A2984,0,4
A2998,0,4
A4923,0,4
A5026,0,4
A5307,0,4
A6445,0,4
A6562,0,4
A194,0,4
A2666,0,4
A3346,0,4
A3445,0,4
A5052,0,4
A5053,0,4
A5736,0,4
A6376,0,4
A6559,0,4
A7168,0,4
A7251,0,4
A1034,0,4
A1406,0,4
A4826,0,4
A4929,0,4
A5051,0,4
A2717,0,4
A6396,0,4
A6416,0,4
A6677,0,4
A7253,0,4
A7290,0,4
A182,0,4
A2106,0,4
A2391,0,4
A4586,2,4
A4706,0,4
A5108,0,4
A5805,0,4
A5821,0,4
A7103,0,4
A121,2,4
A1620,0,4
A3421,0,4
A4977,0,4
A5389,0,4
A5511,0,4
A6821,0,4
A2625,0,4
A2980,0,4
A5279,0,4
A6116,0,4
A7021,0,4
A982,0,4
A1103,0,4
A5744,0,4
A5984,0,4
A6747,0,4
A211,0,4
A2225,0,4
A3926,0,4
A4148,0,4
A5320,0,4
A5456,0,4
A7397,0,4
A3968,0,4
A3010,0,4
A5750,0,4
A2224,0,4
A2878,0,4
A4033,0,4
A5340,0,4
A7222,0,4
A7381,0,4
A1060,0,4
A3720,0,4
A4504,0,4
A5048,0,4
A5049,0,4
A6731,0,4
A1278,0,4
A1600,0,4
A1624,0,4
A3156,0,4
A4393,0,4
A2258,0,4
A2922,0,4
A5047,0,4
A6606,0,4
A7153,0,4
A7328,0,4
A2696,0,4
A3723,0,4
A7596,0,4
A5045,0,4
A5046,0,4
A5738,0,4
A6398,0,4
A4823,0,4
A5159,0,4
A5167,0,4
A6105,0,4
A6448,0,4
A3479,0,4
A4360,0,4
A4483,0,4
A4524,0,4
A6681,0,4
A2378,0,4
A4012,0,4
A5044,0,4
A120,2,4
A422,0,4
A3120,0,4
A4027,0,4
A5337,0,4
A6804,0,4
A7284,0,4
A233,0,4
A2683,0,4
A5043,0,4
A689,0,4
A1152,0,4
A2343,0,4
A4986,0,4
A5358,0,4
A5444,0,4
A760,0,4
A1211,0,4
A4588,2,4
A4914,0,4
A6547,0,4
A119,2,4
A983,0,4
A4778,0,4
A7359,0,4
A4426,0,4
A5166,0,4
A6301,0,4
A662,0,4
A2008,2,4
A3645,0,4
A4045,0,4
A7296,0,4
A181,0,4
A828,0,4
A1760,0,4
A6181,0,4
A7289,0,4
A7434,0,4
A1029,0,4
A1452,0,4
A1485,0,4
A2611,0,4
A4049,1,4
A5035,0,4
A1893,0,4
A3577,0,4
A4506,0,4
A4584,2,4
A5042,0,4
A5206,0,4
A6569,0,4
A5330,0,4
A6649,0,4
A7116,0,4
A7250,0,4
A7283,0,4
A34,0,4
A969,0,4
A1138,0,4
A1585,0,4
A1835,0,4
A2707,0,4
A2787,0,4
A3709,0,4
A3834,0,4
A7620,0,4
A249,0,4
A5914,0,4
A6164,0,4
A7412,0,4
A7534,0,4
A7675,0,4
A3802,0,4
A4188,0,4
A7439,0,4
A7605,0,4
A1785,0,4
A2633,0,4
A4407,0,4
A1822,0,4
A655,0,4
A2825,0,4
A3765,0,4
A5013,0,4
A5040,0,4
A6806,0,4
A534,0,4
A1779,0,4
A2308,0,4
A5039,0,4
A6995,0,4
A31,0,4
A117,0,4
A118,2,4
A305,0,4
A2174,0,4
A2660,0,4
A4585,2,4
A6647,0,4
A7285,0,4
A7288,0,4
A2219,0,4
A3280,0,4
A4298,0,4
A5142,0,4
A5205,0,4
A6880,0,4
A7138,0,4
A1954,0,4
A1962,0,4
A2460,0,4
A6265,0,4
A6335,0,4
A6570,0,4
A1567,0,4
A3708,0,4
A4325,0,4
A5934,0,4
A5997,0,4
A6141,0,4
A7072,0,4
A315,0,4
A482,0,4
A1356,0,4
A2610,0,4
A4677,0,4
A5037,0,4
A5741,0,4
A6071,0,4
A7646,0,4
A7647,0,4
A9,0,4
A270,0,4
A2665,0,4
A3938,0,4
A4629,0,4
A95,0,4
A637,0,4
A2126,0,4
A2972,0,4
A2786,0,4
A4663,0,4
A5036,0,4
A5787,0,4
A6215,0,4
A7055,0,4
A7562,0,4
A1104,0,4
A4777,0,4
A5461,0,4
A6853,0,4
A371,0,4
A2898,0,4
A3587,0,4
A4476,0,4
A5034,0,4
A5652,0,4
A6507,0,4
A314,0,4
A891,0,4
A1109,0,4
A1763,0,4
A2122,0,4
A3972,0,4
A6209,0,4
A7287,0,4
A7413,0,4
A1325,0,4
A1621,0,4
A2211,0,4
A3988,0,4
A3862,0,4
A4159,0,4
A4741,0,4
A6713,0,4
A7154,0,4
A2542,0,4
A3653,0,4
A4655,0,4
A5021,0,4
A7572,0,4
A7674,0,4
A4048,0,4
A5033,0,4
A6039,0,4
A6901,0,4
A7626,0,4
A466,0,4
A660,0,4
A2913,0,4
A3283,0,4
A4047,0,4
A4406,0,4
A5032,0,4
A5165,0,4
A5323,0,4
A6369,0,4
A1627,0,4
A2212,0,4
A2543,0,4
A6527,0,4
A6801,0,4
A4553,0,4
A5141,0,4
A5241,0,4
A6250,0,4
A7409,0,4
A7585,0,4
A6168,0,4
A1247,0,4
A2691,0,4
A3735,0,4
A5960,0,4
A7618,0,4
A3317,0,4
A2104,0,4
A2564,0,4
A2801,0,4
A4821,0,4
A5030,0,4
A6707,0,4
A3192,0,4
A3314,0,4
A4992,0,4
A1274,0,4
A2538,0,4
A5029,0,4
A5510,0,4
A5916,0,4
A7130,0,4
A2184,0,4
A4258,0,4
A1759,0,4
A2360,0,4
A3584,0,4
A3911,0,4
A4020,0,4
A6619,0,4
A7310,0,4
A481,0,4
A1276,0,4
A2040,0,4
A2124,0,4
A6820,0,4
A7594,0,4
A486,0,4
A977,0,4
A3158,0,4
A4303,0,4
A6919,0,4
A7309,0,4
A113,2,4
A2123,0,4
A3358,0,4
A4705,0,4
A5024,0,4
A6782,0,4
A6982,0,4
A1987,2,4
A2983,0,4
A7148,0,4
A7218,0,4
A2923,0,4
A5028,0,4
A5765,0,4
A7657,0,4
A1526,0,4
A5020,0,4
A5753,0,4
A1099,0,4
A1808,0,4
A2693,0,4
A3122,0,4
A3329,0,4
A6498,0,4
A325,0,4
A1355,0,4
A2732,0,4
A3309,0,4
A3800,0,4
A4086,0,4
A4160,0,4
A4552,0,4
A5901,0,4
A6576,0,4
A7174,0,4
A1464,0,4
A2109,0,4
A3189,0,4
A3922,0,4
A5027,0,4
A5902,0,4
A6879,0,4
A7034,0,4
A7035,0,4
A7431,0,4
A4581,0,4
A6059,0,4
A6384,0,4
A1324,0,4
A6584,0,4
A7470,0,4
A7666,0,4
A263,0,4
A6147,0,4
A7327,0,4
A2217,0,4
A2328,0,4
A3030,0,4
A4003,0,4
A4290,0,4
A5139,0,4
A7210,0,4
A3162,2,4
A4818,0,4
A310,0,4
A2899,0,4
A5709,0,4
A5343,0,4
A6870,0,4
A7549,0,4
A550,0,4
A1563,0,4
A2991,0,4
A3903,0,4
A7395,0,4
A4128,0,4
A4347,0,4
A2183,0,4
A3116,0,4
A4105,0,4
A4311,0,4
A4580,2,4
A5966,0,4
A6780,0,4
A7167,0,4
A1277,0,4
A1484,0,4
A1930,0,4
A3183,0,4
A3294,0,4
A7574,0,4
A886,0,4
A1340,0,4
A1755,0,4
A2014,0,4
A2764,0,4
A2389,0,4
A4579,2,4
A4701,0,4
A5025,0,4
A5479,0,4
A6010,0,4
A2468,0,4
A3179,0,4
A3572,0,4
A4308,0,4
A4879,0,4
A5022,0,4
A6435,0,4
A4280,0,4
A5019,0,4
A7043,0,4
A7580,0,4
A4405,0,4
A6436,0,4
A6730,0,4
A5842,0,4
A5909,0,4
A6101,0,4
A1026,0,4
A1095,0,4
A2061,0,4
A2927,0,4
A3005,0,4
A5570,0,4
A2417,0,4
A3939,0,4
A2849,0,4
A2964,0,4
A2982,0,4
A4073,0,4
A5983,0,4
A7544,0,4
A7305,0,4
A2121,0,4
A2903,0,4
A4307,0,4
A5018,0,4
A6580,0,4
A480,0,4
A2120,0,4
A5017,0,4
A5565,0,4
A5942,0,4
A7157,0,4
A4551,0,4
A5015,0,4
A5016,0,4
A6934,0,4
A339,0,4
A356,0,4
A1156,0,4
A1157,0,4
A3951,0,4
A756,0,4
A5163,0,4
A7038,0,4
A1155,0,4
A4993,0,4
A5014,0,4
A5592,0,4
A2451,0,4
A2556,0,4
A3824,0,4
A7204,0,4
A2553,0,4
A4503,0,4
A5012,0,4
A7654,0,4
A4236,0,4
A5011,0,4
A5971,0,4
A7356,0,4
A7579,0,4
A2129,0,4
A2785,0,4
A3359,0,4
A3768,0,4
A5801,0,4
A2779,0,4
A4660,0,4
A4951,0,4
A728,0,4
A2524,0,4
A3741,0,4
A3934,0,4
A4730,0,4
A5008,0,4
A5378,0,4
A5834,0,4
A7396,0,4
A7425,0,4
A3442,0,4
A3917,0,4
A5789,0,4
A7350,0,4
A7665,0,4
A3652,0,4
A4257,0,4
A5158,0,4
A6571,0,4
A6765,0,4
A3169,0,4
A5308,0,4
A5594,0,4
A4286,0,4
A4972,0,4
A5161,0,4
A5669,0,4
A208,0,4
A3143,0,4
A3571,0,4
A6819,0,4
A3115,0,4
A1568,0,4
A1616,0,4
A3719,0,4
A4024,0,4
A6554,0,4
A6836,0,4
A7203,0,4
A0,0,4
A1403,0,4
A5742,0,4
A5994,0,4
A6469,0,4
A7392,0,4
A112,2,4
A1614,0,4
A4520,0,4
A4754,0,4
A802,0,4
A1008,0,4
A4835,0,4
A6302,0,4
A6492,0,4
A6818,0,4
A6917,0,4
A2780,0,4
A2929,0,4
A3349,0,4
A4463,0,4
A4527,0,4
A4659,0,4
A5865,0,4
A1317,0,4
A3186,0,4
A7009,0,4
A7573,0,4
A6460,0,4
A5006,0,4
A7086,0,4
A7091,0,4
A6443,0,4
A1592,0,4
A3916,0,4
A3185,0,4
A6007,0,4
A1609,0,4
A3184,0,4
A4305,0,4
A5478,0,4
A1257,0,4
A5636,0,4
A94,0,4
A262,0,4
A614,0,4
A4398,0,4
A6532,0,4
A6674,0,4
A111,2,4
A2746,0,4
A5002,0,4
A1402,0,4
A2380,0,4
A4131,0,4
A4763,0,4
A4985,0,4
A6954,0,4
A1613,0,4
A4207,0,4
A6761,0,4
A2372,0,4
A2007,2,4
A5001,0,4
A5250,0,4
A5795,0,4
A7643,0,4
A110,2,4
A1857,0,4
A2609,0,4
A7448,0,4
A7542,0,4
A2006,2,4
A3953,0,4
A2197,0,4
A3062,0,4
A6375,0,4
A779,0,4
A4550,0,4
A1450,0,4
A3555,0,4
A4834,0,4
A5000,0,4
A7668,0,4
A1312,0,4
A4898,0,4
A4998,0,4
A354,0,4
A2331,0,4
A4764,0,4
A5804,0,4
A6521,0,4
A6779,0,4
A2551,0,4
A6542,0,4
A6620,0,4
A7241,0,4
A2659,0,4
A2921,0,4
A4114,0,4
A5253,0,4
A7186,0,4
A109,2,4
A1778,0,4
A4996,0,4
A6308,0,4
A7216,0,4
A3884,0,4
A5240,0,4
A5499,0,4
A5874,0,4
A6817,0,4
A6869,0,4
A2456,0,4
A4514,0,4
A4800,0,4
A4995,0,4
A5238,0,4
A6089,0,4
A6112,0,4
A6145,0,4
A108,2,4
A304,0,4
A2016,0,4
A2467,0,4
A3581,0,4
A7306,0,4
A1076,0,4
A1333,0,4
A2070,0,4
A2515,0,4
A2642,0,4
A3476,0,4
A4988,0,4
A7593,0,4
A303,0,4
A3403,0,4
A4658,0,4
A4994,0,4
A5239,0,4
A5377,0,4
A3573,0,4
A5996,0,4
A6867,0,4
A7393,0,4
A2056,0,4
A3182,0,4
A4943,0,4
A4991,0,4
A7096,0,4
A1757,0,4
A3556,0,4
A3716,0,4
A5382,0,4
A7421,0,4
A1943,0,4
A4013,0,4
A4628,0,4
A5670,0,4
A1339,0,4
A2585,0,4
A3580,0,4
A3986,0,4
A2920,0,4
A3784,0,4
A4573,0,4
A4703,0,4
A906,0,4
A2662,0,4
A3570,0,4
A4954,0,4
A4989,0,4
A6696,0,4
A7025,0,4
A7543,0,4
A688,0,4
A6673,0,4
A7498,0,4
A1591,0,4
A2822,0,4
A4578,0,4
A4987,0,4
A7565,0,4
A30,0,4
A1101,0,4
A2118,0,4
A3776,0,4
A6009,0,4
A2005,2,4
A7469,0,4
A1195,0,4
A1853,0,4
A2067,0,4
A3439,0,4
A7372,0,4
A3886,0,4
A5352,0,4
A5635,0,4
A1856,0,4
A3948,0,4
A5925,0,4
A1929,0,4
A5708,0,4
A7519,0,4
A7608,0,4
A1496,0,4
A4577,0,4
A2020,0,4
A6307,0,4
A7371,0,4
A4522,0,4
A4964,0,4
A4984,0,4
A1154,0,4
A2500,0,4
A3904,0,4
A4302,0,4
A4622,0,4
A6294,0,4
A6568,0,4
A7170,0,4
A3579,0,4
A5832,0,4
A5867,0,4
A7169,0,4
A476,0,4
A5799,0,4
A2902,0,4
A1495,0,4
A2103,0,4
A4274,0,4
A4979,0,4
A6778,0,4
A6805,0,4
A66,0,4
A308,0,4
A755,0,4
A1100,0,4
A3438,0,4
A4224,0,4
A4893,0,4
A4978,0,4
A6337,0,4
A7294,0,4
A7355,0,4
A4775,0,4
A6320,0,4
A6439,0,4
A7128,0,4
A7354,0,4
A2375,0,4
A3437,0,4
A4975,0,4
A4976,0,4
A3651,0,4
A4166,0,4
A1788,0,4
A2116,0,4
A3854,0,4
A4974,0,4
A5278,0,4
A6388,0,4
A29,0,4
A2290,0,4
A2454,0,4
A107,2,4
A2438,0,4
A2892,0,4
A4973,0,4
A6950,0,4
A27,0,4
A307,0,4
A5976,0,4
A6644,0,4
A1322,0,4
A6791,0,4
A7078,0,4
A2926,0,4
A7588,0,4
A2664,0,4
A4752,0,4
A6718,0,4
A7592,0,4
A7394,0,4
A3568,0,4
A5346,0,4
A6683,0,4
A7600,0,4
A1584,0,4
A3743,0,4
A3984,0,4
A5647,0,4
A1566,0,4
A7479,0,4
A2932,0,4
A3858,0,4
A6892,0,4
A7463,0,4
A4969,0,4
A4970,0,4
A5593,0,4
A1146,0,4
A1634,0,4
A1756,0,4
A2139,0,4
A4967,0,4
A4968,0,4
A5632,0,4
A5719,0,4
A6553,0,4
A6777,0,4
A105,2,4
A3742,0,4
A7146,0,4
A7333,0,4
A7353,0,4
A3190,0,4
A3435,0,4
A4244,0,4
A4965,0,4
A3578,0,4
A7041,0,4
A2221,0,4
A5351,0,4
A1832,0,4
A5995,0,4
A6167,0,4
A6440,0,4
A7117,0,4
A4962,0,4
A6645,0,4
A970,0,4
A4075,0,4
A6485,0,4
A6631,0,4
A6695,0,4
A7370,0,4
A7607,0,4
A1926,0,4
A4911,0,4
A5588,0,4
A243,0,4
A547,0,4
A2407,0,4
A4961,0,4
A6935,0,4
A1467,0,4
A4825,0,4
A5797,0,4
A6727,0,4
A2783,0,4
A2816,0,4
A3650,0,4
A3850,0,4
A4776,0,4
A4815,0,4
A4960,0,4
A5613,0,4
A5955,0,4
A7046,0,4
A7302,0,4
A3638,0,4
A4916,0,4
A4959,0,4
A7119,0,4
A7529,0,4
A2520,0,4
A3860,0,4
A4740,0,4
A6177,0,4
A690,0,4
A3763,0,4
A4702,0,4
A5155,0,4
A5650,0,4
A3361,0,4
A4958,0,4
A6835,0,4
A7162,0,4
A7595,0,4
A4200,0,4
A5384,0,4
A5473,0,4
A5885,0,4
A6113,0,4
A7220,0,4
A7474,0,4
A1681,0,4
A3649,0,4
A104,2,4
A5685,0,4
A2743,0,4
A5958,0,4
A6897,0,4
A2069,0,4
A3826,0,4
A5339,0,4
A7107,0,4
A1272,0,4
A2640,0,4
A1332,0,4
A4572,0,4
A5963,0,4
A7352,0,4
A93,0,4
A2605,0,4
A3644,0,4
A4693,0,4
A5977,0,4
A7110,0,4
A7652,0,4
A4957,0,4
A5947,0,4
A6271,0,4
A7217,0,4
A7689,0,4
A1831,0,4
A2298,0,4
A6465,0,4
A6987,0,4
A4927,0,4
A774,0,4
A1498,0,4
A1668,0,4
A472,0,4
A3175,0,4
A4699,0,4
A5961,0,4
A6643,0,4
A7067,0,4
A7122,0,4
A4206,0,4
A4219,0,4
A5666,0,4
A2209,0,4
A2782,0,4
A3559,0,4
A4442,0,4
A4567,0,4
A5703,0,4
A5845,0,4
A1589,0,4
A1952,0,4
A2915,0,4
A3996,0,4
A6626,0,4
A7473,0,4
A7609,0,4
A1610,0,4
A4887,0,4
A5993,0,4
A6130,0,4
A1071,0,4
A4676,0,4
A6998,0,4
A7631,0,4
A3522,0,4
A5338,0,4
A5812,0,4
A6065,0,4
A3762,0,4
A7481,0,4
A2710,0,4
A4852,0,4
A7495,0,4
A7530,0,4
A1875,0,4
A3586,0,4
A2756,0,4
A5991,0,4
A1153,0,4
A2663,0,4
A3963,0,4
A1330,0,4
A2758,0,4
A4081,0,4
A4209,0,4
A1401,0,4
A4416,0,4
A7587,0,4
A103,0,4
A7192,0,4
A4750,0,4
A5154,0,4
A1854,0,4
A4285,0,4
A4441,0,4
A6053,0,4
A7193,0,4
A7281,0,4
A7688,0,4
A6323,0,4
A1150,0,4
A5591,0,4
A5746,0,4
A5990,0,4
A6737,0,4
A1830,0,4
A2578,0,4
A5620,0,4
A7532,0,4
A4074,0,4
A5153,0,4
A1097,0,4
A3170,0,4
A3637,0,4
A7061,0,4
A532,0,4
A2657,0,4
A6874,0,4
A2388,0,4
A6491,0,4
A7173,0,4
A2066,0,4
A6312,0,4
A7468,0,4
A7591,0,4
A4162,0,4
A6331,0,4
A3360,0,4
A7554,0,4
A7681,0,4
A4018,0,4
A5684,0,4
A5882,0,4
A6728,0,4
A871,0,4
A974,0,4
A5975,0,4
A3881,0,4
A4698,0,4
A6940,0,4
A7265,0,4
A7506,0,4
A7630,0,4
A1447,0,4
A4952,0,4
A5261,0,4
A5973,0,4
A7531,0,4
A2272,0,4
A4906,0,4
A7687,0,4
A4301,0,4
A4939,0,4
A3717,0,4
A2607,0,4
A3113,0,4
A5956,0,4
A5957,0,4
A6833,0,4
A7633,0,4
A1724,0,4
A4944,0,4
A7508,0,4
A4950,0,4
A6088,0,4
A6146,0,4
A6933,0,4
A3835,2,4
A4946,0,4
A3112,0,4
A4547,0,4
A7280,0,4
A4949,0,4
A7670,0,4
A22,4,8
A869,0,8
A387,0,8
A1959,0,8
A1396,0,8
A5443,0,8
A2306,0,8
A296,0,8
A5303,0,8
A2962,0,8
A5302,0,8
A5301,0,8
A4533,0,8
A5300,0,8
A924,0,8
A49,0,8
A403,0,8
A2303,0,8
A2049,0,8
A1530,0,8
A3453,0,8
A1245,0,8
A5276,0,8
A48,0,8
A3397,0,8
A2305,0,8
A5275,0,8
A835,0,8
A1658,0,8
A3611,0,8
A4801,0,8
A923,0,8
A47,0,8
A1082,0,8
A601,0,8
A2266,0,8
A5369,0,8
A1430,0,8
A1136,0,8
A4726,3,8
A2271,0,8
A5299,0,8
A2686,0,8
A2264,1,8
A4725,0,8
A2401,0,8
A1137,0,8
A1817,0,8
A3424,3,8
A3342,0,8
A4147,0,8
A4874,5,8
A46,0,8
A2997,0,8
A1629,0,8
A2444,0,8
A204,0,8
A4576,0,8
A4575,0,8
A841,0,8
A3443,0,8
A4435,0,8
A402,0,8
A2555,0,8
A543,0,8
A870,0,8
A2628,0,8
A234,0,8
A4723,3,8
A50,0,8
A848,0,8
A4724,3,8
A2304,0,8
A1405,3,8
A268,0,8
A1420,0,8
A45,0,8
A330,3,8
A4251,0,8
A2281,0,8
A4133,0,8
A2452,0,8
A3507,0,8
A2474,0,8
A1672,0,8
A4593,0,8
A1266,0,8
A4685,0,8
A584,7,8
A2347,0,8
A5277,0,8
A5296,0,8
A4112,0,8
A2048,0,8
A5255,0,8
A2731,0,8
A1190,0,8
A3450,5,8
A4010,0,8
A1307,0,8
A5628,0,8
A994,0,8
A1807,0,8
A4330,5,8
A4720,3,8
A1118,0,8
A915,0,8
A1976,0,8
A1244,0,8
A2995,0,8
A2084,0,8
A1578,0,8
A790,0,8
A1361,0,8
A2275,0,8
A4860,0,8
A630,0,8
A3474,0,8
A840,3,8
A3839,0,8
A4089,0,8
A4846,0,8
A2164,0,8
A627,0,8
A5204,0,8
A867,0,8
A1014,0,8
A1268,0,8
A2071,3,8
A6442,0,8
A2436,3,8
A1391,0,8
A1265,0,8
A1288,0,8
A3473,0,8
A3974,0,8
A6068,0,8
A5235,0,8
A2729,0,8
A6352,0,8
A1061,0,8
A2038,0,8
A3980,0,8
A2961,0,8
A344,0,8
A3355,0,8
A1388,0,8
A1290,0,8
A1924,0,8
A737,0,8
A3902,0,8
A5383,0,8
A526,5,8
A3493,0,8
A1726,0,8
A3875,0,8
A2622,0,8
A3068,2,8
A725,0,8
A825,0,8
A3067,0,8
A2273,0,8
A2339,0,8
A2877,0,8
A3107,0,8
A180,0,8
A4346,0,8
A3874,0,8
A4434,0,8
A3714,0,8
A3138,0,8
A245,0,8
A544,0,8
A4791,0,8
A826,0,8
A6085,0,8
A370,3,8
A1727,0,8
A1119,0,8
A938,0,8
A2491,0,8
A1797,0,8
A333,0,8
A1021,0,8
A1444,0,8
A1065,0,8
A1225,0,8
A1855,0,8
A922,0,8
A5488,0,8
A2432,0,8
A3394,0,8
A820,0,8
A4721,0,8
A5450,0,8
A2356,0,8
A6220,0,8
A1348,0,8
A1418,0,8
A3848,0,8
A3003,0,8
A524,0,8
A258,0,8
A2916,0,8
A745,0,8
A5274,0,8
A1088,0,8
A3627,0,8
A1181,0,8
A1387,0,8
A391,0,8
A479,0,8
A1551,0,8
A801,0,8
A2065,0,8
A5438,0,8
A912,0,8
A2079,0,8
A819,0,8
A1493,0,8
A4364,0,8
A1424,3,8
A1,0,8
A292,0,8
A17,0,8
A1070,0,8
A92,0,8
A1588,0,8
A5735,0,8
A5329,0,8
A3819,0,8
A529,0,8
A3973,0,8
A202,0,8
A850,0,8
A4201,0,8
A959,0,8
A5313,0,8
A1710,0,8
A5679,0,8
A822,0,8
A1273,0,8
A4080,0,8
A1321,0,8
A2080,0,8
A238,0,8
A2064,0,8
A2960,0,8
A519,0,8
A4649,0,8
A1718,0,8
A2301,0,8
A1033,0,8
A3706,0,8
A1442,0,8
A4810,0,8
A2762,0,8
A1242,0,8
A1971,0,8
A2499,0,8
A496,0,8
A4592,0,8
A4811,0,8
A4850,0,8
A3494,0,8
A2709,0,8
A6154,0,8
A4389,0,8
A1338,0,8
A2018,0,8
A1905,0,8
A4600,4,8
A261,0,8
A678,0,8
A2037,4,8
A1337,0,8
A1580,0,8
A1800,0,8
A3626,0,8
A5745,0,8
A5107,5,8
A63,0,8
A3302,0,8
A201,0,8
A533,0,8
A1386,0,8
A2302,0,8
A1306,0,8
A5568,0,8
A1805,0,8
A1848,0,8
A1304,0,8
A3002,0,8
A4474,0,8
A1087,0,8
A1798,0,8
A2076,0,8
A2081,0,8
A1525,0,8
A1806,0,8
A3630,0,8
A1395,0,8
A4467,0,8
A6050,0,8
A1900,0,8
A4281,0,8
A2530,0,8
A6210,0,8
A4392,0,8
A203,0,8
A3879,5,8
A6421,0,8
A4872,0,8
A6123,0,8
A741,0,8
A1723,0,8
A2376,0,8
A3396,0,8
A1058,2,8
A3703,0,8
A4839,0,8
A5455,0,8
A6920,0,8
A1085,0,8
A3106,2,8
A6036,0,8
A752,0,8
A4252,3,8
A2879,0,8
A59,0,8
A4356,0,8
A4175,0,8
A5899,0,8
A5852,0,8
A3178,5,8
A1581,0,8
A3628,0,8
A5298,0,8
A5521,0,8
A3401,0,8
A4338,0,8
A4857,0,8
A2572,0,8
A1632,0,8
A3357,0,8
A404,0,8
A2535,0,8
A3550,0,8
A5273,0,8
A2947,0,8
A3702,0,8
A5497,0,8
A2047,0,8
A2626,0,8
A4619,4,8
A5356,0,8
A5505,0,8
A70,0,8
A1520,0,8
A1392,0,8
A1879,0,8
A2352,0,8
A3609,0,8
A3332,0,8
A1064,0,8
A3701,0,8
A817,0,8
A512,0,8
A4639,2,8
A6395,0,8
A2503,0,8
A2540,0,8
A1054,0,8
A2190,0,8
A6219,0,8
A1474,0,8
A2202,0,8
A6329,0,8
A1243,0,8
A3566,0,8
A3632,0,8
A4229,0,8
A3136,0,8
A151,4,8
A1984,0,8
A2774,0,8
A2860,4,8
A1089,0,8
A2300,0,8
A2425,3,8
A293,0,8
A5349,0,8
A3451,0,8
A4785,0,8
A1969,0,8
A2428,0,8
A236,0,8
A945,0,8
A1017,0,8
A1239,0,8
A2021,4,8
A4541,0,8
A5676,0,8
A237,5,8
A1697,0,8
A2726,0,8
A3105,2,8
A209,0,8
A1086,0,8
A2549,0,8
A297,0,8
A3282,0,8
A4344,0,8
A918,0,8
A2546,0,8
A5725,0,8
A6153,0,8
A2799,0,8
A388,0,8
A6746,0,8
A150,4,8
A5659,0,8
A1439,0,8
A1720,0,8
A2906,0,8
A4090,0,8
A847,0,8
A6866,0,8
A1731,0,8
A5943,0,8
A2848,0,8
A4621,4,8
A843,0,8
A1133,0,8
A2712,0,8
A3273,0,8
A1384,0,8
A6221,0,8
A2374,0,8
A2798,0,8
A3044,0,8
A2852,0,8
A2895,0,8
A4684,0,8
A4654,0,8
A5520,0,8
A2489,2,8
A3755,0,8
A5251,0,8
A2570,0,8
A1967,0,8
A2430,0,8
A4211,0,8
A3738,0,8
A3324,0,8
A4051,0,8
A1866,0,8
A1950,0,8
A2969,0,8
A3335,0,8
A6371,0,8
A1744,0,8
A1809,0,8
A3321,0,8
A1032,0,8
A1519,0,8
A2223,0,8
A2351,0,8
A179,0,8
A531,0,8
A1874,0,8
A3731,0,8
A4648,0,8
A463,0,8
A250,0,8
A811,0,8
A1545,4,8
A5564,0,8
A5272,0,8
A5722,0,8
A6269,0,8
A736,0,8
A2046,0,8
A3140,0,8
A6049,0,8
A4349,0,8
A896,0,8
A1795,0,8
A3727,0,8
A5297,0,8
A3492,0,8
A1397,5,8
A1869,0,8
A4072,0,8
A1351,0,8
A1603,0,8
A1719,0,8
A4235,0,8
A247,0,8
A4627,0,8
A5546,0,8
A2111,0,8
A1377,0,8
A2405,0,8
A4423,0,8
A4790,0,8
A348,0,8
A1238,0,8
A3489,0,8
A4650,0,8
A357,0,8
A517,0,8
A4789,0,8
A264,0,8
A2466,0,8
A3326,0,8
A4425,0,8
A673,0,8
A1236,0,8
A2423,0,8
A149,4,8
A4647,0,8
A6744,0,8
A818,4,8
A1543,0,8
A2279,0,8
A235,0,8
A4626,0,8
A2286,0,8
A4069,0,8
A4379,0,8
A868,0,8
A4030,0,8
A5430,0,8
A3607,0,8
A5133,5,8
A3831,0,8
A4268,0,8
A1524,6,8
A1975,0,8
A1593,0,8
A3066,0,8
A5143,0,8
A5816,0,8
A1622,0,8
A1694,0,8
A3301,0,8
A1801,0,8
A252,0,8
A1980,0,8
A3919,0,8
A5813,0,8
A461,0,8
A930,0,8
A1820,0,8
A3873,0,8
A6037,0,8
A154,0,8
A919,0,8
A2058,0,8
A3931,0,8
A3410,0,8
A4838,0,8
A6910,0,8
A694,0,8
A1123,0,8
A1906,0,8
A5420,0,8
A1716,0,8
A1847,0,8
A4837,0,8
A1523,0,8
A5422,2,8
A5560,0,8
A177,0,8
A309,0,8
A1385,0,8
A992,0,8
A3452,0,8
A4646,0,8
A4747,0,8
A5421,0,8
A3104,2,8
A1639,0,8
A5345,0,8
A6098,0,8
A1383,0,8
A5785,0,8
A726,0,8
A5769,0,8
A6150,0,8
A469,0,8
A1870,0,8
A4174,0,8
A6224,0,8
A1522,4,8
A3041,0,8
A69,0,8
A2492,0,8
A1080,0,8
A549,0,8
A5504,0,8
A1161,0,8
A1764,0,8
A2333,6,8
A1435,0,8
A1986,0,8
A1237,0,8
A4481,0,8
A683,0,8
A965,0,8
A1293,0,8
A2469,0,8
A5585,0,8
A5944,0,8
A3915,0,8
A5489,0,8
A846,0,8
A1253,0,8
A2422,0,8
A3383,0,8
A5768,0,8
A2237,0,8
A44,0,8
A2278,0,8
A2536,0,8
A845,0,8
A2176,0,8
A4096,0,8
A2252,0,8
A569,0,8
A3056,0,8
A1044,0,8
A5237,0,8
A6432,0,8
A190,0,8
A2728,0,8
A2198,0,8
A2634,0,8
A4526,0,8
A5490,0,8
A260,0,8
A2502,0,8
A4620,4,8
A5218,0,8
A6406,0,8
A4871,0,8
A579,0,8
A1476,0,8
A1783,0,8
A914,0,8
A2230,0,8
A4149,0,8
A6961,0,8
A770,0,8
A1193,0,8
A3856,0,8
A4415,5,8
A4642,0,8
A2189,0,8
A2280,0,8
A2243,0,8
A863,0,8
A4203,0,8
A4324,0,8
A4722,0,8
A6235,0,8
A2171,0,8
A2912,0,8
A6367,0,8
A219,0,8
A1210,0,8
A1376,0,8
A3258,0,8
A3997,0,8
A2917,0,8
A4830,0,8
A4368,0,8
A3964,0,8
A523,0,8
A6430,0,8
A3400,0,8
A2970,0,8
A5873,0,8
A3220,0,8
A663,0,8
A1205,0,8
A2433,4,8
A4515,0,8
A4809,0,8
A127,4,8
A913,0,8
A3976,5,8
A62,0,8
A1878,0,8
A4497,0,8
A1955,0,8
A3065,6,8
A3775,3,8
A5271,0,8
A4259,6,8
A2349,0,8
A4249,0,8
A1241,0,8
A1981,0,8
A3274,0,8
A6946,0,8
A1240,0,8
A2600,0,8
A2575,0,8
A3960,0,8
A1059,0,8
A3608,0,8
A5940,0,8
A1796,4,8
A2442,0,8
A1544,0,8
A4452,0,8
A4029,0,8
A852,0,8
A858,0,8
A294,0,8
A833,0,8
A1794,0,8
A2024,0,8
A2742,0,8
A4618,4,8
A5312,0,8
A5265,0,8
A5468,0,8
A2875,0,8
A993,0,8
A1305,0,8
A4084,0,8
A2475,0,8
A2493,0,8
A4982,6,8
A1373,0,8
A1579,0,8
A4788,0,8
A606,0,8
A916,0,8
A5125,0,8
A21,0,8
A955,0,8
A1555,0,8
A4355,0,8
A299,0,8
A6495,0,8
A61,0,8
A1876,0,8
A3334,5,8
A954,4,8
A2114,0,8
A599,0,8
A5862,0,8
A4372,0,8
A3882,4,8
A5660,0,8
A60,0,8
A5381,0,8
A4908,0,8
A773,0,8
A3514,0,8
A4820,6,8
A2465,0,8
A1143,0,8
A5374,0,8
A6859,0,8
A535,0,8
A4759,0,8
A2649,0,8
A2268,0,8
A6463,0,8
A1180,0,8
A4729,0,8
A6705,0,8
A3700,0,8
A527,0,8
A6047,0,8
A2701,0,8
A4736,0,8
A6048,0,8
A3737,0,8
A4350,0,8
A608,0,8
A743,0,8
A3370,6,8
A4142,0,8
A6159,0,8
A2276,0,8
A5992,0,8
A813,0,8
A1714,0,8
A4645,0,8
A6171,0,8
A3472,0,8
A4845,5,8
A6214,0,8
A6289,0,8
A522,0,8
A566,0,8
A625,0,8
A5880,0,8
A3699,0,8
A963,0,8
A5124,0,8
A1736,0,8
A1935,0,8
A3272,0,8
A1938,0,8
A2399,0,8
A3565,0,8
A5700,0,8
A65,0,8
A682,0,8
A7074,0,8
A2954,0,8
A1559,0,8
A1968,0,8
A4469,0,8
A5460,0,8
A2282,0,8
A4141,0,8
A5367,0,8
A4091,0,8
A1745,0,8
A5931,0,8
A671,0,8
A408,0,8
A2495,0,8
A4002,0,8
A1194,0,8
A2844,0,8
A3249,0,8
A4253,0,8
A6274,0,8
A406,0,8
A645,0,8
A4039,2,8
A430,0,8
A347,0,8
A883,5,8
A1455,0,8
A3023,0,8
A628,0,8
A2959,0,8
A5333,0,8
A5609,0,8
A5928,0,8
A515,0,8
A6216,0,8
A6244,0,8
A1408,0,8
A1873,0,8
A3134,0,8
A4312,0,8
A5234,6,8
A5516,0,8
A3979,0,8
A5180,0,8
A1394,0,8
A4095,0,8
A7024,0,8
A259,0,8
A2098,0,8
A672,0,8
A931,0,8
A857,0,8
A2418,0,8
A256,0,8
A707,0,8
A731,0,8
A1188,0,8
A4173,0,8
A58,4,8
A1310,0,8
A1743,0,8
A2713,0,8
A638,0,8
A3395,0,8
A3821,0,8
A4844,0,8
A5503,0,8
A5678,0,8
A5826,0,8
A6409,0,8
A2621,0,8
A2859,0,8
A3698,0,8
A336,0,8
A1908,5,8
A2688,0,8
A6414,0,8
A946,0,8
A3635,0,8
A5724,0,8
A1013,0,8
A717,0,8
A724,0,8
A4099,0,8
A5357,0,8
A1534,0,8
A2309,0,8
A72,5,8
A2063,0,8
A821,0,8
A2307,0,8
A520,0,8
A4753,0,8
A626,0,8
A1903,0,8
A624,0,8
A2274,0,8
A2706,0,8
A5232,0,8
A192,0,8
A1529,0,8
A3000,0,8
A4796,0,8
A1222,0,8
A4644,0,8
A5214,0,8
A4367,0,8
A4689,0,8
A6394,0,8
A6604,0,8
A1712,0,8
A6213,0,8
A2450,4,8
A3043,0,8
A3585,0,8
A1461,0,8
A4067,0,8
A5295,0,8
A6245,0,8
A516,0,8
A1303,0,8
A1381,0,8
A4110,0,8
A4120,0,8
A4172,0,8
A6222,0,8
A518,0,8
A1478,0,8
A2075,0,8
A4272,0,8
A4097,0,8
A5291,0,8
A6303,0,8
A6630,0,8
A1206,0,8
A1479,0,8
A1531,0,8
A2426,0,8
A2510,0,8
A4461,0,8
A5562,0,8
A2094,0,8
A2408,0,8
A3619,0,8
A5586,0,8
A6314,0,8
A7075,0,8
A2329,0,8
A727,0,8
A2381,0,8
A3276,0,8
A616,0,8
A2891,0,8
A4190,0,8
A6913,0,8
A1741,0,8
A2180,0,8
A3103,0,8
A4808,0,8
A464,0,8
A856,0,8
A3471,5,8
A5830,0,8
A5454,0,8
A257,0,8
A460,5,8
A2655,0,8
A4530,0,8
A4563,0,8
A5233,6,8
A5267,0,8
A287,0,8
A542,0,8
A2890,0,8
A4153,0,8
A6102,0,8
A6496,0,8
A3861,0,8
A4144,4,8
A4632,0,8
A917,0,8
A956,0,8
A2199,0,8
A4696,5,8
A4016,0,8
A4189,0,8
A2036,0,8
A2350,0,8
A3271,0,8
A6204,0,8
A3265,0,8
A4380,0,8
A4460,0,8
A4739,0,8
A7027,0,8
A502,3,8
A2324,0,8
A2689,0,8
A3279,0,8
A6355,0,8
A521,0,8
A2446,0,8
A3228,0,8
A5758,0,8
A6392,0,8
A686,0,8
A4473,0,8
A2795,0,8
A3270,0,8
A3470,0,8
A4402,0,8
A6558,0,8
A541,2,8
A2424,0,8
A2793,0,8
A19,0,8
A173,0,8
A834,0,8
A6298,0,8
A1825,0,8
A2086,0,8
A3135,0,8
A6487,0,8
A1730,0,8
A2504,0,8
A4719,0,8
A462,0,8
A4674,0,8
A6321,0,8
A907,0,8
A2461,0,8
A3354,0,8
A4769,0,8
A6158,0,8
A1258,0,8
A2055,0,8
A2267,0,8
A5584,0,8
A67,0,8
A1793,0,8
A3490,0,8
A3606,0,8
A2246,0,8
A3759,0,8
A5263,0,8
A147,0,8
A2385,0,8
A4157,0,8
A4634,0,8
A332,0,8
A1234,0,8
A2402,0,8
A3366,0,8
A172,0,8
A6763,0,8
A3344,0,8
A1587,0,8
A1877,0,8
A3399,0,8
A4383,0,8
A5844,0,8
A6634,0,8
A1209,0,8
A2338,0,8
A6180,0,8
A2601,0,8
A346,0,8
A1309,0,8
A3376,0,8
A5630,0,8
A6242,0,8
A1554,0,8
A1917,0,8
A3042,0,8
A1703,0,8
A6504,0,8
A2453,0,8
A4362,0,8
A2359,0,8
A5429,0,8
A1051,0,8
A1844,0,8
A3754,0,8
A6632,0,8
A1750,0,8
A3268,0,8
A3553,0,8
A4233,0,8
A5952,0,8
A1132,0,8
A3340,0,8
A6625,0,8
A2431,0,8
A3288,0,8
A6340,0,8
A596,0,8
A1053,0,8
A1792,0,8
A1919,0,8
A2439,0,8
A6343,0,8
A1235,0,8
A1084,0,8
A1200,0,8
A1707,0,8
A3222,0,8
A3267,0,8
A5545,0,8
A1440,0,8
A3750,0,8
A3756,0,8
A6233,0,8
A1269,2,8
A1378,0,8
A2748,0,8
A5755,0,8
A6431,0,8
A2269,0,8
A214,0,8
A1315,0,8
A815,0,8
A2675,0,8
A3325,0,8
A3610,0,8
A3330,0,8
A2416,0,8
A6126,0,8
A42,0,8
A1110,0,8
A1939,0,8
A882,0,8
A2715,0,8
A3300,0,8
A4008,0,8
A5145,0,8
A3918,0,8
A4436,0,8
A4443,0,8
A6342,0,8
A6745,0,8
A2873,0,8
A5441,0,8
A989,0,8
A1488,0,8
A3782,0,8
A6236,0,8
A6706,0,8
A1232,0,8
A2886,0,8
A3102,2,8
A4151,0,8
A6444,0,8
A1231,0,8
A2593,0,8
A5843,0,8
A3425,0,8
A3582,0,8
A3508,0,8
A525,0,8
A1550,0,8
A2394,0,8
A2550,0,8
A265,0,8
A5144,0,8
A6366,0,8
A3367,0,8
A6539,0,8
A3130,0,8
A1456,0,8
A1692,0,8
A2218,0,8
A6328,0,8
A6501,0,8
A3266,0,8
A1448,0,8
A6237,0,8
A6635,0,8
A3168,0,8
A7101,0,8
A1189,0,8
A2851,0,8
A3605,0,8
A5419,2,8
A6096,0,8
A768,0,8
A3554,0,8
A4109,0,8
A4155,0,8
A6914,0,8
A2323,0,8
A4718,0,8
A5288,0,8
A6385,0,8
A5440,0,8
A4140,0,8
A6196,0,8
A1056,0,8
A6878,0,8
A898,0,8
A578,0,8
A2526,0,8
A1922,0,8
A6768,0,8
A953,0,8
A1246,0,8
A1358,0,8
A4071,0,8
A382,0,8
A1404,0,8
A2128,0,8
A3333,0,8
A3101,0,8
A5138,0,8
A1693,0,8
A1721,0,8
A2955,0,8
A199,0,8
A1708,0,8
A2806,0,8
A96,6,8
A459,0,8
A1221,0,8
A2624,0,8
A4176,0,8
A1052,0,8
A3943,0,8
A6709,0,8
A575,0,8
A7094,0,8
A2270,0,8
A5344,0,8
A386,0,8
A1083,5,8
A2299,0,8
A5372,0,8
A331,0,8
A685,0,8
A1510,0,8
A5305,0,8
A659,0,8
A2819,0,8
A3614,0,8
A4100,0,8
A1172,0,8
A1331,0,8
A5197,0,8
A1379,0,8
A4022,0,8
A4359,0,8
A4744,0,8
A6926,0,8
A3127,0,8
A4255,0,8
A5675,0,8
A6624,0,8
A6787,0,8
A960,0,8
A1298,0,8
A1884,0,8
A2919,0,8
A4612,0,8
A6074,0,8
A1066,0,8
A968,5,8
A2464,0,8
A951,0,8
A3343,0,8
A4199,0,8
A4339,0,8
A1077,0,8
A2182,0,8
A2529,0,8
A2620,0,8
A4562,0,8
A5453,0,8
A6872,0,8
A39,0,8
A2062,0,8
A1005,0,8
A4021,0,8
A6773,0,8
A4583,0,8
A3287,0,8
A4615,0,8
A1702,0,8
A5767,0,8
A6058,0,8
A290,0,8
A6339,0,8
A709,0,8
A1301,0,8
A5294,0,8
A4373,0,8
A1341,0,8
A2068,0,8
A3393,0,8
A4617,0,8
A681,0,8
A5496,0,8
A6449,0,8
A2590,0,8
A2804,0,8
A2175,0,8
A3440,0,8
A3894,0,8
A722,0,8
A2277,0,8
A4955,5,8
A4057,0,8
A1264,0,8
A1482,0,8
A4539,5,8
A4842,0,8
A4717,3,8
A5721,0,8
A456,0,8
A564,0,8
A6211,0,8
A1661,0,8
A648,0,8
A1131,0,8
A1250,6,8
A2876,0,8
A786,0,8
A2559,0,8
A4624,0,8
A3912,0,8
A2727,0,8
A3783,0,8
A2994,0,8
A3930,0,8
A888,0,8
A2077,0,8
A2169,0,8
A3040,0,8
A1432,0,8
A2322,0,8
A6111,0,8
A1092,0,8
A591,0,8
A3483,0,8
A939,0,8
A4490,0,8
A5581,0,8
A5686,0,8
A381,0,8
A2229,0,8
A4198,0,8
A1128,0,8
A1535,6,8
A3100,2,8
A7326,0,8
A43,0,8
A401,0,8
A1814,0,8
A2723,0,8
A2794,0,8
A1514,0,8
A1557,0,8
A646,0,8
A1050,0,8
A1966,0,8
A3114,0,8
A3469,0,8
A623,0,8
A810,0,8
A1790,0,8
A4134,0,8
A5207,6,8
A5466,0,8
A3914,0,8
A5467,0,8
A6574,0,8
A186,0,8
A1228,0,8
A2950,0,8
A1438,0,8
A3431,0,8
A6272,0,8
A6500,0,8
A232,0,8
A5548,0,8
A905,0,8
A1662,0,8
A1343,0,8
A1977,0,8
A2796,0,8
A3913,0,8
A4542,0,8
A6084,0,8
A2885,0,8
A4204,0,8
A7181,0,8
A171,0,8
A477,0,8
A1748,0,8
A1542,0,8
A1558,0,8
A3534,0,8
A4088,0,8
A6669,0,8
A188,0,8
A950,0,8
A1957,0,8
A990,0,8
A1004,0,8
A1443,0,8
A2429,0,8
A3264,6,8
A3799,0,8
A5544,0,8
A5579,0,8
A6109,0,8
A475,0,8
A1260,0,8
A1753,6,8
A1936,0,8
A2214,0,8
A2835,0,8
A3133,0,8
A5319,0,8
A5658,0,8
A6520,0,8
A433,0,8
A749,0,8
A788,0,8
A1595,0,8
A6273,0,8
A1230,0,8
A3604,0,8
A5731,0,8
A795,0,8
A2035,0,8
A2337,5,8
A3965,0,8
A414,0,8
A1803,0,8
A2045,0,8
A2953,0,8
A4716,3,8
A1223,0,8
A3774,0,8
A5486,0,8
A836,0,8
A991,0,8
A5231,6,8
A5260,0,8
A932,0,8
A2528,0,8
A4491,0,8
A5508,0,8
A478,0,8
A1187,0,8
A2265,0,8
A4735,0,8
A4981,5,8
A6353,0,8
A831,0,8
A342,0,8
A1227,0,8
A1675,0,8
A3718,0,8
A4313,0,8
A5627,0,8
A6551,0,8
A6928,0,8
A7274,0,8
A644,0,8
A1216,0,8
A2341,0,8
A5434,0,8
A7325,0,8
A267,0,8
A286,0,8
A514,0,8
A1093,0,8
A1111,0,8
A3392,0,8
A3564,0,8
A3805,0,8
A4156,0,8
A5662,0,8
A5674,0,8
A6628,0,8
A1678,0,8
A2362,0,8
A3808,0,8
A3837,0,8
A4139,0,8
A5201,0,8
A640,0,8
A4289,0,8
A2975,0,8
A5937,0,8
A1226,0,8
A3099,2,8
A3623,0,8
A4354,0,8
A5293,0,8
A6455,0,8
A6956,0,8
A1896,2,8
A3485,0,8
A3540,0,8
A4161,0,8
A4316,0,8
A6046,0,8
A6467,0,8
A7180,0,8
A2030,0,8
A2257,0,8
A365,0,8
A455,0,8
A1636,0,8
A3028,0,8
A3414,4,8
A6908,0,8
A2800,0,8
A3818,0,8
A4529,0,8
A6767,0,8
A1010,0,8
A1179,0,8
A1918,0,8
A2771,0,8
A670,0,8
A1700,0,8
A1770,0,8
A3050,0,8
A3814,0,8
A5522,0,8
A5543,0,8
A1515,0,8
A2358,0,8
A2740,0,8
A4513,0,8
A6603,0,8
A735,0,8
A1124,0,8
A2809,0,8
A3263,0,8
A3870,0,8
A5418,2,8
A1434,0,8
A1904,0,8
A2829,2,8
A4926,0,8
A6566,0,8
A6766,0,8
A1704,0,8
A1902,0,8
A3006,0,8
A4616,4,8
A5542,0,8
A355,0,8
A500,0,8
A2052,0,8
A4869,0,8
A5815,0,8
A5820,0,8
A603,0,8
A2088,0,8
A2993,0,8
A3391,0,8
A4197,0,8
A4784,0,8
A5915,0,8
A510,0,8
A669,0,8
A1282,0,8
A1359,0,8
A1548,0,8
A1762,0,8
A2684,0,8
A2856,0,8
A4254,0,8
A5483,0,8
A1204,0,8
A3390,2,8
A3807,0,8
A4653,0,8
A7141,0,8
A230,0,8
A706,0,8
A2733,0,8
A2842,0,8
A3090,0,8
A4098,0,8
A1480,0,8
A5475,0,8
A781,0,8
A2326,0,8
A3055,0,8
A5366,0,8
A796,0,8
A1586,2,8
A2003,4,8
A3847,0,8
A5306,0,8
A723,0,8
A1789,0,8
A4186,0,8
A4843,0,8
A5800,0,8
A1375,0,8
A3356,0,8
A4795,0,8
A2204,0,8
A2355,0,8
A739,0,8
A1318,0,8
A2353,0,8
A2685,0,8
A2850,0,8
A2957,0,8
A4472,5,8
A1081,0,8
A2739,0,8
A3327,0,8
A4094,0,8
A4535,0,8
A4643,0,8
A1024,0,8
A577,0,8
A1112,0,8
A3516,0,8
A7215,0,8
A169,0,8
A2834,2,8
A3261,0,8
A4734,0,8
A5259,0,8
A6502,0,8
A2168,0,8
A2263,0,8
A2817,0,8
A3285,0,8
A3697,0,8
A4602,4,8
A7214,0,8
A2259,0,8
A2296,0,8
A6372,0,8
A747,0,8
A1713,0,8
A2059,0,8
A3880,0,8
A4104,0,8
A4673,0,8
A1023,0,8
A1186,0,8
A2051,0,8
A4604,0,8
A5292,0,8
A1437,0,8
A1560,0,8
A3389,0,8
A4401,0,8
A5476,0,8
A1840,0,8
A4459,0,8
A226,0,8
A766,0,8
A775,3,8
A3374,2,8
A4017,0,8
A4138,0,8
A5230,6,8
A5818,0,8
A5998,0,8
A298,0,8
A2730,0,8
A4391,0,8
A6187,0,8
A2004,4,8
A2560,0,8
A4256,0,8
A5417,0,8
A6374,0,8
A68,0,8
A1436,0,8
A1722,3,8
A6260,0,8
A7447,0,8
A458,0,8
A4746,0,8
A622,0,8
A699,0,8
A3352,0,8
A5850,0,8
A5985,0,8
A6909,0,8
A782,0,8
A887,0,8
A1028,0,8
A2517,0,8
A4288,0,8
A981,0,8
A2617,0,8
A3603,0,8
A457,0,8
A1374,0,8
A2415,0,8
A2763,0,8
A3846,0,8
A4092,0,8
A6019,0,8
A3388,0,8
A7369,0,8
A1483,0,8
A3259,0,8
A3695,0,8
A178,0,8
A3409,0,8
A4009,0,8
A6362,0,8
A1739,0,8
A3795,0,8
A1481,0,8
A1872,0,8
A3308,0,8
A3466,0,8
A4327,0,8
A5147,0,8
A5368,0,8
A6018,0,8
A6725,0,8
A7457,0,8
A3027,0,8
A4064,0,8
A511,0,8
A2619,0,8
A4323,0,8
A5388,0,8
A6499,0,8
A6907,0,8
A6856,0,8
A797,0,8
A1638,0,8
A2170,0,8
A2618,0,8
A3809,0,8
A6390,0,8
A7017,0,8
A3098,0,8
A4772,0,8
A6079,0,8
A6483,0,8
A3217,0,8
A3353,0,8
A4983,5,8
A5229,6,8
A6361,0,8
A1682,0,8
A4101,0,8
A4119,0,8
A4248,0,8
A4292,0,8
A6124,0,8
A6947,0,8
A253,0,8
A1699,0,8
A1898,0,8
A2002,4,8
A3869,0,8
A4671,0,8
A7134,0,8
A353,0,8
A1370,0,8
A6229,0,8
A291,0,8
A366,0,8
A720,0,8
A4836,0,8
A1842,0,8
A5318,0,8
A5829,0,8
A635,0,8
A839,0,8
A4768,0,8
A6179,0,8
A7282,0,8
A2110,0,8
A2755,0,8
A3468,0,8
A3694,0,8
A4146,0,8
A4404,0,8
A4614,4,8
A5495,0,8
A5629,0,8
A6230,0,8
A719,2,8
A2561,0,8
A6906,0,8
A7200,0,8
A2700,0,8
A2773,0,8
A4792,0,8
A6149,0,8
A6985,0,8
A5433,0,8
A5677,0,8
A3434,0,8
A4026,0,8
A5227,6,8
A6360,0,8
A289,0,8
A2412,0,8
A2905,0,8
A2946,0,8
A501,0,8
A1513,0,8
A1843,0,8
A2845,0,8
A3257,0,8
A3467,0,8
A4171,5,8
A6699,0,8
A384,0,8
A1897,0,8
A2708,0,8
A3416,0,8
A4065,0,8
A4613,4,8
A4787,0,8
A5228,6,8
A6715,0,8
A700,0,8
A1037,0,8
A2802,0,8
A3256,0,8
A3423,0,8
A5612,0,8
A5927,0,8
A6638,0,8
A362,0,8
A1890,0,8
A2260,0,8
A2870,0,8
A3254,0,8
A3488,0,8
A4458,0,8
A5379,0,8
A5939,0,8
A1915,0,8
A2166,0,8
A4222,0,8
A2013,4,8
A3822,0,8
A4118,0,8
A4168,0,8
A5515,0,8
A2348,0,8
A2477,0,8
A3398,0,8
A3878,0,8
A4640,0,8
A5875,0,8
A1002,0,8
A2295,0,8
A2494,0,8
A2598,0,8
A3001,0,8
A3387,0,8
A5449,0,8
A894,0,8
A4390,0,8
A5918,0,8
A6020,0,8
A1740,0,8
A1810,0,8
A2001,4,8
A3097,2,8
A3806,0,8
A4348,0,8
A6959,0,8
A82,0,8
A3897,0,8
A6923,0,8
A1302,0,8
A949,0,8
A3117,0,8
A6720,0,8
A229,0,8
A3247,0,8
A3345,0,8
A4870,0,8
A4963,5,8
A5405,0,8
A6095,0,8
A1501,0,8
A1978,0,8
A5332,0,8
A5563,0,8
A7083,0,8
A2931,4,8
A4611,4,8
A6668,0,8
A875,0,8
A1768,0,8
A1813,0,8
A3736,0,8
A3791,0,8
A4079,0,8
A4610,4,8
A5807,0,8
A5879,0,8
A6456,0,8
A288,0,8
A1105,0,8
A3562,0,8
A4287,0,8
A5766,0,8
A7233,0,8
A3153,0,8
A6424,0,8
A878,0,8
A2288,0,8
A246,0,8
A935,0,8
A2901,0,8
A3026,0,8
A6108,0,8
A6143,0,8
A4369,6,8
A5876,0,8
A6316,0,8
A7032,0,8
A594,0,8
A3110,0,8
A5764,0,8
A400,0,8
A1372,0,8
A1864,0,8
A2200,2,8
A3262,0,8
A5246,0,8
A228,0,8
A581,0,8
A985,0,8
A1057,0,8
A2592,0,8
A5896,0,8
A3752,0,8
A583,0,8
A816,0,8
A1196,0,8
A2558,0,8
A2741,0,8
A5672,0,8
A6419,0,8
A6960,0,8
A1130,0,8
A1224,0,8
A2256,0,8
A3625,0,8
A3901,0,8
A4508,0,8
A5198,0,8
A5226,0,8
A6257,0,8
A6537,0,8
A2563,0,8
A576,0,8
A771,0,8
A909,0,8
A1300,0,8
A4152,0,8
A6100,0,8
A156,0,8
A4242,0,8
A6958,0,8
A7417,0,8
A227,0,8
A693,0,8
A3900,0,8
A5936,0,8
A7106,0,8
A902,0,8
A1433,0,8
A2320,0,8
A2978,0,8
A3063,0,8
A4829,0,8
A6536,0,8
A6829,0,8
A2000,4,8
A7471,0,8
A1020,0,8
A1698,0,8
A1815,0,8
A1858,3,8
A2476,0,8
A3096,2,8
A3552,0,8
A3779,2,8
A7144,0,8
A1027,0,8
A4170,0,8
A6132,0,8
A6493,0,8
A6978,0,8
A1251,0,8
A3095,0,8
A142,4,8
A509,0,8
A2314,0,8
A2711,0,8
A3692,0,8
A3693,0,8
A6890,0,8
A364,0,8
A2140,0,8
A4011,0,8
A4966,5,8
A5304,0,8
A5726,0,8
A5889,0,8
A6637,0,8
A7161,0,8
A6370,0,8
A18,0,8
A568,0,8
A866,0,8
A1393,0,8
A2034,0,8
A2690,0,8
A2772,0,8
A4781,0,8
A4886,0,8
A5350,0,8
A5451,0,8
A513,0,8
A1660,0,8
A6077,0,8
A6884,0,8
A6962,0,8
A1527,0,8
A1701,0,8
A2539,3,8
A2869,0,8
A5501,0,8
A837,0,8
A1314,0,8
A1344,2,8
A2952,0,8
A5387,2,8
A5610,0,8
A6104,0,8
A1142,0,8
A1949,0,8
A2557,0,8
A3253,0,8
A3602,0,8
A3801,0,8
A4226,0,8
A4599,4,8
A5557,0,8
A6832,0,8
A6965,0,8
A448,0,8
A467,0,8
A1421,0,8
A1499,0,8
A3350,0,8
A7152,0,8
A794,0,8
A1506,0,8
A2340,0,8
A3295,0,8
A3895,0,8
A6351,0,8
A6957,0,8
A398,0,8
A589,0,8
A1871,0,8
A3749,0,8
A4499,0,8
A5644,0,8
A5803,0,8
A6840,0,8
A7104,0,8
A328,0,8
A2078,0,8
A3039,0,8
A3691,0,8
A3778,0,8
A3947,0,8
A5519,0,8
A5663,0,8
A5,0,8
A4093,0,8
A5484,0,8
A776,0,8
A1828,0,8
A2369,0,8
A2871,0,8
A3810,0,8
A6428,0,8
A2165,0,8
A2393,0,8
A2490,0,8
A6359,0,8
A556,0,8
A5254,0,8
A6023,0,8
A6468,0,8
A6616,0,8
A6827,0,8
A1556,0,8
A1771,3,8
A2765,0,8
A3188,0,8
A3331,0,8
A4063,0,8
A4329,0,8
A952,0,8
A988,0,8
A2060,0,8
A3844,0,8
A4221,0,8
A4841,0,8
A6717,0,8
A7405,0,8
A3838,0,8
A3937,0,8
A5999,0,8
A7022,0,8
A397,0,8
A1891,0,8
A2220,0,8
A3239,0,8
A1178,0,8
A4433,0,8
A6557,0,8
A452,0,8
A454,0,8
A1503,0,8
A2044,0,8
A3830,0,8
A4690,0,8
A5416,2,8
A5657,0,8
A5866,0,8
A793,0,8
A901,0,8
A2313,0,8
A2336,0,8
A4245,0,8
A1859,0,8
A3591,0,8
A3946,0,8
A3958,0,8
A4165,0,8
A5249,0,8
A5614,0,8
A6742,0,8
A240,0,8
A508,0,8
A1674,0,8
A2083,0,8
A2132,0,8
A2498,6,8
A3132,0,8
A4001,0,8
A4196,0,8
A4652,0,8
A1960,0,8
A5115,0,8
A5716,0,8
A6602,0,8
A7195,0,8
A2155,0,8
A2414,0,8
A3498,0,8
A3932,0,8
A4422,5,8
A4489,6,8
A5859,0,8
A1696,0,8
A2222,0,8
A4738,0,8
A5553,0,8
A6139,0,8
A6953,0,8
A7199,0,8
A3721,0,8
A4758,0,8
A5881,0,8
A200,0,8
A1168,0,8
A2054,0,8
A2143,0,8
A2936,0,8
A1117,0,8
A1233,0,8
A3351,0,8
A4353,0,8
A4609,4,8
A6977,0,8
A306,0,8
A1459,0,8
A1784,0,8
A4296,0,8
A572,0,8
A1107,0,8
A1999,4,8
A2026,0,8
A2137,0,8
A2582,0,8
A4582,4,8
A5458,0,8
A2363,0,8
A621,0,8
A636,0,8
A1176,0,8
A2421,0,8
A4587,0,8
A4756,0,8
A57,0,8
A3487,0,8
A4638,0,8
A5317,0,8
A6403,0,8
A1640,0,8
A2158,0,8
A2443,0,8
A2597,0,8
A2990,0,8
A5290,0,8
A5410,0,8
A2703,0,8
A2836,0,8
A3600,0,8
A6000,0,8
A6555,0,8
A6609,0,8
A2541,0,8
A5502,0,8
A6905,0,8
A7003,0,8
A1177,0,8
A1860,0,8
A2843,0,8
A3601,0,8
A6712,0,8
A410,0,8
A3094,0,8
A3252,0,8
A5386,0,8
A6300,0,8
A7442,0,8
A396,0,8
A3250,0,8
A3792,0,8
A6200,0,8
A97,0,8
A1218,0,8
A1540,0,8
A3093,2,8
A5224,0,8
A5415,2,8
A6045,0,8
A411,0,8
A740,0,8
A2523,0,8
A3201,0,8
A4083,0,8
A4352,0,8
A5898,0,8
A7314,0,8
A56,0,8
A1901,0,8
A3793,0,8
A4062,0,8
A4715,3,8
A5702,0,8
A6345,0,8
A6423,0,8
A6772,0,8
A248,0,8
A1963,0,8
A2527,0,8
A3599,0,8
A6264,0,8
A7183,0,8
A987,5,8
A1098,0,8
A1582,0,8
A3119,0,8
A6044,0,8
A6256,0,8
A6482,0,8
A7414,0,8
A395,0,8
A705,0,8
A3092,2,8
A3108,0,8
A3320,0,8
A3593,0,8
A3945,0,8
A5414,2,8
A6261,0,8
A2967,0,8
A4370,0,8
A5136,0,8
A6125,0,8
A6688,0,8
A6871,0,8
A1934,0,8
A2195,0,8
A3386,0,8
A4827,0,8
A507,0,8
A767,0,8
A1164,0,8
A1956,0,8
A2142,0,8
A3377,0,8
A4028,0,8
A5681,0,8
A7209,0,8
A3025,0,8
A4294,0,8
A2167,0,8
A3248,0,8
A4608,4,8
A5225,6,8
A5640,0,8
A6378,0,8
A7142,0,8
A453,0,8
A505,0,8
A1816,0,8
A3690,0,8
A3876,0,8
A4692,0,8
A6078,0,8
A197,0,8
A1431,0,8
A1923,0,8
A3924,0,8
A4414,0,8
A4521,0,8
A4749,0,8
A5413,2,8
A6287,0,8
A1539,0,8
A1577,0,8
A5411,0,8
A7212,0,8
A1948,0,8
A2012,4,8
A2228,0,8
A2255,0,8
A2497,0,8
A3704,0,8
A345,0,8
A4417,0,8
A5003,5,8
A89,0,8
A900,0,8
A1073,0,8
A3689,0,8
A3921,0,8
A5551,0,8
A40,0,8
A255,0,8
A2872,0,8
A3015,0,8
A4904,0,8
A5487,0,8
A3307,0,8
A3615,0,8
A4145,4,8
A4498,0,8
A6667,0,8
A16,0,8
A574,0,8
A746,0,8
A3551,0,8
A4462,0,8
A4607,4,8
A7044,0,8
A7557,0,8
A734,0,8
A2196,0,8
A3506,0,8
A4150,0,8
A4484,0,8
A5428,2,8
A6670,0,8
A7109,0,8
A1601,0,8
A3780,0,8
A5385,2,8
A1536,0,8
A2507,5,8
A3038,6,8
A3290,0,8
A3815,0,8
A5004,5,8
A7137,0,8
A114,4,8
A1141,0,8
A1389,0,8
A1571,0,8
A5258,0,8
A5824,0,8
A6377,0,8
A163,0,8
A1998,4,8
A4365,0,8
A5558,0,8
A7436,0,8
A2971,0,8
A3164,0,8
A3429,0,8
A4934,0,8
A5122,0,8
A5569,0,8
A295,0,8
A2744,0,8
A3465,0,8
A6886,0,8
A6904,0,8
A2395,0,8
A2725,0,8
A3231,0,8
A3620,0,8
A4786,0,8
A6911,0,8
A3415,0,8
A3713,0,8
A4076,0,8
A4631,0,8
A196,0,8
A1299,0,8
A2319,0,8
A3246,0,8
A6133,0,8
A506,0,8
A2581,0,8
A2692,0,8
A3444,0,8
A3728,0,8
A4269,0,8
A5618,0,8
A6114,0,8
A6305,0,8
A680,0,8
A1055,0,8
A1691,0,8
A2459,0,8
A3174,0,8
A5193,0,8
A7092,0,8
A1517,0,8
A3269,0,8
A4382,0,8
A4714,0,8
A5616,0,8
A413,0,8
A2172,0,8
A2193,0,8
A2251,0,8
A1049,0,8
A1463,0,8
A1646,0,8
A4066,0,8
A4519,0,8
A4532,0,8
A5857,0,8
A224,0,8
A1308,0,8
A1326,0,8
A3037,0,8
A3224,0,8
A3760,0,8
A4169,0,8
A4332,0,8
A4334,0,8
A4661,0,8
A5643,0,8
A5847,0,8
A7435,0,8
A653,0,8
A1174,0,8
A1292,0,8
A3191,0,8
A3530,0,8
A5112,0,8
A5412,0,8
A6519,0,8
A7165,0,8
A2245,0,8
A2992,0,8
A3891,0,8
A4374,0,8
A5655,0,8
A7318,0,8
A1460,0,8
A2694,0,8
A2910,0,8
A4430,0,8
A5541,0,8
A6338,0,8
A6518,0,8
A4232,0,8
A4806,0,8
A5322,0,8
A223,0,8
A1528,0,8
A1546,0,8
A2368,0,8
A4384,0,8
A880,0,8
A1689,0,8
A6197,0,8
A582,0,8
A1886,0,8
A2163,0,8
A2250,0,8
A4733,0,8
A5539,0,8
A6341,0,8
A6490,0,8
A1953,0,8
A2112,0,8
A5010,5,8
A5248,0,8
A5311,0,8
A5431,0,8
A5718,0,8
A488,0,8
A750,0,8
A2884,0,8
A3131,0,8
A3459,0,8
A3788,0,8
A4127,0,8
A4500,0,8
A5578,0,8
A6032,0,8
A911,0,8
A1549,0,8
A3341,0,8
A3419,0,8
A3684,0,8
A4828,0,8
A5316,0,8
A6572,0,8
A6636,0,8
A6741,0,8
A37,0,8
A221,0,8
A222,0,8
A778,0,8
A1533,0,8
A3260,0,8
A4223,0,8
A5196,0,8
A5245,0,8
A6404,0,8
A416,0,8
A634,0,8
A1072,0,8
A3337,0,8
A5656,0,8
A6172,0,8
A6698,0,8
A198,0,8
A6290,0,8
A7123,0,8
A266,0,8
A1275,0,8
A1635,0,8
A2449,0,8
A2670,0,8
A3323,0,8
A7317,0,8
A7419,0,8
A765,0,8
A2283,0,8
A4814,0,8
A6140,0,8
A7164,0,8
A285,0,8
A751,0,8
A2293,4,8
A2837,0,8
A3245,0,8
A3629,0,8
A4337,0,8
A4783,0,8
A4807,0,8
A5540,0,8
A6097,0,8
A563,0,8
A1219,3,8
A2053,0,8
A3598,0,8
A4328,0,8
A5482,0,8
A6029,0,8
A6794,0,8
A595,0,8
A2254,0,8
A4656,0,8
A5195,0,8
A5849,0,8
A1688,0,8
A2695,0,8
A2858,0,8
A4108,0,8
A4695,0,8
A5710,0,8
A6344,0,8
A6358,0,8
A1012,0,8
A1921,0,8
A2057,4,8
A2130,0,8
A2253,0,8
A3244,0,8
A4683,0,8
A5247,0,8
A7337,0,8
A1267,0,8
A1728,0,8
A5810,0,8
A6690,0,8
A205,0,8
A631,0,8
A2410,0,8
A3328,0,8
A6003,0,8
A7213,0,8
A449,2,8
A764,0,8
A1175,0,8
A1428,0,8
A4771,0,8
A5780,0,8
A6600,0,8
A6929,0,8
A1068,0,8
A1706,0,8
A2420,0,8
A4050,0,8
A4782,0,8
A5315,0,8
A5328,0,8
A5608,0,8
A5858,0,8
A588,0,8
A787,0,8
A1126,0,8
A2240,0,8
A2292,0,8
A2384,0,8
A2766,0,8
A3639,0,8
A3686,0,8
A4819,0,8
A5321,0,8
A5948,0,8
A6852,0,8
A590,0,8
A975,0,8
A573,0,8
A2833,2,8
A5342,0,8
A6028,0,8
A6750,0,8
A380,0,8
A451,0,8
A1687,0,8
A3384,0,8
A3526,0,8
A3685,0,8
A5222,0,8
A1562,0,8
A2832,0,8
A3089,2,8
A3385,0,8
A3417,0,8
A4320,0,8
A5121,0,8
A5211,6,8
A5223,6,8
A6848,0,8
A51,0,8
A530,0,8
A1047,0,8
A1125,0,8
A1367,0,8
A1819,0,8
A3024,0,8
A4848,0,8
A5837,0,8
A5906,0,8
A7145,0,8
A471,0,8
A1933,0,8
A5822,0,8
A6975,0,8
A7315,0,8
A64,0,8
A609,0,8
A1684,0,8
A2025,0,8
A3128,0,8
A3576,0,8
A3899,0,8
A4194,0,8
A5819,0,8
A6438,0,8
A390,0,8
A937,0,8
A2383,0,8
A4085,0,8
A4794,0,8
A1683,0,8
A1774,0,8
A3888,0,8
A5642,0,8
A6205,0,8
A6540,0,8
A7367,0,8
A450,0,8
A3243,0,8
A3772,0,8
A3868,0,8
A5194,0,8
A5494,0,8
A5714,0,8
A6939,0,8
A718,0,8
A1429,0,8
A2803,0,8
A3464,0,8
A3712,0,8
A4512,0,8
A4920,0,8
A6118,0,8
A1173,0,8
A2318,0,8
A3129,0,8
A3624,0,8
A4078,0,8
A5611,0,8
A5749,0,8
A6627,0,8
A6841,0,8
A7211,0,8
A1709,4,8
A2115,0,8
A2714,0,8
A2751,0,8
A3433,0,8
A4597,4,8
A4672,0,8
A6573,0,8
A7400,0,8
A55,0,8
A1281,0,8
A3925,0,8
A3999,0,8
A4480,0,8
A5577,0,8
A6060,0,8
A6855,0,8
A6932,0,8
A679,0,8
A744,0,8
A1690,0,8
A2392,0,8
A2680,0,8
A4363,0,8
A5268,0,8
A5870,0,8
A6802,0,8
A2249,0,8
A2447,0,8
A2699,2,8
A4164,0,8
A6517,0,8
A559,0,8
A769,0,8
A1262,0,8
A1511,0,8
A1867,0,8
A2738,0,8
A3088,2,8
A5856,0,8
A6178,0,8
A6601,0,8
A4853,0,8
A5169,0,8
A5221,6,8
A6011,0,8
A99,0,8
A3242,0,8
A3597,0,8
A4403,0,8
A772,0,8
A1680,0,8
A1742,0,8
A3121,0,8
A4868,0,8
A6844,0,8
A6912,0,8
A844,0,8
A3091,2,8
A3241,0,8
A5864,0,8
A7182,0,8
A7437,0,8
A1821,0,8
A6509,0,8
A7031,0,8
A7229,0,8
A420,0,8
A2839,0,8
A4849,0,8
A7013,0,8
A2161,0,8
A2317,0,8
A3863,0,8
A3935,0,8
A4111,0,8
A4167,0,8
A5208,0,8
A5691,0,8
A193,0,8
A254,0,8
A711,0,8
A3549,0,8
A5871,0,8
A6021,0,8
A6755,0,8
A1602,0,8
A2227,0,8
A2411,0,8
A3036,0,8
A4262,0,8
A5878,0,8
A7073,0,8
A605,0,8
A807,0,8
A1199,0,8
A1296,0,8
A3567,0,8
A3959,0,8
A5023,5,8
A146,4,8
A367,0,8
A571,0,8
A3087,0,8
A139,0,8
A1261,0,8
A4319,0,8
A6192,0,8
A6585,0,8
A1354,0,8
A1965,0,8
A2017,0,8
A2648,0,8
A3773,0,8
A4737,0,8
A5729,0,8
A6599,0,8
A604,0,8
A1191,0,8
A1512,0,8
A2248,0,8
A2674,0,8
A3548,0,8
A3683,0,8
A5432,0,8
A5798,0,8
A6988,0,8
A441,0,8
A5200,0,8
A2676,0,8
A4335,0,8
A5523,0,8
A10,0,8
A313,0,8
A732,0,8
A1114,0,8
A3936,0,8
A4293,0,8
A5409,2,8
A5424,0,8
A6226,0,8
A503,0,8
A684,0,8
A6057,0,8
A6393,0,8
A570,0,8
A641,0,8
A967,0,8
A1365,0,8
A2247,0,8
A2588,0,8
A2602,0,8
A3022,0,8
A3682,0,8
A4670,0,8
A5734,0,8
A168,0,8
A3764,0,8
A4185,0,8
A4682,0,8
A5408,2,8
A1518,0,8
A2409,0,8
A3240,0,8
A4371,0,8
A4488,0,8
A4666,2,8
A5442,0,8
A5747,0,8
A7136,0,8
A2345,0,8
A3681,0,8
A5637,0,8
A5648,0,8
A6666,0,8
A1507,0,8
A4412,0,8
A4805,0,8
A176,0,8
A2357,0,8
A2769,0,8
A2820,0,8
A3086,0,8
A546,0,8
A1677,0,8
A2722,0,8
A4182,0,8
A5827,0,8
A6201,0,8
A6733,0,8
A1537,0,8
A2937,0,8
A4070,0,8
A54,0,8
A1541,0,8
A2596,0,8
A5192,0,8
A6479,0,8
A6598,0,8
A6611,0,8
A8,0,8
A2011,4,8
A2977,5,8
A4507,0,8
A6063,0,8
A6117,0,8
A7129,0,8
A1046,0,8
A1576,0,8
A2599,0,8
A3406,0,8
A4124,5,8
A5713,0,8
A6279,0,8
A6597,0,8
A7064,0,8
A334,0,8
A936,0,8
A943,0,8
A1360,0,8
A1791,0,8
A2241,0,8
A2770,0,8
A3382,0,8
A4358,0,8
A5076,5,8
A5407,2,8
A5759,0,8
A320,0,8
A1171,0,8
A1203,0,8
A1366,0,8
A2996,0,8
A4240,0,8
A5262,0,8
A5910,0,8
A4123,0,8
A5402,0,8
A5532,0,8
A6513,0,8
A976,0,8
A2043,5,8
A2463,0,8
A3237,0,8
A5164,0,8
A5790,0,8
A1868,0,8
A2525,0,8
A2791,0,8
A2866,0,8
A4243,0,8
A6364,0,8
A7084,0,8
A1427,0,8
A2364,0,8
A3035,0,8
A3497,0,8
A4006,0,8
A4015,0,8
A5073,5,8
A5348,0,8
A5485,0,8
A6070,0,8
A419,0,8
A1115,0,8
A2262,0,8
A2285,0,8
A2635,0,8
A6319,0,8
A1458,0,8
A3613,0,8
A4479,0,8
A1717,0,8
A1892,0,8
A2672,0,8
A3711,0,8
A6276,0,8
A242,0,8
A3589,0,8
A3867,0,8
A6963,0,8
A7018,0,8
A7019,0,8
A2316,5,8
A2721,0,8
A3622,0,8
A4388,0,8
A4455,0,8
A4680,0,8
A5514,0,8
A6786,0,8
A4117,0,8
A4528,0,8
A2673,0,8
A6471,0,8
A1003,0,8
A1215,0,8
A4357,0,8
A4387,0,8
A4748,0,8
A2750,0,8
A3751,0,8
A5314,0,8
A5623,0,8
A429,0,8
A1011,0,8
A2400,0,8
A2427,0,8
A2518,0,8
A2831,2,8
A4990,5,8
A5220,6,8
A6680,0,8
A1279,0,8
A1669,0,8
A1775,2,8
A2028,0,8
A167,6,8
A785,0,8
A3944,0,8
A3983,0,8
A6225,0,8
A301,0,8
A615,0,8
A651,0,8
A733,0,8
A1887,0,8
A2545,0,8
A3680,0,8
A73,0,8
A3365,0,8
A4241,0,8
A4279,0,8
A4824,0,8
A2033,0,8
A2567,0,8
A3486,0,8
A3845,0,8
A4282,0,8
A4496,0,8
A6461,0,8
A6757,0,8
A322,0,8
A716,0,8
A4031,0,8
A4102,0,8
A5538,0,8
A343,0,8
A3726,0,8
A1120,0,8
A1802,0,8
A1804,5,8
A2073,0,8
A3836,0,8
A3877,0,8
A6484,0,8
A6834,0,8
A2019,0,8
A5452,0,8
A145,4,8
A327,0,8
A1185,0,8
A2398,0,8
A2810,2,8
A5828,0,8
A6268,0,8
A220,0,8
A676,0,8
A2186,5,8
A3085,0,8
A3126,0,8
A4216,0,8
A340,0,8
A1612,0,8
A1653,0,8
A4457,0,8
A5895,0,8
A6535,0,8
A7179,0,8
A7364,0,8
A251,0,8
A1676,0,8
A3557,0,8
A4178,0,8
A5701,0,8
A5802,0,8
A3084,0,8
A3513,0,8
A3679,0,8
A5435,0,8
A6822,0,8
A7063,0,8
A316,0,8
A2216,0,8
A3594,0,8
A4873,0,8
A6313,0,8
A6716,0,8
A394,0,8
A1380,0,8
A2830,2,8
A3569,0,8
A7178,0,8
A3612,0,8
A3747,0,8
A5310,0,8
A5406,2,8
A1656,0,8
A3989,5,8
A4523,0,8
A5457,0,8
A392,0,8
A941,0,8
A3920,0,8
A3987,0,8
A4413,0,8
A6013,0,8
A6249,0,8
A620,0,8
A2757,0,8
A5191,0,8
A5371,0,8
A5908,0,8
A7304,0,8
A1169,0,8
A2681,0,8
A642,0,8
A2159,0,8
A4431,0,8
A5796,0,8
A155,0,8
A2188,0,8
A3083,0,8
A3560,0,8
A4980,5,8
A6368,0,8
A6447,0,8
A6944,0,8
A215,0,8
A379,0,8
A3306,0,8
A3840,0,8
A4804,0,8
A2448,0,8
A3007,0,8
A6382,0,8
A7451,0,8
A281,0,8
A1575,0,8
A2863,0,8
A4053,0,8
A6281,0,8
A6534,0,8
A6710,0,8
A2987,0,8
A5219,6,8
A5567,0,8
A1363,0,8
A1776,0,8
A2157,0,8
A2173,0,8
A2213,0,8
A2554,0,8
A2868,0,8
A4540,0,8
A5326,0,8
A5376,0,8
A6356,0,8
A7131,0,8
A7177,0,8
A1069,0,8
A1166,0,8
A1617,0,8
A2608,0,8
A4191,0,8
A4688,0,8
A5355,0,8
A6184,0,8
A1509,0,8
A1666,0,8
A2332,0,8
A4351,0,8
A4445,0,8
A5574,0,8
A6401,0,8
A6845,0,8
A378,0,8
A1734,0,8
A3408,0,8
A5762,0,8
A5823,0,8
A6665,0,8
A6902,0,8
A1353,0,8
A2315,0,8
A4378,0,8
A4855,0,8
A499,0,8
A961,0,8
A1538,0,8
A1932,0,8
A2074,0,8
A3298,0,8
A4336,0,8
A4456,0,8
A4662,0,8
A5354,0,8
A5615,0,8
A5968,0,8
A6094,0,8
A6198,0,8
A6664,0,8
A7133,0,8
A1552,0,8
A2471,0,8
A4704,3,8
A5135,0,8
A5500,0,8
A2496,5,8
A2883,0,8
A5779,0,8
A1371,0,8
A1508,0,8
A1673,0,8
A2377,0,8
A3296,0,8
A3441,0,8
A4713,0,8
A3678,0,8
A3705,0,8
A3955,0,8
A4322,0,8
A5661,0,8
A1466,0,8
A2867,0,8
A3646,0,8
A6561,0,8
A1773,0,8
A2042,0,8
A2082,0,8
A3542,0,8
A5715,0,8
A6327,0,8
A7100,0,8
A447,0,8
A602,0,8
A3436,0,8
A3621,0,8
A3278,0,8
A3642,0,8
A5507,0,8
A5696,0,8
A6881,0,8
A284,0,8
A652,0,8
A929,0,8
A1009,0,8
A1183,0,8
A6285,0,8
A7160,0,8
A7336,0,8
A7383,0,8
A1671,0,8
A2156,0,8
A3463,0,8
A5712,0,8
A6605,0,8
A2818,0,8
A3789,0,8
A7230,0,8
A2473,0,8
A3054,0,8
A3378,0,8
A4375,0,8
A814,0,8
A1000,0,8
A1390,0,8
A1670,0,8
A2573,0,8
A3082,2,8
A4928,0,8
A5572,0,8
A6466,0,8
A3583,0,8
A3677,0,8
A3730,0,8
A4538,0,8
A6304,0,8
A189,0,8
A2682,0,8
A2935,0,8
A4061,0,8
A4712,0,8
A5289,0,8
A7307,0,8
A473,0,8
A1295,4,8
A1425,0,8
A4953,5,8
A6064,0,8
A6357,0,8
A674,0,8
A1140,0,8
A1489,0,8
A3052,0,8
A3208,0,8
A3255,0,8
A4321,0,8
A5404,0,8
A6477,0,8
A7206,0,8
A904,0,8
A1041,0,8
A6240,0,8
A3238,0,8
A3517,0,8
A446,0,8
A921,0,8
A1362,0,8
A1747,5,8
A2041,0,8
A3543,0,8
A3781,0,8
A4606,4,8
A4859,0,8
A6846,0,8
A341,0,8
A498,0,8
A1045,0,8
A1618,0,8
A1895,0,8
A4231,0,8
A5492,0,8
A5668,0,8
A6691,0,8
A6997,0,8
A12,0,8
A4862,0,8
A6837,0,8
A7564,0,8
A1667,0,8
A3081,2,8
A2823,0,8
A4924,0,8
A6086,0,8
A862,4,8
A1679,0,8
A1920,0,8
A2261,6,8
A3432,0,8
A2160,0,8
A2874,0,8
A4060,0,8
A5119,0,8
A1294,0,8
A3561,0,8
A5190,0,8
A6459,0,8
A5282,0,8
A5537,0,8
A2949,0,8
A5607,0,8
A6291,0,8
A71,0,8
A86,0,8
A191,0,8
A1758,0,8
A1772,5,8
A6545,0,8
A6676,0,8
A611,0,8
A812,0,8
A2632,0,8
A3322,0,8
A409,0,8
A1665,0,8
A2754,0,8
A2855,0,8
A3512,0,8
A5097,5,8
A6055,0,8
A6288,0,8
A6938,0,8
A838,0,8
A3462,0,8
A4052,0,8
A4410,0,8
A4428,0,8
A4856,0,8
A5930,0,8
A6239,0,8
A7008,0,8
A175,5,8
A715,0,8
A1182,5,8
A1202,0,8
A2191,0,8
A6952,0,8
A966,0,8
A1170,0,8
A4419,5,8
A5118,0,8
A5982,0,8
A1732,0,8
A3236,0,8
A4228,0,8
A4466,0,8
A5920,0,8
A6596,0,8
A971,0,8
A2864,0,8
A3281,0,8
A7264,0,8
A7366,0,8
A7423,0,8
A1329,0,8
A2367,0,8
A3971,0,8
A4494,0,8
A4605,4,8
A6663,0,8
A6949,0,8
A3061,0,8
A4271,0,8
A4300,0,8
A4902,0,8
A6277,0,8
A6480,0,8
A6550,0,8
A7536,0,8
A629,0,8
A1505,0,8
A2136,0,8
A5448,0,8
A7228,0,8
A183,0,8
A823,0,8
A1888,0,8
A3428,0,8
A3596,0,8
A6054,0,8
A6284,0,8
A7095,0,8
A1201,0,8
A3929,5,8
A4239,0,8
A4669,0,8
A6083,0,8
A6925,0,8
A668,0,8
A1067,0,8
A1297,0,8
A1659,0,8
A2797,0,8
A3940,0,8
A4537,0,8
A7127,0,8
A81,0,8
A540,2,8
A1364,0,8
A2889,0,8
A3770,0,8
A3787,0,8
A5427,0,8
A6503,0,8
A6824,0,8
A6825,0,8
A2458,0,8
A2938,0,8
A2956,0,8
A4331,0,8
A5104,5,8
A5576,0,8
A6531,0,8
A6594,0,8
A358,0,8
A3064,0,8
A4,0,8
A2472,0,8
A3060,0,8
A3617,0,8
A3866,0,8
A5403,0,8
A6025,0,8
A6828,0,8
A53,0,8
A704,0,8
A2808,0,8
A4833,0,8
A5711,0,8
A7441,0,8
A587,0,8
A1695,0,8
A2437,0,8
A3034,0,8
A3348,0,8
A3676,0,8
A586,0,8
A1423,0,8
A3029,0,8
A3235,0,8
A3380,0,8
A5651,0,8
A6115,0,8
A6798,0,8
A6861,0,8
A162,0,8
A363,0,8
A497,0,8
A1598,0,8
A3883,0,8
A6972,0,8
A7611,0,8
A7612,0,8
A377,0,8
A903,0,8
A1287,0,8
A4641,0,8
A5698,0,8
A7335,0,8
A80,0,8
A144,0,8
A1291,0,8
A3748,0,8
A6017,0,8
A35,0,8
A445,0,8
A1947,0,8
A3407,0,8
A3547,0,8
A6336,0,8
A849,0,8
A3021,0,8
A3595,0,8
A4115,0,8
A4411,4,8
A4681,5,8
A5547,0,8
A5917,0,8
A6595,0,8
A6811,0,8
A159,0,8
A3820,0,8
A5645,0,8
A5786,0,8
A352,0,8
A438,0,8
A483,0,8
A1997,4,8
A2887,0,8
A5426,0,8
A6062,0,8
A6389,0,8
A14,0,8
A1198,0,8
A1212,0,8
A5512,0,8
A5552,0,8
A5922,0,8
A6016,0,8
A6251,0,8
A6387,0,8
A2050,0,8
A2577,0,8
A3545,0,8
A7062,0,8
A7105,0,8
A15,0,8
A597,0,8
A687,0,8
A2880,0,8
A5365,0,8
A5439,0,8
A5606,0,8
A5667,0,8
A7049,0,8
A649,0,8
A865,0,8
A986,0,8
A1122,0,8
A3859,0,8
A4116,0,8
A4691,0,8
A7002,0,8
A7135,0,8
A41,0,8
A1705,0,8
A2506,0,8
A2516,0,8
A3172,0,8
A3234,0,8
A3675,0,8
A3893,0,8
A4136,0,8
A5212,0,8
A6515,0,8
A7012,0,8
A2215,0,8
A2537,0,8
A3853,0,8
A6415,0,8
A6437,0,8
A6581,0,8
A20,0,8
A713,0,8
A1521,0,8
A3478,0,8
A6091,0,8
A6446,0,8
A6758,0,8
A143,4,8
A504,0,8
A1149,0,8
A2613,0,8
A4122,0,8
A5580,0,8
A6391,0,8
A1207,0,8
A1220,0,8
A1453,0,8
A4260,0,8
A4531,0,8
A4765,0,8
A5390,0,8
A5401,0,8
A5794,0,8
A7311,0,8
A1271,0,8
A1486,0,8
A1664,0,8
A2805,0,8
A5673,0,8
A1336,0,8
A2207,0,8
A2943,0,8
A2951,0,8
A3233,0,8
A4478,0,8
A4745,0,8
A6238,0,8
A6405,0,8
A6412,0,8
A7411,0,8
A7578,0,8
A38,0,8
A2521,0,8
A4234,0,8
A6069,0,8
A6075,0,8
A7030,0,8
A7114,0,8
A335,0,8
A1477,0,8
A2091,0,8
A2533,0,8
A2702,0,8
A6122,0,8
A6516,0,8
A6924,0,8
A761,0,8
A2512,0,8
A6038,0,8
A6103,0,8
A6843,0,8
A6858,0,8
A6942,0,8
A874,0,8
A2792,0,8
A5561,0,8
A7048,0,8
A2483,0,8
A2647,0,8
A4731,0,8
A5465,0,8
A6529,0,8
A944,0,8
A1184,0,8
A1417,0,8
A4184,0,8
A4277,0,8
A4343,0,8
A1074,0,8
A3232,0,8
A6012,0,8
A6478,0,8
A7224,0,8
A2811,0,8
A4342,0,8
A5400,2,8
A6579,0,8
A2865,0,8
A3080,2,8
A3771,0,8
A4465,0,8
A4516,0,8
A5904,0,8
A5980,0,8
A6203,0,8
A7089,0,8
A28,0,8
A1625,0,8
A2334,0,8
A3011,0,8
A7159,0,8
A485,0,8
A851,0,8
A2888,5,8
A5687,0,8
A6793,0,8
A444,0,8
A842,0,8
A1048,0,8
A1652,0,8
A4202,0,8
A5573,0,8
A5913,0,8
A6243,0,8
A643,0,8
A1663,0,8
A3949,0,8
A947,0,8
A1078,0,8
A3674,0,8
A5189,0,8
A7187,0,8
A1889,5,8
A2179,0,8
A3725,0,8
A5127,5,8
A5425,0,8
A6218,0,8
A3673,0,8
A6797,0,8
A407,0,8
A1974,0,8
A2373,0,8
A5897,0,8
A6714,0,8
A2813,0,8
A4630,0,8
A5951,0,8
A6006,0,8
A3079,2,8
A3892,0,8
A5559,0,8
A6120,0,8
A6640,0,8
A160,0,8
A1127,0,8
A3020,0,8
A4668,0,8
A4799,0,8
A6888,0,8
A443,0,8
A567,0,8
A789,0,8
A1769,0,8
A2749,0,8
A3667,0,8
A3804,0,8
A4046,0,8
A5938,0,8
A1121,0,8
A2113,0,8
A3019,0,8
A3640,0,8
A3672,0,8
A3957,0,8
A6333,0,8
A6771,0,8
A218,0,8
A5575,0,8
A6189,0,8
A6538,0,8
A79,0,8
A369,0,8
A1441,0,8
A3842,0,8
A1043,0,8
A1151,0,8
A2242,0,8
A5941,0,8
A6593,0,8
A1422,0,8
A4107,0,8
A6185,0,8
A2291,0,8
A5536,0,8
A5833,0,8
A7245,0,8
A1147,0,8
A2940,0,8
A6283,0,8
A6286,0,8
A6410,0,8
A7001,0,8
A999,0,8
A2488,0,8
A3364,0,8
A1208,0,8
A1914,0,8
A1990,4,8
A2354,0,8
A6135,0,8
A6231,0,8
A6232,0,8
A7006,0,8
A1846,0,8
A2778,0,8
A2894,0,8
A3213,0,8
A3339,0,8
A3430,0,8
A4997,5,8
A5872,0,8
A6629,0,8
A2966,0,8
A3381,0,8
A5187,0,8
A5891,0,8
A7446,0,8
A2487,0,8
A3379,0,8
A4525,0,8
A5373,0,8
A6506,0,8
A1913,0,8
A4263,0,8
A5481,0,8
A5950,0,8
A6248,0,8
A7225,0,8
A321,0,8
A600,0,8
A1158,0,8
A2478,0,8
A3230,0,8
A5783,0,8
A6514,0,8
A6857,0,8
A153,0,8
A5199,0,8
A5217,6,8
A1079,0,8
A1996,4,8
A3286,0,8
A5252,0,8
A141,4,8
A1780,0,8
A2586,0,8
A3734,0,8
A4143,0,8
A7039,0,8
A7150,0,8
A4509,0,8
A495,0,8
A934,0,8
A1135,0,8
A338,0,8
A1042,0,8
A2419,5,8
A3671,0,8
A4427,0,8
A4454,0,8
A2821,0,8
A3746,0,8
A4366,0,8
A5491,0,8
A6381,0,8
A7406,0,8
A2413,0,8
A2897,0,8
A6775,0,8
A3051,0,8
A3223,0,8
A318,0,8
A1139,0,8
A2185,0,8
A2403,0,8
A5737,0,8
A6454,0,8
A6971,0,8
A1942,0,8
A1345,0,8
A1862,0,8
A2531,0,8
A2552,0,8
A2896,0,8
A5513,0,8
A6497,0,8
A928,0,8
A1263,0,8
A2534,0,8
A3981,0,8
A3995,0,8
A6830,0,8
A7404,0,8
A140,4,8
A580,0,8
A879,0,8
A3910,0,8
A5114,0,8
A6453,0,8
A6839,0,8
A7082,0,8
A185,0,8
A910,0,8
A1289,0,8
A2154,0,8
A3985,0,8
A5270,0,8
A6679,0,8
A6789,0,8
A1490,0,8
A2480,0,8
A5739,0,8
A6183,0,8
A6567,0,8
A6661,0,8
A78,0,8
A1217,0,8
A1964,0,8
A3229,0,8
A3422,0,8
A4453,0,8
A5653,0,8
A6560,0,8
A36,0,8
A829,0,8
A6522,0,8
A897,0,8
A3411,0,8
A4193,0,8
A4486,0,8
A5911,0,8
A6470,0,8
A32,0,8
A695,0,8
A4451,0,8
A187,0,8
A1419,0,8
A3275,0,8
A3520,5,8
A6650,0,8
A7065,0,8
A7324,0,8
A399,0,8
A494,0,8
A3078,2,8
A5399,0,8
A6194,0,8
A6729,0,8
A3769,0,8
A4295,0,8
A5162,0,8
A5347,0,8
A6033,0,8
A6043,0,8
A6106,0,8
A6142,0,8
A7606,0,8
A7615,0,8
A231,0,8
A2194,0,8
A2435,0,8
A161,0,8
A899,0,8
A4181,0,8
A4195,0,8
A276,0,8
A1286,0,8
A1711,0,8
A1786,0,8
A6740,0,8
A138,4,8
A853,0,8
A1091,0,8
A5216,6,8
A5445,0,8
A5555,0,8
A1657,0,8
A1951,4,8
A2238,0,8
A3544,0,8
A4004,0,8
A5398,0,8
A5929,0,8
A7011,0,8
A2974,0,8
A5641,0,8
A5981,0,8
A6330,0,8
A2108,0,8
A5748,0,8
A5854,0,8
A7570,0,8
A83,0,8
A1214,0,8
A4291,0,8
A5149,0,8
A2153,0,8
A3616,0,8
A4536,0,8
A528,0,8
A565,0,8
A2366,0,8
A2976,0,8
A3518,0,8
A3688,0,8
A4177,5,8
A5287,0,8
A5397,0,8
A5493,0,8
A5556,0,8
A206,0,8
A2312,5,8
A7403,0,8
A3887,0,8
A4032,0,8
A5286,0,8
A5894,0,8
A170,0,8
A1516,0,8
A2627,2,8
A3013,0,8
A3347,0,8
A3496,0,8
A3670,0,8
A4135,0,8
A4318,0,8
A696,0,8
A1368,0,8
A3048,0,8
A3669,0,8
A4589,0,8
A5188,0,8
A864,0,8
A1129,0,8
A1409,0,8
A4501,0,8
A5571,0,8
A5808,0,8
A1573,0,8
A1983,0,8
A2482,0,8
A3049,0,8
A3668,0,8
A3722,0,8
A317,0,8
A1767,0,8
A2117,0,8
A2152,0,8
A2509,0,8
A3461,0,8
A3905,0,8
A4687,5,8
A5861,0,8
A5912,0,8
A6223,0,8
A6275,0,8
A7010,0,8
A7,0,8
A77,0,8
A91,0,8
A5974,0,8
A326,0,8
A2125,0,8
A4247,0,8
A4728,0,8
A5793,0,8
A5825,0,8
A7385,0,8
A738,0,8
A2342,6,8
A2854,0,8
A5979,0,8
A6613,0,8
A6743,0,8
A6936,0,8
A703,0,8
A1248,0,8
A1995,4,8
A2107,0,8
A3123,0,8
A4059,0,8
A6530,0,8
A702,0,8
A1766,0,8
A2151,0,8
A3312,0,8
A4210,0,8
A5781,0,8
A1599,0,8
A1761,0,8
A4246,0,8
A6422,0,8
A2244,0,8
A2370,0,8
A2828,0,8
A3018,0,8
A5186,0,8
A5447,0,8
A6671,0,8
A7016,0,8
A1163,0,8
A2387,0,8
A3928,0,8
A4230,6,8
A5836,0,8
A6035,0,8
A6397,0,8
A6556,0,8
A6586,0,8
A6983,0,8
A493,0,8
A780,0,8
A1285,0,8
A3504,0,8
A4603,4,8
A5474,0,8
A5649,0,8
A5782,0,8
A6646,0,8
A7379,0,8
A11,0,8
A3219,0,8
A3319,0,8
A6703,0,8
A6899,0,8
A137,4,8
A376,0,8
A714,3,8
A1985,0,8
A2365,0,8
A3509,0,8
A3786,0,8
A3933,0,8
A4023,0,8
A4137,0,8
A4444,0,8
A562,0,8
A1604,0,8
A4264,0,8
A6042,0,8
A6191,0,8
A7297,0,8
A136,4,8
A552,0,8
A2623,0,8
A3137,0,8
A4601,4,8
A6411,0,8
A3077,0,8
A3843,0,8
A3865,0,8
A4867,0,8
A5185,0,8
A5527,0,8
A5733,0,8
A6686,0,8
A6850,0,8
A6854,0,8
A7029,0,8
A98,0,8
A1229,0,8
A3495,0,8
A3647,0,8
A4376,0,8
A5285,0,8
A6807,0,8
A1649,0,8
A1686,0,8
A2382,0,8
A3196,0,8
A6266,0,8
A6937,0,8
A1007,0,8
A2838,0,8
A3289,0,8
A3994,0,8
A5067,5,8
A5720,0,8
A166,0,8
A598,0,8
A3212,0,8
A4854,0,8
A5838,0,8
A7323,0,8
A442,0,8
A1369,0,8
A4317,0,8
A4840,0,8
A5597,0,8
A6862,0,8
A2149,0,8
A2612,0,8
A5506,0,8
A5583,0,8
A5688,0,8
A5987,0,8
A656,0,8
A1654,0,8
A2119,0,8
A2948,0,8
A3758,0,8
A5146,0,8
A5157,0,8
A6121,0,8
A152,0,8
A3832,0,8
A4283,0,8
A5437,0,8
A5809,0,8
A5893,0,8
A5978,0,8
A1410,0,8
A3907,0,8
A5184,0,8
A7341,0,8
A7453,0,8
A860,0,8
A3961,0,8
A6278,0,8
A6481,0,8
A804,0,8
A889,0,8
A4058,0,8
A4130,0,8
A5284,0,8
A6473,0,8
A7000,0,8
A7339,0,8
A74,0,8
A375,0,8
A1462,0,8
A1500,0,8
A2311,0,8
A5868,0,8
A6660,0,8
A6759,0,8
A324,0,8
A962,0,8
A1865,0,8
A2148,0,8
A4212,0,8
A5182,0,8
A7546,0,8
A7598,0,8
A759,0,8
A1022,0,8
A1979,0,8
A3076,0,8
A3942,0,8
A4014,0,8
A6332,0,8
A6583,0,8
A1167,0,8
A1252,0,8
A1487,0,8
A2999,0,8
A3075,0,8
A3146,0,8
A3794,0,8
A4306,0,8
A4727,0,8
A6024,0,8
A6800,0,8
A7334,0,8
A2321,0,8
A2481,0,8
A4227,0,8
A4511,0,8
A5732,0,8
A6002,0,8
A2023,0,8
A2102,0,8
A5535,0,8
A5680,0,8
A6894,0,8
A7533,0,8
A1313,0,8
A2737,0,8
A3227,0,8
A3817,0,8
A4803,0,8
A6127,0,8
A7163,0,8
A492,0,8
A2361,0,8
A3226,0,8
A3318,0,8
A7028,0,8
A610,0,8
A5863,0,8
A6207,0,8
A6711,0,8
A639,0,8
A4205,0,8
A5009,0,8
A6030,0,8
A217,0,8
A491,0,8
A742,0,8
A1335,0,8
A2631,0,8
A4561,0,8
A4832,0,8
A5213,6,8
A5603,0,8
A6533,0,8
A135,4,8
A216,0,8
A280,0,8
A319,4,8
A1655,0,8
A1715,0,8
A1946,0,8
A2501,0,8
A5364,0,8
A5699,0,8
A6931,0,8
A7227,0,8
A1782,0,8
A1945,0,8
A2310,0,8
A4770,0,8
A1973,0,8
A6363,0,8
A618,0,8
A1849,0,8
A4418,0,8
A5604,0,8
A667,0,8
A1316,0,8
A1651,0,8
A3909,0,8
A5183,0,8
A5534,0,8
A6607,0,8
A6812,0,8
A6927,0,8
A538,0,8
A1284,0,8
A2032,0,8
A2233,0,8
A5855,0,8
A6918,0,8
A1765,0,8
A4471,0,8
A4757,0,8
A5498,0,8
A5933,0,8
A6031,0,8
A6427,0,8
A6672,0,8
A6762,0,8
A561,0,8
A4686,0,8
A5704,0,8
A5853,0,8
A6350,0,8
A7276,0,8
A323,0,8
A4475,0,8
A7112,0,8
A984,0,8
A1645,0,8
A3165,0,8
A6326,0,8
A6659,0,8
A1733,0,8
A3796,0,8
A4421,0,8
A5817,0,8
A5848,0,8
A7052,0,8
A1881,0,8
A431,0,8
A763,0,8
A1532,0,8
A2346,0,8
A2687,0,8
A7254,0,8
A7422,0,8
A1885,0,8
A2457,0,8
A2736,0,8
A2989,0,8
A3017,0,8
A5639,0,8
A6051,0,8
A1970,0,8
A4082,0,8
A5423,0,8
A6041,0,8
A440,0,8
A5148,0,8
A5257,0,8
A5477,0,8
A5989,0,8
A283,0,8
A1116,0,8
A1256,0,8
A4087,0,8
A6544,0,8
A439,0,8
A2470,0,8
A2629,0,8
A5464,0,8
A7407,0,8
A3225,0,8
A4817,0,8
A6015,0,8
A7445,0,8
A3519,0,8
A3618,0,8
A4625,0,8
A4851,0,8
A4999,5,8
A5619,0,8
A5754,0,8
A6119,0,8
A1283,0,8
A4273,0,8
A6255,0,8
A6732,0,8
A421,5,8
A1031,0,8
A2958,0,8
A4000,0,8
A7020,0,8
A537,0,8
A824,0,8
A861,0,8
A2679,0,8
A3757,0,8
A4019,0,8
A5041,5,8
A5092,5,8
A5269,0,8
A7175,0,8
A1824,0,8
A4679,0,8
A2236,0,8
A6169,0,8
A106,4,8
A4333,0,8
A5602,0,8
A6354,0,8
A791,0,8
A942,0,8
A2192,0,8
A2945,0,8
A3666,0,8
A4510,0,8
A5665,0,8
A7155,0,8
A895,0,8
A6592,0,8
A7015,0,8
A7402,0,8
A7521,0,8
A329,0,8
A423,0,8
A1994,4,8
A3992,0,8
A5605,0,8
A5638,0,8
A6322,0,8
A6873,0,8
A6986,0,8
A7301,0,8
A800,0,8
A1909,0,8
A1972,0,8
A2630,0,8
A3125,0,8
A4007,0,8
A6212,0,8
A7171,0,8
A721,0,8
A1165,0,8
A1729,0,8
A4598,4,8
A7042,0,8
A7047,0,8
A7088,0,8
A7454,0,8
A7550,0,8
A748,0,8
A784,0,8
A1416,0,8
A1993,4,8
A6293,0,8
A3636,0,8
A5396,0,8
A5621,0,8
A5633,0,8
A6751,0,8
A134,4,8
A489,0,8
A920,0,8
A4034,0,8
A4103,0,8
A5907,0,8
A6895,0,8
A7629,0,8
A940,0,8
A3221,0,8
A3368,0,8
A3777,0,8
A3982,0,8
A5215,0,8
A6131,0,8
A7418,0,8
A1596,0,8
A2735,0,8
A2812,0,8
A3074,2,8
A3460,0,8
A3523,0,8
A4284,0,8
A5446,0,8
A7322,0,8
A7497,0,8
A884,0,8
A3813,0,8
A5140,0,8
A5480,0,8
A948,0,8
A1882,0,8
A2653,0,8
A2824,0,8
A5756,0,8
A5757,0,8
A854,0,8
A1063,0,8
A4040,0,8
A6073,0,8
A708,0,8
A1280,0,8
A2566,5,8
A2900,4,8
A4341,0,8
A7555,0,8
A1254,0,8
A1647,0,8
A1992,4,8
A2944,0,8
A3729,0,8
A3852,0,8
A4429,0,8
A4709,0,8
A5244,0,8
A6658,0,8
A3073,2,8
A3528,0,8
A5056,5,8
A6383,0,8
A6785,0,8
A762,0,8
A3008,0,8
A6776,0,8
A908,0,8
A2010,0,8
A6026,0,8
A33,0,8
A52,0,8
A1006,0,8
A437,0,8
A2239,0,8
A2294,0,8
A2724,0,8
A3533,0,8
A3977,0,8
A4158,0,8
A5395,0,8
A5694,0,8
A6724,0,8
A2532,5,8
A560,0,8
A730,0,8
A2547,0,8
A3336,0,8
A5084,5,8
A7619,0,8
A436,0,8
A979,0,8
A1039,0,8
A2519,0,8
A4377,0,8
A4707,0,8
A5814,0,8
A1574,0,8
A6280,0,8
A6400,0,8
A6476,0,8
A393,0,8
A617,0,8
A1648,0,8
A2508,0,8
A3033,0,8
A3363,0,8
A3503,0,8
A7198,0,8
A7569,0,8
A2603,0,8
A3305,0,8
A6450,0,8
A6684,0,8
A661,0,8
A1777,0,8
A3956,0,8
A4591,0,8
A7316,0,8
A7561,0,8
A133,4,8
A3502,0,8
A4700,0,8
A5682,0,8
A6823,0,8
A7360,0,8
A1907,0,8
A3277,0,8
A3851,0,8
A4694,0,8
A5760,0,8
A6903,0,8
A361,0,8
A1912,0,8
A2646,0,8
A3293,0,8
A3413,0,8
A3541,0,8
A3558,0,8
A4326,0,8
A6157,0,8
A6967,0,8
A7263,0,8
A7507,0,8
A7552,0,8
A132,4,8
A1328,0,8
A2616,0,8
A3072,2,8
A3215,0,8
A3218,0,8
A6408,0,8
A6682,0,8
A6964,0,8
A1927,0,8
A2330,0,8
A3537,0,8
A3696,0,8
A5283,0,8
A5459,0,8
A6657,0,8
A6754,0,8
A7143,0,8
A195,0,8
A337,0,8
A1259,0,8
A3214,0,8
A5689,0,8
A5752,0,8
A6784,0,8
A7455,0,8
A1342,0,8
A3009,0,8
A5038,5,8
A6734,0,8
A6891,0,8
A832,0,8
A1019,0,8
A2658,0,8
A2981,0,8
A3071,0,8
A3124,0,8
A3998,0,8
A4560,0,8
A4637,0,8
A2284,0,8
A2327,0,8
A3181,0,8
A5353,0,8
A6426,0,8
A90,0,8
A3375,0,8
A6090,0,8
A6591,0,8
A6863,0,8
A2548,0,8
A4780,0,8
A4866,0,8
A6512,0,8
A7158,0,8
A26,0,8
A1001,0,8
A1553,0,8
A2847,0,8
A5723,0,8
A5923,0,8
A6458,0,8
A6524,0,8
A2641,0,8
A2934,0,8
A3539,0,8
A4559,0,8
A6349,0,8
A7023,0,8
A2015,0,8
A6110,0,8
A809,0,8
A1787,0,8
A2335,0,8
A3216,0,8
A3744,0,8
A6151,0,8
A6851,0,8
A6883,0,8
A7545,0,8
A7577,0,8
A677,0,8
A2147,0,8
A5113,0,8
A5683,0,8
A5791,0,8
A5945,0,8
A7298,0,8
A241,0,8
A300,0,8
A1134,0,8
A1319,0,8
A2705,0,8
A2939,0,8
A3299,0,8
A3710,0,8
A4487,0,8
A6708,0,8
A3634,4,8
A557,0,8
A1449,0,8
A2231,0,8
A2720,0,8
A3070,2,8
A5181,0,8
A6034,0,8
A6838,0,8
A7040,0,8
A76,0,8
A164,0,8
A1650,0,8
A2942,0,8
A3864,0,8
A4482,0,8
A7299,0,8
A7300,0,8
A2235,0,8
A3016,0,8
A6810,0,8
A757,0,8
A1916,0,8
A2580,0,8
A6186,0,8
A6528,0,8
A434,0,8
A612,0,8
A1475,0,8
A2861,0,8
A5706,0,8
A6174,0,8
A6311,0,8
A6876,0,8
A282,0,8
A633,0,8
A3069,0,8
A3538,0,8
A3732,0,8
A5839,0,8
A6475,0,8
A6687,0,8
A7616,0,8
A389,0,8
A1991,0,8
A6234,0,8
A6365,0,8
A6612,0,8
A7432,0,8
A783,0,8
A855,0,8
A1162,0,8
A2941,0,8
A3205,0,8
A4495,0,8
A5080,5,8
A5116,5,8
A5697,0,8
A6227,0,8
A6523,0,8
A7176,0,8
A7522,0,8
A239,0,8
A424,5,8
A792,0,8
A1735,0,8
A4847,0,8
A5601,0,8
A6155,0,8
A1062,0,8
A1457,0,8
A3527,0,8
A3546,5,8
A3761,0,8
A4518,0,8
A4858,0,8
A6056,0,8
A6877,0,8
A1255,0,8
A1931,0,8
A7313,0,8
A7548,0,8
A2882,0,8
A5654,0,8
A6093,0,8
A6543,0,8
A6590,0,8
A6788,0,8
A7262,0,8
A7331,0,8
A7368,0,8
A7378,0,8
A374,0,8
A432,0,8
A2544,0,8
A3477,0,8
A3536,0,8
A4250,0,8
A5600,0,8
A5717,0,8
A6417,0,8
A7566,0,8
A210,0,8
A558,0,8
A4437,0,8
A3535,0,8
A6826,0,8
A6882,0,8
A2072,5,8
A3149,0,8
A3180,0,8
A3304,0,8
A3829,0,8
A5132,5,8
A5134,5,8
A6739,0,8
A6996,0,8
A7261,0,8
A7440,0,8
A116,0,8
A803,0,8
A893,0,8
A1564,0,8
A2096,0,8
A2827,0,8
A3173,0,8
A3373,0,8
A5327,0,8
A5394,0,8
A6992,0,8
A7102,0,8
A184,0,8
A385,0,8
A2698,0,8
A3032,0,8
A3045,0,8
A5131,5,8
A5266,0,8
A6202,0,8
A6943,0,8
A1414,0,8
A1415,0,8
A3362,5,8
A4432,0,8
A5105,5,8
A5129,5,8
A5130,5,8
A6511,0,8
A275,5,8
A3211,0,8
A3563,0,8
A5128,5,8
A5243,0,8
A892,0,8
A1113,0,8
A2099,0,8
A3458,0,8
A3531,0,8
A3816,0,8
A4438,0,8
A5126,5,8
A6206,0,8
A6610,0,8
A7321,0,8
A1644,0,8
A1940,0,8
A2027,0,8
A2145,0,8
A2790,5,8
A5123,5,8
A5531,0,8
A5877,0,8
A3251,0,8
A4558,0,8
A225,0,8
A2484,5,8
A4056,0,8
A4420,0,8
A4557,0,8
A5120,5,8
A5393,0,8
A6081,0,8
A6652,0,8
A7201,0,8
A7363,0,8
A7424,0,8
A1038,0,8
A1040,0,8
A1623,0,8
A3665,0,8
A4261,0,8
A5117,5,8
A5740,0,8
A5924,0,8
A130,4,8
A1197,0,8
A3303,0,8
A5179,0,8
A6309,0,8
A6325,0,8
A6704,0,8
A7050,0,8
A7456,0,8
A927,0,8
A2022,0,8
A2397,0,8
A3906,0,8
A4315,0,8
A5533,0,8
A5751,0,8
A6889,0,8
A7444,0,8
A1357,5,8
A2753,0,8
A2985,0,8
A4025,0,8
A6486,0,8
A7340,0,8
A666,0,8
A2396,0,8
A6633,0,8
A13,0,8
A1249,0,8
A3501,0,8
A7362,0,8
A2671,0,8
A7582,0,8
A5110,5,8
A7503,0,8
A665,5,8
A1861,0,8
A3210,0,8
A3500,0,8
A5109,5,8
A978,0,8
A2589,5,8
A3402,0,8
A6697,0,8
A7033,0,8
A7443,0,8
A418,0,8
A536,0,8
A607,0,8
A1823,0,8
A2181,0,8
A3209,0,8
A7293,0,8
A7535,0,8
A1547,5,8
A2747,0,8
A3484,0,8
A3505,0,8
A3532,0,8
A4314,0,8
A5370,0,8
A6849,0,8
A6979,0,8
A7097,0,8
A7132,0,8
A7401,0,8
A539,0,8
A1144,0,8
A1863,0,8
A2615,0,8
A4055,0,8
A5436,0,8
A7108,0,8
A7361,0,8
A1472,0,8
A1643,0,8
A4386,0,8
A6152,0,8
A7081,0,8
A1159,0,8
A3491,0,8
A5763,0,8
A2576,0,8
A4044,5,8
A4054,0,8
A5695,0,8
A6072,0,8
A2234,0,8
A2846,0,8
A3664,0,8
A3855,0,8
A4933,0,8
A6193,0,8
A373,0,8
A1412,0,8
A2092,0,8
A2146,0,8
A5106,5,8
A5625,0,8
A1570,0,8
A2522,0,8
A2781,5,8
A3207,5,8
A3511,0,8
A6799,0,8
A213,0,8
A2485,0,8
A3592,0,8
A4267,0,8
A5622,0,8
A859,0,8
A2591,0,8
A4278,0,8
A4477,0,8
A4932,0,8
A7357,0,8
A2371,0,8
A5075,5,8
A6195,0,8
A6317,0,8
A6407,0,8
A6510,0,8
A7486,0,8
A6014,0,8
A6296,0,8
A6457,0,8
A2669,0,8
A2678,0,8
A3014,0,8
A4238,0,8
A4971,0,8
A2645,0,8
A3790,5,8
A6981,0,8
A1327,0,8
A2150,0,8
A2479,0,8
A6651,0,8
A1192,0,8
A3510,0,8
A3978,0,8
A4651,0,8
A4732,0,8
A5103,5,8
A5517,0,8
A5693,0,8
A5743,0,8
A5890,0,8
A6241,0,8
A7273,0,8
A1407,0,8
A3663,0,8
A4450,0,8
A555,5,8
A2930,0,8
A3206,0,8
A5102,5,8
A830,0,8
A4183,0,8
A5178,0,8
A428,0,8
A1594,0,8
A1989,4,8
A2344,0,8
A3941,0,8
A4192,5,8
A4208,0,8
A4566,0,8
A5692,0,8
A7197,0,8
A2101,0,8
A3457,0,8
A3785,0,8
A6262,0,8
A7433,0,8
A360,0,8
A6648,0,8
A129,0,8
A2579,0,8
A3648,0,8
A5177,0,8
A5792,0,8
A7601,0,8
A372,0,8
A4163,0,8
A5101,5,8
A158,0,8
A2144,0,8
A3662,0,8
A5690,0,8
A7004,0,8
A7427,0,8
A1725,0,8
A3316,5,8
A3405,0,8
A4035,0,8
A5671,0,8
A7139,0,8
A1841,0,8
A2614,0,8
A3455,0,8
A5100,5,8
A6005,0,8
A6887,0,8
A426,0,8
A1911,0,8
A2031,0,8
A5099,5,8
A212,0,8
A4043,0,8
A4517,0,8
A7259,0,8
A777,0,8
A1025,0,8
A4797,0,8
A5089,5,8
A5900,0,8
A6292,0,8
A6,0,8
A128,4,8
A207,5,8
A1502,0,8
A2187,0,8
A4179,0,8
A5582,0,8
A6769,0,8
A75,0,8
A701,0,8
A1323,0,8
A3031,0,8
A5098,5,8
A5176,0,8
A5946,0,8
A5986,0,8
A6589,0,8
A873,0,8
A1597,0,8
A1781,0,8
A3118,0,8
A5175,0,8
A6040,0,8
A1471,0,8
A1812,0,8
A2815,0,8
A3315,0,8
A3827,0,8
A5331,0,8
A6608,0,8
A7080,0,8
A7627,0,8
A1845,0,8
A2138,5,8
A3046,0,8
A3053,0,8
A3203,0,8
A3661,0,8
A4595,4,8
A4596,4,8
A7571,0,8
A729,0,8
A806,5,8
A885,0,8
A1497,0,8
A2604,0,8
A3841,0,8
A3993,0,8
A5096,5,8
A5137,0,8
A5309,0,8
A5903,0,8
A7140,0,8
A7377,0,8
A7553,0,8
A4077,0,8
A5363,0,8
A6662,0,8
A7059,0,8
A7219,0,8
A1637,0,8
A3482,0,8
A4711,0,8
A6893,0,8
A7384,0,8
A359,0,8
A3660,0,8
A4400,0,8
A5160,0,8
A2325,5,8
A2857,0,8
A3890,0,8
A4697,0,8
A5095,5,8
A5788,0,8
A6675,0,8
A6968,0,8
A7185,0,8
A7348,0,8
A1944,0,8
A2232,0,8
A2965,0,8
A3012,0,8
A4710,0,8
A5152,0,8
A551,0,8
A5094,5,8
A6656,0,8
A6701,0,8
A7205,0,8
A7223,0,8
A7376,0,8
A7525,0,8
A126,0,8
A1837,5,8
A3991,0,8
A5093,5,8
A5392,2,8
A6001,0,8
A7581,0,8
A487,0,8
A1016,0,8
A1811,0,8
A2206,0,8
A6930,0,8
A3724,0,8
A3828,0,8
A4381,0,8
A6161,0,8
A2404,0,8
A3590,0,8
A3990,0,8
A5111,0,8
A5962,0,8
A6764,0,8
A7126,0,8
A88,0,8
A312,0,8
A427,0,8
A1572,0,8
A1899,0,8
A2768,0,8
A5170,0,8
A5380,0,8
A6752,0,8
A1036,0,8
A2814,0,8
A5091,5,8
A5598,0,8
A5617,0,8
A6921,0,8
A7070,0,8
A1988,4,8
A4424,5,8
A6955,0,8
A7426,0,8
A174,0,8
A3202,0,8
A7007,0,8
A890,0,8
A1818,0,8
A2141,5,8
A4395,0,8
A7332,0,8
A7338,0,8
A7603,0,8
A3177,0,8
A6310,0,8
A1839,0,8
A3529,0,8
A4485,0,8
A6129,0,8
A6173,0,8
A115,0,8
A2009,4,8
A2968,0,8
A4574,5,8
A6253,0,8
A6434,0,8
A7386,0,8
A7628,0,8
A1737,0,8
A4760,0,8
A2881,0,8
A3659,0,8
A3715,0,8
A5935,0,8
A6693,0,8
A585,0,8
A6170,0,8
A6831,0,8
A6974,0,8
A7026,0,8
A881,0,8
A3871,0,8
A4667,0,8
A5007,5,8
A5090,5,8
A5528,0,8
A7056,0,8
A7058,0,8
A1108,5,8
A1334,0,8
A3420,0,8
A3475,5,8
A4798,0,8
A6092,0,8
A125,0,8
A490,0,8
A2162,0,8
A3187,0,8
A5088,5,8
A5341,0,8
A5932,0,8
A7196,0,8
A664,0,8
A808,5,8
A2767,0,8
A3833,0,8
A5835,0,8
A7452,0,8
A4657,0,8
A5087,5,8
A5174,0,8
A5210,6,8
A6814,0,8
A7258,0,8
A7560,0,8
A405,0,8
A1451,0,8
A1473,0,8
A2988,5,8
A4708,3,8
A5626,0,8
A6297,0,8
A6318,0,8
A6348,0,8
A1411,0,8
A5566,0,8
A7499,0,8
A3481,0,8
A3908,0,8
A3970,0,8
A5085,5,8
A5086,5,8
A5846,0,8
A6399,0,8
A6736,0,8
A7382,0,8
A3687,0,8
A4309,0,8
A4678,0,8
A5062,5,8
A5242,0,8
A5646,0,8
A5926,0,8
A6165,0,8
A6808,0,8
A7520,0,8
A1633,0,8
A2562,0,8
A3733,0,8
A4793,0,8
A1937,0,8
A2637,5,8
A5081,5,8
A5082,5,8
A5083,5,8
A6999,0,8
A712,5,8
A2441,0,8
A1838,0,8
A1894,0,8
A2644,0,8
A4121,5,8
A5325,0,8
A6008,0,8
A6252,0,8
A1569,0,8
A2379,0,8
A2734,0,8
A3456,0,8
A4270,0,8
A5077,5,8
A5078,5,8
A5079,5,8
A1160,0,8
A4449,0,8
A4864,0,8
A5463,0,8
A7387,0,8
A554,0,8
A2390,0,8
A4448,0,8
A5599,0,8
A1030,0,8
A3297,0,8
A4822,0,8
A5068,5,8
A6148,0,8
A6464,0,8
A6694,0,8
A1018,0,8
A3658,0,8
A3797,0,8
A4556,0,8
A5074,5,8
A5596,0,8
A2514,5,8
A2760,0,8
A2789,5,8
A3745,0,8
A4304,0,8
A6578,0,8
A1454,0,8
A2505,0,8
A3889,0,8
A5071,5,8
A5072,5,8
A6066,0,8
A6373,0,8
A6474,0,8
A6976,0,8
A7098,0,8
A148,0,8
A412,0,8
A2752,0,8
A4310,0,8
A4340,0,8
A4464,0,8
A5070,5,8
A5256,0,8
A5530,0,8
A5988,0,8
A6299,0,8
A1619,0,8
A2784,5,8
A4633,5,8
A5069,5,8
A6980,0,8
A1413,0,8
A2029,0,8
A3812,0,8
A5954,0,8
A6622,0,8
A3449,0,8
A3454,0,8
A5151,0,8
A5168,0,8
A7166,0,8
A4779,0,8
A6429,0,8
A3448,0,8
A1641,0,8
A5050,5,8
A5892,0,8
A6885,0,8
A7226,0,8
A7308,0,8
A7257,0,8
A3740,0,8
A6588,0,8
A6941,0,8
A311,0,8
A758,5,8
A1561,0,8
A3200,0,8
A4126,5,8
A4802,0,8
A5761,0,8
A5964,0,8
A6587,0,8
A2090,0,8
A3047,0,8
A3803,0,8
A3199,0,8
A4813,5,8
A6748,0,8
A692,0,8
A6380,0,8
A279,0,8
A1504,0,8
A2289,0,8
A3198,0,8
A4154,0,8
A4361,0,8
A5065,5,8
A5550,0,8
A1470,0,8
A2651,0,8
A2841,0,8
A4861,0,8
A6494,0,8
A7111,0,8
A7149,0,8
A7151,0,8
A417,0,8
A4447,0,8
A4623,0,8
A5066,5,8
A6525,0,8
A1631,0,8
A2133,0,8
A4594,4,8
A6324,0,8
A3767,0,8
A5060,5,8
A5705,0,8
A5887,0,8
A7256,0,8
A7342,0,8
A7410,0,8
A6156,0,8
A1102,0,8
A2587,0,8
A3372,0,8
A5518,0,8
A5806,0,8
A6692,0,8
A2135,0,8
A2697,0,8
A3447,0,8
A4665,0,8
A632,0,8
A3059,0,8
A3521,0,8
A6420,0,8
A7079,0,8
A1615,0,8
A3446,0,8
A3588,0,8
A3954,0,8
A4225,0,8
A5631,0,8
A6254,0,8
A6582,0,8
A805,0,8
A980,0,8
A1468,0,8
A2668,0,8
A3371,0,8
A5064,5,8
A6134,0,8
A6722,0,8
A6951,0,8
A7375,0,8
A383,0,8
A1685,0,8
A2979,0,8
A5209,6,8
A1628,0,8
A2089,0,8
A4132,0,8
A4180,0,8
A5063,5,8
A6306,0,8
A425,0,8
A698,0,8
A3480,0,8
A4409,0,8
A4555,0,8
A4664,0,8
A5664,0,8
A2105,0,8
A2667,0,8
A3657,0,8
A7398,0,8
A7399,0,8
A1148,0,8
A3898,0,8
A5061,5,8
A5775,0,8
A6809,0,8
A7188,0,8
A277,0,8
A415,0,8
A548,0,8
A2595,0,8
A2986,0,8
A5959,0,8
A7374,0,8
A4446,0,8
A5624,0,8
A6842,0,8
A2569,0,8
A5778,0,8
A6228,0,8
A3193,0,8
A6182,0,8
A1349,0,8
A2924,0,8
A3197,0,8
A3656,0,8
A4549,0,8
A4865,0,8
A7597,0,8
A124,4,8
A593,0,8
A3310,0,8
A5173,0,8
A6655,0,8
A6860,0,8
A7415,0,8
A2759,0,8
A2893,0,8
A3655,0,8
A4005,0,8
A6402,0,8
A7373,0,8
A278,0,8
A1106,0,8
A2807,0,8
A4505,0,8
A5172,0,8
A5851,0,8
A6756,0,8
A1320,0,8
A2650,0,8
A4106,0,8
A5059,5,8
A7189,0,8
A1611,0,8
A7292,0,8
A349,0,8
A1494,0,8
A1834,0,8
A3404,0,8
A5728,0,8
A5921,0,8
A1883,0,8
A2918,0,8
A3631,0,8
A4237,0,8
A4565,4,8
A5841,0,8
A5919,0,8
A5058,5,8
A6549,0,8
A1426,5,8
A2853,0,8
A2909,0,8
A4863,0,8
A6166,0,8
A1961,0,8
A2511,0,8
A5031,5,8
A5057,5,8
A5171,0,8
A6162,0,8
A7057,0,8
A7329,0,8
A1626,5,8
A2287,0,8
A2718,5,8
A2973,0,8
A4755,0,8
A5972,0,8
A7172,0,8
A1738,0,8
A2583,0,8
A3524,0,8
A5777,0,8
A7416,0,8
A1941,0,8
A2574,0,8
A2677,0,8
A3194,0,8
A3707,0,8
A6022,0,8
A6783,0,8
A7208,0,8
A7312,0,8
A2440,0,8
A3499,0,8
A4554,0,8
A4590,4,8
A6452,0,8
A6738,0,8
A6781,0,8
A123,4,8
A658,0,8
A998,5,8
A1910,0,8
A2568,4,8
A4767,0,8
A5005,5,8
A5529,0,8
A6346,0,8
A7255,0,8
A2704,0,8
A3654,0,8
A4956,5,8
A5707,0,8
A7648,0,8
A613,5,8
A657,0,8
A1311,0,8
A1928,0,8
A2761,5,8
A3195,0,8
A4543,0,8
A5860,0,8
A1213,0,8
A1465,0,8
A1833,0,8
A1836,0,8
A4408,0,8
A5281,0,8
A5362,0,8
A7125,0,8
A122,4,8
A2652,0,8
A3515,0,8
A6379,0,8
A6508,0,8
A7540,0,8
A964,0,8
A2131,0,8
A3885,0,8
A5055,5,8
A6418,0,8
A6577,0,8
A6654,0,8
A6803,0,8
A7005,0,8
A650,5,8
A3525,0,8
A4892,0,8
A5391,2,8
A7014,0,8
A1015,0,8
A1826,0,8
A5595,0,8
A5969,0,8
A6137,0,8
A6386,0,8
A6735,0,8
A6796,0,8
A553,0,8
A933,0,8
A3969,0,8
A2226,0,8
A5280,0,8
A1035,0,8
A4125,0,8
A4345,5,8
A6004,0,8
A6082,0,8
A6462,0,8
A6653,0,8
A7085,0,8
A7380,0,8
A165,0,8
A697,0,8
A1982,0,8
A2788,0,8
A4912,0,8
A5054,5,8
A5727,0,8
A7087,0,8
A7664,0,8
A484,0,8
A6128,0,8
A6548,0,8
A6753,0,8
A6815,0,8
A7124,0,8
A710,0,8
A973,0,8
A2826,0,8
A3766,0,8
A4636,0,8
A5156,0,8
A5886,0,8
A6865,0,8
A7053,0,8
A2643,0,8
A4502,0,8
A6282,0,8
A6505,0,8
A972,5,8
A1096,0,8
A2984,5,8
A2998,0,8
A4923,5,8
A5026,5,8
A5307,0,8
A6445,0,8
A6562,0,8
A194,0,8
A2666,0,8
A3346,0,8
A3445,0,8
A5052,5,8
A5053,5,8
A5736,0,8
A6376,0,8
A6559,0,8
A7168,0,8
A7251,0,8
A1034,0,8
A1406,0,8
A4826,0,8
A4929,0,8
A5051,5,8
A2717,0,8
A6396,0,8
A6416,0,8
A6677,0,8
A7253,0,8
A7290,0,8
A182,0,8
A2106,0,8
A2391,0,8
A4586,4,8
A4706,3,8
A5108,0,8
A5805,0,8
A5821,0,8
A7103,0,8
A121,4,8
A1620,0,8
A3421,0,8
A4977,5,8
A5389,0,8
A5511,0,8
A6821,0,8
A2625,0,8
A2980,0,8
A5279,0,8
A6116,0,8
A7021,0,8
A982,0,8
A1103,0,8
A5744,0,8
A5984,0,8
A6747,0,8
A211,0,8
A2225,0,8
A3926,0,8
A4148,0,8
A5320,0,8
A5456,0,8
A7397,0,8
A3968,0,8
A3010,5,8
A5750,0,8
A2224,0,8
A2878,0,8
A4033,0,8
A5340,0,8
A7222,0,8
A7381,0,8
A1060,0,8
A3720,0,8
A4504,0,8
A5048,5,8
A5049,5,8
A6731,0,8
A1278,0,8
A1600,0,8
A1624,6,8
A3156,5,8
A4393,0,8
A2258,0,8
A2922,0,8
A5047,5,8
A6606,0,8
A7153,0,8
A7328,0,8
A2696,0,8
A3723,0,8
A7596,0,8
A5045,5,8
A5046,5,8
A5738,0,8
A6398,0,8
A4823,5,8
A5159,0,8
A5167,0,8
A6105,0,8
A6448,0,8
A3479,0,8
A4360,5,8
A4483,5,8
A4524,0,8
A6681,0,8
A2378,0,8
A4012,0,8
A5044,5,8
A120,4,8
A422,0,8
A3120,0,8
A4027,0,8
A5337,0,8
A6804,0,8
A7284,0,8
A233,0,8
A2683,0,8
A5043,5,8
A689,0,8
A1152,0,8
A2343,0,8
A4986,5,8
A5358,0,8
A5444,0,8
A760,0,8
A1211,0,8
A4588,4,8
A4914,0,8
A6547,0,8
A119,4,8
A983,0,8
A4778,5,8
A7359,0,8
A4426,0,8
A5166,0,8
A6301,0,8
A662,0,8
A2008,4,8
A3645,0,8
A4045,0,8
A7296,0,8
A181,0,8
A828,0,8
A1760,0,8
A6181,0,8
A7289,0,8
A7434,0,8
A1029,0,8
A1452,5,8
A1485,0,8
A2611,0,8
A4049,2,8
A5035,5,8
A1893,0,8
A3577,0,8
A4506,5,8
A4584,4,8
A5042,5,8
A5206,6,8
A6569,0,8
A5330,0,8
A6649,0,8
A7116,0,8
A7250,0,8
A7283,0,8
A34,5,8
A969,0,8
A1138,0,8
A1585,0,8
A1835,0,8
A2707,0,8
A2787,5,8
A3709,0,8
A3834,0,8
A7620,0,8
A249,0,8
A5914,0,8
A6164,0,8
A7412,0,8
A7534,0,8
A7675,0,8
A3802,0,8
A4188,0,8
A7439,0,8
A7605,0,8
A1785,0,8
A2633,0,8
A4407,0,8
A1822,0,8
A655,0,8
A2825,0,8
A3765,0,8
A5013,5,8
A5040,5,8
A6806,0,8
A534,0,8
A1779,0,8
A2308,0,8
A5039,5,8
A6995,0,8
A31,0,8
A117,0,8
A118,4,8
A305,0,8
A2174,0,8
A2660,0,8
A4585,4,8
A6647,0,8
A7285,0,8
A7288,0,8
A2219,0,8
A3280,5,8
A4298,0,8
A5142,0,8
A5205,6,8
A6880,0,8
A7138,0,8
A1954,0,8
A1962,0,8
A2460,0,8
A6265,0,8
A6335,0,8
A6570,0,8
A1567,0,8
A3708,0,8
A4325,0,8
A5934,0,8
A5997,0,8
A6141,0,8
A7072,0,8
A315,0,8
A482,0,8
A1356,0,8
A2610,0,8
A4677,0,8
A5037,5,8
A5741,0,8
A6071,0,8
A7646,0,8
A7647,0,8
A9,0,8
A270,0,8
A2665,0,8
A3938,0,8
A4629,0,8
A95,0,8
A637,0,8
A2126,0,8
A2972,0,8
A2786,5,8
A4663,0,8
A5036,5,8
A5787,0,8
A6215,0,8
A7055,0,8
A7562,0,8
A1104,0,8
A4777,5,8
A5461,0,8
A6853,0,8
A371,0,8
A2898,0,8
A3587,0,8
A4476,0,8
A5034,5,8
A5652,0,8
A6507,0,8
A314,0,8
A891,0,8
A1109,0,8
A1763,0,8
A2122,0,8
A3972,0,8
A6209,0,8
A7287,0,8
A7413,0,8
A1325,0,8
A1621,0,8
A2211,0,8
A3988,0,8
A3862,0,8
A4159,0,8
A4741,0,8
A6713,0,8
A7154,0,8
A2542,0,8
A3653,0,8
A4655,0,8
A5021,5,8
A7572,0,8
A7674,0,8
A4048,0,8
A5033,5,8
A6039,0,8
A6901,0,8
A7626,0,8
A466,0,8
A660,0,8
A2913,0,8
A3283,0,8
A4047,0,8
A4406,0,8
A5032,5,8
A5165,0,8
A5323,0,8
A6369,0,8
A1627,0,8
A2212,0,8
A2543,0,8
A6527,0,8
A6801,0,8
A4553,0,8
A5141,0,8
A5241,0,8
A6250,0,8
A7409,0,8
A7585,0,8
A6168,0,8
A1247,0,8
A2691,0,8
A3735,0,8
A5960,0,8
A7618,0,8
A3317,0,8
A2104,0,8
A2564,0,8
A2801,0,8
A4821,0,8
A5030,5,8
A6707,0,8
A3192,0,8
A3314,0,8
A4992,5,8
A1274,0,8
A2538,0,8
A5029,5,8
A5510,0,8
A5916,0,8
A7130,0,8
A2184,0,8
A4258,6,8
A1759,0,8
A2360,0,8
A3584,0,8
A3911,5,8
A4020,0,8
A6619,0,8
A7310,0,8
A481,0,8
A1276,0,8
A2040,0,8
A2124,0,8
A6820,0,8
A7594,0,8
A486,0,8
A977,0,8
A3158,0,8
A4303,0,8
A6919,0,8
A7309,0,8
A113,4,8
A2123,0,8
A3358,0,8
A4705,0,8
A5024,5,8
A6782,0,8
A6982,0,8
A1987,4,8
A2983,0,8
A7148,0,8
A7218,0,8
A2923,0,8
A5028,5,8
A5765,0,8
A7657,0,8
A1526,0,8
A5020,5,8
A5753,0,8
A1099,0,8
A1808,5,8
A2693,0,8
A3122,0,8
A3329,0,8
A6498,0,8
A325,0,8
A1355,0,8
A2732,0,8
A3309,0,8
A3800,0,8
A4086,0,8
A4160,0,8
A4552,0,8
A5901,0,8
A6576,0,8
A7174,0,8
A1464,0,8
A2109,0,8
A3189,0,8
A3922,0,8
A5027,5,8
A5902,0,8
A6879,0,8
A7034,0,8
A7035,0,8
A7431,0,8
A4581,0,8
A6059,0,8
A6384,0,8
A1324,0,8
A6584,0,8
A7470,0,8
A7666,0,8
A263,0,8
A6147,0,8
A7327,0,8
A2217,0,8
A2328,0,8
A3030,0,8
A4003,0,8
A4290,5,8
A5139,0,8
A7210,0,8
A3162,4,8
A4818,0,8
A310,0,8
A2899,0,8
A5709,0,8
A5343,0,8
A6870,0,8
A7549,0,8
A550,0,8
A1563,0,8
A2991,0,8
A3903,0,8
A7395,0,8
A4128,0,8
A4347,0,8
A2183,0,8
A3116,5,8
A4105,0,8
A4311,0,8
A4580,4,8
A5966,0,8
A6780,0,8
A7167,0,8
A1277,0,8
A1484,0,8
A1930,0,8
A3183,0,8
A3294,5,8
A7574,0,8
A886,0,8
A1340,0,8
A1755,0,8
A2014,0,8
A2764,0,8
A2389,0,8
A4579,4,8
A4701,0,8
A5025,5,8
A5479,0,8
A6010,0,8
A2468,0,8
A3179,0,8
A3572,0,8
A4308,0,8
A4879,0,8
A5022,5,8
A6435,0,8
A4280,0,8
A5019,5,8
A7043,0,8
A7580,0,8
A4405,0,8
A6436,0,8
A6730,0,8
A5842,0,8
A5909,0,8
A6101,0,8
A1026,0,8
A1095,0,8
A2061,0,8
A2927,0,8
A3005,0,8
A5570,0,8
A2417,0,8
A3939,0,8
A2849,0,8
A2964,0,8
A2982,0,8
A4073,0,8
A5983,0,8
A7544,0,8
A7305,0,8
A2121,5,8
A2903,5,8
A4307,0,8
A5018,5,8
A6580,0,8
A480,0,8
A2120,0,8
A5017,5,8
A5565,0,8
A5942,0,8
A7157,0,8
A4551,0,8
A5015,5,8
A5016,5,8
A6934,0,8
A339,0,8
A356,0,8
A1156,0,8
A1157,0,8
A3951,0,8
A756,0,8
A5163,0,8
A7038,0,8
A1155,0,8
A4993,5,8
A5014,5,8
A5592,0,8
A2451,5,8
A2556,0,8
A3824,0,8
A7204,0,8
A2553,0,8
A4503,0,8
A5012,5,8
A7654,0,8
A4236,0,8
A5011,5,8
A5971,0,8
A7356,0,8
A7579,0,8
A2129,0,8
A2785,5,8
A3359,0,8
A3768,0,8
A5801,0,8
A2779,0,8
A4660,5,8
A4951,5,8
A728,0,8
A2524,5,8
A3741,0,8
A3934,5,8
A4730,0,8
A5008,5,8
A5378,0,8
A5834,0,8
A7396,0,8
A7425,0,8
A3442,0,8
A3917,0,8
A5789,0,8
A7350,0,8
A7665,0,8
A3652,0,8
A4257,0,8
A5158,0,8
A6571,0,8
A6765,0,8
A3169,0,8
A5308,0,8
A5594,0,8
A4286,0,8
A4972,0,8
A5161,0,8
A5669,0,8
A208,0,8
A3143,0,8
A3571,0,8
A6819,0,8
A3115,0,8
A1568,0,8
A1616,0,8
A3719,0,8
A4024,0,8
A6554,0,8
A6836,0,8
A7203,0,8
A0,0,8
A1403,0,8
A5742,0,8
A5994,0,8
A6469,0,8
A7392,0,8
A112,4,8
A1614,0,8
A4520,5,8
A4754,0,8
A802,0,8
A1008,0,8
A4835,0,8
A6302,0,8
A6492,0,8
A6818,0,8
A6917,0,8
A2780,5,8
A2929,0,8
A3349,0,8
A4463,0,8
A4527,5,8
A4659,0,8
A5865,0,8
A1317,0,8
A3186,0,8
A7009,0,8
A7573,0,8
A6460,0,8
A5006,5,8
A7086,0,8
A7091,0,8
A6443,0,8
A1592,0,8
A3916,0,8
A3185,0,8
A6007,0,8
A1609,0,8
A3184,0,8
A4305,0,8
A5478,0,8
A1257,0,8
A5636,0,8
A94,0,8
A262,0,8
A614,0,8
A4398,5,8
A6532,0,8
A6674,0,8
A111,4,8
A2746,0,8
A5002,5,8
A1402,0,8
A2380,0,8
A4131,0,8
A4763,0,8
A4985,5,8
A6954,0,8
A1613,0,8
A4207,0,8
A6761,0,8
A2372,0,8
A2007,4,8
A5001,5,8
A5250,0,8
A5795,0,8
A7643,0,8
A110,4,8
A1857,0,8
A2609,5,8
A7448,0,8
A7542,0,8
A2006,4,8
A3953,0,8
A2197,0,8
A3062,0,8
A6375,0,8
A779,0,8
A4550,0,8
A1450,5,8
A3555,0,8
A4834,0,8
A5000,5,8
A7668,0,8
A1312,0,8
A4898,0,8
A4998,5,8
A354,0,8
A2331,5,8
A4764,0,8
A5804,0,8
A6521,0,8
A6779,0,8
A2551,0,8
A6542,0,8
A6620,0,8
A7241,0,8
A2659,0,8
A2921,0,8
A4114,0,8
A5253,0,8
A7186,0,8
A109,4,8
A1778,0,8
A4996,5,8
A6308,0,8
A7216,0,8
A3884,0,8
A5240,0,8
A5499,0,8
A5874,0,8
A6817,0,8
A6869,0,8
A2456,0,8
A4514,0,8
A4800,0,8
A4995,5,8
A5238,0,8
A6089,0,8
A6112,0,8
A6145,0,8
A108,4,8
A304,0,8
A2016,0,8
A2467,0,8
A3581,0,8
A7306,0,8
A1076,0,8
A1333,5,8
A2070,0,8
A2515,0,8
A2642,0,8
A3476,0,8
A4988,5,8
A7593,0,8
A303,0,8
A3403,0,8
A4658,0,8
A4994,5,8
A5239,0,8
A5377,0,8
A3573,5,8
A5996,0,8
A6867,0,8
A7393,0,8
A2056,0,8
A3182,0,8
A4943,0,8
A4991,5,8
A7096,0,8
A1757,5,8
A3556,5,8
A3716,0,8
A5382,0,8
A7421,0,8
A1943,0,8
A4013,0,8
A4628,5,8
A5670,0,8
A1339,0,8
A2585,0,8
A3580,0,8
A3986,0,8
A2920,0,8
A3784,0,8
A4573,0,8
A4703,3,8
A906,0,8
A2662,0,8
A3570,0,8
A4954,5,8
A4989,5,8
A6696,0,8
A7025,0,8
A7543,0,8
A688,0,8
A6673,0,8
A7498,0,8
A1591,0,8
A2822,0,8
A4578,0,8
A4987,5,8
A7565,0,8
A30,0,8
A1101,0,8
A2118,0,8
A3776,0,8
A6009,0,8
A2005,4,8
A7469,0,8
A1195,0,8
A1853,0,8
A2067,0,8
A3439,0,8
A7372,0,8
A3886,0,8
A5352,0,8
A5635,0,8
A1856,0,8
A3948,5,8
A5925,0,8
A1929,0,8
A5708,0,8
A7519,0,8
A7608,0,8
A1496,0,8
A4577,0,8
A2020,5,8
A6307,0,8
A7371,0,8
A4522,0,8
A4964,5,8
A4984,5,8
A1154,0,8
A2500,0,8
A3904,5,8
A4302,0,8
A4622,0,8
A6294,0,8
A6568,0,8
A7170,0,8
A3579,0,8
A5832,0,8
A5867,0,8
A7169,0,8
A476,0,8
A5799,0,8
A2902,0,8
A1495,0,8
A2103,0,8
A4274,0,8
A4979,5,8
A6778,0,8
A6805,0,8
A66,0,8
A308,0,8
A755,0,8
A1100,0,8
A3438,0,8
A4224,0,8
A4893,0,8
A4978,5,8
A6337,0,8
A7294,0,8
A7355,0,8
A4775,0,8
A6320,0,8
A6439,0,8
A7128,0,8
A7354,0,8
A2375,0,8
A3437,0,8
A4975,5,8
A4976,5,8
A3651,0,8
A4166,0,8
A1788,5,8
A2116,5,8
A3854,0,8
A4974,5,8
A5278,0,8
A6388,0,8
A29,0,8
A2290,5,8
A2454,0,8
A107,4,8
A2438,0,8
A2892,0,8
A4973,5,8
A6950,0,8
A27,0,8
A307,0,8
A5976,0,8
A6644,0,8
A1322,0,8
A6791,0,8
A7078,0,8
A2926,0,8
A7588,0,8
A2664,0,8
A4752,0,8
A6718,0,8
A7592,0,8
A7394,0,8
A3568,0,8
A5346,0,8
A6683,0,8
A7600,0,8
A1584,0,8
A3743,0,8
A3984,5,8
A5647,0,8
A1566,0,8
A7479,0,8
A2932,0,8
A3858,0,8
A6892,0,8
A7463,0,8
A4969,5,8
A4970,5,8
A5593,0,8
A1146,0,8
A1634,0,8
A1756,0,8
A2139,0,8
A4967,5,8
A4968,5,8
A5632,0,8
A5719,0,8
A6553,0,8
A6777,0,8
A105,4,8
A3742,0,8
A7146,0,8
A7333,0,8
A7353,0,8
A3190,0,8
A3435,0,8
A4244,0,8
A4965,5,8
A3578,0,8
A7041,0,8
A2221,0,8
A5351,0,8
A1832,0,8
A5995,0,8
A6167,0,8
A6440,0,8
A7117,0,8
A4962,5,8
A6645,0,8
A970,0,8
A4075,0,8
A6485,0,8
A6631,0,8
A6695,0,8
A7370,0,8
A7607,0,8
A1926,0,8
A4911,0,8
A5588,0,8
A243,0,8
A547,0,8
A2407,0,8
A4961,5,8
A6935,0,8
A1467,5,8
A4825,0,8
A5797,0,8
A6727,0,8
A2783,5,8
A2816,0,8
A3650,0,8
A3850,0,8
A4776,0,8
A4815,5,8
A4960,5,8
A5613,0,8
A5955,0,8
A7046,0,8
A7302,0,8
A3638,0,8
A4916,0,8
A4959,5,8
A7119,0,8
A7529,0,8
A2520,0,8
A3860,0,8
A4740,0,8
A6177,0,8
A690,0,8
A3763,0,8
A4702,0,8
A5155,0,8
A5650,0,8
A3361,0,8
A4958,5,8
A6835,0,8
A7162,0,8
A7595,0,8
A4200,0,8
A5384,0,8
A5473,0,8
A5885,0,8
A6113,0,8
A7220,0,8
A7474,0,8
A1681,0,8
A3649,0,8
A104,4,8
A5685,0,8
A2743,0,8
A5958,0,8
A6897,0,8
A2069,0,8
A3826,0,8
A5339,0,8
A7107,0,8
A1272,0,8
A2640,0,8
A1332,0,8
A4572,0,8
A5963,0,8
A7352,0,8
A93,0,8
A2605,0,8
A3644,5,8
A4693,0,8
A5977,0,8
A7110,0,8
A7652,0,8
A4957,5,8
A5947,0,8
A6271,0,8
A7217,0,8
A7689,0,8
A1831,0,8
A2298,0,8
A6465,0,8
A6987,0,8
A4927,0,8
A774,0,8
A1498,5,8
A1668,0,8
A472,0,8
A3175,0,8
A4699,0,8
A5961,0,8
A6643,0,8
A7067,0,8
A7122,0,8
A4206,0,8
A4219,0,8
A5666,0,8
A2209,0,8
A2782,0,8
A3559,0,8
A4442,0,8
A4567,0,8
A5703,0,8
A5845,0,8
A1589,0,8
A1952,0,8
A2915,0,8
A3996,0,8
A6626,0,8
A7473,0,8
A7609,0,8
A1610,0,8
A4887,0,8
A5993,0,8
A6130,0,8
A1071,0,8
A4676,0,8
A6998,0,8
A7631,0,8
A3522,5,8
A5338,0,8
A5812,0,8
A6065,0,8
A3762,0,8
A7481,0,8
A2710,0,8
A4852,0,8
A7495,0,8
A7530,0,8
A1875,0,8
A3586,0,8
A2756,0,8
A5991,0,8
A1153,0,8
A2663,0,8
A3963,0,8
A1330,0,8
A2758,0,8
A4081,0,8
A4209,0,8
A1401,5,8
A4416,0,8
A7587,0,8
A103,0,8
A7192,0,8
A4750,0,8
A5154,0,8
A1854,0,8
A4285,0,8
A4441,0,8
A6053,0,8
A7193,0,8
A7281,0,8
A7688,0,8
A6323,0,8
A1150,0,8
A5591,0,8
A5746,0,8
A5990,0,8
A6737,0,8
A1830,0,8
A2578,0,8
A5620,0,8
A7532,0,8
A4074,0,8
A5153,0,8
A1097,0,8
A3170,0,8
A3637,0,8
A7061,0,8
A532,0,8
A2657,0,8
A6874,0,8
A2388,0,8
A6491,0,8
A7173,0,8
A2066,0,8
A6312,0,8
A7468,0,8
A7591,0,8
A4162,0,8
A6331,0,8
A3360,0,8
A7554,0,8
A7681,0,8
A4018,0,8
A5684,0,8
A5882,0,8
A6728,0,8
A871,0,8
A974,0,8
A5975,0,8
A3881,0,8
A4698,0,8
A6940,0,8
A7265,0,8
A7506,0,8
A7630,0,8
A1447,0,8
A4952,5,8
A5261,0,8
A5973,0,8
A7531,0,8
A2272,0,8
A4906,0,8
A7687,0,8
A4301,0,8
A4939,0,8
A3717,0,8
A2607,0,8
A3113,0,8
A5956,0,8
A5957,0,8
A6833,0,8
A7633,0,8
A1724,0,8
A4944,0,8
A7508,0,8
A4950,5,8
A6088,0,8
A6146,0,8
A6933,0,8
A3835,4,8
A4946,0,8
A3112,0,8
A4547,0,8
A7280,0,8
A4949,5,8
A7670,0,8
