item_id,title,brand,family,r720b_l1,r720b_l2,r720b_l3,orig_l1,orig_l2
0,SUPCO SPP6 Relay/Capacitor Hard Start Kit with 500% Increase Starting Torque,"Sealed Unit Parts Co., Inc.",other,<a_22>,<a_22><b_190>,<c_215>,<a_236>,<a_236><b_231>
1,"Stanley TRA708T Sharpshooter 1/2-Inch Leg Length Staples, Steel (1000 Count)",Stanley,fastener,<a_81>,<a_81><b_5>,<c_210>,<a_42>,<a_42><b_80>
2,Stanley TRA708SST 1/2-Inch HD Stainless Steel Narrow Crown Staple,Stanley,fastener,<a_81>,<a_81><b_5>,<c_22>,<a_42>,<a_42><b_194>
3,"Kreg SML-C125-500 1-1/4-Inch #8 Coarse Pocket Hole Screws with Washer-Head, 500-Pack",Kreg,fastener,<a_130>,<a_130><b_243>,<c_39>,<a_224>,<a_224><b_163>
4,Dico 541-774-21/2 Nyalox Cup Brush 21/2-Inch Grey 80 Grit,Dico,other,<a_17>,<a_17><b_240>,<c_43>,<a_24>,<a_24><b_255>
5,"Hot Stuff Super T Medium Instant CA Glue, 2oz HST-4",Satellite City,adhesive_epoxy,<a_48>,<a_48><b_165>,<c_20>,<a_165>,<a_165><b_25>
6,PORTER-CABLE 740000801 4 1/2-Inch x 10yd 80 Grit Adhesive-Backed Sanding Roll,PORTER-CABLE,adhesive_epoxy,<a_199>,<a_199><b_106>,<c_4>,<a_193>,<a_193><b_196>
7,"UltraSource 192033 Hamburger Patty Paper, 5.5"" x 5.5"" (Pack of 1000)",UltraSource,other,<a_145>,<a_145><b_36>,<c_0>,<a_210>,<a_210><b_231>
8,"UltraSource 192033 Hamburger Patty Paper, 5.5"" x 5.5"" (Pack of 1000)",UltraSource,other,<a_145>,<a_145><b_36>,<c_0>,<a_210>,<a_210><b_231>
9,"Anderson Metals Brass Tube Fitting, Half-Union, 3/8"" Flare x 1/8"" Male Pipe",Anderson Metals,connector_fitting,<a_13>,<a_13><b_246>,<c_51>,<a_108>,<a_108><b_140>
10,"Scotch Foil Tape, 2-Inch by 50-Yard",3M,tape,<a_14>,<a_14><b_91>,<c_183>,<a_202>,<a_202><b_243>
11,"T&Uuml;RLEN DIAL INDICATOR 0-1"" AGD SPEC 0.001"" w/LUG BACK",TRLEN,other,<a_133>,<a_133><b_85>,<c_68>,<a_104>,<a_104><b_152>
12,"Eclipse Quick Release Woodworking Vise, Gray Cast Iron, 9"" Size",Eclipse,other,<a_148>,<a_148><b_35>,<c_99>,<a_193>,<a_193><b_237>
13,"Amprobe TL36A Test Leads with Alligator Clips, 1000V",Amprobe,other,<a_36>,<a_36><b_76>,<c_123>,<a_211>,<a_211><b_68>
14,Titan Tools 11185 Telescoping Inspection Mirror,Titan Tools,other,<a_129>,<a_129><b_48>,<c_225>,<a_180>,<a_180><b_48>
15,"Kreg SML-C2-250 Pocket Screws 2-Inch, 8 Coarse, Washer Head, 250 Count",Kreg,fastener,<a_130>,<a_130><b_89>,<c_199>,<a_224>,<a_224><b_163>
16,PORTER-CABLE 740001201 4 1/2-Inch by 10yd 120 Grit Adhesive-Backed Sanding Roll,PORTER-CABLE,adhesive_epoxy,<a_199>,<a_199><b_106>,<c_5>,<a_193>,<a_193><b_196>
17,"BOSTITCH BT1335B-1M 1-3/8-Inch 18-Gauge Brads, 1000 per Box",BOSTITCH,gauge_meter,<a_136>,<a_136><b_180>,<c_4>,<a_42>,<a_42><b_244>
18,Shop-Vac 9064900 2-1/2-to-1-1/2-Inch Conversion Unit,Shop-Vac,other,<a_19>,<a_19><b_251>,<c_249>,<a_24>,<a_24><b_173>
19,"BOSTITCH BT1309B-1M 1-Inch 18-Gauge Brads, 1000 per Box",BOSTITCH,gauge_meter,<a_136>,<a_136><b_180>,<c_62>,<a_42>,<a_42><b_244>
20,"PORTER-CABLE (PBN18075-1) 18 Gauge Brad Nails, 3/4-Inch, 1000-Pack",PORTER-CABLE,gauge_meter,<a_136>,<a_136><b_141>,<c_246>,<a_42>,<a_42><b_226>
21,"Swordfish 32051 Brass Plated Wood Screw Assortment, 500 Piece",Swordfish,fastener,<a_231>,<a_231><b_93>,<c_151>,<a_224>,<a_224><b_128>
22,"Eye-Vac EVPRO Tuxedo Black Touchless Stationary Vacuum &ndash; 1400 Watts Professional Vacuum with HEPA Filtration, Bag-less Canister. Floor Care",EyeVac,other,<a_125>,<a_125><b_145>,<c_111>,<a_197>,<a_197><b_91>
23,"Gardner Bender 07315001126 LTB-400 Liquid Electrical Tape, Easy-on, Waterproof, Indoor/Outdoor Use, 4 Oz. Jar, Black, Bottle",Gardner Bender,tape,<a_76>,<a_76><b_151>,<c_121>,<a_202>,<a_202><b_100>
24,Wine Yeast Red Star Premier Classique Formerly Montrachet For Wine Making x10,Red Star,other,<a_177>,<a_177><b_202>,<c_118>,<a_150>,<a_150><b_50>
25,Wixey WR300 Digital Angle Gauge,Wixey,gauge_meter,<a_108>,<a_108><b_85>,<c_6>,<a_104>,<a_104><b_196>
26,Shark Navigator Lift-Away Professional NV356E,SharkNinja,other,<a_194>,<a_194><b_219>,<c_117>,<a_24>,<a_24><b_116>
27,Uxcell a11060700ux0191 RG6 F-Type Coax Coaxial Cable RF Connector Male (Pack of 5),uxcell,connector_fitting,<a_209>,<a_209><b_63>,<c_179>,<a_23>,<a_23><b_32>
28,"A World Of Deals 1 oz. Non-Sterile Graduated Plastic Medicine Cups, 100 Piece",A World Of Deals,other,<a_103>,<a_103><b_68>,<c_191>,<a_150>,<a_150><b_179>
29,"System Three 1100K16 T-88 Kit, 1 quart Bottle, Amber",System Three,other,<a_207>,<a_207><b_8>,<c_88>,<a_99>,<a_99><b_71>
30,"Ludell 11604 High Grade Steel Splitting Wedge, 4lb",Ludell Tools,other,<a_207>,<a_207><b_95>,<c_18>,<a_159>,<a_159><b_248>
31,Set of Rubber Magnetic Vise Jaws. Protection for your Projects,American Science & Surplus,other,<a_28>,<a_28><b_15>,<c_49>,<a_193>,<a_193><b_43>
32,"4-1/2"" Cut-off Wheels for Metal, for Cutting All Ferrous Metals and Stainless Steel",Warrior,other,<a_42>,<a_42><b_27>,<c_202>,<a_193>,<a_193><b_36>
33,Bessey BV-NVJ Multi-Purpose Vise Jaws (Jaws Only),Bessey,other,<a_148>,<a_148><b_128>,<c_181>,<a_193>,<a_193><b_97>
34,Racor LDL-1B Ladder Lift,Racor,other,<a_252>,<a_252><b_70>,<c_62>,<a_206>,<a_206><b_235>
35,Olympia Tools 38-644 5-Inch Open End Multi-Purpose Vise,Olympia Tools,other,<a_148>,<a_148><b_177>,<c_11>,<a_193>,<a_193><b_69>
36,"Neiko 50463A SAE Hydraulic Grease Fitting Kit, 110 Piece | Straight and Angled | 1/4"", 1/8",Neiko,connector_fitting,<a_172>,<a_172><b_18>,<c_51>,<a_108>,<a_108><b_55>
37,"The Hillman Group 591521 Small Flat and Lock Washer Assortment, 270-Pack",Hillman,other,<a_153>,<a_153><b_214>,<c_71>,<a_224>,<a_224><b_81>
38,"SharkNinja Rocket DeluxePro Ultra-Light Upright Corded Stick Vacuum, Bordeaux",SharkNinja,other,<a_194>,<a_194><b_255>,<c_205>,<a_24>,<a_24><b_170>
39,"Augbunny 100% Cotton 5- by 7-Inch Muslin Bags with Drawstring, 12-Pack",Augbunny,other,<a_163>,<a_163><b_193>,<c_82>,<a_210>,<a_210><b_171>
40,"Forney 20859 Cutting Fluid, Industrial Pro Tap Magic, 1-Gallon",Forney,other,<a_47>,<a_47><b_252>,<c_221>,<a_173>,<a_173><b_93>
41,"Loctite 1329837 243 Blue Medium Strength Threadlockers, 0.34 oz., 10 mL, 3/4"" Thread",Loctite,other,<a_34>,<a_34><b_125>,<c_56>,<a_165>,<a_165><b_151>
42,"Precision Brand M6S Micro Seal, Miniature All Stainless Worm Gear Hose Clamp, 5/16"" - 7/8"" (Pack of 10)",Precision Brand,connector_fitting,<a_109>,<a_109><b_54>,<c_213>,<a_71>,<a_71><b_242>
43,4 Pack Caster Wheels Swivel Plate Stem Brake Casters On Red Polyurethane Wheels (4 inch with brake),Online Best Service,other,<a_54>,<a_54><b_89>,<c_135>,<a_87>,<a_87><b_0>
44,"Permatex 51813 Anaerobic Gasket Maker, 50 ml Tube",Permatex,other,<a_75>,<a_75><b_255>,<c_158>,<a_244>,<a_244><b_24>
45,"Permatex 80050 Clear RTV Silicone Adhesive Sealant, 3 oz",Permatex,adhesive_epoxy,<a_41>,<a_41><b_212>,<c_182>,<a_244>,<a_244><b_4>
46,POR-15 40204 Metal Prep - 1 quart,POR-15,other,<a_225>,<a_225><b_123>,<c_188>,<a_173>,<a_173><b_82>
47,"Brush Research FLEX-HONE Cylinder Hone, GB Series, Silicon Carbide Abrasive, 3-1/4"" (83 mm) Diameter, 240 Grit Size",Flex-Hone Tool,gauge_meter,<a_26>,<a_26><b_199>,<c_95>,<a_193>,<a_193><b_192>
48,New 12V 5A 12V 19mm Red LED Momentary Push Button Metal Switch Car Boat Speakers Bells Horn,daier,other,<a_65>,<a_65><b_209>,<c_95>,<a_158>,<a_158><b_14>
49,"Geeetech I3 Pro C, Dual Extruder,double Head,reprap Pursa I3 3d Printer,two-color Printing, High Resolution",Geeetech,3d_filament,<a_140>,<a_140><b_184>,<c_139>,<a_91>,<a_91><b_95>
50,"HATCHBOX PLA 3D Printer Filament, Dimensional Accuracy +/- 0.03 mm, 1 kg Spool, 1.75 mm, Blue",HATCHBOX,3d_filament,<a_58>,<a_58><b_172>,<c_1>,<a_223>,<a_223><b_198>
51,HATCHBOX 1 Spool 3D Printer Filament Tabletop Wall Mount Rack,HATCHBOX,3d_filament,<a_234>,<a_234><b_35>,<c_99>,<a_223>,<a_223><b_29>
52,"HATCHBOX Glow in the Dark PLA 3D Printer Filament, Dimension Accuracy +/-0.03 mm, 1 kg Spool, 1.75 mm - Blue",HATCHBOX,3d_filament,<a_58>,<a_58><b_114>,<c_182>,<a_223>,<a_223><b_198>
53,"T&uuml;rlen Precision TEST DIAL INDICATOR 7 JEWELS .0005"" 0-15-0",TRLEN,other,<a_133>,<a_133><b_161>,<c_37>,<a_104>,<a_104><b_78>
54,"Industrial & Scientific"" />",Dykem,metadata_placeholder,<a_191>,<a_191><b_70>,<c_137>,<a_15>,<a_15><b_206>
55,CRC 5037 White Lithium Grease - 10 Wt Oz.,CRC,other,<a_34>,<a_34><b_146>,<c_249>,<a_173>,<a_173><b_209>
56,"RhinoGear 11909ABMI RhinoRamps Vehicle Ramp - Set of 2 (12,000lb. GVW Capacity)",RhinoGear,other,<a_73>,<a_73><b_161>,<c_149>,<a_87>,<a_87><b_242>
57,"Gorilla 2 Part Epoxy, 5 Minute Set, .85 ounce Syringe, Clear",Gorilla,adhesive_epoxy,<a_48>,<a_48><b_212>,<c_37>,<a_165>,<a_165><b_247>
58,American Terminal E-FFR250N-100 22/18-Gauge Economy Nylon Fully-Insulated Female Quick Disconnects,American Terminal,connector_fitting,<a_247>,<a_247><b_121>,<c_138>,<a_67>,<a_67><b_56>
59,Loctite Ultra Gel Control Super Glue 4-Gram (1363589),Loctite,adhesive_epoxy,<a_48>,<a_48><b_208>,<c_155>,<a_165>,<a_165><b_214>
60,"Shop-Vac 2030100 1.5-Gallon 2.0 Peak HP Wet Dry Vacuum, Small, Red/Black",Shop-Vac,other,<a_213>,<a_213><b_183>,<c_182>,<a_24>,<a_24><b_188>
61,B&K Precision 879B Dual Display Handheld Deluxe Universal LCR Meter with Backlit Display,B&K Precision,gauge_meter,<a_127>,<a_127><b_96>,<c_131>,<a_36>,<a_36><b_235>
62,"Anytime Tools Dial Caliper 6"" / 150mm DUAL Reading Scale METRIC SAE Standard INCH MM",Anytime Tools,gauge_meter,<a_241>,<a_241><b_49>,<c_89>,<a_104>,<a_104><b_17>
63,WEN 73002 500-Pound Capacity Service Cart,WEN,other,<a_27>,<a_27><b_79>,<c_2>,<a_210>,<a_210><b_90>
64,Shop-Vac 9068400 2.5-Inch by 40-Inch Extension Wands,Shop-Vac,other,<a_19>,<a_19><b_121>,<c_177>,<a_24>,<a_24><b_173>
65,Shop-Vac 9197000 2.5-Inch Gutter Cleaning Kit,Shop-Vac,other,<a_19>,<a_19><b_63>,<c_148>,<a_24>,<a_24><b_85>
66,Brown & Sharpe 599-792-30 Adjustable Spring Tensioned Tap Guide,TESA Brown & Sharpe,other,<a_228>,<a_228><b_228>,<c_104>,<a_104>,<a_104><b_185>
67,"W1 Tool Steel Round Rod, Polished Finish, Precision Ground, Annealed, 0.0625"" Diameter, 36"" Length",Small Parts,gauge_meter,<a_96>,<a_96><b_159>,<c_251>,<a_17>,<a_17><b_36>
68,"MLCS 9080 Billy Pedal Foot Switch, Deadman Style",MLCS,other,<a_221>,<a_221><b_204>,<c_199>,<a_236>,<a_236><b_116>
69,"Vestil FWD-1824-3R Fiberwood Dolly with 3"" Rubber Casters, 800 lbs Capacity, 23-3/4"" Length x 17-7/8"" Width x 4-11/16"" Height Deck",Vestil,other,<a_27>,<a_27><b_191>,<c_112>,<a_87>,<a_87><b_196>
70,Spectra 360 Electrode Gel - Parker Laboratories - 60g (2oz) Tube - (Pack of 3),Parker,other,<a_222>,<a_222><b_159>,<c_216>,<a_44>,<a_44><b_4>
71,Metronic 12 inch Impulse Bag Sealer Poly Bag Sealing Machine Heat Seal Closer with Repair Kit(12 inch),Metronic,other,<a_60>,<a_60><b_181>,<c_92>,<a_17>,<a_17><b_91>
72,"Eagle 1654 Yellow Blow-Molded HDPE Salvage Drum with Metal Ring Lever-Lock Lid, 20 gallon Capacity, 21"" Height, 21"" Diameter",Eagle,gauge_meter,<a_20>,<a_20><b_12>,<c_102>,<a_206>,<a_206><b_120>
73,HHIP 6 X 3-1/8 X 3-1/2 INCH CAST IRON V BLOCK SET (3402-1006),HHIP,other,<a_139>,<a_139><b_223>,<c_6>,<a_193>,<a_193><b_51>
74,"Hot Max 27050 Tap Magic Cutting Fluid, 4 oz.",Hot Max,other,<a_215>,<a_215><b_97>,<c_240>,<a_173>,<a_173><b_93>
75,"Jumbo 51pc Drum Sanding Kit - Fits Dremel - Includes Rubber Drum Mandrels - 1/2, 3/8 & 1/4",IIT,other,<a_88>,<a_88><b_227>,<c_140>,<a_159>,<a_159><b_63>
76,10pcs Mini Cabinet Drawer Butt Hinge,Generic,other,<a_68>,<a_68><b_185>,<c_94>,<a_42>,<a_42><b_135>
77,"Scotch Heavy Duty Shipping Packaging Tape, 3"" Core, 1.88"" x 54.6 Yards, 6-Rolls (3850-6)",Scotch,tape,<a_14>,<a_14><b_219>,<c_131>,<a_202>,<a_202><b_162>
78,PSI LCENTLT2 No. 2MT Heavy Duty Live Tailstock Center,PSI Woodworking,other,<a_22>,<a_22><b_51>,<c_78>,<a_159>,<a_159><b_172>
79,"Brass Wood Screw, Plain Finish, Flat Head, Slotted Drive, 3/8"" Length, #6 Threads (Pack of 100)",Small Parts,fastener,<a_130>,<a_130><b_91>,<c_0>,<a_224>,<a_224><b_146>
80,"RapidFix Dual Adhesive System, 25 mL,Boss Products USA,RFX7121100,RFX7121101"" />",RapidFix,adhesive_epoxy,<a_204>,<a_204><b_226>,<c_110>,<a_206>,<a_206><b_32>
81,"Packard C230B 2 Pole 30 Amp Contactor, 120 Voltage Coil",Packard,other,<a_217>,<a_217><b_141>,<c_113>,<a_236>,<a_236><b_82>
82,"25-Pack 7/64"" Stainless Steel Screw Eye Rings",Dsmile,fastener,<a_88>,<a_88><b_57>,<c_9>,<a_159>,<a_159><b_64>
83,Wixey WR300 Type 2 Digital Angle Gauge with Backlight&hellip;,Wixey,gauge_meter,<a_84>,<a_84><b_217>,<c_127>,<a_17>,<a_17><b_20>
84,Neiko 01409A Electronic Digital Caliper with Extra Large LCD Screen | 0 - 12 Inches | Inch/Fractions/Millimeter Conversion,Neiko,gauge_meter,<a_241>,<a_241><b_85>,<c_125>,<a_104>,<a_104><b_186>
85,TEKTON 7169 0-1-Inch Dial Indicator,TEKTON,other,<a_133>,<a_133><b_143>,<c_243>,<a_104>,<a_104><b_73>
86,"Science Purchase 0604CAL6$ Stainless Steel Electronic LCD Digital Vernier Caliper Gauge Micrometer with Carrying Case, 6"", Silver",Science Purchase,gauge_meter,<a_241>,<a_241><b_13>,<c_188>,<a_104>,<a_104><b_97>
87,Wixey WR510 Digital Planer Readout with Fractions,Wixey,other,<a_7>,<a_7><b_204>,<c_106>,<a_197>,<a_197><b_220>
88,"SafeTouch Nitrile Exam Gloves, Non Latex, Powder Free, Small, 100/Box",Safe-Touch,other,<a_146>,<a_146><b_127>,<c_211>,<a_44>,<a_44><b_9>
89,Gorilla Gripper 44010 Panel Carrier,Gorilla Gripper,other,<a_40>,<a_40><b_45>,<c_207>,<a_206>,<a_206><b_94>
90,Woodstock W1038 4-Inch Quick Connect and Disconnect,Woodstock,other,<a_118>,<a_118><b_250>,<c_94>,<a_108>,<a_108><b_92>
91,"BOSTITCH BT1309B 1-Inch 18-Gauge Brads, 3000 per Box",BOSTITCH,gauge_meter,<a_136>,<a_136><b_23>,<c_79>,<a_42>,<a_42><b_244>
92,"GREX P6/MP-3 23 Gauge Multi-Pack Headless Pins (3,000 per box)",Grex Power Tools,gauge_meter,<a_81>,<a_81><b_20>,<c_96>,<a_42>,<a_42><b_117>
93,"White SiliconeTubing, 1/2""ID, 3/4""OD, 1/8""Wall, 25' Length",Small Parts,other,<a_165>,<a_165><b_91>,<c_12>,<a_228>,<a_228><b_158>
94,"White SiliconeTubing, 3/16""ID, 1/4""OD, 1/32"" Wall, 10' Length",Small Parts,other,<a_165>,<a_165><b_91>,<c_0>,<a_228>,<a_228><b_158>
95,uxcell 5 Pcs Dual Row 4 Position Covered Screw Terminal Strip 600V 25A,uxcell,connector_fitting,<a_187>,<a_187><b_48>,<c_211>,<a_73>,<a_73><b_87>
96,1 X Hydrometer - Triple Scale,Monster Brew Home Brewing Supplies,gauge_meter,<a_107>,<a_107><b_86>,<c_197>,<a_94>,<a_94><b_95>
97,"18-8 Stainless Steel Flat Washer, Plain Finish, #10 Hole Size, 13/64"" ID, 7/16"" OD, 0.03"" Nominal Thickness (Pack of 100)",Small Parts,other,<a_153>,<a_153><b_89>,<c_152>,<a_224>,<a_224><b_209>
98,"Industrial & Scientific"" />",iGaging,metadata_placeholder,<a_191>,<a_191><b_221>,<c_34>,<a_15>,<a_15><b_155>
99,"Stainless Steel 304L Welded Round Tubing, 2"" OD, 1.93"" ID, 0.035"" Wall, 36"" Length",Small Parts,other,<a_185>,<a_185><b_253>,<c_2>,<a_251>,<a_251><b_54>
100,"Dixon BCN100 Brass Fitting, Hex Nipple, 1"" NPT Male",Dixon Valve & Coupling,connector_fitting,<a_242>,<a_242><b_2>,<c_148>,<a_108>,<a_108><b_140>
101,"Stainless Steel 304/304L Pipe Fitting, Nipple, Schedule 40 Welded, 4"" X 6"" NPT Male by Merit Brass",Merit Brass,connector_fitting,<a_206>,<a_206><b_89>,<c_1>,<a_108>,<a_108><b_42>
102,"Stainless Steel Tumbling Media Pins - 0.047"" Diameter, 0.255"" Length (5 lb Pack)",guntap,gauge_meter,<a_156>,<a_156><b_95>,<c_108>,<a_17>,<a_17><b_144>
103,"Osborn International 75116SP Steel File Card, 3-3/4"" Brush Area Length",Osborn International,other,<a_203>,<a_203><b_103>,<c_190>,<a_180>,<a_180><b_106>
104,#10 Solid Rubber Stopper,Craft Brew,other,<a_63>,<a_63><b_215>,<c_200>,<a_14>,<a_14><b_242>
105,Mist Coolant Lubrication Spray System For 8mm Air Pipe CNC Lathe Milling Drill,Bleiou,other,<a_47>,<a_47><b_121>,<c_26>,<a_79>,<a_79><b_154>
106,Wago Wire Connector 600 V Clear 4 Conductor 100 / Box,Wago Corporation,connector_fitting,<a_187>,<a_187><b_217>,<c_81>,<a_67>,<a_67><b_46>
107,"Polycarbonate (PC) Sheet, Transparent Clear, Standard Tolerance, ASTM D3935, 0.093"" Thickness, 12"" Width, 24"" Length",Small Parts,other,<a_156>,<a_156><b_183>,<c_8>,<a_17>,<a_17><b_62>
108,"Polycarbonate (PC) Sheet, Transparent Clear, Standard Tolerance, ASTM D3935, 0.08"" Thickness, 12"" Width, 24"" Length",Small Parts,other,<a_156>,<a_156><b_183>,<c_80>,<a_17>,<a_17><b_62>
109,"Arlington LPCG50-1 Low-Profile Strain Relief Cord Connector, 1/2 Inch",Arlington Industries,connector_fitting,<a_186>,<a_186><b_86>,<c_35>,<a_67>,<a_67><b_158>
110,"LEDMart(tm) 50w LED Flood Light (2) Cool White Lamp Landscape Outdoor Waterproof 90-240v, 120 Degree Beam Angle (2)",e-joy,other,<a_30>,<a_30><b_219>,<c_104>,<a_73>,<a_73><b_175>
111,"Hillman 830504 Stainless Steel 5/16-Inch Flat Washers, 100-Pack, 1 Pack",Hillman,other,<a_153>,<a_153><b_162>,<c_46>,<a_224>,<a_224><b_209>
112,Dremel EZ407SA EZ Drum Sanding Band and Mandrel,Dremel,other,<a_132>,<a_132><b_96>,<c_110>,<a_193>,<a_193><b_12>
113,"Bercom BER-2520-CT INC 6PK Handy 2520-CT Paint Pail Liners, 6-Count, Clear",Bercom,other,<a_20>,<a_20><b_88>,<c_251>,<a_197>,<a_197><b_126>
114,"Super Glue 15187 Super Glue, 12-Pack",Super Glue,adhesive_epoxy,<a_48>,<a_48><b_120>,<c_125>,<a_165>,<a_165><b_214>
115,"Industrial & Scientific"" />",F4 Tape,metadata_placeholder,<a_95>,<a_95><b_192>,<c_69>,<a_233>,<a_233><b_203>
116,Rescue Tape RT1000201202USCO,Rescue Tape,tape,<a_207>,<a_207><b_224>,<c_170>,<a_202>,<a_202><b_62>
117,"Gorilla Original Gorilla Glue, Waterproof Polyurethane Glue, 8 ounce Bottle, Brown",Gorilla,adhesive_epoxy,<a_48>,<a_48><b_79>,<c_140>,<a_165>,<a_165><b_107>
118,Grizzly G9849 Magnetic Base/Dial Indicator Combo - President's Special,Grizzly,other,<a_181>,<a_181><b_36>,<c_210>,<a_104>,<a_104><b_118>
119,"Rubbermaid Commercial BRUTE Heavy-Duty Round Waste/Utility Container with Venting Channels, 20-gallon, Gray (FG262000GRAY)",Rubbermaid Commercial Products,other,<a_214>,<a_214><b_21>,<c_46>,<a_210>,<a_210><b_156>
120,"Vintage Shop PW-COIA-QACH Hydrometer 12"" Test Jar with Removable Base",Vintage Shop,gauge_meter,<a_1>,<a_1><b_139>,<c_102>,<a_229>,<a_229><b_99>
121,Magnum Media DUAL SCALE 0-32% Brix and 1.000-1.130SG Wort Refractometer RSG-100ATC Beer Home Brew,MAGNUM_MEDIA,gauge_meter,<a_107>,<a_107><b_124>,<c_0>,<a_107>,<a_107><b_26>
122,"Rust Bullet MB24SP Metal Blast Rust Treatment and Rust Remover, 24 oz. Spray Bottle, Clear Liquid",Rust Bullet,other,<a_225>,<a_225><b_98>,<c_70>,<a_173>,<a_173><b_7>
123,"Red Devil 0325 Steel Wool, 2 Medium Course, 8 Pads",Red Devil,other,<a_119>,<a_119><b_216>,<c_4>,<a_173>,<a_173><b_194>
124,"Enkay 150 Carded Polishing Compound Kit, 4 Piece",Enkay,other,<a_97>,<a_97><b_123>,<c_123>,<a_52>,<a_52><b_196>
125,"Gorilla 6100101 Tape Handy Roll, 1-Pack, Black",Gorilla,tape,<a_59>,<a_59><b_28>,<c_15>,<a_202>,<a_202><b_52>
126,"Applied Magnets 2-pc, 1.5"" Strong NdFeB Neodymium Cup Magnet with Countersunk Hole.",Applied Magnets,other,<a_92>,<a_92><b_211>,<c_241>,<a_251>,<a_251><b_7>
127,"Morris 60202 Black Commercial Grade Vinyl Electrical Tape, 8.5 mil, 66' Length, 2"" Width",Morris,tape,<a_76>,<a_76><b_144>,<c_152>,<a_202>,<a_202><b_158>
128,"MegaDeal AC201710300001 12 Pack 2"" Swivel Caster Wheels Rubber Base with Top Plate & Bearing Heavy Duty",MegaDeal,other,<a_68>,<a_68><b_146>,<c_31>,<a_87>,<a_87><b_74>
129,Hilitchi 260pcs M3/4/5/6/8 Allen Head Socket Hex Grub Screw Set Assortment Kit with Plastic Box 12.9 Class Black Alloy Steel,Hilitchi,fastener,<a_64>,<a_64><b_177>,<c_161>,<a_224>,<a_224><b_153>
130,"Gorilla Tape, Black Duct Tape, 1.88"" x 35 yd, Black, (Pack of 1)",Gorilla,tape,<a_59>,<a_59><b_226>,<c_154>,<a_202>,<a_202><b_52>
131,"110 Copper Round Rod, Unpolished (Mill) Finish, H04 Temper, ASTM B187, 0.25"" Diameter, 24"" Length",Small Parts,gauge_meter,<a_96>,<a_96><b_138>,<c_186>,<a_17>,<a_17><b_217>
132,"110 Copper Rectangular Bar, Unpolished (Mill) Finish, H04 Temper, ASTM B187, 1/4"" Thickness, 2"" Width, 36"" Length",Small Parts,other,<a_185>,<a_185><b_32>,<c_70>,<a_251>,<a_251><b_221>
133,"3M High Temperature Flue Tape, 15-Foot Roll",3M,tape,<a_249>,<a_249><b_52>,<c_50>,<a_79>,<a_79><b_9>
134,HOODDEAL 50pcs Waterproof Solder Seal Heat Shrink Butt Connectors with Soldering Sleeve,HOODDEAL,connector_fitting,<a_253>,<a_253><b_129>,<c_3>,<a_67>,<a_67><b_199>
135,"LDR Industries 516 B1210 Nylon Tubing, 1/2"" x 10', Clear",LDR Industries,other,<a_165>,<a_165><b_166>,<c_189>,<a_228>,<a_228><b_36>
136,"Stanley Wet/Dry Vacuum with Wall Mount, 1 Gallon, 1.5 Horsepower",Stanley,other,<a_213>,<a_213><b_113>,<c_106>,<a_24>,<a_24><b_2>
137,"Swordfish 31930 Stainless Steel Screw Assortment, 420 Piece",Swordfish,fastener,<a_231>,<a_231><b_5>,<c_245>,<a_224>,<a_224><b_150>
138,Fantronics 7mm Android Endoscope OTG Micro USB Endoscope Waterproof Borescopes Inspection Camera with 6 LED and 3.5M Cable,Fantronics,ventilation_fan,<a_236>,<a_236><b_96>,<c_242>,<a_180>,<a_180><b_55>
139,DuPont Teflon Non-Stick,DuPont,other,<a_12>,<a_12><b_251>,<c_0>,<a_197>,<a_197><b_204>
140,DuPont Teflon Silicone Lubricant,DuPont,other,<a_10>,<a_10><b_45>,<c_37>,<a_173>,<a_173><b_201>
141,Break-Free CLP-2 Cleaner Lubricant Preservative 4 oz (113.4 gram) Aerosol,BreakFree,other,<a_171>,<a_171><b_192>,<c_3>,<a_173>,<a_173><b_23>
142,High Temperature Heat Resistant Tape Sublimation Tape Koptan Tape 2 Rolls 10mm X 33m 100ft,MS WGO,tape,<a_195>,<a_195><b_25>,<c_175>,<a_206>,<a_206><b_209>
143,"GT-5000 (3 strips) Grip Tape for guns, cell phones, cameras, knives, tools - makes anything""Grippy"".",HI-TEC Industries,tape,<a_11>,<a_11><b_100>,<c_240>,<a_122>,<a_122><b_225>
144,3M Dual Lock Reclosable Fastener TB3561/TB3562 400/170 Clear 1 in x 10 ft (1 Mated Strip/Bag),3M Dual Lock,fastener,<a_175>,<a_175><b_167>,<c_189>,<a_68>,<a_68><b_32>
145,"Marrywindix 6pcs ESD Precision Anti-Static Tweezers, Tweezers Stainless Steel Tweezers with a Bag for Electronics Jewelry-Making Repairing",Marrywindix,other,<a_220>,<a_220><b_59>,<c_150>,<a_17>,<a_17><b_14>
146,Dynarex 2201 Medical Surgical Face Masks (Pack of 50),Dynarex,other,<a_239>,<a_239><b_60>,<c_201>,<a_44>,<a_44><b_165>
147,Bentonite - 8 oz.,Simi Valley Home Brew,other,<a_74>,<a_74><b_77>,<c_39>,<a_150>,<a_150><b_240>
148,"Plastic Transfer Pipettes 3ml, Graduated, Pack of 100",Pipettes,other,<a_43>,<a_43><b_9>,<c_204>,<a_94>,<a_94><b_35>
149,Syrtenty TENS Unit Electrodes Pads 2x2 20 Pcs Replacement Pads Electrode Patches For Electrotherapy,Syrtenty,other,<a_60>,<a_60><b_25>,<c_4>,<a_206>,<a_206><b_57>
150,Colgate Cavity Protection Toothpaste with Fluoride - 1 ounce (24 Pack),Colgate,other,<a_169>,<a_169><b_78>,<c_173>,<a_66>,<a_66><b_78>
151,"Monoprice Hook & Loop Fastening Tape 5 yard/roll, 0.75-inch - Blue (105830)",Monoprice,tape,<a_175>,<a_175><b_79>,<c_163>,<a_68>,<a_68><b_98>
152,"Camco 4ft TastePURE Drinking Water Hose - Lead and BPA Free, Reinforced for Maximum Kink Resistance,  1/2""Inner Diameter (22763)",Camco,connector_fitting,<a_165>,<a_165><b_71>,<c_94>,<a_228>,<a_228><b_113>
153,"Alltrade 640912 Black 3 Ton,All-in-One Bottle Jack",Alltrade,other,<a_73>,<a_73><b_69>,<c_245>,<a_87>,<a_87><b_245>
154,"3M Multi-Use Duct Tape, 2930-C, 1.88 Inches by 30 Yards",Scotch,tape,<a_89>,<a_89><b_167>,<c_106>,<a_202>,<a_202><b_160>
155,"JVCC EL7566-AW Synthetic Rubber Electrical Tape, 3 in. x 66 ft. (72mm x 20m), Black",J.V. Converting,tape,<a_76>,<a_76><b_226>,<c_136>,<a_202>,<a_202><b_249>
156,"3M Contractor Grade Pro Strength Duct Tape 3979 Silver, 1.88 in x 60 yd 8.0 mil, Individually Wrapped, Conveniently Packaged",3M,tape,<a_89>,<a_89><b_183>,<c_65>,<a_202>,<a_202><b_160>
157,Yueton 100pcs Female Fully Insulated Wire Crimp Terminal Nylon Quick Connectors Wiring Spade,yueton,connector_fitting,<a_247>,<a_247><b_129>,<c_46>,<a_67>,<a_67><b_23>
158,Stainless Steel Phillips Flat Machine Screw Kit #K18MPF,Stainless Town,fastener,<a_231>,<a_231><b_249>,<c_133>,<a_224>,<a_224><b_222>
159,"Etekcity Lasergrip 774 Non-contact Digital Laser Infrared Thermometer Temperature Gun -58~ 716 (-50 ~ 380), Yellow and Black",Etekcity,gauge_meter,<a_50>,<a_50><b_235>,<c_27>,<a_107>,<a_107><b_90>
160,"LASCO 11-1033 PTFE Pipe Sealant Tape, 1/2-Inch x 100-Inch, White",LASCO,tape,<a_151>,<a_151><b_161>,<c_104>,<a_79>,<a_79><b_87>
161,"SA180 Adhesive Standoffs, 24 Pack, 0.180"" Height, Offset 0.6x0.6"" Base, Fits 0.125"" PCB Hole",BusBoard Prototype Systems,adhesive_epoxy,<a_216>,<a_216><b_64>,<c_97>,<a_73>,<a_73><b_249>
162,"USAFilament 9800429 ABS 3D Printing Filament, 2.2 lb, 1.75 mm, White Spool",USAFilament,3d_filament,<a_237>,<a_237><b_199>,<c_56>,<a_223>,<a_223><b_66>
163,"Pratt PRA0017 100% Recycled Corrugated Cardboard Box, 8"" Length x 6"" Width x 6"" Height, Kraft",Pratt,other,<a_150>,<a_150><b_68>,<c_161>,<a_210>,<a_210><b_192>
164,"HATCHBOX PLA 3D Printer Filament, Dimensional Accuracy +/- 0.03 mm, 1 kg Spool, 1.75 mm, Green",HATCHBOX,3d_filament,<a_237>,<a_237><b_128>,<c_212>,<a_223>,<a_223><b_20>
165,"Duck Brand 299006 3/4-Inch by 60 Feet Utility Vinyl Electrical Tape with Single Roll, Black, 3/4 Inch x Economy",Duck,tape,<a_76>,<a_76><b_48>,<c_85>,<a_202>,<a_202><b_209>
166,"ARROW 160455 Drywall Drill Bit, Screw and Anchor Kit",Arrow,fastener,<a_33>,<a_33><b_35>,<c_35>,<a_224>,<a_224><b_84>
167,"Loctite 2-In-1 All Purpose Adhesive Caulk, 10 Ounce Cartridge, Clear (1936462)",OSI - Henkel Corporation,adhesive_epoxy,<a_114>,<a_114><b_237>,<c_153>,<a_244>,<a_244><b_214>
168,"Scotch Super 33+ Vinyl Electrical Tape, 3/4 in x 66 ft",3M,tape,<a_76>,<a_76><b_133>,<c_29>,<a_202>,<a_202><b_147>
169,"Wall Control ASM-SH-1606 R Deep Pegboard Shelf Assembly for Wall Control Pegboard Only, 6"", Red",Wall Control,other,<a_2>,<a_2><b_48>,<c_20>,<a_42>,<a_42><b_53>
170,URBEST 328 Pcs Assorted Heat Shrink Tube 5 Colors 8 Sizes Tubing Wrap Sleeve Set Combo (328PCS),URBEST,other,<a_32>,<a_32><b_162>,<c_37>,<a_228>,<a_228><b_45>
171,Bulldog 131525 Multi-Screwdriver Holder Peg Hook,Bulldog Hardware,fastener,<a_2>,<a_2><b_47>,<c_183>,<a_159>,<a_159><b_203>
172,"Gorilla Super Glue Gel, 15 Gram, Clear",Gorilla,adhesive_epoxy,<a_48>,<a_48><b_237>,<c_217>,<a_165>,<a_165><b_52>
173,Storehouse 67543 220 Piece Wall Anchor Assortment,Storehouse,other,<a_33>,<a_33><b_113>,<c_215>,<a_224>,<a_224><b_63>
174,Heat Shrink Tape Black 180 foot,PJT,tape,<a_65>,<a_65><b_147>,<c_147>,<a_17>,<a_17><b_187>
175,"Gorilla Crystal Clear Duct Tape, 1.88&rdquo; x 9 yd, Clear, (Pack of 1)",Gorilla,tape,<a_59>,<a_59><b_183>,<c_212>,<a_202>,<a_202><b_52>
176,URBEST 530 Pcs 2:1 Heat Shrink Tubing Tube Sleeving Wrap Cable Wire 5 Color 8 Size,URBEST,other,<a_65>,<a_65><b_6>,<c_0>,<a_17>,<a_17><b_80>
177,"Masione Temperature Gun Non-contact Digital Laser Infrared Ir Thermometer -58&deg;f to 716&deg;f (-50 ~ 380) Instant-read Handheld,battery Included",Masione,gauge_meter,<a_50>,<a_50><b_251>,<c_48>,<a_107>,<a_107><b_42>
178,"Neiko 10194A Titanium Step Drill Bit, High Speed Steel | 1/4"" to 1-3/8"" | Total 10 Step Sizes",Neiko,other,<a_44>,<a_44><b_248>,<c_161>,<a_224>,<a_224><b_17>
179,Nashua Stretch & Seal Self-Fusing Silicone Tape,Nashua,tape,<a_179>,<a_179><b_141>,<c_146>,<a_202>,<a_202><b_202>
180,Plastic Transfer Pipettes 3ml Graduated Pack of 100,Vetmed USA,other,<a_43>,<a_43><b_251>,<c_177>,<a_94>,<a_94><b_156>
181,"AcuRite 00613 Humidity Monitor with Indoor Thermometer, Digital Hygrometer and Humidity Gauge Indicator",AcuRite,gauge_meter,<a_131>,<a_131><b_6>,<c_0>,<a_107>,<a_107><b_93>
182,"AcuRite 00613 Humidity Monitor with Indoor Thermometer, Digital Hygrometer and Humidity Gauge Indicator",AcuRite,gauge_meter,<a_131>,<a_131><b_6>,<c_0>,<a_107>,<a_107><b_93>
183,SEOH GLASS FUNNEL Neutral glass 100 mm 100 mm stem,SEOH,other,<a_63>,<a_63><b_111>,<c_250>,<a_94>,<a_94><b_93>
184,"3-IN-ONE  Multi-Purpose PTFE Lubricant, 4 OZ",3-IN-ONE,other,<a_34>,<a_34><b_215>,<c_44>,<a_173>,<a_173><b_187>
185,KIM41455 - WypAll X70 WorkHorse Manufactured Rags in a Pop Up Box,Kimberly-Clark,other,<a_170>,<a_170><b_222>,<c_188>,<a_210>,<a_210><b_7>
186,"RADEX RD1503+ w/o dosimeter: High accuracy Geiger counter, radiation detector (English)",RADEX by Quarta-Rad,gauge_meter,<a_104>,<a_104><b_12>,<c_134>,<a_153>,<a_153><b_62>
187,"South Main Hardware 810180, 12'/1"""", Silver Lashing Strap (2 Pack)",South Main Hardware,other,<a_210>,<a_210><b_133>,<c_183>,<a_71>,<a_71><b_162>
188,Woodstock D4158 4-84 Screw Pitch-Gauge,Woodstock,gauge_meter,<a_24>,<a_24><b_107>,<c_202>,<a_224>,<a_224><b_22>
189,"316 Stainless Steel Machine Screw, Plain Finish, Flat Head, Phillips Drive, 1/2"" Length, #10-24 Threads (Pack of 25)",Small Parts,fastener,<a_168>,<a_168><b_128>,<c_137>,<a_224>,<a_224><b_146>
190,"BSI BSI-202 Quick-Cure 5Min Epoxy Bob Smith Ind, 9 oz.",BSI,adhesive_epoxy,<a_158>,<a_158><b_151>,<c_4>,<a_165>,<a_165><b_170>
191,"Science Purchase Disposable Luer-Slip Tip 3mL Syringe, Sterile without Needle, 100 Count",Science Purchase,other,<a_38>,<a_38><b_9>,<c_171>,<a_150>,<a_150><b_109>
192,"3M Vetbond Tissue Adhesive, 3ml Bottles w/MSDS",3M Vetbond,adhesive_epoxy,<a_198>,<a_198><b_28>,<c_20>,<a_99>,<a_99><b_241>
193,"Rubbermaid Commercial Sanded Wood Handle with TapeRed Tip, 60-Inch Length, Natural (FG636200NAT)",Rubbermaid Commercial Products,tape,<a_119>,<a_119><b_106>,<c_236>,<a_210>,<a_210><b_41>
194,Oral-B Deep Sweep Toothbrush,Oral B,other,<a_12>,<a_12><b_96>,<c_151>,<a_24>,<a_24><b_141>
195,"Industrial & Scientific"" />",Banjo Corp,metadata_placeholder,<a_95>,<a_95><b_183>,<c_103>,<a_15>,<a_15><b_9>
196,"Spears 1407 Series PVC Tube Fitting, 90 Degree Elbow, Schedule 40, Gray, 1-1/4"" Barbed x NPT Female",Spears Manufacturing,connector_fitting,<a_13>,<a_13><b_184>,<c_10>,<a_108>,<a_108><b_49>
197,"RH Adhesives HH-66 Industrial Strength Vinyl Cement Glue with Brush, 8 oz, Clear",RH Adhesives,adhesive_epoxy,<a_230>,<a_230><b_18>,<c_66>,<a_233>,<a_233><b_98>
198,"RH Adhesives Br, HH-66 PVC 4 oz Vinyl Cement Glue with Brush",RH Adhesives,adhesive_epoxy,<a_230>,<a_230><b_167>,<c_177>,<a_233>,<a_233><b_241>
199,J-B Weld 50133 Plastic Bonder Structural Adhesive Syringe - Dries Tan - 25 ml,J-B Weld,adhesive_epoxy,<a_15>,<a_15><b_57>,<c_55>,<a_165>,<a_165><b_197>
200,"3M Scotch 2120-A Tough Transparent Duct Tape, 1.8-Inch, 20 yds",3M,tape,<a_204>,<a_204><b_77>,<c_228>,<a_206>,<a_206><b_9>
201,"ColorConnex Coupler & Plug Kit (7 Piece), Industrial Type D, 1/4 in. NPT, Red - A73457D",Legacy Manufacturing,connector_fitting,<a_247>,<a_247><b_245>,<c_54>,<a_67>,<a_67><b_185>
202,Loctite Liquid Professional Super Glue  20-Gram Bottle (1365882),Loctite,adhesive_epoxy,<a_198>,<a_198><b_144>,<c_237>,<a_165>,<a_165><b_15>
203,"Gorilla 7500101 07221000673 Glue Brush & Nozzle, 1-Pack, Clear",Gorilla,adhesive_epoxy,<a_48>,<a_48><b_28>,<c_151>,<a_99>,<a_99><b_52>
204,"Gorilla Super Glue, Two 3 Gram Tubes, Clear",Gorilla,adhesive_epoxy,<a_48>,<a_48><b_167>,<c_56>,<a_165>,<a_165><b_52>
205,"Gorilla Glue Adhesive, 2-Ounces #50001",Gorilla Glue,adhesive_epoxy,<a_204>,<a_204><b_181>,<c_150>,<a_197>,<a_197><b_32>
206,Fluke 1AC-A1-II VoltAlert Non-Contact Voltage Tester,Fluke,other,<a_31>,<a_31><b_129>,<c_137>,<a_36>,<a_36><b_4>
207,iRobot Roomba 880 Robot Vacuum,iRobot,other,<a_23>,<a_23><b_202>,<c_138>,<a_24>,<a_24><b_91>
208,"Oatey 30246 PVC Regular Cement and 4-Ounce NSF Purple Primer Handy Pack, 4 oz",Oatey,other,<a_207>,<a_207><b_147>,<c_223>,<a_244>,<a_244><b_225>
209,"Duck Brand 442055 Wrap-Fix Repair Tape, 1-Inch by 10 Feet, Single Roll, Black",Duck,tape,<a_89>,<a_89><b_67>,<c_83>,<a_202>,<a_202><b_201>
210,"Hydro Flow 747058 Premium Barbed Ball Valve, 1/2-Inch",HydroFLOW,other,<a_232>,<a_232><b_40>,<c_83>,<a_108>,<a_108><b_5>
211,"Spears 497 Series PVC Pipe Fitting, Union with EPDM O-Ring, Schedule 40, 1"" Socket",Plumbing Parts,connector_fitting,<a_40>,<a_40><b_30>,<c_216>,<a_206>,<a_206><b_178>
212,"Rutland Products 76C 500-Degree RTV High Heat Silicone Seal, 10.3-Ounce Cartridge, Clear",Rutland Products,ventilation_fan,<a_41>,<a_41><b_247>,<c_165>,<a_244>,<a_244><b_129>
213,"Shoreline Marine GOOP, 3.7-Ounce, Clear",Shoreline Marine,other,<a_110>,<a_110><b_255>,<c_231>,<a_122>,<a_122><b_156>
214,520 Piece Electrical Terminal Assortment with Storage Box,Storehouse,connector_fitting,<a_118>,<a_118><b_142>,<c_239>,<a_67>,<a_67><b_156>
215,"ATP Vinyl-Flex PVC Food Grade Plastic Tubing, Clear, 3/8"" ID x 1/2"" OD, 100 feet Length",ATP,other,<a_67>,<a_67><b_114>,<c_87>,<a_228>,<a_228><b_40>
216,Ancor Tinned Copper Lugs 8 AWG - 4/0 AWG,,other,<a_65>,<a_65><b_157>,<c_0>,<a_17>,<a_17><b_217>
217,Ancor Tinned Copper Lugs 8 AWG - 4/0 AWG,,other,<a_65>,<a_65><b_157>,<c_0>,<a_17>,<a_17><b_217>
218,Phresh Duct Silencer 8 in x 24 in,Phresh,ventilation_fan,<a_3>,<a_3><b_80>,<c_237>,<a_109>,<a_109><b_74>
219,Nubee Temperature Gun Non-contact Digital Laser Infrared IR Thermometer,Nubee,gauge_meter,<a_50>,<a_50><b_243>,<c_1>,<a_107>,<a_107><b_42>
220,Tach-It B-1 Single Edge Industrial Razor Blade (Pack of 100),Tach-It,other,<a_84>,<a_84><b_119>,<c_98>,<a_17>,<a_17><b_91>
221,"3M 88 Electrical Tape, .75-Inch by 66-Foot by .0085-Inch",3M,tape,<a_76>,<a_76><b_162>,<c_3>,<a_202>,<a_202><b_218>
222,"3M Heavy Duty Duct Tape 3939 Silver, 48 mm x 54.8 m 9.0 mil, Conveniently Packaged (Pack of 3)",3M,tape,<a_89>,<a_89><b_167>,<c_43>,<a_202>,<a_202><b_160>
223,"Rubbermaid Commercial FG636400LAC Lacquered-Wood Handle with Threaded Metal Tip, Natural",Rubbermaid Commercial Products,other,<a_119>,<a_119><b_133>,<c_68>,<a_210>,<a_210><b_41>
224,"Senco L15BAB 18 Gauge by 1/4-inch Crown by 1-1/4-inch Length Electro Galvanized Staples (5,000 per box)",Senco,gauge_meter,<a_79>,<a_79><b_135>,<c_145>,<a_42>,<a_42><b_74>
225,"Anderson Metals Brass Hose Fitting, Connector, 5/16"" Barb x 3/8"" Male Pipe",Anderson Metals,connector_fitting,<a_109>,<a_109><b_119>,<c_73>,<a_108>,<a_108><b_88>
226,"Anderson Metals Brass Hose Fitting, Connector, 3/4"" Barb x 3/4"" Male Pipe",Anderson Metals,connector_fitting,<a_242>,<a_242><b_250>,<c_223>,<a_108>,<a_108><b_244>
227,"Clear Vinyl Tubing, 3/8"" ID x 1/2"" OD x 100'",Anderson Barrows Metals,other,<a_67>,<a_67><b_73>,<c_243>,<a_228>,<a_228><b_0>
228,"Duck Brand 240201 MAX Strength Duct Tape, 1.88 Inches by 45 Yards, Silver, Single Roll",Duck,tape,<a_89>,<a_89><b_127>,<c_159>,<a_202>,<a_202><b_161>
229,"DEWALT DBN18063 Heavy Duty 5/8-Inch, 18 Gauge Brad Nails (5000-Pack)",DEWALT,gauge_meter,<a_136>,<a_136><b_62>,<c_98>,<a_42>,<a_42><b_67>
230,"DEWALT DBN18125 Heavy Duty 18 Gauge, 1-1/4-Inch Brad Nail (5000-Pack)",DEWALT,gauge_meter,<a_136>,<a_136><b_98>,<c_225>,<a_42>,<a_42><b_33>
231,"Polar Ice PI125200CT 125 Count Plastic Jello Shot Cups with Lids, 2-Ounce",Polar Ice,other,<a_201>,<a_201><b_139>,<c_26>,<a_14>,<a_14><b_227>
232,"Karter Scientific 213A2 Borosilicate Glass Low Form Glass Beaker, 50/100/250/500/1000 mL (Pack of 5)",Karter Scientific,other,<a_86>,<a_86><b_203>,<c_49>,<a_94>,<a_94><b_163>
233,"Thogus Polyethylene Tube Fitting, 90 Degree Elbow, Black, 3/8"" Barbed (Pack of 10)",Thogus,connector_fitting,<a_13>,<a_13><b_174>,<c_215>,<a_108>,<a_108><b_49>
234,"Thogus Polyethylene Tube Fitting, Coupler, Black, 3/16"" Barbed (Pack of 10)",Thogus,connector_fitting,<a_13>,<a_13><b_174>,<c_85>,<a_108>,<a_108><b_49>
235,"B&C Eagle 9025 1-Inch Length x 1/4-Inch Narrow Crown x 18 Gauge Galvanized Finish Staples (5,000 per box)",B & C Eagle,gauge_meter,<a_40>,<a_40><b_12>,<c_5>,<a_206>,<a_206><b_246>
236,"American Educational Double Burette Clamp with Rubber-Coated Rotating Jaws, 3/8"" - 1-3/8"" Holding Size",American Educational Products,other,<a_72>,<a_72><b_187>,<c_33>,<a_104>,<a_104><b_213>
237,"American Educational Cast Iron Support Ring Stand with Triangular Base, 7-3/4"" Legs, 7/16"" Diameter x 23"" Length Rod Size",American Educational Products,gauge_meter,<a_39>,<a_39><b_135>,<c_89>,<a_87>,<a_87><b_22>
238,"United Abrasives-SAIT 20063 Type 27 4-1/2-Inch x 1/4-Inch x 7/8-Inch Grade A24R Long Life Depressed Center Grinding Wheels, 25-Pack",United Abrasives- SAIT,other,<a_0>,<a_0><b_64>,<c_22>,<a_193>,<a_193><b_5>
239,"Cal Hawk Tools CZCW45B Metal Cut-Off Wheel (50 Pack), 4-1/2",Cal Hawk Tools,other,<a_212>,<a_212><b_191>,<c_26>,<a_193>,<a_193><b_226>
240,Plant Therapy 2 ml (5/8 dram) Amber Glass Essential Oil Bottle with Orifice Reducer and cap- 12 pack,Plant Therapy,other,<a_226>,<a_226><b_120>,<c_203>,<a_17>,<a_17><b_204>
241,"Reliable Hardware Company RH-9005-SET-A Casters Swivel Top Plate 2-Inch Wheel Diameter Zinc, Set of 4",Reliable Hardware Company,gauge_meter,<a_68>,<a_68><b_146>,<c_129>,<a_87>,<a_87><b_74>
242,5 Ml Amber Glass Bottle W/euro Dropper. Black Cap. 12 Pack,mEssentials,other,<a_112>,<a_112><b_4>,<c_38>,<a_150>,<a_150><b_97>
243,"12, Amber,15 ml (1/2 oz) Glass Bottles, with Glass Eye Dropper by Premium Vials",PREMIUM VIALS CREATIVE PACKAGING SOLUTIONS,other,<a_112>,<a_112><b_171>,<c_70>,<a_150>,<a_150><b_122>
244,First Aid Only Scissors & Metal Forcep Pack,First Aid Only,other,<a_106>,<a_106><b_171>,<c_2>,<a_180>,<a_180><b_43>
245,"Master Lock Strap, 12 ft. Long Lashing Strap, 3060DAT (Pack of 2)",Master Lock,other,<a_210>,<a_210><b_166>,<c_180>,<a_71>,<a_71><b_106>
246,"304 Stainless Steel Sheet, #4 Brushed Finish, Annealed, ASTM A240/ASME SA240, 0.048"" Thickness, 36"" Width, 36"" Length, 18 Gauge",Small Parts,gauge_meter,<a_252>,<a_252><b_254>,<c_245>,<a_17>,<a_17><b_200>
247,Vktech 280Pcs 2:1 Heat Shrink Tubing Tube Sleeving Wrap Cable Wire 5 Color 8 Size (5 Color),Vktech,other,<a_32>,<a_32><b_226>,<c_188>,<a_228>,<a_228><b_18>
248,"Neiko 10197A Titanium Step Drill Bit Set, High Speed Steel | 5-Piece Set | Total 50 Sizes",Neiko,other,<a_88>,<a_88><b_221>,<c_71>,<a_224>,<a_224><b_237>
249,"UP! ABS Plastic Filament, 1.75 mm Diameter, 1.54 lbs Spool, Black",Tiertime,3d_filament,<a_140>,<a_140><b_242>,<c_53>,<a_223>,<a_223><b_145>
250,"MG Chemicals Liquid Tin, 475 ml Bottle",MG Chemicals,other,<a_215>,<a_215><b_9>,<c_168>,<a_79>,<a_79><b_21>
251,Rothco Duct Tape,Rothco,tape,<a_87>,<a_87><b_151>,<c_183>,<a_122>,<a_122><b_203>
252,Caster Classics 2-inch Low Profile HD Rubber Wheel Plate Casters - 4-Pack,Caster Classics,other,<a_77>,<a_77><b_12>,<c_4>,<a_158>,<a_158><b_161>
253,"Blue Magic 16002TRI QuikSteel Steel Reinforced Epoxy Putty Repair, Blister Pack - 2 oz.",Blue Magic,adhesive_epoxy,<a_211>,<a_211><b_231>,<c_246>,<a_165>,<a_165><b_6>
254,Rectorseal 97606 4-Ounce Ep-400 Epoxy Putty,Rectorseal,adhesive_epoxy,<a_75>,<a_75><b_161>,<c_0>,<a_244>,<a_244><b_137>
255,"Sparco Folding Platform Truck, 660 lbs, 24-3/4 x 36 x 29-1/2 Inches, Blue (SPR02040)",S.P. Richards Company,other,<a_52>,<a_52><b_136>,<c_3>,<a_87>,<a_87><b_229>
256,"Gorilla White Glue, Waterproof, 2 ounce Bottle, White, (Pack of 1)",Gorilla,adhesive_epoxy,<a_48>,<a_48><b_41>,<c_208>,<a_165>,<a_165><b_197>
257,"Gorilla 5000408  Original Gorilla Glue, Waterproof Polyurethane Glue, 4 ounce Bottle, Brown",Gorilla,adhesive_epoxy,<a_48>,<a_48><b_79>,<c_122>,<a_165>,<a_165><b_107>
258,J-B Weld 50176 KwikWeld Steel Reinforced Epoxy Syringe - Dries Dark Grey - 25 ml,J-B Weld,adhesive_epoxy,<a_211>,<a_211><b_63>,<c_201>,<a_165>,<a_165><b_59>
259,"GE Silicone 2+ Window & Door Caulk, 10.1 Oz. Tube, Clear, GE5000",GE Momentive Performance Materials,other,<a_41>,<a_41><b_133>,<c_231>,<a_244>,<a_244><b_218>
260,Dap 18120 Alex Plus Brown (18112) Raw Building Material,DAP,other,<a_157>,<a_157><b_144>,<c_117>,<a_244>,<a_244><b_112>
261,Loctite 1589155 9 Fluid Ounce Cartridge Power Grab Clear All Purpose Construction Adhesive,Loctite,adhesive_epoxy,<a_198>,<a_198><b_98>,<c_201>,<a_165>,<a_165><b_148>
262,"Solar Eclipse SE001CAM Wall and Pipe Inspection Camera with 2.4"" Color LCD Monitor",Solar Eclipse,other,<a_236>,<a_236><b_240>,<c_123>,<a_180>,<a_180><b_235>
263,FLIR ONE Thermal Imager for Android,FLIR,other,<a_152>,<a_152><b_88>,<c_75>,<a_107>,<a_107><b_68>
264,WD-40 300281 Specialist Industrial-Strength Degreaser 15 OZ (Pack of 1),WD-40,other,<a_34>,<a_34><b_6>,<c_149>,<a_173>,<a_173><b_41>
265,"ZJchao 10 pieces Tungsten Carbide Rotary Burr SET 1/8"" shank [Misc.]",ZJchao,other,<a_78>,<a_78><b_244>,<c_152>,<a_193>,<a_193><b_113>
266,"iGaging ABSOLUTE ORIGIN 0-6"" Digital Electronic Caliper - IP54 Protection/Extreme Accuracy",iGaging,gauge_meter,<a_241>,<a_241><b_159>,<c_91>,<a_104>,<a_104><b_60>
267,"General Tools 80560 Telescoping LED Lighted Inspection Mirror, 360 Swivel  for Extra Viewing",General Tools,other,<a_236>,<a_236><b_6>,<c_7>,<a_180>,<a_180><b_238>
268,WD-40 300052 Specialist Dirt and Dust Resistant Dry Lube PTFE Spray 10 OZ (Pack of 1),WD-40,other,<a_34>,<a_34><b_172>,<c_226>,<a_173>,<a_173><b_174>
269,"Philips Sonicare HealthyWhite+ electric rechargeable toothbrush, HX8911",Philips Sonicare,other,<a_122>,<a_122><b_213>,<c_84>,<a_24>,<a_24><b_20>
270,"Gorilla Carts GOR6PS Heavy-Duty Poly Yard Dump Cart with 2-In-1 Convertible Handle, 1,200-Pound Capacity, Black",Gorilla Carts,other,<a_52>,<a_52><b_57>,<c_123>,<a_87>,<a_87><b_135>
271,Uranium Ore,Images SI,other,<a_152>,<a_152><b_97>,<c_27>,<a_153>,<a_153><b_209>
272,"Gorilla Original Gorilla Glue, Waterproof Polyurethane Glue, 2 ounce Bottle, Brown",Gorilla,adhesive_epoxy,<a_48>,<a_48><b_79>,<c_42>,<a_165>,<a_165><b_107>
273,"Gorilla Original Gorilla Glue, Waterproof Polyurethane Glue, 2 ounce Bottle, Brown, (Pack of 4)",Gorilla,adhesive_epoxy,<a_48>,<a_48><b_79>,<c_1>,<a_165>,<a_165><b_107>
274,"3M Vinyl Tape 471 Blue, 3/4 in x 36 yd, Conveniently Packaged (Pack of 1)",3M,tape,<a_14>,<a_14><b_125>,<c_178>,<a_202>,<a_202><b_205>
275,Verbatim 3D Printer Filament - PLA High-Grade 1.75mm 1kg Reel - Widely Compatible with 3D Printers - Red,Verbatim,3d_filament,<a_58>,<a_58><b_184>,<c_182>,<a_223>,<a_223><b_206>
276,"Philips Sonicare FlexCare Platinum rechargeable electric toothbrush, White Edition, HX9112",Philips Sonicare,other,<a_122>,<a_122><b_221>,<c_82>,<a_24>,<a_24><b_223>
277,FLIR TG54 Spot Infrared Thermometer,FLIR,gauge_meter,<a_152>,<a_152><b_181>,<c_17>,<a_107>,<a_107><b_222>
278,"T-Rex 241309 Shurtech Ferociously Strong Tape, 12 Yd L X 1.88 in W, 1-Roll, 12 Yards, Gunmetal Gray",T-Rex,tape,<a_89>,<a_89><b_102>,<c_152>,<a_202>,<a_202><b_118>
279,"WD-40 100324 Multi-Use Product Spray with Smart Straw, 12 oz. (Pack of 1)",WD-40,ventilation_fan,<a_34>,<a_34><b_81>,<c_102>,<a_173>,<a_173><b_27>
280,WD-40 Multi-Use Product with SMART STRAW&nbsp;SPRAYS 2 WAYS 8 OZ,WD-40,ventilation_fan,<a_34>,<a_34><b_81>,<c_83>,<a_173>,<a_173><b_197>
281,SE TL10 10-Piece Test Lead Set with Alligator Clips,SE,other,<a_36>,<a_36><b_77>,<c_159>,<a_211>,<a_211><b_100>
282,"Carson MagniFlip 3X Flip-Open Pocket Magnifiers with Built-in Case for Reading, Inspection, Crafts, Hobby and Tasks (GN-33, GN-33MU)",Carson,other,<a_105>,<a_105><b_235>,<c_143>,<a_180>,<a_180><b_175>
283,Nitrile Exam Glove (non-latex) PF Medium Blue 100/BX,VersaPro,other,<a_146>,<a_146><b_74>,<c_43>,<a_44>,<a_44><b_9>
284,Silica Gel Desiccants 2-1/4 x 1 1/2 Inches - 25 Silica Gel Packets of 10 Grams Each by Dry-Packs,Absorbent Industries,other,<a_238>,<a_238><b_21>,<c_2>,<a_150>,<a_150><b_61>
285,Z&T Solderless Flexible Breadboard Jumper Wires M/M 100pcs,Z&T,other,<a_82>,<a_82><b_220>,<c_82>,<a_73>,<a_73><b_8>
286,"Neiko 50484A Internal Hex/Allen Socket-Head Set Screw Assortment, (200 Piece), 5/32"" x 3/16""/1/4"" x 3/8",Neiko,fastener,<a_231>,<a_231><b_110>,<c_95>,<a_224>,<a_224><b_153>
287,"KYDEX V Sheet - 0.028"" Thick, Black, 12&rdquo;x12&rdquo; Nominal",Small Parts,other,<a_37>,<a_37><b_78>,<c_168>,<a_79>,<a_79><b_152>
288,"Scotch Fingerprint Lifting Tape 8004 Clear, 2 in x 10 yd, Conveniently Packaged (Pack of 6)",Scotch,tape,<a_14>,<a_14><b_195>,<c_121>,<a_202>,<a_202><b_172>
289,"PhysiciansCare by First Aid Only by First Aid Only 90293 First Aid Titanium Non Stick Bandage Shears, 7"" Bent, Blue",First Aid Only,other,<a_106>,<a_106><b_247>,<c_27>,<a_44>,<a_44><b_182>
290,"Colgate Optic White Whitening Toothpaste, Sparkling White - 0.85 ounce (Case of 24)",Colgate,other,<a_15>,<a_15><b_183>,<c_31>,<a_66>,<a_66><b_82>
291,"Colgate Optic White Whitening Toothpaste, Sparkling Mint - 5 ounce (6 Pack)",Colgate,other,<a_15>,<a_15><b_183>,<c_10>,<a_66>,<a_66><b_82>
292,3M 1860 N95 RESPIRATOR AND SURGICAL MASK Box of 20,Unknown,other,<a_239>,<a_239><b_52>,<c_79>,<a_44>,<a_44><b_109>
293,"IPG AC6 6 Mil Utility Grade Duct Tape 1.88"" x 55 yd, Silver, 3-Pack",Intertape Polymer Group,tape,<a_182>,<a_182><b_58>,<c_111>,<a_202>,<a_202><b_193>
294,Graham Conderser Kit,MHB,other,<a_47>,<a_47><b_201>,<c_118>,<a_52>,<a_52><b_204>
295,"American Educational 7-G15-A Cast Iron Support Ring Stand with Acid Resistant Finish, 8"" Length x 5"" Width Base Size",American Educational Products,other,<a_39>,<a_39><b_243>,<c_226>,<a_87>,<a_87><b_150>
296,"EISCO CH0688 Labs Clamp Retort, 3 PVC Coated Prongs (opens to 90mm in dia.) with Boss Head",EISCO,3d_filament,<a_72>,<a_72><b_64>,<c_74>,<a_104>,<a_104><b_43>
297,"XYZprinting ABS Plastic Filament Cartridge, 1.75 mm Diameter, 600g, Black",XYZprinting,3d_filament,<a_237>,<a_237><b_242>,<c_182>,<a_223>,<a_223><b_78>
298,"XYZprinting PLA Filament Cartridge, 1.75 mm Diameter, 600g, Nature",XYZprinting,3d_filament,<a_237>,<a_237><b_75>,<c_55>,<a_223>,<a_223><b_20>
299,XYZprinting da Vinci 1.0 AiO All-in-One 3D Printer (Scan/Edit/Print),XYZprinting,3d_filament,<a_200>,<a_200><b_96>,<c_16>,<a_91>,<a_91><b_95>
300,"XYZprinting RFPLCXUS00B da Vinci Jr. & mini Series Filament, PLA (NFC), 600 g, Nature",XYZprinting,3d_filament,<a_237>,<a_237><b_19>,<c_63>,<a_223>,<a_223><b_95>
301,FLIR C2 Compact Thermal Imaging System,FLIR,other,<a_152>,<a_152><b_153>,<c_73>,<a_107>,<a_107><b_68>
302,"Avery Shipping Tags, Reinforced Hole, Manila, 4.75 x 2.375 Inches, Pack of 100 (11011)",Avery,other,<a_21>,<a_21><b_194>,<c_196>,<a_68>,<a_68><b_105>
303,"AMMEX - AINPF46100 - Medical Nitrile Gloves - Disposable, Powder Free, Exam Grade, 3 mil, Large, Indigo (Case of 1000)",Ammex,other,<a_146>,<a_146><b_67>,<c_117>,<a_44>,<a_44><b_217>
304,"Carlisle 3621962414 Sweep Complete Aluminum Handle Floor Sweep with Squeegee, Plastic Bristles, 24"" Length, 3"" Bristle Trim, Blue",Carlisle,other,<a_119>,<a_119><b_35>,<c_121>,<a_24>,<a_24><b_106>
305,"Georgia-Pacific 53010 Automated Soap and Sanitizer Dispenser, Black (WxDxH) 5.680"" x 5.250"" x 10.750"" (1 Each)",Georgia-Pacific,other,<a_53>,<a_53><b_112>,<c_241>,<a_236>,<a_236><b_137>
306,RADEX RD1212 Advanced Radiation Detector/Geiger Counter with Online Software,RADEX by Quarta-Rad,other,<a_104>,<a_104><b_184>,<c_158>,<a_153>,<a_153><b_68>
307,ZING 6063 RecycLockout Mini Lockout Station - Stocked,Zing Green Products,other,<a_244>,<a_244><b_196>,<c_77>,<a_71>,<a_71><b_135>
308,Oreck Commercial PKBB12DW Super Compact Canister Advanced Filtration Disposable Bags (Pack of 12),Oreck Commercial,other,<a_23>,<a_23><b_200>,<c_28>,<a_24>,<a_24><b_18>
309,KR Tools 72018 Pro Series 6-Inch Digital Caliper,KR Tools,gauge_meter,<a_241>,<a_241><b_180>,<c_255>,<a_104>,<a_104><b_254>
310,"SE 612FS 12"" Stainless Steel Self-Locking Straight Forceps",SE,other,<a_105>,<a_105><b_211>,<c_237>,<a_42>,<a_42><b_225>
311,"Krazy Glue KG517 Purpose Super Glue, Precision Tip, 2 Grams, 2 Count, 1",Krazy Glue,adhesive_epoxy,<a_48>,<a_48><b_78>,<c_172>,<a_165>,<a_165><b_149>
312,"3M Safety Stripe Tape 5702 Black/Yellow, 1 in x 36 yd 5.4 mil, Conveniently Packaged (Pack of 1)",3M,tape,<a_87>,<a_87><b_48>,<c_142>,<a_68>,<a_68><b_241>
313,Dyson Cinetic Animal Canister Vacuum,Dyson,other,<a_194>,<a_194><b_199>,<c_230>,<a_24>,<a_24><b_134>
314,3M Dual Lock Reclosable Fastener TB3551/TB3552 400/170 Black 1 in x 10 ft (1 Mated Strip/Bag),3M Dual Lock,fastener,<a_175>,<a_175><b_141>,<c_194>,<a_68>,<a_68><b_32>
315,"Ultrasac Platinum ULP 013009065 &ndash; Single Kitchen Drawstring Trash Bags, 13 gal, Tall (Pack of 65)",Ultrasac Platinum,other,<a_214>,<a_214><b_224>,<c_162>,<a_210>,<a_210><b_230>
316,"Zoeller 30-0181 PVC Plastic Check Valve, 1-1/2 Inch",Zoeller,other,<a_232>,<a_232><b_189>,<c_29>,<a_108>,<a_108><b_196>
317,Genie 34107R.S Screw Drive Carriage,Genie,fastener,<a_173>,<a_173><b_65>,<c_33>,<a_109>,<a_109><b_181>
318,"TPI Corporation CE24-DS Direct Drive Exhaust Fan, Shutter Mounted, Single Phase, 24"" Diameter, 120 Volt",TPI,ventilation_fan,<a_252>,<a_252><b_74>,<c_100>,<a_197>,<a_197><b_120>
319,"6061 Aluminum Rectangular Bar, Unpolished (Mill) Finish, Extruded, T6511 Temper, ASTM B221, 1/8"" Thickness, 1"" Width, 36"" Length",Small Parts,other,<a_185>,<a_185><b_128>,<c_64>,<a_251>,<a_251><b_196>
320,DEWALT DW4524 4-1/2-Inch by 1/4-Inch by 7/8-Inch Concrete/Masonry Grinding Wheel,DEWALT,other,<a_132>,<a_132><b_191>,<c_183>,<a_193>,<a_193><b_67>
321,KNAPE & VOGT 208TI550 Hardware Brackets,Knape & Vogt,other,<a_68>,<a_68><b_136>,<c_129>,<a_71>,<a_71><b_164>
322,"Stainless Steel 316 Cast Pipe Fitting, Union, Class 150, 1/8"" NPT Female",Merit Brass,connector_fitting,<a_206>,<a_206><b_251>,<c_106>,<a_108>,<a_108><b_146>
323,"6101 Aluminum Rectangular Bar, Unpolished (Mill) Finish, T61 Temper, ASTM B317, 1/4"" Thickness, 2"" Width, 12"" Length",Small Parts,other,<a_185>,<a_185><b_128>,<c_14>,<a_251>,<a_251><b_81>
324,Uxcell a14092200ux1053 LED Pilot Light Panel Indicator (Pack of 3),uxcell,other,<a_196>,<a_196><b_196>,<c_168>,<a_23>,<a_23><b_135>
325,DEFRSMVT - SATE-LITE RSMVT Slow-Moving Vehicle Triangle,SATE-LITE,other,<a_77>,<a_77><b_102>,<c_15>,<a_153>,<a_153><b_28>
326,J-B Weld 8276 KwikWeld Quick Setting Steel Reinforced Epoxy - 2 oz.,J-B Weld,adhesive_epoxy,<a_211>,<a_211><b_78>,<c_9>,<a_165>,<a_165><b_59>
327,MLTOOLS Digital Caliper - Stainless Steel 6 inch / 150mm Inch / Metric Precision LCD Digital Caliper 68202,MLTOOLS,gauge_meter,<a_241>,<a_241><b_49>,<c_157>,<a_104>,<a_104><b_17>
328,DEWALT DW4528 4-1/2-Inch by 1/8-Inch by 7/8-Inch Concrete/Masonry Cutting Wheel,DEWALT,other,<a_132>,<a_132><b_191>,<c_168>,<a_193>,<a_193><b_67>
329,DEWALT DW4961 4-Inch by 2-Inch by 5/8-Inch -11 Concrete/Masonry Grinding Steel Backed Cup Wheel,DEWALT,other,<a_132>,<a_132><b_227>,<c_56>,<a_193>,<a_193><b_67>
330,kingsmart Anti Static ESD Wrist Strap Discharge Band Grounding,kingsmart,other,<a_21>,<a_21><b_217>,<c_43>,<a_23>,<a_23><b_195>
331,"Stanley TRA700BN Heavy-Duty Staple & Brad Assortment, 2500-Pack",Stanley,fastener,<a_81>,<a_81><b_221>,<c_90>,<a_42>,<a_42><b_112>
332,DEWALT DW4523 4-1/2-Inch by 1/4-Inch by 5/8-Inch General Purpose Metal Grinding Wheel,DEWALT,other,<a_132>,<a_132><b_95>,<c_83>,<a_193>,<a_193><b_67>
333,DEWALT DW4930 4-Inch by 5/8-Inch-11 Full Cable Twist Wire Wheel/Carbon Steel .020-Inch,DEWALT,other,<a_132>,<a_132><b_32>,<c_72>,<a_193>,<a_193><b_58>
334,DEWALT DW4774 4-1/2-Inch Double-Row Diamond-Cup Grinding-Wheel,DEWALT,other,<a_132>,<a_132><b_198>,<c_11>,<a_193>,<a_193><b_229>
335,"Dewalt DW8061B5 4 x 0.045 Inch Metal and Stainless Steel Cutting Wheels , 4 Inch by 0.045-Inch",DEWALT,other,<a_132>,<a_132><b_82>,<c_171>,<a_193>,<a_193><b_33>
336,M14 x 1.0 Metric Left hand Thread Die,GAVAN,other,<a_202>,<a_202><b_2>,<c_36>,<a_224>,<a_224><b_109>
337,"Pro Tie 33201 SAE Size 6 Range 7/16-Inch-11/16-Inch Mini All Stainless Hose Clamp, 10-Pack",Pro Tie,connector_fitting,<a_109>,<a_109><b_13>,<c_1>,<a_71>,<a_71><b_54>
338,"Etekcity Lasergrip 1080 Non-Contact Digital Laser Infrared Thermometer Temperature Gun -58~1022 (-50550), Yellow and Black",Etekcity,gauge_meter,<a_50>,<a_50><b_235>,<c_31>,<a_107>,<a_107><b_90>
339,"Drill America DWT Series Qualtech High-Speed Steel Round Adjustable Threading Die, 1-1/2"" Diameter, 11/16""-18 Size (Pack of 1)",Drill America,gauge_meter,<a_202>,<a_202><b_177>,<c_50>,<a_224>,<a_224><b_188>
340,Break-Free CLP-4 Cleaner Lubricant Preservative Squeeze Bottle (4 -Fluid Ounce),BreakFree,other,<a_171>,<a_171><b_192>,<c_0>,<a_173>,<a_173><b_23>
341,"Neiko 11108A 4.5&rdquo; x 7/8-Inch Aluminum Oxide Flap Disc, 80 Grit | Flat Type #27 | 10-Pack",Neiko,other,<a_0>,<a_0><b_70>,<c_250>,<a_193>,<a_193><b_5>
342,"Omron Sprague Rappaport Stethoscope, Black",Omron,other,<a_18>,<a_18><b_49>,<c_99>,<a_180>,<a_180><b_218>
343,"Wilton 11106 Wilton Bench Vise, Jaw Width 6-Inch, Jaw Opening 6-Inch",Wilton,other,<a_148>,<a_148><b_223>,<c_67>,<a_193>,<a_193><b_2>
344,Shop-Vac 90686 2.5-Inch Hose Coupling,Shop-Vac,connector_fitting,<a_19>,<a_19><b_198>,<c_19>,<a_159>,<a_159><b_47>
345,"Accuform MATR901VA Aluminum Safety Sign, Legend ""NO TRESPASSING VIOLATORS WILL BE PROSECUTED"", 7"" Length x 10"" Width, Red/Black on White",Accuform,other,<a_21>,<a_21><b_5>,<c_17>,<a_68>,<a_68><b_101>
346,"BOSTITCH BT1300B 5/8-Inch 18-Gauge Brad Nails, 3000 per Box",BOSTITCH,gauge_meter,<a_136>,<a_136><b_136>,<c_145>,<a_42>,<a_42><b_9>
347,"DEWALT DBN18200 Heavy Duty 18 Gauge, 2-Inch Brad Nail (5000-Pack)",DEWALT,gauge_meter,<a_136>,<a_136><b_98>,<c_1>,<a_42>,<a_42><b_67>
348,"Kano Aerokroil Penetrating Oil, 10 oz. aerosol (AEROKROIL)",Kano,other,<a_34>,<a_34><b_237>,<c_19>,<a_173>,<a_173><b_149>
349,Steelex D2608 3-Inch 150-Pound Swivel Double Lock Polyurethane Plate Caster,Steelex,other,<a_54>,<a_54><b_162>,<c_193>,<a_87>,<a_87><b_44>
350,"Mill-Rose 70887 Blue Monster PTFE Pipe Thread Sealant Tape, 1-Inch x 1429-Inches, Blue",Mill-Rose,tape,<a_151>,<a_151><b_249>,<c_7>,<a_170>,<a_170><b_10>
351,Oral-B Professional Healthy Clean + Prowhite Precision 4000 Rechargeable Electric Toothbrush 1 Count,Oral-B,other,<a_122>,<a_122><b_153>,<c_237>,<a_24>,<a_24><b_210>
352,General Tools 1261-4 1/2-Inch Grommet Refill with 24 Grommets,General Tools Mfg Co In,other,<a_166>,<a_166><b_93>,<c_213>,<a_71>,<a_71><b_70>
353,"Scotch Aluminum Foil Tape 3311 Silver, 2 in x 10 yd 3.6 mil (Pack of 1)",Scotch,tape,<a_229>,<a_229><b_192>,<c_52>,<a_202>,<a_202><b_10>
354,DEWALT DBN18150 Heavy Duty 18-Gauge1-1/2-Inch Brad Nail (5000-Pack),DEWALT,gauge_meter,<a_136>,<a_136><b_98>,<c_4>,<a_42>,<a_42><b_67>
355,"PORTER-CABLE PBN18100-1 1-Inch 18 Gauge Brad Nails, 1000-Pack",PORTER-CABLE,gauge_meter,<a_136>,<a_136><b_141>,<c_138>,<a_42>,<a_42><b_133>
356,"PORTER-CABLE PNS18075 3/4-Inch, 18 Gauge Narrow Crown (1/4-Inch) Staple (5000-Pack)",PORTER-CABLE,gauge_meter,<a_136>,<a_136><b_34>,<c_0>,<a_42>,<a_42><b_226>
357,"PORTER-CABLE PNS18050 1/2-Inch, 18 Gauge Narrow Crown (1/4-Inch) Staple (5000-Pack),PORTER-CABLE,PNS18050"" />",PORTER-CABLE,gauge_meter,<a_136>,<a_136><b_34>,<c_106>,<a_42>,<a_42><b_226>
358,"PORTER-CABLE PNS18100-1 1-Inch 18 Gauge Narrow Crown Staple, 1000-Pack",PORTER-CABLE,gauge_meter,<a_136>,<a_136><b_34>,<c_2>,<a_42>,<a_42><b_226>
359,Kreg SK03 Pocket-Hole Screw Kit in 5 Sizes,Kreg,fastener,<a_130>,<a_130><b_109>,<c_36>,<a_224>,<a_224><b_163>
360,Carrera Precision CP9806-TF Titanium 0-Inch to 6-Inch Electronic Fractional & Decimal Digital Caliper,Carrera Precision,gauge_meter,<a_181>,<a_181><b_103>,<c_24>,<a_104>,<a_104><b_190>
361,DEWALT DW4522 High Performance 1/8-Inch Metal Cutting and Grinding Wheel,DEWALT,other,<a_132>,<a_132><b_173>,<c_194>,<a_193>,<a_193><b_89>
362,"DEWALT DCA16200 2-Inch by 16 Gauge 20-Degree Finish Nail (2,500 per Box)",DEWALT,gauge_meter,<a_136>,<a_136><b_173>,<c_192>,<a_42>,<a_42><b_33>
363,"BOSTITCH BT1350B-1M 2-Inch 18-Gauge Brads, 1000 per Box, Coated",BOSTITCH,gauge_meter,<a_136>,<a_136><b_180>,<c_0>,<a_42>,<a_42><b_244>
364,"Tru-Flate 21-143 1/4"" NPT Male Fitting x 3/8"" ID Hose Barb Type Fitting",Tru-Flate,connector_fitting,<a_46>,<a_46><b_50>,<c_50>,<a_108>,<a_108><b_160>
365,Dremel EZ506CU 1-1/2-Inch Premium Metal Cutting Rotary Wheel,Dremel,other,<a_132>,<a_132><b_255>,<c_160>,<a_193>,<a_193><b_176>
366,Lisle 52750 Stethoscope Kit,Lisle,other,<a_218>,<a_218><b_94>,<c_74>,<a_180>,<a_180><b_233>
367,J-B Weld 31314 Red High Temperature RTV Silicone Gasket Maker and Sealant - 3 oz.,J-B Weld,adhesive_epoxy,<a_75>,<a_75><b_52>,<c_146>,<a_244>,<a_244><b_24>
368,Nilight GA0005 Holder TAP Adapter Mini ATM APM Blade Fuse Holder-10 Pack,Nilight,other,<a_196>,<a_196><b_190>,<c_136>,<a_23>,<a_23><b_245>
369,"Loos Cableware ST2-4 Copper Crimping Stop Sleeve Set for 1/8"" Diameter Wire Rope (50 Piece)",Loos & Co.,gauge_meter,<a_186>,<a_186><b_182>,<c_203>,<a_67>,<a_67><b_0>
370,"Koch 015021 Cable, 7 by 7 Construction, Trade Size 1/16 by 125 Feet, Stainless Steel",Koch Industries,other,<a_186>,<a_186><b_174>,<c_57>,<a_23>,<a_23><b_178>
371,"Loos Cableware SL2-3P 50 Piece Zinc Plated Copper Crimping Sleeve Set for 3/32"" Diameter Wire Rope",Loos & Co.,gauge_meter,<a_186>,<a_186><b_255>,<c_3>,<a_67>,<a_67><b_108>
372,"Stainless Steel 316 Wire Rope on Reel, 7x7 Strand Core, 1/8"" Bare OD, 250' Length, 340 lbs Breaking Strength",Apex Tool Group,other,<a_246>,<a_246><b_91>,<c_190>,<a_251>,<a_251><b_61>
373,"Forney 70445 Wire Rope, Galvanized Aircraft Cable, 500-Feet-by-1/16-Inch",Forney,other,<a_246>,<a_246><b_82>,<c_4>,<a_71>,<a_71><b_119>
374,"M-D Building Products 2758 High Density Foam Tape, White",M-D Building Products,tape,<a_83>,<a_83><b_173>,<c_159>,<a_244>,<a_244><b_0>
375,BYKES 50 Neodymium Super Strong Extremely Powerful Rare Earth Refrigerator Magnets 1/8 x 1/8 inch Cylinder N48,BYKES Technologies,other,<a_92>,<a_92><b_183>,<c_6>,<a_251>,<a_251><b_211>
376,"B&C Eagle STCR5019-38 3/8-Inch Length x 20 Gauge Galvanized Fine Wire hammer tackersStaples (5,000 per box)",B&C Eagle,gauge_meter,<a_164>,<a_164><b_136>,<c_225>,<a_42>,<a_42><b_249>
377,"Gorilla Tape, Black Tough & Wide Duct Tape, 2.88"" x 30 yd, Black, (Pack of 1)",Gorilla,tape,<a_59>,<a_59><b_226>,<c_176>,<a_202>,<a_202><b_52>
378,"DANCO Assorted Flat Washer PRO Set, Black, 100-Piece (34441)",1st Choice,other,<a_138>,<a_138><b_214>,<c_131>,<a_224>,<a_224><b_221>
379,"Pro Tie 33101 SAE Size 12 Range 5/8-Inch-1-1/4-Inch SS Turn Key All Stainless Hose Clamp, 10-Pack",Pro Tie,connector_fitting,<a_109>,<a_109><b_13>,<c_67>,<a_71>,<a_71><b_54>
380,"eSeasongear SALT-3050 Waterproof Tester, Digital Salinity PPM Temperature Meter for Salt Water Pool and Koi Fish Pond",eSeasonGear,gauge_meter,<a_98>,<a_98><b_19>,<c_243>,<a_107>,<a_107><b_31>
381,"Torin Big Red Hydraulic Bottle Jack, 50 Ton Capacity",Torin,other,<a_73>,<a_73><b_252>,<c_124>,<a_87>,<a_87><b_37>
382,Medline DYND70102H Enema Bag Sets,Medline,other,<a_103>,<a_103><b_112>,<c_205>,<a_52>,<a_52><b_148>
383,"EnviroCare Replacement Vacuum Bags for Panasonic Types U, U-3, U-6-9 Pack",EnviroCare,other,<a_154>,<a_154><b_69>,<c_192>,<a_24>,<a_24><b_74>
384,Skin Staple Remover Kit,Medline,fastener,<a_208>,<a_208><b_194>,<c_178>,<a_180>,<a_180><b_87>
385,"Eclectic Supply B36-24 Cobalt Glass Bottles with Glass Eye Dropper, 1 oz Capacity, Blue (Pack of 24)",Yesker,other,<a_112>,<a_112><b_113>,<c_4>,<a_150>,<a_150><b_14>
386,"LASCO 13-1615 Plastic Perforated Plumbers Tape, 3/4-Inch X 10-Feet",LASCO,tape,<a_151>,<a_151><b_193>,<c_235>,<a_79>,<a_79><b_103>
387,"Kreg SML-C125-100 1-1/4-Inch 8-Coarse Washer-Head Pocket Screws, 100-Count",Kreg,fastener,<a_130>,<a_130><b_243>,<c_19>,<a_224>,<a_224><b_163>
388,"Fluke TP1 Slim-Reach Flat Blade Test Probe with Stainless Steel Tip, 1000V Voltage, 10A Current",Fluke,other,<a_36>,<a_36><b_126>,<c_197>,<a_211>,<a_211><b_102>
389,uxcell Metal Nut LED Mounting Holder Panel w 3mm 50 Pieces Black,uxcell,fastener,<a_190>,<a_190><b_180>,<c_195>,<a_23>,<a_23><b_124>
390,"B&C Eagle 9018 3/4-Inch Length x 1/4-Inch Narrow Crown x 18 Gauge Galvanized Finish Staples (5,000 per box)",B&C Eagle,gauge_meter,<a_40>,<a_40><b_12>,<c_8>,<a_206>,<a_206><b_246>
391,Senco A209909 18-Gauge-by-1-2-Inch Electro Galvanized Variety Pack Brads,Senco,gauge_meter,<a_79>,<a_79><b_177>,<c_84>,<a_42>,<a_42><b_74>
392,SummitLink Pack of 328 Pcs Assorted Heat Shrink Tube 5 Colors 8 Sizes Tubing Wrap Sleeve Set Combo,SummitLink,other,<a_32>,<a_32><b_144>,<c_241>,<a_228>,<a_228><b_45>
393,"LASCO 02-1048E Rubber Sheet, 6-Inches X 6-Inches and 1/16-Inch Thick",LASCO,other,<a_45>,<a_45><b_3>,<c_235>,<a_79>,<a_79><b_85>
394,NATIONAL MFG CO #N104-349 #10SGL Box Rail Bracket Galvanized,National Hardware,other,<a_80>,<a_80><b_65>,<c_84>,<a_71>,<a_71><b_154>
395,Arctic Silver 5 AS5-3.5G Thermal Paste,Arctic Silver,other,<a_222>,<a_222><b_45>,<c_68>,<a_79>,<a_79><b_24>
396,Westek SW103CT Outdoor Swivel Photo Control,Westek,other,<a_196>,<a_196><b_134>,<c_56>,<a_109>,<a_109><b_58>
397,"Panasonic NN-H765BF 1.6 Cubic Foot Countertop Microwave Oven with Inverter Technology, Black",Panasonic,other,<a_252>,<a_252><b_227>,<c_142>,<a_197>,<a_197><b_14>
398,NTE Heat Shrink 2:1 Assorted Colors and Sizes 160 PCS,NTE Electronics,other,<a_32>,<a_32><b_36>,<c_136>,<a_228>,<a_228><b_162>
399,Anytime Tools 48 pc HEAT SHRINK TUBING WRAP SLEEVES ASSORTED SIZES,Anytime Tools,other,<a_32>,<a_32><b_127>,<c_152>,<a_228>,<a_228><b_187>
400,"Neiko 50432A Nylon Lock Nut Assortment Kit with Carrying Case, 150 Pieces | SAE",Neiko,fastener,<a_231>,<a_231><b_138>,<c_119>,<a_224>,<a_224><b_117>
401,"Crown Bolt 30092 3/4 Inch Zinc-Plated SAE Flat Washers, 25-Count",Crown Bolt,fastener,<a_153>,<a_153><b_21>,<c_49>,<a_224>,<a_224><b_209>
402,"Metabo Slicer Cut Off Wheel 6"" X .040"" Box 50",Metabo,other,<a_132>,<a_132><b_185>,<c_124>,<a_193>,<a_193><b_73>
403,"Anderson Metals Brass Tube Fitting, Union, 3/8"" x 3/8"" Flare",Anderson Metals,connector_fitting,<a_242>,<a_242><b_141>,<c_134>,<a_108>,<a_108><b_58>
404,"Steelex D2604 3-Inch 220-Pound Fixed Polyurethane Plate Caster, Red",Steelex,other,<a_54>,<a_54><b_249>,<c_90>,<a_87>,<a_87><b_44>
405,"The Hillman Group 180147 Nylon Insert Lock Nut, 1/4-Inch by 20-Inch, 100-Pack",Hillman,fastener,<a_6>,<a_6><b_253>,<c_0>,<a_224>,<a_224><b_251>
406,"Hillman 830502 Flat Washer, Stainless-Steel",Hillman,other,<a_153>,<a_153><b_162>,<c_152>,<a_224>,<a_224><b_209>
407,Lucksender 100 Feet /30 Meter 1/4inch / 6mm I.D Polyolefin 2:1 Heat Shrink Tubing,Lucksender,gauge_meter,<a_32>,<a_32><b_54>,<c_1>,<a_228>,<a_228><b_217>
408,Lucksender 100 Feet/30 Meter 1/8inch / 3mm I.D Polyolefin 2:1 Heat Shrink Tubing,Lucksender,gauge_meter,<a_32>,<a_32><b_54>,<c_226>,<a_228>,<a_228><b_217>
409,"Scotch Super 33+ Vinyl Electrical Tape, .75-Inch x 66-Foot x 0.007-Inch, Pack of 10",Scotch,tape,<a_76>,<a_76><b_74>,<c_152>,<a_202>,<a_202><b_147>
410,"Century Drill and Tool 95107 Coarse Plug Hand Tap, 3/8-16",Century Drill & Tool,other,<a_202>,<a_202><b_5>,<c_1>,<a_224>,<a_224><b_88>
411,HHIP 1012-2528 1/4-28NF H3 4 Flute HSS Taper Hand Tap,HHIP,tape,<a_202>,<a_202><b_42>,<c_29>,<a_224>,<a_224><b_208>
412,"National Hardware N179-804 4005BC Smooth Rods in Zinc, 1/2"" x 36",National Hardware,other,<a_79>,<a_79><b_13>,<c_148>,<a_71>,<a_71><b_102>
413,"DEWALT DW8001 General Purpose Chop Saw Wheel, 14-Inch X 7/64-Inch X 1-Inch",DEWALT,other,<a_132>,<a_132><b_74>,<c_127>,<a_193>,<a_193><b_89>
414,"Koch 7640040 Roller Chain Offset Link, 4-Pack, 40",Koch Industries,other,<a_68>,<a_68><b_18>,<c_27>,<a_71>,<a_71><b_74>
415,"Miller Electric 229895 Gage, Wire Metal Sizes",Miller Electric,other,<a_26>,<a_26><b_109>,<c_82>,<a_104>,<a_104><b_251>
416,PRO 1 Fuel Line Hose 1/4 Inch Inside Diameter X 25 Feet Length NRB/PVCC SAE30R6,Pro-1,connector_fitting,<a_123>,<a_123><b_113>,<c_161>,<a_228>,<a_228><b_75>
417,American Terminal E-FFB250N-100 16/14-Gauge Economy Nylon Fully-Insulated Female Quick Disconnects,American Terminal,connector_fitting,<a_247>,<a_247><b_121>,<c_3>,<a_67>,<a_67><b_56>
418,American Terminal E-FMB250N-100 16/14-Gauge Economy Nylon Fully-Insulated Male Quick Disconnects,American Terminal,connector_fitting,<a_247>,<a_247><b_121>,<c_9>,<a_67>,<a_67><b_56>
419,Bostitch BTFP72326 Regulator and Gauge Kit with 1/4-Inch NPT Thread,BOSTITCH,gauge_meter,<a_123>,<a_123><b_210>,<c_113>,<a_108>,<a_108><b_75>
420,"Anytime Tools 5/32"" Diamond Chainsaw Sharpener Burr 1/8"" Shank, 4 Pack",Anytime Tools,other,<a_78>,<a_78><b_200>,<c_175>,<a_193>,<a_193><b_222>
421,"Anytime Tools 7/32"" Diamond Chainsaw Sharpener Burr 1/8"" Shank, 4 Pack",Anytime Tools,other,<a_78>,<a_78><b_200>,<c_31>,<a_193>,<a_193><b_222>
422,"Woodtek 163703, Hardware, Casters And Glides, Furniture & Cabinet, Workbench Stepdown Caster Set, 4 Each",Hardware & Outdoor,other,<a_54>,<a_54><b_101>,<c_119>,<a_87>,<a_87><b_164>
423,Tormek TT-50 Truing and Dressing Tool,Tormek,other,<a_199>,<a_199><b_228>,<c_141>,<a_193>,<a_193><b_149>
424,Workbench Caster Kit 4 Pack,Rockler,other,<a_77>,<a_77><b_65>,<c_219>,<a_158>,<a_158><b_161>
425,FREUD 10 In. Calibration &,Freud,other,<a_199>,<a_199><b_159>,<c_139>,<a_193>,<a_193><b_157>
426,"5/16"" - 36 HSS Right hand Thread Tap with 7.3mm Drill bit",GAVAN,other,<a_202>,<a_202><b_95>,<c_142>,<a_224>,<a_224><b_17>
427,"Durable Heavy Duty Aluminum Foil Roll, 18 Width x 1000' Length",Durable Packaging,other,<a_246>,<a_246><b_194>,<c_212>,<a_79>,<a_79><b_87>
428,"Arrow Fastener 508IP Genuine T50 1/2-Inch Staples, 5,000-Pack",ARROW FASTENER,fastener,<a_81>,<a_81><b_116>,<c_12>,<a_42>,<a_42><b_251>
429,"Angel Premium TENS/EMS Unit 40 Electrode Pads 2""x2"" in. Reusable Self Stick Gel Carbon Electrodes",K.S. Choi Corp,other,<a_243>,<a_243><b_220>,<c_199>,<a_122>,<a_122><b_145>
430,"VXB UCP202-10 Ball Bearing Pillow Block, 2 Bolt Holes, Setscrew Locking Collar, 5/8"" Bore Diameter, Cast Iron, Inch",VXB,gauge_meter,<a_180>,<a_180><b_95>,<c_231>,<a_251>,<a_251><b_30>
431,"Industrial & Scientific"" />",Osborn International,metadata_placeholder,<a_191>,<a_191><b_176>,<c_0>,<a_15>,<a_15><b_118>
432,Vermont American 20371  1/8-27 NPT High Carbon Steel Pipe Tap,Vermont American,other,<a_202>,<a_202><b_176>,<c_2>,<a_224>,<a_224><b_125>
433,"Lord & Hodge 1073A-0 1/4"" Handi Grommet KIT",Lord & Hodge,other,<a_166>,<a_166><b_95>,<c_161>,<a_71>,<a_71><b_70>
434,"Cambridge Hose Clamps SAE Size 16, 10 Pcs.",Cambridge,connector_fitting,<a_109>,<a_109><b_107>,<c_32>,<a_108>,<a_108><b_53>
435,3M Company #RF6731 2PR 1x3 Re-Close Strip,3M,other,<a_175>,<a_175><b_123>,<c_143>,<a_68>,<a_68><b_13>
436,Intertape Polymer Group 9970 Indoor Carpet Tape 1.88-Inches x 36-Yards,Intertape Polymer Group,tape,<a_182>,<a_182><b_114>,<c_20>,<a_202>,<a_202><b_175>
437,"Millrose 70660 Monster Roll PTFE Thread Seal Tape, 1/2-Inch x 260-Inch, Blue",Mill-Rose,tape,<a_151>,<a_151><b_183>,<c_106>,<a_170>,<a_170><b_4>
438,"3M Construction Seaming Tape 8087 Red, 72 mm x 50M, 2 13/16 in x 55 yd (Pack of 1)",3M,tape,<a_83>,<a_83><b_165>,<c_168>,<a_202>,<a_202><b_245>
439,"Malin - MS20995C Stainless Steel Safety Wire / Lockwire | .032"" Dia , Can",Malin,other,<a_150>,<a_150><b_18>,<c_164>,<a_71>,<a_71><b_51>
440,"Ullman C-2 Circular Telescopic Inspection Mirror, Mirror diameter 2 1/4"", Length 10 inches",Ullman,gauge_meter,<a_129>,<a_129><b_38>,<c_89>,<a_180>,<a_180><b_90>
441,"Wilton 69997 4-Inch Drill Press Vise With Stationary Base, 1 -Pack",Wilton,other,<a_68>,<a_68><b_110>,<c_243>,<a_193>,<a_193><b_53>
442,"The Hillman Group 300018 Split Lock Zinc Washer, 1/4-Inch, 100-Pack",The Hillman Group,other,<a_153>,<a_153><b_84>,<c_254>,<a_224>,<a_224><b_209>
443,"1018 Carbon Steel Round Rod, Unpolished (Mill) Finish, Cold Finished Temper, ASTM A108, 1.25"" Diameter, 12"" Length",Small Parts,gauge_meter,<a_96>,<a_96><b_143>,<c_133>,<a_17>,<a_17><b_120>
444,"HATCHBOX ABS 3D Printer Filament, Dimensional Accuracy +/- 0.03 mm, 1 kg Spool, 1.75 mm, White",HATCHBOX,3d_filament,<a_58>,<a_58><b_115>,<c_198>,<a_223>,<a_223><b_198>
445,"Merrick Machine MERM998002 Red Auto Dolly, Set of 4",Triad Merrick Machine,other,<a_219>,<a_219><b_105>,<c_128>,<a_87>,<a_87><b_132>
446,"DEWALT DCS16150 1-1/2-Inch by 16 Gauge Finish Nail (2,500 per Box)",DEWALT,gauge_meter,<a_136>,<a_136><b_173>,<c_54>,<a_42>,<a_42><b_33>
447,"DEWALT DCS16200 2-Inch by 16 Gauge Finish Nail (2,500 per Box)",DEWALT,gauge_meter,<a_136>,<a_136><b_173>,<c_23>,<a_42>,<a_42><b_33>
448,SG-40 Silica Gel Dehumidifier Desiccant 40 Gram Orange/Green No Cobalt (II) Chloride,HYDROSORBENT,other,<a_238>,<a_238><b_66>,<c_5>,<a_150>,<a_150><b_9>
449,"Dry-Packs 112gm 4-Pack Silica Gel Desiccant Packet, 5 by 3.25-Inch.",Dry-Packs,other,<a_238>,<a_238><b_21>,<c_112>,<a_150>,<a_150><b_61>
450,"X-Treme Tape TPE-X36ZLB Silicone Rubber Self Fusing Tape, 1"" x 36', Triangular, Black",X-Treme Tape,tape,<a_179>,<a_179><b_162>,<c_202>,<a_202>,<a_202><b_198>
451,"Gorilla Tape, White Duct Tape, 1.88"" x 30 yd, White, (Pack of 1)",Gorilla,tape,<a_59>,<a_59><b_226>,<c_223>,<a_202>,<a_202><b_52>
452,"Best Quality Plastic Self Drilling Drywall Anchors with Screws Kit, 100 Pieces All Together, Anchors Made in USA",Qualihome,fastener,<a_33>,<a_33><b_162>,<c_28>,<a_224>,<a_224><b_63>
453,Bob Smith Industries BSI-201 Quik-Cure Epoxy (4.5 oz. Combined),Bob Smith Industries,adhesive_epoxy,<a_158>,<a_158><b_151>,<c_1>,<a_165>,<a_165><b_170>
454,"3M Garnet Sandpaper, 9-Inch by 11-Inch, Assorted-Grit, 5-Sheet - 9040NA",3M,other,<a_0>,<a_0><b_103>,<c_107>,<a_68>,<a_68><b_21>
455,MDF Acoustica Deluxe Lightweight Dual Head Stethoscope - All Black (MDF747XP-BO),MDF Instruments,other,<a_18>,<a_18><b_198>,<c_164>,<a_180>,<a_180><b_31>
456,"Spectrum Over-The-Door Single Hook Vinyl Coated White 4-3/4"" X 7/16"" X 4"" - Pack of 2",Spectrum,other,<a_150>,<a_150><b_210>,<c_244>,<a_71>,<a_71><b_88>
457,CRC 03400 16oz Truetap Cutting Fluid Heavy Duty Bottle,CRC,other,<a_215>,<a_215><b_8>,<c_39>,<a_173>,<a_173><b_255>
458,"Rust-Oleum 278146 NeverWet 11-Ounce Outdoor Fabric Spray, Clear",Rust-Oleum,other,<a_225>,<a_225><b_48>,<c_26>,<a_122>,<a_122><b_43>
459,"50 Pack - 4.5""x.040""x7/8"" Quality Thin Cut Off Wheels Metal & Stainless Steel",Benchmark Abrasives,other,<a_42>,<a_42><b_160>,<c_238>,<a_193>,<a_193><b_106>
460,"4.5"" x 7/8"" Premium Zirconia Flap Disc Grinding Wheel 60 Grit Type 29-10 Pack",Benchmark Abrasives,other,<a_84>,<a_84><b_82>,<c_40>,<a_17>,<a_17><b_220>
461,"Hy-Ko Products TSR-100 Posted Private Property Tyvek Sign Roll 11"" x 11"" Yellow, 100 Pieces",Hy-Ko Products,ventilation_fan,<a_21>,<a_21><b_150>,<c_52>,<a_68>,<a_68><b_179>
462,"Tradespro 836344 Zinc Metric Nut and Bolt Assortment, 240-Piece",Tradespro,fastener,<a_231>,<a_231><b_70>,<c_225>,<a_224>,<a_224><b_139>
463,"Hosa GFT-450BK BULK 3"" x 180' Gaffer Tape, Black",Hosa,tape,<a_59>,<a_59><b_67>,<c_179>,<a_233>,<a_233><b_25>
464,"URBEST Digital PH Meter, Black",URBEST,gauge_meter,<a_25>,<a_25><b_76>,<c_240>,<a_36>,<a_36><b_111>
465,"Dorman Hardware 4-9845 Peggable Wire Basket Set, 3-Pack",Dorman Hardware,other,<a_2>,<a_2><b_12>,<c_170>,<a_71>,<a_71><b_122>
466,"Best Choice Products 4-Wheel Foldable Rolling Warehouse Moving Flatbed Platform Dolly Push Cart w/ 330lb Capacity, Non-Slip Surface - Blue",BEST CHOICE PRODUCTS,ventilation_fan,<a_52>,<a_52><b_74>,<c_237>,<a_87>,<a_87><b_177>
467,"3M Utility Duct Tape 2929 Silver, 1.88 in x 50 yd 5.8 mils (Pack of 1)",3M,tape,<a_89>,<a_89><b_167>,<c_139>,<a_202>,<a_202><b_160>
468,SEOH 4 inch Glass Pipette Droppers (pack of 12),SEOH,other,<a_43>,<a_43><b_229>,<c_230>,<a_150>,<a_150><b_97>
469,CO-Z 5pcs Hss Cobalt Multiple Hole 50 Sizes Step Drill Bit Set with Aluminum Case,CO-Z,other,<a_85>,<a_85><b_74>,<c_247>,<a_17>,<a_17><b_234>
470,"Silicone RTV 4500 FDA Grade High Strength Silicone Sealant, Clear (2.8 fl.oz)",Silco Incorporated,other,<a_41>,<a_41><b_25>,<c_45>,<a_244>,<a_244><b_15>
471,Proxxon 28608 Precision Vise FMZ with Clamp,Proxxon,other,<a_148>,<a_148><b_255>,<c_188>,<a_193>,<a_193><b_110>
472,"Hillman 4277 Diameter #8 Screw Eye (1-5/8"" Overall Length | 1/2"" Eye Inner Dimension), 10-Pack",Hillman,gauge_meter,<a_250>,<a_250><b_105>,<c_54>,<a_224>,<a_224><b_167>
473,"Oatey 30821 Cement, 8-Ounce, Milky-Clear",Oatey,other,<a_207>,<a_207><b_12>,<c_159>,<a_244>,<a_244><b_225>
474,Generic 1800088 Taylor Percussion Reflex Hammer,Generic,other,<a_141>,<a_141><b_180>,<c_224>,<a_159>,<a_159><b_70>
475,Learning Resources Skeleton Model,Learning Resources,other,<a_143>,<a_143><b_111>,<c_117>,<a_14>,<a_14><b_182>
476,Primacare DL-9325 Reusable LED Penlight with Pupil Gauge - Batteries Included,Primacare,gauge_meter,<a_208>,<a_208><b_203>,<c_115>,<a_180>,<a_180><b_128>
477,"Dixie EMS Blood Pressure and Sprague Stethoscope Kit, Burgundy",Dixie Ems,other,<a_218>,<a_218><b_48>,<c_238>,<a_180>,<a_180><b_148>
478,Oral-B CrossAction Power Max Whitening Rechargeable Electric Toothbrush (Colors may vary),Oral-B,other,<a_122>,<a_122><b_173>,<c_2>,<a_24>,<a_24><b_155>
479,Vktech New Universal 160 Full Range 1-14 pH Test Paper Strips Litmus Testing Kit N,Vktech,test_strip,<a_69>,<a_69><b_178>,<c_182>,<a_94>,<a_94><b_166>
480,"Pac-Kit by First Aid Only 5-600 Sterile Stretch Gauze Bandage, 4 yds Length x 2"" Width",First Aid Only,other,<a_106>,<a_106><b_194>,<c_118>,<a_122>,<a_122><b_179>
481,"Philips Sonicare Hx3631/03 Powerup Battery Toothbrush, Orange",Philips Sonicare,other,<a_122>,<a_122><b_148>,<c_22>,<a_24>,<a_24><b_203>
482,Dico 541-786-21/2 Nyalox Cup Brush 21/2-Inch Blue 240 Grit,Dico,other,<a_17>,<a_17><b_55>,<c_254>,<a_24>,<a_24><b_51>
483,"Carson Multi-Power LED Lighted Pocket Magnifiers for Reading, Inspection, Low Vision, Crafts, Hobby and Tasks (PM-33, PM-33MU)",Carson,other,<a_105>,<a_105><b_130>,<c_205>,<a_180>,<a_180><b_175>
484,"Arm & Hammer Peroxicare Deep Clean Toothpaste, 6 oz (Packaging May Vary)",Arm & Hammer,other,<a_15>,<a_15><b_88>,<c_128>,<a_66>,<a_66><b_34>
485,"Steel Flat Washer, Plain Finish, ASME B18.22.1, 1/4"" Screw Size, 9/32"" ID, 5/8"" OD, 0.065"" Thick (Pack of 100)",Small Parts,fastener,<a_153>,<a_153><b_59>,<c_246>,<a_224>,<a_224><b_209>
486,"Premiere 9411 Disposable Scalpels with #11 High-Carbon Steel Blades, Plastic Handle, Sterile, Individually Foil Wrapped, Box of 10 pcs",C & A Scientific - Premiere,other,<a_239>,<a_239><b_11>,<c_56>,<a_180>,<a_180><b_227>
487,"VIVOSUN 4 inch Inline Duct Booster Fan 100 CFM, Low Noise & Extra Long 5.5' Grounded Power Cord",VIVOSUN,ventilation_fan,<a_167>,<a_167><b_165>,<c_190>,<a_158>,<a_158><b_198>
488,"Vestil AS-383-4PK Concrete Anchor Four Bolt Kit, 3/8"" Diameter x 3"" Length",Vestil,gauge_meter,<a_250>,<a_250><b_91>,<c_234>,<a_224>,<a_224><b_5>
489,"RADEX RD1503+ Safety PRO with Dosimeter: high accuracy geiger counter, radiation detector",RADEX by Quarta-Rad,gauge_meter,<a_104>,<a_104><b_189>,<c_253>,<a_153>,<a_153><b_20>
490,"Duck Brand 300877 Professional Grade Electrical Tape, 3/4-Inch by 66 Feet, Single Roll, White",Duck,tape,<a_76>,<a_76><b_127>,<c_148>,<a_202>,<a_202><b_161>
491,AccuRemote Digital Electronic Magnetic Angle Gage Level / Protractor / Bevel Gauge,AccuRemote,gauge_meter,<a_108>,<a_108><b_159>,<c_29>,<a_104>,<a_104><b_196>
492,"Vestil LID-STL-LL Steel Lever Lock Pail Lid, for 5 gallon, Black",Vestil,other,<a_248>,<a_248><b_163>,<c_247>,<a_210>,<a_210><b_143>
493,"Vestil PAIL-STL-RI Steel Open Head Pail with Handle, 5 gallon Capacity, Black",Vestil,other,<a_248>,<a_248><b_198>,<c_196>,<a_210>,<a_210><b_168>
494,"ADC Adscope 603 Clinician Stethoscope with Tunable AFD Technology, 31 inch Length, Gray",ADC,other,<a_18>,<a_18><b_192>,<c_207>,<a_180>,<a_180><b_27>
495,National Hardware S819-841 CD8377 51 Piece Peg Board Hook Kit in Zinc,National Hardware,other,<a_2>,<a_2><b_42>,<c_213>,<a_71>,<a_71><b_69>
496,Gear Aid Tenacious Tape Patches,Gear Aid,tape,<a_59>,<a_59><b_188>,<c_0>,<a_122>,<a_122><b_80>
497,"Irwin Tools UniBit 3/16-Inch to 1/2-Inch Step-Drill Bit, 1/4-Inch Shank (10232)",Irwin Tools,other,<a_44>,<a_44><b_157>,<c_39>,<a_224>,<a_224><b_102>
498,Irwin Industrial Tools 10239CB Unibit 2-Steps Cobalt Step Drill Bit for 1/2-Inch and 3/4-Inch KO,Irwin Tools,other,<a_44>,<a_44><b_174>,<c_243>,<a_224>,<a_224><b_34>
499,"HDPE (High Density Polyethylene) Sheet, Opaque Off-White, Standard Tolerance, ASTM D4976-245, 0.125"" Thickness, 12"" Width, 24"" Length",Small Parts,other,<a_67>,<a_67><b_241>,<c_147>,<a_79>,<a_79><b_114>
500,"HDPE (High Density Polyethylene) Sheet, Opaque Off-White, Standard Tolerance, ASTM D4976-245, 0.250"" Thickness, 12"" Width, 12"" Length",Small Parts,other,<a_156>,<a_156><b_244>,<c_157>,<a_17>,<a_17><b_62>
501,"Dry-Packs Silica Gel Desiccant, 40gm",Dry-Packs,other,<a_238>,<a_238><b_254>,<c_177>,<a_150>,<a_150><b_61>
502,Uxcell a10073000ux0031 2 Pcs 8 Position Double Row Screw Terminal Covered Barrier Strip 600V 25A,uxcell,connector_fitting,<a_187>,<a_187><b_96>,<c_237>,<a_73>,<a_73><b_9>
503,"Pratt Plus ST.I-15V.20 Polyethylene Standard Bundling Cast Stretch Wrap, 2000' Length x 15"" Width x 8.1 microns Thick, Clear",Pratt Plus,other,<a_182>,<a_182><b_194>,<c_195>,<a_68>,<a_68><b_147>
504,HDE RJ45 RJ11 RJ12 Cat5 Cat6 UTP Network Cable Tester for LAN Phone Wire Test Tool,HDE,other,<a_65>,<a_65><b_170>,<c_180>,<a_158>,<a_158><b_209>
505,"A+ Grade Clear Carton Sealing Tape, 6 Rolls, 110 yd, 2.0 Mile(330')",Grade-A,tape,<a_14>,<a_14><b_213>,<c_87>,<a_202>,<a_202><b_18>
506,"Stainless 1/4-20 Hex Nuts, USS Coarse Thread, 304 Stainless Steel, 100 pieces (1/4 Hex Nuts)","Chenango Supply Co., Inc.",fastener,<a_153>,<a_153><b_68>,<c_213>,<a_224>,<a_224><b_195>
507,"Stainless Flat Washers 1/4 Inch, 304 Stainless Steel, 100 pieces (1/4 Flat Washer) by ""Chenango Supply Co., Inc.","Chenango Supply Co., Inc.",other,<a_153>,<a_153><b_68>,<c_226>,<a_108>,<a_108><b_76>
508,Hillman 829300 1/4-20 SS HEX NUT,Hillman,fastener,<a_6>,<a_6><b_213>,<c_95>,<a_224>,<a_224><b_77>
509,GemRed 82413 Digital Protractor Angle Finder Gauge Inclinometer with Backlight and Magnetic Base IP65,Gemred,gauge_meter,<a_84>,<a_84><b_221>,<c_62>,<a_17>,<a_17><b_203>
510,"Nicholson File and Rasp Cleaner, 10"" Length (Pack of 1)",Apex Tool Group,other,<a_26>,<a_26><b_103>,<c_149>,<a_193>,<a_193><b_240>
511,"Nicholson 06706N Axe File, 8-Inch",Nicholson,other,<a_26>,<a_26><b_235>,<c_99>,<a_193>,<a_193><b_240>
512,Highland (9002900) Fat Strap Bungee Cord Assortment - 6 Piece,Highland,other,<a_210>,<a_210><b_129>,<c_45>,<a_71>,<a_71><b_81>
513,"Kimberly-Clark Professional Kimtech Science KimWipes Delicate Task Wipers, 4.4 x 8.4 in. 1-ply",Kimberly-Clark Professional,other,<a_170>,<a_170><b_218>,<c_1>,<a_210>,<a_210><b_12>
514,Tach-It Model-T Ultra-Rugged Retractable Snap Off Blade Utility Knife (Pack of 12),Tach-It,other,<a_11>,<a_11><b_144>,<c_204>,<a_42>,<a_42><b_84>
515,Chemical Guys ACC_121.32HD Chemical Resistant Heavy Duty Bottle and Sprayer (32 oz),Chemical Guys,other,<a_128>,<a_128><b_81>,<c_205>,<a_150>,<a_150><b_132>
516,"100pc 1/4"" Grommets Eyelets for Clothes, Leather, Canvas - Self-Backing",ProTool,other,<a_166>,<a_166><b_116>,<c_94>,<a_71>,<a_71><b_127>
517,Dap 18370 Self-Leveling Concrete 3.0 Sealant 9.0-Ounce,DAP,other,<a_110>,<a_110><b_8>,<c_133>,<a_244>,<a_244><b_59>
518,MotoBatt MBCL5 5' 18AWG Cable Lead Extension,MotoBatt,other,<a_118>,<a_118><b_11>,<c_164>,<a_23>,<a_23><b_181>
519,EastVita&reg; Watch Repair Magnifier Loupe 20X Glasses With LED Light,EastVita,other,<a_208>,<a_208><b_219>,<c_158>,<a_180>,<a_180><b_119>
520,"Copper Sheet Metal - 12"" x 12",Copperlab,other,<a_115>,<a_115><b_132>,<c_162>,<a_68>,<a_68><b_192>
521,"Gardner Bender 19-001 WireGard Screw-On Wire Connectors, 22-16 AWG, Electrical Wire Nut, 14 pk, Grey",Gardner Bender,connector_fitting,<a_253>,<a_253><b_51>,<c_122>,<a_67>,<a_67><b_106>
522,"Rockler Silicone Mini Glue Brush, 2-Pack",Rockler,adhesive_epoxy,<a_17>,<a_17><b_206>,<c_33>,<a_99>,<a_99><b_82>
523,"Industrial & Scientific"" />",E-Z LOK,metadata_placeholder,<a_191>,<a_191><b_204>,<c_43>,<a_15>,<a_15><b_138>
524,"Innovative Components AN4C-5S3L-21 1.75"" Star Knob thru hole&nbsp; 1/4-20 steel zinc lock nut black pp (Pack of 10)",Innovative Components,fastener,<a_172>,<a_172><b_5>,<c_187>,<a_224>,<a_224><b_239>
525,"WD-40 Specialist&nbsp; Spray and Stay Gel Lubricant No-Drip Formula with SMART STRAW&nbsp;SPRAYS 2 WAYS, 10 OZ",WD-40,other,<a_34>,<a_34><b_44>,<c_155>,<a_173>,<a_173><b_98>
526,"Rubbermaid Commercial Products FG263100GRAY Rubbermaid Commercial Round Brute Container Lid, Gray, 32G",Rubbermaid Commercial Products,ventilation_fan,<a_214>,<a_214><b_238>,<c_65>,<a_210>,<a_210><b_156>
527,"ProMag Flexible Round Magnets, 0.5-Inch, 50-Pack, 457450",ProMag,other,<a_149>,<a_149><b_68>,<c_10>,<a_251>,<a_251><b_29>
528,"ProTapes Pro Duct 100 PE-Coated Cloth Economy Duct Tape, 60 yds Length x 2"" Width, Silver (Pack of 1)",Pro Tapes,tape,<a_89>,<a_89><b_73>,<c_42>,<a_202>,<a_202><b_62>
529,"Gorilla Heavy Duty Construction Adhesive, 9 ounce Cartridge, White",Gorilla,adhesive_epoxy,<a_48>,<a_48><b_212>,<c_34>,<a_165>,<a_165><b_107>
530,"Dap 00688 All-Purpose Adhesive Sealant, 100% Silicone, 2.8-Ounce Tube",DAP,adhesive_epoxy,<a_157>,<a_157><b_218>,<c_42>,<a_244>,<a_244><b_224>
531,"General Electric GE360 Kitchen and Bath  Silicone I Caulk, 2.8-Ounce, Clear",GE,other,<a_41>,<a_41><b_43>,<c_232>,<a_244>,<a_244><b_191>
532,"Carlisle 34101023 Bronco Round Waste Container Only, 10 Gallon, Gray",Carlisle,other,<a_214>,<a_214><b_54>,<c_168>,<a_210>,<a_210><b_71>
533,DAP INC 18152 10.1oz White Alex Plus Acrylic Latex Caulk with Silicone,DAP,other,<a_157>,<a_157><b_144>,<c_84>,<a_244>,<a_244><b_118>
534,"Century Drill and Tool 76221 Coarse Drill Cup Wire Brush, 2-3/4-Inch",Century Drill & Tool,other,<a_17>,<a_17><b_216>,<c_4>,<a_193>,<a_193><b_104>
535,Sil-Bond RTV 6500 high temperature 1-Part industrial/construction grade silicone sealant,Silco Incorporated,other,<a_41>,<a_41><b_52>,<c_153>,<a_244>,<a_244><b_232>
536,"Eagle F-15 HDPE 10"" Poly Funnel For Metal Type I Safety Cans, 4"" Height, 8"" Width, 9"" Length",Eagle,other,<a_248>,<a_248><b_239>,<c_220>,<a_44>,<a_44><b_119>
537,"Industrial & Scientific"" />",Justrite,metadata_placeholder,<a_49>,<a_49><b_234>,<c_218>,<a_15>,<a_15><b_135>
538,"24 Oz. Sprayer Bottles, Pack Of 3",Continental,other,<a_128>,<a_128><b_239>,<c_24>,<a_150>,<a_150><b_12>
539,"TOGGLER SnapSkru Self-Drilling Drywall Anchor, Pack of 20",TOGGLER,other,<a_250>,<a_250><b_23>,<c_147>,<a_224>,<a_224><b_47>
540,"The Hillman Group 591520 Small Wire Nail and Brad Assortment, 260-Pack",Hillman,other,<a_33>,<a_33><b_98>,<c_143>,<a_42>,<a_42><b_252>
541,"Rope King JT#18335 Heavy Duty Jute Twine, 335'",Rope King,other,<a_45>,<a_45><b_207>,<c_249>,<a_251>,<a_251><b_92>
542,"WD-40 Specialist&nbsp;Rust Release Penetrant Spray with Blu Torch&nbsp;and SMART STRAW&nbsp;SPRAYS 2 WAYS, 11 OZ",WD-40,other,<a_34>,<a_34><b_53>,<c_134>,<a_173>,<a_173><b_94>
543,"Oreck Commercial PK800025 Upright Vacuum Disposable Bag, For Upright Vacuum (Pack of 25)",Oreck Commercial,other,<a_23>,<a_23><b_102>,<c_204>,<a_24>,<a_24><b_162>
544,"Oreck Commercial XL Commercial Upright Vacuum Cleaner, XL2100RHS",Oreck Commercial,other,<a_23>,<a_23><b_63>,<c_128>,<a_24>,<a_24><b_102>
545,3-IN-ONE 120070 Lock Dry Lube 2.5 oz (Pack of 1),3-IN-ONE,other,<a_34>,<a_34><b_233>,<c_159>,<a_173>,<a_173><b_162>
546,"Arrow Fastener 609 Wide Crown Swingline Style Heavy Duty 9/16-Inch Staples, 1000-Pack",ARROW FASTENER,fastener,<a_81>,<a_81><b_158>,<c_6>,<a_42>,<a_42><b_46>
547,SummitLink 410 Pcs Assorted Heat Shrink Tubing Wrap Sleeve Set Combo Tube 5 Colors 10 Sizes,SummitLink,other,<a_32>,<a_32><b_144>,<c_2>,<a_228>,<a_228><b_45>
548,"Intertape Polymer Group 5936USW Sheathing Tape, 2-1/2 in. x 55 yd, White",Intertape Polymer Group,tape,<a_83>,<a_83><b_100>,<c_247>,<a_202>,<a_202><b_71>
549,Watersafe WS425W Well Water Test Kit,Watersafe,other,<a_252>,<a_252><b_159>,<c_12>,<a_197>,<a_197><b_216>
550,"HM Digital DM-1 In-Line Dual TDS Monitor, 0-9990 ppm Range, +/- 2% Readout Accuracy",HM Digital,other,<a_25>,<a_25><b_164>,<c_133>,<a_107>,<a_107><b_142>
551,"FastCap 3rd Hand Support System 57-to-144-Inches, 2-pack #3HAND5",Laserjamb,other,<a_28>,<a_28><b_109>,<c_77>,<a_159>,<a_159><b_43>
552,3M 08946 Clear Silicone Paste - 8 oz.,3M,other,<a_198>,<a_198><b_216>,<c_211>,<a_99>,<a_99><b_96>
553,"3M  Pro Strength Duct Tape, 1260-A, 1.88  Inches by 60 Yards",3M,tape,<a_89>,<a_89><b_251>,<c_68>,<a_202>,<a_202><b_66>
554,"Justrite 7150400 Type I Galvanized Steel Oils Safety Can, 5 Gallon Capacity, Green",Justrite,other,<a_248>,<a_248><b_21>,<c_136>,<a_44>,<a_44><b_28>
555,"3M 3920-BK Duct Tape Black, 1.88 Inches by 20 Yards",3M,tape,<a_59>,<a_59><b_48>,<c_6>,<a_202>,<a_202><b_197>
556,"Waterjel 2120 Bacitracin Zinc Triple Antibiotic Ointment, 0.5gm Packet (Pack of 144)",Water Jel,other,<a_106>,<a_106><b_229>,<c_20>,<a_44>,<a_44><b_137>
557,ECO-DENT DailyCare Original Mint Toothpowder,ECO-DENT,other,<a_15>,<a_15><b_62>,<c_171>,<a_66>,<a_66><b_97>
558,"3M Littmann 2144L Master Classic II Stethoscope, Black, 27 inch",3M Littmann,other,<a_18>,<a_18><b_153>,<c_207>,<a_180>,<a_180><b_186>
559,Racers Edge 3000 1/2-Ounce Bottle W Needle Tip,1st Choice,other,<a_215>,<a_215><b_229>,<c_13>,<a_150>,<a_150><b_182>
560,"Litmus pH Test Strips, Universal Application (pH 1-14), 2 Packs of 100 Strips",LabRat Supplies,test_strip,<a_69>,<a_69><b_153>,<c_113>,<a_94>,<a_94><b_166>
561,GREAT STUFF Gaps & Cracks 20 oz Insulating Foam Sealant,Great Stuff,other,<a_110>,<a_110><b_91>,<c_216>,<a_244>,<a_244><b_55>
562,"HATCHBOX PLA 3D Printer Filament, Dimensional Accuracy +/- 0.03 mm, 1 kg Spool, 1.75 mm, Black",HATCHBOX,3d_filament,<a_58>,<a_58><b_172>,<c_4>,<a_223>,<a_223><b_198>
563,Foreasy 3D Printer Tool 3D Print Removal Tool Enhanced Version Set of 2,Foreasy,3d_filament,<a_113>,<a_113><b_247>,<c_0>,<a_223>,<a_223><b_59>
564,"VACTRA OIL NO.2, 1 QUART(32OZ)EXPEDITED DELIVERY NOT AVAILABLE",VACTRA OIL,other,<a_215>,<a_215><b_133>,<c_20>,<a_173>,<a_173><b_141>
565,5lb co2 Tank- New Aluminum Cylinder with CGA320 Valve,Luxfer,other,<a_115>,<a_115><b_23>,<c_163>,<a_52>,<a_52><b_224>
566,"4 - Red 12"" Tire Premium Skates Wheel Car Dolly Ball Bearings Skate Makes Moving A Car Easy Furniture Movers",Red Hound Auto,other,<a_77>,<a_77><b_208>,<c_58>,<a_158>,<a_158><b_241>
567,"ProTapes Pro Duct 100 PE-Coated Cloth Economy Duct Tape, 60 yds Length x 2"" Width, Black (Pack of 1)",Pro Tapes,tape,<a_89>,<a_89><b_73>,<c_202>,<a_202>,<a_202><b_62>
568,"Strenco 1"" Self Adhesive Black Hook and Loop 5 yards Sticky Back Tape Fastener 15 feet - Light Weight",Strenco,tape,<a_219>,<a_219><b_72>,<c_75>,<a_206>,<a_206><b_0>
569,"Ribbed Plastic Drywall Anchor Kit with Screws and Masonry Drill Bit, #10-12 x 1",Qualihome,fastener,<a_33>,<a_33><b_149>,<c_158>,<a_224>,<a_224><b_104>
570,Bissell 9595A CleanView Bagless Vacuum with OnePass,Bissell,other,<a_194>,<a_194><b_53>,<c_170>,<a_24>,<a_24><b_132>
571,"The Hillman Group 591516 Small Anchors with Screws Assortment, 95-Pack",Hillman,fastener,<a_33>,<a_33><b_138>,<c_88>,<a_224>,<a_224><b_81>
572,Dap 18128 Alex Plus Acrylic Latex Caulk Plus Silicone 5.5-Ounce,DAP,other,<a_157>,<a_157><b_162>,<c_215>,<a_244>,<a_244><b_118>
573,Shepherd Hardware 9435 Wedge-It White Plastic Shims,Shepherd Hardware,other,<a_28>,<a_28><b_134>,<c_107>,<a_159>,<a_159><b_71>
574,"BOSTITCH FN1540-1M 2-1/2-Inch 15-Gauge FN Style Angled Finish Nails, 1000-Qty.",BOSTITCH,gauge_meter,<a_136>,<a_136><b_128>,<c_58>,<a_42>,<a_42><b_191>
575,"Wesco 272018 Deheader with Plastic Hand Grip, For Steel Drums",Wesco,other,<a_184>,<a_184><b_85>,<c_228>,<a_193>,<a_193><b_92>
576,"NoTrax T30 General Purpose Rubber Competitor Safety/Anti-Fatigue Mat, for Wet Areas, 3' Width x 3' Length x 1/2"" Thickness, Black",NoTrax Floor Matting,other,<a_235>,<a_235><b_22>,<c_74>,<a_68>,<a_68><b_84>
577,"Neiko 50458A Snap Ring Shop Assortment, 300 Count | 18 Sizes (1/8"" - 1-1/4"") | Hardened Steel",Neiko,other,<a_172>,<a_172><b_131>,<c_148>,<a_71>,<a_71><b_19>
578,"IIT 16736 Safety PTO Pin Assortment, 5-Piece",IIT,other,<a_137>,<a_137><b_193>,<c_195>,<a_71>,<a_71><b_250>
579,Storehouse 67520 158 Pc Wire Connector Assortment,Storehouse,connector_fitting,<a_46>,<a_46><b_113>,<c_250>,<a_67>,<a_67><b_5>
580,Pro-Lift B-012D Grey Hydraulic Bottle Jack - 12 Ton Capacity,Pro-LifT,other,<a_73>,<a_73><b_200>,<c_117>,<a_87>,<a_87><b_37>
581,"Smith-Cooper International 8135 Series Brass Ball Valve, Inline, Lever Handle, 1-1/4"" NPT Female, Non-Potable Water Use Only",Smith-Cooper International,other,<a_252>,<a_252><b_30>,<c_6>,<a_197>,<a_197><b_42>
582,"Forney 72757 Wire Cup Brush, Knotted with 5/8-Inch-11 Threaded Arbor, 2-3/4-Inch-by-.020-Inch",Forney,other,<a_17>,<a_17><b_211>,<c_188>,<a_193>,<a_193><b_178>
583,Marathon Universal Fit Pneumatic (Air Filled) Hand Truck / All Purpose Utility Tire on Wheel with Adapter Kit Included,Marathon Industries,other,<a_54>,<a_54><b_91>,<c_79>,<a_87>,<a_87><b_54>
584,"Colgate Sensitive Enamel Protect Toothpaste, 6.0-Ounce Packages (Pack of 4)",Colgate,other,<a_66>,<a_66><b_181>,<c_37>,<a_66>,<a_66><b_176>
585,"Dropper-Plastic Pippets, Set of 12",Dreaming Earth,other,<a_43>,<a_43><b_35>,<c_159>,<a_150>,<a_150><b_215>
586,Neato XV-21 Pet & Allergy Automatic Vacuum Cleaner,Neato Robotics,other,<a_125>,<a_125><b_88>,<c_211>,<a_197>,<a_197><b_233>
587,"Devcon 31345 2 Ton Clear Epoxy, 25 ml",Devcon,adhesive_epoxy,<a_211>,<a_211><b_179>,<c_4>,<a_165>,<a_165><b_71>
588,"Scotch Electrical Tape, 3/4-Inch by 66-Foot",3M,tape,<a_76>,<a_76><b_215>,<c_229>,<a_202>,<a_202><b_86>
589,"Shop-Vac 5872410 5.5-Peak Horsepower Portable Contractor Right Stuff Wet/Dry Vacuum, 5-Gallon",Shop-Vac,other,<a_213>,<a_213><b_74>,<c_39>,<a_24>,<a_24><b_174>
590,Mentadent Advance Whitening Refreshing Mint Bonus Pack Free Base & 2 Refills 5.25 OZ,Church & Dwight,other,<a_15>,<a_15><b_120>,<c_119>,<a_66>,<a_66><b_31>
591,Nubee Temperature Gun Non-contact Infrared Thermometer MAX Display & EMS Adjustable,Nubee,gauge_meter,<a_50>,<a_50><b_153>,<c_74>,<a_107>,<a_107><b_42>
592,Philips Sonicare HX6732/74 Healthywhite Electric Rechargeable Toothbrush 2-pack,Philips Sonicare,other,<a_122>,<a_122><b_213>,<c_194>,<a_24>,<a_24><b_20>
593,"Gardner Bender 10-106 50PK Ring Terminal, Yellow",Gardner Bender,connector_fitting,<a_186>,<a_186><b_0>,<c_1>,<a_67>,<a_67><b_49>
594,Install Bay Vinyl Terminal Ring Connector 10/12 Gauge 3/8 Inch 100 Pack Yellow - YVRT38,Install Bay,connector_fitting,<a_223>,<a_223><b_22>,<c_188>,<a_67>,<a_67><b_1>
595,"Gardner Bender GSW-17  Electrical Toggle Switch, SPST, ON-OFF, 6 A/120V AC,  Screw Terminal",Gardner Bender,connector_fitting,<a_205>,<a_205><b_37>,<c_194>,<a_236>,<a_236><b_106>
596,Install Bay Copper Ring Terminal 4 Gauge #516 25 Pack - CUR4516,Install Bay,connector_fitting,<a_186>,<a_186><b_244>,<c_188>,<a_67>,<a_67><b_244>
597,Ginsco 110pcs Female Yellow 12-10 Gauge Nylon Fully-Insulated Quick Disconnects Wiring Spade Wire Connector Crimp Terminal,Ginsco,connector_fitting,<a_247>,<a_247><b_13>,<c_10>,<a_67>,<a_67><b_23>
598,"Eaton Weatherhead 3700X4 Brass CA360 Fitting, Tee, 1/4""NPT Female",Weatherhead,connector_fitting,<a_242>,<a_242><b_8>,<c_83>,<a_108>,<a_108><b_160>
599,"Steelex D2581 Swivel Heavy Duty Industrial Wheel, 8-Inch",Steelex,other,<a_54>,<a_54><b_182>,<c_16>,<a_87>,<a_87><b_44>
600,Vktech 5pcs 2M Waterproof Digital Temperature Temp Sensor Probe DS18b20,Vktech,other,<a_227>,<a_227><b_205>,<c_195>,<a_211>,<a_211><b_97>
601,"M-D Building Products 2733 Tape, White",M-D Building Products,tape,<a_83>,<a_83><b_255>,<c_51>,<a_244>,<a_244><b_0>
602,"Dynarex Nitrile Exam Gloves, Black, X-Large, 100 Count",Dynarex,other,<a_146>,<a_146><b_208>,<c_157>,<a_44>,<a_44><b_9>
603,"The Hillman Group 591519 Small Small Wood Screw Assortment, 195-Pack",Hillman,fastener,<a_33>,<a_33><b_82>,<c_160>,<a_224>,<a_224><b_114>
604,"Move-It 9299 6-Inch Steel Tri-Dolly, 200-lb Load Capacity",Shepherd Hardware,other,<a_52>,<a_52><b_94>,<c_254>,<a_87>,<a_87><b_132>
605,Loctite Clear Silicone Waterproof Sealant 2.7-Ounce Tube (908570),Loctite,other,<a_198>,<a_198><b_83>,<c_37>,<a_165>,<a_165><b_190>
606,"Warp Brothers 6CH20-C 6 Mil Clear Plastic Sheeting, 20-Foot by 25-Foot",Warp Brothers,other,<a_35>,<a_35><b_133>,<c_55>,<a_68>,<a_68><b_29>
607,Docooler&reg; Digital Temperature Controller Thermocouple with Sensor (-58~194&deg;F) 10A 110V,Docooler,other,<a_131>,<a_131><b_134>,<c_81>,<a_107>,<a_107><b_35>
608,3M Tape Primer 94 1/2 Pint 8oz For Vinyl Di-Noc,3M,tape,<a_14>,<a_14><b_52>,<c_191>,<a_233>,<a_233><b_205>
609,"Dap 7079812343 Drydex 5.5 Oz 6Pk Raw Building Material, 5.5-Ounce, Pink/White",DAP,other,<a_110>,<a_110><b_165>,<c_98>,<a_244>,<a_244><b_136>
610,"Accessbuy 347pc Home Nut, Bolt, Screw & Washer Assortment - All Phillips Head!",GS Tool,fastener,<a_231>,<a_231><b_250>,<c_49>,<a_224>,<a_224><b_113>
611,"Maxcraft 7688 Metal and Wood Screw Assortment, 300-Piece",MAXCRAFT,fastener,<a_231>,<a_231><b_243>,<c_83>,<a_224>,<a_224><b_139>
612,"Arrow Fastener 214 Genuine JT21 1/4-Inch Staples, 1,000-Staples",ARROW FASTENER,fastener,<a_81>,<a_81><b_27>,<c_170>,<a_42>,<a_42><b_125>
613,"Remington Industries 22SNSP 22 AWG Magnet Wire, Enameled Copper Wire, 1.0 lb, 0.0263"" Diameter, 507' Length, Red",Remington Industries,gauge_meter,<a_254>,<a_254><b_115>,<c_180>,<a_251>,<a_251><b_228>
614,"Duck Brand 394471 Advanced Strength Duct Tape, 1.88 Inches by 60 Yards, Single Roll, Gray",Duck,tape,<a_89>,<a_89><b_127>,<c_167>,<a_202>,<a_202><b_161>
615,Stainless Steel Phillips Pan Sheet Metal Screw Assortment Kit,Stainless Town,fastener,<a_231>,<a_231><b_89>,<c_208>,<a_224>,<a_224><b_222>
616,"Hard-to-Find Fastener 014973291433 Phillips Flat TwinFast Wood Screws, 6 x 1/2-Inch, 100-Piece",Hard-to-Find Fastener,fastener,<a_6>,<a_6><b_100>,<c_238>,<a_224>,<a_224><b_44>
617,Dap 18425 Alex Fast Dry Acrylic Latex Caulk Plus Silicone 10.1-Ounce,DAP,other,<a_157>,<a_157><b_115>,<c_148>,<a_244>,<a_244><b_118>
618,"Dap 18354 Seal 'N Peel Removable Caulk, 10.1-Ounce",DAP,other,<a_157>,<a_157><b_88>,<c_51>,<a_244>,<a_244><b_18>
619,Vktech 150pcs 2:1 Heat Shrink Tubing Tube Sleeving Wire Cable 8 Sizes 2-13mm Black,Vktech,other,<a_32>,<a_32><b_249>,<c_85>,<a_228>,<a_228><b_18>
620,"Nubee Non-Contact Digital Laser Infrared Thermometer Temperature Gun -58 &deg;F - 1022&deg;F(-50&deg;C - 550&deg;C) MAX Display, EMS Adjustable Function, Orange",Nubee,gauge_meter,<a_50>,<a_50><b_56>,<c_237>,<a_107>,<a_107><b_133>
621,"IPG AC10 7 Mil Fix-It DUCTape 1.88"" x 50 yd, Silver",Intertape Polymer Group,tape,<a_182>,<a_182><b_65>,<c_9>,<a_202>,<a_202><b_203>
622,"Gorilla Tape, Black Duct Tape, 1.88"" x 12 yd, Black, (Pack of 1)",Gorilla,tape,<a_59>,<a_59><b_226>,<c_8>,<a_202>,<a_202><b_52>
623,"Chemical Guys MIC_MBLUE_12 Workhorse Professional Grade Microfiber Towel, Blue (16 in. x 16 in.) (Pack of 12)",Chemical Guys,other,<a_20>,<a_20><b_74>,<c_95>,<a_197>,<a_197><b_121>
624,"Red Devil 0637 12 Pack 10.1 oz. Blacktop Acrylic Repair Sealant, Black",Red Devil,other,<a_225>,<a_225><b_22>,<c_21>,<a_244>,<a_244><b_177>
625,"AMMEX - ABNPF48100-BX - Medical Nitrile Gloves - Disposable, Powder Free, Exam Grade, 4 mil, XLarge, Black (Box of 100)",Ammex,other,<a_146>,<a_146><b_67>,<c_0>,<a_44>,<a_44><b_217>
626,"XFasten Double Sided Tape Carpet Tape, Removable, 2 Inches x 20 Yards",XFasten,tape,<a_195>,<a_195><b_10>,<c_147>,<a_206>,<a_206><b_187>
627,"Shop Vac, 37987, Black Plastic",Shop Vac,other,<a_213>,<a_213><b_6>,<c_1>,<a_24>,<a_24><b_249>
628,WD-40 Multi-Use Product - Multi-Purpose Lubricant with EZ-REACH Flexible Straw. 14.4 oz. (6 Pack),WD-40,ventilation_fan,<a_34>,<a_34><b_81>,<c_251>,<a_173>,<a_173><b_94>
629,Ginsco 200pcs 3 Size Heat Shrink Butt Connectors Kit Electrical Insulated Wire Terminal 10-22 AWG Set,Ginsco,connector_fitting,<a_253>,<a_253><b_9>,<c_40>,<a_67>,<a_67><b_243>
630,Bellows Hand Duster BHD001 by Anteater,Anteater,other,<a_119>,<a_119><b_206>,<c_122>,<a_24>,<a_24><b_16>
631,"Dap 18001 Kwik Seal Caulk with 5.5-Ounce Tube, White",DAP,other,<a_114>,<a_114><b_237>,<c_35>,<a_244>,<a_244><b_197>
632,TEKTRUM EXTERNALLY POWERED SOLDERLESS 1660 TIE-POINTS EXPERIMENT PLUG-IN BREADBOARD WITH ALUMINUM BACK PLATE AND JUMPER WIRES FOR PROTO-TYPING CIRCUIT/ARDUINO,Tektrum,other,<a_82>,<a_82><b_65>,<c_243>,<a_73>,<a_73><b_8>
633,100 x 2N2222 NPN TO-92 Plastic-Encapsulate Power Transistors 75V 600mA,Haobase,other,<a_91>,<a_91><b_203>,<c_250>,<a_236>,<a_236><b_17>
634,"See All ICU7 Personal Safety and Security Clip-On Convex Security Mirror, 7"" Diameter (Pack of 1)",SeeAll,gauge_meter,<a_129>,<a_129><b_69>,<c_27>,<a_180>,<a_180><b_192>
635,Texas Instruments NE555N NE555 NE555P General Purpose Single Bipolar Timer DIP8 50 Pack,elegantstunning,other,<a_91>,<a_91><b_47>,<c_8>,<a_30>,<a_30><b_191>
636,SUNKEE 20pcs Photo Light Sensitive Resistor Photoresistor Optoresistor 5mm GM5539 5539,SUNKEE,other,<a_30>,<a_30><b_137>,<c_16>,<a_73>,<a_73><b_37>
637,Mini Zip Lock Bags 1 X 1 Inch (2000 Bags),iMBAPrice,other,<a_238>,<a_238><b_203>,<c_191>,<a_210>,<a_210><b_46>
638,"Amamax Clear Zip Lock Bags, 4 X 6"", 500 Count",Amamax,other,<a_238>,<a_238><b_150>,<c_10>,<a_210>,<a_210><b_46>
639,"Duck Brand 241410 Pittsburgh Steelers NFL Team Logo Duct Tape, 1.88-Inch by 10 Yards, Single Roll",Duck,tape,<a_87>,<a_87><b_158>,<c_118>,<a_122>,<a_122><b_54>
640,"Dazzling Displays 2 Mil 1.5"" x 2"" Clear Resealable Zip Lock Poly Bags - Case of 1000",Dazzling Displays,other,<a_238>,<a_238><b_218>,<c_177>,<a_210>,<a_210><b_86>
641,"AMMEX - ABNPF46100 - Medical Nitrile Gloves - Disposable, Powder Free, Exam Grade, 4 mil, Large, Black (Case of 1000)",Ammex,other,<a_146>,<a_146><b_67>,<c_46>,<a_44>,<a_44><b_217>
642,"Dap 08648 10.1 oz. 100% Silicone Kitchen and Bath Sealant, Clear",DAP,other,<a_10>,<a_10><b_184>,<c_209>,<a_244>,<a_244><b_35>
643,Craftsman 100 Piece drilling and driving kit,Craftsman,other,<a_184>,<a_184><b_13>,<c_89>,<a_159>,<a_159><b_33>
644,"Red Devil 0406 Kitchen and Bath Siliconized Acrylic Caulk, 10.1 oz, White",Red Devil,other,<a_10>,<a_10><b_89>,<c_106>,<a_244>,<a_244><b_58>
645,"EATON 667-SP 660-Watt 125-volt Medium Base Ceiling Receptacle Lamp Holder with Pull Chain, Porcelain, White",EATON Wiring,other,<a_217>,<a_217><b_13>,<c_49>,<a_236>,<a_236><b_119>
646,"Red Devil 0405 DuraGuard Kitchen and Bath Siliconized Acrylic Caulk, 5.5 Oz, Squeeze Tube, Paste, White",Red Devil,other,<a_10>,<a_10><b_89>,<c_138>,<a_244>,<a_244><b_58>
647,"3M Scotch Duct Tape,  1.88-Inch by 60-Yard - White, 1 Pack",3M,tape,<a_89>,<a_89><b_162>,<c_21>,<a_202>,<a_202><b_98>
648,"3M Foil Tape 3381 Silver, 1.88 in x 50 yd 2.7 mil (Pack of 1)",3M,tape,<a_229>,<a_229><b_215>,<c_231>,<a_202>,<a_202><b_221>
649,BQLZR M4 Stainless Steel 304 Hook & Eye Turnbuckle Wire Rope Tension Pack Of 5,BQLZR,other,<a_60>,<a_60><b_18>,<c_71>,<a_17>,<a_17><b_118>
650,SPAX #8 x 1-1/4in. Wafer Head Zinc Coated Cabinet Screw - 30 per Box,SPAX,fastener,<a_207>,<a_207><b_128>,<c_29>,<a_224>,<a_224><b_25>
651,EZ-SHIM JS500BP 4-Count Bath Fixture Shims,EZ-SHIM,other,<a_79>,<a_79><b_130>,<c_28>,<a_159>,<a_159><b_225>
652,Honeytek A6013L Capacitor Tester,Honeytek,other,<a_227>,<a_227><b_75>,<c_158>,<a_36>,<a_36><b_11>
653,"Five 1"" Inch Chrome Steel Bearing Balls G25",BC Precision Balls,other,<a_185>,<a_185><b_42>,<c_6>,<a_71>,<a_71><b_104>
654,"CMS Magnets Powerful Rare Earth Neodymium Cup Magnet 249 LB Pull Power 0.59"" Thick x 2.36"" Diameter - 1 Ct.",CMS MAGNETICS,gauge_meter,<a_92>,<a_92><b_116>,<c_62>,<a_251>,<a_251><b_132>
655,"CMS Magnetics Powerful Round Base Magnet 100 LB Pulling Power RB80 3.2"" Cup Magnet - 1 Count",CMS MAGNETICS,other,<a_149>,<a_149><b_54>,<c_216>,<a_251>,<a_251><b_34>
656,Uni-T B4Q094 UT210E True RMS AC/DC Current Mini Clamp M W Capacitance Tester,UNI-T,other,<a_127>,<a_127><b_126>,<c_145>,<a_36>,<a_36><b_235>
657,"Dap 18546 Kwik Seal Plus Kitchen and Bath All-Purpose Adhesive Caulk Clear, 5.5-Ounce",DAP,adhesive_epoxy,<a_10>,<a_10><b_127>,<c_20>,<a_244>,<a_244><b_171>
658,Stanley R120 Rivet Pack Assortment,Stanley,other,<a_162>,<a_162><b_227>,<c_136>,<a_224>,<a_224><b_76>
659,Stanley MR100CG Contractor Grade Riveter,Stanley,other,<a_162>,<a_162><b_227>,<c_129>,<a_42>,<a_42><b_47>
660,"Cofufu 4 Pcs 1"" Plastic Wheel Rectangle Top Plate Fixed Swivel Caster Set",Cofufu,other,<a_54>,<a_54><b_255>,<c_116>,<a_87>,<a_87><b_104>
661,"PneumaticPlus PSL15-160 Pressure Gauge, Lower Mount, 1-1/2"" Dial, 0-160 PSI, 1/8"" NPT",PneumaticPlus,gauge_meter,<a_123>,<a_123><b_99>,<c_209>,<a_229>,<a_229><b_169>
662,"Dial Indicator, Magnetic Base & Point Set",LittleMachineShop.com,other,<a_133>,<a_133><b_14>,<c_36>,<a_104>,<a_104><b_93>
663,"Anytime Tools 1-2-3 Blocks Matched Pair Hardened Steel 1 Hole (1""x2""x3"") 123 Set Precision Machinist Milling",Anytime Tools,other,<a_139>,<a_139><b_128>,<c_213>,<a_159>,<a_159><b_90>
664,Shop Fox D4026 Cabinet Maker's Vise,Woodstock,other,<a_148>,<a_148><b_62>,<c_155>,<a_193>,<a_193><b_37>
665,"608 ZZ Skateboard Bearings, Double Shielded, Silver (Pack of 8)",VXB,other,<a_180>,<a_180><b_215>,<c_148>,<a_251>,<a_251><b_84>
666,"Plymor 8"" x 10"", 2 Mil (Pack of 100) Zipper Reclosable Plastic Bags",Plymor,other,<a_238>,<a_238><b_58>,<c_148>,<a_210>,<a_210><b_219>
667,"Maasdam Pow'R Pull PP100, Post Pull'R",Maasdam,other,<a_244>,<a_244><b_138>,<c_248>,<a_87>,<a_87><b_190>
668,"Dixon Valve TTA75 PTFE Industrial Sealant Tape, 260-inch, White",Dixon Valve & Coupling,tape,<a_151>,<a_151><b_134>,<c_160>,<a_79>,<a_79><b_61>
669,Crest 3D White Luxe Glamorous White Vibrant Mint Flavor Whitening Toothpaste 5.8 Ounce (Packaging may vary),Crest,other,<a_15>,<a_15><b_82>,<c_228>,<a_66>,<a_66><b_233>
670,Tonor TM RJ45 RJ11 RJ12 CAT5 CAT 6 UTP Network Lan Cable Tester Test Tool,TONOR,other,<a_209>,<a_209><b_251>,<c_185>,<a_23>,<a_23><b_86>
671,Kimtech Science KimWipes Delicate Task Wipers 1-ply 280 count (Pack of 2),Kimberly-Clark,other,<a_170>,<a_170><b_72>,<c_171>,<a_210>,<a_210><b_12>
672,"Halyard Health Face Masks with Earloops, 47117, Yellow (Box of 50)",Halyard Health,other,<a_239>,<a_239><b_235>,<c_207>,<a_44>,<a_44><b_223>
673,GCA 5.5mm Diameter USB Waterproof 6 Led Endoscope Borescope Inspection Wire,EMAX,gauge_meter,<a_236>,<a_236><b_114>,<c_165>,<a_180>,<a_180><b_185>
674,Dap 08781 10.8-Ounce Clear Silicon Plus Premium Silicone Rubber Sealant,DAP,other,<a_157>,<a_157><b_45>,<c_39>,<a_244>,<a_244><b_206>
675,J-B Weld 8265S Original Cold-Weld Steel Reinforced Epoxy - 2 oz.,J-B Weld,adhesive_epoxy,<a_211>,<a_211><b_78>,<c_1>,<a_165>,<a_165><b_59>
676,4 oz Amber Glass Boston Round Bottles With Black Ribbed Cap - 12 Pack,GreenHealth,other,<a_112>,<a_112><b_197>,<c_174>,<a_150>,<a_150><b_44>
677,"Kimberly-Clark Professional 55083 PURPLE NITRILE Exam Gloves, 242 mm Length, Large, Purple (Box of 100)",Kimberly-Clark Professional,other,<a_146>,<a_146><b_234>,<c_111>,<a_44>,<a_44><b_46>
678,"iRobot Roomba 980 Robot Vacuum with Wi-Fi Connectivity, Works with Alexa, Ideal for Pet Hair, Carpets, Hard Floors",iRobot,other,<a_23>,<a_23><b_20>,<c_251>,<a_24>,<a_24><b_91>
679,iRobot Braava 380t Robot Mop,iRobot,other,<a_125>,<a_125><b_40>,<c_192>,<a_197>,<a_197><b_132>
680,O-Cedar Multi-Use Scrunge Scrub Sponge (Pack of 6),O-Cedar,other,<a_119>,<a_119><b_255>,<c_182>,<a_24>,<a_24><b_38>
681,"Nashua 361-11 Foil Tape for Waterproofing Repair, 11 mil Thick, 10 m Length, 48 mm Width&nbsp;, Aluminum",Berry Global,tape,<a_179>,<a_179><b_57>,<c_0>,<a_202>,<a_202><b_240>
682,Pro Flex Super Flexible Elastomeric Sealant Acrylic Clear Paintable 10 Oz,Geocel,other,<a_114>,<a_114><b_146>,<c_243>,<a_244>,<a_244><b_254>
683,Melca Double Sided Carpet Tape &ndash; 2.5 Inch Heavy Duty Rug Gripper Anti Slip Adhesive (30 Yards),Melca,tape,<a_235>,<a_235><b_125>,<c_229>,<a_122>,<a_122><b_205>
684,JVCC AF20 Aluminum Foil Tape (2 mil Linered): 2 in. x 50 yds. (Silver),J.V. Converting,tape,<a_229>,<a_229><b_195>,<c_128>,<a_202>,<a_202><b_10>
685,The Hillman Group 90398 1/4-20X1-1/4 MACH Screw,The Hillman Group,fastener,<a_6>,<a_6><b_249>,<c_93>,<a_224>,<a_224><b_77>
686,"The Hillman Group 90293 10-32-Inch x 1/2-Inch Round Head Combo Machine Screw, 100-Pack",The Hillman Group,fastener,<a_6>,<a_6><b_5>,<c_103>,<a_224>,<a_224><b_77>
687,Norwesco 45223 35 Gallon Horizontal Water Tank,Norwesco,other,<a_47>,<a_47><b_215>,<c_238>,<a_210>,<a_210><b_143>
688,"IIT 90690 Super Glue, 3 Grams Each, 5-Pack",IIT,adhesive_epoxy,<a_11>,<a_11><b_147>,<c_186>,<a_99>,<a_99><b_100>
689,"Anderson Metals Brass Garden Hose Swivel Fitting, Connector, 1/2"" Barb x 3/4"" Female Hose",Anderson Metals,connector_fitting,<a_109>,<a_109><b_248>,<c_32>,<a_108>,<a_108><b_140>
690,"SharkBite 22223-0000LFA Ball Valve 1 Inch x 1 Inch, Water Valve Shut Off, Push-to-Connect, PEX, Copper, CPVC, PE-RT",SharkBite,other,<a_51>,<a_51><b_253>,<c_195>,<a_108>,<a_108><b_252>
691,"Deft Interior Clear Wood Finish Gloss Lacquer, 12.25-Ounce Aerosol Spray",Deft Inc.,other,<a_225>,<a_225><b_41>,<c_235>,<a_99>,<a_99><b_132>
692,"17 X 100mm Graduated Plastic Test Tubes with Caps, 25 Pack",Karter Scientific,other,<a_245>,<a_245><b_205>,<c_69>,<a_94>,<a_94><b_218>
693,"SE DM201 Stainless Steel Inspection Mirror, 0.75"" Dia, 7",SE,other,<a_129>,<a_129><b_252>,<c_57>,<a_180>,<a_180><b_196>
694,"Colormetrics Gray Putty Tape / Butyl Tape 1/8"" x 1"" x 30' (Single Roll)",DEHCO,tape,<a_83>,<a_83><b_154>,<c_136>,<a_244>,<a_244><b_221>
695,"MABIS Stainless Steel Tweezers, Thumb Dressing Forceps, Serrated Forceps, Silver",Mabis,other,<a_61>,<a_61><b_25>,<c_181>,<a_42>,<a_42><b_97>
696,"2-pack of 18"" Inch Microfiber Wet Mop Pads for Commercial Microfiber Mops",Real Clean,other,<a_235>,<a_235><b_102>,<c_246>,<a_24>,<a_24><b_92>
697,Waterpik Sensonic Professional Toothbrush (SR-3000),Waterpik,other,<a_122>,<a_122><b_55>,<c_82>,<a_24>,<a_24><b_165>
698,"Industrial & Scientific"" />",iGaging,metadata_placeholder,<a_191>,<a_191><b_255>,<c_185>,<a_15>,<a_15><b_238>
699,"POWERTEC 15501 1/2"" Arbor 60-Grit Silicon Carbide Grinding Wheel, 6"" by 3/4",POWERTEC,other,<a_0>,<a_0><b_148>,<c_201>,<a_193>,<a_193><b_177>
700,"Anderson Metals 06130 Brass Pipe Fitting, 90 Degree Barstock Elbow, 1/4"" NPT Male x 1/4"" NPT Male Pipe",Anderson Metals,connector_fitting,<a_13>,<a_13><b_21>,<c_8>,<a_108>,<a_108><b_1>
701,"Dynarex Safe-Touch Powder-Free Latex Exam Gloves, Large, Box/100",Safe-Touch,other,<a_146>,<a_146><b_155>,<c_201>,<a_44>,<a_44><b_201>
702,"Dynarex Safe-Touch Latex Gloves, Powder-Free, Small, Box/100",Dynarex,other,<a_146>,<a_146><b_155>,<c_25>,<a_44>,<a_44><b_201>
703,"Duck Brand 240200 Double-Sided Duct Tape, 1.4-Inch by 12-Yards, Single Roll",Duck,tape,<a_89>,<a_89><b_127>,<c_251>,<a_202>,<a_202><b_69>
704,"Stanley Wet/Dry Vacuum, 1 Gallon, 1.5 Horsepower",Stanley,other,<a_213>,<a_213><b_211>,<c_58>,<a_24>,<a_24><b_2>
705,"Shepherd Hardware 9782 4-Inch Cast Iron Swivel Plate Caster, 500-lb Load Capacity",Shepherd Hardware,other,<a_54>,<a_54><b_106>,<c_56>,<a_87>,<a_87><b_249>
706,"Shepherd Hardware 9174 2-Inch Cast Iron Swivel Plate Caster, 125-lb Load Capacity",Shepherd Hardware,other,<a_54>,<a_54><b_123>,<c_52>,<a_87>,<a_87><b_222>
707,Gino UF35B 5mm Inner Diameter Black Core Ferrite Cable Clip 10 Pcs,Gino,gauge_meter,<a_65>,<a_65><b_129>,<c_166>,<a_158>,<a_158><b_96>
708,Grizzly H2940 Round Bar Center Finder,Grizzly,other,<a_181>,<a_181><b_38>,<c_129>,<a_104>,<a_104><b_63>
709,VicTsing RJ45 RJ11 Cable Tester Network LAN Ethernet Phone Telephone Cable Tester Wire Tracker Scanning Device Wire Measuring Instrument,VicTsing,other,<a_209>,<a_209><b_134>,<c_87>,<a_211>,<a_211><b_236>
710,"PORTER-CABLE PBN18200-1 2-Inch, 18 ga. brad nails (1000-Pack)",PORTER-CABLE,other,<a_136>,<a_136><b_141>,<c_93>,<a_42>,<a_42><b_133>
711,3M Scotch #35 Electrical Tape Value Pack (10457NA),3M,tape,<a_76>,<a_76><b_188>,<c_153>,<a_202>,<a_202><b_218>
712,Wixey WR100 6-Inch Digital Calipers with Fractions,Wixey,gauge_meter,<a_181>,<a_181><b_60>,<c_58>,<a_104>,<a_104><b_95>
713,"Rubbermaid Commercial Products FG295673BLUE Plastic Resin Deskside Recycling Can, 7 Gallon/28 Quart, Blue Recycling Symbol (Pack of 12)",Rubbermaid Commercial Products,ventilation_fan,<a_214>,<a_214><b_224>,<c_2>,<a_210>,<a_210><b_201>
714,Shop-Vac 9067200 Type I 10-14-Gallon High Efficiency Disposable Collection Filter Bag 2-Pack,Shop-Vac,other,<a_213>,<a_213><b_238>,<c_53>,<a_24>,<a_24><b_29>
715,Amprobe TL35B Test Leads with Alligator Clips,Amprobe,other,<a_36>,<a_36><b_40>,<c_215>,<a_211>,<a_211><b_68>
716,"GORILLA PVC R08000 Pvc Glue 8 OZ, Clear",True Value,adhesive_epoxy,<a_230>,<a_230><b_147>,<c_217>,<a_233>,<a_233><b_52>
717,HH-66 PVC Vinyl Cement Glue with Brush 8oz,HH-66 PVC Vinyl Cement,adhesive_epoxy,<a_230>,<a_230><b_7>,<c_58>,<a_233>,<a_233><b_191>
718,Tear-Aid Repair Type B Vinyl Kit,Tear-Aid Repair,other,<a_11>,<a_11><b_224>,<c_87>,<a_122>,<a_122><b_118>
719,"Gorilla Heavy Duty Construction Adhesive, 2.5 ounce Squeeze Tube, White",Gorilla,adhesive_epoxy,<a_230>,<a_230><b_123>,<c_172>,<a_99>,<a_99><b_53>
720,"Dicor BT-1834-1 1/8"" x 3/4"" x 30' Butyl Seal Tape",Dicor,tape,<a_83>,<a_83><b_151>,<c_88>,<a_170>,<a_170><b_49>
721,"Kreg SML-C2B-250 Blue-Kote Weather Resistant Pocket Hole Screws - 2"", 8 Coarse, Washer Head, 250 count",Kreg,fastener,<a_130>,<a_130><b_73>,<c_174>,<a_224>,<a_224><b_230>
722,ITW Brands 25350#50 Plastic Dry Anchor,ITW Brands,other,<a_33>,<a_33><b_240>,<c_232>,<a_224>,<a_224><b_196>
723,"4"" x 6"" 4 Mil (Heavy Duty) Plymor Brand Zipper Reclosable Storage Bags, DispenserBag Pack of 100",Plymor,other,<a_238>,<a_238><b_198>,<c_21>,<a_210>,<a_210><b_219>
724,"Duck Brand EZ Start Packing Tape With Dispenser, 1.88 Inch x 22.2 Yard, Clear, 1 Roll (393185)",Duck,tape,<a_14>,<a_14><b_223>,<c_109>,<a_202>,<a_202><b_55>
725,"Bissell Zing Bagged Canister Vacuum, Maroon, 4122 - Corded",Bissell,other,<a_125>,<a_125><b_145>,<c_102>,<a_197>,<a_197><b_33>
726,5 Gallon Plastic Hedpack with cap,Midwest Brewing and Winemaking Supplies,other,<a_248>,<a_248><b_6>,<c_86>,<a_14>,<a_14><b_137>
727,"The Hillman Group 180297 Pronged Tee Nut, 1/4 20, 100-Pack",Hillman,fastener,<a_6>,<a_6><b_109>,<c_164>,<a_224>,<a_224><b_9>
728,"Cold Rolled Steel A513 Drawn Over Mandrel Round Tubing, ASTM A513, 1-1/4"" OD, 1.01"" ID, 0.12"" Wall, 72"" Length",Small Parts,other,<a_185>,<a_185><b_253>,<c_134>,<a_251>,<a_251><b_54>
729,"Rust-Oleum 203373 Professional Floor Coating Kit, Silver Gray, 1 Pack",Rust-Oleum,other,<a_225>,<a_225><b_212>,<c_215>,<a_122>,<a_122><b_41>
730,"Crest Pro-Health Advanced Extra Deep Clean Toothpaste Twin Pack, 5.1 Ounce",Crest,other,<a_15>,<a_15><b_236>,<c_152>,<a_66>,<a_66><b_207>
731,"ARROW 160376 1-1/4"" Cup Hooks (Pack of 18), Rubbed Bronze",Arrow,other,<a_150>,<a_150><b_144>,<c_164>,<a_71>,<a_71><b_174>
732,Yellow Jacket 93842 Mini Ball Valve (3 Pack),Yellow Jacket,other,<a_51>,<a_51><b_42>,<c_174>,<a_108>,<a_108><b_167>
733,"MG Chemicals 824-1L 99.9% Isopropyl Alcohol Liquid Cleaner, Clear , 945 mL (1 US Quart)",MG Chemicals,other,<a_20>,<a_20><b_20>,<c_161>,<a_206>,<a_206><b_216>
734,"microtivity IL188 5mm Assorted Clear LED w/Resistors (8 Colors, Pack of 80)",microtivity,other,<a_30>,<a_30><b_178>,<c_90>,<a_73>,<a_73><b_231>
735,"E-Projects EPC-102 43 Value Resistor Kit, 1 Ohm - 10M Ohm (Pack of 1075)",E-Projects,other,<a_101>,<a_101><b_127>,<c_1>,<a_73>,<a_73><b_56>
736,GUM Proxabrush Go-Betweens Cleaners 8 ct - Ultratight Pack of (3),Sunstar,other,<a_66>,<a_66><b_199>,<c_200>,<a_180>,<a_180><b_7>
737,Webstone 44443WPR 3/4-Inch IPS Isolator EXP E2 Tankless Water Heater Service Valve Kit with Clean Brass Construction,Webstone,other,<a_51>,<a_51><b_224>,<c_123>,<a_108>,<a_108><b_158>
738,Rectorseal 74026 3-Ounce C-Flux,Rectorseal,other,<a_75>,<a_75><b_3>,<c_77>,<a_79>,<a_79><b_32>
739,"Tensive Parker Labs Conductive Adhesive Gel, 50 Gram",Tensive,3d_filament,<a_222>,<a_222><b_224>,<c_220>,<a_233>,<a_233><b_155>
740,"Loc-Line Coolant Hose Component, Acetal Copolymer, 90 Degree Nozzle, 1/8"" Diameter, 1/4"" Hose ID (Pack of 4)",Loc-Line,connector_fitting,<a_165>,<a_165><b_79>,<c_8>,<a_228>,<a_228><b_202>
741,"Hillman Group 829720 1/4 by 20-Inch Stainless Steel Nylon Insert Locknut, 50-Pack, Single",Hillman,fastener,<a_6>,<a_6><b_253>,<c_19>,<a_224>,<a_224><b_251>
742,"Kingston KMBVM Series Brass Mini Ball Valve, Lever, 1/4"" NPT Male x NPT Female",Kingston Valves,other,<a_51>,<a_51><b_182>,<c_134>,<a_108>,<a_108><b_114>
743,Shoreline Marine Liquid Electrical Tape,Shoreline Marine,tape,<a_76>,<a_76><b_55>,<c_165>,<a_202>,<a_202><b_208>
744,"SCIGRIP 4 Acrylic Solvent Cement, Water-thin, 1 Pint Can with Screw-On Cap, Clear",SCIGRIP,fastener,<a_124>,<a_124><b_213>,<c_122>,<a_165>,<a_165><b_219>
745,"Rockler Cyanoacrylate Quick-Set Medium Adhesive, 4.5 oz Bottle",Stick Fast,adhesive_epoxy,<a_124>,<a_124><b_98>,<c_182>,<a_165>,<a_165><b_187>
746,Applicator Bottle with Stainless Steel Needle - 3 Pack,IPS,other,<a_38>,<a_38><b_44>,<c_1>,<a_150>,<a_150><b_110>
747,"Soft 'n Style BMX-8031 Plastic Clear Spray Bottle, 16 fl.oz. Capacity",Soft 'N Style,other,<a_128>,<a_128><b_139>,<c_65>,<a_150>,<a_150><b_197>
748,Replacement Filter Fits Shop Vac 90304,4YourHome,other,<a_154>,<a_154><b_25>,<c_77>,<a_109>,<a_109><b_82>
749,"BSI Bob Smith 152 Insta Set Accelerator, 8 oz.",BSI,other,<a_158>,<a_158><b_45>,<c_124>,<a_99>,<a_99><b_170>
750,"Rubbermaid Commercial FG9T6600BLA Service/Utility Cart, Two-Shelf, 300 lb capactiy, Black",Rubbermaid Commercial Products,other,<a_214>,<a_214><b_211>,<c_249>,<a_210>,<a_210><b_229>
751,Install Bay CC2218 Crimp Cap Nylon Connector 22/18 Gauge (100-Pack),Install Bay,connector_fitting,<a_186>,<a_186><b_14>,<c_207>,<a_67>,<a_67><b_133>
752,"Fowler Full Warranty Stainless Steel Shockproof Dial Caliper, 52-008-706-0, 0-6"" Measuring Range, 0.001"" Graduation Interval, Face Color White",Fowler,gauge_meter,<a_192>,<a_192><b_251>,<c_16>,<a_17>,<a_17><b_180>
753,"PVC (Polyvinyl Chloride) Sheet, Opaque White, Standard Tolerance, UL 94/ASTM D1784, 1/4"" Thickness, 12"" Width, 12"" Length",Small Parts,other,<a_67>,<a_67><b_223>,<c_13>,<a_79>,<a_79><b_114>
754,Fluke Networks 26200900 Pro3000 Tone Generator with ABN Clips and RJ11 Plug,Fluke Networks,other,<a_7>,<a_7><b_141>,<c_205>,<a_197>,<a_197><b_35>
755,"Marine Sextant, Davis",Davis,other,<a_1>,<a_1><b_166>,<c_227>,<a_229>,<a_229><b_5>
756,"Gardner Bender GSW-20  Electrical Toggle Switch Covers, EDPM Rubber Cover, Moisture, Dust and Dirt Resistant, Pack of 2, Black",Gardner Bender,other,<a_205>,<a_205><b_193>,<c_96>,<a_236>,<a_236><b_87>
757,"Shepherd Hardware 9615 10-Inch Semi-Pneumatic Rubber Replacement Tire, Plastic Wheel, 1-3/4-Inch Diamond Tread, 1/2-Inch Bore Offset Axle",Shepherd Hardware,other,<a_54>,<a_54><b_31>,<c_230>,<a_87>,<a_87><b_147>
758,Push-On Alligator Clips for Test Leads,Elenco Electronics,other,<a_29>,<a_29><b_46>,<c_80>,<a_211>,<a_211><b_133>
759,"National Hardware N199-810 3214BC Fixed Double Pulleys in Zinc, 1-1/2",National Hardware,other,<a_79>,<a_79><b_214>,<c_113>,<a_71>,<a_71><b_149>
760,Sun Company 201-F Lev-o-gage Inclinometer and Tilt Gauge,Sun Company,gauge_meter,<a_144>,<a_144><b_148>,<c_132>,<a_15>,<a_15><b_159>
761,"Concord Blades GCD045FCP 4.5 Inch Double Row Diamond Cup Wheel with 5/8""-11 Thread",Concord Blades,other,<a_42>,<a_42><b_207>,<c_178>,<a_193>,<a_193><b_229>
762,"BOSTITCH BT1350B 2-Inch 18-Gauge Brad Nails, 2000-Per Box",BOSTITCH,gauge_meter,<a_136>,<a_136><b_23>,<c_119>,<a_42>,<a_42><b_58>
763,Rope King CSC-6100 Cotton Sash Cord #6 - 3/16 inch x 100 feet,Rope King,other,<a_45>,<a_45><b_187>,<c_250>,<a_251>,<a_251><b_87>
764,Shop-Vac 9050300 2.5-Inch by 8-Foot Hose,Shop-Vac,connector_fitting,<a_19>,<a_19><b_172>,<c_74>,<a_24>,<a_24><b_173>
765,WAGO 222-413 LEVER-NUTS 3 Conductor Compact Connectors,Wago,connector_fitting,<a_187>,<a_187><b_64>,<c_206>,<a_67>,<a_67><b_162>
766,"3M 05539 Roloc 2"" Disc Pad Assembly",3M,other,<a_240>,<a_240><b_60>,<c_17>,<a_159>,<a_159><b_196>
767,J-B Weld 50101 MinuteWeld Instant-Setting Epoxy Syringe - Dries Clear - 25ml,J-B Weld,adhesive_epoxy,<a_211>,<a_211><b_63>,<c_49>,<a_165>,<a_165><b_85>
768,"Oil Slick Sheet Labratory Grade PTFE Roll Solvent Resistant Alternative to Parchment Paper, 48x16",Oil Slick,other,<a_37>,<a_37><b_1>,<c_206>,<a_79>,<a_79><b_135>
769,Nubee Temperature Gun Non-contact Digital Laser Infrared IR Thermometer,Nubee,gauge_meter,<a_50>,<a_50><b_243>,<c_9>,<a_107>,<a_107><b_42>
770,"Universal 63036 Plastic Thank You Shopping Bag, 11.5 x 3.15 x 22, 0.55 mil, White/Red (Box of 250)",Universal,other,<a_163>,<a_163><b_244>,<c_52>,<a_210>,<a_210><b_114>
771,LOW ODOR DMSO Glass 8 oz Bottle 99.995% Pharma Grade Dimethyl Sulfoxide,DMSO Store,other,<a_171>,<a_171><b_80>,<c_4>,<a_150>,<a_150><b_188>
772,"Watts 0009257 25AUB-Z3, 3/4"", bronz",Watts,other,<a_123>,<a_123><b_189>,<c_225>,<a_108>,<a_108><b_6>
773,"Duck Brand Standard Packaging Tape Refill, 1.88 Inch x 54.6 Yard, Clear, 1 Roll (240408)",Duck,tape,<a_14>,<a_14><b_223>,<c_180>,<a_202>,<a_202><b_18>
774,DuPont Teflon Non-Stick,DuPont,other,<a_12>,<a_12><b_251>,<c_0>,<a_197>,<a_197><b_204>
775,"BOSTITCH FN1532-1M 2-Inch 15-Gauge FN Style Angled Finish Nails, 1000 per Box",BOSTITCH,gauge_meter,<a_136>,<a_136><b_128>,<c_90>,<a_42>,<a_42><b_191>
776,"Pumice Cleaning Stone (4-Pack) - High Density, Sturdy, Fine Grit (4)",Powerhouse Pumice,other,<a_119>,<a_119><b_244>,<c_206>,<a_66>,<a_66><b_28>
777,"Dynarex Tongue Depressor Senior, Sterile, 6 Inches, 100 Count",Dynarex,other,<a_208>,<a_208><b_83>,<c_136>,<a_180>,<a_180><b_4>
778,Spinbrush Truly Radiant Soft Powered Toothbrush (Colors May Vary),Spinbrush,other,<a_203>,<a_203><b_81>,<c_213>,<a_24>,<a_24><b_26>
779,"Dorman Hardware 4-9995 Magnetic Tool Bar, 16 Inch",Dorman Hardware,other,<a_2>,<a_2><b_233>,<c_96>,<a_71>,<a_71><b_229>
780,"Dynarex 2513 SafeTouch Nitrile Exam Gloves, Non-Latex, Powder Free, Large, Blue (Pack of 100)",Dynarex,other,<a_146>,<a_146><b_74>,<c_134>,<a_44>,<a_44><b_9>
781,"KitchenAid KSM8990WH 8-Quart Commercial Countertop Mixer, 10-Speed, Gear-Driven, White",KitchenAid,other,<a_246>,<a_246><b_39>,<c_163>,<a_109>,<a_109><b_231>
782,Extech 480172 AC Line Splitter,Extech,other,<a_127>,<a_127><b_32>,<c_36>,<a_36>,<a_36><b_236>
783,"3M 90128-00001, 18"" Professional Quality Non Reflective  Safety Cone, 1-Pack,3M,90128-00001"" />",3M,other,<a_35>,<a_35><b_220>,<c_115>,<a_68>,<a_68><b_204>
784,"National Hardware N100-792 15 Bar Holder in Zinc plated,",National Hardware,other,<a_111>,<a_111><b_59>,<c_216>,<a_71>,<a_71><b_34>
785,"Enerlites HET06A-White 1-5-10-15-20-30 Minutes Preset In-Wall Countdown Timer Switch, w Decorator Wall Plate, White",Enerlites,fastener,<a_196>,<a_196><b_208>,<c_24>,<a_236>,<a_236><b_6>
786,Lifegard Aquatics 3/4-Inch Double Threaded Bulkhead,Lifegard Aquatics,other,<a_166>,<a_166><b_130>,<c_0>,<a_108>,<a_108><b_123>
787,"Covidien 6818 Webcol Alcohol Prep, Sterile, Medium, 2-Ply (Pack of 200)",COVIDIEN,other,<a_106>,<a_106><b_11>,<c_40>,<a_44>,<a_44><b_98>
788,FeelGlad(TM)5pcs Titanium Step Drill Bits Set with Aluminum Case,FeelGlad,other,<a_44>,<a_44><b_83>,<c_200>,<a_224>,<a_224><b_247>
789,"Everflow 811-5 PTFE Thread Seal Tape for Plumbers, White 1/2 Inch x 520 Inch (Pack of 5 Rolls)",Everflow,tape,<a_151>,<a_151><b_183>,<c_43>,<a_79>,<a_79><b_61>
790,DayMark Stainless Steel Pocket Thermometer with Calibration Sleeve,DayMark Safety Systems,gauge_meter,<a_144>,<a_144><b_21>,<c_100>,<a_107>,<a_107><b_225>
791,Stanley 21-106 8-Inch Mill Bastard File,Stanley,other,<a_199>,<a_199><b_179>,<c_87>,<a_193>,<a_193><b_253>
792,"100pcs Solder Seal Wire Connectors, Sopoby Heat Shrink Butt Connectors, Waterproof Marine Automotive Electrical Terminals Insulated (35Red 30Blue 25White 10Yellow)",Sopoby,connector_fitting,<a_65>,<a_65><b_106>,<c_59>,<a_17>,<a_17><b_96>
793,"Yost MU360 Universal Jaw Cover, 6",Yost Tools,other,<a_72>,<a_72><b_8>,<c_172>,<a_193>,<a_193><b_60>
794,"Keeper (07512) Koastal 12' x 1-1/2"" Lashing Strap with Protective Cover, (Pack of 2)",Keeper,other,<a_210>,<a_210><b_107>,<c_56>,<a_71>,<a_71><b_225>
795,"The Hillman Group 41429 Round Head Toggle Bolt, 1/4-Inch x 4-Inch, 5-Pack",The Hillman Group,fastener,<a_250>,<a_250><b_76>,<c_33>,<a_224>,<a_224><b_47>
796,Hillman Toggle Bolt 90 Lb. 5 / Card,The Hillman Group,fastener,<a_250>,<a_250><b_84>,<c_158>,<a_224>,<a_224><b_47>
797,"Dorman Hardware 4-9327 Storage Hooks, 8-Pack",Dorman Hardware,other,<a_2>,<a_2><b_18>,<c_185>,<a_71>,<a_71><b_33>
798,PRO 1 Fuel Line Hose 5/16 Inch Inside Diameter X 25 Feet Length NRB/PVCC SAE30R6,Pro-1,connector_fitting,<a_123>,<a_123><b_113>,<c_210>,<a_228>,<a_228><b_75>
799,"Dap 18268 Roof Sealant, 10.1 oz, Black",DAP,other,<a_10>,<a_10><b_113>,<c_252>,<a_244>,<a_244><b_179>
800,"Anderson Metals 57001-0402 Brass Hose Fitting, Adapter, 1/4"" Barb x 1/8"" NPT Male Pipe",Anderson Metals,connector_fitting,<a_242>,<a_242><b_35>,<c_206>,<a_108>,<a_108><b_88>
801,"Pro Series 1400750340 6"" Caster",Pro Series,other,<a_182>,<a_182><b_34>,<c_120>,<a_52>,<a_52><b_55>
802,"4.5"" x 7/8"" Premium Zirconia Flap Discs Grinding Wheels 60 Grit Type 27-10 Pack",Benchmark Abrasives,other,<a_0>,<a_0><b_178>,<c_241>,<a_193>,<a_193><b_104>
803,Koehler Enterprises KE20BX 10 Piece Hose Clamp Box (Size SAE 20),Koehler,connector_fitting,<a_109>,<a_109><b_249>,<c_212>,<a_71>,<a_71><b_204>
804,Water & Wood 100pcs Insulated Heat Shrink Butt Wire Electrical Crimp Terminal Connector 18-22AWG,Waterwood,connector_fitting,<a_253>,<a_253><b_3>,<c_148>,<a_67>,<a_67><b_64>
805,American Weigh Scales 200WGT Carbon Steel 200gm Calibration Weight Scale with Chrome Finish,American Weigh Scales,other,<a_98>,<a_98><b_93>,<c_112>,<a_229>,<a_229><b_95>
806,"HUMCO HOLDING GROUP 303950303963 Boric Acid Powder, 6 oz.",HUMCO HOLDING GROUP,other,<a_177>,<a_177><b_3>,<c_156>,<a_150>,<a_150><b_233>
807,"M-D Building Products Available 3822 Vinyl Garage Door Top and Sides Seal, 30 Feet, White",M-D Building Products,ventilation_fan,<a_230>,<a_230><b_133>,<c_10>,<a_244>,<a_244><b_46>
808,"Loos Cableware SL1-2 Aluminum Duplex Oval Crimping Sleeve Set for 1/16"" Diameter Wire Rope (50 Piece)",Loos & Co.,gauge_meter,<a_186>,<a_186><b_161>,<c_48>,<a_67>,<a_67><b_108>
809,"Loos Cableware AN100-C4 Stainless Steel Thimble for 3/32"" and 1/8"" Diameter Wire Rope (10 Piece)",Loos & Co.,gauge_meter,<a_172>,<a_172><b_91>,<c_68>,<a_67>,<a_67><b_108>
810,"Koch 002023 1/16 by 500-Feet 7 by 7 Cable, Galvanized",Koch,other,<a_246>,<a_246><b_52>,<c_180>,<a_23>,<a_23><b_178>
811,Install Bay Copper Ring Terminal 2 Gauge 5/16 Inch 10 Pack - CUR2516,Install Bay,connector_fitting,<a_186>,<a_186><b_244>,<c_4>,<a_67>,<a_67><b_244>
812,ShipGuard 600 Ziplock Bags 6 Assorted Sizes Clear 2MIL baggies1.5x2 2x2 2x3 3x3 3x4 3x5,ShipGuard,other,<a_238>,<a_238><b_194>,<c_233>,<a_210>,<a_210><b_239>
813,"Industrial Test Systems WaterWorks 481108 Total Hardness Test Strip, 3 Second Test Time, 0-1000ppm Range (Pack of 30)",Industrial Test Systems,test_strip,<a_69>,<a_69><b_140>,<c_49>,<a_107>,<a_107><b_60>
814,"DEWALT DW4902 1-Inch by 1/4-Inch High Performance Carbon Knot Wire End Brush, 0.020-Inch Wire",DEWALT,other,<a_17>,<a_17><b_67>,<c_28>,<a_193>,<a_193><b_58>
815,"Flex-Drain ADP53102 Downspout Adaptor, Landscaping Drain Pipe Adapter 3 by 4 by 4-Inch",Flex-Drain,other,<a_45>,<a_45><b_179>,<c_25>,<a_108>,<a_108><b_92>
816,Maxline M8067 Elbow Fitting for 3/4-Inch Tubing,Maxline,connector_fitting,<a_13>,<a_13><b_193>,<c_241>,<a_108>,<a_108><b_216>
817,Maxline M8011 Equal Tee Fitting for 3/4-Inch Tubing,Maxline,connector_fitting,<a_13>,<a_13><b_85>,<c_36>,<a_108>,<a_108><b_216>
818,"Anderson Metals 38116 Red Brass Pipe Fitting, 90 Degree Street Elbow, 3/4"" Female x 3/4"" Male",Anderson Metals,connector_fitting,<a_13>,<a_13><b_161>,<c_73>,<a_108>,<a_108><b_1>
819,"Inkbird ITC-1000 Dual Stage Digital Temperature Controller Fahrenheit  Celsius Thermostat with Sensor for 3D Printer,Freezer,Fridge,Hatching ect (12 Volt)",Inkbird,3d_filament,<a_131>,<a_131><b_183>,<c_233>,<a_107>,<a_107><b_35>
820,Philips Sonicare Flexcare Platinum Connected Rechargeable Toothbrush,Philips Sonicare,other,<a_122>,<a_122><b_41>,<c_19>,<a_24>,<a_24><b_20>
821,"Apera Instruments AI209 PH20 Value Waterproof pH Pocket Tester, &plusmn;0.1 pH Accuracy, 0-14.0 pH Range, Complete Kit","Apera Instruments, LLC",other,<a_25>,<a_25><b_204>,<c_186>,<a_107>,<a_107><b_231>
822,"Anytime Tools 24 pc Wire Brush Wheel & Cup - Brass & Stainless Steel 1/8"" Shank for Rotary Tools",Anytime Tools,other,<a_17>,<a_17><b_68>,<c_182>,<a_193>,<a_193><b_76>
823,Stanley Proto J000AA 25 Blade Master Feeler Gauge Set,Proto,gauge_meter,<a_164>,<a_164><b_221>,<c_202>,<a_104>,<a_104><b_3>
824,"213C2 Karter Scientific Glass Graduated Cylinder 3 Piece Set 10, 50 & 100ml",Karter Scientific,other,<a_251>,<a_251><b_72>,<c_220>,<a_94>,<a_94><b_75>
825,TEKTON 7608 Telescoping Inspection Mirror,TEKTON,other,<a_236>,<a_236><b_158>,<c_245>,<a_180>,<a_180><b_116>
826,"M-D Building Products 2311 High Density Foam Tape, 1/2-by-3/4-Inch by 10 feet, Gray",M-D Building Products,tape,<a_83>,<a_83><b_161>,<c_110>,<a_244>,<a_244><b_0>
827,Loctite Glass Glue 2-Gram Tube (233841),Loctite,adhesive_epoxy,<a_198>,<a_198><b_57>,<c_146>,<a_165>,<a_165><b_129>
828,Liquid Nails LN903 10-Ounce Heavy-Duty Liquid Nails Construction Adhesive,Liquid Nails,adhesive_epoxy,<a_114>,<a_114><b_66>,<c_79>,<a_165>,<a_165><b_244>
829,Dynarex 2611 Safe-Touch Vinyl Exam Glove Powder Less Small Box,Dynarex,other,<a_146>,<a_146><b_144>,<c_203>,<a_44>,<a_44><b_254>
830,Stanley Hardware 75-6111 Corner Braces,National Hardware,other,<a_111>,<a_111><b_116>,<c_61>,<a_71>,<a_71><b_164>
831,"DEWALT DW8062B5 4-1/2-Inch by 0.045-Inch Metal and Stainless Cutting Wheel, 7/8-Inch Arbor, 5-Pack",DEWALT,other,<a_132>,<a_132><b_82>,<c_220>,<a_193>,<a_193><b_42>
832,"MKT Steel Conset Masonry Screw Anchor, Phillips Flat Head, 3/16"" Diameter x 2-1/4"" Length (Box of 100)",MKT,gauge_meter,<a_207>,<a_207><b_101>,<c_83>,<a_224>,<a_224><b_5>
833,WallPeg 43 Pc. Peg Board Storage System - Pegboard Hook Assortment Organizer Bins Y/B # AM 302- 2,WallPeg,other,<a_2>,<a_2><b_57>,<c_91>,<a_42>,<a_42><b_87>
834,315 Pieces Roll Pin Assortment Kit Set - SAE,FindingKing,other,<a_138>,<a_138><b_42>,<c_49>,<a_42>,<a_42><b_76>
835,"Industrial & Scientific"" />",Boltsize-It,metadata_placeholder,<a_191>,<a_191><b_49>,<c_0>,<a_15>,<a_15><b_113>
836,"RhinoGear 11912ABMI RhinoRamps MAX Vehicle Ramp - Pair (16,000lb. GVW Capacity)",RhinoGear,other,<a_73>,<a_73><b_161>,<c_188>,<a_87>,<a_87><b_242>
837,Commando Grinding Wheel Dresser with Flat Diamond Coated Surface for Truing Grinding & Deburring Wheels,"Commando Products, Inc.",other,<a_0>,<a_0><b_228>,<c_208>,<a_193>,<a_193><b_7>
838,"3M Littmann Classic II S.E. Stethoscope, Black Tube, 28 inch, 2201",3M Littmann,other,<a_18>,<a_18><b_153>,<c_5>,<a_180>,<a_180><b_186>
839,CB 7101S1 72-Pieces Blank Microscope Slides & 100-Pieces Square Cover Glass,CB,other,<a_93>,<a_93><b_48>,<c_247>,<a_14>,<a_14><b_75>
840,Santamedical Adult Deluxe Aneroid Sphygmomanometer - Professional Blood Pressure Monitor with Adult black cuff and Carrying case (Light Black),Santamedical,gauge_meter,<a_218>,<a_218><b_124>,<c_205>,<a_180>,<a_180><b_15>
841,Stainlesstown K18FWC Stainless Steel Flat Washer Assortment Kit,Stainless Town,other,<a_138>,<a_138><b_116>,<c_162>,<a_224>,<a_224><b_38>
842,Stainless Steel Hex Nut Assortment Kit,Stainless Town,fastener,<a_231>,<a_231><b_68>,<c_95>,<a_224>,<a_224><b_195>
843,"Industrial & Scientific"" />",VXB,metadata_placeholder,<a_191>,<a_191><b_34>,<c_141>,<a_15>,<a_15><b_105>
844,"Dr.meter 30V/5A DC Bench Power Supply Single-Output 110V/220V Switchable with Alligator Clip included, US 3-prong Cable,PS305DM",Dr.meter,gauge_meter,<a_220>,<a_220><b_217>,<c_198>,<a_158>,<a_158><b_60>
845,"The Hillman Group 58528 1/4 x 2-Inch Round Loop Wire Lock Pin, 4-Pack",Hillman,other,<a_172>,<a_172><b_250>,<c_138>,<a_71>,<a_71><b_160>
846,"Guardian EcoGuard Indoor Wiper Floor Mat, Recycled Plastic and Rubber, 3' x 5', Green",Guardian,other,<a_235>,<a_235><b_127>,<c_249>,<a_122>,<a_122><b_6>
847,Hi-Lift Jack ORB Off-Road Base,Hi-Lift,other,<a_73>,<a_73><b_250>,<c_167>,<a_87>,<a_87><b_174>
848,Rapidair 50200 Equal Tee Fitting with 1/2-Inch Tubing,Rapidair,connector_fitting,<a_13>,<a_13><b_8>,<c_76>,<a_108>,<a_108><b_86>
849,Neiko 53100A 4-Inch Pegboard Hooks and Organizer Assortment | 50-Piece Value Pack,Neiko,other,<a_2>,<a_2><b_68>,<c_135>,<a_71>,<a_71><b_2>
850,"HBD Thermoid NBR/PVC SAE30R6 Fuel Line Hose, 3/8"" x 25' Length, 0.375"" ID, Black",HBD Thermoid,connector_fitting,<a_165>,<a_165><b_191>,<c_235>,<a_79>,<a_79><b_169>
851,3M Aqua-Pure Whole House Replacement Water Filter &ndash; Model AP810,,other,<a_167>,<a_167><b_229>,<c_3>,<a_197>,<a_197><b_193>
852,"Sponge Neoprene 1/8"" Thick X 54"" Wide X 1&#39;",CLEVERBRAND INC.,other,<a_45>,<a_45><b_107>,<c_121>,<a_170>,<a_170><b_230>
853,"Rubbermaid Professional Plus Heavy-Duty Spray Bottle,32 fl OZ (946ml), (FG6C13PR06)",Rubbermaid,other,<a_128>,<a_128><b_200>,<c_237>,<a_150>,<a_150><b_137>
854,"Watts SVIG10 Pre-Cut 1/2-Inch Diameter by 3/8-Inch Clear Vinyl Tubing, 10-Foot Length",Watts,gauge_meter,<a_67>,<a_67><b_203>,<c_32>,<a_228>,<a_228><b_0>
855,"Scotch(R) Linerless Rubber Splicing Tape 130C, 1 in x 30 ft, Black, 1 Roll/Carton",Scotch,tape,<a_76>,<a_76><b_74>,<c_138>,<a_202>,<a_202><b_129>
856,Tesa  Wire Loom Harness Tape Used By Mercedes BMW VW Audi,Tesa,tape,<a_87>,<a_87><b_32>,<c_156>,<a_233>,<a_233><b_239>
857,"Dixon FBVG100 Brass Ball Valve, 1"" NPT Female",Dixon Valve & Coupling,other,<a_51>,<a_51><b_20>,<c_226>,<a_108>,<a_108><b_83>
858,AST Labs Test Lead Alligator Clip Heavy Duty to Alligator Clip Heavy Duty 39,AST Labs,3d_filament,<a_55>,<a_55><b_77>,<c_199>,<a_211>,<a_211><b_84>
859,E-Z Red S102 Anti-Freeze Hydrometer,E-Z Red,gauge_meter,<a_155>,<a_155><b_67>,<c_74>,<a_229>,<a_229><b_185>
860,"Oatey 30203 Dark Cutting Oil, Speed Threading, 16-Ounce",Oatey,other,<a_215>,<a_215><b_179>,<c_103>,<a_173>,<a_173><b_192>
861,"SCIGRIP 16 10315 Acrylic Cement, Low-VOC, Medium bodied, 5 Ounce Tube, Clear",SCIGRIP,other,<a_124>,<a_124><b_216>,<c_4>,<a_165>,<a_165><b_219>
862,"Watts SVGE10 Pre-Cut 3/8-Inch Diameter by 1/4-Inch Clear Vinyl Tubing, 10-Foot Length",Watts,gauge_meter,<a_67>,<a_67><b_203>,<c_31>,<a_228>,<a_228><b_0>
863,"Industrial & Scientific"" />",SEOH,metadata_placeholder,<a_49>,<a_49><b_207>,<c_17>,<a_15>,<a_15><b_10>
864,SEOH BUCHNER FUNNEL Glazed porcelain one piece 90 mm,SEOH,other,<a_1>,<a_1><b_62>,<c_192>,<a_94>,<a_94><b_28>
865,Uxcell a13041900ux0031 5 Piece Yellow Plastic Case SMPW-K-M K Type Thermocouple Wire Connector,uxcell,connector_fitting,<a_227>,<a_227><b_145>,<c_164>,<a_211>,<a_211><b_10>
866,Signstek 3 1/2 6802 II Dual Channel Digital Thermometer -58&deg;F~1022&deg;F(-50~1300&deg;C) with 2 K-Type Thermocouple Sensor Probe,Signstek,gauge_meter,<a_16>,<a_16><b_213>,<c_200>,<a_211>,<a_211><b_155>
867,Uxcell -100-1250C 13 mm Thread 5mm Probe K Type Thermocouple Temperature Sensor,uxcell,other,<a_227>,<a_227><b_192>,<c_211>,<a_211>,<a_211><b_168>
868,Noga MC1700 Mini-Cool KIT (1),Noga,other,<a_3>,<a_3><b_165>,<c_68>,<a_52>,<a_52><b_173>
869,"Gardner Bender GSW-16  Heavy-Duty Electrical Toggle Switch, DPDT, ON-(OFF)-ON, 20 A/125V AC, Screw Terminal",Gardner Bender,connector_fitting,<a_205>,<a_205><b_109>,<c_50>,<a_236>,<a_236><b_106>
870,"Gardner Bender GSW-111  Electrical Long Bat Handle Toggle Switch, SPST, ON-OFF, 20 A/125V AC,  Screw Terminal",Gardner Bender,connector_fitting,<a_205>,<a_205><b_37>,<c_202>,<a_236>,<a_236><b_106>
871,MEECO'S RED DEVIL 121 Furnace Cement and Fireplace Mortar,MEECO'S RED DEVIL,other,<a_207>,<a_207><b_148>,<c_187>,<a_79>,<a_79><b_13>
872,"Shop-Vac 8018200 2.5-Inch Deluxe Pick-Up Accessory Kit Multifunction Conversion Set with Nozzles, Wands, Hoses & Tools",Shop-Vac,connector_fitting,<a_19>,<a_19><b_27>,<c_218>,<a_24>,<a_24><b_173>
873,Ajent Citric Acid 100% Pure Food Grade Non-GMO (Approved for Organic Foods) 5 Pound,Ajent,other,<a_12>,<a_12><b_184>,<c_4>,<a_206>,<a_206><b_204>
874,Parts Express 3A Variable Transformer AC Power 0-130 VAC,Parts Express,other,<a_190>,<a_190><b_140>,<c_102>,<a_30>,<a_30><b_7>
875,Big Horn 19053C 3 Pieces 8-Inch Spring Caliper / Divider Set,Big Horn,gauge_meter,<a_164>,<a_164><b_137>,<c_19>,<a_104>,<a_104><b_248>
876,"Mitutoyo 500-196-30 Advanced Onsite Sensor (AOS) Absolute Scale Digital Caliper, 0 to 6""/0 to 150mm Measuring Range, 0.0005""/0.01mm Resolution, LCD",Mitutoyo,gauge_meter,<a_192>,<a_192><b_172>,<c_98>,<a_17>,<a_17><b_180>
877,"Acetal Copolymer Round Rod, Opaque Black, Standard Tolerance, ASTM D6778, 3"" Diameter, 6"" Length",Small Parts,gauge_meter,<a_185>,<a_185><b_146>,<c_86>,<a_251>,<a_251><b_204>
878,"Mitutoyo 293-340 Digimatic Outside Micrometer, 0-1"" Range, 0.00005""/0.001mm Resolution, IP65, No Output, with Ratchet",Mitutoyo,gauge_meter,<a_192>,<a_192><b_115>,<c_43>,<a_17>,<a_17><b_180>
879,"Nicholson 4 Piece Thread Repair File Set, Single Cut, Square Shape, Fine, 8-3/8"" Length",Apex Tool Group,other,<a_26>,<a_26><b_101>,<c_159>,<a_42>,<a_42><b_90>
880,DEWALT DCT410S1 12V MAX Inspection Camera Kit,DEWALT,other,<a_148>,<a_148><b_47>,<c_72>,<a_24>,<a_24><b_250>
881,"Cast Acrylic Sheet, Clear, 12"" x 12"" x 0.118"" Size",Small Parts,other,<a_67>,<a_67><b_108>,<c_169>,<a_79>,<a_79><b_194>
882,DEWALT DW8308 4-1/2-Inches x 7/8-Inches 60 Grit Zirconia Angle Grinder Flap Disc,DEWALT,other,<a_132>,<a_132><b_159>,<c_93>,<a_193>,<a_193><b_67>
883,Ancor Marine Grade Electrical Heat Activated Adhesive Lined Shrink Tubing,Ancor,adhesive_epoxy,<a_249>,<a_249><b_185>,<c_84>,<a_228>,<a_228><b_127>
884,"UHMW (Ultra High Molecular Weight Polyethylene) Round Rod, Opaque Off-White, Standard Tolerance, ASTM D4020-01, 1"" Diameter, 48"" Length",Small Parts,gauge_meter,<a_185>,<a_185><b_11>,<c_226>,<a_251>,<a_251><b_199>
885,"Corning Pyrex 5 Piece Glass Graduated Low Form Griffin Beaker Assortment Pack, with Double Scale",Corning,other,<a_86>,<a_86><b_20>,<c_92>,<a_94>,<a_94><b_144>
886,"O1 Tool Steel Round Rod, Annealed/Precision Ground, ASTM A681, 0.359375"" Diameter, 36"" Length",Small Parts,gauge_meter,<a_96>,<a_96><b_255>,<c_133>,<a_17>,<a_17><b_200>
887,Milwaukee Instruments PH600AQ Ph Tester With 1 Point Manual Calibration,Milwaukee,test_strip,<a_25>,<a_25><b_116>,<c_134>,<a_107>,<a_107><b_111>
888,SEOH Erlenmeyer Flask Set 50 125 250 500 and 1000ml,SEOH,other,<a_86>,<a_86><b_104>,<c_68>,<a_94>,<a_94><b_26>
889,Hornady 9991 One Shot Spray Case Lube with DynaGlide Plus (5 fl Oz Aerosol),Hornady,other,<a_34>,<a_34><b_231>,<c_89>,<a_173>,<a_173><b_25>
890,Octave Tool Kit A for 3D Printer,Octave,3d_filament,<a_126>,<a_126><b_56>,<c_93>,<a_91>,<a_91><b_27>
891,Filament Outlet Green PLA 1.75mm 3D Printer Filament 1kg (2.2lbs) spool USA,Filament Outlet,3d_filament,<a_58>,<a_58><b_7>,<c_13>,<a_223>,<a_223><b_120>
892,Filament Outlet Black PLA 1.75mm 3D Printer Filament 1kg (2.2lbs) spool USA,Filament Outlet,3d_filament,<a_58>,<a_58><b_7>,<c_8>,<a_223>,<a_223><b_31>
893,STM Stainless Tumbling Media - 5 lbs - Ammo Reloading Supplies,STM,other,<a_138>,<a_138><b_27>,<c_245>,<a_159>,<a_159><b_76>
894,"Gizmo Dorks Kapton Tape for 3D Printers 6.25"" x 100'",Gizmo Dorks,3d_filament,<a_229>,<a_229><b_65>,<c_66>,<a_233>,<a_233><b_119>
895,Grizzly G8748 Hand Tapping Machine,Grizzly,other,<a_228>,<a_228><b_234>,<c_138>,<a_159>,<a_159><b_159>
896,"MG Chemicals Ferric Chloride Copper Etchant Solution, 4L Liquid Bottle",MG Chemicals,other,<a_47>,<a_47><b_9>,<c_82>,<a_173>,<a_173><b_150>
897,"PORTER-CABLE NS18Pp 18 Gauge Narrow Crown Staple Project Pack, 900 Count, Various Sizes",PORTER-CABLE,gauge_meter,<a_136>,<a_136><b_34>,<c_52>,<a_42>,<a_42><b_226>
898,Personalized Office Name Plate With Wall or Desk Holder - 2x8 - CUSTOMIZE,Lasercrafting,other,<a_81>,<a_81><b_33>,<c_157>,<a_71>,<a_71><b_143>
899,Extech 480823 Extremely Low Frequency Electromagnetic Field Meter,Extech Instruments,gauge_meter,<a_31>,<a_31><b_173>,<c_26>,<a_36>,<a_36><b_20>
900,Cell Sensor EMF Detection Meter,Technology Alternatives Corporation,gauge_meter,<a_31>,<a_31><b_85>,<c_136>,<a_36>,<a_36><b_157>
901,"LA-CO Plumbset Professional Plumbers' Putty, 5 lbs",La-Co,other,<a_10>,<a_10><b_231>,<c_206>,<a_170>,<a_170><b_248>
902,"100 Poly Bag Zipper Resealable Plastic Shipping Bags 6"" x 9",FindingKing,other,<a_238>,<a_238><b_211>,<c_11>,<a_210>,<a_210><b_54>
903,SE CBC300B Cone-Shaped Cloth Polishing Buff,SE,other,<a_97>,<a_97><b_68>,<c_56>,<a_24>,<a_24><b_242>
904,Hot Max 26009 Reducing Bushings for 3/4-Inch and 1-Inch Wide Wheels,Hot Max,other,<a_212>,<a_212><b_71>,<c_72>,<a_251>,<a_251><b_130>
905,uxcell Adjustable 9mm-16mm Metal Worm Gear Hose Clamps 20 Pcs,uxcell,connector_fitting,<a_109>,<a_109><b_35>,<c_28>,<a_71>,<a_71><b_236>
906,ATD Tools 350 555-Piece Cotter Pin Assortment,ATD,other,<a_172>,<a_172><b_108>,<c_142>,<a_71>,<a_71><b_208>
907,"Century Drill and Tool 76423 Fine Drill Radial Wire Brush, 2-1/2-Inch",Century Drill & Tool,other,<a_17>,<a_17><b_216>,<c_1>,<a_193>,<a_193><b_104>
908,"Kreg SML-C150-100 Pocket Screws 1-1/2-Inch, 8 Coarse, Washer-Head, 100-Count",Kreg,fastener,<a_130>,<a_130><b_243>,<c_197>,<a_224>,<a_224><b_163>
909,"Kreg SML-C250-50 2-1/2-Inch #8 Coarse Washer-Head Pocket Screws, 50 Count",Kreg,fastener,<a_130>,<a_130><b_141>,<c_74>,<a_224>,<a_224><b_172>
910,"Kreg SML-C150B-100 Blue-Kote WR Pocket Screws - 1-1/2-Inch, 100 pack",Kreg,fastener,<a_130>,<a_130><b_200>,<c_122>,<a_224>,<a_224><b_163>
911,"PH 1-14 Test Paper Litmus Strips Tester, Universal Application for Saliva Urine Water Soil Testing, 80pcs",LuckyStone,test_strip,<a_69>,<a_69><b_134>,<c_179>,<a_94>,<a_94><b_166>
912,uxcell AC 600V 10A Red Mushroom Emergency Stop Push Button Switch 22mm NO NC,uxcell,other,<a_196>,<a_196><b_185>,<c_152>,<a_236>,<a_236><b_234>
913,"Housing Bracket for Big blue 10"" and 20"" filter housings",Watts,other,<a_216>,<a_216><b_132>,<c_216>,<a_71>,<a_71><b_65>
914,"The Hillman Group 591518 Small Machine Screws with Nuts Assortment, 195-Pack",Hillman,fastener,<a_6>,<a_6><b_214>,<c_68>,<a_224>,<a_224><b_77>
915,"Large 4"" Angle Welding Magnet Support Jig Holder (4-Pack)",EZ Travel Collection,other,<a_111>,<a_111><b_135>,<c_181>,<a_104>,<a_104><b_5>
916,"Stanley Hardware S756-104 1inch CD997 Corner Brace, Zinc Plated",National Hardware,other,<a_111>,<a_111><b_161>,<c_37>,<a_71>,<a_71><b_164>
917,Reliable Hardware Company RH-5112BO-A 1/2-Inch Wood Screw with Black Oxide and Wax,Reliable Hardware Company,fastener,<a_162>,<a_162><b_29>,<c_142>,<a_224>,<a_224><b_44>
918,"Stanley Hardware S802-221 CD997 Corner Brace in Satin Brass Tone, 4 pack",National Hardware,other,<a_111>,<a_111><b_161>,<c_165>,<a_71>,<a_71><b_164>
919,"Flex Seal Spray Rubber Sealant Coating, 14-oz, Clear",Flex Seal,other,<a_114>,<a_114><b_11>,<c_244>,<a_244>,<a_244><b_1>
920,Oral-B Professional Healthy Clean + Sensitive Gum Care Precision 3000 Rechargeable Electric Toothbrush,Oral-B,other,<a_57>,<a_57><b_74>,<c_7>,<a_197>,<a_197><b_165>
921,BAFX Products&Acirc; - Decibel Meter/Sound Level Reader - W/Battery!,BAFX Products,ventilation_fan,<a_141>,<a_141><b_95>,<c_252>,<a_158>,<a_158><b_165>
922,"Shop Vac 906-87-00 Universal Tool Adapter, Pack of 1",Shop Vac,other,<a_19>,<a_19><b_8>,<c_246>,<a_159>,<a_159><b_233>
923,"#1 Best Quality Wood Screw Assortment Kit, 240 Pieces",Qualihome,fastener,<a_33>,<a_33><b_221>,<c_208>,<a_224>,<a_224><b_63>
924,"Loctite 234796-6 Super Glue Liquid, 10g Longneck Bottles (Case of 6)",Loctite,adhesive_epoxy,<a_128>,<a_128><b_154>,<c_104>,<a_165>,<a_165><b_210>
925,"PAC Strapping SP-P-AMZ Plastic Strapping Kit, 3000' Length x 1/2"" Wide, 300 Plastic Buckles & Tensioner Tool, Black",PAC Strapping Products,other,<a_175>,<a_175><b_169>,<c_119>,<a_68>,<a_68><b_61>
926,"Dap 00272 Original Contact Cement Qt Raw Building Material, Tan",DAP,other,<a_10>,<a_10><b_193>,<c_227>,<a_244>,<a_244><b_112>
927,"HDPE (High Density Polyethylene) Round Rod, Opaque Off-White, Standard Tolerance, ASTM D4976, 3/4"" Diameter, 24"" Length",Small Parts,gauge_meter,<a_185>,<a_185><b_215>,<c_72>,<a_251>,<a_251><b_199>
928,"Seaboard High Density Polyethylene Sheet, Matte Finish, 1/2"" Thick, 12"" Length x 24"" Width, Black",Vycom,other,<a_27>,<a_27><b_1>,<c_107>,<a_79>,<a_79><b_179>
929,Ridgid VF4200 Genuine Replacement 1-Layer Everyday Dirt Wet/Dry Vac Filter for Ridgid 5-20 Gallon Vacuums (2 pack VF4000),Ridgid,other,<a_176>,<a_176><b_252>,<c_188>,<a_109>,<a_109><b_7>
930,"Refrigeration Copper Tubing, 1/8"" x 50'",Cardel Industries,other,<a_165>,<a_165><b_239>,<c_47>,<a_228>,<a_228><b_232>
931,"Rutland 96N-6 Grapho-Glas Rope Gasket Replacement Kit, 1/2-Inch by 7-Feet",Rutland Products,other,<a_45>,<a_45><b_32>,<c_117>,<a_170>,<a_170><b_242>
932,"Westward 5NNT9 Rivet Washer, Alum, Rnd, 1/8 x3/8 In, Pk 500",Westward,other,<a_188>,<a_188><b_213>,<c_219>,<a_17>,<a_17><b_105>
933,"Hillman 290042 Fender Zinc Washer, 1/2-Inch x 2-Inch, 100 Piece",Hillman,other,<a_153>,<a_153><b_8>,<c_104>,<a_224>,<a_224><b_209>
934,Anytime Tools 40' HEAT SHRINK LARGE BLACK TUBING WRAP SLEEVES WIRE,Anytime Tools,other,<a_32>,<a_32><b_113>,<c_133>,<a_228>,<a_228><b_187>
935,Mighty Mag Magnetic Base,RSC,other,<a_149>,<a_149><b_130>,<c_97>,<a_251>,<a_251><b_65>
936,"Paslode 650230 1-1/4-Inch by 16 Gauge 20 Degree Angled Galvanized Finish Nail (2,000 per Box)",Paslode,gauge_meter,<a_136>,<a_136><b_179>,<c_161>,<a_42>,<a_42><b_44>
937,"Covidien 5750 Curity Alcohol Prep, Sterile, Medium, 2-ply (Pack of 200)",COVIDIEN,other,<a_106>,<a_106><b_11>,<c_127>,<a_44>,<a_44><b_98>
938,Cord Grommet 1-1/2 (5 Pack) 11037bk by Bainbridge,Bainbridge,other,<a_223>,<a_223><b_86>,<c_159>,<a_71>,<a_71><b_70>
939,Dophee 10Pcs 240 Grit Flap Sanding Wheel Head Grinding Disc & 3mm Arbor for Rotary Tool,dophee,other,<a_0>,<a_0><b_33>,<c_229>,<a_193>,<a_193><b_47>
940,"New 10 Pieces Tungsten Carbide Rotary Burr SET 1/8'' Shank Fit Dremel Tools for DIY Woodworking, Carving, Engraving, Drilling",Carving Expert,other,<a_78>,<a_78><b_175>,<c_178>,<a_193>,<a_193><b_78>
941,Shop-Vac Corp 3Pk Reuse Dry Filt Disc 90107-19 Wet/Dry Vac Filters & Bags,Shop-Vac,other,<a_154>,<a_154><b_238>,<c_238>,<a_109>,<a_109><b_134>
942,213S3 Karter Scientific 30ml Amber Glass Dropping Bottle With Glass Dropper,Karter Scientific,other,<a_226>,<a_226><b_251>,<c_106>,<a_17>,<a_17><b_78>
943,2 fl oz Amber Glass Bottle with Glass Dropper (Single),GreenHealth,other,<a_112>,<a_112><b_4>,<c_1>,<a_150>,<a_150><b_122>
944,"General Hydroponics PH Test Kit, 1-Ounce",General Hydroponics,test_strip,<a_69>,<a_69><b_171>,<c_50>,<a_94>,<a_94><b_166>
945,Science Purchase INSTANT Single Panel Drug Test Kit - Test For THC (marijuana) - 10 pk,Newmed,other,<a_69>,<a_69><b_16>,<c_34>,<a_94>,<a_94><b_190>
946,"Crest Cavity Protection Toothpaste, 6.4 Ounce (Pack of 6)",Crest,other,<a_15>,<a_15><b_165>,<c_43>,<a_66>,<a_66><b_48>
947,"Bamboo Active Charcoal Toothpaste, Highest quality ingredients, Natural Bamboo Charcoal, Enamel-safe, Achieve professional-level teeth whitening (Mint Flavor)",Gemmaz,other,<a_15>,<a_15><b_53>,<c_220>,<a_66>,<a_66><b_182>
948,Audioengine D1 24-bit Digital-to-Analog Converter,Audioengine,other,<a_141>,<a_141><b_5>,<c_111>,<a_158>,<a_158><b_27>
949,"Supco 90290 General Purpose Fan Relay, 4 A Load Current, 24 V Coil Voltage, Single Pole Single Throw Contacts",Supco,ventilation_fan,<a_217>,<a_217><b_95>,<c_176>,<a_236>,<a_236><b_237>
950,"X-Treme Tape TPE-XZLCLR Silicone Rubber Self Fusing Tape, 1"" x 10', Triangular, Clear",X-Treme Tape,tape,<a_179>,<a_179><b_162>,<c_14>,<a_202>,<a_202><b_198>
951,"Install Bay RVBC 22/18-Gauge Vinyl Connector, Red (100-Bag)",Install Bay,connector_fitting,<a_223>,<a_223><b_227>,<c_164>,<a_67>,<a_67><b_140>
952,Uxcell a14041500ux1277 10Pairs Black Red 13cm JST SM 2Pins Jack Male to F (Pack of 20),uxcell,other,<a_160>,<a_160><b_39>,<c_10>,<a_23>,<a_23><b_60>
953,"Remington Industries 22UL1007STRBLA UL1007 22 AWG Gauge Stranded Hook-Up Wire, 300V, 0.0253"" Diameter, 100' Length, Black",Remington Industries,gauge_meter,<a_254>,<a_254><b_127>,<c_236>,<a_67>,<a_67><b_152>
954,"Remington Industries 22UL1007STRRED UL1007 22 AWG Gauge Stranded Hook-Up Wire, 300V, 0.0253"" Diameter, 100' Length, Red",Remington Industries,gauge_meter,<a_254>,<a_254><b_127>,<c_23>,<a_67>,<a_67><b_152>
955,"Remington Industries 22UL1007STRWHI UL1007 22 AWG Gauge Stranded Hook-Up Wire, 300V, 0.0253"" Diameter, 100' Length, White",Remington Industries,gauge_meter,<a_254>,<a_254><b_127>,<c_20>,<a_67>,<a_67><b_152>
956,Uxcell a13081500ux0353 20 Piece 50-100K Ohm Photoresistor Photo Resistors Light-Dependent Resistance,uxcell,other,<a_30>,<a_30><b_5>,<c_242>,<a_73>,<a_73><b_37>
957,"Remington Industries 22UL1007STRYEL UL1007 22 AWG Gauge Stranded Hook-Up Wire, 300V, 0.0253"" Diameter, 100' Length, Yellow",Remington Industries,gauge_meter,<a_254>,<a_254><b_127>,<c_206>,<a_67>,<a_67><b_152>
958,"Bob Smith Industries BSI-109 Insta-Cure Gap Filling, 8 oz.",Bob Smith Industries,other,<a_158>,<a_158><b_172>,<c_151>,<a_99>,<a_99><b_219>
959,"American Weigh Scales Calibration Weight Kit WGHTKIT, Class M2",American Weigh,other,<a_98>,<a_98><b_211>,<c_252>,<a_229>,<a_229><b_238>
960,"Liberty Oil, the Best 100% Synthetic Oil for Lubricating Your Grandfather Clocks",Liberty Oil,other,<a_215>,<a_215><b_238>,<c_232>,<a_173>,<a_173><b_240>
961,"Fluke TL71 Premium Test Lead Set, Right Angle",Fluke,other,<a_7>,<a_7><b_184>,<c_148>,<a_197>,<a_197><b_99>
962,Yobett Large Plastic 100ml Syringe +120cm (47in) handy plastic tubing,YOBETT,other,<a_38>,<a_38><b_41>,<c_8>,<a_150>,<a_150><b_130>
963,"Yellow Jacket 78060 Complete Test Kit, 0-35"" W.C",Yellow Jacket Ritchie,other,<a_134>,<a_134><b_203>,<c_184>,<a_153>,<a_153><b_115>
964,"Yellow Jacket 41123 1/4 inch Liquid Charge Adapter,",Yellow Jacket,other,<a_46>,<a_46><b_130>,<c_78>,<a_52>,<a_52><b_218>
965,"ZFE 42Pcs Brass Steel Wire Brush Polishing Wheels Full kit for Proxxon Dremel Rotary Tools Do Sanding,Polishing",ZFE,other,<a_17>,<a_17><b_255>,<c_57>,<a_193>,<a_193><b_230>
966,Ridgid WD1450 14-Gallon 6-Horsepower Wet/Dry Vacuum,Ridgid,other,<a_176>,<a_176><b_251>,<c_176>,<a_24>,<a_24><b_11>
967,"Forney 72755 Wire Cup Brush, Coarse Crimped with 5/8-Inch-11 Threaded Arbor, 2-3/4-Inch-by-.014-Inch",Forney,other,<a_17>,<a_17><b_140>,<c_0>,<a_193>,<a_193><b_178>
968,"Forney 72788 Wire Wheel Brush, Coarse Crimped with 5/8-Inch-11 Threaded Arbor, 4-Inch-by-.014-Inch",Forney,other,<a_17>,<a_17><b_211>,<c_211>,<a_193>,<a_193><b_178>
969,DEWALT DW4901 1-Inch Crimped End Wire Brush,DEWALT,other,<a_17>,<a_17><b_110>,<c_215>,<a_193>,<a_193><b_201>
970,Wixey WR25 Mini Digital Height Gauge,Wixey,gauge_meter,<a_181>,<a_181><b_70>,<c_89>,<a_104>,<a_104><b_25>
971,"IIT 82077 36 Grit 3"" Sanding Discs, 25 Pack",IIT,other,<a_0>,<a_0><b_73>,<c_229>,<a_193>,<a_193><b_196>
972,"CRC 03040 Food Grade Silicone Lubricant, (Net Weight: 10 oz) 16oz Aerosol , Clear/White",CRC,other,<a_41>,<a_41><b_238>,<c_140>,<a_173>,<a_173><b_9>
973,"Neiko 20713A Digital Tachometer, Non Contact Laser Photo | 2.5 - 99,999 RPM Accuracy | Batteries Included",Neiko,gauge_meter,<a_181>,<a_181><b_33>,<c_210>,<a_104>,<a_104><b_142>
974,Sportsman Series TOW14 14' Utility Chain,Sportsman Series,other,<a_210>,<a_210><b_245>,<c_164>,<a_87>,<a_87><b_239>
975,"X-Treme Tape TPE-XZLB Silicone Rubber Self Fusing Tape, 1"" x 10', Triangular, Black",X-Treme Tape,tape,<a_179>,<a_179><b_162>,<c_43>,<a_202>,<a_202><b_198>
976,Rectorseal 25631 4-Ounce No. 5 Pipe Thread Sealant,Rectorseal,other,<a_75>,<a_75><b_73>,<c_157>,<a_244>,<a_244><b_151>
977,"Uriah Products UV001970 17-1/2"", Vinyl Battery Carrier Strap",Uriah Products,ventilation_fan,<a_160>,<a_160><b_105>,<c_102>,<a_23>,<a_23><b_84>
978,WD-40 490050 Multi-Use Lubricant Smart Straw Spray 12 OZ (Pack of 1),WD-40,other,<a_34>,<a_34><b_81>,<c_118>,<a_173>,<a_173><b_197>
979,"Anderson Metals Brass Threaded Pipe Fitting, Hex Bushing, 3/4"" Male x 1/2"" Female",Anderson Metals,connector_fitting,<a_242>,<a_242><b_116>,<c_29>,<a_108>,<a_108><b_133>
980,"Anderson Metals Brass Pipe Fitting, Adapter, 1/8"" Male Pipe x 1/8"" Female Pipe",Anderson Metals,connector_fitting,<a_242>,<a_242><b_89>,<c_52>,<a_108>,<a_108><b_3>
981,"3M Flap Disc 566A, T29, 4-1/2"" Diameter, 40 Grit, 5/8""-11 Thread (Pack of 1)",Cubitron,gauge_meter,<a_204>,<a_204><b_73>,<c_80>,<a_17>,<a_17><b_174>
982,"Schaeffer Manufacturing Co. 0190-011S Penetro 90, 13 oz.",Schaeffer Manufacturing Co,other,<a_215>,<a_215><b_178>,<c_123>,<a_173>,<a_173><b_16>
983,"3M(TM) Cubitron(TM) II Flap Disc 967A, T29 Giant (Multiple Sizes and Grit Types)",,other,<a_0>,<a_0><b_6>,<c_136>,<a_193>,<a_193><b_104>
984,"ARM & HAMMER Spinbrush Pro Series Ultra White Toothbrush, Medium 1 ea",Spinbrush,other,<a_66>,<a_66><b_185>,<c_5>,<a_24>,<a_24><b_227>
985,3000 Pentagon Tools Professional Quality Foot Lifter For Drywall And Sheetrock Panels Amazing Mini-Lifter,Pentagon Tools,other,<a_28>,<a_28><b_198>,<c_17>,<a_87>,<a_87><b_70>
986,Stanley 93-301 14-Inch Yellow Panel Carry Handle,Stanley,other,<a_68>,<a_68><b_233>,<c_180>,<a_87>,<a_87><b_161>
987,wall26 Reflective Student Driver Magnetic Car Signs(Set of 3) Safety Caution Sign,wall26,other,<a_188>,<a_188><b_160>,<c_166>,<a_206>,<a_206><b_62>
988,"Lake Charles Manufacturing 201A5 Plastic Test Tubes with Caps, Clear (Pack of 10)",Lake Charles Manufacturing,other,<a_201>,<a_201><b_141>,<c_97>,<a_94>,<a_94><b_61>
989,"Weldon 10167 Aqua Blue 725 Medium-Bodied Wet 'R Dry Pvc Professional Industrial-Grade Cement Extremely Fast-Setting Low-Voc, 1/2 pint, Aqua Blue",Weldon,other,<a_207>,<a_207><b_147>,<c_1>,<a_173>,<a_173><b_181>
990,"Plastic Dropping Bottles, 30ml, 12 pack",MHB,other,<a_226>,<a_226><b_44>,<c_202>,<a_206>,<a_206><b_144>
991,"Pro Gaffer Gaffers Tape, 2 in x 55 yd, Black",Pro Tapes,tape,<a_59>,<a_59><b_58>,<c_14>,<a_202>,<a_202><b_25>
992,"Hillman 122062 Galvanized Solid Wire 9 Gauge, 50 foot coil",Hillman,gauge_meter,<a_186>,<a_186><b_186>,<c_132>,<a_71>,<a_71><b_86>
993,"Avery Shipping Tags, Reinforced Hole, Manila, Pack of 100, 4.75 x 2.375 Inches (11005)",Avery,other,<a_21>,<a_21><b_199>,<c_171>,<a_68>,<a_68><b_105>
994,"Dynarex Tongue Depressor, Senior, 6 Inches, Non-Sterile, 500 Count",Dynarex,other,<a_208>,<a_208><b_195>,<c_225>,<a_52>,<a_52><b_210>
995,"TRM Manufacturing 61025C Weatherall Visqueen Plastic Sheeting, Drop Cloth 10' Wide x 25' Length x 6.0 mil Thickness, Opaque/Translucent",TRM Manufacturing,other,<a_35>,<a_35><b_10>,<c_216>,<a_68>,<a_68><b_39>
996,"1/4"" Closed Cell Backer Rod - 100 ft Roll",C.R. Laurence,other,<a_45>,<a_45><b_27>,<c_245>,<a_244>,<a_244><b_249>
997,"The Hillman Group 4839 1/8 Wire Rope Clip, 10-Pack",The Hillman Group,other,<a_109>,<a_109><b_51>,<c_56>,<a_71>,<a_71><b_46>
998,TEKTON 7609 Telescoping Lighted Inspection Mirror,TEKTON,other,<a_236>,<a_236><b_158>,<c_142>,<a_180>,<a_180><b_116>
999,Curt Manufacturing 28276 Towing Wiring,Curt Manufacturing,other,<a_73>,<a_73><b_1>,<c_87>,<a_87>,<a_87><b_77>
1000,Tow Tuff Adjustable Trailer Dolly with Caster,Tow Tuff,other,<a_52>,<a_52><b_18>,<c_0>,<a_87>,<a_87><b_162>
1001,"Pro Grip 822640 Surface Mount Tie Down Ring, Pack of 8",Pro Grip,other,<a_210>,<a_210><b_84>,<c_6>,<a_71>,<a_71><b_252>
1002,"Rubbermaid Commercial Products FG267360BLUE Slim Jim Trash Can, Swing Lid, Blue",Rubbermaid Commercial Products,ventilation_fan,<a_214>,<a_214><b_0>,<c_149>,<a_210>,<a_210><b_98>
1003,"Anderson Metals Brass Hose Fitting, 90 Degree Elbow, 3/8"" Barb x 1/2"" Male Pipe",Anderson Metals,connector_fitting,<a_13>,<a_13><b_101>,<c_206>,<a_108>,<a_108><b_1>
1004,General Tools 714 Quick Check Screw Gage,General Tools Mfg Co In,fastener,<a_24>,<a_24><b_23>,<c_67>,<a_104>,<a_104><b_64>
1005,"3M 9089NA Drywall Sanding Screen, 4 3/16in x 11 1/4 in, 2-Sheet Fine-Grit",3M,other,<a_207>,<a_207><b_160>,<c_60>,<a_68>,<a_68><b_6>
1006,"Industrial & Scientific"" />",Osborn International,metadata_placeholder,<a_191>,<a_191><b_176>,<c_0>,<a_15>,<a_15><b_118>
1007,"6"" Cup Brush, Nylon Filament, 5/8""-11 Thread, 2500 max.RPM",Langeman,3d_filament,<a_167>,<a_167><b_157>,<c_163>,<a_17>,<a_17><b_213>
1008,"3M Virtua CCS Protective Eyewear 11872-00000-20, Foam Gasket, Anti Fog Lens, Clear",,other,<a_35>,<a_35><b_199>,<c_130>,<a_180>,<a_180><b_11>
1009,"Scott Kimberly-Clark 75190 Shop Towels, 10"" x 12"", Blue",Scott,other,<a_60>,<a_60><b_63>,<c_133>,<a_206>,<a_206><b_233>
1010,"Medline MDS2584H SensiCare Silk Nitrile Exam Gloves with Smartguard Film, Small, Blue (Pack of 250)",Medline,other,<a_146>,<a_146><b_165>,<c_186>,<a_44>,<a_44><b_130>
1011,"Parts Express #6 x 3/4"" Deep Thread Pan Head Screws Black 100 Pcs. (1)",Parts Express,fastener,<a_130>,<a_130><b_170>,<c_4>,<a_224>,<a_224><b_211>
1012,"4.5"" x 7/8"" Premium High Density Jumbo Zirconia Type 29 Flap Disc 40 Grit - 10 Pack",Benchmark Abrasives,other,<a_84>,<a_84><b_55>,<c_138>,<a_17>,<a_17><b_220>
1013,"Homewerks VCK-P40-E4B In-Line Check Valve, Solvent x Solvent, PVC Schedule 40, 3/4-Inch",Homewerks,other,<a_51>,<a_51><b_166>,<c_20>,<a_108>,<a_108><b_157>
1014,"NIBCO 436 Series PVC Pipe Fitting, Adapter, Schedule 40, 1-1/2"" Slip x NPT Male",Nibco,connector_fitting,<a_13>,<a_13><b_152>,<c_160>,<a_108>,<a_108><b_153>
1015,"NIBCO 406 Series PVC Pipe Fitting, 90 Degree Elbow, Schedule 40, 1-1/2"" Slip",Nibco,connector_fitting,<a_13>,<a_13><b_152>,<c_59>,<a_108>,<a_108><b_199>
1016,"Banjo HB100 Polypropylene Hose Fitting, Adapter, 1"" NPT Male x 1"" Barbed",Banjo Corp,connector_fitting,<a_109>,<a_109><b_190>,<c_9>,<a_108>,<a_108><b_201>
1017,"Spears 439 Series PVC Pipe Fitting, Bushing, Schedule 40, 2"" NPT Male x 1"" NPT Female",Spears Manufacturing,connector_fitting,<a_13>,<a_13><b_162>,<c_40>,<a_108>,<a_108><b_153>
1018,"Nicholson 5 Piece Hand File Set with Ergonomic Handles, American Pattern, 6"" Length, (2)-8"" length, (2)-10"" length",Apex Tool Group,other,<a_26>,<a_26><b_27>,<c_213>,<a_193>,<a_193><b_240>
1019,"Oatey 30200 Clear Cutting Oil, Hand Threads, 16-Ounce",Oatey,other,<a_215>,<a_215><b_55>,<c_103>,<a_173>,<a_173><b_192>
1020,Weiler Brush 4-Piece Drill Accessory Kit,Weiler,other,<a_17>,<a_17><b_227>,<c_29>,<a_193>,<a_193><b_44>
1021,GAVAN M14 x 1.5 Metric Taper and Plug Tap 14mm,GAVAN,tape,<a_202>,<a_202><b_170>,<c_23>,<a_224>,<a_224><b_215>
1022,"Forney 72747 Wire Bench Wheel Brush, Fine Crimped with 1/2-Inch and 5/8-Inch Arbor, 6-Inch-by-.008-Inch",Forney,other,<a_17>,<a_17><b_36>,<c_133>,<a_193>,<a_193><b_178>
1023,"Camco 22223 Drain Valve - 3/8"" or 1/2"" Dual Barb with Flange",Camco,other,<a_166>,<a_166><b_18>,<c_176>,<a_108>,<a_108><b_47>
1024,Lehigh Group-Crawford 18025 25PK Peg Locks,CRAWFORD PROD DIV OF JARDEN SAFETY,other,<a_2>,<a_2><b_213>,<c_243>,<a_71>,<a_71><b_188>
1025,Install Bay Copper Ring Terminal Connector 8 Gauge 5/16 Inch 25 Pack - CUR8516,Install Bay,connector_fitting,<a_186>,<a_186><b_244>,<c_88>,<a_67>,<a_67><b_244>
1026,"Install Bay RVBC825 Red Vinyl Butt Connector 8-Gauge, 25-Bag",Install Bay,connector_fitting,<a_223>,<a_223><b_70>,<c_186>,<a_67>,<a_67><b_140>
1027,B and K Industries D08050P 1/2-Inch OD by 50-Feet Copper Tubing,Mueller,other,<a_165>,<a_165><b_132>,<c_252>,<a_228>,<a_228><b_114>
1028,"Emergency Repair Tape, Self-Fusing Silicone Tape, 12' x 1"", Red",ER Tape,tape,<a_179>,<a_179><b_100>,<c_140>,<a_202>,<a_202><b_202>
1029,Lazer Bond - Liquid Resin That Seals in Only 3 Seconds,Lazer Bond,other,<a_195>,<a_195><b_104>,<c_177>,<a_206>,<a_206><b_245>
1030,"SE DT220R 180 Grit Diamond Burr Set with 1/8"" Shank, 20-Piece",SE,other,<a_78>,<a_78><b_236>,<c_202>,<a_193>,<a_193><b_113>
1031,ABN Adhesive Sticky Back 80-Grit Sandpaper Roll 2-3/4&rdquo; Inch x 20 Yards Aluminum Oxide Golden Yellow Longboard Dura PSA,ABN,adhesive_epoxy,<a_90>,<a_90><b_220>,<c_86>,<a_206>,<a_206><b_62>
1032,100pcs Male & Female Insulated Wire Bullet Crimp Connector Terminal.,Souked,connector_fitting,<a_247>,<a_247><b_196>,<c_211>,<a_67>,<a_67><b_13>
1033,SOLOOP 50pcs Female & Male Fully Insulated Wire Terminals Connector Nylon Spade Connectors Blue,SOLOOP,connector_fitting,<a_247>,<a_247><b_13>,<c_98>,<a_67>,<a_67><b_13>
1034,"Forney 54825 Connector, Heat Shrink, 10-12 AWG",Forney,connector_fitting,<a_253>,<a_253><b_218>,<c_179>,<a_67>,<a_67><b_219>
1035,"Anderson Metals Brass Pipe Fitting, 90 Degree Barstock Street Elbow, 3/8"" Male Pipe x 3/8"" Female Pipe",Anderson Metals,connector_fitting,<a_13>,<a_13><b_116>,<c_32>,<a_108>,<a_108><b_1>
1036,"18-8 Stainless Steel Fully Threaded Rod, 1/4""-20 Thread Size, 36"" Length, Right Hand Threads",Small Parts,other,<a_202>,<a_202><b_231>,<c_50>,<a_224>,<a_224><b_178>
1037,"Brown & Sharpe 599-792-20 Audible Edge Finder, 3/8"" Shank x 0.200"" Head Diameter",TESA Brown & Sharpe,gauge_meter,<a_26>,<a_26><b_50>,<c_240>,<a_104>,<a_104><b_167>
1038,"Nicholson 9 Piece Hand File Set with Ergonomic Handles, American Pattern",Apex Tool Group,other,<a_204>,<a_204><b_152>,<c_74>,<a_206>,<a_206><b_171>
1039,"Comfitwear PT-100 Caution Barricade Tape, Yellow",Comfitwear,tape,<a_87>,<a_87><b_226>,<c_9>,<a_68>,<a_68><b_107>
1040,"Spot Nails 18120SS 1-1/4-Inch 18 Gauge Stainless Steel Brad Nail (1,000 per Box)",Spot Nails,gauge_meter,<a_136>,<a_136><b_131>,<c_65>,<a_42>,<a_42><b_36>
1041,"Buna-N O-Ring Kit, 70A Durometer, 382 Pieces, 30 Sizes","Sterling Seal & Supply, Inc. (STCC)",gauge_meter,<a_204>,<a_204><b_216>,<c_246>,<a_206>,<a_206><b_18>
1042,uxcell Mandrel Mounted White Conical Felt Point Polishing Tool,uxcell,other,<a_42>,<a_42><b_199>,<c_193>,<a_193>,<a_193><b_64>
1043,"Adenna DLG675 Dark Light 9 mil Nitrile Powder Free Exam Gloves (Black, Medium) Box of 100",Adenna,other,<a_146>,<a_146><b_151>,<c_205>,<a_44>,<a_44><b_71>
1044,"CMS Magnetics 150 LB Holding Power Neodymium Round Base Magnet w/Countersunk Hole 1.89"" - 1 Ct.",CMS MAGNETICS,other,<a_188>,<a_188><b_65>,<c_33>,<a_17>,<a_17><b_95>
1045,"10 Piece Tube Bottle Brush Kit Brass Stainless Steel Bristle 12"" Long, Size 1/4"" to 3/4"" PMD Products",PMD Products,ventilation_fan,<a_17>,<a_17><b_98>,<c_155>,<a_24>,<a_24><b_227>
1046,"PhysiciansCare by First Aid Only 24-101 Eye Flush Solution, 16 oz Bottle",First Aid Only,other,<a_103>,<a_103><b_124>,<c_8>,<a_44>,<a_44><b_41>
1047,"Magnolia Brush 233 Low Cost Single Thickness Paint or Chip Brush, 1-1/2"" Trim, 2"" Width, White (Case of 24)",Magnolia Brush,other,<a_161>,<a_161><b_44>,<c_165>,<a_24>,<a_24><b_57>
1048,"DEWALT DW8424B5 4-1/2-Inch by 0.045-Inch Metal Cutting Wheel, 7/8-Inch Arbor, 5-Pack",DEWALT,other,<a_132>,<a_132><b_82>,<c_106>,<a_193>,<a_193><b_42>
1049,Leegoal Mini LED Display Digital Car Voltmeter 12V/24V Vehicle Voltage Gauge,Leegoal,gauge_meter,<a_127>,<a_127><b_103>,<c_20>,<a_107>,<a_107><b_55>
1050,"Clear 4 Mil 2"" x 3"" Resealable Poly Bags - 1000-Pack",Collecting Warehouse,other,<a_238>,<a_238><b_155>,<c_58>,<a_210>,<a_210><b_251>
1051,"3M Dual Lock Reclosable Fastener TB3560 250/250 Clear, 1 in x 10 ft (1 Mated Strip/Bag)",3M,fastener,<a_175>,<a_175><b_59>,<c_177>,<a_68>,<a_68><b_148>
1052,"Pentek DGD-2501 Spun Polypropylene Filter Cartridge, 10"" x 4-1/2",Pentek,other,<a_252>,<a_252><b_57>,<c_228>,<a_197>,<a_197><b_126>
1053,"Krazy Glue KG82048SN Home & Office Super Glue, Single-Use Tubes, Fine Tip, 0.5 Grams, 4 Count, 0.017 oz",Krazy Glue,adhesive_epoxy,<a_48>,<a_48><b_78>,<c_2>,<a_165>,<a_165><b_21>
1054,3M Rubber Splicing Tape,3M,tape,<a_76>,<a_76><b_44>,<c_53>,<a_202>,<a_202><b_215>
1055,Intermatic K4251 120-Volt Thermal Photocontrols with Stem and Swivel Mounting,Intermatic,other,<a_196>,<a_196><b_15>,<c_125>,<a_109>,<a_109><b_173>
1056,American Labs BS-144P-200S-22-A 144 Blank Microscope Slides and 200 Cover Glass Pre Cleaned - 2 Packs Ground Edges,American Labs,3d_filament,<a_226>,<a_226><b_211>,<c_56>,<a_17>,<a_17><b_145>
1057,50pcs Premium Brass 18-22 (RED) Gauge Male-Female Solderless Crimp Bullet Plug Connectors,A Plus Parts House,connector_fitting,<a_253>,<a_253><b_164>,<c_212>,<a_67>,<a_67><b_46>
1058,Crown Bolt 01044 Plastic Bolt Gauge,Crown Bolt,gauge_meter,<a_153>,<a_153><b_64>,<c_97>,<a_224>,<a_224><b_93>
1059,Noga DB1000 Sheet Metal Deburring Tool,Noga,other,<a_78>,<a_78><b_233>,<c_85>,<a_193>,<a_193><b_70>
1060,"18-8 Stainless Steel Lock Nut, Right Hand Threads, Self-Locking/Nylon Insert, Meets IFI 100/IFI 107, #6-32 Threads (Pack of 100)",Small Parts,fastener,<a_6>,<a_6><b_22>,<c_19>,<a_224>,<a_224><b_10>
1061,"Huot 11900 Drill Bit Stand, 29 Bit Capacity, for Inch Sizes 1/16"" to 1/2"" in 1/64"" increments",Huot Manufacturing,other,<a_44>,<a_44><b_51>,<c_76>,<a_224>,<a_224><b_164>
1062,"Steel Machine Screw, Zinc Plated Finish, Pan Head, Phillips Drive, 3/4"" Length, #6-32 Threads (Pack of 100)",Small Parts,fastener,<a_130>,<a_130><b_49>,<c_46>,<a_224>,<a_224><b_146>
1063,"Aluminum Blind Rivet, Meets IFI Grade 11, 0.126""-0.25"" Grip Range, 3/32"" OD, 0.375"" Length, #41 Drill Size (Pack of 100)",Small Parts,other,<a_162>,<a_162><b_51>,<c_23>,<a_224>,<a_224><b_161>
1064,"E-Z Lok Threaded Insert, Brass, Knife Thread, M3-0.5 Internal Threads, 9.52mm Length (Pack of 10)",E-Z LOK,other,<a_228>,<a_228><b_153>,<c_1>,<a_224>,<a_224><b_133>
1065,JawayTool Rubber Grommets Kit & Plug Wire Ring Assortment Set Electrical Gasket Tools - 180 - Pieces,Glaida,other,<a_223>,<a_223><b_195>,<c_243>,<a_71>,<a_71><b_244>
1066,10 Pcs PG13.5 White Plastic Waterproof Connectors Cable Glands,uxcell,connector_fitting,<a_35>,<a_35><b_118>,<c_23>,<a_67>,<a_67><b_167>
1067,Grizzly H5608 V-Block Pair with Clamps 1-5/8-Inch,Grizzly,other,<a_139>,<a_139><b_35>,<c_36>,<a_193>,<a_193><b_65>
1068,Wilton 11744 4-Inch Low Profile Drill Press Vise,Wilton,other,<a_68>,<a_68><b_15>,<c_1>,<a_193>,<a_193><b_53>
1069,Wilton 11694 4-Inch Cross Slide Drill Press Vise,Wilton,other,<a_68>,<a_68><b_15>,<c_251>,<a_193>,<a_193><b_53>
1070,Fluke VT04 Infrared Imager with Soft Carrying Case,Fluke,other,<a_152>,<a_152><b_12>,<c_183>,<a_107>,<a_107><b_238>
1071,"Ullman HTK-2LT Inspection Mirror - Rectangular Mechanics Mirror with 3 Rotating LEDs, Expandable Stick. Optical Inspection Tool",Ullman,other,<a_129>,<a_129><b_141>,<c_110>,<a_180>,<a_180><b_90>
1072,FiiO D3 (D03K) Digital to Analog Audio Converter With Micca 6ft Optical Toslink Cable - 192kHz/24bit Optical and Coaxial DAC,FiiO,other,<a_36>,<a_36><b_160>,<c_84>,<a_36>,<a_36><b_92>
1073,"Kodiak Cutting Tools KCT131558 USA Made Solid Premium Carbide End Mill, ALTiN Coated, 4 Flute, 1/4"" Diameter",Kodiak Cutting Tools,gauge_meter,<a_212>,<a_212><b_83>,<c_185>,<a_193>,<a_193><b_83>
1074,"iFixit Pro ESD Tweezer Set with precision extra fine, blunt, and grooved tips Model: IF145-060-2",Kelllelldaaa,other,<a_220>,<a_220><b_194>,<c_154>,<a_17>,<a_17><b_14>
1075,"Industrial & Scientific"" />",Cooper Hand Tools,metadata_placeholder,<a_191>,<a_191><b_177>,<c_61>,<a_15>,<a_15><b_248>
1076,"Green Chrome Oxide Compound, 6 oz.",Formax,other,<a_90>,<a_90><b_89>,<c_244>,<a_99>,<a_99><b_136>
1077,"Norton Non-Woven Depressed Center Rapid Strip Wheel, 4-1/2"" Diameter, 5/8""-11 Arbor Hub, Grit Coarse (Pack of 1)",Norton Abrasives - St. Gobain,gauge_meter,<a_0>,<a_0><b_207>,<c_22>,<a_193>,<a_193><b_5>
1078,Tow Tuff HD Dolly Adjustable Trailer Moves with Caster,Tow Tuff,other,<a_52>,<a_52><b_18>,<c_8>,<a_87>,<a_87><b_162>
1079,"IRWIN 10502ZR Unibit Step Drill Bit Set, 3-Piece",Irwin Tools,other,<a_44>,<a_44><b_23>,<c_61>,<a_224>,<a_224><b_132>
1080,"PYREX 2L Narrow Mouth Erlenmeyer Flasks with Heavy Duty Rim, 1/pk",Pyrex,other,<a_86>,<a_86><b_235>,<c_170>,<a_94>,<a_94><b_195>
1081,"PYREX 1L Narrow Mouth Erlenmeyer Flasks with Heavy Duty Rim, Ea",Pyrex,other,<a_86>,<a_86><b_57>,<c_71>,<a_94>,<a_94><b_195>
1082,Orei DA21X Premium Optical SPDIF/Coaxial Digital to RCA L/R Analog Audio Converter with 3.5mm Jack Support Headphone/Speaker Outputs,Orei,other,<a_36>,<a_36><b_85>,<c_141>,<a_36>,<a_36><b_92>
1083,"PORTER-CABLE PFN16200 2-Inch 16-Gauge Galvanized Finish Nails, 2500-Pack",PORTER-CABLE,gauge_meter,<a_136>,<a_136><b_77>,<c_251>,<a_42>,<a_42><b_44>
1084,"3M Hookit Film Disc 375L, Aluminum Oxide, 5"" Diameter, P180 Grade  (Pack of 50)",Cubitron,gauge_meter,<a_204>,<a_204><b_57>,<c_116>,<a_197>,<a_197><b_57>
1085,"Avery 12605 Double Wired Shipping Tags, 13pt. Stock, 4 3/4 x 2 3/8, Manila (Box of 1000)",Avery,other,<a_21>,<a_21><b_194>,<c_183>,<a_68>,<a_68><b_105>
1086,"Gems Sensors A2012-S150 Solenoid Valve, 24 V, 60 Hz AC, 125 PSI",Gems Sensors,other,<a_143>,<a_143><b_208>,<c_125>,<a_236>,<a_236><b_21>
1087,"Irwin Tools Unibit #1 1/8-Inch to 1/2-Inch Step-Drill Bit, 1/4-Inch Shank (10231)",Irwin Tools,other,<a_44>,<a_44><b_157>,<c_215>,<a_224>,<a_224><b_102>
1088,Fein 63901025060 Mini Cut and File Set,Fein,other,<a_199>,<a_199><b_90>,<c_78>,<a_193>,<a_193><b_248>
1089,Philips Sonicare HX6911/02 FlexCare Rechargeable Electric Toothbrush,Philips Sonicare,other,<a_57>,<a_57><b_251>,<c_106>,<a_197>,<a_197><b_159>
1090,Oral-B Pc Bn Oral-B Elec. Toothbrush,Oral-B,other,<a_122>,<a_122><b_81>,<c_203>,<a_24>,<a_24><b_155>
1091,"Colgate Max White Full Head Toothbrush, Soft",Colgate,other,<a_66>,<a_66><b_101>,<c_78>,<a_24>,<a_24><b_214>
1092,"Colgate Max Fresh Full Head Toothbrush, Medium",Colgate,other,<a_66>,<a_66><b_62>,<c_148>,<a_24>,<a_24><b_214>
1093,"Colgate 360 Compact Head Toothbrush, Soft",Colgate,other,<a_66>,<a_66><b_73>,<c_232>,<a_24>,<a_24><b_214>
1094,"Colgate 360 Total Advanced Full Head Toothbrush, Medium",Colgate,other,<a_66>,<a_66><b_90>,<c_36>,<a_24>,<a_24><b_214>
1095,"Philips Sonicare HX6023/90 ProResults Compact Brush Heads, 3-Pack",Philips Sonicare,other,<a_57>,<a_57><b_37>,<c_106>,<a_197>,<a_197><b_159>
1096,"SE RA91812S 1/8"" Sanding Bands with 2 Mandrels and 4 Grits (102 PC.)",SE,other,<a_0>,<a_0><b_236>,<c_2>,<a_193>,<a_193><b_157>
1097,"Ansen Tools AN-184 Rubber Grommet Assortment, 180-Piece",Ansen Tools,other,<a_166>,<a_166><b_116>,<c_222>,<a_71>,<a_71><b_244>
1098,J-B Weld 50112 ClearWeld Quick-Setting Epoxy Syringe - Dries Clear - 25 ml,J-B Weld,adhesive_epoxy,<a_211>,<a_211><b_63>,<c_157>,<a_165>,<a_165><b_159>
1099,"Remington Industries 28UL1007STRKIT UL1007 28 AWG Gauge Stranded Hook-Up Wire Kit, 300V, 0.0126"" Diameter, 25' Length",Remington Industries,gauge_meter,<a_254>,<a_254><b_127>,<c_19>,<a_67>,<a_67><b_152>
1100,"Trinity TLS-0201 EcoStorage NSF, 48-Inch Stainless Steel Utility Table",Trinity,other,<a_27>,<a_27><b_199>,<c_135>,<a_210>,<a_210><b_182>
1101,"Performance Tool W1149 Brass, and Stainless Steel 3-Piece Brush Set",Performance Tool,other,<a_17>,<a_17><b_6>,<c_182>,<a_24>,<a_24><b_115>
1102,4 Set Stainless Spring Loaded Toggle Case Box Chest Trunk Latch Catch Clamp Clip,ReFaXi,other,<a_244>,<a_244><b_210>,<c_187>,<a_71>,<a_71><b_43>
1103,Carter P60504 In-Line Electric Fuel Pump,Carter,other,<a_232>,<a_232><b_75>,<c_164>,<a_109>,<a_109><b_34>
1104,Amazing GOOP 165012 RV Adhesive 3.7 fl. oz.,Eclectic Products,adhesive_epoxy,<a_110>,<a_110><b_171>,<c_65>,<a_122>,<a_122><b_191>
1105,RioRand 12V DC Digital Cooling/Heating Thermostat Temp Control -50-110 &deg;c Temperature Controller 10A Relay With Waterproof Sensor Probe,RioRand,other,<a_131>,<a_131><b_88>,<c_201>,<a_107>,<a_107><b_190>
1106,DAOKI 10PCS Digital DC 5V Amplifier Board Class D 23W USB Power Mini PAM8403 Audio Module,DAOKI,other,<a_193>,<a_193><b_109>,<c_79>,<a_30>,<a_30><b_92>
1107,"HATCHBOX PLA 3D Printer Filament, Dimensional Accuracy +/- 0.03 mm, 1 kg Spool, 1.75 mm, Glow in the Dark",HATCHBOX,3d_filament,<a_58>,<a_58><b_172>,<c_166>,<a_223>,<a_223><b_198>
1108,"TWEEZERS w/Cross Locking Action, Straight Tips & FIBER HANDLES",SE,other,<a_72>,<a_72><b_157>,<c_51>,<a_42>,<a_42><b_97>
1109,"Aven 12002 Stainless Steel Hemostat, Curved Serrated Jaws, Ratchet Lock, 3-1/2"" Length",Aven,other,<a_105>,<a_105><b_80>,<c_253>,<a_42>,<a_42><b_124>
1110,"Scotch(R) Rubber Mastic Tape 2228, 2 in x 10 ft, Black, 1 roll/carton",Scotch,tape,<a_83>,<a_83><b_148>,<c_13>,<a_202>,<a_202><b_218>
1111,Country Brook Design | 1 Inch Black Polypropylene Webbing (100 Yards),Country Brook Design,other,<a_210>,<a_210><b_68>,<c_196>,<a_68>,<a_68><b_71>
1112,Lord & Hodge 1074-0 #0 Brass Grommet Refills 24 Count,Lord & Hodge,other,<a_166>,<a_166><b_162>,<c_1>,<a_71>,<a_71><b_70>
1113,"Low Cost, Low Volume Resist., Electrically Conductive Silver Epoxy Adhesive, AA-DUCT 906 , 2.5gm kit",Atom Adhesives,adhesive_epoxy,<a_222>,<a_222><b_64>,<c_91>,<a_79>,<a_79><b_205>
1114,2 Needle Tip Bottle Liquid Flux Dispenser Oil Solvent Applicator Dropper 0.7 Oz,1st Choice,other,<a_197>,<a_197><b_78>,<c_244>,<a_150>,<a_150><b_110>
1115,TEKTON 8-Inch Swivel Bench Vise | 54008,TEKTON,other,<a_148>,<a_148><b_94>,<c_28>,<a_193>,<a_193><b_177>
1116,"SE Forceps, Straight 12"" + Curved 12",SE,other,<a_105>,<a_105><b_4>,<c_79>,<a_42>,<a_42><b_168>
1117,"Anytime Tools Premium 0-1"" /0.0001 MICROMETER Precision Machinist Tool",Anytime Tools,gauge_meter,<a_181>,<a_181><b_13>,<c_133>,<a_104>,<a_104><b_52>
1118,"General Tools 196 Hand Reamer And Countersink, 3/4-Inch",General Tools Mfg Co In,other,<a_168>,<a_168><b_242>,<c_236>,<a_193>,<a_193><b_19>
1119,TEKTON 4-Inch Drill Press Vise | 53994,TEKTON,other,<a_148>,<a_148><b_64>,<c_19>,<a_193>,<a_193><b_237>
1120,1000 lbs Capacity 12 Lazy Susan Bearing 5/16 Thick Turntable Bearings VXB Brand,VXB,other,<a_180>,<a_180><b_174>,<c_57>,<a_251>,<a_251><b_229>
1121,"PneumaticPlus SAW3000M-N03BG Air Filter Regulator Combo Piggyback, 3/8"" Pipe Size, NPT-Manual Drain, Poly Bowl with Gauge",PneumaticPlus,gauge_meter,<a_123>,<a_123><b_28>,<c_24>,<a_108>,<a_108><b_124>
1122,"Halulu 8"" x 10"" Resealable Poly Bags Reclosable Plastic Bags Zip Bags, Clear, 2 Mil, Pack of 100",GSSUSA,other,<a_238>,<a_238><b_178>,<c_249>,<a_210>,<a_210><b_54>
1123,Smooth-On XTC-3D High Performance 3D Print Coating - 24oz. Unit,Smooth-On,other,<a_234>,<a_234><b_213>,<c_74>,<a_223>,<a_223><b_197>
1124,"360 Brass Round Rod, Unpolished (Mill) Finish, H02 Temper, ASTM B16, 0.25"" Diameter, 36"" Length",Small Parts,gauge_meter,<a_96>,<a_96><b_240>,<c_21>,<a_17>,<a_17><b_120>
1125,"304 Stainless Steel Round Rod, Unpolished (Mill) Finish, Annealed, AMS 5639/ASTM A276/AMS QQ-S 763/ASTM A276, 0.625"" Diameter, 60"" Length",Small Parts,gauge_meter,<a_96>,<a_96><b_73>,<c_154>,<a_17>,<a_17><b_120>
1126,"360 Brass Round Rod, Unpolished (Mill) Finish, H02 Temper, ASTM B16, 0.1875"" Diameter, 72"" Length",Small Parts,gauge_meter,<a_96>,<a_96><b_240>,<c_74>,<a_17>,<a_17><b_217>
1127,"304 Stainless Steel Round Rod, Unpolished (Mill) Finish, Annealed, AMS 5639/ASTM A276/AMS QQ-S 763/ASTM A276, 0.3125"" Diameter, 48"" Length",Small Parts,gauge_meter,<a_96>,<a_96><b_73>,<c_239>,<a_17>,<a_17><b_120>
1128,Loctite Heavy Duty Epoxy Quick Set 8-Fluid Ounce Bottle (1365736),Loctite,adhesive_epoxy,<a_211>,<a_211><b_96>,<c_217>,<a_165>,<a_165><b_35>
1129,"da Vinci 1.0 3D Printer - 7.8"" x 7.8"" x 7.8"" Built Volume (Fully Enclosed Design for ABS/PLA/Flexible Material)",XYZprinting,3d_filament,<a_200>,<a_200><b_75>,<c_196>,<a_91>,<a_91><b_20>
1130,"[Open Resin] XYZprinting Nobel 1.0 SLA 3D Printer (Included FREE Resin, FREE Printing Platform & Tank)",XYZprinting,3d_filament,<a_200>,<a_200><b_4>,<c_8>,<a_91>,<a_91><b_155>
1131,XYZprinting Handheld 3D Scanner 1.0 Pro,XYZprinting,other,<a_243>,<a_243><b_255>,<c_92>,<a_91>,<a_91><b_90>
1132,"XYZprinting ABS Filament Refill, 1.75 mm Diameter, 600 g, Nature",XYZprinting,3d_filament,<a_237>,<a_237><b_188>,<c_55>,<a_223>,<a_223><b_155>
1133,"AMMEX - ABNPF46100-BX - Medical Nitrile Gloves - Disposable, Powder Free, Exam Grade, 4 mil, Large, Black (Box of 100)",Ammex,other,<a_146>,<a_146><b_67>,<c_10>,<a_44>,<a_44><b_217>
1134,FiberFix 10x Tape- 10x Stonger Than Duct Tape- Weight Bearing Untearable Water Resistant Repair Tape,FiberFix,tape,<a_59>,<a_59><b_100>,<c_50>,<a_122>,<a_122><b_121>
1135,"Durham 385-95 Gray Cold Rolled Steel 6 Sections Aerosol Can Caddy, 21-1/2"" Width x 5-1/4"" Height x 3-1/8"" Depth",Durham,other,<a_248>,<a_248><b_236>,<c_236>,<a_210>,<a_210><b_36>
1136,"Performix 11603-6 Synthetic Plasti-Dip Rubber Coating, 14.5 oz Can, Black",Jensen,other,<a_225>,<a_225><b_9>,<c_60>,<a_173>,<a_173><b_230>
1137,"Ten 1/2"" Inch Chrome Steel Bearing Balls G25",BC Precision Balls,other,<a_185>,<a_185><b_42>,<c_3>,<a_71>,<a_71><b_104>
1138,Insta-cure gap filling 2oz Bob Smith Ind.,Bob Smith Industries,other,<a_158>,<a_158><b_123>,<c_21>,<a_99>,<a_99><b_219>
1139,"1"" x 30"" SURGI-SHARP&reg; Leather Belt & Abrasive Stick",Wheatland Corp,other,<a_199>,<a_199><b_153>,<c_149>,<a_193>,<a_193><b_248>
1140,Nicholson File Card & Brush (Pack of 1),Apex Tool Group,other,<a_26>,<a_26><b_254>,<c_137>,<a_180>,<a_180><b_205>
1141,"Anytime Tools 5 Piece 3/8"" MINI LATHE INDEXABLE CARBIDE INSERT TOOL BIT SET",Anytime Tools,other,<a_212>,<a_212><b_26>,<c_240>,<a_193>,<a_193><b_77>
1142,"Wirezoll a12051600ux0807 3/8"" x 3/8"" High Speed Steel HSS 4 Flute Straight End Mill Cutter",Wirezoll,other,<a_212>,<a_212><b_65>,<c_209>,<a_193>,<a_193><b_19>
1143,"Dazzling Displays 4"" x 6"", 2 Mil Clear Reclosable Zip Lock Poly Bags (Pack of 1000)",Dazzling Displays,other,<a_238>,<a_238><b_71>,<c_122>,<a_210>,<a_210><b_86>
1144,"Plymor 2 Mil Clear Brand Zipper Reclosable Storage Bags, 3"" x 5"", Case of 1000",Plymor,other,<a_238>,<a_238><b_114>,<c_74>,<a_210>,<a_210><b_106>
1145,"Fire Extinguisher With Arrow Down Vinyl Decal - 4"" X 12"" - 4 Mil Vinyl - Indoor and Outdoor (1)",My Sign Center,other,<a_35>,<a_35><b_102>,<c_160>,<a_68>,<a_68><b_12>
1146,SummitLink 218 Pcs Black Assorted Heat Shrink Tube 8 Sizes Tubing Wrap Sleeve Set Combo,SummitLink,other,<a_32>,<a_32><b_144>,<c_140>,<a_228>,<a_228><b_45>
1147,Yunanwa Supereyes Borescope Side View Mirror Set 30 45 60 degrees for Borescope Endoscope N005 N013J N015 series,yunanwa,other,<a_129>,<a_129><b_24>,<c_253>,<a_180>,<a_180><b_194>
1148,"1018 Carbon Steel Rectangular Bar, Unpolished (Mill) Finish, Cold Finished Temper, ASTM A108, 1/4"" Thickness, 1/4"" Width, 36"" Length",Small Parts,other,<a_96>,<a_96><b_21>,<c_90>,<a_17>,<a_17><b_200>
1149,"1018 Carbon Steel Rectangular Bar, Unpolished (Mill) Finish, Cold Finished, ASTM A108, 1/4"" Thickness, 1/4"" Width, 96"" Length",Small Parts,other,<a_96>,<a_96><b_21>,<c_255>,<a_17>,<a_17><b_200>
1150,Grizzly T23889 V-Block Set with Clamp-Double Slot,Grizzly,other,<a_139>,<a_139><b_23>,<c_175>,<a_193>,<a_193><b_65>
1151,HFS (R) 1 PAIR 123 BLOCKS 1-2-3 ULTRA PRECISION .0002 HARDENED 23 HOLES 0.0002,HFS,other,<a_139>,<a_139><b_190>,<c_40>,<a_159>,<a_159><b_83>
1152,"Irwin Tools 2629- 3 Piece High Carbon Steel- Tap 5/16"" - 24 NF",Irwin Tools,other,<a_24>,<a_24><b_230>,<c_113>,<a_224>,<a_224><b_140>
1153,"6061 Aluminum Round Rod, Unpolished (Mill) Finish, Extruded, T6511 Temper, ASTM B221, 2-1/4"" Diameter, 12"" Length",Small Parts,gauge_meter,<a_185>,<a_185><b_21>,<c_182>,<a_251>,<a_251><b_198>
1154,"6061 Aluminum Round Rod, Unpolished (Mill) Finish, Extruded, T6511 Temper, ASTM B221, 1/4"" Diameter, 60"" Length",Small Parts,gauge_meter,<a_185>,<a_185><b_21>,<c_144>,<a_251>,<a_251><b_198>
1155,"6061 Aluminum Round Rod, Unpolished (Mill) Finish, Extruded, T6511 Temper, ASTM B221, 0.5"" Diameter, 96"" Length",Small Parts,gauge_meter,<a_185>,<a_185><b_21>,<c_60>,<a_251>,<a_251><b_198>
1156,"6061 Aluminum Round Rod, Unpolished (Mill) Finish, Extruded, T6511 Temper, ASTM B221, 1-5/8"" Diameter, 24"" Length",Small Parts,gauge_meter,<a_185>,<a_185><b_21>,<c_132>,<a_251>,<a_251><b_198>
1157,"6061 Aluminum Round Rod, Unpolished (Mill) Finish, Extruded, T6511 Temper, ASTM B221, 2"" Diameter, 12"" Length",Small Parts,gauge_meter,<a_185>,<a_185><b_21>,<c_180>,<a_251>,<a_251><b_198>
1158,"6061 Aluminum Round Rod, Unpolished (Mill) Finish, Extruded, T6511 Temper, ASTM B221, 1/2"" Diameter, 24"" Length",Small Parts,gauge_meter,<a_185>,<a_185><b_21>,<c_31>,<a_251>,<a_251><b_198>
1159,"Loc-Line Coolant Hose Assembly Pliers, for 1/2"" Coolant Hose System",Loc-Line,connector_fitting,<a_46>,<a_46><b_103>,<c_12>,<a_228>,<a_228><b_23>
1160,AGPtek 3-joint Red Adjustable Magnetic Base Holder for Digital Dial Indicator,AGPTEK,other,<a_216>,<a_216><b_112>,<c_75>,<a_104>,<a_104><b_29>
1161,"ATP Vinyl-Flex PVC Food Grade Plastic Tubing, Clear, 1/4"" ID x 3/8"" OD, 100 feet Length",ATP,other,<a_67>,<a_67><b_114>,<c_42>,<a_228>,<a_228><b_40>
1162,"HFS (R) Magnetic Base Indicator Back holder For AGD2 1"" Dial Indicator",HFS,other,<a_216>,<a_216><b_93>,<c_144>,<a_104>,<a_104><b_51>
1163,"AUTOTOOLHOME 1/8"" 3/16"" 1/4"" 5/16"" 3/8"" 1/2""high Speed Steel HSS 4 Flute Straight End Mill Cutter Set of 6",AUTOTOOLHOME,other,<a_212>,<a_212><b_200>,<c_87>,<a_193>,<a_193><b_19>
1164,"Fowler Full Warranty 52-104-025-0 Machinist Jack Set, 1000 lbs. capacity",Fowler,other,<a_240>,<a_240><b_174>,<c_12>,<a_87>,<a_87><b_17>
1165,Capri Tools 20005 Digital Angle Gauge,Capri Tools,gauge_meter,<a_108>,<a_108><b_246>,<c_184>,<a_104>,<a_104><b_238>
1166,"Anytime Tools Angle Block Set 30-60-90 & 45-45-90 Precision +/- 20 Seconds, Machinist Tool, 2 Piece Set",Anytime Tools,other,<a_108>,<a_108><b_12>,<c_247>,<a_15>,<a_15><b_33>
1167,"Master Magnetics Magnet Sheet, Flexible Magnet Sheet with Adhesive, 12"" Wide, 24"" Long, 08504",Master Magnetics,adhesive_epoxy,<a_235>,<a_235><b_80>,<c_240>,<a_68>,<a_68><b_24>
1168,"AES Industries 3/8"" Wide Pure Horsehair Acid Brush with Tin Plated Handle - Made in the USA 144 Brush Pack",AES Industries,other,<a_17>,<a_17><b_147>,<c_165>,<a_99>,<a_99><b_82>
1169,"Uxcell a12121300ux0202 Cutting Slotting End Mill Router Bit 4 Flute 1/4"" Shank 1/4"" Diameter",uxcell,gauge_meter,<a_212>,<a_212><b_37>,<c_84>,<a_193>,<a_193><b_19>
1170,Atoplee 5pcs Machine Screw Metric Thread Plug Taps Set M3 M4 M5 M6 M8,ATOPLEE,fastener,<a_85>,<a_85><b_143>,<c_11>,<a_158>,<a_158><b_147>
1171,"Drill America DWTSMT15X1.5 HSS Metric Tap, Special Size, M15 x 1.5",Drill America,other,<a_202>,<a_202><b_221>,<c_93>,<a_224>,<a_224><b_109>
1172,"Stainless Steel Sheet Metal Screw, Plain Finish, Oval Head, Phillips Drive, 1/2"" Length, #4-24 Threads (Pack of 100)",Small Parts,fastener,<a_168>,<a_168><b_147>,<c_170>,<a_224>,<a_224><b_146>
1173,"Lord & Hodge 1941-2063 1074-4 1/2"" Grommet KIT Refill",Lord & Hodge,other,<a_166>,<a_166><b_162>,<c_6>,<a_71>,<a_71><b_203>
1174,"Nashua 2280 Polyethylene Coated Cloth Multi-Purpose Duct Tape, 55m Length x 48mm Width, Tan",Nashua,tape,<a_89>,<a_89><b_151>,<c_239>,<a_202>,<a_202><b_170>
1175,"Brute 2632 RED 22"" Diameter x 27-1/4"" Height, 32 gallon Red LLDPE Heavy-Duty Round Container without Lid (6 per Carton)",Rubbermaid Commercial Products,gauge_meter,<a_214>,<a_214><b_31>,<c_83>,<a_210>,<a_210><b_69>
1176,"Sparco Compact Luggage Cart, 150 lbs, Capacity, Open 14-3/4 x 13-3/4 x 35 Inches, CE (SPR01753)",Sparco,other,<a_52>,<a_52><b_69>,<c_21>,<a_210>,<a_210><b_116>
1177,"Anderson Metals 56110 Brass Pipe Fitting, Hex Bushing, 1/2"" NPT Male Pipe x 3/8"" NPT Female Pipe",Anderson Metals,connector_fitting,<a_242>,<a_242><b_116>,<c_98>,<a_108>,<a_108><b_133>
1178,"Apache 44048748Female Metric x 3/8"" Quick Disconnect Socket/Plug Pressure Washer Adapter Set",Apache,other,<a_118>,<a_118><b_180>,<c_99>,<a_108>,<a_108><b_142>
1179,Neiko 60 Pieces Clevis Pin Assortment,Neiko,other,<a_172>,<a_172><b_136>,<c_135>,<a_71>,<a_71><b_226>
1180,"Hillman 830506 Stainless Steel 3/8-Inch Flat Washers, 100-Pack, Single",Hillman,other,<a_153>,<a_153><b_42>,<c_160>,<a_224>,<a_224><b_209>
1181,"Green Grease 203 Synthetic Waterproof High Temperature Grease, 3 Oz. Tube (Pack of 3)",Green Grease,other,<a_75>,<a_75><b_152>,<c_244>,<a_173>,<a_173><b_61>
1182,"Super Lube 51004 Synthetic Oil with PTFE, High Viscosity, 4 oz Bottle",Super Lube,other,<a_215>,<a_215><b_182>,<c_29>,<a_173>,<a_173><b_60>
1183,"2-3/8"" Flexible Desk Grommet - Color: Black - 5 Pack",Electriduct,other,<a_166>,<a_166><b_158>,<c_131>,<a_71>,<a_71><b_127>
1184,"Keeper Foot x 2 Inch 02612 6' x 2"" Lift Sling",Keeper,other,<a_210>,<a_210><b_174>,<c_2>,<a_71>,<a_71><b_93>
1185,"Cyalume Military Grade Combat Light Shield Device, 6-3/4"" Length x 1"" Width, For 6"" ChemLight and 6"" SnapLight Lightsticks",Cyalume,other,<a_9>,<a_9><b_3>,<c_172>,<a_153>,<a_153><b_51>
1186,360-piece Solderless Electrical Terminal Assortment,Neiko,connector_fitting,<a_118>,<a_118><b_196>,<c_58>,<a_67>,<a_67><b_27>
1187,Parts Express Cable TV In-Line Coaxial Surge Protector,Parts Express,other,<a_217>,<a_217><b_84>,<c_78>,<a_23>,<a_23><b_236>
1188,4th Generation Dr Mom LED POCKET Otoscope and both Adult and Pediatric Disposable Specula Tips and Cardboard Case.,Dr Mom Otoscopes,other,<a_208>,<a_208><b_149>,<c_253>,<a_180>,<a_180><b_112>
1189,"Scotch Super Thin Waterproof Vinyl Plastic Colored Tape, .75-Inch by 125-Inch, 5-Pack - 190T",Scotch,tape,<a_14>,<a_14><b_79>,<c_153>,<a_202>,<a_202><b_197>
1190,5 Pcs Dual Row 5 Position Screw Terminal Strip 600V 15A,uxcell,connector_fitting,<a_187>,<a_187><b_227>,<c_116>,<a_73>,<a_73><b_87>
1191,ZFE Mixed Pack Threaded Rivet Nut Inserts M4.M5. M6. M8.each 25pcs Total Pack of 100Pcs,ZFE,fastener,<a_64>,<a_64><b_40>,<c_213>,<a_224>,<a_224><b_202>
1192,Hilitchi 420pcs M2 M3 Stainless Steel Hex Socket Head Cap Screws Nuts Assortment Kit with Box (304 Stainless Steel),Hilitchi,fastener,<a_64>,<a_64><b_153>,<c_123>,<a_224>,<a_224><b_153>
1193,"Forney 70451 Wire Rope, Vinyl Coated Aircraft Cable, 250-Feet-by 3/32-Inch thru 3/16-Inch",Forney,other,<a_246>,<a_246><b_82>,<c_136>,<a_71>,<a_71><b_119>
1194,"Gorilla Gripper 'GP' 0 to 3/4"" (0 to 22mm)",Gorilla Gripper,other,<a_28>,<a_28><b_103>,<c_41>,<a_159>,<a_159><b_43>
1195,"FactorDuty 4 Pack Caster Wheels Swivel Plate On Red Polyurethane Wheels with HD Hardware Kit (2"" No Brake)",FactorDuty,other,<a_54>,<a_54><b_42>,<c_252>,<a_87>,<a_87><b_0>
1196,"3M 3431 Yellow Micro Prismatic Sheeting Reflective Tape, 3"" x 5 yd (1 Roll)",TapeCase,tape,<a_233>,<a_233><b_203>,<c_187>,<a_68>,<a_68><b_176>
1197,TapeCase 3432 1in X 5yd Red Reflective Tape (1 Roll),TapeCase,tape,<a_14>,<a_14><b_220>,<c_70>,<a_68>,<a_68><b_121>
1198,TapeCase 3432 1in X 50yd Red Reflective Tape (1 Roll),TapeCase,tape,<a_14>,<a_14><b_220>,<c_72>,<a_68>,<a_68><b_121>
1199,"System Three Resins Rotfix Wood Restoration Rot Repair, 24-Ounce",System Three,other,<a_225>,<a_225><b_179>,<c_75>,<a_99>,<a_99><b_132>
1200,"Stainless Steel 304 Welded Round Tubing, 3/4"" OD, 0.652"" ID, 0.049"" Wall, 72"" Length",Small Parts,other,<a_185>,<a_185><b_185>,<c_217>,<a_251>,<a_251><b_54>
1201,"Forearm Forklift Lifting and Moving Straps, Pink, Model L74995P",Forearm Forklift,other,<a_244>,<a_244><b_11>,<c_254>,<a_87>,<a_87><b_87>
1202,MakerGear M2 Desktop 3D Printer,MakerGear,3d_filament,<a_255>,<a_255><b_87>,<c_95>,<a_158>,<a_158><b_91>
1203,"eSUN 3D 1.75mm PETG Natural Filament 1kg (2.2lb), PETG 3D Printer Filament, Semi-Transparent 1.75mm Natural",eSUN,3d_filament,<a_237>,<a_237><b_57>,<c_28>,<a_223>,<a_223><b_126>
1204,Loctite Extra Time Control Super Glue  4-Gram (1503241),Loctite,adhesive_epoxy,<a_48>,<a_48><b_22>,<c_122>,<a_165>,<a_165><b_15>
1205,"PEI (Polyetherimide) Sheet, Opaque Off-White, Standard Tolerance, ASTM D5205 PEI0113, 0.03"" Thickness, 12"" Width, 24"" Length",Small Parts,other,<a_156>,<a_156><b_114>,<c_152>,<a_17>,<a_17><b_62>
1206,"eSUN 1.75mm Black PLA PRO (PLA+) 3D Printer Filament 1KG Spool (2.2lbs), Black",eSUN,3d_filament,<a_237>,<a_237><b_117>,<c_239>,<a_158>,<a_158><b_245>
1207,"3M(TM) Performance Plus(TM) Wire Connector O/B+JUG, 500/jug",3M,connector_fitting,<a_253>,<a_253><b_136>,<c_127>,<a_67>,<a_67><b_123>
1208,Intermatic K4121C 120-Volt Stem Mount Thermal Photocontrol,Intermatic,other,<a_196>,<a_196><b_110>,<c_133>,<a_109>,<a_109><b_173>
1209,"Sashco 13033 5oz Sashco Sealants White Lexel Adhesive Caulk, 5-Ounce",Sashco,adhesive_epoxy,<a_157>,<a_157><b_82>,<c_56>,<a_244>,<a_244><b_170>
1210,"Sparco Sealing Tape Transparent Heavy Duty, 48mm x 50m, 6 Rolls (60041)",Sparco,tape,<a_14>,<a_14><b_91>,<c_44>,<a_202>,<a_202><b_46>
1211,Rectorseal 25790 1-3/4-Ounce Tube No.5&nbsp;Pipe Thread Sealant,Rectorseal,other,<a_75>,<a_75><b_73>,<c_83>,<a_244>,<a_244><b_151>
1212,WD-40 Lubricant Aerosol Spray 3 oz,WD-40,other,<a_34>,<a_34><b_255>,<c_187>,<a_173>,<a_173><b_214>
1213,Hitachi Hitachi 726808 28NO Miter Gauge Assembly for the Hitachi C10FL Table Saw (Discontinued by manufacturer),Hitachi,gauge_meter,<a_85>,<a_85><b_222>,<c_172>,<a_193>,<a_193><b_175>
1214,"Steelgrip TA5105 Pick Up Tool, 36",Steelgrip,other,<a_72>,<a_72><b_233>,<c_189>,<a_42>,<a_42><b_182>
1215,"Clear Polycarbonate Tubing, 1-1/8"" ID, 1-1/4"" OD, 1/16"" Wall, 3' Length",Small Parts,other,<a_67>,<a_67><b_249>,<c_153>,<a_228>,<a_228><b_194>
1216,Fluke 323 True-RMS Clamp Meter,Fluke,gauge_meter,<a_31>,<a_31><b_168>,<c_92>,<a_36>,<a_36><b_176>
1217,"Scott Rags In A Box 75260, White, 200 Shop Towels/Box, 8 Boxes/Case",Scott,other,<a_170>,<a_170><b_223>,<c_87>,<a_210>,<a_210><b_177>
1218,"POWERTEC 15505 White Aluminum Oxide Grinding Wheel, 8-Inch by 1-Inch, 5/8-Inch Arbor, 120 Grit",POWERTEC,other,<a_0>,<a_0><b_36>,<c_223>,<a_193>,<a_193><b_5>
1219,"Install Bay BVBC Vinyl Connector, Blue 16/14 Gauge (100-Bag)",Install Bay,connector_fitting,<a_223>,<a_223><b_127>,<c_46>,<a_67>,<a_67><b_140>
1220,Uxcell a11052800ux0091 PG7 Black Plastic Waterproof Cable Wire Glands Joints (Pack of 10),uxcell,other,<a_35>,<a_35><b_118>,<c_250>,<a_23>,<a_23><b_71>
1221,"Fieldoor 44 Pound Strong Neodymium Indoor/Outdoor Magnet Hook, Heavy Duty Magnetic Hooks (4 Pack)",Fieldoor,other,<a_92>,<a_92><b_227>,<c_172>,<a_251>,<a_251><b_53>
1222,"XFasten Transparent Filament Duct Tape, 2 Inches x 30 Yards",XFasten,3d_filament,<a_59>,<a_59><b_73>,<c_245>,<a_202>,<a_202><b_13>
1223,"1-7/8 in. Wide Duct Tape, Indoor Silver General Purpose, 60 yards",QEP,tape,<a_89>,<a_89><b_57>,<c_121>,<a_202>,<a_202><b_58>
1224,"Empire Level 71-1001 1000-Feet by 3-Inch Caution Barricade Tape, Yellow",Empire Level,tape,<a_87>,<a_87><b_191>,<c_132>,<a_68>,<a_68><b_170>
1225,"Pac-Kit by First Aid Only 13-600 First Aid/Burn Cream, 0.9 gm Packet (Box of 60)",First Aid Only,other,<a_106>,<a_106><b_159>,<c_105>,<a_44>,<a_44><b_227>
1226,"Intertape Polymer Group 600WP-300 Barricade Ribbon, 3-Inch x 300-Feet, Yellow/Black Wet Paint",Intertape Polymer Group,tape,<a_87>,<a_87><b_227>,<c_106>,<a_68>,<a_68><b_126>
1227,TapeCase 3431 0.75in X 5yd Yellow Reflective Tape (1 Roll),TapeCase,tape,<a_14>,<a_14><b_46>,<c_35>,<a_68>,<a_68><b_121>
1228,"Blunt Tip Dispensing Fill Needle 18ga x 1-1/2"" Pink 50 pcs",CML Supply,other,<a_38>,<a_38><b_94>,<c_191>,<a_150>,<a_150><b_73>
1229,Senco A209809 18-Gauge-by-5/8-Inch to 1-1/4-Inch Electro Galvanized Variety Pack Brads,Senco,gauge_meter,<a_79>,<a_79><b_177>,<c_210>,<a_42>,<a_42><b_147>
1230,"Dynarex Safe-Touch Nitrile Exam Gloves, Powder-Free, X-Large, 100 Count Box",Dynarex,other,<a_146>,<a_146><b_203>,<c_153>,<a_44>,<a_44><b_236>
1231,"Resolve Easy Clean Pro Carpet Cleaner Gadget & Foam Spray Refill, Clean & Fresh 22 oz Can, Carpet Shampooer System",Resolve,other,<a_125>,<a_125><b_183>,<c_241>,<a_197>,<a_197><b_94>
1232,"Harris Professional Spray Bottle 32oz (3-Pack), All-Purpose with Clear Finish, Pressurized Sprayer, Adjustable Nozzle and Measurements",Harris,other,<a_128>,<a_128><b_255>,<c_110>,<a_206>,<a_206><b_255>
1233,"Krazy Glue KG48348MR 5G Advance Prcisn Tip, Pack of 1, Multicolor",Krazy Glue,adhesive_epoxy,<a_48>,<a_48><b_78>,<c_219>,<a_165>,<a_165><b_149>
1234,"Crest Complete Multi-Benefit Whitening + Scope Outlast, Mint Toothpaste - 7.6 Oz, Pack of 4",Crest,other,<a_15>,<a_15><b_251>,<c_87>,<a_66>,<a_66><b_132>
1235,"Justrite 7150110 5 Gallon, 11.75"" OD x 16.875"" H Galvanized Steel Type I Red Safety Can With Funnel",Justrite,other,<a_248>,<a_248><b_21>,<c_230>,<a_44>,<a_44><b_28>
1236,"Milescraft 5300 Fluted Wood Dowel Pin, 1/4-Inch",Milescraft,other,<a_79>,<a_79><b_42>,<c_147>,<a_224>,<a_224><b_248>
1237,"ABN 3-Piece Titanium Step Drill Bit Set M2 Steel - 28 Sizes, SAE",ABN,other,<a_85>,<a_85><b_12>,<c_155>,<a_17>,<a_17><b_167>
1238,"Master Magnetics Magnetic Hook White Enamel Paint, 1"" Diameter, 1.5"" Total Height, 9 Pounds of Pull (Pack of 8), MHHH9X8",Master Magnetics,gauge_meter,<a_149>,<a_149><b_159>,<c_202>,<a_251>,<a_251><b_188>
1239,Uxcell A13122300UX0934 LED Light Mounting Holders Panel (Pack of 50),uxcell,other,<a_160>,<a_160><b_14>,<c_181>,<a_23>,<a_23><b_223>
1240,"Dynarex Safe-Touch Vinyl Exam Glove Powder Free, Large, 100 Count (Pack of 10)",Dynarex,other,<a_146>,<a_146><b_33>,<c_177>,<a_44>,<a_44><b_241>
1241,"WypAll 41083 X60 Cloths, 1/4 Fold, 12 1/2 x 10, White, 70 per Pack (Case of 8 Packs)",Wypall,other,<a_170>,<a_170><b_172>,<c_9>,<a_210>,<a_210><b_134>
1242,"Fastcap 3HANDCPACK 3rd Hand Contractor Poles, 4-Pack",Fastcap,other,<a_40>,<a_40><b_170>,<c_251>,<a_206>,<a_206><b_20>
1243,"Parafilm M Roll, 125' Length x 4"" Width",Parafilm,other,<a_14>,<a_14><b_72>,<c_1>,<a_17>,<a_17><b_57>
1244,O'Berry 3252 Squeeeeek No More Floor Screws 250 per Package,O'Berry Enterprises,fastener,<a_207>,<a_207><b_235>,<c_188>,<a_224>,<a_224><b_112>
1245,"Keeper Foot x 1 Inch 02606 10' x 1"" Lift Sling, 1 Ply",Keeper,other,<a_210>,<a_210><b_174>,<c_178>,<a_71>,<a_71><b_93>
1246,"Keeper (02604 6' x 1"" Lift Sling, 1 Ply",Keeper,other,<a_210>,<a_210><b_144>,<c_135>,<a_71>,<a_71><b_28>
1247,"Bunker Industries HT160 Hurricane Heavy Duty Utility Tape, .94-Inch x 60-Yards, White",Intertape Polymer Group,tape,<a_182>,<a_182><b_79>,<c_252>,<a_202>,<a_202><b_80>
1248,"T-fal C51407 Excite Nonstick Thermo-Spot Dishwasher Safe Oven Safe PFOA Free Fry Pan Cookware, 12-Inch, Red",T-fal,other,<a_102>,<a_102><b_198>,<c_105>,<a_14>,<a_14><b_233>
1249,"T-fal C51402 Excite Nonstick Thermo-Spot Dishwasher Safe Oven Safe PFOA Free Fry Pan Cookware, 8-Inch, Red",T-fal,other,<a_102>,<a_102><b_198>,<c_0>,<a_14>,<a_14><b_233>
1250,"T-fal C51402 Excite Nonstick Thermo-Spot Dishwasher Safe Oven Safe PFOA Free Fry Pan Cookware, 8-Inch, Red",T-fal,other,<a_102>,<a_102><b_198>,<c_0>,<a_14>,<a_14><b_233>
1251,"OOK 55300 Hangman Double Headed Bear Claw 4 In 1 Screw, 12-Count",OOK,fastener,<a_250>,<a_250><b_69>,<c_253>,<a_159>,<a_159><b_113>
1252,"3M Steri-Strip Reinforced Sterile Skin Closures, 10 Pack Variety Pack",Steri-Strip,other,<a_146>,<a_146><b_188>,<c_53>,<a_122>,<a_122><b_227>
1253,Philips Sonicare HX6732/02 HealthyWhite R732 Rechargeable Electric Toothbrush (Packaging may vary),Philips Sonicare,other,<a_57>,<a_57><b_37>,<c_88>,<a_197>,<a_197><b_159>
1254,Acid Test Kit Gold 10K 14K 18K 22K Silver Platinum Testing Stone Jewelers Tool,PuriTEST,other,<a_69>,<a_69><b_45>,<c_238>,<a_229>,<a_229><b_190>
1255,"SE 82331TF 30-Piece Set of Titanium-Coated Diamond Burrs, Grits 120-150",SE,other,<a_78>,<a_78><b_240>,<c_170>,<a_193>,<a_193><b_203>
1256,"MedPride Nitrile Exam Gloves, Powder-Free, Small, Box/100",MED PRIDE,other,<a_146>,<a_146><b_114>,<c_196>,<a_44>,<a_44><b_125>
1257,The Ghost Meter EMF Sensor,Alternative Tech International,gauge_meter,<a_88>,<a_88><b_87>,<c_8>,<a_153>,<a_153><b_238>
1258,"Marathon 10"" Swivel Caster with Flat Free Tire",Marathon Industries,other,<a_54>,<a_54><b_68>,<c_7>,<a_87>,<a_87><b_64>
1259,"Phenolic Sheet, Tan, 0.25"" Thickness, 6"" Width, 12"" Length (Pack of 1)",Small Parts,other,<a_145>,<a_145><b_94>,<c_153>,<a_79>,<a_79><b_112>
1260,"Yost MAV-3.5 Multi-Angle Vise, 3.5",Yost Tools,other,<a_148>,<a_148><b_142>,<c_15>,<a_24>,<a_24><b_90>
1261,"Starrett 1202F-6 Dial Caliper, Stainless Steel, White Face, 0-6"" Range, -0.001"" Accuracy, 0.010"" Resolution, Meets Specifications",Starrett,gauge_meter,<a_192>,<a_192><b_251>,<c_237>,<a_17>,<a_17><b_75>
1262,Pro Taper Grip Glue Adhesive Compound Bottle 1 OZ,Pro Taper,tape,<a_230>,<a_230><b_120>,<c_121>,<a_165>,<a_165><b_142>
1263,Grizzly G1064 Cross-Sliding Vise,Grizzly,other,<a_148>,<a_148><b_236>,<c_127>,<a_193>,<a_193><b_37>
1264,"Gardner Bender 10-116 Terminal Spade, 12-10 AWG, Stud Sz 8-10, Yellow (50 pk)",Gardner Bender,connector_fitting,<a_253>,<a_253><b_109>,<c_113>,<a_67>,<a_67><b_187>
1265,"Gardner Bender 10-104 100PK Ring Terminal, 100 Pack, Blue",Gardner Bender,connector_fitting,<a_186>,<a_186><b_0>,<c_0>,<a_67>,<a_67><b_49>
1266,Install Bay YVBC Vinyl Connector Yellow 12/10 Gauge (100-Bag),Install Bay,connector_fitting,<a_223>,<a_223><b_36>,<c_68>,<a_67>,<a_67><b_140>
1267,Wago 222-412 LEVER-NUTS 2 Conductor Compact Connectors 100 PK,Wago Corp.,connector_fitting,<a_187>,<a_187><b_54>,<c_164>,<a_67>,<a_67><b_179>
1268,"Vacmaster 4 Gallon, 5 Peak HP with 2-Stage Industrial Motor Wet/Dry Floor Vacuum, VF408",Vacmaster,other,<a_213>,<a_213><b_216>,<c_245>,<a_24>,<a_24><b_174>
1269,"Deli Wrap Interfolded Wax Paper/Dry Waxed Food Liner Master Size 12"" x 10&frac34;"", 500 Sheets",Marcal Co.,other,<a_145>,<a_145><b_238>,<c_255>,<a_210>,<a_210><b_175>
1270,"Georgia-Pacific 56620 Chrome Combination C-Fold/ Multifold Paper Towel Dispenser, 11.25"" Width x 4.438"" Depth",Georgia-Pacific,other,<a_53>,<a_53><b_80>,<c_179>,<a_210>,<a_210><b_6>
1271,"Tape-Me Duct Tape Silver, 1.88 in x 55 yd (Pack of 3)",Tape-Me,tape,<a_59>,<a_59><b_79>,<c_216>,<a_202>,<a_202><b_191>
1272,"Rubbermaid Commercial Deskside Trash Can, 2 Gallon, Beige, FG295200BEIG",Rubbermaid Commercial Products,other,<a_214>,<a_214><b_135>,<c_26>,<a_210>,<a_210><b_88>
1273,FLIR TG165 Spot Thermal Camera,FLIR,other,<a_152>,<a_152><b_129>,<c_11>,<a_107>,<a_107><b_68>
1274,"Hot Max 26182 Mandrel and Cut Off Wheel Kit, 1/4-Inch Arbors",Hot Max,other,<a_212>,<a_212><b_207>,<c_149>,<a_193>,<a_193><b_46>
1275,Rapidair 50400 Elbow Adapter Fitting with 1/2-Inch Tubing x 3/8-Inch Male NPT,Rapidair,connector_fitting,<a_13>,<a_13><b_50>,<c_179>,<a_108>,<a_108><b_218>
1276,"3M Fastener TB3571/TB3572 Hook/Loop Black, 1 in (25.4mm) x 10 ft (3.05m) (1 Mated Strip/Bag)",3M,fastener,<a_175>,<a_175><b_213>,<c_56>,<a_68>,<a_68><b_49>
1277,"Remington Industries 16UL1007STRKIT UL1007 16 AWG Gauge Stranded Hook-Up Wire Kit, 300V, 0.0508"" Diameter, 25' Length Each",Remington Industries,gauge_meter,<a_254>,<a_254><b_127>,<c_4>,<a_67>,<a_67><b_152>
1278,"Premium Vials B35-12AM Boston Round Glass Bottle with Dropper, 1/2 oz Capaciy, Amber (Pack of 12)",Premium Vials,other,<a_112>,<a_112><b_237>,<c_30>,<a_150>,<a_150><b_189>
1279,"Rutland Products 601 Rutland Castable Refractory Cement, 25-Pound",Rutland Products,ventilation_fan,<a_207>,<a_207><b_179>,<c_83>,<a_79>,<a_79><b_248>
1280,"Senco 06A162P DuraSpin Number 6 by 1-5/8-Inch Drywall to Wood Collated Screw (1,000 per Box)",Senco,fastener,<a_40>,<a_40><b_129>,<c_40>,<a_197>,<a_197><b_171>
1281,Barge All Purpose Cement,Barge,other,<a_167>,<a_167><b_250>,<c_78>,<a_206>,<a_206><b_20>
1282,"VersaPro Black Nitrile Exam Gloves, Powder-Free, Medium, Box/100",VersaPro,other,<a_146>,<a_146><b_251>,<c_251>,<a_44>,<a_44><b_9>
1283,"Dap 18372 Ready-To-Use Kwik Seal Grout Repair, 4-Ounce",DAP,other,<a_110>,<a_110><b_162>,<c_147>,<a_244>,<a_244><b_59>
1284,"2-P10KIT Available 2-P10 Adhesive Kit, Clear",2-P10KIT,adhesive_epoxy,<a_158>,<a_158><b_147>,<c_60>,<a_99>,<a_99><b_190>
1285,"Anderson Metals Brass Pipe Fitting, Coupling, 1/2"" x 1/2"" Female Pipe",Anderson Metals,connector_fitting,<a_242>,<a_242><b_59>,<c_188>,<a_108>,<a_108><b_244>
1286,Accessbuy 180-Piece Rubber Grommet Shop Assortment,Industrial Tools,other,<a_223>,<a_223><b_107>,<c_143>,<a_71>,<a_71><b_201>
1287,Install Bay Copper Ring Terminal 2 Gauge 3/8 Inch 10 Pack - CUR238,Install Bay,connector_fitting,<a_186>,<a_186><b_244>,<c_1>,<a_67>,<a_67><b_1>
1288,"3M VHB Heavy Duty Mounting Tape 4910 Clear, 3/4 in x 15 yd 40.0 mil (Pack of 1)",3M,tape,<a_198>,<a_198><b_119>,<c_231>,<a_202>,<a_202><b_227>
1289,Install Bay Copper Ring Terminal Connector 8 Gauge 1/4 Inch 25 Pack - CUR814,Install Bay,connector_fitting,<a_186>,<a_186><b_244>,<c_8>,<a_67>,<a_67><b_1>
1290,SummitLink 306 Pcs Red Black Assorted Heat Shrink Tube 8 Sizes Tubing Wrap Sleeve Set Combo,SummitLink,other,<a_32>,<a_32><b_144>,<c_231>,<a_228>,<a_228><b_45>
1291,42 Piece Marine Heat Shrink Tubing Assortment Kit,Storehouse,other,<a_32>,<a_32><b_60>,<c_165>,<a_228>,<a_228><b_244>
1292,"SE 781BC Steel Vernier Caliper, 6-Inch Measuring Range",SE,gauge_meter,<a_241>,<a_241><b_103>,<c_183>,<a_104>,<a_104><b_156>
1293,Install Bay Heat Shrink 1/8 Inch x 4 Feet,Install Bay,other,<a_32>,<a_32><b_119>,<c_15>,<a_228>,<a_228><b_153>
1294,Install Bay 3M Heat Shrink Tubing 1/4 Inch 10G - 4 Feet,Install Bay,other,<a_32>,<a_32><b_119>,<c_219>,<a_228>,<a_228><b_243>
1295,"Pro Tie 33506 SAE Size 044 Range 2-5/16-Inch-3-1/4-Inch Heavy Duty All Stainless Hose Clamp, 4-Pack",Pro Tie,connector_fitting,<a_109>,<a_109><b_13>,<c_0>,<a_71>,<a_71><b_54>
1296,Craftsman 12004 6 Gallon 3 Peak HP Wet/Dry Vac,Yesker,other,<a_176>,<a_176><b_34>,<c_134>,<a_24>,<a_24><b_2>
1297,"VORCOOL 60pcs 7mm, 10mm, 11mm, 14mm, 16mm, 17mm Spring Clips Fuel Hose Line Water Pipe Air Tube Clamps Fasteners",VORCOOL,connector_fitting,<a_172>,<a_172><b_84>,<c_23>,<a_71>,<a_71><b_202>
1298,"Osborn International 59702SP Economy Stainless Steel Scratch Brush with Plastic Handle, 5-1/2"" Brush Area Length",Osborn International,other,<a_119>,<a_119><b_32>,<c_243>,<a_24>,<a_24><b_221>
1299,"Uxcell Dual-Wall 3:1 Adhesive Lined Heat Shrink Tubing Sleeving, 4', 3/4",uxcell,adhesive_epoxy,<a_249>,<a_249><b_14>,<c_116>,<a_228>,<a_228><b_227>
1300,"Philips Sonicare 3 Series gum health rechargeable electric toothbrush, HX6631",Philips Sonicare,other,<a_122>,<a_122><b_37>,<c_43>,<a_24>,<a_24><b_20>
1301,"BOSTITCH S10D-FH 28 Degree 3-Inch by .120-Inch Wire Weld Framing Nails (2,000 per Box)",BOSTITCH,other,<a_136>,<a_136><b_136>,<c_162>,<a_42>,<a_42><b_9>
1302,"Loctite 51147 C5-A Copper Based Anti-Seize, -30 to 1800 degrees F Temperature Range, 8 oz",Loctite,other,<a_75>,<a_75><b_45>,<c_13>,<a_173>,<a_173><b_4>
1303,"Silicone Tubing - 10 Foot Piece (High Temp Hose - 500F) (3/16"" I.D. x 5/16"" O.D. x 10 Foot)",GoFlow Systems,connector_fitting,<a_165>,<a_165><b_82>,<c_87>,<a_228>,<a_228><b_192>
1304,"Duda Energy borp1 Fine Powder Boric Acid H3BO3 99, 1 lb. (Packaging may vary)",Duda Energy,other,<a_135>,<a_135><b_237>,<c_168>,<a_173>,<a_173><b_22>
1305,"RMP .125 3003 H14 Aluminum Sheet 12"" x 12",RMP,other,<a_115>,<a_115><b_16>,<c_98>,<a_251>,<a_251><b_111>
1306,Crawford Rafter Hook RH26-25 (25 Per Package),Crawford,other,<a_80>,<a_80><b_41>,<c_251>,<a_87>,<a_87><b_169>
1307,"Fowler Full Warranty Extender Dial Bore Gage Set, 52-646-400, 1.4-6"" Measuring Range, 0.0005"" Graduation Interval",Fowler,other,<a_133>,<a_133><b_131>,<c_58>,<a_104>,<a_104><b_77>
1308,ULLK2 - Ullman Devices Corp Rectangular Inspection Mirror,Ullman Devices,other,<a_129>,<a_129><b_243>,<c_145>,<a_180>,<a_180><b_90>
1309,"Carwires PBS8 8-AWG Crimp Barrier Spades, 4-Pack",Carwires,other,<a_253>,<a_253><b_222>,<c_65>,<a_67>,<a_67><b_181>
1310,"Tandy Leather Factory All-Purpose Needles, 7 Per Package",Tandy Leather Factory,other,<a_81>,<a_81><b_107>,<c_41>,<a_42>,<a_42><b_38>
1311,"110 Copper Sheet, Unpolished (Mill) Finish, ASTM B152, 0.032"" Thickness, 12"" Width, 24"" Length",Small Parts,other,<a_185>,<a_185><b_61>,<c_168>,<a_251>,<a_251><b_221>
1312,"KORAD KA3005P - Programmable Precision Variable Adjustable 30V, 5A DC Linear Power Supply Digital Regulated Lab Grade",Korad Technology,other,<a_127>,<a_127><b_246>,<c_134>,<a_30>,<a_30><b_41>
1313,"Swann-morton Scalpel Blades, #12, 5 Pack | KNF-235.12",EuroTool,other,<a_61>,<a_61><b_177>,<c_137>,<a_42>,<a_42><b_139>
1314,"Kerick Valve MA052 PVC Mini Float Valve, Tank Mount, Adjustable Arm, 1.5 gpm at 60 psi, 1/2"" NPT Male",Kerick Valve,other,<a_51>,<a_51><b_39>,<c_203>,<a_108>,<a_108><b_93>
1315,"Alvord Polk 127-0 High-Speed Steel Chucking Reamer, Straight Flute, Round Shank, Uncoated Finish, Decimal Size: 0.0305",Alvord Polk,other,<a_202>,<a_202><b_108>,<c_98>,<a_193>,<a_193><b_19>
1316,Arctic Silver Arctic Alumina Thermal Adhesive 5 Gram 3.5cc RoHS Compliant Two Tube Set with Mixing Wand,Arctic Silver 5,adhesive_epoxy,<a_222>,<a_222><b_98>,<c_82>,<a_79>,<a_79><b_214>
1317,"RMP .125 6061 T6 Aluminum Sheet 12"" x 12",RMP,other,<a_115>,<a_115><b_16>,<c_49>,<a_251>,<a_251><b_18>
1318,"Acetal Copolymer Round Rod, Opaque Black, Standard Tolerance, ASTM D6100, 5/8"" Diameter, 1' Length",Small Parts,gauge_meter,<a_185>,<a_185><b_146>,<c_214>,<a_251>,<a_251><b_204>
1319,"ProTapes Pro 950 Polyimide Film Tape, 7500V Dielectric Strength, 36 yds Length x 1/2"" Width (Pack of 1)",Pro Tapes,tape,<a_229>,<a_229><b_118>,<c_88>,<a_79>,<a_79><b_199>
1320,"ACM Economy Wash Bottle, LDPE, Squeeze Bottle Medical Label Tattoo (500ml / 16oz / 1 Bottle)",Pirate Face Tattoo,other,<a_201>,<a_201><b_156>,<c_237>,<a_150>,<a_150><b_136>
1321,"Pro Gaff Gaffers Tape 1 and 2 inch widths, 17 colors available, 2 inch, Brown",Tape Brothers,tape,<a_59>,<a_59><b_58>,<c_171>,<a_202>,<a_202><b_25>
1322,"Pro Gaff Gaffers Tape 1 and 2 inch widths, 17 colors available, 2 inch, Black",Tape Brothers,tape,<a_59>,<a_59><b_58>,<c_64>,<a_202>,<a_202><b_25>
1323,"Pro Gaff Gaffers Tape 1 and 2 inch widths, 17 colors available, 1 inch, Black",Tape Brothers,tape,<a_59>,<a_59><b_58>,<c_227>,<a_202>,<a_202><b_25>
1324,RiteBrew Rubber Stopper - Size 10 - Drilled,RiteBrew,other,<a_63>,<a_63><b_213>,<c_3>,<a_14>,<a_14><b_216>
1325,"Excel TC301A-Blue 29-Inch Steel Tool Cart, Blue",Excel,other,<a_52>,<a_52><b_135>,<c_121>,<a_87>,<a_87><b_33>
1326,"2pc 1/8""-Shank Mandrel Set - For 1/8"" & 1/4"" Wheel Disc Arbor Holes - Fits Dremel",Pro Tools,other,<a_240>,<a_240><b_26>,<c_57>,<a_193>,<a_193><b_236>
1327,Circuit-Test 22AWG Solid Hook Up Wire Kit - 6 x 25 Foot Rolls - Assorted Colors (10-HS22K6-25),Circuit-Test,other,<a_254>,<a_254><b_132>,<c_254>,<a_67>,<a_67><b_114>
1328,SOLOOP 280Pcs Assorted F/M Crimp Connectors Spade Terminal Insulated Electrical Wire Connector Kit Set,SOLOOP,connector_fitting,<a_253>,<a_253><b_43>,<c_246>,<a_67>,<a_67><b_69>
1329,"LabExact 1200158 W33 Cellulose Weighing Paper Sheet, Nitrogen Free, Non-Absorbing, High-Gloss, 3 x 3 Inches (Pack of 500)",LabExact,other,<a_145>,<a_145><b_98>,<c_94>,<a_229>,<a_229><b_246>
1330,Advanced Tool Design Model ATD-371 200 Piece Fiber & Nylon Washer Assortment,ATD,other,<a_134>,<a_134><b_27>,<c_135>,<a_159>,<a_159><b_253>
1331,"Tradespro 836357 Fiber Washer Assortment, 600-Piece",Tradespro,other,<a_134>,<a_134><b_108>,<c_149>,<a_159>,<a_159><b_84>
1332,Extech MA145 True RMS 300A AC/DC Clamp Meter,Extech,gauge_meter,<a_31>,<a_31><b_143>,<c_169>,<a_36>,<a_36><b_8>
1333,"Dry-Packs Silica Gel (10 Pack), 3g",Dry Packs,other,<a_238>,<a_238><b_157>,<c_212>,<a_150>,<a_150><b_61>
1334,LEE PRECISION Lead Ladle,LEE PRECISION,other,<a_102>,<a_102><b_66>,<c_69>,<a_229>,<a_229><b_205>
1335,"Madison Supply, Strong Neodymium Magnet Hooks (4-Pack)(12 Pound)",Madison Supply,other,<a_92>,<a_92><b_127>,<c_246>,<a_251>,<a_251><b_160>
1336,"STEREN Grip-Clip Single Coaxial Cable Mounting Fastener Clips, 100ct Black",STEREN,fastener,<a_21>,<a_21><b_187>,<c_23>,<a_67>,<a_67><b_55>
1337,"Hantek DSO5072P Digital Oscilloscope, 70 MHz Bandwidth, 1 GSa/s, 7.0"" Display",Hantek,other,<a_193>,<a_193><b_90>,<c_196>,<a_36>,<a_36><b_186>
1338,"Install Bay BVST6 Spade Terminal Vinyl Connector 16/14 Gauge #6, Blue (100-Pack)",Install Bay,connector_fitting,<a_223>,<a_223><b_222>,<c_160>,<a_67>,<a_67><b_88>
1339,"Supco T1027 Quick Disconnect, Insulated, 16-14 Gauge, 1/4"" Male/Female Piggy-Back Tabs (Pack of 10)",Supco,3d_filament,<a_247>,<a_247><b_204>,<c_179>,<a_67>,<a_67><b_150>
1340,uxcell DPDT ON/ON 2 Positions 6 Screw Terminal Toggle Switch AC 250V 15A,uxcell,connector_fitting,<a_217>,<a_217><b_109>,<c_209>,<a_236>,<a_236><b_46>
1341,URBEST(R)400V 10A 8 Postions Pre Insulated Terminal Barrier Strip Red /Black 4 Pcs,URBEST,connector_fitting,<a_159>,<a_159><b_204>,<c_8>,<a_67>,<a_67><b_136>
1342,"Ten 1"" Inch Chrome Steel Bearing Balls G25",BC Precision Balls,other,<a_185>,<a_185><b_42>,<c_2>,<a_71>,<a_71><b_104>
1343,"Shark Welding 26-6M Shark 3-Inch by 1/32-Inch by 3/8-Inch Cut-Off Wheel with Mandrel, 6-Pack.",SHARK,other,<a_42>,<a_42><b_145>,<c_36>,<a_193>,<a_193><b_233>
1344,Bearing 608ZZ Shielded 8x22x7 Miniature Ball Bearings(Pack of 10),VXB,other,<a_180>,<a_180><b_89>,<c_216>,<a_251>,<a_251><b_44>
1345,POWERTEC 17000 Workbench Caster Kit (Pack of 4),POWERTEC,other,<a_54>,<a_54><b_35>,<c_24>,<a_87>,<a_87><b_238>
1346,"Aluminum Tape/Aluminum Foil Tape - 1.9 inch x 150 feet (3.4 mil) - Good for HVAC, Ducts, Insulation and More",Impresa Products,tape,<a_179>,<a_179><b_253>,<c_194>,<a_202>,<a_202><b_232>
1347,Woodstock D4160 110-Volt Paddle Switch,Woodstock,other,<a_205>,<a_205><b_249>,<c_88>,<a_236>,<a_236><b_7>
1348,Hi-Lift Jack 4X400 4XRAC Jack Mounting System,Hi-Lift,other,<a_73>,<a_73><b_250>,<c_246>,<a_87>,<a_87><b_43>
1349,"Apache 99000233 3/4"" Fuel Swivel",Apache,other,<a_118>,<a_118><b_60>,<c_241>,<a_108>,<a_108><b_65>
1350,Bluecell Pack of 9 PCS AA / AAA Battery Storage Hard Case Box,Bluecell,other,<a_160>,<a_160><b_1>,<c_26>,<a_14>,<a_14><b_253>
1351,GRIDMANN NSF Stainless Steel Commercial Kitchen Prep & Work Table with Backsplash - 48 in. x 24 in.,GRIDMANN,other,<a_246>,<a_246><b_152>,<c_3>,<a_109>,<a_109><b_221>
1352,"Wire Harness Easy-Wrap PVC Tape, 0.75"" Width, 60' Length, 0.005"" Thick, Black",NSI,tape,<a_76>,<a_76><b_105>,<c_100>,<a_228>,<a_228><b_87>
1353,Forney 72395 Reducing Bushing Adapters for 3/4-Inch Thick Bench Grinding Wheels,Forney,other,<a_42>,<a_42><b_210>,<c_72>,<a_224>,<a_224><b_53>
1354,Red Devil Available 3332 Steel Wool Multi-Grade Pack,Red Devil,other,<a_119>,<a_119><b_216>,<c_1>,<a_173>,<a_173><b_194>
1355,"Ansen Tools AN-219 Eye Bolt and Eye Hook Assortment, 151-Piece",Ansen Tools,fastener,<a_250>,<a_250><b_185>,<c_195>,<a_224>,<a_224><b_167>
1356,RCBS Electronic Digital Caliper,RCBS,gauge_meter,<a_31>,<a_31><b_90>,<c_103>,<a_104>,<a_104><b_117>
1357,"ABN Titanium Step Drill Bit &ndash; 10 Steps from 1/4""-1-3/8"" Inches for Plastic, Wood, Metal &ndash; Steel, Brass, Aluminum, Copper",ABN,other,<a_85>,<a_85><b_157>,<c_67>,<a_17>,<a_17><b_100>
1358,"RMP .249 3003 H14 Aluminum Sheet, 12"" x 12",RMP,other,<a_115>,<a_115><b_16>,<c_243>,<a_251>,<a_251><b_111>
1359,"Big Gator Tools V-Tap Guide, Standard sizes 0-80 to 5/8",Big Gator Tools,other,<a_202>,<a_202><b_64>,<c_184>,<a_224>,<a_224><b_75>
1360,"4"" to 2-1/2"" - Y - DUST COLLECTION HOSE FITTING By Peachtree Woodworking - PW416",Peachtree Woodworking,connector_fitting,<a_118>,<a_118><b_105>,<c_101>,<a_108>,<a_108><b_250>
1361,CTA Tools A311 25-Blade Extra Long Feeler Gauge,CTA Tools,gauge_meter,<a_164>,<a_164><b_189>,<c_149>,<a_104>,<a_104><b_253>
1362,"Keeper 85207 8' x 1"" Lashing Strap, 2 Pack",Keeper,other,<a_210>,<a_210><b_79>,<c_226>,<a_71>,<a_71><b_106>
1363,5 Neodymium Hook Magnets - Each Holds up to 12 Pounds by Emovendo,Outdoor Gear & Hardware,other,<a_92>,<a_92><b_193>,<c_83>,<a_251>,<a_251><b_53>
1364,"50 Pound Hooks - Neodymium Rare Earth Magnet, Grade N48",Apex Magnets,other,<a_92>,<a_92><b_235>,<c_93>,<a_251>,<a_251><b_46>
1365,"Karter Scientific 210P2 Safety Wash Bottle, Narrow Mouth, 500 mL Capacity, Polypropylene/Plastic (Pack of 6)",Karter Scientific,other,<a_226>,<a_226><b_53>,<c_101>,<a_206>,<a_206><b_145>
1366,"End Mill Set, 6 Piece 2 Flute",LittleMachineShop.com,other,<a_212>,<a_212><b_153>,<c_36>,<a_193>,<a_193><b_8>
1367,BOSTITCH PT-2319-3M 3/4-Inch 23 Gauge Pin (3000 per Box),BOSTITCH,gauge_meter,<a_136>,<a_136><b_90>,<c_54>,<a_42>,<a_42><b_218>
1368,Oshlun MTDC-06 6-Inch Stainless Steel Decimal Dial Caliper,Oshlun,gauge_meter,<a_241>,<a_241><b_151>,<c_198>,<a_104>,<a_104><b_99>
1369,"Accusize - 2"" Carbide Indexable End Mills, R8 Shank, with 3 TPG 322 Inserts, 3 Flute, 0046-0916",Accusize Industrial Tools,other,<a_85>,<a_85><b_20>,<c_99>,<a_17>,<a_17><b_167>
1370,Rubbermaid Commercial FG264600BLA Tandem Brute Trash Dolly,Rubbermaid Commercial Products,other,<a_214>,<a_214><b_193>,<c_51>,<a_210>,<a_210><b_229>
1371,Amprobe PRM-6 Phase Sequence and Motor Rotation Tester,Amprobe,other,<a_55>,<a_55><b_26>,<c_95>,<a_36>,<a_36><b_185>
1372,FLIR CM174 True RMS 600A AC/DC Clamp Meter with IGM,FLIR,gauge_meter,<a_152>,<a_152><b_255>,<c_47>,<a_107>,<a_107><b_181>
1373,"X-Treme Tape TPE-XZLBRD Silicone Rubber Self Fusing Tape, 1"" x 10', Triangular, Bright Red",X-Treme Tape,tape,<a_179>,<a_179><b_162>,<c_204>,<a_202>,<a_202><b_198>
1374,HHIP 4401-0811 Mini Universal Magnetic Base with Fine,HHIP,other,<a_216>,<a_216><b_184>,<c_138>,<a_104>,<a_104><b_85>
1375,"Brown & Sharpe 599-579-12-5-1 Dial Caliper, Stainless Steel, Black Face, 0-12"" Range, +/-0.001"" Accuracy, 0.001"" Resolution, Meets DIN 862 Specifications",TESA Brown & Sharpe,gauge_meter,<a_192>,<a_192><b_251>,<c_8>,<a_17>,<a_17><b_75>
1376,"Century Drill and Tool 97205 Plug Hand Pipe Tap, 3/4-14 NPT",Century Drill & Tool,other,<a_202>,<a_202><b_230>,<c_80>,<a_224>,<a_224><b_88>
1377,American Terminal E-FFY250N-100 12/10-Gauge Economy Nylon Fully-Insulated Female Quick Disconnects,American Terminal,connector_fitting,<a_247>,<a_247><b_121>,<c_12>,<a_67>,<a_67><b_56>
1378,"Dremel 531 Stainless Steel Brush, Cup",Dremel,other,<a_17>,<a_17><b_223>,<c_124>,<a_24>,<a_24><b_43>
1379,Dremel 530 Stainless Steel Brush-Wheel Shape,Dremel,other,<a_17>,<a_17><b_255>,<c_19>,<a_193>,<a_193><b_191>
1380,Dremel 9933 Structured Tooth Tungsten Carbide Cutter,Dremel,other,<a_78>,<a_78><b_148>,<c_19>,<a_193>,<a_193><b_198>
1381,"Uxcell a11042100ux0278 5 x 3 Terminals Poles PCB Screw Terminal Block Connector, 300V 16A",uxcell,connector_fitting,<a_159>,<a_159><b_209>,<c_94>,<a_73>,<a_73><b_18>
1382,"Shoe GOO&reg; Adhesive, 3.7 fl oz",Shoegoo,adhesive_epoxy,<a_48>,<a_48><b_197>,<c_0>,<a_122>,<a_122><b_52>
1383,"Justrite AccuFlow 7225420 Type II Galvanized Steel Safety Can with 5/8"" Flexible Spout, 2.5 Gallon Capacity, Green",Justrite,other,<a_248>,<a_248><b_120>,<c_206>,<a_44>,<a_44><b_158>
1384,"RJ45 Tester, Continuity Tester, Coax Tester, LAN Scout Jr. Continuity Tester Klein Tools VDV526-052",Klein Tools,other,<a_209>,<a_209><b_82>,<c_243>,<a_211>,<a_211><b_233>
1385,ARM & HAMMER Spinbrush Classic Clean Battery Toothbrush,Spinbrush,other,<a_203>,<a_203><b_178>,<c_155>,<a_24>,<a_24><b_227>
1386,"Bob Smith Industries BSI-135H Maxi-Cure Extra Thick Super Glue, 1 oz.",Bob Smith Industries,adhesive_epoxy,<a_174>,<a_174><b_115>,<c_43>,<a_99>,<a_99><b_94>
1387,"Uxcell a13052700ux0220 6mm to 8mm Bore Rigid Copper Motor Coupling Coupler W Tight Screws, Rubber",uxcell,connector_fitting,<a_240>,<a_240><b_14>,<c_186>,<a_23>,<a_23><b_238>
1388,"Bob Smith Industries BSI-131H Insta-Cure Thin Super Glue, 1 oz.",Bob Smith Industries,adhesive_epoxy,<a_48>,<a_48><b_39>,<c_152>,<a_165>,<a_165><b_157>
1389,C&E Digital Optical Coax to Analog R/L audio converter,C&E,other,<a_36>,<a_36><b_246>,<c_137>,<a_36>,<a_36><b_103>
1390,"WORKSHOP WS1625AM Air Mover Fan & Carpet Dryer, High Velocity Blower Fan/Floor Dryer with Collapsible Handle & Wheels",WORKSHOP Wet/Dry Vacs,ventilation_fan,<a_3>,<a_3><b_84>,<c_78>,<a_109>,<a_109><b_104>
1391,"Seek Thermal Reveal Thermal Imaging Camera and LED Light, Blue",Seek Thermal,other,<a_152>,<a_152><b_174>,<c_73>,<a_107>,<a_107><b_104>
1392,Pomona 4970 Bnc (M) with 20 Awg Leads,Pomona,other,<a_118>,<a_118><b_32>,<c_143>,<a_170>,<a_170><b_228>
1393,Dremel Tungsten Cutter Taper DRE9934,Dremel,tape,<a_78>,<a_78><b_8>,<c_149>,<a_193>,<a_193><b_186>
1394,"Dremel SM520c 3-Inch Masonry Cut-Off Wheel, 3-Pack",Dremel,other,<a_132>,<a_132><b_221>,<c_170>,<a_193>,<a_193><b_186>
1395,KREG Tools SSW Kreg Screw Selector Wheel. Woodworking,Kreg,fastener,<a_130>,<a_130><b_110>,<c_183>,<a_224>,<a_224><b_238>
1396,Tach-It SWTH Stretch Wrap Cups with Tension Control,Tach-It,other,<a_160>,<a_160><b_113>,<c_3>,<a_170>,<a_170><b_107>
1397,"Electrical Tape 3/4"" x 66' UL/CSA several colors.",Tape Brothers,tape,<a_76>,<a_76><b_203>,<c_88>,<a_202>,<a_202><b_114>
1398,Pro-Health Clean Mint Toothpaste 6 oz. (Pack of 4),Crest,other,<a_169>,<a_169><b_227>,<c_53>,<a_66>,<a_66><b_155>
1399,"Ambu Res-Cue Key CPR Mask with Mini Keychain Pouch, Red (Pack of 5)",Ambu,other,<a_104>,<a_104><b_46>,<c_159>,<a_44>,<a_44><b_128>
1400,"Crest Pro-Health Toothpaste, Fresh Clean Mint Flavor (2 Count, 6.0 Oz Each)",Crest,other,<a_15>,<a_15><b_236>,<c_29>,<a_66>,<a_66><b_235>
1401,Loctite 242 Threadlocker Blue 50 ml,Loctite,other,<a_34>,<a_34><b_125>,<c_46>,<a_165>,<a_165><b_151>
1402,Heat High Temperature Resistant Adhesive Gold Tape for Electric Task 30m 12mm,MS WGO,tape,<a_195>,<a_195><b_9>,<c_63>,<a_206>,<a_206><b_219>
1403,"1 Mil Kapton Tape (Polyimide) - 1"" x 36 yds",Lucent,tape,<a_229>,<a_229><b_78>,<c_63>,<a_79>,<a_79><b_243>
1404,Hoover Max Extract 77 Multi-Surface Pro Hardwood Floor and Carpet Cleaner Machine FH50240,Hoover,other,<a_23>,<a_23><b_21>,<c_41>,<a_24>,<a_24><b_94>
1405,SIMMONS MFG 1350 Torque Arrestor,SIMMONS MFG,other,<a_232>,<a_232><b_233>,<c_43>,<a_170>,<a_170><b_165>
1406,"Yonisun Sound Dampening Door Bumpers, 1/2"" Diameter, Sheet of 100",Yonisun,gauge_meter,<a_167>,<a_167><b_29>,<c_228>,<a_17>,<a_17><b_33>
1407,PowerSmith PAVC101 10 Amp Ash Vacuum,POWERSMITH,other,<a_3>,<a_3><b_63>,<c_163>,<a_109>,<a_109><b_238>
1408,"Swordfish 31390 Screw & U Nut/U-Clip Assortment, 170 Piece",Swordfish,fastener,<a_250>,<a_250><b_162>,<c_54>,<a_224>,<a_224><b_158>
1409,Ten (10) R8ZZ Shielded Bearings 1/2 x 1-1/8 x 5/16 Inch Ball Bearings/Pre-Lubricated,BC Precision,other,<a_180>,<a_180><b_59>,<c_121>,<a_251>,<a_251><b_167>
1410,"Tygon F-4040-A PVC Fuel And Lubricant Tubing, 1/2"" ID, 3/4"" OD, 1/8"" Wall, 10' Length, Yellow",Tygon,other,<a_40>,<a_40><b_30>,<c_241>,<a_206>,<a_206><b_36>
1411,"DEWALT DCS16250 2-1/2-Inch by 16 Gauge Finish Nail (2,500 per Box)",DEWALT,gauge_meter,<a_136>,<a_136><b_173>,<c_19>,<a_42>,<a_42><b_33>
1412,"Industrial & Scientific"" />",Loctite,metadata_placeholder,<a_95>,<a_95><b_235>,<c_130>,<a_233>,<a_233><b_75>
1413,Stanley 83-069M Maxsteel Multi-Angle Base Vise,Stanley,other,<a_28>,<a_28><b_152>,<c_19>,<a_24>,<a_24><b_90>
1414,Temco Terminal Lug Tinned Copper Uninsulated Gauge AWG,Temco,connector_fitting,<a_253>,<a_253><b_134>,<c_51>,<a_67>,<a_67><b_230>
1415,"SE 8436MVC 3"" Universal Table Vise",SE,other,<a_148>,<a_148><b_69>,<c_129>,<a_193>,<a_193><b_37>
1416,"Gardner Bender 10-084 WingGard Wire Connector, 100 Pack, Yellow",Gardner Bender,connector_fitting,<a_253>,<a_253><b_51>,<c_13>,<a_67>,<a_67><b_106>
1417,Learn To Brew LLC Food Grade Vinyl Tubing - 10 feet 5/16 ID - 7/16 OD,Learn To Brew LLC,other,<a_67>,<a_67><b_71>,<c_141>,<a_228>,<a_228><b_44>
1418,"NoTrax 109 Brush Step Entrance Mat, for Lobbies and Indoor Entranceways, 3' Width x 10' Length x 3/8"" Thickness, Red/Black",NoTrax Floor Matting,other,<a_235>,<a_235><b_78>,<c_76>,<a_68>,<a_68><b_34>
1419,Eagle Brewing BE510 Siphon Spray Wort Aerator,Eagle,other,<a_74>,<a_74><b_217>,<c_92>,<a_150>,<a_150><b_101>
1420,"HYDROMETER - ALCOHOL, 0-200 PROOF and Tralle by Bellwether",Vee Gee Scientific,gauge_meter,<a_107>,<a_107><b_25>,<c_112>,<a_94>,<a_94><b_254>
1421,"Banjo HB075 Polypropylene Hose Fitting, Adapter, 3/4"" NPT Male x 3/4"" Barbed",Banjo Corp,connector_fitting,<a_109>,<a_109><b_190>,<c_3>,<a_108>,<a_108><b_201>
1422,Gardner Bender TK-175 Electrical Solderless Terminal Kit,Gardner Bender,connector_fitting,<a_118>,<a_118><b_230>,<c_255>,<a_67>,<a_67><b_177>
1423,Uxcell a12080200ux0383 LCD Display Resettable Refrigerator Freezer Digital Thermometer,uxcell,gauge_meter,<a_50>,<a_50><b_130>,<c_65>,<a_107>,<a_107><b_234>
1424,"AKOAK 15amp Diode Axial Schottky Blocking Diodes for Solar Cells Panel,15SQ045 Schottky(20Pcs)",AKOAK,other,<a_91>,<a_91><b_158>,<c_113>,<a_30>,<a_30><b_60>
1425,"3M 3407NA Friction Tape, 0.708-Inch x 240-Inch",3M,tape,<a_11>,<a_11><b_119>,<c_57>,<a_202>,<a_202><b_12>
1426,"PC Products 72561 PC-Concrete Two-Part Epoxy Adhesive Paste for Anchoring and Crack Repair, 8.6 oz Cartridge, Gray",PC Products,adhesive_epoxy,<a_230>,<a_230><b_212>,<c_141>,<a_165>,<a_165><b_209>
1427,"Valterra W01-1600PB Clear Vinyl Tubing - 1/2"" x 10'",Valterra,other,<a_67>,<a_67><b_85>,<c_127>,<a_228>,<a_228><b_189>
1428,"Groom Industries Solvent Free Sprayer, Flairosol",Groom Industries,other,<a_128>,<a_128><b_175>,<c_129>,<a_66>,<a_66><b_71>
1429,"3M Duct Tape Black, 3920-BK, 1.88 Inches by 20 Yards",Scotch,tape,<a_89>,<a_89><b_167>,<c_66>,<a_202>,<a_202><b_160>
1430,"Sashco Big Stretch Acrylic Latex High Performance Caulking Sealant, 10.5 oz Cartridge, Woodtone",Sashco,other,<a_157>,<a_157><b_27>,<c_25>,<a_244>,<a_244><b_187>
1431,"SPAX Multi-Material Yellow Zinc Screw Assortment Kit, Small",Wirezoll,fastener,<a_231>,<a_231><b_235>,<c_199>,<a_224>,<a_224><b_139>
1432,"Sashco Pre-Caulking Filler Rope Backer Rod Roll, 100' Length x 3/8"" Width, Grey",Sashco,other,<a_45>,<a_45><b_27>,<c_101>,<a_244>,<a_244><b_185>
1433,"Frost King Available R534H Sponge Rubber Foam Tape 5/16-Inch, Black, 3/4"" W, 5/16"" T, 10 ft L",Frost King,tape,<a_83>,<a_83><b_233>,<c_29>,<a_202>,<a_202><b_16>
1434,ECO-BOND Kitchen-Bath-Plumbing,ECO-BOND,other,<a_10>,<a_10><b_71>,<c_1>,<a_244>,<a_244><b_247>
1435,"Rigol DS1054Z Digital Oscilloscopes - Bandwidth: 50 Mhz, Channels: 4",Rigol,other,<a_193>,<a_193><b_134>,<c_198>,<a_36>,<a_36><b_186>
1436,475pcs Metric Pan Head Philips Machine Bolts Nuts with Lock and Flat Washers Kit,CO RODE,fastener,<a_231>,<a_231><b_170>,<c_27>,<a_224>,<a_224><b_121>
1437,"TEKTON 4325 3-Inch Utility Cut-Off Wheels, 5-Piece",TEKTON,other,<a_40>,<a_40><b_74>,<c_59>,<a_197>,<a_197><b_171>
1438,"E.C. Kraus Plastic Bottle Filler: 3/8"" Tubing",E.C. Kraus,other,<a_63>,<a_63><b_167>,<c_102>,<a_150>,<a_150><b_150>
1439,Pentek 151122 OR-100 Buna-N O-ring for Big Blue Housings,"Pentek, Pentair Water",other,<a_77>,<a_77><b_154>,<c_85>,<a_52>,<a_52><b_209>
1440,Arrow Fastener WA3/16 Aluminum Washers,ARROW FASTENER,fastener,<a_33>,<a_33><b_68>,<c_4>,<a_108>,<a_108><b_76>
1441,Neiko Wing Nut Assortment - 150 Pieces with Plastic Storage Case,Neiko Tools,fastener,<a_231>,<a_231><b_180>,<c_248>,<a_224>,<a_224><b_64>
1442,"First Aid Only 4"" X 4"" Water Jel Burn Dressing, Sterile (Pack of 3)",First Aid Only,other,<a_243>,<a_243><b_155>,<c_192>,<a_44>,<a_44><b_131>
1443,"Quick Links-3/16""  (Pkg of 12)",TOPHILL,other,<a_172>,<a_172><b_169>,<c_62>,<a_71>,<a_71><b_39>
1444,"ProTapes Pro Duct 110 PE-Coated Cloth General Purpose Duct Tape, 60 yds Length x 2"" Width, Silver (Pack of 1)",Pro Tapes,tape,<a_89>,<a_89><b_73>,<c_31>,<a_202>,<a_202><b_62>
1445,"Hot Rolled Steel Square Tubing, ASTM A-36, 2-1/2"" x 2-1/2"", 0.12"" Wall, 60"" Length",Small Parts,other,<a_96>,<a_96><b_141>,<c_157>,<a_17>,<a_17><b_138>
1446,"InstallGear 4 Gauge AWG Crimp Ring Terminals Connectors - 4-Pack (2 Positive, 2 Negative)",InstallGear,connector_fitting,<a_253>,<a_253><b_236>,<c_246>,<a_67>,<a_67><b_107>
1447,"Remington Industries 18UL1007STRKIT UL1007 18 AWG Gauge Stranded Hook-Up Wire Kit, 300V, 0.0403"" Diameter, 25' Length Each",Remington Industries,gauge_meter,<a_254>,<a_254><b_127>,<c_101>,<a_67>,<a_67><b_152>
1448,Lazer Bond Protective Carrying Case Liquid Plastic Resin that Seals in Seconds with UV Light,Lazer Bond,other,<a_233>,<a_233><b_32>,<c_129>,<a_99>,<a_99><b_25>
1449,"Black Split Loom, 1/2"" (100 ft.)",Del City,other,<a_246>,<a_246><b_46>,<c_90>,<a_170>,<a_170><b_173>
1450,"DEWALT DCS16125 1-1/4-Inch by 16 Gauge Finish Nail (2,500 per Box)",DEWALT,gauge_meter,<a_136>,<a_136><b_173>,<c_14>,<a_42>,<a_42><b_33>
1451,"Southco C3-810 Series Passivated Plastic Grabber Catch Side Mount Concealed Push-To-Close Latch with Black Spring, 44N Pullup, Black",Southco,other,<a_244>,<a_244><b_142>,<c_237>,<a_71>,<a_71><b_43>
1452,American Terminal E-FMR250N-100 22/18-Gauge Economy Nylon Fully-Insulated Male Quick Disconnects,American Terminal,connector_fitting,<a_247>,<a_247><b_121>,<c_199>,<a_67>,<a_67><b_56>
1453,Blue Insultion Displacement Connector 16-14 GA - 100 Pack,Install Bay,connector_fitting,<a_223>,<a_223><b_190>,<c_121>,<a_67>,<a_67><b_208>
1454,SOLOOP 100pcs Red Assorted Insulated Female&Male Bullet Butt Connector wire Crimp Terminals,SOLOOP,connector_fitting,<a_253>,<a_253><b_248>,<c_98>,<a_67>,<a_67><b_13>
1455,Absolute USA MQD1614B 16/14 Gauge Nylon Fully Insulated Male Quick Disconnects (Blue),Absolute,gauge_meter,<a_247>,<a_247><b_42>,<c_139>,<a_23>,<a_23><b_202>
1456,Caster Classics 2-inch Locking Low Profile HD Rubber Wheel Plate Casters - 4-Pack,Caster Classics,other,<a_77>,<a_77><b_12>,<c_1>,<a_158>,<a_158><b_161>
1457,Vacuum Pump - 12V,Karlsson Robotics,other,<a_154>,<a_154><b_105>,<c_146>,<a_24>,<a_24><b_247>
1458,"Swan 0100003 99% Isopropyl Alcohol Antiseptic Solution, 16 oz. (Pack of 12)",Swan,other,<a_171>,<a_171><b_104>,<c_52>,<a_44>,<a_44><b_122>
1459,"Forney 72730 Wire Cup Brush, Fine Crimped with 1/4-Inch Hex Shank, 2-Inch-by-.008-Inch",Forney,other,<a_17>,<a_17><b_140>,<c_1>,<a_193>,<a_193><b_178>
1460,"Forney 72729 Wire Cup Brush, Coarse Crimped with 1/4-Inch Hex Shank, 2-Inch-by-.012-Inch",Forney,other,<a_17>,<a_17><b_140>,<c_71>,<a_193>,<a_193><b_178>
1461,"3M(TM) Scotch-Seal(TM) Mastic Tape Compound 2229, 1 in x 10 ft, Black,Moisture & Corrosion Resistant",3M,tape,<a_83>,<a_83><b_19>,<c_118>,<a_202>,<a_202><b_32>
1462,"Uxcell a12041700ux0257 6"" SMA Male to SMA Right Angle Male Connector Jumper Pigtail Cable RG316",uxcell,connector_fitting,<a_221>,<a_221><b_14>,<c_175>,<a_23>,<a_23><b_241>
1463,500 2x3 Clear Plastic Zipper Poly Locking Reclosable Bags 2 MiL,ValueMailers,other,<a_163>,<a_163><b_16>,<c_168>,<a_210>,<a_210><b_130>
1464,"GOOACC ZIP3040 GRC-55 SE Self Lock Bag Set Single Zipper ZB34, 100 Piece",GOOACC,other,<a_238>,<a_238><b_140>,<c_42>,<a_210>,<a_210><b_9>
1465,Install Bay Vinyl Terminal Ring Connector 5/16 Inch 16/14 Gauge 100 Pack Blue - BVRT516,Install Bay,connector_fitting,<a_223>,<a_223><b_59>,<c_133>,<a_67>,<a_67><b_58>
1466,Seek Thermal Compact Imager for iOS-Apple,Seek Thermal,other,<a_152>,<a_152><b_234>,<c_127>,<a_36>,<a_36><b_64>
1467,"Primacare DS-9290-BK Classic Series Adult Dual-Head Stethoscope, 22"" PVC Tubing Length, Black",Primacare,other,<a_18>,<a_18><b_253>,<c_20>,<a_180>,<a_180><b_159>
1468,"Hillman 1/4-20 C NEX 150003 Coarse Thread Hex Nuts, 1/4 X 20-Inch, 100-Pack, Steel",Hillman,fastener,<a_6>,<a_6><b_208>,<c_213>,<a_224>,<a_224><b_77>
1469,National Hardware N278-309 V7710 Wire Nail in Galvanized,National Hardware,other,<a_79>,<a_79><b_6>,<c_131>,<a_71>,<a_71><b_102>
1470,"Premium Vials Clear Perforated Shrink Bands (250, 38 X 28 mm)",Premium Vials,other,<a_145>,<a_145><b_52>,<c_42>,<a_170>,<a_170><b_45>
1471,"Frogg Toggs 647484919185 Chilly Pad Cooling Towel, 33"" Length x 13"" Width, Sand",Frogg Toggs,other,<a_170>,<a_170><b_41>,<c_59>,<a_210>,<a_210><b_25>
1472,"3M Littmann Lightweight II S.E. Stethoscope, Burgundy Tube, 28 inch, 2451",3M Littmann,other,<a_18>,<a_18><b_153>,<c_13>,<a_180>,<a_180><b_186>
1473,"Moen LR2352DBN Toilet Paper Holder with Grab Bar, Brushed Nickel",Moen,other,<a_244>,<a_244><b_189>,<c_235>,<a_71>,<a_71><b_41>
1474,Vktech 100PCS 1ml Graduated Pipettes Dropper Polyethylene,Vktech,other,<a_43>,<a_43><b_192>,<c_177>,<a_94>,<a_94><b_32>
1475,JVCC HZ-8 Hazard Warning Tape: 2 in. x 18 yds. (Red with White stripes),J.V. Converting,tape,<a_87>,<a_87><b_102>,<c_45>,<a_68>,<a_68><b_80>
1476,JVCC HZ-8 Hazard Warning Tape: 6 in. x 18 yds. (Black with White stripes),J.V. Converting,tape,<a_87>,<a_87><b_102>,<c_1>,<a_68>,<a_68><b_80>
1477,TEKTON 7165 6-Inch Dial Caliper,TEKTON,gauge_meter,<a_241>,<a_241><b_64>,<c_204>,<a_104>,<a_104><b_33>
1478,Wet Ones 4723 Antibacterial Individually Wrapped Single Wipe 24-Count (Case of 10),Wet Ones,other,<a_170>,<a_170><b_128>,<c_161>,<a_44>,<a_44><b_177>
1479,"Deflecto Early Warning Road Safety Triangle Kit, Reflective, 3-Pack (73-0711-00)",Deflecto,other,<a_87>,<a_87><b_104>,<c_77>,<a_15>,<a_15><b_65>
1480,"Tekpower TP3005T Variable Linear DC Power Supply, 0-30V @ 0-5A with Alligator Test Leads",Tekpower,other,<a_220>,<a_220><b_190>,<c_246>,<a_158>,<a_158><b_99>
1481,Install Bay CCL1614 Crimp Cap Nylon Connector 16/14 Gauge Long Neck -100-Pack,Install Bay,connector_fitting,<a_186>,<a_186><b_14>,<c_232>,<a_67>,<a_67><b_133>
1482,Propylene Glycol 1 Quart - USP - KOSHER - PURE,Essential Depot,other,<a_171>,<a_171><b_4>,<c_231>,<a_150>,<a_150><b_98>
1483,ZJchao 10 Pieces Tungsten Carbide Single Cut Rotary Burr SET 1/8,ZJchao,other,<a_78>,<a_78><b_43>,<c_232>,<a_193>,<a_193><b_30>
1484,Yellow Insultion Displacement Connector 12-10 GA - 100 Pack,Install Bay,connector_fitting,<a_247>,<a_247><b_18>,<c_229>,<a_67>,<a_67><b_215>
1485,"Country Brook Design | Black Sew on Hook and Loop (2 inch, 10 yards)",Country Brook Design,other,<a_60>,<a_60><b_252>,<c_21>,<a_206>,<a_206><b_0>
1486,"National Hardware N348-417 2003 Hooks & Eyes - Stainless Steel in Stainless Steel, 4",NATIONAL/SPECTRUM BRANDS HHI,other,<a_111>,<a_111><b_107>,<c_206>,<a_71>,<a_71><b_253>
1487,"GT-5000 (6 Strips) Grip Tape for guns, cell phones, cameras, knives, tools - makes anything ""Grippy",Hi-Tec,tape,<a_195>,<a_195><b_59>,<c_195>,<a_206>,<a_206><b_68>
1488,"Ansen Tools AN 101 Self Tapping Hex Washer Head Screw Assortment, 200-Piece",Ansen Tools,fastener,<a_168>,<a_168><b_74>,<c_182>,<a_224>,<a_224><b_222>
1489,SUNKEE 28-pin ZIF Socket,SUNKEE,other,<a_99>,<a_99><b_2>,<c_145>,<a_73>,<a_73><b_127>
1490,"Pyrex 1003-250CN Heavy Duty Griffin 1003 250mL Beaker Double Scale Grad, Glass",Pyrex,other,<a_251>,<a_251><b_53>,<c_3>,<a_94>,<a_94><b_172>
1491,Hantek 2X 200MHz Oscilloscope Switchable Clip Probes with Accessory Kit,Hantek,other,<a_193>,<a_193><b_137>,<c_89>,<a_36>,<a_36><b_102>
1492,Triple Scale Hydrometer,Home Brew Ohio,gauge_meter,<a_107>,<a_107><b_80>,<c_186>,<a_94>,<a_94><b_181>
1493,"Apache 98441022 1/4"" Quick Disconnect Pressure Washer Adapter Set",Apache,other,<a_118>,<a_118><b_121>,<c_94>,<a_108>,<a_108><b_142>
1494,Diageng 10pcs Phono RCA Male Plug a AV Tornillo Terminal Plug Conector,Diageng,connector_fitting,<a_209>,<a_209><b_248>,<c_176>,<a_211>,<a_211><b_244>
1495,"Pentek 244047 Mounting Bracket Kit for 1/4"", 3/8"" and 1/2"" Housings",Pentek,other,<a_205>,<a_205><b_189>,<c_246>,<a_23>,<a_23><b_5>
1496,"Tongue Depressors, Sterile, Adult, Wood, 6""x0.6875"", 100/BX",Dukal,other,<a_161>,<a_161><b_69>,<c_234>,<a_180>,<a_180><b_216>
1497,"Pentek 150578 MC-1A Bracket for 3/4"" 3G Filter Housings",Pentek,other,<a_134>,<a_134><b_172>,<c_172>,<a_109>,<a_109><b_86>
1498,"Bag-N-Seal Impulse - Cellophane Bag Sealer with Extra Heating Element & Teflon Sheet, 300mm",Bag-N-Seal,other,<a_37>,<a_37><b_150>,<c_66>,<a_170>,<a_170><b_118>
1499,Smart Weigh CW-500G Carbon Steel 500g OIML Class M1: &plusmn; 25 mg Calibration Weight with Chrome Finish,Smart Weigh,other,<a_98>,<a_98><b_246>,<c_56>,<a_229>,<a_229><b_95>
1500,"Filter Paper, Qualitative, Medium, 11cm",Scientific Equipment of Houston,other,<a_93>,<a_93><b_218>,<c_99>,<a_94>,<a_94><b_29>
1501,"CREST COOL MINT GEL , Cool Mint, 6.4 oz",Crest,other,<a_15>,<a_15><b_165>,<c_151>,<a_66>,<a_66><b_181>
1502,"Dap 18275 DYNAFLEX 230, White 100% Waterproof Window, Door & Trim Sealant, 10.1 oz",DAP,other,<a_157>,<a_157><b_133>,<c_45>,<a_244>,<a_244><b_103>
1503,"Homewerks VBV-P40-B7B Ball Valve, PVC Schedule 40, Female Thread x Female Thread, 1-1/2-Inch",Homewerks,other,<a_51>,<a_51><b_105>,<c_230>,<a_108>,<a_108><b_64>
1504,"Puracy Natural Carpet Cleaner Detergent, 4x Professional Pet Stain Remover & Deodorizer, 25 Ounce",Puracy,other,<a_12>,<a_12><b_143>,<c_182>,<a_206>,<a_206><b_184>
1505,Hoover Dual V Tank For Hoover V2 SteamVacs,Hoover,other,<a_154>,<a_154><b_58>,<c_197>,<a_24>,<a_24><b_112>
1506,"Loctite Vinyl, Fabric and Plastic Repair Adhesive 1-Ounce Tube (1360694)",Loctite,adhesive_epoxy,<a_48>,<a_48><b_242>,<c_156>,<a_165>,<a_165><b_243>
1507,Performix 12213 Plasti Dip Black  - 22 oz. Dip Can,Plasti Dip,other,<a_225>,<a_225><b_83>,<c_65>,<a_173>,<a_173><b_177>
1508,"Vestil BTL-RC-8-LBL Low Density Polyethylene (LDPE) Round Graduated Dispensing Bottle with Label and Red Cap, 8 oz Capacity, Translucent",Vestil,other,<a_112>,<a_112><b_241>,<c_220>,<a_150>,<a_150><b_129>
1509,Diffraction Grating Slides-Linear 1000 Line/mm,SEOH,other,<a_93>,<a_93><b_165>,<c_174>,<a_14>,<a_14><b_223>
1510,Motsenbocker's Lift Off 411-01 Spray Paint Graffiti Remover,MOTSENBOCKER LIFT-OFF,other,<a_219>,<a_219><b_171>,<c_37>,<a_66>,<a_66><b_71>
1511,uxcell 2 Pcs 12 Position Covered Barrier Screw Terminal Block 600V 15A,uxcell,connector_fitting,<a_187>,<a_187><b_144>,<c_125>,<a_73>,<a_73><b_71>
1512,"SharkBite 22461LF Barb PEX Ball Valve, 1/2-Inch, Brass",SharkBite,other,<a_51>,<a_51><b_200>,<c_24>,<a_108>,<a_108><b_252>
1513,Thermal Grizzly Conductonaut Thermal Grease Paste - 1.0 Gram,Thermal Grizzly,ventilation_fan,<a_222>,<a_222><b_138>,<c_133>,<a_79>,<a_79><b_232>
1514,Hilitchi 360pcs M2 M3 M4 Male Female Brass Spacer Standoff Screw Nut Assortment Kit,Hilitchi,fastener,<a_64>,<a_64><b_42>,<c_160>,<a_224>,<a_224><b_1>
1515,"Dorman Hardware 4-9771 Pliers Holders, 4-Pack",Home & Tools,other,<a_2>,<a_2><b_142>,<c_33>,<a_71>,<a_71><b_67>
1516,"Plymor 3"" x 5"", 4 Mil (Pack of 100) Heavy Duty Plastic Reclosable Zipper Bags",Plymor,other,<a_238>,<a_238><b_58>,<c_134>,<a_210>,<a_210><b_219>
1517,"Alloy Steel Socket Cap Screw Assortment with Internal Hex Drive (255 Pieces), Plain Finish, Metric, With Case",Small Parts,fastener,<a_96>,<a_96><b_84>,<c_253>,<a_224>,<a_224><b_176>
1518,Install Bay Copper Ring Terminal 8 Gauge 3/8 Inch 25 Pack - CUR838,Install Bay,connector_fitting,<a_186>,<a_186><b_244>,<c_0>,<a_67>,<a_67><b_1>
1519,"TOGGLER ALLIGATOR AF6 Flanged Anchor, Polypropylene, Made in US, For #6 to #12 Fastener Sizes (Pack of 100)",TOGGLER,fastener,<a_250>,<a_250><b_13>,<c_167>,<a_224>,<a_224><b_47>
1520,"Loos Stainless Steel 302/304 Wire Rope, 7x7 Strand Core, 1/8"" Bare OD, 25' Length, 1700 lbs Breaking Strength",Loos & Co.,other,<a_246>,<a_246><b_91>,<c_132>,<a_71>,<a_71><b_119>
1521,"Aluminum Crimping Loop Sleeve for 1/8"" Diameter Wire Rope and Cable, (Pack of 100)",Small Parts,gauge_meter,<a_186>,<a_186><b_250>,<c_169>,<a_67>,<a_67><b_249>
1522,Yosoo GM328 Lcd Display Transistor Tester ESR Meter Cymometer Square Wave Generator,Yosoo,gauge_meter,<a_30>,<a_30><b_75>,<c_183>,<a_36>,<a_36><b_200>
1523,"WEN 73004 500 lb Capacity Service Cart, X-Large",WEN,other,<a_27>,<a_27><b_79>,<c_0>,<a_210>,<a_210><b_90>
1524,"Vestil FJB-100 Basement Floor Jack, 54"" - 100"" Height Range, Maximum Height Capacity (lbs.) 5600, Minimum Height Capacity (lbs.) 8438",Vestil,other,<a_73>,<a_73><b_186>,<c_0>,<a_87>,<a_87><b_247>
1525,Pentek 150296 SW-3 Wrench for #10 Big Blue Housings,Pentek,other,<a_134>,<a_134><b_84>,<c_225>,<a_52>,<a_52><b_209>
1526,Genova Products 31410CP 1-Inch PVC Pipe Tee - 10 Pack,Genova,ventilation_fan,<a_166>,<a_166><b_59>,<c_98>,<a_108>,<a_108><b_81>
1527,"XFasten Professional Aluminum Foil Tape, 3.6 mil, 2 Inches x 55 Yards HVAC Tape",XFasten,tape,<a_179>,<a_179><b_70>,<c_216>,<a_202>,<a_202><b_232>
1528,Wedge-It - The Ultimate Door Stop - Black,Wedge-It,other,<a_28>,<a_28><b_161>,<c_1>,<a_170>,<a_170><b_84>
1529,"Gardner Bender 10-145F 12-10 Female Terminal, 100 Pack, Yellow AWG",Gardner Bender,connector_fitting,<a_186>,<a_186><b_0>,<c_121>,<a_67>,<a_67><b_245>
1530,SEOH Thermometer Red Spirit Total Immersion -10 to 60C 20 to 140F Dual Scale,SEOH,gauge_meter,<a_16>,<a_16><b_200>,<c_255>,<a_107>,<a_107><b_200>
1531,"Prestige Medical Fluoride Scissor, Black, 7 1/2 Inch",Prestige Medical,other,<a_61>,<a_61><b_176>,<c_77>,<a_180>,<a_180><b_41>
1532,"First Voice TS-3183 Sterile Self-Adherent Stretch Sensi-Wrap Bandage, 5 yds Length x 3"" Width (Pack of 10)",First Voice,other,<a_233>,<a_233><b_155>,<c_40>,<a_122>,<a_122><b_11>
1533,"Dealmed Brand Nitrile Medical Grade Exam Gloves, Disposable, Latex-Free, 200 Count, Size Large",Dealmed,other,<a_60>,<a_60><b_223>,<c_218>,<a_206>,<a_206><b_243>
1534,Shop-Vac 1.25 inch Diameter Locking Hose Kit,Shop-Vac,connector_fitting,<a_19>,<a_19><b_74>,<c_43>,<a_24>,<a_24><b_173>
1535,"Precision Brand B24HS All Stainless Worm Gear Hose Clamp, 1-1/16"" - 2"" (Pack of 10)",Precision Brand,connector_fitting,<a_109>,<a_109><b_54>,<c_24>,<a_71>,<a_71><b_242>
1536,"Industrial & Scientific"" />",Precision Brand,metadata_placeholder,<a_95>,<a_95><b_183>,<c_9>,<a_15>,<a_15><b_234>
1537,"Uxcell a10060200ux0163 Splice Joints UY Connector 2-Port Network Wire Connectors, 50 Piece, Yellow",uxcell,connector_fitting,<a_159>,<a_159><b_234>,<c_25>,<a_67>,<a_67><b_6>
1538,"FastenMaster FMTLOK10-12 TimberLOK Heavy-Duty Wood Screw, 10 Inches, 12-Count",FastenMaster,fastener,<a_250>,<a_250><b_254>,<c_107>,<a_224>,<a_224><b_33>
1539,550 Pieces Nail and Brad Assortment 7 Different Sizes!,Premium Life,other,<a_33>,<a_33><b_98>,<c_2>,<a_42>,<a_42><b_76>
1540,"Shop-Vac 90526 Small Foam Sleeve, Type CC",Shop-Vac,other,<a_19>,<a_19><b_48>,<c_235>,<a_24>,<a_24><b_46>
1541,Ginsco 260pcs Insulated Female&Male Bullet Butt Connector wire Crimp Terminals Set Red Blue Yellow,Ginsco,connector_fitting,<a_253>,<a_253><b_14>,<c_160>,<a_67>,<a_67><b_127>
1542,"Spot Nails 18518 18-Gauge Galvanized Brad Nail, 5000-Count, 1-1/8-Inch",Spot Nails,gauge_meter,<a_136>,<a_136><b_131>,<c_112>,<a_42>,<a_42><b_36>
1543,"Aluminum 6061-T6 Seamless Round Tubing, WW-T 700/6, 1-1/8"" OD, 1.009"" ID, 0.058"" Wall, 12",Small Parts,other,<a_185>,<a_185><b_79>,<c_113>,<a_251>,<a_251><b_0>
1544,"Prestige Medical Fluoride Scissor, Black, 5 1/2 Inch",Prestige Medical,other,<a_61>,<a_61><b_176>,<c_237>,<a_180>,<a_180><b_41>
1545,Top-cofrLD 1/4w Resistors Pack 164 values x 10pcs = 1640pcs 0-22M Metal Film Full range resistors Assortment Kits,Top-cofrLD,other,<a_101>,<a_101><b_89>,<c_81>,<a_73>,<a_73><b_183>
1546,BreakFree CLP-PS Precision Shooter,BreakFree,other,<a_171>,<a_171><b_234>,<c_227>,<a_173>,<a_173><b_100>
1547,Capri Tools 10019 Assorted Heat Shrink Tubing for Wires and Cables,Capri Tools,other,<a_253>,<a_253><b_195>,<c_35>,<a_228>,<a_228><b_69>
1548,Grip 8 pc Carbide Rotary Burr Set,Grip,other,<a_78>,<a_78><b_55>,<c_252>,<a_193>,<a_193><b_113>
1549,Vktech 100PCS 0.2ml Graduated Pipettes Dropper Polyethylene,Vktech,other,<a_43>,<a_43><b_192>,<c_220>,<a_94>,<a_94><b_32>
1550,"Nubee Dual Laser Optical Focus Temperature Gun Non Contact Infrared IR Thermometer Range -58 to 1076&deg;F, 16:1 D:S, Instant-read, FDA/FCC/CE/ROHS",Nubee,gauge_meter,<a_50>,<a_50><b_251>,<c_136>,<a_107>,<a_107><b_42>
1551,"BuildTak 3D Printing Build Surface, 4.5"" x 4.5"" Square, Black (Pack of 3)",BuildTak,other,<a_126>,<a_126><b_65>,<c_181>,<a_223>,<a_223><b_184>
1552,"3D Solutech Teal Blue 3D Printer PLA Filament 1.75MM Filament, Dimensional Accuracy +/- 0.03 mm, 2.2 LBS (1.0KG)",3D Solutech,3d_filament,<a_58>,<a_58><b_78>,<c_27>,<a_223>,<a_223><b_80>
1553,Inland 1.75mm Red PLA 3D Printer Filament - 1kg Spool (2.2 lbs),Inland,3d_filament,<a_237>,<a_237><b_122>,<c_30>,<a_158>,<a_158><b_72>
1554,Inland 1.75mm Peak Green PLA 3D Printer Filament - 1kg Spool (2.2 lbs),Inland,3d_filament,<a_237>,<a_237><b_122>,<c_17>,<a_158>,<a_158><b_72>
1555,10 Pack of 10ml 10cc 2 Tsp. Oral Medication Syringes with Tip Cap W/o Needle(1 Pack),COVIDIEN,other,<a_226>,<a_226><b_145>,<c_251>,<a_17>,<a_17><b_31>
1556,"microtivity IM414 Double-sided Prototyping Board (4x6cm, Pack of 5)",microtivity,other,<a_82>,<a_82><b_199>,<c_49>,<a_73>,<a_73><b_114>
1557,44pc 8mm Mini Brass Hinge Replacement Wood Screws - Great for Arts & Crafts,Femitu,fastener,<a_68>,<a_68><b_77>,<c_117>,<a_159>,<a_159><b_64>
1558,"Glass Beakers, 100ml Pack of 12",MHB,other,<a_86>,<a_86><b_104>,<c_92>,<a_94>,<a_94><b_122>
1559,"Hakko CHP 7-SA Stainless Steel Non-Magnetic Precision Tweezers with Very-Fine Point Curved Tips, 4-1/2"" Length",Hakko,other,<a_72>,<a_72><b_141>,<c_197>,<a_42>,<a_42><b_110>
1560,"Rock-N-Roller R10RT (Max) 8-in-1 Folding Multi-Cart/Hand Truck/Dolly/Platform Cart/34"" to 52"" Telescoping Frame/500 lbs. Load Capacity, Black",Rock-N-Roller,other,<a_52>,<a_52><b_255>,<c_116>,<a_87>,<a_87><b_82>
1561,Install Bay CC1210 Crimp Cap Nylon Connector 12/10 Gauge (100-Pack),Install Bay,connector_fitting,<a_186>,<a_186><b_14>,<c_135>,<a_67>,<a_67><b_133>
1562,"Uxcell a13041000ux0023 Metal 6 mm Knurled Shaft Insert Dia. Potentiometer Control Knobs, 10 Piece, Black",uxcell,gauge_meter,<a_137>,<a_137><b_187>,<c_164>,<a_159>,<a_159><b_147>
1563,15 Value 270 pcs Electrolytic Capacitors Assortment Box Easy Use,Ecowsera,other,<a_220>,<a_220><b_230>,<c_210>,<a_17>,<a_17><b_245>
1564,"MG Chemicals Red Insulating Varnish, 225 mL Can",MG Chemicals,other,<a_207>,<a_207><b_9>,<c_245>,<a_79>,<a_79><b_137>
1565,Westek SLC4CG Gray Automatic Photocell Sensor Control,Westek,other,<a_196>,<a_196><b_87>,<c_71>,<a_109>,<a_109><b_253>
1566,"Electronics-Salon 0.47uF to 1000uF Electrolytic Capacitors Assortment Kit, 13 Values, Total 200 Pieces",Electronics-Salon,other,<a_100>,<a_100><b_153>,<c_250>,<a_236>,<a_236><b_183>
1567,Pro-Lift B-004D Grey Hydraulic Bottle Jack - 4 Ton Capacity,Pro-LifT,other,<a_73>,<a_73><b_253>,<c_135>,<a_87>,<a_87><b_37>
1568,"FiberFix 1"" Repair Tape Wrap - Fix Anything with Permanent Waterproof Repair Tape 100X Stronger than Duct Tape",FiberFix,tape,<a_59>,<a_59><b_100>,<c_111>,<a_122>,<a_122><b_126>
1569,"Gear Aid Aquaseal FD Flexible Repair Adhesive for Outdoor Gear and Vinyl, Clear Glue",Gear Aid,adhesive_epoxy,<a_110>,<a_110><b_224>,<c_13>,<a_122>,<a_122><b_70>
1570,SUNKEE 100PCS Dupont Jumper Wire Cable Male Pin Connector 2.54mm,SUNKEE,connector_fitting,<a_253>,<a_253><b_43>,<c_186>,<a_73>,<a_73><b_218>
1571,Devcon 35345 2 Ton Clear Epoxy - 0.5 oz. 2-Part Tube,Devcon,adhesive_epoxy,<a_211>,<a_211><b_179>,<c_0>,<a_165>,<a_165><b_71>
1572,"Devcon Epoxy, 2 Ton Epoxy, 4.25 Ounce each, 2 Bottles",EuroTool,adhesive_epoxy,<a_211>,<a_211><b_179>,<c_7>,<a_165>,<a_165><b_71>
1573,"HATCHBOX PLA 3D Printer Filament, Dimensional Accuracy +/- 0.03 mm, 1 kg Spool, 1.75 mm, Orange",HATCHBOX,3d_filament,<a_58>,<a_58><b_172>,<c_24>,<a_223>,<a_223><b_198>
1574,"HATCHBOX PLA 3D Printer Filament, Dimensional Accuracy +/- 0.03 mm, 1 kg Spool, 1.75 mm, Pink",HATCHBOX,3d_filament,<a_58>,<a_58><b_172>,<c_47>,<a_223>,<a_223><b_198>
1575,"ROBO 3D R1 Fully Assembled 3D Printer, 8"" x 9"" x 10"" (Discontinued)",ROBO 3D,3d_filament,<a_140>,<a_140><b_49>,<c_252>,<a_91>,<a_91><b_176>
1576,"IPS Weld-On 3 Acrylic Plastic Cement with Weld-On Applicator Bottle with Needle, 4 oz Can, Clear",Weld-on,other,<a_124>,<a_124><b_157>,<c_109>,<a_165>,<a_165><b_205>
1577,Uxcell a09082800ux0246 Red Motherboard Screw Insularing Fiber Washers (Pack of 100),uxcell,fastener,<a_64>,<a_64><b_168>,<c_199>,<a_23>,<a_23><b_83>
1578,"ADC Adscope Lite 609 Ultra Lightweight Clinician Stethoscope, 31 inch Length, Frosted Seafoam",ADC,other,<a_18>,<a_18><b_192>,<c_84>,<a_180>,<a_180><b_27>
1579,"Superior Pump 99555 Universal Check Valve, Plastic, Fits all 1-1/4-Inch or 1-1/2-Inch MIP or FIP",Superior Pump,other,<a_232>,<a_232><b_246>,<c_87>,<a_108>,<a_108><b_28>
1580,Walter Surface Technologies 53L350 Trigger Sprayer - Refillable Empty Spray Bottle. Janitorial Supplies,Walter Surface Technologies,other,<a_128>,<a_128><b_207>,<c_54>,<a_150>,<a_150><b_212>
1581,Uxcell Wire Wrap Sleeve 3 mm Dia 30 mm Long Heat Shrink Tubing 240Pcs Black,uxcell,other,<a_65>,<a_65><b_115>,<c_2>,<a_17>,<a_17><b_219>
1582,Ginsco 100pcs Insulated Heat Shrink Waterproof Butt Connectors Wire electrical 10-22 AWG Kit,Ginsco,connector_fitting,<a_253>,<a_253><b_89>,<c_162>,<a_67>,<a_67><b_243>
1583,"PARTYSAVING 36ROLLS 2"" X 110 Yards (330 ft) Clear Packing Shipping Storage Box Sealing Packaging Tape APL1256, 36 Rolls",PARTYSAVING,tape,<a_14>,<a_14><b_185>,<c_41>,<a_202>,<a_202><b_55>
1584,"Primefit R1401G Mini Air Regulator with steel-Protected Gauge, 60-Scfm At 100-Psi, 1/4"" Npt",Primefit,gauge_meter,<a_123>,<a_123><b_172>,<c_155>,<a_108>,<a_108><b_22>
1585,"White Translucent Nylon 101 Round Tubing, 3/4"" OD, 1/2"" ID, 36"" Length",Small Parts,other,<a_185>,<a_185><b_166>,<c_180>,<a_228>,<a_228><b_114>
1586,"White Translucent Nylon 101 Round Tubing, 3/4"" OD, 5/8"" ID, 24"" Length",Small Parts,other,<a_185>,<a_185><b_166>,<c_30>,<a_228>,<a_228><b_114>
1587,Uxcell a14032100ux0438 1m Long Alligator Clip Electrical Clamp Insulated Test Lead Cable Pair,uxcell,other,<a_29>,<a_29><b_191>,<c_121>,<a_211>,<a_211><b_35>
1588,"Super Lube 41160/UV Synthetic UV Grease (NLGI 2), 14.1 oz Canister, Translucent White",Super Lube,other,<a_34>,<a_34><b_146>,<c_56>,<a_173>,<a_173><b_11>
1589,Cerium Oxide Glass Polishing Compound - 8 Oz,TechnologyLK,other,<a_75>,<a_75><b_228>,<c_109>,<a_99>,<a_99><b_12>
1590,ATD Tools 362 125-Piece Rubber Grommet Assortment,ATD,other,<a_172>,<a_172><b_89>,<c_120>,<a_71>,<a_71><b_208>
1591,"3M 03142 5"" Backed Adhesive Disc Pad",3M,adhesive_epoxy,<a_11>,<a_11><b_80>,<c_217>,<a_68>,<a_68><b_214>
1592,"SharkNinja Canister Upright Vacuum, TruePet Mini-Motorized Brush, Bordeaux",SharkNinja,other,<a_194>,<a_194><b_226>,<c_59>,<a_24>,<a_24><b_170>
1593,5 Gallon White Bucket & Gamma Seal Lid - Food Grade Plastic Pail & Gamma2 Screw Seal Tight Lid (Red),Gamma Seal,fastener,<a_248>,<a_248><b_93>,<c_64>,<a_14>,<a_14><b_11>
1594,uxcell 1N60P Germanium Detector Diode FM AM TV Radio Detection 60 Pcs,uxcell,other,<a_91>,<a_91><b_129>,<c_123>,<a_30>,<a_30><b_112>
1595,Krazy Glue KG98848R Instant Crazy Glue Color Change Brush 0.18-Ounce,Krazy Glue,adhesive_epoxy,<a_48>,<a_48><b_160>,<c_70>,<a_165>,<a_165><b_155>
1596,"Scotch 1110-C Multi Use Duct Tape, 10-Yards",Scotch,tape,<a_89>,<a_89><b_162>,<c_28>,<a_202>,<a_202><b_2>
1597,30 Bearing 608ZZ 8x22x7 Shielded Greased Miniature Ball Bearings,BC Precision,other,<a_180>,<a_180><b_89>,<c_57>,<a_251>,<a_251><b_44>
1598,"Stanley TRA704SST 1/4-Inch Heavy Duty Stainless Steel Narrow Crown Staples, 1,000-Count",Stanley,fastener,<a_81>,<a_81><b_5>,<c_89>,<a_42>,<a_42><b_85>
1599,"Uxcell a11102000ux0369 2N3904 Through Hole Three Terminal NPN Transistors, 20 Piece",uxcell,connector_fitting,<a_91>,<a_91><b_176>,<c_250>,<a_236>,<a_236><b_191>
1600,uxcell 5 Pcs 5cm x 7cm Double Sided Prototype Universal PCB Circuit Board,uxcell,other,<a_178>,<a_178><b_46>,<c_193>,<a_73>,<a_73><b_83>
1601,"E-Projects EPC-103 16 Value Resistor Kit, 10 Ohm - 1M Ohm (Pack of 400)",E-Projects,other,<a_101>,<a_101><b_127>,<c_211>,<a_73>,<a_73><b_56>
1602,"STMicroelectronics L7805CV 5V 1.5A Positive Voltage Regulator, 5 Pieces",STMicroelectronics,other,<a_91>,<a_91><b_222>,<c_73>,<a_30>,<a_30><b_229>
1603,"3M(TM) Performance Plus(TM) Wire Connector R/Y+JUG, red/yellow, 500 per Jug",3M,connector_fitting,<a_253>,<a_253><b_136>,<c_118>,<a_67>,<a_67><b_123>
1604,HONBAY 20 Pcs 1.2inch Thread Green & Red Cap SPST Latching Type Push Button Switch OFF-ON,Honbay,other,<a_117>,<a_117><b_208>,<c_149>,<a_236>,<a_236><b_252>
1605,"1805-OW-PB/B-5 Nylon Onewrap Strap, Hook and Loop, 1-1/2"" Wide, 5' Length, Black",VELCRO Brand,other,<a_175>,<a_175><b_70>,<c_13>,<a_68>,<a_68><b_161>
1606,Forney 72391 Replacement Cutters for Bench Grinding Wheel Dresser,Forney,other,<a_42>,<a_42><b_220>,<c_43>,<a_193>,<a_193><b_234>
1607,"Rubbermaid Commercial Products Slim Jim Trash Can Waste Receptacle with Venting Channels, 23 Gallons, Gray (FG354060GRAY)",Rubbermaid Commercial Products,ventilation_fan,<a_214>,<a_214><b_98>,<c_243>,<a_210>,<a_210><b_98>
1608,"Optical SPDIF Toslink/Coaxial Digital to Analog Audio Decoder Converter with PCM, 5.1 Dolby Digital & DTS Support",Wiistar,other,<a_36>,<a_36><b_198>,<c_214>,<a_36>,<a_36><b_49>
1609,"3M 38191 Static Mixing Nozzle for 50 ml Cartridges, 12 Nozzles",3M,other,<a_215>,<a_215><b_206>,<c_206>,<a_99>,<a_99><b_151>
1610,"Mr. Heater Propane/Natural Gas Connector Kit 3/8 Male Pipe Thread x 3/8"" Female Pipe Thread",Mr. Heater,connector_fitting,<a_46>,<a_46><b_121>,<c_77>,<a_108>,<a_108><b_245>
1611,Supereyes Hook Magnet Side View Mirror Set for Borescope Endoscope N005 N013J,Supereyes,other,<a_129>,<a_129><b_24>,<c_230>,<a_180>,<a_180><b_5>
1612,"Red Devil 0820 100 Percent Silicone Sealant Architectural Grade, Clear, 2.8-Ounce",Red Devil,other,<a_41>,<a_41><b_113>,<c_124>,<a_244>,<a_244><b_195>
1613,"3M Scotch 75346883137 3M Scotch Scotchcal Striping Tape: 1/8"" x 40', Ultra Charcoal",3M,tape,<a_87>,<a_87><b_167>,<c_65>,<a_202>,<a_202><b_82>
1614,"3M Scotchcal Striping Tape, 1/8 inch, White, 70201",3M,tape,<a_87>,<a_87><b_119>,<c_1>,<a_202>,<a_202><b_82>
1615,"ClearlyBags Reclosable Plastic Bag 3""x5"" 6-mil Zip Lock pk/100",CML Supply,other,<a_163>,<a_163><b_16>,<c_128>,<a_210>,<a_210><b_3>
1616,"NIBCO 429 Series PVC Pipe Fitting, Coupling, Schedule 40, 1"" Slip",Nibco,connector_fitting,<a_13>,<a_13><b_152>,<c_71>,<a_108>,<a_108><b_199>
1617,HOODDEAL 50 PCS 3296 Fine-tune Multiturn Trimmer Potentiometers Kit 10 value Variable Resistor,HOODDEAL,gauge_meter,<a_121>,<a_121><b_89>,<c_122>,<a_73>,<a_73><b_137>
1618,uxcell 50 Pcs Metal Hex M3 Female Screw PCB Standoff Spacers 8mm Body,uxcell,fastener,<a_64>,<a_64><b_109>,<c_59>,<a_224>,<a_224><b_250>
1619,"Round Spacer, Aluminum, Plain Finish, #10 Screw Size, 3/8"" OD, 0.192"" ID, 1/8"" Length, Made in US (Pack of 10)",Small Parts,fastener,<a_153>,<a_153><b_105>,<c_147>,<a_71>,<a_71><b_44>
1620,"Krytox GPL 205 Grease, Pure PFPE/PTFE, 2 oz Tube",Krytox by Chemours,other,<a_34>,<a_34><b_61>,<c_217>,<a_173>,<a_173><b_224>
1621,"Bel-Art Labmat Bench Liner; 50 Feet, White (F24675-0000)",SP Scienceware,other,<a_170>,<a_170><b_138>,<c_236>,<a_68>,<a_68><b_143>
1622,"KORAD KA3005D - Precision Variable Adjustable 30V, 5A DC Linear Power Supply Digital Regulated Lab Grade",Korad Technology,other,<a_127>,<a_127><b_173>,<c_182>,<a_30>,<a_30><b_149>
1623,Anytime Tools 48 pc HEAT SHRINK TUBING WRAP SLEEVES ASSORTED SIZES and COLORS,Anytime Tools,other,<a_32>,<a_32><b_127>,<c_125>,<a_228>,<a_228><b_187>
1624,"American Educational Stamped Steel Support Ring Stand with Acid Resistant Finish, 8"" Length x 5"" Width Base Size",American Educational Products,other,<a_39>,<a_39><b_172>,<c_0>,<a_87>,<a_87><b_150>
1625,American Educational 7-G65 Cast Aluminum Right Angle Clamp Holder with Nickel-Plated Steel Thumbscrew,American Educational Products,fastener,<a_250>,<a_250><b_109>,<c_129>,<a_159>,<a_159><b_124>
1626,"Kimberly-Clark Kimtech Science Kimwipes Delicate Task Disposable Wiper, 8-25/64"" Length x 4-25/64"" Width, White (Pack of 3)",Kimberly-Clark Professional,other,<a_170>,<a_170><b_218>,<c_6>,<a_210>,<a_210><b_12>
1627,Uxcell a12071000ux1058 Noise Suppressor Cable Ferrite Core Filters (Pack of 5),uxcell,other,<a_22>,<a_22><b_214>,<c_12>,<a_23>,<a_23><b_18>
1628,Bel-Art Single Scale 50ml Polypropylene Graduated Cylinder; 1.0ml Graduation (F28454-0000),SP Scienceware,other,<a_251>,<a_251><b_126>,<c_157>,<a_94>,<a_94><b_150>
1629,Bel-Art Single Scale 250ml Polypropylene Graduated Cylinder; 2.0ml Graduation (F28456-0000),SP Scienceware,other,<a_251>,<a_251><b_126>,<c_200>,<a_94>,<a_94><b_150>
1630,"Eisco Labs Mortar and Pestle, Porcelain, Lab Quality, 4"" Diameter, 5oz. Capacity - Textured Bowl with Spout",EISCO,3d_filament,<a_63>,<a_63><b_105>,<c_169>,<a_229>,<a_229><b_221>
1631,"Hammond 1551KBK Black ABS Plastic Project Box -- Inches (3.15"" x 1.58"" x 0.79"") mm (80mm x 40mm x 20mm)",Hammond Manufacturing,3d_filament,<a_178>,<a_178><b_232>,<c_15>,<a_14>,<a_14><b_108>
1632,Karter Scientific PIPETTE PUMP 25ml Red,Scientific Equipment of Houston,other,<a_43>,<a_43><b_113>,<c_16>,<a_94>,<a_94><b_34>
1633,SEOH PIPETTE PUMP 2ml Blue,SEOH,other,<a_43>,<a_43><b_0>,<c_114>,<a_94>,<a_94><b_21>
1634,Elenco RS-500 Resistance Substitution Box,Elenco,other,<a_8>,<a_8><b_201>,<c_108>,<a_73>,<a_73><b_131>
1635,"Wypall X90 Extended Use Cloths (12891), Reusable Wipes BRAG BOX, Blue Denim, 1 Box / Case, 136 Sheets / Box",Kimberly-Clark Professional,other,<a_170>,<a_170><b_21>,<c_229>,<a_210>,<a_210><b_134>
1636,"40 Pound Neodymium Magnetic Hooks, 1.25"" Diameter, 1.75"" Tall (Pack of 5)",Ox Magnetics,gauge_meter,<a_149>,<a_149><b_235>,<c_134>,<a_251>,<a_251><b_160>
1637,10 Pcs Silver Tone Metal Butt Hinge for Window Cupboard,uxcell,other,<a_68>,<a_68><b_250>,<c_116>,<a_42>,<a_42><b_135>
1638,Uxcell a14062100ux0345 2PCS K Type 0-400C Temperature Sensor Thermocouple Probe 2 Meter 6.6Ft (Pack of 2),uxcell,gauge_meter,<a_227>,<a_227><b_157>,<c_139>,<a_211>,<a_211><b_169>
1639,"Perfect-Prime TC41, 4-Channel K-Type Digital Thermometer Thermocouple Sensor -200~1372&deg;C/2501&deg;F",Perfect-Prime,gauge_meter,<a_16>,<a_16><b_137>,<c_192>,<a_211>,<a_211><b_75>
1640,"MakerBeam Regular Starter Kit Black anodized including beams (10x10mm in diameter), brackets, nuts and bolts",MakerBeam,gauge_meter,<a_190>,<a_190><b_51>,<c_107>,<a_23>,<a_23><b_164>
1641,"XFasten Anti Slip Tape, 4-Inch by 15-Foot Pet-Safe, Hypo-Allergenic, Weather proof and Non Skid Indoor and Outdoor Safety Track Tape",XFasten,tape,<a_195>,<a_195><b_10>,<c_237>,<a_206>,<a_206><b_72>
1642,"Nylon Tube Brush Set Nylon Cleaning Brushes 20 pieces for Drinking Straws Glasses Keyboards Jewelry Cleaning,Antistatic Brushes,Beaker Cleaning Brushes",Xpassion,other,<a_17>,<a_17><b_81>,<c_155>,<a_24>,<a_24><b_115>
1643,"2 PACK- Milrose 70885 Blue Monster 1/2"" x 1429' Blue Teflon Tape",Milrose,tape,<a_151>,<a_151><b_65>,<c_241>,<a_170>,<a_170><b_221>
1644,O-Cedar Heavy Duty Scrunge Scrub Sponge (Pack of 6),O-Cedar,other,<a_119>,<a_119><b_127>,<c_59>,<a_24>,<a_24><b_38>
1645,Extech TL747 Electronic Sharp Test Probe Set,Extech,other,<a_36>,<a_36><b_189>,<c_240>,<a_36>,<a_36><b_253>
1646,Docooler 1 ohm - 10M ohm 1/4W Metal Film Resistors Assortment Kit Set 64 Values Total 1280pcs,Docooler,other,<a_8>,<a_8><b_137>,<c_228>,<a_17>,<a_17><b_255>
1647,Haobase 100Pcs 1A 50V Diode 1N4001 IN4001 DO-41,T&F Elec,other,<a_30>,<a_30><b_185>,<c_30>,<a_30>,<a_30><b_227>
1648,Vktech DS18b20 Waterproof Temperature Sensors Temperature Transmitter (5pcs),Vktech,other,<a_104>,<a_104><b_164>,<c_133>,<a_211>,<a_211><b_97>
1649,Uxcell 2 Pcs 600V 25A 6 Position Screw Terminal Covered Barrier Stripe,uxcell,connector_fitting,<a_187>,<a_187><b_16>,<c_29>,<a_73>,<a_73><b_9>
1650,Tojwi 10X Solid Carbide Carbide Burrs for Rotary Drill Die Grinder Carving Bit Model: 62934,Tojwi,other,<a_78>,<a_78><b_114>,<c_215>,<a_193>,<a_193><b_30>
1651,"Colgate Total Anticavity Fluoride and Antigingivitis Toothpaste, 4.2 oz (119 g)",Colgate,other,<a_169>,<a_169><b_226>,<c_251>,<a_66>,<a_66><b_30>
1652,Genie Screw & Trac Drive Garage Door Opener Replacement Limit Switch 20113R,Genie,fastener,<a_205>,<a_205><b_70>,<c_161>,<a_71>,<a_71><b_142>
1653,Seville Classics Commercial NSF Stainless Steel Top Worktable 49 x 24 inches,Seville Classics,other,<a_27>,<a_27><b_36>,<c_160>,<a_109>,<a_109><b_106>
1654,IIT 78000 Mini Table Vice,IIT,other,<a_173>,<a_173><b_219>,<c_67>,<a_159>,<a_159><b_27>
1655,6203RS Bearing 17x40x12 Sealed Ball Bearings,VXB,other,<a_180>,<a_180><b_22>,<c_121>,<a_251>,<a_251><b_44>
1656,Uxcell a12110700ux0244 5 x 10mm Red Square Wired Car Horn Momentary Push Button Switch AC 250V 3A,uxcell,other,<a_117>,<a_117><b_13>,<c_116>,<a_236>,<a_236><b_35>
1657,AmScope 25pc Assorted Specimen Collection of Prepared Microscope Slides Glass Slide with Storage Case,AmScope,other,<a_57>,<a_57><b_96>,<c_49>,<a_206>,<a_206><b_99>
1658,Loctite Epoxy Quick Set 0.85-Fluid Ounce Syringe (1395391),Henkel Corporation,adhesive_epoxy,<a_211>,<a_211><b_153>,<c_117>,<a_165>,<a_165><b_35>
1659,2 oz Amber Boston Round Glass Bottle with Fine Mist sprayer 6/bx,GPS,other,<a_74>,<a_74><b_229>,<c_159>,<a_150>,<a_150><b_214>
1660,System Three Resins 1-Quart SculpWood Epoxy Paste Kit,System Three,adhesive_epoxy,<a_211>,<a_211><b_127>,<c_113>,<a_165>,<a_165><b_132>
1661,"MLCS 9089 Billy Pedal Foot Switch, 2 Step ON/OFF(Continuous Running)",MLCS,other,<a_221>,<a_221><b_189>,<c_116>,<a_236>,<a_236><b_116>
1662,"Allstar Performance ALL14261 White 4"" x 165' Gaffer's Tape",Allstar,tape,<a_87>,<a_87><b_8>,<c_178>,<a_122>,<a_122><b_62>
1663,"Prime-Line Products P 7645 Screen Retainer Spline, .250-in, 25-ft, Gray",Prime-Line Products,ventilation_fan,<a_79>,<a_79><b_18>,<c_8>,<a_71>,<a_71><b_36>
1664,"Prime-Line Products P 7530 Screen Retainer Spline, .250-in, 25-ft, Black",Prime-Line Products,ventilation_fan,<a_79>,<a_79><b_18>,<c_54>,<a_71>,<a_71><b_36>
1665,"X-Treme Tape TPE-XZLW Silicone Rubber Self Fusing Tape, 1"" x 10', Triangular, White",X-Treme Tape,tape,<a_179>,<a_179><b_162>,<c_61>,<a_202>,<a_202><b_198>
1666,"ATP Vinyl-Flex PVC Food Grade Plastic Tubing, Clear, 1/2"" ID x 5/8"" OD, 100 feet Length",ATP,other,<a_67>,<a_67><b_114>,<c_163>,<a_228>,<a_228><b_40>
1667,CloSYS Trial Size Intro Kit TSA Compliant,CloSYS,other,<a_243>,<a_243><b_160>,<c_189>,<a_52>,<a_52><b_156>
1668,Philips Sonicare Easy Clean Sonic Electric Toothbrush,Philips Sonicare,other,<a_57>,<a_57><b_73>,<c_125>,<a_197>,<a_197><b_165>
1669,"Command Bath Water-Resistant Replacement Strips, White, 2-Medium, 4-Large Strips (17615B)",Command,other,<a_11>,<a_11><b_107>,<c_231>,<a_122>,<a_122><b_59>
1670,"Super Lube 41160 Synthetic Grease (NLGI 2), 14.1 oz Canister, Translucent White",Super Lube,other,<a_34>,<a_34><b_146>,<c_112>,<a_173>,<a_173><b_11>
1671,"Gel-Kam Flouride Preventative Treatment Gel, Fruit and Berry Flavor, 4.3 Oz.",Colgate,other,<a_15>,<a_15><b_28>,<c_222>,<a_66>,<a_66><b_4>
1672,"Medline Skin integrity Wound Cleansers, 16 fl oz.",Medline,other,<a_103>,<a_103><b_171>,<c_249>,<a_44>,<a_44><b_248>
1673,"3M Vinyl Duct Tape, Red, 2-Inch by 50-Yard",3M,tape,<a_89>,<a_89><b_167>,<c_160>,<a_202>,<a_202><b_131>
1674,"Gardner Bender GSW-42  Electrical Appliance Rocker Switch, SPST, ON-OFF, 16 A/125V AC, Spade Terminal,  Red Illuminated",Gardner Bender,connector_fitting,<a_205>,<a_205><b_213>,<c_106>,<a_236>,<a_236><b_106>
1675,"CMT 529.095.31 Plug Cutter, 3/8-Inch Minor Diameter, 49/64-Inch Diameter, 1/2-Inch Shank",CMT,gauge_meter,<a_212>,<a_212><b_156>,<c_175>,<a_193>,<a_193><b_218>
1676,"The Hillman Group 42006 3/16-Inch by 1-1/4-Inch WallDog Pan Head Phillip Screw, Black",The Hillman Group,fastener,<a_250>,<a_250><b_170>,<c_145>,<a_224>,<a_224><b_182>
1677,American Terminal E-BCY-100 12/10-Gauge Economy Vinyl Butt Connectors,American Terminal,connector_fitting,<a_247>,<a_247><b_109>,<c_137>,<a_67>,<a_67><b_137>
1678,American Terminal E-BCBN-100 16/14-Gauge Economy Nylon Butt Connectors,American Terminal,connector_fitting,<a_247>,<a_247><b_109>,<c_14>,<a_67>,<a_67><b_56>
1679,Chemical Guys AIR_102_04 Premium Air Freshener and Odor Eliminator with Leather Scent (4 oz),Chemical Guys,other,<a_219>,<a_219><b_234>,<c_159>,<a_173>,<a_173><b_112>
1680,"Barge All-Purpose TF Cement Rubber, leather, Wood, Glass, Metal Glue 2 oz",Barge,adhesive_epoxy,<a_230>,<a_230><b_197>,<c_151>,<a_122>,<a_122><b_13>
1681,SummitLink 415 Pcs Black Assorted Heat Shrink Tube 10 Sizes Tubing Wrap Sleeve Set Combo,SummitLink,other,<a_32>,<a_32><b_144>,<c_130>,<a_228>,<a_228><b_45>
1682,Precision Applicators - Dispense Pack by Rockler,Rockler,other,<a_18>,<a_18><b_206>,<c_147>,<a_150>,<a_150><b_142>
1683,microtivity IL142 5mm Diffused Blue LED w/ Resistors (Pack of 30),microtivity,other,<a_30>,<a_30><b_173>,<c_16>,<a_73>,<a_73><b_141>
1684,3M VHB Tape RP32 0.5 in width x 5 yd length (1 Roll),3M,tape,<a_198>,<a_198><b_119>,<c_129>,<a_202>,<a_202><b_227>
1685,Saim Momentary Switch Mushroom Push Button Station,Saim,other,<a_117>,<a_117><b_60>,<c_78>,<a_236>,<a_236><b_167>
1686,econoLED 10M 30ft USB Waterproof Endoscope Borescope Inspection Camera Pibe Locator,econoLED,other,<a_236>,<a_236><b_78>,<c_16>,<a_180>,<a_180><b_226>
1687,"Supco ST08 Stainless Steel Pocket Dial Thermometer, 5"" Stem, 1-3/4"" Dial, -40 to 160 Degrees F",Supco,gauge_meter,<a_16>,<a_16><b_62>,<c_3>,<a_107>,<a_107><b_168>
1688,Parts Express Momentary N.O. Classic Small Push Button Switch Red,Parts Express,other,<a_117>,<a_117><b_180>,<c_133>,<a_236>,<a_236><b_174>
1689,Uxcell a13121300ux0338 2.1 mmx5.5 mm DC Power Jack Socket Threaded Female Connector 3 Piece,uxcell,connector_fitting,<a_99>,<a_99><b_149>,<c_93>,<a_73>,<a_73><b_236>
1690,uxcell Metric Taps M2 Pitch 3 Flutes H2 Thread Plug Tap HSS for Clocks and Watches DIY,uxcell,other,<a_24>,<a_24><b_50>,<c_254>,<a_224>,<a_224><b_176>
1691,Water Pressure Regulator. Brass Lead-free Adjustable Water Pressure Reducer for Rv with Guage. Includes Inlet Screened Filter. Model A01-1117tm,Trumeters,other,<a_123>,<a_123><b_107>,<c_76>,<a_52>,<a_52><b_222>
1692,"Gardner Bender 10-107 Terminal Ring, 12-10 AWG, Stud Sz 12-1/4, Yellow  (50 pk)",Gardner Bender,connector_fitting,<a_186>,<a_186><b_0>,<c_2>,<a_67>,<a_67><b_49>
1693,"HICTOP Prusa I3 3D Desktop Printer, DIY High Accuracy CNC Self-Assembly Tridimensional",HICTOP,other,<a_200>,<a_200><b_56>,<c_139>,<a_158>,<a_158><b_66>
1694,"SainSmart 3D ABS-1KG-1.75-WHT ABS 3D Printer Filament, Dimensional Accuracy +/- 0.05 mm, 1 kg Spool, 1.75 mm, White",SainSmart,3d_filament,<a_237>,<a_237><b_199>,<c_247>,<a_223>,<a_223><b_66>
1695,"HATCHBOX ABS 3D Printer Filament, Dimensional Accuracy +/- 0.03 mm, 1 kg Spool, 1.75 mm, Red",HATCHBOX,3d_filament,<a_237>,<a_237><b_212>,<c_97>,<a_223>,<a_223><b_121>
1696,"Deflecto Worm Drive Clamp, 3"" Diameter, Metal (MC325)",Deflecto,gauge_meter,<a_240>,<a_240><b_101>,<c_116>,<a_193>,<a_193><b_239>
1697,American Terminal E-FMY250N-100 12/10-Gauge Economy Nylon Fully-Insulated Male Quick Disconnects,American Terminal,connector_fitting,<a_247>,<a_247><b_121>,<c_0>,<a_67>,<a_67><b_56>
1698,3M Scotch Vinyl Heat-Resistant UL Listed CM Certified Electrical Tape .75&rdquo; x .007&rdquo; x 66&rsquo;,Scotch,tape,<a_76>,<a_76><b_215>,<c_168>,<a_202>,<a_202><b_129>
1699,Install Bay 3MBTT 3M T-Tap Connector 18/14 Gauge - 100 Pack (Blue),Install Bay,connector_fitting,<a_223>,<a_223><b_210>,<c_121>,<a_23>,<a_23><b_3>
1700,"TS-836A Plug Power Meter Energy Voltage Amps Electricity Usage Monitor,Reduce Your Energy Costs",EXCELVAN,gauge_meter,<a_127>,<a_127><b_208>,<c_124>,<a_36>,<a_36><b_18>
1701,Parts Express Nickel Plated Pin Switch w/Polycarb Plunger and Rubber Boot,Parts Express,other,<a_117>,<a_117><b_210>,<c_51>,<a_236>,<a_236><b_3>
1702,"Kerick Valve MA252 PVC Mini Float Valve, Tank Mount, Adjustable Arm, 1.5 gpm at 60 psi, 1/4"" Tube",Kerick Valve,other,<a_252>,<a_252><b_198>,<c_103>,<a_197>,<a_197><b_113>
1703,"Inkbird ITC-1000 Dual Stage Digital Temperature Controller Fahrenheit  Celsius Thermostat with Sensor for 3D Printer,Freezer,Fridge,Hatching ect (110 Volt)",Inkbird,3d_filament,<a_131>,<a_131><b_183>,<c_101>,<a_107>,<a_107><b_35>
1704,"ABN 180 Piece SAE Rubber Grommet Assortment 7/8&rdquo;, 5/8&rdquo;, 5/16&rdquo;, 7/16&rdquo;, 3/8&rdquo;, &frac14;&rdquo;, &frac12;&rdquo;, and 1 Inch Sizes",ABN,other,<a_156>,<a_156><b_113>,<c_211>,<a_17>,<a_17><b_0>
1705,SEOH INOCULATING LOOP 3wire w/loop 8 handle 3pk,SEOH,other,<a_189>,<a_189><b_249>,<c_110>,<a_229>,<a_229><b_184>
1706,SEOH Plastic Square Weigh Boats Medium Dish 100pk,SEOH,other,<a_163>,<a_163><b_174>,<c_130>,<a_14>,<a_14><b_172>
1707,"Industrial & Scientific"" />",Unknown,metadata_placeholder,<a_49>,<a_49><b_185>,<c_207>,<a_15>,<a_15><b_151>
1708,Dow Corning Vacuum Lubricant 5.3oz Tube,Dow Corning,other,<a_215>,<a_215><b_68>,<c_44>,<a_173>,<a_173><b_202>
1709,"6 Pack - 5-inch, 16x125mm Pyrex Glass Test Tubes with Screw Caps",Lake Charles Manufacturing,fastener,<a_245>,<a_245><b_111>,<c_102>,<a_14>,<a_14><b_215>
1710,AmScope 50pc Pre-Cleaned Blank Ground Edge Glass Microscope Slides and 100pc Pre-Cleaned Square Glass Cover Slips Coverslips,AmScope,other,<a_93>,<a_93><b_12>,<c_242>,<a_14>,<a_14><b_90>
1711,"Heathrow Scientific HD15994G Black Cork Lined 100 Place Microscope Slide Box, 8.25"" Length x 7"" Width x 1.3"" Height",Heathrow Scientific,other,<a_93>,<a_93><b_232>,<c_81>,<a_14>,<a_14><b_246>
1712,"Industrial & Scientific"" />",SEOH,metadata_placeholder,<a_49>,<a_49><b_143>,<c_234>,<a_15>,<a_15><b_224>
1713,SEOH Clamp Three Finger Rubber Lined Jaws,SEOH,other,<a_72>,<a_72><b_24>,<c_49>,<a_42>,<a_42><b_177>
1714,"Red Star Premier Cuvee Wine Yeast, 5g - 10-Pack",Red Star,other,<a_177>,<a_177><b_94>,<c_166>,<a_150>,<a_150><b_50>
1715,Acid Blend - 8 oz.,Home Brew Ohio,other,<a_177>,<a_177><b_120>,<c_38>,<a_150>,<a_150><b_48>
1716,"Brew in a Bag Straining Bag, 24"" x 26",Home Brew Ohio,other,<a_74>,<a_74><b_166>,<c_82>,<a_14>,<a_14><b_81>
1717,"250ml Graduated Cylinder, Borosilicate 3.3 Glass, Single Metric Scale, Karter Scientific 213I13 (Single)",Karter Scientific,other,<a_251>,<a_251><b_213>,<c_106>,<a_94>,<a_94><b_235>
1718,"M-D Hobby & Craft Copper Mesh Sheet Rolled, 12 x 24-Inch",M-D Hobby & Craft,other,<a_115>,<a_115><b_187>,<c_66>,<a_68>,<a_68><b_192>
1719,"Continental ContiTech Fractional Horsepower V-Belt, 4L590, Cogged, 0.50"" Width, 0.31"" Height, 59"" Nominal Outside Length",Continental ContiTech,other,<a_204>,<a_204><b_143>,<c_154>,<a_197>,<a_197><b_18>
1720,"Continental ContiTech Fractional Horsepower V-Belt, 4L440, Cogged, 0.50"" Width, 0.31"" Height, 44"" Nominal Outside Length",Continental ContiTech,other,<a_204>,<a_204><b_143>,<c_80>,<a_197>,<a_197><b_18>
1721,Bob Smith 206 Slow-Cure 9oz Epoxy,BSI,adhesive_epoxy,<a_230>,<a_230><b_8>,<c_118>,<a_99>,<a_99><b_99>
1722,Signstek 2PCS P6100 100 MHz Oscilloscope Probe for Rigol Atten Owon Siglent,Signstek,other,<a_193>,<a_193><b_126>,<c_201>,<a_36>,<a_36><b_188>
1723,"Uxcell a15032300ux0532 Potentiometer Volume Control Knob Cap with 100 Piece, Knurled Shaft 6 mm Diameter",uxcell,gauge_meter,<a_121>,<a_121><b_198>,<c_90>,<a_236>,<a_236><b_51>
1724,"Keynice Digital Thermometer, Temperature Sensor USB Power Supply, Fahrenheit degree and Degrees Celsius color LCD Display, High Accurate-Black",KEYNICE,gauge_meter,<a_141>,<a_141><b_99>,<c_84>,<a_15>,<a_15><b_97>
1725,"General Tools 147 Digital Fractional Caliper with Extra-Large  LCD Screen, 3 Mode Display, 6-Inches",General Tools,gauge_meter,<a_241>,<a_241><b_173>,<c_95>,<a_104>,<a_104><b_165>
1726,Yeast Nutrient 1 lb.,Home Brew Ohio,fastener,<a_177>,<a_177><b_104>,<c_32>,<a_150>,<a_150><b_94>
1727,Home Brew Ohio 6382a Pectic Enzyme (powder) - 1 lb.,Home Brew Ohio,other,<a_177>,<a_177><b_57>,<c_83>,<a_150>,<a_150><b_81>
1728,SainSmart 8-Channel Relay Module,SainSmart,other,<a_117>,<a_117><b_76>,<c_80>,<a_30>,<a_30><b_46>
1729,"Smith-Cooper International CV30L Series Brass Check Valve, Potable Water Service, 1"" NPT Female",Smith-Cooper International,other,<a_51>,<a_51><b_123>,<c_1>,<a_108>,<a_108><b_101>
1730,"Rust Bullet 856084000630 BSQ BlackShell Rust Preventative and Protective Coating Paint, 1 Quart Metal Can, Gloss Black",Rust Bullet,other,<a_225>,<a_225><b_98>,<c_96>,<a_173>,<a_173><b_116>
1731,Uxcell Foot Pedal Switch,uxcell,other,<a_205>,<a_205><b_107>,<c_242>,<a_236>,<a_236><b_34>
1732,"RapidFix UV Liquid Plastic Adhesive with UV Flashlight, 10 mL",RapidFix,adhesive_epoxy,<a_125>,<a_125><b_181>,<c_72>,<a_197>,<a_197><b_49>
1733,"Bob Smith Industries BSI-151H Insta-Set Super Glue Accelerator, 2 fl. oz.",Bob Smith Industries,adhesive_epoxy,<a_158>,<a_158><b_144>,<c_136>,<a_99>,<a_99><b_13>
1734,SOLOOP 328Pcs 8 Sizes Assortment 2:1 Heat Shrink Tube Tubing Sleeve Wrap Wire Kit Set,SOLOOP,other,<a_32>,<a_32><b_1>,<c_35>,<a_228>,<a_228><b_118>
1735,"Apache 98108455 3/4"" x 12' Farm Fuel Transfer Hose with Static Wire",Apache,connector_fitting,<a_118>,<a_118><b_95>,<c_98>,<a_108>,<a_108><b_65>
1736,"Swordfish 31170 Lynch Pin Assortment Kit, 50 Piece",Swordfish,other,<a_172>,<a_172><b_24>,<c_67>,<a_71>,<a_71><b_100>
1737,"Uxcell a14012000ux0224 Rubber Toggle Switch Boot Weatherproof Protector Cover, 10 Piece, 11 mm Thread Diameter",uxcell,gauge_meter,<a_205>,<a_205><b_48>,<c_239>,<a_236>,<a_236><b_71>
1738,"Aluminum 6061-T6 Seamless Round Tubing, WW-T 700/6, 1-1/4"" OD, 1.18"" ID, 0.035"" Wall, 24"" Length",Small Parts,other,<a_185>,<a_185><b_79>,<c_77>,<a_251>,<a_251><b_0>
1739,"Aluminum 6061-T6 Seamless Round Tubing, WW-T 700/6, 1/2"" OD, 0.26"" ID, 0.125"" Wall, 24"" Length",Small Parts,other,<a_185>,<a_185><b_79>,<c_101>,<a_251>,<a_251><b_0>
1740,Chunshop WH5001 Celsius/Fahrenheit Digital Thermometer Temperature Meter Gauge C/F,Chunshop,gauge_meter,<a_16>,<a_16><b_130>,<c_161>,<a_107>,<a_107><b_239>
1741,"Remington Industries 20UL1007STRKIT UL1007 20 AWG Gauge Stranded Hook-Up Wire Kit, 300V, 0.0320"" Diameter, 25' Length",Remington Industries,gauge_meter,<a_254>,<a_254><b_127>,<c_69>,<a_67>,<a_67><b_152>
1742,"Ajax Scientific Battery Holder with Lead Wire, 1x AA Cell (Pack of 10)",Ajax Scientific,other,<a_178>,<a_178><b_185>,<c_255>,<a_23>,<a_23><b_253>
1743,Loctite 19269 7649 Primer N Activator,Loctite,other,<a_34>,<a_34><b_125>,<c_44>,<a_165>,<a_165><b_150>
1744,270 PCS Heat Shrink Wire Connector Kit Electrical Insulated Crimp Marine Automotive Terminals Set,Wirefy,connector_fitting,<a_65>,<a_65><b_115>,<c_184>,<a_17>,<a_17><b_96>
1745,Uxcell Toggle Switch (10 Piece),uxcell,other,<a_205>,<a_205><b_209>,<c_81>,<a_236>,<a_236><b_230>
1746,STMicroelectronics UA741CN Operational Amplifier (Pack of 10),STMicroelectronics,other,<a_91>,<a_91><b_134>,<c_226>,<a_30>,<a_30><b_127>
1747,"DIYmall 0.96"" Inch I2c IIC Serial 128x64 Oled LCD LED White Display Module for Arduino 51 Msp420 Stim32 SCR",DIYmall,other,<a_5>,<a_5><b_126>,<c_55>,<a_30>,<a_30><b_215>
1748,"EX ELECTRONIX EXPRESS Variable Transformer, 300 VAC Max, 0-130V Output, 3 Amp",Electronix Express,other,<a_190>,<a_190><b_38>,<c_137>,<a_30>,<a_30><b_7>
1749,10 pcs New A3144 A3144E OH3144E 3144 Hall Effect Sensor,Allegro MicroSystems,other,<a_8>,<a_8><b_246>,<c_1>,<a_73>,<a_73><b_154>
1750,1 X Drilled Rubber Stopper #6.5 (Set of 3),Home Brew Ohio,other,<a_63>,<a_63><b_199>,<c_60>,<a_108>,<a_108><b_247>
1751,"SainSmart DSO138 2.4"" TFT 1Msps Digital Oscilloscope Kit with DIY parts + Probe",SainSmart,other,<a_220>,<a_220><b_249>,<c_84>,<a_158>,<a_158><b_180>
1752,Vktech 10pcs 4x6cm Double Side Prototype PCB Universal Printed Circuit Board,Vktech,other,<a_178>,<a_178><b_150>,<c_145>,<a_73>,<a_73><b_164>
1753,5pcs 6x8cm Double-Side Prototype PCB Universal Printed Circuit Board,Vktech,other,<a_178>,<a_178><b_150>,<c_23>,<a_73>,<a_73><b_168>
1754,XCSOURCE 3D Printer MK8 Extruder Aluminum Frame Block DIY Kit Reprap i3 All Metal BI090,XCSOURCE,3d_filament,<a_140>,<a_140><b_92>,<c_22>,<a_91>,<a_91><b_95>
1755,BIQU GT2 20Teeth 5mm Bore Aluminum Timing Belt Idler Pulley for 3D Printer 6mm Width Timing Belt (Pack of 5pcs),BIQU,3d_filament,<a_137>,<a_137><b_43>,<c_107>,<a_159>,<a_159><b_251>
1756,Uxcell a13091600ux1160 1-5mm Capacitance Proximity Sensor Switch DC 6-36V 300mA (PNP NO-8M),uxcell,other,<a_183>,<a_183><b_129>,<c_128>,<a_236>,<a_236><b_141>
1757,"3 PCS Mechanical End Stop with Wiring for CNC Machine or RepRap 3D printer, compatible with RAMPS",3D CAM,3d_filament,<a_255>,<a_255><b_165>,<c_204>,<a_158>,<a_158><b_170>
1758,Signswise 200x200mm 12V 220W Silicone Rubber Heating Heater for 3D Printer Heated Beds,Signswise,3d_filament,<a_35>,<a_35><b_96>,<c_165>,<a_79>,<a_79><b_182>
1759,Big Horn 19055 Figure 8 Caliper,Big Horn,gauge_meter,<a_164>,<a_164><b_106>,<c_183>,<a_104>,<a_104><b_69>
1760,microtivity IL151 5mm Clear White LED w/Resistors (Pack of 30),microtivity,other,<a_30>,<a_30><b_173>,<c_23>,<a_73>,<a_73><b_141>
1761,"SPECTRA 360 12-08 Electrode Gel, 250 g Tube (Pack of 2)",SPECTRA 360,other,<a_222>,<a_222><b_127>,<c_143>,<a_44>,<a_44><b_4>
1762,SMAKN 10 Pcs Colorful Insulating Alligator Clip Test Lead Cable 55cm,SMAKN,other,<a_29>,<a_29><b_115>,<c_211>,<a_211>,<a_211><b_35>
1763,SUNKEE DC 3V To 7KV 7000V High Voltage Generator Boost Step-up Power Module,SUNKEE,other,<a_183>,<a_183><b_126>,<c_227>,<a_30>,<a_30><b_154>
1764,SIEMENS WN2060U Non-Fused AC Disconnect,Siemens,other,<a_217>,<a_217><b_190>,<c_50>,<a_236>,<a_236><b_134>
1765,"Joe Knows Electronics 5mm Clear Round LED Assortment (100 Pack, 5 Colors, 20 of Each)",Joe Knows Electronics,other,<a_30>,<a_30><b_10>,<c_127>,<a_73>,<a_73><b_175>
1766,"PneumaticPlus Mini Brass Ball Valves, Male X Female, 600 CWP 150 WSP (1/8"" NPT)",PneumaticPlus,other,<a_51>,<a_51><b_230>,<c_182>,<a_108>,<a_108><b_217>
1767,"Anderson Metals 56101 Brass Pipe Fitting, Barstock Tee, 1/4"" x 1/4"" x 1/4"" NPT Female Pipe",Anderson Metals,connector_fitting,<a_13>,<a_13><b_82>,<c_1>,<a_108>,<a_108><b_1>
1768,"Anderson Metals Brass Pipe Fitting, Barstock Street Tee, 1/8"" Female Pipe x 1/8"" Male Pipe x 1/8"" Female Pipe",Anderson Metals,connector_fitting,<a_13>,<a_13><b_82>,<c_3>,<a_108>,<a_108><b_107>
1769,"Dixon 179-0606 Brass Hose Splicer Fitting, Tee, 3/8"" Hose ID Barbed",Dixon Valve & Coupling,connector_fitting,<a_242>,<a_242><b_113>,<c_211>,<a_108>,<a_108><b_187>
1770,"Neiko 10189A Titanium Step Drill Bit, High Speed Steel | 7/16"" to 1-1/8"" | Total 12 Step Sizes.",Neiko,other,<a_44>,<a_44><b_244>,<c_213>,<a_224>,<a_224><b_17>
1771,CMS Magnetics Strong Neodymium Bar Magnets N45 2 Pieces 3 x 1/2 x 1/4&rdquo; w/ 2#6 Counter Sunk Holes,CMS MAGNETICS,other,<a_92>,<a_92><b_151>,<c_51>,<a_251>,<a_251><b_205>
1772,"Dixon Valve HHP2M Brass Fitting, Hex Head Plug, 1/4"" NPT Male",Dixon Valve & Coupling,connector_fitting,<a_118>,<a_118><b_2>,<c_14>,<a_108>,<a_108><b_215>
1773,"American Educational Borosilicate Glass (Bomex) 2,000mL Erlenmeyer Flask",American Educational Products,other,<a_86>,<a_86><b_208>,<c_186>,<a_94>,<a_94><b_195>
1774,"Stainless Steel 304 Cast Pipe Fitting, Hex Locknut, MSS SP-114, 1"" NPT Female",Merit Brass,connector_fitting,<a_206>,<a_206><b_123>,<c_105>,<a_108>,<a_108><b_146>
1775,"Stainless Steel 304/304L Pipe Fitting, Nipple, Schedule 40 Seamless, 1"" X 5-1/2"" NPT Male",Merit Brass,connector_fitting,<a_206>,<a_206><b_89>,<c_6>,<a_108>,<a_108><b_42>
1776,"Plastic pH Test Strips, Universal Application (pH 0-14), 100 strips",LabRat Supplies,test_strip,<a_69>,<a_69><b_243>,<c_212>,<a_94>,<a_94><b_166>
1777,Supco RCO810 3 n' 1 START Hard Start Kit,Supco,other,<a_22>,<a_22><b_160>,<c_152>,<a_109>,<a_109><b_109>
1778,"Solderless Plug-in BreadBoard, 830 tie-points, 2 Power lanes, 200PTS, 16.5 x 5.4 x 0.85 cm by Haobase",Haobase,other,<a_82>,<a_82><b_53>,<c_117>,<a_73>,<a_73><b_100>
1779,STMicroelectronics LM317T LM317 Adjustable Voltage Regulator IC 1.2V To 37V 1.5A 1 Pack,STMicroelectronics,other,<a_91>,<a_91><b_217>,<c_255>,<a_30>,<a_30><b_229>
1780,TOOGOO(R) 10 Pcs AC 125V 6A Amps ON/ON 2 Position DPDT Toggle Switch,SODIAL(R),other,<a_217>,<a_217><b_47>,<c_246>,<a_236>,<a_236><b_92>
1781,"Remington Industries 18SNSP Magnet Wire, Enameled Copper Wire, 18 AWG, 1.0 lb, 201' Length, 0.0415"" Diameter, Red",Remington Industries,gauge_meter,<a_254>,<a_254><b_115>,<c_73>,<a_251>,<a_251><b_228>
1782,240Pcs M2 M3 Brass Spacer Standoff Screw Nut Assortment Kit,Funkymall,fastener,<a_64>,<a_64><b_42>,<c_157>,<a_224>,<a_224><b_1>
1783,The Bulldog Hardware 131588 Peg-A-System Ultimate Kit,Bulldog Hardware,other,<a_40>,<a_40><b_181>,<c_210>,<a_206>,<a_206><b_246>
1784,Uxcell a11021800ux0120 Micro Limit Switch Long Straight Hinge Lever Arm SPDT Snap Action LOT,uxcell,other,<a_196>,<a_196><b_180>,<c_239>,<a_236>,<a_236><b_108>
1785,"microtivity IL184 5mm Assorted Clear LED w/ Resistors (6 Colors, Pack of 60)",microtivity,other,<a_30>,<a_30><b_178>,<c_1>,<a_73>,<a_73><b_141>
1786,"Coilhose Pneumatics 150 1/4-Inch Body Size, Coilflow Industrial Interchange Coupler, 1/4-Inch NPT, Female",Coilhose Pneumatics,connector_fitting,<a_123>,<a_123><b_32>,<c_25>,<a_108>,<a_108><b_245>
1787,"Stainless Steel 316 Cast Pipe Fitting, Hex Head Plug, Class 150, 1/4"" NPT Male",Merit Brass,connector_fitting,<a_206>,<a_206><b_162>,<c_213>,<a_108>,<a_108><b_146>
1788,"Shoe GOO&reg; Adhesive, 3.7 fl oz",Shoegoo,adhesive_epoxy,<a_48>,<a_48><b_197>,<c_0>,<a_122>,<a_122><b_52>
1789,"Crawford 1843B Pegboard Organizer, 43-Piece",Crawford-Lehigh,other,<a_2>,<a_2><b_135>,<c_171>,<a_71>,<a_71><b_2>
1790,"Gizmo Dorks 1.75mm PLA Filament 1kg / 2.2lb for 3D Printers, Black",Gizmo Dorks,3d_filament,<a_126>,<a_126><b_37>,<c_84>,<a_223>,<a_223><b_159>
1791,"Gizmo Dorks 1.75mm PLA Filament 1kg / 2.2lb for 3D Printers, Translucent Green",Gizmo Dorks,3d_filament,<a_126>,<a_126><b_226>,<c_156>,<a_223>,<a_223><b_159>
1792,"Gizmo Dorks 1.75mm PLA Filament 1kg / 2.2lb for 3D Printers, White",Gizmo Dorks,3d_filament,<a_126>,<a_126><b_226>,<c_8>,<a_223>,<a_223><b_159>
1793,Matter and Form MFS1V1 3D Scanner,Matter and Form,other,<a_243>,<a_243><b_117>,<c_43>,<a_91>,<a_91><b_248>
1794,"Filabot 910175 Taulman 910 Alloy, 1.75"" Filament Diameter, Natural",Filabot,3d_filament,<a_58>,<a_58><b_151>,<c_22>,<a_223>,<a_223><b_16>
1795,"eSUN 1.75mm Black PLA 3D Printer filament 1kg Spool (2.2lbs), Black",eSUN,3d_filament,<a_237>,<a_237><b_63>,<c_138>,<a_223>,<a_223><b_144>
1796,"Ceramic Insulation 1"" x 12"" Piece Improves Performance of Your Hotend","Quintessential Universal Building Device, Inc.",other,<a_249>,<a_249><b_32>,<c_130>,<a_79>,<a_79><b_185>
1797,uxcell 901913-WYBCSX Dual Alligator Clip Banana Connector Multi Meter Test Lead,uxcell,connector_fitting,<a_36>,<a_36><b_118>,<c_137>,<a_211>,<a_211><b_55>
1798,"3M Dual Lock Reclosable Fastener TB3550 250/250 Black, 1 in x 10 ft (1 Mated Strip/Bag)",3M Dual Lock,fastener,<a_175>,<a_175><b_251>,<c_40>,<a_68>,<a_68><b_32>
1799,"Grip Rite PTN212S1, Grey",Grip-Rite,other,<a_250>,<a_250><b_126>,<c_197>,<a_42>,<a_42><b_158>
1800,econoLED 16ft USB Waterproof Endoscope Borescope Inspection Camera,econoLED,other,<a_236>,<a_236><b_63>,<c_43>,<a_180>,<a_180><b_226>
1801,"Loos Cableware MS20664C2 Stainless Steel Single Shank Ball for 1/16"" Diameter Wire Rope",Loos & Co.,gauge_meter,<a_186>,<a_186><b_163>,<c_123>,<a_71>,<a_71><b_251>
1802,"Loos Cableware Division Stainless Steel 302/304 Wire Rope, 1x7 Strand, 0.027"" Bare OD, 25' Length, 150 lbs Breaking Strength",Loos & Co.,other,<a_185>,<a_185><b_198>,<c_249>,<a_71>,<a_71><b_119>
1803,"Loos Cableware SL11-6 2 Piece Stainless Steel Crimping Sleeve Set For 3/16"" Wire Rope (Pack of 2)",Loos & Co.,other,<a_186>,<a_186><b_11>,<c_149>,<a_67>,<a_67><b_108>
1804,Dip and Grip Rubberized Plastic Coating- Black Coating,TVTimedirect,other,<a_225>,<a_225><b_252>,<c_255>,<a_68>,<a_68><b_156>
1805,PODOY 20PCS Photoresistor GL5537 5537 LDR Photo Resistors Light-Dependent,SUNKEE,other,<a_30>,<a_30><b_137>,<c_209>,<a_73>,<a_73><b_37>
1806,Extech TL807C Insulated Alligator Clips,Extech,other,<a_36>,<a_36><b_177>,<c_253>,<a_211>,<a_211><b_30>
1807,RioRand&trade; Upgraded 6V-90V 15A DC Motor Pump Speed Controller,RioRand,other,<a_183>,<a_183><b_128>,<c_176>,<a_30>,<a_30><b_6>
1808,"UHMW (Ultra High Molecular Weight Polyethylene) Sheet, Opaque White, Standard Tolerance, ASTM D4020, 3/4"" Thickness, 12"" Width, 24"" Length",Small Parts,other,<a_156>,<a_156><b_244>,<c_72>,<a_17>,<a_17><b_62>
1809,"UHMW (Ultra High Molecular Weight Polyethylene) Sheet, Opaque White, Standard Tolerance, ASTM D4020, 1/8"" Thickness, 12"" Width, 24"" Length",Small Parts,other,<a_67>,<a_67><b_222>,<c_147>,<a_79>,<a_79><b_114>
1810,"Uxcell a12081400ux0336 5 x Momentary SPST NO Red Round Cap Push Button Switch, AC 6 Amp/125V, 3 Amp/250V",uxcell,other,<a_117>,<a_117><b_37>,<c_13>,<a_236>,<a_236><b_35>
1811,"Rubbermaid Commercial Products FG335100BRN Standard Bus/Utility Box, 7.125 Gal, Brown",Rubbermaid Commercial Products,ventilation_fan,<a_53>,<a_53><b_22>,<c_11>,<a_210>,<a_210><b_136>
1812,Alligator Test Lead Clip To Banana Plug Probe Cable 90cm,Amico,other,<a_29>,<a_29><b_248>,<c_66>,<a_211>,<a_211><b_8>
1813,Uxcell a14052100ux1434 Lithium Battery Charging Board Charger Module,uxcell,other,<a_178>,<a_178><b_24>,<c_154>,<a_73>,<a_73><b_158>
1814,"sunkee 12 Value (1uf-470UF) 120 pcs Electrolytic Capacitors kit,50V1UF,each 10 pcs",SUNKEE,other,<a_100>,<a_100><b_207>,<c_145>,<a_236>,<a_236><b_183>
1815,uxcell 10 Pcs 1x40 Pin 2.54mm Pitch Straight Single Row PCB Female Headers,uxcell,other,<a_99>,<a_99><b_136>,<c_78>,<a_73>,<a_73><b_160>
1816,"Proimb 300pcs M2 M3 Nylon Hex Nuts Screws Spacers Stand-off Plastic Accessories Assortment White, Black",PROIMB,fastener,<a_64>,<a_64><b_129>,<c_200>,<a_224>,<a_224><b_218>
1817,"United Scientific RSTPK4 Rubber Stopper, 2 to 8 Sizes Assortment, 2-Holes",United Scientific Supplies,other,<a_245>,<a_245><b_156>,<c_29>,<a_14>,<a_14><b_218>
1818,Baomain Red Female Insulated Spade Wire Connector Electrical Crimp Terminal 18-22 AWG 2.8 x 0.5mm 100 Pack,Baomain,connector_fitting,<a_159>,<a_159><b_182>,<c_81>,<a_67>,<a_67><b_73>
1819,10pcs 20 Series Compatible Drop In Type M5 T Slot Nuts 10mmx6mmx4.5mm,uxcell,fastener,<a_228>,<a_228><b_180>,<c_160>,<a_224>,<a_224><b_226>
1820,Uxcell a14041800ux1143 25Pcs Double Sided Protoboard Prototyping Pcb Board 4cm x 6cm,uxcell,other,<a_178>,<a_178><b_123>,<c_142>,<a_73>,<a_73><b_234>
1821,Uxcell a12081600ux0477 12 mm Diameter 5 Piece DC 5V 2 Terminals Electronic Continuous Sound Buzzer,uxcell,connector_fitting,<a_159>,<a_159><b_42>,<c_161>,<a_73>,<a_73><b_233>
1822,"Amlong Crystal 2.5"" Optical Glass Triangular Prism for Teaching Light Spectrum Physics and Photo Photography Prism, 60mm",Amlong Crystal,other,<a_30>,<a_30><b_232>,<c_234>,<a_180>,<a_180><b_51>
1823,"O1 Tool Steel Round Rod, Polished Finish, Precision Ground, Annealed, Metric, 4 mm Diameter, 36"" Length",Small Parts,gauge_meter,<a_96>,<a_96><b_208>,<c_150>,<a_17>,<a_17><b_129>
1824,DTOL 10 X Mini Laser Dot Diode Module Head WL Red 650nm 6mm 5V 5mW Pack of 10,DTOL,other,<a_30>,<a_30><b_40>,<c_102>,<a_73>,<a_73><b_110>
1825,TEMCo 30 AWG Copper Magnet Wire - 2 oz 392 ft 155&deg;C Magnetic Coil Red,Temco,other,<a_254>,<a_254><b_249>,<c_9>,<a_251>,<a_251><b_228>
1826,"Stainless Steel 316L Seamless Round Tubing, 1/8"" OD, 0.027"" ID, 0.049"" Wall, 12"" Length",Small Parts,other,<a_96>,<a_96><b_227>,<c_214>,<a_17>,<a_17><b_120>
1827,"X-Treme Tape TPE-XZLG Silicone Rubber Self Fusing Tape, 1"" x 10', Triangular, Gray",X-Treme Tape,tape,<a_179>,<a_179><b_162>,<c_30>,<a_202>,<a_202><b_198>
1828,UST Reflective Cut to Size Tape (8 pack),UST,tape,<a_233>,<a_233><b_198>,<c_97>,<a_233>,<a_233><b_5>
1829,JYE DSO 138 DIY KIT (13801K) Open Source,JYETech,other,<a_5>,<a_5><b_126>,<c_128>,<a_30>,<a_30><b_204>
1830,"MedPride Powder-Free Nitrile Exam Gloves, Medium, Box/100",MED PRIDE,other,<a_146>,<a_146><b_9>,<c_28>,<a_44>,<a_44><b_218>
1831,"Uxcell a09022500ux0047 RS232 to RS485 Communication Data Converter Adapter with a Terminal Board, 2.9"" Width, 5.6"" Length",uxcell,connector_fitting,<a_131>,<a_131><b_142>,<c_12>,<a_23>,<a_23><b_142>
1832,uxcell 5 Pieces ZP4510 Liquid Water Level Sensor Vertical Float Switches,uxcell,other,<a_196>,<a_196><b_17>,<c_255>,<a_236>,<a_236><b_154>
1833,Power Probe PPPP02 Yellow Probe for LS01,Power Probe,other,<a_88>,<a_88><b_168>,<c_146>,<a_159>,<a_159><b_215>
1834,"General Hydroponics Ph 7.0 Calibration Solution - 8 Ounces, 1 bottle",General Hydroponics,other,<a_155>,<a_155><b_153>,<c_117>,<a_229>,<a_229><b_166>
1835,"Karter Scientific 214T2, 3.3 Boro, Griffin Low Form, Glass Beaker Set - 3 Sizes - 50ml, 100ml, 250ml",Karter Scientific,other,<a_86>,<a_86><b_36>,<c_207>,<a_94>,<a_94><b_144>
1836,"VIVOSUN 6 inch Inline Duct Booster Fan 240 CFM, Low Noise & Extra Long 5.5' Grounded Power Cord",VIVOSUN,ventilation_fan,<a_167>,<a_167><b_165>,<c_139>,<a_158>,<a_158><b_198>
1837,"Premium Vials B4702-12 Glass Vial with Screw Cap, 1 Dram Capacity, Amber (Pack of 12)",Premium Vials,fastener,<a_112>,<a_112><b_9>,<c_220>,<a_150>,<a_150><b_26>
1838,BCW 1-T-QTR New Coin Tubes - Quarter,BCW,other,<a_115>,<a_115><b_155>,<c_191>,<a_14>,<a_14><b_39>
1839,"Bare Copper Wire, Bright, 14 AWG, 0.064"" Diameter, 80' Length (Pack of 1)",Small Parts,gauge_meter,<a_254>,<a_254><b_22>,<c_30>,<a_228>,<a_228><b_85>
1840,TapeCase 3430 0.75in X 5yd White Reflective Tape (1 Roll),TapeCase,tape,<a_14>,<a_14><b_46>,<c_121>,<a_68>,<a_68><b_121>
1841,"Karter Scientific 211Z3 Standard Microscope Cover Slip, 1 Thick, 22x22mm (Pack of 200)",Karter Scientific,other,<a_93>,<a_93><b_133>,<c_203>,<a_14>,<a_14><b_169>
1842,Lifegard Aquatics 1/2-Inch Bulkhead Fitting Kit,Lifegard Aquatics,connector_fitting,<a_166>,<a_166><b_130>,<c_15>,<a_108>,<a_108><b_123>
1843,Duco Cement Multi-Purpose Household Glue - 1 fl oz,Duco Cement,adhesive_epoxy,<a_110>,<a_110><b_66>,<c_127>,<a_165>,<a_165><b_244>
1844,Filament Outlet Red PLA 1.75mm 3D Printer Filament 1kg (2.2lbs) spool USA,Filament Outlet,3d_filament,<a_58>,<a_58><b_74>,<c_200>,<a_223>,<a_223><b_120>
1845,Filament Outlet Blue PLA 1.75mm 3D Printer Filament 1kg (2.2lbs) spool USA,Filament Outlet,3d_filament,<a_58>,<a_58><b_7>,<c_2>,<a_223>,<a_223><b_120>
1846,Milwaukee Instruments MW102 PH and Temperature Meter,Milwaukee,gauge_meter,<a_25>,<a_25><b_12>,<c_24>,<a_107>,<a_107><b_111>
1847,"HATCHBOX PLA 3D Printer Filament, Dimensional Accuracy +/- 0.03 mm, 1 kg Spool, 1.75 mm, White",HATCHBOX,3d_filament,<a_237>,<a_237><b_128>,<c_211>,<a_223>,<a_223><b_20>
1848,Kamo 5PCS 3D Printer 0.4mm Extruder Brass Nozzle Print Head for MK8 1.75mm ABS PLA Printer,KAMO,3d_filament,<a_77>,<a_77><b_85>,<c_63>,<a_91>,<a_91><b_29>
1849,"HATCHBOX PLA 3D Printer Filament, Dimensional Accuracy +/- 0.03 mm, 1 kg Spool, 1.75 mm, Purple",HATCHBOX,3d_filament,<a_58>,<a_58><b_128>,<c_37>,<a_223>,<a_223><b_20>
1850,"HATCHBOX PLA 3D Printer Filament, Dimensional Accuracy +/- 0.03 mm, 1 kg Spool, 1.75 mm, Red",HATCHBOX,3d_filament,<a_58>,<a_58><b_172>,<c_168>,<a_223>,<a_223><b_198>
1851,"HATCHBOX PLA 3D Printer Filament, Dimensional Accuracy +/- 0.03 mm, 1 kg Spool, 1.75 mm, Yellow",HATCHBOX,3d_filament,<a_58>,<a_58><b_148>,<c_73>,<a_223>,<a_223><b_198>
1852,5PCS 130-16140 6V 12500RPM DC Motor w Varistor for Smart Car Model Toy,,other,<a_65>,<a_65><b_43>,<c_19>,<a_158>,<a_158><b_14>
1853,"Fluke 62 MAX Infrared Thermometer, AA Battery, -20 to +932 Degree F Range with a NIST-Traceable Calibration Certificate with Data",Fluke,gauge_meter,<a_50>,<a_50><b_213>,<c_93>,<a_107>,<a_107><b_73>
1854,"3M 1860 Medical Mask N95, 20 Count",3M,other,<a_239>,<a_239><b_52>,<c_58>,<a_44>,<a_44><b_109>
1855,"10-PC 5"" S HOOK WITH PVC COATING",Good House,other,<a_216>,<a_216><b_107>,<c_158>,<a_71>,<a_71><b_61>
1856,Sharps Container Biohazard Needle Disposal 1 Qt Size - 2 Pack,Medline,other,<a_103>,<a_103><b_9>,<c_119>,<a_44>,<a_44><b_97>
1857,FAMI 3D Printer MK2 MK3 Heated Bed Tempered Borosilicate Glass Plate 2132003mm,,3d_filament,<a_195>,<a_195><b_87>,<c_95>,<a_158>,<a_158><b_78>
1858,Milwaukee 0490-22 4-Volt Lithium-Ion Screwdriver Kit,Milwaukee,fastener,<a_40>,<a_40><b_73>,<c_80>,<a_197>,<a_197><b_171>
1859,"X-Treme Tape TPE-X36ZLR Silicone Rubber Self Fusing Tape, 1"" x 36', Triangualr, Iron Oxide Red",X-Treme Tape,tape,<a_179>,<a_179><b_162>,<c_8>,<a_202>,<a_202><b_198>
1860,"PrimeTrendz 8"" (Inch) Impulse Heat Sealer - Cellophane Bag Sealer.",PrimeTrendz,other,<a_37>,<a_37><b_162>,<c_64>,<a_170>,<a_170><b_171>
1861,"The Hillman Group 370329 Ribbed Plastic Anchor, 8-10-12 X 1-1/4-Inch, Blue, 100-Pack",Hillman,other,<a_33>,<a_33><b_116>,<c_6>,<a_224>,<a_224><b_104>
1862,"The Hillman Group 370326 Ribbed Plastic Anchor, 4-6-8 X 7/8-Inch, Yellow, 100-Pack",Hillman,other,<a_33>,<a_33><b_211>,<c_9>,<a_224>,<a_224><b_104>
1863,"Bare Copper Wire, Bright, 10 AWG, 0.1"" Diameter, 32' Length (Pack of 1)",Small Parts,gauge_meter,<a_254>,<a_254><b_22>,<c_162>,<a_228>,<a_228><b_85>
1864,10K Ohm potentiometer potential+black control Knob,Cofufu,gauge_meter,<a_121>,<a_121><b_111>,<c_19>,<a_73>,<a_73><b_136>
1865,"HTS 161D0 2 Pc 5.5"" Locking Straight Hemostat Set",HTS,other,<a_105>,<a_105><b_35>,<c_10>,<a_42>,<a_42><b_124>
1866,"Dritz 651 Reflective Tape, Gray, 1 in x 60in",Dritz,tape,<a_233>,<a_233><b_193>,<c_88>,<a_68>,<a_68><b_25>
1867,CyberTech Reflective Tape for Optical and Laser Non-Contact Digital Photo Tachometers Tach RPM- 10 strips,CyberTech,tape,<a_31>,<a_31><b_145>,<c_8>,<a_104>,<a_104><b_175>
1868,"RioRand LCD Module for Arduino 20 x 4, White on Blue",RioRand,other,<a_5>,<a_5><b_205>,<c_242>,<a_30>,<a_30><b_97>
1869,"Cambridge Electrical Tape Black 3/4 Inch By 66 Feet Per Roll, 6 Rolls Professional Grade, UL Listed",Cambridge,tape,<a_76>,<a_76><b_77>,<c_167>,<a_202>,<a_202><b_40>
1870,"iGaging 100-D68 Caliper Depth Base T-Bar Attachment for Dial/Digital/Vernier Calipers, 4"", 6"", 8"", 12",iGaging,gauge_meter,<a_241>,<a_241><b_137>,<c_223>,<a_104>,<a_104><b_7>
1871,"Eagle UI-50-FS Red Galvanized Steel Type I Gasoline Safety Can with Funnel, 5 Gallon Capacity, 13.5"" Height, 12.5"" Diameter",Eagle,gauge_meter,<a_248>,<a_248><b_182>,<c_211>,<a_44>,<a_44><b_28>
1872,"ATP Vinyl-Flex PVC Food Grade Plastic Tubing, Clear, 1/8"" ID x 1/4"" OD, 100 feet Length",ATP,other,<a_67>,<a_67><b_114>,<c_25>,<a_228>,<a_228><b_40>
1873,"Gorilla Crystal Clear Duct Tape, 1.88&rdquo; x 5 yd, Clear, (Pack of 1)",Gorilla,tape,<a_59>,<a_59><b_184>,<c_20>,<a_202>,<a_202><b_52>
1874,"FastenMaster FMHLGM278-50 HeadLOK Heavy-Duty Flathead Fastener, 2-7/8 Inches, 50-Count",FastenMaster,fastener,<a_130>,<a_130><b_84>,<c_73>,<a_224>,<a_224><b_33>
1875,"Grip Rite Prime Guard MAXS62713 T-25 Star Type 17 Point Stainless Steel Deck Screw, 10X3-Inch, 1-lb, Pack of 68",Grip Rite Prime Guard,fastener,<a_231>,<a_231><b_126>,<c_62>,<a_224>,<a_224><b_79>
1876,"Dremel 445 1/2"" 240 grit sanding band, 6 Pack",Dremel,other,<a_132>,<a_132><b_75>,<c_235>,<a_193>,<a_193><b_172>
1877,"464 Brass Round Rod, Unpolished (Mill) Finish, H02 Temper, ASTM B21, 9/16"" Diameter, 12"" Length",Small Parts,gauge_meter,<a_185>,<a_185><b_218>,<c_96>,<a_251>,<a_251><b_39>
1878,"Heatshield Products 340410 Thermaflect Tape 4"" Wide x 10' Heat Shield Tape",Heatshield Products,tape,<a_249>,<a_249><b_125>,<c_124>,<a_79>,<a_79><b_9>
1879,"Ozark Trail TT-57 Xi-26-D 76064P, Utility Strap With Quick-Release Buckle, 72"" L, Black, 4 Piece",Ozark Trail,other,<a_210>,<a_210><b_188>,<c_244>,<a_71>,<a_71><b_177>
1880,Ade Advanced Optics Anti-F Fahrenheit ATC Glycol Antifreeze/Battery Fluid Refractometer,Ade Advanced Optics,gauge_meter,<a_155>,<a_155><b_37>,<c_4>,<a_107>,<a_107><b_81>
1881,Phantom YoYo 170 Points Mini Breadboard for Arduino Proto Shield (6 PCS),Phantom YoYo,other,<a_143>,<a_143><b_166>,<c_218>,<a_73>,<a_73><b_108>
1882,Phantom YoYo Arduino compatible Prototyping Board PCB Bare Board Universal Extension Boardproto Screw Shield,Phantom YoYo,fastener,<a_143>,<a_143><b_153>,<c_172>,<a_73>,<a_73><b_108>
1883,Geeetech Infrared proximity switch module compatible with Arduino/Iduino,Geeetech,other,<a_183>,<a_183><b_47>,<c_88>,<a_236>,<a_236><b_223>
1884,"Nashua 322 Multipurpose Foil Tape, 3.2 mil Thick, 9 m Length, 48 mm Width, Aluminum",Berry Global,tape,<a_179>,<a_179><b_57>,<c_1>,<a_202>,<a_202><b_242>
1885,"3"" X 1-1/4"" Swivel Casters Red Polyurethane Wheel Total Lock Brake 300lb Each (4)",Creative Industrial Sales,other,<a_54>,<a_54><b_135>,<c_68>,<a_87>,<a_87><b_105>
1886,"Arrow Fastener 256 Genuine T25 3/8-Inch Staples, 1,000-Pack",ARROW FASTENER,fastener,<a_81>,<a_81><b_251>,<c_157>,<a_42>,<a_42><b_251>
1887,"Bare Copper Wire, Bright, 12 AWG, 0.08"" Diameter, 50' Length (Pack of 1)",Small Parts,gauge_meter,<a_254>,<a_254><b_22>,<c_5>,<a_228>,<a_228><b_85>
1888,"3D Solutech Hot Pink 3D Printer PLA Filament 1.75MM Filament, Dimensional Accuracy +/- 0.03 mm, 2.2 LBS (1.0KG)",3D Solutech,3d_filament,<a_58>,<a_58><b_226>,<c_16>,<a_223>,<a_223><b_80>
1889,"Filabot TCBL1 Taulman Clear t-glase Filament, 1.75 mm, Black",Filabot,3d_filament,<a_71>,<a_71><b_150>,<c_130>,<a_223>,<a_223><b_143>
1890,TEMO 10 inch (25cm) long Diamond Coated FLAT FILE grit 60 coarse,TEMO,other,<a_90>,<a_90><b_34>,<c_62>,<a_52>,<a_52><b_112>
1891,"Gardner Bender Available DS-110N 1-Pound Duct Seal Compound, Gray Green",Gardner Bender,ventilation_fan,<a_249>,<a_249><b_108>,<c_237>,<a_170>,<a_170><b_49>
1892,MEECO'S RED DEVIL 610 Refractory Cement - Indoor Use Only,MEECO'S RED DEVIL,other,<a_207>,<a_207><b_148>,<c_48>,<a_79>,<a_79><b_13>
1893,Stove Gasket Cement (77E) 2.3oz BLACK,Rutland Products,other,<a_75>,<a_75><b_58>,<c_73>,<a_244>,<a_244><b_232>
1894,"ClearlyBags Reclosable Plastic Bag 4""x6"" 6-mil Zip Lock pk/100",CML Supply,other,<a_163>,<a_163><b_16>,<c_51>,<a_210>,<a_210><b_3>
1895,Lever Lock,Purple Safety,other,<a_220>,<a_220><b_81>,<c_3>,<a_206>,<a_206><b_111>
1896,"Red Star Cote des Blancs Wine Yeast, 5 Gram - 10-Pack",Home Brew Ohio,other,<a_177>,<a_177><b_94>,<c_95>,<a_150>,<a_150><b_50>
1897,PanaVise 308 Weighted Base Mount,Panavise,other,<a_7>,<a_7><b_181>,<c_167>,<a_197>,<a_197><b_220>
1898,SWR / Power METER for VHF / UHF Ham Radio 120 - 500 MHz 150 Watt - Workman Model 104,Workman,gauge_meter,<a_141>,<a_141><b_132>,<c_213>,<a_158>,<a_158><b_112>
1899,55pcs 6 Pin DPDT Self-locking Power Micro Push Button Switches 7mmx7mm,uxcell,other,<a_117>,<a_117><b_246>,<c_10>,<a_236>,<a_236><b_58>
1900,"Siglent SDG1025 Function/Arbitrary Waveform Generator, 25MHz, 125MSa/s Sample Rate",Siglent,other,<a_55>,<a_55><b_73>,<c_95>,<a_36>,<a_36><b_248>
1901,"PneumaticPlus PPR2-N02BG-2 Miniature Air Pressure Regulator 1/4"" NPT - Gauge, Bracket, Instrument Pressure (3-30 PSI)",PneumaticPlus,gauge_meter,<a_123>,<a_123><b_50>,<c_230>,<a_108>,<a_108><b_22>
1902,"Remington Industries 24UL1007STRKIT UL1007 24 AWG Gauge Stranded Hook-Up Wire Kit, 300V, 0.0201"" Diameter, 25' Length",Remington Industries,gauge_meter,<a_254>,<a_254><b_127>,<c_170>,<a_67>,<a_67><b_152>
1903,Lehigh 5/16-9 x 3-1/4 inch Stainless Steel Screw Eyes (6 Pack),Lehigh,fastener,<a_250>,<a_250><b_40>,<c_170>,<a_224>,<a_224><b_213>
1904,"Fulton WS20HD0600 Heavy Duty Trailer Winch Strap with Hook 2"" x 20'",Fulton,other,<a_210>,<a_210><b_94>,<c_61>,<a_87>,<a_87><b_46>
1905,"Durachoice 3/8"" Mini Brass Ball Valve - Chrome Plated Female x Male NPT",DuraChoice,other,<a_51>,<a_51><b_134>,<c_187>,<a_108>,<a_108><b_114>
1906,"Spears 1406 Series PVC Tube Fitting, 90 Degree Elbow, Schedule 40, Gray, 1/2"" Barbed",Spears Manufacturing,connector_fitting,<a_13>,<a_13><b_184>,<c_5>,<a_108>,<a_108><b_49>
1907,"Smith-Cooper International CV30 Series Brass Check Valve, 1-1/4"" NPT Female, Non-Potable Water Use Only",Smith-Cooper International,other,<a_51>,<a_51><b_123>,<c_4>,<a_108>,<a_108><b_101>
1908,Hornady 050080 Digital Caliper,Hornady,gauge_meter,<a_164>,<a_164><b_47>,<c_95>,<a_104>,<a_104><b_117>
1909,"SE RFW16100 1-1/2"" Reinforced Cut off Wheel with 1/16"" Arbor (100 Count)",SE,other,<a_42>,<a_42><b_127>,<c_20>,<a_193>,<a_193><b_193>
1910,Uxcell s14100400am3045 1 Meter 50mm Dia Ratio 2:1 Heat Shrinkable Shrinking Tube Black (Pack of 1),uxcell,gauge_meter,<a_249>,<a_249><b_144>,<c_177>,<a_228>,<a_228><b_245>
1911,uxcell 1 Meter 65 Flat width 40mm Dia Ratio 2:1 Heat Shrinkable Shrinking Tube Black,uxcell,gauge_meter,<a_249>,<a_249><b_165>,<c_157>,<a_228>,<a_228><b_137>
1912,uxcell 35mm Dia 1 Meters Black Polyolefin Heat Shrinking Shrinkable Tubing Tubes,uxcell,gauge_meter,<a_249>,<a_249><b_41>,<c_234>,<a_228>,<a_228><b_32>
1913,"Shepherd Hardware 9441 7/8-Inch Threaded Stem Appliance Caster, Dual Wheels, 4-Pack",Shepherd Hardware,other,<a_54>,<a_54><b_109>,<c_211>,<a_87>,<a_87><b_42>
1914,Tesa 51026 Highest Quality Heat Proof Engine Compartment Wiring Tape used by VW AUDI BMW,Tesa,tape,<a_76>,<a_76><b_8>,<c_155>,<a_233>,<a_233><b_129>
1915,"DROK 0.56"" 5 Digit Four Wires +/- 0-10.000A DC Digital Ammeter Panel Amps Gauge with Red Led Digital Display",DROK,gauge_meter,<a_127>,<a_127><b_129>,<c_88>,<a_36>,<a_36><b_36>
1916,TEKTON 7604 Telescopic Inspection Mirror,TEKTON,other,<a_236>,<a_236><b_158>,<c_230>,<a_180>,<a_180><b_116>
1917,Jancy Slugger 10208W 1 Gallon Water Soluable Cutting Fluid,Jancy,other,<a_215>,<a_215><b_207>,<c_174>,<a_173>,<a_173><b_182>
1918,"Anderson Metals Brass Hose Fitting, Union, 3/16"" x 3/16"" Barb",Anderson Metals,connector_fitting,<a_242>,<a_242><b_250>,<c_169>,<a_108>,<a_108><b_244>
1919,"Anvil 8700163903, Malleable Iron Pipe Fitting, Floor Flange, 3/4"" NPT Female, Black Finish",Anvil International,connector_fitting,<a_206>,<a_206><b_51>,<c_114>,<a_108>,<a_108><b_79>
1920,"Enkay 140-R  1-Pound Red Rouge, Carded",Enkay,other,<a_97>,<a_97><b_237>,<c_7>,<a_52>,<a_52><b_7>
1921,"Rok Hardware #6 x 5/8"" Flat Head Phillips Deep Thread Wood Screws Nickel (Zinc Finish) - Super Value 100 Pack",Rok,fastener,<a_130>,<a_130><b_113>,<c_132>,<a_224>,<a_224><b_95>
1922,"5 Inch 1500 Grit High Performance Hook and Loop Wet / Dry Film Sanding Discs, 10 Pack",Red Label Abrasives,other,<a_235>,<a_235><b_100>,<c_193>,<a_68>,<a_68><b_137>
1923,POWERTEC 71007 110/220V Paddle Switch,POWERTEC,other,<a_190>,<a_190><b_176>,<c_73>,<a_236>,<a_236><b_233>
1924,Wax Buffing Brush - Drill,ChalkPro Products,other,<a_17>,<a_17><b_77>,<c_136>,<a_24>,<a_24><b_225>
1925,"Professional Grade Products 9800394 Shutter Exhaust Fan for Garage Shed Pole Barn Hydroponic Ventilation, 265 CFM, 6",Professional Grade Products,ventilation_fan,<a_3>,<a_3><b_173>,<c_53>,<a_109>,<a_109><b_29>
1926,"50-5401 TruePower 18"" X 12"" Mover's Dolly, 1000lbs Furniture Appliance, 4 x 3"" Rubber Swiveable Casters",1st Web Sales,other,<a_52>,<a_52><b_132>,<c_122>,<a_87>,<a_87><b_82>
1927,"3M Silver Foil Tape 3340, 2-1/2"" x 50 yd, 4.0 mil",3M,tape,<a_229>,<a_229><b_119>,<c_212>,<a_202>,<a_202><b_10>
1928,"Anvil 8700120507, Malleable Iron Pipe Fitting, Tee, 3/4"" NPT Female, Black Finish",Anvil International,connector_fitting,<a_206>,<a_206><b_113>,<c_11>,<a_108>,<a_108><b_79>
1929,"Anvil 8700123659, Malleable Iron Pipe Fitting, 90 Degree Elbow, 3/8"" NPT Female, Black Finish",Anvil International,connector_fitting,<a_206>,<a_206><b_113>,<c_107>,<a_108>,<a_108><b_79>
1930,"Capri Tools CP20003 Platinum Series Fractional Digital Caliper with Extra Large LCD Screen, 12-Inch",Capri Tools,gauge_meter,<a_181>,<a_181><b_49>,<c_131>,<a_104>,<a_104><b_165>
1931,MALIDA 1/4 inch OD Tube push fit straight quick connect for water purifiers (10 pack),Malida,other,<a_46>,<a_46><b_129>,<c_196>,<a_108>,<a_108><b_38>
1932,"3M 3432 Red Micro Prismatic Sheeting Reflective Tape, 0.25"" X 5yd (1 Roll)",TapeCase,tape,<a_233>,<a_233><b_203>,<c_167>,<a_68>,<a_68><b_176>
1933,Uxcell a14082700ux0101 Antique Wood Box Latch Sets Case Hasp Lock 26 mm Long Brass Tone (Pack of 10),uxcell,other,<a_216>,<a_216><b_185>,<c_202>,<a_71>,<a_71><b_99>
1934,"Fermtech Regular 5/16"" Auto Siphon with 8 feet of Tubing, clear, 1 piece",Fermtech,other,<a_63>,<a_63><b_55>,<c_102>,<a_52>,<a_52><b_216>
1935,Genie- 100% OEM Genie/WD Corp OEM: Genie 20414R Carriage for Screw Drive Operators,Genie- 100% OEM Genie/WD Corp,fastener,<a_173>,<a_173><b_47>,<c_30>,<a_109>,<a_109><b_250>
1936,MaxxHaul 70073 Solid Rubber Heavy Duty Wheel Chock with Eyebolt,MaxxHaul,fastener,<a_79>,<a_79><b_193>,<c_72>,<a_87>,<a_87><b_242>
1937,"Uxcell BS1010 S10 Repair Part Deburred Tool Deburring Blades, 10-Piece",uxcell,other,<a_78>,<a_78><b_229>,<c_116>,<a_193>,<a_193><b_139>
1938,"The Hillman Group The Hillman Group 852143 18"" Winding Rod - For Torsion Springs 2-Pack",Hillman,other,<a_250>,<a_250><b_3>,<c_206>,<a_71>,<a_71><b_250>
1939,5pcs Nichicon 2200uF 10V 105C Aluminum Electrolytic Radial Lead Type Premium Capacitor for the LCD TV & Monitor Repair,Nichicon,other,<a_100>,<a_100><b_101>,<c_34>,<a_236>,<a_236><b_148>
1940,"Atoplee 1pc MT2 Live Center Morse Taper Triple Bearing 2 Mt .0002"" for High Speed Turning, CNC Work",ATOPLEE,tape,<a_65>,<a_65><b_20>,<c_135>,<a_158>,<a_158><b_246>
1941,"Red Devil 077020 Lifetime Ultra Premium Elastomeric Acrylic Latex Sealant, 10.1-Ounce, Almond",Red Devil,other,<a_157>,<a_157><b_239>,<c_48>,<a_244>,<a_244><b_16>
1942,Ade Advanced Optics aaogabf100atc Fahrenheit ATC Glycol Antifreeze/battery Fluid Refractometer,Ade Advanced Optics,gauge_meter,<a_155>,<a_155><b_37>,<c_1>,<a_107>,<a_107><b_81>
1943,Heavy Duty Bat Handle Momentary Toggle Switch - DPDT / (On) - Off - (On) : 30-050,"Philmore / LKG Industries, Inc.",other,<a_205>,<a_205><b_2>,<c_212>,<a_236>,<a_236><b_229>
1944,"Camco 23303 1/2"" Back-Flow Preventer - Lead Free",Camco,other,<a_166>,<a_166><b_198>,<c_19>,<a_108>,<a_108><b_47>
1945,10g Silica Gel Desiccant (Pack of 50),ULINE,other,<a_238>,<a_238><b_147>,<c_2>,<a_150>,<a_150><b_218>
1946,New Mini Digital Pen Type PH Meter PH-009 I Multimeter Tester Hydro,Generic,gauge_meter,<a_25>,<a_25><b_121>,<c_29>,<a_36>,<a_36><b_231>
1947,"Flask, ERLENMEYER NARROW MOUTH ~ PYREX GLASS 2L",Pyrex,other,<a_86>,<a_86><b_57>,<c_201>,<a_94>,<a_94><b_129>
1948,"Steel Machine Screw, Zinc Plated Finish, Flat Head, Phillips Drive, 3/4"" Length, #10-32 Threads (Pack of 100)",Small Parts,fastener,<a_130>,<a_130><b_49>,<c_4>,<a_224>,<a_224><b_146>
1949,"Steel Machine Screw, Zinc Plated Finish, Flat Head, Phillips Drive, 2"" Length, #8-32 Threads (Pack of 100)",Small Parts,fastener,<a_130>,<a_130><b_49>,<c_1>,<a_224>,<a_224><b_146>
1950,"Poron Polyurethane Open-Cell Foam Sheet, Medium Firmness, Adhesive Backing, Black, 0.250"" Thickness, 12"" Width, 12"" Length",Small Parts,adhesive_epoxy,<a_45>,<a_45><b_6>,<c_15>,<a_79>,<a_79><b_38>
1951,"Anker HomeVac Duo 2-in-1 Cordless Vacuum Cleaner, Rechargeable Bagless Stick and Handheld Vacuum with Upright Charging Base - Red",Anker,other,<a_194>,<a_194><b_121>,<c_137>,<a_24>,<a_24><b_55>
1952,"Dixon DCB10 Brass Air Chief Industrial Interchange Quick-Connect Air Hose Fitting, 1/2"" Coupling x 1/2"" NPT Female",Dixon Valve & Coupling,connector_fitting,<a_242>,<a_242><b_144>,<c_183>,<a_108>,<a_108><b_228>
1953,"Funnel, Regular stem, glass, 50 OD x 50mm stem",SEOH,other,<a_63>,<a_63><b_111>,<c_26>,<a_94>,<a_94><b_221>
1954,EISCO Premium Lab Metalware Set,EISCO,other,<a_49>,<a_49><b_99>,<c_118>,<a_229>,<a_229><b_81>
1955,SEOH 5 Pack Glass Borosilicate Graduated Beakers 50 100 250 600 and 1000ml,SEOH,other,<a_251>,<a_251><b_202>,<c_0>,<a_94>,<a_94><b_40>
1956,"Karter Scientific Glass Flask 5 Piece Set, Narrow Mouth Erlenmeyer, Borosilicate 3.3 Glass - 50ml, 150ml, 250ml, 500ml, 1L, 213B2",Karter Scientific,other,<a_86>,<a_86><b_83>,<c_141>,<a_94>,<a_94><b_26>
1957,Devcon Epoxy Bathtub Repair Kit (Almond & White),Devkon,adhesive_epoxy,<a_182>,<a_182><b_228>,<c_44>,<a_117>,<a_117><b_198>
1958,"Vivaplex, 12 Glass Bottles with Black Fine Mist Sprayer, 1 oz, Amber",Vivaplex,other,<a_112>,<a_112><b_175>,<c_194>,<a_150>,<a_150><b_155>
1959,"Gorilla Super Glue Gel, 20 Gram, Clear",Gorilla,adhesive_epoxy,<a_48>,<a_48><b_167>,<c_25>,<a_165>,<a_165><b_210>
1960,"500 pcs 4""X6"" PVC Shrink Film Wrap Flat Bags 100 gauge",Durapak Supplies,gauge_meter,<a_32>,<a_32><b_194>,<c_88>,<a_210>,<a_210><b_86>
1961,"Karter Scientific 206H2 3ml Grad Transfer Pipettes, Vol 7ml, 1/2ml Grads, 155mm, (Pack of 500)",Karter Scientific,other,<a_43>,<a_43><b_86>,<c_74>,<a_94>,<a_94><b_69>
1962,Dico 541-787-3/4 Nyalox End Brush 3/4-Inch Blue 240 Grit,Dico,other,<a_17>,<a_17><b_142>,<c_166>,<a_24>,<a_24><b_157>
1963,"Non-GMO Project Verified Citric Acid - 1 Pound - Organic, 100% Pure - Alpha Chemicals",Alpha Chemicals,other,<a_12>,<a_12><b_184>,<c_2>,<a_206>,<a_206><b_204>
1964,uxcell 20 Pcs High Power 2 Pin 3W White LED Bead Emitters 170-190Lm 6000K,uxcell,other,<a_30>,<a_30><b_234>,<c_104>,<a_73>,<a_73><b_175>
1965,BC547 Transistor,uxcell,other,<a_91>,<a_91><b_14>,<c_157>,<a_236>,<a_236><b_191>
1966,Reflexite REF-DB Retroreflective V92 Daybright Tape: 1 in. x 15 ft. (Silver-White) by Reflexite,Reflexite,tape,<a_233>,<a_233><b_63>,<c_167>,<a_68>,<a_68><b_25>
1967,100 Scalpel Blades # 11 with Free Handle,ODONTOMED,other,<a_61>,<a_61><b_93>,<c_116>,<a_180>,<a_180><b_197>
1968,Dico 541-778-4 Nyalox Wheel Brush 4-Inch Orange 120 Grit,Dico,other,<a_17>,<a_17><b_55>,<c_35>,<a_24>,<a_24><b_255>
1969,"Grip-Rite 158CDWS1 1-5/8-Inch 6 Coarse Thread Drywall Screw with Bugle Head, 1 Pound",Grip-Rite,fastener,<a_250>,<a_250><b_26>,<c_248>,<a_224>,<a_224><b_55>
1970,"011 Buna-N O-Ring, 50A Durometer, Round, Black, 5/16"" ID, 7/16"" OD, 1/16"" Width (Pack of 115)","Sterling Seal & Supply, Inc. (STCC)",gauge_meter,<a_185>,<a_185><b_147>,<c_205>,<a_251>,<a_251><b_195>
1971,Dap 18172 10.1 Oz Ant Whi Alex Plus Acrylic Latex Caulk Plus Silicone,DAP,other,<a_18>,<a_18><b_53>,<c_128>,<a_52>,<a_52><b_201>
1972,"Hy-Ko Plastic Sign White 9"" X 12"" Protected By Video Surveillance Polystyrene",Hy-Ko,other,<a_12>,<a_12><b_236>,<c_228>,<a_158>,<a_158><b_68>
1973,"Sashco 13030 10.5oz Sashco Sealants White Lexel Adhesive Caulk, 10.5-Ounce",Sashco,adhesive_epoxy,<a_157>,<a_157><b_82>,<c_67>,<a_244>,<a_244><b_170>
1974,"BuildTak 3D Printing Build Surface, 12"" x 12"" Square, Black (Pack of 3)",BuildTak,other,<a_126>,<a_126><b_65>,<c_60>,<a_223>,<a_223><b_184>
1975,"1-1/8"" Blk Coarse Thread Drywall Screw W/ Bugle Head 1# Box",Grip-Rite,fastener,<a_250>,<a_250><b_26>,<c_137>,<a_224>,<a_224><b_84>
1976,Starrett C391 60 Degree Center Gage,Starrett,other,<a_133>,<a_133><b_156>,<c_225>,<a_104>,<a_104><b_50>
1977,All Industrial 52502 | Pro-Shop Magnetic Base for Dial and Test Indicators,All Industrial,other,<a_216>,<a_216><b_99>,<c_232>,<a_104>,<a_104><b_5>
1978,"Jacobs 30373C 1/2"" Hand-Tite Keyless Hammerdrill Chuck 1/2-20 Thread 700 Series",Jacobs,other,<a_228>,<a_228><b_35>,<c_202>,<a_224>,<a_224><b_73>
1979,Rbenxia Tattoo Wash Cleaning Plastic Green Soap Holder Squeeze Bottle Tattooing Supply Pack of 2pcs 250ml,Rbenxia,other,<a_201>,<a_201><b_156>,<c_234>,<a_150>,<a_150><b_174>
1980,T&uuml;rlen Test Dial Indicator Holder Quill Clamp For Bridgeport Mill Machine Clamping Diameter 1-7/8,TRLEN,gauge_meter,<a_133>,<a_133><b_109>,<c_183>,<a_104>,<a_104><b_205>
1981,"ARROW 160375 1-1/4"" Vinyl Coated Cup Hooks (Pack of 36)",Arrow,other,<a_150>,<a_150><b_144>,<c_22>,<a_71>,<a_71><b_174>
1982,"Plymor 6"" x 9"", 4 Mil (Pack of 100) Heavy Duty Plastic Reclosable Zipper Bags",Plymor,other,<a_238>,<a_238><b_58>,<c_3>,<a_210>,<a_210><b_219>
1983,"Plymor 6"" x 9"", 4 Mil (Case of 1000) Heavy Duty Plastic Reclosable Zipper Bags",Plymor,other,<a_238>,<a_238><b_58>,<c_27>,<a_210>,<a_210><b_219>
1984,Keeper 02825-SC Emergency 25' Tow Strap with Spring Latch Hooks and Storage Case,Keeper,other,<a_210>,<a_210><b_60>,<c_132>,<a_71>,<a_71><b_106>
1985,"Kreg SML-C2 2-Inch Washer Head #8 Coarse Pocket Screws, 50 Count",Kreg,fastener,<a_130>,<a_130><b_141>,<c_159>,<a_224>,<a_224><b_172>
1986,"wolfcraft 2960405 Straight Fluted Wood Dowel Pins, 1/4in., 36 Pieces",Wolfcraft,other,<a_68>,<a_68><b_40>,<c_193>,<a_224>,<a_224><b_248>
1987,"Philips Sonicare HX6212/05 2 Series Plaque Control Rechargeable Toothbrush, Special pack",Philips Sonicare,other,<a_122>,<a_122><b_236>,<c_29>,<a_24>,<a_24><b_20>
1988,"3M 1300 Neoprene High Performance Rubber & Gasket Adhesive, Yellow 5 Oz. Tube (Pack of 1)",3M,adhesive_epoxy,<a_198>,<a_198><b_197>,<c_178>,<a_233>,<a_233><b_227>
1989,Automatic Temperature Compensation 0-32% Brix Refractometer Beer Wine CNC Fruit by Ade Advanced Optics,Ade Advanced Optics,gauge_meter,<a_155>,<a_155><b_128>,<c_173>,<a_107>,<a_107><b_26>
1990,LeHigh Crawford 32-Piece Locking Peg Hook Assortment #1832A,Crawford-Lehigh,other,<a_2>,<a_2><b_213>,<c_158>,<a_71>,<a_71><b_188>
1991,"Haylard Health Purple Nitrile Exam Gloves, Large, 100 Count",Halyard Health,other,<a_146>,<a_146><b_236>,<c_2>,<a_44>,<a_44><b_218>
1992,"Suncast GC1500BTD Portable Outdoor Gardening Center with Interchangeable Shelves, Tool Storage And Utility Bin, Taupe",Suncast,other,<a_33>,<a_33><b_33>,<c_238>,<a_87>,<a_87><b_53>
1993,Applicator Bottle with 25ga Stainless Steel Needle - 6 Pack,IPS,other,<a_38>,<a_38><b_44>,<c_4>,<a_150>,<a_150><b_110>
1994,"Industrial & Scientific"" />",E-Z LOK,metadata_placeholder,<a_191>,<a_191><b_143>,<c_234>,<a_15>,<a_15><b_185>
1995,"Spectra PAR12-02 Parker Laboratories 360 Electrode Gel, 2 oz. Tube",Spectra,other,<a_222>,<a_222><b_127>,<c_127>,<a_44>,<a_44><b_4>
1996,"X-Treme Tape TPE-XZLBLU Silicone Rubber Self Fusing Tape, 1"" x 10', Triangular, Blue",X-Treme Tape,tape,<a_179>,<a_179><b_162>,<c_134>,<a_202>,<a_202><b_198>
1997,Capri Tools 20004 Mini Digital Height Gauge,Capri Tools,gauge_meter,<a_181>,<a_181><b_221>,<c_183>,<a_104>,<a_104><b_238>
1998,Hilitchi 180pcs Nylon Fully Insulated Male / Female Spade Wire Crimp Quick Disconnects Wire Terminals Connector Set,Hilitchi,connector_fitting,<a_253>,<a_253><b_162>,<c_158>,<a_67>,<a_67><b_79>
1999,Ginsco 120 Pcs/60 Pairs Quick Splice Wire Terminals T-Tap Self-stripping with Nylon Fully Insulated Male Quick Disconnects Kit,Ginsco,connector_fitting,<a_253>,<a_253><b_183>,<c_116>,<a_67>,<a_67><b_31>
2000,Uxcell a12072100ux0193 16mm High Round Cap Momentary Metal Push Button Switch,uxcell,other,<a_117>,<a_117><b_251>,<c_243>,<a_236>,<a_236><b_35>
2001,G.S 100 SCALPEL STERILE BLADES #10 WITH FREE SCALPEL HANDLE #3,ODONTOMED,other,<a_84>,<a_84><b_227>,<c_157>,<a_17>,<a_17><b_31>
2002,"Enkay 140-BL  1-Pound Black Emery Compound, Carded",Enkay,other,<a_97>,<a_97><b_65>,<c_211>,<a_52>,<a_52><b_7>
2003,Stanley Hardware S701-440 SC311 Continuous Hinge in Brass,National Hardware,other,<a_79>,<a_79><b_127>,<c_94>,<a_71>,<a_71><b_247>
2004,"Hydro Flow 100 ft Roll Vinyl Tubing, Black - 3/8"" ID x 1/2"" OD",HydroFLOW,other,<a_151>,<a_151><b_239>,<c_212>,<a_228>,<a_228><b_181>
2005,"Thogus Polypropylene Tube Fitting, Tee, Black, 3/4"" x 3/4"" x 1/2"" Barbed (Pack of 10)",Thogus,connector_fitting,<a_13>,<a_13><b_174>,<c_84>,<a_108>,<a_108><b_49>
2006,NRS 1-Inch Heavy-Duty Tie-Down Strap,NRS,other,<a_244>,<a_244><b_119>,<c_123>,<a_71>,<a_71><b_106>
2007,"TashiBox Thank You Bags Reusable Grocery Bags - Measures 11.5"" X 6.25"" X 21"", 15mic, 0.6 Mil - 308 Count",TashiBox,other,<a_163>,<a_163><b_46>,<c_15>,<a_210>,<a_210><b_105>
2008,Hi-Lift PP-350 Post-Popper Chain and Slip Hook,Hi-Lift,other,<a_244>,<a_244><b_250>,<c_6>,<a_87>,<a_87><b_11>
2009,"Permatex 80037 Valve Grinding Compound, 3 oz.",Permatex,other,<a_75>,<a_75><b_67>,<c_109>,<a_173>,<a_173><b_48>
2010,PYREX Heavy Duty Griffin 1003 400mL Beaker Double Scale Graduated; Each,Pyrex,other,<a_251>,<a_251><b_53>,<c_106>,<a_94>,<a_94><b_172>
2011,PORTER-CABLE FN16PP 16 Gauge Finish Nail Project Pack,PORTER-CABLE,gauge_meter,<a_136>,<a_136><b_26>,<c_41>,<a_42>,<a_42><b_102>
2012,Elitech STC-1000 Temperature Controller Origin Digital 110V Centigrade Thermostat 2 Relays,Elitech,other,<a_8>,<a_8><b_189>,<c_78>,<a_158>,<a_158><b_99>
2013,OCR 5Pcs NTC 10K 3950 Ohm Waterproof Digital Thermal Temperature Sensor Probe 1M,OCR,other,<a_227>,<a_227><b_164>,<c_67>,<a_211>,<a_211><b_183>
2014,"Red Brass Pipe Fitting, Nipple, Schedule 40 Seamless, 1/4"" NPT Male X 1-1/2"" Length",Merit Brass,connector_fitting,<a_206>,<a_206><b_14>,<c_165>,<a_108>,<a_108><b_42>
2015,"TDS Meter, Dr.meter TDS-3C Water Quality TDS Tester 0-9990 ppm Range 1 ppm Resolution +/- 2% Accuracy",Dr.meter,gauge_meter,<a_25>,<a_25><b_93>,<c_88>,<a_107>,<a_107><b_186>
2016,Power Wheels plunger type foot switch.,Power Wheels,other,<a_167>,<a_167><b_163>,<c_118>,<a_197>,<a_197><b_47>
2017,Black Anti Slip Safety Grit Non Slip Tape - Highest Traction 60' Feet Many Sizes (2 inch width),SlipDoctors,tape,<a_59>,<a_59><b_233>,<c_163>,<a_122>,<a_122><b_205>
2018,"TP-LINKTL-ANT24EC5S 5m/16ft Antenna Extension Cable, RP-SMA Male to Female connector",TP-LINK,connector_fitting,<a_221>,<a_221><b_225>,<c_21>,<a_211>,<a_211><b_49>
2019,"Arrow Fastener 608 Wide Crown Swingline Style Heavy Duty 1/2-Inch Staples, 1000-Pack",ARROW FASTENER,fastener,<a_81>,<a_81><b_105>,<c_121>,<a_42>,<a_42><b_46>
2020,"Get Bats Out Rubber Toilet Plunger for Bathroom, Sink & Drain Clogs - Use in Homes, Commercial & Industrial bldgs",Get Bats Out,other,<a_119>,<a_119><b_155>,<c_205>,<a_109>,<a_109><b_41>
2021,Oral-B Vitality Electric Toothbrush,Oral B,other,<a_122>,<a_122><b_81>,<c_122>,<a_24>,<a_24><b_220>
2022,"Arrow Fastener 259 Genuine T25/T2025 9/16-Inch Staples, 1,000-Pack",ARROW FASTENER,fastener,<a_81>,<a_81><b_136>,<c_99>,<a_42>,<a_42><b_251>
2023,Absolute USA FQD1614B 16/14 Gauge Nylon Fully Insulated Female Quick Disconnects (Blue),Absolute,gauge_meter,<a_247>,<a_247><b_42>,<c_54>,<a_23>,<a_23><b_202>
2024,"NTE Electronics HS-ASST-2 Thin Wall Heat Shrink Tubing Kit, Black, Assorted Dia, 2-1/2"" Length, 158 Pieces",NTE Electronics,other,<a_32>,<a_32><b_89>,<c_102>,<a_228>,<a_228><b_46>
2025,"Torin Big Red Hydraulic Stubby Bottle Jack, 12 Ton Capacity",Torin,other,<a_73>,<a_73><b_252>,<c_10>,<a_87>,<a_87><b_37>
2026,9M Antenna RP-SMA Extension Cable for Wi-Fi Wi Fi Router,Unknown,other,<a_221>,<a_221><b_248>,<c_17>,<a_211>,<a_211><b_92>
2027,"RSR Electronics 01HY3005D- Variable Linear Lab Power Supply, 0-30V, 0-5 Amp",RSR Electronics,other,<a_127>,<a_127><b_53>,<c_225>,<a_30>,<a_30><b_73>
2028,"E-Projects EPC-101 31 Value Resistor Kit, 10 Ohm - 1M Ohm, 1/4 Watt (Pack of 775)",E-Projects,other,<a_101>,<a_101><b_127>,<c_8>,<a_73>,<a_73><b_56>
2029,"EATON 604-SP 660-Watt 250-volt Medium Base Ceiling Receptacle Lamp Holder, Porcelain, White",EATON Wiring,other,<a_217>,<a_217><b_13>,<c_1>,<a_236>,<a_236><b_119>
2030,The Texas Waffle Maker,bcoww,other,<a_97>,<a_97><b_14>,<c_128>,<a_14>,<a_14><b_134>
2031,"Amlong Crystal 6"" Optical Glass Triangular Prism for Teaching Light Spectrum Physics and Photo Photography Prism, 150mm",Amlong Crystal,other,<a_30>,<a_30><b_232>,<c_235>,<a_180>,<a_180><b_51>
2032,360-Piece Solderless Electrical Terminal Assortment,Neiko,connector_fitting,<a_118>,<a_118><b_14>,<c_133>,<a_67>,<a_67><b_201>
2033,uxcell Wire Wrap Sleeve 2mm Dia 30mm Long Heat Shrink Tubing 280pcs Black,uxcell,other,<a_249>,<a_249><b_41>,<c_252>,<a_228>,<a_228><b_32>
2034,The Hillman Group 707319  XL Washered Wing Nut 1/4-20 (50-Pack),Hillman,fastener,<a_6>,<a_6><b_79>,<c_62>,<a_224>,<a_224><b_236>
2035,"Rok Hardware Heavy Duty Metal Bracket Right Angle Brace, 20 Gauge, Zinc Finish, 50 Pack",Rok,gauge_meter,<a_111>,<a_111><b_113>,<c_155>,<a_71>,<a_71><b_164>
2036,"3mm and 5mm LED Lights Emitting Diodes Assortment Set Kit for Arduino Bright White Red Blue Green Yellow, 300-Pack",CO RODE,other,<a_30>,<a_30><b_43>,<c_60>,<a_73>,<a_73><b_223>
2037,"Triple Linear DC Power Supply, 30V, 5 Amp - EX ELECTRONIX EXPRESS",RSR ELECTRONICS INC,other,<a_127>,<a_127><b_132>,<c_28>,<a_30>,<a_30><b_132>
2038,"3"" X 4"" 4-mil Clear Resealable Zipper Poly Shipping Bags (Qty=100)",uGems,other,<a_238>,<a_238><b_211>,<c_134>,<a_210>,<a_210><b_9>
2039,"Banjo TF100 Polypropylene Bulkhead Tank Fitting, 1"" NPT Female",Banjo Corp,connector_fitting,<a_166>,<a_166><b_248>,<c_174>,<a_108>,<a_108><b_70>
2040,MARS - Motors & Armatures 12905 370V Oval 5 Micro-Farads Motor Run Capacitor,MARS - Motors & Armatures,other,<a_22>,<a_22><b_207>,<c_44>,<a_236>,<a_236><b_110>
2041,"Polycarbonate Tubing, 1/2"" ID x 5/8"" OD x 1/16"" Wall, Clear Color 24"" L",Small Parts,other,<a_67>,<a_67><b_249>,<c_70>,<a_228>,<a_228><b_194>
2042,"Eaton Weatherhead 3750X4 Brass CA360 Fitting, Street Tee, 1/4""NPT Female x NPT Male x NPT Female",Weatherhead,connector_fitting,<a_65>,<a_65><b_50>,<c_33>,<a_158>,<a_158><b_147>
2043,"EFIXTK 3PCS Mini Solderless Breadboard,400 Ties Clear Circuit PCB Board Kit for Proto Shield Circboard Prototyping",EFIXTK,other,<a_82>,<a_82><b_159>,<c_58>,<a_73>,<a_73><b_19>
2044,"Gorilla 100 Percent Silicone Sealant Caulk, 2.8 ounce Squeeze Tube, Clear",Gorilla,other,<a_41>,<a_41><b_69>,<c_53>,<a_244>,<a_244><b_52>
2045,"X-Treme Tape TPE-XR1510ZLB Silicone Rubber Self Fusing Tape, 1.5"" x 10', Rectangular, Black",X-Treme Tape,tape,<a_179>,<a_179><b_162>,<c_130>,<a_202>,<a_202><b_198>
2046,"Qualihome Drywall and Hollow-wall Anchor Assortment Kit, Anchors, Screws, Wall Anchor Hooks, and Hollow-door Toggle, 112 Pieces",Qualihome,fastener,<a_33>,<a_33><b_70>,<c_167>,<a_224>,<a_224><b_63>
2047,Ginsco 160pcs Nylon Fully Insulated Male / Female Spade Wire Crimp Quick Disconnects Wire Terminals Connector Set,Ginsco,connector_fitting,<a_247>,<a_247><b_182>,<c_40>,<a_67>,<a_67><b_204>
2048,"Uxcell a11103100ux0074 5/16"" x 5/16"" Straight Shank 4 Flute Endmill Milling Cutter",uxcell,other,<a_212>,<a_212><b_16>,<c_184>,<a_193>,<a_193><b_19>
2049,"500 qty 3/8"" Inch Steel Shot Slingshot Ammo Balls",BC Precision,other,<a_138>,<a_138><b_174>,<c_134>,<a_71>,<a_71><b_207>
2050,"E6000 230022 Medium Viscosity Auto/Industrial Adhesive, 3.7 fl oz",E6000,adhesive_epoxy,<a_124>,<a_124><b_29>,<c_223>,<a_165>,<a_165><b_221>
2051,Sticky Ass Tape SAT 1.81-Inch by 35 yards Tape,Sticky Ass Tape,tape,<a_234>,<a_234><b_212>,<c_156>,<a_202>,<a_202><b_7>
2052,Bessey BVVB Vacuum Base Vise,Bessey,other,<a_148>,<a_148><b_3>,<c_162>,<a_193>,<a_193><b_124>
2053,"Sika Corporation 106711 Self Leveling Sealant, 29-Ounce, Gray",Sika Corp.,other,<a_230>,<a_230><b_146>,<c_227>,<a_244>,<a_244><b_21>
2054,"Sound Decibel Meter, GoerTek Digital Mini Sound Pressure Level Meter, Audio Noise Measurement 30-130dBA,MAX/MIN Hold,Auto Backlight Display-3AAA Battery Includedd (GM1352)",GoerTek,gauge_meter,<a_141>,<a_141><b_177>,<c_216>,<a_158>,<a_158><b_165>
2055,"Brass Machine Screw, Plain Finish, Pan Head, Phillips Drive, 1/4"" Length, #2-56 Threads (Pack of 100)",Small Parts,fastener,<a_168>,<a_168><b_128>,<c_204>,<a_224>,<a_224><b_146>
2056,"Vktech 10ml Dropper Bottles,Plastic,50 Pcs",Vktech,other,<a_112>,<a_112><b_4>,<c_231>,<a_150>,<a_150><b_60>
2057,Cobalt Blue Glass Bottles with Droppers 2 Oz - 12 Per Package,GreenHealth,other,<a_112>,<a_112><b_147>,<c_26>,<a_150>,<a_150><b_210>
2058,"HATCHBOX PLA 3D Printer Filament, Dimensional Accuracy +/- 0.03 mm, 1 kg Spool, 1.75 mm, Gray",HATCHBOX,3d_filament,<a_58>,<a_58><b_172>,<c_3>,<a_223>,<a_223><b_198>
2059,"MG Chemicals Wood 3D Printer Filament, 1.75mm, 0.5 Kg (1.1 lbs.) - Wood",MG Chemicals,3d_filament,<a_71>,<a_71><b_224>,<c_126>,<a_223>,<a_223><b_179>
2060,Antique Bronze Metallic PLA - 3D Printing Filament (1.75mm 0.5 kg) Made in the USA,Black Magic 3D,3d_filament,<a_113>,<a_113><b_124>,<c_165>,<a_223>,<a_223><b_212>
2061,"Soyan 3D Pen for Arts and Crafts, 3D Molding, Sculpting and Doodling, Perfect Gift for Kids (Gray)",Soyan,other,<a_195>,<a_195><b_159>,<c_80>,<a_158>,<a_158><b_21>
2062,"3M Fastener TB3526N/TB3527N Hook/Loop Black, 1 in x 10 ft (1 Mated Strip/Bag)",3M,fastener,<a_175>,<a_175><b_79>,<c_212>,<a_68>,<a_68><b_127>
2063,"3Doodler Create 3D Pen with 50 Plastic Strands, No Mess, Non-Toxic -",3Doodler,other,<a_113>,<a_113><b_213>,<c_139>,<a_223>,<a_223><b_102>
2064,"Argos Technologies B3125-50 Basins, 25 mL, White (Pack of 50)",Argos Technologies,other,<a_103>,<a_103><b_93>,<c_247>,<a_94>,<a_94><b_103>
2065,"Industrial & Scientific"" />",SEOH,metadata_placeholder,<a_49>,<a_49><b_243>,<c_195>,<a_15>,<a_15><b_224>
2066,"SEOH 16 X 125mm Plastic Test Tubes with Caps, 25 Pack",SEOH,other,<a_245>,<a_245><b_155>,<c_69>,<a_94>,<a_94><b_173>
2067,"Eisco Labs Wood Test Tube Rack, 12 Tube Capacity, 7/8"" (22mm) Holes",EISCO,3d_filament,<a_245>,<a_245><b_140>,<c_60>,<a_94>,<a_94><b_125>
2068,"Rutland Fireplace Mortar Cartridge, 10.3-Ounce, Gray",Rutland Products,other,<a_207>,<a_207><b_31>,<c_89>,<a_79>,<a_79><b_71>
2069,Uxcell a12021600ux0257 Audio Male Adapter Connectors (Pack of 5),uxcell,connector_fitting,<a_209>,<a_209><b_36>,<c_81>,<a_23>,<a_23><b_201>
2070,"CLR Pro CL-4Pro Calcium, Lime and Rust Remover, 1 Gallon Bottle",CLR,other,<a_15>,<a_15><b_53>,<c_176>,<a_66>,<a_66><b_16>
2071,"PORTER-CABLE BN18PP 18 Gauge Brad Nail Project Pack,PORTER-CABLE,BN18PP"" />",PORTER-CABLE,gauge_meter,<a_136>,<a_136><b_117>,<c_212>,<a_42>,<a_42><b_133>
2072,"Campbell Mfg Llc 2""  Quietsewage Chk Valve B-0823-20C Well Supply Accessories",Campbell,other,<a_232>,<a_232><b_42>,<c_182>,<a_109>,<a_109><b_21>
2073,Shop Fox D4082 4-Inch Cross-Sliding Vise,Shop Fox,other,<a_148>,<a_148><b_153>,<c_170>,<a_193>,<a_193><b_37>
2074,4oz. Industrial Insect Repellent Deet Free Meets ASTM F2621 FR Clothing & ASTM D120 Linesmen Glove tested,R&R Lotion,other,<a_11>,<a_11><b_237>,<c_212>,<a_173>,<a_173><b_99>
2075,"ETA hand2mind Plastic Rainbow Fraction Tiles, Math Manipulative (Set of 51)",ETA hand2mind,other,<a_93>,<a_93><b_253>,<c_208>,<a_14>,<a_14><b_175>
2076,"ETA hand2mind 42188 Rainbow Fraction and Decimal Tiles, Plastic (Set of 51)",ETA hand2mind,other,<a_93>,<a_93><b_246>,<c_182>,<a_14>,<a_14><b_175>
2077,"Flex Shot 30804 Rubber Adhesive Sealant Caulk, 8-oz, Almond (Mildew Resistant), 1 Pack",Flex Shot,adhesive_epoxy,<a_114>,<a_114><b_179>,<c_171>,<a_244>,<a_244><b_107>
2078,Nelson Wood Shims CSBP56 Csh8/56/120/Mgd 8'' Bulk Contractor,Nelson Wood Shims,other,<a_79>,<a_79><b_227>,<c_145>,<a_159>,<a_159><b_240>
2079,"Dap 00680 Bathtub Silicone Rubber Caulk 2.8-Ounce, White",DAP,other,<a_10>,<a_10><b_181>,<c_169>,<a_244>,<a_244><b_35>
2080,Liquid Nails LN700 4-Ounce Small Projects and Repairs Adhesive,Liquid Nails,adhesive_epoxy,<a_114>,<a_114><b_66>,<c_85>,<a_165>,<a_165><b_244>
2081,SOLOOP 300Pcs Mixed Assorted Crimp Terminal Sleeve Kit Insulated Wires Connectors Set,SOLOOP,connector_fitting,<a_65>,<a_65><b_74>,<c_68>,<a_158>,<a_158><b_96>
2082,"1000 qty 3/8"" Inch Steel Shot Slingshot Ammo Balls",BC Precision,other,<a_138>,<a_138><b_174>,<c_43>,<a_71>,<a_71><b_207>
2083,Applied Magnets Strong N52 Neodymium Magnet 1 inch Cube,Applied Magnets,other,<a_92>,<a_92><b_153>,<c_122>,<a_251>,<a_251><b_212>
2084,"Eagle 1610MB Blue High Density Polyethylene Lab Pack Drum with Metal Lever-lock Lid, 14 gallon Capacity, 26.5"" Height, 15"" Diameter",Eagle,gauge_meter,<a_20>,<a_20><b_12>,<c_55>,<a_206>,<a_206><b_120>
2085,"Stainless Steel 316 Cast Pipe Fitting, 90 Degree Street Elbow, Class 150, 1"" NPT Male X Female",Merit Brass,connector_fitting,<a_206>,<a_206><b_116>,<c_143>,<a_108>,<a_108><b_222>
2086,"Dynarex 4110-B Disposable Scalpels, Sterile, Number 10, 10/bx",Dynarex,other,<a_239>,<a_239><b_25>,<c_102>,<a_180>,<a_180><b_183>
2087,Dynarex Medicut Scalpels Disposable Sterile #15 10/Bx,Dynarex,other,<a_239>,<a_239><b_25>,<c_180>,<a_180>,<a_180><b_183>
2088,"ELEGOO Stepstick Stepper Motor Driver Module A4988 + Heat Sink for 3D Printer Reprap, CNC Machine or Robotics(Pack of 5)",ELEGOO,3d_filament,<a_255>,<a_255><b_143>,<c_8>,<a_158>,<a_158><b_89>
2089,"Rubbermaid Commercial Products 1779699 BRUTE Heavy-Duty Round Trash/Garbage Can, 10-Gallon, Blue",Rubbermaid Commercial Products,ventilation_fan,<a_214>,<a_214><b_173>,<c_207>,<a_210>,<a_210><b_156>
2090,Sportsman Series EHOISTUL 440 lbs. Lift Electric Hoist,Sportsman Series,other,<a_73>,<a_73><b_169>,<c_252>,<a_87>,<a_87><b_85>
2091,"Forney 71798 Cut-Off Wheel Kit with 1/4-Inch Shank Mandrel, 3-Inch-by-1/32-Inch, 5-Piece",Forney,other,<a_42>,<a_42><b_64>,<c_142>,<a_193>,<a_193><b_249>
2092,"GE Silicone 2+ Kitchen & Bath Caulk, 10.1 Oz. Tube, Almond, GE5060",GE Momentive Performance Materials,other,<a_41>,<a_41><b_88>,<c_196>,<a_244>,<a_244><b_140>
2093,"Shop Fox D3249 Bench Vise with Swivel Base, 5-Inch",Shop Fox,other,<a_148>,<a_148><b_106>,<c_142>,<a_193>,<a_193><b_177>
2094,"Fowler 54-101-150-2 Xtra-Value Cal Electronic Caliper, Stainless Steel, 0 to 6""/0 to 150mm Measuring Range, 0.0005""/0.01mm Resolution, LCD",Fowler,gauge_meter,<a_192>,<a_192><b_251>,<c_18>,<a_17>,<a_17><b_180>
2095,"Hoover Power Path Pro Advanced Carpet Cleaner, FH51102PC",Hoover,other,<a_23>,<a_23><b_82>,<c_58>,<a_24>,<a_24><b_94>
2096,Bob Smith Industries BSI-157H Maxi Cure/Insta-Set Combo Pack (3 oz. Combined),Bob Smith Industries,other,<a_158>,<a_158><b_237>,<c_37>,<a_99>,<a_99><b_13>
2097,SummitLink 428 Pcs Red Black Assorted Heat Shrink Tube 10 Sizes Tubing Wrap Sleeve Set Combo,SummitLink,other,<a_32>,<a_32><b_144>,<c_224>,<a_228>,<a_228><b_45>
2098,"O-Cedar Professional 18"" Multi-Surface Push Broom",O-Cedar,other,<a_119>,<a_119><b_67>,<c_246>,<a_24>,<a_24><b_32>
2099,"Crest Pro-health Multi-Protection Alcohol Free, Clean Mint/Clear Mint (Package may vary), 1-liter Bottles (Pack of 3)",Crest,other,<a_169>,<a_169><b_246>,<c_29>,<a_66>,<a_66><b_52>
2100,"Stainless Steel 316 Cast Pipe Fitting, Coupling, Class 150, 1/2""NPT Female",Merit Brass,connector_fitting,<a_206>,<a_206><b_213>,<c_211>,<a_108>,<a_108><b_146>
2101,"Pexflow 405P012-NL Full Port PEX Barb Ball Valve Water Shut Off with Drain, 1/2"", Brass",Everflow,other,<a_51>,<a_51><b_213>,<c_212>,<a_108>,<a_108><b_104>
2102,"TEMCo 3/8"" Marine Heat Shrink Tube 3:1 Adhesive Glue Lined 4 ft RED",Temco,adhesive_epoxy,<a_254>,<a_254><b_114>,<c_1>,<a_228>,<a_228><b_198>
2103,"TEMCo 1/2"" Marine Heat Shrink Tube 3:1 Adhesive Glue Lined 4 ft RED",Temco,adhesive_epoxy,<a_254>,<a_254><b_114>,<c_6>,<a_228>,<a_228><b_72>
2104,"Anderson Metals Brass Garden Hose Fitting, Connector, 3/4"" Barb x 3/4"" Male Hose",Anderson Metals,connector_fitting,<a_242>,<a_242><b_79>,<c_32>,<a_108>,<a_108><b_88>
2105,"Amazing GOOP 170011 Marine Adhesive, 3.7 Fluid Ounces",Amazing GOOP,adhesive_epoxy,<a_110>,<a_110><b_183>,<c_182>,<a_122>,<a_122><b_191>
2106,"Noga NG8150 Heavy Duty Deburr Tool, with 10 S10 blades",Noga,other,<a_78>,<a_78><b_254>,<c_255>,<a_193>,<a_193><b_113>
2107,"Dorman Hardware 4-9770 Storage Hooks Assortment, 4-Pack",Dorman Hardware,other,<a_2>,<a_2><b_18>,<c_161>,<a_71>,<a_71><b_33>
2108,"Pac-Kit by First Aid Only 8-050 First Aid Adhesive Tape, 5 yds Length x 1/2"" Width",First Aid Only,tape,<a_106>,<a_106><b_119>,<c_4>,<a_122>,<a_122><b_46>
2109,"Loctite 1999131 All Purpose Repair Putty, 2 Ounces",Loctite,other,<a_211>,<a_211><b_215>,<c_208>,<a_165>,<a_165><b_11>
2110,"BYKES Neodymium Super Strong Extremely Powerful Rare Earth Refrigerator Magnets 1/2"" X 1/16"" N42 - Set of 80",BYKES Technologies,other,<a_92>,<a_92><b_183>,<c_2>,<a_251>,<a_251><b_211>
2111,Shop-Vac 5986100 8-Gallon 5.5 Peak HP Stainless Steel Wet Dry Vacuum,Shop-Vac,other,<a_213>,<a_213><b_63>,<c_247>,<a_24>,<a_24><b_53>
2112,Fernco Inc. P1056-44 4-Inch Stock Coupling,Fernco,other,<a_46>,<a_46><b_245>,<c_51>,<a_108>,<a_108><b_103>
2113,"Tom's of Maine Natural Care Toothpaste, Propolis & Myrrh, Antiplaque, Cinnamint, 5.5 oz (170 g) (Pack of 6)",Tom's of Maine,other,<a_15>,<a_15><b_237>,<c_85>,<a_66>,<a_66><b_203>
2114,Zulco International (n) Operating Scissors- Sharp/Sharp- 5 1/2 Straight,Physician Supplies,other,<a_61>,<a_61><b_227>,<c_82>,<a_42>,<a_42><b_139>
2115,100% Authentic Czech Pipe Tool - Tobacco Pipe Reamer Tamper Pokers Tool,Mr. Brog,other,<a_161>,<a_161><b_39>,<c_86>,<a_52>,<a_52><b_149>
2116,Shop-Vac 9520262 5-Gallon 4.5-Peak HP Hang Up Wall Mounted Wet/Dry Vacuum,Shop-Vac,other,<a_213>,<a_213><b_251>,<c_7>,<a_24>,<a_24><b_234>
2117,"Action Pump 4007-10 Polyethylene Siphon Pump for use on 5 Gallon Pails, 2 GPM (Pack of 10)",Action Pump,other,<a_167>,<a_167><b_57>,<c_83>,<a_206>,<a_206><b_193>
2118,"MeasuPro Laser Infared Digital Instant Read Thermometer, Blue and Grey",MeasuPro,gauge_meter,<a_50>,<a_50><b_67>,<c_108>,<a_107>,<a_107><b_149>
2119,"Parts Express #8 x 3/4"" Deep Thread Pan Head Screws Black 100 Pcs.",Parts Express,fastener,<a_130>,<a_130><b_170>,<c_2>,<a_224>,<a_224><b_211>
2120,Tie Down Engineering 81201 Bow Marine Safety Chain,Tie Down Engineering,other,<a_210>,<a_210><b_185>,<c_229>,<a_71>,<a_71><b_162>
2121,"Bissell Garage Pro Wall-Mounted Wet Dry Car Vacuum/Blower With Auto Tool Kit, 18P03",Bissell,other,<a_213>,<a_213><b_52>,<c_121>,<a_24>,<a_24><b_213>
2122,Oral-B Precision Black 7000 Rechargeable Electric Toothbrush 1 Count,Oral B,other,<a_57>,<a_57><b_74>,<c_78>,<a_197>,<a_197><b_165>
2123,Delta Power Equipment Corporation 50-723 1 hp Dust Collector,Delta,other,<a_3>,<a_3><b_227>,<c_12>,<a_109>,<a_109><b_31>
2124,"ATP IMBIBE NSF 61 Polyethylene Plastic Tubing, Blue, 11/64"" ID x 1/4"" OD, 100 feet Length",ATP,other,<a_67>,<a_67><b_246>,<c_79>,<a_228>,<a_228><b_203>
2125,"Hillman 812587 3/8X4 Carriage Bolt, 3/8 x 4-Inch",Hillman,fastener,<a_79>,<a_79><b_84>,<c_18>,<a_224>,<a_224><b_249>
2126,"Hillman 812584 3/8X3-1/2 Carriage Bolt, 3/8 x 3-1/2-Inch",Hillman,fastener,<a_79>,<a_79><b_84>,<c_144>,<a_224>,<a_224><b_249>
2127,FastCap 3-H LMOUNT 3rd Hand Lasermount,3-H LMOUNT,other,<a_190>,<a_190><b_168>,<c_67>,<a_159>,<a_159><b_110>
2128,"HFS 12 pcs precision angle block set 1/4,1/2,1 to 5 & 5 to 30 degree",HFS,other,<a_108>,<a_108><b_131>,<c_7>,<a_15>,<a_15><b_34>
2129,20Pcs Steel Rivet Nut Insert Nutsert 5/16-18,,fastener,<a_188>,<a_188><b_95>,<c_57>,<a_17>,<a_17><b_249>
2130,uxcell 100 Pcs Zinc Plated Carbon Steel Rivet Nut Flat Head Insert Nutsert 1/4-20UNC,uxcell,fastener,<a_162>,<a_162><b_173>,<c_14>,<a_224>,<a_224><b_253>
2131,"Omron Healthcare H-CL22 ComFit BP Cuff, Pre-formed, Wide Range 9""-17"" ()",Omron,other,<a_218>,<a_218><b_77>,<c_69>,<a_180>,<a_180><b_215>
2132,Temco 10 Lot 4 AWG 5/16 Hole Ring Terminal Lug Bare Copper Uninsulated Gauge,Temco,connector_fitting,<a_254>,<a_254><b_16>,<c_255>,<a_67>,<a_67><b_230>
2133,"Dixon Valve & Coupling BN32 Brass Hose Fitting, Adapter, 1/4"" NPTF Male x 3/8"" Hose Inner Diameter Barbed",Dixon Valve & Coupling,connector_fitting,<a_242>,<a_242><b_253>,<c_122>,<a_108>,<a_108><b_169>
2134,Premium Life Hemostat Kelly Curved Forceps,Premium Life,other,<a_105>,<a_105><b_96>,<c_148>,<a_180>,<a_180><b_240>
2135,"Scotch-Brite(TM) Light Cleansing Pad 7445, Aluminum Silicate, 9"" Length x 6"" Width, White  (Pack of 20)",Cubitron,other,<a_235>,<a_235><b_254>,<c_224>,<a_99>,<a_99><b_6>
2136,"Tom's of Maine Natural Antiplaque,Tartar Control and Whitening Toothpaste, Fennel, 6-Ounce Tubes (Pack of 6)",Tom's of Maine,other,<a_20>,<a_20><b_120>,<c_115>,<a_197>,<a_197><b_137>
2137,"Mentadent Fluoride Toothpaste Advanced Whitening Refreshing Mint , 2 Refills Each 5.25 Oz (Pack of 2) 21 Oz Total",BRISON,other,<a_15>,<a_15><b_243>,<c_106>,<a_66>,<a_66><b_198>
2138,"Dynarex Powder Free Vinyl Exam Gloves, X-Large, 100 Count",Dynarex,other,<a_146>,<a_146><b_102>,<c_179>,<a_44>,<a_44><b_92>
2139,"Glowz Glow in the Dark Photoluminescent Green Luminous Tape 30' ft Length x 1 Inch Wide High Luminance, Waterproof, Removable",Glowz,tape,<a_233>,<a_233><b_73>,<c_35>,<a_122>,<a_122><b_172>
2140,Oral-B Professional Precision Clean Replacement Brush Head 4 Count,Oral B,other,<a_66>,<a_66><b_81>,<c_162>,<a_24>,<a_24><b_210>
2141,Hoover Commercial C3820 Spotter and Carpet Cleaner with 3 Brush Roll Speeds,Hoover Commercial,other,<a_23>,<a_23><b_138>,<c_83>,<a_24>,<a_24><b_94>
2142,3Doodler Start Mega Box Set 3D Printing Pen - Designed for Young Creators - Doodle Anything in 3D,3Doodler,other,<a_113>,<a_113><b_159>,<c_9>,<a_223>,<a_223><b_102>
2143,"3Doodler Start Emoji & Symbol DoodleBlock Kit with 2 Plastic Packs, (3D Pen not Included)",3Doodler,other,<a_113>,<a_113><b_155>,<c_217>,<a_223>,<a_223><b_27>
2144,Pomona 6341 Precision Electronic Probe Kit,Pomona,other,<a_181>,<a_181><b_142>,<c_131>,<a_36>,<a_36><b_168>
2145,"ROBO 3D R1 Plus 10x9x8-Inch ABS/PLA 3D Printer, White (A1-0002-000)",ROBO 3D,3d_filament,<a_200>,<a_200><b_225>,<c_100>,<a_197>,<a_197><b_62>
2146,"Pack-N-Roll 85-609-917 Steel Folding Cart, 150lbs Capacity",Pack-N-Roll,other,<a_52>,<a_52><b_244>,<c_179>,<a_87>,<a_87><b_162>
2147,Dyson Ball Compact Animal Canister Vacuum Cleaner (same as Dyson DC 47 Animal Compact Canister) - Corded,Dyson,other,<a_141>,<a_141><b_10>,<c_172>,<a_197>,<a_197><b_89>
2148,"Kimtech Industrial Cleaning Wipes, Disposable, Low Lint Quarterfold Wipes (33560), 8 Packs / Case, 66 Sheets / Pack",Kimberly-Clark Professional,other,<a_170>,<a_170><b_60>,<c_16>,<a_210>,<a_210><b_59>
2149,"Quartet Rare Earth Magnets, Large, 6 Pack (85391)",Quartet,other,<a_149>,<a_149><b_77>,<c_135>,<a_251>,<a_251><b_209>
2150,Volmate VOL66A-WS 6.6A / 33W Portable Travel Charger Rapid 3 USB Ports Car Charger With Smart Sharing IC,Volmate,other,<a_236>,<a_236><b_24>,<c_136>,<a_30>,<a_30><b_233>
2151,Signstek 3D Printer MK2 MK3 Heated Bed Tempered Borosilicate Glass Plate 213x200x3mm,Signstek,3d_filament,<a_234>,<a_234><b_170>,<c_149>,<a_91>,<a_91><b_115>
2152,"HATCHBOX PLA 3D Printer Filament, Dimensional Accuracy +/- 0.03 mm, 1 kg Spool, 1.75 mm, Gold",HATCHBOX,3d_filament,<a_58>,<a_58><b_172>,<c_45>,<a_223>,<a_223><b_198>
2153,"Caulk Gun, ProTouch 0574 A Better caulking System for homeowners. Includes 2 oz. Tube of White siliconized Acrylic Caulk, White_Silicone",ProTouch,other,<a_157>,<a_157><b_69>,<c_146>,<a_244>,<a_244><b_237>
2154,"Rubbermaid Commercial AutoFlush Toilet System, FG401805A",Rubbermaid Commercial Products,other,<a_53>,<a_53><b_6>,<c_141>,<a_109>,<a_109><b_41>
2155,H-B DURAC 4-Channel Electronic Timer with White Board and Certificate of Calibration (B61700-3700),SP Scienceware,other,<a_181>,<a_181><b_248>,<c_100>,<a_153>,<a_153><b_169>
2156,"Monoprice ABS 3D Printer Filament - White - 1kg Spool, 1.75mm Thick | For All ABS Compatible Printers",Monoprice,3d_filament,<a_71>,<a_71><b_7>,<c_8>,<a_223>,<a_223><b_78>
2157,"eSUN 3D 1.75mm PETG Blue Filament 1kg (2.2lb), PETG 3D Printer Filament, 1.75mm Semi-Transparent Blue",eSUN,3d_filament,<a_237>,<a_237><b_57>,<c_156>,<a_223>,<a_223><b_126>
2158,"eSUN 3D 1.75mm PETG Green Filament 1kg (2.2lb), PETG 3D Printer Filament, Semi-Transparent 1.75mm Green",eSUN,3d_filament,<a_237>,<a_237><b_57>,<c_120>,<a_223>,<a_223><b_126>
2159,"Scotch Light Duty Packaging Tape 610 Clear Heat Resistant, 1 in x 72 yd (Pack of 1)",Scotch,tape,<a_14>,<a_14><b_219>,<c_40>,<a_202>,<a_202><b_121>
2160,"Dorman Hardware 4-9820 Peghooks, Value-Pack, 28-Piece",Dorman Hardware,other,<a_2>,<a_2><b_58>,<c_208>,<a_71>,<a_71><b_98>
2161,"3D Solutech Natural Clear 1.75mm 3D Printer PLA Filament, Dimensional Accuracy +/- 0.03 mm, 2.2 LBS (1.0KG)",3D Solutech,3d_filament,<a_58>,<a_58><b_226>,<c_201>,<a_223>,<a_223><b_80>
2162,Panasonic MC-CL945 Plush Pro Bagless Canister Vacuum Cleaner - Corded,Panasonic,other,<a_194>,<a_194><b_153>,<c_4>,<a_24>,<a_24><b_207>
2163,Performacide 102000 Disinfectant for Hard Non-Porous Surfaces Gallon Kit,Performacide,other,<a_11>,<a_11><b_163>,<c_70>,<a_66>,<a_66><b_11>
2164,"Rubbermaid Commercial Maximizer Mop Head, Blend, Medium, Blue (1924783)",Rubbermaid Commercial Products,other,<a_235>,<a_235><b_227>,<c_207>,<a_24>,<a_24><b_127>
2165,"Rubbermaid Commercial FGH136000000 Invader Side-Gate Wet Mop, Vinyl-Covered Aluminum Handle, 60-inch",Rubbermaid Commercial Products,other,<a_53>,<a_53><b_149>,<c_17>,<a_24>,<a_24><b_9>
2166,"Dynarex 4110 Medi-Cut Sterile Disposable #10 Scalpels, Steel Blade (Pack of 10)","Diagnostics Direct, Inc.",other,<a_239>,<a_239><b_204>,<c_138>,<a_180>,<a_180><b_131>
2167,SEOH Scalpel Handle- #3 - Fits 10 Thru 15,SEOH,other,<a_61>,<a_61><b_131>,<c_64>,<a_42>,<a_42><b_232>
2168,"PORTER-CABLE Wet/Dry Vacuum, 6 Gallon, 4 Horsepower",PORTER-CABLE,other,<a_176>,<a_176><b_63>,<c_119>,<a_24>,<a_24><b_2>
2169,"Eureka RapidClean 2-in-1 Cordless Stick and Handheld Vacuum, 210A",Eureka,other,<a_125>,<a_125><b_251>,<c_201>,<a_206>,<a_206><b_91>
2170,Eureka AirSpeed 2-in-1 Stick and Handheld Vacuum,Eureka,other,<a_194>,<a_194><b_35>,<c_54>,<a_24>,<a_24><b_108>
2171,"Delta 561T-DST Compel Single Lever Handle Bathroom Faucet with Touch2O. Technology, Chrome",DELTA FAUCET,other,<a_219>,<a_219><b_39>,<c_233>,<a_109>,<a_109><b_154>
2172,Star brite Outdoor Furniture Cleaner (51932) All-Surface Cleaner Spray - 32 oz,Star Brite,other,<a_225>,<a_225><b_69>,<c_13>,<a_66>,<a_66><b_107>
2173,"Schaeffer Manufacturing Co. 0707-012S Extreme V-Twin Synthetic Plus Racing Oil 20W-50, 1 quart",Schaeffer Manufacturing Co,other,<a_215>,<a_215><b_211>,<c_108>,<a_173>,<a_173><b_129>
2174,"Schaeffer Manufacturing 02937590-012S Supreme Gear Lube SAE 75W-90, 1 quart",Schaeffer Manufacturing Co,other,<a_215>,<a_215><b_22>,<c_29>,<a_173>,<a_173><b_128>
2175,Pomona 3788 Bnc (F) to Minigrabber Test Clips,Pomona,other,<a_95>,<a_95><b_169>,<c_97>,<a_170>,<a_170><b_208>
2176,"FLIR E8: Compact Thermal Imaging Camera with 320 x 240 IR Resolution, MSX and Wi-Fi",FLIR,other,<a_152>,<a_152><b_249>,<c_81>,<a_107>,<a_107><b_68>
2177,Extech MA3018 True RMS 3000A AC Flex Clamp Meter,Extech,gauge_meter,<a_31>,<a_31><b_143>,<c_201>,<a_36>,<a_36><b_1>
2178,Georgia-Pacific ADS200B Cormatic Automated Designer Series Towel Dispenser,Dixie,other,<a_170>,<a_170><b_112>,<c_43>,<a_109>,<a_109><b_76>
2179,iRobot Roomba 860 Robot Vacuum,iRobot,other,<a_23>,<a_23><b_202>,<c_4>,<a_24>,<a_24><b_91>
2180,Jonard Tools Mid Span Slitter (1.2mm-3.3mm),Jonard Tools,other,<a_26>,<a_26><b_41>,<c_247>,<a_159>,<a_159><b_169>
2181,"Rubbermaid Commercial Products 1955228 Microburst 3000 CST Dispenser with LumeCel Technology, Black",Rubbermaid Commercial Products,ventilation_fan,<a_53>,<a_53><b_134>,<c_207>,<a_109>,<a_109><b_156>
2182,FLIR TA74 Universal Flex Current Probe (18in.),FLIR,other,<a_31>,<a_31><b_61>,<c_181>,<a_107>,<a_107><b_8>
2183,GREAT STUFF Fireblock 12 oz Insulating Foam Sealant,Great Stuff,other,<a_20>,<a_20><b_96>,<c_129>,<a_197>,<a_197><b_98>
2184,"Eureka As1095A Professional Bagless Upright Vacuum Cleaner with High Flow Air Channels-Corded, White",Eureka,other,<a_194>,<a_194><b_172>,<c_46>,<a_24>,<a_24><b_62>
2185,ARM & HAMMER Truly Radiant Battery Toothbrush + Toothpaste Pack,Arm & Hammer,other,<a_122>,<a_122><b_62>,<c_239>,<a_24>,<a_24><b_99>
2186,"WypAll 06280 X80 Foodservice Towel, Kimfresh Antimicrobial Hydroknit, 12 1/2 x 23 1/2 (Case of 150)",Wypall,other,<a_170>,<a_170><b_81>,<c_9>,<a_210>,<a_210><b_134>
2187,"General Tools TS03 ToolSmart Wifi Connected Borescope Video Inspection Camera, 3.3-Foot Waterproof Probe with 8-mm Camera and 4 LED Lights",General Tools,other,<a_236>,<a_236><b_134>,<c_25>,<a_180>,<a_180><b_30>
2188,"Dremel Digilab 3D20 3D Printer, Idea Builder for Brand New Hobbyists and Tinkerers",Dremel,3d_filament,<a_140>,<a_140><b_88>,<c_137>,<a_91>,<a_91><b_102>
2189,"Kimtech 33330 W4 Critical Task Wipers, Flat Double Bag, 12x12, White, 100 per Pack (Case of 5 Packs)",KIMTECH,other,<a_170>,<a_170><b_175>,<c_142>,<a_210>,<a_210><b_12>
2190,"Performacide 122000 Mold and Mildew Eliminator, Gallon Kit",Performacide,other,<a_11>,<a_11><b_81>,<c_114>,<a_66>,<a_66><b_11>
2191,"Rubbermaid Commercial Products Executive Janitorial Housekeeping Quick Cart, Large, 1902465",Rubbermaid Commercial Products,ventilation_fan,<a_214>,<a_214><b_193>,<c_53>,<a_210>,<a_210><b_229>
2192,"Dremel Digilab 3D40 Award Winning 3D Printer, Idea Builder with semi automated leveling, print PLA at 100 micron resolution",Dremel,3d_filament,<a_113>,<a_113><b_36>,<c_171>,<a_91>,<a_91><b_52>
2193,"Schaeffer Manufacturing Co. 0131-021S Neutra Fuel Stabilizer, 12 oz",Schaeffer Manufacturing Co,other,<a_47>,<a_47><b_222>,<c_159>,<a_173>,<a_173><b_168>
2194,AtmosFlare 3D Pen Set,AtmosFlare,other,<a_243>,<a_243><b_204>,<c_89>,<a_91>,<a_91><b_248>
2195,"ZING 7119 RecycLockout Lockout Tagout Kit, 11 Component, General Application",Zing Green Products,other,<a_244>,<a_244><b_196>,<c_19>,<a_71>,<a_71><b_135>
2196,"ZING 7100 RecycLockout Lockout Tagout, Large Plug Lockout, Recycled Plastic",Zing Green Products,other,<a_210>,<a_210><b_8>,<c_105>,<a_71>,<a_71><b_135>
2197,"Iliving Commercial Fiberglass Fire-Resistant Trash Can, 7 Quart or 1.75 gal, Rectangular, Beige",Iliving,other,<a_214>,<a_214><b_228>,<c_136>,<a_210>,<a_210><b_201>
2198,"WORKSHOP Ash Vacuum Cleaner WS0500ASH, 5-Gallon Ash Vac For Fireplaces, Stoves, BBQ Pits; 3.0 Peak Horsepower Ash Vacuum",WORKSHOP Wet/Dry Vacs,other,<a_3>,<a_3><b_63>,<c_78>,<a_24>,<a_24><b_29>
2199,"RustOleum 291995 Gray Concrete Saver Putty Patch, 3 lb, 16 gal, Pouch (Pack of 6)",Rust-Oleum,other,<a_110>,<a_110><b_231>,<c_250>,<a_244>,<a_244><b_7>
2200,"ZING 1885S Zing Safety Sign, Fire Extinguisher with Arrow, 14"" Height x 3.25"" Width, Recycled Polystyrene SelfAdhesive, Red on White",Zing Green Products,adhesive_epoxy,<a_35>,<a_35><b_104>,<c_16>,<a_68>,<a_68><b_12>
2201,"TRM Manufacturing 610B Weatherall 6 Mil Black Poly Plastic Sheet, 1 Box of 100 Feet Long by 10 Feet Wide",TRM Manufacturing,other,<a_35>,<a_35><b_161>,<c_4>,<a_68>,<a_68><b_129>
2202,"Loc-Line Coolant Hose Assembly Kit, Acetal Copolymer, 7 Piece, 1/4"" Coolant Hose ID",Loc-Line,connector_fitting,<a_165>,<a_165><b_190>,<c_118>,<a_228>,<a_228><b_23>
2203,uxcell 624ZZ 4mm x 13mm x 5mm Single Row Shielded Deep Groove Ball Bearing 10 Pcs,uxcell,other,<a_180>,<a_180><b_159>,<c_148>,<a_251>,<a_251><b_207>
2204,"Proto-pasta CFP11705 The Original Carbon Fiber Spool , PLA 1.75 mm, 500 g , Black",Proto-Pasta,3d_filament,<a_71>,<a_71><b_211>,<c_4>,<a_223>,<a_223><b_89>
2205,Excellante 24-Inch Standard Mixing Paddle,Excellant,other,<a_102>,<a_102><b_223>,<c_96>,<a_109>,<a_109><b_157>
2206,Steelex D2613 3-Inch Threaded Swivel Polyurethane Wheel,Steelex,other,<a_54>,<a_54><b_199>,<c_192>,<a_87>,<a_87><b_44>
2207,"Dixon Valve EL2F2F Brass Fitting, 90 Degree Extruded Pipe Elbow, 1/4"" NPTF Female",Dixon Valve & Coupling,connector_fitting,<a_51>,<a_51><b_248>,<c_195>,<a_108>,<a_108><b_117>
2208,"Forney 72745 Wire Bench Wheel Brush, Coarse Crimped with 1/2-Inch and 5/8-Inch Arbor, 6-Inch-by-.012-Inch",Forney,other,<a_17>,<a_17><b_211>,<c_245>,<a_193>,<a_193><b_178>
2209,Karlling Large Syringe for Nutrient Measuring 80cm Handy Tube,Karlling,fastener,<a_226>,<a_226><b_37>,<c_1>,<a_17>,<a_17><b_165>
2210,"HHIP 8000-0001 2 Flute High Speed Steel End Mill Set, 6 Piece, 3/8"" Shank",HHIP,other,<a_212>,<a_212><b_2>,<c_115>,<a_193>,<a_193><b_215>
2211,J-B Weld 8297 HighHeat 550 Degree Epoxy Putty Stick - 2 oz.,J-B Weld,adhesive_epoxy,<a_211>,<a_211><b_156>,<c_223>,<a_165>,<a_165><b_16>
2212,"Scotch Bi-Directional Filament Tape 8959 Transparent, 50 mm x 50 m (Pack of 1)",Scotch,3d_filament,<a_204>,<a_204><b_141>,<c_121>,<a_206>,<a_206><b_187>
2213,"Zenport DPG200 Zen-Tek Dry Air Pressure Gauge, 200 PSI",Zenport,gauge_meter,<a_131>,<a_131><b_195>,<c_98>,<a_229>,<a_229><b_100>
2214,"HHIP 3900-2136 Replacement Bolt-On Spare Jaw, For 6"" Milling Vises (Pack of 1)",HHIP,fastener,<a_148>,<a_148><b_128>,<c_116>,<a_193>,<a_193><b_109>
2215,J-B Weld 50172 MarineWeld Marine Adhesive Epoxy Syringe - Dries White - 25ml,J-B Weld,adhesive_epoxy,<a_211>,<a_211><b_144>,<c_180>,<a_165>,<a_165><b_174>
2216,SE 526SF 7&rdquo; Self-Locking Sponge Forceps,SE,other,<a_105>,<a_105><b_198>,<c_194>,<a_180>,<a_180><b_213>
2217,"Diagnostics Direct 0P-PBFT-BFTO Dynarex Disposable Scalpels, Sterile, Number 11 (Pack of 10)",Dynarex,other,<a_239>,<a_239><b_74>,<c_232>,<a_180>,<a_180><b_227>
2218,YKS 6 Inch Carbon Fiber Composite Vernier Digital Caliper Ruler With Big Screen,YKS,gauge_meter,<a_241>,<a_241><b_147>,<c_119>,<a_104>,<a_104><b_17>
2219,Gorilla Supply 50 Thermal Paper Rolls 2-1/4 X 50 Verifone Vx520 Ingenico ICT220 ICT250 FD400 50/CS,Gorilla Supply,other,<a_239>,<a_239><b_31>,<c_145>,<a_23>,<a_23><b_231>
2220,"Plymor 2"" x 3"", 2 Mil (Case of 1000) Zipper Reclosable Plastic Bags w/White Block",Plymor,other,<a_238>,<a_238><b_58>,<c_194>,<a_210>,<a_210><b_219>
2221,Uxcell a14042900ux0626 Hardware Toolbox Drawer Stainless Steel Toggle Latch 10 Set (Pack of 10),uxcell,other,<a_216>,<a_216><b_62>,<c_182>,<a_71>,<a_71><b_60>
2222,Large alligator to large alligator test lead set 5 Different colors (10 Wires total) - SciencePurchase,Electronix Express,other,<a_29>,<a_29><b_183>,<c_73>,<a_211>,<a_211><b_36>
2223,"250ml Narrow Mouth Erlenmeyer Flask with Rubber Stoppers, Karter Scientific 213G20 (Pack of 8)",Karter Scientific,other,<a_86>,<a_86><b_10>,<c_220>,<a_94>,<a_94><b_195>
2224,"2000ml Beaker, Low Form Griffin, Borosilicate 3.3 Glass, Graduated, Karter Scientific 213D20",Karter Scientific,other,<a_251>,<a_251><b_237>,<c_73>,<a_94>,<a_94><b_144>
2225,SEOH Filter Paper Qualitative Medium 12.5cm 100pk,SEOH,other,<a_93>,<a_93><b_218>,<c_15>,<a_94>,<a_94><b_29>
2226,"Supco ST01 Stainless Steel Pocket Dial Thermometer, 5"" Stem, 1"" Dial, -40 to 160 Degrees F",Supco,gauge_meter,<a_16>,<a_16><b_62>,<c_0>,<a_107>,<a_107><b_168>
2227,Anderson Powerpole Contacts 45 Amp Quantity 30 Fast Shipping Authorized Dealer,Anderson Powerpole Connectors,other,<a_118>,<a_118><b_109>,<c_14>,<a_67>,<a_67><b_142>
2228,"Control Devices ST Series Brass ASME Safety Valve, 150 psi Set Pressure, 1/4"" Male NPT",Control Devices,other,<a_252>,<a_252><b_30>,<c_219>,<a_197>,<a_197><b_200>
2229,Uxcell a11093000ux0385 10x 8 Pin DIP IC Sockets Adaptor Solder Type Socket,uxcell,other,<a_99>,<a_99><b_213>,<c_161>,<a_73>,<a_73><b_58>
2230,Glarks 122Pcs 2.54mm Pitch DIP IC Sockets Solder Type Adaptor Assortment Kit (6/8/14/16/18/24/28/40 Pins),Glarks,other,<a_99>,<a_99><b_43>,<c_169>,<a_73>,<a_73><b_191>
2231,"5 Pack - 10ml Sterile Syringe with Blunt Tip Needle and Storage Cap for Refilling Cartridges, E-Liquids, E-cigs, E-juice, Vape",C-U Innovations,other,<a_38>,<a_38><b_240>,<c_252>,<a_150>,<a_150><b_109>
2232,Stainless Steel Phillips Pan Machine Screw Assortment Kit,Stainless Town,fastener,<a_231>,<a_231><b_83>,<c_92>,<a_224>,<a_224><b_222>
2233,"Red Brass Pipe Fitting, Nipple, Schedule 40 Seamless, 1/4"" NPT Male X 4"" Length",Merit Brass,connector_fitting,<a_206>,<a_206><b_14>,<c_202>,<a_108>,<a_108><b_42>
2234,"Sterile Specimen Cups, Set of 3, Screw Cap, Tamper Evident, 4 oz.",ProAdvantage,fastener,<a_103>,<a_103><b_150>,<c_169>,<a_14>,<a_14><b_148>
2235,Chemical Guys ACC_130 Professional Chemical Resistant Heavy Duty Bottle and Sprayer (32 oz),Chemical Guys,other,<a_128>,<a_128><b_251>,<c_182>,<a_150>,<a_150><b_132>
2236,"Bar Neodymium Magnet 3""x1/2""x1/4"" - Rare Earth Rectangle Magnet for Craftings, School Projects and Magnetic Therapy, One Pack",CMS MAGNETICS,other,<a_156>,<a_156><b_55>,<c_33>,<a_17>,<a_17><b_95>
2237,"Flex Shot Rubber Adhesive Sealant Caulk, 8-oz, Clear (2 Pack)",Flex Shot,adhesive_epoxy,<a_114>,<a_114><b_167>,<c_159>,<a_244>,<a_244><b_241>
2238,"Standard Gage 00534020 Digital Caliper, Stainless Steel, Battery Powered, Inch/Metric, 0-6"" Range, +/-0.001"" Accuracy, 0.0005"" Resolution, Meets DIN 862 Specifications",Standard Gage,gauge_meter,<a_192>,<a_192><b_251>,<c_226>,<a_17>,<a_17><b_180>
2239,LulzBot TAZ 4 3D Printer,LulzBot,3d_filament,<a_200>,<a_200><b_243>,<c_237>,<a_223>,<a_223><b_30>
2240,"CMS Magneitcs Ceramic Magnet Hook 1 1/4"" in Diameter with 18 LB Holding Power 6-Count",CMS MAGNETICS,gauge_meter,<a_149>,<a_149><b_11>,<c_7>,<a_251>,<a_251><b_188>
2241,"Curad Antiviral Face Mask, 10 Count",Curad,other,<a_239>,<a_239><b_102>,<c_105>,<a_44>,<a_44><b_112>
2242,"Clear PVC Tubing, 3/32"" ID, 5/32"" OD, 1/32"" Wall, 10' Length",Small Parts,other,<a_156>,<a_156><b_110>,<c_47>,<a_17>,<a_17><b_219>
2243,"Oatey 31230 Pipe Joint Compound with PTFE with Brush, 4 fl.Ounce",Oatey,other,<a_75>,<a_75><b_160>,<c_205>,<a_244>,<a_244><b_93>
2244,Leaton Digital Thermocouple Thermometer Dual-channel LCD Backlight Temperature Meter Tester for K/J/T/E/R/S/N Great (Batteries included),Leaton,gauge_meter,<a_16>,<a_16><b_61>,<c_240>,<a_211>,<a_211><b_203>
2245,"Hoover Air Pro Bagless Upright, UH72450 - Corded",Hoover,other,<a_19>,<a_19><b_77>,<c_97>,<a_24>,<a_24><b_133>
2246,"Hoover Commercial CH32008 Hush Tone Canister Vacuum, 9 L",Hoover Commercial,other,<a_154>,<a_154><b_190>,<c_163>,<a_24>,<a_24><b_166>
2247,"Dyson DC50 Animal  Compact Upright Vacuum Cleaner, Iron/Purple - Corded",Dyson,other,<a_141>,<a_141><b_10>,<c_128>,<a_197>,<a_197><b_89>
2248,"Stainless Steel 304 Cast Pipe Fitting, 90 Degree Elbow, MSS SP-114, 1"" NPT Female",Merit Brass,connector_fitting,<a_206>,<a_206><b_129>,<c_9>,<a_108>,<a_108><b_40>
2249,"Pentek ChlorPlus 10 Carbon Block Filter Cartridge, 10"" x 2-1/2"", 1 Micron",Pentek,other,<a_252>,<a_252><b_147>,<c_66>,<a_197>,<a_197><b_216>
2250,"Hydrometer test jar 10 "" plastic",Midwest Homebrewing and Winemaking Supplies,gauge_meter,<a_107>,<a_107><b_57>,<c_32>,<a_94>,<a_94><b_215>
2251,"3M  Pro Strength Duct Tape, 1230-C, 1.88 Inches by 30 Yards",Scotch,tape,<a_89>,<a_89><b_251>,<c_169>,<a_202>,<a_202><b_160>
2252,GUM Go-Betweens Proxabrush Refills Wide [614] 8 Each (Pack of 6),GUM,other,<a_66>,<a_66><b_8>,<c_141>,<a_24>,<a_24><b_78>
2253,"CS Hyde High Temperature Fiberglass Tape With Silicone Adhesive, Ivory 1/2 inch x 36 yards",CS Hyde,tape,<a_179>,<a_179><b_67>,<c_219>,<a_233>,<a_233><b_86>
2254,"Glass Erlenmeyer Flask Set - 3 Sizes - 50, 150 and 250ml, Karter Scientific 214U2",Karter Scientific,other,<a_201>,<a_201><b_104>,<c_174>,<a_94>,<a_94><b_189>
2255,Amber Glass Bottles with Glass Droppers - 2 Each - 4 Oz Capacity,Soft 'N Style,other,<a_112>,<a_112><b_4>,<c_223>,<a_150>,<a_150><b_122>
2256,"Polar Ice 160 Jello Shot Souffle Cups with Lids, 1-Ounce, Translucent",Polar Ice,other,<a_163>,<a_163><b_128>,<c_108>,<a_14>,<a_14><b_131>
2257,"Polar Ice PIJS040200 Jello Shot Souffle Cups with Lids, 2-Ounce, Translucent, 40-Pack",Polar Ice,other,<a_163>,<a_163><b_139>,<c_35>,<a_14>,<a_14><b_131>
2258,Sugru Mouldable Glue - Original Formula - White (3-Pack),Sugru,adhesive_epoxy,<a_48>,<a_48><b_40>,<c_139>,<a_165>,<a_165><b_7>
2259,"IPG Iron Grip 17 Mil Heavy Duty Duct Tape 1.88"" x 35 yd, Black",Intertape Polymer Group,tape,<a_89>,<a_89><b_3>,<c_251>,<a_202>,<a_202><b_182>
2260,Uni-Trend UT202A Auto-ranging AC 600 Amp Clamp Meter,UNI-T,gauge_meter,<a_31>,<a_31><b_126>,<c_36>,<a_36>,<a_36><b_19>
2261,"3M Pro-Pad PRPD-150 Sanding Sponge, 2.88 in by 4 in by .5 in, 54-Pack",3M,other,<a_235>,<a_235><b_83>,<c_97>,<a_68>,<a_68><b_59>
2262,"Handi-Bag HAB6FW130 Super Value Pack, 8gal, 0.6mil, 22 x 24, White (Box of 130)",Handi-Bag,other,<a_163>,<a_163><b_20>,<c_128>,<a_210>,<a_210><b_29>
2263,PhysiciansCare by First Aid Only 90423 Handheld Portable Crank Radio with Flashlight,First Aid Only,other,<a_104>,<a_104><b_112>,<c_28>,<a_153>,<a_153><b_135>
2264,"iRobot Roomba 614 Robot Vacuum Cleaner, Self-Charging, Good for Pet Hair, Carpets, & Hard Floor Surfaces",iRobot,other,<a_23>,<a_23><b_141>,<c_77>,<a_24>,<a_24><b_91>
2265,"Brush Research FLEX-HONE Cylinder Hone, BC Series, Silicon Carbide Abrasive, 1-1/8"" (29 mm) Diameter, 320 Grit Size",Flex-Hone Tool,gauge_meter,<a_26>,<a_26><b_199>,<c_167>,<a_193>,<a_193><b_192>
2266,Supco BPV31 Bullet Piercing Valve,Supco,other,<a_118>,<a_118><b_43>,<c_91>,<a_108>,<a_108><b_154>
2267,Crest Pro-Health Clinical Gum Protection Invigorating Clean Mint Toothpaste 4 Oz (Pack of 2),Crest,other,<a_169>,<a_169><b_114>,<c_152>,<a_66>,<a_66><b_52>
2268,"Scotch Color Coding Tape 690 Red, 48 mm x 66 m, Conveniently Packaged (Pack of 1)",Scotch,tape,<a_14>,<a_14><b_118>,<c_120>,<a_202>,<a_202><b_82>
2269,"3-IN-ONE  Fast-Acting Penetrant Drip Oil, 4 OZ",3-IN-ONE,other,<a_34>,<a_34><b_0>,<c_41>,<a_173>,<a_173><b_132>
2270,Elkay LKSMHOOK SinkMate Hook,Elkay,other,<a_246>,<a_246><b_227>,<c_86>,<a_109>,<a_109><b_225>
2271,Ideaworks Long Distance USB-Powered Wi-Fi Antenna (72-6612),IdeaWorks,other,<a_221>,<a_221><b_190>,<c_17>,<a_23>,<a_23><b_250>
2272,Panasonic MC-CL943 JETFORCE Mult-Surface Bagless Canister Vacuum Cleaner - Corded,Panasonic,other,<a_194>,<a_194><b_153>,<c_0>,<a_24>,<a_24><b_207>
2273,Benchmark 42030 Aluminum Speed Scoop,Benchmark,other,<a_248>,<a_248><b_224>,<c_18>,<a_109>,<a_109><b_149>
2274,Low Density Polyethylene (LDPE) 30ml Squeezable Dropping Bottle Eye Liquid Dropper Needle Tip with Loop (Pack of 10),ZJIA,other,<a_38>,<a_38><b_111>,<c_232>,<a_150>,<a_150><b_60>
2275,Loctite Epoxy One Minute Instant Mix 0.47-Fluid Ounce Syringe (1366072),Loctite,adhesive_epoxy,<a_211>,<a_211><b_153>,<c_152>,<a_165>,<a_165><b_35>
2276,"Loctite Epoxy Five Minute Instant Mix, Two 0.47-Fluid Ounce Syringes (1715208)",Loctite,adhesive_epoxy,<a_211>,<a_211><b_153>,<c_126>,<a_165>,<a_165><b_240>
2277,"GREX P6/20L 23 Gauge 3/4-Inch Length Headless Pins (10,000 per box)",Grex Power Tools,gauge_meter,<a_81>,<a_81><b_20>,<c_245>,<a_42>,<a_42><b_117>
2278,"GREX P6/35L 23 Gauge 1-3/8-Inch Length Headless Pins (10,000 per box)",Grex Power Tools,gauge_meter,<a_81>,<a_81><b_20>,<c_40>,<a_42>,<a_42><b_117>
2279,FastCap T20034 134; x 5039; Speed Tape,Fastcap,tape,<a_249>,<a_249><b_70>,<c_93>,<a_233>,<a_233><b_170>
2280,DHT Electronics RF coaxial coax cable F female to MCX male right angle RG316 6'',DHT Electronics,other,<a_209>,<a_209><b_63>,<c_183>,<a_23>,<a_23><b_148>
2281,"eSUN 1.75mm Glass Watermelon Red PLA 3D Printer filament 1kg Spool (2.2lbs), Glass Red",eSUN,3d_filament,<a_237>,<a_237><b_63>,<c_194>,<a_223>,<a_223><b_144>
2282,"Gizmo Dorks 1.75mm Metal Copper Fill Filament, 1 kg for 3D Printers",Gizmo Dorks,3d_filament,<a_113>,<a_113><b_57>,<c_100>,<a_223>,<a_223><b_137>
2283,"HATCHBOX PLA 3D Printer Filament, Dimensional Accuracy +/- 0.03 mm, 1 kg Spool, 1.75 mm, Transparent Red",HATCHBOX,3d_filament,<a_58>,<a_58><b_172>,<c_135>,<a_223>,<a_223><b_198>
2284,HICTOP 1.75mm Black PLA 3D Printer Filament - 1kg Spool (2.2 lbs) - Dimensional Accuracy +/- 0.02mm,HICTOP,3d_filament,<a_237>,<a_237><b_56>,<c_4>,<a_158>,<a_158><b_206>
2285,HICTOP 1.75mm White PLA 3D Printer Filament - 1kg Spool (2.2 lbs) - Dimensional Accuracy +/- 0.02mm,HICTOP,3d_filament,<a_237>,<a_237><b_186>,<c_111>,<a_223>,<a_223><b_193>
2286,NOGA DG10533 Standard Holder with Mag Base-176 Ibs-Hold Power,Noga,other,<a_216>,<a_216><b_214>,<c_12>,<a_159>,<a_159><b_135>
2287,G2PLUS 100PCS 3ml Disposable Plastic Essential Oils Graduated Transfer Pipettes,G2PLUS,other,<a_43>,<a_43><b_234>,<c_11>,<a_94>,<a_94><b_156>
2288,Dawson Tools DZA50 AC Line Splitter,Dawson Tools,other,<a_228>,<a_228><b_130>,<c_224>,<a_36>,<a_36><b_236>
2289,60 Tube - 16x150mm Clear Plastic Test Tube Set with Caps and Rack,SEOH,other,<a_245>,<a_245><b_237>,<c_134>,<a_94>,<a_94><b_173>
2290,uxcell 5Pcs 2 Rows 12P Wire Connector Screw Terminal Barrier Block 300V 20A,uxcell,connector_fitting,<a_187>,<a_187><b_74>,<c_207>,<a_73>,<a_73><b_87>
2291,United Scientific Supplies BPB002-pk/3 Eye Dropper (Pack of 3),United Scientific Supplies,other,<a_43>,<a_43><b_239>,<c_13>,<a_94>,<a_94><b_115>
2292,"Bluecell Pack of 12 Sandpaper abrasive dry/wet paper Sheets 400/600/800/1000/1200/1500 Grit 9"" x 3.6"" hobby tool",Generic,other,<a_90>,<a_90><b_29>,<c_254>,<a_206>,<a_206><b_62>
2293,"Du-Bro 916 Electric Flyer Hinge Tape (1 roll, 15 ft)",Dubro Products,tape,<a_35>,<a_35><b_189>,<c_82>,<a_122>,<a_122><b_242>
2294,PRO-SYS&reg; Interdental Brush Narrow Spaces - 8 brushes (2 packs &ndash; 4 brushes per pack) &ndash; with DuPont&trade; Bristles,PRO-SYS,other,<a_66>,<a_66><b_140>,<c_203>,<a_24>,<a_24><b_22>
2295,Neewer Internet Network Cable Tester Wire Crimp LAN RJ45 RJ11 CAT5 Analyzer Tool Kit,Neewer,other,<a_209>,<a_209><b_119>,<c_161>,<a_211>,<a_211><b_236>
2296,1 X Glass Hydrometer Test Jar,Home Brew Ohio,gauge_meter,<a_107>,<a_107><b_246>,<c_32>,<a_94>,<a_94><b_95>
2297,"Bob Smith Industries BSI-161H UN-CURE Super Glue Debonder, 1 oz.",Bob Smith Industries,adhesive_epoxy,<a_174>,<a_174><b_57>,<c_84>,<a_99>,<a_99><b_214>
2298,Moneual RYDIS H68 Pro RoboVacMop Hybrid Robot Vacuum Cleaner Dry/Wet Mop with Water Tank and Mapping,Moneual,other,<a_125>,<a_125><b_37>,<c_124>,<a_197>,<a_197><b_91>
2299,"Zep Commercial Acidic Toilet Bowl Cleaner, 32 Ounce",ZEP,other,<a_128>,<a_128><b_197>,<c_5>,<a_66>,<a_66><b_60>
2300,"Anderson Metals Brass Tube Fitting, Short Flare Nut, 1 1/16 &ndash; 14"" Tube OD",Anderson Metals,connector_fitting,<a_242>,<a_242><b_54>,<c_143>,<a_108>,<a_108><b_58>
2301,"Anderson Metals Brass Tube Fitting, Short Flare Nut, 3/8"" Tube OD",Anderson Metals,connector_fitting,<a_242>,<a_242><b_141>,<c_46>,<a_108>,<a_108><b_58>
2302,"HBD Thermoid NBR/PVC SAE30R6 Fuel Line Hose, 5/16"" x 25' Length, 0.3125"" ID, Black",HBD Thermoid,connector_fitting,<a_39>,<a_39><b_138>,<c_76>,<a_228>,<a_228><b_169>
2303,"Nutribiotic Dentalgel, 4.5 Ounce",Nutrabolics,fastener,<a_197>,<a_197><b_235>,<c_241>,<a_66>,<a_66><b_210>
2304,Aquarium Specimen Container,Lee's,other,<a_144>,<a_144><b_48>,<c_60>,<a_14>,<a_14><b_156>
2305,JVCC REF-7 Engineering Grade Reflective Tape: 3 in. x 30 ft. (Silver-White),J.V. Converting,tape,<a_233>,<a_233><b_57>,<c_9>,<a_68>,<a_68><b_62>
2306,"260 Brass Sheet, Unpolished (Mill) Finish, Half Hard Temper, 0.001-0.015"" Thickness, 6"" Width, 12"" Length (Pack of 12)",Small Parts,other,<a_26>,<a_26><b_31>,<c_113>,<a_159>,<a_159><b_36>
2307,BYKES 30 Neodymium Magnets Strong Magnets Refrigerator Magnets Super Strong Rare Earth Magnets 1/4 x 1/16 inch Disc N48,BYKES Technologies,other,<a_92>,<a_92><b_131>,<c_2>,<a_251>,<a_251><b_211>
2308,"Plymor 13"" x 18"", 4 Mil (Pack of 100) Heavy Duty Plastic Reclosable Zipper Bags",Plymor,other,<a_238>,<a_238><b_58>,<c_0>,<a_210>,<a_210><b_219>
2309,Oralite (Reflexite) V92-DB-COLORS Microprismatic Retroreflective Conspicuity Tape: 2 in. x 30 ft. (Silver-White),Oralite (Reflexite),tape,<a_233>,<a_233><b_78>,<c_182>,<a_68>,<a_68><b_25>
2310,"Malco FCG2 1-1/4 Inch Overlap 5/16-Inch Thickness Fiber Cement Siding Gauge, 2-Pack",Malco,gauge_meter,<a_250>,<a_250><b_38>,<c_190>,<a_159>,<a_159><b_173>
2311,"TEMCo 3/4"" Marine Heat Shrink Tube 3:1 Adhesive Glue Lined 4 ft RED",Temco,adhesive_epoxy,<a_254>,<a_254><b_114>,<c_14>,<a_228>,<a_228><b_198>
2312,"TEMCo 1"" Marine Heat Shrink Tube 3:1 Adhesive Glue Lined 4 ft RED",Temco,adhesive_epoxy,<a_254>,<a_254><b_114>,<c_105>,<a_228>,<a_228><b_198>
2313,"TEMCo 1"" Marine Heat Shrink Tube 3:1 Adhesive Glue Lined 4 ft BLACK",Temco,adhesive_epoxy,<a_254>,<a_254><b_114>,<c_64>,<a_228>,<a_228><b_198>
2314,"Nashua 357 Polyethylene Coated Cloth Premium Grade Duct Tape, 13 mil Thick, 55 m Length, 48 mm Width, Silver",Berry Global,tape,<a_89>,<a_89><b_151>,<c_216>,<a_202>,<a_202><b_170>
2315,"Brawny Dine-A-Cloth 29651 FLAX 700 Medium Duty Back-of-House Foodservice Wipers, 1/4 Fold (Pack of 150)",Georgia-Pacific,other,<a_170>,<a_170><b_62>,<c_30>,<a_210>,<a_210><b_28>
2316,"Pac-Kit by First Aid Only 5-910 Self-Adhering Cohesive Wrap, 5 yds Length x 1"" Height",First Aid Only,other,<a_106>,<a_106><b_119>,<c_135>,<a_122>,<a_122><b_179>
2317,"Reditainer RDSC200100 Plastic Disposable Portion Souffle Cup with Lids, 2 Ounce, Package of 100",Reditainer,other,<a_163>,<a_163><b_98>,<c_121>,<a_14>,<a_14><b_118>
2318,Ten (10) 608ZZ 8x22x7 Shielded Greased Miniature Ball Bearings,BC Precision,other,<a_180>,<a_180><b_153>,<c_1>,<a_251>,<a_251><b_161>
2319,100 Pcs 6 x 6mm x 9.5mm PCB Momentary Tactile Tact Push Button Switch 4 Pin DIP,uxcell,other,<a_117>,<a_117><b_43>,<c_59>,<a_236>,<a_236><b_58>
2320,"Battery Holders, Clips & Contacts PCB PLSTIC BATT HLDR SMT 2 CELLS",Keystone,other,<a_82>,<a_82><b_169>,<c_179>,<a_23>,<a_23><b_253>
2321,"HM Digital C342 TDS and EC Calibration Solution, 342 ppm (NaCl), 90 ml Volume",HM Digital,other,<a_98>,<a_98><b_205>,<c_148>,<a_107>,<a_107><b_183>
2322,"16x150mm Glass Test Tube Set with Cork Stoppers, 3.3 Boro, 23ml, Karter Scientific 201B1 (Pack of 10)",Karter Scientific,other,<a_201>,<a_201><b_237>,<c_59>,<a_94>,<a_94><b_234>
2323,10 Pack - 20x150mm Pyrex Glass Test Tubes with Rubber Stoppers New,Karter Scientific,other,<a_201>,<a_201><b_36>,<c_102>,<a_94>,<a_94><b_36>
2324,SEOH 10 Pack Glass Test Tubes 4-inch 13x100mm with Caps,SEOH,other,<a_201>,<a_201><b_93>,<c_0>,<a_94>,<a_94><b_83>
2325,"SPACECARE 4 Pack of 2"" Swivel Caster Blue Polyurethane Wheels Base with Brake Top Plate Double Ball",SPACECARE,other,<a_54>,<a_54><b_42>,<c_232>,<a_87>,<a_87><b_47>
2326,"Hypafix Dressing Retention Tape: 2"" X 10 Yds Each",Smith & Nephew,tape,<a_14>,<a_14><b_28>,<c_108>,<a_122>,<a_122><b_57>
2327,"MakerBot PLA Filament, 1.75 mm Diameter, Small Spool, Army Green",MakerBot,3d_filament,<a_237>,<a_237><b_7>,<c_30>,<a_223>,<a_223><b_243>
2328,iMBAPrice iMBA-100-4x6 Reclosable Bags,iMBAPrice,other,<a_238>,<a_238><b_67>,<c_120>,<a_210>,<a_210><b_202>
2329,3M 08190 Performance Manual Applicator for 50 ml Cartridges,3M,other,<a_198>,<a_198><b_147>,<c_140>,<a_99>,<a_99><b_57>
2330,"SIENOC 3D PLA 1KG 1.75mm PLA 3D Printer Filament, Dimensional Accuracy+/- 0.05mm 1 kg(2.2 lbs) Spool (Orange)",SIENOC,3d_filament,<a_237>,<a_237><b_118>,<c_119>,<a_223>,<a_223><b_220>
2331,Anycubic All Metal Right Hand MK8 Extruder Aluminum Frame Block DIY Kit for Reprap i3 3D Printer,Anycubic,3d_filament,<a_173>,<a_173><b_173>,<c_89>,<a_91>,<a_91><b_246>
2332,Metal J-head V6 Hotend 1.75mm Filament 0.4mm Bowden Extruder Reprap 3D Printer with 1 Meter Tubing,Syhonic,3d_filament,<a_255>,<a_255><b_145>,<c_252>,<a_158>,<a_158><b_217>
2333,"eSUN 3D Printer CLEANING Filament 1.75mm Natural 0.1kg for all 1.75mm FDM 3D Printers, 1.75mm Cleaning",eSUN,3d_filament,<a_71>,<a_71><b_160>,<c_173>,<a_91>,<a_91><b_162>
2334,uxcell 10 Pcs Black 3 Terminals IEC320 C14 Inlet Power Socket AC 250V 10A,uxcell,connector_fitting,<a_217>,<a_217><b_14>,<c_160>,<a_236>,<a_236><b_236>
2335,100Pcs M3 3mm Female Thread Hex Metal Nut Fastener Silver Tone,Amico,fastener,<a_64>,<a_64><b_76>,<c_131>,<a_224>,<a_224><b_8>
2336,M3 x 10mm Alloy Steel Hex Bolt Socket Head Cap Screws Black 100 Pcs,uxcell,fastener,<a_64>,<a_64><b_5>,<c_226>,<a_224>,<a_224><b_208>
2337,Printrbot Simple Kit with Aluminum Handle and Spool Rack 3D Printer Kit,Printrbot,3d_filament,<a_140>,<a_140><b_157>,<c_82>,<a_91>,<a_91><b_31>
2338,Uxcell a13052700ux0246 CNC Motor Shaft Coupler 5mm to 5mm Flexible Coupling 5x5mm,uxcell,connector_fitting,<a_180>,<a_180><b_75>,<c_255>,<a_251>,<a_251><b_203>
2339,Gallium Metal 99.99% Pure 20 Grams Get In Five Days or Get Refund,U First,other,<a_115>,<a_115><b_66>,<c_45>,<a_79>,<a_79><b_22>
2340,"GE Silicone I All Purpose Caulk, 10.1 Oz. Tube, White, GE112A",GE Momentive Performance Materials,other,<a_41>,<a_41><b_197>,<c_70>,<a_244>,<a_244><b_244>
2341,PACKARD PR290Q Fan Relay 24 VAC Coil SPST NO Contacts,Packard,ventilation_fan,<a_173>,<a_173><b_14>,<c_112>,<a_236>,<a_236><b_175>
2342,"Heskins LLC PHOT1/2 Glow in the Dark Photoluminescent Egress Tape, 1/2"" x 30'",Heskins LLC,tape,<a_233>,<a_233><b_191>,<c_37>,<a_122>,<a_122><b_101>
2343,"Vivaplex, 6 Glass Bottles with Black Fine Mist Sprayer, 4 oz, Cobalt Blue",Vivaplex,other,<a_112>,<a_112><b_175>,<c_138>,<a_150>,<a_150><b_155>
2344,"Uxcell a12013100ux0116 High Knob 3P 2 Position 1P2T SPDT Vertical Slide Switch, 0.5 Amp, 50V DC, 50 Piece, 3 mm",uxcell,other,<a_117>,<a_117><b_106>,<c_35>,<a_236>,<a_236><b_173>
2345,"Industrial & Scientific"" />",Justrite,metadata_placeholder,<a_49>,<a_49><b_222>,<c_93>,<a_15>,<a_15><b_231>
2346,SGS Tool Company 15178 SL-1 Double Cut Carbide Bur 1/4 Diameter 1/4 Shank Diameter,SGS Tool Company,gauge_meter,<a_199>,<a_199><b_128>,<c_21>,<a_193>,<a_193><b_75>
2347,"FASTCAP PHZ8.3-inch-150PC PowerHead 3-Inch Cabinet Installation Screws, 150-Pack",Fastcap,fastener,<a_130>,<a_130><b_249>,<c_34>,<a_224>,<a_224><b_73>
2348,"Ludell 50040 Heavy Duty Slate Bar Enamel Finish, 14lb, 60"" Length",Ludell Tools,other,<a_79>,<a_79><b_252>,<c_18>,<a_159>,<a_159><b_213>
2349,Spectra 360 1208 Electrode Gel - Parker Laboratories - 8.5 oz Tube - (Pack of 3),SPECTRA 360,other,<a_222>,<a_222><b_102>,<c_2>,<a_44>,<a_44><b_4>
2350,"Pit Bull Wire Wheel & Cup Brush Set, 24 Piece",Pit Bull,other,<a_17>,<a_17><b_251>,<c_237>,<a_193>,<a_193><b_76>
2351,iRobot Roomba 770 Robotic Vacuum Cleaner,iRobot,other,<a_23>,<a_23><b_141>,<c_229>,<a_24>,<a_24><b_91>
2352,iRobot Roomba 870 Robotic Vacuum Cleaner,iRobot,other,<a_23>,<a_23><b_202>,<c_0>,<a_24>,<a_24><b_91>
2353,"KleenKover Carpet Film Temporary Carpet Protection 24"" X 200' Reverse Wind - Made in USA",KleenKover,other,<a_235>,<a_235><b_166>,<c_119>,<a_68>,<a_68><b_27>
2354,"Oxy-Sorb 50-Pack Oxygen Absorber, 300cc",Oxy-Sorb,other,<a_135>,<a_135><b_215>,<c_114>,<a_150>,<a_150><b_11>
2355,"A World Of Deals 2 Mil Clear Zip Lock Bags, 9"" X 12"" - 100 Piece",A World Of Deals,other,<a_238>,<a_238><b_237>,<c_203>,<a_210>,<a_210><b_19>
2356,Inkbird Dual Stage 12V(DC) Digital Temperature Controller Fahrenheit Thermostat,Inkbird,other,<a_131>,<a_131><b_217>,<c_157>,<a_107>,<a_107><b_35>
2357,Diymall Bme280 Pressure Temperature Sensor Module with IIC I2c for Arduino,Pressure  Sensor,other,<a_30>,<a_30><b_87>,<c_221>,<a_211>,<a_211><b_112>
2358,Supco URCO410-0 Pre-wired Capacitor,Supco,other,<a_22>,<a_22><b_214>,<c_25>,<a_236>,<a_236><b_145>
2359,"Rubbermaid Commercial Stock Tank Drain Plug Kit, FG505012",Rubbermaid Commercial Products,connector_fitting,<a_53>,<a_53><b_239>,<c_3>,<a_210>,<a_210><b_204>
2360,Philips Sonicare Xtreme e3000 Power Toothbrush (Orange),Philips Sonicare,other,<a_122>,<a_122><b_58>,<c_43>,<a_24>,<a_24><b_203>
2361,"Supco T1112 Quick Disconnect, High Temperature, 12-10 Gauge, 1/4"" Female Tab (Pack of 15)",Supco,gauge_meter,<a_247>,<a_247><b_204>,<c_39>,<a_67>,<a_67><b_150>
2362,Graduated Bomex Beaker Set 50 100 250 600 and 1000ml glass,Kimble Bomex,other,<a_251>,<a_251><b_201>,<c_93>,<a_94>,<a_94><b_210>
2363,"Gardner Bender GSW-69 Electrical Rotary Switch, SPST, ON-OFF, 6 A/125V AC, 6 inch Wire Terminal, Black Plastic",Gardner Bender,connector_fitting,<a_205>,<a_205><b_132>,<c_116>,<a_236>,<a_236><b_87>
2364,SEOH 10ml Class B Mohr Pipets,SEOH,other,<a_43>,<a_43><b_218>,<c_81>,<a_94>,<a_94><b_197>
2365,SEOH Mohr Pipets Class B 25ml,SEOH,other,<a_43>,<a_43><b_218>,<c_230>,<a_94>,<a_94><b_227>
2366,"Steel Flat Washer, Black Oxide Finish, ASME B18.22.1, 1/4"" Screw Size, 9/32"" ID, 5/8"" OD, 0.065"" Thick (Pack of 100)",Small Parts,fastener,<a_153>,<a_153><b_59>,<c_7>,<a_224>,<a_224><b_209>
2367,"The Hillman Group 45632 5/8-Inch Axle Cap Nut, 8-Pack",The Hillman Group,fastener,<a_6>,<a_6><b_113>,<c_24>,<a_224>,<a_224><b_103>
2368,Hydrion S/r Dispenser 0.0-6.0 Ph Range 96 - 15 Ft Roll w/ Color Chart/ Dispenser,MicroEssential Labs aysfh,other,<a_155>,<a_155><b_218>,<c_86>,<a_229>,<a_229><b_166>
2369,"Norton Hand Scratch Brush for Stainless Steel with Plastic Handle, Stainless Steel Bristles (1 Brush)",Norton Abrasives - St. Gobain,other,<a_17>,<a_17><b_171>,<c_227>,<a_24>,<a_24><b_115>
2370,"K & R S-320 E-Z Bond Thick Big Gap Filling Instant Glue, 2 oz Bottle",E-Z Bond,adhesive_epoxy,<a_158>,<a_158><b_6>,<c_174>,<a_165>,<a_165><b_170>
2371,"Brass Wood Screw, Plain Finish, Round Head, Phillips Drive, 1"" Length, #7 Threads (Pack of 100)",Small Parts,fastener,<a_130>,<a_130><b_91>,<c_1>,<a_224>,<a_224><b_146>
2372,Innovative Components AH-COM Thread Detective / Thread Identifier Inch. and Metric Combo Set with Ruler Attached,Innovative Components,other,<a_24>,<a_24><b_240>,<c_54>,<a_224>,<a_224><b_22>
2373,"6073 Great Northern Red Little Bambino Table Top Retro Machine Popcorn Popper, 2.5oz",Great Northern Popcorn Company,other,<a_97>,<a_97><b_33>,<c_23>,<a_109>,<a_109><b_141>
2374,Uxcell a12081400ux0277 5 x Momentary SPST NO Green Cap Push Button Switch AC 6A/125V 3A/250V,uxcell,other,<a_117>,<a_117><b_184>,<c_58>,<a_236>,<a_236><b_39>
2375,"#1 Best Quality Zinc Self Drilling Drywall Anchors with Screws Kit, 100 Pieces All Together",Qualihome,fastener,<a_188>,<a_188><b_48>,<c_52>,<a_17>,<a_17><b_171>
2376,"Gardner Bender 10-089 WingGard Twist-On Wire Connectors, 14-6 AWG, Electrical Wire Nut, 50 pk, Blue",Gardner Bender,connector_fitting,<a_253>,<a_253><b_51>,<c_90>,<a_67>,<a_67><b_106>
2377,"Blunt Tip Dispensing Fill Needle 16ga x 1-1/2"" Purple 50 pcs",CML Supply,other,<a_38>,<a_38><b_94>,<c_158>,<a_150>,<a_150><b_73>
2378,"Blunt Tip Dispensing Fill Needle 14 ga x 1-1/2"" Olive Green 50 pcs",CML Supply,other,<a_38>,<a_38><b_94>,<c_66>,<a_150>,<a_150><b_73>
2379,"Polycarbonate Tubing, 1 7/8"" ID x 2"" OD x 1/16"" Wall, Clear Color 24"" L",Small Parts,other,<a_67>,<a_67><b_249>,<c_22>,<a_228>,<a_228><b_194>
2380,Shop Fox D2255 8-Inch Wood Vise,Shop Fox,other,<a_148>,<a_148><b_98>,<c_235>,<a_193>,<a_193><b_112>
2381,"Shop Fox D3229 Magnetic Vise Jaws, 3-1/2-Inch",Shop Fox,other,<a_148>,<a_148><b_23>,<c_167>,<a_193>,<a_193><b_43>
2382,"1/2"" - 28 UNEF Right hand Thread Die",GAVAN,other,<a_88>,<a_88><b_131>,<c_73>,<a_224>,<a_224><b_85>
2383,Inkbird All-Purpose Digital Temperature Controller Fahrenheit &Centigrade Thermostat w Sensor 2 Relays ITC-1000,Inkbird,other,<a_131>,<a_131><b_14>,<c_107>,<a_107>,<a_107><b_35>
2384,PASSION Glass Graduated Droppers Pipettes 10 ml pack of 3,juneTree,other,<a_43>,<a_43><b_83>,<c_207>,<a_94>,<a_94><b_183>
2385,[3D CAM] 2 PCS Flexible Couplings 5mm to 8mm NEMA 17 Shaft for RepRap 3D Printer or CNC Machine,3D CAM,3d_filament,<a_255>,<a_255><b_30>,<c_24>,<a_158>,<a_158><b_42>
2386,uxcell a13061400ux0831 10 Pcs 625ZZ 5mm x 16mm x 5mm Shielded Deep Groove Radial Ball Bearing,uxcell,other,<a_180>,<a_180><b_159>,<c_53>,<a_251>,<a_251><b_207>
2387,Hantek 1008C PC USB 8CH Automotive Diagnostic Digital Oscilloscope/DAQ/Programmable Generator,Hantek,other,<a_55>,<a_55><b_108>,<c_240>,<a_36>,<a_36><b_132>
2388,Auto Accessories Dealer Small Universal Slotted Polyurethane Jack Pad Frame Protector by TMB,Auto Accessories Dealer,other,<a_77>,<a_77><b_236>,<c_239>,<a_17>,<a_17><b_91>
2389,Ideal 2006S Crimp Connector (Pack of 100),Ideal,connector_fitting,<a_253>,<a_253><b_36>,<c_17>,<a_67>,<a_67><b_251>
2390,"Blunt Tip Dispensing Fill Needle 14ga x 2"" Olive Green 50 pcs",CML Supply,other,<a_38>,<a_38><b_94>,<c_31>,<a_150>,<a_150><b_73>
2391,"HBD Thermoid NBR/PVC SAE30R7 Premium Fuel Line Hose, 5/16"" x 25' Length, 0.3125"" ID, Black",HBD Thermoid,connector_fitting,<a_165>,<a_165><b_191>,<c_98>,<a_79>,<a_79><b_169>
2392,"E-Projects 100EP514100R 100 Ohm Resistors, 1/4 W, 5% (Pack of 100)",E-Projects,other,<a_101>,<a_101><b_181>,<c_57>,<a_73>,<a_73><b_224>
2393,"Cutequeen 750 pcs,30 Values Resistor Kit x 25pcs =750 pcs (10 Ohm - 1M Ohm) 1/4W Metal Film Resistors Assortment",Cutequeen,other,<a_8>,<a_8><b_215>,<c_198>,<a_73>,<a_73><b_143>
2394,"3M Scotch-Weld Epoxy Adhesive DP420 Black, 1.25 fl oz (Pack of 1)",3M,adhesive_epoxy,<a_211>,<a_211><b_236>,<c_217>,<a_165>,<a_165><b_10>
2395,"3M 1194 Foil Tape with Nonconductive Adhesive, 1"" width x 6yd length (1 roll)",TapeCase,tape,<a_14>,<a_14><b_239>,<c_236>,<a_202>,<a_202><b_119>
2396,"SOLOOP 381 Pcs Heat Shrink Tubing, 2:1 Shrink Ratio Assortment Wire Wrap Electrical Cable Tubing Sleeving (Black)",SOLOOP,other,<a_65>,<a_65><b_6>,<c_1>,<a_17>,<a_17><b_187>
2397,Sunshine Variable Resistor Assorted Kit 14 Value 280pcs Potentiometer,sunshine serafina,gauge_meter,<a_8>,<a_8><b_62>,<c_199>,<a_17>,<a_17><b_255>
2398,"MG Chemicals Positive Developer Liquid, 475 ml Bottle.",MG Chemicals,other,<a_171>,<a_171><b_125>,<c_41>,<a_99>,<a_99><b_22>
2399,SainSmart CNC Micro-Stepping Stepper Motor Driver NEMA23 ST-M5045 2phase 4.5A 24-50V DC 256,SainSmart,other,<a_55>,<a_55><b_0>,<c_212>,<a_30>,<a_30><b_93>
2400,Hilitchi 800pcs 10-24 A.W.G Wire Copper Crimp Connector Insulated Cord Pin End Terminal Kit,Hilitchi,connector_fitting,<a_253>,<a_253><b_93>,<c_196>,<a_67>,<a_67><b_18>
2401,AIRSUNNY three Legs 5 pairs Infrared Diode LED IR Emission and Receiver,AIRSUNNY,other,<a_183>,<a_183><b_99>,<c_29>,<a_30>,<a_30><b_65>
2402,Elegoo EL-CP-003 3pcs MB-102 Breadboard 830 Point Solderless Prototype PCB Board Kit for Arduino Proto Shield Distribution Connecting Blocks,ELEGOO,other,<a_143>,<a_143><b_230>,<c_56>,<a_73>,<a_73><b_185>
2403,Evolution CC875L 7/8-Inch Diameter x 2-Inch Depth of Cut Cyclone High Speed Steel Annular Cutter,Evolution,gauge_meter,<a_42>,<a_42><b_96>,<c_163>,<a_193>,<a_193><b_185>
2404,Pac-Kit by First Aid Only 90358 Pour Woundseal Blood Clotting Powder Pack (Box of 2),First Aid Only,other,<a_106>,<a_106><b_154>,<c_3>,<a_44>,<a_44><b_38>
2405,"EXELint 60 ml Disposable Syringe, Sterile Single Pack, 50 ml to 60 ml Medical Grade Catheter Tip",Med Chalet,other,<a_38>,<a_38><b_58>,<c_45>,<a_150>,<a_150><b_109>
2406,5 PIECES SCISSORS FORCEPS HEMOSTATS NEEDLE HOLDERS DDP INSTRUMENTS,DDP,other,<a_61>,<a_61><b_69>,<c_181>,<a_42>,<a_42><b_99>
2407,Swann Morton : Scalpel Handle No 3 for blades 10 : 10a : 11 : 12 : 15 : 15a,Swann Morton,other,<a_61>,<a_61><b_64>,<c_108>,<a_42>,<a_42><b_207>
2408,"3/8"" 4Fl SE Carbide End Mill",End Mills - Carbide SE,other,<a_88>,<a_88><b_230>,<c_170>,<a_193>,<a_193><b_140>
2409,"LAB SCOOP Stainless steel, 6"" long 3pk",Scientific Equipment of Houston,other,<a_189>,<a_189><b_174>,<c_64>,<a_229>,<a_229><b_245>
2410,"Heathrow Scientific HD15909 Spatula with Flat End and Spoon End, 9"" Overall Length",Heathrow Scientific,other,<a_161>,<a_161><b_172>,<c_215>,<a_180>,<a_180><b_221>
2411,"Industrial & Scientific"" />",Loos & Co.,metadata_placeholder,<a_252>,<a_252><b_182>,<c_162>,<a_206>,<a_206><b_214>
2412,Irwin Tools 2712- 3 Piece Set - 3.0 mm - 0.50 mm,Irwin Tools,other,<a_24>,<a_24><b_12>,<c_138>,<a_224>,<a_224><b_140>
2413,"E-Z Lok Threaded Insert, Brass, Knife Thread, #8-32 Internal Threads, 0.375"" Length (Pack of 25)",E-Z LOK,other,<a_228>,<a_228><b_103>,<c_49>,<a_224>,<a_224><b_133>
2414,"Century Drill & Tool 97122 High Carbon Steel Fractional Plug Tap, 1-12 NF",Century Drill & Tool,other,<a_202>,<a_202><b_5>,<c_0>,<a_224>,<a_224><b_88>
2415,"Remington Industries 28SNSP.25 28 AWG Magnet Wire, Enameled Copper Wire, 4 oz, 0.0135"" Diameter, 507' Length, Red",Remington Industries,gauge_meter,<a_254>,<a_254><b_144>,<c_164>,<a_251>,<a_251><b_228>
2416,DE-5000 Handheld LCR Meter with accessories,DER EE ELECTRICAL INSTRUMENT,gauge_meter,<a_8>,<a_8><b_205>,<c_33>,<a_153>,<a_153><b_201>
2417,"Heavy Duty Insulation Piercing Test Clip, Fully Insulated Quick Piercing Test Clips Multimeter Test Probe Spring Load",Electric Tools KCH,gauge_meter,<a_29>,<a_29><b_232>,<c_138>,<a_211>,<a_211><b_90>
2418,Grip 90 Piece Heat Shrink Wire Wrap Assortment,Grip,other,<a_253>,<a_253><b_195>,<c_182>,<a_228>,<a_228><b_2>
2419,"HATCHBOX 3D ABS-1KG1.75-BLU ABS 3D Printer Filament, Dimensional Accuracy +/- 0.03 mm, 1 kg Spool, 1.75 mm, Blue",HATCHBOX,3d_filament,<a_58>,<a_58><b_115>,<c_134>,<a_223>,<a_223><b_198>
2420,"HATCHBOX ABS 3D Printer Filament, Dimensional Accuracy +/- 0.03 mm, 1 kg Spool, 1.75 mm, Silver",HATCHBOX,3d_filament,<a_58>,<a_58><b_115>,<c_255>,<a_223>,<a_223><b_198>
2421,da Vinci 2.0 Duo 3D Printer ~ 6&rdquo; x 8&rdquo; x 8&rdquo; Built Volume (ABS/PLA/Dissolvable PVA) &ndash; Two Extruder Nozzle,XYZprinting,3d_filament,<a_200>,<a_200><b_75>,<c_137>,<a_91>,<a_91><b_82>
2422,"Lightobject ESSR-40DAC Solid State Relay, DC In AC Out, 40 amp",Lightobject,other,<a_183>,<a_183><b_110>,<c_158>,<a_30>,<a_30><b_162>
2423,BEM-14840DA 3-32V DC to 24-480V AC 40A Output Single Phase SSR Solid State Relay,uxcell,other,<a_190>,<a_190><b_36>,<c_84>,<a_30>,<a_30><b_82>
2424,"CRC 3-36 Technical Grade Multi-Purpose Precision Lubricant, 11 oz Aerosol Can, Amber",CRC,other,<a_34>,<a_34><b_73>,<c_207>,<a_173>,<a_173><b_219>
2425,"K-Flex USA 6RSX3X4048 Insul-Sheet, 1/2"" x 3' x 4', 12 sq. ft. Flat Sheet",K-Flex USA,other,<a_45>,<a_45><b_45>,<c_29>,<a_79>,<a_79><b_86>
2426,TEMCo Motor Run Capacitor RC0011-30 mfd 370 V VAC volt 30 uf Round HVAC TEMCo AC Electric,Temco,other,<a_22>,<a_22><b_16>,<c_208>,<a_236>,<a_236><b_231>
2427,Pac-Kit by First Aid Only 12-080 BZK First Aid Antiseptic Towelette (Box of 25),First Aid Only,other,<a_106>,<a_106><b_104>,<c_204>,<a_44>,<a_44><b_197>
2428,"Anderson Metals 56115 Brass Pipe Fitting, Hex Drive Countersunk Plug, 3/8"" NPT Male Pipe",Anderson Metals,connector_fitting,<a_242>,<a_242><b_153>,<c_29>,<a_108>,<a_108><b_17>
2429,Black Plastic Drag Chain Cable Carrier 10 x 15mm for CNC Router Mill,uxcell,other,<a_180>,<a_180><b_113>,<c_25>,<a_159>,<a_159><b_209>
2430,Yueton 100pcs Red 22/18- Gauge Nylon Male Fully-Insulated Quick Disconnects Wiring Spade Wire Crimp Terminal,yueton,connector_fitting,<a_247>,<a_247><b_129>,<c_81>,<a_67>,<a_67><b_23>
2431,Ginsco 110pcs Male Red 22-18 Gauge Nylon Fully-Insulated Quick Disconnects Wiring Spade Wire Connector Crimp Terminal,Ginsco,connector_fitting,<a_247>,<a_247><b_59>,<c_116>,<a_67>,<a_67><b_23>
2432,BCQLI 30Pcs 2P CH2 Quick Connector Cable Clamp Terminal Block Spring Connector Wire LED Strip Light Wire Connecting,BCQLI,connector_fitting,<a_187>,<a_187><b_77>,<c_98>,<a_67>,<a_67><b_118>
2433,"Medline 1700222-X5 Oxygen Tubing, 7' Crush Resistant (Pack of 5)",Medline,other,<a_151>,<a_151><b_28>,<c_48>,<a_170>,<a_170><b_22>
2434,"Performance Tool W41039 Non-slip Truck Tire Service Step (Fits up to 13"" Deep Tire)",Performance Tool,other,<a_54>,<a_54><b_250>,<c_206>,<a_87>,<a_87><b_161>
2435,Yobett Large Plastic 150ml Syringe + 120cm Handy Plastic Tubing,YOBETT,other,<a_38>,<a_38><b_41>,<c_0>,<a_150>,<a_150><b_130>
2436,Weldless Bulkhead Fitting,Midwest Homebrewing and Winemaking Supplies,connector_fitting,<a_118>,<a_118><b_107>,<c_175>,<a_108>,<a_108><b_248>
2437,"Beer Wort and Wine Refractometer, Dual Scale - Specific Gravity and Brix, replaces homebrew hydrometer",Agriculture Solutions,gauge_meter,<a_226>,<a_226><b_20>,<c_167>,<a_206>,<a_206><b_141>
2438,"Winters PEM Series Steel Dual Scale Economy Pressure Gauge, 30""Hg Vacuum/kpa, 2"" Dial Display, +/-3-2-3% Accuracy, 1/4"" NPT Bottom Mount",Winters Instruments,gauge_meter,<a_252>,<a_252><b_20>,<c_56>,<a_197>,<a_197><b_129>
2439,Pair of 100MHz Oscilloscope Clip Probe for Tektronix HP Scope Test Leads Kit,CISNO,other,<a_193>,<a_193><b_137>,<c_199>,<a_36>,<a_36><b_133>
2440,Packard C240B Packard Contactor 2 Pole 40 Amps 120 Coil Voltage,Packard,other,<a_217>,<a_217><b_132>,<c_216>,<a_236>,<a_236><b_82>
2441,IIT 82965 Rubber Grommet Assortment,IIT,other,<a_35>,<a_35><b_105>,<c_175>,<a_170>,<a_170><b_100>
2442,"XFasten Reflective Tape, Red & White, 2 Inches by 5 Yards",XFasten,tape,<a_60>,<a_60><b_66>,<c_22>,<a_206>,<a_206><b_0>
2443,LeHigh Crawford 4 Bin Pegboard Tool and Parts Tray #PT16,Crawford-Lehigh,other,<a_2>,<a_2><b_25>,<c_108>,<a_42>,<a_42><b_5>
2444,"KINGLAKE Plastic Transfer Pipettes 3ML,Essential Oils Pipettes,Graduated,Pack of 100, Makeup Tool",KINGLAKE,other,<a_226>,<a_226><b_12>,<c_88>,<a_17>,<a_17><b_216>
2445,"Eagle 1601MB Blue High Density Polyethylene Lab Pack Drum with Metal Lever-lock Lid, 30 gallon Capacity, 28.5"" Height, 21.25"" Diameter",Eagle,gauge_meter,<a_20>,<a_20><b_12>,<c_110>,<a_206>,<a_206><b_120>
2446,100x 1N4007 Diode 1A 1000V Rectifier Diodes Arduino Motor Snubber Flyback,Atoms Industries,other,<a_91>,<a_91><b_105>,<c_124>,<a_30>,<a_30><b_186>
2447,"Pac-Kit by First Aid Only 3-201 Gauze Pad, 3"" Length x 3"" Width (Box of 25)",First Aid Only,other,<a_106>,<a_106><b_46>,<c_114>,<a_122>,<a_122><b_53>
2448,"Innovative Components AN4C-5S221 1.38"" Star knob thru hole 1/4-20 steel zinc insert black pp (Pack of 10)",Innovative Components,other,<a_172>,<a_172><b_8>,<c_11>,<a_224>,<a_224><b_239>
2449,MEECO'S RED DEVIL 110 Gasket Cement and Stove Sealer,MEECO'S RED DEVIL,other,<a_249>,<a_249><b_231>,<c_186>,<a_79>,<a_79><b_9>
2450,"Round Spacer, Nylon, Off-White, 3/8"" Screw Size, 0.675"" OD, 11/64"" ID, 9/16"" Length, Made in US (Pack of 100)",Small Parts,fastener,<a_153>,<a_153><b_105>,<c_157>,<a_71>,<a_71><b_44>
2451,"Round Spacer, Nylon, Off-White, 0.194"" ID, 3/4"" Length, Made in US (Pack of 100)",Small Parts,other,<a_153>,<a_153><b_105>,<c_216>,<a_71>,<a_71><b_114>
2452,"6061 Aluminum Round Rod, Unpolished (Mill) Finish, Extruded, T6511 Temper, ASTM B221, 3/8"" Diameter, 36"" Length",Small Parts,gauge_meter,<a_185>,<a_185><b_21>,<c_51>,<a_251>,<a_251><b_198>
2453,"6061 Aluminum Round Rod, Unpolished (Mill) Finish, Extruded, T6511 Temper, ASTM B221, 1/4"" Diameter, 12"" Length",Small Parts,gauge_meter,<a_185>,<a_185><b_21>,<c_55>,<a_251>,<a_251><b_198>
2454,"6061 Aluminum Round Rod, Unpolished (Mill) Finish, Extruded, T6511 Temper, ASTM B221, 1/2"" Diameter, 72"" Length",Small Parts,gauge_meter,<a_185>,<a_185><b_21>,<c_218>,<a_251>,<a_251><b_198>
2455,Millrose 62850 Power-Deuce Brushing Tool Set,Mill-Rose,other,<a_17>,<a_17><b_169>,<c_166>,<a_24>,<a_24><b_21>
2456,"Hillman Group 830666 Stainless Steel 1/4-Inch Split Lock Washer, 100-Pack",Hillman,other,<a_153>,<a_153><b_84>,<c_117>,<a_224>,<a_224><b_209>
2457,"6"" x 9"", 4Mil Clear Reclosable Zip Lock Bags, case of 100",GPI,other,<a_238>,<a_238><b_11>,<c_65>,<a_210>,<a_210><b_9>
2458,"3M Dual Lock Reclosable Fastener SJ3560 250 Clear, 1/2 in x 6 Ft by 3M",Ocimocylo,fastener,<a_175>,<a_175><b_182>,<c_56>,<a_68>,<a_68><b_32>
2459,"PVC (Polyvinyl Chloride) Sheet, Opaque Gray, Standard Tolerance, UL 94/ASTM D1784, 0.25"" Thickness, 12"" Width, 12"" Length",Small Parts,other,<a_67>,<a_67><b_223>,<c_60>,<a_79>,<a_79><b_114>
2460,"Dremel 446 1/4"" 240 grit sanding bands, 6 Pack",Dremel,other,<a_132>,<a_132><b_140>,<c_226>,<a_193>,<a_193><b_172>
2461,Uxcell a12080700ux0467 Ratio 2:1 50mm Dia Clear Polyolefin Heat Shrinkable Tube 2M 6.6Ft,uxcell,other,<a_249>,<a_249><b_118>,<c_211>,<a_228>,<a_228><b_245>
2462,"Bob Smith Industries BSI-133H Insta-Cure+ Gap Filling Super Glue, 1 oz.",Bob Smith Industries,adhesive_epoxy,<a_158>,<a_158><b_172>,<c_106>,<a_99>,<a_99><b_72>
2463,Adventure Medical SOL Duct Tape - Two 50in Rolls,S.O.L. Survive Outdoors Longer,tape,<a_233>,<a_233><b_188>,<c_163>,<a_122>,<a_122><b_161>
2464,JIUWU 1.0mm Tungsten Steel Carbide PCB CNC End Mill Engraving Bits Milling Machine Pack of 10,JIUWU,other,<a_85>,<a_85><b_129>,<c_34>,<a_17>,<a_17><b_118>
2465,BQLZR 3.175mm Drill Bits Engraving Bits CNC PCB Machinery 0.6-1.5mm Cutting Pack Of 10,BQLZR,other,<a_85>,<a_85><b_93>,<c_157>,<a_17>,<a_17><b_246>
2466,1/4 inch x 55 yds Copper Foil Tape - (6mm x 50m) - EMI Shielding Conductive Adhesive,Tapes Master,tape,<a_249>,<a_249><b_172>,<c_16>,<a_79>,<a_79><b_96>
2467,1/8 inch x 55 yds Copper Foil Tape - (3mm x 50m) - EMI Shielding Conductive Adhesive,Tapes Master,tape,<a_249>,<a_249><b_172>,<c_190>,<a_79>,<a_79><b_96>
2468,"Anderson Metals Brass Pipe Fitting, 45 Degree Barstock Street Elbow, 1/8"" Female Pipe x 1/8"" Male Pipe",Anderson Metals,connector_fitting,<a_13>,<a_13><b_21>,<c_0>,<a_108>,<a_108><b_1>
2469,LulzBot TAZ 6 3D Printer,LulzBot,3d_filament,<a_200>,<a_200><b_101>,<c_199>,<a_223>,<a_223><b_176>
2470,"HATCHBOX PLA 3D Printer Filament, Dimensional Accuracy +/- 0.03 mm, 1 kg Spool, 3.00 mm, Black",HATCHBOX,3d_filament,<a_58>,<a_58><b_172>,<c_189>,<a_223>,<a_223><b_198>
2471,Adafruit MCP3008 8-Channel 10-Bit ADC With SPI Interface for Raspberry Pi,Adafruit,other,<a_5>,<a_5><b_121>,<c_93>,<a_30>,<a_30><b_254>
2472,"HATCHBOX ABS 3D Printer Filament, Dimensional Accuracy +/- 0.03 mm, 1 kg Spool, 1.75 mm, Black",HATCHBOX,3d_filament,<a_58>,<a_58><b_115>,<c_66>,<a_223>,<a_223><b_198>
2473,Barge All Purpose Cement Quart (O22721),Barge All,other,<a_230>,<a_230><b_53>,<c_148>,<a_244>,<a_244><b_116>
2474,BIQU MK10 M7 0.4mm Extruder Brass Nozzle Print Head for Makerbot 2 RepRap 1.75mm Filament 3D Printer (Pack of 5pcs),CTYRZCH,3d_filament,<a_120>,<a_120><b_92>,<c_223>,<a_91>,<a_91><b_29>
2475,"Gizmo Dorks 3D Print Removal Tool, 5-inch Blade",Gizmo Dorks,other,<a_113>,<a_113><b_29>,<c_235>,<a_223>,<a_223><b_59>
2476,"HATCHBOX ABS 3D Printer Filament, Dimensional Accuracy +/- 0.03 mm, 1 kg Spool, 1.75 mm, Transparent White",HATCHBOX,3d_filament,<a_58>,<a_58><b_115>,<c_202>,<a_223>,<a_223><b_198>
2477,BAMtack! 1.75mm Black PLA 3D Printer Filament - 1kg (2.2 lbs) - Dimensional Accuracy +/- 0.03mm,BAMtack!,3d_filament,<a_71>,<a_71><b_55>,<c_53>,<a_223>,<a_223><b_160>
2478,"Neoprene Sheet Gasket, Black, 1/8"" Thick, 24"" &times; 24"" (Pack of 1)",Small Parts,other,<a_156>,<a_156><b_36>,<c_228>,<a_17>,<a_17><b_68>
2479,1 Gallon Blue Premium Indicating Silica Gel Beads(Industry Standard 2-4 mm) - 7.5 LBS Reusable,Dry & Dry,other,<a_238>,<a_238><b_66>,<c_163>,<a_150>,<a_150><b_9>
2480,"ABS Sheet - .118"" Thick, Black, 12"" x 24"" Nominal",Small Parts,3d_filament,<a_115>,<a_115><b_204>,<c_204>,<a_79>,<a_79><b_85>
2481,Weld-On 4 Acrylic Adhesive - 4 Oz and Weld-On Applicator Bottle with Needle,Weld-on,adhesive_epoxy,<a_124>,<a_124><b_157>,<c_37>,<a_165>,<a_165><b_205>
2482,Rosiness 180Pcs M3 Nylon Hex Spacers Screw Nut Stand-off Plastic Accessories Assortment Black,rosiness,fastener,<a_64>,<a_64><b_166>,<c_160>,<a_224>,<a_224><b_218>
2483,Vastar Titanium Step Drill Bit Set & Automatic Center Punch,Vastar,other,<a_44>,<a_44><b_96>,<c_32>,<a_224>,<a_224><b_186>
2484,LHI XT-60 XT60 Male Female Bullet Connectors Plugs for RC Lipo Battery,LHI,connector_fitting,<a_65>,<a_65><b_16>,<c_93>,<a_158>,<a_158><b_105>
2485,Inland 1.75mm Gold PLA 3D Printer Filament - 1kg Spool (2.2 lbs),Inland,3d_filament,<a_237>,<a_237><b_122>,<c_0>,<a_158>,<a_158><b_72>
2486,"United Scientific RSTPK1 Rubber Stopper, 1 to 6 Sizes Assortment, Assorted,Included Components- 1 pound of stoppers",United Scientific Supplies,other,<a_245>,<a_245><b_60>,<c_57>,<a_14>,<a_14><b_204>
2487,Femitu 15Pcs 15ml Steel Needle Drip Tip Plastic Empty Bottle Travel Size for E-Juices & Liquids,Femitu,other,<a_112>,<a_112><b_110>,<c_39>,<a_150>,<a_150><b_175>
2488,Presa ST-243 Titanium Step Drill Bit,Presa,other,<a_88>,<a_88><b_16>,<c_234>,<a_159>,<a_159><b_208>
2489,"TOOL,LEAD FORMING,1/4-1/2WATT RESISTORS",Elenco,other,<a_101>,<a_101><b_31>,<c_243>,<a_42>,<a_42><b_51>
2490,SOLOOP 10PCS Blue Quick Splice Wire Terminals&Male Spade Connectors Set,,connector_fitting,<a_118>,<a_118><b_215>,<c_91>,<a_67>,<a_67><b_84>
2491,"Kreg SML-F125-100 1-1/4-Inch 7-Fine Washer-Head Pocket Screws, 100-Count",Kreg,fastener,<a_130>,<a_130><b_172>,<c_138>,<a_224>,<a_224><b_238>
2492,"Sunlite Bicycle Loose Ball Bearings 1/4"" Bag Of 144",Sunlite,other,<a_138>,<a_138><b_227>,<c_134>,<a_251>,<a_251><b_100>
2493,DEWALT DCT418S1 12-Volt Li-Ion Hand Held Radar Scanner Kit,DEWALT,other,<a_40>,<a_40><b_226>,<c_98>,<a_197>,<a_197><b_118>
2494,Extech CA3018 Flex Clamp-On Adaptor 3000A AC,Extech,other,<a_127>,<a_127><b_177>,<c_93>,<a_36>,<a_36><b_8>
2495,Delta Power Equipment Corporation 50-767 1.5 hp Dust Collector,Delta,other,<a_3>,<a_3><b_227>,<c_17>,<a_109>,<a_109><b_31>
2496,"Apera Instruments EC20 Value Conductivity Pocket Tester, &plusmn;1% F.S Accuracy, BPB Sensor, Complete Kit","Apera Instruments, LLC",ventilation_fan,<a_25>,<a_25><b_203>,<c_250>,<a_36>,<a_36><b_141>
2497,Frey Scientific 574107 4 Piece Ring Stand Set,Frey Scientific,other,<a_1>,<a_1><b_54>,<c_46>,<a_229>,<a_229><b_170>
2498,"CRC Plastic Safe Multi-Purpose Precision Liquid Lubricant, 11 oz Aerosol Can, Amber",CRC,other,<a_34>,<a_34><b_191>,<c_187>,<a_173>,<a_173><b_106>
2499,Xuron 2193 Wire Shear,XURON,other,<a_26>,<a_26><b_24>,<c_18>,<a_42>,<a_42><b_250>
2500,"Micro Swiss MK10 All Metal Hotend Kit .4mm Nozzle WANHAO, FlashForge, Dremel Idea Builder",Micro-Swiss,other,<a_120>,<a_120><b_57>,<c_152>,<a_91>,<a_91><b_10>
2501,"TruePower 04-0446 Stainless Steel Digital Vernier Caliper with Inch Fractions/Decimal SAE/Metric Unit Display & Conversion, 6",TruePower,gauge_meter,<a_241>,<a_241><b_251>,<c_19>,<a_104>,<a_104><b_186>
2502,Dr.Meter 0.01pH High Accuracy Pocket Size pH Meter with ATC Backlit 0-14 pH Measurement Range,Dr.meter,gauge_meter,<a_25>,<a_25><b_254>,<c_152>,<a_107>,<a_107><b_186>
2503,STMicroelectronics L7809CV L7809 Positive Voltage Regulator ICs Output 9v TO-220 Package 1 Piece,STMicroelectronics,other,<a_91>,<a_91><b_94>,<c_108>,<a_30>,<a_30><b_174>
2504,Uxcell a11110900ux0090 3 Meters 25mm Polyolefin Heat Shrinkable Tube Shrinking Tubing,uxcell,gauge_meter,<a_249>,<a_249><b_196>,<c_164>,<a_228>,<a_228><b_245>
2505,"100 3/8"" Inch Chrome Steel Bearing Balls G25",BC Precision,other,<a_185>,<a_185><b_42>,<c_4>,<a_71>,<a_71><b_104>
2506,Zen Toolworks 3D Printer 1.75mm PLA Filament 1kg (2.2lbs) Spool (White),Zen Toolworks,3d_filament,<a_71>,<a_71><b_69>,<c_38>,<a_223>,<a_223><b_136>
2507,"HATCHBOX PLA 3D Printer Filament, Dimensional Accuracy +/- 0.03 mm, 1 kg Spool, 1.75 mm, Silver",HATCHBOX,3d_filament,<a_58>,<a_58><b_172>,<c_41>,<a_223>,<a_223><b_198>
2508,"Kreg SPS-C1-100 Pocket Screws - 1-Inch, 7 Coarse, Pan-Head, 100-Count",Kreg,fastener,<a_130>,<a_130><b_184>,<c_137>,<a_224>,<a_224><b_95>
2509,"Neiko 01412A Electronic Digital Caliper with Extra Large LCD Screen, 6 x 7.9",Neiko,gauge_meter,<a_241>,<a_241><b_85>,<c_83>,<a_104>,<a_104><b_27>
2510,Super Siphon w/ 6' Siphon Hose,Super Siphon,connector_fitting,<a_119>,<a_119><b_72>,<c_67>,<a_52>,<a_52><b_16>
2511,Spot Nails 16132SS 2-Inch 16-Gauge Stainless Steel Finish Nail,Spot Nails,gauge_meter,<a_136>,<a_136><b_131>,<c_222>,<a_42>,<a_42><b_240>
2512,Extech TG20 Wire Tracer and Tone Generator,Extech,other,<a_36>,<a_36><b_186>,<c_159>,<a_211>,<a_211><b_181>
2513,2 Meters PTFE Teflon Bowden Tube 1.75 Filament 3D printer RepRap Rostock Kossel,DD-life,3d_filament,<a_195>,<a_195><b_148>,<c_107>,<a_158>,<a_158><b_138>
2514,"eSUN 1.75mm Black PLA 3D Printer filament 1kg Spool (2.2lbs), Black",eSUN,3d_filament,<a_237>,<a_237><b_63>,<c_91>,<a_223>,<a_223><b_144>
2515,"Blue Sea Systems Terminal Block Jumper for 30A Terminal Blocks, Pack of 5",Blue Sea Systems,connector_fitting,<a_187>,<a_187><b_190>,<c_255>,<a_67>,<a_67><b_135>
2516,DBPOWER 2M/6.5Ft 10mm Mini Waterproof Pipe Cam Endoscope USB Borescope Inspection Snake Camera,DBPOWER,other,<a_236>,<a_236><b_230>,<c_111>,<a_180>,<a_180><b_130>
2517,Dry & Dry 3 Gram Pack of 50 Silica Gel Packets Desiccant Dehumidifier - Rechargeable Paper,Dry & Dry,other,<a_238>,<a_238><b_254>,<c_218>,<a_150>,<a_150><b_86>
2518,"Dyson Dc07 Aftermarket Vacuum Hose, Purple",Generic,connector_fitting,<a_141>,<a_141><b_55>,<c_202>,<a_197>,<a_197><b_89>
2519,PORTER-CABLE PN23Pp 23 Gauge Pin Nail Project Pack,PORTER-CABLE,gauge_meter,<a_136>,<a_136><b_19>,<c_2>,<a_42>,<a_42><b_8>
2520,PORTER-CABLE PBN18125 18 Gauge 1-1/4-Inch Brad Nail (5000-Pack),PORTER-CABLE,gauge_meter,<a_136>,<a_136><b_141>,<c_194>,<a_42>,<a_42><b_133>
2521,"Kreg SML-C250B-50 Blue-Kote WR Pocket Screws 2-1/2-Inch, 8 Coarse, Washer-Head, 50-Count",Kreg,fastener,<a_130>,<a_130><b_200>,<c_19>,<a_224>,<a_224><b_163>
2522,"3M(TM) Scotchlok(TM) Electrical IDC Connector 560B, Blue, 18&ndash;16AWG solid/stranded, 14AWG stranded, 100ct",3M,connector_fitting,<a_187>,<a_187><b_186>,<c_9>,<a_67>,<a_67><b_74>
2523,Homdox Portable pH Tester High Accuracy Handheld pH Meter Red with 2xpH Buffer Powders,Homdox,test_strip,<a_141>,<a_141><b_15>,<c_202>,<a_17>,<a_17><b_165>
2524,Geatex GXMT55 Non-Contact Infrared Thermometer with Laser Targeting,GEATEX,gauge_meter,<a_50>,<a_50><b_198>,<c_94>,<a_107>,<a_107><b_101>
2525,AKRON PRODUCTS C-84 Floor Jack,Akron,ventilation_fan,<a_73>,<a_73><b_134>,<c_6>,<a_87>,<a_87><b_13>
2526,"Hy-Ko Products 848 Private Property No Trespassing Aluminum Sign 9.25"" x 14""  Orange/Black, 1 Piece",Hy-Ko Products,ventilation_fan,<a_244>,<a_244><b_129>,<c_78>,<a_68>,<a_68><b_194>
2527,Hillman 847043 4-Inch Nail-On Traditional Solid Brass House Number 1,Hillman,other,<a_33>,<a_33><b_86>,<c_190>,<a_71>,<a_71><b_248>
2528,"AutoWT Digital Coaxial Toslink Adapter with Optical Cable, 3.5mm Audio Cable and USB Power Cable",AutoWT,other,<a_36>,<a_36><b_198>,<c_137>,<a_36>,<a_36><b_92>
2529,"Dixon TCF73 Nylon Tuff-Lite Fitting, Short Shank Coupling, 3/4"" GHT Female x 3/8"" Hose ID Barbed",Dixon Valve & Coupling,connector_fitting,<a_242>,<a_242><b_70>,<c_129>,<a_108>,<a_108><b_160>
2530,"Think Safe 1095TS 7"" Trauma Shear",First Voice,other,<a_103>,<a_103><b_247>,<c_34>,<a_44>,<a_44><b_182>
2531,"TapeCase Silver Aluminum Foil Tape with Conductive Acrylic Adhesive, Converted from 3M 1120, 36 yd Length, 0.313"" Width, Roll",TapeCase,tape,<a_229>,<a_229><b_119>,<c_178>,<a_202>,<a_202><b_10>
2532,"Brew Tapper Triple Scale Hydrometer for Beer, Wine, Mead & Kombucha - Specific Gravity ABV Tester",Brew Tapper,gauge_meter,<a_107>,<a_107><b_226>,<c_232>,<a_94>,<a_94><b_254>
2533,Longruner A4988 Stepstick Stepper Motor Driver Module + Heat Sink for 3d Printer Reprap (Pack of 5 Pcs),Longruner,3d_filament,<a_255>,<a_255><b_143>,<c_0>,<a_158>,<a_158><b_89>
2534,"RioRand(TM) RepRap Mega 2560(Arduino compatible),RAMPS 1.4,Stepstick Pololu A4988 Stepper Driver for 3D Printer,Prusa Mendel,MakerBot",Kuman,3d_filament,<a_9>,<a_9><b_164>,<c_0>,<a_91>,<a_91><b_79>
2535,"Pactiv NC723B VERSAtainers, 1-Comp, Black/Clear, 24oz, 7""dia (Case of 150)",Pactiv,other,<a_163>,<a_163><b_146>,<c_178>,<a_14>,<a_14><b_45>
2536,uxcell 5 Pcs 500K ohm B500K Top Adjustment Single Linear Potentiometers,uxcell,gauge_meter,<a_121>,<a_121><b_15>,<c_192>,<a_73>,<a_73><b_123>
2537,Surebonder FPC88S-100 1/4-inch Steel Long Rivets (100 per box),Surebonder,other,<a_162>,<a_162><b_200>,<c_46>,<a_42>,<a_42><b_239>
2538,"D.H.S. Fluted Dowel Pins - 3/8"" x 1-1/2"" (.375 x 1.5) - Hardwood w/Beveled Ends - Box of 100",Desunia,other,<a_79>,<a_79><b_42>,<c_89>,<a_224>,<a_224><b_248>
2539,"Steel Key Stock, Standard Tolerance, 1-1/4"" Thickness, 1-1/4"" Width, 36"" Length (Pack of 1)",Small Parts,other,<a_79>,<a_79><b_230>,<c_96>,<a_71>,<a_71><b_90>
2540,Wixey WR365 Digital Angle Gauge and Level,Wixey,gauge_meter,<a_108>,<a_108><b_85>,<c_2>,<a_104>,<a_104><b_196>
2541,"ProTapes Pro Duct 110 PE-Coated Cloth General Purpose Duct Tape, 60 yds Length x 2"" Width, Brown (Pack of 1)",Pro Tapes,tape,<a_89>,<a_89><b_73>,<c_13>,<a_202>,<a_202><b_62>
2542,"Duda Energy 3WBV-WOG200-F050-L L-Type Ball Valve, 304 Stainless Steel, 3-Way, SS304 SUS304 1/2"" NPT FPT.5",Duda Energy,other,<a_51>,<a_51><b_108>,<c_243>,<a_108>,<a_108><b_104>
2543,"TapeCase CFL-5CA Conductive Copper Foil 3/4"" x 6yds (1 Roll)",TapeCase,tape,<a_229>,<a_229><b_119>,<c_140>,<a_202>,<a_202><b_119>
2544,"SainSmart Clear Flexible TPU 3D Printing Filament, 1.75 mm, 0.8 kg, Dimensional Accuracy +/- 0.05 mm",SainSmart,3d_filament,<a_71>,<a_71><b_98>,<c_88>,<a_223>,<a_223><b_86>
2545,"Addicore 10 Pack Kapton Tape Sheets Polyimide 8"" X 11"" 0.06mm (2.4mil) Thick With Release Liner for 3D Printer",Addicore,3d_filament,<a_229>,<a_229><b_162>,<c_121>,<a_79>,<a_79><b_121>
2546,"E3D All-metal v6 HotEnd Full Kit - 1.75mm Universal - Direct, 12v - Approximately 120mm PTFE (ASSEMBLY REQUIRED)",E3D,other,<a_120>,<a_120><b_77>,<c_90>,<a_91>,<a_91><b_219>
2547,"Fluorostore F015084 - 1 Metric PTFE Tubing, 2 mm ID x 4 mm OD, 1' Length, Semi-Transparent",Fluorostore,other,<a_165>,<a_165><b_167>,<c_144>,<a_228>,<a_228><b_172>
2548,Dorman Hardware 4-9833 Peggable Screwdriver Holder,Dorman Hardware,fastener,<a_2>,<a_2><b_123>,<c_20>,<a_159>,<a_159><b_44>
2549,5mm Black Plastic LED Holders x50,THE LED SHOP INC,other,<a_160>,<a_160><b_209>,<c_230>,<a_73>,<a_73><b_150>
2550,"Eureka AirSpeed ONE, Bagless Upright Vacuum AS2013A - Corded",Eureka,other,<a_194>,<a_194><b_179>,<c_68>,<a_24>,<a_24><b_194>
2551,"3M Performance Plus Duct Tape 8979 Slate Blue, 48 mm x 22.8 m (Pack of 1)",3M,tape,<a_89>,<a_89><b_154>,<c_251>,<a_202>,<a_202><b_160>
2552,"Vestil BTL-RC-16 Low Density Polyethylene (LDPE) Round Squeeze Dispensing Bottle with Removable Red Cap, 16 oz Capacity, Clear",Vestil,other,<a_112>,<a_112><b_241>,<c_195>,<a_150>,<a_150><b_129>
2553,"PhysiciansCare by First Aid Only 24-201 Eye Wash Solution, 32 ounce Bottle",First Aid Only,other,<a_103>,<a_103><b_124>,<c_1>,<a_44>,<a_44><b_41>
2554,"Boston Round Bottles, 1/2 Oz Pack of 12",MHB,other,<a_112>,<a_112><b_150>,<c_174>,<a_150>,<a_150><b_189>
2555,"Magnesium Metal Ingot, 99.95% Pure, 8 Ounces",MedBR,other,<a_90>,<a_90><b_51>,<c_213>,<a_159>,<a_159><b_168>
2556,Pure Soft Lead Ingot,LEE,other,<a_18>,<a_18><b_131>,<c_130>,<a_79>,<a_79><b_110>
2557,"Duck Brand 240866 MAX Strength Duct Tape, 1.88 Inches by 35 Yards, White, Single Roll",Duck,tape,<a_89>,<a_89><b_48>,<c_13>,<a_202>,<a_202><b_2>
2558,RHX 125pcs 25 Values Total Electrolytic Capacitors Assortment Kit 1uF to 2200uF,TWHYJRYMWWNTNTW,other,<a_100>,<a_100><b_238>,<c_99>,<a_236>,<a_236><b_148>
2559,KKmoon 1280pcs 64 Values 1 ohm To 10M ohm 1/4W Metal Film Resistors Assortment Kit Assorted Set Low noise,KKmoon,other,<a_101>,<a_101><b_108>,<c_84>,<a_73>,<a_73><b_214>
2560,"Hantek HT6022BE20Mhz 6022be PC Based USB Digital Storage Oscilloscope, 20 MHz Bandwidth",Hantek,other,<a_193>,<a_193><b_243>,<c_158>,<a_36>,<a_36><b_102>
2561,"Uxcell a11102000ux0355 2N3906 General Purpose 3 Terminals PNP Transistors, 100 Piece",uxcell,connector_fitting,<a_91>,<a_91><b_176>,<c_232>,<a_236>,<a_236><b_70>
2562,Uxcell a13061400ux0444 B10K 10K Ohm Adjustment Single Linear Rotary Taper Potentiometer 5 Pieces,uxcell,tape,<a_121>,<a_121><b_173>,<c_88>,<a_73>,<a_73><b_123>
2563,STMicroelectronics L7805CV L7805 Positive Voltage Regulator ICs Output 5v TO-220 Package 1 Piece,STMicroelectronics,other,<a_91>,<a_91><b_110>,<c_93>,<a_30>,<a_30><b_177>
2564,20 Pieces LM386N-1 LM386N LM386 Low Voltage Audio Power Amplifier,National Semiconductor,other,<a_91>,<a_91><b_121>,<c_80>,<a_30>,<a_30><b_127>
2565,uxcell 5pcs 2K ohm 3 Terminal 6mm Split Shaft Single Turn Potentiometers,uxcell,connector_fitting,<a_121>,<a_121><b_136>,<c_126>,<a_73>,<a_73><b_106>
2566,"Uxcell NPN NO Capacitance Proximity Sensor Switch, DC 6V - 36V/300 mA, 1 mm -10 mm",uxcell,other,<a_183>,<a_183><b_129>,<c_209>,<a_236>,<a_236><b_128>
2567,"Formaticum Cheese Storage Bags, 15 Count",Formaticum,other,<a_163>,<a_163><b_163>,<c_72>,<a_210>,<a_210><b_141>
2568,Powerbuilt 647501 Heavy Duty 12-Ton Bottle Jack,Alltrade,other,<a_73>,<a_73><b_198>,<c_0>,<a_87>,<a_87><b_159>
2569,Powerbuilt 640405 Heavy Duty 2-Ton Bottle Jack,Alltrade,other,<a_73>,<a_73><b_198>,<c_2>,<a_87>,<a_87><b_159>
2570,"Glue Dots Micro Dot Roll, 325 Clear Dots",Glue Dots,adhesive_epoxy,<a_48>,<a_48><b_188>,<c_44>,<a_165>,<a_165><b_121>
2571,"Maxcraft 7698 Toggle Wing and Bolt Assortment, 60-Piece",MAXCRAFT,fastener,<a_250>,<a_250><b_180>,<c_208>,<a_224>,<a_224><b_64>
2572,"Hoover WindTunnel 3 Pro Pet Bagless Upright Vacuum Cleaner, UH70937",Hoover,other,<a_194>,<a_194><b_74>,<c_157>,<a_24>,<a_24><b_67>
2573,"ADC 320V Medicut Shears, Purple, Adult",American Diagnostic,other,<a_61>,<a_61><b_170>,<c_133>,<a_180>,<a_180><b_156>
2574,"Prestige Medical Colormate Stainless Steel Kelly Forceps, Purple",Prestige Medical,other,<a_105>,<a_105><b_85>,<c_139>,<a_180>,<a_180><b_168>
2575,"Prestige Medical Clinical Lite Stethoscope, Navy",Prestige Medical,other,<a_18>,<a_18><b_255>,<c_242>,<a_180>,<a_180><b_165>
2576,"First Aid Only 13-040 First Aid Burn Spray, 4oz Pump Bottle",First Aid Only,other,<a_106>,<a_106><b_28>,<c_70>,<a_44>,<a_44><b_136>
2577,"BIPEE 500ml Safety Wash Bottle, Narrow Mouth, Plastic, Pack of3",BIPEE,other,<a_226>,<a_226><b_235>,<c_107>,<a_206>,<a_206><b_145>
2578,5mm Black Polyolefin Insulation Heat Shrink Tubing 6M 19.7ft,uxcell,other,<a_249>,<a_249><b_41>,<c_136>,<a_228>,<a_228><b_32>
2579,Uxcell CP2102 USB 2.0 to UART TTL 6PIN Module Serial Converter Adapter,uxcell,other,<a_5>,<a_5><b_230>,<c_104>,<a_30>,<a_30><b_236>
2580,"Rubbermaid Commercial Trademaster 5 Drawer Mobile Work Center, 33"" L x 20"" W x 34"" H, Black/Red (FG773488BLA)",Rubbermaid Commercial Products,other,<a_27>,<a_27><b_48>,<c_152>,<a_210>,<a_210><b_34>
2581,"Loc-Line Coolant Hose Component, Acetal Copolymer, Segment, 1/2"" Hose ID, 5-1/2"" Length (Pack of 2)",Loc-Line,connector_fitting,<a_165>,<a_165><b_67>,<c_230>,<a_228>,<a_228><b_23>
2582,"HATCHBOX ABS 3D Printer Filament, Dimensional Accuracy +/- 0.03 mm, 1 kg Spool, 1.75 mm, Orange",HATCHBOX,3d_filament,<a_58>,<a_58><b_115>,<c_17>,<a_223>,<a_223><b_198>
2583,"HATCHBOX ABS 3D Printer Filament, Dimensional Accuracy +/- 0.05 mm, 1 kg Spool, 1.75 mm, Green",HATCHBOX,3d_filament,<a_58>,<a_58><b_115>,<c_55>,<a_223>,<a_223><b_198>
2584,"Plymor 4"" x 4"", 4 Mil (Pack of 500) Heavy Duty Plastic Reclosable Zipper Bags",Plymor,other,<a_238>,<a_238><b_58>,<c_201>,<a_210>,<a_210><b_219>
2585,"Plymor 3"" x 4"", 4 Mil (Pack of 500) Heavy Duty Plastic Reclosable Zipper Bags",Plymor,other,<a_238>,<a_238><b_58>,<c_211>,<a_210>,<a_210><b_219>
2586,10 Assorted Kelly Locking Hemostat Forceps 5.5,ODONTOMED1,other,<a_105>,<a_105><b_180>,<c_253>,<a_42>,<a_42><b_143>
2587,InstallGear 1/0 AWG Gauge Gold Ring Set Screw Battery Ring Terminals (4 Pack),InstallGear,connector_fitting,<a_65>,<a_65><b_189>,<c_183>,<a_17>,<a_17><b_193>
2588,"Pac-Kit by First Aid Only 4-007 Non-Woven Triangular Bandage with 2 Fastening Hooks, 56"" Length x 40"" Width",Generic,other,<a_60>,<a_60><b_33>,<c_45>,<a_206>,<a_206><b_95>
2589,M3 x 6mm Alloy Steel Hex Bolt Socket Head Cap Screws Black 100 Pcs,uxcell,fastener,<a_64>,<a_64><b_225>,<c_36>,<a_224>,<a_224><b_176>
2590,"Disposable Vinyl Exam Gloves Powder Free, 100 Per Box Size Large&hellip;",Dealmed,other,<a_60>,<a_60><b_98>,<c_229>,<a_206>,<a_206><b_145>
2591,"OOK 50683 1-1/4-Inch Vinyl Mug Hooks Tidy Tins, White, 15-Piece (1 Pack)",OOK by Hillman,other,<a_150>,<a_150><b_42>,<c_68>,<a_14>,<a_14><b_249>
2592,Tekz 45250 Metric Nut and Bolt Assortment - 475 Piece,Titan Tools,fastener,<a_231>,<a_231><b_40>,<c_122>,<a_224>,<a_224><b_199>
2593,"Master Magnetics Round Base Magnet Fastener with Knob,Chrome,1.43"" Diameter, 0.98"" Total Height with 1"" Diameter Knob/16 Pounds,(Box of 4), HMKR-45X4",Master Magnetics,gauge_meter,<a_149>,<a_149><b_245>,<c_67>,<a_251>,<a_251><b_69>
2594,"EVINIS 5Pcs&nbsp;Stainless Steel Spatula Palette Knife Painting Mixing Scraper Set,3D Print Removal Tool",EVINIS,other,<a_130>,<a_130><b_206>,<c_189>,<a_223>,<a_223><b_21>
2595,"Rubbermaid Commercial Products FG295700BEIG Plastic Resin Deskside Wastebasket, 10 Gallon/41 Quart, Beige",Rubbermaid Commercial Products,ventilation_fan,<a_214>,<a_214><b_224>,<c_1>,<a_210>,<a_210><b_98>
2596,"X-Treme Tape TPE-XZLYEL Silicone Rubber Self Fusing Tape, 1"" x 10', Triangular, Yellow",X-Treme Tape,tape,<a_179>,<a_179><b_162>,<c_32>,<a_202>,<a_202><b_198>
2597,"Karter Scientific 206D2 Plastic Petri Dishes, 60 mm x 15 mm, 3 Vents, Sterile (Pack of 10)",Karter Scientific,other,<a_245>,<a_245><b_33>,<c_127>,<a_14>,<a_14><b_97>
2598,"3M All Weather Flashing Tape 8067 Tan, 6 in x 75 ft Slit Liner (Pack of 1)",3M,tape,<a_204>,<a_204><b_141>,<c_167>,<a_206>,<a_206><b_187>
2599,Hydrofarm HGPP400 Precision Pruner,Hydrofarm,other,<a_105>,<a_105><b_179>,<c_193>,<a_180>,<a_180><b_84>
2600,"PC Products 80115 PC-11 Two-Part Marine Grade Epoxy Adhesive Paste, 1/2 lb in Two Cans, Off White",PC Products,adhesive_epoxy,<a_158>,<a_158><b_231>,<c_87>,<a_165>,<a_165><b_234>
2601,"3-IN-ONE  100% Dry to Touch Dry Lube Drip Oil, 4 OZ",3-IN-ONE,other,<a_34>,<a_34><b_238>,<c_33>,<a_173>,<a_173><b_118>
2602,"Tektronix TBS1052B Digital Storage Oscilloscope, 2 Channel, 50 MHz Bandwidth, 5 Year Warranty",Tektronix,other,<a_7>,<a_7><b_20>,<c_142>,<a_197>,<a_197><b_231>
2603,"HATCHBOX PLA 3D Printer Filament, Dimensional Accuracy +/- 0.03 mm, 1 kg Spool, 1.75 mm, Transparent Yellow",HATCHBOX,3d_filament,<a_58>,<a_58><b_172>,<c_206>,<a_223>,<a_223><b_198>
2604,"HATCHBOX ABS 3D Printer Filament, Dimensional Accuracy +/- 0.03 mm, 1 kg Spool, 1.75 mm, Transparent Green",HATCHBOX,3d_filament,<a_58>,<a_58><b_115>,<c_144>,<a_223>,<a_223><b_198>
2605,Acid Blend - 1 lb.,Home Brew Ohio,other,<a_177>,<a_177><b_229>,<c_38>,<a_150>,<a_150><b_205>
2606,"ATP Vinyl-Flex PVC Food Grade Plastic Tubing, Clear, 3/16"" ID x 5/16"" OD, 100 feet Length",ATP,other,<a_67>,<a_67><b_114>,<c_30>,<a_228>,<a_228><b_40>
2607,Muslin Bags 10 Count,Home Brew Ohio,other,<a_163>,<a_163><b_169>,<c_89>,<a_210>,<a_210><b_171>
2608,"Inkbird Pre-Wired Dual Stage Digital Temperature Controller Outlet Thermostat 110V, 1100W Heating and Cooling for Fermentation Kegerator Heating Mat ect",Inkbird,other,<a_131>,<a_131><b_172>,<c_198>,<a_107>,<a_107><b_35>
2609,"Control Devices CR Series Brass Pressure Relief Valve, 0-100 psi Adjustable Pressure Range, 1/4"" Male NPT",Control Devices,other,<a_123>,<a_123><b_76>,<c_40>,<a_108>,<a_108><b_93>
2610,Big Horn 11726PK 2-1/2-Inch Key Hose Clamp (2 Packs of 5),Big Horn,connector_fitting,<a_109>,<a_109><b_227>,<c_243>,<a_71>,<a_71><b_251>
2611,Pomona 4408/POM Test Lead Holder for Wires Up to .320In Diameter,Pomona,gauge_meter,<a_159>,<a_159><b_205>,<c_193>,<a_23>,<a_23><b_169>
2612,"RioRand 400 Pcs, 16 Value Resistor Kit (10 Ohm - 1M Ohm)",RioRand,other,<a_101>,<a_101><b_177>,<c_115>,<a_73>,<a_73><b_56>
2613,2W Metal Film Resistor Assorted Kit 1% tolerance 30Values 300pcs,Metal Resistor kit,other,<a_101>,<a_101><b_61>,<c_99>,<a_73>,<a_73><b_183>
2614,Uxcell a12022900ux0327 Power Transformer Ferrite Toroid Cores (Pack of 10),uxcell,other,<a_159>,<a_159><b_228>,<c_40>,<a_73>,<a_73><b_28>
2615,"MG Chemicals433-4L  d-Limonene (Pure Grade) Cleaner Degreaser and 3-D Printing Chemical, 1 Gallon Can , Clear",MG Chemicals,other,<a_171>,<a_171><b_81>,<c_200>,<a_66>,<a_66><b_251>
2616,HOMEPAK 41815 Pan Head Phillips Sheet Metal Screws,Hillman,fastener,<a_87>,<a_87><b_17>,<c_59>,<a_224>,<a_224><b_154>
2617,Yueton&reg; 100pcs Yellow 12/10-Gauge Economy Nylon Male Fully-Insulated Quick Disconnects Wiring Spade Wire Crimp Terminal,yueton,connector_fitting,<a_247>,<a_247><b_129>,<c_216>,<a_67>,<a_67><b_23>
2618,Red Mushroom Emergency Stop Push Button Switch,uxcell,other,<a_117>,<a_117><b_189>,<c_212>,<a_236>,<a_236><b_240>
2619,"Digital Clamp Meter AC/DC Auto-Ranging 600 Amp Measures Voltage, Resistance, Temp, More Klein Tools CL800",Klein Tools,gauge_meter,<a_31>,<a_31><b_177>,<c_129>,<a_36>,<a_36><b_8>
2620,Uxcell Metric Whitworth Screw Pitch Gauge Measuring Tool,uxcell,gauge_meter,<a_24>,<a_24><b_49>,<c_239>,<a_224>,<a_224><b_22>
2621,Philips Sonicare Powerup Pink,Philips,other,<a_122>,<a_122><b_193>,<c_97>,<a_24>,<a_24><b_207>
2622,Rigol ADP0150BNC 50 Ohm Impedance Adapter,Rigol,other,<a_193>,<a_193><b_117>,<c_251>,<a_36>,<a_36><b_55>
2623,Phantom YoYo Arduino compatible Light Sensor,Phantom YoYo,other,<a_183>,<a_183><b_205>,<c_50>,<a_30>,<a_30><b_51>
2624,"Uxcell a13060500ux0042 3 Pins Split Shaft Rotary Linear Taper Potentiometers with Knob, 10 Kohm, 10 Piece, 6 mm",uxcell,tape,<a_121>,<a_121><b_21>,<c_209>,<a_73>,<a_73><b_123>
2625,Phantom YoYo Arduino ProtoShield prototype expansion board including mini bread board,Phantom YoYo,other,<a_143>,<a_143><b_220>,<c_226>,<a_73>,<a_73><b_108>
2626,JOSYOO 10pcs 7x9cm PCB Blank Circuit Board Prototype Paper Solder Circuit Panel,JOSYOO,other,<a_178>,<a_178><b_86>,<c_208>,<a_73>,<a_73><b_36>
2627,Uxcell a11090300ux0244 30 Pcs 16 Pin 2.54mm DIP IC Socket Solder Type Adaptors.,uxcell,other,<a_227>,<a_227><b_235>,<c_213>,<a_211>,<a_211><b_128>
2628,Cofufu 0307 DIP Inductor Assorted Kit 22 value total 220pcs 1uH to 1mH 0.25W,Cofufu,ventilation_fan,<a_100>,<a_100><b_196>,<c_162>,<a_73>,<a_73><b_27>
2629,SainSmart P4100 Universal 100:1 High Voltage Probe for Oscilloscopes for Rigol Atten Owon Siglent,SainSmart,other,<a_220>,<a_220><b_217>,<c_143>,<a_158>,<a_158><b_180>
2630,Teenitor 120Pcs M3 Nylon Hex Spacers Screw Nut Stand-off Plastic Accessories Assortment White,Generic,fastener,<a_64>,<a_64><b_253>,<c_137>,<a_224>,<a_224><b_218>
2631,Addicore 1 Pack ATmega328P-PU DIP-28 Chip with Arduino Uno Bootloader and Addicore Pinout Sticker,Addicore,other,<a_5>,<a_5><b_172>,<c_81>,<a_30>,<a_30><b_218>
2632,(100&Omega;&ndash;1M&Omega;) 130pcs 13 Values RoHS Variable Resistor Potentiometers Assortment Kit Assorted Set,YuKi,gauge_meter,<a_8>,<a_8><b_132>,<c_24>,<a_17>,<a_17><b_255>
2633,"E-Projects 10EP5144K70 4.7k Ohm Resistors, 1/4 W, 5% (Pack of 10)",E-Projects,other,<a_101>,<a_101><b_173>,<c_215>,<a_73>,<a_73><b_224>
2634,uxcell Silver Tone Black Alloy MT2 Morse Taper Lathes Dead Center,uxcell,tape,<a_212>,<a_212><b_230>,<c_172>,<a_159>,<a_159><b_78>
2635,XCSOURCE 7mm Waterproof 200x USB Microscope Inspection Borescope Endoscope Pipe Inspection Snake Video Camera,XCSOURCE,other,<a_236>,<a_236><b_148>,<c_169>,<a_180>,<a_180><b_138>
2636,Aeroshell 33ms / MIL-G-21164D / MIL-SPEC Barrel Nut Thread Grease + 1/2oz can,Aeroshell 33 MS,fastener,<a_215>,<a_215><b_38>,<c_87>,<a_173>,<a_173><b_119>
2637,Arctic Silver 7g Premium Silver Thermal Cooling Adhesive Set (ASTA-7G),Arctic Silver 5,adhesive_epoxy,<a_222>,<a_222><b_173>,<c_156>,<a_79>,<a_79><b_15>
2638,Teensy 3.2,PJRC,other,<a_5>,<a_5><b_204>,<c_20>,<a_30>,<a_30><b_185>
2639,Teensy 3.2 with pins,PJRC,other,<a_5>,<a_5><b_204>,<c_15>,<a_30>,<a_30><b_19>
2640,Uxcell a13052700ux0257 6mm to 8mm CNC Stepper Motor Shaft Coupling Coupler for Encoder,uxcell,connector_fitting,<a_240>,<a_240><b_43>,<c_254>,<a_159>,<a_159><b_18>
2641,"eSUN 3mm Black ABS 3D Printer filament 1kg Spool (2.2lbs), Black",eSUN,3d_filament,<a_237>,<a_237><b_145>,<c_25>,<a_223>,<a_223><b_217>
2642,"Remington Industries 36SNSP.25 36 AWG Magnet Wire, Enameled Copper Wire, 4 oz, 0.0055"" Diameter, 3193' Length, Natural",Remington Industries,gauge_meter,<a_254>,<a_254><b_115>,<c_29>,<a_251>,<a_251><b_228>
2643,"Peachtree 1118 UHMW Slick Tape - 3"" X 48",Peachtree Woodworking Supply,tape,<a_182>,<a_182><b_80>,<c_85>,<a_202>,<a_202><b_212>
2644,Vktech Home Appliance DHT22/AM2302 Digital Temperature And Humidity Measurement Sensor,Vktech,other,<a_30>,<a_30><b_15>,<c_5>,<a_107>,<a_107><b_125>
2645,SMAKN&reg; DHT22 AM2302 Digital Temperature And Humidity Measurement Sensor,SMAKN,other,<a_30>,<a_30><b_15>,<c_101>,<a_107>,<a_107><b_125>
2646,Teensy 3.1,SparkFun,other,<a_5>,<a_5><b_204>,<c_32>,<a_30>,<a_30><b_185>
2647,SainSmart 8-Channel 5V Solid State Relay Module Board for Arduino Uno Duemilanove MEGA2560 MEGA1280 ARM DSP PIC,SainSmart,other,<a_183>,<a_183><b_2>,<c_74>,<a_30>,<a_30><b_226>
2648,"Zitrades Anti Static Wrist Strap Band Grounding, Black",Zitrades,other,<a_21>,<a_21><b_217>,<c_33>,<a_23>,<a_23><b_240>
2649,Joe Knows Electronics 1/2W 86 Value 860 Piece Resistor Kit,Joe Knows Electronics,other,<a_101>,<a_101><b_20>,<c_8>,<a_73>,<a_73><b_174>
2650,"Rigol DS2072A Digital Oscilloscopes - Bandwidth: 70 Mhz, Channels: 2",Rigol,other,<a_193>,<a_193><b_87>,<c_90>,<a_36>,<a_36><b_186>
2651,"Red White Honeycombo reflective tape 2""X25'-Waterproof self-adhesive trailer reflector tape-reflective tape for trucks,trailers,car,Warning Caution Conspicuity Tape Cinta reflectante",Michel Production,tape,<a_87>,<a_87><b_167>,<c_77>,<a_68>,<a_68><b_25>
2652,Member's Mark Commercial Spray Bottles - 32oz 6 pk.,Member's Mark,other,<a_128>,<a_128><b_120>,<c_76>,<a_150>,<a_150><b_137>
2653,3Pcs 6mm D Shaft 18 Position 360 Degree Rotary Encoder w Push Button,uxcell,other,<a_137>,<a_137><b_209>,<c_212>,<a_236>,<a_236><b_36>
2654,"Quad Alphanumeric Display - Red 0.54"" Digits w/ I2C Backpack",Adafruit,other,<a_5>,<a_5><b_201>,<c_225>,<a_73>,<a_73><b_208>
2655,"Stainless Steel Tumbling Media Pins - 0.047"" Diameter, 0.255"" Length (2.5 lb Pack)",guntap,gauge_meter,<a_156>,<a_156><b_95>,<c_4>,<a_17>,<a_17><b_144>
2656,TekPower TP3010E DC Adjustable Switching Power Supply 30V 10A Digital Display,Tekpower,other,<a_127>,<a_127><b_109>,<c_172>,<a_30>,<a_30><b_233>
2657,Lucksender 100 Feet/30 Meter 1/2inch / 12mm I.D Polyolefin 2:1 Heat Shrink Tubing,Lucksender,gauge_meter,<a_32>,<a_32><b_54>,<c_0>,<a_228>,<a_228><b_217>
2658,Dow Corning 4 Electrical Insulating Compound 5.3 Oz (150 g) Tube,Dow Corning,other,<a_222>,<a_222><b_232>,<c_186>,<a_244>,<a_244><b_150>
2659,"3D Solutech Apple Green 3D Printer PLA Filament 1.75MM Filament, Dimensional Accuracy +/- 0.03 mm, 2.2 LBS (1.0KG)",3D Solutech,3d_filament,<a_58>,<a_58><b_226>,<c_251>,<a_223>,<a_223><b_80>
2660,"3D Solutech Real Grey 3D Printer PLA Filament 1.75MM Filament, Dimensional Accuracy +/- 0.03 mm, 2.2 LBS (1.0KG)",3D Solutech,3d_filament,<a_58>,<a_58><b_78>,<c_61>,<a_223>,<a_223><b_80>
2661,"SB404 Solderable PC BreadBoard, 1 Sided PCB, matches BB400 breadboards with Power Rails, 3.75 x 1.85in (95.3 x 47.0mm)",BusBoard Prototype Systems,other,<a_82>,<a_82><b_165>,<c_211>,<a_73>,<a_73><b_130>
2662,uxcell 10 Pcs 5mm Male Thread 4mm Push In Joint Pneumatic Connector Quick Fittings,uxcell,connector_fitting,<a_46>,<a_46><b_166>,<c_226>,<a_108>,<a_108><b_61>
2663,uxcell 10pcs 20 Series Compatible Drop In Type M4 T Slot Nuts 10mmx6mmx4.5mm,uxcell,fastener,<a_228>,<a_228><b_180>,<c_234>,<a_224>,<a_224><b_142>
2664,"RioRand(TM) Upgraded 10 pcs 100Kohm NTC Thermistors thermistor,temperture sensor,Reprap,Prusa 3D printer",RioRand,3d_filament,<a_227>,<a_227><b_129>,<c_49>,<a_211>,<a_211><b_227>
2665,"Printrbot PLA Filament for 3D Printers, 1.75mm Diameter, Metallic Charcoal Gray, 1Kg Spool",Printrbot,3d_filament,<a_237>,<a_237><b_7>,<c_219>,<a_223>,<a_223><b_172>
2666,Uxcell a12080300ux0453 2.54mm Pitch 4 Pins DIP Mounting Photo Coupler PC817 (Pack of 10),uxcell,connector_fitting,<a_99>,<a_99><b_165>,<c_161>,<a_73>,<a_73><b_187>
2667,"Printrbot Assembled Metal Simple 3D Printer, Black, PLA Filament, 1.75mm Ubis Hot End, 6"" x 6"" x 6"" Build Volume",Printrbot,3d_filament,<a_200>,<a_200><b_225>,<c_165>,<a_197>,<a_197><b_66>
2668,"Gizmo Dorks Blue Painters Tape for 3D Printers 6.25"" x 100'",Gizmo Dorks,3d_filament,<a_59>,<a_59><b_19>,<c_224>,<a_202>,<a_202><b_176>
2669,"Signstek M4070 AutoRanging LCR Meter Up to 100H 100mF 20MR, 1% accuracy 5 digit display",Signstek,gauge_meter,<a_8>,<a_8><b_217>,<c_248>,<a_158>,<a_158><b_99>
2670,FLIR ONE Thermal Imager for iOS,FLIR,other,<a_152>,<a_152><b_88>,<c_234>,<a_107>,<a_107><b_68>
2671,"Gardner Bender GHG-1538 5PK 3/8"" Grommet, Black",Gardner Bender,other,<a_166>,<a_166><b_186>,<c_213>,<a_71>,<a_71><b_49>
2672,"JB Industries DVO-24 Bottle of Black Gold Vacuum Pump Oil, 1 gallon - GIDDS-2463009",JB Industries,other,<a_215>,<a_215><b_23>,<c_205>,<a_173>,<a_173><b_100>
2673,uxcell 20 Pcs 3 Terminals 5.0mm Pitch PCB Mount Screw Terminal Block AC 250V 8A,uxcell,connector_fitting,<a_159>,<a_159><b_209>,<c_56>,<a_73>,<a_73><b_239>
2674,"6"" x 36 yds - 1 Mil Kapton Tape for 3D Printer Platform (Polyimide Tape) By Tapes Master",Tapes Master,3d_filament,<a_229>,<a_229><b_144>,<c_1>,<a_79>,<a_79><b_40>
2675,ELEGOO 5 Sets 28BYJ-48 ULN2003 5V Stepper Motor + ULN2003 Driver Board for Arduino,ELEGOO,other,<a_220>,<a_220><b_70>,<c_175>,<a_158>,<a_158><b_6>
2676,Yosoo Mega328 Transistor Tester Diode Triode Capacitance ESR Meter MOS/PNP/NPN L/C/R,Yosoo,gauge_meter,<a_91>,<a_91><b_15>,<c_161>,<a_36>,<a_36><b_148>
2677,"eSUN 1.75mm Black ABS 3D Printer filament 1kg Spool (2.2lbs), Black",eSUN,3d_filament,<a_237>,<a_237><b_145>,<c_1>,<a_223>,<a_223><b_217>
2678,"eSUN 1.75mm White ABS 3D Printer filament 1kg Spool (2.2lbs), White",eSUN,3d_filament,<a_237>,<a_237><b_145>,<c_0>,<a_223>,<a_223><b_217>
2679,"eSUN 1.75mm Yellow ABS 3D Printer filament 1kg Spool (2.2lbs), Yellow",eSUN,3d_filament,<a_237>,<a_237><b_74>,<c_0>,<a_223>,<a_223><b_217>
2680,"Madison Supply, Premium Quality Stainless Steel EMT Shears, Medical Trauma Scissors, (2-Pack)",Madison Supply,other,<a_61>,<a_61><b_138>,<c_24>,<a_42>,<a_42><b_149>
2681,Nashua ALL-CLIMATE Extreme Duct Tape: 2 in. x 60 yds. (Black),Nashua,tape,<a_89>,<a_89><b_151>,<c_194>,<a_202>,<a_202><b_170>
2682,"Luxor 32""W x 18""D Mobile 3 Shelf Utility Storage Tub Cart - Gray",Luxor,other,<a_27>,<a_27><b_93>,<c_229>,<a_210>,<a_210><b_164>
2683,Shop Fox D3208 Fractional Dial Caliper,Shop Fox,gauge_meter,<a_241>,<a_241><b_60>,<c_14>,<a_104>,<a_104><b_191>
2684,Inkbird Dual Digital PID Temperature Controller 2 Relay Output 100-240V ITC-100VH+ K sensor,Inkbird,other,<a_131>,<a_131><b_140>,<c_148>,<a_107>,<a_107><b_125>
2685,"Capacitor - Variable, Single, 365 pF, CW Rotation",amplified_parts,other,<a_121>,<a_121><b_208>,<c_128>,<a_236>,<a_236><b_22>
2686,Parts Express Mini Digital Sound Level Meter,Parts Express,gauge_meter,<a_141>,<a_141><b_49>,<c_184>,<a_36>,<a_36><b_196>
2687,IPS AAB4 Weld-On 1.25 oz Applicator Bottle with Needle,C.R. Laurence,other,<a_38>,<a_38><b_234>,<c_163>,<a_150>,<a_150><b_65>
2688,"Forney 70487 Tube Brush, Nylon with Wire Loop Handle, 15-1/2-Inch-by-1-1/4-Inch",Forney,other,<a_17>,<a_17><b_99>,<c_155>,<a_193>,<a_193><b_76>
2689,"Loctite 22221 Purple 222MS Low Strength Thread Locker, 10 mL Bottle",Loctite,other,<a_34>,<a_34><b_125>,<c_85>,<a_165>,<a_165><b_151>
2690,"Dry-Packs 1gm Moisture Absorbing Silica Gel Indicating Packets, Pack Of 20",Dry-Packs,other,<a_238>,<a_238><b_27>,<c_75>,<a_150>,<a_150><b_61>
2691,Ardokit 100 Feet/30 Meter 3/16inch/4.5mm I.D Polyolefin 2:1 Heat Shrink Tubing Tube by Lucksender,Lucksender,gauge_meter,<a_32>,<a_32><b_54>,<c_56>,<a_228>,<a_228><b_217>
2692,"CO RODE LED Diode 3mm 5mm LED Light Kit Clear with Color White Red Blue Green Yellow, Resistors Included",CO RODE,other,<a_30>,<a_30><b_89>,<c_48>,<a_73>,<a_73><b_215>
2693,"Anderson Metals Brass Hose Fitting, Tee, 5/16"" x 5/16"" x 5/16"" Barb",Anderson Metals,connector_fitting,<a_242>,<a_242><b_41>,<c_131>,<a_108>,<a_108><b_244>
2694,"Loctite 40140 Clear 40140 401 Prism Surface Insensitive Instant Adhesive, 20 mL Bottle",Loctite,adhesive_epoxy,<a_124>,<a_124><b_167>,<c_57>,<a_165>,<a_165><b_224>
2695,"Printrbot Metal Simple 3D Printer Kit, Black, PLA Filament, 1.75mm Ubis Hot End, 6"" x 6"" x 6"" Build Volume",Printrbot,3d_filament,<a_200>,<a_200><b_225>,<c_8>,<a_197>,<a_197><b_66>
2696,HICTOP 3 Pcs 3D Printer Extruder 0.4mm Brass Nozzle + 3 Pcs Extruder 1.75mm Tube for Reprap Prusa I3,HICTOP,3d_filament,<a_120>,<a_120><b_122>,<c_63>,<a_91>,<a_91><b_105>
2697,"3D Solutech Real White 3D Printer PLA Filament 1.75MM Filament, Dimensional Accuracy +/- 0.03 mm, 2.2 LBS (1.0KG)",3D Solutech,3d_filament,<a_58>,<a_58><b_78>,<c_18>,<a_223>,<a_223><b_80>
2698,"BuildTak 3D Printing Build Surface, 8"" x 10"" Rectangle, Black (Pack of 3)",BuildTak,other,<a_126>,<a_126><b_65>,<c_32>,<a_223>,<a_223><b_184>
2699,"Shark Pet-Perfect Cordless Bagless Portable Hand Vacuum for Carpet and Hard Floor with Rechargeable 12V Battery (SV75Z), Gray",SharkNinja,other,<a_194>,<a_194><b_23>,<c_43>,<a_24>,<a_24><b_84>
2700,"Amprobe IR-712 Infrared Thermometer - 0F to 1022F, 12:1",Amprobe,gauge_meter,<a_31>,<a_31><b_131>,<c_172>,<a_107>,<a_107><b_185>
2701,"HATCHBOX 3D Printer Filament, Dimensional Accuracy +/- 0.03 mm, 1 kg Spool, 1.75 mm, Transparent Black",HATCHBOX,3d_filament,<a_58>,<a_58><b_65>,<c_144>,<a_223>,<a_223><b_198>
2702,"HATCHBOX PLA 3D Printer Filament, Dimensional Accuracy +/- 0.03 mm, 1 kg Spool, 1.75 mm, Blue",HATCHBOX,3d_filament,<a_58>,<a_58><b_172>,<c_244>,<a_223>,<a_223><b_198>
2703,"eSUN 3D 1.75mm PETG Black Filament 1kg (2.2lb), PETG 3D Printer Filament, 1.75mm Solid Opaque Black",eSUN,3d_filament,<a_237>,<a_237><b_57>,<c_96>,<a_223>,<a_223><b_126>
2704,"HATCHBOX PLA 3D Printer Filament, Dimensional Accuracy +/- 0.03 mm, 1 kg Spool, 1.75 mm, Transparent Orange",HATCHBOX,3d_filament,<a_58>,<a_58><b_172>,<c_113>,<a_223>,<a_223><b_198>
2705,Vermont American 20374  1/2-14 NPT High Carbon Steel Pipe Tap,Vermont American,other,<a_202>,<a_202><b_176>,<c_4>,<a_224>,<a_224><b_35>
2706,Uxcell a11090800ux0200 Key Lock on/off Switch Red Mushroom Push Button Station,uxcell,other,<a_117>,<a_117><b_220>,<c_234>,<a_236>,<a_236><b_71>
2707,"eSUN 1.75mm Orange PLA PRO (PLA+) 3D Printer Filament 1KG Spool (2.2lbs), Orange",eSUN,3d_filament,<a_237>,<a_237><b_226>,<c_237>,<a_223>,<a_223><b_144>
2708,"eSUN 1.75mm Peak Green PLA PRO (PLA+) 3D Printer Filament 1KG Spool (2.2lbs), Peak Green/Light Green, Pantone 359C",eSUN,3d_filament,<a_237>,<a_237><b_226>,<c_1>,<a_223>,<a_223><b_144>
2709,PASSION Glass Graduated Droppers Pipettes 5 ml pack of 3,juneTree,other,<a_43>,<a_43><b_83>,<c_174>,<a_94>,<a_94><b_183>
2710,Bessey BVHW45 Homeowners Bench Vise,Bessey,other,<a_148>,<a_148><b_57>,<c_4>,<a_193>,<a_193><b_124>
2711,"50 Feet Black Rubber Latex Tubing 3/8""OD 1/4""ID (804B)",Spearit,other,<a_151>,<a_151><b_36>,<c_142>,<a_228>,<a_228><b_167>
2712,uxcell 400V 10A 8 Postions Pre Insulated Terminal Barrier Strip Red 5 Pcs,uxcell,connector_fitting,<a_159>,<a_159><b_204>,<c_20>,<a_67>,<a_67><b_136>
2713,"Premium Life 5.5"" KELLY Hemostat FORCEPS (Straight)",Premium Life,other,<a_160>,<a_160><b_93>,<c_130>,<a_52>,<a_52><b_237>
2714,NinjaFlex TPU 3D Printing Filament - 1.75mm .50kg - SAPPHIRE,NinjaTek,3d_filament,<a_234>,<a_234><b_98>,<c_222>,<a_223>,<a_223><b_242>
2715,"HATCHBOX ABS 3D Printer Filament, Dimensional Accuracy +/- 0.03mm, 1 kg Spool, 1.75 mm, Transparent Black",HATCHBOX,3d_filament,<a_58>,<a_58><b_115>,<c_147>,<a_223>,<a_223><b_198>
2716,3D printer Filament 1.75 ABS Red 1kg 2.2lb 100% USA,Design Shop,3d_filament,<a_71>,<a_71><b_242>,<c_219>,<a_223>,<a_223><b_78>
2717,SainSmart PLA-151 PLA Filament (Red),SainSmart,3d_filament,<a_237>,<a_237><b_7>,<c_85>,<a_223>,<a_223><b_66>
2718,Inland 1.75mm Pink PLA 3D Printer Filament - 1kg Spool (2.2 lbs),Inland,3d_filament,<a_237>,<a_237><b_122>,<c_25>,<a_158>,<a_158><b_72>
2719,"MeltInk3D Silver PLA 3D Printer Filament &Oslash; 1.75mm, 1Kg (2.2 Lb), MADE in U.S.A, Dimensional Accuracy: &plusmn; 0.05mm",MeltInk3D,3d_filament,<a_237>,<a_237><b_56>,<c_197>,<a_158>,<a_158><b_206>
2720,Smartbuy 1.75mm Christmas Red ABS 3D Printer Filament - 1kg Spool/Roll (2.2 lbs) - Dimensional Accuracy +/- 0.05mm,Smartbuy,3d_filament,<a_71>,<a_71><b_157>,<c_185>,<a_223>,<a_223><b_96>
2721,"3D Solutech Navy Blue 3D Printer PLA Filament 1.75MM Filament, Dimensional Accuracy +/- 0.03 mm, 2.2 LBS (1.0KG)",3D Solutech,3d_filament,<a_188>,<a_188><b_229>,<c_32>,<a_223>,<a_223><b_246>
2722,Mercurry 5PCS M6 3D Printer 0.2mm 0.3mm 0.4mm 0.5mm 0.8mm Extruder Brass Nozzle Print Head for E3D Makerbot,Mercurry 3D accessaries,3d_filament,<a_255>,<a_255><b_89>,<c_234>,<a_158>,<a_158><b_119>
2723,"HATCHBOX ABS 3D Printer Filament, Dimensional Accuracy +/- 0.03 mm, 1 kg Spool, 1.75 mm, Blue",HATCHBOX,3d_filament,<a_58>,<a_58><b_115>,<c_158>,<a_223>,<a_223><b_198>
2724,3D Solutech Natural Clear 1.75mm PETG 3D Printer Filament 2.2 LBS (1.0KG),3D Solutech,3d_filament,<a_58>,<a_58><b_57>,<c_238>,<a_223>,<a_223><b_187>
2725,Syrtenty TENS Unit Electrodes Pads 2x2 Replacement Pads Electrode Patches for Electrotherapy,Syrtenty,other,<a_243>,<a_243><b_220>,<c_104>,<a_44>,<a_44><b_204>
2726,ANYCUBIC 3D Printer Heating Controller MKS MOSFET for Heatbed Extruder MOS Module,ANYCUBIC,3d_filament,<a_9>,<a_9><b_187>,<c_61>,<a_91>,<a_91><b_242>
2727,Micro Swiss All Metal Hotend with SLOTTED Cooling Block for Wanhao i3,Micro-Swiss,other,<a_120>,<a_120><b_57>,<c_21>,<a_91>,<a_91><b_195>
2728,BIQU Upgrade Wear Resistant MK10 Nozzles M7 0.4mm Threaded Stainless Steel Nozzle Extrusion Head (Pack of 5pcs),BIQU,other,<a_120>,<a_120><b_174>,<c_218>,<a_91>,<a_91><b_249>
2729,URBEST Heat Gun kit Fast Heating 1500W Hot Air Blower with 150Pcs 8 Various Heat Shrink Tubing,URBEST,other,<a_95>,<a_95><b_186>,<c_245>,<a_79>,<a_79><b_208>
2730,PTFE Teflon Bowden Tube for 1.75 Filament (2.0mm ID/4.0mm OD) &ndash; White Connector Tubing for 3D Printer - 2.0 Meters,AMX3d,3d_filament,<a_234>,<a_234><b_225>,<c_103>,<a_223>,<a_223><b_147>
2731,"BuildTak 3D Printing Build Surface, 8"" x 8"" Square, Black (Pack of 3)",BuildTak,other,<a_195>,<a_195><b_70>,<c_53>,<a_197>,<a_197><b_78>
2732,PTFE Teflon Bowden Tube for 1.75 Filament (2.0mm ID/4.0mm OD) &ndash; WhiteConnector Tubing for 3D Printer - 1.5 Meters,AMX3d,3d_filament,<a_234>,<a_234><b_225>,<c_190>,<a_223>,<a_223><b_147>
2733,Hilitchi 210pcs M3 Stainless Steel Hex Socket Head Cap Screws Nuts Assortment Kit with Box (M3),Hilitchi,fastener,<a_64>,<a_64><b_153>,<c_17>,<a_224>,<a_224><b_153>
2734,Inland 1.75mm White PLA 3D Printer Filament - 1kg Spool (2.2 lbs),Inland,3d_filament,<a_237>,<a_237><b_122>,<c_136>,<a_158>,<a_158><b_72>
2735,Signswise 5pcs Reprap 24V 40W Ceramic Cartridge Heater for 3D Printer Prusa Mendel,Signswise,3d_filament,<a_234>,<a_234><b_56>,<c_236>,<a_91>,<a_91><b_242>
2736,Signswise 2 Pack 5mm 40T Extruder Driver Feeder Gear Bore for Makerbot Mk7 Mk8 3D Printer,Signswise,3d_filament,<a_184>,<a_184><b_50>,<c_100>,<a_159>,<a_159><b_19>
2737,"HATCHBOX PETG 3D Printer Filament, Dimensional Accuracy +/- 0.05 mm, 1 kg Spool, 1.75 mm, White",HATCHBOX,3d_filament,<a_58>,<a_58><b_251>,<c_180>,<a_223>,<a_223><b_72>
2738,"XTC-3D High Performance 3D Print Coating, 6.4 Oz",Smooth-On,other,<a_234>,<a_234><b_88>,<c_231>,<a_223>,<a_223><b_201>
2739,1.75mm Black PLA 3D Printer Filament - 1kg Spool (2.2 lbs) - Dimensional Accuracy +/- 0.03mm,AMZ3D,3d_filament,<a_237>,<a_237><b_56>,<c_2>,<a_158>,<a_158><b_206>
2740,1.75mm White PLA 3D Printer Filament - 1kg Spool (2.2 lbs) - Dimensional Accuracy +/- 0.03mm,AMZ3D,3d_filament,<a_237>,<a_237><b_56>,<c_125>,<a_158>,<a_158><b_206>
2741,1.75mm Yellow PLA 3D Printer Filament - 1kg Spool (2.2 lbs) - Dimensional Accuracy +/- 0.03mm,AMZ3D,3d_filament,<a_237>,<a_237><b_56>,<c_0>,<a_158>,<a_158><b_206>
2742,1.75mm Dark Blue PLA 3D Printer Filament - 1kg Spool (2.2 lbs) - Dimensional Accuracy +/- 0.03mm,AMZ3D,3d_filament,<a_237>,<a_237><b_56>,<c_6>,<a_158>,<a_158><b_206>
2743,OctagonStar Flexible Couplings 5mm to 8mm NEMA 17 Shaft for RepRap 3D Printer or CNC Machine2PCS,OctagonStar,3d_filament,<a_137>,<a_137><b_230>,<c_162>,<a_159>,<a_159><b_179>
2744,BIQU Heat Bed Power Module Expansion Hot Bed MOS Tube for 3D Printer,BIQU,3d_filament,<a_255>,<a_255><b_225>,<c_254>,<a_158>,<a_158><b_232>
2745,HM Digital 1000ppm TDS Calibration Solution,HM Digital,other,<a_69>,<a_69><b_15>,<c_5>,<a_107>,<a_107><b_135>
2746,"Briggs Precision Kelly Forceps Locking Tweezers Clamp, Silver, Curved, 5-1/2 Inch&nbsp;",Briggs,other,<a_72>,<a_72><b_214>,<c_196>,<a_42>,<a_42><b_41>
2747,"HATCHBOX PETG 3D Printer Filament, Dimensional Accuracy +/- 0.03 mm, 1 kg Spool, 1.75 mm, Sliver",HATCHBOX,3d_filament,<a_58>,<a_58><b_251>,<c_249>,<a_223>,<a_223><b_72>
2748,"HATCHBOX PETG 3D Printer Filament, Dimensional Accuracy +/- 0.03 mm, 1 kg Spool, 1.75 mm, Green",HATCHBOX,3d_filament,<a_58>,<a_58><b_251>,<c_165>,<a_223>,<a_223><b_72>
2749,"XYZprinting Da Vinci 1.0 3D Printer, Grey",XYZprinting,3d_filament,<a_200>,<a_200><b_117>,<c_191>,<a_158>,<a_158><b_66>
2750,LulzBot Mini Desktop 3D Printer,LulzBot,3d_filament,<a_200>,<a_200><b_243>,<c_184>,<a_223>,<a_223><b_30>
2751,"LulzBot TAZ 5, LulzBot Mini, Hexagon Hotend Style Plated Nozzle .5mm",Micro-Swiss,other,<a_120>,<a_120><b_7>,<c_149>,<a_91>,<a_91><b_120>
2752,"Gizmo Dorks 3mm (2.85mm) ABS Filament 1kg / 2.2lb for 3D Printers, Gray",Gizmo Dorks,3d_filament,<a_126>,<a_126><b_74>,<c_190>,<a_223>,<a_223><b_159>
2753,"Vergo S300BT Model Industrial Folding Hand Truck Dolly, 275 lb Capacity, Silver",Vergo,other,<a_52>,<a_52><b_79>,<c_91>,<a_87>,<a_87><b_177>
2754,"Hakko CHP 3-SA Stainless Steel Non-Magnetic Precision Tweezers with Very Fine Point Tips for Microelectronics Applications, 4-3/4"" Length",Hakko,other,<a_72>,<a_72><b_89>,<c_138>,<a_42>,<a_42><b_110>
2755,"SE SPAF-5.5 5-1/2"" Stainless Steel Alligator Forceps",SE,other,<a_105>,<a_105><b_186>,<c_46>,<a_42>,<a_42><b_154>
2756,"Tower Manufacturing 30438024 Auto-Reset 15 AMP Inline GFCI Triple Tap Cord, 2 Feet, Yellow",Tower,other,<a_205>,<a_205><b_186>,<c_78>,<a_23>,<a_23><b_177>
2757,Self Drilling Drywall Plastic Anchors with Screws Kit,Toofix,fastener,<a_188>,<a_188><b_193>,<c_232>,<a_17>,<a_17><b_171>
2758,Smartbuy 1.75mm Orange PLA 3D Printer Filament - 1kg Spool/Roll (2.2 lbs) - Dimensional Accuracy +/- 0.05mm,Smartbuy,3d_filament,<a_71>,<a_71><b_157>,<c_16>,<a_223>,<a_223><b_96>
2759,"Industrial & Scientific"" />",ADC,metadata_placeholder,<a_191>,<a_191><b_23>,<c_29>,<a_15>,<a_15><b_214>
2760,"Aven 18434 Straight Serrated Tip Forceps, Stainless Steel, 8"" Length, 25mm Tip Length, 3mm Tip Width",Aven,other,<a_105>,<a_105><b_254>,<c_198>,<a_42>,<a_42><b_75>
2761,"Two Little Fishies ATLCF2 Coraffix Cyanoacrylate Adhesive, 2-Ounce",Two Little Fishies,adhesive_epoxy,<a_124>,<a_124><b_223>,<c_41>,<a_233>,<a_233><b_99>
2762,"Kerick Valve M252 PVC Mini Float Valve, Tank Mount, Fixed Arm, 1.5 gpm at 60 psi, 1/4"" Tube",Kerick Valve,other,<a_51>,<a_51><b_39>,<c_43>,<a_108>,<a_108><b_93>
2763,Stainlesstown Nut Bolt Thread Gauge (Green),Stainless Town,gauge_meter,<a_24>,<a_24><b_76>,<c_33>,<a_224>,<a_224><b_22>
2764,"Starbond EM-2000 Thick, PREMIUM CA - Super Glue with Extra Microtips, 1 oz. (For Woodturning, Hobby, Archery Fletching)",STARBOND,adhesive_epoxy,<a_158>,<a_158><b_236>,<c_154>,<a_99>,<a_99><b_230>
2765,Atlas Scientific pH Calibration Solution 4.00 & 7.00 8oz - 250ml (Pack of 2),Atlas Scientific,other,<a_226>,<a_226><b_240>,<c_1>,<a_17>,<a_17><b_145>
2766,"Rubbermaid Commercial FG370712907 3.25-Cubic Foot Roughneck Lawn Cart Pallet, Platinum",Rubbermaid Commercial Products,other,<a_214>,<a_214><b_41>,<c_236>,<a_210>,<a_210><b_85>
2767,SainSmart L293D Motor Drive Shield For Arduino Duemilanove Mega UNO R3 AVR ATMEL,SainSmart,other,<a_143>,<a_143><b_217>,<c_77>,<a_30>,<a_30><b_108>
2768,"Printrbot Printrbot Play 1505 - White Assembled 3D Printer, White",Printrbot,3d_filament,<a_140>,<a_140><b_177>,<c_249>,<a_91>,<a_91><b_31>
2769,"Glass Graduated Cylinder 3 Piece Kit 10ml, 50ml & 100ml - With Bonus 25 pc Pipette Set",Bio Scientific,other,<a_251>,<a_251><b_184>,<c_141>,<a_94>,<a_94><b_75>
2770,"Plastic pH Test Strips, Universal Application (pH 1-14), 100 strips",DF Universal Test Paper,test_strip,<a_226>,<a_226><b_240>,<c_45>,<a_17>,<a_17><b_15>
2771,HATCHBOX 2 Spool 3D Printer Filament Tabletop Wall Mount Rack,HATCHBOX,3d_filament,<a_234>,<a_234><b_35>,<c_255>,<a_223>,<a_223><b_29>
2772,Model A MagHold Magnetic Build System for Pre 2016 FF Creator / Qidi / Makerbot Replicator / CTC CN22,Maghold,other,<a_140>,<a_140><b_190>,<c_77>,<a_91>,<a_91><b_59>
2773,SEOH TEST TUBE RACK POLYETHYLENE for 6 tubes,SEOH,other,<a_245>,<a_245><b_95>,<c_92>,<a_94>,<a_94><b_125>
2774,"HM Digital PH-80 pH HydroTester, 0-14 pH Range, 1 pH Resolution, 2% Readout Accuracy",HM Digital,other,<a_25>,<a_25><b_153>,<c_123>,<a_107>,<a_107><b_111>
2775,"Milwaukee Instruments MA9015 Storage Solution for pH/ORP Electrode, 230 mL Volume",Milwaukee,other,<a_25>,<a_25><b_207>,<c_108>,<a_229>,<a_229><b_30>
2776,"Hanna Instruments HI7007L 7.01 pH Calibration Buffer Solution, 500mL Bottle",Hanna Instruments,other,<a_155>,<a_155><b_99>,<c_142>,<a_94>,<a_94><b_186>
2777,"KYDEX&reg; V - Black 12"" x 12"" x 0.125"" pack of 1 sheet",Kydex T,other,<a_37>,<a_37><b_78>,<c_153>,<a_79>,<a_79><b_152>
2778,Plastic Spring Tip Bottle Filler,Midwest Homebrewing and Winemaking Supplies,other,<a_63>,<a_63><b_229>,<c_82>,<a_150>,<a_150><b_150>
2779,"VXB UCP204-12 Pillow Block Mounted Bearing, 2 Bolt, 3/4"" Inside Diameter, Set screw Lock, Cast Iron, Inch",VXB,gauge_meter,<a_180>,<a_180><b_95>,<c_72>,<a_251>,<a_251><b_33>
2780,"Uxcell a11111600ux0214 10W 10 Ohm 5% Winding Ceramic Cement Power Resistor, x 5",uxcell,other,<a_227>,<a_227><b_246>,<c_49>,<a_73>,<a_73><b_39>
2781,WYPH 30 Values 10 ohm - 1M ohm 1/4W Metal Film Resistors Assortment Kit Assorted Set Pack of 600pcs,WYPH,other,<a_8>,<a_8><b_106>,<c_228>,<a_17>,<a_17><b_255>
2782,AideTek BOX-ALL Enclosures SMD SMT Resistor Capacitor Organizer,AideTek,other,<a_178>,<a_178><b_48>,<c_188>,<a_73>,<a_73><b_240>
2783,CO-RODE Tact Button Switch 6x6x5mm Pack of 100,CO RODE,other,<a_117>,<a_117><b_20>,<c_143>,<a_236>,<a_236><b_83>
2784,"ADC 321 MiniMedicut Nurse Shears, Stainless Steel with Safety Tip, 5.5"" Length, Teal",ADC,other,<a_61>,<a_61><b_47>,<c_129>,<a_42>,<a_42><b_214>
2785,"Pac-Kit by First Aid Only 13-125 First Aid/Burn Cream, 0.9 gm Packet (Box of 25)",First Aid Only,other,<a_106>,<a_106><b_159>,<c_130>,<a_44>,<a_44><b_227>
2786,"Uxcell a12050700ux0187 16-14 AWG Female Spade Insulated Flag Terminal Connector, 1/4"", 7 Piece",uxcell,connector_fitting,<a_159>,<a_159><b_190>,<c_203>,<a_67>,<a_67><b_65>
2787,Teenitor 3ML Plastic Transfer Pipettes Eye Dropper Pack of 150 - Essential Oils Pipettes Dropper Makeup Tool,Teenitor,other,<a_226>,<a_226><b_243>,<c_56>,<a_17>,<a_17><b_216>
2788,"Aven 18400 Curved Serrated Tweezers with Lock, Stainless Steel, 6"" Length, 1-5/8"" Tip Length",Aven,other,<a_61>,<a_61><b_136>,<c_176>,<a_42>,<a_42><b_97>
2789,"TrippNT 51912 Dual Dispensing Paper Towel Holder, 150 Multi-Fold Paper Towel Capacity and Peelable Protective Film",TrippNT,other,<a_53>,<a_53><b_46>,<c_178>,<a_210>,<a_210><b_93>
2790,TEST TUBE RACK PLASTIC For 24 tubes 25mm,Scientific Equipment of Houston,other,<a_245>,<a_245><b_34>,<c_36>,<a_94>,<a_94><b_125>
2791,BlueFire 7mm 5M Android OTG Endoscope Tube for Phones with OTG and UVC Function,BlueFire,other,<a_236>,<a_236><b_85>,<c_24>,<a_180>,<a_180><b_185>
2792,Mini Canister 40 Gram Silica Gel,Silica Gel,other,<a_238>,<a_238><b_254>,<c_235>,<a_150>,<a_150><b_9>
2793,"First Aid Only Splinter Out, 10 Per Box",First Aid Only,other,<a_106>,<a_106><b_171>,<c_9>,<a_44>,<a_44><b_124>
2794,TapeCase Home Tape Kit,TapeCase,tape,<a_20>,<a_20><b_183>,<c_129>,<a_206>,<a_206><b_138>
2795,ADC 351P Adlite Disposable Penlight w/Pupil Gauge,ADC,gauge_meter,<a_208>,<a_208><b_148>,<c_125>,<a_180>,<a_180><b_253>
2796,"Crawford PBS9 Screwdriver Holder, Blue",Crawford,fastener,<a_184>,<a_184><b_5>,<c_230>,<a_159>,<a_159><b_222>
2797,"WD-40&nbsp;Multi-Use Product Non-Aerosol Trigger Pro, 20 OZ [12 Pack]",WD-40,ventilation_fan,<a_34>,<a_34><b_255>,<c_7>,<a_173>,<a_173><b_94>
2798,"Dry-Packs 3gm Cotton Silica Gel Packet, Pack of 50",Absorbent Industries,other,<a_238>,<a_238><b_21>,<c_90>,<a_150>,<a_150><b_61>
2799,"Hillman 140009 Zinc Hex Machine Screw Nut, 4-40, 100-Pack",Hillman,fastener,<a_6>,<a_6><b_14>,<c_4>,<a_224>,<a_224><b_77>
2800,"TACFUN 1/2"" x28 Thread Steel Crush Washer (pack of 10) for .223",TACFUN,other,<a_188>,<a_188><b_216>,<c_237>,<a_158>,<a_158><b_105>
2801,"Dixon BA74 Brass Fitting, Adapter, 3/4"" GHT Male x 1/2"" NPTF Male",Dixon Valve & Coupling,connector_fitting,<a_242>,<a_242><b_180>,<c_129>,<a_108>,<a_108><b_228>
2802,"Panasonic EW-DL91-W Electric Toothbrush with 2 Modes and 3 Brush Heads, Rechargeable",Panasonic,other,<a_122>,<a_122><b_157>,<c_165>,<a_24>,<a_24><b_145>
2803,Joe Knows Electronics 1W 86 Value 860 Piece Resistor Kit,Joe Knows Electronics,other,<a_101>,<a_101><b_20>,<c_1>,<a_73>,<a_73><b_174>
2804,"Premium Vials B123-12B Boston Round Glass Bottle with Dropper, 1/2 oz Capaciy, Blue (Pack of 12)",Premium Vials,other,<a_112>,<a_112><b_237>,<c_152>,<a_150>,<a_150><b_189>
2805,"microtivity IL612 5mm Diffused RGB Controllable LED, Common Anode (Pack of 12)",microtivity,other,<a_30>,<a_30><b_60>,<c_145>,<a_73>,<a_73><b_141>
2806,"Mentadent Fluoride Toothpaste Advanced Breath Freshening, 2 Refills Each 5.25 Oz - 10.5 Oz Total",Mentadent,other,<a_15>,<a_15><b_152>,<c_173>,<a_66>,<a_66><b_56>
2807,VIVOSUN 6 Inch 440 CFM Inline Duct Ventilation Fan with Variable Speed Controller,VIVOSUN,ventilation_fan,<a_167>,<a_167><b_165>,<c_71>,<a_158>,<a_158><b_91>
2808,"Aviditi PB3628 Poly Reclosable Bag, 5"" Length x 7"" Width, 2 mil Thick, Clear (Case of 1000)",Aviditi,other,<a_238>,<a_238><b_20>,<c_249>,<a_210>,<a_210><b_131>
2809,"ES Robbins 184013 Ribbed Carpet Vinyl Runner, 27"" x 10', Clear",ES Robbins,other,<a_235>,<a_235><b_67>,<c_210>,<a_122>,<a_122><b_6>
2810,TEMO 5 Micron 5gram Diamond Polish Lapping Paste Compound Syringe Fine Polish,TEMO,other,<a_90>,<a_90><b_184>,<c_39>,<a_52>,<a_52><b_211>
2811,"500 Piece Assorted Loose Bicycle Bearing Balls 1/8"", 5/32"", 3/16"" 7/32"" & 1/4",BC Precision,other,<a_138>,<a_138><b_18>,<c_96>,<a_71>,<a_71><b_104>
2812,Wilton 11743 3-Inch Low Profile Drill Press Vise,Wilton,other,<a_68>,<a_68><b_15>,<c_4>,<a_193>,<a_193><b_53>
2813,"Plymor 5"" x 8"", 4 Mil (Pack of 100) Heavy Duty Plastic Reclosable Zipper Bags",Plymor,other,<a_238>,<a_238><b_58>,<c_2>,<a_210>,<a_210><b_219>
2814,Frankford Arsenal Platinum Series Precision Scale with LCD Display and Case for Reloading,Frankford Arsenal,other,<a_98>,<a_98><b_204>,<c_25>,<a_229>,<a_229><b_182>
2815,38mm Poly Seal Screw Caps (fits most 1/2 & 1 gallon jugs) [Bag of 12],Home Brew Stuff,fastener,<a_245>,<a_245><b_139>,<c_101>,<a_150>,<a_150><b_51>
2816,"1.0ml Graduated Transfer Pipettes, 5.0ml Capacity, 0.25ml Grad. Interval, Karter Scientific 206I2 (Pack of 500)",Karter Scientific,other,<a_43>,<a_43><b_88>,<c_100>,<a_94>,<a_94><b_69>
2817,"PHARMEX 1-78G Permanent Paper Label,""FOR RECTAL USE"", 1 9/16"" x 3/8"", Blue (500 per Roll, 2 Rolls per Box)",PHARMEX,other,<a_239>,<a_239><b_68>,<c_15>,<a_44>,<a_44><b_157>
2818,"Stainless Steel Blunt Needle with 14 Gauge 90 Degree White Luer Polypropylene Hub, 1/2"" Length (Pack of 25)",Small Parts,gauge_meter,<a_164>,<a_164><b_107>,<c_27>,<a_42>,<a_42><b_24>
2819,"Uxcell a12031300ux0388 6 Position Screw Terminal Covered Barrier Strip, 5 Piece, 600V, 25 Amp",uxcell,connector_fitting,<a_187>,<a_187><b_227>,<c_226>,<a_73>,<a_73><b_87>
2820,American Educational Clear Borosilicate Glass 1000mL Bomex Filtering Flask,American Educational Products,other,<a_86>,<a_86><b_94>,<c_67>,<a_94>,<a_94><b_242>
2821,Drillpro 5Pcs 12MM Head Tungsten Carbide Rotary Point Burrs Die Grinder 6mm Shank Cutter,DRILLPRO,other,<a_78>,<a_78><b_49>,<c_252>,<a_193>,<a_193><b_113>
2822,RiteBrew 812325 Briess - Dry Malt Extract - Golden Light - 3 lbs.,RiteBrew,other,<a_177>,<a_177><b_197>,<c_98>,<a_150>,<a_150><b_107>
2823,Gypsum- 1 lb.,LD Carlson,other,<a_135>,<a_135><b_171>,<c_218>,<a_150>,<a_150><b_13>
2824,"Oreck Commercial Upright Vacuum with 40ft Power Cord, U2000R1",Oreck Commercial,other,<a_23>,<a_23><b_63>,<c_4>,<a_24>,<a_24><b_58>
2825,"Milton S-761 1/4"" FNPT V Style High Flow Plug - Pack of 2",Milton Industries,other,<a_123>,<a_123><b_60>,<c_107>,<a_108>,<a_108><b_164>
2826,"Dynarex D1415 Povidone Iodine Prep Solution USP, 16 Fluid Ounce",Dynarex,other,<a_106>,<a_106><b_108>,<c_110>,<a_44>,<a_44><b_52>
2827,Pac-Kit by First Aid Only 21-770 Disposable Thermometer (Box of 10),First Aid Only,gauge_meter,<a_106>,<a_106><b_83>,<c_85>,<a_44>,<a_44><b_200>
2828,RADTriage FIT,SafeCastle,other,<a_104>,<a_104><b_225>,<c_130>,<a_153>,<a_153><b_81>
2829,"CO RODE 300 Pieces LED Diode, 5mm LED, 3mm LED Kit with Color White Red Blue Green Yellow (5 Colors)",CO RODE,other,<a_220>,<a_220><b_12>,<c_239>,<a_158>,<a_158><b_145>
2830,"Stainless Steel 316/316L Pipe Fitting, Nipple, Schedule 40, Seamless, 1"" X 5-1/2"" NPT Male by Merit Brass",Merit Brass,connector_fitting,<a_206>,<a_206><b_89>,<c_31>,<a_108>,<a_108><b_42>
2831,"Stainless Steel 316 Pipe Fitting, Hex Countersunk Plug, Class 1000, 1/4"" NPT Male",Merit Brass,connector_fitting,<a_206>,<a_206><b_162>,<c_211>,<a_108>,<a_108><b_146>
2832,"50ml Graduated Cylinder, Borosilicate 3.3 Glass, Single Metric Scale, Karter Scientific 213I11 (Single)",Karter Scientific,other,<a_251>,<a_251><b_213>,<c_194>,<a_94>,<a_94><b_235>
2833,"Redmond Earthpaste Natural Non-Fluoride Toothpaste, 4 Pack (Lemon, Wintergreen, Cinnamon, Peppermint)",REDMOND,other,<a_12>,<a_12><b_63>,<c_48>,<a_206>,<a_206><b_184>
2834,E Support 50Pack Yellow Heat Shrink Butt Wire Electrical Crimp Terminal Connector 10-12 AWG Gauge,E Support,connector_fitting,<a_253>,<a_253><b_129>,<c_152>,<a_67>,<a_67><b_126>
2835,Ginsco 108pcs Insulated Heat Shrink Waterproof Butt Connectors Wire electrical 14-16 AWG Kit Blue,Ginsco,connector_fitting,<a_253>,<a_253><b_59>,<c_2>,<a_67>,<a_67><b_126>
2836,Teamstrap Moving and Lifting Straps,Teamstrap,other,<a_244>,<a_244><b_161>,<c_49>,<a_87>,<a_87><b_49>
2837,"Etekcity 2 Pack Digital Hanging Luggage Scale, Rubber Paint, Temperature Sensor, 110 Pounds, Silver",Etekcity,other,<a_220>,<a_220><b_40>,<c_85>,<a_158>,<a_158><b_220>
2838,Private Property No Trespassing Sign 9 x 12 Inch - 4 Pack,JMK,other,<a_21>,<a_21><b_102>,<c_36>,<a_68>,<a_68><b_194>
2839,"No Trespassing - Private Property"" Sign By SmartSign | 6"" x 12"" Aluminum",SmartSign,other,<a_21>,<a_21><b_102>,<c_164>,<a_68>,<a_68><b_194>
2840,"No Trespassing - This Property is Protected by Video Surveillance"" Label by SmartSign | 10"" x 7"" Laminated Vinyl",SmartSign,other,<a_21>,<a_21><b_120>,<c_16>,<a_68>,<a_68><b_194>
2841,100pcs Insulated Heat Shrink Waterproof Butt Connectors Wire electrical 22-10GA,SOLOOP,connector_fitting,<a_65>,<a_65><b_115>,<c_131>,<a_17>,<a_17><b_96>
2842,IRWIN 1904P 3/8-18 NPT High Carbon Steel Pipe Tap,Vermont American,other,<a_202>,<a_202><b_138>,<c_83>,<a_224>,<a_224><b_61>
2843,American Labs 2000ml / 2L Narrow Mouth Erlenmeyer Flask with Heavy Duty Rim,American Labs,3d_filament,<a_86>,<a_86><b_204>,<c_2>,<a_94>,<a_94><b_225>
2844,"New Matter MOD-t Desktop 3D Printer | Built-In WiFi, Easy to Use, Safe and Quiet",New Matter,3d_filament,<a_200>,<a_200><b_73>,<c_95>,<a_197>,<a_197><b_66>
2845,Telescoping LED Lighted Flexible Inspection Mirror 360 Swivel for Extra Viewing,OKA,other,<a_129>,<a_129><b_173>,<c_75>,<a_180>,<a_180><b_238>
2846,"Anderson Metals 38101 Red Brass Pipe Fitting, Tee, 3/4"" x 3/4"" x 3/4"" Female Pipe",Anderson Metals,connector_fitting,<a_13>,<a_13><b_244>,<c_51>,<a_108>,<a_108><b_1>
2847,"uxcell 10Pcs Common Cathode 10 Pin 1 Bit 0.5"" Red LED Display Digital Tube",uxcell,other,<a_30>,<a_30><b_75>,<c_1>,<a_73>,<a_73><b_208>
2848,Addicore 74HC595 8-bit Shift Register w/ 3-State Output Registers (5pcs),Addicore,other,<a_5>,<a_5><b_209>,<c_89>,<a_30>,<a_30><b_140>
2849,"BYKES 100 Neodymium Strong Powerful Rare Earth Magnets 1/8"" x 1/16"" Disc N48",BYKES Technologies,other,<a_92>,<a_92><b_131>,<c_0>,<a_251>,<a_251><b_211>
2850,Pixnor Measuring Cylinder Graduated Cylinder Lab Test Tube Set of 4,PIXNOR,other,<a_251>,<a_251><b_181>,<c_247>,<a_94>,<a_94><b_200>
2851,"Powerblanket PBL20 Gas Cylinder Heater (Propane), 20 lb, Charcoal Gray",Powerblanket,other,<a_95>,<a_95><b_151>,<c_225>,<a_52>,<a_52><b_129>
2852,Yeast Energizer - 1 oz.,LD Carlson,other,<a_177>,<a_177><b_218>,<c_91>,<a_150>,<a_150><b_94>
2853,Wine Tannin - 1 oz.,Midwest Homebrewing and Winemaking Supplies,other,<a_177>,<a_177><b_81>,<c_174>,<a_150>,<a_150><b_48>
2854,"Home Brew Ohio  Acid Blend, 2 oz.",Home Brew Ohio,other,<a_177>,<a_177><b_25>,<c_136>,<a_150>,<a_150><b_48>
2855,RANCO ETC-111000 Digital Cold Temperature Control NEW,Ranco,other,<a_131>,<a_131><b_198>,<c_211>,<a_109>,<a_109><b_215>
2856,"2 Pack Kydex Plastic Sheet Black 12"" X 12"" X 1/16"" (0.060"")",SIBE AUTOMATION,other,<a_150>,<a_150><b_3>,<c_168>,<a_68>,<a_68><b_151>
2857,"Lutron 822-A Fully Digital EMF Meter (Wide Range, High Resolution)",Lutron,gauge_meter,<a_31>,<a_31><b_68>,<c_209>,<a_36>,<a_36><b_101>
2858,Hoover Tank Handle for Dual V,Hoover,other,<a_154>,<a_154><b_142>,<c_185>,<a_24>,<a_24><b_179>
2859,"WHITE RODGERS 586-902 CONTACTOR, SPST-NO, 12VDC, 200A, BRACKET",White-Rodgers,other,<a_217>,<a_217><b_185>,<c_96>,<a_236>,<a_236><b_197>
2860,"Fenix Remote Switch (TK12, TA20, TA21)",Fenix Flashlights,other,<a_196>,<a_196><b_121>,<c_209>,<a_236>,<a_236><b_158>
2861,"Stainless Steel 304 Cast Pipe Fitting, Hex Bushing, Class 150, 1"" NPT Male X 1/2"" NPT Female",Merit Brass,connector_fitting,<a_206>,<a_206><b_172>,<c_5>,<a_108>,<a_108><b_146>
2862,"Apera Instruments AI311 PH60 Premium Waterproof pH Pocket Tester, Replaceable Probe, &plusmn;0.01 pH Accuracy, -2.00-16.00 pH Range","Apera Instruments, LLC",other,<a_25>,<a_25><b_176>,<c_11>,<a_107>,<a_107><b_231>
2863,"DiversiTech 6-9718 Foam Insulation Tape, 1/8"" x 2"" x 30' Roll, Black",Diversitech,tape,<a_83>,<a_83><b_116>,<c_111>,<a_202>,<a_202><b_11>
2864,"Etekcity pH-009 Digital Pocket-Sized Pen Type pH Meter, Mini Water Quality Tester, pH 0.0 - 14.0 Measuring Range, 0.1pH Resolution",Etekcity,gauge_meter,<a_25>,<a_25><b_235>,<c_25>,<a_153>,<a_153><b_186>
2865,Accugage Rubber Gauge Cover,Accu-Gage,gauge_meter,<a_164>,<a_164><b_168>,<c_200>,<a_15>,<a_15><b_215>
2866,Innovating Science Gram's Stain Kit,Innovating Science,other,<a_49>,<a_49><b_104>,<c_214>,<a_229>,<a_229><b_71>
2867,"Bare Copper Wire, Bright, 16 AWG, 0.05"" Diameter, 125' Length (Pack of 1)",Small Parts,gauge_meter,<a_254>,<a_254><b_22>,<c_122>,<a_228>,<a_228><b_85>
2868,"6061 Aluminum Rectangular Bar, Unpolished (Mill) Finish, Extruded, T6511 Temper, ASTM B211/ASTM B221, 1-1/2"" Thickness, 1-1/2"" Width, 12"" Length",Small Parts,other,<a_185>,<a_185><b_128>,<c_213>,<a_251>,<a_251><b_81>
2869,"13cm Dia. (5.1"") Filter Funnel, Buchner Style - 2 Parts, Polypropylene, Designed for 11-12.5cm Filter Paper",EISCO,other,<a_63>,<a_63><b_191>,<c_105>,<a_94>,<a_94><b_93>
2870,"Hanson 1903ZR Tap 1/4""-18Npt Taper, for Tap Die Extraction",Lenox Tools,tape,<a_202>,<a_202><b_76>,<c_172>,<a_224>,<a_224><b_3>
2871,"3M 468MP Adhesive Transfer Tape, 4"" width x 5yd length (1 roll)",TapeCase,tape,<a_14>,<a_14><b_45>,<c_229>,<a_202>,<a_202><b_82>
2872,Install Bay Heat Shrink Tubing 3M 1/2 Inch 8G - 4 Feet,Install Bay,other,<a_32>,<a_32><b_119>,<c_239>,<a_228>,<a_228><b_218>
2873,3/8in OD 1/8in ID Speargun Band/Sling Thick Walled BLACK Latex Rubber Tubing ONE CONTINUOUS PIECE(#408) (Select Length),Spearit,other,<a_151>,<a_151><b_144>,<c_52>,<a_228>,<a_228><b_167>
2874,"80 Gauge Stretch Wrap 20"" X 1000' L With Extended Core Handles",The Boxery,gauge_meter,<a_210>,<a_210><b_194>,<c_101>,<a_68>,<a_68><b_96>
2875,SEOH 3 Pack Glass Borosilicate Graduated Beakers 50ml 100ml and 250ml,SEOH,other,<a_251>,<a_251><b_202>,<c_2>,<a_94>,<a_94><b_40>
2876,Uxcell a13051400ux0583 10-Pieces Black Plastic Housing 3.5mm Audio Jack (Pack of 10),uxcell,other,<a_209>,<a_209><b_117>,<c_218>,<a_23>,<a_23><b_201>
2877,"J.V. Converting DC-WGT-01/WI063038 JVCC DC-WGT-01 Double Coated Window Glazing Tape: 1/16"" thick x 3/8"" x 50 yd, White",J.V. Converting,tape,<a_83>,<a_83><b_3>,<c_108>,<a_233>,<a_233><b_87>
2878,"Cortina 03-747RBC Polyethylene Portable Delineator Post with 10 lbs Recycled Rubber Base, 42"" Height, Orange",Cortina,other,<a_150>,<a_150><b_46>,<c_132>,<a_71>,<a_71><b_168>
2879,"OCR 2.54mm Pitch Dual Row DIP IC Sockets Solder Type Adaptor Set 6,8,14,16,18,24,28,40 Pin Electronic Components Socket Adapter Connector 100pcs",OCR,connector_fitting,<a_99>,<a_99><b_209>,<c_244>,<a_73>,<a_73><b_191>
2880,Texas Instruments LM358N LM358 Dual Operational Amplifier DIP8 1 Pack,uxcell,other,<a_91>,<a_91><b_2>,<c_26>,<a_30>,<a_30><b_127>
2881,yueton 10 Pcs AC 125V 6A Amps ON/ON 6 Terminals 2 Position DPDT Toggle Switch,yueton,connector_fitting,<a_127>,<a_127><b_10>,<c_170>,<a_236>,<a_236><b_39>
2882,"Elegoo HC-SR04 Ultrasonic Module Distance Sensor for Arduino UNO MEGA2560 Nano Robot XBee ZigBee, Set of 5",ELEGOO,other,<a_220>,<a_220><b_121>,<c_100>,<a_158>,<a_158><b_111>
2883,"Anderson Metals 56122 Brass Pipe Fitting, Hex Nipple, 1/2"" x 1/2"" NPT Male Pipe",Anderson Metals,connector_fitting,<a_242>,<a_242><b_68>,<c_201>,<a_108>,<a_108><b_133>
2884,SEOH Alcohol Lamp/Burner Flint Glass 120 Ml,SEOH,other,<a_201>,<a_201><b_175>,<c_166>,<a_150>,<a_150><b_48>
2885,"Ansen Tools AN 112 Hose Clamp Assortment, 40 Piece",Ansen Tools,connector_fitting,<a_109>,<a_109><b_107>,<c_138>,<a_71>,<a_71><b_8>
2886,Cambro 12189CW135 4.75 Gallon Polycarbonate Food Storage Camwear Box,Cambro,other,<a_214>,<a_214><b_164>,<c_117>,<a_210>,<a_210><b_128>
2887,"Triton 1"" Dial Indicator 0.001"" Graduation Travel Lug Back White Face",All Industrial,other,<a_133>,<a_133><b_107>,<c_114>,<a_104>,<a_104><b_119>
2888,"Singed Polyester Felt Filter Bag 1 Micron Size #1 7""x16",Duda Diesel,other,<a_219>,<a_219><b_71>,<c_59>,<a_210>,<a_210><b_157>
2889,"GROW1 Panda Film, 10' x 25', Poly 5.5 mil, Black/White",Panda Film,other,<a_145>,<a_145><b_79>,<c_132>,<a_68>,<a_68><b_112>
2890,Dap 09114 Xhose 50-Feet Incredible Expanding Hose,DAP,connector_fitting,<a_3>,<a_3><b_129>,<c_146>,<a_52>,<a_52><b_233>
2891,Arctic Silver AA-14G Alumina 14g Thermal Compound Paste Grease Syringe NEW,Arctic Silver,other,<a_222>,<a_222><b_39>,<c_111>,<a_79>,<a_79><b_155>
2892,"DBPOWER TD0091 Sc-8108 5E 6E Cat5 Rj45 Network Lan Phone Cable Multifunction Tester Meter, Gray",DBPOWER,gauge_meter,<a_209>,<a_209><b_184>,<c_123>,<a_211>,<a_211><b_233>
2893,"eSUN 3D 1.75mm PETG White Filament 1kg (2.2lb), PETG 3D Printer Filament, 1.75mm Solid Opaque White",eSUN,3d_filament,<a_237>,<a_237><b_57>,<c_31>,<a_223>,<a_223><b_126>
2894,"Gizmo Dorks 1.75mm HIPS Filament 1kg / 2.2lb for 3D Printers, White",Gizmo Dorks,3d_filament,<a_126>,<a_126><b_226>,<c_251>,<a_223>,<a_223><b_159>
2895,Ginsco 110pcs Female Blue 16-14 Gauge Nylon Fully-Insulated Quick Disconnects Wiring Spade Wire Crimp Terminal,Ginsco,connector_fitting,<a_247>,<a_247><b_13>,<c_17>,<a_67>,<a_67><b_23>
2896,Ginsco 110pcs Male Blue 16-14 Gauge Nylon Fully-Insulated Quick Disconnects Wiring Spade Wire Connector Crimp Terminal,Ginsco,connector_fitting,<a_247>,<a_247><b_13>,<c_211>,<a_67>,<a_67><b_23>
2897,Ginsco 110pcs Female Red 22-18 Gauge Nylon Fully-Insulated Quick Disconnects Wiring Spade Wire Connector Crimp Terminal,Ginsco,connector_fitting,<a_247>,<a_247><b_59>,<c_167>,<a_67>,<a_67><b_23>
2898,"3M Scotchlok IDC Butt Connector, 100 Pack Yellow",3M,connector_fitting,<a_187>,<a_187><b_250>,<c_149>,<a_67>,<a_67><b_6>
2899,"Dynatex 49582 Industrial Copper Anti-Seize and Lubricating Compound Paste, 8 oz Brush Top Bottle, Dark Copper",Dynatex,other,<a_75>,<a_75><b_144>,<c_140>,<a_173>,<a_173><b_86>
2900,American Terminal E-BCRN-100 22/18-Gauge Economy Nylon Butt Connectors,American Terminal,connector_fitting,<a_247>,<a_247><b_109>,<c_6>,<a_67>,<a_67><b_56>
2901,"Forney 71805 Emery Cloth, 180-Grit, 1-Inch-by-10-Yard Bench Roll",Forney,other,<a_0>,<a_0><b_31>,<c_181>,<a_193>,<a_193><b_81>
2902,Vermont American 21152 14MM-1.25 High Carbon Steel Metric Spark Plug Tap,Vermont American,other,<a_202>,<a_202><b_176>,<c_24>,<a_224>,<a_224><b_125>
2903,Gino Development 09-0123 TruePower Variable Dial Router Speed Controller for Duct and Inline Fans,Gino Development,ventilation_fan,<a_190>,<a_190><b_233>,<c_16>,<a_109>,<a_109><b_130>
2904,Small Hairpin Cotter Pin Shop Assortment - 150 Pc,IIT,other,<a_172>,<a_172><b_116>,<c_148>,<a_224>,<a_224><b_253>
2905,"Rubbermaid Commercial Vented BRUTE Trash&nbsp; Can Lid, 10 Gallon, Gray",Rubbermaid Commercial Products,other,<a_214>,<a_214><b_238>,<c_220>,<a_210>,<a_210><b_156>
2906,"EISCO Premium Quantitative Spectroscope, +/- 5nm Accuracy",EISCO,other,<a_1>,<a_1><b_164>,<c_240>,<a_229>,<a_229><b_29>
2907,RotoMetals GA100 Gallium 100 Grams,Roto Metals,other,<a_115>,<a_115><b_45>,<c_164>,<a_79>,<a_79><b_22>
2908,"Insultab 3010000C1A5 HS-105 1"", 25' Clear Polyvinylchloride Heat Shrink Tubing",Insultab,other,<a_32>,<a_32><b_95>,<c_132>,<a_228>,<a_228><b_182>
2909,"3D Solutech Silver Metal 3D Printer PLA Filament 1.75MM Filament, Dimensional Accuracy +/- 0.03 mm, 2.2 LBS (1.0KG) - PLA175TCMS",3D Solutech,3d_filament,<a_58>,<a_58><b_78>,<c_0>,<a_223>,<a_223><b_80>
2910,Pack of 6 - 4oz Cobalt Glass Boston Round Bottles Each With Glass Dropper,Eclectic Supply,other,<a_112>,<a_112><b_113>,<c_0>,<a_150>,<a_150><b_14>
2911,V6 3D Printer J-head Hotend with Single Cooling Fan for 1.75mm/3.0mm Direct Filament Wade Extruder 0.3mm/0.4mm/0.5mm Nozzle,Mercurry 3D accessaries,3d_filament,<a_255>,<a_255><b_145>,<c_99>,<a_158>,<a_158><b_217>
2912,Inland 1.75mm Black PLA 3D Printer Filament - 1kg Spool (2.2 lbs),Inland,3d_filament,<a_237>,<a_237><b_122>,<c_37>,<a_158>,<a_158><b_72>
2913,"Madison Supply, Premium Quality Fluoride Coated Medical Scissors, EMT and Trauma Shears 2 pack",Madison Supply,other,<a_61>,<a_61><b_138>,<c_237>,<a_180>,<a_180><b_248>
2914,"Dry-Packs DP45PLASTIC-10pk 45gm Indicating Silica Gel Hard Plastic Canister, Pack of 10",Dry-Packs,other,<a_238>,<a_238><b_27>,<c_221>,<a_170>,<a_170><b_143>
2915,"Polymaker PM70152 PolyMax Spool, 1.75 mm, 0.75 kg, Blue",Polymaker,other,<a_237>,<a_237><b_44>,<c_6>,<a_223>,<a_223><b_231>
2916,"Taulman BRIDGE Filament, 1.75 mm, BLACK",Taulman 3D,3d_filament,<a_71>,<a_71><b_226>,<c_22>,<a_223>,<a_223><b_240>
2917,Genuine E3D V6 Extra Nozzle - 1.75mm x 0.40mm (V6-NOZZLE-175-400),E3D,other,<a_120>,<a_120><b_235>,<c_108>,<a_91>,<a_91><b_86>
2918,Signswise 5PCS Barrel M6 X 30 Teflon Nozzle Throat for MK8 Tube Makerbot 3D Printer Extruder Hot End,Signswise,3d_filament,<a_137>,<a_137><b_84>,<c_2>,<a_224>,<a_224><b_65>
2919,"SainSmart DSO Note II DS202 Nano ARM Portable Mini Handheld Touch Screen Digital Storage Oscilloscope, 8MB Memory Storage 2MHz 10Mps",SainSmart,other,<a_193>,<a_193><b_56>,<c_142>,<a_36>,<a_36><b_174>
2920,BuildTak BT30185 Spatula,BuildTak,other,<a_11>,<a_11><b_132>,<c_121>,<a_91>,<a_91><b_127>
2921,AGPtek&reg; 12 Pipe Aluminum Heat Exchanger Radiator for PC CPU CO2 Laser Water Cool System Computer,AGPTEK,other,<a_234>,<a_234><b_216>,<c_80>,<a_52>,<a_52><b_192>
2922,2 x Aluminum GT2 16T Pulley and 2M Belt for RepRap 3D printer Prusa i3,DD-life,3d_filament,<a_255>,<a_255><b_203>,<c_73>,<a_158>,<a_158><b_42>
2923,"Focusable 650nm 5mW 3-5V Red Laser ""Line"" Module Diode w/ driver Plastic Lens (2 Pack)",Generic,other,<a_160>,<a_160><b_17>,<c_77>,<a_180>,<a_180><b_125>
2924,"Hilitchi 635 Pcs 40 Pin 2.54mm Pitch Single Row Pin Headers,Dupont Connector Housing Female,Dupont Male/Female Pin Connector Kit",Hilitchi,connector_fitting,<a_99>,<a_99><b_57>,<c_134>,<a_73>,<a_73><b_244>
2925,Uxcell a13102400ux0146 AC 300V 10A 5.08mm Pitch 2 Pin Screw Pluggable Terminal Block (Pack of 20),uxcell,connector_fitting,<a_217>,<a_217><b_196>,<c_167>,<a_73>,<a_73><b_236>
2926,HICTOP 5 Pieces 3D Printer Extruder Hotend 1.75mm Nozzle Throat for Reprap Prusa I3,HICTOP,3d_filament,<a_120>,<a_120><b_122>,<c_251>,<a_91>,<a_91><b_105>
2927,Barbariol 3 PCS NTC3950 Thermistors for RepRap 3D Printer Extruder or Heated Bed pre-wired with Teflon Insulated Wiring,Barbariol,3d_filament,<a_195>,<a_195><b_216>,<c_215>,<a_158>,<a_158><b_200>
2928,HICTOP 5PCS Aluminum Heater Block M6 Specialized for MK7 MK8 Makerbot Medel I3 3D Printer Extruder Hot End Heating Block,HICTOP,3d_filament,<a_190>,<a_190><b_134>,<c_58>,<a_23>,<a_23><b_93>
2929,"Install Bay 3MHST34 3M Heat Shrink Tubing 3/4"" Diameter 4G 4-Ft",Install Bay,gauge_meter,<a_32>,<a_32><b_172>,<c_69>,<a_228>,<a_228><b_243>
2930,"Atlas Scientific pH 4.00, 7.00, 10.00 Calibration Solution 250ml - 8oz (Pack of 3)",Atlas Scientific,other,<a_226>,<a_226><b_240>,<c_0>,<a_17>,<a_17><b_145>
2931,Texas Instruments NE555N NE555 NE555P General Purpose Single Bipolar Timer DIP8 1 Pack,Texas Instruments,other,<a_91>,<a_91><b_47>,<c_214>,<a_30>,<a_30><b_191>
2932,Inland 1.75mm Blue PLA 3D Printer Filament - 1kg Spool (2.2 lbs),Inland,3d_filament,<a_237>,<a_237><b_122>,<c_31>,<a_158>,<a_158><b_72>
2933,"FlashForge Finder 3D Printers with Cloud, Wi-Fi, USB cable and Flash drive connectivity",FlashForge,3d_filament,<a_200>,<a_200><b_143>,<c_95>,<a_197>,<a_197><b_170>
2934,Inland 1.75mm Yellow PLA 3D Printer Filament - 1kg Spool (2.2 lbs),Inland,3d_filament,<a_237>,<a_237><b_122>,<c_152>,<a_158>,<a_158><b_72>
2935,IRWIN Tools Magnetic Angle Locator (1794488),Irwin Tools,other,<a_108>,<a_108><b_149>,<c_207>,<a_15>,<a_15><b_73>
2936,uxcell a11111600ux0002 Amico 5 Pcs 608RS 8 x 22 x 7mm Shield Deep Groove Ball Bearings,uxcell,other,<a_180>,<a_180><b_159>,<c_188>,<a_251>,<a_251><b_203>
2937,Pro Magnets Neodymium Round Base Magnet with 20mm Mounting Screws (3-Pieces),Pro Magnets,fastener,<a_188>,<a_188><b_49>,<c_33>,<a_17>,<a_17><b_95>
2938,"VenTech VT DUCT-6 VTD625 Aluminum Duct for Ventilation Ducting, 6''",VenTech,ventilation_fan,<a_3>,<a_3><b_182>,<c_5>,<a_228>,<a_228><b_79>
2939,Redrex MK8 Extruder Hotend 0.4mm Nozzle Print Head 1.75mm Filament for Prusa i3 DIY 3D Printer,Redrex,3d_filament,<a_120>,<a_120><b_211>,<c_38>,<a_91>,<a_91><b_193>
2940,[REPRAPGURU] RAMPS 1.4 Controller Board for RepRap 3D Printer,REPRAPGURU,3d_filament,<a_255>,<a_255><b_75>,<c_247>,<a_158>,<a_158><b_79>
2941,"Fluke 561 HVAC Pro Infrared Thermometer, -40 to +1022 Degree F Range",Fluke,gauge_meter,<a_50>,<a_50><b_216>,<c_188>,<a_107>,<a_107><b_184>
2942,"3M Scotch 6004 Super Strength Adhesive, 1 oz Tube",3M,adhesive_epoxy,<a_198>,<a_198><b_188>,<c_156>,<a_165>,<a_165><b_57>
2943,"E-Projects 10EP514330R 330 Ohm Resistors, 1/4 W, 5% (Pack of 10)",E-Projects,other,<a_101>,<a_101><b_181>,<c_104>,<a_73>,<a_73><b_224>
2944,RepRap Champion 2M PTFE Teflon Tube + 2 x PC4-M6 Fittings for RepRap 3D Printer Bowden Hotend 1.75mm,RepRap Champion,3d_filament,<a_120>,<a_120><b_97>,<c_152>,<a_91>,<a_91><b_147>
2945,"Steel Lock Nut, Plain Finish, Gray (Pack of 100)",Small Parts,fastener,<a_6>,<a_6><b_176>,<c_187>,<a_224>,<a_224><b_10>
2946,J-B Weld 8270 KwikWeld Industrial Professional Size - 10 oz.,J-B Weld,adhesive_epoxy,<a_211>,<a_211><b_78>,<c_39>,<a_165>,<a_165><b_59>
2947,"Premium Vials B37-12AM Boston Round Glass Bottle with Dropper, 2 oz Capacity, Amber (Pack of 12)",Premium Vials,other,<a_112>,<a_112><b_237>,<c_34>,<a_150>,<a_150><b_189>
2948,"Lead Free Pipe Fitting, Hex Countersunk Plug, 1/4"" NPT Male",Merit Brass,connector_fitting,<a_206>,<a_206><b_2>,<c_62>,<a_108>,<a_108><b_102>
2949,PanaVise 209 Vacuum Base Pv Jr.,Panavise,other,<a_7>,<a_7><b_114>,<c_24>,<a_197>,<a_197><b_91>
2950,AmScope BS-72P-100S-22 72 Pieces of Pre-Cleaned Blank Microscope Slides and 100 Pieces of 22x22mm Square Coverslips Cover Glass,AmScope,other,<a_226>,<a_226><b_211>,<c_67>,<a_17>,<a_17><b_145>
2951,PIXNOR 1/4W Resistor Kit 56 Values x 20pcs =1120pcs (1ohm-10Mohm) Metal Film Resistors Assortment,PIXNOR,other,<a_101>,<a_101><b_164>,<c_83>,<a_73>,<a_73><b_56>
2952,Docooler (1pf-100nf) 1000pcs 50value 50V Ceramic Capacitor Assorted kit Assortment Set,Delix,other,<a_220>,<a_220><b_137>,<c_214>,<a_17>,<a_17><b_255>
2953,"Aven 12017 Stainless Steel Hemostat Straight, 6"" Length",Aven,other,<a_105>,<a_105><b_90>,<c_82>,<a_42>,<a_42><b_124>
2954,"Sashco Big Stretch Acrylic Latex High-Performance Caulking Sealant, 10.5 Ounce Cartridge, White (Pack of 12)",Sashco,other,<a_157>,<a_157><b_27>,<c_42>,<a_244>,<a_244><b_187>
2955,"All Brew Supplies 325 Stainless Carbonation Cap with 5/16"" Barb Ball Lock Type, Fit Most Soft Drink PET Bottles",All Brew Supplies,other,<a_63>,<a_63><b_160>,<c_28>,<a_150>,<a_150><b_192>
2956,DBPOWER 2 MP 15M Tube USB Waterproof Hd 6-led Borescope Endoscope Inspection Camera(Silver Head),DBPOWER,other,<a_236>,<a_236><b_36>,<c_0>,<a_180>,<a_180><b_226>
2957,DBPOWER 2 MP 15M Tube USB Waterproof Hd 6-led Borescope Endoscope Inspection Camera(Silver Head),DBPOWER,other,<a_236>,<a_236><b_36>,<c_0>,<a_180>,<a_180><b_226>
2958,50 Pcs 16.000MHz AT49S 20PF DIP Quartz Crystal Oscillator,uxcell,other,<a_178>,<a_178><b_75>,<c_221>,<a_30>,<a_30><b_38>
2959,Ketofa (1UH~4.7MH) 20value 200pcs 0410 DIP Color Wheel Inductor 1/2W 10% Assortment Kit Assorted Set,Ketofa,ventilation_fan,<a_100>,<a_100><b_10>,<c_212>,<a_52>,<a_52><b_125>
2960,Uxcell a11090300ux0241 IC Sockets Adaptor Solder Type Socket (Pack of 17),uxcell,other,<a_99>,<a_99><b_184>,<c_164>,<a_73>,<a_73><b_127>
2961,Saliency 3296 Potentiometer Assorted Kit Variable Resistor 12value 60pcs with adjuster,Saliency,gauge_meter,<a_121>,<a_121><b_150>,<c_139>,<a_73>,<a_73><b_136>
2962,"HATCHBOX ABS 3D Printer Filament, Dimensional Accuracy +/- 0.03 mm, 1 kg Spool, 1.75 mm, Neon Green",HATCHBOX,3d_filament,<a_58>,<a_58><b_115>,<c_41>,<a_223>,<a_223><b_198>
2963,"Syhonic Metal DIY Hot End for RepRap 3D Printer 1.75mm Filament, 0.4mm Nozzle, 12V 40W Heater, NTC 3950 Thermistor Hotend",Syhonic,3d_filament,<a_255>,<a_255><b_145>,<c_210>,<a_158>,<a_158><b_217>
2964,Vegetable Glycerin 1 Gallon + Propylene Glycol 1 Gallon - USP - Kosher,Essential Depot,other,<a_171>,<a_171><b_4>,<c_13>,<a_150>,<a_150><b_98>
2965,"eSUN 1.75mm Natural PLA 3D Printer filament 1kg Spool (2.2lbs), Natural",eSUN,3d_filament,<a_237>,<a_237><b_63>,<c_4>,<a_223>,<a_223><b_193>
2966,Sprite Science 12 pcs LM8UU Linear Bearings for 3D Printer 8mm x 15mm x 24mm,Sprite Science,3d_filament,<a_180>,<a_180><b_140>,<c_255>,<a_251>,<a_251><b_128>
2967,Inland 1.75mm Green PLA 3D Printer Filament - 1kg Spool (2.2 lbs),Inland,3d_filament,<a_237>,<a_237><b_122>,<c_112>,<a_158>,<a_158><b_72>
2968,"RioRand&trade; 10pcs 100K ohm NTC Thermistors for Reprap 3D printer, Mendel, Prusa",RioRand,3d_filament,<a_227>,<a_227><b_201>,<c_232>,<a_211>,<a_211><b_135>
2969,BLTouch : Auto Bed Leveling Sensor / To be a Premium 3D Printer,ANTCLABS,3d_filament,<a_9>,<a_9><b_129>,<c_64>,<a_91>,<a_91><b_212>
2970,Brew Hauler FE338  Nylon carboy carrier,Brew Hauler,other,<a_74>,<a_74><b_191>,<c_188>,<a_150>,<a_150><b_28>
2971,"Taylor Precision Products Digital Panel Mount Thermometer (-40- to 300-Degrees Fahrenheit, -40- to 150-Degrees Celsius)",Taylor Precision Products,ventilation_fan,<a_16>,<a_16><b_88>,<c_148>,<a_107>,<a_107><b_113>
2972,URBEST HH52P AC 24V Coil DPDT 8 Pins Electromagnetic Power Relay w DYF08A Base,URBEST,other,<a_183>,<a_183><b_50>,<c_90>,<a_236>,<a_236><b_33>
2973,"Seeed Studios TOL01241P Digital Storage Oscilloscope, Nano v3, 105 mm x 53 mm x 8 mm Size",Seeed Studios,other,<a_193>,<a_193><b_59>,<c_226>,<a_36>,<a_36><b_43>
2974,AGPtek Stainless Steel PT100 RTD Thermistor Sensor Probe (Temperature Rang: -20~420&deg;C),AGPTEK,other,<a_16>,<a_16><b_164>,<c_141>,<a_211>,<a_211><b_224>
2975,"Aircast Pneumatic Armband: Tennis/Golfers Elbow Support Strap, Black",Aircast,other,<a_250>,<a_250><b_176>,<c_38>,<a_122>,<a_122><b_249>
2976,SEOH Plastic Hexagonal Weigh Boats Micro Dish 100pk,SEOH,other,<a_163>,<a_163><b_174>,<c_135>,<a_229>,<a_229><b_136>
2977,"Heathrow Scientific HD15906 Hayman-Type Spatula with Flat End and Spoon End, 6-1/4"" Overall Length",Heathrow Scientific,other,<a_161>,<a_161><b_164>,<c_172>,<a_180>,<a_180><b_221>
2978,"Uxcell a14061800ux0002 1N4148 DO-35 Glass Seal Schottky Diodes, 300 mA, 100V, 500 Piece",uxcell,other,<a_91>,<a_91><b_191>,<c_199>,<a_30>,<a_30><b_136>
2979,Inland 1.75mm Gray PLA 3D Printer Filament - 1kg Spool (2.2 lbs),Inland,3d_filament,<a_237>,<a_237><b_122>,<c_170>,<a_158>,<a_158><b_72>
2980,MPD Digital r58-smaf-uhf-20in- RF Coaxial Cable SMA Female to UHF PL259 Male RG58 Coax with PL-259,MPD Digital,other,<a_221>,<a_221><b_32>,<c_169>,<a_23>,<a_23><b_204>
2981,SEOH Red Spirit Partial Immersion Thermometer (-20 to 110C & 0 to 230F) Dual Scale,SEOH,gauge_meter,<a_16>,<a_16><b_200>,<c_209>,<a_107>,<a_107><b_200>
2982,"microtivity IL185 5mm Assorted Diffused LED w/ Resistors (5 Colors, Pack of 50)",microtivity,other,<a_30>,<a_30><b_178>,<c_5>,<a_73>,<a_73><b_141>
2983,"E-Projects EPC-105 16 Value Resistor Kit, 10 Ohm - 1M Ohm, 1/2 Watt (Pack of 400)",VANTAKOOL,other,<a_101>,<a_101><b_127>,<c_46>,<a_73>,<a_73><b_56>
2984,TEMCo 24 AWG Copper Magnet Wire - 10 lb 7905 ft 155&deg;C Magnetic Coil Green,Temco,other,<a_254>,<a_254><b_249>,<c_31>,<a_251>,<a_251><b_228>
2985,"Remington Industries 26UL1007STRKIT UL1007 26 AWG Gauge Stranded Hook-Up Wire Kit, 300V, 0.0190"" Diameter, 25' Length",Remington Industries,gauge_meter,<a_254>,<a_254><b_127>,<c_97>,<a_67>,<a_67><b_152>
2986,"Set 3 taps 1/2-28 UNEF Taper, Plug and Bottom three Taps",GAVAN,tape,<a_202>,<a_202><b_248>,<c_225>,<a_224>,<a_224><b_201>
2987,"Alcotec 24-hour Turbo Yeast, 205 grams",Alcotec,other,<a_177>,<a_177><b_216>,<c_13>,<a_150>,<a_150><b_252>
2988,Buytra Disposable 3ML Graduated Transfer Pipettes Eye Dropper Set 100 Pcs P.,Buytra,other,<a_43>,<a_43><b_203>,<c_26>,<a_94>,<a_94><b_11>
2989,Install Bay Heat Shrink 3/16 Inch x 4 Feet,Install Bay,other,<a_32>,<a_32><b_119>,<c_5>,<a_228>,<a_228><b_153>
2990,"Wiha 27920 Precision Chip Lifter, ESD Safe, 1 x 3.5mm",Wiha,other,<a_190>,<a_190><b_17>,<c_178>,<a_159>,<a_159><b_109>
2991,"DIYmall 0.96"" Inch Blue I2c IIC Serial 128x64 Oled LCD LED Display Module for Arduino 51 Msp420 Stim32 SCR",DIYmall,other,<a_5>,<a_5><b_126>,<c_41>,<a_30>,<a_30><b_215>
2992,Tiny AVR Programmer,SparkFun,other,<a_5>,<a_5><b_225>,<c_194>,<a_30>,<a_30><b_8>
2993,"3D Solutech Blue 3D Printer Ultra PLA Filament 1.75MM Filament, Dimensional Accuracy +/- 0.03 mm, 2.2 LBS (1.0KG)",3D Solutech,3d_filament,<a_58>,<a_58><b_78>,<c_4>,<a_223>,<a_223><b_80>
2994,Smartbuy 1.75mm Black PLA 3D Printer Filament - 1kg Spool/Roll (2.2 lbs) - Dimensional Accuracy +/- 0.05mm,Smartbuy,3d_filament,<a_71>,<a_71><b_157>,<c_84>,<a_223>,<a_223><b_96>
2995,"SEOH Petri Dish 100 x 15Mm Sterile, Vented, 25/Pk",Scientific Equipment of Houston,other,<a_245>,<a_245><b_235>,<c_24>,<a_14>,<a_14><b_17>
2996,"Uxcell Probe K Type 0-500C Temperature Range Coiled Thermocouple, 1.5M, 80 mm x 3 mm",uxcell,other,<a_16>,<a_16><b_61>,<c_112>,<a_211>,<a_211><b_232>
2997,"Silicone Sheet Gasket, Red, 1/16"" Thick, 12"" &times; 12"" (Pack of 1)",Small Parts,other,<a_156>,<a_156><b_99>,<c_228>,<a_17>,<a_17><b_1>
2998,SainSmart RepRap MK2B 3D printers Dual Power PCB HeatBed Heat Bed 12/24V Updated Version of MK2A,SainSmart,3d_filament,<a_9>,<a_9><b_141>,<c_73>,<a_91>,<a_91><b_78>
2999,1MHz Function Generator Kit,Elenco,other,<a_193>,<a_193><b_2>,<c_47>,<a_30>,<a_30><b_139>
3000,Endstop Microswitches for 3D Printer or CNC,G-Star 3D Printer,3d_filament,<a_9>,<a_9><b_191>,<c_155>,<a_91>,<a_91><b_89>
3001,"Waterjel 2421 Water-Jel Unit Dose Burn Gel, 3.5 gm Packet (Pack of 6)",Water Jel,other,<a_106>,<a_106><b_154>,<c_168>,<a_44>,<a_44><b_131>
3002,Elenco  Resistor Substitution Box - RS-400,Elenco,other,<a_8>,<a_8><b_201>,<c_112>,<a_73>,<a_73><b_189>
3003,Addicore 5 Pack 3.3V 950mA LD33V LD1117V33 Voltage Regulator in Antistatic Foam,Addicore,other,<a_91>,<a_91><b_168>,<c_154>,<a_30>,<a_30><b_84>
3004,"Scratch Brush, Fiberglass (Colors may vary)",EuroTool,other,<a_203>,<a_203><b_100>,<c_193>,<a_24>,<a_24><b_221>
3005,Laser Head Diode Dot Module WL Red mini 650nm 6mm 5V 5mW 10PCS,DIYmall,other,<a_30>,<a_30><b_42>,<c_26>,<a_73>,<a_73><b_110>
3006,"3M 4298 Adhesion Promoter, Sponge Applicator",3M,other,<a_198>,<a_198><b_80>,<c_97>,<a_99>,<a_99><b_119>
3007,Silicone Grease,EuroTool,other,<a_41>,<a_41><b_228>,<c_12>,<a_244>,<a_244><b_143>
3008,RIYIN T8 L300mm 8mm Lead 4 Start Lead Screw and Nut for 3D Printer Z Axis,RIYIN,3d_filament,<a_137>,<a_137><b_249>,<c_159>,<a_159>,<a_159><b_179>
3009,Yosoo 5Pcs HSS CNC Lathe Straight Shank 4 Flute End Mill Cutter Drill Bit Tool 4/6/8/10/12mm,Yosoo,other,<a_212>,<a_212><b_223>,<c_155>,<a_193>,<a_193><b_169>
3010,"Purex Sta-Flo Liquid Starch, 64 Ounce",Purex,other,<a_128>,<a_128><b_33>,<c_162>,<a_150>,<a_150><b_87>
3011,Little Giant 10940 Retrofit Wheel Kit,Little Giant Ladder Systems,other,<a_80>,<a_80><b_163>,<c_120>,<a_87>,<a_87><b_158>
3012,Dodolight Digital Dual Two Channel 2 K-Type Thermometer Thermocouple Sensor 1300 2372,Dodolight,gauge_meter,<a_220>,<a_220><b_108>,<c_2>,<a_158>,<a_158><b_22>
3013,"MakerBot Replicator 2 Desktop 3D Printer,",MakerBot,3d_filament,<a_200>,<a_200><b_49>,<c_64>,<a_91>,<a_91><b_30>
3014,"FlashForge HP-00057 Platform Sticker for Creator Pro and Dreamer, 6 Pcs Kit (Pack of 6)",FlashForge,other,<a_113>,<a_113><b_225>,<c_229>,<a_91>,<a_91><b_227>
3015,"Homewerks VBV-P40-B3B Ball Valve, PVC Schedule 40, Female Thread x Female Thread, 1/2-Inch",Homewerks,other,<a_51>,<a_51><b_105>,<c_254>,<a_108>,<a_108><b_64>
3016,"HATCHBOX 3D Printer Filament, Dimensional Accuracy +/- 0.03mm, 1.75 mm, 1 kg Spool, Wood",HATCHBOX,3d_filament,<a_58>,<a_58><b_65>,<c_0>,<a_223>,<a_223><b_201>
3017,"3M Littmann  Classic III Monitoring Stethoscope, Pearl Pink Tube, 27 inch, 5633",3M Littmann,other,<a_57>,<a_57><b_30>,<c_253>,<a_197>,<a_197><b_26>
3018,"VenTech VT DUCT-4 VTD425 Aluminum Duct for Ventilation Ducting, 4''",VenTech,ventilation_fan,<a_3>,<a_3><b_182>,<c_10>,<a_228>,<a_228><b_79>
3019,Install Bay Heat Shrink 3/8 Inch x 4 Feet,Install Bay,other,<a_32>,<a_32><b_119>,<c_130>,<a_228>,<a_228><b_153>
3020,"Applied Magnets 1 Piece 3"" x 1/2"" x 1/2"" Grade N42 Neodymium Block Magnet",Applied Magnets,other,<a_92>,<a_92><b_130>,<c_185>,<a_251>,<a_251><b_212>
3021,Celestron No.44410  Prepared Microscope Slides (25-Piece Set),Celestron,other,<a_93>,<a_93><b_35>,<c_24>,<a_14>,<a_14><b_79>
3022,Philips Sonicare HX9381/05 Diamond Clean Rechargeable Electric Toothbrush,Philips Sonicare,other,<a_122>,<a_122><b_213>,<c_134>,<a_24>,<a_24><b_20>
3023,Gelid Solutions GC-Extreme Thermal Compound TC-GC-03-A,Gelid Solutions,other,<a_222>,<a_222><b_60>,<c_172>,<a_79>,<a_79><b_15>
3024,"Gardner Bender DS-110N Duct Seal, 1 lb. Pug",Gardner Bender,ventilation_fan,<a_249>,<a_249><b_27>,<c_245>,<a_170>,<a_170><b_218>
3025,"See All PLX18 Circular Acrylic Indoor Convex Security Mirror, 18"" Diameter (Pack of 1)",SeeAll,gauge_meter,<a_129>,<a_129><b_105>,<c_27>,<a_180>,<a_180><b_101>
3026,uxcell DMiotech Pair 1000V Banana Connector Multimeter Probe Test Lead Cable 0.6M,uxcell,connector_fitting,<a_227>,<a_227><b_24>,<c_26>,<a_211>,<a_211><b_108>
3027,"Control Devices Brass Ball Check Valve, 1/4"" NPT Female x NPT Male",Control Devices,other,<a_51>,<a_51><b_76>,<c_6>,<a_108>,<a_108><b_152>
3028,FE455 Rubber Stopper- Size 8- Drilled,Midwest Homebrewing and Winemaking Supplies,other,<a_63>,<a_63><b_146>,<c_201>,<a_108>,<a_108><b_247>
3029,"Non-GMO Project Verified - Citric Acid - 5 Pounds - Organic, 100% Pure - Alpha Chemicals",Alpha Chemicals,other,<a_12>,<a_12><b_184>,<c_229>,<a_206>,<a_206><b_204>
3030,Briess - Dry Malt Extract - Sparkling Amber - 3 lbs.,Midwest Homebrewing and Winemaking Supplies,other,<a_177>,<a_177><b_86>,<c_208>,<a_150>,<a_150><b_241>
3031,"Madison Electric Products MSB2G Two Gang Device Box with Depth Adjustable, Heavy Duty 42lb",Madison Electric Products,ventilation_fan,<a_196>,<a_196><b_113>,<c_61>,<a_170>,<a_170><b_85>
3032,Siglent Technologies SDS1052DL+ 50 MHz Digital Storage Oscilloscope,Siglent Technologies,other,<a_193>,<a_193><b_225>,<c_95>,<a_36>,<a_36><b_52>
3033,Uxcell a11102000ux0349 100 x 0.01uF 50V DIP Low Voltage Ceramic Disc Capacitors,uxcell,other,<a_100>,<a_100><b_126>,<c_73>,<a_236>,<a_236><b_60>
3034,"Easy RepRap - 12 LM8UU Linear Bearings for 3D Printer. Prusa Mendel, reprap",Easy RepRap,3d_filament,<a_255>,<a_255><b_159>,<c_73>,<a_158>,<a_158><b_101>
3035,"BuMat PLA 1.75mm, 1kg, 2.2lb Translucent Clear Natural Filament Printing Material Supply Spool for 3D Printer PLACR",BuMat,3d_filament,<a_237>,<a_237><b_96>,<c_117>,<a_223>,<a_223><b_66>
3036,"HATCHBOX PLA 3D Printer Filament, Dimensional Accuracy +/- 0.03 mm, 1 kg Spool, 1.75 mm, Transparent White",HATCHBOX,3d_filament,<a_58>,<a_58><b_172>,<c_190>,<a_223>,<a_223><b_198>
3037,Kamo 5PCS Aluminum Heater Block M6 Specialized for MK7 MK8 Makerbot 3D Printer Extruder,KAMO,3d_filament,<a_190>,<a_190><b_134>,<c_1>,<a_23>,<a_23><b_93>
3038,SEOH 5 Pack Glass Borosilicate Graduated Beakers 50 100 250 600 and 1000ml,SEOH,other,<a_251>,<a_251><b_202>,<c_0>,<a_94>,<a_94><b_40>
3039,"SMC KQ2S04-M5A Brass Push-to-Connect Tube Fitting, Hex Socket Head Adapter, 4 mm Tube OD x M5x0.8 Male",SMC,connector_fitting,<a_40>,<a_40><b_30>,<c_42>,<a_197>,<a_197><b_147>
3040,"HATCHBOX PETG 3D Printer Filament, Dimensional Accuracy +/- 0.03 mm, 1 kg Spool, 1.75 mm, Purple",HATCHBOX,3d_filament,<a_58>,<a_58><b_251>,<c_71>,<a_223>,<a_223><b_72>
3041,"Adult & Infant CPR Mask Combo Kit with 2 Valves, MCR Medical",MCR Medical,ventilation_fan,<a_104>,<a_104><b_104>,<c_136>,<a_44>,<a_44><b_128>
3042,"RioRand 1.75mm PLA Filament 1kg/2.2lb for 3D Printers Reprap, MakerBot Replicator 2, Afinia, Solidoodle etc.(Black)",RioRand,3d_filament,<a_71>,<a_71><b_96>,<c_219>,<a_223>,<a_223><b_93>
3043,"E-Projects 25EP514220R 220 Ohm Resistors, 1/4 W, 5% (Pack of 25)",E-Projects,other,<a_101>,<a_101><b_10>,<c_134>,<a_73>,<a_73><b_10>
3044,"The Hillman Group 180132 6 - 32 Nylon Insert Lock Nut, 100-Pack",Hillman,fastener,<a_6>,<a_6><b_253>,<c_8>,<a_224>,<a_224><b_251>
3045,"100pc. #4 x 1/2"" Brass-plated Phillips Round-Head Wood Screws",C. B. Gitty,fastener,<a_231>,<a_231><b_27>,<c_199>,<a_224>,<a_224><b_113>
3046,Uxcell a15091800ux0023 DIY Double Sided Copper Clad Laminate PCB Circuit Board 100x70 mm 12 Piece,uxcell,other,<a_178>,<a_178><b_86>,<c_193>,<a_73>,<a_73><b_192>
3047,2140Pcs SAMSUNG SMD 0805 50 Value Resistor & 32 Value Capacitor Assortment Kit,GAVAN,other,<a_101>,<a_101><b_19>,<c_80>,<a_73>,<a_73><b_197>
3048,"eSUN Bronze filament 1.75mm 0.5kg(1.1lb) Spool for Makerbot, Reprap, UP, Afinia, Flash Forge and all FDM 3D Printers",eSUN,3d_filament,<a_113>,<a_113><b_124>,<c_189>,<a_223>,<a_223><b_93>
3049,Stronghero3d 1.75mm PLA 3D Printer Filament Metal GREY- 1kg Spool (2.2 lbs) - Dimensional Accuracy +/- 0.03mm,Stronghero3d,3d_filament,<a_71>,<a_71><b_165>,<c_219>,<a_223>,<a_223><b_96>
3050,Electronics-Salon 100 to 1M ohm 3296 Multiturn Trimmer Potentiometers Kit,Electronics-Salon,gauge_meter,<a_121>,<a_121><b_48>,<c_185>,<a_73>,<a_73><b_227>
3051,Frentaly&reg; 300Pcs (2V &ndash; 39V) 30 Values 1/2W 0.5W Zener Diode Assorted kit Assortment Set,Big Bargain,other,<a_30>,<a_30><b_71>,<c_30>,<a_30>,<a_30><b_143>
3052,"Electronics-Salon 30 Types 74HCxx Series Logic IC Assortment Kit, High-Speed Si-Gate CMOS IC.",Generic,other,<a_91>,<a_91><b_196>,<c_105>,<a_30>,<a_30><b_183>
3053,SUNKEE 10pcs 5mm 940nm LEDs infrared emitter and IR receiver diode 5pairs diodes,SUNKEE,other,<a_220>,<a_220><b_178>,<c_207>,<a_158>,<a_158><b_145>
3054,Bosch Bare-Tool MXH180BL 18-Volt Brushless Oscillating Tool Kit with L-Boxx-2 and Exact-Fit Insert Tray,Bosch,other,<a_85>,<a_85><b_110>,<c_64>,<a_193>,<a_193><b_250>
3055,TEMCo 18 AWG Copper Magnet Wire - 4 oz 50 ft 200&deg;C Magnetic Coil Winding,Temco,other,<a_254>,<a_254><b_249>,<c_241>,<a_251>,<a_251><b_228>
3056,"ABN Assorted Heat Shrink Tubing, Wire Wrap, Cable Sleeve Kit &ndash; To Protect and Reinforce Any Wire Connection - 127-Piece",ABN,other,<a_65>,<a_65><b_147>,<c_48>,<a_17>,<a_17><b_187>
3057,5x TIP120 NPN BJT ST Darlington Transistor TO-220 for Arduino with Free Diodes,Atoms Industries,other,<a_91>,<a_91><b_201>,<c_209>,<a_30>,<a_30><b_58>
3058,sunpp,SUNpp,other,<a_167>,<a_167><b_117>,<c_254>,<a_206>,<a_206><b_79>
3059,Filabot ABS 3D Printing Smoothing Pen,Filabot,3d_filament,<a_113>,<a_113><b_53>,<c_252>,<a_223>,<a_223><b_132>
3060,"Remington Industries 22UL1007STRKIT UL1007 22 AWG Gauge Stranded Hook-Up Wire Kit, 300V, 0.0253"" Diameter, 25' Length",Remington Industries,gauge_meter,<a_254>,<a_254><b_127>,<c_5>,<a_67>,<a_67><b_152>
3061,Hobbypower A4988 StepStick Stepper Motor Driver Module + Heat Sink for 3D Printer Reprap (pack of 5 pcs),Hobbypower,3d_filament,<a_255>,<a_255><b_143>,<c_1>,<a_158>,<a_158><b_89>
3062,TP-Link TL-ANT24PT3 3m/10ft N Male to RP-SMA Male Pigtail Cable,TP-LINK,other,<a_209>,<a_209><b_202>,<c_182>,<a_211>,<a_211><b_87>
3063,"AmScope PS100E 100 Piece Assorted Specimen Collection for Home School Students, Basic Biology Science Glass Prepared Microscope Slides (Set E)",AmScope,other,<a_57>,<a_57><b_96>,<c_43>,<a_206>,<a_206><b_99>
3064,"Uxcell a12081700ux0241 ON/OFF Toggle Switch, 10 Piece, 12VDC 20 Amp, 12 mm Mounting Thread Diameter Black",uxcell,gauge_meter,<a_217>,<a_217><b_209>,<c_246>,<a_236>,<a_236><b_187>
3065,Resistor Land - 1400pcs 1/4W 70 Value Resistor Assortment Kit for Prototyping,Resistor Land,other,<a_101>,<a_101><b_26>,<c_207>,<a_73>,<a_73><b_183>
3066,Weldless 316 Stainless Steel Ball Valve with Bulkhead and 1/2 Inch Nipple,Learn To Brew LLC,other,<a_51>,<a_51><b_74>,<c_161>,<a_108>,<a_108><b_240>
3067,"1/4"" Heat Shrink Tubing 2:1-50FT (Black)",Electriduct,other,<a_32>,<a_32><b_31>,<c_241>,<a_228>,<a_228><b_86>
3068,BQLZR SCS8UU Linear Motion Ball Bearing CNC Slide Bushing 34.5mm Length Pack Of 4,BQLZR,other,<a_167>,<a_167><b_242>,<c_144>,<a_158>,<a_158><b_243>
3069,"65 Pound Neodymium Channel Magnets 3 1/4 x 1/2 x 1/4"" 2 Pieces",CMS Magnetics,other,<a_149>,<a_149><b_123>,<c_223>,<a_251>,<a_251><b_225>
3070,"MakerBot MP06077 Build Plate Tape, Replicator 5th Generation",MakerBot,tape,<a_126>,<a_126><b_221>,<c_23>,<a_223>,<a_223><b_214>
3071,3DMakerWorld 0.06mm (2.4mil) 8''x8'' Kapton Tape With Release Liner (10 Pack),3DMakerWorld,tape,<a_178>,<a_178><b_10>,<c_217>,<a_91>,<a_91><b_239>
3072,TEMCo Dual Run Capacitor RC0102-35/5 mfd 370 V 440 V VAC volt 35+5 uf AC Electric Motor HVAC,Temco,other,<a_22>,<a_22><b_183>,<c_23>,<a_236>,<a_236><b_231>
3073,bayite AC 110V Fahrenheit Digital Temperature Controller 10A 1 Relay with Sensor,bayite,other,<a_131>,<a_131><b_185>,<c_243>,<a_107>,<a_107><b_35>
3074,E-Projects EPC-201 36 Value Capacitor Kit (Pack of 570),E-Projects,other,<a_100>,<a_100><b_89>,<c_88>,<a_236>,<a_236><b_97>
3075,"HATCHBOX ABS 3D Printer Filament, Dimensional Accuracy +/- 0.03 mm, 1 kg Spool, 1.75 mm, Glow in the Dark",HATCHBOX,3d_filament,<a_58>,<a_58><b_115>,<c_206>,<a_223>,<a_223><b_198>
3076,10Pcs 5 x 7 cm DIY Prototype Paper PCB Universal Board New,SUNKEE,other,<a_82>,<a_82><b_215>,<c_250>,<a_73>,<a_73><b_36>
3077,"Set of 10, LM555 LM555CN (IC TIMER) (8 pins DIP)",National,other,<a_91>,<a_91><b_75>,<c_145>,<a_30>,<a_30><b_49>
3078,SainSmart DDS Portable Handheld PC-Based USB Digital Storage Oscilloscope (DDS120),SainSmart,other,<a_193>,<a_193><b_60>,<c_95>,<a_36>,<a_36><b_37>
3079,Texas Instruments SN74HC595 74HC595 74HC595N 8-Bit Shift Registers With 3-State Output Registers DIP16 1 Piece,Zhonghaisun,other,<a_5>,<a_5><b_209>,<c_92>,<a_30>,<a_30><b_140>
3080,SGS Tool Company 11703 SC-1 Double Cut Carbide Bur 1/4 Diameter 1/4 Shank Diameter,SGS Tool Company,gauge_meter,<a_199>,<a_199><b_128>,<c_39>,<a_193>,<a_193><b_75>
3081,KOOKYE Mega328 Transistor Tester Diode Triode Capacitance ESR Meter MOS/PNP/NPN L/C/R with Clear case,KOOKYE,gauge_meter,<a_91>,<a_91><b_15>,<c_222>,<a_36>,<a_36><b_183>
3082,"Loc-Line Coolant Hose Component, Acetal Copolymer, Wye Connector, 1/2"" Hose ID (Pack of 2)",Loc-Line,connector_fitting,<a_165>,<a_165><b_79>,<c_1>,<a_228>,<a_228><b_70>
3083,Elitech WJL-6000 Portable Refrigerant Halogen Leak Detector Tester Air Condition HVAC R22 R410A R134A CFCs HCFCs HFCs Detects,Elitech,other,<a_167>,<a_167><b_20>,<c_219>,<a_158>,<a_158><b_21>
3084,Capacitance Meter DIY KIT,JYETech,gauge_meter,<a_127>,<a_127><b_61>,<c_105>,<a_36>,<a_36><b_112>
3085,JOYSA 5PCS 0.4mm Drill Bits for 3D MakerBot Printer Nozzle Cleaning Kit BY JOYSA US Registered Brand,JOYSA,other,<a_85>,<a_85><b_85>,<c_161>,<a_17>,<a_17><b_235>
3086,Uxcell a13100900ux0307 Square Wave Signal Generator NE555 Pulse Module w LED Indicator 5-15V,uxcell,other,<a_193>,<a_193><b_180>,<c_47>,<a_30>,<a_30><b_100>
3087,10 Pcs VicTsing&reg; 5m USB Waterproof Endoscope Borescope Inspection Camera,VicTsing 5m USB Waterproof Endoscope Borescope Inspection Camera,other,<a_236>,<a_236><b_20>,<c_172>,<a_180>,<a_180><b_185>
3088,6PCS x Custom Machined All Metal Heatbreak for V6 RepRap 3D Printer Hotend 1.75mm and Clones,RepRap Champion,3d_filament,<a_120>,<a_120><b_102>,<c_4>,<a_91>,<a_91><b_129>
3089,"Filabot XTC24 XTC-3D High Performance Print Coating, 24 oz, Clear",Filabot,other,<a_234>,<a_234><b_88>,<c_39>,<a_223>,<a_223><b_201>
3090,"WoodPro Fasteners AP9X212-1 #9 by 2-1/2-Inch All Purpose Wood Construction Screws, T25, 1LB Net Weight",WoodPro Fasteners,fastener,<a_33>,<a_33><b_38>,<c_41>,<a_224>,<a_224><b_230>
3091,uxcell 10 Pcs G5T16-E1Z200A06 Miniature Micro Limit Switch Long Hinge Roller Lever Arm SPDT Snap Action LOT,uxcell,other,<a_196>,<a_196><b_41>,<c_116>,<a_236>,<a_236><b_108>
3092,WallPeg pegboard hooks &ndash; locking peg hooks &ndash; 50 peg kit for tool storage and craft organizer,WallPeg,other,<a_2>,<a_2><b_57>,<c_0>,<a_42>,<a_42><b_87>
3093,"Industrial & Scientific"" />",Precise,metadata_placeholder,<a_191>,<a_191><b_2>,<c_87>,<a_15>,<a_15><b_204>
3094,Powerbuilt 648439 Adjustable Cylinder Hone Deglazer,Powerbuilt,other,<a_42>,<a_42><b_123>,<c_175>,<a_159>,<a_159><b_149>
3095,"HATCHBOX PLA 3D Printer Filament, Dimensional Accuracy +/- 0.03 mm, 1 kg Spool, 1.75 mm, Transparent Green",HATCHBOX,3d_filament,<a_58>,<a_58><b_172>,<c_109>,<a_223>,<a_223><b_198>
3096,"HATCHBOX 3D Printer Filament, Dimensional Accuracy +/- 0.03 mm, 1 kg Spool, 1.75 mm, Bronze",HATCHBOX,3d_filament,<a_58>,<a_58><b_65>,<c_41>,<a_223>,<a_223><b_198>
3097,HICTOP 5 Pcs 100K ohm NTC Thermistors/Temp Sensor for Reprap 3D printer,HICTOP,3d_filament,<a_9>,<a_9><b_225>,<c_67>,<a_91>,<a_91><b_16>
3098,"SainSmart PETG-1KG1.75 PETG 3D Printers Filament, 1 kg/2.2 lb.",SainSmart,3d_filament,<a_71>,<a_71><b_88>,<c_83>,<a_223>,<a_223><b_126>
3099,"[POWER] Alchement - Flexible(TPU) Series, 3D Filament, 1.75mm, 1kg (White)",Alchement,3d_filament,<a_234>,<a_234><b_154>,<c_43>,<a_223>,<a_223><b_245>
3100,"Pro Tapes PRO-46/BLK260 PRO-46 Colored Masking Tape: 2"" x 60 yd, Black",Pro Tapes,tape,<a_229>,<a_229><b_70>,<c_21>,<a_202>,<a_202><b_62>
3101,PolyMax PLA True Black - 1.75mm (0.75kg),Polymaker,3d_filament,<a_237>,<a_237><b_64>,<c_200>,<a_223>,<a_223><b_145>
3102,"25 3/8"" Inch Chrome Steel Bearing Balls G25",BC Precision,other,<a_185>,<a_185><b_42>,<c_0>,<a_71>,<a_71><b_104>
3103,"HATCHBOX PETG 3D Printer Filament, Dimensional Accuracy +/- 0.03 mm, 1 kg Spool, 1.75 mm, Gold",HATCHBOX,3d_filament,<a_58>,<a_58><b_251>,<c_64>,<a_223>,<a_223><b_72>
3104,Uxcell a15011600ux0239 2 Sets 1K 2K 5K 10K Ohm Linear Taper Rotary Potentiometer Pot,uxcell,tape,<a_121>,<a_121><b_21>,<c_117>,<a_73>,<a_73><b_123>
3105,"Lexan Sheet - Polycarbonate - .118"" - 1/8"" Thick, Clear, 12"" x 12"" Nominal",Plastics 2000,other,<a_115>,<a_115><b_192>,<c_17>,<a_79>,<a_79><b_45>
3106,"Rust-Oleum 214382Heavy-Duty Degreaser, 32-Ounce",Rust-Oleum,other,<a_225>,<a_225><b_255>,<c_75>,<a_66>,<a_66><b_92>
3107,"uxcell a12071000ux0902 5 Pcs SPST On Off Black Snap in Boat Rocker Switch AC 250V/16A 125V/16A, Pack of 5",uxcell,other,<a_217>,<a_217><b_159>,<c_184>,<a_236>,<a_236><b_18>
3108,uxcell Metric Thickness Feeler Gage Gauge (0.02-1.00mm),uxcell,gauge_meter,<a_164>,<a_164><b_141>,<c_133>,<a_104>,<a_104><b_169>
3109,Distiller Residue Cleaner 1lb.,Surpass Chemicals,other,<a_74>,<a_74><b_234>,<c_3>,<a_66>,<a_66><b_99>
3110,"CMS Magnetics Ceramic Magnet 1 7/8"" x 7/8"" x 3/8"" Rectangle, Package of 12 Ceramic 8 Hard Ferrite",CMS MAGNETICS,other,<a_161>,<a_161><b_103>,<c_107>,<a_251>,<a_251><b_225>
3111,"Vestil BTL-RC-4 Low Density Polyethylene (LDPE) Round Squeeze Dispensing Bottle with Removable Red Cap, 4 oz Capacity, Clear",Vestil,other,<a_112>,<a_112><b_241>,<c_144>,<a_150>,<a_150><b_129>
3112,"3D Solutech Real Black 3D Printer PLA Filament 1.75MM Filament, Dimensional Accuracy +/- 0.03 mm, 2.2 LBS (1.0KG) - PLA175RBLK",3D Solutech,3d_filament,<a_58>,<a_58><b_78>,<c_198>,<a_223>,<a_223><b_80>
3113,Inland 1.75mm Silver PLA 3D Printer Filament - 1kg Spool (2.2 lbs),Inland,3d_filament,<a_237>,<a_237><b_122>,<c_8>,<a_158>,<a_158><b_72>
3114,Inland 1.75mm Purple PLA 3D Printer Filament - 1kg Spool (2.2 lbs),Inland,3d_filament,<a_237>,<a_237><b_122>,<c_42>,<a_158>,<a_158><b_72>
3115,"eSUN 1.75mm Gray PLA PRO (PLA+) 3D Printer Filament 1KG Spool (2.2lbs), Gray",eSUN,3d_filament,<a_237>,<a_237><b_226>,<c_18>,<a_223>,<a_223><b_144>
3116,PYREX Heavy Duty Griffin 1003 600mL Beaker Double Scale Graduated; Each,Pyrex,other,<a_251>,<a_251><b_53>,<c_1>,<a_94>,<a_94><b_172>
3117,"Karter Scientific 208U2 Plastic Test Tube Rack for 15/17 mm Tubes, Holds 50, Detachable",Karter Scientific,other,<a_245>,<a_245><b_112>,<c_111>,<a_94>,<a_94><b_228>
3118,"Loctite 1515861 Polyseamseal Tub and Tile Adhesive Caulk, 5.5-Ounce Tube, White",Loctite,adhesive_epoxy,<a_10>,<a_10><b_6>,<c_55>,<a_244>,<a_244><b_214>
3119,"Pack of 12 3/8"" - 24 Fittings for 3/16"" tube",thestopshop,connector_fitting,<a_172>,<a_172><b_22>,<c_167>,<a_108>,<a_108><b_253>
3120,"Well Pump Wire Splice Kit, Submersible 3M Dual Wall Heat Shrink Tubing and Copper Connector for 4 Wires, 10#12#14 AWG.",Tuhorse,connector_fitting,<a_253>,<a_253><b_103>,<c_164>,<a_228>,<a_228><b_125>
3121,"3M General Purpose Vinyl Tape 764 Yellow, 2 in x 36 yd 5.0 mil (Pack of 1)",3M,tape,<a_14>,<a_14><b_236>,<c_156>,<a_202>,<a_202><b_210>
3122,"Hy-Ko Products 838 Beware of Dog Aluminum Sign 9.25"" x 14""  Orange/Black, 1 Piece",Hy-Ko Products,ventilation_fan,<a_21>,<a_21><b_3>,<c_67>,<a_68>,<a_68><b_65>
3123,"Gorilla Tape, Silver Duct Tape, 1.88"" x 35 yd, Silver, (Pack of 1)",Gorilla,tape,<a_59>,<a_59><b_154>,<c_102>,<a_202>,<a_202><b_52>
3124,"Industrial & Scientific"" />",Nasco,metadata_placeholder,<a_49>,<a_49><b_170>,<c_9>,<a_15>,<a_15><b_243>
3125,"E-Projects 10EP514470R 470 Ohm Resistors, 1/4 W, 5% (Pack of 10)",E-Projects,other,<a_101>,<a_101><b_173>,<c_188>,<a_73>,<a_73><b_224>
3126,ARB Products 10100020 20000 lbs Snatch Block,ARB,ventilation_fan,<a_46>,<a_46><b_51>,<c_138>,<a_71>,<a_71><b_116>
3127,"Campbell 1/4"" x 250' Galvanized Cable 7000827 Aircraft Cable",Apex Tool Group,other,<a_186>,<a_186><b_239>,<c_160>,<a_67>,<a_67><b_192>
3128,"VenTech VT IF6+CF6 IF6CF620 Inline Duct Fan with Virgin Charcoal Carbon Filter Combo, 440 CFM, 6",VenTech,ventilation_fan,<a_3>,<a_3><b_216>,<c_53>,<a_109>,<a_109><b_39>
3129,Hydrometer (Triplescale),Midwest Homebrewing and Winemaking Supplies,gauge_meter,<a_107>,<a_107><b_88>,<c_135>,<a_94>,<a_94><b_243>
3130,"100ml Graduated Cylinder, Borosilicate 3.3 Glass, Single Metric Scale, Karter Scientific 213I12 (Single)",Karter Scientific,other,<a_251>,<a_251><b_213>,<c_251>,<a_94>,<a_94><b_235>
3131,"H-B DURAC B60800-3100 General Purpose Liquid-In-Glass Thermometer; -20 to 150&deg;C, Total Immersion, Organic Liquid Fill",SP Scienceware,gauge_meter,<a_16>,<a_16><b_55>,<c_41>,<a_107>,<a_107><b_10>
3132,"Philips Sonicare Diamond Clean Rechargeable Toothbrush w/Deep Clean Mode with Adaptive Clean Brush Head, Black",Philips Sonicare,other,<a_122>,<a_122><b_115>,<c_106>,<a_24>,<a_24><b_20>
3133,"MG Chemicals PETG 3D Printer Filament, 1.75 mm, 0.5 kg, White",MG Chemicals,3d_filament,<a_58>,<a_58><b_185>,<c_8>,<a_223>,<a_223><b_126>
3134,"RepRapDiscount, Hexagon Full Metal Hot End, Hotend, 1.75mm, .4mm nozzle",RepRapdiscount,other,<a_120>,<a_120><b_60>,<c_39>,<a_91>,<a_91><b_129>
3135,"Industrial & Scientific"" />","Sterling Seal & Supply, Inc. (STCC)",metadata_placeholder,<a_191>,<a_191><b_226>,<c_196>,<a_15>,<a_15><b_96>
3136,"HATCHBOX PLA 3D Printer Filament, Dimensional Accuracy +/- 0.03 mm, 1 kg Spool, 1.75 mm, Copper",HATCHBOX,3d_filament,<a_58>,<a_58><b_172>,<c_66>,<a_223>,<a_223><b_198>
3137,"3M Dual Lock Reclosable Fastener SJ3560 250 Clear, 1 in x 6 Ft",3M,fastener,<a_175>,<a_175><b_182>,<c_245>,<a_68>,<a_68><b_32>
3138,Lisle 20400 Universal Shock Absorber Tool,Lisle,other,<a_228>,<a_228><b_193>,<c_206>,<a_108>,<a_108><b_182>
3139,Dynatron 570 Auto Seam Sealer White Caulk - 12 oz.,3M,other,<a_160>,<a_160><b_52>,<c_234>,<a_244>,<a_244><b_25>
3140,TapeCase College Dorm Tape Kit,TapeCase,tape,<a_20>,<a_20><b_251>,<c_168>,<a_206>,<a_206><b_138>
3141,"Stack-On SPAD-60, Desiccant, 60 Cubic Feet, 10 Pack, White",Stack-On,other,<a_238>,<a_238><b_100>,<c_5>,<a_150>,<a_150><b_173>
3142,"3M Easy Trap Duster, 5"" x 6"" x 30' Dusting Cloth (8 Boxes of 60 Sheets)",3M,other,<a_235>,<a_235><b_112>,<c_209>,<a_24>,<a_24><b_209>
3143,"Crest 3D White Advanced Vivid Flouride Toothpaste, Invigorating Mint, 4.1-ounce Packaging may Vary",Crest,other,<a_15>,<a_15><b_82>,<c_128>,<a_66>,<a_66><b_132>
3144,"Colgate Max Fresh Toothpaste with Mini Breath Strips, Clean Mint, 6 Ounces (Pack of 6)",Colgate,other,<a_15>,<a_15><b_41>,<c_173>,<a_66>,<a_66><b_31>
3145,Dirt Devil Vacuum Cleaner Pro Power Bagless Corded Upright Vacuum UD70172,Hoover,other,<a_194>,<a_194><b_63>,<c_123>,<a_24>,<a_24><b_233>
3146,Eureka AirSpeed AS1001A Gold Bagless Upright,Eureka,other,<a_194>,<a_194><b_211>,<c_243>,<a_24>,<a_24><b_39>
3147,GE SEALANTS & ADHESIVES M90001 8OZ Caulk Smoother,GE,adhesive_epoxy,<a_157>,<a_157><b_154>,<c_118>,<a_244>,<a_244><b_204>
3148,Plasti Dip Intnl LT140Z1 C Intl. Let14Z01 Liquid Electrical Tape Bottle,Plastic Dip Intl.,tape,<a_76>,<a_76><b_165>,<c_239>,<a_228>,<a_228><b_127>
3149,"Understring Radius Gauges. Set of 9, for bridge saddle adjustments",amplified_parts,gauge_meter,<a_16>,<a_16><b_38>,<c_89>,<a_104>,<a_104><b_242>
3150,"Brute 2632 BLU 22"" Diameter x 27-1/4"" Height, 32 gallon Blue LLDPE Heavy-Duty Round Container without Lid",Rubbermaid Commercial Products,gauge_meter,<a_214>,<a_214><b_31>,<c_244>,<a_210>,<a_210><b_69>
3151,Anycubic Pulley Version Unassemble Delta Rostock 3D Printer Kossel Kit Large Print Size with Heatbed and Power Supply,Anycubic,3d_filament,<a_255>,<a_255><b_35>,<c_143>,<a_158>,<a_158><b_211>
3152,"60pcs Splice Wire Connectors, Sopoby Quick Disconnects Wire Terminals, Fully Insulated Male Spade Crimp Connector Set, Yellow/Blue/Red",Sopoby,connector_fitting,<a_253>,<a_253><b_210>,<c_12>,<a_67>,<a_67><b_159>
3153,"WORKSHOP Wet/Dry Vacs WS1600SS Stainless Steel 6.5-Peak Wet Dry Vacuum Cleaner, 16 Gallon",Workshop,other,<a_176>,<a_176><b_183>,<c_152>,<a_24>,<a_24><b_11>
3154,"TwoUp 3D Printer Kit 7"" x 7"" x 5"" Build Dimensions 50 Micron 1.75mm PLA Filament",Q3D,3d_filament,<a_140>,<a_140><b_55>,<c_64>,<a_91>,<a_91><b_197>
3155,"HATCHBOX PETG 3D Printer Filament, Dimensional Accuracy +/- 0.03 mm, 1 kg Spool, 1.75 mm, Orange",HATCHBOX,3d_filament,<a_58>,<a_58><b_251>,<c_78>,<a_223>,<a_223><b_72>
3156,3M 08115 Panel Bonding Adhesive - 200 ml,3M,adhesive_epoxy,<a_198>,<a_198><b_247>,<c_236>,<a_99>,<a_99><b_86>
3157,Hilitchi 100pcs 12-10 Gauge Butt Insulated Splice Terminals Electrical Wire Crimp Connectors (Yellow / 12-10AWG),Hilitchi,connector_fitting,<a_253>,<a_253><b_209>,<c_199>,<a_67>,<a_67><b_160>
3158,"10ml Graduated Cylinder, Borosilicate 3.3 Glass, Single Metric Scale, Karter Scientific 213I10 (Single)",Karter Scientific,other,<a_251>,<a_251><b_213>,<c_46>,<a_94>,<a_94><b_235>
3159,"Uxcell a11063000ux0053 DPDT HH52P Coil 8 Pin General Purpose Relay with PYF08A Socket, DC 12V",uxcell,other,<a_183>,<a_183><b_16>,<c_37>,<a_236>,<a_236><b_226>
3160,Prestige Sphygmomanometer & Stethoscope Kit with Matching Black Carrying Case,PRESTIGE,gauge_meter,<a_218>,<a_218><b_78>,<c_217>,<a_180>,<a_180><b_75>
3161,"Prestige Medical Aneroid Sphygmomanometer/Sprague-Rappaport Kit, Leopard Print Cream",Prestige Medical,gauge_meter,<a_218>,<a_218><b_144>,<c_215>,<a_180>,<a_180><b_97>
3162,"Chemglass, CG-1983-12 Micro Spoon Spatula, 6-1/2 Overall Length, 5-3/4 Handle, Stainless Steel , Non-Magnetic x 3/16 Width",Chemglass,other,<a_161>,<a_161><b_93>,<c_41>,<a_180>,<a_180><b_221>
3163,"Scott Essential Multifold Paper Towels (01804) with Fast-Drying Absorbency Pockets, White, 16 Packs / Case, 250 Multifold Towels / Pack",Kimberly-Clark Professional,other,<a_170>,<a_170><b_232>,<c_19>,<a_210>,<a_210><b_45>
3164,"Boston Round Bottles, 1 oz. Pack of 12",Premium Life,other,<a_74>,<a_74><b_150>,<c_234>,<a_150>,<a_150><b_189>
3165,"SainSmart 1.75mm PLA Filament 1kg/2.2lb for 3D Printers Reprap, MakerBot (Fluorescein Green)",SainSmart,3d_filament,<a_237>,<a_237><b_148>,<c_24>,<a_223>,<a_223><b_89>
3166,Fouring BL Car Wide Angle Rear View Multi Blind Spot Mirror 3M VHB Tape,Fouring,tape,<a_129>,<a_129><b_235>,<c_109>,<a_180>,<a_180><b_192>
3167,"Pratt PRA0008 100% Recycled Corrugated Cardboard Box, 6"" Length x 6"" Width x 4"" Height, Kraft pack of 25",Pratt,other,<a_150>,<a_150><b_215>,<c_26>,<a_210>,<a_210><b_74>
3168,"Vestil BTL-RC-6 Low Density Polyethylene (LDPE) Round Squeeze Dispensing Bottle with Removable Red Cap, 6 oz Capacity, Clear",Vestil,other,<a_112>,<a_112><b_241>,<c_31>,<a_150>,<a_150><b_129>
3169,"Panasonic EW-DS90-S Compact Battery-Powered Toothbrush, Silver",Panasonic,other,<a_57>,<a_57><b_88>,<c_136>,<a_197>,<a_197><b_165>
3170,"Loos Stainless Steel 302/304 Wire Rope, 1x7 Strand, 3/64"" Bare OD, 250' Length, 375 lbs Breaking Strength",Loos & Co.,other,<a_185>,<a_185><b_198>,<c_250>,<a_71>,<a_71><b_119>
3171,Signstek 10 PCS Reprap 12V 40W 620 Ceramic Cartridge Heater for 3D Printer Prusa Mendel,Signstek,3d_filament,<a_255>,<a_255><b_251>,<c_137>,<a_158>,<a_158><b_172>
3172,BIQU Aluminum Heater Block Specialized for MK7 MK8 3D Printer Extruder(Pack of 5pcs),BIQU,3d_filament,<a_190>,<a_190><b_134>,<c_24>,<a_23>,<a_23><b_93>
3173,Stens 100-758 Air Filter,Stens,other,<a_232>,<a_232><b_207>,<c_77>,<a_159>,<a_159><b_161>
3174,1/4 Inch-20x1/2 Inch Hex Socket Button Head Bolts Screws 50pcs,uxcell,fastener,<a_6>,<a_6><b_221>,<c_93>,<a_224>,<a_224><b_42>
3175,microtivity IL112 5mm Clear Red LED w/ Resistors (Pack of 30),microtivity,other,<a_30>,<a_30><b_173>,<c_8>,<a_73>,<a_73><b_141>
3176,"Philips Sonicare 2 Series plaque control rechargeable electric toothbrush, HX6211/04",Philips Sonicare,other,<a_122>,<a_122><b_200>,<c_168>,<a_24>,<a_24><b_20>
3177,Video Surveillance Sign - No Trespassing Violators Will Be Prosecuted Legend 10 X 14 High Quality Aluminum,Sigo Signs,other,<a_21>,<a_21><b_165>,<c_70>,<a_68>,<a_68><b_193>
3178,Signstek Upgrade Portable Mini Nano ARM DSO211 Pocket-sized Handheld Digital Storage Oscilloscope,Signstek,other,<a_193>,<a_193><b_129>,<c_234>,<a_36>,<a_36><b_174>
3179,Uxcell a11053100ux0301 Female RF Coaxial Connector Straight (Pack of 5),uxcell,connector_fitting,<a_209>,<a_209><b_209>,<c_77>,<a_23>,<a_23><b_148>
3180,"uxcell 5 Pcs Common Cathode 12 Terminals 4 Bit 7 Segment 0.36"" Red LED Display Digital Tube",uxcell,connector_fitting,<a_30>,<a_30><b_75>,<c_142>,<a_73>,<a_73><b_208>
3181,Hydrion Ph paper (93) with Dispenser and Color Chart - Full range Insta Chek ph- 0-13,MicroEssential Lab aysfh,other,<a_69>,<a_69><b_204>,<c_79>,<a_94>,<a_94><b_175>
3182,XCSOURCE 1 Set 6X8MM Head Tungsten Carbide Burrs For Rotary Drill Die Grinder Carving Bit BI044,XCSOURCE,other,<a_78>,<a_78><b_216>,<c_80>,<a_193>,<a_193><b_207>
3183,99% PURE Copper Sulfate Pentahydrate Crystals (2 lb),FDC,other,<a_135>,<a_135><b_65>,<c_186>,<a_173>,<a_173><b_24>
3184,"Velleman AS4 Anti-Static Mat with Ground Cable - Desktop static dissipative mat - 11.8"" x 22",Velleman,other,<a_95>,<a_95><b_46>,<c_109>,<a_23>,<a_23><b_205>
3185,Genuine E3D V6 All-Metal HotEnd 1.75mm Universal w/ Bowden Full Kit 12V (V6-175-B),E3D,other,<a_120>,<a_120><b_77>,<c_237>,<a_91>,<a_91><b_219>
3186,Original Prusa i3 3D Printer kit,Trovole,3d_filament,<a_140>,<a_140><b_90>,<c_46>,<a_91>,<a_91><b_176>
3187,"Eagle 1202 Galvanized Steel Poly Tube Cigarette Butt Receptacle, 2-1/2 gallon Capacity, 35"" Height, 11"" Diameter, Yellow",Eagle,gauge_meter,<a_248>,<a_248><b_228>,<c_171>,<a_210>,<a_210><b_253>
3188,"Silica Gel Desiccant Packets by LotFancy, 5 Gram, Pack of 60, Safe Moisture Absorbing Drying Bulk Bags",LotFancy,ventilation_fan,<a_226>,<a_226><b_181>,<c_25>,<a_206>,<a_206><b_193>
3189,"1/2"" FPT TO 1/2"" BARB - Stainless Steel",Midwest Homebrewing and Winemaking Supplies,other,<a_118>,<a_118><b_68>,<c_174>,<a_108>,<a_108><b_239>
3190,TEMCo Heavy Duty Foot Switch CN0003 - Cast Aluminum Foot Switch 15A SPDT Electric Pedal Momentary 5 YEAR WARRANTY,Temco,other,<a_205>,<a_205><b_102>,<c_88>,<a_236>,<a_236><b_213>
3191,Home Brew Ohio 6839-5068 Triple Scale Hydrometer and Test Jar Combo,Home Brew Ohio,gauge_meter,<a_107>,<a_107><b_204>,<c_84>,<a_229>,<a_229><b_243>
3192,Macherey-Nagel 92110 0-14 pH Indicator Strips 100/Box,Macherey-Nagel,other,<a_69>,<a_69><b_165>,<c_68>,<a_94>,<a_94><b_211>
3193,"MadeSolid PET+ Filament, 1.75 mm diameter, 1 lb. Spool, Green",MadeSolid,3d_filament,<a_71>,<a_71><b_185>,<c_252>,<a_223>,<a_223><b_241>
3194,Silicone Sealant 100% RTV - 2.8 oz Squeeze Tube -Clear-,ASI,other,<a_41>,<a_41><b_74>,<c_2>,<a_244>,<a_244><b_202>
3195,"ETA hand2mind Graduated Measuring Cylinders, Polypropylene (Set of 7)",ETA hand2mind,other,<a_251>,<a_251><b_184>,<c_168>,<a_94>,<a_94><b_150>
3196,"Medline HCS8715M Mini Oxygen Regulator, Latex Free, 0-15 Liters per Minute, 870 CGA Connection, Brass Sleeve",Medline,fastener,<a_123>,<a_123><b_214>,<c_226>,<a_52>,<a_52><b_169>
3197,SEOH Beaker Tongs Made From 1/4 Thick Steel Rod,SEOH,other,<a_189>,<a_189><b_236>,<c_158>,<a_229>,<a_229><b_111>
3198,Inland 1.75mm Translucent Yellow PETG 3D Printer Filament - 1kg Spool (2.2 Lbs),Inland,3d_filament,<a_195>,<a_195><b_44>,<c_8>,<a_158>,<a_158><b_72>
3199,"cnsdistributing 6809 Proof and Tralle or% Alcohol Hydrometer Alcoholmeter Spiritometer for Moonshine Still, Spirits, Distilled",cnsdistributing,gauge_meter,<a_107>,<a_107><b_218>,<c_38>,<a_94>,<a_94><b_181>
3200,"Universal Glove Box Holder - Dispenser, Standard Size, Each",Dispensa-Glove,other,<a_53>,<a_53><b_219>,<c_42>,<a_44>,<a_44><b_29>
3201,SainSmart Wood-DarkBrown-1KG1.75 1.75 mm Wood 3D Printers Filament -1 kg/2.2 lb. (Dark Brown),SainSmart,3d_filament,<a_71>,<a_71><b_65>,<c_224>,<a_223>,<a_223><b_85>
3202,"XiKe 30012X (300 Qty) 1/2"" Steel Balls, Slingshot Ammo Steel shot - G100",XiKe,other,<a_138>,<a_138><b_34>,<c_130>,<a_71>,<a_71><b_207>
3203,100x European Male & Female Insulated Spade Quick Wire Crimp Connectors 22-16AWG,MECO,connector_fitting,<a_253>,<a_253><b_234>,<c_181>,<a_67>,<a_67><b_213>
3204,45ft 15M USB Cable Video Snake Pipe Inspection Tube Waterproof LED Plumb Camera Borescope Endoscope,YUMQUA,other,<a_236>,<a_236><b_141>,<c_193>,<a_180>,<a_180><b_130>
3205,"Stens 125-508 Oil Drain Valve, 3/8""- 18"" NPTF Threads, Uses 1/2"" hose, Quick twist and pull motion to open",Stens,connector_fitting,<a_134>,<a_134><b_245>,<c_250>,<a_159>,<a_159><b_54>
3206,Texas Instruments NE555P Single Precision Timer (Pack of 10),Texas Instruments,other,<a_91>,<a_91><b_47>,<c_1>,<a_30>,<a_30><b_191>
3207,"Tru-Flate 21-133 5/16"" Male Hose End Barb Type Hose Fitting",Tru-Flate,connector_fitting,<a_46>,<a_46><b_50>,<c_195>,<a_108>,<a_108><b_178>
3208,"Polycarbonate Tubing, 3/4"" ID x 1"" OD x 1/8"" Wall, Clear Color 24"" L",Small Parts,other,<a_67>,<a_67><b_249>,<c_42>,<a_228>,<a_228><b_194>
3209,Ancor Heat Shrink Ring Terminals,Ancor,connector_fitting,<a_253>,<a_253><b_82>,<c_0>,<a_67>,<a_67><b_199>
3210,Ancor Heat Shrink Ring Terminals,Ancor,connector_fitting,<a_253>,<a_253><b_82>,<c_0>,<a_67>,<a_67><b_199>
3211,Hobbypower 3D Printer Controller RAMPS 1.4 for REPRAP MENDEL PRUSA Arduino,Hobbypower,3d_filament,<a_9>,<a_9><b_164>,<c_2>,<a_91>,<a_91><b_79>
3212,Hoover CH30000 PortaPower Lightweight Commercial Canister Vacuum,Hoover Commercial,other,<a_213>,<a_213><b_76>,<c_122>,<a_24>,<a_24><b_166>
3213,"UP! Mini Fully Assembled 3D Printer, 4.75"" x 4.75"" x 4.75"" Maximum Build Dimensions, 0.20-mm Maximum Resolution, 1.75-mm ABS, PLA",Tiertime,3d_filament,<a_140>,<a_140><b_55>,<c_237>,<a_91>,<a_91><b_197>
3214,SEOH Beaker Borosilicate Glass Low Form Graduated 250ml Each,SEOH,other,<a_251>,<a_251><b_202>,<c_162>,<a_94>,<a_94><b_40>
3215,"HATCHBOX ABS 3D Printer Filament, Dimensional Accuracy +/- 0.03 mm, 1 kg Spool, 1.75 mm, Copper",HATCHBOX,3d_filament,<a_58>,<a_58><b_115>,<c_73>,<a_223>,<a_223><b_198>
3216,"3D Printer Head(6PCS),6PCS 3D Printer 0.4mm Extruder Brass Nozzle Print Head for MK8 1.75mm ABS PLA Printer(0.4mm)",ILamourCar,3d_filament,<a_140>,<a_140><b_92>,<c_110>,<a_91>,<a_91><b_105>
3217,GE 50958 Electrical Tape (Discontinued by Manufacturer),GE,tape,<a_87>,<a_87><b_138>,<c_14>,<a_233>,<a_233><b_190>
3218,TMS Precision Variable Adjustable 30v 5a Dc Power Supply Digital Regulated Lab Grade,TMS,other,<a_127>,<a_127><b_143>,<c_182>,<a_30>,<a_30><b_12>
3219,"MedPride Powder-Free Nitrile Exam Gloves, Large, Box/100",MED PRIDE,other,<a_146>,<a_146><b_9>,<c_23>,<a_44>,<a_44><b_218>
3220,4M Table Top Robot,4M,other,<a_243>,<a_243><b_121>,<c_232>,<a_87>,<a_87><b_176>
3221,"MG Chemicals 8329TCM Thermal Conductive Adhesive, Medium Cure, 14 g, 2 Dispeners",MG Chemicals,adhesive_epoxy,<a_222>,<a_222><b_67>,<c_223>,<a_79>,<a_79><b_199>
3222,"Glass Stir Rod 8"", 12/pk",Scientific Strategies,other,<a_226>,<a_226><b_177>,<c_238>,<a_17>,<a_17><b_26>
3223,"Karter Scientific 207B3 Vol 10ml, Screw Top, Plastic Test Tubes & Caps, Round, 16x100mm (Pack of 25)",Karter Scientific,fastener,<a_201>,<a_201><b_25>,<c_162>,<a_94>,<a_94><b_11>
3224,"Hot Rolled Steel Rectangular Tubing, ASTM A36, 2"" x 4"", 0.12"" Wall, 48"" Length",Small Parts,other,<a_96>,<a_96><b_29>,<c_168>,<a_17>,<a_17><b_138>
3225,"Hot Rolled Steel Rectangular Tubing, ASTM A36, 1-1/2"" x 4"", 0.12"" Wall, 12"" Length",Small Parts,other,<a_96>,<a_96><b_44>,<c_150>,<a_17>,<a_17><b_138>
3226,"American Educational 7-1847 Miniature Motor Model, 5-1/2""Length x 3-1/2"" Width x 4-1/4"" Height",American Educational Products,other,<a_139>,<a_139><b_252>,<c_214>,<a_109>,<a_109><b_223>
3227,Uxcell a13081200ux0271 600V 15A 12 Positions 12P Dual Rows Covered Barrier Screw Terminal Block (Pack of 5),uxcell,connector_fitting,<a_187>,<a_187><b_227>,<c_121>,<a_73>,<a_73><b_87>
3228,URBEST&reg; 400V 10A 12 Postions Pre Insulated Fork Terminal Stripes 4 Pcs,URBEST,connector_fitting,<a_159>,<a_159><b_204>,<c_0>,<a_67>,<a_67><b_136>
3229,"100 qty 1/4"" Stainless Steel Flat Washers (18-8 Stainless)",The Rivet Gallery,other,<a_138>,<a_138><b_244>,<c_107>,<a_108>,<a_108><b_84>
3230,"E-Z Lok Threaded Insert, Brass, Knife Thread, 5/16""-18 Internal Threads, 0.625"" Length (Pack of 10)",E-Z LOK,other,<a_228>,<a_228><b_103>,<c_134>,<a_224>,<a_224><b_133>
3231,"Vestil BTL-RC-8 Low Density Polyethylene (LDPE) Round Squeeze Dispensing Bottle with Removable Red Cap, 8 oz Capacity, Clear",Vestil,other,<a_112>,<a_112><b_241>,<c_53>,<a_150>,<a_150><b_129>
3232,"TEMCo 3/8"" Marine Heat Shrink Tube 3:1 Adhesive Glue Lined 4 ft BLACK",Temco,adhesive_epoxy,<a_254>,<a_254><b_114>,<c_61>,<a_228>,<a_228><b_198>
3233,American Educational Clear Flint Glass 250mL Wide Mouth Reagent Bottle with Ground Glass Stopper (Bundle of 5),American Educational Products,other,<a_86>,<a_86><b_1>,<c_220>,<a_94>,<a_94><b_38>
3234,"Ginsberg Scientific 6MMSLT-24 Flint Glass Tubing, 6mm OD x 4mm ID, 1 lb. Pack",Ginsberg Scientific,other,<a_49>,<a_49><b_71>,<c_187>,<a_229>,<a_229><b_36>
3235,Uxcell s14032800am0476 Red Mushroom Cap 1NO 1NC DPST Emergency Stop Push Button Switch AC 660V 10A,uxcell,other,<a_173>,<a_173><b_46>,<c_99>,<a_236>,<a_236><b_38>
3236,Pack of 6 - 4oz Cobalt Glass Boston Round Bottles with Pump Tops,Eclectic Supply,other,<a_135>,<a_135><b_111>,<c_201>,<a_150>,<a_150><b_14>
3237,"Vivaplex B2-OR24 Glass Bottles with Orifice Reducers and Black Caps, 2 ml Capacity, Amber (Pack of 24)",Vivaplex,other,<a_112>,<a_112><b_218>,<c_251>,<a_150>,<a_150><b_141>
3238,Empire Level 10304 Router Depth Gauge and Saw Depth Gauge,Empire Level,gauge_meter,<a_108>,<a_108><b_40>,<c_202>,<a_104>,<a_104><b_68>
3239,Hoover SteamVac Hose for F6 Series 43436023 90001334,Hoover,connector_fitting,<a_19>,<a_19><b_58>,<c_183>,<a_24>,<a_24><b_130>
3240,"C-Clear 44 Lens Cleaning Cleaner Solution, 1 Gallon Capacity",Leader,other,<a_171>,<a_171><b_212>,<c_109>,<a_44>,<a_44><b_12>
3241,"ABN Aluminum Rivet Assortment Set 500-Piece Rivets Kit &ndash; 1/8""x1/4"", 1/8""x5/16"", 1/8""x3/8"", 3/16""x5/16"", 3/16""x3/8"" Inch",ABN,other,<a_188>,<a_188><b_12>,<c_232>,<a_17>,<a_17><b_105>
3242,TRS 3.5mm to BNC probe adapter,GABOTRONICS,other,<a_36>,<a_36><b_170>,<c_246>,<a_211>,<a_211><b_47>
3243,"Rubbermaid Commercial BRUTE Trash Can, 32 Gallon, Yellow, FG263200YEL",Rubbermaid Commercial Products,other,<a_214>,<a_214><b_157>,<c_43>,<a_210>,<a_210><b_53>
3244,"BigMouth Inc The Mini Curbside Trash and Recycle Can Set, 5-inch Tall Desktop Organizer, Pencil Holder for Desk",BigMouth Inc,other,<a_214>,<a_214><b_42>,<c_124>,<a_210>,<a_210><b_98>
3245,MakerBot Smart Extruder+ (For Z18) MP07376,MakerBot,other,<a_140>,<a_140><b_39>,<c_117>,<a_91>,<a_91><b_145>
3246,GQ GMC300EPlus Fulfill Digital Nuclear Radiation Detector Monitor Meter,GQ,gauge_meter,<a_104>,<a_104><b_208>,<c_109>,<a_153>,<a_153><b_226>
3247,HICTOP 3D Printer Control Board MKS Base V1.3 RepRap Arduino-Compatible Mother Board,HICTOP,3d_filament,<a_9>,<a_9><b_202>,<c_133>,<a_91>,<a_91><b_79>
3248,SEOH 500ml Long Neck Round Bottom Boiling Flask,SEOH,other,<a_86>,<a_86><b_5>,<c_4>,<a_94>,<a_94><b_177>
3249,"American Educational 7-G87-A Stamped Steel Support Ring Stand with 2 Rings, 6"" Length x 4"" Width Base Size",American Educational Products,other,<a_39>,<a_39><b_251>,<c_84>,<a_87>,<a_87><b_150>
3250,"Owon PDS5022T Portable Digital Storage Oscilloscope and Digital Multimeter, 2 Channels, 25MHz, 100MS/s Sample Rate",OWON,gauge_meter,<a_7>,<a_7><b_226>,<c_124>,<a_197>,<a_197><b_255>
3251,"SainSmart Mini DSO203 Handheld Pocket-Sized Digital Storage Oscilloscope 4 Channels, 8MHz Analog Bandwidth, 72 MSps Sample Rate (DSO203-Plastic)",SainSmart,other,<a_193>,<a_193><b_56>,<c_7>,<a_36>,<a_36><b_174>
3252,"ZING 2268 Eco Parking Sign, No Parking Anytime, Left and Right Arrow, 18Hx12W, Engineer Grade Prismatic, Recycled Aluminum",Zing Green Products,other,<a_21>,<a_21><b_8>,<c_143>,<a_68>,<a_68><b_45>
3253,"3M 3960-RD Red Duct Tape, 1.88 Inches by 60 Yards",3M,tape,<a_59>,<a_59><b_48>,<c_4>,<a_202>,<a_202><b_197>
3254,ETA hand2mind Dual-Dial Analog Platform Scale - Simple Enough for Kids and Great with Kitchen Food,ETA hand2mind,other,<a_98>,<a_98><b_180>,<c_205>,<a_229>,<a_229><b_105>
3255,"American Educational 7-880500-A Filtering Flask, Bomex Brand Clear Borosilicate Glass, 500mL Capacity",American Educational Products,other,<a_86>,<a_86><b_156>,<c_111>,<a_94>,<a_94><b_81>
3256,"Transfer Pipette, 3.0ml Graduated, 5.0ml Capacity, Large Bulb, 155mm, Karter Scientific 206H3 (Pack of 100)",Karter Scientific,other,<a_43>,<a_43><b_88>,<c_243>,<a_94>,<a_94><b_69>
3257,uxcell 20 pcs x Red Button 2 Pole SPST ON-OFF Mini Boat Rocker Switch 10A/125V 6A/250V AC,uxcell,other,<a_217>,<a_217><b_168>,<c_210>,<a_236>,<a_236><b_18>
3258,"Legris 6340 60 00WP2 LIQUIfit Push-to-Connect Fitting, Wye, 3/8"" Tube OD",Parker Legris,connector_fitting,<a_46>,<a_46><b_189>,<c_98>,<a_108>,<a_108><b_106>
3259,"System Three 1-Quart SculpWood Moldable Epoxy Putty, 90301",System Three,adhesive_epoxy,<a_211>,<a_211><b_178>,<c_106>,<a_165>,<a_165><b_6>
3260,Strmlght Tlr Remote Door/Switch Assy,Streamlight,other,<a_221>,<a_221><b_106>,<c_80>,<a_71>,<a_71><b_27>
3261,"Vivaplex, 12 Glass Bottles with Black Fine Mist Sprayers, 2 oz, Cobalt Blue",Vivaplex,other,<a_112>,<a_112><b_222>,<c_4>,<a_150>,<a_150><b_155>
3262,30-10071 Spdt N.o./n.c. Magnetic Reed Switch (1),Philmore LKG,other,<a_117>,<a_117><b_35>,<c_176>,<a_236>,<a_236><b_229>
3263,Wixey WR550 Remote Planer Readout,Wixey,other,<a_181>,<a_181><b_198>,<c_135>,<a_104>,<a_104><b_31>
3264,"Corning Pyrex 1000-600 Glass 600mL Graduated Low Form Griffin Beaker, 50mL Graduation Interval, with Double Scale",Corning,other,<a_226>,<a_226><b_221>,<c_5>,<a_17>,<a_17><b_99>
3265,Whirlpool 9709231 Replacement Gear Parts,Whirlpool,other,<a_246>,<a_246><b_0>,<c_224>,<a_109>,<a_109><b_60>
3266,2x ATMEL ATTINY85-20PU 8-BIT 20MHz MCU,Atmel,other,<a_5>,<a_5><b_117>,<c_80>,<a_30>,<a_30><b_1>
3267,"Filabot TB1 Taulman BRIDGE Filament, 1.75 mm, White",Filabot,3d_filament,<a_71>,<a_71><b_252>,<c_15>,<a_223>,<a_223><b_240>
3268,Cast Corner Bracket for 20mm Aluminum Extrusion 20x20x17mm (Pack of 10),Generic,other,<a_111>,<a_111><b_109>,<c_73>,<a_71>,<a_71><b_223>
3269,"EATON 659-SP 660-Watt 250-volt Medium Base Ceiling Receptacle Lamp Holder with Pull Chain, Porcelain, White",EATON Wiring,other,<a_217>,<a_217><b_13>,<c_78>,<a_236>,<a_236><b_119>
3270,"Stanley Swkbn625S Brad Nails, 5/8-Inch, 1000-Pack",Stanley,other,<a_136>,<a_136><b_85>,<c_116>,<a_42>,<a_42><b_229>
3271,"2"" Oil Filled Vacuum Pressure Gauge - SS/Br 1/4"" NPT Lower Mount, 30HG/0PSI",DuraChoice,gauge_meter,<a_123>,<a_123><b_99>,<c_243>,<a_229>,<a_229><b_169>
3272,"Uxcell a12073000ux0897 Plastic 5.3"" Liquid Dropper Pasteur Pipette",uxcell,other,<a_43>,<a_43><b_67>,<c_185>,<a_94>,<a_94><b_245>
3273,"5/8"" Heavy Duty Double Gripping Nylon Hose Clamps, 225&deg; F / 200 PSI Rated, 10 Pack (Made in USA/UK)",Koolertek,connector_fitting,<a_109>,<a_109><b_174>,<c_252>,<a_71>,<a_71><b_228>
3274,"Ribbed ""L"" Series Rivet Nuts - Material: Steel-Yellow Zinc, Thread Size: 8-32 UNC, Grip Range: .020-.080, 100 Piece Box",Jay-Cee Sales and Rivet Inc.,fastener,<a_162>,<a_162><b_131>,<c_213>,<a_224>,<a_224><b_240>
3275,Pyrex Erlenmeyer Flask Starter Pack,Corning,other,<a_86>,<a_86><b_104>,<c_175>,<a_94>,<a_94><b_195>
3276,Thick Glass Graduated Measuring Cylinder Set 5ml 10ml 50ml 100ml Glass with Two Brushes,Ronyes Lifescience,other,<a_251>,<a_251><b_99>,<c_124>,<a_94>,<a_94><b_155>
3277,"GSC International RS-SOLID-A Stoppers Rubber, Assorted Solid, 1 lb., Pack of 30",GSC International,other,<a_245>,<a_245><b_82>,<c_244>,<a_170>,<a_170><b_60>
3278,"213U6 Karter Scientific Reagent Bottle, Amber, 500mL, Narrow Mouth w/Stopper Size 33, 85mm x 172mm",Karter Scientific,other,<a_201>,<a_201><b_21>,<c_152>,<a_94>,<a_94><b_123>
3279,SEOH Graduated Cylinder Borosilicate Glass Round Base - Capacity (ml) 100 -,SEOH,other,<a_251>,<a_251><b_157>,<c_108>,<a_94>,<a_94><b_79>
3280,"Stanley Interlocking Anti-Fatigue Utility Mat &ndash; Edge (2-pack), 24-inch x 24-inch x 0.6-inch",Stanley,other,<a_235>,<a_235><b_91>,<c_60>,<a_68>,<a_68><b_34>
3281,"Rubbermaid Commercial Slim Jim End Step-On Trash Can, Stainless Steel, 13 Gallon, White",Rubbermaid Commercial Products,other,<a_214>,<a_214><b_144>,<c_147>,<a_210>,<a_210><b_247>
3282,TapeCase Art Tape Kit,TapeCase,tape,<a_20>,<a_20><b_65>,<c_217>,<a_206>,<a_206><b_138>
3283,"HM Digital 716160 COM-100 Waterproof Professional Series Combo Meter, 7"", White/Purple",HM Digital,gauge_meter,<a_25>,<a_25><b_126>,<c_105>,<a_36>,<a_36><b_60>
3284,Learning Resources Ph Paper,Learning Resources,other,<a_69>,<a_69><b_143>,<c_253>,<a_94>,<a_94><b_134>
3285,Propylene Glycol - Food Grade USP - 1 Gallon,Froggys Fog,other,<a_226>,<a_226><b_16>,<c_1>,<a_206>,<a_206><b_216>
3286,"Colgate Extra Clean Full Head, Medium Toothbrush, 4 Count",Colgate,other,<a_66>,<a_66><b_89>,<c_67>,<a_24>,<a_24><b_214>
3287,Pomona 1296 BNC (M) Binding Posts,Pomona,other,<a_118>,<a_118><b_199>,<c_138>,<a_170>,<a_170><b_226>
3288,"SCIGRIP 3 Acrylic Solvent Cement, Low-VOC, Water-thin, 1 Pint Can with Screw-on Cap, Clear",SCIGRIP,fastener,<a_124>,<a_124><b_216>,<c_1>,<a_165>,<a_165><b_219>
3289,WallPeg Pegboard Hooks - 100 pk. Flex-Lock J Style for Peg Board Tool Organizer - AM 114 B,WallPeg,other,<a_2>,<a_2><b_57>,<c_1>,<a_42>,<a_42><b_87>
3290,Rectorseal 31631 1/4 Pint Brush Top Tru-Blu&nbsp;Pipe Thread Sealant,Rectorseal,other,<a_75>,<a_75><b_73>,<c_180>,<a_244>,<a_244><b_151>
3291,Uxcell a11041200ux0135 1M Type K Thermocouple Wire Lead 0-250C,uxcell,other,<a_227>,<a_227><b_204>,<c_46>,<a_211>,<a_211><b_255>
3292,uxcell&reg; 5 Pcs AC 250V 3A SPST On/Off Self Locking Push Button Switch,uxcell,other,<a_117>,<a_117><b_186>,<c_19>,<a_236>,<a_236><b_80>
3293,"Duda Energy 2PCBV-WOG200-F100 Full Port Ball Valve, 1"" NPT, 2 Piece, 304 Stainless Steel with Blue Vinyl Handle, 1",Duda Energy,other,<a_51>,<a_51><b_108>,<c_73>,<a_108>,<a_108><b_104>
3294,"Funnel, Short stem, Glass - 100 mm. [ 1 Ea.]",Corning,other,<a_63>,<a_63><b_157>,<c_220>,<a_229>,<a_229><b_115>
3295,"Bertech Double Sided White PE Foam Tape, 1/16"" Thick, 3/4"" Wide x 36 Yards Long, White",Bertech,tape,<a_83>,<a_83><b_219>,<c_88>,<a_202>,<a_202><b_16>
3296,"Polyolefin 2:1 Heat Shrink Tubing 1/16, 1/8, 3/16, 1/4, 3/8, 1/2 , 3/4, 1 Inch",WindyNation,other,<a_32>,<a_32><b_251>,<c_11>,<a_228>,<a_228><b_61>
3297,"LDR 020 9645 Pressure Gauge, 3/4-Inch IPS, 200 lb. Pressure",LDR Industries,gauge_meter,<a_123>,<a_123><b_93>,<c_230>,<a_229>,<a_229><b_36>
3298,"Malida 1/4 inch Quick Connect Check Valve for RO purifiers Water Reverse Osmosis System,5PCS",Malida,other,<a_51>,<a_51><b_46>,<c_184>,<a_108>,<a_108><b_39>
3299,Uxcell a14081900ux0592 50 x Single Row 40Pin 2.54 mm Male Pin Header Connector,uxcell,connector_fitting,<a_99>,<a_99><b_204>,<c_209>,<a_73>,<a_73><b_67>
3300,Lightobject ETC-JLD612-A Dual Display PID Temperature Controller,Lightobject,other,<a_131>,<a_131><b_130>,<c_242>,<a_153>,<a_153><b_61>
3301,"Aluminum Crimping Loop Sleeve for 3/16"" Diameter Wire Rope and Cable, (Pack of 25)",Small Parts,gauge_meter,<a_186>,<a_186><b_250>,<c_247>,<a_67>,<a_67><b_249>
3302,"PLA Glow in the Dark Cosmic Blue 3D Printing Filament, 1.75 mm",Black Magic 3D,3d_filament,<a_58>,<a_58><b_19>,<c_0>,<a_223>,<a_223><b_212>
3303,5 Pcs 50mm x 50mm Right Angle Stainless Steel Corner Bracket,uxcell,other,<a_111>,<a_111><b_162>,<c_116>,<a_71>,<a_71><b_85>
3304,URBESTAC 250V 5A SPDT 1NO 1NC Momentary Hinge Roller Lever Micro Switches 3 Pins 10 Pcs,URBEST,other,<a_117>,<a_117><b_0>,<c_242>,<a_236>,<a_236><b_33>
3305,O-Cedar O-Duster Robotic Floor Cleaner,O-Cedar,other,<a_194>,<a_194><b_234>,<c_115>,<a_24>,<a_24><b_50>
3306,"Fieldpiece ST4 Dual Temperature Meter, -58 to 2000F(-50 to 1300C)",Fieldpiece,gauge_meter,<a_16>,<a_16><b_88>,<c_34>,<a_107>,<a_107><b_117>
3307,"GREX P6/12L 23 Gauge 1/2-Inch Length Headless Pins (10,000 per box)",Grex Power Tools,gauge_meter,<a_81>,<a_81><b_20>,<c_160>,<a_42>,<a_42><b_117>
3308,"HATCHBOX ABS 3D Printer Filament, Dimensional Accuracy +/- 0.03 mm, 1 kg Spool, 1.75 mm, Yellow",HATCHBOX,3d_filament,<a_58>,<a_58><b_115>,<c_182>,<a_223>,<a_223><b_198>
3309,Leegoal 50pcs 30ml LDPE Plastic Squeezable Eye Liquid Dropper Bottles with Childproof Cap,Vktech,other,<a_38>,<a_38><b_6>,<c_191>,<a_150>,<a_150><b_246>
3310,100 Pcs Empty Eye Dropper Bottle Plastic Eye Liquid Screw Cap Lids 5ml,TOOGOO(R),fastener,<a_38>,<a_38><b_139>,<c_31>,<a_150>,<a_150><b_148>
3311,Uxcell a10081700ux0008 20pcs 1mm Twisted Drilling Bit Tip for Electric Drill (Pack of 20),uxcell,other,<a_184>,<a_184><b_20>,<c_57>,<a_193>,<a_193><b_117>
3312,"TEMCo 3/4"" Marine Heat Shrink Tube 3:1 Adhesive Glue Lined 4 ft BLACK",Temco,adhesive_epoxy,<a_254>,<a_254><b_114>,<c_202>,<a_228>,<a_228><b_198>
3313,"PYREX 125mL Narrow Mouth Erlenmeyer Flasks with Heavy Duty Rim, Ea",Pyrex,other,<a_86>,<a_86><b_235>,<c_2>,<a_94>,<a_94><b_195>
3314,"Stainless Steel 316/316L Pipe Fitting, Nipple, Schedule 40 Welded, 3/4"" X 2-1/2"" NPT Male",Merit Brass,connector_fitting,<a_206>,<a_206><b_89>,<c_144>,<a_108>,<a_108><b_42>
3315,"008 Buna-N O-Ring, 70A Durometer, Black, 3/16"" ID, 5/16"" OD, 1/16"" Width (Pack of 100)","Sterling Seal & Supply, Inc. (STCC)",gauge_meter,<a_185>,<a_185><b_147>,<c_65>,<a_251>,<a_251><b_195>
3316,"ATP IMBIBE NSF 61 Polyethylene Plastic Tubing, White, 11/64"" ID x 1/4"" OD, 100 feet Length",ATP,other,<a_67>,<a_67><b_246>,<c_191>,<a_228>,<a_228><b_203>
3317,"LabStock Brand 120ml / 4oz Amber Glass Packer Bottle, Pack of 12",Never Pay Retail Again Inc.,other,<a_112>,<a_112><b_6>,<c_220>,<a_150>,<a_150><b_131>
3318,ieasysexy 2015 style 50pcs Empty plastic dropper bottle/Dropping Bottles(Drops of plug can removable)plastic bottle Eye Liquid Dropper (15ml),ieasysexy,other,<a_103>,<a_103><b_98>,<c_193>,<a_150>,<a_150><b_112>
3319,Black Iron Oxide - Fe3O4 - Natural - 5 Pounds,Alpha Chemicals,other,<a_135>,<a_135><b_197>,<c_164>,<a_14>,<a_14><b_205>
3320,Amber Glass Bottle 4oz with Dropper(12 pack),GreenHealth,other,<a_112>,<a_112><b_81>,<c_174>,<a_150>,<a_150><b_91>
3321,"SE 70778696 Alligator Forceps, 6.5",SE,other,<a_105>,<a_105><b_100>,<c_167>,<a_42>,<a_42><b_154>
3322,"Marathon 10"" Rigid Caster with Flat Free Tire",Marathon Industries,other,<a_54>,<a_54><b_68>,<c_43>,<a_87>,<a_87><b_64>
3323,uxcell 20Pcs Steel Rivet Nut Flat Head Insert Nutsert 1/4-20,uxcell,fastener,<a_6>,<a_6><b_35>,<c_39>,<a_224>,<a_224><b_161>
3324,"Aketek 3x Solderless BreadBoard, 400 tie-points, 4 power rails, 3.3 x 2.1 x 0.3in (84 x 54 x 9mm)",Aketek,other,<a_143>,<a_143><b_234>,<c_81>,<a_73>,<a_73><b_100>
3325,"Rok Hardware #6 x 3/4"" Flat Head Phillips Deep Thread Wood Screws Nickel (Zinc finish) - Super Value 100 Pack",Rok,fastener,<a_130>,<a_130><b_113>,<c_1>,<a_224>,<a_224><b_95>
3326,"3 Piece Set - Plastic Graduated Cylinders, 10, 50 & 100ml - PP Material Karter Scientific 219H2",Karter Scientific,other,<a_251>,<a_251><b_184>,<c_64>,<a_94>,<a_94><b_113>
3327,MDF MD One Stainless Steel Premium Dual Head Stethoscope - Free-Parts-for-Life & Lifetime Warranty (MDF777-07) - Pastel Purple,MDF Instruments,other,<a_18>,<a_18><b_39>,<c_221>,<a_180>,<a_180><b_31>
3328,MDF MD One Stainless Steel Premium Dual Head Stethoscope - Free-Parts-for-Life & Lifetime Warranty (MDF777-01) - Pink,MDF Instruments,other,<a_18>,<a_18><b_39>,<c_31>,<a_180>,<a_180><b_31>
3329,"Pack of 12 Double Sided Plated-through Holes (THP) 2""x1.34"" 250hole Epoxy Fiber Pitch 0.1"" (Veroboard)",TinyPatrol,adhesive_epoxy,<a_216>,<a_216><b_60>,<c_49>,<a_73>,<a_73><b_213>
3330,"Online Best Service 3"" Swivel Caster Wheels Rubber Base with Top Plate & Bearing Heavy Duty , Pack of 4",Online Best Service,other,<a_54>,<a_54><b_34>,<c_244>,<a_87>,<a_87><b_74>
3331,3DDPLUS 1.75mm PLA 3D Printer Filament Black- 1kg Spool (2.2 lbs) - Dimensional Accuracy +/- 0.03mm (Plain Black),RainbowME,3d_filament,<a_237>,<a_237><b_165>,<c_43>,<a_223>,<a_223><b_105>
3332,"Electronics-Salon 20PCS Double-Side Prototype Board PCB, FR-4 Glass Fiber(50x70mm 5PCS, 40x60mm 5PCS, 30x70mm 5PCS, 20x80mm 5PCS)",Electronics-Salon,other,<a_220>,<a_220><b_15>,<c_166>,<a_158>,<a_158><b_255>
3333,"E-Z Lok Threaded Insert, Brass, Knife Thread, 3/8""-16 Internal Threads, 0.625"" Length (Pack of 10)",E-Z LOK,other,<a_228>,<a_228><b_153>,<c_12>,<a_224>,<a_224><b_133>
3334,Ajax Scientific 7 Piece Plastic Gear and Bushing Set,Ajax Scientific,other,<a_137>,<a_137><b_22>,<c_137>,<a_159>,<a_159><b_117>
3335,50pcs x Superbright 10mm Round LED Light Lamp Ultra Bright 10mm White led 30000MCD,WholesaleLED,other,<a_30>,<a_30><b_185>,<c_67>,<a_73>,<a_73><b_223>
3336,"Sponge Neoprene With Adhesive 1/8"" Thick X 54"" Wide X 1'",CLEVERBRAND INC.,adhesive_epoxy,<a_45>,<a_45><b_171>,<c_98>,<a_170>,<a_170><b_230>
3337,"Vastar ESD Anti-Static Wrist Strap Components, Blue",Vastar,other,<a_21>,<a_21><b_217>,<c_201>,<a_23>,<a_23><b_38>
3338,Uxcell a15052000ux0115 2Pcs Slotted Metal 35 mm Din Mounting Rail 40 cm Long for AC Contactor,uxcell,other,<a_196>,<a_196><b_203>,<c_68>,<a_23>,<a_23><b_188>
3339,"Eaton Weatherhead 3220X12X8 Brass CA360 Fitting, Bushing, 1/2"" NPT Female x 3/4"" NPT Male",Weatherhead,connector_fitting,<a_242>,<a_242><b_8>,<c_255>,<a_108>,<a_108><b_160>
3340,"E-Projects 25EP514150R 150 Ohm Resistors, 1/4 W, 5% (Pack of 25)",E-Projects,other,<a_101>,<a_101><b_10>,<c_209>,<a_73>,<a_73><b_10>
3341,KIM50601 - KIMBERLY CLARK PURPLE NITRILE Exam Gloves,Kimberly Clark,other,<a_182>,<a_182><b_155>,<c_222>,<a_44>,<a_44><b_233>
3342,"Anderson Metals 06102 Brass Pipe Fitting, Barstock Cross, 1/4"" x 1/4"" x 1/4"" x 1/4"" NPT Female Pipe",Anderson Metals,connector_fitting,<a_206>,<a_206><b_79>,<c_180>,<a_108>,<a_108><b_1>
3343,Corn Sugar 4lb,LD Carlson,other,<a_177>,<a_177><b_171>,<c_126>,<a_150>,<a_150><b_57>
3344,"Stainless Steel 316 Cast Pipe Fitting, Hex Bushing, Class 150, 2"" NPT Male X 1"" NPT Female",Merit Brass,connector_fitting,<a_206>,<a_206><b_172>,<c_1>,<a_108>,<a_108><b_146>
3345,"Red Brass Pipe Fitting, Nipple, Schedule 40 Seamless, 1/4"" NPT Male X 3"" Length",Merit Brass,connector_fitting,<a_206>,<a_206><b_14>,<c_38>,<a_108>,<a_108><b_42>
3346,Yobett 0805 (15pF-1uF)&(0 ohm-2M ohm) 5% 80 Value 3725pcs SMD Resistor and Capacitor Combo Kit,YOBETT,other,<a_100>,<a_100><b_15>,<c_116>,<a_73>,<a_73><b_59>
3347,Genova Products 30705CP 1/2-Inch 90 Degree PVC Pipe Elbow - 10 Pack,Genova,ventilation_fan,<a_166>,<a_166><b_195>,<c_6>,<a_108>,<a_108><b_230>
3348,SEOH 10ml All Glass Graduated Cylinder,SEOH,other,<a_251>,<a_251><b_4>,<c_82>,<a_94>,<a_94><b_165>
3349,"Valterra 700-10 PVC Ball Valve, White, 1"" Slip",Valterra,other,<a_51>,<a_51><b_89>,<c_72>,<a_108>,<a_108><b_104>
3350,Coaxial Centering Indicator,All Industrial,other,<a_227>,<a_227><b_222>,<c_73>,<a_104>,<a_104><b_236>
3351,"211 Silicone O-Ring, 70A Durometer, Red, 13/16"" ID, 1-1/16"" OD, 1/8"" Width (Pack of 5)",Small Parts,gauge_meter,<a_185>,<a_185><b_146>,<c_101>,<a_251>,<a_251><b_202>
3352,"Duda Energy VCV-WOG1000-F075 Vertical Check Valve, 304 Stainless Steel, 3/4"" NPT Spring Loaded In-line Low Cracking Pressure.75",Duda Energy,other,<a_232>,<a_232><b_61>,<c_213>,<a_108>,<a_108><b_101>
3353,"HFS(R) 4"" x 4"" 100mm Stainless Steel Lab Jack Scissor Stand Platform 3kg/6.6lbs Load Bearing 3kg/6.6lbs",HFS,other,<a_73>,<a_73><b_135>,<c_221>,<a_87>,<a_87><b_75>
3354,"Thomas Traceable Kangaroo Thermometer, 7.5"" Probe Length, -58 to 572 degree F, -50 to 300 degree C",Thomas,gauge_meter,<a_192>,<a_192><b_159>,<c_215>,<a_197>,<a_197><b_75>
3355,"12"" Laboratory Thermometer",Midwest Homebrewing and Winemaking Supplies,gauge_meter,<a_144>,<a_144><b_100>,<c_69>,<a_107>,<a_107><b_216>
3356,PURE Potassium Hydroxide Flakes - 2 LB (Caustic Potash Anhydrous KOH Dry),FDC,other,<a_135>,<a_135><b_45>,<c_81>,<a_66>,<a_66><b_38>
3357,JISTL 75 Type Plastic Crown Gear Single Double Reduction Gear Worm Gear,JISTL GGM11,ventilation_fan,<a_137>,<a_137><b_227>,<c_68>,<a_159>,<a_159><b_239>
3358,"Colorimetrics Gray Putty Tape / Butyl Tape 1/8"" x 1"" x 30' (2-Pack)",DEHCO,tape,<a_83>,<a_83><b_154>,<c_160>,<a_244>,<a_244><b_221>
3359,Fermcap-S Foam Inhibitor- 1 oz.,Fermcap-S,other,<a_74>,<a_74><b_206>,<c_96>,<a_150>,<a_150><b_242>
3360,"Taco 007-F5 Cast Iron Circulator, 1/25 HP",Taco,other,<a_97>,<a_97><b_190>,<c_15>,<a_52>,<a_52><b_28>
3361,Electronic Specialties 618 Green/Yellow/Red/Black 3.25 x 0.25 x 0.25 Mini Back Probe/Wire Piercer,Electronic Specialties,other,<a_159>,<a_159><b_82>,<c_97>,<a_211>,<a_211><b_65>
3362,"REDMOND - Earthpaste All Natural Non-Fluoride Vegan Organic Non GMO Real Ingredients Toothpaste, Wintergreen, 4 Ounce Tube",REDMOND,other,<a_12>,<a_12><b_63>,<c_152>,<a_206>,<a_206><b_184>
3363,Rotometals Kilo Bismuth Metal 99.99% Premium Grade,Roto Metals,other,<a_18>,<a_18><b_138>,<c_1>,<a_79>,<a_79><b_101>
3364,"The Hillman Group 140015 Hex Machine Screw Nut, 6-Inch by 32-Inch, 100-Pack",Hillman,fastener,<a_6>,<a_6><b_14>,<c_13>,<a_224>,<a_224><b_77>
3365,"1 ct CMS Magnetics 120LB Holding Power Round Base Magnet RB85 3.8"" Cup Magnet",CMS MAGNETICS,other,<a_149>,<a_149><b_54>,<c_106>,<a_251>,<a_251><b_34>
3366,"Adafruit 0.56"" 4-digit 7-segment Display W/i2c Backpack - Red",Adafruit,other,<a_5>,<a_5><b_104>,<c_242>,<a_73>,<a_73><b_208>
3367,Mercurry GT2 Timing Belt Torsion Spring For 3D Printer 6mm Width Belt Pack of 10,Mercurry 3D accessaries,3d_filament,<a_137>,<a_137><b_60>,<c_242>,<a_23>,<a_23><b_158>
3368,SUPERNIGHT 24V 14.6A 350W DC Regulated Switching Power Supply Adapter,supernight(TM),other,<a_190>,<a_190><b_14>,<c_157>,<a_30>,<a_30><b_233>
3369,Kamo 2pcs Cartridge Heater for 3D Printer (24V/40W),Kamo,3d_filament,<a_255>,<a_255><b_225>,<c_118>,<a_158>,<a_158><b_172>
3370,"BuildTak 3D Printing Build Surface, 9"" x 10"" Rectangle, Black (Pack of 3)",BuildTak,other,<a_126>,<a_126><b_65>,<c_21>,<a_223>,<a_223><b_184>
3371,ASI PR005-1M Steel Slotted Din Rail (Pack of 10),Automation Systems Interconnect,other,<a_216>,<a_216><b_32>,<c_113>,<a_23>,<a_23><b_188>
3372,MEDLINE Perineal Irrigation Bottle,Medline,other,<a_103>,<a_103><b_158>,<c_204>,<a_150>,<a_150><b_128>
3373,"MASTER MAGNETICS TV629097 2.65"" D Round Base Magnet",Master Magnetics,other,<a_149>,<a_149><b_34>,<c_54>,<a_251>,<a_251><b_65>
3374,Brewcraft Strip Thermometer Carboy Fermenter Homebrew Beer New,Home Brew Ohio,gauge_meter,<a_107>,<a_107><b_254>,<c_5>,<a_107>,<a_107><b_207>
3375,2.0 mm ID PTFE Teflon Tube for 1.75 mm Filament RepRap-DIY 3D Printer Parts - 4.5' Piece,BioWaves,3d_filament,<a_234>,<a_234><b_106>,<c_166>,<a_223>,<a_223><b_129>
3376,1 lb. Potassium Sorbate Preservative Food Grade Wine Stabilizer Beer Wine Making,Home Brew Ohio,other,<a_177>,<a_177><b_163>,<c_128>,<a_66>,<a_66><b_24>
3377,Ferrari Automatic Bottle Filler,Ferrari,other,<a_63>,<a_63><b_175>,<c_208>,<a_150>,<a_150><b_150>
3378,"Uxcell a14041400ux1070 2Pcs LM6LUU 6mm Shaft Dia Double Wide Sealed Linear Motion Bearing, 0.47"" width, 0.24 Metal",uxcell,other,<a_180>,<a_180><b_249>,<c_180>,<a_251>,<a_251><b_167>
3379,"Parafilm M Roll, 250' Length x 2"" Width",Parafilm,other,<a_14>,<a_14><b_72>,<c_31>,<a_17>,<a_17><b_57>
3380,"Control Devices Brass Ball Check Valve, 1/4"" NPT Male",Control Devices,other,<a_51>,<a_51><b_76>,<c_8>,<a_108>,<a_108><b_152>
3381,"E-Projects 25EP514120R 120 Ohm Resistors, 1/4 W, 5% (Pack of 25)",E-Projects,other,<a_101>,<a_101><b_10>,<c_152>,<a_73>,<a_73><b_10>
3382,"E-Projects 100EP514200R 200 Ohm Resistors, 1/4 W, 5% (Pack of 100)",E-Projects,other,<a_101>,<a_101><b_10>,<c_43>,<a_73>,<a_73><b_10>
3383,"PneumaticPlus SAR4000T-N04BG Air Pressure Regulator T-Handle 1/2"" NPT with Gauge & Bracket",PneumaticPlus,gauge_meter,<a_123>,<a_123><b_50>,<c_24>,<a_108>,<a_108><b_22>
3384,Octave Red ABS Filament for 3D Printers - 1.75mm 1kg Spool,Octave,3d_filament,<a_195>,<a_195><b_117>,<c_224>,<a_158>,<a_158><b_120>
3385,Zoostliss 11 in 1 Professional Network Computer Maintenance Repair Tools Rj45 Rj11 Cat5 LAN Network Tool Kit,Zoostliss,other,<a_195>,<a_195><b_159>,<c_95>,<a_17>,<a_17><b_14>
3386,"HM Digital PH-STOR PH Electrode Storage Solution for Use with PH-200 or PH-80, 60cc Volume",HM Digital,other,<a_155>,<a_155><b_87>,<c_108>,<a_153>,<a_153><b_57>
3387,"iPower 4 Inch 190 CFM Duct Inline Fan with 4"" Carbon Filter 8 Feet Ducting Combo for Grow Tent Ventilation",iPower,ventilation_fan,<a_3>,<a_3><b_234>,<c_67>,<a_109>,<a_109><b_74>
3388,1 ml (1/4 dram) Amber Glass Vial with Orifice Reducer & Black Plastic Cap (12 Pack),Soft 'N Style,other,<a_112>,<a_112><b_205>,<c_177>,<a_150>,<a_150><b_15>
3389,100ml Syringe + 80cm handy plastic tubing by Aketek,Aketek,other,<a_38>,<a_38><b_159>,<c_243>,<a_150>,<a_150><b_109>
3390,CRC 03084 11oz Dry Moly Lubricant Aerosol Spray,CRC,other,<a_34>,<a_34><b_216>,<c_232>,<a_173>,<a_173><b_81>
3391,"Seville Classics UltraHD 24"" X 48"" Steel Pegboard Set and 23-Piece Peg Hook Assortment with 6 Bins",Seville Classics,other,<a_2>,<a_2><b_89>,<c_197>,<a_42>,<a_42><b_103>
3392,"PYREX 250mL Narrow Mouth Erlenmeyer Flasks with Heavy Duty Rim, Ea",Pyrex,other,<a_86>,<a_86><b_235>,<c_4>,<a_94>,<a_94><b_195>
3393,"Corning Pyrex Borosilicate Glass Flat Bottom Boiling Flask, 250mL Capacity",Pyrex,other,<a_86>,<a_86><b_246>,<c_192>,<a_94>,<a_94><b_252>
3394,BestTong Bridge Rectifier 100A 1600V Full Wave Diode Module Single Phase MDQ100A,BestTong,other,<a_55>,<a_55><b_207>,<c_250>,<a_30>,<a_30><b_110>
3395,"Times Microwave Professional Weatherproof Self-Bonding Silicone Sealing Tape for Coax Connectors / Antennas (1.5"" x 15')",Times Microwave,tape,<a_254>,<a_254><b_147>,<c_217>,<a_202>,<a_202><b_202>
3396,"2-1/2"" Oil Filled Pressure Gauge - Stainless Steel Case, Brass, 1/4"" NPT, Lower Mount Connection 0-60PSI",DuraChoice,gauge_meter,<a_123>,<a_123><b_99>,<c_188>,<a_229>,<a_229><b_169>
3397,Install Bay 3MHST1 Heat Shrink 1 Inch (diameter) x 4 Foot,Install Bay,gauge_meter,<a_32>,<a_32><b_119>,<c_37>,<a_228>,<a_228><b_243>
3398,"25 3/4"" Inch Chrome Steel Bearing Balls G25",BC Precision Balls,other,<a_185>,<a_185><b_42>,<c_234>,<a_71>,<a_71><b_104>
3399,"FibaTape FDW8436-U 2-Inch by 150-Feet Cement Board Tape-Alkali-Resistant/Self-Adhesive, Grey",Saint-Gobain ADFORS,tape,<a_179>,<a_179><b_212>,<c_202>,<a_244>,<a_244><b_199>
3400,CMS Magnetics Super Strong 1&rdquo; Neodymium Cube Magnet &ndash; Storage Box Included for Added Safety,CMS MAGNETICS,other,<a_92>,<a_92><b_152>,<c_167>,<a_251>,<a_251><b_212>
3401,SainSmart Wood-LightBrown-1KG1.75 3D Printer Wood Filament 1 kg (1.75 mm Light Brown),SainSmart,3d_filament,<a_71>,<a_71><b_65>,<c_36>,<a_223>,<a_223><b_85>
3402,"T&J Exclusives&reg; 5mm Assorted Clear LED Light Emitting Diodes w/ Resistors (8 Colors, Pack of 80)",Leegoal,other,<a_220>,<a_220><b_25>,<c_210>,<a_158>,<a_158><b_145>
3403,"Nite Ize LSBM-01-2R3 S-Biner MicroLock Stainless Steel, 2-Pack, Black",Nite Ize,other,<a_216>,<a_216><b_58>,<c_243>,<a_71>,<a_71><b_245>
3404,uxcell 140 Pcs Breadboard Board Jumper Cable Wire Kit w Box,uxcell,other,<a_65>,<a_65><b_201>,<c_254>,<a_158>,<a_158><b_81>
3405,"HATCHBOX PETG 3D Printer Filament, Dimensional Accuracy +/- 0.03 mm, 1 kg Spool, 1.75 mm, Black",HATCHBOX,3d_filament,<a_58>,<a_58><b_251>,<c_35>,<a_223>,<a_223><b_72>
3406,"High Lubricity Wear Resistant Nozzle Upgrade MK10 0.4 mm (For FlashForge, Wanhao D4 and i3, Dremel)",Prototype Supply,other,<a_120>,<a_120><b_254>,<c_127>,<a_91>,<a_91><b_178>
3407,SEOH Beaker 3000ml Borosilicate Glass,SEOH,other,<a_251>,<a_251><b_101>,<c_189>,<a_94>,<a_94><b_111>
3408,"Shurflo 2088-554-144 Fresh Water Pump, 12 Volts, 3.5 Gallons Per Minute, 45 Psi",SHURFLO,fastener,<a_232>,<a_232><b_103>,<c_122>,<a_109>,<a_109><b_27>
3409,"Rubbermaid Commercial Products BRUTE Heavy-Duty Round Waste/Utility Lid for 20-Gallon Container, White (FG261960WHT)",Rubbermaid Commercial Products,ventilation_fan,<a_214>,<a_214><b_133>,<c_55>,<a_210>,<a_210><b_148>
3410,Budget Life-Size Skull,Anatomical Chart Company,other,<a_143>,<a_143><b_227>,<c_212>,<a_14>,<a_14><b_34>
3411,Uxcell a13102800ux0447 3V CR2032/ CR2025 Cell Battery Adapter Black Silver Tone (Pack of 10),uxcell,other,<a_178>,<a_178><b_142>,<c_163>,<a_73>,<a_73><b_181>
3412,"Filamex - PLA Filament (1kg\2.2lbs) 1.75mm for 3D printer, White",Filamax,3d_filament,<a_237>,<a_237><b_66>,<c_63>,<a_223>,<a_223><b_20>
3413,"Printrbot Simple 2014 3D Printer Kit, PLA Filament, 1.75mm Ubis Hot End, 4"" x 4"" x 4"" Build Volume",Printrbot,3d_filament,<a_140>,<a_140><b_157>,<c_59>,<a_91>,<a_91><b_31>
3414,"eSUN 1.75mm White ABS+ 3D Printer filament 1kg Spool (2.2lbs), White",eSUN,3d_filament,<a_237>,<a_237><b_74>,<c_15>,<a_223>,<a_223><b_232>
3415,Function Generator DIY KIT by JYE Tech FG085,JYETech,other,<a_55>,<a_55><b_159>,<c_44>,<a_30>,<a_30><b_149>
3416,Rigol DP832 Triple Output 195 Watt Power Supply,Rigol,other,<a_55>,<a_55><b_70>,<c_63>,<a_30>,<a_30><b_250>
3417,"Uxcell a14082700ux0095 Right Latch Hook Antique Wood Box Hasp Catch Decor, Bronze Tone, 20-Piece",uxcell,other,<a_244>,<a_244><b_185>,<c_121>,<a_71>,<a_71><b_124>
3418,uxcell 660V 20A 6 Terminals 4 Positions Rotary Cam Changeover Switch,uxcell,connector_fitting,<a_217>,<a_217><b_201>,<c_0>,<a_236>,<a_236><b_251>
3419,60ml Catheter Tip Disposable Syringe by Care Touch (1 60ml Syringe),Care Touch,other,<a_103>,<a_103><b_239>,<c_159>,<a_150>,<a_150><b_125>
3420,(2 Pack) Petrol Gel Food Grade Equipment LubricantNSF (2/4 oz. Tube),Petro-Gel,other,<a_128>,<a_128><b_146>,<c_44>,<a_173>,<a_173><b_148>
3421,"Applied Magnets 2"" x 1"" Super Strong Neodymium Disc Magnet",Applied Magnets,other,<a_92>,<a_92><b_96>,<c_48>,<a_251>,<a_251><b_12>
3422,Airway Kit - Nasopharygngeal Respiration Tubes In 5 Sizes - With Surgilube Jelly Packets,MOORE Medical,other,<a_218>,<a_218><b_252>,<c_147>,<a_52>,<a_52><b_109>
3423,6 Gallon Glass Carboy by 6 Gallon Glass Carboy,Home Brew Ohio,other,<a_74>,<a_74><b_200>,<c_218>,<a_150>,<a_150><b_24>
3424,1 X Bronze PVC Shrink Capsules- 30 Per Bag,LD Carlson,other,<a_238>,<a_238><b_239>,<c_130>,<a_150>,<a_150><b_209>
3425,Lalvin ICV D-47 Wine Yeast (Pack of 10),Lalvin,other,<a_177>,<a_177><b_237>,<c_111>,<a_150>,<a_150><b_50>
3426,SODIAL(R) 5x ZY-170 Mini Solderless Prototype Breadboard for Arduino Shield White,SODIAL(R),other,<a_143>,<a_143><b_199>,<c_252>,<a_73>,<a_73><b_247>
3427,Ade Advanced Optics Beer Wort and Wine Refractometer Double Scale 1.000-1.120 S.G + Brix 0-32%,Ade Advanced Optics,gauge_meter,<a_107>,<a_107><b_124>,<c_1>,<a_107>,<a_107><b_26>
3428,"Alcotec 24-hour Turbo Yeast, 205 grams (Pack of 3)",Home Brew Ohio,other,<a_177>,<a_177><b_216>,<c_16>,<a_150>,<a_150><b_252>
3429,3D Printer Filament 1.75mm Black ABS - 1kg (2.2 lbs) 100% USA,Design Shop,3d_filament,<a_71>,<a_71><b_145>,<c_251>,<a_223>,<a_223><b_78>
3430,Devcon 12045 Premium Silicone Adhesive - 1.76 oz.,Devcon,adhesive_epoxy,<a_41>,<a_41><b_224>,<c_102>,<a_244>,<a_244><b_243>
3431,1/4 Dram AMBER Glass Vial - Screw Cap w/ Orifice Reducer - Pack of 24,DMtse,fastener,<a_112>,<a_112><b_104>,<c_177>,<a_150>,<a_150><b_224>
3432,"3D Solutech PETG175YLW 3D Printer Filament, Yellow, 1.75mm, 2.2 LBS (1.0KG)",3D Solutech,3d_filament,<a_58>,<a_58><b_57>,<c_55>,<a_223>,<a_223><b_187>
3433,"Stainless Steel 304 Cast Pipe Fitting, Hex Locknut, MSS SP-114, 1/2"" NPT Female",Merit Brass,connector_fitting,<a_206>,<a_206><b_123>,<c_190>,<a_108>,<a_108><b_146>
3434,"1/2"" Male Hose Barb Adapters Stainless Steel NPT 0.5",Duda Energy,connector_fitting,<a_65>,<a_65><b_30>,<c_93>,<a_158>,<a_158><b_147>
3435,3D Solutech Real Black 1.75mm Flexible 3D Printer Filament 2.2 LBS (1.0KG),3D Solutech,3d_filament,<a_58>,<a_58><b_74>,<c_4>,<a_223>,<a_223><b_80>
3436,Propylene Glycol 1 Pint,Essential Depot,other,<a_171>,<a_171><b_4>,<c_182>,<a_150>,<a_150><b_98>
3437,StainlessTown K18FNW Stainless Steel Fender Washer Assortment Kit,Stainless Town,other,<a_138>,<a_138><b_84>,<c_213>,<a_224>,<a_224><b_38>
3438,"Koch 7760110 Roller Chain Holder, 25 to #60",Koch Industries,other,<a_240>,<a_240><b_193>,<c_195>,<a_71>,<a_71><b_158>
3439,Harvey 017065 Gas Line PTFE Thread Seal Tape,Harvey,tape,<a_249>,<a_249><b_1>,<c_72>,<a_79>,<a_79><b_190>
3440,HICTOP 5 Pieces 3D Printer Endstops/ Limit Switch/ Mechanical Switch for Reprap Prusa I3,HICTOP,3d_filament,<a_9>,<a_9><b_227>,<c_255>,<a_91>,<a_91><b_89>
3441,TOPINSTOCK 2020 Drop in Post Assembly M4 T-nut for 20 x 20 Aluminum Extrusion Pack of 100,TOPINSTOCK,fastener,<a_88>,<a_88><b_24>,<c_213>,<a_224>,<a_224><b_190>
3442,"3D Solutech Real Purple 3D Printer PLA Filament 1.75MM Filament, Dimensional Accuracy +/- 0.03 mm, 2.2 LBS (1.0KG)",3D Solutech,3d_filament,<a_58>,<a_58><b_226>,<c_80>,<a_223>,<a_223><b_80>
3443,Inland 1.75mm Translucent Magenta PETG 3D Printer Filament - 1kg Spool (2.2 Lbs),Inland,3d_filament,<a_195>,<a_195><b_44>,<c_38>,<a_158>,<a_158><b_72>
3444,RepRap Champion Metal J-Head V6 Hot End for RepRap 3D Printer 1.75mm Filament Direct Feed Extruder 0.4mm Nozzle,3D CAM,3d_filament,<a_255>,<a_255><b_145>,<c_14>,<a_158>,<a_158><b_217>
3445,"BuildTak 3D Printing Build Surface, 6.5"" x 6.5"" Square, Black (Pack of 3)",BuildTak,other,<a_126>,<a_126><b_65>,<c_227>,<a_223>,<a_223><b_184>
3446,Anycubic 1.75mm Skin Color PLA 3D Printer Filament - 1kg Spool (2.2 lbs) - Dimensional Accuracy +/- 0.05mm,Anycubic,3d_filament,<a_237>,<a_237><b_38>,<c_182>,<a_223>,<a_223><b_105>
3447,Uxcell a13052700ux0259 6.35mm to 6.35mm CNC Stepper Motor Shaft Coupling Coupler for Encoder,uxcell,connector_fitting,<a_240>,<a_240><b_253>,<c_254>,<a_23>,<a_23><b_194>
3448,SMAKN TB6600 Upgraded Version 32 Segments 4A 40V 57/86 Stepper Motor Driver,SMAKN,other,<a_190>,<a_190><b_85>,<c_212>,<a_30>,<a_30><b_158>
3449,One Hundred (100) 608ZZ 8x22x7 Shielded Greased Miniature Ball Bearings,BC Precision,other,<a_180>,<a_180><b_153>,<c_0>,<a_251>,<a_251><b_161>
3450,"eSUN 1.75mm White PLA 3D Printer filament 1kg Spool (2.2lbs), White",eSUN,3d_filament,<a_237>,<a_237><b_63>,<c_1>,<a_223>,<a_223><b_193>
3451,Filament Outlet Orange PLA 1.75mm 3D Printer Filament 1kg (2.2lbs) spool USA,Filament Outlet,3d_filament,<a_58>,<a_58><b_7>,<c_31>,<a_223>,<a_223><b_120>
3452,"MakerBot PLA Filament, 1.75 mm Diameter, Large Spool, White",MakerBot,3d_filament,<a_237>,<a_237><b_7>,<c_8>,<a_223>,<a_223><b_243>
3453,"3D Solutech Real Gold 3D Printer PLA Filament 1.75MM Filament, Dimensional Accuracy +/- 0.03 mm, 2.2 LBS (1.0KG)",3D Solutech,3d_filament,<a_58>,<a_58><b_226>,<c_12>,<a_223>,<a_223><b_80>
3454,Wangdd22 3D Printer J-head Hotend with Fan for 1.75mm 12v V6 Direct Filament Wade Extruder 0.4mm Nozzle+Volcano kit,Wangdd22,3d_filament,<a_120>,<a_120><b_181>,<c_73>,<a_91>,<a_91><b_54>
3455,"eSUN 1.75mm Warm White PLA PRO (PLA+) 3D Printer Filament 1KG Spool (2.2lbs), Warm White",eSUN,3d_filament,<a_237>,<a_237><b_226>,<c_31>,<a_223>,<a_223><b_144>
3456,"HATCHBOX PLA 3D Printer Filament, Dimensional Accuracy +/- 0.03 mm, 1 kg Spool, 1.75 mm, Brown",HATCHBOX,3d_filament,<a_58>,<a_58><b_172>,<c_31>,<a_223>,<a_223><b_198>
3457,"RioRand(TM) Borosilicate glass for heatbed MK2/MK2A of 3D printer,Reprap, Mendel",RioRand,3d_filament,<a_234>,<a_234><b_104>,<c_34>,<a_91>,<a_91><b_115>
3458,Wisamic 4 Variety Pack 3d Printer 0.2mm 0.3mm 0.4mm 0.5mm Nozzles Extruder Nozzle Print Head for Mk8 Makerbot,Wisamic,3d_filament,<a_197>,<a_197><b_151>,<c_228>,<a_91>,<a_91><b_234>
3459,"PLA Glow in the Dark Cosmic Blue 3D Printing Filament, 1.75 mm",Black Magic 3D,3d_filament,<a_58>,<a_58><b_19>,<c_0>,<a_223>,<a_223><b_212>
3460,"HATCHBOX ABS 3D Printer Filament, Dimensional Accuracy +/- 0.03 mm, 1 kg Spool, 1.75 mm, Purple",HATCHBOX,3d_filament,<a_58>,<a_58><b_115>,<c_196>,<a_223>,<a_223><b_198>
3461,"Gizmo Dorks 3mm (2.85mm) ABS Filament 1kg / 2.2lb for 3D Printers, Black",Gizmo Dorks,3d_filament,<a_126>,<a_126><b_74>,<c_151>,<a_223>,<a_223><b_159>
3462,"Gizmo Dorks 3mm (2.85mm) ABS Filament 1kg / 2.2lb for 3D Printers, White",Gizmo Dorks,3d_filament,<a_126>,<a_126><b_74>,<c_31>,<a_223>,<a_223><b_159>
3463,Uxcell a11091900ux0002 &Acirc; SMA Male to Female Nut Bulkhead Crimp RG316 Cable Jumper Pigtail 15cm,uxcell,fastener,<a_221>,<a_221><b_196>,<c_164>,<a_23>,<a_23><b_31>
3464,"Fluorostore F015084 - 10 Metric PTFE Tubing, 2mm ID x 4mm OD, 10' Length, Semi-Transparent",Fluorostore,other,<a_165>,<a_165><b_167>,<c_31>,<a_228>,<a_228><b_172>
3465,"eSUN 1.75mm Cool White PLA PRO (PLA+) 3D Printer Filament 1KG Spool (2.2lbs), Cool White",eSUN,3d_filament,<a_237>,<a_237><b_226>,<c_81>,<a_223>,<a_223><b_144>
3466,"3D Solutech Real Red 3D Printer PLA Filament 1.75MM, Dimensional Accuracy +/- 0.03 mm, 2.2 LBS (1.0KG) - RA-I00I-DQUY",3D Solutech,3d_filament,<a_58>,<a_58><b_78>,<c_1>,<a_223>,<a_223><b_80>
3467,JGAURORA 3d Printer A3kit Prusa i3 DIY 3d Printers Self Assembly Metal Frame LCD Display Heated bed,JG AURORA,3d_filament,<a_255>,<a_255><b_255>,<c_222>,<a_158>,<a_158><b_66>
3468,"3D Solutech Real Green 3D Printer PLA Filament 1.75MM Filament, Dimensional Accuracy +/- 0.03 mm, 2.2 LBS (1.0KG)",3D Solutech,3d_filament,<a_188>,<a_188><b_229>,<c_2>,<a_223>,<a_223><b_246>
3469,"3D Solutech Real Pink 3D Printer PLA Filament 1.75MM Filament, Dimensional Accuracy +/- 0.03 mm, 2.2 LBS (1.0KG)",3D Solutech,3d_filament,<a_58>,<a_58><b_226>,<c_5>,<a_223>,<a_223><b_80>
3470,SCStyle 5 Meters GT2 2mm Pitch 6mm Wide Timing Belt for 3D Printer CNC,SCStyle,3d_filament,<a_137>,<a_137><b_40>,<c_62>,<a_23>,<a_23><b_192>
3471,Signswise 200x200mm 12v 150w Silicone Rubber Heating Heater for 3d Printer Heated Beds,Signswise,3d_filament,<a_35>,<a_35><b_96>,<c_154>,<a_79>,<a_79><b_182>
3472,"ROBO 3D PLA 3D Printer Filament, 1 kg Spool, 1.75mm, 0.05mm, Green",ROBO 3D,3d_filament,<a_237>,<a_237><b_157>,<c_169>,<a_223>,<a_223><b_193>
3473,"Uxcell a13041000ux0108 Silver Tone Top Rotary Knobs for 6 mm Dia. Shaft Potentiometer, 10 Piece, 19 mm, Black",uxcell,gauge_meter,<a_137>,<a_137><b_187>,<c_137>,<a_159>,<a_159><b_147>
3474,3D Solutech See Through Red 1.75mm PETG 3D Printer Filament 2.2 LBS (1.0KG),3D Solutech,3d_filament,<a_58>,<a_58><b_57>,<c_8>,<a_223>,<a_223><b_187>
3475,"3D Solutech Real Orange 3D Printer PLA Filament 1.75MM Filament, Dimensional Accuracy +/- 0.03 mm, 2.2 LBS (1.0KG)",3D Solutech,3d_filament,<a_58>,<a_58><b_226>,<c_8>,<a_223>,<a_223><b_80>
3476,HICTOP 5PCS 0.4mm 3D Printer Extruder Nozzle Print Head for MK8 Makerbot RepRap Prusa,HICTOP,3d_filament,<a_120>,<a_120><b_141>,<c_187>,<a_91>,<a_91><b_193>
3477,MeltInk3D PLA Filament For 3D Printers - 1.75mm PLA Filament - 1 kg - Made in USA - Dark Green,MeltInk3D,3d_filament,<a_58>,<a_58><b_44>,<c_139>,<a_223>,<a_223><b_206>
3478,NinjaFlex TPU Flexible Filament 1.75mm 50g Midnight (black),3dprintny.com,3d_filament,<a_234>,<a_234><b_98>,<c_27>,<a_223>,<a_223><b_242>
3479,"HATCHBOX PLA 3D Printer Filament, Dimensional Accuracy +/- 0.03 mm, 1 kg Spool, 1.75 mm, Transparent Blue",HATCHBOX,3d_filament,<a_58>,<a_58><b_172>,<c_37>,<a_223>,<a_223><b_198>
3480,"HATCHBOX ABS 3D Printer Filament, Dimensional Accuracy +/- 0.03 mm, 1 kg Spool, 1.75 mm, Gold",HATCHBOX,3d_filament,<a_58>,<a_58><b_115>,<c_241>,<a_223>,<a_223><b_198>
3481,"HATCHBOX ABS 3D Printer Filament, Dimensional Accuracy +/- 0.03 mm, 1 kg Spool, 1.75 mm, Pink",HATCHBOX,3d_filament,<a_58>,<a_58><b_115>,<c_153>,<a_223>,<a_223><b_198>
3482,"LulzBot ABS 3D Printer Filament, 3 mm Diameter, 1 kg Spool, Red",LulzBot,3d_filament,<a_126>,<a_126><b_30>,<c_244>,<a_223>,<a_223><b_222>
3483,"Keeper Foot x 2 Inch 02626 10' x 2"" Lift Sling",Keeper,other,<a_210>,<a_210><b_174>,<c_241>,<a_71>,<a_71><b_93>
3484,"1 Mil Kapton Tape (Polyimide) - 1/2"" X 36 Yds",Tapes Master,tape,<a_229>,<a_229><b_78>,<c_248>,<a_79>,<a_79><b_243>
3485,SainSmart 1.75 mm ABS Filament 1 kg/2.2 lb. for 3D Printers (Silver),SainSmart,3d_filament,<a_71>,<a_71><b_85>,<c_251>,<a_223>,<a_223><b_151>
3486,"StrongFinish Thermal Glass for 3D Printer Platform Printing Bed 9"" x 6"" x 0.25",StrongFinish,3d_filament,<a_234>,<a_234><b_77>,<c_97>,<a_223>,<a_223><b_137>
3487,"HATCHBOX ABS 3D Printer Filament, Dimensional Accuracy +/- 0.03 mm, 1 kg Spool, 1.75 mm, Transparent Blue",HATCHBOX,3d_filament,<a_58>,<a_58><b_115>,<c_83>,<a_223>,<a_223><b_198>
3488,"HATCHBOX ABS 3D Printer Filament, Dimensional Accuracy +/- 0.03 mm, 1 kg Spool, 1.75 mm, Transparent Red",HATCHBOX,3d_filament,<a_58>,<a_58><b_115>,<c_61>,<a_223>,<a_223><b_198>
3489,Elitech RC-5 USB Temperature Data logger Recorder 32000 Points High Accuracy,Elitech,other,<a_8>,<a_8><b_240>,<c_184>,<a_158>,<a_158><b_75>
3490,"MeltInk3D PLA- 1K175BLK05 Black PLA 3D Printer Filament &Oslash; 1.75mm, 1Kg (2.2 Lb), MADE in U.S.A, Dimensional Accuracy: &plusmn; 0.05mm",MeltInk3D,3d_filament,<a_71>,<a_71><b_37>,<c_201>,<a_223>,<a_223><b_31>
3491,"4"" x 36 yds - 1 Mil Kapton Tape Polyimide Tape",Tapes Master,tape,<a_229>,<a_229><b_144>,<c_8>,<a_79>,<a_79><b_40>
3492,uxcell 2 Pcs K Type 500C Wire Lead Measuring Thermocouple Sensor 1M 3.3Ft,uxcell,other,<a_227>,<a_227><b_157>,<c_154>,<a_211>,<a_211><b_216>
3493,"3D Solutech Printer Filament, Real Blue PLA, 1.75MM Filament, Dimensional Accuracy +/- 0.03 mm, 1.1 LBS (0.5KG)",3D Solutech,3d_filament,<a_58>,<a_58><b_78>,<c_210>,<a_223>,<a_223><b_80>
3494,"3D Solutech Real Yellow 3D Printer PLA Filament 1.75MM Filament, Dimensional Accuracy +/- 0.03 mm, 2.2 LBS (1.0KG)",3D Solutech,3d_filament,<a_58>,<a_58><b_226>,<c_27>,<a_223>,<a_223><b_80>
3495,Melting Dish Casting Crucible Tool Ingot Mold,ikohe,other,<a_102>,<a_102><b_52>,<c_92>,<a_229>,<a_229><b_5>
3496,SEOH Beaker Borosilicate Glass Low Form Graduated 1000ml Each,SEOH,other,<a_251>,<a_251><b_202>,<c_36>,<a_94>,<a_94><b_40>
3497,"1 Mil Kapton Tape (Polyimide) - 1/4"" X 36 Yds",Tapes Master,tape,<a_229>,<a_229><b_78>,<c_162>,<a_79>,<a_79><b_243>
3498,"Gizmo Dorks 1.75mm PLA Filament 1kg / 2.2lb for 3D Printers, Translucent Pink",Gizmo Dorks,3d_filament,<a_126>,<a_126><b_226>,<c_78>,<a_223>,<a_223><b_159>
3499,6-36VDC 4mm Detecting Distance NO Inductive Proximity Switch LJ12A3-4-Z/BY,uxcell,ventilation_fan,<a_183>,<a_183><b_191>,<c_50>,<a_236>,<a_236><b_164>
3500,SOLOOP 100PCS Quick Splice Wire Terminals&Male Spade Wire Connectors Set,,connector_fitting,<a_65>,<a_65><b_59>,<c_68>,<a_158>,<a_158><b_96>
3501,"Everdixie USA Dual Head Stethoscope, Pink",BP MEDICAL SUPPLIES,other,<a_18>,<a_18><b_178>,<c_20>,<a_180>,<a_180><b_195>
3502,"3M Littmann Cardiology IV Diagnostic Stethoscope, Standard-Finish Chestpiece, Burgundy Tube, Stainless Stem and Headset, 27 inch, 6153",3M Littmann,other,<a_18>,<a_18><b_153>,<c_127>,<a_180>,<a_180><b_186>
3503,Yeast Nutrient - 8 oz.,Midwest Homebrewing and Winemaking Supplies,fastener,<a_177>,<a_177><b_104>,<c_233>,<a_150>,<a_150><b_94>
3504,GUM Flosbrush Mint [861] 100 Feet,SUNSTAR BUTLER,other,<a_66>,<a_66><b_218>,<c_124>,<a_24>,<a_24><b_216>
3505,Taulman 3D 618 Natural Nylon Filament for 3D Printer 1.75mm 2 1lb Spool Bundle MADE IN USA,,3d_filament,<a_195>,<a_195><b_89>,<c_35>,<a_158>,<a_158><b_120>
3506,"Perineal Irrigation 8 ounce Cleansing Bottle (Pack of 3) lavette irrigation bottle for post-partum, new mothers, and bidet use",Medline,other,<a_103>,<a_103><b_206>,<c_173>,<a_44>,<a_44><b_247>
3507,"Huhushop(TM) white 0.96"" I2C IIC SPI Serial 128X64 OLED LCD LED Display Module For Arduino",SPHTOEO,other,<a_220>,<a_220><b_159>,<c_95>,<a_158>,<a_158><b_212>
3508,Foreasy 3D Printer Accessories 3D Print Removal Tool Shovel Tool,Foreasy,3d_filament,<a_113>,<a_113><b_247>,<c_4>,<a_223>,<a_223><b_59>
3509,"MG Chemicals Blue PETG 3D Printer Filament, 1.75 mm, 1 kg Spool",MG Chemicals,3d_filament,<a_58>,<a_58><b_185>,<c_5>,<a_223>,<a_223><b_126>
3510,"eSUN 3D 1.75mm PETG Red Filament 1kg (2.2lb), PETG 3D Printer Filament, 1.75mm Solid Opaque Red",eSUN,3d_filament,<a_237>,<a_237><b_57>,<c_140>,<a_223>,<a_223><b_126>
3511,Addicore 5 Pack nRF24L01+ and ESP8266 Breadboard Breakout Adapter Board (BB-ADTR),Addicore,other,<a_82>,<a_82><b_2>,<c_7>,<a_73>,<a_73><b_254>
3512,Addicore 2 Pack ESP8266 ESP-01 WiFi Wireless Tranceiver Module 1MB Flash in Antistatic Foam Arduino Compatible,Addicore,other,<a_5>,<a_5><b_204>,<c_167>,<a_30>,<a_30><b_251>
3513,2x 40pcs Female to Female 2.54mm 0.1 in Jumper Wires F/F (2x40pcs),HIGHROCK,other,<a_99>,<a_99><b_220>,<c_50>,<a_73>,<a_73><b_218>
3514,"Gizmo Dorks 1.75mm PLA Filament 1kg / 2.2lb for 3D Printers, Grey",Gizmo Dorks,3d_filament,<a_126>,<a_126><b_226>,<c_2>,<a_223>,<a_223><b_159>
3515,Foxnovo High Temperature Heat Resistant Tape Polyimide Film Adhesive Tape (30mm33m),Foxnovo,tape,<a_229>,<a_229><b_118>,<c_226>,<a_79>,<a_79><b_243>
3516,DHT Electronics 2PCS RF coaxial cable UHF female SO239 to MCX male right angle connector RG316 20CM,DHT Electronics,connector_fitting,<a_209>,<a_209><b_63>,<c_158>,<a_23>,<a_23><b_148>
3517,"Octave Kapton Tape for 3D Printer Platform 6"" x 100'",Kapton,3d_filament,<a_195>,<a_195><b_225>,<c_214>,<a_197>,<a_197><b_119>
3518,HMD PH-200 Digital Professional Waterproof 0-14 PH & Temperature Meter,HM Digital,gauge_meter,<a_25>,<a_25><b_87>,<c_76>,<a_36>,<a_36><b_231>
3519,HM Digital COM100 Waterproof EC/TDS And Temperature Combo Meter,HM Digital,gauge_meter,<a_25>,<a_25><b_148>,<c_92>,<a_36>,<a_36><b_227>
3520,SainSmart 1.75mm PVA Dissolvable 3D Printers Filament -0.5kg/1.1lbs (Natural),SainSmart,3d_filament,<a_237>,<a_237><b_85>,<c_106>,<a_223>,<a_223><b_42>
3521,"Cutequeen 3D-PLA-1.75mm-1KG 3D Printer Filament,1.75 mm Diameter,Dimensional Accuracy +/- 0.05mm,1000g Spool,White",Cutequeen,3d_filament,<a_237>,<a_237><b_115>,<c_43>,<a_223>,<a_223><b_193>
3522,"3D Solutech Real Blue 3D Printer PLA Filament 1.75MM Filament, Dimensional Accuracy +/- 0.03 mm, 2.2 LBS (1.0KG) - ST176BLPLA",3D,3d_filament,<a_58>,<a_58><b_78>,<c_2>,<a_223>,<a_223><b_80>
3523,"Uxcell a14050500ux0216 HC-49S DIP Quartz Crystal Oscillator, 16 MHz, 16.000 MHz, 10 Piece",uxcell,other,<a_178>,<a_178><b_66>,<c_246>,<a_73>,<a_73><b_84>
3524,"Uxcell a14092200ux0209 50 Piece 10K Ohm 0.05W 3435B NTC Thermistors Resistor, MF52-103 Type",uxcell,other,<a_227>,<a_227><b_246>,<c_36>,<a_211>,<a_211><b_136>
3525,"Genteq Capacitor 10 UF MFD 370V 97F9002, 97F9002s (Replaces Old GE# 97F9002BZ3, Z97F9002, 27L669), 10 MFD at 370V, Oval",Genteq,other,<a_100>,<a_100><b_149>,<c_113>,<a_236>,<a_236><b_227>
3526,"Gizmo Dorks 3mm (2.85mm) ABS Filament 1kg / 2.2lb for 3D Printers, Green",Gizmo Dorks,3d_filament,<a_126>,<a_126><b_74>,<c_42>,<a_223>,<a_223><b_159>
3527,"SEOH Glass Stir Rod 10"" - 1 EA",SEOH,other,<a_189>,<a_189><b_243>,<c_155>,<a_229>,<a_229><b_227>
3528,"SEOH Micro Borosilicate Glass Graduated Beakers (5ml, 10ml and 25ml)",SEOH,other,<a_251>,<a_251><b_216>,<c_99>,<a_94>,<a_94><b_40>
3529,"SIENOC 3D PLA 1KG 1.75mm PLA 3D Printer Filament, Dimensional Accuracy+/- 0.05mm 1 kg(2.2 lbs) Spool White",SIENOC,3d_filament,<a_237>,<a_237><b_118>,<c_141>,<a_223>,<a_223><b_220>
3530,"Carbon Steel Lock Nut, Zinc Plated Finish, Right Hand Threads, Self-Locking/Nylon Insert, Meets DIN 985, M5-0.80 Threads (Pack of 100)",Small Parts,fastener,<a_6>,<a_6><b_141>,<c_160>,<a_224>,<a_224><b_10>
3531,Uxcell a13101700ux0207 10 Pcs 20mm x 20mm x 6mm Aluminum Heatsink for IC MOSFET SCR (Pack of 10),uxcell,other,<a_30>,<a_30><b_142>,<c_23>,<a_23>,<a_23><b_93>
3532,Mercurry 10 Meters GT2 timing belt width 6mm Fit for RepRap Mendel Rostock Prusa GT2-6mm Belt,Mercurry,gauge_meter,<a_137>,<a_137><b_95>,<c_145>,<a_23>,<a_23><b_101>
3533,SEOH 600ml Low Form Borosilicate Glass Graduated Beaker (Each),SEOH,other,<a_251>,<a_251><b_202>,<c_66>,<a_94>,<a_94><b_68>
3534,"HICTOP Desktop 3D Printer, Black",HICTOP,3d_filament,<a_195>,<a_195><b_240>,<c_215>,<a_158>,<a_158><b_66>
3535,Anycubic Barrel Stainless Steel Nozzle Throat with PTFE Tube for V6 3D Printer 1.75mm Extruder Hot End,Anycubic,3d_filament,<a_120>,<a_120><b_63>,<c_239>,<a_91>,<a_91><b_83>
3536,Staple Remover Kit,Dynarex,fastener,<a_160>,<a_160><b_33>,<c_12>,<a_24>,<a_24><b_148>
3537,Smartbuy 1.75mm Yellow PLA 3D Printer Filament - 1kg Spool/Roll (2.2 lbs) - Dimensional Accuracy +/- 0.05mm,Smartbuy,3d_filament,<a_71>,<a_71><b_157>,<c_55>,<a_223>,<a_223><b_96>
3538,[3D CAM] 5 PCS PC4-M6 Pneumatic Straight Fitting for 4mm OD RepRap 3D Printer Bowden Tubing or other use,DD-life,3d_filament,<a_255>,<a_255><b_30>,<c_33>,<a_158>,<a_158><b_36>
3539,"Starbond EM-2000 Thick, PREMIUM CA - Super Glue plus Extra Cap and Microtips, 2 oz. (For Woodturning, Hobby, Archery Fletching)",STARBOND,adhesive_epoxy,<a_158>,<a_158><b_236>,<c_142>,<a_99>,<a_99><b_230>
3540,"SainSmart 1.75 Aluminum Metal 1.75 mm Filament for 3D Printing, 0.5 kg/1.1 lb.",SainSmart,3d_filament,<a_71>,<a_71><b_181>,<c_211>,<a_223>,<a_223><b_160>
3541,5PCS Nema 17 Stepper Motor Bipolar 2A 84oz.in 48mm 4-lead for 3D Printer/CNC,STEPPERONLINE,3d_filament,<a_137>,<a_137><b_170>,<c_12>,<a_30>,<a_30><b_192>
3542,FlashForge FFH001 2 Nozzles and 4 Teflon Tubes kit for FlashForge Creator Pro and Dreamer (Pack of 6),FlashForge,other,<a_113>,<a_113><b_11>,<c_201>,<a_91>,<a_91><b_45>
3543,"SUNKEE 100 pcs Rectifier Diode Tape kit,1N4148 1N4007 1N5819 1N5399 FR107 FR207 1N5408 1N5822",SUNKEE,tape,<a_91>,<a_91><b_43>,<c_30>,<a_30>,<a_30><b_43>
3544,3D CAM] All Metal Hot End V6 for RepRap 3D Printer Bowden Extruder 3.0mm Filament 0.5mm Nozzle 12V 40W Heater,3D CAM,3d_filament,<a_255>,<a_255><b_145>,<c_4>,<a_158>,<a_158><b_217>
3545,"E-Projects 10EP51410K0 10k Ohm Resistors, 1/4 W, 5% (Pack of 10)",E-Projects,other,<a_101>,<a_101><b_173>,<c_62>,<a_73>,<a_73><b_224>
3546,Inland 1.75mm Orange PLA 3D Printer Filament - 1kg Spool (2.2 lbs),Inland,3d_filament,<a_237>,<a_237><b_122>,<c_232>,<a_158>,<a_158><b_72>
3547,3D Solutech See Through Blue 1.75mm PETG 3D Printer Filament 2.2 LBS (1.0KG),3D Solutech,3d_filament,<a_58>,<a_58><b_57>,<c_178>,<a_223>,<a_223><b_187>
3548,Gladiator GACK04KDSX Ready-to-Assemble Caster Kit,Gladiator,other,<a_68>,<a_68><b_163>,<c_42>,<a_87>,<a_87><b_211>
3549,"Hydroplanet&trade; 4 Inch Duct Booster Fan,exhaust Fan High Cfm, 4"" 65-100 CFM (4 Inch)",Hydroplanet,ventilation_fan,<a_3>,<a_3><b_149>,<c_54>,<a_109>,<a_109><b_192>
3550,Uxcell a12081400ux0273 10 x Momentary SPST NO Red Push Button Switch AC 250V/1.5A 125V/3A,uxcell,other,<a_117>,<a_117><b_37>,<c_16>,<a_236>,<a_236><b_35>
3551,KING DO WAY 3pcs HSS Spiral grooved Step Drill Bit 4mm to 12mm/20mm/32mm Cut Tool Set,KING DO WAY,other,<a_44>,<a_44><b_42>,<c_72>,<a_224>,<a_224><b_139>
3552,"Rubbermaid Commercial Heavy-Duty BRUTE Dome Swing Top Door Lid for 44 Gallon Waste/Utility Containers, Plastic, Gray (FG264788GRAY)",Rubbermaid Commercial Products,other,<a_214>,<a_214><b_146>,<c_65>,<a_210>,<a_210><b_183>
3553,"Uxcell a15011600ux0214 5 Piece 5K Ohm Linear Taper Rotary Potentiometer, 5KB B5K Pot",uxcell,tape,<a_121>,<a_121><b_21>,<c_243>,<a_73>,<a_73><b_123>
3554,"Gizmo Dorks 1.75mm ABS Filament 1kg / 2.2lb for 3D Printers, White",Gizmo Dorks,3d_filament,<a_126>,<a_126><b_74>,<c_84>,<a_223>,<a_223><b_159>
3555,"3D PLA 1.75MM BLUE Plastic 3D Printer Printing Filament, Dimensional Accuracy +/- 0.04 mm, 1KG 2.2LBS",LabelPros,3d_filament,<a_237>,<a_237><b_56>,<c_186>,<a_158>,<a_158><b_206>
3556,"MeltInk3D PLA-1K175GLD05 Gold PLA 3D Printer Filament &Atilde;&tilde; 1.75mm, 1Kg (2.2 Lb), MADE in USA, Dimensional Accuracy: &Acirc;&plusmn; 0.05mm",MeltInk3D,3d_filament,<a_58>,<a_58><b_124>,<c_201>,<a_223>,<a_223><b_206>
3557,3D Solutech Chocolate Brown 3D Printer PLA Filament 1.75MM Filament 2.2 LBS (1.0KG),3D Solutech,3d_filament,<a_58>,<a_58><b_226>,<c_106>,<a_223>,<a_223><b_80>
3558,"Professional Black 1.75mm PLA 3D Printer Filament, 1kg (2.2lb) Filament Weight, 0.05mm Tolerance, by ProMolt 3D",ProMolt 3D,3d_filament,<a_71>,<a_71><b_184>,<c_219>,<a_223>,<a_223><b_172>
3559,Beaker Low Form Glass Graduated 600ml,Kimble Bomex,other,<a_251>,<a_251><b_120>,<c_103>,<a_94>,<a_94><b_149>
3560,uxcell 10 Pcs 17mm x 6mm x 6mm Single Row Shielded Deep Groove Ball Bearing 606ZZ,uxcell,other,<a_180>,<a_180><b_43>,<c_7>,<a_251>,<a_251><b_207>
3561,Economy Pre-Assembly M5 T Nut for 20mm T-Slot/V-Slot Aluminum Extrusions (Pack of 25),Generic,fastener,<a_228>,<a_228><b_0>,<c_230>,<a_224>,<a_224><b_130>
3562,"213X6 Karter Scientific 50ml Porcelain Crucible, High Tall Form, Glazed, 43x58mm",Karter Scientific,other,<a_226>,<a_226><b_211>,<c_223>,<a_17>,<a_17><b_222>
3563,"High Temperature Tape 1/2"" Wide, Kapton No Residue Heat Tape for Sublimation and Heat Transfe",Rincons Heat Press,tape,<a_152>,<a_152><b_246>,<c_14>,<a_233>,<a_233><b_195>
3564,"ATMEL ATTINY85-20PU MCU, 8BIT, ATTINY, 20MHZ, DIP-8 (10 pieces)",ATMEL,other,<a_5>,<a_5><b_117>,<c_90>,<a_30>,<a_30><b_1>
3565,"3-IN-ONE  Professional Grade Pneumatic Tool Oil, 4 OZ",3-IN-ONE,other,<a_215>,<a_215><b_120>,<c_53>,<a_173>,<a_173><b_73>
3566,"Remington Industries 16SNSP 16 AWG Magnet Wire, Enameled Copper Wire, 1.0 lb, 0.0520"" Diameter, 126' Length, Red",Remington Industries,gauge_meter,<a_254>,<a_254><b_115>,<c_16>,<a_251>,<a_251><b_228>
3567,ECO-WORTHY 12V 2 Inch Stroke Linear Actuator 330lbs Maximum Lift with Mounting Brackets (12VDC 2''),ECO-WORTHY,other,<a_167>,<a_167><b_16>,<c_106>,<a_158>,<a_158><b_118>
3568,"SCIGRIP 4 10308 Acrylic Solvent Cement, Water-thin, 1/4 Pint Can with Screw-on Cap, Clear",SCIGRIP,fastener,<a_124>,<a_124><b_56>,<c_160>,<a_165>,<a_165><b_219>
3569,Atlas ESR70,Peak,other,<a_8>,<a_8><b_75>,<c_220>,<a_153>,<a_153><b_58>
3570,SEOH Magnesium Ribbon 25 Grams,SEOH,other,<a_135>,<a_135><b_9>,<c_75>,<a_229>,<a_229><b_205>
3571,"SCIGRIP 16 Acrylic Cement, Low-VOC, Medium bodied, 1 Pint Can with Screw-on Cap, Clear",SCIGRIP,fastener,<a_124>,<a_124><b_216>,<c_7>,<a_165>,<a_165><b_219>
3572,Inland 1.75mm Black ABS 3D Printer Filament - 1kg Spool (2.2 lbs),Inland,3d_filament,<a_237>,<a_237><b_122>,<c_46>,<a_158>,<a_158><b_72>
3573,"Industrial & Scientific"" />",80/20 Inc,metadata_placeholder,<a_191>,<a_191><b_143>,<c_207>,<a_15>,<a_15><b_103>
3574,CO RODE M4 M5 M6 Stainless Steel Hex Head Bolts Nuts Washers Screws Assortment Kit - 304 Stainless Steel,CO RODE,fastener,<a_231>,<a_231><b_175>,<c_95>,<a_224>,<a_224><b_153>
3575,Gikfun B10K B100K B5K B50K B2K B20K Ohm Knurled Shaft Linear Rotary Taper Potentiometer for Arduino EK8359,Gikfun,tape,<a_8>,<a_8><b_30>,<c_137>,<a_17>,<a_17><b_118>
3576,5PCS Nema17 Stepper Motor 2A 64oz.in 40mm Body 4-lead 1m Cable W/Connector DIY CNC,STEPPERONLINE,connector_fitting,<a_137>,<a_137><b_170>,<c_160>,<a_30>,<a_30><b_192>
3577,HICTOP 5 Meters GT2 2mm pitch 6mm wide Timing Belt for 3D printer CNC,HICTOP,3d_filament,<a_220>,<a_220><b_30>,<c_241>,<a_158>,<a_158><b_246>
3578,Drillpro 4x4'' Scientific Lab Jack Aluminum Lab Lifting Platform Stand Rack Scissor Lab-Lift Lifter,DRILLPRO,other,<a_73>,<a_73><b_135>,<c_181>,<a_87>,<a_87><b_124>
3579,Inland 1.75mm Natural PETG 3D Printer Filament - 1kg Spool (2.2 Lbs),Inland,3d_filament,<a_237>,<a_237><b_122>,<c_33>,<a_158>,<a_158><b_72>
3580,"MeltInk3D PLA-1K175PRP05 Purple PLA 3D Printer Filament &Oslash; 1.75mm, 1Kg (2.2 Lb), Made in USA, Dimensional Accuracy: &plusmn; 0.05mm",MeltInk3D,3d_filament,<a_237>,<a_237><b_56>,<c_182>,<a_158>,<a_158><b_206>
3581,1 Oz (30 ml) AMBER Boston Round Glass Bottle w/Cap - Pack of 12,PREMIUM VIALS CREATIVE PACKAGING SOLUTIONS,other,<a_112>,<a_112><b_57>,<c_129>,<a_150>,<a_150><b_91>
3582,"Fowler 72-030-006 6"" / 150 mm Dial Caliper",Fowler,gauge_meter,<a_164>,<a_164><b_245>,<c_214>,<a_104>,<a_104><b_36>
3583,"Flashforge Dreamer 3d Printer, Dual Extruder, Fully Enclosed Chamber, W/2 Free Spools",YYQXL,3d_filament,<a_113>,<a_113><b_36>,<c_240>,<a_91>,<a_91><b_180>
3584,"eSUN 1.75mm Pink PLA 3D Printer filament 1kg Spool (2.2lbs), Pink",eSUN,3d_filament,<a_237>,<a_237><b_63>,<c_129>,<a_223>,<a_223><b_144>
3585,uxcell 10 Pcs Air Pneumatic 4mm to 4mm Straight Push in Connectors Quick Fittings,uxcell,connector_fitting,<a_46>,<a_46><b_166>,<c_160>,<a_108>,<a_108><b_190>
3586,"TEN-HIGH Linear Motion 8 mm Shaft, 495 mm Length, Chrome Plated, Case Hardened, Metric",Ten-high,other,<a_22>,<a_22><b_22>,<c_17>,<a_251>,<a_251><b_164>
3587,"20x150mm Glass Test Tube, Screw Top, With Cap, Black (Pack 10) Karter Scientific 402H2",Karter Scientific,fastener,<a_201>,<a_201><b_251>,<c_106>,<a_94>,<a_94><b_234>
3588,10Pcs Mini Iron Butterfly Hinges Cabinet Drawer Door Butt Hinge,Generic,other,<a_68>,<a_68><b_180>,<c_107>,<a_42>,<a_42><b_135>
3589,Bob Smith 116 Insta-Cure Ic-Gel .7oz,BSI,other,<a_106>,<a_106><b_156>,<c_126>,<a_99>,<a_99><b_155>
3590,Drillpro 400mm 8mm Lead Screw ACME Lead Screw and Nut for 3D Printer Z Axis,DRILLPRO,3d_filament,<a_137>,<a_137><b_26>,<c_97>,<a_224>,<a_224><b_110>
3591,"1/4"" Eccentric Spacer for Full Size V Wheels (Pack of 20)",Generic,other,<a_240>,<a_240><b_22>,<c_96>,<a_159>,<a_159><b_5>
3592,"3D Solutech Printer Filament, Real Black PLA, 1.75MM Filament, Dimensional Accuracy +/- 0.03 mm, 1.1 LBS (0.5KG)",3D Solutech,3d_filament,<a_58>,<a_58><b_78>,<c_106>,<a_223>,<a_223><b_80>
3593,"Linear Motion 8 mm Shaft, 30"" Length, Chrome Plated, Case Hardened, Metric",VXB,other,<a_22>,<a_22><b_22>,<c_123>,<a_251>,<a_251><b_164>
3594,Calibration Kit with Tweezers and Weights 10mg - 50g,WM,other,<a_98>,<a_98><b_229>,<c_169>,<a_229>,<a_229><b_110>
3595,"American Educational Connecting Kjeldahl Bulb with Stopper for Distilling Apparatus, 50mm Bulb Diameter",American Educational Products,gauge_meter,<a_63>,<a_63><b_165>,<c_74>,<a_229>,<a_229><b_216>
3596,SainSmart DSO211 ARM Nano Mini Storage Pocket Portable Handheld Digital Oscilloscope,SainSmart,other,<a_193>,<a_193><b_104>,<c_237>,<a_36>,<a_36><b_174>
3597,"SHURFLO 1434.1019 234-2926 1/2"" FPT X 1/2"" Barb Straight Swivel",SHURFLO,other,<a_118>,<a_118><b_22>,<c_53>,<a_108>,<a_108><b_239>
3598,1.75mm Red PLA 3D Printer Filament - 1kg Spool (2.2 lbs) - Dimensional Accuracy +/- 0.03mm,AMZ3D,3d_filament,<a_237>,<a_237><b_56>,<c_1>,<a_158>,<a_158><b_72>
3599,"3D Solutech Aqua Blue 3D Printer PLA Filament 1.75MM Filament, Dimensional Accuracy +/- 0.03 mm, 2.2 LBS (1.0KG)",3D Solutech,3d_filament,<a_58>,<a_58><b_226>,<c_43>,<a_223>,<a_223><b_80>
3600,"Micro-Swiss HW-NOZ-MK10-04 Plated Brass Wear Resistant Nozzles, 1.75 mm, MK10 (Flash Forge/Dremel/Wanhao) 0.4 mm, Bright Nickel",Micro-Swiss,other,<a_120>,<a_120><b_100>,<c_85>,<a_91>,<a_91><b_96>
3601,Smartbuy 1.75mm Green PLA 3D Printer Filament - 1kg Spool/Roll (2.2 lbs) - Dimensional Accuracy +/- 0.05mm,Smartbuy,3d_filament,<a_71>,<a_71><b_157>,<c_6>,<a_223>,<a_223><b_96>
3602,American Educational 7-771000 Clear Borosilicate Glass 1000mL Flat Bomex Bottom Boiling Flask,American Educational Products,other,<a_86>,<a_86><b_208>,<c_221>,<a_94>,<a_94><b_81>
3603,"16X150mm Glass Test Tubes with Rubber Stoppers, Karter Scientific 201B5 (Pack of 10)",Karter Scientific,other,<a_201>,<a_201><b_36>,<c_100>,<a_94>,<a_94><b_234>
3604,CycleMore Metal J-Head V6 Hot End NTC3950 Thermistor for RepRap 3D Printer 1.75mm Filament Bowden Extruder 0.4mm Nozzle,CycleMore,3d_filament,<a_255>,<a_255><b_59>,<c_118>,<a_158>,<a_158><b_217>
3605,"Professional Lysol Disinfectant Spray, Original Scent, 228oz (12X19oz)",Lysol,other,<a_171>,<a_171><b_191>,<c_10>,<a_66>,<a_66><b_2>
3606,"Professional Lysol Disinfectant Spray, Crystal Waters, 150oz (12X12.5oz)",Lysol,other,<a_171>,<a_171><b_191>,<c_12>,<a_66>,<a_66><b_2>
3607,DIKAVS 4PCS 3D Printer Precision Nickel plating M6 Nozzle 0.2mm/0.3mm/0.4mm/0.5mm For 1.75MM MK8 Makerbot Ultimaker UM2 E3D,DIKAVS,3d_filament,<a_120>,<a_120><b_157>,<c_223>,<a_91>,<a_91><b_239>
3608,"AmScope 3.0 MP USB2.0 Microscope Digital Camera + Software 3.0 MP, Compatible with Windows XP/Vista/7/8/10, Mac OS X and Linux",AmScope,other,<a_141>,<a_141><b_216>,<c_91>,<a_158>,<a_158><b_235>
3609,"Azzota Immersion Oil For Microscopes, Type A - 7ml",Azzota,other,<a_171>,<a_171><b_239>,<c_0>,<a_173>,<a_173><b_43>
3610,Platform Sticker for QIDI TECH I 3D Printer: 5 pcs kit,Qidi Technology,3d_filament,<a_9>,<a_9><b_70>,<c_15>,<a_91>,<a_91><b_165>
3611,"HOODDEAL 30pcs Mini Cabinet Drawer Butt Hinges Multifuction Accessories,18 x15 mm",HOODDEAL,other,<a_68>,<a_68><b_69>,<c_167>,<a_42>,<a_42><b_123>
3612,"Photo Frog Basket Accents Shrink Wrap 60"" X3yd Roll, Clear,Notions - In Network,349162"" />",Photo Frog,other,<a_145>,<a_145><b_119>,<c_239>,<a_68>,<a_68><b_147>
3613,iXCC Basic Series PLA 3D Printer Filament 1.75mm Diameter (Dimensional Accuracy +/- 0.05mm) - 1kg Spool (Approximately 2.2 lbs) [Red],iXCC,3d_filament,<a_237>,<a_237><b_157>,<c_103>,<a_223>,<a_223><b_96>
3614,Kysan 1124090 NEMA17 Stepper Motor,Kysan,other,<a_77>,<a_77><b_170>,<c_77>,<a_91>,<a_91><b_109>
3615,INHDBOX 5 Pcs M3 M4 M5 M6 M8 Titanium Coated HSS Spiral Flute Metric Taps Set,INHDBOX,other,<a_24>,<a_24><b_2>,<c_225>,<a_224>,<a_224><b_208>
3616,Bon 24-120 3/4-Inch by 4-Inch by 6-Foot Reinforced Aluminum H-Screed with Plastic Cap,BON,other,<a_207>,<a_207><b_110>,<c_107>,<a_224>,<a_224><b_177>
3617,"Reynolds Non-Stick Fish Pan, 3 ct",Reynolds,other,<a_102>,<a_102><b_1>,<c_94>,<a_14>,<a_14><b_5>
3618,SEOH Beaker Borosilicate Glass Low Form Graduated 2000ml Each,SEOH,other,<a_251>,<a_251><b_202>,<c_44>,<a_94>,<a_94><b_40>
3619,"eSUN 1.75mm Red PLA PRO (PLA+) 3D Printer Filament 1KG Spool (2.2lbs), Red, (Pantone 485C)",eSUN,3d_filament,<a_237>,<a_237><b_226>,<c_0>,<a_223>,<a_223><b_144>
3620,6 Pcs 100K ohm NTC Thermistors/Temp Sensor for Reprap 3D printer-HONTECH,HONTECH,3d_filament,<a_9>,<a_9><b_157>,<c_164>,<a_91>,<a_91><b_193>
3621,Rubber Stoppers - Size #7 - (Pack of 3) Karter Scientific 216R2,Karter Scientific,other,<a_245>,<a_245><b_252>,<c_136>,<a_14>,<a_14><b_117>
3622,"HATCHBOX ABS 3D Printer Filament, Dimensional Accuracy +/- 0.03 mm, 1 kg Spool, 1.75 mm, Transparent Yellow",HATCHBOX,3d_filament,<a_58>,<a_58><b_115>,<c_120>,<a_223>,<a_223><b_198>
3623,"Uxcell a13071500ux0900 Common Cathode 10-Pin 1 Bit 7 Segment 0.56"" Red LED Display Digital Tube (Pack of 10)",uxcell,other,<a_30>,<a_30><b_75>,<c_0>,<a_73>,<a_73><b_208>
3624,Kamo 5PCS Barrel M6 X 30 Nozzle Throat for MK8 Tube Makerbot 3D Printer Extruder Hot End,KAMO,3d_filament,<a_137>,<a_137><b_84>,<c_0>,<a_224>,<a_224><b_65>
3625,"Airwolf 3D A09800 3D Printer Bed Adhesive for ABS PETG TPE and TPU, 2 oz.",Airwolf 3D,3d_filament,<a_126>,<a_126><b_111>,<c_21>,<a_223>,<a_223><b_216>
3626,MUYI 10 Meters = 32.8 Feet PTFE Teflon Tube OD 4mm ID 2mm for Chemical Electrical Medical Equipment,MUYI,gauge_meter,<a_165>,<a_165><b_114>,<c_115>,<a_228>,<a_228><b_172>
3627,"Dinglab,500ml Chemistry Lab Glassware Kit,glass Distilling,distillation Apparatus,24/40",dinglab,other,<a_63>,<a_63><b_28>,<c_68>,<a_94>,<a_94><b_4>
3628,"3PCS 830Ties Solderless Breadboard,Clear Prototype PCB Board Kit for Proto Shield Circboard Prototyping",Michael Josh,other,<a_220>,<a_220><b_201>,<c_164>,<a_158>,<a_158><b_255>
3629,"[STAR] Alchement - PLA Series, 3D Filament, 1.75mm, 1kg (Transparent)",Alchement,3d_filament,<a_58>,<a_58><b_224>,<c_37>,<a_223>,<a_223><b_220>
3630,"HATCHBOX PLA 3D Printer Filament, Dimensional Accuracy +/- 0.03 mm, 1 kg Spool, 1.75 mm, Green",HATCHBOX,3d_filament,<a_58>,<a_58><b_172>,<c_136>,<a_223>,<a_223><b_198>
3631,3D Solutech Skin 3D Printer PLA Filament 1.75MM Filament 2.2 LBS (1.0KG),3D Solutech,3d_filament,<a_58>,<a_58><b_226>,<c_1>,<a_223>,<a_223><b_80>
3632,"eSUN 1.75mm Blue PLA PRO (PLA+) 3D Printer Filament 1KG Spool (2.2lbs), Blue",eSUN,3d_filament,<a_237>,<a_237><b_226>,<c_13>,<a_223>,<a_223><b_144>
3633,"[STAR] Alchement - TPU Series, 3D Filament, 1.75mm, 1kg (Dark Orange-TPU)",Alchement,3d_filament,<a_234>,<a_234><b_74>,<c_186>,<a_223>,<a_223><b_242>
3634,"HATCHBOX PLA 3D Printer Filament, Dimensional Accuracy +/- 0.03 mm, 1 kg Spool, 1.75 mm, Beige",HATCHBOX,3d_filament,<a_58>,<a_58><b_172>,<c_239>,<a_223>,<a_223><b_198>
3635,Octave 4 Color Red-Green-Blue-Yellow ABS Filament for 3D Printers - 1.75mm 1.3Kg Spool,Octave,3d_filament,<a_113>,<a_113><b_92>,<c_214>,<a_91>,<a_91><b_183>
3636,"eSUN 1.75mm Silver ABS 3D Printer filament 1kg Spool (2.2lbs), Silver",eSUN,3d_filament,<a_237>,<a_237><b_145>,<c_78>,<a_223>,<a_223><b_217>
3637,"HATCHBOX ABS 3D Printer Filament, Dimensional Accuracy +/- 0.03 mm, 1 kg Spool, 1.75 mm, Bronze",HATCHBOX,3d_filament,<a_58>,<a_58><b_115>,<c_16>,<a_223>,<a_223><b_198>
3638,"Cutequeen PLA Plastic Filament Cartridge,1.75 mm Diameter,Dimensional Accuracy +/- 0.05mm,1000g,Blue",Cutequeen,3d_filament,<a_237>,<a_237><b_186>,<c_66>,<a_223>,<a_223><b_193>
3639,"eSUN 1.75mm Gray ABS 3D Printer filament 1kg Spool (2.2lbs), Gray",eSUN,3d_filament,<a_237>,<a_237><b_145>,<c_18>,<a_223>,<a_223><b_217>
3640,"Premium Test Tube Rack, (6) 25mm Holes and (6) Pins - Solid Wood - 9.4"" Long, 3.75"" Tall",EISCO,other,<a_245>,<a_245><b_132>,<c_205>,<a_94>,<a_94><b_125>
3641,Uxcell a13080200ux0362 2Pcs SK8 8mm Linear Rail Shaft Clamping Guide Support for XYZ Table (Pack of 2),uxcell,other,<a_180>,<a_180><b_224>,<c_255>,<a_251>,<a_251><b_235>
3642,CORN SUGAR 10LB BAG,HomeBrew,other,<a_177>,<a_177><b_128>,<c_9>,<a_150>,<a_150><b_187>
3643,SEOH Filter Paper Qualitative Medium 7cm,SEOH,other,<a_93>,<a_93><b_218>,<c_1>,<a_94>,<a_94><b_29>
3644,Hilitchi 100pcs 16-14 Gauge Butt Insulated Splice Terminals Electrical Wire Crimp Connectors (Blue / 16-14AWG),Hilitchi,connector_fitting,<a_253>,<a_253><b_89>,<c_35>,<a_67>,<a_67><b_160>
3645,Inland 1.75mm Natural PLA 3D Printer Filament - 1kg Spool (2.2 lbs),Inland,3d_filament,<a_237>,<a_237><b_122>,<c_2>,<a_158>,<a_158><b_72>
3646,HATCHBOX 4 Spool 3D Printer Filament Tabletop Wall Mount Rack,HATCHBOX,3d_filament,<a_234>,<a_234><b_35>,<c_122>,<a_223>,<a_223><b_29>
3647,"Nalgene 2423-0500 LDPE Color-Coded Unitary Wash Bottle, 500mL Capacity, Colored Polypropylene Screw Cap, Assorted Cap Colors, Pack of Four",Nalgene,fastener,<a_20>,<a_20><b_243>,<c_49>,<a_206>,<a_206><b_200>
3648,"eSUN 3D 1.75mm PETG Orange Filament 1kg (2.2lb), PETG 3D Printer Filament, Semi-Transparent 1.75mm Orange",eSUN,3d_filament,<a_237>,<a_237><b_57>,<c_166>,<a_223>,<a_223><b_126>
3649,"[3D CAM] 5 PCS DRV8825 StepStick Stepper Motor Drivers for 3D Printer Electronics, CNC Machine or Robotics",3D CAM,3d_filament,<a_255>,<a_255><b_143>,<c_152>,<a_158>,<a_158><b_89>
3650,Synkia 3D Print Removal Tool 1PC 3D Printer Accessories,Synkia,3d_filament,<a_195>,<a_195><b_255>,<c_34>,<a_197>,<a_197><b_93>
3651,MakerBot Replicator Desktop 3D Printer - 5th Generation,MakerBot,3d_filament,<a_200>,<a_200><b_247>,<c_16>,<a_91>,<a_91><b_30>
3652,E3D Lite6 Full Kit - 1.75mm Universal (Direct) (12v),E3D,other,<a_140>,<a_140><b_181>,<c_173>,<a_91>,<a_91><b_243>
3653,BIQU MKS-BASE V1.5 Plate Controller Board for 3D Printer Ramps 1.4,BIQU,3d_filament,<a_9>,<a_9><b_56>,<c_253>,<a_91>,<a_91><b_79>
3654,1.75mm Orange PLA 3D Printer Filament - 1kg Spool (2.2 lbs) - Dimensional Accuracy +/- 0.03mm,AMZ3D,3d_filament,<a_237>,<a_237><b_56>,<c_8>,<a_158>,<a_158><b_206>
3655,"eSUN 1.75mm Brown PLA PRO (PLA+) 3D Printer Filament 1KG Spool (2.2lbs), Brown",eSUN,3d_filament,<a_237>,<a_237><b_226>,<c_194>,<a_223>,<a_223><b_144>
3656,Anycubic 1 Spool Stable Acrylic 3D Printer Filament Tabletop Mount Rack,Anycubic,3d_filament,<a_234>,<a_234><b_101>,<c_63>,<a_223>,<a_223><b_83>
3657,Taulman 3D 618 Natural Nylon Filament for 3D Printer 1.75mm 1lb Spool MADE IN USA,taulman3D,3d_filament,<a_71>,<a_71><b_151>,<c_90>,<a_223>,<a_223><b_170>
3658,"[POWER] Alchement - Glass(PETG) Series, 3D Filament, 1.75mm, 1kg (Black)",Alchement,3d_filament,<a_58>,<a_58><b_69>,<c_237>,<a_223>,<a_223><b_49>
3659,LD Green 1.75mm PLA 3D Printer Filament,LD Products,3d_filament,<a_71>,<a_71><b_78>,<c_237>,<a_223>,<a_223><b_118>
3660,uxcell Ball Bushing Linear Motion 8mm x 15mm x 24mm Double Sealed 10 Pcs,uxcell,other,<a_180>,<a_180><b_14>,<c_6>,<a_251>,<a_251><b_167>
3661,"Industrial & Scientific"" />",Thomson,metadata_placeholder,<a_191>,<a_191><b_131>,<c_84>,<a_15>,<a_15><b_234>
3662,"BuildTak 3D Printing Build Surface, 6.5"" x 10"" Rectangle, Black (Pack of 3)",BuildTak,other,<a_126>,<a_126><b_65>,<c_151>,<a_223>,<a_223><b_184>
3663,Smartbuy 1.75mm Red PLA 3D Printer Filament - 1kg Spool/Roll (2.2 lbs) - Dimensional Accuracy +/- 0.05mm,Smartbuy,3d_filament,<a_71>,<a_71><b_157>,<c_63>,<a_223>,<a_223><b_96>
3664,"Moen 7250SRS Belfield TWO-HANDLE High Arc Kitchen Faucet, Spot Resist Stainless",Moen,other,<a_246>,<a_246><b_159>,<c_122>,<a_109>,<a_109><b_168>
3665,"American 3D Supply PLA 3D Printer Filament, 1 kg Spool, 1.75 mm, Red",American 3D Supply,3d_filament,<a_58>,<a_58><b_255>,<c_6>,<a_223>,<a_223><b_220>
3666,LCD Smart Controller for RepRap 3D Printer RAMPS 1.4 Electronics (20 characters x 4 lines),3D CAM,3d_filament,<a_255>,<a_255><b_240>,<c_215>,<a_158>,<a_158><b_79>
3667,"HATCHBOX PETG 3D Printer Filament, Dimensional Accuracy +/- 0.03 mm, 1 kg Spool, 1.75 mm, Yellow",HATCHBOX,3d_filament,<a_58>,<a_58><b_251>,<c_173>,<a_223>,<a_223><b_72>
3668,CNBTR 10x6x4mm 20 Series Aluminum European Hammer HeadDrop In M5 T Nut Slot Pack of 50,CNBTR,fastener,<a_184>,<a_184><b_84>,<c_226>,<a_224>,<a_224><b_75>
3669,"HATCHBOX PETG 3D Printer Filament, Dimensional Accuracy +/- 0.03 mm, 1 kg Spool, 1.75 mm, Blue",HATCHBOX,3d_filament,<a_58>,<a_58><b_251>,<c_55>,<a_223>,<a_223><b_72>
3670,"HATCHBOX PETG 3D Printer Filament, Dimensional Accuracy +/- 0.03 mm, 1 kg Spool, 1.75 mm, Red",HATCHBOX,3d_filament,<a_58>,<a_58><b_251>,<c_122>,<a_223>,<a_223><b_72>
3671,5x StepStick DRV8825 Stepper Motor Driver Module for 3D Printer Reprap RP A4988,BHL,3d_filament,<a_55>,<a_55><b_60>,<c_54>,<a_30>,<a_30><b_108>
3672,Uxcell a15072100ux0300 M3x0.5mm Zinc Plated Self-Locking Nylon Insert Hex Lock Nuts 50pcs (Pack of 50),uxcell,fastener,<a_64>,<a_64><b_138>,<c_138>,<a_224>,<a_224><b_228>
3673,uxcell 100 Pcs 10K Ohm 3% Temperature Measurement NTC Thermistors MF52-103,uxcell,other,<a_227>,<a_227><b_178>,<c_92>,<a_211>,<a_211><b_99>
3674,1.75mm Green PLA 3D Printer Filament - 1kg Spool (2.2 lbs) - Dimensional Accuracy +/- 0.03mm,AMZ3D,3d_filament,<a_71>,<a_71><b_38>,<c_88>,<a_223>,<a_223><b_105>
3675,"Dremel PLA 3D Printer Filament, 1.75 mm Diameter, 0.5 kg Spool Weight, White Translucent",Dremel,3d_filament,<a_58>,<a_58><b_7>,<c_186>,<a_223>,<a_223><b_91>
3676,"Proto-pasta Composite Iron PLA, 1.75mm 500g",Proto-Pasta,other,<a_140>,<a_140><b_138>,<c_76>,<a_223>,<a_223><b_212>
3677,Dremel 3D Printing BT20-01 Build Sheets (Pack of 3),Dremel,other,<a_113>,<a_113><b_26>,<c_156>,<a_223>,<a_223><b_1>
3678,Redrex 0.4mm Stainless Steel 3D Printer Nozzle for 1.75mm Filament V6 Extruder Pack of 5Pcs,Redrex,3d_filament,<a_120>,<a_120><b_35>,<c_65>,<a_91>,<a_91><b_96>
3679,Robotic Steel Metallic Silvery Steel 3D Printing PLA Filament &nbsp;(1.75mm 0.5 kg) Made in the USA,Black Magic 3D,3d_filament,<a_58>,<a_58><b_124>,<c_219>,<a_223>,<a_223><b_212>
3680,ProSpec PLA - Emerald - Beautiful Gemstone - Performance Grade 3D Printer Filament - 2.85mm - 2.2LB / 1kg,Summit Printing,3d_filament,<a_71>,<a_71><b_90>,<c_7>,<a_223>,<a_223><b_193>
3681,3D Solutech Real Orange 1.75mm ABS 3D Printer Filament 2.2 LBS (1.0KG),3D Solutech,3d_filament,<a_58>,<a_58><b_74>,<c_1>,<a_223>,<a_223><b_80>
3682,LC Fiber Optic Loopback Adapter (9/125),Networx,other,<a_3>,<a_3><b_205>,<c_193>,<a_211>,<a_211><b_221>
3683,"3D Solutech Purple 3D Printer PLA Filament 1.75MM Filament, Dimensional Accuracy +/- 0.03 mm, 2.2 LBS (1.0KG)",3D Solutech,3d_filament,<a_58>,<a_58><b_226>,<c_0>,<a_223>,<a_223><b_80>
3684,"HATCHBOX PLA 3D Printer Filament, Dimensional Accuracy +/- 0.03 mm, 1 kg Spool, 1.75 mm, Neon Green",HATCHBOX,3d_filament,<a_58>,<a_58><b_172>,<c_233>,<a_223>,<a_223><b_198>
3685,"MeltInk3D PLA-1K175RED05 Red PLA 3D Printer Filament &Oslash; 1.75mm, 1Kg (2.2 Lb), MADE in USA, Dimensional Accuracy: &plusmn; 0.05mm",MeltInk3D,3d_filament,<a_71>,<a_71><b_37>,<c_100>,<a_223>,<a_223><b_31>
