item_a,item_b,semantic_sim,mid_affinity,reliability,rule,weak_threshold
44,91,0.03224807605147362,3.307598308310844e-05,0.03186883260825014,semantic_near_mid_graph_weak,0.0028125385870225728
3128,3182,0.03298667445778847,9.676629269961268e-05,0.03185175733682966,semantic_near_mid_graph_weak,0.0028125385870225728
657,930,0.03234480693936348,4.674823139794171e-05,0.03180719208625534,semantic_near_mid_graph_weak,0.0028125385870225728
2394,3128,0.0326741486787796,8.673741831444204e-05,0.03166649270737485,semantic_near_mid_graph_weak,0.0028125385870225728
1619,2193,0.032086990773677826,4.3422802264103666e-05,0.03159159950614307,semantic_near_mid_graph_weak,0.0028125385870225728
2393,2394,0.03264087438583374,9.142177441390231e-05,0.031579880354127586,semantic_near_mid_graph_weak,0.0028125385870225728
3351,3416,0.03353988006711006,0.00016972205776255578,0.031515922960044934,semantic_near_mid_graph_weak,0.0028125385870225728
117,2393,0.03262709081172943,0.00010279854177497327,0.03143456766794705,semantic_near_mid_graph_weak,0.0028125385870225728
1821,2763,0.031972456723451614,5.392612365540117e-05,0.031359433790080576,semantic_near_mid_graph_weak,0.0028125385870225728
2124,3117,0.03229449316859245,8.616127161076292e-05,0.03130516110741825,semantic_near_mid_graph_weak,0.0028125385870225728
35,2819,0.03290622681379318,0.0001416765444446355,0.0312486351536464,semantic_near_mid_graph_weak,0.0028125385870225728
2812,2917,0.0317218154668808,5.083110590931028e-05,0.031148506012897592,semantic_near_mid_graph_weak,0.0028125385870225728
2193,2282,0.03155684098601341,3.7372396036516875e-05,0.031137520602487874,semantic_near_mid_graph_weak,0.0028125385870225728
459,3117,0.03173699229955673,5.571315705310553e-05,0.031108318956358183,semantic_near_mid_graph_weak,0.0028125385870225728
280,3399,0.033516015857458115,0.00020407140254974365,0.03108416998146906,semantic_near_mid_graph_weak,0.0028125385870225728
2393,3129,0.03223148360848427,0.00010106081754202023,0.03107333413487511,semantic_near_mid_graph_weak,0.0028125385870225728
116,3107,0.03199690580368042,8.973348303698003e-05,0.03097605090148691,semantic_near_mid_graph_weak,0.0028125385870225728
2393,3183,0.03245279937982559,0.00013178591325413436,0.03093217249006225,semantic_near_mid_graph_weak,0.0028125385870225728
2621,2819,0.0323815755546093,0.0001416947488905862,0.030750202659651366,semantic_near_mid_graph_weak,0.0028125385870225728
1055,3351,0.031896986067295074,0.00010167873551836237,0.03074384803564845,semantic_near_mid_graph_weak,0.0028125385870225728
2907,3117,0.031753163784742355,9.134267020272091e-05,0.030721917927044394,semantic_near_mid_graph_weak,0.0028125385870225728
2236,2479,0.0321754552423954,0.0001340082089882344,0.03064240067371869,semantic_near_mid_graph_weak,0.0028125385870225728
680,3011,0.03376346826553345,0.00026581413112580776,0.030572469563432965,semantic_near_mid_graph_weak,0.0028125385870225728
2435,3416,0.03206487372517586,0.0001318612921750173,0.030561564329763636,semantic_near_mid_graph_weak,0.0028125385870225728
2113,2393,0.031642116606235504,9.935846901498735e-05,0.03052429647146626,semantic_near_mid_graph_weak,0.0028125385870225728
665,3416,0.03232691064476967,0.00016360274457838386,0.030446484424262833,semantic_near_mid_graph_weak,0.0028125385870225728
1312,1313,0.033670537173748016,0.00027786550344899297,0.03034404743015808,semantic_near_mid_graph_weak,0.0028125385870225728
40,2393,0.03236551955342293,0.00017984918667934835,0.030295890217492703,semantic_near_mid_graph_weak,0.0028125385870225728
63,1909,0.031433966010808945,0.00011045533756259829,0.030199476520540034,semantic_near_mid_graph_weak,0.0028125385870225728
47,1681,0.034293852746486664,0.00034110998967662454,0.03013462954140718,semantic_near_mid_graph_weak,0.0028125385870225728
2672,2776,0.03339097648859024,0.0002809085708577186,0.03005597816066213,semantic_near_mid_graph_weak,0.0028125385870225728
954,2465,0.03223597630858421,0.0001945910626091063,0.03000566632703478,semantic_near_mid_graph_weak,0.0028125385870225728
2862,2950,0.03251098841428757,0.00021739884687121958,0.029998009063703115,semantic_near_mid_graph_weak,0.0028125385870225728
1796,2950,0.032071709632873535,0.00018796583754010499,0.029928312991027658,semantic_near_mid_graph_weak,0.0028125385870225728
20,2804,0.03259152173995972,0.00023136957315728068,0.029910425555781325,semantic_near_mid_graph_weak,0.0028125385870225728
254,1528,0.032701730728149414,0.0002402661193627864,0.029908127122228047,semantic_near_mid_graph_weak,0.0028125385870225728
444,2301,0.032101575285196304,0.00019452266860753298,0.02988134473625561,semantic_near_mid_graph_weak,0.0028125385870225728
980,2932,0.031471043825149536,0.00014529746840707958,0.02984523039915021,semantic_near_mid_graph_weak,0.0028125385870225728
344,2798,0.03226705268025398,0.00021136926079634577,0.02984210352415293,semantic_near_mid_graph_weak,0.0028125385870225728
821,840,0.034311581403017044,0.00036836182698607445,0.029817749079892607,semantic_near_mid_graph_weak,0.0028125385870225728
3069,3242,0.03245433792471886,0.00023123253777157515,0.02978610824970008,semantic_near_mid_graph_weak,0.0028125385870225728
1534,2393,0.03173937276005745,0.00017916169599629939,0.029717540995761373,semantic_near_mid_graph_weak,0.0028125385870225728
2444,3117,0.031723666936159134,0.0001789387024473399,0.029705350876560718,semantic_near_mid_graph_weak,0.0028125385870225728
2430,3128,0.03163497522473335,0.00017253198893740773,0.029694363557859513,semantic_near_mid_graph_weak,0.0028125385870225728
1118,2665,0.03289193660020828,0.00027984374901279807,0.02961923382095938,semantic_near_mid_graph_weak,0.0028125385870225728
1676,2286,0.03219626843929291,0.00022651618928648531,0.029603245868948764,semantic_near_mid_graph_weak,0.0028125385870225728
457,2297,0.03236715868115425,0.00024277005286421627,0.02957332080801533,semantic_near_mid_graph_weak,0.0028125385870225728
303,2282,0.03222176432609558,0.00023285749193746597,0.02955403942397515,semantic_near_mid_graph_weak,0.0028125385870225728
2950,3031,0.03222743421792984,0.00023968896130099893,0.02948096159396869,semantic_near_mid_graph_weak,0.0028125385870225728
744,1851,0.032441169023513794,0.0002601375163067132,0.029440618142255633,semantic_near_mid_graph_weak,0.0028125385870225728
169,3138,0.03237289935350418,0.00026493187760934234,0.02932347878770083,semantic_near_mid_graph_weak,0.0028125385870225728
105,2300,0.032370660454034805,0.00026494040503166616,0.029321352639590344,semantic_near_mid_graph_weak,0.0028125385870225728
77,3248,0.031712744385004044,0.0002139555144822225,0.029300291602366968,semantic_near_mid_graph_weak,0.0028125385870225728
114,2393,0.03216886892914772,0.0002587010385468602,0.029209933596047684,semantic_near_mid_graph_weak,0.0028125385870225728
2932,3081,0.03209301456809044,0.00025777239352464676,0.02915165290329077,semantic_near_mid_graph_weak,0.0028125385870225728
2100,2331,0.03259061276912689,0.00029681509477086365,0.02915123388830257,semantic_near_mid_graph_weak,0.0028125385870225728
1044,2455,0.03210161253809929,0.00025925549562089145,0.029142535102790145,semantic_near_mid_graph_weak,0.0028125385870225728
744,2282,0.03210416063666344,0.0002612616226542741,0.02912194907142853,semantic_near_mid_graph_weak,0.0028125385870225728
1803,2932,0.032581355422735214,0.0003022149612661451,0.029080399698069307,semantic_near_mid_graph_weak,0.0028125385870225728
2314,2395,0.031932782381772995,0.00025234834174625576,0.029067689359203987,semantic_near_mid_graph_weak,0.0028125385870225728
3079,3192,0.03203410282731056,0.0002621276362333447,0.029048535378841125,semantic_near_mid_graph_weak,0.0028125385870225728
1967,2245,0.031304892152547836,0.00020285075879655778,0.029047066728751163,semantic_near_mid_graph_weak,0.0028125385870225728
655,2331,0.032416731119155884,0.0002924719883594662,0.02904576019264834,semantic_near_mid_graph_weak,0.0028125385870225728
2282,2333,0.03232979774475098,0.00028700969414785504,0.029030655323951,semantic_near_mid_graph_weak,0.0028125385870225728
410,1746,0.0327395498752594,0.0003259798977524042,0.028944958337905627,semantic_near_mid_graph_weak,0.0028125385870225728
555,2665,0.03196137025952339,0.0002725356607697904,0.028864305848397064,semantic_near_mid_graph_weak,0.0028125385870225728
487,2465,0.032480768859386444,0.00031711600604467094,0.028818535835642305,semantic_near_mid_graph_weak,0.0028125385870225728
1146,3211,0.031985364854335785,0.00027924388996325433,0.02880968657385607,semantic_near_mid_graph_weak,0.0028125385870225728
1081,2950,0.0321766659617424,0.0002965999592561275,0.028783433293829416,semantic_near_mid_graph_weak,0.0028125385870225728
2296,3305,0.03225640207529068,0.0003068532678298652,0.028737167732726422,semantic_near_mid_graph_weak,0.0028125385870225728
1967,3256,0.03169252350926399,0.0002644667692948133,0.02871243308776049,semantic_near_mid_graph_weak,0.0028125385870225728
130,784,0.03212372586131096,0.00030022073769941926,0.028694720933081227,semantic_near_mid_graph_weak,0.0028125385870225728
1484,2043,0.03374072536826134,0.00042188793304376304,0.028679530847875265,semantic_near_mid_graph_weak,0.0028125385870225728
1788,2496,0.03194081038236618,0.0002940684207715094,0.028601199786214997,semantic_near_mid_graph_weak,0.0028125385870225728
69,1019,0.03219228982925415,0.00031821089214645326,0.02855005099417788,semantic_near_mid_graph_weak,0.0028125385870225728
1851,2333,0.03177688643336296,0.0002857748477254063,0.0285481183291375,semantic_near_mid_graph_weak,0.0028125385870225728
589,1659,0.03232526034116745,0.00032891135197132826,0.02854499395453131,semantic_near_mid_graph_weak,0.0028125385870225728
2583,3150,0.03355854004621506,0.00042475087684579194,0.028490513823903153,semantic_near_mid_graph_weak,0.0028125385870225728
2977,3204,0.03186127915978432,0.00029792412533424795,0.02848630547248718,semantic_near_mid_graph_weak,0.0028125385870225728
639,3277,0.03319566696882248,0.0004032014694530517,0.0284367840994242,semantic_near_mid_graph_weak,0.0028125385870225728
1312,1418,0.032768432050943375,0.0003746737784240395,0.028403168475108986,semantic_near_mid_graph_weak,0.0028125385870225728
1762,2054,0.03224523365497589,0.00034163365489803255,0.028328467116226875,semantic_near_mid_graph_weak,0.0028125385870225728
523,3296,0.03137410804629326,0.000275791302556172,0.02829763252181511,semantic_near_mid_graph_weak,0.0028125385870225728
2538,2665,0.03217576816678047,0.00034854270052164793,0.02818839918277651,semantic_near_mid_graph_weak,0.0028125385870225728
47,1217,0.034047044813632965,0.0004915918107144535,0.028096104802840628,semantic_near_mid_graph_weak,0.0028125385870225728
2496,2679,0.031653035432100296,0.0003181830979883671,0.028072120695146186,semantic_near_mid_graph_weak,0.0028125385870225728
877,2985,0.03295217454433441,0.00041775283170863986,0.028057712192645943,semantic_near_mid_graph_weak,0.0028125385870225728
114,3076,0.03189251944422722,0.00034426417551003397,0.027988767878981052,semantic_near_mid_graph_weak,0.0028125385870225728
47,1858,0.03182793781161308,0.00034110998967662454,0.027967785425280525,semantic_near_mid_graph_weak,0.0028125385870225728
810,1071,0.03252490237355232,0.00039801394450478256,0.027922169188641665,semantic_near_mid_graph_weak,0.0028125385870225728
805,3355,0.03192836418747902,0.00035897246561944485,0.0278532543673118,semantic_near_mid_graph_weak,0.0028125385870225728
2281,2975,0.03353918343782425,0.0004789157537743449,0.02782817083475602,semantic_near_mid_graph_weak,0.0028125385870225728
2170,2784,0.0320381261408329,0.0003702921385411173,0.027820062680911424,semantic_near_mid_graph_weak,0.0028125385870225728
2985,3340,0.03171534091234207,0.0003461779560893774,0.027811696018589623,semantic_near_mid_graph_weak,0.0028125385870225728
47,2768,0.03221965208649635,0.00038678233977407217,0.027788782238799714,semantic_near_mid_graph_weak,0.0028125385870225728
618,1989,0.032483939081430435,0.00040726340375840664,0.027780174425959803,semantic_near_mid_graph_weak,0.0028125385870225728
3013,3446,0.03253170847892761,0.00041221181163564324,0.02776379007610936,semantic_near_mid_graph_weak,0.0028125385870225728
1217,2331,0.031300969421863556,0.0003193585143890232,0.027746802684515837,semantic_near_mid_graph_weak,0.0028125385870225728
476,3116,0.03205838054418564,0.0003791175549849868,0.02773705499694884,semantic_near_mid_graph_weak,0.0028125385870225728
1878,2910,0.03224203363060951,0.0004023342044092715,0.02762980430541443,semantic_near_mid_graph_weak,0.0028125385870225728
2155,2583,0.03185433894395828,0.0003732378827407956,0.027627109465788908,semantic_near_mid_graph_weak,0.0028125385870225728
3273,3412,0.031951263546943665,0.00038778429734520614,0.027545920153251902,semantic_near_mid_graph_weak,0.0028125385870225728
2630,3448,0.03182100132107735,0.00037985367816872895,0.02752334494381172,semantic_near_mid_graph_weak,0.0028125385870225728
2583,2872,0.03198876976966858,0.000393704220186919,0.027510924126939562,semantic_near_mid_graph_weak,0.0028125385870225728
1020,2885,0.03242131322622299,0.00042699420009739697,0.027499171794629847,semantic_near_mid_graph_weak,0.0028125385870225728
939,1135,0.03290989249944687,0.0004631744814105332,0.027490225561527856,semantic_near_mid_graph_weak,0.0028125385870225728
957,959,0.03088741935789585,0.0003095816937275231,0.0274875799232261,semantic_near_mid_graph_weak,0.0028125385870225728
1126,2395,0.0320601612329483,0.0004059912171214819,0.027432262458462562,semantic_near_mid_graph_weak,0.0028125385870225728
1051,2649,0.031864479184150696,0.0003965510113630444,0.027371779419839794,semantic_near_mid_graph_weak,0.0028125385870225728
63,1074,0.03155189007520676,0.0003779615508392453,0.027311805562318672,semantic_near_mid_graph_weak,0.0028125385870225728
836,2326,0.03200669214129448,0.0004144788545090705,0.02728992233178511,semantic_near_mid_graph_weak,0.0028125385870225728
1749,2777,0.031812846660614014,0.00040265300776809454,0.02725840660682548,semantic_near_mid_graph_weak,0.0028125385870225728
2463,2635,0.03261394798755646,0.0004691330250352621,0.027173923040577034,semantic_near_mid_graph_weak,0.0028125385870225728
2424,3193,0.032559193670749664,0.00046703009866178036,0.027152646182810724,semantic_near_mid_graph_weak,0.0028125385870225728
114,2998,0.03343081846833229,0.0005297024035826325,0.027134590221680275,semantic_near_mid_graph_weak,0.0028125385870225728
52,2969,0.03254539519548416,0.000472893298137933,0.02707329275244258,semantic_near_mid_graph_weak,0.0028125385870225728
3065,3399,0.03222663328051567,0.0004512188315857202,0.027056477080038603,semantic_near_mid_graph_weak,0.0028125385870225728
1154,2073,0.03145907074213028,0.0003985497751273215,0.02700117436771517,semantic_near_mid_graph_weak,0.0028125385870225728
962,3302,0.03339463472366333,0.0005401859525591135,0.02698074491898598,semantic_near_mid_graph_weak,0.0028125385870225728
2991,3191,0.03265425190329552,0.0004968099528923631,0.026886168427155317,semantic_near_mid_graph_weak,0.0028125385870225728
2073,3379,0.03159895911812782,0.000420215365011245,0.026877826330450653,semantic_near_mid_graph_weak,0.0028125385870225728
1894,2502,0.03139315918087959,0.00040574203012511134,0.026864323844410433,semantic_near_mid_graph_weak,0.0028125385870225728
6,770,0.03180525451898575,0.00043821288272738457,0.026849776811781207,semantic_near_mid_graph_weak,0.0028125385870225728
1438,1601,0.03293938189744949,0.0005215200944803655,0.02683153696385576,semantic_near_mid_graph_weak,0.0028125385870225728
133,631,0.03244408220052719,0.00048682375927455723,0.026828319225415828,semantic_near_mid_graph_weak,0.0028125385870225728
1676,1848,0.032226335257291794,0.00047217230894602835,0.02681613992787847,semantic_near_mid_graph_weak,0.0028125385870225728
1306,2729,0.03242586925625801,0.0004866554227191955,0.026815199527937247,semantic_near_mid_graph_weak,0.0028125385870225728
2370,2777,0.03219745680689812,0.00047552198520861566,0.02675376310963473,semantic_near_mid_graph_weak,0.0028125385870225728
3273,3340,0.032613612711429596,0.0005056088557466865,0.026750677539312376,semantic_near_mid_graph_weak,0.0028125385870225728
787,2950,0.031976230442523956,0.00046059643500484526,0.026739631088944407,semantic_near_mid_graph_weak,0.0028125385870225728
647,1403,0.032669395208358765,0.0005161564331501722,0.026673915330597906,semantic_near_mid_graph_weak,0.0028125385870225728
1088,3020,0.032367218285799026,0.0004948596470057964,0.026672281231645993,semantic_near_mid_graph_weak,0.0028125385870225728
784,3421,0.03212684392929077,0.0004783281765412539,0.026663034563037345,semantic_near_mid_graph_weak,0.0028125385870225728
2535,3177,0.03166842460632324,0.0004468848928809166,0.026636621450553573,semantic_near_mid_graph_weak,0.0028125385870225728
217,1887,0.03187050297856331,0.0004632482014130801,0.026621169422368734,semantic_near_mid_graph_weak,0.0028125385870225728
874,2488,0.031071458011865616,0.00040308735333383083,0.02661835936567604,semantic_near_mid_graph_weak,0.0028125385870225728
3144,3155,0.03251132369041443,0.0005104937590658665,0.02661031030716458,semantic_near_mid_graph_weak,0.0028125385870225728
180,2496,0.03231829032301903,0.0004978578072041273,0.026597510801256868,semantic_near_mid_graph_weak,0.0028125385870225728
224,3337,0.032195888459682465,0.0004913184093311429,0.02657163399504954,semantic_near_mid_graph_weak,0.0028125385870225728
488,1309,0.03180930018424988,0.0004658073012251407,0.026541104277159593,semantic_near_mid_graph_weak,0.0028125385870225728
440,895,0.03168075159192085,0.0004565438721328974,0.026538189967844576,semantic_near_mid_graph_weak,0.0028125385870225728
966,2931,0.0327034667134285,0.000533867278136313,0.026495796944743664,semantic_near_mid_graph_weak,0.0028125385870225728
260,2052,0.032682470977306366,0.0005377703346312046,0.026433431964957475,semantic_near_mid_graph_weak,0.0028125385870225728
2379,3091,0.03171011060476303,0.0004708171763923019,0.026401858192899395,semantic_near_mid_graph_weak,0.0028125385870225728
1532,2766,0.03204808011651039,0.0004964828840456903,0.026390798357678925,semantic_near_mid_graph_weak,0.0028125385870225728
2230,3112,0.03177184611558914,0.0004775083507411182,0.02637767235788211,semantic_near_mid_graph_weak,0.0028125385870225728
270,441,0.03227928653359413,0.0005179934669286013,0.026334315816154537,semantic_near_mid_graph_weak,0.0028125385870225728
2438,2977,0.03388206288218498,0.000631998700555414,0.02626850699623835,semantic_near_mid_graph_weak,0.0028125385870225728
296,1584,0.03296755254268646,0.0005719050532206893,0.026263889887718002,semantic_near_mid_graph_weak,0.0028125385870225728
1894,2538,0.03187324106693268,0.0004958250210620463,0.02625427800763555,semantic_near_mid_graph_weak,0.0028125385870225728
890,2462,0.03288864716887474,0.0005698156310245395,0.026225462056838664,semantic_near_mid_graph_weak,0.0028125385870225728
3091,3425,0.031901709735393524,0.0005026066792197526,0.02620080576717006,semantic_near_mid_graph_weak,0.0028125385870225728
2887,2986,0.03210124373435974,0.0005186314228922129,0.026181782294299825,semantic_near_mid_graph_weak,0.0028125385870225728
1087,2975,0.031604986637830734,0.0004935209872201085,0.026059205229337162,semantic_near_mid_graph_weak,0.0028125385870225728
1145,1483,0.032119717448949814,0.0005306973471306264,0.026059054345732396,semantic_near_mid_graph_weak,0.0028125385870225728
1359,2655,0.03202541917562485,0.0005292037967592478,0.025999555744364813,semantic_near_mid_graph_weak,0.0028125385870225728
1235,2507,0.03334537148475647,0.000620668230112642,0.02598674792759414,semantic_near_mid_graph_weak,0.0028125385870225728
1364,2620,0.03204234689474106,0.0005315510206855834,0.02598655719797042,semantic_near_mid_graph_weak,0.0028125385870225728
361,488,0.032186541706323624,0.0005458516534417868,0.02593984447342668,semantic_near_mid_graph_weak,0.0028125385870225728
2283,3243,0.03276226669549942,0.000589153089094907,0.025899430850876124,semantic_near_mid_graph_weak,0.0028125385870225728
117,2998,0.03268364071846008,0.0005848470027558506,0.025887314651490096,semantic_near_mid_graph_weak,0.0028125385870225728
179,270,0.03247465938329697,0.000571395386941731,0.025877107033352633,semantic_near_mid_graph_weak,0.0028125385870225728
2569,3093,0.03232087194919586,0.0005628771032206714,0.025852452685448488,semantic_near_mid_graph_weak,0.0028125385870225728
2584,3263,0.03201070427894592,0.0005451752804219723,0.02580583129967287,semantic_near_mid_graph_weak,0.0028125385870225728
2140,2793,0.031785208731889725,0.0005295586888678372,0.025800532276563655,semantic_near_mid_graph_weak,0.0028125385870225728
943,951,0.03326950967311859,0.0006317247753031552,0.02579683938881635,semantic_near_mid_graph_weak,0.0028125385870225728
75,547,0.032560087740421295,0.0005851037567481399,0.025786481239563477,semantic_near_mid_graph_weak,0.0028125385870225728
1118,2777,0.03178107738494873,0.0005314361187629402,0.025775964248548496,semantic_near_mid_graph_weak,0.0028125385870225728
2570,3054,0.03176109120249748,0.0005303326179273427,0.02577221598372901,semantic_near_mid_graph_weak,0.0028125385870225728
594,1809,0.03377654403448105,0.0006671840092167258,0.02576414905067865,semantic_near_mid_graph_weak,0.0028125385870225728
2832,3426,0.03208985924720764,0.0005566631443798542,0.02573857146979512,semantic_near_mid_graph_weak,0.0028125385870225728
1475,2167,0.03212512657046318,0.0005613195826299489,0.025713672263073105,semantic_near_mid_graph_weak,0.0028125385870225728
398,2687,0.0330265574157238,0.0006229402497410774,0.025711609980133686,semantic_near_mid_graph_weak,0.0028125385870225728
309,1124,0.032714638859033585,0.0006091928808018565,0.02562868271148613,semantic_near_mid_graph_weak,0.0028125385870225728
69,772,0.0320032462477684,0.0005662604235112667,0.025559895796466222,semantic_near_mid_graph_weak,0.0028125385870225728
872,1503,0.03281835466623306,0.0006221634102985263,0.0255585860167492,semantic_near_mid_graph_weak,0.0028125385870225728
515,1276,0.03231542557477951,0.0005895859212614596,0.025541218086080765,semantic_near_mid_graph_weak,0.0028125385870225728
2613,3397,0.03205026313662529,0.0005774510791525245,0.025469923538526076,semantic_near_mid_graph_weak,0.0028125385870225728
906,959,0.031882885843515396,0.0005660222959704697,0.025466467476642288,semantic_near_mid_graph_weak,0.0028125385870225728
341,1930,0.03266964852809906,0.0006212122389115393,0.02545382379231185,semantic_near_mid_graph_weak,0.0028125385870225728
638,1809,0.034479543566703796,0.0007401583134196699,0.025405776212340848,semantic_near_mid_graph_weak,0.0028125385870225728
2569,2757,0.03248327225446701,0.0006160298362374306,0.025368466797323398,semantic_near_mid_graph_weak,0.0028125385870225728
535,3036,0.03212536498904228,0.000594108016230166,0.025339347206966338,semantic_near_mid_graph_weak,0.0028125385870225728
1217,2736,0.03189115971326828,0.0005789656424894929,0.0253263126180774,semantic_near_mid_graph_weak,0.0028125385870225728
1786,2015,0.032592736184597015,0.0006275529158301651,0.025320421158626125,semantic_near_mid_graph_weak,0.0028125385870225728
461,1812,0.03318487107753754,0.000667156302370131,0.025313158317800115,semantic_near_mid_graph_weak,0.0028125385870225728
1481,3213,0.03192465379834175,0.0005892241024412215,0.025236469832841658,semantic_near_mid_graph_weak,0.0028125385870225728
340,1403,0.032361630350351334,0.0006204017554409802,0.025223163923284695,semantic_near_mid_graph_weak,0.0028125385870225728
535,2906,0.03232431784272194,0.0006227890262380242,0.02516664522412557,semantic_near_mid_graph_weak,0.0028125385870225728
692,2339,0.03190068155527115,0.0006024963804520667,0.025066981473896723,semantic_near_mid_graph_weak,0.0028125385870225728
2583,3146,0.03240443766117096,0.0006384359439834952,0.025048749158648034,semantic_near_mid_graph_weak,0.0028125385870225728
673,1069,0.033633068203926086,0.0007193669443950057,0.02503069111437295,semantic_near_mid_graph_weak,0.0028125385870225728
1418,2082,0.03283822163939476,0.0006688314024358988,0.025029178970995984,semantic_near_mid_graph_weak,0.0028125385870225728
292,2998,0.032546598464250565,0.0006500211311504245,0.025024576598862723,semantic_near_mid_graph_weak,0.0028125385870225728
1048,1626,0.032226063311100006,0.000628567417152226,0.02502393869886987,semantic_near_mid_graph_weak,0.0028125385870225728
2371,2931,0.03251199424266815,0.0006502053583972156,0.024995840343019417,semantic_near_mid_graph_weak,0.0028125385870225728
5,2408,0.03274587541818619,0.0006681947270408273,0.024966205696416697,semantic_near_mid_graph_weak,0.0028125385870225728
317,2832,0.031838662922382355,0.0006084573687985539,0.024950768421235246,semantic_near_mid_graph_weak,0.0028125385870225728
2566,3051,0.03191554546356201,0.0006143550854176283,0.02494409349846246,semantic_near_mid_graph_weak,0.0028125385870225728
750,1277,0.032026179134845734,0.0006224854150786996,0.024937981481620353,semantic_near_mid_graph_weak,0.0028125385870225728
1048,2347,0.03216857463121414,0.0006377935060299933,0.024873774093117595,semantic_near_mid_graph_weak,0.0028125385870225728
1706,2082,0.03255811333656311,0.0006639973726123571,0.024871640406931534,semantic_near_mid_graph_weak,0.0028125385870225728
1088,2708,0.03249866142868996,0.00066293531563133,0.02483849617043055,semantic_near_mid_graph_weak,0.0028125385870225728
412,1291,0.03203939273953438,0.0006325622089207172,0.024833479498979218,semantic_near_mid_graph_weak,0.0028125385870225728
273,3327,0.0320039838552475,0.0006347911548800766,0.024780671092188563,semantic_near_mid_graph_weak,0.0028125385870225728
125,3137,0.03285519778728485,0.0006922426400706172,0.024768635362415328,semantic_near_mid_graph_weak,0.0028125385870225728
1062,1723,0.03168303146958351,0.0006139031611382961,0.024767459443881264,semantic_near_mid_graph_weak,0.0028125385870225728
6,2791,0.032463960349559784,0.0006691703456453979,0.024740006030010014,semantic_near_mid_graph_weak,0.0028125385870225728
689,1057,0.03193500265479088,0.0006340688560158014,0.02473546032900151,semantic_near_mid_graph_weak,0.0028125385870225728
1053,1061,0.03214263543486595,0.0006499240407720208,0.0247150852496772,semantic_near_mid_graph_weak,0.0028125385870225728
341,3117,0.03174591809511185,0.0006258013308979571,0.02468232156841321,semantic_near_mid_graph_weak,0.0028125385870225728
3060,3367,0.032262492924928665,0.0006632635486312211,0.02465422911521116,semantic_near_mid_graph_weak,0.0028125385870225728
662,3084,0.03442656993865967,0.000799989269580692,0.024634389071711112,semantic_near_mid_graph_weak,0.0028125385870225728
553,1132,0.03135603293776512,0.0006049950025044382,0.024611150107270392,semantic_near_mid_graph_weak,0.0028125385870225728
2126,3012,0.032609641551971436,0.0006912487442605197,0.024595040835879992,semantic_near_mid_graph_weak,0.0028125385870225728
341,2124,0.03217582032084465,0.0006647117552347481,0.024571428295692723,semantic_near_mid_graph_weak,0.0028125385870225728
566,1523,0.03199131041765213,0.0006551210535690188,0.024539614969785344,semantic_near_mid_graph_weak,0.0028125385870225728
2430,3263,0.03193369507789612,0.0006532558472827077,0.024516597537889557,semantic_near_mid_graph_weak,0.0028125385870225728
279,1200,0.03303123638033867,0.0007250673952512443,0.02451584297925674,semantic_near_mid_graph_weak,0.0028125385870225728
864,2645,0.032326485961675644,0.0006817490793764591,0.024490663852234296,semantic_near_mid_graph_weak,0.0028125385870225728
2498,3166,0.03226961940526962,0.0006842054426670074,0.024419398493900075,semantic_near_mid_graph_weak,0.0028125385870225728
2421,2649,0.03241996839642525,0.0007030098931863904,0.0243164143244419,semantic_near_mid_graph_weak,0.0028125385870225728
190,2989,0.03213577717542648,0.0006863647722639143,0.024293443746008375,semantic_near_mid_graph_weak,0.0028125385870225728
1917,1994,0.032030027359724045,0.0006796394591219723,0.024290090716412097,semantic_near_mid_graph_weak,0.0028125385870225728
387,1418,0.03202204778790474,0.0006811045459471643,0.024267358689765726,semantic_near_mid_graph_weak,0.0028125385870225728
941,1843,0.0323919802904129,0.0007106231641955674,0.024207740033321302,semantic_near_mid_graph_weak,0.0028125385870225728
114,3146,0.033484891057014465,0.0007808989030309021,0.024187840052920274,semantic_near_mid_graph_weak,0.0028125385870225728
807,2927,0.03193509578704834,0.0006824739393778145,0.024185914770738323,semantic_near_mid_graph_weak,0.0028125385870225728
296,2438,0.03175833821296692,0.0006745067075826228,0.024142011722313943,semantic_near_mid_graph_weak,0.0028125385870225728
6,1454,0.0321216881275177,0.0007010387489572167,0.02411520310960098,semantic_near_mid_graph_weak,0.0028125385870225728
1658,2512,0.033348448574543,0.0007788054645061493,0.02411410274103357,semantic_near_mid_graph_weak,0.0028125385870225728
1052,1064,0.03196794539690018,0.0006925910129211843,0.024095800358389985,semantic_near_mid_graph_weak,0.0028125385870225728
1137,2542,0.03178466856479645,0.0006832930957898498,0.024062731990306428,semantic_near_mid_graph_weak,0.0028125385870225728
1307,1418,0.03342106565833092,0.0007876994204707444,0.02406092597098494,semantic_near_mid_graph_weak,0.0028125385870225728
610,1904,0.03141364827752113,0.0006585586816072464,0.024058111578549604,semantic_near_mid_graph_weak,0.0028125385870225728
1869,2953,0.031498830765485764,0.0006654546014033258,0.02404611812771639,semantic_near_mid_graph_weak,0.0028125385870225728
227,1988,0.033513132482767105,0.0007956342305988073,0.024032659752218823,semantic_near_mid_graph_weak,0.0028125385870225728
1330,2907,0.03227293863892555,0.0007222819840535522,0.023984994694292088,semantic_near_mid_graph_weak,0.0028125385870225728
1016,1122,0.03252406045794487,0.0007391332765109837,0.023976758926636428,semantic_near_mid_graph_weak,0.0028125385870225728
2863,3094,0.03214530646800995,0.0007176829967647791,0.02394270260531725,semantic_near_mid_graph_weak,0.0028125385870225728
1556,3238,0.031826723366975784,0.0006982724298723042,0.023925063434957414,semantic_near_mid_graph_weak,0.0028125385870225728
875,2492,0.033546220511198044,0.0008078927057795227,0.023910176055659062,semantic_near_mid_graph_weak,0.0028125385870225728
1939,3205,0.03181495517492294,0.0006989953108131886,0.023908039840991404,semantic_near_mid_graph_weak,0.0028125385870225728
259,2365,0.032375406473875046,0.0007368470542132854,0.023893488039295682,semantic_near_mid_graph_weak,0.0028125385870225728
219,2999,0.032201215624809265,0.0007266669999808073,0.02388148594650941,semantic_near_mid_graph_weak,0.0028125385870225728
116,3146,0.0325019471347332,0.0007466785027645528,0.023873263661562966,semantic_near_mid_graph_weak,0.0028125385870225728
1611,2181,0.03413953259587288,0.0008476026123389602,0.023851049036638892,semantic_near_mid_graph_weak,0.0028125385870225728
3053,3083,0.032103266566991806,0.0007231105701066554,0.023849437980725707,semantic_near_mid_graph_weak,0.0028125385870225728
938,2990,0.03224654868245125,0.000734040280804038,0.023830569694982297,semantic_near_mid_graph_weak,0.0028125385870225728
1830,2371,0.03283476456999779,0.0007727205520495772,0.023813698149072283,semantic_near_mid_graph_weak,0.0028125385870225728
2756,3419,0.031888753175735474,0.0007149234879761934,0.023782902200818433,semantic_near_mid_graph_weak,0.0028125385870225728
2230,3012,0.03284261375665665,0.0007761924644000828,0.02377884857784497,semantic_near_mid_graph_weak,0.0028125385870225728
760,2797,0.03223891928792,0.0007396835135295987,0.023760245536982968,semantic_near_mid_graph_weak,0.0028125385870225728
924,3412,0.032748155295848846,0.0007719884160906076,0.023759408740198943,semantic_near_mid_graph_weak,0.0028125385870225728
863,3060,0.03213178738951683,0.0007333823596127331,0.023753276188628766,semantic_near_mid_graph_weak,0.0028125385870225728
991,1130,0.032811831682920456,0.0007791912066750228,0.02372157747620463,semantic_near_mid_graph_weak,0.0028125385870225728
806,1098,0.03402853012084961,0.0008519333205185831,0.023721102236309313,semantic_near_mid_graph_weak,0.0028125385870225728
61,508,0.03205094113945961,0.0007365701603703201,0.023657183640792452,semantic_near_mid_graph_weak,0.0028125385870225728
363,3070,0.032338425517082214,0.0007619637181051075,0.02357740546979947,semantic_near_mid_graph_weak,0.0028125385870225728
78,3454,0.032168418169021606,0.000753976171836257,0.023544813537597523,semantic_near_mid_graph_weak,0.0028125385870225728
1243,3129,0.03223016858100891,0.0007593538030050695,0.02352838536053671,semantic_near_mid_graph_weak,0.0028125385870225728
884,991,0.03304971009492874,0.0008108742767944932,0.02352125068279911,semantic_near_mid_graph_weak,0.0028125385870225728
1439,1514,0.03207974508404732,0.0007544361869804561,0.023474664722773167,semantic_near_mid_graph_weak,0.0028125385870225728
966,3108,0.032723523676395416,0.0007965482654981315,0.02345578735245974,semantic_near_mid_graph_weak,0.0028125385870225728
1058,3257,0.03324205428361893,0.0008281100890599191,0.02345442660079866,semantic_near_mid_graph_weak,0.0028125385870225728
943,2551,0.033143457025289536,0.0008263555937446654,0.023405535122544056,semantic_near_mid_graph_weak,0.0028125385870225728
498,1886,0.032063741236925125,0.000763219257351011,0.023362824247676873,semantic_near_mid_graph_weak,0.0028125385870225728
1930,3302,0.03260872885584831,0.0008004179107956588,0.023328639066171504,semantic_near_mid_graph_weak,0.0028125385870225728
1048,2124,0.03215266391634941,0.0007731224759481847,0.023314403972099832,semantic_near_mid_graph_weak,0.0028125385870225728
685,1400,0.033170729875564575,0.0008384962566196918,0.02328160943528361,semantic_near_mid_graph_weak,0.0028125385870225728
363,3009,0.03202696889638901,0.000770463899243623,0.023253534302203272,semantic_near_mid_graph_weak,0.0028125385870225728
2050,2709,0.03396649286150932,0.0008935087244026363,0.023175758167537683,semantic_near_mid_graph_weak,0.0028125385870225728
836,1030,0.031876340508461,0.000775523018091917,0.023086830593499287,semantic_near_mid_graph_weak,0.0028125385870225728
725,2008,0.03193080797791481,0.0007794378907419741,0.023081833697231217,semantic_near_mid_graph_weak,0.0028125385870225728
2101,2280,0.032383788377046585,0.0008083746652118862,0.023076099512482216,semantic_near_mid_graph_weak,0.0028125385870225728
374,2170,0.032151587307453156,0.0007955151959322393,0.023057640509909782,semantic_near_mid_graph_weak,0.0028125385870225728
964,2960,0.033895254135131836,0.0009012194932438433,0.02303422492259658,semantic_near_mid_graph_weak,0.0028125385870225728
2983,3257,0.03203307464718819,0.0007912219734862447,0.023021545825458633,semantic_near_mid_graph_weak,0.0028125385870225728
463,906,0.0316525399684906,0.000767338671721518,0.023016847612800654,semantic_near_mid_graph_weak,0.0028125385870225728
480,3306,0.03223166987299919,0.0008047159644775093,0.023009631310310825,semantic_near_mid_graph_weak,0.0028125385870225728
469,3419,0.03163551166653633,0.0007669507176615298,0.02300882882271976,semantic_near_mid_graph_weak,0.0028125385870225728
943,2564,0.03329872712492943,0.0008725211955606937,0.022968612780631704,semantic_near_mid_graph_weak,0.0028125385870225728
2379,3425,0.03272296115756035,0.0008399865473620594,0.022949994027783048,semantic_near_mid_graph_weak,0.0028125385870225728
965,3164,0.031244730576872826,0.0007487619295716286,0.022926670563889546,semantic_near_mid_graph_weak,0.0028125385870225728
1030,2082,0.034367892891168594,0.0009371700580231845,0.02291611750093372,semantic_near_mid_graph_weak,0.0028125385870225728
966,2767,0.03231686353683472,0.0008214606205001473,0.02287804876071809,semantic_near_mid_graph_weak,0.0028125385870225728
828,2492,0.03228876739740372,0.0008211580570787191,0.022861632202224993,semantic_near_mid_graph_weak,0.0028125385870225728
87,3248,0.032313235104084015,0.000823244743514806,0.022854982311344012,semantic_near_mid_graph_weak,0.0028125385870225728
1368,1733,0.03243740648031235,0.0008321770583279431,0.022839790423015763,semantic_near_mid_graph_weak,0.0028125385870225728
2438,3094,0.03201940283179283,0.0008064740104600787,0.022838083032860054,semantic_near_mid_graph_weak,0.0028125385870225728
1190,2403,0.031781263649463654,0.0008005968411453068,0.022734639577257614,semantic_near_mid_graph_weak,0.0028125385870225728
2627,3083,0.03229789435863495,0.0008385673863813281,0.022668173727277304,semantic_near_mid_graph_weak,0.0028125385870225728
2371,3070,0.032545167952775955,0.0008562923176214099,0.02263661863642238,semantic_near_mid_graph_weak,0.0028125385870225728
444,3205,0.032269757241010666,0.0008414488984271884,0.022615364654807443,semantic_near_mid_graph_weak,0.0028125385870225728
2553,2629,0.032970674335956573,0.0008841758826747537,0.02260570540081489,semantic_near_mid_graph_weak,0.0028125385870225728
1249,2578,0.03195612505078316,0.0008234450942836702,0.022600123847173113,semantic_near_mid_graph_weak,0.0028125385870225728
1548,1904,0.03184569999575615,0.0008255470311269164,0.02249822892212855,semantic_near_mid_graph_weak,0.0028125385870225728
391,880,0.032201483845710754,0.0008499533287249506,0.022470147710152547,semantic_near_mid_graph_weak,0.0028125385870225728
2290,2396,0.03273296356201172,0.0008827823330648243,0.022458942051789974,semantic_near_mid_graph_weak,0.0028125385870225728
1227,1833,0.03309045359492302,0.0009055279660969973,0.022436615358072818,semantic_near_mid_graph_weak,0.0028125385870225728
3103,3397,0.032112546265125275,0.0008486167644150555,0.02242334760510324,semantic_near_mid_graph_weak,0.0028125385870225728
279,470,0.03137783706188202,0.0008054891368374228,0.02239146901437484,semantic_near_mid_graph_weak,0.0028125385870225728
1055,3384,0.03188949078321457,0.0008391279843635857,0.02237518074075995,semantic_near_mid_graph_weak,0.0028125385870225728
1915,1978,0.03294137865304947,0.0009036041446961462,0.02235806917589428,semantic_near_mid_graph_weak,0.0028125385870225728
201,511,0.03187733143568039,0.0008400173974223435,0.02235656855159954,semantic_near_mid_graph_weak,0.0028125385870225728
766,1307,0.03235602006316185,0.0008711431291885674,0.022334211048356443,semantic_near_mid_graph_weak,0.0028125385870225728
1707,2148,0.03301464393734932,0.0009106705547310412,0.02232484780534254,semantic_near_mid_graph_weak,0.0028125385870225728
3237,3248,0.03232070431113243,0.000874527613632381,0.022270940534538385,semantic_near_mid_graph_weak,0.0028125385870225728
1974,2372,0.03267228230834007,0.0008980134734883904,0.022240372197707237,semantic_near_mid_graph_weak,0.0028125385870225728
215,857,0.03240521624684334,0.0008840058580972254,0.022219968966221054,semantic_near_mid_graph_weak,0.0028125385870225728
232,2956,0.03290208801627159,0.0009141460177488625,0.022208079096899612,semantic_near_mid_graph_weak,0.0028125385870225728
125,1532,0.03190416470170021,0.0008562423172406852,0.022191339412881154,semantic_near_mid_graph_weak,0.0028125385870225728
1479,3028,0.03211161121726036,0.0008695005089975893,0.022184258601736406,semantic_near_mid_graph_weak,0.0028125385870225728
3080,3196,0.033893972635269165,0.0009729933808557689,0.02216840514361193,semantic_near_mid_graph_weak,0.0028125385870225728
80,2718,0.03204907849431038,0.0008675270946696401,0.022163545161079996,semantic_near_mid_graph_weak,0.0028125385870225728
474,907,0.03310618922114372,0.0009304804261773825,0.022153571113880884,semantic_near_mid_graph_weak,0.0028125385870225728
124,2956,0.032866816967725754,0.0009182445937767625,0.022136376811449126,semantic_near_mid_graph_weak,0.0028125385870225728
659,958,0.03264787420630455,0.0009073032415471971,0.022115921957299722,semantic_near_mid_graph_weak,0.0028125385870225728
1324,1426,0.032854728400707245,0.0009197361650876701,0.022110811128356975,semantic_near_mid_graph_weak,0.0028125385870225728
1087,2141,0.03171487897634506,0.0008548034238629043,0.022075904684057485,semantic_near_mid_graph_weak,0.0028125385870225728
355,2643,0.03202317655086517,0.0008741419878788292,0.022070316406108223,semantic_near_mid_graph_weak,0.0028125385870225728
1396,2186,0.03240131586790085,0.0009027417981997132,0.022001450676507845,semantic_near_mid_graph_weak,0.0028125385870225728
800,994,0.03319314122200012,0.0009495514677837491,0.0219866830730757,semantic_near_mid_graph_weak,0.0028125385870225728
137,1773,0.03207669034600258,0.0008862955146469176,0.021968588395132528,semantic_near_mid_graph_weak,0.0028125385870225728
2381,2797,0.03273595869541168,0.0009251981973648071,0.021967306448735645,semantic_near_mid_graph_weak,0.0028125385870225728
2867,3190,0.03290589898824692,0.0009363201097585261,0.021951220857059008,semantic_near_mid_graph_weak,0.0028125385870225728
80,2072,0.03199683129787445,0.0008847076096571982,0.021931959560731618,semantic_near_mid_graph_weak,0.0028125385870225728
788,3169,0.03127484396100044,0.0008449516026303172,0.02187915792533421,semantic_near_mid_graph_weak,0.0028125385870225728
1588,2950,0.03221163526177406,0.0009097900474444032,0.021791929267946205,semantic_near_mid_graph_weak,0.0028125385870225728
400,3423,0.033136989921331406,0.0009647088591009378,0.02177090666524759,semantic_near_mid_graph_weak,0.0028125385870225728
1752,2673,0.03253209963440895,0.0009303722181357443,0.021770660898196095,semantic_near_mid_graph_weak,0.0028125385870225728
1629,1773,0.03229445964097977,0.0009227028931491077,0.02169969252172603,semantic_near_mid_graph_weak,0.0028125385870225728
1674,1789,0.03240647912025452,0.0009296759963035583,0.02169461692507416,semantic_near_mid_graph_weak,0.0028125385870225728
653,2160,0.03213466331362724,0.0009147771052084863,0.021682876298676913,semantic_near_mid_graph_weak,0.0028125385870225728
723,856,0.033399324864149094,0.0009876566473394632,0.021670751478193154,semantic_near_mid_graph_weak,0.0028125385870225728
366,970,0.03396262228488922,0.0010182815603911877,0.021666431158905586,semantic_near_mid_graph_weak,0.0028125385870225728
1937,2154,0.03237698972225189,0.0009308528969995677,0.0216613270756503,semantic_near_mid_graph_weak,0.0028125385870225728
656,2258,0.031553998589515686,0.0008834709296934307,0.02164229796501475,semantic_near_mid_graph_weak,0.0028125385870225728
1654,2944,0.03301887586712837,0.0009694276377558708,0.021637908160260184,semantic_near_mid_graph_weak,0.0028125385870225728
74,1366,0.03291383758187294,0.000965286570135504,0.021617535537876063,semantic_near_mid_graph_weak,0.0028125385870225728
991,3248,0.03283194825053215,0.0009612682042643428,0.02161065938256343,semantic_near_mid_graph_weak,0.0028125385870225728
1356,2937,0.03254913538694382,0.0009593092254363,0.021447177177109755,semantic_near_mid_graph_weak,0.0028125385870225728
1152,1505,0.03211382031440735,0.0009342213743366301,0.02144679605107608,semantic_near_mid_graph_weak,0.0028125385870225728
501,634,0.03295859321951866,0.000984402373433113,0.021422923081510958,semantic_near_mid_graph_weak,0.0028125385870225728
1118,2074,0.031896527856588364,0.0009235399193130434,0.02142281670504659,semantic_near_mid_graph_weak,0.0028125385870225728
607,1925,0.03237034007906914,0.0009520035819150507,0.02141344873355146,semantic_near_mid_graph_weak,0.0028125385870225728
2371,3108,0.03209419548511505,0.0009360890835523605,0.021412377223977524,semantic_near_mid_graph_weak,0.0028125385870225728
676,1109,0.03178984299302101,0.0009238296188414097,0.02134788899787209,semantic_near_mid_graph_weak,0.0028125385870225728
1141,1411,0.03381827846169472,0.0010404259664937854,0.02130808030263127,semantic_near_mid_graph_weak,0.0028125385870225728
1128,3350,0.0327700674533844,0.0009872688679024577,0.021266983533017786,semantic_near_mid_graph_weak,0.0028125385870225728
125,3016,0.03275930881500244,0.0009887033374980092,0.021243293316061687,semantic_near_mid_graph_weak,0.0028125385870225728
605,3187,0.033313050866127014,0.0010190776083618402,0.021242608753605487,semantic_near_mid_graph_weak,0.0028125385870225728
398,1021,0.03161244094371796,0.0009228918352164328,0.021239298412328102,semantic_near_mid_graph_weak,0.0028125385870225728
586,1185,0.03350713849067688,0.0010301012080162764,0.021235042386582463,semantic_near_mid_graph_weak,0.0028125385870225728
331,964,0.03169160708785057,0.000928368594031781,0.021230775421216683,semantic_near_mid_graph_weak,0.0028125385870225728
951,3096,0.032141681760549545,0.0009557335288263857,0.021219562123448134,semantic_near_mid_graph_weak,0.0028125385870225728
371,523,0.03269350156188011,0.0009881260339170694,0.021207330249506638,semantic_near_mid_graph_weak,0.0028125385870225728
991,3448,0.032741762697696686,0.0009927934734150767,0.021184300530114483,semantic_near_mid_graph_weak,0.0028125385870225728
508,2965,0.03217529505491257,0.0009629687992855906,0.021158982109500134,semantic_near_mid_graph_weak,0.0028125385870225728
427,1204,0.03245461732149124,0.000979211530648172,0.021155239723397137,semantic_near_mid_graph_weak,0.0028125385870225728
74,1426,0.03176196664571762,0.0009396226378157735,0.021150818759757512,semantic_near_mid_graph_weak,0.0028125385870225728
633,3205,0.032075535506010056,0.0009586534579284489,0.021142592872040608,semantic_near_mid_graph_weak,0.0028125385870225728
107,938,0.03316587582230568,0.0010199518874287605,0.02113845056340484,semantic_near_mid_graph_weak,0.0028125385870225728
347,1209,0.03278212994337082,0.0010027093812823296,0.021094841674934178,semantic_near_mid_graph_weak,0.0028125385870225728
729,2343,0.03299393132328987,0.0010174057679250836,0.021058729370958474,semantic_near_mid_graph_weak,0.0028125385870225728
2851,3166,0.03229249268770218,0.0009793149074539542,0.021048373359407704,semantic_near_mid_graph_weak,0.0028125385870225728
828,2251,0.03205351531505585,0.0009722166578285396,0.02097350323093741,semantic_near_mid_graph_weak,0.0028125385870225728
2381,3187,0.031814731657505035,0.0009595109149813652,0.020960984646376735,semantic_near_mid_graph_weak,0.0028125385870225728
1323,2444,0.03223108872771263,0.0009898069547489285,0.020888113406761517,semantic_near_mid_graph_weak,0.0028125385870225728
1614,1877,0.03372608870267868,0.0010709448251873255,0.02088403194420457,semantic_near_mid_graph_weak,0.0028125385870225728
2610,2787,0.03216779977083206,0.0009866660693660378,0.020883020708070753,semantic_near_mid_graph_weak,0.0028125385870225728
369,1321,0.031791672110557556,0.0009678032947704196,0.020852058639358795,semantic_near_mid_graph_weak,0.0028125385870225728
96,698,0.03192514181137085,0.0009763334528543055,0.020842775126206185,semantic_near_mid_graph_weak,0.0028125385870225728
1796,3031,0.03196877986192703,0.0009809155017137527,0.020819182881415637,semantic_near_mid_graph_weak,0.0028125385870225728
1257,1820,0.03224840387701988,0.0010025172960013151,0.020753598861962916,semantic_near_mid_graph_weak,0.0028125385870225728
783,2901,0.03210494667291641,0.0009951498359441757,0.020745375443576738,semantic_near_mid_graph_weak,0.0028125385870225728
1904,1925,0.03245977312326431,0.0010156286880373955,0.020738306636266794,semantic_near_mid_graph_weak,0.0028125385870225728
854,1796,0.03204113245010376,0.000992249115370214,0.02073718608799109,semantic_near_mid_graph_weak,0.0028125385870225728
1538,3012,0.032724037766456604,0.0010324326576665044,0.020711628252613124,semantic_near_mid_graph_weak,0.0028125385870225728
1308,1327,0.03210517764091492,0.0009985169162973762,0.020707089407351227,semantic_near_mid_graph_weak,0.0028125385870225728
1562,2782,0.032509636133909225,0.0010215162765234709,0.020702110147288046,semantic_near_mid_graph_weak,0.0028125385870225728
3228,3248,0.032960984855890274,0.0010466205421835184,0.020695324217507804,semantic_near_mid_graph_weak,0.0028125385870225728
890,2109,0.032552145421504974,0.0010245267767459154,0.020694336686455914,semantic_near_mid_graph_weak,0.0028125385870225728
363,2371,0.03221557289361954,0.001006905222311616,0.020682209854257366,semantic_near_mid_graph_weak,0.0028125385870225728
40,2584,0.03233925625681877,0.0010166444117203355,0.020649630271103243,semantic_near_mid_graph_weak,0.0028125385870225728
984,3339,0.032208435237407684,0.001011015847325325,0.02063055374884013,semantic_near_mid_graph_weak,0.0028125385870225728
1045,2540,0.03415236622095108,0.0011196378618478775,0.0205567190468615,semantic_near_mid_graph_weak,0.0028125385870225728
2629,3415,0.03212578967213631,0.0010150581365451217,0.020531444140272682,semantic_near_mid_graph_weak,0.0028125385870225728
665,3431,0.03270920738577843,0.0010475866729393601,0.020526003963127513,semantic_near_mid_graph_weak,0.0028125385870225728
446,931,0.03186511993408203,0.0010011844569817185,0.020522035453369374,semantic_near_mid_graph_weak,0.0028125385870225728
331,675,0.03198229521512985,0.0010121072409674525,0.02047329309179939,semantic_near_mid_graph_weak,0.0028125385870225728
260,2301,0.03220069035887718,0.0010248292237520218,0.020467443868665575,semantic_near_mid_graph_weak,0.0028125385870225728
296,2392,0.03224092349410057,0.001027819816954434,0.02045873489158651,semantic_near_mid_graph_weak,0.0028125385870225728
1448,2656,0.032637499272823334,0.0010516592301428318,0.020433745867477027,semantic_near_mid_graph_weak,0.0028125385870225728
907,3427,0.03216305375099182,0.0010269357590004802,0.02041943175485281,semantic_near_mid_graph_weak,0.0028125385870225728
1966,2789,0.03168288990855217,0.0009999098256230354,0.02041903274055806,semantic_near_mid_graph_weak,0.0028125385870225728
2574,2670,0.03279003128409386,0.0010629723547026515,0.020397349126539826,semantic_near_mid_graph_weak,0.0028125385870225728
731,2984,0.03206557780504227,0.0010271836072206497,0.020354721275153392,semantic_near_mid_graph_weak,0.0028125385870225728
1088,1611,0.03228839486837387,0.0010415060678496957,0.020331737871131236,semantic_near_mid_graph_weak,0.0028125385870225728
1862,3423,0.03174135833978653,0.0010115260956808925,0.020325617264730936,semantic_near_mid_graph_weak,0.0028125385870225728
1451,2887,0.0319463275372982,0.0010257071116939187,0.02029579392374922,semantic_near_mid_graph_weak,0.0028125385870225728
2501,3272,0.03218516334891319,0.0010397810256108642,0.020286474274636833,semantic_near_mid_graph_weak,0.0028125385870225728
1454,1962,0.03377082198858261,0.0011248895898461342,0.02026400424365024,semantic_near_mid_graph_weak,0.0028125385870225728
234,463,0.032646048814058304,0.0010697271209210157,0.020229378703843295,semantic_near_mid_graph_weak,0.0028125385870225728
467,2601,0.03254971280694008,0.0010652408236637712,0.020221603589000388,semantic_near_mid_graph_weak,0.0028125385870225728
2895,3349,0.03208187595009804,0.0010434758150950074,0.02017922621890102,semantic_near_mid_graph_weak,0.0028125385870225728
3093,3349,0.032170332968235016,0.0010490494314581156,0.020171112880779427,semantic_near_mid_graph_weak,0.0028125385870225728
260,1372,0.03263445198535919,0.0010767285712063313,0.02014095339997768,semantic_near_mid_graph_weak,0.0028125385870225728
306,2438,0.03407484292984009,0.001154138706624508,0.020092067607595854,semantic_near_mid_graph_weak,0.0028125385870225728
3226,3349,0.03233704715967178,0.0010680314153432846,0.020057399724673016,semantic_near_mid_graph_weak,0.0028125385870225728
3384,3415,0.03426177799701691,0.0011665273923426867,0.020051376501265483,semantic_near_mid_graph_weak,0.0028125385870225728
2832,3442,0.03273683413863182,0.0010928896954283118,0.02001603135351101,semantic_near_mid_graph_weak,0.0028125385870225728
907,1635,0.0318124033510685,0.0010432768613100052,0.020011980604170105,semantic_near_mid_graph_weak,0.0028125385870225728
586,1763,0.03246679529547691,0.0010805899510160089,0.01999290679493681,semantic_near_mid_graph_weak,0.0028125385870225728
1090,1444,0.03210509568452835,0.0010674182558432221,0.019920528547429026,semantic_near_mid_graph_weak,0.0028125385870225728
278,2857,0.031939394772052765,0.0010584298288449645,0.019919787895198122,semantic_near_mid_graph_weak,0.0028125385870225728
377,382,0.03766266256570816,0.001325849792920053,0.01990822762427522,semantic_near_mid_graph_weak,0.0028125385870225728
3093,3435,0.03205854073166847,0.0010659830877557397,0.019908000861470834,semantic_near_mid_graph_weak,0.0028125385870225728
218,507,0.03263454884290695,0.0010970825096592307,0.019904841627023072,semantic_near_mid_graph_weak,0.0028125385870225728
753,2949,0.032080259174108505,0.0010687945177778602,0.01988942016041966,semantic_near_mid_graph_weak,0.0028125385870225728
6,3079,0.03219602629542351,0.0010789039079099894,0.019845469133440503,semantic_near_mid_graph_weak,0.0028125385870225728
1574,1712,0.03236052766442299,0.001088072662241757,0.019841373029587696,semantic_near_mid_graph_weak,0.0028125385870225728
675,2613,0.03190460801124573,0.0010636404622346163,0.0198389843895552,semantic_near_mid_graph_weak,0.0028125385870225728
532,1856,0.031612902879714966,0.0010494341840967536,0.019817274157115213,semantic_near_mid_graph_weak,0.0028125385870225728
854,3057,0.0319010391831398,0.0010691061615943909,0.019774770868341694,semantic_near_mid_graph_weak,0.0028125385870225728
179,2577,0.03273143991827965,0.0011136375833302736,0.019771275809704364,semantic_near_mid_graph_weak,0.0028125385870225728
564,2570,0.0323721282184124,0.001095310435630381,0.019765179455185616,semantic_near_mid_graph_weak,0.0028125385870225728
854,3153,0.03183984383940697,0.0010687023168429732,0.019741408981979857,semantic_near_mid_graph_weak,0.0028125385870225728
53,2394,0.032315198332071304,0.0010965117253363132,0.019716617803725196,semantic_near_mid_graph_weak,0.0028125385870225728
1028,1396,0.0332467257976532,0.001145043526776135,0.019711285488759618,semantic_near_mid_graph_weak,0.0028125385870225728
467,3255,0.031070983037352562,0.001030305284075439,0.019688882129470602,semantic_near_mid_graph_weak,0.0028125385870225728
1486,2044,0.03215884044766426,0.0010937455808743834,0.019652846827533044,semantic_near_mid_graph_weak,0.0028125385870225728
3250,3431,0.03281984105706215,0.0011291948612779379,0.019643134418940625,semantic_near_mid_graph_weak,0.0028125385870225728
311,2600,0.03321266546845436,0.0011498379753902555,0.01963447521863116,semantic_near_mid_graph_weak,0.0028125385870225728
3415,3419,0.03174620866775513,0.001074972446076572,0.019612579731001233,semantic_near_mid_graph_weak,0.0028125385870225728
151,3039,0.03195716068148613,0.0010871009435504675,0.019605095650152695,semantic_near_mid_graph_weak,0.0028125385870225728
355,1780,0.031823981553316116,0.0010801429161801934,0.019602123194439963,semantic_near_mid_graph_weak,0.0028125385870225728
269,2037,0.03245854377746582,0.0011195082915946841,0.01953868231862981,semantic_near_mid_graph_weak,0.0028125385870225728
907,1098,0.031914837658405304,0.0010919860797002912,0.01952369798847212,semantic_near_mid_graph_weak,0.0028125385870225728
2266,2517,0.031729016453027725,0.0010827755322679877,0.019513929756337683,semantic_near_mid_graph_weak,0.0028125385870225728
346,1209,0.0329570397734642,0.001150180702097714,0.01947933983341317,semantic_near_mid_graph_weak,0.0028125385870225728
3227,3444,0.033043019473552704,0.0011566642206162214,0.019453986938129317,semantic_near_mid_graph_weak,0.0028125385870225728
1341,1627,0.03240249305963516,0.0011241130996495485,0.019451891394042038,semantic_near_mid_graph_weak,0.0028125385870225728
766,2995,0.03198011964559555,0.0011035023489966989,0.019432687474195822,semantic_near_mid_graph_weak,0.0028125385870225728
1535,1981,0.032533105462789536,0.001132614677771926,0.019431961560026176,semantic_near_mid_graph_weak,0.0028125385870225728
455,2142,0.03233712911605835,0.0011244438355788589,0.01940884942501864,semantic_near_mid_graph_weak,0.0028125385870225728
2552,2810,0.0320909321308136,0.0011164675233885646,0.01935209054313286,semantic_near_mid_graph_weak,0.0028125385870225728
256,1914,0.03219759464263916,0.0011241232277825475,0.01932877066151342,semantic_near_mid_graph_weak,0.0028125385870225728
488,1498,0.03203114494681358,0.0011205339105799794,0.019269725681948183,semantic_near_mid_graph_weak,0.0028125385870225728
1613,2199,0.031904131174087524,0.001113969599828124,0.019267777525163517,semantic_near_mid_graph_weak,0.0028125385870225728
95,1912,0.03246248513460159,0.001144757610745728,0.019249625729570084,semantic_near_mid_graph_weak,0.0028125385870225728
1538,1947,0.03156394883990288,0.0010990629671141505,0.019229623036910976,semantic_near_mid_graph_weak,0.0028125385870225728
3280,3369,0.032378461211919785,0.0011430148733779788,0.019219863881706777,semantic_near_mid_graph_weak,0.0028125385870225728
1100,2515,0.034495770931243896,0.001245761988684535,0.01921650671250638,semantic_near_mid_graph_weak,0.0028125385870225728
1947,2054,0.031439200043678284,0.0010990629671141505,0.019153622649954488,semantic_near_mid_graph_weak,0.0028125385870225728
454,3444,0.032502785325050354,0.001157590770162642,0.019125218001898786,semantic_near_mid_graph_weak,0.0028125385870225728
317,3431,0.031702958047389984,0.0011186351766809821,0.01909369315044326,semantic_near_mid_graph_weak,0.0028125385870225728
3051,3384,0.03202259540557861,0.0011372376466169953,0.019074399350369736,semantic_near_mid_graph_weak,0.0028125385870225728
2273,2316,0.03177272528409958,0.00112604396417737,0.019052016065492543,semantic_near_mid_graph_weak,0.0028125385870225728
1051,1267,0.03170646354556084,0.0011226269416511059,0.019050804218800614,semantic_near_mid_graph_weak,0.0028125385870225728
758,3095,0.031055139377713203,0.0010875868611037731,0.019046357804798835,semantic_near_mid_graph_weak,0.0028125385870225728
2757,3349,0.032179705798625946,0.001148111536167562,0.019043569061390094,semantic_near_mid_graph_weak,0.0028125385870225728
1193,3092,0.0315156914293766,0.0011165629839524627,0.019004128165470573,semantic_near_mid_graph_weak,0.0028125385870225728
1742,2540,0.03281993418931961,0.001186596811749041,0.018973358199019272,semantic_near_mid_graph_weak,0.0028125385870225728
2721,2727,0.033132199198007584,0.001202016486786306,0.018972233584290118,semantic_near_mid_graph_weak,0.0028125385870225728
2556,2805,0.03410395607352257,0.0012486802879720926,0.01896285262791427,semantic_near_mid_graph_weak,0.0028125385870225728
1663,2418,0.03320435434579849,0.0012077417923137546,0.018945959237815634,semantic_near_mid_graph_weak,0.0028125385870225728
1060,3318,0.03202333673834801,0.0011486252769827843,0.01894518229071883,semantic_near_mid_graph_weak,0.0028125385870225728
386,2979,0.03269991651177406,0.0011839268263429403,0.01893501794074761,semantic_near_mid_graph_weak,0.0028125385870225728
399,2241,0.03278614953160286,0.0011908316519111395,0.01890446101480424,semantic_near_mid_graph_weak,0.0028125385870225728
2235,3408,0.03257032483816147,0.00118118932005018,0.018891678782631753,semantic_near_mid_graph_weak,0.0028125385870225728
1049,2882,0.03298818692564964,0.0012029490899294615,0.018878830480288735,semantic_near_mid_graph_weak,0.0028125385870225728
1804,2583,0.03254874050617218,0.0011814858298748732,0.018875727852849924,semantic_near_mid_graph_weak,0.0028125385870225728
781,1541,0.03255585953593254,0.0011844102991744876,0.01884600484780307,semantic_near_mid_graph_weak,0.0028125385870225728
1827,3097,0.03170185908675194,0.0011414331384003162,0.018836061377351325,semantic_near_mid_graph_weak,0.0028125385870225728
932,1079,0.031984928995370865,0.0011567678302526474,0.018829860799869803,semantic_near_mid_graph_weak,0.0028125385870225728
1640,3222,0.0323784239590168,0.0011778977932408452,0.018818263644801596,semantic_near_mid_graph_weak,0.0028125385870225728
1081,3411,0.03216048330068588,0.0011681070318445563,0.018803551287596632,semantic_near_mid_graph_weak,0.0028125385870225728
2757,3435,0.03208083286881447,0.001166644273325801,0.01877366612535455,semantic_near_mid_graph_weak,0.0028125385870225728
1181,1565,0.0327848345041275,0.0012021696893498302,0.018771539009065114,semantic_near_mid_graph_weak,0.0028125385870225728
2418,2429,0.03348349407315254,0.0012410790659487247,0.01870834974597738,semantic_near_mid_graph_weak,0.0028125385870225728
261,3364,0.0319456122815609,0.001166048925369978,0.018701297325998265,semantic_near_mid_graph_weak,0.0028125385870225728
1430,1858,0.032670535147190094,0.001203699503093958,0.0186883245194179,semantic_near_mid_graph_weak,0.0028125385870225728
1506,2980,0.03214625269174576,0.001177520607598126,0.01868763734109935,semantic_near_mid_graph_weak,0.0028125385870225728
780,1958,0.03202129900455475,0.001171821728348732,0.018679880644420537,semantic_near_mid_graph_weak,0.0028125385870225728
1597,2528,0.03240538015961647,0.0011915374780073762,0.018676777420645486,semantic_near_mid_graph_weak,0.0028125385870225728
2512,3256,0.03190282732248306,0.0011702945921570063,0.018628091657595606,semantic_near_mid_graph_weak,0.0028125385870225728
1670,2660,0.03252190724015236,0.001203188207000494,0.01860921802725899,semantic_near_mid_graph_weak,0.0028125385870225728
2062,2682,0.032004185020923615,0.0011796661419793963,0.01858063462235099,semantic_near_mid_graph_weak,0.0028125385870225728
930,2899,0.032277125865221024,0.0011947641614824533,0.01856582839276615,semantic_near_mid_graph_weak,0.0028125385870225728
260,593,0.033012714236974716,0.001234753173775971,0.01851956066135888,semantic_near_mid_graph_weak,0.0028125385870225728
828,1196,0.03216453641653061,0.0011951945489272475,0.01849614488896548,semantic_near_mid_graph_weak,0.0028125385870225728
177,3282,0.032143209129571915,0.0011953817447647452,0.018481741305117358,semantic_near_mid_graph_weak,0.0028125385870225728
88,230,0.03241977468132973,0.0012097350554540753,0.01847531251363173,semantic_near_mid_graph_weak,0.0028125385870225728
1387,1551,0.03132513910531998,0.0011543933069333434,0.01846788228801214,semantic_near_mid_graph_weak,0.0028125385870225728
2579,3104,0.0334247462451458,0.0012593020219355822,0.018458960273919214,semantic_near_mid_graph_weak,0.0028125385870225728
589,646,0.0313422717154026,0.0011627866188064218,0.018384449795438792,semantic_near_mid_graph_weak,0.0028125385870225728
2142,2671,0.03243770822882652,0.0012216941686347127,0.018347605013928462,semantic_near_mid_graph_weak,0.0028125385870225728
1958,3000,0.03224428743124008,0.0012157043674960732,0.01830687116330722,semantic_near_mid_graph_weak,0.0028125385870225728
136,3122,0.03281698375940323,0.0012445407919585705,0.01829555633932444,semantic_near_mid_graph_weak,0.0028125385870225728
324,2049,0.03204036131501198,0.0012071637902408838,0.018288385009981884,semantic_near_mid_graph_weak,0.0028125385870225728
1357,2002,0.031284529715776443,0.0011697671143338084,0.018272934348597794,semantic_near_mid_graph_weak,0.0028125385870225728
316,1833,0.0320747047662735,0.0012116696452721953,0.01825660238514194,semantic_near_mid_graph_weak,0.0028125385870225728
955,2097,0.03310621902346611,0.0012622866779565811,0.018247920039176083,semantic_near_mid_graph_weak,0.0028125385870225728
1240,1533,0.03264981508255005,0.001242384547367692,0.01822739047293269,semantic_near_mid_graph_weak,0.0028125385870225728
322,584,0.03283274173736572,0.0012570880353450775,0.018157868654358256,semantic_near_mid_graph_weak,0.0028125385870225728
311,3442,0.032943349331617355,0.0012626175303012133,0.0181542721026467,semantic_near_mid_graph_weak,0.0028125385870225728
371,1076,0.0323619544506073,0.0012350259348750114,0.01815135722212453,semantic_near_mid_graph_weak,0.0028125385870225728
614,2484,0.03232431411743164,0.0012342975242063403,0.018138616871922624,semantic_near_mid_graph_weak,0.0028125385870225728
122,3251,0.03201591968536377,0.0012202007928863168,0.018126030044268517,semantic_near_mid_graph_weak,0.0028125385870225728
2512,3137,0.03155966103076935,0.0011984840966761112,0.01811140043929171,semantic_near_mid_graph_weak,0.0028125385870225728
2629,3250,0.03177063912153244,0.0012119724415242672,0.018080110841288428,semantic_near_mid_graph_weak,0.0028125385870225728
572,1774,0.032135218381881714,0.0012301524402573705,0.018079867286228277,semantic_near_mid_graph_weak,0.0028125385870225728
401,3123,0.03168238326907158,0.0012076414423063397,0.018078673366812816,semantic_near_mid_graph_weak,0.0028125385870225728
215,3047,0.03251843899488449,0.0012504208134487271,0.018061132301321274,semantic_near_mid_graph_weak,0.0028125385870225728
312,467,0.03205827251076698,0.0012302687391638756,0.018035250503682005,semantic_near_mid_graph_weak,0.0028125385870225728
501,3303,0.03166349604725838,0.0012107446091249585,0.018032960515352504,semantic_near_mid_graph_weak,0.0028125385870225728
81,3132,0.03181076422333717,0.001218318473547697,0.018031169557583777,semantic_near_mid_graph_weak,0.0028125385870225728
319,378,0.031342603266239166,0.0011948819737881422,0.01802697736612704,semantic_near_mid_graph_weak,0.0028125385870225728
1642,2098,0.0325034037232399,0.0012534038396552205,0.0180183078683592,semantic_near_mid_graph_weak,0.0028125385870225728
507,861,0.03192257881164551,0.0012322234688326716,0.01793672596721857,semantic_near_mid_graph_weak,0.0028125385870225728
3274,3320,0.033106349408626556,0.0012901215814054012,0.017920347676706395,semantic_near_mid_graph_weak,0.0028125385870225728
3161,3376,0.03233734518289566,0.001259690965525806,0.01785396644315495,semantic_near_mid_graph_weak,0.0028125385870225728
426,1328,0.03198514133691788,0.0012440318241715431,0.017837590114918863,semantic_near_mid_graph_weak,0.0028125385870225728
2002,2268,0.031832996755838394,0.0012366643641144037,0.01783612827817266,semantic_near_mid_graph_weak,0.0028125385870225728
231,1800,0.032043978571891785,0.0012473443057388067,0.01783266272033623,semantic_near_mid_graph_weak,0.0028125385870225728
403,584,0.03236360475420952,0.0012636184692382812,0.017823271374520753,semantic_near_mid_graph_weak,0.0028125385870225728
87,3079,0.03149760514497757,0.00122141744941473,0.01781895742211096,semantic_near_mid_graph_weak,0.0028125385870225728
40,53,0.03258483111858368,0.0012773595517501235,0.017785906949671124,semantic_near_mid_graph_weak,0.0028125385870225728
372,3306,0.03205542638897896,0.0012526399223133922,0.017778677615863908,semantic_near_mid_graph_weak,0.0028125385870225728
1752,3156,0.03342585265636444,0.001321032759733498,0.01772592712118173,semantic_near_mid_graph_weak,0.0028125385870225728
1561,2747,0.03205379098653793,0.0012594318250194192,0.017700364986540273,semantic_near_mid_graph_weak,0.0028125385870225728
1403,1493,0.0330640971660614,0.001307463156990707,0.017693609783859605,semantic_near_mid_graph_weak,0.0028125385870225728
393,1531,0.03262084349989891,0.0012872925726696849,0.017690356947501252,semantic_near_mid_graph_weak,0.0028125385870225728
577,2357,0.032657522708177567,0.001289629959501326,0.017683107821252975,semantic_near_mid_graph_weak,0.0028125385870225728
468,689,0.03582065552473068,0.0014246519422158599,0.017676205276040365,semantic_near_mid_graph_weak,0.0028125385870225728
535,3352,0.03225233778357506,0.0012711113085970283,0.017676071532667106,semantic_near_mid_graph_weak,0.0028125385870225728
53,2113,0.032618459314107895,0.0012892074882984161,0.01766685573485801,semantic_near_mid_graph_weak,0.0028125385870225728
1608,1926,0.032413091510534286,0.0012818097602576017,0.017640879228707832,semantic_near_mid_graph_weak,0.0028125385870225728
447,1607,0.03154120221734047,0.0012402031570672989,0.017632949101050052,semantic_near_mid_graph_weak,0.0028125385870225728
331,1098,0.03138657286763191,0.0012386244488880038,0.017564121968634966,semantic_near_mid_graph_weak,0.0028125385870225728
2023,2879,0.032101187855005264,0.001274257549084723,0.017557323053445126,semantic_near_mid_graph_weak,0.0028125385870225728
1763,2540,0.0330825112760067,0.0013200053945183754,0.017555935551841054,semantic_near_mid_graph_weak,0.0028125385870225728
62,3408,0.03203107416629791,0.0012762213591486216,0.017496610107343137,semantic_near_mid_graph_weak,0.0028125385870225728
903,3248,0.03170718625187874,0.0012632618891075253,0.017465788751538938,semantic_near_mid_graph_weak,0.0028125385870225728
1739,2730,0.031889408826828,0.0012735511409118772,0.017449502764097014,semantic_near_mid_graph_weak,0.0028125385870225728
456,1565,0.0334039106965065,0.0013447959208860993,0.017432061259994237,semantic_near_mid_graph_weak,0.0028125385870225728
82,2244,0.032072875648736954,0.0012864964082837105,0.017402271833444654,semantic_near_mid_graph_weak,0.0028125385870225728
1060,3207,0.032703254371881485,0.0013175635831430554,0.017383067402902085,semantic_near_mid_graph_weak,0.0028125385870225728
3016,3196,0.03247843310236931,0.0013099323259666562,0.01735168973470663,semantic_near_mid_graph_weak,0.0028125385870225728
122,571,0.03192199394106865,0.0012842756696045399,0.017345610764339284,semantic_near_mid_graph_weak,0.0028125385870225728
309,653,0.0320647694170475,0.0012912234524264932,0.01734398213292722,semantic_near_mid_graph_weak,0.0028125385870225728
1255,2641,0.03126784786581993,0.001253733178600669,0.017329714368310715,semantic_near_mid_graph_weak,0.0028125385870225728
311,2566,0.03169478103518486,0.0012750589521601796,0.017326013089337365,semantic_near_mid_graph_weak,0.0028125385870225728
482,783,0.032153401523828506,0.0012971372343599796,0.017324316326445533,semantic_near_mid_graph_weak,0.0028125385870225728
2845,3161,0.03198985010385513,0.001289611915126443,0.017321787575790924,semantic_near_mid_graph_weak,0.0028125385870225728
1736,2272,0.03312272951006889,0.0013427961384877563,0.01730887597308345,semantic_near_mid_graph_weak,0.0028125385870225728
1983,2468,0.03182286024093628,0.0012828096514567733,0.017308331465262117,semantic_near_mid_graph_weak,0.0028125385870225728
1098,2150,0.03404808044433594,0.0013828803785145283,0.01730718217193172,semantic_near_mid_graph_weak,0.0028125385870225728
1723,2902,0.03204578533768654,0.0012995139695703983,0.017239252227588563,semantic_near_mid_graph_weak,0.0028125385870225728
639,2074,0.0325847864151001,0.001325150835327804,0.0172321945835835,semantic_near_mid_graph_weak,0.0028125385870225728
377,442,0.031076056882739067,0.0012532620457932353,0.017228622823077598,semantic_near_mid_graph_weak,0.0028125385870225728
2036,3136,0.031726110726594925,0.0012859777780249715,0.017219972547437807,semantic_near_mid_graph_weak,0.0028125385870225728
1004,1979,0.03201131150126457,0.001300052274018526,0.01721457999914122,semantic_near_mid_graph_weak,0.0028125385870225728
3064,3190,0.03327131271362305,0.0013593394542112947,0.017190819356584997,semantic_near_mid_graph_weak,0.0028125385870225728
510,1685,0.032560303807258606,0.0013317855773493648,0.01714243782500867,semantic_near_mid_graph_weak,0.0028125385870225728
1337,3159,0.032957129180431366,0.0013502913061529398,0.017134510705636846,semantic_near_mid_graph_weak,0.0028125385870225728
1614,2918,0.03237323462963104,0.0013257443206384778,0.017113485963794948,semantic_near_mid_graph_weak,0.0028125385870225728
128,3107,0.03201589360833168,0.0013115913607180119,0.0170856915282214,semantic_near_mid_graph_weak,0.0028125385870225728
141,663,0.03286495432257652,0.0013505666283890605,0.0170833715359769,semantic_near_mid_graph_weak,0.0028125385870225728
130,2862,0.03306993469595909,0.0013626740546897054,0.017047561808918348,semantic_near_mid_graph_weak,0.0028125385870225728
66,286,0.03169017285108566,0.0013013372663408518,0.017027404098974703,semantic_near_mid_graph_weak,0.0028125385870225728
4,1924,0.03180547431111336,0.0013075587339699268,0.017019001366193495,semantic_near_mid_graph_weak,0.0028125385870225728
2886,2928,0.0317801870405674,0.0013087088009342551,0.016992475089793187,semantic_near_mid_graph_weak,0.0028125385870225728
78,3447,0.03199978172779083,0.001321597839705646,0.0169632440612016,semantic_near_mid_graph_weak,0.0028125385870225728
1449,2376,0.0319199413061142,0.0013195560313761234,0.016944093057843817,semantic_near_mid_graph_weak,0.0028125385870225728
171,565,0.03378269448876381,0.001402357593178749,0.01693833247611364,semantic_near_mid_graph_weak,0.0028125385870225728
3104,3110,0.03093791753053665,0.0012732173781841993,0.016932529506186424,semantic_near_mid_graph_weak,0.0028125385870225728
2181,2459,0.03278592228889465,0.0013630606699734926,0.016896646526776568,semantic_near_mid_graph_weak,0.0028125385870225728
2204,3020,0.033085037022829056,0.0013764003524556756,0.01689387903148609,semantic_near_mid_graph_weak,0.0028125385870225728
1380,1467,0.03170303255319595,0.0013142480747774243,0.01688878264747212,semantic_near_mid_graph_weak,0.0028125385870225728
1316,1657,0.03209127485752106,0.001334211090579629,0.016867826893711788,semantic_near_mid_graph_weak,0.0028125385870225728
852,2199,0.03183348476886749,0.0013233976205810905,0.01685471854240238,semantic_near_mid_graph_weak,0.0028125385870225728
363,1304,0.03221634030342102,0.001341841067187488,0.016846165951651036,semantic_near_mid_graph_weak,0.0028125385870225728
1265,3299,0.032447297126054764,0.001353542204014957,0.01683194298692385,semantic_near_mid_graph_weak,0.0028125385870225728
1963,2025,0.033146265894174576,0.0013891508569940925,0.016774876756437875,semantic_near_mid_graph_weak,0.0028125385870225728
249,1494,0.03224074840545654,0.0013499880442395806,0.016765538541481318,semantic_near_mid_graph_weak,0.0028125385870225728
2074,2538,0.032498009502887726,0.001365934032946825,0.016715066154893966,semantic_near_mid_graph_weak,0.0028125385870225728
122,2648,0.03212916478514671,0.0013554781908169389,0.01664479690611486,semantic_near_mid_graph_weak,0.0028125385870225728
556,2527,0.03216252475976944,0.0013589331647381186,0.016622570300324793,semantic_near_mid_graph_weak,0.0028125385870225728
2436,2569,0.032931312918663025,0.001392936217598617,0.016621770120162464,semantic_near_mid_graph_weak,0.0028125385870225728
1799,2867,0.032682936638593674,0.0013847126392647624,0.016591966132244198,semantic_near_mid_graph_weak,0.0028125385870225728
1426,2134,0.03201764449477196,0.0013568650465458632,0.016571235016821218,semantic_near_mid_graph_weak,0.0028125385870225728
1926,2944,0.03190721571445465,0.0013518623309209943,0.016570834834928796,semantic_near_mid_graph_weak,0.0028125385870225728
1049,3357,0.03333760425448418,0.0014145352179184556,0.01657082440777001,semantic_near_mid_graph_weak,0.0028125385870225728
1980,3067,0.03217485174536705,0.0013660923577845097,0.016547041593711075,semantic_near_mid_graph_weak,0.0028125385870225728
120,3236,0.0321015939116478,0.0013655251823365688,0.016515839788394045,semantic_near_mid_graph_weak,0.0028125385870225728
1774,2833,0.03283962607383728,0.001399412751197815,0.016499871062352598,semantic_near_mid_graph_weak,0.0028125385870225728
3153,3415,0.03293600678443909,0.0014052867190912366,0.01647950975089291,semantic_near_mid_graph_weak,0.0028125385870225728
198,2924,0.032524336129426956,0.001388857257552445,0.016463521714699326,semantic_near_mid_graph_weak,0.0028125385870225728
400,1058,0.031643129885196686,0.0013521685032173991,0.01643023866606663,semantic_near_mid_graph_weak,0.0028125385870225728
451,2484,0.03257371112704277,0.0013942763907834888,0.01642575262642126,semantic_near_mid_graph_weak,0.0028125385870225728
355,569,0.03182157501578331,0.0013619401725009084,0.016412335275493593,semantic_near_mid_graph_weak,0.0028125385870225728
1136,1342,0.03258589282631874,0.001405389979481697,0.01630313408946756,semantic_near_mid_graph_weak,0.0028125385870225728
2465,2782,0.03291024640202522,0.001420800806954503,0.016285086178154596,semantic_near_mid_graph_weak,0.0028125385870225728
1293,1639,0.031519815325737,0.0013609136221930385,0.016268203758972703,semantic_near_mid_graph_weak,0.0028125385870225728
1136,3231,0.03209627792239189,0.0013905352680012584,0.01622769335306741,semantic_near_mid_graph_weak,0.0028125385870225728
1866,1869,0.03205758333206177,0.001392279053106904,0.016188253761828777,semantic_near_mid_graph_weak,0.0028125385870225728
300,949,0.033128466457128525,0.0014400793006643653,0.016165990270030565,semantic_near_mid_graph_weak,0.0028125385870225728
1057,1874,0.03193002939224243,0.001390666700899601,0.01614214692925217,semantic_near_mid_graph_weak,0.0028125385870225728
372,398,0.031629130244255066,0.0013777518179267645,0.016135265770880255,semantic_near_mid_graph_weak,0.0028125385870225728
2002,3086,0.031292639672756195,0.001362737501040101,0.016130659749933593,semantic_near_mid_graph_weak,0.0028125385870225728
589,1375,0.03231341019272804,0.001409628544934094,0.01611811047239458,semantic_near_mid_graph_weak,0.0028125385870225728
537,2783,0.03298509865999222,0.0014384249225258827,0.0161154321589057,semantic_near_mid_graph_weak,0.0028125385870225728
2219,2747,0.0321556031703949,0.0014032237231731415,0.016112621427909223,semantic_near_mid_graph_weak,0.0028125385870225728
1807,3113,0.032342422753572464,0.0014136459212750196,0.016086384802412736,semantic_near_mid_graph_weak,0.0028125385870225728
1172,2147,0.03199823200702667,0.001398844993673265,0.01608358221130259,semantic_near_mid_graph_weak,0.0028125385870225728
607,2001,0.033281110227108,0.0014536549570038915,0.016079834810138877,semantic_near_mid_graph_weak,0.0028125385870225728
1913,3084,0.03253985941410065,0.0014228386571630836,0.016078229310014576,semantic_near_mid_graph_weak,0.0028125385870225728
317,3097,0.032714247703552246,0.001430785981938243,0.01607195620224733,semantic_near_mid_graph_weak,0.0028125385870225728
1223,2307,0.03418698161840439,0.0014908327721059322,0.016065604435787507,semantic_near_mid_graph_weak,0.0028125385870225728
2129,2924,0.03296208381652832,0.0014455614145845175,0.016020550381455955,semantic_near_mid_graph_weak,0.0028125385870225728
448,1563,0.03241857513785362,0.0014228634536266327,0.016018015872591284,semantic_near_mid_graph_weak,0.0028125385870225728
737,1265,0.03174994885921478,0.0013941223733127117,0.01601209755989304,semantic_near_mid_graph_weak,0.0028125385870225728
392,589,0.0327029675245285,0.0014358462067320943,0.01600757636238042,semantic_near_mid_graph_weak,0.0028125385870225728
3153,3187,0.03249971568584442,0.0014276094734668732,0.016003265748349198,semantic_near_mid_graph_weak,0.0028125385870225728
229,710,0.03451693430542946,0.001508932444266975,0.015998531645848007,semantic_near_mid_graph_weak,0.0028125385870225728
951,2062,0.0317937396466732,0.001402131631039083,0.015943643141930006,semantic_near_mid_graph_weak,0.0028125385870225728
1457,2360,0.033303238451480865,0.0014674521517008543,0.015927153675354026,semantic_near_mid_graph_weak,0.0028125385870225728
78,296,0.032223399728536606,0.0014241741737350821,0.015906562727588617,semantic_near_mid_graph_weak,0.0028125385870225728
1041,1486,0.03262367099523544,0.0014413621975108981,0.015904779978581203,semantic_near_mid_graph_weak,0.0028125385870225728
1769,3378,0.03149302676320076,0.0013939914060756564,0.015883993393213374,semantic_near_mid_graph_weak,0.0028125385870225728
36,3253,0.032036300748586655,0.001420229789800942,0.015859132944346384,semantic_near_mid_graph_weak,0.0028125385870225728
663,695,0.0329204797744751,0.0014587785117328167,0.01584562479736411,semantic_near_mid_graph_weak,0.0028125385870225728
6,120,0.03186313435435295,0.0014188140630722046,0.01578944799708477,semantic_near_mid_graph_weak,0.0028125385870225728
863,1437,0.03163903206586838,0.0014101432170718908,0.015775937184871365,semantic_near_mid_graph_weak,0.0028125385870225728
1097,1426,0.03235052525997162,0.0014424887485802174,0.015758657360455883,semantic_near_mid_graph_weak,0.0028125385870225728
1840,2114,0.034869641065597534,0.001545655308291316,0.01570672324468689,semantic_near_mid_graph_weak,0.0028125385870225728
2657,2671,0.032927170395851135,0.0014719325117766857,0.01569484766431767,semantic_near_mid_graph_weak,0.0028125385870225728
1692,1948,0.032639194279909134,0.0014625736512243748,0.01566619139516496,semantic_near_mid_graph_weak,0.0028125385870225728
291,1798,0.031858235597610474,0.0014326584059745073,0.015630202588914684,semantic_near_mid_graph_weak,0.0028125385870225728
151,2264,0.033214155584573746,0.001489057089202106,0.01562941059182022,semantic_near_mid_graph_weak,0.0028125385870225728
691,2562,0.03221108019351959,0.0014500173274427652,0.015604508240422681,semantic_near_mid_graph_weak,0.0028125385870225728
1304,2504,0.03204488754272461,0.0014448027359321713,0.015583409855629081,semantic_near_mid_graph_weak,0.0028125385870225728
1139,1982,0.032087888568639755,0.0014470855239778757,0.015578277195858586,semantic_near_mid_graph_weak,0.0028125385870225728
571,3009,0.032008931040763855,0.0014445986598730087,0.015568246778221538,semantic_near_mid_graph_weak,0.0028125385870225728
2759,3420,0.031675033271312714,0.001431044191122055,0.015558499768213049,semantic_near_mid_graph_weak,0.0028125385870225728
663,3418,0.03205804154276848,0.001449149684049189,0.01554025900022949,semantic_near_mid_graph_weak,0.0028125385870225728
6,181,0.032000645995140076,0.0014467196306213737,0.015540085074358358,semantic_near_mid_graph_weak,0.0028125385870225728
1075,3211,0.031782831996679306,0.0014377752086147666,0.015535386320647087,semantic_near_mid_graph_weak,0.0028125385870225728
3378,3440,0.03219343349337578,0.001458043116144836,0.01550409301404232,semantic_near_mid_graph_weak,0.0028125385870225728
465,1824,0.031995464116334915,0.0014497584197670221,0.015502999368992451,semantic_near_mid_graph_weak,0.0028125385870225728
3021,3421,0.031700488179922104,0.001439676503650844,0.015473707079930434,semantic_near_mid_graph_weak,0.0028125385870225728
1538,1667,0.03162790834903717,0.0014371485449373722,0.01546670697993875,semantic_near_mid_graph_weak,0.0028125385870225728
1098,1545,0.03141031414270401,0.0014285717625170946,0.0154560840236567,semantic_near_mid_graph_weak,0.0028125385870225728
311,666,0.031329959630966187,0.0014250465901568532,0.015455812215579312,semantic_near_mid_graph_weak,0.0028125385870225728
2682,3421,0.03212933614850044,0.0014624815667048097,0.015422521143559399,semantic_near_mid_graph_weak,0.0028125385870225728
169,2920,0.03310320898890495,0.001504773972555995,0.01539221738707274,semantic_near_mid_graph_weak,0.0028125385870225728
1208,1551,0.03157060965895653,0.001442053122445941,0.015383633079760227,semantic_near_mid_graph_weak,0.0028125385870225728
752,1985,0.033543966710567474,0.0015231517609208822,0.015377975246763162,semantic_near_mid_graph_weak,0.0028125385870225728
90,2519,0.0318288691341877,0.0014550457708537579,0.015362442099746508,semantic_near_mid_graph_weak,0.0028125385870225728
2132,3151,0.03272994980216026,0.0014927275478839874,0.015358846722552071,semantic_near_mid_graph_weak,0.0028125385870225728
337,2306,0.03152815252542496,0.0014439077349379659,0.0153421547546503,semantic_near_mid_graph_weak,0.0028125385870225728
1182,1426,0.032919783145189285,0.0015019229613244534,0.015340298754924205,semantic_near_mid_graph_weak,0.0028125385870225728
3097,3435,0.032739732414484024,0.0014951461926102638,0.015335282750234224,semantic_near_mid_graph_weak,0.0028125385870225728
125,3256,0.03264838084578514,0.0014947791351005435,0.015296754557607145,semantic_near_mid_graph_weak,0.0028125385870225728
509,2839,0.03251340240240097,0.0014900871319696307,0.015287753389117108,semantic_near_mid_graph_weak,0.0028125385870225728
1388,1557,0.03221815079450607,0.001478223130106926,0.015284830863016907,semantic_near_mid_graph_weak,0.0028125385870225728
173,214,0.03292062133550644,0.0015078700380399823,0.015271079112507049,semantic_near_mid_graph_weak,0.0028125385870225728
371,1519,0.03213252127170563,0.0014793099835515022,0.015231789764147593,semantic_near_mid_graph_weak,0.0028125385870225728
112,3439,0.03185402229428291,0.0014696014113724232,0.015209729363488328,semantic_near_mid_graph_weak,0.0028125385870225728
727,3201,0.03182404115796089,0.0014714013086631894,0.015175047959134767,semantic_near_mid_graph_weak,0.0028125385870225728
1173,1529,0.031405720859766006,0.0014550024643540382,0.015158689989996177,semantic_near_mid_graph_weak,0.0028125385870225728
584,1938,0.03198527544736862,0.0014797983458265662,0.01515643693250586,semantic_near_mid_graph_weak,0.0028125385870225728
43,2924,0.03281265124678612,0.0015137187438085675,0.015152760123694096,semantic_near_mid_graph_weak,0.0028125385870225728
770,1021,0.03169797733426094,0.0014682544860988855,0.015150400836631934,semantic_near_mid_graph_weak,0.0028125385870225728
104,2352,0.03261524811387062,0.0015060898149386048,0.015150068001267298,semantic_near_mid_graph_weak,0.0028125385870225728
722,3023,0.03251875936985016,0.0015081221936270595,0.015081749637369886,semantic_near_mid_graph_weak,0.0028125385870225728
999,1132,0.03228180855512619,0.001499371137470007,0.015072298173215794,semantic_near_mid_graph_weak,0.0028125385870225728
453,576,0.03221384808421135,0.0014981537824496627,0.015054510759097268,semantic_near_mid_graph_weak,0.0028125385870225728
339,1577,0.0320328064262867,0.0014908788725733757,0.015052760516680048,semantic_near_mid_graph_weak,0.0028125385870225728
1708,3027,0.03307866305112839,0.001534500508569181,0.015031186117316738,semantic_near_mid_graph_weak,0.0028125385870225728
400,1018,0.03195716068148613,0.0014950610930100083,0.014969693274492057,semantic_near_mid_graph_weak,0.0028125385870225728
37,1289,0.032753266394138336,0.0015276771737262607,0.01496278427731503,semantic_near_mid_graph_weak,0.0028125385870225728
513,1679,0.03368586674332619,0.0015644131926819682,0.014948838713437222,semantic_near_mid_graph_weak,0.0028125385870225728
611,848,0.03275815024971962,0.0015292871976271272,0.014946263143176599,semantic_near_mid_graph_weak,0.0028125385870225728
666,2601,0.03253128007054329,0.0015248602721840143,0.014893955266627658,semantic_near_mid_graph_weak,0.0028125385870225728
331,905,0.03173724561929703,0.0014940579421818256,0.014877998212247846,semantic_near_mid_graph_weak,0.0028125385870225728
1374,2223,0.03519481047987938,0.0016244819853454828,0.01486679227382957,semantic_near_mid_graph_weak,0.0028125385870225728
1249,2495,0.03253381699323654,0.0015298979124054313,0.014836844254731156,semantic_near_mid_graph_weak,0.0028125385870225728
1438,1688,0.031848590821027756,0.0015076379058882594,0.014776418729786344,semantic_near_mid_graph_weak,0.0028125385870225728
324,2408,0.0320453904569149,0.001521264435723424,0.014712468143986582,semantic_near_mid_graph_weak,0.0028125385870225728
54,1794,0.03177586942911148,0.0015111543470993638,0.014702950521535897,semantic_near_mid_graph_weak,0.0028125385870225728
390,771,0.03208757936954498,0.0015243716770783067,0.014696387866384995,semantic_near_mid_graph_weak,0.0028125385870225728
631,2143,0.032849594950675964,0.0015553319826722145,0.014683790619898274,semantic_near_mid_graph_weak,0.0028125385870225728
708,2204,0.032612983137369156,0.0015464607859030366,0.014680891550796512,semantic_near_mid_graph_weak,0.0028125385870225728
1308,2623,0.032364845275878906,0.0015407346654683352,0.014635083526421526,semantic_near_mid_graph_weak,0.0028125385870225728
669,1402,0.03362521529197693,0.001591227250173688,0.014601348699556994,semantic_near_mid_graph_weak,0.0028125385870225728
2538,2722,0.031628984957933426,0.001514461007900536,0.014597800155959966,semantic_near_mid_graph_weak,0.0028125385870225728
2553,3435,0.03229419142007828,0.001541439676657319,0.014595039411937133,semantic_near_mid_graph_weak,0.0028125385870225728
1409,1756,0.03321743756532669,0.001578299910761416,0.014576954200233127,semantic_near_mid_graph_weak,0.0028125385870225728
578,2219,0.030761467292904854,0.00148114247713238,0.014561826130053098,semantic_near_mid_graph_weak,0.0028125385870225728
1628,3105,0.03197226673364639,0.001532388967461884,0.014552435043708721,semantic_near_mid_graph_weak,0.0028125385870225728
1284,2252,0.03299865126609802,0.0015739442314952612,0.014532047093252965,semantic_near_mid_graph_weak,0.0028125385870225728
1553,1772,0.031510595232248306,0.001515925512649119,0.014526751721004946,semantic_near_mid_graph_weak,0.0028125385870225728
54,114,0.03246331587433815,0.0015544566558673978,0.014521226949680248,semantic_near_mid_graph_weak,0.0028125385870225728
2998,3182,0.03226897865533829,0.0015473596286028624,0.014515723621643987,semantic_near_mid_graph_weak,0.0028125385870225728
2767,2956,0.03207637742161751,0.0015399429248645902,0.014513670657833032,semantic_near_mid_graph_weak,0.0028125385870225728
1494,2658,0.03305070102214813,0.0015781971160322428,0.01450499243110029,semantic_near_mid_graph_weak,0.0028125385870225728
951,3186,0.03352183848619461,0.0015956871211528778,0.014503302635131346,semantic_near_mid_graph_weak,0.0028125385870225728
452,1350,0.03231490030884743,0.0015515565173700452,0.014488160290523504,semantic_near_mid_graph_weak,0.0028125385870225728
696,1094,0.032403264194726944,0.0015559031162410975,0.014477700446166508,semantic_near_mid_graph_weak,0.0028125385870225728
704,3318,0.03282453864812851,0.0015730445738881826,0.014465870557646206,semantic_near_mid_graph_weak,0.0028125385870225728
1159,1529,0.032502077519893646,0.0015607754467055202,0.014465544690073199,semantic_near_mid_graph_weak,0.0028125385870225728
825,828,0.03283797204494476,0.0015756420325487852,0.014441463902295164,semantic_near_mid_graph_weak,0.0028125385870225728
1230,2882,0.03370922431349754,0.0016080253990367055,0.014436497131001232,semantic_near_mid_graph_weak,0.0028125385870225728
2806,3196,0.03290744870901108,0.0015798381064087152,0.014422923129498118,semantic_near_mid_graph_weak,0.0028125385870225728
139,481,0.03227515518665314,0.001556664938107133,0.014411719398482637,semantic_near_mid_graph_weak,0.0028125385870225728
726,2660,0.03227720782160759,0.0015573602868244052,0.014404656005646922,semantic_near_mid_graph_weak,0.0028125385870225728
695,3456,0.032147493213415146,0.0015536017017439008,0.014389727900038687,semantic_near_mid_graph_weak,0.0028125385870225728
6,1697,0.032014455646276474,0.001549363136291504,0.014378424753882511,semantic_near_mid_graph_weak,0.0028125385870225728
708,1158,0.0329957976937294,0.001588458544574678,0.014360513177634237,semantic_near_mid_graph_weak,0.0028125385870225728
1595,1707,0.0327921137213707,0.0015813052887097,0.014355266989796509,semantic_near_mid_graph_weak,0.0028125385870225728
535,3323,0.032071802765131,0.0015545256901532412,0.014345311275212195,semantic_near_mid_graph_weak,0.0028125385870225728
1375,1659,0.03229855000972748,0.0015635343734174967,0.014343278787932989,semantic_near_mid_graph_weak,0.0028125385870225728
775,3086,0.031173551455140114,0.0015223408117890358,0.014300264863611335,semantic_near_mid_graph_weak,0.0028125385870225728
94,1692,0.0319618284702301,0.0015546800568699837,0.014294366934575376,semantic_near_mid_graph_weak,0.0028125385870225728
1059,3153,0.031672194600105286,0.0015436835819855332,0.014288665344639467,semantic_near_mid_graph_weak,0.0028125385870225728
267,2011,0.03558611124753952,0.0016836515860632062,0.01428343013226679,semantic_near_mid_graph_weak,0.0028125385870225728
155,1542,0.03207968547940254,0.0015603747451677918,0.01428212306160951,semantic_near_mid_graph_weak,0.0028125385870225728
611,1044,0.032215479761362076,0.0015670527936890721,0.01426608778039046,semantic_near_mid_graph_weak,0.0028125385870225728
697,961,0.03255723789334297,0.0015834604855626822,0.014227498361574243,semantic_near_mid_graph_weak,0.0028125385870225728
6,3352,0.03247525170445442,0.0015808953903615475,0.014221288556253556,semantic_near_mid_graph_weak,0.0028125385870225728
664,757,0.03251442313194275,0.0015846501337364316,0.014195035372381148,semantic_near_mid_graph_weak,0.0028125385870225728
1826,3415,0.03217213600873947,0.0015720122028142214,0.014190163910757597,semantic_near_mid_graph_weak,0.0028125385870225728
307,2659,0.03173664212226868,0.0015584549400955439,0.014151060567686793,semantic_near_mid_graph_weak,0.0028125385870225728
592,1998,0.03265762701630592,0.001594260917045176,0.014145959785936529,semantic_near_mid_graph_weak,0.0028125385870225728
855,1248,0.033162083476781845,0.0016128051793202758,0.014145818158614373,semantic_near_mid_graph_weak,0.0028125385870225728
1722,1979,0.032349709421396255,0.0015891462098807096,0.014071411532450154,semantic_near_mid_graph_weak,0.0028125385870225728
2046,2091,0.03178227320313454,0.001568417064845562,0.014058832934124651,semantic_near_mid_graph_weak,0.0028125385870225728
2862,3415,0.032321445643901825,0.0015892358496785164,0.014058087278709717,semantic_near_mid_graph_weak,0.0028125385870225728
578,1465,0.03273995593190193,0.001605728641152382,0.014048128842846662,semantic_near_mid_graph_weak,0.0028125385870225728
595,1388,0.031613316386938095,0.0015627603279426694,0.014047677674579252,semantic_near_mid_graph_weak,0.0028125385870225728
1455,3332,0.03193845972418785,0.0015782363479956985,0.01401641653221461,semantic_near_mid_graph_weak,0.0028125385870225728
933,2850,0.032483723014593124,0.0015994261484593153,0.014010975217077158,semantic_near_mid_graph_weak,0.0028125385870225728
2931,2956,0.032860517501831055,0.0016150992596521974,0.013990377289753156,semantic_near_mid_graph_weak,0.0028125385870225728
2630,2845,0.032161783427000046,0.0015891657676547766,0.013989444215461614,semantic_near_mid_graph_weak,0.0028125385870225728
121,123,0.03199648857116699,0.0015855066012591124,0.01395917378346063,semantic_near_mid_graph_weak,0.0028125385870225728
363,2931,0.03268872946500778,0.0016149592120200396,0.013918866174125391,semantic_near_mid_graph_weak,0.0028125385870225728
1443,2247,0.032616447657346725,0.0016123964451253414,0.013917808464276501,semantic_near_mid_graph_weak,0.0028125385870225728
704,1867,0.03239194303750992,0.0016080335481092334,0.013872257180363947,semantic_near_mid_graph_weak,0.0028125385870225728
280,2862,0.03237204626202583,0.0016082037473097444,0.013861777159624883,semantic_near_mid_graph_weak,0.0028125385870225728
67,2504,0.032026518136262894,0.0015998044982552528,0.013809463972363663,semantic_near_mid_graph_weak,0.0028125385870225728
1659,1718,0.03228689357638359,0.0016132188029587269,0.013767743635870681,semantic_near_mid_graph_weak,0.0028125385870225728
1243,3225,0.032367270439863205,0.0016206710133701563,0.013716256289927207,semantic_near_mid_graph_weak,0.0028125385870225728
2252,3042,0.03254334628582001,0.0016280461568385363,0.013705535456926411,semantic_near_mid_graph_weak,0.0028125385870225728
311,3223,0.03139302134513855,0.0015852731885388494,0.013698503205794516,semantic_near_mid_graph_weak,0.0028125385870225728
1967,2867,0.032451942563056946,0.0016256123781204224,0.013695122739153508,semantic_near_mid_graph_weak,0.0028125385870225728
826,2323,0.032209061086177826,0.0016208820743486285,0.013646794958674347,semantic_near_mid_graph_weak,0.0028125385870225728
1135,1137,0.03193389251828194,0.0016119304345920682,0.013631845576517624,semantic_near_mid_graph_weak,0.0028125385870225728
261,1807,0.032148003578186035,0.0016221310943365097,0.013606648637977916,semantic_near_mid_graph_weak,0.0028125385870225728
2027,3367,0.031993020325899124,0.0016168245347216725,0.013601414805733611,semantic_near_mid_graph_weak,0.0028125385870225728
836,2050,0.0320846252143383,0.0016213724156841636,0.013588478519631565,semantic_near_mid_graph_weak,0.0028125385870225728
229,1201,0.030855730175971985,0.00157513830345124,0.013575241045836656,semantic_near_mid_graph_weak,0.0028125385870225728
1174,2545,0.032109010964632034,0.0016244743019342422,0.013563394057100898,semantic_near_mid_graph_weak,0.0028125385870225728
448,1562,0.032645709812641144,0.0016448070527985692,0.013554098415305083,semantic_near_mid_graph_weak,0.0028125385870225728
660,1347,0.03192833438515663,0.001619592192582786,0.013542495580678328,semantic_near_mid_graph_weak,0.0028125385870225728
855,3320,0.03266165778040886,0.0016464461805298924,0.01354168483125301,semantic_near_mid_graph_weak,0.0028125385870225728
992,2840,0.0324515737593174,0.0016393663827329874,0.013536270931730654,semantic_near_mid_graph_weak,0.0028125385870225728
482,3440,0.03244513273239136,0.0016434304416179657,0.013486701704714403,semantic_near_mid_graph_weak,0.0028125385870225728
966,2956,0.03318120911717415,0.0016726705944165587,0.013447708203240417,semantic_near_mid_graph_weak,0.0028125385870225728
1340,1968,0.032762907445430756,0.001658765017054975,0.01344016286932075,semantic_near_mid_graph_weak,0.0028125385870225728
2511,3190,0.032572031021118164,0.0016521833604201674,0.013438082809175272,semantic_near_mid_graph_weak,0.0028125385870225728
2104,3342,0.032248638570308685,0.00164131133351475,0.013429321310060284,semantic_near_mid_graph_weak,0.0028125385870225728
2132,3263,0.03225427493453026,0.001642259769141674,0.013420791777277268,semantic_near_mid_graph_weak,0.0028125385870225728
2202,3020,0.03266126662492752,0.001658440101891756,0.013402240420170288,semantic_near_mid_graph_weak,0.0028125385870225728
600,3227,0.03241938725113869,0.001650188583880663,0.013398100579701457,semantic_near_mid_graph_weak,0.0028125385870225728
603,1494,0.03217374160885811,0.001641368493437767,0.013397478045238028,semantic_near_mid_graph_weak,0.0028125385870225728
879,2405,0.03195256367325783,0.0016342850867658854,0.013385850122698622,semantic_near_mid_graph_weak,0.0028125385870225728
2384,3253,0.03252317011356354,0.0016573545290157199,0.01335812699757708,semantic_near_mid_graph_weak,0.0028125385870225728
2895,3093,0.03185301274061203,0.0016353760147467256,0.013331790214536622,semantic_near_mid_graph_weak,0.0028125385870225728
1963,2005,0.03199702873826027,0.001641447190195322,0.013322997683412819,semantic_near_mid_graph_weak,0.0028125385870225728
951,3437,0.033431872725486755,0.0016945248935371637,0.013289521316585432,semantic_near_mid_graph_weak,0.0028125385870225728
2882,3221,0.03255464881658554,0.00166648393496871,0.013265384835741707,semantic_near_mid_graph_weak,0.0028125385870225728
1054,1487,0.03160938248038292,0.0016322631854563951,0.013264805244783446,semantic_near_mid_graph_weak,0.0028125385870225728
584,1597,0.03307119011878967,0.0016848245868459344,0.013260207085351926,semantic_near_mid_graph_weak,0.0028125385870225728
989,1916,0.031808529049158096,0.0016438253223896027,0.013217614151053731,semantic_near_mid_graph_weak,0.0028125385870225728
787,2951,0.032055459916591644,0.0016547775594517589,0.013195396636878328,semantic_near_mid_graph_weak,0.0028125385870225728
552,2046,0.03141949698328972,0.0016352086095139384,0.013152216238863717,semantic_near_mid_graph_weak,0.0028125385870225728
299,843,0.032652199268341064,0.0016801237361505628,0.013146783313734084,semantic_near_mid_graph_weak,0.0028125385870225728
567,1342,0.032225463539361954,0.0016658221138641238,0.013138831255955582,semantic_near_mid_graph_weak,0.0028125385870225728
124,128,0.03212905675172806,0.0016634395578876138,0.013126741830595338,semantic_near_mid_graph_weak,0.0028125385870225728
56,1794,0.03177240490913391,0.0016522943042218685,0.013106931693931562,semantic_near_mid_graph_weak,0.0028125385870225728
1975,2459,0.03168369084596634,0.0016498899785801768,0.013097419975801454,semantic_near_mid_graph_weak,0.0028125385870225728
1949,1980,0.032059185206890106,0.0016731147188693285,0.012987910987897432,semantic_near_mid_graph_weak,0.0028125385870225728
1827,3430,0.032417282462120056,0.0016873744316399097,0.012968627136207816,semantic_near_mid_graph_weak,0.0028125385870225728
2363,2487,0.03395310789346695,0.0017394116148352623,0.012954843015553916,semantic_near_mid_graph_weak,0.0028125385870225728
607,1963,0.0333142913877964,0.001719227060675621,0.01295018633145831,semantic_near_mid_graph_weak,0.0028125385870225728
2041,2779,0.03327301889657974,0.0017180204158648849,0.012948417475805236,semantic_near_mid_graph_weak,0.0028125385870225728
400,1898,0.032372262328863144,0.0016886950470507145,0.012935416445639402,semantic_near_mid_graph_weak,0.0028125385870225728
2381,2756,0.03233738988637924,0.001689898082986474,0.01290764999590218,semantic_near_mid_graph_weak,0.0028125385870225728
509,2147,0.0324900820851326,0.001696883700788021,0.012887900987275927,semantic_near_mid_graph_weak,0.0028125385870225728
297,343,0.032196033746004105,0.0016869622049853206,0.012884834841729313,semantic_near_mid_graph_weak,0.0028125385870225728
2735,3364,0.03425615280866623,0.0017555392114445567,0.01287403923826582,semantic_near_mid_graph_weak,0.0028125385870225728
97,947,0.03259231895208359,0.0017036331119015813,0.012850241806323376,semantic_near_mid_graph_weak,0.0028125385870225728
115,705,0.03200313448905945,0.0016834147972986102,0.012848001682204986,semantic_near_mid_graph_weak,0.0028125385870225728
25,1043,0.03239183500409126,0.001697653904557228,0.012840058746086916,semantic_near_mid_graph_weak,0.0028125385870225728
347,1026,0.03238871321082115,0.001698421547189355,0.01282998123223882,semantic_near_mid_graph_weak,0.0028125385870225728
2911,3424,0.03439701721072197,0.0017638066783547401,0.01282586830215504,semantic_near_mid_graph_weak,0.0028125385870225728
666,3255,0.03211385756731033,0.001689373399131,0.01282441671553921,semantic_near_mid_graph_weak,0.0028125385870225728
238,1560,0.03223005682229996,0.0016940132481977344,0.012817650002686889,semantic_near_mid_graph_weak,0.0028125385870225728
942,2798,0.03260340914130211,0.0017082549165934324,0.012801037639513502,semantic_near_mid_graph_weak,0.0028125385870225728
1088,2181,0.03226001560688019,0.00169956567697227,0.012765877635928579,semantic_near_mid_graph_weak,0.0028125385870225728
2629,3153,0.032196883112192154,0.001699195010587573,0.012745138203467416,semantic_near_mid_graph_weak,0.0028125385870225728
1608,2294,0.03366157039999962,0.0017491272883489728,0.012727325576838075,semantic_near_mid_graph_weak,0.0028125385870225728
444,735,0.03268358111381531,0.0017177551053464413,0.012722116912645152,semantic_near_mid_graph_weak,0.0028125385870225728
1637,1901,0.030910322442650795,0.0016554690664634109,0.012716409344239165,semantic_near_mid_graph_weak,0.0028125385870225728
2568,2919,0.03239462524652481,0.00170926284044981,0.012707453870576063,semantic_near_mid_graph_weak,0.0028125385870225728
1522,2027,0.03205764666199684,0.001698354259133339,0.012699604430181219,semantic_near_mid_graph_weak,0.0028125385870225728
56,2822,0.032197896391153336,0.0017040942329913378,0.012689453090931105,semantic_near_mid_graph_weak,0.0028125385870225728
20,668,0.032135434448719025,0.0017033263575285673,0.012673609903555795,semantic_near_mid_graph_weak,0.0028125385870225728
2841,3207,0.030697805806994438,0.0016531803412362933,0.01265396124842546,semantic_near_mid_graph_weak,0.0028125385870225728
442,2053,0.03182511031627655,0.0016945695970207453,0.01265031050637062,semantic_near_mid_graph_weak,0.0028125385870225728
839,1303,0.03260762244462967,0.0017224833136424422,0.01263773267401988,semantic_near_mid_graph_weak,0.0028125385870225728
1420,2472,0.03264112025499344,0.0017237577121704817,0.012635925292319852,semantic_near_mid_graph_weak,0.0028125385870225728
45,2736,0.03169981762766838,0.0016919784247875214,0.01262971215669104,semantic_near_mid_graph_weak,0.0028125385870225728
784,1958,0.03202797845005989,0.0017036463832482696,0.012627586967089587,semantic_near_mid_graph_weak,0.0028125385870225728
171,1750,0.03263266757130623,0.001726076123304665,0.012605753595985878,semantic_near_mid_graph_weak,0.0028125385870225728
2223,2918,0.03441954031586647,0.001783372019417584,0.012594828148801331,semantic_near_mid_graph_weak,0.0028125385870225728
242,2893,0.031662460416555405,0.0016965128015726805,0.012563782206831912,semantic_near_mid_graph_weak,0.0028125385870225728
1703,2389,0.03134225681424141,0.0016859635943546891,0.01255428206518525,semantic_near_mid_graph_weak,0.0028125385870225728
1396,1416,0.03209196776151657,0.0017126866150647402,0.01254966391905645,semantic_near_mid_graph_weak,0.0028125385870225728
2950,3341,0.03199883550405502,0.0017106260638684034,0.012536687578603344,semantic_near_mid_graph_weak,0.0028125385870225728
1484,2042,0.03329243138432503,0.0017561123240739107,0.012505072475841188,semantic_near_mid_graph_weak,0.0028125385870225728
759,3082,0.031989775598049164,0.0017153287772089243,0.01247964943907634,semantic_near_mid_graph_weak,0.0028125385870225728
3200,3440,0.032172903418540955,0.001721691805869341,0.012478302803170586,semantic_near_mid_graph_weak,0.0028125385870225728
2613,3443,0.032811157405376434,0.0017430023290216923,0.012477241263087616,semantic_near_mid_graph_weak,0.0028125385870225728
1128,2214,0.032596226781606674,0.0017369221895933151,0.012465975109602102,semantic_near_mid_graph_weak,0.0028125385870225728
1018,3103,0.0317503958940506,0.0017082703998312354,0.012465945277446659,semantic_near_mid_graph_weak,0.0028125385870225728
1248,2551,0.032628096640110016,0.0017405957914888859,0.01243554605320767,semantic_near_mid_graph_weak,0.0028125385870225728
1807,2046,0.03275975584983826,0.0017454322660341859,0.012429391263359091,semantic_near_mid_graph_weak,0.0028125385870225728
1658,2801,0.031773850321769714,0.0017129047773778439,0.012422798477370225,semantic_near_mid_graph_weak,0.0028125385870225728
665,3378,0.03238464519381523,0.0017356366151943803,0.012399861259537672,semantic_near_mid_graph_weak,0.0028125385870225728
1666,2678,0.032140519469976425,0.001728071947582066,0.012392833044248564,semantic_near_mid_graph_weak,0.0028125385870225728
854,3000,0.03227873146533966,0.0017341894563287497,0.012375916254502581,semantic_near_mid_graph_weak,0.0028125385870225728
1163,2667,0.03225158527493477,0.0017339461483061314,0.012368298225194797,semantic_near_mid_graph_weak,0.0028125385870225728
1572,1967,0.03154747188091278,0.001710260403342545,0.012363951259208165,semantic_near_mid_graph_weak,0.0028125385870225728
2713,3088,0.03270881995558739,0.0017547475872561336,0.012301731795484007,semantic_near_mid_graph_weak,0.0028125385870225728
1239,2724,0.03196773678064346,0.001731373369693756,0.012288686542268371,semantic_near_mid_graph_weak,0.0028125385870225728
1454,3030,0.032581426203250885,0.0017538036918267608,0.01226475363424127,semantic_near_mid_graph_weak,0.0028125385870225728
1271,3326,0.03242289647459984,0.0017490378813818097,0.012260017849624475,semantic_near_mid_graph_weak,0.0028125385870225728
3199,3225,0.03145116567611694,0.0017171789659187198,0.012248840630035937,semantic_near_mid_graph_weak,0.0028125385870225728
1786,3024,0.03260994330048561,0.0017562825232744217,0.01224674765656642,semantic_near_mid_graph_weak,0.0028125385870225728
1243,3297,0.03272855281829834,0.0017632129602134228,0.012210644632247901,semantic_near_mid_graph_weak,0.0028125385870225728
865,1621,0.032126568257808685,0.0017454719636589289,0.01218869987039449,semantic_near_mid_graph_weak,0.0028125385870225728
171,1736,0.03222132474184036,0.0017489009769633412,0.012185366273546671,semantic_near_mid_graph_weak,0.0028125385870225728
1377,2022,0.032580938190221786,0.0017623601015657187,0.01216545098483155,semantic_near_mid_graph_weak,0.0028125385870225728
482,773,0.032192498445510864,0.00174998480360955,0.01216205927933848,semantic_near_mid_graph_weak,0.0028125385870225728
467,666,0.03244790434837341,0.0017622960731387138,0.01211651594411536,semantic_near_mid_graph_weak,0.0028125385870225728
591,3088,0.032036203891038895,0.0017501149559393525,0.012101529991832522,semantic_near_mid_graph_weak,0.0028125385870225728
218,2143,0.03267556056380272,0.0017726203659549356,0.012081580309932597,semantic_near_mid_graph_weak,0.0028125385870225728
50,606,0.03335662558674812,0.001795638003386557,0.012060411254019885,semantic_near_mid_graph_weak,0.0028125385870225728
264,1550,0.03147277235984802,0.0017350006382912397,0.012057828015586494,semantic_near_mid_graph_weak,0.0028125385870225728
9,992,0.031917791813611984,0.0017502724658697844,0.012055012884819031,semantic_near_mid_graph_weak,0.0028125385870225728
2511,3256,0.0323127806186676,0.0017640171572566032,0.012046285547984746,semantic_near_mid_graph_weak,0.0028125385870225728
3248,3427,0.03264395147562027,0.0017761739436537027,0.012028648170475883,semantic_near_mid_graph_weak,0.0028125385870225728
704,1667,0.032312288880348206,0.0017661664169281721,0.01202141012125277,semantic_near_mid_graph_weak,0.0028125385870225728
2399,2711,0.03187735378742218,0.0017535549122840166,0.012002536573367353,semantic_near_mid_graph_weak,0.0028125385870225728
664,3443,0.03246507793664932,0.0017740862676873803,0.011986834824691667,semantic_near_mid_graph_weak,0.0028125385870225728
1890,2046,0.032882072031497955,0.0018009381601586938,0.01182686639632766,semantic_near_mid_graph_weak,0.0028125385870225728
280,2553,0.031944792717695236,0.0017713203560560942,0.011826149058214693,semantic_near_mid_graph_weak,0.0028125385870225728
2166,2727,0.03465986251831055,0.001854135887697339,0.01181072001965167,semantic_near_mid_graph_weak,0.0028125385870225728
1799,2603,0.032857559621334076,0.0018035850953310728,0.011787126996718637,semantic_near_mid_graph_weak,0.0028125385870225728
9,591,0.03201737627387047,0.0017783151706680655,0.011773392345782703,semantic_near_mid_graph_weak,0.0028125385870225728
907,3228,0.03220217302441597,0.0017846073023974895,0.011769303801712231,semantic_near_mid_graph_weak,0.0028125385870225728
1826,3446,0.0325729176402092,0.001798872952349484,0.011739589062090229,semantic_near_mid_graph_weak,0.0028125385870225728
41,2720,0.03167876601219177,0.0017708389787003398,0.01173308636521366,semantic_near_mid_graph_weak,0.0028125385870225728
267,2597,0.03311889246106148,0.0018174147699028254,0.011718025429659789,semantic_near_mid_graph_weak,0.0028125385870225728
44,1957,0.032085973769426346,0.0017859115032479167,0.011711956533847158,semantic_near_mid_graph_weak,0.0028125385870225728
1156,2468,0.031164979562163353,0.0017565595917403698,0.011701017706172195,semantic_near_mid_graph_weak,0.0028125385870225728
1409,2913,0.03374703228473663,0.0018413118086755276,0.01165353662911912,semantic_near_mid_graph_weak,0.0028125385870225728
1031,1558,0.03348711133003235,0.0018343135016039014,0.011647105036138852,semantic_near_mid_graph_weak,0.0028125385870225728
1387,1467,0.03319375589489937,0.0018258849158883095,0.011644548189864249,semantic_near_mid_graph_weak,0.0028125385870225728
393,1387,0.03301175311207771,0.0018207486718893051,0.011640986533837435,semantic_near_mid_graph_weak,0.0028125385870225728
2180,2459,0.03236407786607742,0.0018035757821053267,0.011610205432554149,semantic_near_mid_graph_weak,0.0028125385870225728
15,1709,0.031715601682662964,0.0017832970479503274,0.011606245986841046,semantic_near_mid_graph_weak,0.0028125385870225728
725,2624,0.03147153928875923,0.0017757294699549675,0.011601611090171693,semantic_near_mid_graph_weak,0.0028125385870225728
556,2876,0.03212597593665123,0.0017989174230024219,0.01157799906264199,semantic_near_mid_graph_weak,0.0028125385870225728
208,1216,0.03295101970434189,0.0018274986650794744,0.01154048873401285,semantic_near_mid_graph_weak,0.0028125385870225728
2757,2895,0.03170802444219589,0.0017898051301017404,0.01153010223558472,semantic_near_mid_graph_weak,0.0028125385870225728
848,2494,0.0326106883585453,0.0018224952509626746,0.01147930728583627,semantic_near_mid_graph_weak,0.0028125385870225728
1034,3135,0.03264065459370613,0.0018234559101983905,0.01147870687634313,semantic_near_mid_graph_weak,0.0028125385870225728
1377,2095,0.03233955428004265,0.0018153940327465534,0.01146551751746667,semantic_near_mid_graph_weak,0.0028125385870225728
1040,1606,0.0321006253361702,0.0018083116738125682,0.011461642532548956,semantic_near_mid_graph_weak,0.0028125385870225728
90,1623,0.032331936061382294,0.0018166475929319859,0.0114484061102714,semantic_near_mid_graph_weak,0.0028125385870225728
6,2008,0.03198905289173126,0.0018062986200675368,0.011444701122758399,semantic_near_mid_graph_weak,0.0028125385870225728
2500,2501,0.03317195922136307,0.001842205529101193,0.011444411385865978,semantic_near_mid_graph_weak,0.0028125385870225728
1506,2247,0.03279360756278038,0.0018330560997128487,0.011420559508644818,semantic_near_mid_graph_weak,0.0028125385870225728
1906,2750,0.03377766162157059,0.0018619209295138717,0.01141660481210005,semantic_near_mid_graph_weak,0.0028125385870225728
193,1610,0.03195621445775032,0.001808992470614612,0.011402344864581897,semantic_near_mid_graph_weak,0.0028125385870225728
1703,2489,0.03200835734605789,0.0018127703806385398,0.011377955189956884,semantic_near_mid_graph_weak,0.0028125385870225728
177,725,0.032076895236968994,0.0018149999668821692,0.011376889888983957,semantic_near_mid_graph_weak,0.0028125385870225728
2216,3372,0.03236563503742218,0.0018254421884194016,0.011359133677794281,semantic_near_mid_graph_weak,0.0028125385870225728
3146,3183,0.032433487474918365,0.0018279838841408491,0.011353637163105017,semantic_near_mid_graph_weak,0.0028125385870225728
1799,3137,0.03258724510669708,0.001834237133152783,0.011335008668891583,semantic_near_mid_graph_weak,0.0028125385870225728
2067,2257,0.03134545683860779,0.0017958994721993804,0.011330339658687514,semantic_near_mid_graph_weak,0.0028125385870225728
417,2100,0.032648876309394836,0.001839172444306314,0.01129915548321003,semantic_near_mid_graph_weak,0.0028125385870225728
823,1708,0.031919557601213455,0.0018186967354267836,0.011279131377924035,semantic_near_mid_graph_weak,0.0028125385870225728
2600,2601,0.03367651626467705,0.0018727455753833055,0.011252807263847722,semantic_near_mid_graph_weak,0.0028125385870225728
144,3415,0.032225798815488815,0.0018316298956051469,0.011239158208117649,semantic_near_mid_graph_weak,0.0028125385870225728
1026,1377,0.03300910070538521,0.001857734750956297,0.011205967492863721,semantic_near_mid_graph_weak,0.0028125385870225728
2553,3089,0.03202558681368828,0.0018306400161236525,0.011180603199421083,semantic_near_mid_graph_weak,0.0028125385870225728
2294,2944,0.03246162459254265,0.0018447194015607238,0.011170329614990917,semantic_near_mid_graph_weak,0.0028125385870225728
199,1564,0.033383313566446304,0.0018716793274506927,0.011167491116071394,semantic_near_mid_graph_weak,0.0028125385870225728
29,3016,0.032211754471063614,0.0018376850057393312,0.011164911425722178,semantic_near_mid_graph_weak,0.0028125385870225728
1827,3055,0.03201194107532501,0.0018327080179005861,0.011152301549661717,semantic_near_mid_graph_weak,0.0028125385870225728
651,972,0.03199068829417229,0.0018322165124118328,0.011150488054269953,semantic_near_mid_graph_weak,0.0028125385870225728
1395,1915,0.03215903043746948,0.0018389065517112613,0.01113266939801119,semantic_near_mid_graph_weak,0.0028125385870225728
78,989,0.032247234135866165,0.0018451341893523932,0.01109180021909029,semantic_near_mid_graph_weak,0.0028125385870225728
3169,3222,0.03369903564453125,0.0018902239389717579,0.011050911210089739,semantic_near_mid_graph_weak,0.0028125385870225728
1065,2358,0.0322091318666935,0.0018479129066690803,0.01104687270207227,semantic_near_mid_graph_weak,0.0028125385870225728
1302,2110,0.03238196671009064,0.0018543672049418092,0.011031839328450716,semantic_near_mid_graph_weak,0.0028125385870225728
1654,2587,0.03161212056875229,0.001831034547649324,0.011031821634216574,semantic_near_mid_graph_weak,0.0028125385870225728
2478,2580,0.03289400786161423,0.0018731520976871252,0.010986582266949856,semantic_near_mid_graph_weak,0.0028125385870225728
1208,1467,0.03125383332371712,0.0018258849158883095,0.010964012912800039,semantic_near_mid_graph_weak,0.0028125385870225728
3186,3320,0.03224591910839081,0.0018564333440735936,0.010961802431972707,semantic_near_mid_graph_weak,0.0028125385870225728
2241,2654,0.03267287462949753,0.0018693729070946574,0.010956626215660965,semantic_near_mid_graph_weak,0.0028125385870225728
3297,3427,0.032356441020965576,0.0018606922822073102,0.010950377344114245,semantic_near_mid_graph_weak,0.0028125385870225728
2660,3013,0.03244495391845703,0.0018639712361618876,0.010942507288338508,semantic_near_mid_graph_weak,0.0028125385870225728
1078,2850,0.03208277001976967,0.0018545693019405007,0.010927604122874426,semantic_near_mid_graph_weak,0.0028125385870225728
1016,1095,0.033735454082489014,0.0019026555819436908,0.010913740518941862,semantic_near_mid_graph_weak,0.0028125385870225728
1044,2494,0.032368794083595276,0.001867501880042255,0.010876188049767498,semantic_near_mid_graph_weak,0.0028125385870225728
2951,3423,0.03224748745560646,0.001864367164671421,0.010871369441512981,semantic_near_mid_graph_weak,0.0028125385870225728
757,2613,0.03338398039340973,0.0018966966308653355,0.010870766377709378,semantic_near_mid_graph_weak,0.0028125385870225728
26,983,0.03317221999168396,0.001891602762043476,0.01086189036672739,semantic_near_mid_graph_weak,0.0028125385870225728
1711,1919,0.03418950363993645,0.0019192248582839966,0.010859212073120482,semantic_near_mid_graph_weak,0.0028125385870225728
1270,1759,0.031449638307094574,0.0018455050885677338,0.010813310756900523,semantic_near_mid_graph_weak,0.0028125385870225728
751,898,0.032332174479961395,0.0018726623384281993,0.010804560335399572,semantic_near_mid_graph_weak,0.0028125385870225728
1827,3351,0.032765019685029984,0.0018856425303965807,0.010797991423640352,semantic_near_mid_graph_weak,0.0028125385870225728
1807,2735,0.03267669305205345,0.0018853778019547462,0.010771958302493903,semantic_near_mid_graph_weak,0.0028125385870225728
1759,2474,0.03200201690196991,0.0018669047858566046,0.01075974176056504,semantic_near_mid_graph_weak,0.0028125385870225728
229,2067,0.03186730295419693,0.001866737729869783,0.010716340955568617,semantic_near_mid_graph_weak,0.0028125385870225728
151,831,0.03187466785311699,0.0018670085119083524,0.010715748835753358,semantic_near_mid_graph_weak,0.0028125385870225728
787,2942,0.03190615773200989,0.0018692930461838841,0.010700418883096603,semantic_near_mid_graph_weak,0.0028125385870225728
1789,3038,0.03154109790921211,0.0018583873752504587,0.010700289386094061,semantic_near_mid_graph_weak,0.0028125385870225728
398,535,0.032165221869945526,0.0018773485207930207,0.010695176275852166,semantic_near_mid_graph_weak,0.0028125385870225728
136,2298,0.03275685012340546,0.0018952813697978854,0.010683038208926054,semantic_near_mid_graph_weak,0.0028125385870225728
2810,3430,0.03218520060181618,0.0018806654261425138,0.010663862446816805,semantic_near_mid_graph_weak,0.0028125385870225728
39,2957,0.03238997235894203,0.0018865828169509768,0.01066356278154102,semantic_near_mid_graph_weak,0.0028125385870225728
428,1427,0.03168000280857086,0.001866779988631606,0.010652879641012868,semantic_near_mid_graph_weak,0.0028125385870225728
483,2677,0.032370179891586304,0.0018882591975852847,0.010637752756254164,semantic_near_mid_graph_weak,0.0028125385870225728
1644,1674,0.03238404169678688,0.001889565959572792,0.010627261858820769,semantic_near_mid_graph_weak,0.0028125385870225728
1250,1444,0.03231167793273926,0.0018884425517171621,0.010616420912226237,semantic_near_mid_graph_weak,0.0028125385870225728
1906,3152,0.032459333539009094,0.0018939526053145528,0.010601343889856977,semantic_near_mid_graph_weak,0.0028125385870225728
428,2145,0.03305430710315704,0.0019106786930933595,0.01059909152375928,semantic_near_mid_graph_weak,0.0028125385870225728
616,2839,0.03191666677594185,0.0018801122205331922,0.010581167408568232,semantic_near_mid_graph_weak,0.0028125385870225728
2552,3055,0.03227171301841736,0.0018912807572633028,0.010570723699629208,semantic_near_mid_graph_weak,0.0028125385870225728
1816,2426,0.032269351184368134,0.0018919836729764938,0.010561885245917989,semantic_near_mid_graph_weak,0.0028125385870225728
102,1201,0.03227725252509117,0.0018959580920636654,0.01051886016137501,semantic_near_mid_graph_weak,0.0028125385870225728
965,3196,0.034200966358184814,0.0019479455659165978,0.0105136039607799,semantic_near_mid_graph_weak,0.0028125385870225728
3150,3182,0.03228771686553955,0.0018972704419866204,0.010507204722212489,semantic_near_mid_graph_weak,0.0028125385870225728
768,1446,0.031881194561719894,0.0018861658172681928,0.010500787667586836,semantic_near_mid_graph_weak,0.0028125385870225728
341,2059,0.03178470954298973,0.0018896856345236301,0.01042923044022008,semantic_near_mid_graph_weak,0.0028125385870225728
483,2100,0.03179297596216202,0.0018919567810371518,0.01040626975357593,semantic_near_mid_graph_weak,0.0028125385870225728
994,2933,0.032203804701566696,0.001905418816022575,0.010386598100735455,semantic_near_mid_graph_weak,0.0028125385870225728
1291,1656,0.03184429928660393,0.0018957596039399505,0.010380012011802173,semantic_near_mid_graph_weak,0.0028125385870225728
942,2756,0.032742105424404144,0.001922067254781723,0.010366402214770936,semantic_near_mid_graph_weak,0.0028125385870225728
1018,3431,0.032258566468954086,0.0019099044147878885,0.010352812429502221,semantic_near_mid_graph_weak,0.0028125385870225728
78,3249,0.03188391402363777,0.0019006289076060057,0.01033772476935889,semantic_near_mid_graph_weak,0.0028125385870225728
2004,3401,0.03167631849646568,0.001896057859994471,0.01032189764050394,semantic_near_mid_graph_weak,0.0028125385870225728
228,3033,0.0317743755877018,0.001901540090329945,0.010291915114447086,semantic_near_mid_graph_weak,0.0028125385870225728
27,2230,0.03197389468550682,0.0019080317579209805,0.010282741090010126,semantic_near_mid_graph_weak,0.0028125385870225728
1144,3105,0.03200116753578186,0.0019088697154074907,0.010281977673429551,semantic_near_mid_graph_weak,0.0028125385870225728
54,2394,0.03254421800374985,0.001925598713569343,0.010262886607517521,semantic_near_mid_graph_weak,0.0028125385870225728
345,463,0.032619982957839966,0.0019297617254778743,0.01023849639327007,semantic_near_mid_graph_weak,0.0028125385870225728
659,661,0.032223500311374664,0.00192258320748806,0.010196296535045467,semantic_near_mid_graph_weak,0.0028125385870225728
1654,1836,0.030921613797545433,0.0018879235722124577,0.010165403074393684,semantic_near_mid_graph_weak,0.0028125385870225728
3151,3182,0.03221767768263817,0.0019271026831120253,0.01014268344350948,semantic_near_mid_graph_weak,0.0028125385870225728
956,1501,0.0322808101773262,0.0019318790873512626,0.010107737639910455,semantic_near_mid_graph_weak,0.0028125385870225728
386,857,0.03324754908680916,0.001958538079634309,0.010095301063801318,semantic_near_mid_graph_weak,0.0028125385870225728
2050,2082,0.03321414440870285,0.0019593248143792152,0.010075867256303423,semantic_near_mid_graph_weak,0.0028125385870225728
44,429,0.03220365568995476,0.001934093190357089,0.010058227548297783,semantic_near_mid_graph_weak,0.0028125385870225728
2100,2803,0.03256329894065857,0.001946397009305656,0.010028103169950663,semantic_near_mid_graph_weak,0.0028125385870225728
426,539,0.032045695930719376,0.0019332243828102946,0.010018790762824472,semantic_near_mid_graph_weak,0.0028125385870225728
958,1250,0.032349541783332825,0.0019433220149949193,0.009997643390678296,semantic_near_mid_graph_weak,0.0028125385870225728
3189,3454,0.03195652738213539,0.0019349097274243832,0.009971763876417426,semantic_near_mid_graph_weak,0.0028125385870225728
1651,1883,0.03290367126464844,0.001960319234058261,0.00997004825629582,semantic_near_mid_graph_weak,0.0028125385870225728
2761,3420,0.03237498551607132,0.0019464754732325673,0.009969207496149464,semantic_near_mid_graph_weak,0.0028125385870225728
733,1798,0.03203371539711952,0.0019374527037143707,0.009966886236966288,semantic_near_mid_graph_weak,0.0028125385870225728
1302,2193,0.03221950680017471,0.0019456800073385239,0.009930443632592852,semantic_near_mid_graph_weak,0.0028125385870225728
16,18,0.0321611613035202,0.0019442075863480568,0.009929297861510934,semantic_near_mid_graph_weak,0.0028125385870225728
1796,3415,0.03192310407757759,0.0019384152255952358,0.009921546026868037,semantic_near_mid_graph_weak,0.0028125385870225728
2265,3231,0.03306993097066879,0.001971906516700983,0.009884182448389019,semantic_near_mid_graph_weak,0.0028125385870225728
65,795,0.032499298453330994,0.001958970446139574,0.009863105839261792,semantic_near_mid_graph_weak,0.0028125385870225728
2565,3437,0.03340980038046837,0.0019825862254947424,0.00985890215049362,semantic_near_mid_graph_weak,0.0028125385870225728
3186,3274,0.03214368596673012,0.001950093312188983,0.009856636351819293,semantic_near_mid_graph_weak,0.0028125385870225728
1176,2642,0.03379378095269203,0.001992654288187623,0.009851239207605373,semantic_near_mid_graph_weak,0.0028125385870225728
323,1174,0.032227493822574615,0.001953737111762166,0.009840582940436151,semantic_near_mid_graph_weak,0.0028125385870225728
2566,2757,0.031911641359329224,0.001947444980032742,0.00981553001828608,semantic_near_mid_graph_weak,0.0028125385870225728
8,139,0.03206118941307068,0.0019522112561389804,0.009807196118116408,semantic_near_mid_graph_weak,0.0028125385870225728
1156,2005,0.032259501516819,0.0019576202612370253,0.009805817120052863,semantic_near_mid_graph_weak,0.0028125385870225728
572,2874,0.03199947252869606,0.0019510879646986723,0.009801097716872155,semantic_near_mid_graph_weak,0.0028125385870225728
371,2352,0.03231779858469963,0.001964206574484706,0.00974785670164803,semantic_near_mid_graph_weak,0.0028125385870225728
55,2751,0.03149478882551193,0.0019440010655671358,0.009725877522708273,semantic_near_mid_graph_weak,0.0028125385870225728
1064,1141,0.03388913720846176,0.002007740316912532,0.009697260377773069,semantic_near_mid_graph_weak,0.0028125385870225728
1163,2708,0.033508602529764175,0.0019989446736872196,0.009693163033702743,semantic_near_mid_graph_weak,0.0028125385870225728
1588,3351,0.03229786828160286,0.0019696757663041353,0.0096790396009617,semantic_near_mid_graph_weak,0.0028125385870225728
1071,1992,0.031948938965797424,0.001960895722731948,0.009674208921941343,semantic_near_mid_graph_weak,0.0028125385870225728
428,2030,0.03122299164533615,0.0019420996541157365,0.009663052324091488,semantic_near_mid_graph_weak,0.0028125385870225728
2624,3169,0.03383072465658188,0.0020119394175708294,0.009630036788466892,semantic_near_mid_graph_weak,0.0028125385870225728
1270,1357,0.036078743636608124,0.0020626485347747803,0.009619455916276694,semantic_near_mid_graph_weak,0.0028125385870225728
1831,2371,0.032074201852083206,0.0019717104732990265,0.009588807338293402,semantic_near_mid_graph_weak,0.0028125385870225728
78,1241,0.032551344484090805,0.001986417919397354,0.00956123359920315,semantic_near_mid_graph_weak,0.0028125385870225728
1515,3282,0.03364862501621246,0.0020143769215792418,0.009549039684909654,semantic_near_mid_graph_weak,0.0028125385870225728
2603,3137,0.032688021659851074,0.001996705774217844,0.009481811477654997,semantic_near_mid_graph_weak,0.0028125385870225728
2555,3421,0.03217252716422081,0.001983966678380966,0.009478004092559823,semantic_near_mid_graph_weak,0.0028125385870225728
965,3080,0.033966273069381714,0.002028288319706917,0.009471179829244199,semantic_near_mid_graph_weak,0.0028125385870225728
1149,2042,0.032247744500637054,0.00198761117644608,0.009458376319026608,semantic_near_mid_graph_weak,0.0028125385870225728
851,3199,0.03369199484586716,0.0020236375275999308,0.009450412716329952,semantic_near_mid_graph_weak,0.0028125385870225728
861,2143,0.032281406223773956,0.0019909755792468786,0.009429633895444184,semantic_near_mid_graph_weak,0.0028125385870225728
840,1954,0.03305309638381004,0.002011968055739999,0.009408345561770087,semantic_near_mid_graph_weak,0.0028125385870225728
9,1857,0.032696936279535294,0.0020062613766640425,0.009373309469379648,semantic_near_mid_graph_weak,0.0028125385870225728
1086,1617,0.03284832090139389,0.002010706579312682,0.009364790662711016,semantic_near_mid_graph_weak,0.0028125385870225728
3021,3173,0.033108241856098175,0.002017908962443471,0.009354108035344885,semantic_near_mid_graph_weak,0.0028125385870225728
374,1942,0.031928565353155136,0.001989650307223201,0.009341611290650281,semantic_near_mid_graph_weak,0.0028125385870225728
161,804,0.031438153237104416,0.0019773042295128107,0.00933612994376159,semantic_near_mid_graph_weak,0.0028125385870225728
1916,2870,0.03280499950051308,0.0020128367468714714,0.009327594148490777,semantic_near_mid_graph_weak,0.0028125385870225728
1066,2349,0.034336283802986145,0.002049459144473076,0.009315894339903576,semantic_near_mid_graph_weak,0.0028125385870225728
33,1172,0.03319418057799339,0.0020237877033650875,0.009309006242255795,semantic_near_mid_graph_weak,0.0028125385870225728
2117,3011,0.03301501274108887,0.0020207175984978676,0.009294798707981215,semantic_near_mid_graph_weak,0.0028125385870225728
659,1206,0.03227856755256653,0.002005230635404587,0.009265204172580524,semantic_near_mid_graph_weak,0.0028125385870225728
981,1012,0.03258949890732765,0.0020129752811044455,0.009264714661974864,semantic_near_mid_graph_weak,0.0028125385870225728
855,2565,0.03315660357475281,0.0020268892403692007,0.00926190454984159,semantic_near_mid_graph_weak,0.0028125385870225728
1055,3341,0.03222029656171799,0.002010310534387827,0.009190283072128236,semantic_near_mid_graph_weak,0.0028125385870225728
1332,2089,0.03204929456114769,0.0020069810561835766,0.009179447603291709,semantic_near_mid_graph_weak,0.0028125385870225728
1068,2014,0.03196650370955467,0.0020110809709876776,0.009109136484115623,semantic_near_mid_graph_weak,0.0028125385870225728
1318,2050,0.03176310658454895,0.002008152659982443,0.009084247253913963,semantic_near_mid_graph_weak,0.0028125385870225728
3130,3263,0.032385218888521194,0.0020248936489224434,0.009069405783268529,semantic_near_mid_graph_weak,0.0028125385870225728
1418,1438,0.030580874532461166,0.001983830239623785,0.009010587841439691,semantic_near_mid_graph_weak,0.0028125385870225728
2751,3285,0.03307342529296875,0.0020501601975411177,0.008965020009265521,semantic_near_mid_graph_weak,0.0028125385870225728
133,1255,0.03191443160176277,0.0020243714097887278,0.008943488841236689,semantic_near_mid_graph_weak,0.0028125385870225728
2624,2882,0.03310227394104004,0.002053843578323722,0.008929488161169022,semantic_near_mid_graph_weak,0.0028125385870225728
1841,3364,0.031403206288814545,0.0020150321070104837,0.008904503790292348,semantic_near_mid_graph_weak,0.0028125385870225728
2983,3415,0.03195449709892273,0.002032099524512887,0.00886691399503689,semantic_near_mid_graph_weak,0.0028125385870225728
3051,3187,0.03243068605661392,0.0020467068534344435,0.008830616098491124,semantic_near_mid_graph_weak,0.0028125385870225728
2983,3055,0.032230816781520844,0.002042619977146387,0.008823027625684057,semantic_near_mid_graph_weak,0.0028125385870225728
1515,3308,0.03375246003270149,0.002077707089483738,0.008818499723307314,semantic_near_mid_graph_weak,0.0028125385870225728
1069,1660,0.03214850276708603,0.00204255897551775,0.00880119184329753,semantic_near_mid_graph_weak,0.0028125385870225728
1160,1517,0.033861663192510605,0.0020820247009396553,0.008795049170926552,semantic_near_mid_graph_weak,0.0028125385870225728
2613,3445,0.03199315071105957,0.002039899816736579,0.008788910039145767,semantic_near_mid_graph_weak,0.0028125385870225728
471,3440,0.03218793123960495,0.0020457946229726076,0.008774955873351838,semantic_near_mid_graph_weak,0.0028125385870225728
3055,3350,0.03216115012764931,0.0020476931240409613,0.008745945699341841,semantic_near_mid_graph_weak,0.0028125385870225728
2956,3009,0.03166314214468002,0.0020363214425742626,0.008738537452680013,semantic_near_mid_graph_weak,0.0028125385870225728
619,1333,0.03326038271188736,0.0020736928563565016,0.008737406085870833,semantic_near_mid_graph_weak,0.0028125385870225728
95,3227,0.03325600177049637,0.002074255608022213,0.008729601140425614,semantic_near_mid_graph_weak,0.0028125385870225728
651,2390,0.03314027935266495,0.002072754083201289,0.00871691689157017,semantic_near_mid_graph_weak,0.0028125385870225728
3080,3190,0.03151055797934532,0.002035099547356367,0.008710116208838315,semantic_near_mid_graph_weak,0.0028125385870225728
53,3130,0.032529592514038086,0.002059729304164648,0.00870693092892915,semantic_near_mid_graph_weak,0.0028125385870225728
2821,3439,0.032347727566957474,0.0020575986709445715,0.008682757579715627,semantic_near_mid_graph_weak,0.0028125385870225728
660,1139,0.032837264239788055,0.0020702644251286983,0.008666282092961289,semantic_near_mid_graph_weak,0.0028125385870225728
825,2216,0.031959883868694305,0.0020515513606369495,0.008647370561621777,semantic_near_mid_graph_weak,0.0028125385870225728
724,3063,0.03311609476804733,0.002078201388940215,0.008646416570284917,semantic_near_mid_graph_weak,0.0028125385870225728
2775,2867,0.032852478325366974,0.0020736204460263252,0.008631096591282021,semantic_near_mid_graph_weak,0.0028125385870225728
537,2860,0.03245769441127777,0.002067932393401861,0.008593019985859422,semantic_near_mid_graph_weak,0.0028125385870225728
1165,3008,0.03220706060528755,0.0020622238516807556,0.008592035773552305,semantic_near_mid_graph_weak,0.0028125385870225728
428,1954,0.033022455871105194,0.0020814735908061266,0.008583548573470122,semantic_near_mid_graph_weak,0.0028125385870225728
704,1926,0.03303646296262741,0.002083342522382736,0.008565236719994655,semantic_near_mid_graph_weak,0.0028125385870225728
1459,1805,0.03197707608342171,0.002060229890048504,0.00855335196194646,semantic_near_mid_graph_weak,0.0028125385870225728
975,2099,0.03230075165629387,0.0020681836176663637,0.008548584940395763,semantic_near_mid_graph_weak,0.0028125385870225728
3225,3248,0.03186017647385597,0.002058981452137232,0.00853622539130965,semantic_near_mid_graph_weak,0.0028125385870225728
0,2026,0.03192075714468956,0.002062723273411393,0.008509989032537888,semantic_near_mid_graph_weak,0.0028125385870225728
159,394,0.03242724388837814,0.0020745571237057447,0.008508578337910253,semantic_near_mid_graph_weak,0.0028125385870225728
67,761,0.03235451504588127,0.0020755454897880554,0.008478125193805013,semantic_near_mid_graph_weak,0.0028125385870225728
378,3158,0.032011646777391434,0.002069701673462987,0.008454793473696176,semantic_near_mid_graph_weak,0.0028125385870225728
2564,3089,0.03228552266955376,0.00207942514680326,0.008415511418320394,semantic_near_mid_graph_weak,0.0028125385870225728
592,1776,0.03222725912928581,0.0020802977960556746,0.008390325318347018,semantic_near_mid_graph_weak,0.0028125385870225728
264,544,0.031446196138858795,0.0020632005762308836,0.008378135741989244,semantic_near_mid_graph_weak,0.0028125385870225728
87,474,0.032436732202768326,0.0020924361888319254,0.008304870467006967,semantic_near_mid_graph_weak,0.0028125385870225728
469,3442,0.03239700570702553,0.002095030853524804,0.008264811812438114,semantic_near_mid_graph_weak,0.0028125385870225728
500,1590,0.03191765397787094,0.002085450803861022,0.008251241914179428,semantic_near_mid_graph_weak,0.0028125385870225728
2834,3080,0.03346388041973114,0.002119869226589799,0.008241453025706686,semantic_near_mid_graph_weak,0.0028125385870225728
2696,2768,0.03312782198190689,0.002113200956955552,0.008237231880482277,semantic_near_mid_graph_weak,0.0028125385870225728
1213,2001,0.032618992030620575,0.002103409031406045,0.008224275190414439,semantic_near_mid_graph_weak,0.0028125385870225728
144,2862,0.0321011021733284,0.0020921118557453156,0.008222639936688139,semantic_near_mid_graph_weak,0.0028125385870225728
521,2485,0.03229672834277153,0.002098217373713851,0.008202638812551726,semantic_near_mid_graph_weak,0.0028125385870225728
1687,2030,0.03327731788158417,0.0021206862293183804,0.008185839988356794,semantic_near_mid_graph_weak,0.0028125385870225728
114,3183,0.032063230872154236,0.002097597811371088,0.008150398808891651,semantic_near_mid_graph_weak,0.0028125385870225728
1804,2886,0.03177705034613609,0.0020928632002323866,0.008131145686117185,semantic_near_mid_graph_weak,0.0028125385870225728
766,1954,0.03174249827861786,0.0020925160497426987,0.00812622242966903,semantic_near_mid_graph_weak,0.0028125385870225728
1387,3140,0.031996652483940125,0.0021038951817899942,0.008061833134266895,semantic_near_mid_graph_weak,0.0028125385870225728
2339,2706,0.03249748423695564,0.002115839859470725,0.00805000721447578,semantic_near_mid_graph_weak,0.0028125385870225728
331,473,0.033422306180000305,0.002135999733582139,0.008039530126514514,semantic_near_mid_graph_weak,0.0028125385870225728
3188,3189,0.03182182088494301,0.00210250960662961,0.008033459573296953,semantic_near_mid_graph_weak,0.0028125385870225728
1287,1544,0.03239674121141434,0.0021175649017095566,0.008005181772692951,semantic_near_mid_graph_weak,0.0028125385870225728
592,2386,0.033397234976291656,0.002140261000022292,0.007982899379919703,semantic_near_mid_graph_weak,0.0028125385870225728
2049,2839,0.032671183347702026,0.002126144478097558,0.007973333373965098,semantic_near_mid_graph_weak,0.0028125385870225728
475,2160,0.03237634897232056,0.00211991835385561,0.00797305127750898,semantic_near_mid_graph_weak,0.0028125385870225728
764,2236,0.03306715562939644,0.002134928945451975,0.007966690155712578,semantic_near_mid_graph_weak,0.0028125385870225728
1048,1511,0.031848177313804626,0.0021095818374305964,0.007960029884831351,semantic_near_mid_graph_weak,0.0028125385870225728
1328,1807,0.03208131343126297,0.002116016112267971,0.007944906401507084,semantic_near_mid_graph_weak,0.0028125385870225728
2060,2184,0.033000506460666656,0.0021364015992730856,0.007933353567299364,semantic_near_mid_graph_weak,0.0028125385870225728
313,3021,0.033675603568553925,0.002150268293917179,0.007929616307756014,semantic_near_mid_graph_weak,0.0028125385870225728
3182,3263,0.03197747841477394,0.0021201479248702526,0.007872214644708503,semantic_near_mid_graph_weak,0.0028125385870225728
1867,2230,0.0328466035425663,0.0021429648622870445,0.007819705223027685,semantic_near_mid_graph_weak,0.0028125385870225728
2091,2735,0.03180648386478424,0.002123452490195632,0.007792748487541848,semantic_near_mid_graph_weak,0.0028125385870225728
707,1984,0.03218391537666321,0.0021321133244782686,0.007786115067332223,semantic_near_mid_graph_weak,0.0028125385870225728
1070,1984,0.03242640197277069,0.0021403608843684196,0.0077496907896546395,semantic_near_mid_graph_weak,0.0028125385870225728
535,2687,0.03225522115826607,0.002138145500794053,0.007734186561662247,semantic_near_mid_graph_weak,0.0028125385870225728
233,2879,0.03245360776782036,0.0021424139849841595,0.007732502263424708,semantic_near_mid_graph_weak,0.0028125385870225728
346,1171,0.03229845315217972,0.0021410854533314705,0.00771079112744357,semantic_near_mid_graph_weak,0.0028125385870225728
665,3092,0.032068196684122086,0.0021366828586906195,0.007706018515174851,semantic_near_mid_graph_weak,0.0028125385870225728
1098,3237,0.03179590031504631,0.0021312201861292124,0.007702341243447689,semantic_near_mid_graph_weak,0.0028125385870225728
1196,1419,0.03265045955777168,0.002149755135178566,0.007694182184679618,semantic_near_mid_graph_weak,0.0028125385870225728
2771,3295,0.03392740339040756,0.002176038920879364,0.007678038989666336,semantic_near_mid_graph_weak,0.0028125385870225728
122,3133,0.033884573727846146,0.0021757285576313734,0.007672085457281155,semantic_near_mid_graph_weak,0.0028125385870225728
521,625,0.032320719212293625,0.0021452258806675673,0.007668526472281526,semantic_near_mid_graph_weak,0.0028125385870225728
473,1033,0.03281475976109505,0.0021556608844548464,0.007663995829831077,semantic_near_mid_graph_weak,0.0028125385870225728
777,3405,0.033851467072963715,0.002176386071369052,0.007656675729318752,semantic_near_mid_graph_weak,0.0028125385870225728
373,2499,0.03192993625998497,0.002139638178050518,0.007639243517203017,semantic_near_mid_graph_weak,0.0028125385870225728
26,1658,0.031791672110557556,0.0021373210474848747,0.00763235559480971,semantic_near_mid_graph_weak,0.0028125385870225728
593,1264,0.0325293205678463,0.0021545072086155415,0.007610673770191476,semantic_near_mid_graph_weak,0.0028125385870225728
1615,1696,0.03346807882189751,0.0021739897783845663,0.0075984741890241765,semantic_near_mid_graph_weak,0.0028125385870225728
587,3047,0.032227903604507446,0.0021516832057386637,0.007572512470694472,semantic_near_mid_graph_weak,0.0028125385870225728
535,917,0.03227345645427704,0.0021535083651542664,0.00756227248424543,semantic_near_mid_graph_weak,0.0028125385870225728
152,917,0.03209196403622627,0.0021510880906134844,0.0075473615332603125,semantic_near_mid_graph_weak,0.0028125385870225728
727,1502,0.032316118478775024,0.0021564082708209753,0.007538949024103385,semantic_near_mid_graph_weak,0.0028125385870225728
719,1733,0.03236962854862213,0.0021651368588209152,0.007450974560960036,semantic_near_mid_graph_weak,0.0028125385870225728
227,1828,0.0322057269513607,0.0021634979639202356,0.007432013620870235,semantic_near_mid_graph_weak,0.0028125385870225728
3055,3351,0.03321389853954315,0.0021861314307898283,0.007397382502610675,semantic_near_mid_graph_weak,0.0028125385870225728
810,997,0.03325963765382767,0.0021891947835683823,0.00737134385722074,semantic_near_mid_graph_weak,0.0028125385870225728
1658,1799,0.032480597496032715,0.0021759122610092163,0.007352078135400165,semantic_near_mid_graph_weak,0.0028125385870225728
1748,3318,0.03228018805384636,0.0021749951411038637,0.007317240880431691,semantic_near_mid_graph_weak,0.0028125385870225728
2382,2761,0.032278209924697876,0.002177585382014513,0.007287065478204367,semantic_near_mid_graph_weak,0.0028125385870225728
215,588,0.03242440149188042,0.002182314172387123,0.007265553455662202,semantic_near_mid_graph_weak,0.0028125385870225728
3272,3318,0.03216777369379997,0.0021779299713671207,0.007258192448179353,semantic_near_mid_graph_weak,0.0028125385870225728
2379,2601,0.03331495076417923,0.002200434682890773,0.007250464588398956,semantic_near_mid_graph_weak,0.0028125385870225728
311,3095,0.03319813311100006,0.0021992886904627085,0.007238567957872429,semantic_near_mid_graph_weak,0.0028125385870225728
2720,2941,0.032041504979133606,0.0021771800238639116,0.007238245426717776,semantic_near_mid_graph_weak,0.0028125385870225728
1241,2510,0.032501839101314545,0.0021864173468202353,0.00723548892835459,semantic_near_mid_graph_weak,0.0028125385870225728
1468,2247,0.03262652829289436,0.002189432270824909,0.0072282726888472345,semantic_near_mid_graph_weak,0.0028125385870225728
1056,1095,0.03240456432104111,0.0021863016299903393,0.007215167055128905,semantic_near_mid_graph_weak,0.0028125385870225728
3095,3421,0.031408753246068954,0.0021664686501026154,0.007214923671466563,semantic_near_mid_graph_weak,0.0028125385870225728
520,1309,0.03180034086108208,0.002174916910007596,0.007209354126926442,semantic_near_mid_graph_weak,0.0028125385870225728
53,55,0.031965579837560654,0.002182720461860299,0.007158124569707761,semantic_near_mid_graph_weak,0.0028125385870225728
735,3205,0.03224040940403938,0.0021882776636630297,0.00715596501926101,semantic_near_mid_graph_weak,0.0028125385870225728
1500,3110,0.03152644261717796,0.002177210757508874,0.007121547221673407,semantic_near_mid_graph_weak,0.0028125385870225728
1611,2202,0.03295736014842987,0.002205931581556797,0.007108228004388154,semantic_near_mid_graph_weak,0.0028125385870225728
2172,3221,0.03243375942111015,0.002196665620431304,0.007102151673422112,semantic_near_mid_graph_weak,0.0028125385870225728
2862,3421,0.032333023846149445,0.0021969592198729515,0.007076717968984989,semantic_near_mid_graph_weak,0.0028125385870225728
606,1377,0.03228959068655968,0.0021992665715515614,0.007040722019051013,semantic_near_mid_graph_weak,0.0028125385870225728
1715,3188,0.031770993024110794,0.00219067744910717,0.007024666600429221,semantic_near_mid_graph_weak,0.0028125385870225728
1396,1997,0.031968314200639725,0.0021949997171759605,0.007019166497290092,semantic_near_mid_graph_weak,0.0028125385870225728
543,1101,0.03203056380152702,0.0021971212700009346,0.007008673135501396,semantic_near_mid_graph_weak,0.0028125385870225728
932,1083,0.03248833492398262,0.002206257078796625,0.007003308963776298,semantic_near_mid_graph_weak,0.0028125385870225728
2620,3108,0.0328538604080677,0.002213764935731888,0.006994402155512645,semantic_near_mid_graph_weak,0.0028125385870225728
1090,1566,0.032264143228530884,0.002203009556978941,0.006992235419637073,semantic_near_mid_graph_weak,0.0028125385870225728
574,2516,0.0339791439473629,0.0022345511242747307,0.006982844355309234,semantic_near_mid_graph_weak,0.0028125385870225728
293,997,0.03313777223229408,0.0022202222608029842,0.006978764166401246,semantic_near_mid_graph_weak,0.0028125385870225728
460,3278,0.03204713761806488,0.0022001885809004307,0.0069773495756350525,semantic_near_mid_graph_weak,0.0028125385870225728
1759,2808,0.032109394669532776,0.0022039967589080334,0.006947428142678102,semantic_near_mid_graph_weak,0.0028125385870225728
312,3255,0.03367890045046806,0.0022330600768327713,0.006938997796481161,semantic_near_mid_graph_weak,0.0028125385870225728
400,2951,0.03249595686793327,0.002215171232819557,0.006901958204613538,semantic_near_mid_graph_weak,0.0028125385870225728
3130,3182,0.03235013410449028,0.0022148629650473595,0.006874532001479561,semantic_near_mid_graph_weak,0.0028125385870225728
370,1491,0.03213949501514435,0.0022113441955298185,0.006869980108955227,semantic_near_mid_graph_weak,0.0028125385870225728
156,3240,0.03328641876578331,0.002235566033050418,0.006828475220392247,semantic_near_mid_graph_weak,0.0028125385870225728
1211,2215,0.033825937658548355,0.002246760530397296,0.006804519362076099,semantic_near_mid_graph_weak,0.0028125385870225728
777,2029,0.032020267099142075,0.0022156445775181055,0.006795535429238004,semantic_near_mid_graph_weak,0.0028125385870225728
670,1095,0.032068751752376556,0.0022173142060637474,0.006786787921063777,semantic_near_mid_graph_weak,0.0028125385870225728
161,990,0.03240731731057167,0.0022255803924053907,0.006763192707388314,semantic_near_mid_graph_weak,0.0028125385870225728
616,2217,0.032256919890642166,0.0022249738685786724,0.006738761964320918,semantic_near_mid_graph_weak,0.0028125385870225728
701,1417,0.032404810190200806,0.0022277715615928173,0.006737423817747418,semantic_near_mid_graph_weak,0.0028125385870225728
719,1605,0.03367289900779724,0.002253352664411068,0.00669480987231981,semantic_near_mid_graph_weak,0.0028125385870225728
2394,3183,0.03255036473274231,0.0022347045596688986,0.0066874489943488675,semantic_near_mid_graph_weak,0.0028125385870225728
228,3318,0.032919175922870636,0.0022419332526624203,0.00667861321832223,semantic_near_mid_graph_weak,0.0028125385870225728
17,19,0.033828623592853546,0.0022589974105358124,0.0066578770470627656,semantic_near_mid_graph_weak,0.0028125385870225728
564,2768,0.03252168372273445,0.0022383045870810747,0.0066399290004792505,semantic_near_mid_graph_weak,0.0028125385870225728
658,1693,0.03487380966544151,0.0022781372535973787,0.006626259448606381,semantic_near_mid_graph_weak,0.0028125385870225728
376,3025,0.0347311832010746,0.002277225721627474,0.006610415687704894,semantic_near_mid_graph_weak,0.0028125385870225728
2387,2875,0.03192415088415146,0.0022369157522916794,0.00653369532887569,semantic_near_mid_graph_weak,0.0028125385870225728
988,1590,0.03187929093837738,0.002236403524875641,0.006530320099688208,semantic_near_mid_graph_weak,0.0028125385870225728
1354,1490,0.03294927254319191,0.0022560006473213434,0.006519917749912505,semantic_near_mid_graph_weak,0.0028125385870225728
1083,1095,0.03279408439993858,0.002253422513604164,0.006519270450421162,semantic_near_mid_graph_weak,0.0028125385870225728
421,2618,0.03206080198287964,0.0022410580422729254,0.006514443807749822,semantic_near_mid_graph_weak,0.0028125385870225728
748,2186,0.0313478522002697,0.002228975761681795,0.00650424541116089,semantic_near_mid_graph_weak,0.0028125385870225728
1157,1741,0.033036988228559494,0.002259231638163328,0.006499322441508008,semantic_near_mid_graph_weak,0.0028125385870225728
1654,1908,0.03312614560127258,0.0022608174476772547,0.006498184550278786,semantic_near_mid_graph_weak,0.0028125385870225728
2382,2759,0.0315864235162735,0.0022348621860146523,0.0064876377311890625,semantic_near_mid_graph_weak,0.0028125385870225728
2273,3043,0.03196229785680771,0.0022420380264520645,0.006483291972798811,semantic_near_mid_graph_weak,0.0028125385870225728
620,2924,0.03285188972949982,0.0022594863548874855,0.0064599330400617215,semantic_near_mid_graph_weak,0.0028125385870225728
2682,3409,0.032490797340869904,0.0022548523265868425,0.006442461394560584,semantic_near_mid_graph_weak,0.0028125385870225728
146,459,0.03202114626765251,0.0022475700825452805,0.006432245659475847,semantic_near_mid_graph_weak,0.0028125385870225728
2181,2708,0.03391490504145622,0.0022814148105680943,0.006404538777468761,semantic_near_mid_graph_weak,0.0028125385870225728
1045,1756,0.033444490283727646,0.0022744343150407076,0.006398711533761223,semantic_near_mid_graph_weak,0.0028125385870225728
1132,2067,0.031695086508989334,0.0022473675198853016,0.006369031147855984,semantic_near_mid_graph_weak,0.0028125385870225728
2454,2561,0.032102011144161224,0.00225916039198637,0.006316198848241947,semantic_near_mid_graph_weak,0.0028125385870225728
116,3130,0.03218680992722511,0.002264251932501793,0.006274615543453467,semantic_near_mid_graph_weak,0.0028125385870225728
1828,2855,0.03167835995554924,0.0022558867931365967,0.006269715188259789,semantic_near_mid_graph_weak,0.0028125385870225728
969,983,0.03416222333908081,0.002296706195920706,0.006265507407316732,semantic_near_mid_graph_weak,0.0028125385870225728
2394,3150,0.032292384654283524,0.0022711779456585646,0.006215675101589596,semantic_near_mid_graph_weak,0.0028125385870225728
543,2076,0.0318763330578804,0.0022644975688308477,0.006211306079804945,semantic_near_mid_graph_weak,0.0028125385870225728
1066,2028,0.03208913654088974,0.002270297147333622,0.006186602977322183,semantic_near_mid_graph_weak,0.0028125385870225728
473,544,0.031641408801078796,0.0022652815096080303,0.006156710164139765,semantic_near_mid_graph_weak,0.0028125385870225728
2294,2735,0.032694268971681595,0.0022865827195346355,0.006113957930471847,semantic_near_mid_graph_weak,0.0028125385870225728
850,2100,0.03281025588512421,0.0022938509937375784,0.006050858373515112,semantic_near_mid_graph_weak,0.0028125385870225728
2872,3183,0.032003890722990036,0.002284160116687417,0.006012421270596151,semantic_near_mid_graph_weak,0.0028125385870225728
9,245,0.03227284550666809,0.0022888188250362873,0.006009491583639106,semantic_near_mid_graph_weak,0.0028125385870225728
932,2880,0.03256295248866081,0.00229880353435874,0.005947911324253696,semantic_near_mid_graph_weak,0.0028125385870225728
1446,1835,0.03227720409631729,0.002295125275850296,0.005937929215946743,semantic_near_mid_graph_weak,0.0028125385870225728
1283,1797,0.03141498565673828,0.0022813824471086264,0.005932811942164184,semantic_near_mid_graph_weak,0.0028125385870225728
3150,3183,0.03317611664533615,0.0023105833679437637,0.005920958729502465,semantic_near_mid_graph_weak,0.0028125385870225728
48,1254,0.03152945637702942,0.0022846641950309277,0.005917640629588959,semantic_near_mid_graph_weak,0.0028125385870225728
2695,2820,0.03205020725727081,0.0022955697495490313,0.005891104379164337,semantic_near_mid_graph_weak,0.0028125385870225728
1290,1955,0.03202317655086517,0.0022952330764383078,0.0058899692159289875,semantic_near_mid_graph_weak,0.0028125385870225728
400,3098,0.03305194526910782,0.0023127789609134197,0.005872995978112405,semantic_near_mid_graph_weak,0.0028125385870225728
1171,1531,0.032855696976184845,0.0023108208552002907,0.005860998970962516,semantic_near_mid_graph_weak,0.0028125385870225728
277,1793,0.03191976621747017,0.00229892460629344,0.005829053605360035,semantic_near_mid_graph_weak,0.0028125385870225728
658,2084,0.03129955008625984,0.0022894057910889387,0.005821723201822338,semantic_near_mid_graph_weak,0.0028125385870225728
631,1337,0.03368785232305527,0.0023306221701204777,0.005772268924438196,semantic_near_mid_graph_weak,0.0028125385870225728
2756,3255,0.032103583216667175,0.002307330956682563,0.005766667620900295,semantic_near_mid_graph_weak,0.0028125385870225728
1428,1642,0.03376932442188263,0.0023432315792888403,0.005634831348003192,semantic_near_mid_graph_weak,0.0028125385870225728
1269,1942,0.032226964831352234,0.0023217571433633566,0.005623530428227651,semantic_near_mid_graph_weak,0.0028125385870225728
751,1210,0.032905060797929764,0.0023339095059782267,0.005599681044054263,semantic_near_mid_graph_weak,0.0028125385870225728
1430,1704,0.032417070120573044,0.0023309902753680944,0.00555028309918135,semantic_near_mid_graph_weak,0.0028125385870225728
1369,1666,0.03208324313163757,0.0023269199300557375,0.005539558288236646,semantic_near_mid_graph_weak,0.0028125385870225728
3320,3437,0.032449956983327866,0.0023325865622609854,0.0055374964914035605,semantic_near_mid_graph_weak,0.0028125385870225728
96,992,0.03291545435786247,0.002339619677513838,0.005534623010233539,semantic_near_mid_graph_weak,0.0028125385870225728
606,1548,0.033273108303546906,0.0023511152248829603,0.0054587658185735865,semantic_near_mid_graph_weak,0.0028125385870225728
326,404,0.03239746019244194,0.0023398210760205984,0.005445204135374867,semantic_near_mid_graph_weak,0.0028125385870225728
3255,3425,0.03365524113178253,0.002358777914196253,0.005429765454793783,semantic_near_mid_graph_weak,0.0028125385870225728
452,2078,0.03179950639605522,0.0023339050821959972,0.005411591246544153,semantic_near_mid_graph_weak,0.0028125385870225728
1328,1841,0.0312814936041832,0.0023267583455890417,0.005402923744960379,semantic_near_mid_graph_weak,0.0028125385870225728
26,1325,0.03179512172937393,0.0023386520333588123,0.005357181846028776,semantic_near_mid_graph_weak,0.0028125385870225728
805,3189,0.032808054238557816,0.002357547404244542,0.00530743843712015,semantic_near_mid_graph_weak,0.0028125385870225728
3417,3423,0.03196919336915016,0.0023478707298636436,0.005281725430003221,semantic_near_mid_graph_weak,0.0028125385870225728
40,3182,0.032522786408662796,0.0023572007194161415,0.0052652988585720996,semantic_near_mid_graph_weak,0.0028125385870225728
1457,2161,0.03327086195349693,0.002367820357903838,0.00526078428843056,semantic_near_mid_graph_weak,0.0028125385870225728
1067,3274,0.032203979790210724,0.0023537075612694025,0.00525368261564696,semantic_near_mid_graph_weak,0.0028125385870225728
248,388,0.03184987232089043,0.00234963302500546,0.005242055385445543,semantic_near_mid_graph_weak,0.0028125385870225728
786,951,0.033301226794719696,0.0023742513731122017,0.005189440592566686,semantic_near_mid_graph_weak,0.0028125385870225728
786,2647,0.031742505729198456,0.00235475180670619,0.005166613380521582,semantic_near_mid_graph_weak,0.0028125385870225728
639,641,0.0333070270717144,0.002376279793679714,0.005166323230973483,semantic_near_mid_graph_weak,0.0028125385870225728
1867,2229,0.0321255661547184,0.0023650405928492546,0.0051114414864393614,semantic_near_mid_graph_weak,0.0028125385870225728
711,1101,0.03216102346777916,0.00236627459526062,0.005102972374531825,semantic_near_mid_graph_weak,0.0028125385870225728
1270,3086,0.03493928164243698,0.0024029130581766367,0.005088649018476733,semantic_near_mid_graph_weak,0.0028125385870225728
246,305,0.03249756619334221,0.0023775098379701376,0.005026553460837872,semantic_near_mid_graph_weak,0.0028125385870225728
166,1404,0.03478151932358742,0.002406180603429675,0.005025263697303702,semantic_near_mid_graph_weak,0.0028125385870225728
810,1252,0.03224959969520569,0.0023749766405671835,0.005017245871808577,semantic_near_mid_graph_weak,0.0028125385870225728
1254,3078,0.03173122927546501,0.00237258686684072,0.004963561733033585,semantic_near_mid_graph_weak,0.0028125385870225728
2551,2563,0.03294164314866066,0.002393646165728569,0.004906245455125818,semantic_near_mid_graph_weak,0.0028125385870225728
959,1976,0.03533532842993736,0.0024237690959125757,0.004884305486615217,semantic_near_mid_graph_weak,0.0028125385870225728
615,1254,0.03340371698141098,0.002401478821411729,0.004882039356283351,semantic_near_mid_graph_weak,0.0028125385870225728
761,784,0.032181769609451294,0.002386546228080988,0.004874311063357772,semantic_near_mid_graph_weak,0.0028125385870225728
810,893,0.03344268724322319,0.0024029628839343786,0.004870088611051575,semantic_near_mid_graph_weak,0.0028125385870225728
1195,2226,0.03123605065047741,0.0023745179641991854,0.0048646565859027545,semantic_near_mid_graph_weak,0.0028125385870225728
975,2158,0.03274621441960335,0.002401020610705018,0.0047912785809212976,semantic_near_mid_graph_weak,0.0028125385870225728
2533,3364,0.032061170786619186,0.0023926335852593184,0.004786652897068069,semantic_near_mid_graph_weak,0.0028125385870225728
776,1304,0.03199269250035286,0.002392121823504567,0.004782250561569691,semantic_near_mid_graph_weak,0.0028125385870225728
550,1481,0.03311269357800484,0.0024064795579761267,0.0047806306606556145,semantic_near_mid_graph_weak,0.0028125385870225728
1267,1757,0.03375918045639992,0.002419000258669257,0.00472367970512147,semantic_near_mid_graph_weak,0.0028125385870225728
3153,3332,0.032300859689712524,0.002403024584054947,0.0047031014656524015,semantic_near_mid_graph_weak,0.0028125385870225728
1975,1977,0.032785747200250626,0.0024096386041492224,0.004696602936016876,semantic_near_mid_graph_weak,0.0028125385870225728
865,2037,0.03392195329070091,0.002423251746222377,0.004695178260394403,semantic_near_mid_graph_weak,0.0028125385870225728
40,3151,0.032796744257211685,0.002410457469522953,0.0046886295683676174,semantic_near_mid_graph_weak,0.0028125385870225728
1179,1324,0.03219572827219963,0.0024041510187089443,0.004674899480433128,semantic_near_mid_graph_weak,0.0028125385870225728
1116,2418,0.033592257648706436,0.0024223383516073227,0.004660454047861135,semantic_near_mid_graph_weak,0.0028125385870225728
2049,2147,0.0328742116689682,0.0024212144780904055,0.004573971588359648,semantic_near_mid_graph_weak,0.0028125385870225728
1963,2001,0.033262647688388824,0.0024288075510412455,0.004538216938904137,semantic_near_mid_graph_weak,0.0028125385870225728
725,1886,0.03351528197526932,0.0024337484501302242,0.004513807670399809,semantic_near_mid_graph_weak,0.0028125385870225728
491,2839,0.033489443361759186,0.002433715621009469,0.004510718652169603,semantic_near_mid_graph_weak,0.0028125385870225728
2223,2651,0.030680008232593536,0.0023995356168597937,0.0045051593543089605,semantic_near_mid_graph_weak,0.0028125385870225728
66,2074,0.03210461139678955,0.002418302232399583,0.004500135579315494,semantic_near_mid_graph_weak,0.0028125385870225728
138,2132,0.032716814428567886,0.0024297654163092375,0.004452603371290998,semantic_near_mid_graph_weak,0.0028125385870225728
1294,2330,0.03207293897867203,0.0024226594250649214,0.004446008537703729,semantic_near_mid_graph_weak,0.0028125385870225728
504,1577,0.03272007405757904,0.0024306094273924828,0.0044432280664546756,semantic_near_mid_graph_weak,0.0028125385870225728
624,1806,0.03291571885347366,0.002432942623272538,0.00444248981271283,semantic_near_mid_graph_weak,0.0028125385870225728
1212,2321,0.031881414353847504,0.0024210207629948854,0.004438034035279628,semantic_near_mid_graph_weak,0.0028125385870225728
2294,2665,0.031820330768823624,0.002422819146886468,0.004409184481731728,semantic_near_mid_graph_weak,0.0028125385870225728
1358,2657,0.033197563141584396,0.0024393124040216208,0.0044053439243239775,semantic_near_mid_graph_weak,0.0028125385870225728
1209,1722,0.03207137808203697,0.002427405910566449,0.0043916679882593295,semantic_near_mid_graph_weak,0.0028125385870225728
207,1043,0.03276140242815018,0.002435531932860613,0.004391501248047152,semantic_near_mid_graph_weak,0.0028125385870225728
452,593,0.03196072578430176,0.0024264599196612835,0.004387265822996436,semantic_near_mid_graph_weak,0.0028125385870225728
406,841,0.03157275542616844,0.0024233288131654263,0.0043691578334841144,semantic_near_mid_graph_weak,0.0028125385870225728
383,1214,0.03319253399968147,0.0024444707669317722,0.004343799473160609,semantic_near_mid_graph_weak,0.0028125385870225728
1420,2102,0.03288223221898079,0.002445624675601721,0.004289700591268074,semantic_near_mid_graph_weak,0.0028125385870225728
2080,2585,0.032318927347660065,0.002439965261146426,0.004281246240043363,semantic_near_mid_graph_weak,0.0028125385870225728
2563,3186,0.032849784940481186,0.002447790466248989,0.004260171711116411,semantic_near_mid_graph_weak,0.0028125385870225728
504,2019,0.03228981792926788,0.0024424190632998943,0.004249218868753148,semantic_near_mid_graph_weak,0.0028125385870225728
310,1243,0.0329839251935482,0.0024504391476511955,0.004246505586077989,semantic_near_mid_graph_weak,0.0028125385870225728
9,358,0.032639048993587494,0.00245192414149642,0.004184871492832972,semantic_near_mid_graph_weak,0.0028125385870225728
56,2872,0.03258722648024559,0.002453020540997386,0.0041655236460100145,semantic_near_mid_graph_weak,0.0028125385870225728
719,1097,0.033549435436725616,0.002465423196554184,0.004140574438817308,semantic_near_mid_graph_weak,0.0028125385870225728
3055,3098,0.032587047666311264,0.0024568457156419754,0.004121180988495225,semantic_near_mid_graph_weak,0.0028125385870225728
268,274,0.031993962824344635,0.002452125772833824,0.004099867014012884,semantic_near_mid_graph_weak,0.0028125385870225728
87,806,0.03388110175728798,0.0024735217448323965,0.0040839489920881265,semantic_near_mid_graph_weak,0.0028125385870225728
301,1579,0.033433474600315094,0.0024729114957153797,0.004037247269492059,semantic_near_mid_graph_weak,0.0028125385870225728
2603,2911,0.0328085720539093,0.0024680313654243946,0.004018714642724727,semantic_near_mid_graph_weak,0.0028125385870225728
68,777,0.03303859382867813,0.0024758416693657637,0.003955143142625235,semantic_near_mid_graph_weak,0.0028125385870225728
645,908,0.032302141189575195,0.002468469087034464,0.003951654785795562,semantic_near_mid_graph_weak,0.0028125385870225728
1826,3423,0.03293740004301071,0.0024763515684753656,0.003937057564383047,semantic_near_mid_graph_weak,0.0028125385870225728
621,966,0.0322461873292923,0.0024696483742445707,0.003931289009024929,semantic_near_mid_graph_weak,0.0028125385870225728
313,2601,0.033751387149095535,0.0024850540794432163,0.00392992169125858,semantic_near_mid_graph_weak,0.0028125385870225728
588,1409,0.03221011906862259,0.002472110092639923,0.0038986993419440185,semantic_near_mid_graph_weak,0.0028125385870225728
663,1648,0.032263219356536865,0.0024760388769209385,0.0038600586710218726,semantic_near_mid_graph_weak,0.0028125385870225728
2565,3420,0.03368699178099632,0.002493860200047493,0.003816948948663267,semantic_near_mid_graph_weak,0.0028125385870225728
153,3085,0.032133396714925766,0.0024831462651491165,0.00376332406689407,semantic_near_mid_graph_weak,0.0028125385870225728
2441,3132,0.0325247161090374,0.002488128375262022,0.0037515396549828517,semantic_near_mid_graph_weak,0.0028125385870225728
1315,2793,0.03317646682262421,0.0024981799069792032,0.003708148349318659,semantic_near_mid_graph_weak,0.0028125385870225728
498,1348,0.03211652487516403,0.0024898704141378403,0.0036845647020426354,semantic_near_mid_graph_weak,0.0028125385870225728
3130,3151,0.032396942377090454,0.002495853928849101,0.0036478129295341127,semantic_near_mid_graph_weak,0.0028125385870225728
786,1248,0.03243144229054451,0.00250819930806756,0.00350934270118734,semantic_near_mid_graph_weak,0.0028125385870225728
206,1043,0.0326920822262764,0.0025121921207755804,0.003491134811882819,semantic_near_mid_graph_weak,0.0028125385870225728
700,2099,0.03204590454697609,0.0025082826614379883,0.0034666746952820397,semantic_near_mid_graph_weak,0.0028125385870225728
1139,1250,0.03219934552907944,0.0025139362551271915,0.0034185485329346946,semantic_near_mid_graph_weak,0.0028125385870225728
2564,2862,0.031241867691278458,0.002507473574951291,0.0033886826614026315,semantic_near_mid_graph_weak,0.0028125385870225728
2230,3272,0.03207312151789665,0.0025168526917696,0.00337188961365192,semantic_near_mid_graph_weak,0.0028125385870225728
563,2307,0.033031146973371506,0.0025305559393018484,0.0033116737753503887,semantic_near_mid_graph_weak,0.0028125385870225728
704,2023,0.03183254972100258,0.002522651106119156,0.0032809710387380155,semantic_near_mid_graph_weak,0.0028125385870225728
54,2719,0.03251734748482704,0.0025305754970759153,0.0032599345715634137,semantic_near_mid_graph_weak,0.0028125385870225728
169,1814,0.031886134296655655,0.0025258746463805437,0.0032499482679086535,semantic_near_mid_graph_weak,0.0028125385870225728
2834,3432,0.032200511544942856,0.0025298160035163164,0.003236866458016069,semantic_near_mid_graph_weak,0.0028125385870225728
124,966,0.032803725451231,0.002535215811803937,0.0032345227978813735,semantic_near_mid_graph_weak,0.0028125385870225728
816,1528,0.032087840139865875,0.0025293861981481314,0.003230444066206616,semantic_near_mid_graph_weak,0.0028125385870225728
298,1574,0.03195979446172714,0.002533125691115856,0.0031750599847194024,semantic_near_mid_graph_weak,0.0028125385870225728
1241,2511,0.031844183802604675,0.0025323154404759407,0.003172748429319081,semantic_near_mid_graph_weak,0.0028125385870225728
341,2701,0.03231649845838547,0.002537000458687544,0.00316597522986941,semantic_near_mid_graph_weak,0.0028125385870225728
138,3263,0.03165368735790253,0.0025332055520266294,0.0031437508446260716,semantic_near_mid_graph_weak,0.0028125385870225728
8,1857,0.03316826373338699,0.002546055940911174,0.0031426294833347217,semantic_near_mid_graph_weak,0.0028125385870225728
1723,2787,0.032408908009529114,0.0025405888445675373,0.003133679383851826,semantic_near_mid_graph_weak,0.0028125385870225728
2002,3066,0.03337387368083,0.0025510748382657766,0.003102555877238014,semantic_near_mid_graph_weak,0.0028125385870225728
1024,1852,0.03263288363814354,0.0025486890226602554,0.0030613525345176947,semantic_near_mid_graph_weak,0.0028125385870225728
1455,3052,0.031641263514757156,0.0025502305943518877,0.002950983981665645,semantic_near_mid_graph_weak,0.0028125385870225728
1544,3372,0.031705521047115326,0.002553879516199231,0.0029158428801143877,semantic_near_mid_graph_weak,0.0028125385870225728
179,1919,0.031933076679706573,0.002555814338847995,0.0029148027125122673,semantic_near_mid_graph_weak,0.0028125385870225728
1045,2913,0.033811263740062714,0.002570994198322296,0.0029037543054379893,semantic_near_mid_graph_weak,0.0028125385870225728
400,3430,0.03292156010866165,0.002565759466961026,0.0028886194387361245,semantic_near_mid_graph_weak,0.0028125385870225728
70,1515,0.03339808061718941,0.002571342047303915,0.0028641390078273095,semantic_near_mid_graph_weak,0.0028125385870225728
860,3249,0.03192875534296036,0.0025606460403651,0.002859557387781764,semantic_near_mid_graph_weak,0.0028125385870225728
1597,2946,0.031819771975278854,0.0025606746785342693,0.002849472776615098,semantic_near_mid_graph_weak,0.0028125385870225728
6,2007,0.03209754079580307,0.00256300438195467,0.002847759801082159,semantic_near_mid_graph_weak,0.0028125385870225728
296,989,0.03190609812736511,0.0025618288200348616,0.002844110464442334,semantic_near_mid_graph_weak,0.0028125385870225728
1132,2536,0.031565502285957336,0.0025617924984544516,0.0028141573837999648,semantic_near_mid_graph_weak,0.0028125385870225728
408,1325,0.03273305296897888,0.0025708284229040146,0.0028130855312492277,semantic_near_mid_graph_weak,0.0028125385870225728
117,3253,0.031956594437360764,0.0025661257095634937,0.002799789636820247,semantic_near_mid_graph_weak,0.0028125385870225728
1705,2306,0.03296562284231186,0.0025743613950908184,0.0027916628468998583,semantic_near_mid_graph_weak,0.0028125385870225728
587,1185,0.0316428579390049,0.0025655077770352364,0.002779254607582691,semantic_near_mid_graph_weak,0.0028125385870225728
1708,1920,0.03163723647594452,0.0025659436360001564,0.0027738580424345777,semantic_near_mid_graph_weak,0.0028125385870225728
1191,2026,0.03214554116129875,0.0025730696506798267,0.0027369788224691793,semantic_near_mid_graph_weak,0.0028125385870225728
404,1175,0.032097090035676956,0.0025753455702215433,0.00270688041445007,semantic_near_mid_graph_weak,0.0028125385870225728
1889,2254,0.032021451741456985,0.0025797931011766195,0.0026498652773855563,semantic_near_mid_graph_weak,0.0028125385870225728
1455,3281,0.03329404443502426,0.0025901165790855885,0.00263296946386814,semantic_near_mid_graph_weak,0.0028125385870225728
432,1690,0.03213107958436012,0.0025862844195216894,0.0025847789949648373,semantic_near_mid_graph_weak,0.0028125385870225728
26,2661,0.03233794867992401,0.002588229486718774,0.0025790565887819973,semantic_near_mid_graph_weak,0.0028125385870225728
143,617,0.031351495534181595,0.0025818904396146536,0.0025710453882454042,semantic_near_mid_graph_weak,0.0028125385870225728
877,2731,0.0323420874774456,0.0025912399869412184,0.002544768173312165,semantic_near_mid_graph_weak,0.0028125385870225728
751,2216,0.03142983466386795,0.002585823880508542,0.0025335139487443203,semantic_near_mid_graph_weak,0.0028125385870225728
228,2230,0.032058220356702805,0.002590815769508481,0.002527268061235922,semantic_near_mid_graph_weak,0.0028125385870225728
806,2630,0.03261341154575348,0.0025954488664865494,0.002517311737823676,semantic_near_mid_graph_weak,0.0028125385870225728
123,2438,0.032191529870033264,0.0025971930008381605,0.0024647853373539123,semantic_near_mid_graph_weak,0.0028125385870225728
65,374,0.03236724063754082,0.0025993729941546917,0.0024531510685166613,semantic_near_mid_graph_weak,0.0028125385870225728
1139,1563,0.03173769265413284,0.002595961559563875,0.002443932739321618,semantic_near_mid_graph_weak,0.0028125385870225728
1000,1575,0.035410720854997635,0.002620238345116377,0.0024211188489675194,semantic_near_mid_graph_weak,0.0028125385870225728
120,1569,0.031917523592710495,0.0026054703630506992,0.0023498717331090933,semantic_near_mid_graph_weak,0.0028125385870225728
146,3204,0.03233547881245613,0.0026092003099620342,0.002337760121759925,semantic_near_mid_graph_weak,0.0028125385870225728
9,3161,0.03236659988760948,0.0026124659925699234,0.0023024287179576703,semantic_near_mid_graph_weak,0.0028125385870225728
1826,3057,0.03224511817097664,0.002612587297335267,0.002292396269390138,semantic_near_mid_graph_weak,0.0028125385870225728
695,2755,0.032475270330905914,0.0026147770695388317,0.002283474001376651,semantic_near_mid_graph_weak,0.0028125385870225728
181,372,0.03310960903763771,0.002620150102302432,0.0022648249314050303,semantic_near_mid_graph_weak,0.0028125385870225728
421,2197,0.03271131590008736,0.002619017381221056,0.0022507542920649085,semantic_near_mid_graph_weak,0.0028125385870225728
2708,3020,0.03383127972483635,0.0026276104617863894,0.0022244513062763096,semantic_near_mid_graph_weak,0.0028125385870225728
2689,2760,0.0322759635746479,0.00262033031322062,0.002205732313363629,semantic_near_mid_graph_weak,0.0028125385870225728
1136,2349,0.03180662542581558,0.00261985813267529,0.0021789976736951307,semantic_near_mid_graph_weak,0.0028125385870225728
473,1708,0.03205551952123642,0.0026213882956653833,0.002178609006241961,semantic_near_mid_graph_weak,0.0028125385870225728
718,801,0.03166408836841583,0.0026209375355392694,0.0021570806721166657,semantic_near_mid_graph_weak,0.0028125385870225728
131,3231,0.03262048959732056,0.0026273850817233324,0.00214745426832177,semantic_near_mid_graph_weak,0.0028125385870225728
1905,2637,0.03209652751684189,0.002625679597258568,0.002132423972564514,semantic_near_mid_graph_weak,0.0028125385870225728
2216,2783,0.032465044409036636,0.0026293701957911253,0.002114306976302121,semantic_near_mid_graph_weak,0.0028125385870225728
968,1817,0.03365099057555199,0.002638044999912381,0.002087751642744728,semantic_near_mid_graph_weak,0.0028125385870225728
1156,1866,0.03142698481678963,0.002627868903800845,0.0020634779403593674,semantic_near_mid_graph_weak,0.0028125385870225728
371,1043,0.03223695605993271,0.002632691990584135,0.0020613785900274436,semantic_near_mid_graph_weak,0.0028125385870225728
2437,2518,0.03308745101094246,0.0026392252184450626,0.0020389045038562382,semantic_near_mid_graph_weak,0.0028125385870225728
578,613,0.03277822211384773,0.0026415607426315546,0.0019926303538927077,semantic_near_mid_graph_weak,0.0028125385870225728
232,3009,0.031748730689287186,0.0026397458277642727,0.0019505335159003719,semantic_near_mid_graph_weak,0.0028125385870225728
99,3226,0.0325201116502285,0.0026479382067918777,0.0019031997525192719,semantic_near_mid_graph_weak,0.0028125385870225728
78,3080,0.03224293142557144,0.0026468716096132994,0.0018992055848533764,semantic_near_mid_graph_weak,0.0028125385870225728
1664,3048,0.03164716064929962,0.00264703924767673,0.0018622266033247496,semantic_near_mid_graph_weak,0.0028125385870225728
9,1670,0.032126035541296005,0.0026501102838665247,0.0018553265239385393,semantic_near_mid_graph_weak,0.0028125385870225728
1235,2245,0.03397902101278305,0.002660239115357399,0.0018399701151922943,semantic_near_mid_graph_weak,0.0028125385870225728
739,1034,0.032842304557561874,0.002655918477103114,0.001828869254824696,semantic_near_mid_graph_weak,0.0028125385870225728
1898,2983,0.03214064612984657,0.0026530877221375704,0.0018221452487847084,semantic_near_mid_graph_weak,0.0028125385870225728
2267,2274,0.03210422024130821,0.0026565075386315584,0.0017810440593208961,semantic_near_mid_graph_weak,0.0028125385870225728
525,3137,0.03194695711135864,0.0026563454885035753,0.001774160270191729,semantic_near_mid_graph_weak,0.0028125385870225728
849,2945,0.032173771411180496,0.0026575112715363503,0.0017734204373078197,semantic_near_mid_graph_weak,0.0028125385870225728
1479,2650,0.03180965408682823,0.0026568055618554354,0.001761331802990904,semantic_near_mid_graph_weak,0.0028125385870225728
249,2407,0.032108236104249954,0.0026583783328533173,0.0017599096636742102,semantic_near_mid_graph_weak,0.0028125385870225728
383,2208,0.03249390050768852,0.0026632831431925297,0.0017243822233843696,semantic_near_mid_graph_weak,0.0028125385870225728
786,2566,0.031929317861795425,0.0026618801057338715,0.0017103489921305385,semantic_near_mid_graph_weak,0.0028125385870225728
165,3073,0.03215679153800011,0.002663340885192156,0.0017058323814104213,semantic_near_mid_graph_weak,0.0028125385870225728
1128,2811,0.03239961713552475,0.0026655218098312616,0.0016935900241424853,semantic_near_mid_graph_weak,0.0028125385870225728
985,1320,0.03462722525000572,0.0026771007105708122,0.0016674750266243777,semantic_near_mid_graph_weak,0.0028125385870225728
151,1399,0.03135189786553383,0.0026641308795660734,0.0016543286936944147,semantic_near_mid_graph_weak,0.0028125385870225728
2382,2564,0.03396905958652496,0.0026776648592203856,0.001628967409552728,semantic_near_mid_graph_weak,0.0028125385870225728
1458,1491,0.032129447907209396,0.0026714482810348272,0.001611765846471254,semantic_near_mid_graph_weak,0.0028125385870225728
305,445,0.032039906829595566,0.002673937240615487,0.0015789202842691104,semantic_near_mid_graph_weak,0.0028125385870225728
1664,1702,0.032207127660512924,0.002674985211342573,0.0015751603021916802,semantic_near_mid_graph_weak,0.0028125385870225728
3182,3183,0.03252745792269707,0.002678540302440524,0.0015497115607826474,semantic_near_mid_graph_weak,0.0028125385870225728
608,1730,0.03225332498550415,0.002678833669051528,0.0015332867578700588,semantic_near_mid_graph_weak,0.0028125385870225728
150,2005,0.03219287842512131,0.0026786504313349724,0.0015325105719447454,semantic_near_mid_graph_weak,0.0028125385870225728
2862,3092,0.03260355815291405,0.0026821529027074575,0.0015114591709035417,semantic_near_mid_graph_weak,0.0028125385870225728
604,2473,0.0317680686712265,0.002682190155610442,0.0014723061718669261,semantic_near_mid_graph_weak,0.0028125385870225728
1182,1621,0.032932523638010025,0.0026873259339481592,0.001466137629605426,semantic_near_mid_graph_weak,0.0028125385870225728
430,2930,0.03285433351993561,0.002692233305424452,0.0014053317753832892,semantic_near_mid_graph_weak,0.0028125385870225728
769,2518,0.032887645065784454,0.0026936479844152927,0.0013902145052326973,semantic_near_mid_graph_weak,0.0028125385870225728
2062,3420,0.032224882394075394,0.0026918528601527214,0.001382766221579755,semantic_near_mid_graph_weak,0.0028125385870225728
2018,3183,0.03162500262260437,0.0026933231856673956,0.0013404926772946175,semantic_near_mid_graph_weak,0.0028125385870225728
246,1527,0.0324273444712162,0.0026966137811541557,0.0013365625026441129,semantic_near_mid_graph_weak,0.0028125385870225728
558,1977,0.032789748162031174,0.0027013884391635656,0.0012958347925557277,semantic_near_mid_graph_weak,0.0028125385870225728
2321,2388,0.03278869017958641,0.0027025656308978796,0.0012820692320965018,semantic_near_mid_graph_weak,0.0028125385870225728
98,1304,0.03323938325047493,0.0027084231842309237,0.001230465527348663,semantic_near_mid_graph_weak,0.0028125385870225728
627,1298,0.03229349106550217,0.002709246939048171,0.0011859918745269686,semantic_near_mid_graph_weak,0.0028125385870225728
854,2563,0.03225603699684143,0.002709190594032407,0.0011852625598886923,semantic_near_mid_graph_weak,0.0028125385870225728
2062,2564,0.03227381408214569,0.0027100443840026855,0.0011761185670570093,semantic_near_mid_graph_weak,0.0028125385870225728
1258,2927,0.032281652092933655,0.0027110681403428316,0.0011646537660120232,semantic_near_mid_graph_weak,0.0028125385870225728
640,2256,0.03130568191409111,0.002708571031689644,0.0011572375332577843,semantic_near_mid_graph_weak,0.0028125385870225728
3411,3422,0.032079800963401794,0.002712431363761425,0.0011418224845107417,semantic_near_mid_graph_weak,0.0028125385870225728
863,2022,0.03201882168650627,0.002714857691898942,0.0011120299566993112,semantic_near_mid_graph_weak,0.0028125385870225728
1094,2276,0.031616222113370895,0.0027147000655531883,0.0010998193732497373,semantic_near_mid_graph_weak,0.0028125385870225728
610,1528,0.031188327819108963,0.002714123809710145,0.001091324524835744,semantic_near_mid_graph_weak,0.0028125385870225728
1144,2077,0.03210465982556343,0.0027170598041266203,0.0010898744143732432,semantic_near_mid_graph_weak,0.0028125385870225728
408,2835,0.0323718786239624,0.0027180586475878954,0.0010874493050125574,semantic_near_mid_graph_weak,0.0028125385870225728
610,2107,0.032603614032268524,0.002721036784350872,0.0010607105876983245,semantic_near_mid_graph_weak,0.0028125385870225728
182,279,0.033271756023168564,0.002723240526393056,0.0010563777863587247,semantic_near_mid_graph_weak,0.0028125385870225728
1212,1214,0.032676685601472855,0.0027218395844101906,0.0010537607577748738,semantic_near_mid_graph_weak,0.0028125385870225728
2761,3437,0.03277735412120819,0.0027232917491346598,0.0010400835825498675,semantic_near_mid_graph_weak,0.0028125385870225728
2562,3429,0.03225171938538551,0.002721945056691766,0.0010388469448355875,semantic_near_mid_graph_weak,0.0028125385870225728
210,1765,0.03278006240725517,0.0027292498853057623,0.0009707276027052058,semantic_near_mid_graph_weak,0.0028125385870225728
1074,1952,0.03194763883948326,0.002729346975684166,0.0009449738985901957,semantic_near_mid_graph_weak,0.0028125385870225728
310,3094,0.03349290043115616,0.002734348876401782,0.0009311161825997863,semantic_near_mid_graph_weak,0.0028125385870225728
998,1466,0.0309459175914526,0.002733232919126749,0.0008725877307295322,semantic_near_mid_graph_weak,0.0028125385870225728
915,2001,0.03225328400731087,0.002740408293902874,0.0008271669019066001,semantic_near_mid_graph_weak,0.0028125385870225728
2381,2564,0.03224858269095421,0.0027427058666944504,0.0008007023499790492,semantic_near_mid_graph_weak,0.0028125385870225728
864,1568,0.03199312835931778,0.002743135206401348,0.0007894758404491905,semantic_near_mid_graph_weak,0.0028125385870225728
2375,3209,0.03200717270374298,0.0027448520995676517,0.0007702838651443553,semantic_near_mid_graph_weak,0.0028125385870225728
316,1606,0.032415542751550674,0.0027495999820530415,0.0007253905953598322,semantic_near_mid_graph_weak,0.0028125385870225728
67,1299,0.031861960887908936,0.0027492756489664316,0.0007166768368262014,semantic_near_mid_graph_weak,0.0028125385870225728
621,3226,0.03307237848639488,0.0027524384204298258,0.0007067122441704499,semantic_near_mid_graph_weak,0.0028125385870225728
467,469,0.03308587148785591,0.0027627034578472376,0.000586245709510903,semantic_near_mid_graph_weak,0.0028125385870225728
185,267,0.03498966991901398,0.0027731580194085836,0.0004899179226890487,semantic_near_mid_graph_weak,0.0028125385870225728
428,1203,0.03280021622776985,0.002772255800664425,0.00046978345787001294,semantic_near_mid_graph_weak,0.0028125385870225728
1058,1898,0.033967409282922745,0.002776779467239976,0.00043186773076005165,semantic_near_mid_graph_weak,0.0028125385870225728
184,1404,0.031179508194327354,0.002774398075416684,0.0004228217168784014,semantic_near_mid_graph_weak,0.0028125385870225728
1097,2712,0.031374089419841766,0.002776463981717825,0.0004024150629751233,semantic_near_mid_graph_weak,0.0028125385870225728
2381,3350,0.03206774592399597,0.0027806826401501894,0.00036321222940210036,semantic_near_mid_graph_weak,0.0028125385870225728
37,925,0.03271220624446869,0.0027884470764547586,0.00028020467561635045,semantic_near_mid_graph_weak,0.0028125385870225728
2906,2978,0.031901631504297256,0.0027961526066064835,0.00018586038658552164,semantic_near_mid_graph_weak,0.0028125385870225728
136,3189,0.032077010720968246,0.0028017100412398577,0.00012349959597615984,semantic_near_mid_graph_weak,0.0028125385870225728
2998,3155,0.033520180732011795,0.0028028215747326612,0.00011580854735146083,semantic_near_mid_graph_weak,0.0028125385870225728
114,117,0.032368604093790054,0.002802779898047447,0.00011230961998806295,semantic_near_mid_graph_weak,0.0028125385870225728
2244,2970,0.03192662075161934,0.0028073652647435665,5.872513151991433e-05,semantic_near_mid_graph_weak,0.0028125385870225728
466,2987,0.03363979607820511,0.002810655627399683,2.2521425316536046e-05,semantic_near_mid_graph_weak,0.0028125385870225728
