item_a,item_b,semantic_sim,mid_affinity,reliability,rule,weak_threshold
751,2900,0.03179094195365906,0.0006130518158897758,0.019694948493884236,semantic_near_mid_graph_weak,0.0016112355515360832
1293,2872,0.03436584398150444,0.0006904877373017371,0.019638516354807574,semantic_near_mid_graph_weak,0.0016112355515360832
2872,2989,0.03407196328043938,0.0007040033233352005,0.0191847698101139,semantic_near_mid_graph_weak,0.0016112355515360832
1294,2872,0.034232500940561295,0.0007166676805354655,0.019006094705538008,semantic_near_mid_graph_weak,0.0016112355515360832
417,2900,0.034004028886556625,0.0007122779497876763,0.018971887895907022,semantic_near_mid_graph_weak,0.0016112355515360832
1678,2900,0.035182833671569824,0.0007435986190102994,0.018945663069104692,semantic_near_mid_graph_weak,0.0016112355515360832
1677,1697,0.03353342413902283,0.0007107683341018856,0.018740741598408318,semantic_near_mid_graph_weak,0.0016112355515360832
1452,2900,0.03391870856285095,0.0007242358988150954,0.018672553921312493,semantic_near_mid_graph_weak,0.0016112355515360832
1377,2900,0.03385665640234947,0.0007300548604689538,0.018516120661192185,semantic_near_mid_graph_weak,0.0016112355515360832
1146,2872,0.031572092324495316,0.0006680910591967404,0.01848087634305787,semantic_near_mid_graph_weak,0.0016112355515360832
1677,2900,0.03424089401960373,0.0007467381074093282,0.018371718111819237,semantic_near_mid_graph_weak,0.0016112355515360832
1481,2023,0.03192882239818573,0.0007045121164992452,0.017967957257375447,semantic_near_mid_graph_weak,0.0016112355515360832
825,2845,0.033677853643894196,0.0007562451064586639,0.01787090847691021,semantic_near_mid_graph_weak,0.0016112355515360832
1603,2430,0.03213002532720566,0.0007183839334174991,0.017804563135562255,semantic_near_mid_graph_weak,0.0016112355515360832
1026,1699,0.0323479026556015,0.0007324998150579631,0.01764190098492619,semantic_near_mid_graph_weak,0.0016112355515360832
1916,2845,0.03351367637515068,0.0007657829555682838,0.017585401876704626,semantic_near_mid_graph_weak,0.0016112355515360832
35,1164,0.031939756125211716,0.0007262579747475684,0.01754303891318586,semantic_near_mid_graph_weak,0.0016112355515360832
417,1455,0.032029200345277786,0.000729980762116611,0.017518162492530968,semantic_near_mid_graph_weak,0.0016112355515360832
253,871,0.03248189762234688,0.0007435967563651502,0.017491269039496177,semantic_near_mid_graph_weak,0.0016112355515360832
59,2080,0.03210390359163284,0.0007346819620579481,0.017465349434896426,semantic_near_mid_graph_weak,0.0016112355515360832
1146,1663,0.031948890537023544,0.0007323688478209078,0.017426884658088445,semantic_near_mid_graph_weak,0.0016112355515360832
903,968,0.03193218261003494,0.0007325556362047791,0.01741406927458855,semantic_near_mid_graph_weak,0.0016112355515360832
197,198,0.03446812927722931,0.0007974613690748811,0.017408549418366125,semantic_near_mid_graph_weak,0.0016112355515360832
347,362,0.03325105458498001,0.0007740500150248408,0.01727699090660717,semantic_near_mid_graph_weak,0.0016112355515360832
997,1001,0.032919228076934814,0.0007662397110834718,0.017264149099367607,semantic_near_mid_graph_weak,0.0016112355515360832
644,2077,0.03202961012721062,0.0007428794633597136,0.017261974470066162,semantic_near_mid_graph_weak,0.0016112355515360832
1484,2900,0.03152203559875488,0.000729269057046622,0.017254695757985973,semantic_near_mid_graph_weak,0.0016112355515360832
646,901,0.032441381365060806,0.0007591437315568328,0.017156421147511248,semantic_near_mid_graph_weak,0.0016112355515360832
1452,2431,0.03166507929563522,0.0007406750810332596,0.01710883694431694,semantic_near_mid_graph_weak,0.0016112355515360832
1,358,0.032362714409828186,0.0007620396208949387,0.01705665279985114,semantic_near_mid_graph_weak,0.0016112355515360832
1164,2025,0.03241287171840668,0.0007678066613152623,0.016967073744284463,semantic_near_mid_graph_weak,0.0016112355515360832
157,417,0.03165049850940704,0.000748397083953023,0.01694927076681074,semantic_near_mid_graph_weak,0.0016112355515360832
418,1455,0.031209882348775864,0.0007364749326370656,0.016944248761860375,semantic_near_mid_graph_weak,0.0016112355515360832
1308,2845,0.033520374447107315,0.0007968795252963901,0.01694197903390884,semantic_near_mid_graph_weak,0.0016112355515360832
138,2845,0.031743161380290985,0.00075443962123245,0.01687984817593922,semantic_near_mid_graph_weak,0.0016112355515360832
1455,1481,0.03201265260577202,0.0007619670359417796,0.016873596124924672,semantic_near_mid_graph_weak,0.0016112355515360832
687,2359,0.03330278769135475,0.0007951318402774632,0.01686812868811246,semantic_near_mid_graph_weak,0.0016112355515360832
711,1914,0.03233819082379341,0.0007712570368312299,0.016858730227567096,semantic_near_mid_graph_weak,0.0016112355515360832
202,3118,0.031903792172670364,0.000764647382311523,0.016763143651486758,semantic_near_mid_graph_weak,0.0016112355515360832
113,1148,0.031170224770903587,0.0007487820694223046,0.016684629920377548,semantic_near_mid_graph_weak,0.0016112355515360832
157,1377,0.03171965107321739,0.0007651856285519898,0.016655794568331866,semantic_near_mid_graph_weak,0.0016112355515360832
364,1610,0.0323486402630806,0.0007818693411536515,0.016651115450151407,semantic_near_mid_graph_weak,0.0016112355515360832
111,507,0.03376146778464317,0.0008167007472366095,0.016648503797946218,semantic_near_mid_graph_weak,0.0016112355515360832
957,1267,0.032175298780202866,0.0007790011586621404,0.01661916547233049,semantic_near_mid_graph_weak,0.0016112355515360832
1275,1918,0.031956207007169724,0.0007740810397081077,0.016603582791762765,semantic_near_mid_graph_weak,0.0016112355515360832
157,1697,0.031681839376688004,0.0007722189766354859,0.0164976426538242,semantic_near_mid_graph_weak,0.0016112355515360832
1484,2431,0.032178983092308044,0.0007855859003029764,0.0164895605374837,semantic_near_mid_graph_weak,0.0016112355515360832
165,977,0.03237719461321831,0.0007915093447081745,0.01647210111688507,semantic_near_mid_graph_weak,0.0016112355515360832
1267,2522,0.03253829479217529,0.0007983727846294641,0.016415457261959827,semantic_near_mid_graph_weak,0.0016112355515360832
685,2232,0.031725265085697174,0.0007784675690345466,0.016397220738181315,semantic_near_mid_graph_weak,0.0016112355515360832
2900,3203,0.031561944633722305,0.0007744079921394587,0.016392330142212443,semantic_near_mid_graph_weak,0.0016112355515360832
687,2089,0.03174232691526413,0.0007804519846104085,0.016366944952302596,semantic_near_mid_graph_weak,0.0016112355515360832
644,901,0.032833170145750046,0.000808105745818466,0.016365886127022423,semantic_near_mid_graph_weak,0.0016112355515360832
138,2956,0.03464435413479805,0.000856707280036062,0.016223664266620037,semantic_near_mid_graph_weak,0.0016112355515360832
831,969,0.03246069326996803,0.0008084970759227872,0.016172338928372613,semantic_near_mid_graph_weak,0.0016112355515360832
497,1163,0.032021667808294296,0.000798142864368856,0.016159390165516232,semantic_near_mid_graph_weak,0.0016112355515360832
236,2710,0.03189816325902939,0.0007955494220368564,0.01614840815924576,semantic_near_mid_graph_weak,0.0016112355515360832
657,2053,0.03233524039387703,0.0008075138903222978,0.016129567834037416,semantic_near_mid_graph_weak,0.0016112355515360832
617,646,0.03258756920695305,0.0008150933426804841,0.01610213932092305,semantic_near_mid_graph_weak,0.0016112355515360832
498,1163,0.03244803473353386,0.0008123701554723084,0.016088033865801366,semantic_near_mid_graph_weak,0.0016112355515360832
441,1150,0.03143148869276047,0.0007881253259256482,0.016056981689924258,semantic_near_mid_graph_weak,0.0016112355515360832
1150,2710,0.032136205583810806,0.0008064738940447569,0.016051027453095786,semantic_near_mid_graph_weak,0.0016112355515360832
828,2080,0.03497586399316788,0.0008731752750463784,0.01602142891190152,semantic_near_mid_graph_weak,0.0016112355515360832
1163,1274,0.0323738232254982,0.0008162739686667919,0.015972801574752445,semantic_near_mid_graph_weak,0.0016112355515360832
157,1452,0.03144774213433266,0.0007959144422784448,0.015913258602175323,semantic_near_mid_graph_weak,0.0016112355515360832
35,1152,0.03244929015636444,0.0008256100118160248,0.01582201377590177,semantic_near_mid_graph_weak,0.0016112355515360832
157,418,0.03154641017317772,0.0008046388975344598,0.01579237056133073,semantic_near_mid_graph_weak,0.0016112355515360832
717,2080,0.0320676825940609,0.0008180339937098324,0.015786727002912223,semantic_near_mid_graph_weak,0.0016112355515360832
248,1163,0.031558774411678314,0.0008086923626251519,0.01571916622018616,semantic_near_mid_graph_weak,0.0016112355515360832
620,3073,0.03141528740525246,0.0008079163962975144,0.015662826031802024,semantic_near_mid_graph_weak,0.0016112355515360832
393,3641,0.032271020114421844,0.0008303717477247119,0.015639719155524347,semantic_near_mid_graph_weak,0.0016112355515360832
1675,2634,0.03219292685389519,0.0008306135423481464,0.015597041176486946,semantic_near_mid_graph_weak,0.0016112355515360832
1554,2934,0.032561250030994415,0.0008394611650146544,0.015596688357008854,semantic_near_mid_graph_weak,0.0016112355515360832
354,1539,0.03211371228098869,0.0008294935105368495,0.015580986255342098,semantic_near_mid_graph_weak,0.0016112355515360832
1481,2430,0.032045550644397736,0.0008279912872239947,0.015577792902483,semantic_near_mid_graph_weak,0.0016112355515360832
1699,2522,0.032220788300037384,0.0008323788060806692,0.015575238696446423,semantic_near_mid_graph_weak,0.0016112355515360832
622,1873,0.03331397473812103,0.0008587812772020698,0.015557776554059075,semantic_near_mid_graph_weak,0.0016112355515360832
1146,1664,0.03198036551475525,0.0008286394877359271,0.015533239784137932,semantic_near_mid_graph_weak,0.0016112355515360832
502,2221,0.031956885010004044,0.0008291010744869709,0.015512680018504659,semantic_near_mid_graph_weak,0.0016112355515360832
617,644,0.03256668150424957,0.0008478979580104351,0.015428763513112802,semantic_near_mid_graph_weak,0.0016112355515360832
362,969,0.03183809295296669,0.0008316615130752325,0.015404420959166228,semantic_near_mid_graph_weak,0.0016112355515360832
1616,3258,0.03206538036465645,0.0008383292006328702,0.015381696428149558,semantic_near_mid_graph_weak,0.0016112355515360832
157,1484,0.03210200369358063,0.0008392223389819264,0.015381469815061721,semantic_near_mid_graph_weak,0.0016112355515360832
58,157,0.03163057565689087,0.0008284808718599379,0.015366456563522035,semantic_near_mid_graph_weak,0.0016112355515360832
174,2588,0.03180769458413124,0.0008337904000654817,0.015347686382860173,semantic_near_mid_graph_weak,0.0016112355515360832
1514,2232,0.031646978110075,0.000830449687782675,0.015335754673053927,semantic_near_mid_graph_weak,0.0016112355515360832
1669,2551,0.031995609402656555,0.0008399705984629691,0.015315632876247988,semantic_near_mid_graph_weak,0.0016112355515360832
642,646,0.03293120115995407,0.0008627941715531051,0.015297002115646966,semantic_near_mid_graph_weak,0.0016112355515360832
1611,2845,0.032568253576755524,0.0008553829393349588,0.0152782127463304,semantic_near_mid_graph_weak,0.0016112355515360832
1699,2431,0.031973209232091904,0.0008413776522502303,0.01527698893521719,semantic_near_mid_graph_weak,0.0016112355515360832
951,2431,0.032237276434898376,0.0008490982581861317,0.015248689481587198,semantic_near_mid_graph_weak,0.0016112355515360832
1,355,0.031249763444066048,0.000825294409878552,0.01524325523623293,semantic_near_mid_graph_weak,0.0016112355515360832
403,1769,0.0318644642829895,0.0008407642599195242,0.015237160655609346,semantic_near_mid_graph_weak,0.0016112355515360832
358,362,0.03133700415492058,0.0008328992989845574,0.015137902311601429,semantic_near_mid_graph_weak,0.0016112355515360832
1701,2230,0.03143409267067909,0.0008359746425412595,0.01512480483320098,semantic_near_mid_graph_weak,0.0016112355515360832
650,2450,0.03170706331729889,0.0008440741803497076,0.015096758600939737,semantic_near_mid_graph_weak,0.0016112355515360832
686,2232,0.032095953822135925,0.0008550551137886941,0.01506318079191117,semantic_near_mid_graph_weak,0.0016112355515360832
373,968,0.03197427839040756,0.000853364821523428,0.015039619552997041,semantic_near_mid_graph_weak,0.0016112355515360832
3501,3502,0.033508505672216415,0.0008885340066626668,0.015029862513040579,semantic_near_mid_graph_weak,0.0016112355515360832
1033,1481,0.03193862736225128,0.0008574858075007796,0.014941162498670647,semantic_near_mid_graph_weak,0.0016112355515360832
618,646,0.03219699114561081,0.0008640110609121621,0.014931634474838706,semantic_near_mid_graph_weak,0.0016112355515360832
328,814,0.03191542625427246,0.0008575748652219772,0.014928544762974434,semantic_near_mid_graph_weak,0.0016112355515360832
1164,1413,0.031946972012519836,0.0008601844892837107,0.014891557750743006,semantic_near_mid_graph_weak,0.0016112355515360832
2912,2934,0.03255656361579895,0.0008746355888433754,0.014883710530057296,semantic_near_mid_graph_weak,0.0016112355515360832
616,685,0.03226612135767937,0.000868890667334199,0.014865976672420777,semantic_near_mid_graph_weak,0.0016112355515360832
104,3111,0.0313091017305851,0.000846808310598135,0.014854147321500881,semantic_near_mid_graph_weak,0.0016112355515360832
1777,3104,0.03190186619758606,0.0008649748633615673,0.014775684784242267,semantic_near_mid_graph_weak,0.0016112355515360832
111,686,0.03163788467645645,0.0008601432200521231,0.014748292105524688,semantic_near_mid_graph_weak,0.0016112355515360832
358,1411,0.03154342249035835,0.0008588036289438605,0.014730483079852506,semantic_near_mid_graph_weak,0.0016112355515360832
1769,1786,0.03215055912733078,0.0008738784235902131,0.014713208082692684,semantic_near_mid_graph_weak,0.0016112355515360832
2080,2109,0.03218743950128555,0.0008747791289351881,0.014712092546121207,semantic_near_mid_graph_weak,0.0016112355515360832
976,1432,0.031869471073150635,0.000867798866238445,0.014704823211121576,semantic_near_mid_graph_weak,0.0016112355515360832
358,1083,0.03242174908518791,0.0008823775569908321,0.014666291961687877,semantic_near_mid_graph_weak,0.0016112355515360832
642,644,0.033029474318027496,0.0008962369756773114,0.014657091619061549,semantic_near_mid_graph_weak,0.0016112355515360832
507,577,0.031050100922584534,0.0008529184269718826,0.014613520181201907,semantic_near_mid_graph_weak,0.0016112355515360832
63,1164,0.03191462159156799,0.0008744678925722837,0.014593558970516854,semantic_near_mid_graph_weak,0.0016112355515360832
358,710,0.03319650888442993,0.0009050960070453584,0.01454869068646459,semantic_near_mid_graph_weak,0.0016112355515360832
356,358,0.03451242670416832,0.0009322594851255417,0.014543566707883404,semantic_near_mid_graph_weak,0.0016112355515360832
831,968,0.03123614564538002,0.0008623403846286237,0.014518422513915535,semantic_near_mid_graph_weak,0.0016112355515360832
1484,2898,0.03185519948601723,0.0008770267595537007,0.014515796595158946,semantic_near_mid_graph_weak,0.0016112355515360832
722,1001,0.03189723193645477,0.0008790758438408375,0.014494384752507233,semantic_near_mid_graph_weak,0.0016112355515360832
2431,2900,0.03161795809864998,0.0008728953544050455,0.0144887626102727,semantic_near_mid_graph_weak,0.0016112355515360832
260,646,0.03179250285029411,0.0008773453300818801,0.014480940999062367,semantic_near_mid_graph_weak,0.0016112355515360832
358,447,0.031560152769088745,0.0008719685720279813,0.01448042701650628,semantic_near_mid_graph_weak,0.0016112355515360832
2418,2835,0.03219938278198242,0.0008877653745003045,0.01445803075752325,semantic_near_mid_graph_weak,0.0016112355515360832
781,2568,0.03207576274871826,0.0008855803753249347,0.014446021407197631,semantic_near_mid_graph_weak,0.0016112355515360832
1149,2238,0.03167251497507095,0.0008774065645411611,0.014425084872028605,semantic_near_mid_graph_weak,0.0016112355515360832
814,1047,0.03156905993819237,0.0008752133580856025,0.014420938464724342,semantic_near_mid_graph_weak,0.0016112355515360832
1233,2080,0.03248288854956627,0.0008967220783233643,0.014404760058456596,semantic_near_mid_graph_weak,0.0016112355515360832
546,2019,0.03499339893460274,0.0009491835371591151,0.014378686116045375,semantic_near_mid_graph_weak,0.0016112355515360832
842,1514,0.031593237072229385,0.0008791686268523335,0.014354427496477471,semantic_near_mid_graph_weak,0.0016112355515360832
157,1678,0.031258340924978256,0.0008739486220292747,0.014303536301742355,semantic_near_mid_graph_weak,0.0016112355515360832
224,355,0.03278359770774841,0.0009082986507564783,0.014302564604610478,semantic_near_mid_graph_weak,0.0016112355515360832
781,2569,0.03185392916202545,0.0008899079984985292,0.014260557219687709,semantic_near_mid_graph_weak,0.0016112355515360832
230,358,0.03136606514453888,0.0008799865609034896,0.014235288847241265,semantic_near_mid_graph_weak,0.0016112355515360832
662,1162,0.034057892858982086,0.0009379383991472423,0.014231986289314037,semantic_near_mid_graph_weak,0.0016112355515360832
573,706,0.032265275716781616,0.0009010296198539436,0.014221998875069402,semantic_near_mid_graph_weak,0.0016112355515360832
357,358,0.03436931595206261,0.0009448190103285015,0.014215352087165753,semantic_near_mid_graph_weak,0.0016112355515360832
2207,2233,0.03203056380152702,0.000897302059456706,0.01419264380449798,semantic_near_mid_graph_weak,0.0016112355515360832
355,540,0.03173353150486946,0.0008913157507777214,0.014178930980367708,semantic_near_mid_graph_weak,0.0016112355515360832
814,1379,0.03305424749851227,0.0009200935019180179,0.014178671978113292,semantic_near_mid_graph_weak,0.0016112355515360832
618,644,0.0319683812558651,0.000897051184438169,0.014170068499666878,semantic_near_mid_graph_weak,0.0016112355515360832
914,1949,0.03199481591582298,0.0008979734848253429,0.014163471320126542,semantic_near_mid_graph_weak,0.0016112355515360832
2955,3168,0.03232131898403168,0.0009056124836206436,0.01415476975966864,semantic_near_mid_graph_weak,0.0016112355515360832
335,814,0.03248142451047897,0.0009100017487071455,0.014136401601286387,semantic_near_mid_graph_weak,0.0016112355515360832
229,358,0.03145818039774895,0.0008872160105966032,0.014135945119045788,semantic_near_mid_graph_weak,0.0016112355515360832
137,686,0.03194316104054451,0.0008997364202514291,0.014105654079669338,semantic_near_mid_graph_weak,0.0016112355515360832
1148,2238,0.03171096369624138,0.0008975871605798602,0.014045418868717817,semantic_near_mid_graph_weak,0.0016112355515360832
642,1248,0.031111009418964386,0.0008867527358233929,0.013988886778241241,semantic_near_mid_graph_weak,0.0016112355515360832
2001,3562,0.03217369690537453,0.0009121306939050555,0.01395996244810514,semantic_near_mid_graph_weak,0.0016112355515360832
507,1488,0.03119313344359398,0.0008904020651243627,0.013955163235329306,semantic_near_mid_graph_weak,0.0016112355515360832
364,848,0.03223413601517677,0.000913779775146395,0.013953195322237434,semantic_near_mid_graph_weak,0.0016112355515360832
1769,2207,0.032197482883930206,0.00091393111506477,0.013934305034896639,semantic_near_mid_graph_weak,0.0016112355515360832
253,2243,0.031944409012794495,0.0009086892823688686,0.013928705428138467,semantic_near_mid_graph_weak,0.0016112355515360832
354,446,0.033193204551935196,0.0009352525230497122,0.013925985506460107,semantic_near_mid_graph_weak,0.0016112355515360832
1537,1998,0.03214094415307045,0.0009135134168900549,0.01391816866419043,semantic_near_mid_graph_weak,0.0016112355515360832
354,2520,0.032625701278448105,0.0009257044875994325,0.013881230269386216,semantic_near_mid_graph_weak,0.0016112355515360832
1184,2006,0.03183824568986893,0.0009098962182179093,0.01385856585951383,semantic_near_mid_graph_weak,0.0016112355515360832
328,969,0.032305411994457245,0.0009207976399920881,0.013843339769754255,semantic_near_mid_graph_weak,0.0016112355515360832
25,1165,0.03413671627640724,0.0009587312233634293,0.013824394017822027,semantic_near_mid_graph_weak,0.0016112355515360832
354,362,0.03305228799581528,0.0009374106884934008,0.013822593109241459,semantic_near_mid_graph_weak,0.0016112355515360832
19,355,0.032210059463977814,0.0009213248267769814,0.013791940879247067,semantic_near_mid_graph_weak,0.0016112355515360832
531,644,0.033244021236896515,0.0009440974681638181,0.013764810856132192,semantic_near_mid_graph_weak,0.0016112355515360832
748,1540,0.033849216997623444,0.0009561303886584938,0.01376260398013591,semantic_near_mid_graph_weak,0.0016112355515360832
810,1663,0.031930454075336456,0.000917568861041218,0.013746650750922743,semantic_near_mid_graph_weak,0.0016112355515360832
157,1677,0.03170732036232948,0.0009127045050263405,0.013746312668934228,semantic_near_mid_graph_weak,0.0016112355515360832
48,1402,0.03201174736022949,0.0009202694054692984,0.013727995066440783,semantic_near_mid_graph_weak,0.0016112355515360832
354,1411,0.03299201279878616,0.0009414706146344543,0.013714253852809118,semantic_near_mid_graph_weak,0.0016112355515360832
999,1000,0.03325999528169632,0.0009478965657763183,0.013693001942206039,semantic_near_mid_graph_weak,0.0016112355515360832
2912,2927,0.032042548060417175,0.000922767911106348,0.013691516076268609,semantic_near_mid_graph_weak,0.0016112355515360832
1179,1330,0.032048068940639496,0.000923355168197304,0.013682194342805888,semantic_near_mid_graph_weak,0.0016112355515360832
355,2011,0.03309354931116104,0.0009457814740017056,0.013667919199152504,semantic_near_mid_graph_weak,0.0016112355515360832
631,646,0.03243093565106392,0.0009328332962468266,0.013654874897619712,semantic_near_mid_graph_weak,0.0016112355515360832
2634,3182,0.03233335167169571,0.0009315927745774388,0.013638681754248502,semantic_near_mid_graph_weak,0.0016112355515360832
3599,3658,0.03183666616678238,0.0009224256500601768,0.013610307235808028,semantic_near_mid_graph_weak,0.0016112355515360832
952,3180,0.03222394734621048,0.0009314286289736629,0.013595816240124861,semantic_near_mid_graph_weak,0.0016112355515360832
364,2133,0.03295369818806648,0.0009472008096054196,0.013581130611915779,semantic_near_mid_graph_weak,0.0016112355515360832
364,1786,0.033012647181749344,0.0009493456454947591,0.013561479524500247,semantic_near_mid_graph_weak,0.0016112355515360832
969,1411,0.03222094848752022,0.0009347872110083699,0.013527387174291675,semantic_near_mid_graph_weak,0.0016112355515360832
969,1379,0.032662928104400635,0.0009440213325433433,0.013525750498998736,semantic_near_mid_graph_weak,0.0016112355515360832
354,447,0.03289630636572838,0.0009491399978287518,0.01351788579725562,semantic_near_mid_graph_weak,0.0016112355515360832
320,814,0.03185557946562767,0.0009275316842831671,0.013517441849807936,semantic_near_mid_graph_weak,0.0016112355515360832
534,814,0.0328352153301239,0.0009480026201345026,0.013515960528451939,semantic_near_mid_graph_weak,0.0016112355515360832
321,2221,0.032202694565057755,0.0009349955944344401,0.013515558771323629,semantic_near_mid_graph_weak,0.0016112355515360832
260,644,0.03153694421052933,0.0009214407182298601,0.013501453064358208,semantic_near_mid_graph_weak,0.0016112355515360832
354,1542,0.03223547339439392,0.000937043980229646,0.01348833473718606,semantic_near_mid_graph_weak,0.0016112355515360832
354,363,0.03138285130262375,0.0009189090924337506,0.013484793268226214,semantic_near_mid_graph_weak,0.0016112355515360832
2716,2720,0.032309647649526596,0.0009392029605805874,0.01347607815757921,semantic_near_mid_graph_weak,0.0016112355515360832
355,2520,0.03395337611436844,0.0009725077543407679,0.013459835287397404,semantic_near_mid_graph_weak,0.0016112355515360832
1164,2710,0.0319228395819664,0.0009328658925369382,0.013440297901109207,semantic_near_mid_graph_weak,0.0016112355515360832
800,1769,0.03285965323448181,0.0009522450855001807,0.013439498761137147,semantic_near_mid_graph_weak,0.0016112355515360832
650,2451,0.031503211706876755,0.0009243374224752188,0.01343037469613415,semantic_near_mid_graph_weak,0.0016112355515360832
48,1044,0.03205300495028496,0.0009370620246045291,0.013411625243426884,semantic_near_mid_graph_weak,0.0016112355515360832
2516,2845,0.03099067509174347,0.0009140667389146984,0.013409418713140941,semantic_near_mid_graph_weak,0.0016112355515360832
20,355,0.034370116889476776,0.000982895027846098,0.013403463711454858,semantic_near_mid_graph_weak,0.0016112355515360832
355,363,0.032217901200056076,0.0009419745183549821,0.013382392055289308,semantic_near_mid_graph_weak,0.0016112355515360832
15,1949,0.03157457709312439,0.000929079542402178,0.013367870066795877,semantic_near_mid_graph_weak,0.0016112355515360832
3638,3680,0.032168198376894,0.000942323706112802,0.013354775420463084,semantic_near_mid_graph_weak,0.0016112355515360832
781,2030,0.03253858536481857,0.0009503818000666797,0.013345811656990504,semantic_near_mid_graph_weak,0.0016112355515360832
20,354,0.03234754875302315,0.0009464806644245982,0.013345777468197581,semantic_near_mid_graph_weak,0.0016112355515360832
355,1542,0.03245808184146881,0.0009497201535850763,0.013326121624870776,semantic_near_mid_graph_weak,0.0016112355515360832
354,1083,0.032325249165296555,0.0009477742132730782,0.01331062553234163,semantic_near_mid_graph_weak,0.0016112355515360832
1289,1998,0.03149576485157013,0.0009306035353802145,0.013304712592059042,semantic_near_mid_graph_weak,0.0016112355515360832
229,354,0.03447456285357475,0.0009900630684569478,0.013290825038217996,semantic_near_mid_graph_weak,0.0016112355515360832
355,2071,0.03358152508735657,0.0009741720859892666,0.013277737528881502,semantic_near_mid_graph_weak,0.0016112355515360832
985,1164,0.031911928206682205,0.0009420195128768682,0.013254408494210085,semantic_near_mid_graph_weak,0.0016112355515360832
1102,2221,0.03439916670322418,0.0009906068444252014,0.013250148518855849,semantic_near_mid_graph_weak,0.0016112355515360832
1275,2300,0.03211657330393791,0.0009467728086747229,0.01324465958344677,semantic_near_mid_graph_weak,0.0016112355515360832
90,1016,0.032118864357471466,0.000946861575357616,0.013243834896248743,semantic_near_mid_graph_weak,0.0016112355515360832
968,2208,0.03507563844323158,0.0010031993733718991,0.013236585504434012,semantic_near_mid_graph_weak,0.0016112355515360832
2132,2522,0.0320914052426815,0.0009480525040999055,0.013208792410930262,semantic_near_mid_graph_weak,0.0016112355515360832
1194,2975,0.03191957250237465,0.0009446129552088678,0.013206205805787954,semantic_near_mid_graph_weak,0.0016112355515360832
800,1016,0.032745927572250366,0.0009619815391488373,0.01319510660334978,semantic_near_mid_graph_weak,0.0016112355515360832
1787,3344,0.033480800688266754,0.0009763776906765997,0.013192080751043273,semantic_near_mid_graph_weak,0.0016112355515360832
347,354,0.034615080803632736,0.0009978658054023981,0.013177367706838193,semantic_near_mid_graph_weak,0.0016112355515360832
230,354,0.03428011015057564,0.0009923480683937669,0.013167243655159637,semantic_near_mid_graph_weak,0.0016112355515360832
1649,3644,0.031786516308784485,0.000944838800933212,0.013146700469068427,semantic_near_mid_graph_weak,0.0016112355515360832
646,1502,0.03190382570028305,0.0009473219979554415,0.013146049485625427,semantic_near_mid_graph_weak,0.0016112355515360832
814,2208,0.03249046206474304,0.0009596117306500673,0.013139952760349629,semantic_near_mid_graph_weak,0.0016112355515360832
355,362,0.031738538295030594,0.0009458652348257601,0.013106638105864989,semantic_near_mid_graph_weak,0.0016112355515360832
2678,3521,0.03211226314306259,0.0009548296220600605,0.013082308118080631,semantic_near_mid_graph_weak,0.0016112355515360832
2824,3145,0.032858509570360184,0.000970348424743861,0.013069843058729996,semantic_near_mid_graph_weak,0.0016112355515360832
3521,3657,0.03227952867746353,0.0009590049739927053,0.013066801816815904,semantic_near_mid_graph_weak,0.0016112355515360832
685,2371,0.031634360551834106,0.0009460629080422223,0.013059736184098322,semantic_near_mid_graph_weak,0.0016112355515360832
814,1022,0.03246177360415459,0.00096332305110991,0.013053577972559486,semantic_near_mid_graph_weak,0.0016112355515360832
1701,1899,0.03331165015697479,0.0009807598544284701,0.01303483269997427,semantic_near_mid_graph_weak,0.0016112355515360832
335,969,0.032512467354536057,0.0009656187612563372,0.013027638818854919,semantic_near_mid_graph_weak,0.0016112355515360832
1421,3339,0.03228972107172012,0.0009621965582482517,0.01300696725438706,semantic_near_mid_graph_weak,0.0016112355515360832
968,1379,0.03176319971680641,0.0009519091108813882,0.01299767584765659,semantic_near_mid_graph_weak,0.0016112355515360832
986,2146,0.032834917306900024,0.0009736564825288951,0.012993044988054618,semantic_near_mid_graph_weak,0.0016112355515360832
977,1957,0.03219657018780708,0.0009616559837013483,0.012980246202001748,semantic_near_mid_graph_weak,0.0016112355515360832
156,353,0.03179093077778816,0.0009547004592604935,0.01295394807532871,semantic_near_mid_graph_weak,0.0016112355515360832
1026,1219,0.03457922860980034,0.0010086341062560678,0.012932617528869799,semantic_near_mid_graph_weak,0.0016112355515360832
364,2104,0.032322969287633896,0.0009668287239037454,0.012927434525910273,semantic_near_mid_graph_weak,0.0016112355515360832
1663,3303,0.032044995576143265,0.000961463782005012,0.012922960556744923,semantic_near_mid_graph_weak,0.0016112355515360832
1251,1969,0.032022591680288315,0.0009615789167582989,0.012911637363044673,semantic_near_mid_graph_weak,0.0016112355515360832
2485,3580,0.03219658508896828,0.0009667733684182167,0.01287799384490677,semantic_near_mid_graph_weak,0.0016112355515360832
355,1083,0.03250701725482941,0.0009733535116538405,0.012869404760358822,semantic_near_mid_graph_weak,0.0016112355515360832
43,1000,0.03162430599331856,0.0009555630385875702,0.012869122805243379,semantic_near_mid_graph_weak,0.0016112355515360832
172,745,0.03210717812180519,0.0009663148084655404,0.012851370584811206,semantic_near_mid_graph_weak,0.0016112355515360832
2284,2934,0.03208343684673309,0.0009660021751187742,0.012848093045087886,semantic_near_mid_graph_weak,0.0016112355515360832
355,659,0.03219013661146164,0.0009688317077234387,0.012834291964537742,semantic_near_mid_graph_weak,0.0016112355515360832
1478,3606,0.03242393955588341,0.0009738525259308517,0.012826472626220034,semantic_near_mid_graph_weak,0.0016112355515360832
1029,1402,0.03281504288315773,0.0009823390282690525,0.01280834845060471,semantic_near_mid_graph_weak,0.0016112355515360832
1581,2997,0.03225119784474373,0.0009719457593746483,0.012796305014165897,semantic_near_mid_graph_weak,0.0016112355515360832
320,969,0.03247334435582161,0.0009772973135113716,0.012776589173490718,semantic_near_mid_graph_weak,0.0016112355515360832
631,644,0.032203443348407745,0.0009719921508803964,0.012776430248968419,semantic_near_mid_graph_weak,0.0016112355515360832
1873,2681,0.0319293737411499,0.0009672720334492624,0.012761232722960668,semantic_near_mid_graph_weak,0.0016112355515360832
355,1411,0.031772833317518234,0.0009644284145906568,0.012754742986620347,semantic_near_mid_graph_weak,0.0016112355515360832
968,1022,0.03478890657424927,0.0010211444459855556,0.012740920669061488,semantic_near_mid_graph_weak,0.0016112355515360832
1737,2221,0.03194300830364227,0.0009692619787529111,0.012727231065986397,semantic_near_mid_graph_weak,0.0016112355515360832
543,589,0.032488033175468445,0.00098085415083915,0.012710650431909611,semantic_near_mid_graph_weak,0.0016112355515360832
3521,3638,0.03314782679080963,0.000994417117908597,0.012689758849827945,semantic_near_mid_graph_weak,0.0016112355515360832
253,958,0.03184085711836815,0.0009693403844721615,0.012684980963812644,semantic_near_mid_graph_weak,0.0016112355515360832
686,1058,0.03253626450896263,0.000983331585302949,0.01267949277317723,semantic_near_mid_graph_weak,0.0016112355515360832
146,3001,0.03183563053607941,0.0009719869703985751,0.012630606139744762,semantic_near_mid_graph_weak,0.0016112355515360832
968,1045,0.0318627804517746,0.0009731225436553359,0.012618921332850466,semantic_near_mid_graph_weak,0.0016112355515360832
3521,3680,0.03237006813287735,0.0009841826977208257,0.012597626449816147,semantic_near_mid_graph_weak,0.0016112355515360832
1973,2068,0.031713467091321945,0.0009712576866149902,0.012596492759237037,semantic_near_mid_graph_weak,0.0016112355515360832
138,2957,0.03464435413479805,0.0010257510002702475,0.012588931590523367,semantic_near_mid_graph_weak,0.0016112355515360832
354,710,0.03258287534117699,0.0009901273297145963,0.012560231646884933,semantic_near_mid_graph_weak,0.0016112355515360832
1165,3263,0.03177420794963837,0.0009743767441250384,0.012559109785000333,semantic_near_mid_graph_weak,0.0016112355515360832
201,364,0.03204433619976044,0.0009807228343561292,0.01253966961458673,semantic_near_mid_graph_weak,0.0016112355515360832
48,2675,0.03214774653315544,0.0009850830538198352,0.012493140291308512,semantic_near_mid_graph_weak,0.0016112355515360832
533,646,0.032178398221731186,0.0009858037810772657,0.012490658210191245,semantic_near_mid_graph_weak,0.0016112355515360832
354,762,0.031883273273706436,0.0009813051437959075,0.012465119277097553,semantic_near_mid_graph_weak,0.0016112355515360832
355,446,0.03169511631131172,0.0009776575025171041,0.012463311113515224,semantic_near_mid_graph_weak,0.0016112355515360832
1152,2705,0.03284236416220665,0.00100061041302979,0.012446580604743098,semantic_near_mid_graph_weak,0.0016112355515360832
3584,3680,0.03219691663980484,0.0009888579370453954,0.012436816052831808,semantic_near_mid_graph_weak,0.0016112355515360832
952,3623,0.032216086983680725,0.0009895465336740017,0.012430452801981467,semantic_near_mid_graph_weak,0.0016112355515360832
225,1769,0.032311808317899704,0.0009922739118337631,0.01241269151436445,semantic_near_mid_graph_weak,0.0016112355515360832
2915,3101,0.03304111212491989,0.001006158534437418,0.012408128375214383,semantic_near_mid_graph_weak,0.0016112355515360832
355,710,0.03386792913079262,0.0010209778556600213,0.012407128053857193,semantic_near_mid_graph_weak,0.0016112355515360832
341,1030,0.03180777281522751,0.0009831723291426897,0.012398740998759166,semantic_near_mid_graph_weak,0.0016112355515360832
1769,2846,0.03169843554496765,0.0009816924575716257,0.012385235149377831,semantic_near_mid_graph_weak,0.0016112355515360832
968,1378,0.031860001385211945,0.000984910991974175,0.012384720108869679,semantic_near_mid_graph_weak,0.0016112355515360832
2168,2824,0.03191782906651497,0.000986409606412053,0.012377512210290771,semantic_near_mid_graph_weak,0.0016112355515360832
774,1249,0.03118826076388359,0.0009737772052176297,0.012339112746202772,semantic_near_mid_graph_weak,0.0016112355515360832
814,822,0.03203253075480461,0.000990726170130074,0.012336176311764832,semantic_near_mid_graph_weak,0.0016112355515360832
355,447,0.03168278932571411,0.0009842432336881757,0.012328964251240684,semantic_near_mid_graph_weak,0.0016112355515360832
968,1047,0.03178315609693527,0.0009874546667560935,0.012304672158174396,semantic_near_mid_graph_weak,0.0016112355515360832
221,1252,0.031897496432065964,0.0009902027668431401,0.012294534473903404,semantic_near_mid_graph_weak,0.0016112355515360832
3446,3638,0.03268091380596161,0.0010052325669676065,0.012291642451630912,semantic_near_mid_graph_weak,0.0016112355515360832
3584,3638,0.03237004950642586,0.0009996891021728516,0.01228609238574354,semantic_near_mid_graph_weak,0.0016112355515360832
1940,2655,0.03238511458039284,0.001001063734292984,0.012264180861889178,semantic_near_mid_graph_weak,0.0016112355515360832
3580,3645,0.0322510190308094,0.0009986321674659848,0.012262070172885291,semantic_near_mid_graph_weak,0.0016112355515360832
685,1064,0.03214874118566513,0.0009978757007047534,0.012238277065855197,semantic_near_mid_graph_weak,0.0016112355515360832
1295,3641,0.03150615841150284,0.0009861045982688665,0.012223833332620969,semantic_near_mid_graph_weak,0.0016112355515360832
573,651,0.03351830691099167,0.0010240307310596108,0.012215539418541307,semantic_near_mid_graph_weak,0.0016112355515360832
3521,3600,0.031564660370349884,0.0009899932192638516,0.012170351633044819,semantic_near_mid_graph_weak,0.0016112355515360832
446,969,0.03200477361679077,0.0009985438082367182,0.012170201012805746,semantic_near_mid_graph_weak,0.0016112355515360832
447,969,0.031938739120960236,0.0009978852467611432,0.01215814494366906,semantic_near_mid_graph_weak,0.0016112355515360832
969,1022,0.031193353235721588,0.0009846059838309884,0.01213148346605037,semantic_near_mid_graph_weak,0.0016112355515360832
577,1163,0.03210726007819176,0.0010028283577412367,0.01212379405729398,semantic_near_mid_graph_weak,0.0016112355515360832
2161,3680,0.03218703344464302,0.001005392405204475,0.0121026957198111,semantic_near_mid_graph_weak,0.0016112355515360832
229,969,0.031847916543483734,0.0009991724509745836,0.01209812837573302,semantic_near_mid_graph_weak,0.0016112355515360832
346,355,0.03191791847348213,0.0010010463884100318,0.01208759820591846,semantic_near_mid_graph_weak,0.0016112355515360832
1795,3638,0.03237348422408104,0.0010102834785357118,0.01207453027967192,semantic_near_mid_graph_weak,0.0016112355515360832
91,354,0.031527865678071976,0.0009945047786459327,0.0120678847662447,semantic_near_mid_graph_weak,0.0016112355515360832
955,1416,0.030993588268756866,0.000985820428468287,0.012030431430672837,semantic_near_mid_graph_weak,0.0016112355515360832
685,1058,0.032419368624687195,0.001014474779367447,0.012007311677826225,semantic_near_mid_graph_weak,0.0016112355515360832
441,1164,0.0319022573530674,0.0010050097480416298,0.012003193188427486,semantic_near_mid_graph_weak,0.0016112355515360832
355,762,0.03209618851542473,0.0010091037256643176,0.011994606608507595,semantic_near_mid_graph_weak,0.0016112355515360832
391,573,0.03209846466779709,0.001009655650705099,0.011984461969741848,semantic_near_mid_graph_weak,0.0016112355515360832
3450,3638,0.032348908483982086,0.0010143636027351022,0.011983447131619833,semantic_near_mid_graph_weak,0.0016112355515360832
968,1101,0.031907279044389725,0.0010062975343316793,0.01197958057783613,semantic_near_mid_graph_weak,0.0016112355515360832
229,355,0.03218941017985344,0.0010120603255927563,0.011970377080563184,semantic_near_mid_graph_weak,0.0016112355515360832
756,3190,0.03195978328585625,0.001008181949146092,0.011961914832232036,semantic_near_mid_graph_weak,0.0016112355515360832
1554,2979,0.032587260007858276,0.0010200046235695481,0.011957653215859627,semantic_near_mid_graph_weak,0.0016112355515360832
1339,2430,0.03249090537428856,0.00101844675373286,0.011953711372617679,semantic_near_mid_graph_weak,0.0016112355515360832
1026,1582,0.03247638791799545,0.0010189658496528864,0.011937907261353936,semantic_near_mid_graph_weak,0.0016112355515360832
1554,2912,0.03258075192570686,0.001020883210003376,0.011937499250125355,semantic_near_mid_graph_weak,0.0016112355515360832
354,357,0.03138694912195206,0.0009984764037653804,0.011936578842711217,semantic_near_mid_graph_weak,0.0016112355515360832
2718,2912,0.03259504958987236,0.0010215534130111337,0.011929179770864972,semantic_near_mid_graph_weak,0.0016112355515360832
3490,3599,0.03230999782681465,0.0010167841101065278,0.011920494655436879,semantic_near_mid_graph_weak,0.0016112355515360832
2383,2645,0.03242938593029976,0.0010194143978878856,0.01191160198462318,semantic_near_mid_graph_weak,0.0016112355515360832
2707,2708,0.032708581537008286,0.001024937373585999,0.011902034895020288,semantic_near_mid_graph_weak,0.0016112355515360832
517,2053,0.033073972910642624,0.0010319171706214547,0.01189171900951484,semantic_near_mid_graph_weak,0.0016112355515360832
2955,3111,0.032343894243240356,0.001019165152683854,0.011885203468091908,semantic_near_mid_graph_weak,0.0016112355515360832
644,1502,0.03157093748450279,0.00100481859408319,0.011882279927994085,semantic_near_mid_graph_weak,0.0016112355515360832
226,1421,0.03276229649782181,0.0010273774387314916,0.011871965328797763,semantic_near_mid_graph_weak,0.0016112355515360832
2841,3241,0.03191487491130829,0.0010118986247107387,0.01187148771085842,semantic_near_mid_graph_weak,0.0016112355515360832
364,598,0.03301554545760155,0.0010323935421183705,0.011860950223249797,semantic_near_mid_graph_weak,0.0016112355515360832
689,1769,0.0320371575653553,0.0010166340507566929,0.011822816316897446,semantic_near_mid_graph_weak,0.0016112355515360832
355,357,0.03292638435959816,0.0010337632847949862,0.01180092742715275,semantic_near_mid_graph_weak,0.0016112355515360832
968,2091,0.03228122368454933,0.001023262506350875,0.01178008353528083,semantic_near_mid_graph_weak,0.0016112355515360832
157,1219,0.03160984069108963,0.0010110961738973856,0.011773765854113277,semantic_near_mid_graph_weak,0.0016112355515360832
2221,3303,0.03216728940606117,0.0010224997531622648,0.011753734450524246,semantic_near_mid_graph_weak,0.0016112355515360832
1998,2786,0.03279489278793335,0.0010340064764022827,0.011748850511052652,semantic_near_mid_graph_weak,0.0016112355515360832
372,955,0.03154297545552254,0.0010111326118931174,0.011748147114739902,semantic_near_mid_graph_weak,0.0016112355515360832
1207,2432,0.032557517290115356,0.0010302573209628463,0.011739567668449118,semantic_near_mid_graph_weak,0.0016112355515360832
1166,1477,0.03130558505654335,0.0010077423648908734,0.011725602297910137,semantic_near_mid_graph_weak,0.0016112355515360832
354,356,0.031629353761672974,0.0010145085398107767,0.011714047480526322,semantic_near_mid_graph_weak,0.0016112355515360832
360,1162,0.03179692104458809,0.0010180898243561387,0.011705431795552777,semantic_near_mid_graph_weak,0.0016112355515360832
91,355,0.03201146796345711,0.0010221408447250724,0.011703928898878021,semantic_near_mid_graph_weak,0.0016112355515360832
230,355,0.03211492300033569,0.001024132128804922,0.011702063795867359,semantic_near_mid_graph_weak,0.0016112355515360832
1664,3303,0.0320645309984684,0.001024095807224512,0.011684424734771357,semantic_near_mid_graph_weak,0.0016112355515360832
21,3391,0.031414225697517395,0.0010122678941115737,0.011678059832970015,semantic_near_mid_graph_weak,0.0016112355515360832
206,1332,0.03260573372244835,0.0010343914618715644,0.011673293063226089,semantic_near_mid_graph_weak,0.0016112355515360832
332,814,0.03155973181128502,0.001015629037283361,0.011666315230538323,semantic_near_mid_graph_weak,0.0016112355515360832
1026,1465,0.032725151628255844,0.0010387580841779709,0.011627357592248706,semantic_near_mid_graph_weak,0.0016112355515360832
788,1151,0.03195079788565636,0.0010250643827021122,0.011623773149716113,semantic_near_mid_graph_weak,0.0016112355515360832
347,969,0.03164863586425781,0.0010202022967860103,0.011609349263314885,semantic_near_mid_graph_weak,0.0016112355515360832
814,1059,0.03193502128124237,0.001026824931614101,0.011583139142132187,semantic_near_mid_graph_weak,0.0016112355515360832
645,785,0.03236394003033638,0.0010356035782024264,0.011562380588458269,semantic_near_mid_graph_weak,0.0016112355515360832
572,646,0.032277870923280716,0.001035156543366611,0.01154058688040895,semantic_near_mid_graph_weak,0.0016112355515360832
974,1000,0.03246337175369263,0.0010387079091742635,0.011535357245275319,semantic_near_mid_graph_weak,0.0016112355515360832
308,543,0.0352986715734005,0.001084925257600844,0.011530315473493848,semantic_near_mid_graph_weak,0.0016112355515360832
1149,2094,0.03160838410258293,0.001023642485961318,0.011527096267826761,semantic_near_mid_graph_weak,0.0016112355515360832
347,355,0.032123200595378876,0.0010346430353820324,0.01149552406571015,semantic_near_mid_graph_weak,0.0016112355515360832
1275,2301,0.032093483954668045,0.0010346841299906373,0.011484071201612532,semantic_near_mid_graph_weak,0.0016112355515360832
822,968,0.03256579861044884,0.0010432477574795485,0.011479995024193682,semantic_near_mid_graph_weak,0.0016112355515360832
614,1596,0.03244185075163841,0.0010419435566291213,0.011462561085662928,semantic_near_mid_graph_weak,0.0016112355515360832
1164,2008,0.03180607408285141,0.0010308247292414308,0.011457412043070228,semantic_near_mid_graph_weak,0.0016112355515360832
866,2357,0.03202109411358833,0.0010356554994359612,0.011438863175921757,semantic_near_mid_graph_weak,0.0016112355515360832
533,644,0.03200603276491165,0.0010354977566748857,0.01143661627175361,semantic_near_mid_graph_weak,0.0016112355515360832
355,356,0.033084187656641006,0.0010548356221988797,0.011424797359259107,semantic_near_mid_graph_weak,0.0016112355515360832
543,1540,0.03132566437125206,0.0010254418011754751,0.011389010375968277,semantic_near_mid_graph_weak,0.0016112355515360832
507,2366,0.0332493782043457,0.0010599539382383227,0.011376220466439107,semantic_near_mid_graph_weak,0.0016112355515360832
686,1192,0.03159860894083977,0.0010324334725737572,0.011351127729176113,semantic_near_mid_graph_weak,0.0016112355515360832
2618,3641,0.03149658441543579,0.0010311073856428266,0.011340400062181535,semantic_near_mid_graph_weak,0.0016112355515360832
969,2520,0.0316551998257637,0.0010340255685150623,0.011340177627372133,semantic_near_mid_graph_weak,0.0016112355515360832
332,969,0.03318936750292778,0.0010625245049595833,0.011302737554655889,semantic_near_mid_graph_weak,0.0016112355515360832
3492,3620,0.03275781497359276,0.001055423985235393,0.011300130779576489,semantic_near_mid_graph_weak,0.0016112355515360832
514,2530,0.03195680305361748,0.0010418883757665753,0.011292275389438633,semantic_near_mid_graph_weak,0.0016112355515360832
1148,2094,0.031641822308301926,0.0010365613270550966,0.011285587435588166,semantic_near_mid_graph_weak,0.0016112355515360832
188,686,0.03256716579198837,0.001053515006788075,0.011272949773911248,semantic_near_mid_graph_weak,0.0016112355515360832
402,1163,0.03168506920337677,0.0010386022040620446,0.011260878166186542,semantic_near_mid_graph_weak,0.0016112355515360832
2239,2469,0.03560398146510124,0.0011017018696293235,0.011259326886846435,semantic_near_mid_graph_weak,0.0016112355515360832
3446,3521,0.032799433916807175,0.001058540539816022,0.01125104488650252,semantic_near_mid_graph_weak,0.0016112355515360832
3015,3298,0.03235853835940361,0.0010518369963392615,0.011234434089586893,semantic_near_mid_graph_weak,0.0016112355515360832
146,2316,0.03193216770887375,0.0010444128420203924,0.011233539257619793,semantic_near_mid_graph_weak,0.0016112355515360832
1291,3296,0.03275684267282486,0.001061342190951109,0.011179476695595715,semantic_near_mid_graph_weak,0.0016112355515360832
988,3603,0.03343227505683899,0.0010748374043032527,0.011129974373498799,semantic_near_mid_graph_weak,0.0016112355515360832
1000,1348,0.03169020265340805,0.001045428914949298,0.011128433058086529,semantic_near_mid_graph_weak,0.0016112355515360832
2487,3111,0.03150072693824768,0.0010424337815493345,0.011120453009656221,semantic_near_mid_graph_weak,0.0016112355515360832
615,686,0.031499795615673065,0.001042897580191493,0.011111056928276774,semantic_near_mid_graph_weak,0.0016112355515360832
3101,3521,0.0321875661611557,0.0010551499435678124,0.01110889235325091,semantic_near_mid_graph_weak,0.0016112355515360832
814,1020,0.0323190912604332,0.0010575528722256422,0.011106086273292218,semantic_near_mid_graph_weak,0.0016112355515360832
1886,2022,0.03503449633717537,0.0011009046575054526,0.011096568605762396,semantic_near_mid_graph_weak,0.0016112355515360832
2284,2719,0.032393716275691986,0.0010595052735880017,0.011092477488794151,semantic_near_mid_graph_weak,0.0016112355515360832
2659,3680,0.03239111229777336,0.0010597057407721877,0.011087555769851046,semantic_near_mid_graph_weak,0.0016112355515360832
2284,2979,0.03226705268025398,0.0010576802305877209,0.01108565329597353,semantic_near_mid_graph_weak,0.0016112355515360832
1150,2380,0.032307736575603485,0.001059416332282126,0.011064819142064952,semantic_near_mid_graph_weak,0.0016112355515360832
784,1164,0.03211057931184769,0.0010565381962805986,0.011054655170078961,semantic_near_mid_graph_weak,0.0016112355515360832
3111,3318,0.031974561512470245,0.0010547658894211054,0.0110429995317295,semantic_near_mid_graph_weak,0.0016112355515360832
814,1101,0.031987499445676804,0.0010557646164670587,0.01102764037863404,semantic_near_mid_graph_weak,0.0016112355515360832
2286,2568,0.032106779515743256,0.0010585816344246268,0.011012627823593555,semantic_near_mid_graph_weak,0.0016112355515360832
310,2530,0.03191831707954407,0.001056284410879016,0.010993492822486454,semantic_near_mid_graph_weak,0.0016112355515360832
1207,3203,0.03226323798298836,0.0010623886482790112,0.010990061781548608,semantic_near_mid_graph_weak,0.0016112355515360832
2979,3546,0.032593242824077606,0.0010679472470656037,0.010990030361610469,semantic_near_mid_graph_weak,0.0016112355515360832
1067,1151,0.032991793006658554,0.0010745141189545393,0.01098995264167679,semantic_near_mid_graph_weak,0.0016112355515360832
3406,3540,0.03198445588350296,0.0010582820978015661,0.01097661687624833,semantic_near_mid_graph_weak,0.0016112355515360832
534,968,0.032992638647556305,0.0010757875861600041,0.010964158045904808,semantic_near_mid_graph_weak,0.0016112355515360832
657,1432,0.03185100108385086,0.001057328307069838,0.010949671652309067,semantic_near_mid_graph_weak,0.0016112355515360832
1149,1375,0.03156604990363121,0.0010546203702688217,0.010904763473131216,semantic_near_mid_graph_weak,0.0016112355515360832
356,969,0.031956542283296585,0.0010622369591146708,0.010888598327823256,semantic_near_mid_graph_weak,0.0016112355515360832
616,686,0.03236214816570282,0.0010706557659432292,0.01085770674564713,semantic_near_mid_graph_weak,0.0016112355515360832
2035,2593,0.031635817140340805,0.0010590485762804747,0.01084191951934665,semantic_near_mid_graph_weak,0.0016112355515360832
2282,3540,0.03227940574288368,0.0010718186385929585,0.010806649208345096,semantic_near_mid_graph_weak,0.0016112355515360832
358,969,0.031824786216020584,0.0010663708671927452,0.010762052810561971,semantic_near_mid_graph_weak,0.0016112355515360832
3521,3584,0.03237045928835869,0.0010756117990240455,0.010760926208485871,semantic_near_mid_graph_weak,0.0016112355515360832
328,1163,0.031768444925546646,0.00106695550493896,0.01073147291711025,semantic_near_mid_graph_weak,0.0016112355515360832
1791,3462,0.032954346388578415,0.0010868936078622937,0.010724283002204824,semantic_near_mid_graph_weak,0.0016112355515360832
1067,1150,0.035653162747621536,0.0011267431546002626,0.010720770319069777,semantic_near_mid_graph_weak,0.0016112355515360832
1016,2133,0.03313899412751198,0.0010902611538767815,0.010715110827933501,semantic_near_mid_graph_weak,0.0016112355515360832
1166,3303,0.032211076468229294,0.0010754329850897193,0.010711517272085731,semantic_near_mid_graph_weak,0.0016112355515360832
364,800,0.03304629772901535,0.00108997558709234,0.010690995467920027,semantic_near_mid_graph_weak,0.0016112355515360832
3472,3521,0.032707419246435165,0.0010897734900936484,0.010585465451310266,semantic_near_mid_graph_weak,0.0016112355515360832
33,1150,0.03203330188989639,0.0010808391962200403,0.010544917876806831,semantic_near_mid_graph_weak,0.0016112355515360832
2634,2796,0.03211285173892975,0.0010826543439179659,0.01053492764359781,semantic_near_mid_graph_weak,0.0016112355515360832
2965,3680,0.03224177286028862,0.0010858034947887063,0.010514205083802002,semantic_near_mid_graph_weak,0.0016112355515360832
1503,3298,0.032116133719682693,0.0010840253671631217,0.010508676253796907,semantic_near_mid_graph_weak,0.0016112355515360832
2915,3472,0.03275470808148384,0.0010946053080260754,0.010502544333820984,semantic_near_mid_graph_weak,0.0016112355515360832
572,644,0.03219473734498024,0.0010867734672501683,0.01047948515962707,semantic_near_mid_graph_weak,0.0016112355515360832
1027,1146,0.03223871439695358,0.0010877182940021157,0.01047489507752213,semantic_near_mid_graph_weak,0.0016112355515360832
1402,2485,0.031833190470933914,0.0010817671427503228,0.010460710533075618,semantic_near_mid_graph_weak,0.0016112355515360832
1014,2085,0.03136618062853813,0.001076114596799016,0.010417285361160761,semantic_near_mid_graph_weak,0.0016112355515360832
1919,2085,0.03234940022230148,0.001092575374059379,0.010413341267555857,semantic_near_mid_graph_weak,0.0016112355515360832
1573,2060,0.03211355209350586,0.0010889086406677961,0.010410502949750164,semantic_near_mid_graph_weak,0.0016112355515360832
417,2430,0.031692348420619965,0.0010828353697434068,0.010393416810426805,semantic_near_mid_graph_weak,0.0016112355515360832
1795,3521,0.03230244293808937,0.0010939757339656353,0.010370150860503602,semantic_near_mid_graph_weak,0.0016112355515360832
1330,2904,0.032448191195726395,0.0010974236065521836,0.010347505188543658,semantic_near_mid_graph_weak,0.0016112355515360832
236,2291,0.03199717774987221,0.0010909545235335827,0.010332148218186477,semantic_near_mid_graph_weak,0.0016112355515360832
445,1000,0.03205234184861183,0.0010952245211228728,0.010265018003538174,semantic_near_mid_graph_weak,0.0016112355515360832
3451,3540,0.032180409878492355,0.001097321044653654,0.010264159984685819,semantic_near_mid_graph_weak,0.0016112355515360832
687,1383,0.03285175934433937,0.0011082449927926064,0.010255561188779693,semantic_near_mid_graph_weak,0.0016112355515360832
1175,2197,0.032716650515794754,0.0011066397419199347,0.010245978459951035,semantic_near_mid_graph_weak,0.0016112355515360832
1148,1375,0.031605809926986694,0.0010889365803450346,0.010245356113690058,semantic_near_mid_graph_weak,0.0016112355515360832
1402,2927,0.032156042754650116,0.0010982556268572807,0.010237736111596318,semantic_near_mid_graph_weak,0.0016112355515360832
146,2785,0.031498316675424576,0.0010880923364311457,0.010227015311489084,semantic_near_mid_graph_weak,0.0016112355515360832
1551,3625,0.03291408717632294,0.0011106389574706554,0.010226114934921635,semantic_near_mid_graph_weak,0.0016112355515360832
3450,3521,0.03234117850661278,0.0011024711420759559,0.010212064007943987,semantic_near_mid_graph_weak,0.0016112355515360832
2707,3521,0.031827427446842194,0.0010944841196760535,0.010207612840901612,semantic_near_mid_graph_weak,0.0016112355515360832
103,1500,0.03136377036571503,0.0010868532117456198,0.010207450594883507,semantic_near_mid_graph_weak,0.0016112355515360832
1929,2085,0.0327850803732872,0.001111240591853857,0.010173791736281197,semantic_near_mid_graph_weak,0.0016112355515360832
1219,2431,0.03160407394170761,0.0010933408048003912,0.010158405364288659,semantic_near_mid_graph_weak,0.0016112355515360832
814,967,0.03268257528543472,0.0011106637539342046,0.010153683268279359,semantic_near_mid_graph_weak,0.0016112355515360832
2719,2912,0.03223913162946701,0.0011059015523642302,0.010111202735450254,semantic_near_mid_graph_weak,0.0016112355515360832
594,1026,0.032911982387304306,0.001116249361075461,0.010110859809956237,semantic_near_mid_graph_weak,0.0016112355515360832
1787,2085,0.0331234484910965,0.001119666383601725,0.010105577671968489,semantic_near_mid_graph_weak,0.0016112355515360832
2284,2749,0.03203756734728813,0.0011047584703192115,0.01007071472813146,semantic_near_mid_graph_weak,0.0016112355515360832
983,2135,0.03210673853754997,0.001107188523747027,0.010044034912476914,semantic_near_mid_graph_weak,0.0016112355515360832
1569,1973,0.031871698796749115,0.001103774644434452,0.010038036441567475,semantic_near_mid_graph_weak,0.0016112355515360832
1044,1456,0.03229088708758354,0.0011104532750323415,0.01003621347023339,semantic_near_mid_graph_weak,0.0016112355515360832
1164,1904,0.031854063272476196,0.0011039701057597995,0.010028617845661236,semantic_near_mid_graph_weak,0.0016112355515360832
1502,3139,0.03315883129835129,0.001124137663282454,0.01002435471771152,semantic_near_mid_graph_weak,0.0016112355515360832
724,2159,0.03256980702280998,0.0011161526199430227,0.010007695973999807,semantic_near_mid_graph_weak,0.0016112355515360832
1974,3625,0.032649796456098557,0.0011176445987075567,0.010002041059148158,semantic_near_mid_graph_weak,0.0016112355515360832
2291,3603,0.03149176388978958,0.001099832821637392,0.009995418737632511,semantic_near_mid_graph_weak,0.0016112355515360832
2151,2724,0.031661391258239746,0.0011036553187295794,0.009974144581476009,semantic_near_mid_graph_weak,0.0016112355515360832
364,1769,0.03251585364341736,0.0011175759136676788,0.009962394709630373,semantic_near_mid_graph_weak,0.0016112355515360832
406,685,0.03163934871554375,0.001103907823562622,0.009962242257573093,semantic_near_mid_graph_weak,0.0016112355515360832
685,1874,0.03200041875243187,0.0011096608359366655,0.009961672531065575,semantic_near_mid_graph_weak,0.0016112355515360832
416,3298,0.03202764689922333,0.0011103329015895724,0.009956789488711105,semantic_near_mid_graph_weak,0.0016112355515360832
509,1940,0.03212499991059303,0.0011129690101370215,0.009934495662435046,semantic_near_mid_graph_weak,0.0016112355515360832
1152,1366,0.03167690709233284,0.0011068101739510894,0.009917007979088727,semantic_near_mid_graph_weak,0.0016112355515360832
1164,2093,0.030862778425216675,0.0010950685245916247,0.009887038904896527,semantic_near_mid_graph_weak,0.0016112355515360832
1940,2001,0.03201285004615784,0.001114511862397194,0.009869159701458755,semantic_near_mid_graph_weak,0.0016112355515360832
2060,2282,0.03204205632209778,0.001116245286539197,0.009843691653153758,semantic_near_mid_graph_weak,0.0016112355515360832
1377,2430,0.031716570258140564,0.0011115511879324913,0.009836100134470413,semantic_near_mid_graph_weak,0.0016112355515360832
364,1003,0.03169208765029907,0.0011116194073110819,0.009827165630244354,semantic_near_mid_graph_weak,0.0016112355515360832
2189,2262,0.03170028328895569,0.0011120111448690295,0.009821999707627486,semantic_near_mid_graph_weak,0.0016112355515360832
1203,3103,0.032116036862134933,0.0011187982745468616,0.009815531766908766,semantic_near_mid_graph_weak,0.0016112355515360832
2239,3514,0.031424630433321,0.0011080563999712467,0.009813722682944967,semantic_near_mid_graph_weak,0.0016112355515360832
225,364,0.03196783363819122,0.0011179863940924406,0.009786345014733392,semantic_near_mid_graph_weak,0.0016112355515360832
582,814,0.03251563757658005,0.0011263445485383272,0.009785372537608344,semantic_near_mid_graph_weak,0.0016112355515360832
2119,3561,0.03199860453605652,0.0011193151585757732,0.009769376117943714,semantic_near_mid_graph_weak,0.0016112355515360832
3520,3521,0.03223606199026108,0.00112349062692374,0.00975833459623523,semantic_near_mid_graph_weak,0.0016112355515360832
1165,1368,0.031831368803977966,0.001117515261285007,0.009753876539036326,semantic_near_mid_graph_weak,0.0016112355515360832
2427,3163,0.031490717083215714,0.0011134721571579576,0.009728513135027882,semantic_near_mid_graph_weak,0.0016112355515360832
1164,1307,0.03227899596095085,0.0011262964690104127,0.009715119971893681,semantic_near_mid_graph_weak,0.0016112355515360832
875,1150,0.03172379359602928,0.0011181604349985719,0.009708210081053312,semantic_near_mid_graph_weak,0.0016112355515360832
686,933,0.031663678586483,0.001117645762860775,0.009699927740103009,semantic_near_mid_graph_weak,0.0016112355515360832
3520,3540,0.032740261405706406,0.0011346813989803195,0.009683567069865005,semantic_near_mid_graph_weak,0.0016112355515360832
1164,1524,0.03283195197582245,0.0011369609273970127,0.009664236658780356,semantic_near_mid_graph_weak,0.0016112355515360832
1973,2009,0.03214351460337639,0.0011273775016888976,0.009652777507544917,semantic_near_mid_graph_weak,0.0016112355515360832
2768,3540,0.03183768689632416,0.0011228466173633933,0.009650466038311812,semantic_near_mid_graph_weak,0.0016112355515360832
2394,2764,0.03199492394924164,0.0011266781948506832,0.009622041768762284,semantic_near_mid_graph_weak,0.0016112355515360832
1697,2430,0.03176344558596611,0.001123533584177494,0.009614419746134957,semantic_near_mid_graph_weak,0.0016112355515360832
432,685,0.031852155923843384,0.0011259284801781178,0.00959392715304763,semantic_near_mid_graph_weak,0.0016112355515360832
2016,3567,0.032551344484090805,0.0011373216984793544,0.009574349989934974,semantic_near_mid_graph_weak,0.0016112355515360832
698,1165,0.03186139091849327,0.0011278921738266945,0.009557877673678493,semantic_near_mid_graph_weak,0.0016112355515360832
3446,3584,0.03238294646143913,0.0011358094634488225,0.009555212173802652,semantic_near_mid_graph_weak,0.0016112355515360832
970,1165,0.03213155269622803,0.0011327932588756084,0.009541183301267244,semantic_near_mid_graph_weak,0.0016112355515360832
3103,3133,0.0326189249753952,0.0011404065880924463,0.00953177492897887,semantic_near_mid_graph_weak,0.0016112355515360832
195,1016,0.030491534620523453,0.0011084461584687233,0.009514946570617579,semantic_near_mid_graph_weak,0.0016112355515360832
2615,3606,0.03174785152077675,0.0011286012595519423,0.009509845922987363,semantic_near_mid_graph_weak,0.0016112355515360832
879,1037,0.031875938177108765,0.0011308274697512388,0.009504171069312563,semantic_near_mid_graph_weak,0.0016112355515360832
324,2654,0.0314875990152359,0.0011253776028752327,0.009494887480116109,semantic_near_mid_graph_weak,0.0016112355515360832
673,2957,0.03431224077939987,0.001166280242614448,0.009475593857916116,semantic_near_mid_graph_weak,0.0016112355515360832
3209,3296,0.03187430649995804,0.0011337434407323599,0.009445999299456845,semantic_near_mid_graph_weak,0.0016112355515360832
1206,2979,0.032230548560619354,0.0011390310246497393,0.009445801341613309,semantic_near_mid_graph_weak,0.0016112355515360832
1405,1535,0.03244154155254364,0.0011432014871388674,0.00942366653570462,semantic_near_mid_graph_weak,0.0016112355515360832
724,2551,0.03216208890080452,0.0011400601360946894,0.00940519564929687,semantic_near_mid_graph_weak,0.0016112355515360832
3554,3625,0.03206848353147507,0.0011388029670342803,0.009402844010849142,semantic_near_mid_graph_weak,0.0016112355515360832
156,2541,0.03252734616398811,0.0011456909123808146,0.009398335096414509,semantic_near_mid_graph_weak,0.0016112355515360832
1790,2752,0.0329405777156353,0.001151589211076498,0.009397146174674166,semantic_near_mid_graph_weak,0.0016112355515360832
2641,2915,0.032149624079465866,0.0011405425611883402,0.009391924527790375,semantic_near_mid_graph_weak,0.0016112355515360832
651,3641,0.03296417370438576,0.0011529542971402407,0.009375949320982964,semantic_near_mid_graph_weak,0.0016112355515360832
3446,3450,0.03234434500336647,0.0011447918368503451,0.009363507662218737,semantic_near_mid_graph_weak,0.0016112355515360832
2357,3620,0.0317327044904232,0.0011362058576196432,0.009355538913510002,semantic_near_mid_graph_weak,0.0016112355515360832
686,1064,0.032270610332489014,0.0011457970831543207,0.009322028323282064,semantic_near_mid_graph_weak,0.0016112355515360832
1165,1870,0.03179110959172249,0.0011391397565603256,0.009314869661085398,semantic_near_mid_graph_weak,0.0016112355515360832
3461,3554,0.0333714634180069,0.001161785563454032,0.009308883372890197,semantic_near_mid_graph_weak,0.0016112355515360832
646,2079,0.03292582556605339,0.0011567496694624424,0.009287483050584543,semantic_near_mid_graph_weak,0.0016112355515360832
2915,3663,0.03205263987183571,0.00114740792196244,0.009227018333326703,semantic_near_mid_graph_weak,0.0016112355515360832
310,3328,0.03068903461098671,0.0011276520090177655,0.009210765030289775,semantic_near_mid_graph_weak,0.0016112355515360832
365,969,0.03169675171375275,0.0011440187226980925,0.009191241967101705,semantic_near_mid_graph_weak,0.0016112355515360832
2474,3406,0.03231754153966904,0.0011538489488884807,0.009174084147199854,semantic_near_mid_graph_weak,0.0016112355515360832
2678,2915,0.03209243342280388,0.0011517851380631328,0.009151288768053333,semantic_near_mid_graph_weak,0.0016112355515360832
2262,2315,0.031117770820856094,0.0011374525493010879,0.00915016483363362,semantic_near_mid_graph_weak,0.0016112355515360832
40,1152,0.03195284307003021,0.00115037034265697,0.009139541193534304,semantic_near_mid_graph_weak,0.0016112355515360832
146,480,0.032503917813301086,0.0011584600433707237,0.009133970443522016,semantic_near_mid_graph_weak,0.0016112355515360832
1952,3383,0.031605858355760574,0.001145960995927453,0.009126785768279697,semantic_near_mid_graph_weak,0.0016112355515360832
788,1152,0.032108280807733536,0.0011544122826308012,0.009103454664672645,semantic_near_mid_graph_weak,0.0016112355515360832
2060,2603,0.032116491347551346,0.0011546425521373749,0.00910119262237042,semantic_near_mid_graph_weak,0.0016112355515360832
2023,2389,0.031931471079587936,0.0011520558036863804,0.009100025644802133,semantic_near_mid_graph_weak,0.0016112355515360832
685,1063,0.03200555965304375,0.0011537380050867796,0.009087724634703375,semantic_near_mid_graph_weak,0.0016112355515360832
1014,1526,0.03269325941801071,0.0011637492571026087,0.00907985520551014,semantic_near_mid_graph_weak,0.0016112355515360832
292,3422,0.031751085072755814,0.0011511057382449508,0.00906734017406071,semantic_near_mid_graph_weak,0.0016112355515360832
1452,2430,0.03178111091256142,0.0011515504447743297,0.009067143130574568,semantic_near_mid_graph_weak,0.0016112355515360832
967,969,0.031665343791246414,0.0011506875744089484,0.009051072646821014,semantic_near_mid_graph_weak,0.0016112355515360832
1359,3615,0.031917061656713486,0.0011544724693521857,0.009048047284380854,semantic_near_mid_graph_weak,0.0016112355515360832
65,543,0.031701866537332535,0.0011532246135175228,0.009011594621196339,semantic_near_mid_graph_weak,0.0016112355515360832
460,2464,0.03251168876886368,0.0011654606787487864,0.008994894577160666,semantic_near_mid_graph_weak,0.0016112355515360832
3508,3625,0.03209753707051277,0.001160937245003879,0.008970424326180755,semantic_near_mid_graph_weak,0.0016112355515360832
528,1596,0.03240671381354332,0.001165372203104198,0.008967631032473947,semantic_near_mid_graph_weak,0.0016112355515360832
2060,3136,0.0321958102285862,0.0011624725302681327,0.008967210943536806,semantic_near_mid_graph_weak,0.0016112355515360832
968,2098,0.03187473863363266,0.0011585521278902888,0.008955342251933028,semantic_near_mid_graph_weak,0.0016112355515360832
226,364,0.03207430616021156,0.0011615604162216187,0.008951526639888506,semantic_near_mid_graph_weak,0.0016112355515360832
406,3229,0.03338548168540001,0.0011793459998443723,0.00894893406763085,semantic_near_mid_graph_weak,0.0016112355515360832
1940,2464,0.03231637552380562,0.0011685896897688508,0.008878099716264909,semantic_near_mid_graph_weak,0.0016112355515360832
472,685,0.03262234851717949,0.0011736371088773012,0.008859963953364938,semantic_near_mid_graph_weak,0.0016112355515360832
320,1163,0.03134546056389809,0.0011566829634830356,0.008843002632018036,semantic_near_mid_graph_weak,0.0016112355515360832
1014,3347,0.032414525747299194,0.0011724067153409123,0.008828273802638443,semantic_near_mid_graph_weak,0.0016112355515360832
333,968,0.032431263476610184,0.0011744070798158646,0.008792568688629824,semantic_near_mid_graph_weak,0.0016112355515360832
814,2098,0.03218906372785568,0.001173715223558247,0.008740726770883625,semantic_near_mid_graph_weak,0.0016112355515360832
2593,3391,0.031470999121665955,0.0011638007126748562,0.008739393447084748,semantic_near_mid_graph_weak,0.0016112355515360832
135,1161,0.03226292505860329,0.0011766059324145317,0.008702900588681478,semantic_near_mid_graph_weak,0.0016112355515360832
1817,3621,0.034654390066862106,0.0012066805502399802,0.008701152854434823,semantic_near_mid_graph_weak,0.0016112355515360832
1864,3545,0.031838323920965195,0.0011714216088876128,0.008690807968859056,semantic_near_mid_graph_weak,0.0016112355515360832
906,2904,0.03390510007739067,0.0011988298501819372,0.008678219993078197,semantic_near_mid_graph_weak,0.0016112355515360832
64,543,0.03107907623052597,0.0011616586707532406,0.00867187552807616,semantic_near_mid_graph_weak,0.0016112355515360832
2704,3103,0.03183583915233612,0.001172660500742495,0.008665650878905421,semantic_near_mid_graph_weak,0.0016112355515360832
1551,3680,0.03140765428543091,0.0011671881657093763,0.008655771508454228,semantic_near_mid_graph_weak,0.0016112355515360832
814,968,0.03265000134706497,0.0011841154191643,0.008655142250307396,semantic_near_mid_graph_weak,0.0016112355515360832
598,1918,0.03240932151675224,0.001182502368465066,0.008623786610097044,semantic_near_mid_graph_weak,0.0016112355515360832
2361,2522,0.03187106177210808,0.0011761138448491693,0.008606929495183225,semantic_near_mid_graph_weak,0.0016112355515360832
686,1036,0.03270029276609421,0.0011873431503772736,0.008602966590453428,semantic_near_mid_graph_weak,0.0016112355515360832
1703,2645,0.032465215772390366,0.0011850689770653844,0.008586944213080108,semantic_near_mid_graph_weak,0.0016112355515360832
3210,3296,0.03187430649995804,0.001177233993075788,0.00858564638958881,semantic_near_mid_graph_weak,0.0016112355515360832
967,968,0.03435805067420006,0.001208920031785965,0.008578992066935,semantic_near_mid_graph_weak,0.0016112355515360832
364,2014,0.03163745999336243,0.001174606499262154,0.008573441766529211,semantic_near_mid_graph_weak,0.0016112355515360832
391,1875,0.03210095688700676,0.0011809129500761628,0.008573400247902947,semantic_near_mid_graph_weak,0.0016112355515360832
685,2413,0.032131046056747437,0.0011815066682174802,0.008569596499196575,semantic_near_mid_graph_weak,0.0016112355515360832
418,2430,0.031642839312553406,0.0011760283960029483,0.008546975069585303,semantic_near_mid_graph_weak,0.0016112355515360832
21,3045,0.032752491533756256,0.001190839451737702,0.008545628034550154,semantic_near_mid_graph_weak,0.0016112355515360832
1864,2559,0.03184228017926216,0.0011789154959842563,0.00854378884755335,semantic_near_mid_graph_weak,0.0016112355515360832
1206,2284,0.03256545960903168,0.001189046073704958,0.00853307536229583,semantic_near_mid_graph_weak,0.0016112355515360832
1067,1166,0.0318223237991333,0.0011792888399213552,0.008531060593760055,semantic_near_mid_graph_weak,0.0016112355515360832
690,3298,0.032037146389484406,0.0011823863023892045,0.008527062452687782,semantic_near_mid_graph_weak,0.0016112355515360832
2641,2752,0.03184478357434273,0.0011824795510619879,0.008474019846621156,semantic_near_mid_graph_weak,0.0016112355515360832
42,685,0.03164436295628548,0.001180219929665327,0.008465065685339588,semantic_near_mid_graph_weak,0.0016112355515360832
2474,2728,0.03411731868982315,0.0012116594007238746,0.008460877656973462,semantic_near_mid_graph_weak,0.0016112355515360832
603,685,0.03238764405250549,0.0011912415502592921,0.008442351091727151,semantic_near_mid_graph_weak,0.0016112355515360832
2060,2704,0.032106585800647736,0.0011880554957315326,0.008432576328059894,semantic_near_mid_graph_weak,0.0016112355515360832
1864,2028,0.031725574284791946,0.0011832815362140536,0.008426506534460603,semantic_near_mid_graph_weak,0.0016112355515360832
582,968,0.03414524719119072,0.0012142859632149339,0.00841214172735035,semantic_near_mid_graph_weak,0.0016112355515360832
1033,1339,0.032264016568660736,0.001193700940348208,0.00836087783720507,semantic_near_mid_graph_weak,0.0016112355515360832
3103,3136,0.03182839974761009,0.0011900777462869883,0.008319565050258958,semantic_near_mid_graph_weak,0.0016112355515360832
1421,1493,0.03202372416853905,0.0011937757954001427,0.008297120845687563,semantic_near_mid_graph_weak,0.0016112355515360832
664,1150,0.03184358775615692,0.0011915310751646757,0.00829481220932798,semantic_near_mid_graph_weak,0.0016112355515360832
788,1163,0.03277548775076866,0.0012038499116897583,0.008286971470988707,semantic_near_mid_graph_weak,0.0016112355515360832
985,2568,0.03299391269683838,0.0012065783375874162,0.008286327083857903,semantic_near_mid_graph_weak,0.0016112355515360832
644,2079,0.03300540894269943,0.0012069656513631344,0.0082812803911332,semantic_near_mid_graph_weak,0.0016112355515360832
1918,2883,0.03221723437309265,0.0011976570822298527,0.008269650247352638,semantic_near_mid_graph_weak,0.0016112355515360832
3087,3502,0.029819879680871964,0.0011644863989204168,0.008268192671040585,semantic_near_mid_graph_weak,0.0016112355515360832
1177,2883,0.03356049209833145,0.001214721123687923,0.008259015455552769,semantic_near_mid_graph_weak,0.0016112355515360832
685,1978,0.031855423003435135,0.0011937986128032207,0.008253064083595336,semantic_near_mid_graph_weak,0.0016112355515360832
2421,3610,0.0322817899286747,0.0012004150776192546,0.008230963017628427,semantic_near_mid_graph_weak,0.0016112355515360832
1150,3273,0.032341428101062775,0.0012024783063679934,0.008204755066873421,semantic_near_mid_graph_weak,0.0016112355515360832
1057,1818,0.0324944369494915,0.001207092427648604,0.008150517312761849,semantic_near_mid_graph_weak,0.0016112355515360832
1314,2542,0.03173298016190529,0.0011983363656327128,0.008131971556019298,semantic_near_mid_graph_weak,0.0016112355515360832
2474,3600,0.03315673768520355,0.0012161300983279943,0.008130659640376419,semantic_near_mid_graph_weak,0.0016112355515360832
814,969,0.034280937165021896,0.00123159762006253,0.008077244858392334,semantic_near_mid_graph_weak,0.0016112355515360832
225,1016,0.032876186072826385,0.0012157382443547249,0.008069858593797868,semantic_near_mid_graph_weak,0.0016112355515360832
915,1166,0.0327545627951622,0.0012149555841460824,0.008055915265751215,semantic_near_mid_graph_weak,0.0016112355515360832
2719,2979,0.03226131945848465,0.0012107130605727434,0.008019549977629057,semantic_near_mid_graph_weak,0.0016112355515360832
685,914,0.033210836350917816,0.0012224589008837938,0.008013476185751838,semantic_near_mid_graph_weak,0.0016112355515360832
985,2569,0.03277448192238808,0.0012174337171018124,0.008010406108135226,semantic_near_mid_graph_weak,0.0016112355515360832
686,2126,0.03255556896328926,0.0012169086840003729,0.007967510099872045,semantic_near_mid_graph_weak,0.0016112355515360832
2752,3498,0.03295261040329933,0.00122211838606745,0.0079581327154181,semantic_near_mid_graph_weak,0.0016112355515360832
1918,2112,0.03219309449195862,0.0012147834058851004,0.007921263513776191,semantic_near_mid_graph_weak,0.0016112355515360832
663,1166,0.033932220190763474,0.0012352149933576584,0.007918899483194752,semantic_near_mid_graph_weak,0.0016112355515360832
2701,3103,0.03218206390738487,0.0012151767732575536,0.00791069245057865,semantic_near_mid_graph_weak,0.0016112355515360832
244,310,0.03119940496981144,0.0012030259240418673,0.007904429286348639,semantic_near_mid_graph_weak,0.0016112355515360832
2965,3446,0.03225012868642807,0.0012163338251411915,0.00790426420431591,semantic_near_mid_graph_weak,0.0016112355515360832
865,2673,0.03153195604681969,0.001208105473779142,0.007889274712728558,semantic_near_mid_graph_weak,0.0016112355515360832
2282,2752,0.03282051905989647,0.001224397448822856,0.007879808331618316,semantic_near_mid_graph_weak,0.0016112355515360832
2702,3634,0.032530296593904495,0.0012212236179038882,0.007874208003989275,semantic_near_mid_graph_weak,0.0016112355515360832
543,714,0.032652806490659714,0.0012245152611285448,0.007837155030901943,semantic_near_mid_graph_weak,0.0016112355515360832
58,2430,0.03186129406094551,0.0012161947088316083,0.007811714707692216,semantic_near_mid_graph_weak,0.0016112355515360832
52,2060,0.03220188245177269,0.00122109055519104,0.007797372208844918,semantic_near_mid_graph_weak,0.0016112355515360832
422,1885,0.03305977210402489,0.0012319027446210384,0.007783254370371688,semantic_near_mid_graph_weak,0.0016112355515360832
1166,2796,0.03135719522833824,0.001212323666550219,0.007763456959772789,semantic_near_mid_graph_weak,0.0016112355515360832
2199,2473,0.03250227868556976,0.0012269465951249003,0.0077519806121180415,semantic_near_mid_graph_weak,0.0016112355515360832
3625,3662,0.03289236128330231,0.001233173650689423,0.007717896131478124,semantic_near_mid_graph_weak,0.0016112355515360832
892,3540,0.03229236602783203,0.0012282386887818575,0.007676019107063397,semantic_near_mid_graph_weak,0.0016112355515360832
2032,2389,0.03224378079175949,0.0012283050455152988,0.007663142290300436,semantic_near_mid_graph_weak,0.0016112355515360832
598,3298,0.032110653817653656,0.0012274902546778321,0.007647741120049437,semantic_near_mid_graph_weak,0.0016112355515360832
1162,2286,0.032418813556432724,0.001231796108186245,0.007634499225260886,semantic_near_mid_graph_weak,0.0016112355515360832
3027,3298,0.032027821987867355,0.0012272888561710715,0.007632016560370157,semantic_near_mid_graph_weak,0.0016112355515360832
629,2835,0.033336982131004333,0.0012425723252817988,0.007627760803987109,semantic_near_mid_graph_weak,0.0016112355515360832
305,382,0.03171375393867493,0.001225049840286374,0.007601246515153725,semantic_near_mid_graph_weak,0.0016112355515360832
2732,3540,0.031889643520116806,0.001228437526151538,0.007576355026476334,semantic_near_mid_graph_weak,0.0016112355515360832
2835,3209,0.032315243035554886,0.001234333380125463,0.007559220784416634,semantic_near_mid_graph_weak,0.0016112355515360832
2916,3469,0.03215798735618591,0.001232828595675528,0.007552468719086613,semantic_near_mid_graph_weak,0.0016112355515360832
506,2799,0.0327167883515358,0.0012399223633110523,0.007539664191068004,semantic_near_mid_graph_weak,0.0016112355515360832
310,3327,0.03067825920879841,0.0012163057690486312,0.007519545000651073,semantic_near_mid_graph_weak,0.0016112355515360832
1918,3339,0.03247109055519104,0.0012403541477397084,0.007474340816541226,semantic_near_mid_graph_weak,0.0016112355515360832
149,2588,0.03262126445770264,0.0012433899100869894,0.007447446115426299,semantic_near_mid_graph_weak,0.0016112355515360832
3662,3680,0.03146973252296448,0.0012305534910410643,0.007435264576087615,semantic_near_mid_graph_weak,0.0016112355515360832
25,1166,0.03327633813023567,0.0012518282746896148,0.0074227247899342754,semantic_near_mid_graph_weak,0.0016112355515360832
2161,2916,0.032225485891103745,0.0012418924598023295,0.007387039455711864,semantic_near_mid_graph_weak,0.0016112355515360832
2703,3432,0.03218516707420349,0.0012415555538609624,0.0073845270344374365,semantic_near_mid_graph_weak,0.0016112355515360832
1033,1697,0.031218692660331726,0.0012301151873543859,0.007384444505732875,semantic_near_mid_graph_weak,0.0016112355515360832
1552,2063,0.03188377991318703,0.00123885041102767,0.007368907576295857,semantic_near_mid_graph_weak,0.0016112355515360832
364,1493,0.03199034556746483,0.0012404159642755985,0.0073624534465728765,semantic_near_mid_graph_weak,0.0016112355515360832
506,508,0.03285704553127289,0.0012518884614109993,0.007327968707315286,semantic_near_mid_graph_weak,0.0016112355515360832
1829,2654,0.031227564439177513,0.0012338783126324415,0.00731360941186983,semantic_near_mid_graph_weak,0.0016112355515360832
1514,3574,0.032707538455724716,0.0012525313068181276,0.0072815752278796945,semantic_near_mid_graph_weak,0.0016112355515360832
1033,1537,0.031964320689439774,0.0012446074979379773,0.007273310639020198,semantic_near_mid_graph_weak,0.0016112355515360832
1553,2934,0.032548677176237106,0.0012524020858108997,0.007248818848854563,semantic_near_mid_graph_weak,0.0016112355515360832
1829,2631,0.031416360288858414,0.0012410826748237014,0.0072173532452577275,semantic_near_mid_graph_weak,0.0016112355515360832
253,2891,0.031475041061639786,0.0012420486891642213,0.007211963292079878,semantic_near_mid_graph_weak,0.0016112355515360832
1699,2430,0.03214507922530174,0.0012498091673478484,0.0072106649724610235,semantic_near_mid_graph_weak,0.0016112355515360832
1790,3462,0.0329432338476181,0.0012592313578352332,0.007197058466947357,semantic_near_mid_graph_weak,0.0016112355515360832
686,2371,0.032035816460847855,0.0012504117330536246,0.007174174882490765,semantic_near_mid_graph_weak,0.0016112355515360832
162,3462,0.03210170939564705,0.0012514577247202396,0.007168091116428545,semantic_near_mid_graph_weak,0.0016112355515360832
324,3180,0.03229241445660591,0.0012536401627585292,0.007166933780207923,semantic_near_mid_graph_weak,0.0016112355515360832
21,2537,0.03237415850162506,0.0012545817298814654,0.007166157264497483,semantic_near_mid_graph_weak,0.0016112355515360832
52,3680,0.032199643552303314,0.001252657501026988,0.007165982280533181,semantic_near_mid_graph_weak,0.0016112355515360832
322,1918,0.03145089000463486,0.0012443785089999437,0.007160952029161693,semantic_near_mid_graph_weak,0.0016112355515360832
2357,2383,0.03212806582450867,0.0012524205958470702,0.007154776658325617,semantic_near_mid_graph_weak,0.0016112355515360832
1685,2783,0.032430727034807205,0.0012559809256345034,0.007150516129986642,semantic_near_mid_graph_weak,0.0016112355515360832
1148,1826,0.03258334845304489,0.0012577814050018787,0.0071477566440971505,semantic_near_mid_graph_weak,0.0016112355515360832
1164,1606,0.032115839421749115,0.0012529495870694518,0.007141509812706707,semantic_near_mid_graph_weak,0.0016112355515360832
1484,2430,0.032479748129844666,0.0012573912972584367,0.007132893911864067,semantic_near_mid_graph_weak,0.0016112355515360832
324,3623,0.032212454825639725,0.0012564979260787368,0.007092054122133473,semantic_near_mid_graph_weak,0.0016112355515360832
2697,2724,0.03232068940997124,0.0012581147020682693,0.0070834517578473545,semantic_near_mid_graph_weak,0.0016112355515360832
1016,2039,0.03377549350261688,0.0012756873620674014,0.007033922310372082,semantic_near_mid_graph_weak,0.0016112355515360832
199,1098,0.03398197516798973,0.0012783663114532828,0.00702042245772034,semantic_near_mid_graph_weak,0.0016112355515360832
1032,1998,0.032731618732213974,0.0012681789230555296,0.006969060952186165,semantic_near_mid_graph_weak,0.0016112355515360832
51,3103,0.031866226345300674,0.0012605234514921904,0.006936211872547019,semantic_near_mid_graph_weak,0.0016112355515360832
2664,3340,0.03174556419253349,0.0012594925938174129,0.0069302583553870764,semantic_near_mid_graph_weak,0.0016112355515360832
2284,2485,0.03211028873920441,0.0012646748218685389,0.0069066034973502746,semantic_near_mid_graph_weak,0.0016112355515360832
3099,3625,0.03215428441762924,0.0012673002202063799,0.006863673318468957,semantic_near_mid_graph_weak,0.0016112355515360832
2282,3462,0.03281819820404053,0.0012749889865517616,0.006848785334064254,semantic_near_mid_graph_weak,0.0016112355515360832
239,2346,0.03204808011651039,0.0012672764714807272,0.006841475254134124,semantic_near_mid_graph_weak,0.0016112355515360832
685,796,0.031930457800626755,0.0012662799563258886,0.0068361141022790645,semantic_near_mid_graph_weak,0.0016112355515360832
2800,3241,0.03229048475623131,0.0012705241097137332,0.0068281373309753484,semantic_near_mid_graph_weak,0.0016112355515360832
2506,3185,0.03166084736585617,0.0012642606161534786,0.006818072291449455,semantic_near_mid_graph_weak,0.0016112355515360832
1850,2060,0.032112155109643936,0.0012700079241767526,0.006800715442886139,semantic_near_mid_graph_weak,0.0016112355515360832
332,1163,0.03129050135612488,0.001261092722415924,0.0067998404447919625,semantic_near_mid_graph_weak,0.0016112355515360832
324,3104,0.03184163197875023,0.0012678615748882294,0.006785840707820357,semantic_near_mid_graph_weak,0.0016112355515360832
1792,2752,0.0329304039478302,0.0012794836657121778,0.006780339224901341,semantic_near_mid_graph_weak,0.0016112355515360832
2284,3555,0.032420165836811066,0.001276064314879477,0.006744083486599306,semantic_near_mid_graph_weak,0.0016112355515360832
3462,3498,0.03295574709773064,0.001281589618884027,0.006742482797080598,semantic_near_mid_graph_weak,0.0016112355515360832
472,686,0.032653409987688065,0.0012801076518371701,0.006710660683301413,semantic_near_mid_graph_weak,0.0016112355515360832
3680,3683,0.03223217651247978,0.0012764062266796827,0.006698137891779409,semantic_near_mid_graph_weak,0.0016112355515360832
322,2085,0.03345778211951256,0.0012895521940663457,0.006679849929723153,semantic_near_mid_graph_weak,0.0016112355515360832
1009,3562,0.03234170749783516,0.0012786986771970987,0.006674883949688564,semantic_near_mid_graph_weak,0.0016112355515360832
434,1918,0.03191588819026947,0.0012750948080793023,0.006658387331469216,semantic_near_mid_graph_weak,0.0016112355515360832
1191,3174,0.03210051730275154,0.001277459436096251,0.006649794909693304,semantic_near_mid_graph_weak,0.0016112355515360832
162,3625,0.03220507875084877,0.0012791824992746115,0.0066370151076578406,semantic_near_mid_graph_weak,0.0016112355515360832
2420,3481,0.032634101808071136,0.0012843137374147773,0.006621502209992096,semantic_near_mid_graph_weak,0.0016112355515360832
685,2125,0.03275967761874199,0.0012860061833634973,0.006612570858012413,semantic_near_mid_graph_weak,0.0016112355515360832
2237,3118,0.031880784779787064,0.0012779203243553638,0.006595156748771859,semantic_near_mid_graph_weak,0.0016112355515360832
485,508,0.031180670484900475,0.0012705618282780051,0.006592726369305427,semantic_near_mid_graph_weak,0.0016112355515360832
685,795,0.03222985565662384,0.0012819117400795221,0.006587527750002274,semantic_near_mid_graph_weak,0.0016112355515360832
1899,2618,0.031881630420684814,0.001278594951145351,0.0065819827985185405,semantic_near_mid_graph_weak,0.0016112355515360832
810,1027,0.03220536187291145,0.0012825913727283478,0.006568936922871708,semantic_near_mid_graph_weak,0.0016112355515360832
1250,2535,0.03187345340847969,0.0012804948491975665,0.006542710875653417,semantic_near_mid_graph_weak,0.0016112355515360832
2622,3416,0.03255544230341911,0.0012879562564194202,0.006531944028932899,semantic_near_mid_graph_weak,0.0016112355515360832
1421,1931,0.03184792399406433,0.0012811901979148388,0.006523726047816219,semantic_near_mid_graph_weak,0.0016112355515360832
42,1918,0.031652551144361496,0.001279704854823649,0.00651288529700812,semantic_near_mid_graph_weak,0.0016112355515360832
2291,3595,0.03213159739971161,0.001284798956476152,0.006509867063818633,semantic_near_mid_graph_weak,0.0016112355515360832
1163,2382,0.03256598114967346,0.0012895717518404126,0.006501406468740617,semantic_near_mid_graph_weak,0.0016112355515360832
2909,3592,0.032424651086330414,0.0012888438068330288,0.006487840853029829,semantic_near_mid_graph_weak,0.0016112355515360832
52,2916,0.03220579773187637,0.001286655548028648,0.006487790025987449,semantic_near_mid_graph_weak,0.0016112355515360832
2916,3016,0.03214014694094658,0.0012865114258602262,0.006477439691882768,semantic_near_mid_graph_weak,0.0016112355515360832
2284,3645,0.03224695846438408,0.001287922146730125,0.006470732305910672,semantic_near_mid_graph_weak,0.0016112355515360832
1177,1918,0.03217906504869461,0.0012874800013378263,0.006465939073758274,semantic_near_mid_graph_weak,0.0016112355515360832
1032,2431,0.032480545341968536,0.0012908735079690814,0.006458108419965975,semantic_near_mid_graph_weak,0.0016112355515360832
663,1163,0.03199038654565811,0.0012887278571724892,0.006403251093115722,semantic_near_mid_graph_weak,0.0016112355515360832
605,3118,0.03267483785748482,0.0012967860093340278,0.006376837822388627,semantic_near_mid_graph_weak,0.0016112355515360832
2835,3210,0.032315243035554886,0.0012969254748895764,0.006303861968333861,semantic_near_mid_graph_weak,0.0016112355515360832
286,686,0.03203587606549263,0.0012942826142534614,0.006301912223634635,semantic_near_mid_graph_weak,0.0016112355515360832
1469,2812,0.03151708096265793,0.0012902095913887024,0.00627952949985129,semantic_near_mid_graph_weak,0.0016112355515360832
2284,3517,0.032309290021657944,0.0012990959221497178,0.006259177811389704,semantic_near_mid_graph_weak,0.0016112355515360832
894,3370,0.03210580348968506,0.0012973910197615623,0.0062537292290123165,semantic_near_mid_graph_weak,0.0016112355515360832
3016,3634,0.032314784824848175,0.001299985102377832,0.0062424089895467974,semantic_near_mid_graph_weak,0.0016112355515360832
2664,3545,0.0319681391119957,0.0012968938099220395,0.006236779293409052,semantic_near_mid_graph_weak,0.0016112355515360832
566,1940,0.0325452983379364,0.0013031888520345092,0.006222225997767687,semantic_near_mid_graph_weak,0.0016112355515360832
2143,3016,0.03157711401581764,0.0012945994967594743,0.006205456920105544,semantic_near_mid_graph_weak,0.0016112355515360832
2915,3638,0.03254735842347145,0.0013047150569036603,0.006191790141069145,semantic_near_mid_graph_weak,0.0016112355515360832
979,1016,0.03178234025835991,0.0012976493453606963,0.006185627852794527,semantic_near_mid_graph_weak,0.0016112355515360832
2664,2943,0.03199867904186249,0.0013003763742744923,0.006173574702300954,semantic_near_mid_graph_weak,0.0016112355515360832
316,1526,0.03237562254071236,0.0013044480001553893,0.0061644853567323415,semantic_near_mid_graph_weak,0.0016112355515360832
418,1033,0.03121790662407875,0.0012937001883983612,0.006152290586454547,semantic_near_mid_graph_weak,0.0016112355515360832
2300,3258,0.031841713935136795,0.0013000472681596875,0.0061497949755334545,semantic_near_mid_graph_weak,0.0016112355515360832
491,1166,0.033936500549316406,0.0013193059712648392,0.006148739923093061,semantic_near_mid_graph_weak,0.0016112355515360832
1491,1829,0.030864691361784935,0.0012908243807032704,0.006137769171735809,semantic_near_mid_graph_weak,0.0016112355515360832
685,2456,0.032027751207351685,0.001303059165365994,0.006125855784913963,semantic_near_mid_graph_weak,0.0016112355515360832
3097,3535,0.03166250139474869,0.0012998477322980762,0.006119103598186931,semantic_near_mid_graph_weak,0.0016112355515360832
507,2456,0.03245404362678528,0.001309136743657291,0.00608497490087723,semantic_near_mid_graph_weak,0.0016112355515360832
3490,3592,0.03240574523806572,0.0013114323373883963,0.006029749387022282,semantic_near_mid_graph_weak,0.0016112355515360832
315,770,0.03267548605799675,0.0013145494740456343,0.00601672535055394,semantic_near_mid_graph_weak,0.0016112355515360832
1918,2133,0.03283189237117767,0.001316326786763966,0.006009309324812441,semantic_near_mid_graph_weak,0.0016112355515360832
685,1180,0.03159696236252785,0.001305488753132522,0.005995814871643466,semantic_near_mid_graph_weak,0.0016112355515360832
3480,3487,0.03263042867183685,0.0013153997715562582,0.005991208615032052,semantic_near_mid_graph_weak,0.0016112355515360832
1703,2357,0.0318879708647728,0.0013089614221826196,0.00598230880693297,semantic_near_mid_graph_weak,0.0016112355515360832
1491,2650,0.033793434500694275,0.0013261022977530956,0.00598027515374709,semantic_near_mid_graph_weak,0.0016112355515360832
405,685,0.032280225306749344,0.0013127680867910385,0.005979632834888169,semantic_near_mid_graph_weak,0.0016112355515360832
2811,3641,0.03126215189695358,0.0013034549774602056,0.005971742026495487,semantic_near_mid_graph_weak,0.0016112355515360832
745,2080,0.03266629949212074,0.0013173591578379273,0.0059580700544102656,semantic_near_mid_graph_weak,0.0016112355515360832
1829,2880,0.03135651722550392,0.001307586207985878,0.005909369280281634,semantic_near_mid_graph_weak,0.0016112355515360832
73,1150,0.03369985893368721,0.0013293015072122216,0.0058968023100409335,semantic_near_mid_graph_weak,0.0016112355515360832
1678,2430,0.0313572958111763,0.0013088915729895234,0.00588411145904392,semantic_near_mid_graph_weak,0.0016112355515360832
1387,1755,0.03207951411604881,0.0013168129371479154,0.005861920316582409,semantic_near_mid_graph_weak,0.0016112355515360832
3198,3645,0.03256184607744217,0.0013215065700933337,0.005855202542495311,semantic_near_mid_graph_weak,0.0016112355515360832
76,2221,0.033162180334329605,0.0013272601645439863,0.005844733865861486,semantic_near_mid_graph_weak,0.0016112355515360832
1248,2535,0.031798217445611954,0.001315144239924848,0.005843450947562866,semantic_near_mid_graph_weak,0.0016112355515360832
2641,3462,0.031935546547174454,0.0013176070060580969,0.005819874116327405,semantic_near_mid_graph_weak,0.0016112355515360832
1163,2796,0.031976599246263504,0.001318000489845872,0.005819546399458436,semantic_near_mid_graph_weak,0.0016112355515360832
686,1874,0.03233956918120384,0.0013224604772403836,0.0057960870364918305,semantic_near_mid_graph_weak,0.0016112355515360832
1755,3668,0.03154465928673744,0.0013167217839509249,0.005765970372780186,semantic_near_mid_graph_weak,0.0016112355515360832
562,2916,0.03212570771574974,0.001323540578596294,0.005736221872179328,semantic_near_mid_graph_weak,0.0016112355515360832
687,989,0.03172314539551735,0.0013201734982430935,0.005730635614965548,semantic_near_mid_graph_weak,0.0016112355515360832
951,2430,0.03230644017457962,0.0013257086975499988,0.005725020291256149,semantic_near_mid_graph_weak,0.0016112355515360832
1183,3641,0.032037731260061264,0.0013247845927253366,0.005695777274040652,semantic_near_mid_graph_weak,0.0016112355515360832
480,1583,0.030976833775639534,0.0013156451750546694,0.005682877310653984,semantic_near_mid_graph_weak,0.0016112355515360832
2333,3442,0.03222796320915222,0.0013277397956699133,0.005670487335818394,semantic_near_mid_graph_weak,0.0016112355515360832
3237,3317,0.03261551260948181,0.0013319464633241296,0.005653522707827153,semantic_near_mid_graph_weak,0.0016112355515360832
2909,3631,0.032130949199199677,0.0013288443442434072,0.00563139109435076,semantic_near_mid_graph_weak,0.0016112355515360832
1480,2781,0.03196534514427185,0.0013276193058118224,0.005626670274532843,semantic_near_mid_graph_weak,0.0016112355515360832
1015,3349,0.031246831640601158,0.0013212101766839623,0.005624487400905957,semantic_near_mid_graph_weak,0.0016112355515360832
3190,3550,0.03257028013467789,0.0013333444949239492,0.005617421706062784,semantic_near_mid_graph_weak,0.0016112355515360832
3091,3190,0.032254260033369064,0.0013307702029123902,0.0056144505229132015,semantic_near_mid_graph_weak,0.0016112355515360832
685,3174,0.03255198895931244,0.0013336734846234322,0.00560762039358602,semantic_near_mid_graph_weak,0.0016112355515360832
3490,3631,0.03145208954811096,0.0013250684132799506,0.005586119577350306,semantic_near_mid_graph_weak,0.0016112355515360832
2720,3535,0.031455207616090775,0.001326023950241506,0.0055680189806423305,semantic_near_mid_graph_weak,0.0016112355515360832
157,2361,0.031986646354198456,0.0013316308613866568,0.005550781407633713,semantic_near_mid_graph_weak,0.0016112355515360832
685,1004,0.032139845192432404,0.0013345779152587056,0.0055185808138246365,semantic_near_mid_graph_weak,0.0016112355515360832
1027,2610,0.0321439728140831,0.0013347069034352899,0.005516716248218901,semantic_near_mid_graph_weak,0.0016112355515360832
3016,3103,0.0319620780646801,0.0013331484515219927,0.005516413531812399,semantic_near_mid_graph_weak,0.0016112355515360832
1829,3366,0.03115628845989704,0.0013262555003166199,0.005510628581056971,semantic_near_mid_graph_weak,0.0016112355515360832
1829,2357,0.03152717649936676,0.001330599538050592,0.0054912275990936085,semantic_near_mid_graph_weak,0.0016112355515360832
1687,1853,0.032594453543424606,0.0013403752818703651,0.0054793617655481556,semantic_near_mid_graph_weak,0.0016112355515360832
484,730,0.03318598121404648,0.0013462925562635064,0.0054569260562347,semantic_near_mid_graph_weak,0.0016112355515360832
1285,1918,0.03263947740197182,0.001342287170700729,0.005448200662034527,semantic_near_mid_graph_weak,0.0016112355515360832
1016,3339,0.032252926379442215,0.0013391157845035195,0.005447160599283544,semantic_near_mid_graph_weak,0.0016112355515360832
1795,2915,0.03218809887766838,0.001338739413768053,0.005443730817569209,semantic_near_mid_graph_weak,0.0016112355515360832
1163,1978,0.03189647197723389,0.0013363375328481197,0.005441958465550516,semantic_near_mid_graph_weak,0.0016112355515360832
2916,3657,0.032679010182619095,0.0013430699473246932,0.005438923255074391,semantic_near_mid_graph_weak,0.0016112355515360832
2932,3443,0.0325237400829792,0.0013422891497612,0.005428841772538874,semantic_near_mid_graph_weak,0.0016112355515360832
686,2413,0.032227370887994766,0.0013400346506386995,0.005424465721381251,semantic_near_mid_graph_weak,0.0016112355515360832
2768,3370,0.031171271577477455,0.0013331561349332333,0.005379777653720553,semantic_near_mid_graph_weak,0.0016112355515360832
3010,3642,0.0319318026304245,0.0013407571241259575,0.005360397957712464,semantic_near_mid_graph_weak,0.0016112355515360832
2525,3280,0.0322602242231369,0.0013451328268274665,0.0053279196560077876,semantic_near_mid_graph_weak,0.0016112355515360832
2420,3461,0.03178508207201958,0.0013417757581919432,0.0053156732039506,semantic_near_mid_graph_weak,0.0016112355515360832
607,2645,0.032225724309682846,0.0013465932570397854,0.00529301231901759,semantic_near_mid_graph_weak,0.0016112355515360832
686,1488,0.03216809034347534,0.0013472073478624225,0.005271285815970666,semantic_near_mid_graph_weak,0.0016112355515360832
1263,1713,0.03188285231590271,0.0013457793975248933,0.005252800775539959,semantic_near_mid_graph_weak,0.0016112355515360832
104,3277,0.03398026525974274,0.001362294889986515,0.005250051555358029,semantic_near_mid_graph_weak,0.0016112355515360832
3480,3481,0.03263624757528305,0.0013520501088351011,0.005249909156879201,semantic_near_mid_graph_weak,0.0016112355515360832
1552,3680,0.03223107010126114,0.0013492928119376302,0.005239888602548043,semantic_near_mid_graph_weak,0.0016112355515360832
1686,3005,0.0310696829110384,0.0013395745772868395,0.005238476969541192,semantic_near_mid_graph_weak,0.0016112355515360832
1792,3462,0.03293806314468384,0.0013552465243265033,0.00523311612292618,semantic_near_mid_graph_weak,0.0016112355515360832
1042,2634,0.032913267612457275,0.0013553020544350147,0.005228042338718765,semantic_near_mid_graph_weak,0.0016112355515360832
1978,2634,0.03198200464248657,0.0013478684704750776,0.005227669660802285,semantic_near_mid_graph_weak,0.0016112355515360832
2734,3443,0.032469287514686584,0.001355191576294601,0.0051597455385050195,semantic_near_mid_graph_weak,0.0016112355515360832
506,686,0.03197713941335678,0.001351850456558168,0.00514784653053867,semantic_near_mid_graph_weak,0.0016112355515360832
61,1491,0.031590536236763,0.0013488392578437924,0.005144647917168916,semantic_near_mid_graph_weak,0.0016112355515360832
3103,3479,0.03184906765818596,0.0013516453327611089,0.005131283525419593,semantic_near_mid_graph_weak,0.0016112355515360832
685,3230,0.032151851803064346,0.0013552592135965824,0.00510795164287165,semantic_near_mid_graph_weak,0.0016112355515360832
563,3526,0.0318601131439209,0.0013536298647522926,0.005093821520772977,semantic_near_mid_graph_weak,0.0016112355515360832
1113,1973,0.03203583136200905,0.0013550875009968877,0.00509293364521275,semantic_near_mid_graph_weak,0.0016112355515360832
2333,3599,0.03235558047890663,0.0013581423554569483,0.0050824209201411445,semantic_near_mid_graph_weak,0.0016112355515360832
2783,3091,0.03172103688120842,0.0013531357981264591,0.005081312778340922,semantic_near_mid_graph_weak,0.0016112355515360832
1164,1348,0.03195393458008766,0.001355562242679298,0.005070498957955312,semantic_near_mid_graph_weak,0.0016112355515360832
3221,3539,0.03205017372965813,0.001357199507765472,0.005053202387869972,semantic_near_mid_graph_weak,0.0016112355515360832
29,1727,0.031701382249593735,0.0013547538546845317,0.005046328765625782,semantic_near_mid_graph_weak,0.0016112355515360832
2718,2932,0.032611411064863205,0.0013631628826260567,0.005020991357886762,semantic_near_mid_graph_weak,0.0016112355515360832
1829,2638,0.031887155026197433,0.0013577103381976485,0.005017390395256184,semantic_near_mid_graph_weak,0.0016112355515360832
543,1534,0.031563494354486465,0.0013551953015848994,0.005015731545987123,semantic_near_mid_graph_weak,0.0016112355515360832
1493,3298,0.0323956124484539,0.0013618565862998366,0.005014030569824466,semantic_near_mid_graph_weak,0.0016112355515360832
1630,2995,0.031913649290800095,0.001358312671072781,0.005009628850995482,semantic_near_mid_graph_weak,0.0016112355515360832
1553,3443,0.03255165368318558,0.0013635142240673304,0.005004692736586047,semantic_near_mid_graph_weak,0.0016112355515360832
38,3145,0.03318784013390541,0.001368556171655655,0.0049986511628226015,semantic_near_mid_graph_weak,0.0016112355515360832
2752,3508,0.03197750821709633,0.0013611454050987959,0.004963433003379881,semantic_near_mid_graph_weak,0.0016112355515360832
2915,3521,0.03241760656237602,0.00136481411755085,0.004957930010825553,semantic_near_mid_graph_weak,0.0016112355515360832
406,686,0.031515151262283325,0.0013578103389590979,0.004956900249889463,semantic_near_mid_graph_weak,0.0016112355515360832
2718,2734,0.03263182193040848,0.0013666261220350862,0.004953994056527363,semantic_near_mid_graph_weak,0.0016112355515360832
83,1940,0.03218933567404747,0.0013641898985952139,0.00493548906722332,semantic_near_mid_graph_weak,0.0016112355515360832
298,2915,0.03218453377485275,0.0013646321604028344,0.004925918599148739,semantic_near_mid_graph_weak,0.0016112355515360832
364,1421,0.03268922492861748,0.001368587021715939,0.004922925367632941,semantic_near_mid_graph_weak,0.0016112355515360832
2962,3526,0.03182867541909218,0.0013623721897602081,0.004916097561350917,semantic_near_mid_graph_weak,0.0016112355515360832
2423,2978,0.031933896243572235,0.0013640244724228978,0.0048996020123412715,semantic_near_mid_graph_weak,0.0016112355515360832
1061,1163,0.03210390359163284,0.0013661379925906658,0.004883574220682167,semantic_near_mid_graph_weak,0.0016112355515360832
2894,3625,0.03198867663741112,0.001365790725685656,0.004872940619371112,semantic_near_mid_graph_weak,0.0016112355515360832
2060,3165,0.03230197727680206,0.0013688829494640231,0.004858673977024781,semantic_near_mid_graph_weak,0.0016112355515360832
2422,2978,0.032187484204769135,0.0013694152003154159,0.004830819880982896,semantic_near_mid_graph_weak,0.0016112355515360832
2517,3319,0.030816756188869476,0.0013589856680482626,0.0048245727638668075,semantic_near_mid_graph_weak,0.0016112355515360832
562,3634,0.03248437121510506,0.001372275990433991,0.004817700975402732,semantic_near_mid_graph_weak,0.0016112355515360832
1918,2885,0.031614672392606735,0.0013661346165463328,0.004809219704366128,semantic_near_mid_graph_weak,0.0016112355515360832
1918,2468,0.0319674089550972,0.0013691253261640668,0.004803541343970073,semantic_near_mid_graph_weak,0.0016112355515360832
3619,3655,0.0328497476875782,0.0013760894071310759,0.004794141679686201,semantic_near_mid_graph_weak,0.0016112355515360832
685,2372,0.03208921477198601,0.0013706033350899816,0.004792408451536735,semantic_near_mid_graph_weak,0.0016112355515360832
977,2908,0.03234335035085678,0.001373247359879315,0.00477728750137334,semantic_near_mid_graph_weak,0.0016112355515360832
1918,2428,0.0322287380695343,0.0013737803092226386,0.004749698329621559,semantic_near_mid_graph_weak,0.0016112355515360832
1596,2541,0.03246268630027771,0.001376118860207498,0.004737059945879771,semantic_near_mid_graph_weak,0.0016112355515360832
2429,3338,0.03237954154610634,0.0013760233996436,0.004726845579524922,semantic_near_mid_graph_weak,0.0016112355515360832
955,1839,0.03265862539410591,0.0013788628857582808,0.004710032518977144,semantic_near_mid_graph_weak,0.0016112355515360832
100,1016,0.03188836947083473,0.0013743978925049305,0.004687313886906773,semantic_near_mid_graph_weak,0.0016112355515360832
1189,1873,0.0321199856698513,0.0013761479640379548,0.00468647177900276,semantic_near_mid_graph_weak,0.0016112355515360832
784,2593,0.03222771733999252,0.001378892920911312,0.004647286126889888,semantic_near_mid_graph_weak,0.0016112355515360832
1209,3259,0.032021958380937576,0.001377411070279777,0.004647065911682171,semantic_near_mid_graph_weak,0.0016112355515360832
316,3347,0.032522786408662796,0.001381015870720148,0.0046469838001706384,semantic_near_mid_graph_weak,0.0016112355515360832
1206,1553,0.03214985132217407,0.0013783553149551153,0.004646784869420857,semantic_near_mid_graph_weak,0.0016112355515360832
685,2705,0.031922608613967896,0.0013771031517535448,0.004638748788146795,semantic_near_mid_graph_weak,0.0016112355515360832
2216,2755,0.03429996222257614,0.0013935136375948787,0.004634861374608296,semantic_near_mid_graph_weak,0.0016112355515360832
3577,3628,0.0321982279419899,0.001380120636895299,0.004618499570285123,semantic_near_mid_graph_weak,0.0016112355515360832
1206,2932,0.03220803290605545,0.001381369074806571,0.004594950154522677,semantic_near_mid_graph_weak,0.0016112355515360832
2291,2487,0.032155074179172516,0.001382787129841745,0.004559094999296151,semantic_near_mid_graph_weak,0.0016112355515360832
507,741,0.0313207246363163,0.001378138200379908,0.004531167365353275,semantic_near_mid_graph_weak,0.0016112355515360832
157,1032,0.032693564891815186,0.0013888311805203557,0.004512804927308105,semantic_near_mid_graph_weak,0.0016112355515360832
1677,2430,0.031813304871320724,0.0013835261343047023,0.004496045972636585,semantic_near_mid_graph_weak,0.0016112355515360832
1163,2403,0.03203580528497696,0.0013851909898221493,0.00449438913999371,semantic_near_mid_graph_weak,0.0016112355515360832
1976,2634,0.03201652318239212,0.0013857192825526,0.004481186408177745,semantic_near_mid_graph_weak,0.0016112355515360832
78,1150,0.03206480294466019,0.0013861105544492602,0.004480157269757536,semantic_near_mid_graph_weak,0.0016112355515360832
952,3641,0.03233233094215393,0.0013886067317798734,0.004467446532418269,semantic_near_mid_graph_weak,0.0016112355515360832
84,1162,0.031524717807769775,0.0013834773562848568,0.0044562154967699935,semantic_near_mid_graph_weak,0.0016112355515360832
2291,3318,0.032406531274318695,0.0013902230421081185,0.004445190395634462,semantic_near_mid_graph_weak,0.0016112355515360832
226,1016,0.0326821506023407,0.001393395010381937,0.004418657077488005,semantic_near_mid_graph_weak,0.0016112355515360832
323,1877,0.032446667551994324,0.001392025500535965,0.004414398405047401,semantic_near_mid_graph_weak,0.0016112355515360832
2677,3446,0.03197013959288597,0.0013892129063606262,0.004405373846346755,semantic_near_mid_graph_weak,0.0016112355515360832
2300,2948,0.032024163752794266,0.0013917143223807216,0.004363101213217329,semantic_near_mid_graph_weak,0.0016112355515360832
794,2526,0.03234436362981796,0.0013940277276560664,0.004360286633521061,semantic_near_mid_graph_weak,0.0016112355515360832
1553,3555,0.032099898904561996,0.001393833663314581,0.004331197028837921,semantic_near_mid_graph_weak,0.0016112355515360832
685,1408,0.031997017562389374,0.0013935784809291363,0.0043223829713471525,semantic_near_mid_graph_weak,0.0016112355515360832
1247,1596,0.03180493414402008,0.0013926326064392924,0.004315106047569461,semantic_near_mid_graph_weak,0.0016112355515360832
702,1533,0.030730295926332474,0.0013852755073457956,0.004309623765981801,semantic_near_mid_graph_weak,0.0016112355515360832
1808,3225,0.032247837632894516,0.0013966842088848352,0.00429410638012602,semantic_near_mid_graph_weak,0.0016112355515360832
1334,2594,0.03201679140329361,0.0013978983042761683,0.004239215139935174,semantic_near_mid_graph_weak,0.0016112355515360832
1152,1976,0.032139625400304794,0.0013996659545227885,0.004220219438193333,semantic_near_mid_graph_weak,0.0016112355515360832
2911,3171,0.03249858692288399,0.00140211486723274,0.0042179597698958704,semantic_near_mid_graph_weak,0.0016112355515360832
1727,3427,0.031189240515232086,0.0013937283074483275,0.004210362502981541,semantic_near_mid_graph_weak,0.0016112355515360832
58,1033,0.031302034854888916,0.0013953577727079391,0.004193932880162888,semantic_near_mid_graph_weak,0.0016112355515360832
403,1918,0.03318341448903084,0.0014078161912038922,0.004189424037075962,semantic_near_mid_graph_weak,0.0016112355515360832
2631,3512,0.033679716289043427,0.001410878379829228,0.0041880733658891875,semantic_near_mid_graph_weak,0.0016112355515360832
2932,3555,0.03242599964141846,0.0014037087094038725,0.004176462778610101,semantic_near_mid_graph_weak,0.0016112355515360832
2028,2780,0.03059379942715168,0.001391430152580142,0.0041736183652676334,semantic_near_mid_graph_weak,0.0016112355515360832
2523,3562,0.03196477144956589,0.0014009429141879082,0.0041719263728710754,semantic_near_mid_graph_weak,0.0016112355515360832
680,2594,0.03171222284436226,0.0013997755013406277,0.004161941578365266,semantic_near_mid_graph_weak,0.0016112355515360832
1767,1918,0.03205521032214165,0.001402583671733737,0.004151087582940938,semantic_near_mid_graph_weak,0.0016112355515360832
2143,3508,0.0318722277879715,0.0014015932101756334,0.004146984251603573,semantic_near_mid_graph_weak,0.0016112355515360832
686,2125,0.032532818615436554,0.0014073543716222048,0.00411661065876801,semantic_near_mid_graph_weak,0.0016112355515360832
3318,3319,0.03205586224794388,0.0014054009225219488,0.00409512222296937,semantic_near_mid_graph_weak,0.0016112355515360832
246,1124,0.03274354338645935,0.001411489094607532,0.004059249296290792,semantic_near_mid_graph_weak,0.0016112355515360832
2772,3014,0.032037217170000076,0.0014074691571295261,0.004051616303604484,semantic_near_mid_graph_weak,0.0016112355515360832
1046,2404,0.032064709812402725,0.0014081289991736412,0.004041961869752992,semantic_near_mid_graph_weak,0.0016112355515360832
1163,2091,0.03187280148267746,0.0014076253864914179,0.004027732856401335,semantic_near_mid_graph_weak,0.0016112355515360832
444,3215,0.03263650834560394,0.0014127062167972326,0.0040213265427730925,semantic_near_mid_graph_weak,0.0016112355515360832
1818,2879,0.03151620924472809,0.001405878341756761,0.004016843339354343,semantic_near_mid_graph_weak,0.0016112355515360832
1118,1326,0.03226594626903534,0.0014119419502094388,0.003990972409985363,semantic_near_mid_graph_weak,0.0016112355515360832
2061,3534,0.032218337059020996,0.0014127413742244244,0.003969098312647855,semantic_near_mid_graph_weak,0.0016112355515360832
1749,2943,0.032147761434316635,0.0014133669901639223,0.003947921395030871,semantic_near_mid_graph_weak,0.0016112355515360832
603,686,0.03236464411020279,0.0014147997135296464,0.003945776880051295,semantic_near_mid_graph_weak,0.0016112355515360832
382,2827,0.031813766807317734,0.0014114705845713615,0.003944349458543375,semantic_near_mid_graph_weak,0.0016112355515360832
1152,2620,0.03239995986223221,0.0014159883139654994,0.003926181156111961,semantic_near_mid_graph_weak,0.0016112355515360832
2781,2829,0.03211968019604683,0.0014147005276754498,0.003917889043416262,semantic_near_mid_graph_weak,0.0016112355515360832
78,1151,0.03207024931907654,0.0014152622316032648,0.0039006793414785765,semantic_near_mid_graph_weak,0.0016112355515360832
685,1060,0.032074689865112305,0.0014157358091324568,0.0038917919855526685,semantic_near_mid_graph_weak,0.0016112355515360832
1630,1954,0.03289620205760002,0.0014211268862709403,0.0038814021075320925,semantic_near_mid_graph_weak,0.0016112355515360832
1142,1163,0.03291749954223633,0.001421519205905497,0.0038758999045768717,semantic_near_mid_graph_weak,0.0016112355515360832
1553,2718,0.0326986163854599,0.0014213338727131486,0.003853888490026217,semantic_near_mid_graph_weak,0.0016112355515360832
2393,3545,0.03224818408489227,0.0014198211720213294,0.003831076183244817,semantic_near_mid_graph_weak,0.0016112355515360832
707,3222,0.0321570448577404,0.0014196502743288875,0.0038236596426642674,semantic_near_mid_graph_weak,0.0016112355515360832
3632,3680,0.03223932906985283,0.0014202469028532505,0.003821505730569444,semantic_near_mid_graph_weak,0.0016112355515360832
1554,2932,0.03256836533546448,0.001422399072907865,0.003817005787119828,semantic_near_mid_graph_weak,0.0016112355515360832
988,3621,0.031066937372088432,0.0014139574486762285,0.003803805384376336,semantic_near_mid_graph_weak,0.0016112355515360832
3446,3636,0.03172901272773743,0.0014186020707711577,0.003793405723422437,semantic_near_mid_graph_weak,0.0016112355515360832
1114,2231,0.0320921316742897,0.0014215639093890786,0.0037778258485280897,semantic_near_mid_graph_weak,0.0016112355515360832
2780,3340,0.03188883885741234,0.0014216501731425524,0.003752187304673841,semantic_near_mid_graph_weak,0.0016112355515360832
3603,3640,0.032558366656303406,0.0014261470641940832,0.0037400979819470262,semantic_near_mid_graph_weak,0.0016112355515360832
2534,2638,0.03232686221599579,0.0014250722015276551,0.0037350696238382265,semantic_near_mid_graph_weak,0.0016112355515360832
1697,2900,0.033850859850645065,0.001433888333849609,0.0037259330611736693,semantic_near_mid_graph_weak,0.0016112355515360832
3461,3514,0.032943177968263626,0.0014304782962426543,0.0036957466737307988,semantic_near_mid_graph_weak,0.0016112355515360832
980,1016,0.03177323937416077,0.0014240127056837082,0.0036919966741721273,semantic_near_mid_graph_weak,0.0016112355515360832
1037,1315,0.031879596412181854,0.0014246514765545726,0.003691716584629759,semantic_near_mid_graph_weak,0.0016112355515360832
1918,2014,0.031533218920230865,0.0014231998939067125,0.0036800141054383496,semantic_near_mid_graph_weak,0.0016112355515360832
698,1166,0.03235207125544548,0.0014282629126682878,0.0036739158621496236,semantic_near_mid_graph_weak,0.0016112355515360832
2393,2943,0.032505035400390625,0.0014299433678388596,0.0036573850690386814,semantic_near_mid_graph_weak,0.0016112355515360832
2430,2900,0.03167705610394478,0.001425400609150529,0.0036535340164313137,semantic_near_mid_graph_weak,0.0016112355515360832
37,686,0.03164536878466606,0.001425238442607224,0.0036530643203124737,semantic_near_mid_graph_weak,0.0016112355515360832
2780,3050,0.03188568353652954,0.0014274490531533957,0.0036370586039579694,semantic_near_mid_graph_weak,0.0016112355515360832
2500,3540,0.03187798708677292,0.001428371062502265,0.003617938925498465,semantic_near_mid_graph_weak,0.0016112355515360832
1571,3221,0.031890735030174255,0.0014287711819633842,0.0036114662793675463,semantic_near_mid_graph_weak,0.0016112355515360832
1207,2522,0.03302702680230141,0.0014351146528497338,0.003610117487672136,semantic_near_mid_graph_weak,0.0016112355515360832
1954,3640,0.031315118074417114,0.001426877686753869,0.0035830815041900917,semantic_near_mid_graph_weak,0.0016112355515360832
2097,3335,0.031052198261022568,0.0014265683712437749,0.0035589593894411638,semantic_near_mid_graph_weak,0.0016112355515360832
989,1973,0.03270084038376808,0.0014368753181770444,0.0035387291168660615,semantic_near_mid_graph_weak,0.0016112355515360832
2291,3621,0.03137272596359253,0.0014306935481727123,0.0035153735225350083,semantic_near_mid_graph_weak,0.0016112355515360832
246,1127,0.03388698026537895,0.0014441737439483404,0.00351358941368145,semantic_near_mid_graph_weak,0.0016112355515360832
2420,3456,0.0315919853746891,0.00143269298132509,0.0035007384621619573,semantic_near_mid_graph_weak,0.0016112355515360832
3230,3323,0.03168266639113426,0.0014343756483867764,0.003477699647395298,semantic_near_mid_graph_weak,0.0016112355515360832
2783,3550,0.033065065741539,0.0014436375349760056,0.003439372617136797,semantic_near_mid_graph_weak,0.0016112355515360832
1489,1818,0.03160029649734497,0.0014362792717292905,0.003431323440384802,semantic_near_mid_graph_weak,0.0016112355515360832
1553,1554,0.03254754841327667,0.0014414137694984674,0.003430462210959003,semantic_near_mid_graph_weak,0.0016112355515360832
1786,1918,0.031840670853853226,0.0014378902269527316,0.003425589398676598,semantic_near_mid_graph_weak,0.0016112355515360832
3369,3572,0.032268766313791275,0.0014412200544029474,0.0034049585993071643,semantic_near_mid_graph_weak,0.0016112355515360832
2028,2536,0.031331617385149,0.0014363337540999055,0.0034010894260747913,semantic_near_mid_graph_weak,0.0016112355515360832
2937,3020,0.029954127967357635,0.0014288360252976418,0.0033909497248387436,semantic_near_mid_graph_weak,0.0016112355515360832
2724,2732,0.03198888897895813,0.0014417605707421899,0.0033646950876663946,semantic_near_mid_graph_weak,0.0016112355515360832
1875,1921,0.032002925872802734,0.001442458713427186,0.0033523047787119933,semantic_near_mid_graph_weak,0.0016112355515360832
3426,3447,0.03150901198387146,0.0014400285435840487,0.0033480912583765204,semantic_near_mid_graph_weak,0.0016112355515360832
2721,2734,0.031932879239320755,0.0014436696656048298,0.0033209676853090987,semantic_near_mid_graph_weak,0.0016112355515360832
1689,2879,0.0319112166762352,0.0014436213532462716,0.003319671661005951,semantic_near_mid_graph_weak,0.0016112355515360832
1446,1998,0.0321604423224926,0.0014458573423326015,0.003300967604280532,semantic_near_mid_graph_weak,0.0016112355515360832
2536,3050,0.03302545100450516,0.001450387411750853,0.003296899919182272,semantic_near_mid_graph_weak,0.0016112355515360832
73,1151,0.033408988267183304,0.0014528417959809303,0.0032842963996743066,semantic_near_mid_graph_weak,0.0016112355515360832
2300,2883,0.03271642327308655,0.0014497650554403663,0.003278687024592034,semantic_near_mid_graph_weak,0.0016112355515360832
2393,2959,0.0330551452934742,0.001452792203053832,0.0032505290116471765,semantic_near_mid_graph_weak,0.0016112355515360832
2916,3442,0.032174769788980484,0.001449122792109847,0.0032372304033527993,semantic_near_mid_graph_weak,0.0016112355515360832
3462,3508,0.031991831958293915,0.0014487962471321225,0.0032253080097191995,semantic_near_mid_graph_weak,0.0016112355515360832
2721,2932,0.03206305950880051,0.001449628733098507,0.0032159227318761707,semantic_near_mid_graph_weak,0.0016112355515360832
246,443,0.03285646438598633,0.0014540087431669235,0.0032061836177699945,semantic_near_mid_graph_weak,0.0016112355515360832
2820,3627,0.03261067345738411,0.0014530702028423548,0.003201194594798489,semantic_near_mid_graph_weak,0.0016112355515360832
686,914,0.033443525433540344,0.0014572445070371032,0.00319630696351585,semantic_near_mid_graph_weak,0.0016112355515360832
2231,3389,0.033606238663196564,0.0014581071445718408,0.0031938655931774713,semantic_near_mid_graph_weak,0.0016112355515360832
102,3241,0.0322335921227932,0.0014517446979880333,0.0031906961807557006,semantic_near_mid_graph_weak,0.0016112355515360832
957,1034,0.0319051519036293,0.0014501111581921577,0.003190531787929541,semantic_near_mid_graph_weak,0.0016112355515360832
599,3398,0.031248576939105988,0.0014467400033026934,0.0031902547024927593,semantic_near_mid_graph_weak,0.0016112355515360832
1554,2734,0.03255677968263626,0.001453826786018908,0.003180616573518835,semantic_near_mid_graph_weak,0.0016112355515360832
2485,2739,0.03209953010082245,0.001452596508897841,0.0031604557877817365,semantic_near_mid_graph_weak,0.0016112355515360832
1918,3345,0.031569238752126694,0.001450702315196395,0.0031453576485621043,semantic_near_mid_graph_weak,0.0016112355515360832
549,2183,0.0320996418595314,0.001453487784601748,0.0031427104608668347,semantic_near_mid_graph_weak,0.0016112355515360832
1639,2244,0.033842191100120544,0.0014628339558839798,0.0031170086551487244,semantic_near_mid_graph_weak,0.0016112355515360832
700,1918,0.03195945546030998,0.0014541688142344356,0.0031154770575305313,semantic_near_mid_graph_weak,0.0016112355515360832
201,1918,0.03215654194355011,0.0014555271482095122,0.0031075802651949914,semantic_near_mid_graph_weak,0.0016112355515360832
2959,3447,0.032093826681375504,0.0014560096897184849,0.0030919078845372512,semantic_near_mid_graph_weak,0.0016112355515360832
73,1166,0.03246051073074341,0.001457965117879212,0.003087839361340675,semantic_near_mid_graph_weak,0.0016112355515360832
1206,2734,0.032284367829561234,0.0014583730371668935,0.0030629100981179468,semantic_near_mid_graph_weak,0.0016112355515360832
1573,3634,0.03253154084086418,0.0014597008703276515,0.0030595505826815366,semantic_near_mid_graph_weak,0.0016112355515360832
2673,3324,0.03157297149300575,0.001455308636650443,0.003055466368019995,semantic_near_mid_graph_weak,0.0016112355515360832
3190,3292,0.0321706086397171,0.001460979925468564,0.003000067207755864,semantic_near_mid_graph_weak,0.0016112355515360832
1151,1166,0.03313860297203064,0.0014654432889074087,0.002998538545800868,semantic_near_mid_graph_weak,0.0016112355515360832
686,796,0.03201861307024956,0.001461189822293818,0.0029817217866570447,semantic_near_mid_graph_weak,0.0016112355515360832
1642,1968,0.0319790244102478,0.0014634906547144055,0.0029323692972424865,semantic_near_mid_graph_weak,0.0016112355515360832
686,1063,0.032192412763834,0.0014667650684714317,0.002886513656289315,semantic_near_mid_graph_weak,0.0016112355515360832
686,795,0.032281745225191116,0.0014678185107186437,0.0028734174641352793,semantic_near_mid_graph_weak,0.0016112355515360832
1152,3615,0.03302644565701485,0.0014721512561663985,0.002850892855729186,semantic_near_mid_graph_weak,0.0016112355515360832
1768,1918,0.03192105144262314,0.0014683738118037581,0.002830310527117277,semantic_near_mid_graph_weak,0.0016112355515360832
811,3152,0.0313662588596344,0.0014662293251603842,0.0028228664818267983,semantic_near_mid_graph_weak,0.0016112355515360832
2300,3339,0.03201993554830551,0.001470763934776187,0.002791579487387832,semantic_near_mid_graph_weak,0.0016112355515360832
1630,3214,0.032043784856796265,0.0014710323885083199,0.0027883198009259974,semantic_near_mid_graph_weak,0.0016112355515360832
2724,3112,0.031926099210977554,0.001470591756515205,0.0027868102518990353,semantic_near_mid_graph_weak,0.0016112355515360832
3248,3275,0.032089050859212875,0.00147134973667562,0.002785938420524797,semantic_near_mid_graph_weak,0.0016112355515360832
1489,1689,0.03257351741194725,0.001474436023272574,0.002765605445826583,semantic_near_mid_graph_weak,0.0016112355515360832
945,3603,0.032240066677331924,0.001474113087169826,0.0027437561130733285,semantic_near_mid_graph_weak,0.0016112355515360832
2780,2943,0.03218678757548332,0.0014758745674043894,0.002704033707611267,semantic_near_mid_graph_weak,0.0016112355515360832
875,1166,0.032086603343486786,0.001476302626542747,0.0026870926712795245,semantic_near_mid_graph_weak,0.0016112355515360832
32,1163,0.031760577112436295,0.0014752496499568224,0.0026805458141702146,semantic_near_mid_graph_weak,0.0016112355515360832
2805,3335,0.032939717173576355,0.0014808098785579205,0.002666391500596074,semantic_near_mid_graph_weak,0.0016112355515360832
2734,3555,0.03221835568547249,0.0014779475750401616,0.0026652337898381657,semantic_near_mid_graph_weak,0.0016112355515360832
110,3005,0.031542956829071045,0.0014761261409148574,0.002645020029730345,semantic_near_mid_graph_weak,0.0016112355515360832
1620,2797,0.030632710084319115,0.0014723376370966434,0.00264071850964532,semantic_near_mid_graph_weak,0.0016112355515360832
2782,3324,0.032544199377298355,0.0014806041726842523,0.0026385301852558914,semantic_near_mid_graph_weak,0.0016112355515360832
686,3174,0.03267064690589905,0.0014816417824476957,0.0026277425836680975,semantic_near_mid_graph_weak,0.0016112355515360832
2631,3324,0.03200329840183258,0.0014791638823226094,0.002623284370952058,semantic_near_mid_graph_weak,0.0016112355515360832
999,1164,0.03192019835114479,0.001480759703554213,0.0025848579021512737,semantic_near_mid_graph_weak,0.0016112355515360832
1242,2183,0.032032210379838943,0.0014816486509516835,0.002576255754804704,semantic_near_mid_graph_weak,0.0016112355515360832
2039,2300,0.03180786967277527,0.0014808159321546555,0.00257465164053917,semantic_near_mid_graph_weak,0.0016112355515360832
79,686,0.03200298547744751,0.0014825188554823399,0.0025566209425963754,semantic_near_mid_graph_weak,0.0016112355515360832
2915,3558,0.03207913041114807,0.001482893363572657,0.002555247605482483,semantic_near_mid_graph_weak,0.0016112355515360832
2752,3213,0.03201163560152054,0.0014828264247626066,0.0025512012630699017,semantic_near_mid_graph_weak,0.0016112355515360832
1965,3057,0.03407317399978638,0.0014910483732819557,0.002541626290018288,semantic_near_mid_graph_weak,0.0016112355515360832
2230,2400,0.0316106453537941,0.0014820096548646688,0.002535268034715182,semantic_near_mid_graph_weak,0.0016112355515360832
598,2300,0.03195837885141373,0.0014836657792329788,0.0025303085631175593,semantic_near_mid_graph_weak,0.0016112355515360832
686,1004,0.03215883672237396,0.0014853307511657476,0.0025129484722532427,semantic_near_mid_graph_weak,0.0016112355515360832
2060,2507,0.03219057247042656,0.0014862550888210535,0.002496961191416157,semantic_near_mid_graph_weak,0.0016112355515360832
2962,3634,0.03143063932657242,0.0014835260808467865,0.002491249841152023,semantic_near_mid_graph_weak,0.0016112355515360832
2536,3381,0.031314074993133545,0.0014835534384474158,0.00248147904924797,semantic_near_mid_graph_weak,0.0016112355515360832
2916,3683,0.03217499330639839,0.0014870746526867151,0.0024793867573157033,semantic_near_mid_graph_weak,0.0016112355515360832
2915,3584,0.03220216557383537,0.0014874446205794811,0.0024740864558278385,semantic_near_mid_graph_weak,0.0016112355515360832
598,3347,0.03169126436114311,0.0014855414628982544,0.0024722670672557953,semantic_near_mid_graph_weak,0.0016112355515360832
2594,3303,0.03167145699262619,0.001485980348661542,0.0024620948607804237,semantic_near_mid_graph_weak,0.0016112355515360832
3465,3619,0.032771315425634384,0.0014905432472005486,0.002454790406688645,semantic_near_mid_graph_weak,0.0016112355515360832
853,1580,0.03436192125082016,0.0014979057013988495,0.002416922455608853,semantic_near_mid_graph_weak,0.0016112355515360832
1980,2634,0.03225833922624588,0.0014908926095813513,0.002409370523980287,semantic_near_mid_graph_weak,0.0016112355515360832
770,2315,0.03104793094098568,0.001487495144829154,0.002384433237203295,semantic_near_mid_graph_weak,0.0016112355515360832
2978,3033,0.032289665192365646,0.001492897397838533,0.002371533670997847,semantic_near_mid_graph_weak,0.0016112355515360832
492,3187,0.03161586448550224,0.0014904519775882363,0.0023700303176461095,semantic_near_mid_graph_weak,0.0016112355515360832
3114,3443,0.0326242670416832,0.0014947183663025498,0.0023592377677987995,semantic_near_mid_graph_weak,0.0016112355515360832
1249,2535,0.03187345340847969,0.001494252705015242,0.0023141540692908774,semantic_near_mid_graph_weak,0.0016112355515360832
244,2586,0.0313444621860981,0.0014923656126484275,0.0023124578532144418,semantic_near_mid_graph_weak,0.0016112355515360832
2432,3203,0.03263859823346138,0.001498726080171764,0.002279090372489781,semantic_near_mid_graph_weak,0.0016112355515360832
1630,3533,0.03190305083990097,0.001496282173320651,0.002276118762355378,semantic_near_mid_graph_weak,0.0016112355515360832
2230,3531,0.03170958161354065,0.0014964493457227945,0.0022590257258630494,semantic_near_mid_graph_weak,0.0016112355515360832
2402,3426,0.0336679108440876,0.0015043889870867133,0.002232634826390799,semantic_near_mid_graph_weak,0.0016112355515360832
236,1263,0.032142866402864456,0.0015015269163995981,0.00218859992201064,semantic_near_mid_graph_weak,0.0016112355515360832
1474,2995,0.032191406935453415,0.001501753693446517,0.0021873741815408676,semantic_near_mid_graph_weak,0.0016112355515360832
2470,3456,0.03246049955487251,0.0015028154011815786,0.002184269232991036,semantic_near_mid_graph_weak,0.0016112355515360832
2932,3650,0.032127413898706436,0.0015024300664663315,0.0021695393016575673,semantic_near_mid_graph_weak,0.0016112355515360832
3461,3625,0.032089825719594955,0.0015027298359200358,0.0021610307073843863,semantic_near_mid_graph_weak,0.0016112355515360832
1094,1671,0.03083910420536995,0.0014984835870563984,0.0021580765013744802,semantic_near_mid_graph_weak,0.0016112355515360832
1864,3104,0.03405212610960007,0.0015092594549059868,0.002155180165496145,semantic_near_mid_graph_weak,0.0016112355515360832
1474,3310,0.03196264058351517,0.001502944272942841,0.002148211794796407,semantic_near_mid_graph_weak,0.0016112355515360832
2536,3340,0.031278591603040695,0.0015007933834567666,0.002143991589444493,semantic_near_mid_graph_weak,0.0016112355515360832
2787,3222,0.03223602473735809,0.0015045966720208526,0.0021335263827438823,semantic_near_mid_graph_weak,0.0016112355515360832
598,1526,0.031736720353364944,0.0015030724462121725,0.002130503031008646,semantic_near_mid_graph_weak,0.0016112355515360832
2400,2879,0.03152308240532875,0.0015027503250166774,0.0021224635541784724,semantic_near_mid_graph_weak,0.0016112355515360832
1142,2634,0.032718829810619354,0.001507153152488172,0.0021135670060674614,semantic_near_mid_graph_weak,0.0016112355515360832
2718,3114,0.0326889306306839,0.0015073488466441631,0.00210766531710696,semantic_near_mid_graph_weak,0.0016112355515360832
1491,3178,0.03280739486217499,0.001508396933786571,0.0020939626961259785,semantic_near_mid_graph_weak,0.0016112355515360832
701,1533,0.030855009332299232,0.0015022766310721636,0.002086553083158059,semantic_near_mid_graph_weak,0.0016112355515360832
395,3221,0.033311568200588226,0.0015121953329071403,0.00204761184316837,semantic_near_mid_graph_weak,0.0016112355515360832
1689,2230,0.031460199505090714,0.0015071423258632421,0.0020324735534006572,semantic_near_mid_graph_weak,0.0016112355515360832
246,1149,0.03330663591623306,0.0015138707822188735,0.0020126746332183943,semantic_near_mid_graph_weak,0.0016112355515360832
2153,2954,0.03303494676947594,0.0015140227042138577,0.00199314199189391,semantic_near_mid_graph_weak,0.0016112355515360832
2256,2910,0.032434627413749695,0.0015124283963814378,0.0019890159822989186,semantic_near_mid_graph_weak,0.0016112355515360832
663,1150,0.03236226737499237,0.0015127226943150163,0.001978667502850976,semantic_near_mid_graph_weak,0.0016112355515360832
1918,3342,0.03232933208346367,0.0015140302712097764,0.0019504173582437063,semantic_near_mid_graph_weak,0.0016112355515360832
728,2041,0.031938016414642334,0.0015135103603824973,0.0019371151264703152,semantic_near_mid_graph_weak,0.0016112355515360832
878,1126,0.03161591291427612,0.0015141760231927037,0.0019045170600161514,semantic_near_mid_graph_weak,0.0016112355515360832
584,1091,0.032018475234508514,0.0015165089862421155,0.001882406443938894,semantic_near_mid_graph_weak,0.0016112355515360832
463,1873,0.031976308673620224,0.001516900840215385,0.001872150750988411,semantic_near_mid_graph_weak,0.0016112355515360832
2402,2782,0.0324084646999836,0.0015185734955593944,0.0018638087815809798,semantic_near_mid_graph_weak,0.0016112355515360832
3091,3262,0.03253306448459625,0.0015191828133538365,0.0018586715421042039,semantic_near_mid_graph_weak,0.0016112355515360832
3178,3206,0.03122648410499096,0.0015159971080720425,0.001845764722717731,semantic_near_mid_graph_weak,0.0016112355515360832
3387,3641,0.03157706558704376,0.0015181698836386204,0.0018239050747723051,semantic_near_mid_graph_weak,0.0016112355515360832
42,686,0.0316530242562294,0.0015186097007244825,0.0018196521915733194,semantic_near_mid_graph_weak,0.0016112355515360832
153,1164,0.032777782529592514,0.0015225778333842754,0.001803586944428706,semantic_near_mid_graph_weak,0.0016112355515360832
2943,3553,0.031424470245838165,0.0015192930586636066,0.0017931854401082733,semantic_near_mid_graph_weak,0.0016112355515360832
246,1148,0.03334256261587143,0.0015259836800396442,0.0017641839275333209,semantic_near_mid_graph_weak,0.0016112355515360832
955,1825,0.031933411955833435,0.0015228557167574763,0.0017516182968301036,semantic_near_mid_graph_weak,0.0016112355515360832
241,2325,0.03346754610538483,0.001527004293166101,0.0017495973945736475,semantic_near_mid_graph_weak,0.0016112355515360832
2915,3450,0.03217398002743721,0.0015239134663715959,0.0017436922995883067,semantic_near_mid_graph_weak,0.0016112355515360832
551,1164,0.03198784962296486,0.0015248754061758518,0.0017145074415512002,semantic_near_mid_graph_weak,0.0016112355515360832
2879,3531,0.03131179139018059,0.00152465864084661,0.0016824840813192347,semantic_near_mid_graph_weak,0.0016112355515360832
1202,2284,0.03195582702755928,0.0015281320083886385,0.0016482024913522272,semantic_near_mid_graph_weak,0.0016112355515360832
1160,3641,0.03229457512497902,0.0015290341107174754,0.0016475931178201765,semantic_near_mid_graph_weak,0.0016112355515360832
2706,3190,0.03244730085134506,0.001529479748569429,0.001646410503214939,semantic_near_mid_graph_weak,0.0016112355515360832
1810,2783,0.033326148986816406,0.001531898626126349,0.0016409730990854026,semantic_near_mid_graph_weak,0.0016112355515360832
2697,3474,0.032263416796922684,0.0015302288811653852,0.0016220793831225422,semantic_near_mid_graph_weak,0.0016112355515360832
3268,3342,0.03166753798723221,0.0015299939550459385,0.001596738192961498,semantic_near_mid_graph_weak,0.0016112355515360832
686,1949,0.03267508000135422,0.001532551716081798,0.001595670239420348,semantic_near_mid_graph_weak,0.0016112355515360832
1793,2724,0.031969327479600906,0.0015314496122300625,0.0015830725802381967,semantic_near_mid_graph_weak,0.0016112355515360832
2645,3596,0.031308863312006,0.001530707930214703,0.001564779455361717,semantic_near_mid_graph_weak,0.0016112355515360832
1162,1368,0.03185856342315674,0.0015328824520111084,0.0015492565244340185,semantic_near_mid_graph_weak,0.0016112355515360832
1553,2721,0.03188711777329445,0.0015330768655985594,0.0015467975623550169,semantic_near_mid_graph_weak,0.0016112355515360832
2724,3133,0.03187884762883186,0.0015332718612626195,0.0015425383336655665,semantic_near_mid_graph_weak,0.0016112355515360832
1887,2867,0.03506414592266083,0.0015420002164319158,0.0015067181771047733,semantic_near_mid_graph_weak,0.0016112355515360832
3346,3381,0.031943678855895996,0.0015353215858340263,0.001505038378002612,semantic_near_mid_graph_weak,0.0016112355515360832
1206,3114,0.0322122722864151,0.0015367012238129973,0.0014901111491811407,semantic_near_mid_graph_weak,0.0016112355515360832
707,2588,0.03236228600144386,0.0015372331254184246,0.0014863672021990853,semantic_near_mid_graph_weak,0.0016112355515360832
2374,3426,0.03169422969222069,0.0015357870142906904,0.001484130155344326,semantic_near_mid_graph_weak,0.0016112355515360832
1821,3426,0.031947068870067596,0.0015367193846032023,0.0014774829879272847,semantic_near_mid_graph_weak,0.0016112355515360832
2706,2783,0.0322403758764267,0.0015377001836895943,0.0014714222866556526,semantic_near_mid_graph_weak,0.0016112355515360832
1918,2104,0.033460937440395355,0.0015407943865284324,0.0014628695433777403,semantic_near_mid_graph_weak,0.0016112355515360832
3324,3366,0.031343597918748856,0.001536809140816331,0.0014478277182449146,semantic_near_mid_graph_weak,0.0016112355515360832
1533,1555,0.03216570243239403,0.001538831158541143,0.0014454361794916046,semantic_near_mid_graph_weak,0.0016112355515360832
685,2347,0.03214798867702484,0.0015407649334520102,0.0014060567556803876,semantic_near_mid_graph_weak,0.0016112355515360832
2010,3533,0.03251998499035835,0.0015434635570272803,0.0013678597409868313,semantic_near_mid_graph_weak,0.0016112355515360832
125,156,0.03181636333465576,0.0015428673941642046,0.0013500360846623867,semantic_near_mid_graph_weak,0.0016112355515360832
2764,3221,0.03197710961103439,0.0015434036031365395,0.0013462151123926863,semantic_near_mid_graph_weak,0.0016112355515360832
1035,1918,0.03182388097047806,0.001543340622447431,0.0013410082341817823,semantic_near_mid_graph_weak,0.0016112355515360832
1130,3680,0.03179699555039406,0.0015434341039508581,0.00133803051026422,semantic_near_mid_graph_weak,0.0016112355515360832
2752,3554,0.033368371427059174,0.0015467879129573703,0.0013346979215057375,semantic_near_mid_graph_weak,0.0016112355515360832
2673,3180,0.031682442873716354,0.0015462420415133238,0.0012779963590644943,semantic_near_mid_graph_weak,0.0016112355515360832
2010,2869,0.031649135053157806,0.0015466237673535943,0.001269154644500956,semantic_near_mid_graph_weak,0.0016112355515360832
638,1464,0.03215400129556656,0.0015478819841518998,0.0012642910503108881,semantic_near_mid_graph_weak,0.0016112355515360832
2961,3002,0.0318746417760849,0.001547575811855495,0.0012593635958088694,semantic_near_mid_graph_weak,0.0016112355515360832
584,1094,0.03223126009106636,0.0015494495164602995,0.0012359718382732936,semantic_near_mid_graph_weak,0.0016112355515360832
2922,3532,0.03213313966989517,0.0015493440441787243,0.0012343126666975247,semantic_near_mid_graph_weak,0.0016112355515360832
2734,3546,0.03259173035621643,0.0015504161128774285,0.0012302426813320774,semantic_near_mid_graph_weak,0.0016112355515360832
382,3422,0.03261306509375572,0.001551414025016129,0.0012108492371231089,semantic_near_mid_graph_weak,0.0016112355515360832
2719,2932,0.03222678601741791,0.0015510576777160168,0.0012036349748697959,semantic_near_mid_graph_weak,0.0016112355515360832
685,2842,0.03198222443461418,0.0015509456861764193,0.001196723845391305,semantic_near_mid_graph_weak,0.0016112355515360832
351,1091,0.03228209912776947,0.0015517484862357378,0.0011918600834093112,semantic_near_mid_graph_weak,0.0016112355515360832
1166,1976,0.03209982439875603,0.0015516774728894234,0.0011865452349673214,semantic_near_mid_graph_weak,0.0016112355515360832
782,1332,0.03324083983898163,0.0015544169582426548,0.0011722046213183935,semantic_near_mid_graph_weak,0.0016112355515360832
685,1062,0.03225335106253624,0.0015530099626630545,0.0011655467488625886,semantic_near_mid_graph_weak,0.0016112355515360832
2961,3673,0.03159617260098457,0.001551849185489118,0.0011645608675753805,semantic_near_mid_graph_weak,0.0016112355515360832
2633,2961,0.031008940190076828,0.0015514977276325226,0.0011496808190117494,semantic_near_mid_graph_weak,0.0016112355515360832
214,3152,0.03207032382488251,0.0015537288272753358,0.0011446242403180332,semantic_near_mid_graph_weak,0.0016112355515360832
1791,3526,0.03296693414449692,0.0015553092816844583,0.0011442880920720512,semantic_near_mid_graph_weak,0.0016112355515360832
3343,3362,0.03156352788209915,0.0015537198632955551,0.0011267117509338152,semantic_near_mid_graph_weak,0.0016112355515360832
1821,2782,0.032361824065446854,0.001555604743771255,0.0011173502296344699,semantic_near_mid_graph_weak,0.0016112355515360832
3190,3304,0.03277729079127312,0.001556524308398366,0.001112988305258882,semantic_near_mid_graph_weak,0.0016112355515360832
1309,2047,0.03261694312095642,0.001556472503580153,0.0011085922344537971,semantic_near_mid_graph_weak,0.0016112355515360832
1634,3340,0.03213032707571983,0.0015561366453766823,0.001098750505305182,semantic_near_mid_graph_weak,0.0016112355515360832
1409,3641,0.0320560522377491,0.0015560509636998177,0.0010979152171211048,semantic_near_mid_graph_weak,0.0016112355515360832
3382,3673,0.03163642808794975,0.0015558985760435462,0.0010865352642605705,semantic_near_mid_graph_weak,0.0016112355515360832
2536,2943,0.031473707407712936,0.0015561752952635288,0.001075541309936929,semantic_near_mid_graph_weak,0.0016112355515360832
2739,3645,0.03220384195446968,0.0015577195445075631,0.0010696269895098288,semantic_near_mid_graph_weak,0.0016112355515360832
3114,3555,0.03219199925661087,0.0015584912616759539,0.0010538149672461028,semantic_near_mid_graph_weak,0.0016112355515360832
1821,1965,0.031008128076791763,0.0015571268741041422,0.0010413181351887912,semantic_near_mid_graph_weak,0.0016112355515360832
2487,2687,0.03237024322152138,0.0015601920895278454,0.001025479656590202,semantic_near_mid_graph_weak,0.0016112355515360832
858,1491,0.03051871433854103,0.0015579058090224862,0.0010101286406998492,semantic_near_mid_graph_weak,0.0016112355515360832
78,2634,0.03379684314131737,0.0015636569587513804,0.000997995752822243,semantic_near_mid_graph_weak,0.0016112355515360832
3002,3545,0.03202346712350845,0.00156139035243541,0.0009906782984917236,semantic_near_mid_graph_weak,0.0016112355515360832
1177,2300,0.0323931910097599,0.0015630037523806095,0.0009696793751218601,semantic_near_mid_graph_weak,0.0016112355515360832
2475,3526,0.03223233297467232,0.0015632275026291609,0.0009603880800402136,semantic_near_mid_graph_weak,0.0016112355515360832
2673,3553,0.031372882425785065,0.0015646553365513682,0.0009069782544768577,semantic_near_mid_graph_weak,0.0016112355515360832
1003,1918,0.03285292908549309,0.0015670231077820063,0.0009014872331759844,semantic_near_mid_graph_weak,0.0016112355515360832
1107,3665,0.03224018216133118,0.001566429273225367,0.0008965557974013198,semantic_near_mid_graph_weak,0.0016112355515360832
493,3231,0.031546059995889664,0.0015664150705561042,0.0008775312713843056,semantic_near_mid_graph_weak,0.0016112355515360832
3545,3673,0.03178146854043007,0.0015672827139496803,0.0008669655555223859,semantic_near_mid_graph_weak,0.0016112355515360832
1734,2959,0.032179832458496094,0.0015679659554734826,0.0008641867109460371,semantic_near_mid_graph_weak,0.0016112355515360832
1634,2961,0.03186758607625961,0.0015679060015827417,0.0008569871496860261,semantic_near_mid_graph_weak,0.0016112355515360832
1489,3324,0.03188548982143402,0.0015685646794736385,0.0008444337362849729,semantic_near_mid_graph_weak,0.0016112355515360832
2654,2805,0.03227301687002182,0.0015691121807321906,0.000843730300811803,semantic_near_mid_graph_weak,0.0016112355515360832
2374,3190,0.03222155570983887,0.0015699234791100025,0.0008261605461081145,semantic_near_mid_graph_weak,0.0016112355515360832
1965,3543,0.03293021023273468,0.0015708835562691092,0.0008247085202315379,semantic_near_mid_graph_weak,0.0016112355515360832
1965,3673,0.03104495070874691,0.0015688262647017837,0.000817133297554633,semantic_near_mid_graph_weak,0.0016112355515360832
664,1164,0.03194991499185562,0.0015710815787315369,0.0007962312006257934,semantic_near_mid_graph_weak,0.0016112355515360832
2783,3292,0.03214588761329651,0.001571555039845407,0.0007916690194866325,semantic_near_mid_graph_weak,0.0016112355515360832
412,1153,0.030306242406368256,0.0015699266223236918,0.0007769927997583672,semantic_near_mid_graph_weak,0.0016112355515360832
2028,3002,0.032969411462545395,0.0015734490007162094,0.0007731956637520242,semantic_near_mid_graph_weak,0.0016112355515360832
1553,2719,0.03213558346033096,0.0015732330502942204,0.0007579478675200158,semantic_near_mid_graph_weak,0.0016112355515360832
2961,3346,0.03173941373825073,0.0015733499312773347,0.0007463014175526916,semantic_near_mid_graph_weak,0.0016112355515360832
1491,3026,0.03178299590945244,0.0015736621571704745,0.000741167260297783,semantic_near_mid_graph_weak,0.0016112355515360832
1152,1978,0.03281242772936821,0.0015748980222269893,0.0007400051179244001,semantic_near_mid_graph_weak,0.0016112355515360832
2301,2948,0.031943485140800476,0.0015748426085337996,0.0007215068168742607,semantic_near_mid_graph_weak,0.0016112355515360832
649,3222,0.03206493705511093,0.0015756835928186774,0.0007075137569877472,semantic_near_mid_graph_weak,0.0016112355515360832
411,1163,0.032467614859342575,0.001576584530994296,0.000698244268729888,semantic_near_mid_graph_weak,0.0016112355515360832
652,3050,0.03151673823595047,0.0015755536733195186,0.0006979590379857314,semantic_near_mid_graph_weak,0.0016112355515360832
323,1543,0.03205028548836708,0.001576318871229887,0.0006945536740749922,semantic_near_mid_graph_weak,0.0016112355515360832
2133,2300,0.032068587839603424,0.0015763461124151945,0.0006944081155955416,semantic_near_mid_graph_weak,0.0016112355515360832
1821,2230,0.031555626541376114,0.0015762801049277186,0.0006845932723548537,semantic_near_mid_graph_weak,0.0016112355515360832
1785,2654,0.03146587312221527,0.0015762889524921775,0.0006824733047381756,semantic_near_mid_graph_weak,0.0016112355515360832
244,2134,0.0322304405272007,0.0015774223720654845,0.0006763838278789931,semantic_near_mid_graph_weak,0.0016112355515360832
1483,3009,0.03204457461833954,0.0015773505438119173,0.000673911804779172,semantic_near_mid_graph_weak,0.0016112355515360832
1489,3531,0.03177422657608986,0.001577719347551465,0.0006609533028007122,semantic_near_mid_graph_weak,0.0016112355515360832
2419,2752,0.031822554767131805,0.0015782073605805635,0.0006523201493036175,semantic_near_mid_graph_weak,0.0016112355515360832
2937,3241,0.032041117548942566,0.0015789569588378072,0.0006418938447416324,semantic_near_mid_graph_weak,0.0016112355515360832
382,3001,0.03141658380627632,0.0015797785017639399,0.0006133634771915075,semantic_near_mid_graph_weak,0.0016112355515360832
1554,3114,0.032559677958488464,0.0015809837495908141,0.0006113252206127705,semantic_near_mid_graph_weak,0.0016112355515360832
2433,3502,0.03009120561182499,0.001579608186148107,0.0005906681701149098,semantic_near_mid_graph_weak,0.0016112355515360832
2199,2954,0.03209454193711281,0.0015823465073481202,0.0005754469849735818,semantic_near_mid_graph_weak,0.0016112355515360832
1807,3005,0.03105107508599758,0.0015813944628462195,0.0005750853031224944,semantic_near_mid_graph_weak,0.0016112355515360832
800,1918,0.033188071101903915,0.001583522418513894,0.0005708323828381806,semantic_near_mid_graph_weak,0.0016112355515360832
1141,2634,0.03225310519337654,0.001582834287546575,0.000568525783958255,semantic_near_mid_graph_weak,0.0016112355515360832
1634,3545,0.03192330151796341,0.0015830554766580462,0.0005583299265416015,semantic_near_mid_graph_weak,0.0016112355515360832
1436,1514,0.03195425868034363,0.0015832380158826709,0.0005552512144039822,semantic_near_mid_graph_weak,0.0016112355515360832
1491,1722,0.034031711518764496,0.0015851343050599098,0.0005512974744819053,semantic_near_mid_graph_weak,0.0016112355515360832
2284,3369,0.032223720103502274,0.0015851877396926284,0.0005209402171842418,semantic_near_mid_graph_weak,0.0016112355515360832
2374,2783,0.03286602348089218,0.0015861522406339645,0.0005116500093990701,semantic_near_mid_graph_weak,0.0016112355515360832
980,1918,0.03230895474553108,0.0015858523547649384,0.0005089911000250561,semantic_near_mid_graph_weak,0.0016112355515360832
219,1687,0.03141557425260544,0.0015854770317673683,0.0005022348778611487,semantic_near_mid_graph_weak,0.0016112355515360832
2565,3641,0.0314931757748127,0.0015855473466217518,0.0005021011061574333,semantic_near_mid_graph_weak,0.0016112355515360832
707,3562,0.03226948529481888,0.0015878764679655433,0.0004678307917556527,semantic_near_mid_graph_weak,0.0016112355515360832
1491,3596,0.0325167141854763,0.0015881698345765471,0.0004654945238399753,semantic_near_mid_graph_weak,0.0016112355515360832
607,2357,0.031763117760419846,0.0015879370039328933,0.0004592962900187692,semantic_near_mid_graph_weak,0.0016112355515360832
2028,2633,0.032723210752010345,0.00158967066090554,0.0004379697681537388,semantic_near_mid_graph_weak,0.0016112355515360832
2631,3596,0.03212626278400421,0.0015895350370556116,0.00043268436454438873,semantic_near_mid_graph_weak,0.0016112355515360832
1046,1442,0.031770795583724976,0.0015896637924015522,0.00042535801124245887,semantic_near_mid_graph_weak,0.0016112355515360832
2829,3005,0.03129123896360397,0.0015895530814304948,0.00042108762604470826,semantic_near_mid_graph_weak,0.0016112355515360832
2780,2978,0.03187303990125656,0.0015906201442703605,0.00040780858995732156,semantic_near_mid_graph_weak,0.0016112355515360832
1385,1642,0.031686507165431976,0.0015905877808108926,0.0004060584030747168,semantic_near_mid_graph_weak,0.0016112355515360832
686,3230,0.032239798456430435,0.0015910735819488764,0.000403428186124944,semantic_near_mid_graph_weak,0.0016112355515360832
2476,3215,0.032631877809762955,0.0015913393581286073,0.00040295172951788254,semantic_near_mid_graph_weak,0.0016112355515360832
1032,2898,0.03223302960395813,0.0015916533302515745,0.00039174552583144825,semantic_near_mid_graph_weak,0.0016112355515360832
891,2916,0.03221408277750015,0.0015918380813673139,0.0003878214511187381,semantic_near_mid_graph_weak,0.0016112355515360832
735,3340,0.032772477716207504,0.0015922291204333305,0.0003865901786897382,semantic_near_mid_graph_weak,0.0016112355515360832
2609,2825,0.03169489651918411,0.0015922088641673326,0.0003742772971217615,semantic_near_mid_graph_weak,0.0016112355515360832
1491,3078,0.03284240886569023,0.0015931156231090426,0.00036934518820079613,semantic_near_mid_graph_weak,0.0016112355515360832
2634,3350,0.03261589631438255,0.001593890250660479,0.000351117212105412,semantic_near_mid_graph_weak,0.0016112355515360832
3381,3545,0.03356236219406128,0.001594525296241045,0.00034807799519606365,semantic_near_mid_graph_weak,0.0016112355515360832
351,1094,0.032670389860868454,0.0015941942110657692,0.00034554056133268213,semantic_near_mid_graph_weak,0.0016112355515360832
3406,3526,0.03186296299099922,0.0015938992146402597,0.00034283445420782535,semantic_near_mid_graph_weak,0.0016112355515360832
3249,3640,0.03161122649908066,0.0015945815248414874,0.0003267394450567495,semantic_near_mid_graph_weak,0.0016112355515360832
1480,2952,0.031913142651319504,0.0015949140070006251,0.0003232747555460525,semantic_near_mid_graph_weak,0.0016112355515360832
1648,2645,0.03397765010595322,0.0015966282226145267,0.0003080385798377183,semantic_near_mid_graph_weak,0.0016112355515360832
2961,3050,0.033395152539014816,0.001596578280441463,0.0003037928275253621,semantic_near_mid_graph_weak,0.0016112355515360832
2783,3257,0.03140232712030411,0.0015960695454850793,0.00029557930413594784,semantic_near_mid_graph_weak,0.0016112355515360832
735,3545,0.03283034637570381,0.0015968774678185582,0.00029255862762480787,semantic_near_mid_graph_weak,0.0016112355515360832
2081,2781,0.03186892345547676,0.0015968044754117727,0.00028543490115232116,semantic_near_mid_graph_weak,0.0016112355515360832
686,2456,0.03182089328765869,0.0015973523259162903,0.0002741850131811895,semantic_near_mid_graph_weak,0.0016112355515360832
2825,3349,0.03143459931015968,0.0015976293943822384,0.00026545100613899864,semantic_near_mid_graph_weak,0.0016112355515360832
1821,2879,0.03167976811528206,0.0015990773681551218,0.000239051596052935,semantic_near_mid_graph_weak,0.0016112355515360832
2638,3324,0.03173220902681351,0.0015993998385965824,0.00023309646849558807,semantic_near_mid_graph_weak,0.0016112355515360832
3346,3382,0.03193392977118492,0.001600118586793542,0.0002203330053253881,semantic_near_mid_graph_weak,0.0016112355515360832
2721,3114,0.03201986104249954,0.0016004957724362612,0.00021343014314424352,semantic_near_mid_graph_weak,0.0016112355515360832
2783,3235,0.03177329897880554,0.0016007000813260674,0.0002077577325959552,semantic_near_mid_graph_weak,0.0016112355515360832
2952,3628,0.03203432634472847,0.00160112208686769,0.00020107427952065682,semantic_near_mid_graph_weak,0.0016112355515360832
2284,3505,0.03224842622876167,0.0016022756462916732,0.00017932998251905992,semantic_near_mid_graph_weak,0.0016112355515360832
2633,3545,0.034194640815258026,0.0016028046375140548,0.00017892608964141808,semantic_near_mid_graph_weak,0.0016112355515360832
1837,2231,0.03130180761218071,0.0016030347906053066,0.00015931788538549397,semantic_near_mid_graph_weak,0.0016112355515360832
1820,2673,0.031946953386068344,0.001603425364010036,0.00015485736805720892,semantic_near_mid_graph_weak,0.0016112355515360832
2715,2752,0.031794968992471695,0.0016052196733653545,0.00011871303343477818,semantic_near_mid_graph_weak,0.0016112355515360832
2604,2752,0.03181207552552223,0.001608200022019446,5.9933194839920324e-05,semantic_near_mid_graph_weak,0.0016112355515360832
1634,2028,0.03262961655855179,0.0016086403047665954,5.255712417869463e-05,semantic_near_mid_graph_weak,0.0016112355515360832
956,3340,0.031939584761857986,0.001608934486284852,4.561410562483915e-05,semantic_near_mid_graph_weak,0.0016112355515360832
2719,2734,0.03231565281748772,0.0016090431017801166,4.397274195325479e-05,semantic_near_mid_graph_weak,0.0016112355515360832
1852,2012,0.032346781343221664,0.0016093635931611061,3.758099067592635e-05,semantic_near_mid_graph_weak,0.0016112355515360832
1807,2978,0.031827542930841446,0.0016098500927910209,2.7367660579076086e-05,semantic_near_mid_graph_weak,0.0016112355515360832
1745,3190,0.031728923320770264,0.0016101844375953078,2.0698844186041513e-05,semantic_near_mid_graph_weak,0.0016112355515360832
