item_a,item_b,semantic_sim,mid_affinity,reliability,rule,weak_threshold
1519,1862,0.03381210193037987,0.0009323220001533628,0.01520710440302074,semantic_near_mid_graph_weak,0.0016943709051702172
2343,2910,0.03352389112114906,0.0010058818152174354,0.013622066584858735,semantic_near_mid_graph_weak,0.0016943709051702172
154,1322,0.0316874161362648,0.0009667829726822674,0.013607045259168948,semantic_near_mid_graph_weak,0.0016943709051702172
621,647,0.03216633200645447,0.000983398756943643,0.013497260899260233,semantic_near_mid_graph_weak,0.0016943709051702172
2173,2193,0.032922323793172836,0.0010225350270047784,0.013054047522499902,semantic_near_mid_graph_weak,0.0016943709051702172
10,353,0.033104561269283295,0.001028386759571731,0.013011975645392415,semantic_near_mid_graph_weak,0.0016943709051702172
1370,2181,0.03213249146938324,0.0010150308953598142,0.012883181010388373,semantic_near_mid_graph_weak,0.0016943709051702172
2745,2857,0.03171946853399277,0.001017907285131514,0.012663736401949665,semantic_near_mid_graph_weak,0.0016943709051702172
2686,2745,0.03190804645419121,0.0010248004691675305,0.012609213550075967,semantic_near_mid_graph_weak,0.0016943709051702172
279,2487,0.03148834779858589,0.001019728253595531,0.01253762230437367,semantic_near_mid_graph_weak,0.0016943709051702172
982,2074,0.03211657330393791,0.0010339422151446342,0.012518337260459205,semantic_near_mid_graph_weak,0.0016943709051702172
2189,3605,0.03143036738038063,0.0010211613262072206,0.012487953095885273,semantic_near_mid_graph_weak,0.0016943709051702172
2173,2174,0.034320052713155746,0.0010816319845616817,0.01241123297769002,semantic_near_mid_graph_weak,0.0016943709051702172
156,353,0.03179093077778816,0.001042605028487742,0.012228871379761693,semantic_near_mid_graph_weak,0.0016943709051702172
154,647,0.03307027742266655,0.0010687686735764146,0.012210336763878702,semantic_near_mid_graph_weak,0.0016943709051702172
1475,2342,0.0325411818921566,0.0010726823238655925,0.011939818573831222,semantic_near_mid_graph_weak,0.0016943709051702172
3197,3533,0.03246904909610748,0.0010807053185999393,0.011759608240522908,semantic_near_mid_graph_weak,0.0016943709051702172
826,2541,0.0318351574242115,0.001068958081305027,0.011750742202970494,semantic_near_mid_graph_weak,0.0016943709051702172
646,674,0.03199834004044533,0.0010725074680522084,0.0117439444096351,semantic_near_mid_graph_weak,0.0016943709051702172
982,2193,0.03401078283786774,0.0011121791321784258,0.01168622401435051,semantic_near_mid_graph_weak,0.0016943709051702172
2451,2482,0.032611846923828125,0.0010882720816880465,0.011665687832456716,semantic_near_mid_graph_weak,0.0016943709051702172
622,647,0.03208961710333824,0.0010836079018190503,0.011567214037150208,semantic_near_mid_graph_weak,0.0016943709051702172
1709,1711,0.03243579715490341,0.0010925877140834928,0.0115200971981743,semantic_near_mid_graph_weak,0.0016943709051702172
943,3309,0.031352877616882324,0.0010747185442596674,0.011466134467582191,semantic_near_mid_graph_weak,0.0016943709051702172
355,357,0.03292638435959816,0.0011056585935875773,0.011440333276054553,semantic_near_mid_graph_weak,0.0016943709051702172
1476,2342,0.032568201422691345,0.0011004939442500472,0.011415153804001868,semantic_near_mid_graph_weak,0.0016943709051702172
357,358,0.03436931595206261,0.0011379122734069824,0.011287435632283689,semantic_near_mid_graph_weak,0.0016943709051702172
349,3322,0.03243560716509819,0.0011136091779917479,0.011117612549769527,semantic_near_mid_graph_weak,0.0016943709051702172
1209,2079,0.0319659449160099,0.0011052467161789536,0.011114397276605664,semantic_near_mid_graph_weak,0.0016943709051702172
3214,3533,0.03395262360572815,0.0011407483834773302,0.011093755824852477,semantic_near_mid_graph_weak,0.0016943709051702172
2164,2186,0.03157762810587883,0.0011014192132279277,0.011050713840618166,semantic_near_mid_graph_weak,0.0016943709051702172
2309,3166,0.03217221796512604,0.0011128318728879094,0.011042092640238836,semantic_near_mid_graph_weak,0.0016943709051702172
296,1709,0.03225700184702873,0.001114626182243228,0.011037032411969067,semantic_near_mid_graph_weak,0.0016943709051702172
1479,3122,0.031744334846735,0.001105312374420464,0.011036114458402703,semantic_near_mid_graph_weak,0.0016943709051702172
450,1373,0.0345013327896595,0.0011584169697016478,0.010913268771970077,semantic_near_mid_graph_weak,0.0016943709051702172
1983,2038,0.03236404433846474,0.001124551985412836,0.0108840660139117,semantic_near_mid_graph_weak,0.0016943709051702172
527,3421,0.032997868955135345,0.0011362795485183597,0.010868827713930579,semantic_near_mid_graph_weak,0.0016943709051702172
2234,2487,0.031955741345882416,0.0011238546576350927,0.010759904802558175,semantic_near_mid_graph_weak,0.0016943709051702172
585,3310,0.03197281435132027,0.0011288583045825362,0.01067123457842061,semantic_near_mid_graph_weak,0.0016943709051702172
614,647,0.03229745477437973,0.0011369697749614716,0.010624968676676231,semantic_near_mid_graph_weak,0.0016943709051702172
2951,3065,0.033371102064847946,0.0011562095023691654,0.010599237183213716,semantic_near_mid_graph_weak,0.0016943709051702172
2300,3207,0.03208151087164879,0.0011378232156857848,0.01053776991584503,semantic_near_mid_graph_weak,0.0016943709051702172
543,2179,0.03075942024588585,0.0011156682157889009,0.01050570401426717,semantic_near_mid_graph_weak,0.0016943709051702172
605,2079,0.03144093230366707,0.0011282593477517366,0.010504828133442175,semantic_near_mid_graph_weak,0.0016943709051702172
1676,1861,0.032159578055143356,0.0011418588692322373,0.010486814836075458,semantic_near_mid_graph_weak,0.0016943709051702172
2344,3262,0.03259504958987236,0.0011518647661432624,0.010436330351539728,semantic_near_mid_graph_weak,0.0016943709051702172
3496,3533,0.033969245851039886,0.0011750772828236222,0.01041095115156998,semantic_near_mid_graph_weak,0.0016943709051702172
1508,2552,0.03556225448846817,0.0011994558153674006,0.010387510975339078,semantic_near_mid_graph_weak,0.0016943709051702172
714,3387,0.031534548848867416,0.001137002371251583,0.010373387081922923,semantic_near_mid_graph_weak,0.0016943709051702172
1683,1868,0.031509969383478165,0.0011373456800356507,0.010358917127446753,semantic_near_mid_graph_weak,0.0016943709051702172
2360,3176,0.03362816199660301,0.0011726326774805784,0.010354933259908125,semantic_near_mid_graph_weak,0.0016943709051702172
2961,3065,0.031716763973236084,0.0011450909078121185,0.010281918780750307,semantic_near_mid_graph_weak,0.0016943709051702172
3309,3506,0.03149334341287613,0.0011434238404035568,0.010240476308975238,semantic_near_mid_graph_weak,0.0016943709051702172
631,2079,0.032681822776794434,0.0011647550854831934,0.010215478975696399,semantic_near_mid_graph_weak,0.0016943709051702172
69,466,0.03380017355084419,0.0011823236709460616,0.010214578950921923,semantic_near_mid_graph_weak,0.0016943709051702172
888,3248,0.03220326825976372,0.0011570226633921266,0.01021285807380753,semantic_near_mid_graph_weak,0.0016943709051702172
1363,2083,0.03150391951203346,0.001147980336099863,0.010159195048499327,semantic_near_mid_graph_weak,0.0016943709051702172
2960,3324,0.03223445639014244,0.0011622575111687183,0.01012315895015257,semantic_near_mid_graph_weak,0.0016943709051702172
2553,3310,0.03219469264149666,0.0011621726443991065,0.010112283784844446,semantic_near_mid_graph_weak,0.0016943709051702172
2820,3248,0.032319582998752594,0.0011642755707725883,0.010111398929855056,semantic_near_mid_graph_weak,0.0016943709051702172
1383,3128,0.03177132084965706,0.0011559100821614265,0.01009673355496154,semantic_near_mid_graph_weak,0.0016943709051702172
242,2255,0.033777136355638504,0.0011878936784341931,0.010096579383113116,semantic_near_mid_graph_weak,0.0016943709051702172
982,2174,0.03371202573180199,0.0011885866988450289,0.010063328003534646,semantic_near_mid_graph_weak,0.0016943709051702172
3477,3490,0.0323885977268219,0.0011699115857481956,0.010025255904129313,semantic_near_mid_graph_weak,0.0016943709051702172
1356,2814,0.03324834629893303,0.0011853957548737526,0.009987531067117972,semantic_near_mid_graph_weak,0.0016943709051702172
1843,2080,0.032366879284381866,0.001172090065665543,0.009976918768618233,semantic_near_mid_graph_weak,0.0016943709051702172
1709,1710,0.03268471360206604,0.0011772708967328072,0.00997495036525357,semantic_near_mid_graph_weak,0.0016943709051702172
1547,3120,0.03233903646469116,0.001174267497844994,0.009926777545327836,semantic_near_mid_graph_weak,0.0016943709051702172
592,820,0.03410136699676514,0.001202450250275433,0.009900528116168782,semantic_near_mid_graph_weak,0.0016943709051702172
2527,2593,0.031932756304740906,0.0011694927234202623,0.009892053160469616,semantic_near_mid_graph_weak,0.0016943709051702172
553,2314,0.03223985433578491,0.0011750840349122882,0.00988079587799543,semantic_near_mid_graph_weak,0.0016943709051702172
2234,3317,0.03202126547694206,0.001174081931822002,0.009832741632585537,semantic_near_mid_graph_weak,0.0016943709051702172
911,2774,0.0327259786427021,0.001185365836136043,0.009831193965506657,semantic_near_mid_graph_weak,0.0016943709051702172
3587,3621,0.03301801159977913,0.0011922618141397834,0.009784542299097093,semantic_near_mid_graph_weak,0.0016943709051702172
1382,2080,0.03198184818029404,0.0011763714719563723,0.009777421921004517,semantic_near_mid_graph_weak,0.0016943709051702172
450,2541,0.031190430745482445,0.0011632813839241862,0.009776437308696373,semantic_near_mid_graph_weak,0.0016943709051702172
3469,3490,0.03218294307589531,0.0011801689397543669,0.009766770977945543,semantic_near_mid_graph_weak,0.0016943709051702172
1324,3595,0.03232788294553757,0.0011855511693283916,0.009708066168086971,semantic_near_mid_graph_weak,0.0016943709051702172
2038,2308,0.03251701220870018,0.001189644099213183,0.009686313463765688,semantic_near_mid_graph_weak,0.0016943709051702172
2224,3116,0.03285926580429077,0.001195804332382977,0.009668798895425091,semantic_near_mid_graph_weak,0.0016943709051702172
3195,3528,0.031824711710214615,0.001181561965495348,0.009631891469438351,semantic_near_mid_graph_weak,0.0016943709051702172
366,840,0.03190048784017563,0.0011850007576867938,0.00959008216345111,semantic_near_mid_graph_weak,0.0016943709051702172
644,2340,0.03248397260904312,0.0011946549639105797,0.009580404679192432,semantic_near_mid_graph_weak,0.0016943709051702172
1479,2526,0.031629908829927444,0.0011812789598479867,0.009578216553642892,semantic_near_mid_graph_weak,0.0016943709051702172
572,2079,0.03250819817185402,0.0011959101539105177,0.009563467380959114,semantic_near_mid_graph_weak,0.0016943709051702172
666,3612,0.031955379992723465,0.0011881643440574408,0.009546919724488253,semantic_near_mid_graph_weak,0.0016943709051702172
2683,3582,0.03216470405459404,0.0011931912740692496,0.009514029344675146,semantic_near_mid_graph_weak,0.0016943709051702172
3333,3561,0.031973280012607574,0.001190347713418305,0.009511066669970437,semantic_near_mid_graph_weak,0.0016943709051702172
2734,2740,0.03255852684378624,0.0011994530213996768,0.009510194701197504,semantic_near_mid_graph_weak,0.0016943709051702172
1949,2371,0.03284231200814247,0.001206995453685522,0.009446890638836624,semantic_near_mid_graph_weak,0.0016943709051702172
1193,3127,0.032689642161130905,0.0012054494582116604,0.009432803111295128,semantic_near_mid_graph_weak,0.0016943709051702172
2301,3207,0.03191673383116722,0.0011940310942009091,0.009424862362258077,semantic_near_mid_graph_weak,0.0016943709051702172
235,1410,0.0323222316801548,0.0012003110023215413,0.009424806926878509,semantic_near_mid_graph_weak,0.0016943709051702172
179,3139,0.032286595553159714,0.0012007153127342463,0.00940671160423075,semantic_near_mid_graph_weak,0.0016943709051702172
40,1917,0.033778682351112366,0.0012225847458466887,0.009405446449070008,semantic_near_mid_graph_weak,0.0016943709051702172
2529,3347,0.03185318782925606,0.0011950264452025294,0.00938738550474065,semantic_near_mid_graph_weak,0.0016943709051702172
237,2497,0.03238430246710777,0.0012036572443321347,0.0093789497735301,semantic_near_mid_graph_weak,0.0016943709051702172
233,2005,0.033977191895246506,0.0012266917619854212,0.00937836216669332,semantic_near_mid_graph_weak,0.0016943709051702172
126,1044,0.030263260006904602,0.0011693662963807583,0.00937713869621863,semantic_near_mid_graph_weak,0.0016943709051702172
104,3587,0.03184051811695099,0.0011957593960687518,0.00936987807121875,semantic_near_mid_graph_weak,0.0016943709051702172
1948,2371,0.032849013805389404,0.0012110879179090261,0.009369477174100704,semantic_near_mid_graph_weak,0.0016943709051702172
1954,3116,0.03194820135831833,0.0011981766438111663,0.009355988187927744,semantic_near_mid_graph_weak,0.0016943709051702172
319,1739,0.0319867767393589,0.0012007438344880939,0.009318820840367645,semantic_near_mid_graph_weak,0.0016943709051702172
2164,2181,0.032483574002981186,0.0012091743992641568,0.009301928259919016,semantic_near_mid_graph_weak,0.0016943709051702172
3587,3640,0.03245104104280472,0.0012088185176253319,0.009299428129089581,semantic_near_mid_graph_weak,0.0016943709051702172
3076,3324,0.03282463923096657,0.0012147679226472974,0.009291233004162614,semantic_near_mid_graph_weak,0.0016943709051702172
646,2340,0.03263595327734947,0.0012124161003157496,0.009283123574082107,semantic_near_mid_graph_weak,0.0016943709051702172
2362,3528,0.032918866723775864,0.0012168993707746267,0.009276494159102778,semantic_near_mid_graph_weak,0.0016943709051702172
604,2325,0.03144640102982521,0.0011946117738261819,0.00927519825476632,semantic_near_mid_graph_weak,0.0016943709051702172
585,2231,0.031439196318387985,0.0011954335495829582,0.009257825087187357,semantic_near_mid_graph_weak,0.0016943709051702172
1373,2596,0.03453746810555458,0.0012404582230374217,0.00925239847664478,semantic_near_mid_graph_weak,0.0016943709051702172
3028,3621,0.034431446343660355,0.0012401952408254147,0.009229339910031902,semantic_near_mid_graph_weak,0.0016943709051702172
1179,2904,0.03332200273871422,0.0012251425068825483,0.009227985398659466,semantic_near_mid_graph_weak,0.0016943709051702172
2740,2934,0.03217507153749466,0.0012117705773562193,0.009164286298857235,semantic_near_mid_graph_weak,0.0016943709051702172
2106,3182,0.03224397078156471,0.0012133255368098617,0.00915431960894071,semantic_near_mid_graph_weak,0.0016943709051702172
808,1681,0.03170732036232948,0.001205255277454853,0.009152981708355608,semantic_near_mid_graph_weak,0.0016943709051702172
237,3640,0.03111932799220085,0.0011965269222855568,0.009143553011360866,semantic_near_mid_graph_weak,0.0016943709051702172
3296,3312,0.0316811129450798,0.001206754008308053,0.009117393326502861,semantic_near_mid_graph_weak,0.0016943709051702172
237,1954,0.03195755556225777,0.0012114716228097677,0.009107970751810171,semantic_near_mid_graph_weak,0.0016943709051702172
2224,3533,0.032638851553201675,0.0012221793876960874,0.009095876703554988,semantic_near_mid_graph_weak,0.0016943709051702172
2402,3653,0.03234708681702614,0.0012188293039798737,0.009078523133201667,semantic_near_mid_graph_weak,0.0016943709051702172
2816,3130,0.03179730102419853,0.0012122440384700894,0.00904780238231104,semantic_near_mid_graph_weak,0.0016943709051702172
296,1713,0.03231259062886238,0.0012211942812427878,0.009023740019059286,semantic_near_mid_graph_weak,0.0016943709051702172
3028,3587,0.03155507892370224,0.001211941591463983,0.008984511609976216,semantic_near_mid_graph_weak,0.0016943709051702172
167,2080,0.03284095972776413,0.0012312945909798145,0.008975526278693195,semantic_near_mid_graph_weak,0.0016943709051702172
236,803,0.03215277940034866,0.0012231356231495738,0.008942271153404104,semantic_near_mid_graph_weak,0.0016943709051702172
3442,3490,0.03215934336185455,0.0012240655487403274,0.008926446621691005,semantic_near_mid_graph_weak,0.0016943709051702172
644,1211,0.03160224109888077,0.0012165703810751438,0.008911606846853397,semantic_near_mid_graph_weak,0.0016943709051702172
2362,3533,0.032307371497154236,0.0012327549047768116,0.008801850626821301,semantic_near_mid_graph_weak,0.0016943709051702172
943,2804,0.03199606016278267,0.001228461042046547,0.008798120863295395,semantic_near_mid_graph_weak,0.0016943709051702172
2110,2593,0.030563415959477425,0.0012072199024260044,0.008787331443496516,semantic_near_mid_graph_weak,0.0016943709051702172
943,3581,0.03311171755194664,0.0012475267285481095,0.008732313639767673,semantic_near_mid_graph_weak,0.0016943709051702172
2341,3262,0.032386403530836105,0.00123958894982934,0.008692755452344525,semantic_near_mid_graph_weak,0.0016943709051702172
813,2774,0.03222069889307022,0.001237391261383891,0.008690071021505472,semantic_near_mid_graph_weak,0.0016943709051702172
492,1235,0.03326601907610893,0.001252443646080792,0.008676471359524714,semantic_near_mid_graph_weak,0.0016943709051702172
2541,2596,0.03120296634733677,0.0012235452886670828,0.008670566652426973,semantic_near_mid_graph_weak,0.0016943709051702172
3302,3684,0.03215223178267479,0.0012380123371258378,0.008659819648106151,semantic_near_mid_graph_weak,0.0016943709051702172
279,3318,0.03214119374752045,0.0012379116378724575,0.008658756889238868,semantic_near_mid_graph_weak,0.0016943709051702172
2839,3122,0.033995773643255234,0.0012637655017897487,0.00863964541542597,semantic_near_mid_graph_weak,0.0016943709051702172
295,3640,0.031419627368450165,0.001229282934218645,0.008624375392812206,semantic_near_mid_graph_weak,0.0016943709051702172
2445,3224,0.03156111761927605,0.0012330863391980529,0.008592366876803524,semantic_near_mid_graph_weak,0.0016943709051702172
114,2080,0.032116055488586426,0.001244555925950408,0.008526045146395772,semantic_near_mid_graph_weak,0.0016943709051702172
2904,3307,0.0318557508289814,0.001242959056980908,0.008486963104293853,semantic_near_mid_graph_weak,0.0016943709051702172
811,1265,0.03217045217752457,0.0012473990209400654,0.008486505276056775,semantic_near_mid_graph_weak,0.0016943709051702172
2702,3302,0.03205074742436409,0.001245966530404985,0.008482024399572989,semantic_near_mid_graph_weak,0.0016943709051702172
2590,2950,0.03210580348968506,0.0012467713095247746,0.008481345268621336,semantic_near_mid_graph_weak,0.0016943709051702172
43,1456,0.03058744966983795,0.0012260243529453874,0.008454776076776391,semantic_near_mid_graph_weak,0.0016943709051702172
1551,2337,0.03173355385661125,0.0012434452073648572,0.008445302544426578,semantic_near_mid_graph_weak,0.0016943709051702172
2224,3496,0.03266873210668564,0.0012563607888296247,0.008445161037105695,semantic_near_mid_graph_weak,0.0016943709051702172
466,2836,0.031979285180568695,0.001247530453838408,0.008433595135368788,semantic_near_mid_graph_weak,0.0016943709051702172
1096,2901,0.03217097371816635,0.0012508376967161894,0.008421352815235615,semantic_near_mid_graph_weak,0.0016943709051702172
885,2224,0.03279633820056915,0.0012595359003171325,0.00841669072402729,semantic_near_mid_graph_weak,0.0016943709051702172
10,168,0.03198377415537834,0.0012493326794356108,0.008400759278250226,semantic_near_mid_graph_weak,0.0016943709051702172
1954,3587,0.032065071165561676,0.0012512026587501168,0.008386724132488645,semantic_near_mid_graph_weak,0.0016943709051702172
730,1671,0.03282643482089043,0.0012618779437616467,0.008379040247239171,semantic_near_mid_graph_weak,0.0016943709051702172
541,1520,0.03218747302889824,0.001253595226444304,0.008373287824698199,semantic_near_mid_graph_weak,0.0016943709051702172
324,1220,0.03214569762349129,0.001254027709364891,0.008354215230990288,semantic_near_mid_graph_weak,0.0016943709051702172
642,644,0.033029474318027496,0.0012671287404373288,0.008328509457146133,semantic_near_mid_graph_weak,0.0016943709051702172
943,2910,0.03178627789020538,0.0012507291976362467,0.008322686937275605,semantic_near_mid_graph_weak,0.0016943709051702172
894,3563,0.032595980912446976,0.001261785626411438,0.008321992219295204,semantic_near_mid_graph_weak,0.0016943709051702172
621,1252,0.032227128744125366,0.001258046249859035,0.008298944934690654,semantic_near_mid_graph_weak,0.0016943709051702172
67,443,0.03381164371967316,0.0012787141604349017,0.00829454620578352,semantic_near_mid_graph_weak,0.0016943709051702172
2395,2541,0.03195052221417427,0.0012549159582704306,0.008286742294857723,semantic_near_mid_graph_weak,0.0016943709051702172
2816,3278,0.031950727105140686,0.001255648909136653,0.00827297419208389,semantic_near_mid_graph_weak,0.0016943709051702172
1683,2666,0.03130447119474411,0.0012482554884627461,0.008242237380986733,semantic_near_mid_graph_weak,0.0016943709051702172
1961,3278,0.032304201275110245,0.0012631748104467988,0.008221013114945722,semantic_near_mid_graph_weak,0.0016943709051702172
3392,3603,0.03163192793726921,0.0012550821993499994,0.008201007609231481,semantic_near_mid_graph_weak,0.0016943709051702172
2555,3616,0.0320117212831974,0.001261515892110765,0.008177922550376849,semantic_near_mid_graph_weak,0.0016943709051702172
1134,1596,0.03199883922934532,0.0012620853958651423,0.008163876322014109,semantic_near_mid_graph_weak,0.0016943709051702172
2080,2105,0.031794220209121704,0.0012607304379343987,0.008137097057563653,semantic_near_mid_graph_weak,0.0016943709051702172
642,646,0.03293120115995407,0.001276508904993534,0.008121419898635894,semantic_near_mid_graph_weak,0.0016943709051702172
235,1052,0.032238978892564774,0.0012705025728791952,0.00806498870835137,semantic_near_mid_graph_weak,0.0016943709051702172
403,1003,0.03214205056428909,0.0012695820769295096,0.008058202578193051,semantic_near_mid_graph_weak,0.0016943709051702172
372,3127,0.0313904695212841,0.0012596040032804012,0.00805463381187152,semantic_near_mid_graph_weak,0.0016943709051702172
1484,2361,0.032311905175447464,0.0012720833765342832,0.008053085980420314,semantic_near_mid_graph_weak,0.0016943709051702172
234,1016,0.032461781054735184,0.0012784994905814528,0.007967515711058118,semantic_near_mid_graph_weak,0.0016943709051702172
909,3323,0.031928300857543945,0.0012719216756522655,0.00796052744763802,semantic_near_mid_graph_weak,0.0016943709051702172
1429,2541,0.03202180936932564,0.001273687114007771,0.007950476559921654,semantic_near_mid_graph_weak,0.0016943709051702172
1954,3255,0.03192001208662987,0.0012728628935292363,0.007940729379344355,semantic_near_mid_graph_weak,0.0016943709051702172
3186,3558,0.031705811619758606,0.0012707452988252044,0.007927068170904215,semantic_near_mid_graph_weak,0.0016943709051702172
708,3350,0.03333541378378868,0.0012916793348267674,0.007922639655627216,semantic_near_mid_graph_weak,0.0016943709051702172
840,2131,0.03571411222219467,0.0013198850210756063,0.007893449332358027,semantic_near_mid_graph_weak,0.0016943709051702172
1803,3127,0.032685499638319016,0.0012853564694523811,0.007890150350155799,semantic_near_mid_graph_weak,0.0016943709051702172
2889,3122,0.032253142446279526,0.001281558070331812,0.00785808533719951,semantic_near_mid_graph_weak,0.0016943709051702172
2377,2487,0.03188251331448555,0.001277015544474125,0.007853261528312373,semantic_near_mid_graph_weak,0.0016943709051702172
3150,3167,0.03192172572016716,0.001277952454984188,0.007845269008747595,semantic_near_mid_graph_weak,0.0016943709051702172
17,355,0.032218340784311295,0.001282170764170587,0.00783795600688333,semantic_near_mid_graph_weak,0.0016943709051702172
9,689,0.03248466178774834,0.001287302584387362,0.007804357761802609,semantic_near_mid_graph_weak,0.0016943709051702172
3466,3490,0.032301776111125946,0.001286170445382595,0.007782003232163507,semantic_near_mid_graph_weak,0.0016943709051702172
229,332,0.0312684066593647,0.0012728531146422029,0.007778810205114311,semantic_near_mid_graph_weak,0.0016943709051702172
2224,2362,0.03186643868684769,0.0012808283790946007,0.007777593153530257,semantic_near_mid_graph_weak,0.0016943709051702172
647,2570,0.03180312365293503,0.0012800199910998344,0.007777313288180668,semantic_near_mid_graph_weak,0.0016943709051702172
1044,1485,0.03211430087685585,0.001284968457184732,0.00775961942819502,semantic_near_mid_graph_weak,0.0016943709051702172
1636,3289,0.031333938241004944,0.0012757594231516123,0.007741366594835858,semantic_near_mid_graph_weak,0.0016943709051702172
873,3029,0.03467688709497452,0.00131685147061944,0.007726288717617452,semantic_near_mid_graph_weak,0.0016943709051702172
3136,3302,0.032049041241407394,0.0012883370509371161,0.007680134083993236,semantic_near_mid_graph_weak,0.0016943709051702172
373,1111,0.03218982741236687,0.0012904445175081491,0.007673833790740488,semantic_near_mid_graph_weak,0.0016943709051702172
917,1676,0.03213858976960182,0.001290261629037559,0.007665088091449208,semantic_near_mid_graph_weak,0.0016943709051702172
2224,3392,0.03164748474955559,0.0012840543640777469,0.007663898404469961,semantic_near_mid_graph_weak,0.0016943709051702172
403,979,0.03253357112407684,0.0012966475915163755,0.0076366748702881475,semantic_near_mid_graph_weak,0.0016943709051702172
1148,1720,0.03133423626422882,0.0012817570241168141,0.007630525757599038,semantic_near_mid_graph_weak,0.0016943709051702172
375,1167,0.03220299631357193,0.001293062581680715,0.007627214574154814,semantic_near_mid_graph_weak,0.0016943709051702172
459,3094,0.032391563057899475,0.0012960049789398909,0.007615625941305828,semantic_near_mid_graph_weak,0.0016943709051702172
3233,3255,0.03269368037581444,0.0012998167658224702,0.007613106955170425,semantic_near_mid_graph_weak,0.0016943709051702172
377,2541,0.03192055970430374,0.001291586784645915,0.007588122841291252,semantic_near_mid_graph_weak,0.0016943709051702172
2224,3233,0.03178366646170616,0.00129040889441967,0.00757767604112967,semantic_near_mid_graph_weak,0.0016943709051702172
2308,3612,0.03197915479540825,0.0012935573467984796,0.00756486008356035,semantic_near_mid_graph_weak,0.0016943709051702172
2224,3587,0.031998880207538605,0.0012943160254508257,0.007555198294257801,semantic_near_mid_graph_weak,0.0016943709051702172
3392,3602,0.03245553746819496,0.0012999995378777385,0.007554151601923592,semantic_near_mid_graph_weak,0.0016943709051702172
53,1368,0.03264753520488739,0.0013025725493207574,0.007549262429365914,semantic_near_mid_graph_weak,0.0016943709051702172
1954,2224,0.03237178176641464,0.0013003520434722304,0.007527922347944803,semantic_near_mid_graph_weak,0.0016943709051702172
1695,2771,0.03193458542227745,0.0012961213942617178,0.007505991153814127,semantic_near_mid_graph_weak,0.0016943709051702172
99,2014,0.03147415816783905,0.0012937088031321764,0.007442586704554697,semantic_near_mid_graph_weak,0.0016943709051702172
1167,2849,0.03170932084321976,0.0012969688978046179,0.00743718374580413,semantic_near_mid_graph_weak,0.0016943709051702172
1042,2634,0.032913267612457275,0.0013119819341227412,0.007427931214903262,semantic_near_mid_graph_weak,0.0016943709051702172
1148,1719,0.031380463391542435,0.0012934209080412984,0.007425762959190501,semantic_near_mid_graph_weak,0.0016943709051702172
2734,2833,0.032048314809799194,0.001302662305533886,0.007409003823510295,semantic_near_mid_graph_weak,0.0016943709051702172
1117,3094,0.03198106959462166,0.0013029369292780757,0.007388274424747883,semantic_near_mid_graph_weak,0.0016943709051702172
1977,3350,0.03229665011167526,0.0013079630443826318,0.007365376401457893,semantic_near_mid_graph_weak,0.0016943709051702172
443,886,0.03386114165186882,0.0013259564293548465,0.007362576112536607,semantic_near_mid_graph_weak,0.0016943709051702172
43,3641,0.03067244403064251,0.001287695486098528,0.0073618645079728635,semantic_near_mid_graph_weak,0.0016943709051702172
762,3270,0.03226393833756447,0.0013089386047795415,0.007339339890200194,semantic_near_mid_graph_weak,0.0016943709051702172
403,1769,0.0318644642829895,0.0013042272767052054,0.00733706986854239,semantic_near_mid_graph_weak,0.0016943709051702172
1148,1375,0.031605809926986694,0.001301080104894936,0.007336217968334549,semantic_near_mid_graph_weak,0.0016943709051702172
1204,2080,0.03206285834312439,0.0013071773573756218,0.00732692696529908,semantic_near_mid_graph_weak,0.0016943709051702172
1378,1379,0.03467836230993271,0.001337378635071218,0.007306491894166915,semantic_near_mid_graph_weak,0.0016943709051702172
1209,3139,0.032811760902404785,0.001317690941505134,0.007294467148126334,semantic_near_mid_graph_weak,0.0016943709051702172
3495,3602,0.03186413645744324,0.001308131031692028,0.007263580834786728,semantic_near_mid_graph_weak,0.0016943709051702172
2497,3602,0.032211411744356155,0.0013131434097886086,0.007247454370548808,semantic_near_mid_graph_weak,0.0016943709051702172
1504,2807,0.03206689655780792,0.0013121434021741152,0.0072338646530842625,semantic_near_mid_graph_weak,0.0016943709051702172
603,2078,0.03252420574426651,0.0013175607891753316,0.007233038351722287,semantic_near_mid_graph_weak,0.0016943709051702172
2277,2278,0.03586898371577263,0.0013532157754525542,0.007222083284749174,semantic_near_mid_graph_weak,0.0016943709051702172
1954,3495,0.032510437071323395,0.0013188411248847842,0.0072054101337103525,semantic_near_mid_graph_weak,0.0016943709051702172
3455,3619,0.03269793465733528,0.0013213999336585402,0.00719758608835798,semantic_near_mid_graph_weak,0.0016943709051702172
1976,2683,0.03192386031150818,0.0013124353718012571,0.007196096544190337,semantic_near_mid_graph_weak,0.0016943709051702172
526,2905,0.03435128554701805,0.0013409469975158572,0.007165234916352754,semantic_near_mid_graph_weak,0.0016943709051702172
2487,3506,0.032092783600091934,0.0013167811557650566,0.007151861543594785,semantic_near_mid_graph_weak,0.0016943709051702172
3527,3533,0.032065391540527344,0.0013167121214792132,0.0071470636864806245,semantic_near_mid_graph_weak,0.0016943709051702172
717,2080,0.0320676825940609,0.0013174540363252163,0.007133532851388591,semantic_near_mid_graph_weak,0.0016943709051702172
1149,1720,0.03132670745253563,0.0013091503642499447,0.007122225218394303,semantic_near_mid_graph_weak,0.0016943709051702172
1553,2740,0.032133448868989944,0.0013188694138079882,0.007121320329627285,semantic_near_mid_graph_weak,0.0016943709051702172
598,817,0.031854111701250076,0.0013162934919819236,0.007107841686062065,semantic_near_mid_graph_weak,0.0016943709051702172
460,509,0.03235960379242897,0.0013227469753473997,0.007097385284506938,semantic_near_mid_graph_weak,0.0016943709051702172
2224,3595,0.031988002359867096,0.0013185793068259954,0.007094563827773929,semantic_near_mid_graph_weak,0.0016943709051702172
685,1408,0.031997017562389374,0.0013187999138608575,0.0070923972833695,semantic_near_mid_graph_weak,0.0016943709051702172
529,2080,0.03264753520488739,0.0013266918249428272,0.00708452658104302,semantic_near_mid_graph_weak,0.0016943709051702172
2497,3249,0.033535879105329514,0.0013369966764003038,0.007073338484990205,semantic_near_mid_graph_weak,0.0016943709051702172
1875,3325,0.032017406076192856,0.0013212185585871339,0.007051213032741847,semantic_near_mid_graph_weak,0.0016943709051702172
1254,2487,0.03182774409651756,0.0013190488098189235,0.00705020109124789,semantic_near_mid_graph_weak,0.0016943709051702172
2634,3182,0.03233335167169571,0.0013268382754176855,0.007013553958197785,semantic_near_mid_graph_weak,0.0016943709051702172
3210,3296,0.03187430649995804,0.0013215752551332116,0.007012987991514692,semantic_near_mid_graph_weak,0.0016943709051702172
863,1500,0.031215151771903038,0.001313821179792285,0.00701081292070157,semantic_near_mid_graph_weak,0.0016943709051702172
1519,1903,0.03221270069479942,0.0013261664425954223,0.0070001556986247935,semantic_near_mid_graph_weak,0.0016943709051702172
1149,1719,0.0313674733042717,0.0013166355201974511,0.0069929226051138535,semantic_near_mid_graph_weak,0.0016943709051702172
1272,2905,0.03323293477296829,0.0013381845783442259,0.006986142721355438,semantic_near_mid_graph_weak,0.0016943709051702172
271,2002,0.0321713425219059,0.0013273159274831414,0.006969342648359001,semantic_near_mid_graph_weak,0.0016943709051702172
1162,1977,0.03450138866901398,0.0013555929763242602,0.006898317812193374,semantic_near_mid_graph_weak,0.0016943709051702172
885,1955,0.03290995955467224,0.0013397749280557036,0.006887358151322704,semantic_near_mid_graph_weak,0.0016943709051702172
2217,2406,0.03236624598503113,0.0013350211083889008,0.00686437891597684,semantic_near_mid_graph_weak,0.0016943709051702172
1694,2419,0.0321979895234108,0.0013334788382053375,0.006858001961530325,semantic_near_mid_graph_weak,0.0016943709051702172
3255,3392,0.0323965959250927,0.001336292247287929,0.006846511323709612,semantic_near_mid_graph_weak,0.0016943709051702172
3490,3683,0.032416462898254395,0.0013370781671255827,0.006835673789781035,semantic_near_mid_graph_weak,0.0016943709051702172
1335,2593,0.032462432980537415,0.0013376671122387052,0.006834083928500547,semantic_near_mid_graph_weak,0.0016943709051702172
2648,2975,0.033035121858119965,0.001343956682831049,0.006832020368426852,semantic_near_mid_graph_weak,0.0016943709051702172
1583,1596,0.031759802252054214,0.0013300232822075486,0.006829442373562163,semantic_near_mid_graph_weak,0.0016943709051702172
1694,3412,0.031967516988515854,0.0013334454270079732,0.006809542892605703,semantic_near_mid_graph_weak,0.0016943709051702172
1676,1969,0.032618194818496704,0.0013411407126113772,0.006800005359807491,semantic_near_mid_graph_weak,0.0016943709051702172
1324,3621,0.03338492289185524,0.0013497596373781562,0.006790024880500797,semantic_near_mid_graph_weak,0.0016943709051702172
2224,3603,0.03185488283634186,0.001333272666670382,0.006788798157901624,semantic_near_mid_graph_weak,0.0016943709051702172
315,1593,0.03153364360332489,0.0013298771809786558,0.006783529603366639,semantic_near_mid_graph_weak,0.0016943709051702172
2362,3038,0.03349597007036209,0.0013512796722352505,0.006782560792755564,semantic_near_mid_graph_weak,0.0016943709051702172
2554,2947,0.03359154984354973,0.0013523950474336743,0.00677980189307707,semantic_near_mid_graph_weak,0.0016943709051702172
2353,2874,0.031887732446193695,0.001334620756097138,0.006770428166652334,semantic_near_mid_graph_weak,0.0016943709051702172
532,2304,0.03238863870501518,0.0013417645823210478,0.006740223619879959,semantic_near_mid_graph_weak,0.0016943709051702172
1710,2323,0.03242228925228119,0.0013443375937640667,0.006697991116180029,semantic_near_mid_graph_weak,0.0016943709051702172
1197,1932,0.03383203595876694,0.0013603424886241555,0.006669650290472293,semantic_near_mid_graph_weak,0.0016943709051702172
237,295,0.035859379917383194,0.0013795229606330395,0.006663388768607087,semantic_near_mid_graph_weak,0.0016943709051702172
990,3318,0.03187178075313568,0.0013411971740424633,0.006643336291908206,semantic_near_mid_graph_weak,0.0016943709051702172
1289,1453,0.03138335421681404,0.0013376730494201183,0.006606803221906599,semantic_near_mid_graph_weak,0.0016943709051702172
398,1465,0.03189575672149658,0.0013435125583782792,0.006604747779151634,semantic_near_mid_graph_weak,0.0016943709051702172
2552,3168,0.03594551607966423,0.001383389113470912,0.006597375438813488,semantic_near_mid_graph_weak,0.0016943709051702172
902,2308,0.032239627093076706,0.0013479588087648153,0.006591353035254775,semantic_near_mid_graph_weak,0.0016943709051702172
373,2120,0.031405024230480194,0.001339476672001183,0.006577935184039015,semantic_near_mid_graph_weak,0.0016943709051702172
1149,1375,0.03156604990363121,0.0013421615585684776,0.006561643485160618,semantic_near_mid_graph_weak,0.0016943709051702172
1954,3392,0.03188332915306091,0.0013457473833113909,0.00656012120133026,semantic_near_mid_graph_weak,0.0016943709051702172
2374,3262,0.03212133049964905,0.001348711084574461,0.006552906039596013,semantic_near_mid_graph_weak,0.0016943709051702172
1588,2173,0.03293025866150856,0.0013572467723861337,0.006552039379182656,semantic_near_mid_graph_weak,0.0016943709051702172
1535,2671,0.032385047525167465,0.0013516807230189443,0.006549945942480851,semantic_near_mid_graph_weak,0.0016943709051702172
165,2874,0.03175567090511322,0.0013475125888362527,0.006500771767617488,semantic_near_mid_graph_weak,0.0016943709051702172
295,1954,0.03275332227349281,0.001359237008728087,0.006478362253179581,semantic_near_mid_graph_weak,0.0016943709051702172
1528,1637,0.03211089223623276,0.00135359528940171,0.006458213512335478,semantic_near_mid_graph_weak,0.0016943709051702172
689,1918,0.032650355249643326,0.0013595514465123415,0.006451936961567853,semantic_near_mid_graph_weak,0.0016943709051702172
2864,3386,0.032416269183158875,0.0013572575990110636,0.0064495652305726694,semantic_near_mid_graph_weak,0.0016943709051702172
967,2901,0.03198612853884697,0.001352806924842298,0.006448003412754221,semantic_near_mid_graph_weak,0.0016943709051702172
875,2128,0.03205079212784767,0.0013535236939787865,0.006447480347967653,semantic_near_mid_graph_weak,0.0016943709051702172
666,902,0.032280828803777695,0.0013577763456851244,0.0064127348491797255,semantic_near_mid_graph_weak,0.0016943709051702172
1709,3527,0.03202356770634651,0.0013555896002799273,0.0064029581844765706,semantic_near_mid_graph_weak,0.0016943709051702172
1077,1418,0.03202735260128975,0.0013558367500081658,0.006399043280234752,semantic_near_mid_graph_weak,0.0016943709051702172
3273,3641,0.032178111374378204,0.0013577056815847754,0.006393671555239535,semantic_near_mid_graph_weak,0.0016943709051702172
2768,3445,0.03128703683614731,0.0013482108479365706,0.0063919431269884456,semantic_near_mid_graph_weak,0.0016943709051702172
2224,3528,0.032027147710323334,0.0013572939205914736,0.006371458776771941,semantic_near_mid_graph_weak,0.0016943709051702172
1574,2704,0.03252297267317772,0.0013627815060317516,0.006364765196326562,semantic_near_mid_graph_weak,0.0016943709051702172
2224,2869,0.031844139099121094,0.0013570237206295133,0.006340129328490711,semantic_near_mid_graph_weak,0.0016943709051702172
1787,1929,0.031172288581728935,0.00134978536516428,0.006339532779617033,semantic_near_mid_graph_weak,0.0016943709051702172
2323,3643,0.031175121665000916,0.001351483864709735,0.006308857860512986,semantic_near_mid_graph_weak,0.0016943709051702172
649,3056,0.03173359856009483,0.0013577056815847754,0.006305348505339034,semantic_near_mid_graph_weak,0.0016943709051702172
840,2433,0.03176071494817734,0.0013595008058473468,0.006277087110506689,semantic_near_mid_graph_weak,0.0016943709051702172
3248,3602,0.033109840005636215,0.001373792882077396,0.006264441287051106,semantic_near_mid_graph_weak,0.0016943709051702172
2719,3384,0.03218116983771324,0.0013655878137797117,0.006244574001784642,semantic_near_mid_graph_weak,0.0016943709051702172
2347,2413,0.03177514299750328,0.0013622426195070148,0.006228520413246633,semantic_near_mid_graph_weak,0.0016943709051702172
3098,3485,0.03202342987060547,0.0013656489318236709,0.006212810328758944,semantic_near_mid_graph_weak,0.0016943709051702172
1955,3214,0.033866290003061295,0.0013836454600095749,0.006210634286170934,semantic_near_mid_graph_weak,0.0016943709051702172
2362,3116,0.03212590515613556,0.001366914832033217,0.006208689441195896,semantic_near_mid_graph_weak,0.0016943709051702172
1368,1976,0.03265652433037758,0.001372405793517828,0.006205407251815809,semantic_near_mid_graph_weak,0.0016943709051702172
2362,3326,0.0313628651201725,0.0013598240911960602,0.006192473307372366,semantic_near_mid_graph_weak,0.0016943709051702172
1468,2620,0.03172966465353966,0.001363815157674253,0.006190157648093823,semantic_near_mid_graph_weak,0.0016943709051702172
1973,2080,0.03184689208865166,0.0013653403148055077,0.006184361212315296,semantic_near_mid_graph_weak,0.0016943709051702172
1361,1976,0.032192595303058624,0.0013689157785847783,0.006183560605001181,semantic_near_mid_graph_weak,0.0016943709051702172
1164,3582,0.03381939232349396,0.001384799019433558,0.006179008990360436,semantic_near_mid_graph_weak,0.0016943709051702172
73,1163,0.03191450238227844,0.0013664776924997568,0.006176067285487924,semantic_near_mid_graph_weak,0.0016943709051702172
1241,2427,0.03069389797747135,0.0013534753816202283,0.006175396655414642,semantic_near_mid_graph_weak,0.0016943709051702172
1712,2497,0.029587289318442345,0.0013416019501164556,0.006160089921215731,semantic_near_mid_graph_weak,0.0016943709051702172
1694,2604,0.03218889236450195,0.0013706824975088239,0.006149286016453938,semantic_near_mid_graph_weak,0.0016943709051702172
2413,3174,0.031927768141031265,0.0013680702541023493,0.006148625132651126,semantic_near_mid_graph_weak,0.0016943709051702172
1196,1197,0.033580150455236435,0.0013876038137823343,0.006079710795367734,semantic_near_mid_graph_weak,0.0016943709051702172
425,3080,0.03224002942442894,0.001375259947963059,0.006071956629226298,semantic_near_mid_graph_weak,0.0016943709051702172
336,426,0.03263481706380844,0.0013795564882457256,0.006063554841522836,semantic_near_mid_graph_weak,0.0016943709051702172
1870,1980,0.032741740345954895,0.0013806241331622005,0.006062790214422387,semantic_near_mid_graph_weak,0.0016943709051702172
911,2745,0.030909156426787376,0.001362354727461934,0.006056725798167785,semantic_near_mid_graph_weak,0.0016943709051702172
875,2214,0.032032955437898636,0.0013747650664299726,0.006042313143372799,semantic_near_mid_graph_weak,0.0016943709051702172
1574,3302,0.032069653272628784,0.0013757942942902446,0.006029755008490027,semantic_near_mid_graph_weak,0.0016943709051702172
646,729,0.03204777464270592,0.001375598949380219,0.0060293361804074274,semantic_near_mid_graph_weak,0.0016943709051702172
638,1982,0.03191956505179405,0.001374532701447606,0.0060253019681940495,semantic_near_mid_graph_weak,0.0016943709051702172
2484,3577,0.03242666274309158,0.0013802092289552093,0.00601238765983472,semantic_near_mid_graph_weak,0.0016943709051702172
183,3496,0.03183463215827942,0.001374700921587646,0.006006108997942237,semantic_near_mid_graph_weak,0.0016943709051702172
1709,3603,0.03304198011755943,0.001386828487738967,0.005997394319662658,semantic_near_mid_graph_weak,0.0016943709051702172
1149,2094,0.03160838410258293,0.0013729542260989547,0.00599600820461472,semantic_near_mid_graph_weak,0.0016943709051702172
1198,1840,0.03455420210957527,0.0014012799365445971,0.005977159154160194,semantic_near_mid_graph_weak,0.0016943709051702172
300,2768,0.03174567222595215,0.001375485910102725,0.005974617777192054,semantic_near_mid_graph_weak,0.0016943709051702172
2235,2652,0.033790864050388336,0.0013950254069641232,0.005969851703137992,semantic_near_mid_graph_weak,0.0016943709051702172
1247,1596,0.03180493414402008,0.0013768512289971113,0.005960142705060019,semantic_near_mid_graph_weak,0.0016943709051702172
930,3208,0.03182651102542877,0.0013771232916042209,0.0059590758081004775,semantic_near_mid_graph_weak,0.0016943709051702172
1853,2015,0.03102974034845829,0.0013691488420590758,0.005955930984848225,semantic_near_mid_graph_weak,0.0016943709051702172
1695,3646,0.031919728964567184,0.0013789746444672346,0.005941652519739061,semantic_near_mid_graph_weak,0.0016943709051702172
159,1639,0.030978694558143616,0.0013697338290512562,0.00593543762623084,semantic_near_mid_graph_weak,0.0016943709051702172
654,1044,0.029813390225172043,0.0013574217446148396,0.00592880624840075,semantic_near_mid_graph_weak,0.0016943709051702172
1552,2660,0.032556697726249695,0.0013867008965462446,0.005911763144443883,semantic_near_mid_graph_weak,0.0016943709051702172
1268,3128,0.031837355345487595,0.001379860914312303,0.00590966612333534,semantic_near_mid_graph_weak,0.0016943709051702172
18,929,0.032183267176151276,0.001383478636853397,0.005905158607072974,semantic_near_mid_graph_weak,0.0016943709051702172
358,1450,0.031694985926151276,0.0013790540397167206,0.005898332875246526,semantic_near_mid_graph_weak,0.0016943709051702172
1152,2448,0.031936295330524445,0.001381829846650362,0.0058909200561385235,semantic_near_mid_graph_weak,0.0016943709051702172
1167,3020,0.03302527964115143,0.001392168807797134,0.005890273932014857,semantic_near_mid_graph_weak,0.0016943709051702172
2934,3362,0.032025549560785294,0.0013828548835590482,0.005888009383686222,semantic_near_mid_graph_weak,0.0016943709051702172
1141,1142,0.03283075615763664,0.0013910112902522087,0.005878007887799012,semantic_near_mid_graph_weak,0.0016943709051702172
2702,3016,0.03232617676258087,0.0013872093986719847,0.005860202818299094,semantic_near_mid_graph_weak,0.0016943709051702172
975,1373,0.034519508481025696,0.001406776369549334,0.005859178755471129,semantic_near_mid_graph_weak,0.0016943709051702172
1567,2434,0.031089844182133675,0.0013751054648309946,0.0058581699925315716,semantic_near_mid_graph_weak,0.0016943709051702172
226,689,0.033066339790821075,0.0013942328514531255,0.005857316622990552,semantic_near_mid_graph_weak,0.0016943709051702172
967,968,0.03435805067420006,0.0014058856759220362,0.005849834941701553,semantic_near_mid_graph_weak,0.0016943709051702172
1755,3668,0.03154465928673744,0.0013803555630147457,0.005846126694501708,semantic_near_mid_graph_weak,0.0016943709051702172
54,1712,0.03307121619582176,0.0013950347201898694,0.00584252931781963,semantic_near_mid_graph_weak,0.0016943709051702172
2910,3261,0.033472850918769836,0.001398965367116034,0.005835832936988079,semantic_near_mid_graph_weak,0.0016943709051702172
2993,3683,0.03259911388158798,0.001391097903251648,0.005834868325811634,semantic_near_mid_graph_weak,0.0016943709051702172
465,2107,0.03317660465836525,0.001396598876453936,0.005830520841035678,semantic_near_mid_graph_weak,0.0016943709051702172
585,2487,0.03199562057852745,0.0013857543235644698,0.005827755315656616,semantic_near_mid_graph_weak,0.0016943709051702172
2497,3255,0.032095104455947876,0.0013871368719264865,0.005819687035046844,semantic_near_mid_graph_weak,0.0016943709051702172
3318,3506,0.03212577477097511,0.001388140837661922,0.005806212882228214,semantic_near_mid_graph_weak,0.0016943709051702172
1452,2361,0.03132873773574829,0.001380937872454524,0.005795343421978613,semantic_near_mid_graph_weak,0.0016943709051702172
2872,3397,0.03375957906246185,0.001403607428073883,0.005793331651031794,semantic_near_mid_graph_weak,0.0016943709051702172
646,3194,0.03191955015063286,0.0013873431598767638,0.005783968246636994,semantic_near_mid_graph_weak,0.0016943709051702172
1467,3327,0.03455973044037819,0.0014109649928286672,0.005780571364774151,semantic_near_mid_graph_weak,0.0016943709051702172
1228,2487,0.031851865351200104,0.0013869170797988772,0.0057797131770599575,semantic_near_mid_graph_weak,0.0016943709051702172
1960,2220,0.03207593411207199,0.0013896962627768517,0.005767759423399043,semantic_near_mid_graph_weak,0.0016943709051702172
3458,3485,0.03181077912449837,0.001387249561958015,0.005766015683774472,semantic_near_mid_graph_weak,0.0016943709051702172
1443,3438,0.03301762789487839,0.0014000238152220845,0.0057358413427616075,semantic_near_mid_graph_weak,0.0016943709051702172
1132,3485,0.03175675496459007,0.0013894913718104362,0.005714206142870751,semantic_near_mid_graph_weak,0.0016943709051702172
1694,2715,0.032216206192970276,0.0013946080580353737,0.005699591313106133,semantic_near_mid_graph_weak,0.0016943709051702172
1439,3128,0.031582172960042953,0.0013894028961658478,0.005684441569591482,semantic_near_mid_graph_weak,0.0016943709051702172
906,3277,0.03135741129517555,0.0013878996251150966,0.005671807719031808,semantic_near_mid_graph_weak,0.0016943709051702172
2500,3485,0.03159051015973091,0.001390343066304922,0.005668413275516128,semantic_near_mid_graph_weak,0.0016943709051702172
600,3620,0.032240286469459534,0.0013978673378005624,0.005641834336298418,semantic_near_mid_graph_weak,0.0016943709051702172
1782,3672,0.03188544884324074,0.0013966483529657125,0.0056026795424949346,semantic_near_mid_graph_weak,0.0016943709051702172
307,3641,0.0316145196557045,0.0013942989753559232,0.005598909833904489,semantic_near_mid_graph_weak,0.0016943709051702172
1328,2430,0.031970951706171036,0.0013983768876641989,0.005585087899068815,semantic_near_mid_graph_weak,0.0016943709051702172
1694,3308,0.032177865505218506,0.0014004971599206328,0.005580968028488421,semantic_near_mid_graph_weak,0.0016943709051702172
456,1465,0.03151776269078255,0.0013951160944998264,0.005566574637232047,semantic_near_mid_graph_weak,0.0016943709051702172
1821,3448,0.03250283747911453,0.0014043970732018352,0.005562520168934058,semantic_near_mid_graph_weak,0.0016943709051702172
3016,3684,0.03234390169382095,0.001403236179612577,0.00555748030986632,semantic_near_mid_graph_weak,0.0016943709051702172
3218,3368,0.03282230719923973,0.0014087754534557462,0.005532378785704124,semantic_near_mid_graph_weak,0.0016943709051702172
453,3156,0.031977396458387375,0.0014012760948389769,0.005531497809162607,semantic_near_mid_graph_weak,0.0016943709051702172
107,1808,0.033320728689432144,0.0014133903896436095,0.0055256352055563125,semantic_near_mid_graph_weak,0.0016943709051702172
1198,1932,0.03377075120806694,0.001417495426721871,0.005518445146668917,semantic_near_mid_graph_weak,0.0016943709051702172
1834,2864,0.032207589596509933,0.0014043102273717523,0.005513642402682748,semantic_near_mid_graph_weak,0.0016943709051702172
2214,2812,0.03198800981044769,0.0014024199917912483,0.0055117381045901685,semantic_near_mid_graph_weak,0.0016943709051702172
1407,3018,0.03164103254675865,0.0013992893509566784,0.005510413943209642,semantic_near_mid_graph_weak,0.0016943709051702172
808,3127,0.03234356641769409,0.001406144816428423,0.005501900213280573,semantic_near_mid_graph_weak,0.0016943709051702172
885,1954,0.03206254914402962,0.0014038867084309459,0.0054968270554558414,semantic_near_mid_graph_weak,0.0016943709051702172
1431,1676,0.03207164630293846,0.0014040928799659014,0.005494484192015215,semantic_near_mid_graph_weak,0.0016943709051702172
2709,3195,0.03145651891827583,0.0013985128607600927,0.0054926959278589725,semantic_near_mid_graph_weak,0.0016943709051702172
46,1730,0.03215369954705238,0.0014049892779439688,0.0054915307314812225,semantic_near_mid_graph_weak,0.0016943709051702172
977,3011,0.03220503404736519,0.001405465416610241,0.00549124814829726,semantic_near_mid_graph_weak,0.0016943709051702172
1409,3560,0.03292860835790634,0.0014123294968158007,0.005481226718468657,semantic_near_mid_graph_weak,0.0016943709051702172
640,2889,0.031922634690999985,0.0014041069662198424,0.005468690272483562,semantic_near_mid_graph_weak,0.0016943709051702172
885,3255,0.031549230217933655,0.0014012956526130438,0.005457068807007417,semantic_near_mid_graph_weak,0.0016943709051702172
2337,3154,0.033012017607688904,0.0014152212534099817,0.0054387697469128506,semantic_near_mid_graph_weak,0.0016943709051702172
1467,3160,0.033811055123806,0.0014222583267837763,0.005429987825942192,semantic_near_mid_graph_weak,0.0016943709051702172
1844,3485,0.032255563884973526,0.0014099017716944218,0.005415409506934247,semantic_near_mid_graph_weak,0.0016943709051702172
2322,3603,0.03481514751911163,0.0014311919221654534,0.005407679681751936,semantic_near_mid_graph_weak,0.0016943709051702172
446,1411,0.03451629355549812,0.00142930808942765,0.005399635894891766,semantic_near_mid_graph_weak,0.0016943709051702172
226,598,0.03205571323633194,0.001410199678502977,0.0053762203566323705,semantic_near_mid_graph_weak,0.0016943709051702172
3255,3533,0.031629614531993866,0.0014064174611121416,0.005375361681981908,semantic_near_mid_graph_weak,0.0016943709051702172
46,1507,0.03202284127473831,0.0014114821096882224,0.005346469871785107,semantic_near_mid_graph_weak,0.0016943709051702172
3128,3549,0.03451959043741226,0.001431978540495038,0.00534574627954991,semantic_near_mid_graph_weak,0.0016943709051702172
239,341,0.03183337673544884,0.0014106450835242867,0.005330563067666884,semantic_near_mid_graph_weak,0.0016943709051702172
1368,2128,0.0319158136844635,0.001411475008353591,0.005328734521672875,semantic_near_mid_graph_weak,0.0016943709051702172
3116,3527,0.032049428671598434,0.0014126840978860855,0.005328172958019557,semantic_near_mid_graph_weak,0.0016943709051702172
1132,1694,0.03236225247383118,0.0014156567631289363,0.005323401980784746,semantic_near_mid_graph_weak,0.0016943709051702172
644,3194,0.03146541118621826,0.0014082356356084347,0.005313691284575268,semantic_near_mid_graph_weak,0.0016943709051702172
1091,3144,0.03177864849567413,0.001411943812854588,0.005297040491528059,semantic_near_mid_graph_weak,0.0016943709051702172
2214,2610,0.032006632536649704,0.0014145186869427562,0.005286402809467984,semantic_near_mid_graph_weak,0.0016943709051702172
370,3127,0.03354553133249283,0.0014273583656176925,0.005286373535095532,semantic_near_mid_graph_weak,0.0016943709051702172
1929,3345,0.03219204396009445,0.0014174474636092782,0.005261381423103944,semantic_near_mid_graph_weak,0.0016943709051702172
2864,3519,0.031993117183446884,0.0014160542050376534,0.0052551768767280845,semantic_near_mid_graph_weak,0.0016943709051702172
229,362,0.03291698917746544,0.0014240927994251251,0.005250763840767958,semantic_near_mid_graph_weak,0.0016943709051702172
1834,2930,0.0312664695084095,0.0014100795378908515,0.005246069405123174,semantic_near_mid_graph_weak,0.0016943709051702172
3392,3393,0.03300750255584717,0.0014255401911213994,0.00523700593180638,semantic_near_mid_graph_weak,0.0016943709051702172
1574,3630,0.032528311014175415,0.0014221136225387454,0.0052267597007758385,semantic_near_mid_graph_weak,0.0016943709051702172
3116,3602,0.03196399658918381,0.001418044324964285,0.005212850291663813,semantic_near_mid_graph_weak,0.0016943709051702172
1152,2705,0.03284236416220665,0.0014256512513384223,0.005208652191651811,semantic_near_mid_graph_weak,0.0016943709051702172
1149,1261,0.03139878809452057,0.0014133082004263997,0.005208439474848843,semantic_near_mid_graph_weak,0.0016943709051702172
2255,3309,0.03201574087142944,0.0014187248889356852,0.005208429512734135,semantic_near_mid_graph_weak,0.0016943709051702172
798,2023,0.03177747502923012,0.0014166769105941057,0.005208076904226019,semantic_near_mid_graph_weak,0.0016943709051702172
894,3484,0.032933302223682404,0.001426925417035818,0.00519830874232675,semantic_near_mid_graph_weak,0.0016943709051702172
1383,1917,0.03185923770070076,0.0014193899696692824,0.005170463539330688,semantic_near_mid_graph_weak,0.0016943709051702172
1149,1280,0.03171299397945404,0.0014186282642185688,0.0051609861133090525,semantic_near_mid_graph_weak,0.0016943709051702172
3533,3602,0.03190770745277405,0.001420790096744895,0.005151963111082605,semantic_near_mid_graph_weak,0.0016943709051702172
3326,3496,0.03145551308989525,0.0014169630594551563,0.005149997615931157,semantic_near_mid_graph_weak,0.0016943709051702172
631,3139,0.032318320125341415,0.0014243974583223462,0.005149455915435948,semantic_near_mid_graph_weak,0.0016943709051702172
1155,1158,0.035279370844364166,0.0014475597999989986,0.005138981365457313,semantic_near_mid_graph_weak,0.0016943709051702172
2104,2468,0.03158712387084961,0.0014192411908879876,0.005129075540110971,semantic_near_mid_graph_weak,0.0016943709051702172
3038,3602,0.03156024217605591,0.0014190213987603784,0.0051288044895217095,semantic_near_mid_graph_weak,0.0016943709051702172
1324,3028,0.034417930990457535,0.0014425875851884484,0.005114500553118402,semantic_near_mid_graph_weak,0.0016943709051702172
2104,2133,0.03298347070813179,0.0014321589842438698,0.005104348278648176,semantic_near_mid_graph_weak,0.0016943709051702172
89,1858,0.03265368938446045,0.0014297767775133252,0.005099222626578593,semantic_near_mid_graph_weak,0.0016943709051702172
294,3255,0.032007671892642975,0.001424503861926496,0.005097948594623064,semantic_near_mid_graph_weak,0.0016943709051702172
692,3603,0.03251923248171806,0.0014294544234871864,0.005084412527270011,semantic_near_mid_graph_weak,0.0016943709051702172
2993,3599,0.032705072313547134,0.0014314482687041163,0.005074983176501396,semantic_near_mid_graph_weak,0.0016943709051702172
879,1976,0.032046087086200714,0.001426168717443943,0.0050725792318313525,semantic_near_mid_graph_weak,0.0016943709051702172
1844,3683,0.03213876485824585,0.0014270867686718702,0.005069835646402748,semantic_near_mid_graph_weak,0.0016943709051702172
1444,2874,0.03198527544736862,0.0014261348405852914,0.005063592855901348,semantic_near_mid_graph_weak,0.0016943709051702172
3556,3630,0.03218768164515495,0.0014280874747782946,0.00505854193947808,semantic_near_mid_graph_weak,0.0016943709051702172
943,3310,0.030891111120581627,0.0014173390809446573,0.005050736435555993,semantic_near_mid_graph_weak,0.0016943709051702172
1289,1484,0.03156394883990288,0.0014235295820981264,0.005045425201231404,semantic_near_mid_graph_weak,0.0016943709051702172
295,296,0.03245820477604866,0.0014312498969957232,0.00504047581208326,semantic_near_mid_graph_weak,0.0016943709051702172
2327,3558,0.03211178258061409,0.0014287049416452646,0.005034911561424387,semantic_near_mid_graph_weak,0.0016943709051702172
1541,1678,0.03130093589425087,0.0014218856813386083,0.005033751758400833,semantic_near_mid_graph_weak,0.0016943709051702172
463,991,0.033595405519008636,0.0014411574229598045,0.005020630129909186,semantic_near_mid_graph_weak,0.0016943709051702172
446,2520,0.03225744143128395,0.001430658739991486,0.005020553467374022,semantic_near_mid_graph_weak,0.0016943709051702172
3387,3549,0.03452064469456673,0.0014480389654636383,0.005018698882037268,semantic_near_mid_graph_weak,0.0016943709051702172
1557,3611,0.03250867500901222,0.0014338691253215075,0.004998060149952938,semantic_near_mid_graph_weak,0.0016943709051702172
171,1515,0.032315850257873535,0.0014330073026940227,0.004984851318389806,semantic_near_mid_graph_weak,0.0016943709051702172
1699,2361,0.032488103955984116,0.001434624777175486,0.004980408470605452,semantic_near_mid_graph_weak,0.0016943709051702172
1144,2813,0.03363816812634468,0.0014437896898016334,0.004974762624966944,semantic_near_mid_graph_weak,0.0016943709051702172
2745,3284,0.03102501481771469,0.001427140785381198,0.004893154386029247,semantic_near_mid_graph_weak,0.0016943709051702172
459,2128,0.032439470291137695,0.0014391281874850392,0.004886733201161624,semantic_near_mid_graph_weak,0.0016943709051702172
2202,2581,0.03634391725063324,0.0014668871881440282,0.0048794802615167105,semantic_near_mid_graph_weak,0.0016943709051702172
1787,3314,0.03300367295742035,0.0014441199600696564,0.004874493727543403,semantic_near_mid_graph_weak,0.0016943709051702172
2255,2804,0.03215174004435539,0.0014378755586221814,0.0048671584714037675,semantic_near_mid_graph_weak,0.0016943709051702172
2663,3591,0.032039377838373184,0.0014372769510373473,0.004861468236552904,semantic_near_mid_graph_weak,0.0016943709051702172
3223,3278,0.03242582082748413,0.0014409481082111597,0.004849848508800238,semantic_near_mid_graph_weak,0.0016943709051702172
1227,1828,0.03248923644423485,0.0014414576580747962,0.004849562902484357,semantic_near_mid_graph_weak,0.0016943709051702172
2107,2548,0.03307797759771347,0.0014460260281339288,0.004848257399868416,semantic_near_mid_graph_weak,0.0016943709051702172
1446,3644,0.032490167766809464,0.0014416594058275223,0.004845833332708977,semantic_near_mid_graph_weak,0.0016943709051702172
1500,3255,0.03206920623779297,0.0014384554233402014,0.004843689384188558,semantic_near_mid_graph_weak,0.0016943709051702172
356,3270,0.03195876628160477,0.0014382851077243686,0.0048302211302359834,semantic_near_mid_graph_weak,0.0016943709051702172
1094,3144,0.03184542432427406,0.0014374080346897244,0.004829575166254811,semantic_near_mid_graph_weak,0.0016943709051702172
1076,2901,0.03206443041563034,0.0014393263263627887,0.004826487001813212,semantic_near_mid_graph_weak,0.0016943709051702172
2047,2786,0.03246050700545311,0.0014429651200771332,0.0048163948184684275,semantic_near_mid_graph_weak,0.0016943709051702172
225,2104,0.03322489559650421,0.001449377043172717,0.004804081244438957,semantic_near_mid_graph_weak,0.0016943709051702172
2377,2405,0.03276394307613373,0.0014464289415627718,0.004794438075530497,semantic_near_mid_graph_weak,0.0016943709051702172
3261,3581,0.03276435658335686,0.0014466133434325457,0.0047909327728810494,semantic_near_mid_graph_weak,0.0016943709051702172
2484,3538,0.03219727426767349,0.0014427044661715627,0.004782290191411408,semantic_near_mid_graph_weak,0.0016943709051702172
2701,3016,0.03269889950752258,0.0014465822605416179,0.0047819612371128506,semantic_near_mid_graph_weak,0.0016943709051702172
1206,3113,0.03225257247686386,0.0014439643127843738,0.004766522338742341,semantic_near_mid_graph_weak,0.0016943709051702172
3490,3558,0.03217500075697899,0.0014445503475144506,0.004743929801412464,semantic_near_mid_graph_weak,0.0016943709051702172
2938,3387,0.03325556218624115,0.0014528898755088449,0.004739568753332997,semantic_near_mid_graph_weak,0.0016943709051702172
695,2574,0.032439250499010086,0.0014479876263067126,0.004717083418649562,semantic_near_mid_graph_weak,0.0016943709051702172
2079,3139,0.03206051141023636,0.0014456273056566715,0.0047066713587283525,semantic_near_mid_graph_weak,0.0016943709051702172
52,2152,0.03233504295349121,0.0014482041588053107,0.004697798040052382,semantic_near_mid_graph_weak,0.0016943709051702172
1150,3273,0.032341428101062775,0.0014497237280011177,0.004669720818741001,semantic_near_mid_graph_weak,0.0016943709051702172
17,354,0.03133601322770119,0.0014424769906327128,0.0046585732874890795,semantic_near_mid_graph_weak,0.0016943709051702172
2324,3223,0.03288177028298378,0.0014543890720233321,0.004657201965370433,semantic_near_mid_graph_weak,0.0016943709051702172
3255,3602,0.03455134853720665,0.001466239569708705,0.004652018787466884,semantic_near_mid_graph_weak,0.0016943709051702172
693,3166,0.03203977271914482,0.0014487807638943195,0.004643996355539368,semantic_near_mid_graph_weak,0.0016943709051702172
1841,3021,0.034027099609375,0.0014631898375228047,0.004642679588416268,semantic_near_mid_graph_weak,0.0016943709051702172
888,1955,0.032030269503593445,0.0014491028850898147,0.00463652955785312,semantic_near_mid_graph_weak,0.0016943709051702172
354,376,0.03128749132156372,0.0014434438198804855,0.004633506736566073,semantic_near_mid_graph_weak,0.0016943709051702172
1467,3328,0.034539319574832916,0.0014675816055387259,0.004623042140432467,semantic_near_mid_graph_weak,0.0016943709051702172
233,1016,0.032190583646297455,0.0014513187343254685,0.004617637857282529,semantic_near_mid_graph_weak,0.0016943709051702172
571,1676,0.03223566338419914,0.0014517329400405288,0.004616224077196324,semantic_near_mid_graph_weak,0.0016943709051702172
65,1296,0.03198461979627609,0.0014503189595416188,0.004606965728491411,semantic_near_mid_graph_weak,0.0016943709051702172
3115,3584,0.03257207199931145,0.001454932731576264,0.004602886774016218,semantic_near_mid_graph_weak,0.0016943709051702172
2420,3429,0.03210388869047165,0.0014517140807583928,0.004597710959937621,semantic_near_mid_graph_weak,0.0016943709051702172
2934,3369,0.03207467868924141,0.0014518016250804067,0.004591870466507838,semantic_near_mid_graph_weak,0.0016943709051702172
152,1512,0.0320652611553669,0.0014520864933729172,0.004585131221534055,semantic_near_mid_graph_weak,0.0016943709051702172
3309,3388,0.03172428160905838,0.001449783332645893,0.004579496145242259,semantic_near_mid_graph_weak,0.0016943709051702172
2152,3016,0.03233720362186432,0.0014544891892001033,0.0045781616473805735,semantic_near_mid_graph_weak,0.0016943709051702172
83,1940,0.03218933567404747,0.001453789765946567,0.0045705146515938565,semantic_near_mid_graph_weak,0.0016943709051702172
2804,3168,0.032178740948438644,0.0014538666000589728,0.004567551123277523,semantic_near_mid_graph_weak,0.0016943709051702172
342,840,0.03179672360420227,0.0014510790351778269,0.004565638091218521,semantic_near_mid_graph_weak,0.0016943709051702172
354,357,0.03138694912195206,0.0014479376841336489,0.004564990432160718,semantic_near_mid_graph_weak,0.0016943709051702172
1151,2306,0.033141374588012695,0.0014610511716455221,0.0045636623385836555,semantic_near_mid_graph_weak,0.0016943709051702172
747,3317,0.03227243945002556,0.0014555174857378006,0.004549406799032491,semantic_near_mid_graph_weak,0.0016943709051702172
573,3325,0.03196580335497856,0.0014533397043123841,0.004547266448878149,semantic_near_mid_graph_weak,0.0016943709051702172
1839,2867,0.035025887191295624,0.0014748454559594393,0.004538010890185084,semantic_near_mid_graph_weak,0.0016943709051702172
2078,3090,0.03214478865265846,0.0014552250504493713,0.004536959961779255,semantic_near_mid_graph_weak,0.0016943709051702172
385,1278,0.033423714339733124,0.0014645741321146488,0.004533046262400379,semantic_near_mid_graph_weak,0.0016943709051702172
885,2323,0.031508516520261765,0.0014508429449051619,0.00452864525455617,semantic_near_mid_graph_weak,0.0016943709051702172
2327,2704,0.03210456669330597,0.0014553704531863332,0.00452852791973316,semantic_near_mid_graph_weak,0.0016943709051702172
2804,3164,0.0341096967458725,0.0014694801066070795,0.004527318615138222,semantic_near_mid_graph_weak,0.0016943709051702172
3453,3556,0.032315559685230255,0.0014574286760762334,0.0045190346003190565,semantic_near_mid_graph_weak,0.0016943709051702172
297,1694,0.032485481351614,0.0014587423065677285,0.004517610885816711,semantic_near_mid_graph_weak,0.0016943709051702172
1920,3447,0.03221910074353218,0.001457224483601749,0.0045094284989006285,semantic_near_mid_graph_weak,0.0016943709051702172
1148,1261,0.03143223002552986,0.0014516913797706366,0.004501941482570328,semantic_near_mid_graph_weak,0.0016943709051702172
2321,2864,0.03199036046862602,0.0014565079472959042,0.00449094217878372,semantic_near_mid_graph_weak,0.0016943709051702172
1081,3255,0.031857334077358246,0.0014558020047843456,0.004485540407280064,semantic_near_mid_graph_weak,0.0016943709051702172
2045,2541,0.03127549588680267,0.0014515853254124522,0.004481450535959339,semantic_near_mid_graph_weak,0.0016943709051702172
242,3388,0.032096486538648605,0.0014588086633011699,0.004462258117212071,semantic_near_mid_graph_weak,0.0016943709051702172
3038,3527,0.03196150064468384,0.0014580654678866267,0.004457510668434802,semantic_near_mid_graph_weak,0.0016943709051702172
1694,1695,0.032274916768074036,0.001460784231312573,0.004449433376058443,semantic_near_mid_graph_weak,0.0016943709051702172
1835,3527,0.031946972012519836,0.0014590125065296888,0.004437628237912338,semantic_near_mid_graph_weak,0.0016943709051702172
1450,3270,0.03143853694200516,0.0014558285474777222,0.004426080913963237,semantic_near_mid_graph_weak,0.0016943709051702172
213,646,0.03191881626844406,0.001459458377212286,0.004425317854647458,semantic_near_mid_graph_weak,0.0016943709051702172
3261,3309,0.031072314828634262,0.001454689889214933,0.004395403605836429,semantic_near_mid_graph_weak,0.0016943709051702172
420,3080,0.031878575682640076,0.0014607675839215517,0.004395106840785574,semantic_near_mid_graph_weak,0.0016943709051702172
638,1983,0.0319235697388649,0.0014614587416872382,0.004388288108164736,semantic_near_mid_graph_weak,0.0016943709051702172
1150,1194,0.031892817467451096,0.001461284002289176,0.004387349915508461,semantic_near_mid_graph_weak,0.0016943709051702172
516,1112,0.0329800620675087,0.001469039125367999,0.0043859677128443054,semantic_near_mid_graph_weak,0.0016943709051702172
1712,3587,0.02957678586244583,0.0014443628024309874,0.004364118916366608,semantic_near_mid_graph_weak,0.0016943709051702172
470,646,0.03192475810647011,0.0014628267381340265,0.004362676141946556,semantic_near_mid_graph_weak,0.0016943709051702172
2701,2704,0.03234909102320671,0.001466014888137579,0.004359794870264043,semantic_near_mid_graph_weak,0.0016943709051702172
1101,2002,0.03195859119296074,0.001463327556848526,0.00435785334505846,semantic_near_mid_graph_weak,0.0016943709051702172
2660,3453,0.03260368853807449,0.0014679764863103628,0.004356362055522633,semantic_near_mid_graph_weak,0.0016943709051702172
1278,2554,0.033789925277233124,0.0014760626945644617,0.004353602922043737,semantic_near_mid_graph_weak,0.0016943709051702172
1024,1515,0.031897325068712234,0.0014638127759099007,0.004340364659125026,semantic_near_mid_graph_weak,0.0016943709051702172
41,45,0.03145444765686989,0.0014606595505028963,0.004338637750310571,semantic_near_mid_graph_weak,0.0016943709051702172
154,1596,0.03303733095526695,0.001471859053708613,0.004338600040743568,semantic_near_mid_graph_weak,0.0016943709051702172
1413,3094,0.0319766029715538,0.0014646134804934263,0.004336041138476908,semantic_near_mid_graph_weak,0.0016943709051702172
2727,3678,0.03190954402089119,0.0014642903115600348,0.004333034052788657,semantic_near_mid_graph_weak,0.0016943709051702172
1475,2839,0.03116760030388832,0.0014595782849937677,0.0043189614019175345,semantic_near_mid_graph_weak,0.0016943709051702172
2609,3349,0.031969279050827026,0.001466021523810923,0.00430848114275523,semantic_near_mid_graph_weak,0.0016943709051702172
1552,3475,0.032429564744234085,0.0014695246936753392,0.004303464342381619,semantic_near_mid_graph_weak,0.0016943709051702172
2017,2681,0.03254701942205429,0.0014708267990499735,0.004294038773553193,semantic_near_mid_graph_weak,0.0016943709051702172
2209,3567,0.032101500779390335,0.0014680690364912152,0.004287508473858421,semantic_near_mid_graph_weak,0.0016943709051702172
646,1669,0.03304251655936241,0.0014745574444532394,0.004286658779107066,semantic_near_mid_graph_weak,0.0016943709051702172
1982,3612,0.03187400475144386,0.0014683159533888102,0.004252478949669012,semantic_near_mid_graph_weak,0.0016943709051702172
3317,3320,0.032921236008405685,0.0014758545439690351,0.004245722513796023,semantic_near_mid_graph_weak,0.0016943709051702172
234,2301,0.03166639804840088,0.001467381021939218,0.004242254144838937,semantic_near_mid_graph_weak,0.0016943709051702172
1345,2325,0.033240411430597305,0.0014781977515667677,0.0042409159317490135,semantic_near_mid_graph_weak,0.0016943709051702172
582,968,0.03414524719119072,0.001483943429775536,0.004240569842910382,semantic_near_mid_graph_weak,0.0016943709051702172
1955,3496,0.03384163975715637,0.0014822491211816669,0.004236704594301741,semantic_near_mid_graph_weak,0.0016943709051702172
1845,3599,0.03217276185750961,0.0014713387936353683,0.004234939934988647,semantic_near_mid_graph_weak,0.0016943709051702172
1131,3526,0.031422823667526245,0.0014660528395324945,0.004234254905317852,semantic_near_mid_graph_weak,0.0016943709051702172
2721,3113,0.03199654072523117,0.0014703127089887857,0.004231120339156672,semantic_near_mid_graph_weak,0.0016943709051702172
341,423,0.03178023919463158,0.0014692653203383088,0.004222162519538067,semantic_near_mid_graph_weak,0.0016943709051702172
3475,3494,0.03252742439508438,0.0014748068060725927,0.004215047963512639,semantic_near_mid_graph_weak,0.0016943709051702172
824,1956,0.03170621022582054,0.0014691248070448637,0.004214956783025497,semantic_near_mid_graph_weak,0.0016943709051702172
373,3127,0.03278309851884842,0.0014773979783058167,0.004198044723037756,semantic_near_mid_graph_weak,0.0016943709051702172
226,434,0.031639426946640015,0.0014695883728563786,0.004197422470087783,semantic_near_mid_graph_weak,0.0016943709051702172
1835,1954,0.03246451914310455,0.001475463854148984,0.004194307236245565,semantic_near_mid_graph_weak,0.0016943709051702172
875,1164,0.032512493431568146,0.0014758429024368525,0.004193231972882861,semantic_near_mid_graph_weak,0.0016943709051702172
1324,2820,0.03153035044670105,0.0014691652031615376,0.004190826627901546,semantic_near_mid_graph_weak,0.0016943709051702172
342,838,0.03264378756284714,0.0014783255755901337,0.004162334127219354,semantic_near_mid_graph_weak,0.0016943709051702172
644,1669,0.032941341400146484,0.0014803672675043344,0.004160580701494569,semantic_near_mid_graph_weak,0.0016943709051702172
1972,3177,0.03147617354989052,0.0014709262177348137,0.004150911550155098,semantic_near_mid_graph_weak,0.0016943709051702172
3099,3442,0.0321272574365139,0.0014754662988707423,0.004150687797554827,semantic_near_mid_graph_weak,0.0016943709051702172
443,878,0.031248459592461586,0.0014695832505822182,0.004145649526820478,semantic_near_mid_graph_weak,0.0016943709051702172
1776,3386,0.03132444620132446,0.001470180694013834,0.004144685314651457,semantic_near_mid_graph_weak,0.0016943709051702172
3191,3279,0.031089866533875465,0.0014691194519400597,0.0041331196116021355,semantic_near_mid_graph_weak,0.0016943709051702172
2554,3388,0.0317910872399807,0.0014744470827281475,0.004126379533590656,semantic_near_mid_graph_weak,0.0016943709051702172
616,2593,0.03208725526928902,0.0014768673572689295,0.004118987077852076,semantic_near_mid_graph_weak,0.0016943709051702172
3527,3587,0.03204452991485596,0.0014773020520806313,0.004105281396881587,semantic_near_mid_graph_weak,0.0016943709051702172
2910,3111,0.031344935297966,0.00147261715028435,0.004102323214928099,semantic_near_mid_graph_weak,0.0016943709051702172
153,466,0.03151843324303627,0.0014741196064278483,0.004097081598202961,semantic_near_mid_graph_weak,0.0016943709051702172
1456,2388,0.032675448805093765,0.0014823570381850004,0.004088625598743655,semantic_near_mid_graph_weak,0.0016943709051702172
2038,2813,0.03244888037443161,0.0014810835709795356,0.004084663618465262,semantic_near_mid_graph_weak,0.0016943709051702172
1081,2224,0.03149125352501869,0.0014747899258509278,0.004081090077689308,semantic_near_mid_graph_weak,0.0016943709051702172
487,2807,0.033973176032304764,0.0014913653722032905,0.004070385466353602,semantic_near_mid_graph_weak,0.0016943709051702172
1165,1361,0.03164072707295418,0.0014764453517273068,0.004069547545740528,semantic_near_mid_graph_weak,0.0016943709051702172
1490,3393,0.031906887888908386,0.001478310558013618,0.0040686565455818405,semantic_near_mid_graph_weak,0.0016943709051702172
891,3514,0.03205287456512451,0.0014795800670981407,0.0040632566160421655,semantic_near_mid_graph_weak,0.0016943709051702172
1630,3279,0.03213663399219513,0.001480192644521594,0.004062255997519211,semantic_near_mid_graph_weak,0.0016943709051702172
50,3684,0.0325235016644001,0.001483309082686901,0.004051338177420981,semantic_near_mid_graph_weak,0.0016943709051702172
3113,3468,0.03198099881410599,0.0014799452619627118,0.00404725212183942,semantic_near_mid_graph_weak,0.0016943709051702172
2421,2768,0.032427072525024414,0.0014829275896772742,0.004046627397519242,semantic_near_mid_graph_weak,0.0016943709051702172
2799,2945,0.03213135153055191,0.0014810365391895175,0.004045584993201147,semantic_near_mid_graph_weak,0.0016943709051702172
3610,3662,0.03178910166025162,0.0014795626047998667,0.004030146455597298,semantic_near_mid_graph_weak,0.0016943709051702172
492,554,0.03297622129321098,0.0014877167996019125,0.00402194790737769,semantic_near_mid_graph_weak,0.0016943709051702172
1444,2541,0.033951591700315475,0.0014938294189050794,0.004018425151111985,semantic_near_mid_graph_weak,0.0016943709051702172
385,3388,0.03189454972743988,0.001481509767472744,0.004006861850976748,semantic_near_mid_graph_weak,0.0016943709051702172
1081,3602,0.032202545553445816,0.0014835612382739782,0.004006565434178586,semantic_near_mid_graph_weak,0.0016943709051702172
2832,3278,0.03215142339468002,0.001483311876654625,0.0040049366796657436,semantic_near_mid_graph_weak,0.0016943709051702172
3413,3583,0.03289983794093132,0.0014882924733683467,0.0040014538662782855,semantic_near_mid_graph_weak,0.0016943709051702172
2378,2405,0.032679714262485504,0.0014871039893478155,0.003997603809457681,semantic_near_mid_graph_weak,0.0016943709051702172
704,929,0.032289210706949234,0.0014847005950286984,0.003995635667782413,semantic_near_mid_graph_weak,0.0016943709051702172
470,644,0.031545668840408325,0.0014799822820350528,0.003991471104665588,semantic_near_mid_graph_weak,0.0016943709051702172
2004,3018,0.03214574232697487,0.001484192325733602,0.003987525067033834,semantic_near_mid_graph_weak,0.0016943709051702172
1557,3045,0.032125990837812424,0.0014844551915302873,0.003980090942621424,semantic_near_mid_graph_weak,0.0016943709051702172
1834,2776,0.033719126135110855,0.0014954796060919762,0.003958071270187169,semantic_near_mid_graph_weak,0.0016943709051702172
1846,2321,0.03243153169751167,0.0014877425273880363,0.003955022340858128,semantic_near_mid_graph_weak,0.0016943709051702172
212,646,0.032062236219644547,0.0014860753435641527,0.003941534571526559,semantic_near_mid_graph_weak,0.0016943709051702172
503,2889,0.032200124114751816,0.0014872773317620158,0.003935642867074395,semantic_near_mid_graph_weak,0.0016943709051702172
425,2346,0.03229907527565956,0.0014882661635056138,0.003928887438625267,semantic_near_mid_graph_weak,0.0016943709051702172
1037,1976,0.03275269642472267,0.0014914915664121509,0.003921718304366111,semantic_near_mid_graph_weak,0.0016943709051702172
506,2763,0.03204770013689995,0.0014871887397021055,0.003918688577793183,semantic_near_mid_graph_weak,0.0016943709051702172
3442,3685,0.03218359127640724,0.001488115289248526,0.003917705634009619,semantic_near_mid_graph_weak,0.0016943709051702172
164,3684,0.03213229402899742,0.0014879734953865409,0.003914150223989061,semantic_near_mid_graph_weak,0.0016943709051702172
824,885,0.03159341588616371,0.0014845606638118625,0.003912143552621361,semantic_near_mid_graph_weak,0.0016943709051702172
2709,3309,0.03109637089073658,0.0014815493486821651,0.0039058614816284663,semantic_near_mid_graph_weak,0.0016943709051702172
2740,2932,0.03222372382879257,0.00148903822991997,0.0039050383833322566,semantic_near_mid_graph_weak,0.0016943709051702172
3462,3514,0.03294265270233154,0.0014935691142454743,0.003904070614205604,semantic_near_mid_graph_weak,0.0016943709051702172
73,1166,0.03246051073074341,0.0014906536089256406,0.0039027862557170106,semantic_near_mid_graph_weak,0.0016943709051702172
1849,3472,0.032146651297807693,0.0014889690792188048,0.003897010303142393,semantic_near_mid_graph_weak,0.0016943709051702172
347,356,0.03151335194706917,0.0014849291183054447,0.003895376580034914,semantic_near_mid_graph_weak,0.0016943709051702172
271,1920,0.03225341811776161,0.0014897779328748584,0.003894556179678324,semantic_near_mid_graph_weak,0.0016943709051702172
1363,2593,0.03159894794225693,0.00148695835378021,0.0038681131704661224,semantic_near_mid_graph_weak,0.0016943709051702172
1165,3238,0.03261633589863777,0.0014944951981306076,0.0038475714962342925,semantic_near_mid_graph_weak,0.0016943709051702172
1278,2056,0.031926337629556656,0.0014902775874361396,0.003845646871078649,semantic_near_mid_graph_weak,0.0016943709051702172
824,3278,0.03173233941197395,0.0014891235623508692,0.003843891751136406,semantic_near_mid_graph_weak,0.0016943709051702172
2641,3485,0.032315947115421295,0.0014931713230907917,0.0038373859196256634,semantic_near_mid_graph_weak,0.0016943709051702172
1899,2879,0.03126899525523186,0.0014872434549033642,0.003822461327599253,semantic_near_mid_graph_weak,0.0016943709051702172
1851,3676,0.032194286584854126,0.0014934780774638057,0.0038171106741072113,semantic_near_mid_graph_weak,0.0016943709051702172
567,1873,0.03193704038858414,0.0014919713139533997,0.0038150111640845477,semantic_near_mid_graph_weak,0.0016943709051702172
1289,1465,0.032762691378593445,0.0014975423691794276,0.003805915552190611,semantic_near_mid_graph_weak,0.0016943709051702172
1107,2582,0.03154727816581726,0.0014900880632922053,0.0038035164659427833,semantic_near_mid_graph_weak,0.0016943709051702172
685,1063,0.03200555965304375,0.0014931128825992346,0.003801632586698664,semantic_near_mid_graph_weak,0.0016943709051702172
1946,3519,0.03249450400471687,0.001496355514973402,0.0037975226499180116,semantic_near_mid_graph_weak,0.0016943709051702172
50,164,0.03213699907064438,0.0014942757552489638,0.0037951888972112403,semantic_near_mid_graph_weak,0.0016943709051702172
1093,3144,0.03161551058292389,0.0014920358080416918,0.003775399698521847,semantic_near_mid_graph_weak,0.0016943709051702172
3158,3279,0.032767873257398605,0.0014994667144492269,0.0037693021046295966,semantic_near_mid_graph_weak,0.0016943709051702172
362,3270,0.03140275925397873,0.0014915223000571132,0.0037595109146024144,semantic_near_mid_graph_weak,0.0016943709051702172
2417,2494,0.03151853382587433,0.0014924417482689023,0.00375626785304425,semantic_near_mid_graph_weak,0.0016943709051702172
578,2548,0.03202425315976143,0.0014959446853026748,0.0037503308627306084,semantic_near_mid_graph_weak,0.0016943709051702172
1834,1846,0.031917326152324677,0.0014952883357182145,0.003750172574997121,semantic_near_mid_graph_weak,0.0016943709051702172
50,2702,0.03253844380378723,0.0014995560050010681,0.0037411960167348705,semantic_near_mid_graph_weak,0.0016943709051702172
194,3176,0.03200611099600792,0.0014967559836804867,0.003732881090183913,semantic_near_mid_graph_weak,0.0016943709051702172
1107,2583,0.031557824462652206,0.0014939575921744108,0.0037327176311876386,semantic_near_mid_graph_weak,0.0016943709051702172
655,3421,0.032813660800457,0.0015017068944871426,0.0037311851116653355,semantic_near_mid_graph_weak,0.0016943709051702172
321,803,0.03190476819872856,0.0014964739093557,0.0037263728735076646,semantic_near_mid_graph_weak,0.0016943709051702172
3256,3278,0.032272279262542725,0.0014987554168328643,0.0037258416374114506,semantic_near_mid_graph_weak,0.0016943709051702172
527,2236,0.030434314161539078,0.0014870405429974198,0.003724070897545714,semantic_near_mid_graph_weak,0.0016943709051702172
1573,3036,0.032525684684515,0.001500421087257564,0.0037231226072146893,semantic_near_mid_graph_weak,0.0016943709051702172
689,818,0.03209678456187248,0.0014981009298935533,0.0037179788045205216,semantic_near_mid_graph_weak,0.0016943709051702172
356,358,0.03451242670416832,0.001512544578872621,0.003703597447339055,semantic_near_mid_graph_weak,0.0016943709051702172
3451,3475,0.031553853303194046,0.0014961555134505033,0.003691316566918192,semantic_near_mid_graph_weak,0.0016943709051702172
3561,3668,0.03231223300099373,0.0015017371624708176,0.003673591395463183,semantic_near_mid_graph_weak,0.0016943709051702172
9,403,0.03310476616024971,0.001506433472968638,0.003671937901439611,semantic_near_mid_graph_weak,0.0016943709051702172
1552,3442,0.03246645629405975,0.0015034956159070134,0.0036574307417402583,semantic_near_mid_graph_weak,0.0016943709051702172
162,1844,0.032438237220048904,0.0015036608092486858,0.0036510892112724476,semantic_near_mid_graph_weak,0.0016943709051702172
1410,1826,0.03315889462828636,0.001508209272287786,0.003643189309815333,semantic_near_mid_graph_weak,0.0016943709051702172
1573,3479,0.03252355381846428,0.0015048719942569733,0.0036374432592184403,semantic_near_mid_graph_weak,0.0016943709051702172
2321,2930,0.031796082854270935,0.0015006917528808117,0.003634527926882829,semantic_near_mid_graph_weak,0.0016943709051702172
1476,2839,0.031240426003932953,0.001497807796113193,0.0036241859706520802,semantic_near_mid_graph_weak,0.0016943709051702172
824,3640,0.030984466895461082,0.0014963274588808417,0.0036215627798446694,semantic_near_mid_graph_weak,0.0016943709051702172
2701,3040,0.03218520060181618,0.0015039569698274136,0.0036169829685394157,semantic_near_mid_graph_weak,0.0016943709051702172
2405,3272,0.032114509493112564,0.0015036890981718898,0.003614115824537518,semantic_near_mid_graph_weak,0.0016943709051702172
2226,3396,0.031880464404821396,0.0015023605665192008,0.0036127737722848083,semantic_near_mid_graph_weak,0.0016943709051702172
1574,3459,0.032069653272628784,0.0015038340352475643,0.0036063245275435073,semantic_near_mid_graph_weak,0.0016943709051702172
216,649,0.03190207481384277,0.0015029520727694035,0.0036040856776962376,semantic_near_mid_graph_weak,0.0016943709051702172
1410,2212,0.03191010281443596,0.0015034483512863517,0.0035956462103064715,semantic_near_mid_graph_weak,0.0016943709051702172
609,1199,0.032208457589149475,0.0015053985407575965,0.003592193637256619,semantic_near_mid_graph_weak,0.0016943709051702172
813,2745,0.033400990068912506,0.0015121548203751445,0.0035920102381744555,semantic_near_mid_graph_weak,0.0016943709051702172
3248,3255,0.032598670572042465,0.0015083457110449672,0.003579012129448755,semantic_near_mid_graph_weak,0.0016943709051702172
1835,3603,0.032298021018505096,0.001506891567260027,0.0035737225998639485,semantic_near_mid_graph_weak,0.0016943709051702172
1641,1972,0.03202429786324501,0.0015058069257065654,0.003563935751137179,semantic_near_mid_graph_weak,0.0016943709051702172
2502,3519,0.03189816325902939,0.0015055480180308223,0.0035547726077181535,semantic_near_mid_graph_weak,0.0016943709051702172
2416,2745,0.031950049102306366,0.0015060651348903775,0.0035508037752124233,semantic_near_mid_graph_weak,0.0016943709051702172
2020,3318,0.03257513791322708,0.0015101251192390919,0.0035422184530690894,semantic_near_mid_graph_weak,0.0016943709051702172
3447,3641,0.033316656947135925,0.0015144130447879434,0.0035385370942110674,semantic_near_mid_graph_weak,0.0016943709051702172
689,3339,0.03199926018714905,0.0015071774832904339,0.003535265504014412,semantic_near_mid_graph_weak,0.0016943709051702172
1953,3595,0.032215945422649384,0.0015091868117451668,0.0035210004071244898,semantic_near_mid_graph_weak,0.0016943709051702172
2080,2275,0.03184126317501068,0.0015070239314809442,0.003520695661191525,semantic_near_mid_graph_weak,0.0016943709051702172
167,3139,0.03198202699422836,0.0015085757477208972,0.0035069687060898355,semantic_near_mid_graph_weak,0.0016943709051702172
2436,3339,0.03266672044992447,0.0015128788072615862,0.003499087247166796,semantic_near_mid_graph_weak,0.0016943709051702172
3665,3680,0.03245220333337784,0.0015120164025574923,0.0034926268973856237,semantic_near_mid_graph_weak,0.0016943709051702172
3126,3641,0.03262247145175934,0.0015129942912608385,0.0034921240628131896,semantic_near_mid_graph_weak,0.0016943709051702172
59,2080,0.03210390359163284,0.0015111968386918306,0.0034706701778018903,semantic_near_mid_graph_weak,0.0016943709051702172
1787,1928,0.03195148706436157,0.001510491012595594,0.003467502889164662,semantic_near_mid_graph_weak,0.0016943709051702172
1573,1849,0.03218378871679306,0.0015123781049624085,0.0034568687481547765,semantic_near_mid_graph_weak,0.0016943709051702172
1851,3684,0.03238794207572937,0.0015135965077206492,0.00345550711211209,semantic_near_mid_graph_weak,0.0016943709051702172
164,2702,0.03213729336857796,0.0015126679791137576,0.003446376600770794,semantic_near_mid_graph_weak,0.0016943709051702172
32,341,0.0329006090760231,0.0015182410134002566,0.003420019015932988,semantic_near_mid_graph_weak,0.0016943709051702172
232,3496,0.03233500197529793,0.0015156392473727465,0.003410875676804012,semantic_near_mid_graph_weak,0.0016943709051702172
1731,3190,0.03389941155910492,0.0015240140492096543,0.00340834297526026,semantic_near_mid_graph_weak,0.0016943709051702172
2903,3448,0.03271199017763138,0.0015182099305093288,0.0034010121722492853,semantic_near_mid_graph_weak,0.0016943709051702172
2610,3641,0.031837910413742065,0.001513496390543878,0.0033987048380200685,semantic_near_mid_graph_weak,0.0016943709051702172
1849,2702,0.032223623245954514,0.0015156710287556052,0.003398522409769896,semantic_near_mid_graph_weak,0.0016943709051702172
1851,2702,0.03238818049430847,0.0015169440302997828,0.0033915441007099996,semantic_near_mid_graph_weak,0.0016943709051702172
1087,1326,0.032253194600343704,0.0015167354140430689,0.0033813801014695626,semantic_near_mid_graph_weak,0.0016943709051702172
2804,2947,0.034576497972011566,0.0015290024457499385,0.003374622512893965,semantic_near_mid_graph_weak,0.0016943709051702172
1888,3494,0.03250177577137947,0.001518605393357575,0.003371570673129769,semantic_near_mid_graph_weak,0.0016943709051702172
3587,3603,0.03461127355694771,0.001529901404865086,0.0033596533376873076,semantic_near_mid_graph_weak,0.0016943709051702172
3349,3352,0.03274349868297577,0.0015208591939881444,0.003353091385855871,semantic_near_mid_graph_weak,0.0016943709051702172
1638,3026,0.03194725513458252,0.0015166294761002064,0.0033513032861683164,semantic_near_mid_graph_weak,0.0016943709051702172
1712,3248,0.029668988659977913,0.0015030931681394577,0.0033493357290042265,semantic_near_mid_graph_weak,0.0016943709051702172
2774,2864,0.03281639143824577,0.0015218387125059962,0.003341584745636976,semantic_near_mid_graph_weak,0.0016943709051702172
2464,2807,0.03198070824146271,0.0015175932785496116,0.0033366210924188795,semantic_near_mid_graph_weak,0.0016943709051702172
945,3181,0.0321170948445797,0.0015188907273113728,0.0033262572547951277,semantic_near_mid_graph_weak,0.0016943709051702172
344,941,0.03254830837249756,0.0015216643223538995,0.0033176367100691433,semantic_near_mid_graph_weak,0.0016943709051702172
1963,3362,0.03267175704240799,0.001522393198683858,0.003316165206736959,semantic_near_mid_graph_weak,0.0016943709051702172
1850,3036,0.03252410143613815,0.001521756872534752,0.003313392769909927,semantic_near_mid_graph_weak,0.0016943709051702172
2470,2583,0.0314289927482605,0.0015175892040133476,0.0032791349206543656,semantic_near_mid_graph_weak,0.0016943709051702172
3459,3477,0.03227100148797035,0.0015225560637190938,0.0032723868116512392,semantic_near_mid_graph_weak,0.0016943709051702172
3048,3558,0.03201917186379433,0.0015214511658996344,0.003267730125353557,semantic_near_mid_graph_weak,0.0016943709051702172
358,1411,0.03154342249035835,0.0015188819961622357,0.003267006522786528,semantic_near_mid_graph_weak,0.0016943709051702172
3040,3136,0.03182786703109741,0.00152123486623168,0.0032522695053436813,semantic_near_mid_graph_weak,0.0016943709051702172
1846,3386,0.03324390575289726,0.001528858789242804,0.0032473817663321866,semantic_near_mid_graph_weak,0.0016943709051702172
3112,3475,0.032071419060230255,0.0015233741141855717,0.0032366642539062218,semantic_near_mid_graph_weak,0.0016943709051702172
162,3048,0.03232366591691971,0.0015253941528499126,0.0032235846785736077,semantic_near_mid_graph_weak,0.0016943709051702172
1411,3270,0.03158460184931755,0.0015214689774438739,0.0032230478754989083,semantic_near_mid_graph_weak,0.0016943709051702172
2922,3061,0.032164618372917175,0.0015248175477609038,0.0032186689574733468,semantic_near_mid_graph_weak,0.0016943709051702172
3429,3460,0.03210579976439476,0.0015246592229232192,0.0032157830798878874,semantic_near_mid_graph_weak,0.0016943709051702172
2080,2109,0.03218743950128555,0.001525200204923749,0.003213683416634379,semantic_near_mid_graph_weak,0.0016943709051702172
2993,3469,0.03255898132920265,0.0015273011522367597,0.0032104074437518007,semantic_near_mid_graph_weak,0.0016943709051702172
232,3197,0.03256582096219063,0.001527345390059054,0.00321023159960444,semantic_near_mid_graph_weak,0.0016943709051702172
1221,3421,0.03224186971783638,0.001526571111753583,0.00319303114891215,semantic_near_mid_graph_weak,0.0016943709051702172
979,2014,0.03206563740968704,0.0015256963670253754,0.0031921325867287405,semantic_near_mid_graph_weak,0.0016943709051702172
2702,3684,0.03252416104078293,0.0015286029083654284,0.003181986309511913,semantic_near_mid_graph_weak,0.0016943709051702172
2687,2817,0.03207981586456299,0.0015272005693987012,0.003165064728863868,semantic_near_mid_graph_weak,0.0016943709051702172
212,644,0.03179064393043518,0.0015260027721524239,0.003159008071767553,semantic_near_mid_graph_weak,0.0016943709051702172
2210,3009,0.03361129015684128,0.001535169081762433,0.0031580916927511065,semantic_near_mid_graph_weak,0.0016943709051702172
1475,3122,0.03202027827501297,0.0015278342179954052,0.0031472159077239052,semantic_near_mid_graph_weak,0.0016943709051702172
1130,2421,0.03330831974744797,0.0015345356659963727,0.0031420766474843337,semantic_near_mid_graph_weak,0.0016943709051702172
888,3255,0.03203236311674118,0.0015290669398382306,0.003125098894223188,semantic_near_mid_graph_weak,0.0016943709051702172
1769,2207,0.032197482883930206,0.0015301137464120984,0.0031213160244546534,semantic_near_mid_graph_weak,0.0016943709051702172
1729,2762,0.03263261541724205,0.00153248175047338,0.0031178926109531897,semantic_near_mid_graph_weak,0.0016943709051702172
116,1373,0.032340873032808304,0.0015330330934375525,0.0030794943826735837,semantic_near_mid_graph_weak,0.0016943709051702172
532,2154,0.03173862397670746,0.0015300234081223607,0.003078525129532332,semantic_near_mid_graph_weak,0.0016943709051702172
1037,1165,0.03170197084546089,0.001529908855445683,0.0030771132162636734,semantic_near_mid_graph_weak,0.0016943709051702172
1851,2701,0.032251980155706406,0.0015328989829868078,0.003073582775809003,semantic_near_mid_graph_weak,0.0016943709051702172
888,1956,0.03426211699843407,0.0015425323508679867,0.003070349175910501,semantic_near_mid_graph_weak,0.0016943709051702172
142,774,0.03201241046190262,0.0015321042155846953,0.0030657678643177685,semantic_near_mid_graph_weak,0.0016943709051702172
2230,2626,0.03177627548575401,0.0015311510069295764,0.003061030164897866,semantic_near_mid_graph_weak,0.0016943709051702172
1888,3453,0.03248456493020058,0.0015351023757830262,0.0030535043233028145,semantic_near_mid_graph_weak,0.0016943709051702172
2321,2776,0.03288347274065018,0.0015372536145150661,0.003049250980749362,semantic_near_mid_graph_weak,0.0016943709051702172
935,1162,0.03184976801276207,0.0015324796549975872,0.0030431346203836636,semantic_near_mid_graph_weak,0.0016943709051702172
954,955,0.034128736704587936,0.0015433895168825984,0.0030411310961714413,semantic_near_mid_graph_weak,0.0016943709051702172
1107,2152,0.032504986971616745,0.001536022056825459,0.003037780710652486,semantic_near_mid_graph_weak,0.0016943709051702172
322,979,0.03155149519443512,0.0015317107317969203,0.003028954087238638,semantic_near_mid_graph_weak,0.0016943709051702172
3117,3256,0.03102574683725834,0.0015290853334590793,0.0030265559259270323,semantic_near_mid_graph_weak,0.0016943709051702172
664,1164,0.03194991499185562,0.0015343943377956748,0.0030165990886110118,semantic_near_mid_graph_weak,0.0016943709051702172
2333,2697,0.03226124495267868,0.001536123570986092,0.003013068741704807,semantic_near_mid_graph_weak,0.0016943709051702172
240,2950,0.03189860284328461,0.0015343738486990333,0.0030121401075145085,semantic_near_mid_graph_weak,0.0016943709051702172
3348,3527,0.032189708203077316,0.001535898307338357,0.0030106670663580196,semantic_near_mid_graph_weak,0.0016943709051702172
1139,3094,0.03215046226978302,0.0015360049437731504,0.003004973026376897,semantic_near_mid_graph_weak,0.0016943709051702172
2014,3342,0.03224167600274086,0.0015369208995252848,0.00299606895582502,semantic_near_mid_graph_weak,0.0016943709051702172
1534,2858,0.032332539558410645,0.0015378748066723347,0.0029863097152930604,semantic_near_mid_graph_weak,0.0016943709051702172
1620,2899,0.032471708953380585,0.0015386061277240515,0.0029851483538734795,semantic_near_mid_graph_weak,0.0016943709051702172
299,2506,0.03154783323407173,0.0015340960817411542,0.002984189226651299,semantic_near_mid_graph_weak,0.0016943709051702172
1587,1762,0.03528747707605362,0.0015515018021687865,0.002975434824604037,semantic_near_mid_graph_weak,0.0016943709051702172
784,2593,0.03222771733999252,0.0015379864489659667,0.0029745045996364735,semantic_near_mid_graph_weak,0.0016943709051702172
1552,3154,0.03211779519915581,0.0015381962293758988,0.0029603826630583943,semantic_near_mid_graph_weak,0.0016943709051702172
190,1199,0.03232760727405548,0.0015397786628454924,0.002949529694023672,semantic_near_mid_graph_weak,0.0016943709051702172
1067,2128,0.03193217143416405,0.0015380455879494548,0.0029461122200348357,semantic_near_mid_graph_weak,0.0016943709051702172
371,3127,0.03268204629421234,0.001542550278827548,0.0029284076605700206,semantic_near_mid_graph_weak,0.0016943709051702172
1143,1983,0.032301463186740875,0.0015413397923111916,0.0029173829905590936,semantic_near_mid_graph_weak,0.0016943709051702172
2697,2909,0.032567255198955536,0.0015430510975420475,0.002908495876933382,semantic_near_mid_graph_weak,0.0016943709051702172
2322,3595,0.0323297493159771,0.001542361336760223,0.0029004459562714676,semantic_near_mid_graph_weak,0.0016943709051702172
3208,3316,0.032604388892650604,0.0015438219998031855,0.0028969778948467256,semantic_near_mid_graph_weak,0.0016943709051702172
2015,3386,0.03174998238682747,0.0015398028772324324,0.002896374193877171,semantic_near_mid_graph_weak,0.0016943709051702172
1706,1711,0.032312072813510895,0.0015427129110321403,0.002892155509981597,semantic_near_mid_graph_weak,0.0016943709051702172
2254,2362,0.03203779458999634,0.0015416024252772331,0.0028886031763781486,semantic_near_mid_graph_weak,0.0016943709051702172
810,1681,0.03181952238082886,0.0015406706370413303,0.0028864218021822036,semantic_near_mid_graph_weak,0.0016943709051702172
375,2307,0.0348941907286644,0.0015547206858173013,0.0028759826874570436,semantic_near_mid_graph_weak,0.0016943709051702172
2337,3652,0.032148830592632294,0.0015428978949785233,0.00287403432692892,semantic_near_mid_graph_weak,0.0016943709051702172
1149,2084,0.031167445704340935,0.00153853720985353,0.002866514186987723,semantic_near_mid_graph_weak,0.0016943709051702172
108,3225,0.032356079667806625,0.0015446544857695699,0.002859017691418302,semantic_near_mid_graph_weak,0.0016943709051702172
2910,3320,0.03221217170357704,0.0015441247960552573,0.002856371913515156,semantic_near_mid_graph_weak,0.0016943709051702172
1759,1976,0.03182263299822807,0.0015424139564856887,0.002853962019037699,semantic_near_mid_graph_weak,0.0016943709051702172
2362,3214,0.032765064388513565,0.00154782272875309,0.002833889806343225,semantic_near_mid_graph_weak,0.0016943709051702172
1248,2886,0.03184546157717705,0.0015441811410710216,0.0028227953792831022,semantic_near_mid_graph_weak,0.0016943709051702172
1166,1361,0.03140293434262276,0.0015425716992467642,0.0028133984609453495,semantic_near_mid_graph_weak,0.0016943709051702172
908,3090,0.031226729974150658,0.0015421510906890035,0.002805363943051564,semantic_near_mid_graph_weak,0.0016943709051702172
2058,2715,0.031531333923339844,0.001543692545965314,0.002804043462156508,semantic_near_mid_graph_weak,0.0016943709051702172
543,764,0.030870605260133743,0.0015405479352921247,0.0028025789209187284,semantic_near_mid_graph_weak,0.0016943709051702172
730,2113,0.032569628208875656,0.001548607600852847,0.0028018992852317714,semantic_near_mid_graph_weak,0.0016943709051702172
1417,2124,0.032960668206214905,0.001550475601106882,0.0027992013786305664,semantic_near_mid_graph_weak,0.0016943709051702172
1792,1844,0.03185158222913742,0.001545888721011579,0.002791238024602218,semantic_near_mid_graph_weak,0.0016943709051702172
686,1408,0.032203253358602524,0.0015477617271244526,0.0027864574933963017,semantic_near_mid_graph_weak,0.0016943709051702172
944,3386,0.031723879277706146,0.0015455528628081083,0.002786335386091757,semantic_near_mid_graph_weak,0.0016943709051702172
3111,3168,0.03594474866986275,0.001563114463351667,0.002784502376706168,semantic_near_mid_graph_weak,0.0016943709051702172
1197,1198,0.03546641021966934,0.0015619891928508878,0.002771001378961897,semantic_near_mid_graph_weak,0.0016943709051702172
3237,3317,0.03261551260948181,0.0015504913171753287,0.002769586341558965,semantic_near_mid_graph_weak,0.0016943709051702172
863,2869,0.032014038413763046,0.0015483195893466473,0.00275954480857111,semantic_near_mid_graph_weak,0.0016943709051702172
144,156,0.031620144844055176,0.0015466345939785242,0.0027570371660380036,semantic_near_mid_graph_weak,0.0016943709051702172
1014,3347,0.032414525747299194,0.0015504133189097047,0.00275401145765758,semantic_near_mid_graph_weak,0.0016943709051702172
747,2487,0.032099649310112,0.0015490840887650847,0.0027524409453424056,semantic_near_mid_graph_weak,0.0016943709051702172
530,3139,0.03248939663171768,0.0015508643118664622,0.0027517249115204213,semantic_near_mid_graph_weak,0.0016943709051702172
322,2085,0.03345778211951256,0.0015558532904833555,0.0027352288437944043,semantic_near_mid_graph_weak,0.0016943709051702172
36,2300,0.03191085532307625,0.0015492886304855347,0.002732400245588854,semantic_near_mid_graph_weak,0.0016943709051702172
1192,3174,0.032603684812784195,0.001552858273498714,0.002723036158120174,semantic_near_mid_graph_weak,0.0016943709051702172
261,2080,0.03275664895772934,0.001553830923512578,0.0027170077281411563,semantic_near_mid_graph_weak,0.0016943709051702172
1923,3094,0.03250196948647499,0.0015530184609815478,0.0027114681996957763,semantic_near_mid_graph_weak,0.0016943709051702172
2774,3283,0.031898483633995056,0.0015505293849855661,0.0027079822744230353,semantic_near_mid_graph_weak,0.0016943709051702172
2776,3386,0.03323488309979439,0.00155663734767586,0.00270162729321884,semantic_near_mid_graph_weak,0.0016943709051702172
210,1907,0.03219844028353691,0.0015523479087278247,0.0026988889834483744,semantic_near_mid_graph_weak,0.0016943709051702172
685,1062,0.03225335106253624,0.0015533119440078735,0.0026851406507294073,semantic_near_mid_graph_weak,0.0016943709051702172
664,1150,0.03184358775615692,0.0015551834367215633,0.0026158548595100945,semantic_near_mid_graph_weak,0.0016943709051702172
1666,2938,0.031687457114458084,0.0015545027563348413,0.002615759013788286,semantic_near_mid_graph_weak,0.0016943709051702172
1835,2875,0.03250937908887863,0.0015584483044221997,0.002607905589608604,semantic_near_mid_graph_weak,0.0016943709051702172
244,1116,0.03284842520952225,0.0015600241022184491,0.0026045542303833632,semantic_near_mid_graph_weak,0.0016943709051702172
103,2106,0.03176261857151985,0.0015555693535134196,0.002601969101899251,semantic_near_mid_graph_weak,0.0016943709051702172
2085,2830,0.03298721835017204,0.001561229582875967,0.0025920899943155254,semantic_near_mid_graph_weak,0.0016943709051702172
1549,2390,0.03139843791723251,0.0015545014757663012,0.0025919245793567286,semantic_near_mid_graph_weak,0.0016943709051702172
2704,3136,0.032520417124032974,0.001559411990456283,0.002590294833151077,semantic_near_mid_graph_weak,0.0016943709051702172
1474,3309,0.03262798488140106,0.0015599244507029653,0.0025889944582557505,semantic_near_mid_graph_weak,0.0016943709051702172
811,1484,0.0315830260515213,0.0015557263977825642,0.002584329721056373,semantic_near_mid_graph_weak,0.0016943709051702172
32,239,0.032954197376966476,0.0015615371521562338,0.00258351326842824,semantic_near_mid_graph_weak,0.0016943709051702172
743,1698,0.032616253942251205,0.0015607882523909211,0.002571435635511804,semantic_near_mid_graph_weak,0.0016943709051702172
3094,3173,0.03191940486431122,0.001557905226945877,0.0025708085638356352,semantic_near_mid_graph_weak,0.0016943709051702172
2209,2807,0.03208807110786438,0.0015586244408041239,0.002570772543325036,semantic_near_mid_graph_weak,0.0016943709051702172
1694,3460,0.03218253329396248,0.001559685100801289,0.0025581945311387994,semantic_near_mid_graph_weak,0.0016943709051702172
151,2541,0.0320935882627964,0.0015593734569847584,0.0025570272160433814,semantic_near_mid_graph_weak,0.0016943709051702172
1574,3016,0.03234575316309929,0.0015606791712343693,0.0025521919744019984,semantic_near_mid_graph_weak,0.0016943709051702172
2872,3019,0.03435462713241577,0.0015687721315771341,0.002546608314574193,semantic_near_mid_graph_weak,0.0016943709051702172
2774,2776,0.03380299732089043,0.0015668197302147746,0.0025446683557530203,semantic_near_mid_graph_weak,0.0016943709051702172
3154,3557,0.03211858496069908,0.001560879754833877,0.0025304653429164383,semantic_near_mid_graph_weak,0.0016943709051702172
1003,2104,0.03270028159022331,0.0015638060867786407,0.0025198180127815645,semantic_near_mid_graph_weak,0.0016943709051702172
1217,2447,0.03150529786944389,0.0015590707771480083,0.0025157837768026076,semantic_near_mid_graph_weak,0.0016943709051702172
3477,3685,0.03229319676756859,0.0015631939750164747,0.0025001151777891526,semantic_near_mid_graph_weak,0.0016943709051702172
902,1983,0.03229731321334839,0.0015633307630196214,0.0024978264804035415,semantic_near_mid_graph_weak,0.0016943709051702172
360,1213,0.03221311420202255,0.0015630550915375352,0.002496555676312286,semantic_near_mid_graph_weak,0.0016943709051702172
1368,3582,0.032556887716054916,0.0015644864179193974,0.0024956959863858728,semantic_near_mid_graph_weak,0.0016943709051702172
824,3214,0.031194275245070457,0.0015588657697662711,0.0024947220694199732,semantic_near_mid_graph_weak,0.0016943709051702172
32,1909,0.03305027261376381,0.0015675736358389258,0.002473298086795826,semantic_near_mid_graph_weak,0.0016943709051702172
3268,3668,0.03150191530585289,0.001561356708407402,0.0024730134046283725,semantic_near_mid_graph_weak,0.0016943709051702172
2750,3013,0.03358215093612671,0.0015699713258072734,0.0024655790758738093,semantic_near_mid_graph_weak,0.0016943709051702172
1851,2152,0.03239640220999718,0.001565691432915628,0.0024603538260774436,semantic_near_mid_graph_weak,0.0016943709051702172
585,3318,0.03203200176358223,0.0015644181985408068,0.0024567497678540306,semantic_near_mid_graph_weak,0.0016943709051702172
1142,2106,0.03179959952831268,0.0015641970094293356,0.002443076507610657,semantic_near_mid_graph_weak,0.0016943709051702172
1107,1849,0.03213246539235115,0.0015656023751944304,0.002441997983112931,semantic_near_mid_graph_weak,0.0016943709051702172
1776,1834,0.031230829656124115,0.001562542631290853,0.002429873148095451,semantic_near_mid_graph_weak,0.0016943709051702172
971,2901,0.032786399126052856,0.0015694141620770097,0.002417936733949037,semantic_near_mid_graph_weak,0.0016943709051702172
2583,3429,0.032116156071424484,0.0015668909763917327,0.0024163335643517707,semantic_near_mid_graph_weak,0.0016943709051702172
560,3386,0.031193101778626442,0.0015636015450581908,0.0024074433449330864,semantic_near_mid_graph_weak,0.0016943709051702172
666,2308,0.03381475433707237,0.0015738930087536573,0.0024043911860986257,semantic_near_mid_graph_weak,0.0016943709051702172
654,2236,0.02989238128066063,0.0015587132656946778,0.0023932952758238257,semantic_near_mid_graph_weak,0.0016943709051702172
1096,3641,0.031587954610586166,0.0015666699036955833,0.002380714533044872,semantic_near_mid_graph_weak,0.0016943709051702172
2956,3204,0.03452024981379509,0.0015775986248627305,0.002379058962379898,semantic_near_mid_graph_weak,0.0016943709051702172
2067,3640,0.03659201040863991,0.0015843097353354096,0.0023769054696898087,semantic_near_mid_graph_weak,0.0016943709051702172
2697,3442,0.03242950513958931,0.00157059240154922,0.0023690654785792254,semantic_near_mid_graph_weak,0.0016943709051702172
2321,2775,0.03219486400485039,0.0015705731930211186,0.002352289274202002,semantic_near_mid_graph_weak,0.0016943709051702172
2058,2420,0.03156404197216034,0.0015683899400755763,0.002346870132039378,semantic_near_mid_graph_weak,0.0016943709051702172
347,362,0.03325105458498001,0.0015750001184642315,0.0023425830392277583,semantic_near_mid_graph_weak,0.0016943709051702172
490,2541,0.03189770132303238,0.0015699551440775394,0.002342212543370661,semantic_near_mid_graph_weak,0.0016943709051702172
1847,2058,0.03214758634567261,0.0015710560837760568,0.0023396730056998447,semantic_near_mid_graph_weak,0.0016943709051702172
2255,2910,0.03186243772506714,0.0015707900747656822,0.0023239224072848473,semantic_near_mid_graph_weak,0.0016943709051702172
2321,3192,0.03118002973496914,0.0015685014659538865,0.002316265491524605,semantic_near_mid_graph_weak,0.0016943709051702172
1094,2267,0.031620584428310394,0.001571296132169664,0.0022968384541920406,semantic_near_mid_graph_weak,0.0016943709051702172
1978,2214,0.032836828380823135,0.0015771546168252826,0.0022716461502465543,semantic_near_mid_graph_weak,0.0016943709051702172
1476,3122,0.03205366060137749,0.0015743088442832232,0.0022713023099195672,semantic_near_mid_graph_weak,0.0016943709051702172
2056,2804,0.03199565038084984,0.0015742492396384478,0.0022683172862518934,semantic_near_mid_graph_weak,0.0016943709051702172
1917,2498,0.032176267355680466,0.0015752065228298306,0.0022629431453047846,semantic_near_mid_graph_weak,0.0016943709051702172
3429,3485,0.03260837867856026,0.0015769331948831677,0.0022601033318607727,semantic_near_mid_graph_weak,0.0016943709051702172
218,3128,0.03374239057302475,0.001580960233695805,0.0022585061867868733,semantic_near_mid_graph_weak,0.0016943709051702172
2804,3388,0.03307890519499779,0.0015792325139045715,0.002247826563451428,semantic_near_mid_graph_weak,0.0016943709051702172
231,2910,0.032338716089725494,0.0015766393626108766,0.002247020955101604,semantic_near_mid_graph_weak,0.0016943709051702172
810,1111,0.031891535967588425,0.0015751870814710855,0.002243284034597918,semantic_near_mid_graph_weak,0.0016943709051702172
2875,3496,0.0339268334209919,0.0015825560549274087,0.002238898098760626,semantic_near_mid_graph_weak,0.0016943709051702172
2659,3494,0.03252934291958809,0.0015784731367602944,0.0022250607825697044,semantic_near_mid_graph_weak,0.0016943709051702172
492,1871,0.03260946273803711,0.001578926108777523,0.002221823317893696,semantic_near_mid_graph_weak,0.0016943709051702172
1254,3603,0.03248996660113335,0.001578550785779953,0.002220878438862788,semantic_near_mid_graph_weak,0.0016943709051702172
1067,1166,0.0318223237991333,0.0015762483235448599,0.0022184841754551076,semantic_near_mid_graph_weak,0.0016943709051702172
1835,3602,0.03216153755784035,0.0015778968809172511,0.0022108404329264923,semantic_near_mid_graph_weak,0.0016943709051702172
1014,1787,0.03179151564836502,0.0015769954770803452,0.0022023175371261665,semantic_near_mid_graph_weak,0.0016943709051702172
1143,2308,0.03213479742407799,0.0015789421740919352,0.002189177634483952,semantic_near_mid_graph_weak,0.0016943709051702172
2487,3272,0.03227932006120682,0.0015797821106389165,0.0021830216529432974,semantic_near_mid_graph_weak,0.0016943709051702172
646,1973,0.03234611824154854,0.0015800573164597154,0.002182285381413684,semantic_near_mid_graph_weak,0.0016943709051702172
705,2569,0.03146804869174957,0.00157690339256078,0.0021816199718804347,semantic_near_mid_graph_weak,0.0016943709051702172
2066,3223,0.033599723130464554,0.0015847309259697795,0.002174183311294828,semantic_near_mid_graph_weak,0.0016943709051702172
2464,3649,0.032111696898937225,0.001579825533553958,0.0021708624972806203,semantic_near_mid_graph_weak,0.0016943709051702172
530,644,0.03248557820916176,0.001581190386787057,0.002169970323776454,semantic_near_mid_graph_weak,0.0016943709051702172
434,1918,0.03191588819026947,0.0015791967744007707,0.002169468720710741,semantic_near_mid_graph_weak,0.0016943709051702172
617,3139,0.032675739377737045,0.001582554541528225,0.002156365141412152,semantic_near_mid_graph_weak,0.0016943709051702172
1407,3128,0.03258064389228821,0.001584620214998722,0.0021103691892367087,semantic_near_mid_graph_weak,0.0016943709051702172
1846,2774,0.033714111894369125,0.0015885501634329557,0.00210559111749901,semantic_near_mid_graph_weak,0.0016943709051702172
2015,2321,0.03429438918828964,0.0015907869674265385,0.00209655858926615,semantic_near_mid_graph_weak,0.0016943709051702172
491,2128,0.031905800104141235,0.0015830789925530553,0.00209567899586543,semantic_near_mid_graph_weak,0.0016943709051702172
3154,3469,0.03225717321038246,0.0015843044966459274,0.0020954273905311504,semantic_near_mid_graph_weak,0.0016943709051702172
2327,3101,0.03224671259522438,0.0015846587484702468,0.0020880058637165683,semantic_near_mid_graph_weak,0.0016943709051702172
885,2362,0.032295528799295425,0.0015856658574193716,0.0020719707766190276,semantic_near_mid_graph_weak,0.0016943709051702172
355,1450,0.03177691996097565,0.0015839807456359267,0.0020703018762282606,semantic_near_mid_graph_weak,0.0016943709051702172
1954,2254,0.03234352543950081,0.001586146536283195,0.0020658744892221074,semantic_near_mid_graph_weak,0.0016943709051702172
420,2346,0.031954724341630936,0.0015850098570808768,0.0020624776633871933,semantic_near_mid_graph_weak,0.0016943709051702172
66,1976,0.03304266929626465,0.0015891559887677431,0.0020518421775967783,semantic_near_mid_graph_weak,0.0016943709051702172
2327,3472,0.03235170245170593,0.0015871645882725716,0.0020469584638361676,semantic_near_mid_graph_weak,0.0016943709051702172
2362,2875,0.03335854411125183,0.0015905636828392744,0.0020437424855600885,semantic_near_mid_graph_weak,0.0016943709051702172
2875,3197,0.032310694456100464,0.0015874692471697927,0.002038554131189633,semantic_near_mid_graph_weak,0.0016943709051702172
47,3094,0.03233141079545021,0.0015876677352935076,0.0020360736884313026,semantic_near_mid_graph_weak,0.0016943709051702172
2058,2604,0.03156036511063576,0.0015857386169955134,0.0020234499229984273,semantic_near_mid_graph_weak,0.0016943709051702172
164,2152,0.032123785465955734,0.001587858540005982,0.002019380973532297,semantic_near_mid_graph_weak,0.0016943709051702172
52,1574,0.032347846776247025,0.0015892506344243884,0.0020068890470130362,semantic_near_mid_graph_weak,0.0016943709051702172
1888,3112,0.03242021054029465,0.00158982805442065,0.002000330164689103,semantic_near_mid_graph_weak,0.0016943709051702172
50,1849,0.03222103416919708,0.0015891875373199582,0.0020002213678202573,semantic_near_mid_graph_weak,0.0016943709051702172
3453,3475,0.03248623386025429,0.001590232946909964,0.001996640791841336,semantic_near_mid_graph_weak,0.0016943709051702172
3063,3647,0.032635726034641266,0.0015910047804936767,0.0019909622597463414,semantic_near_mid_graph_weak,0.0016943709051702172
1033,3203,0.032609254121780396,0.0015916143311187625,0.0019776161321601576,semantic_near_mid_graph_weak,0.0016943709051702172
2058,3308,0.03156343102455139,0.0015884160529822111,0.001973770122319645,semantic_near_mid_graph_weak,0.0016943709051702172
530,646,0.03250081464648247,0.0015915228286758065,0.0019727948943718955,semantic_near_mid_graph_weak,0.0016943709051702172
2548,2796,0.032788798213005066,0.001593229710124433,0.001957244559180651,semantic_near_mid_graph_weak,0.0016943709051702172
1850,2152,0.03252727538347244,0.001592441345565021,0.0019567680517160488,semantic_near_mid_graph_weak,0.0016943709051702172
52,3136,0.032338324934244156,0.0015919043216854334,0.0019556507146821596,semantic_near_mid_graph_weak,0.0016943709051702172
924,2080,0.03278757631778717,0.001593777327798307,0.0019465747346679063,semantic_near_mid_graph_weak,0.0016943709051702172
1889,3683,0.032002199441194534,0.001591498265042901,0.001942992963554147,semantic_near_mid_graph_weak,0.0016943709051702172
1541,2900,0.03167963773012161,0.0015907600754871964,0.0019372107602058258,semantic_near_mid_graph_weak,0.0016943709051702172
236,2497,0.0319894403219223,0.0015921902377158403,0.001929153973083362,semantic_near_mid_graph_weak,0.0016943709051702172
1590,3277,0.032075390219688416,0.0015925881452858448,0.0019268046511930154,semantic_near_mid_graph_weak,0.0016943709051702172
2368,3386,0.032915547490119934,0.0015960079617798328,0.001910839075762408,semantic_near_mid_graph_weak,0.0016943709051702172
707,2950,0.032158467918634415,0.00159387884195894,0.0019072983258837206,semantic_near_mid_graph_weak,0.0016943709051702172
3116,3255,0.03159286826848984,0.0015921853482723236,0.0019053294813824164,semantic_near_mid_graph_weak,0.0016943709051702172
1700,2288,0.031768109649419785,0.001592812710441649,0.0019041355444014568,semantic_near_mid_graph_weak,0.0016943709051702172
3111,3309,0.032179005444049835,0.0015941241290420294,0.0019038579716719873,semantic_near_mid_graph_weak,0.0016943709051702172
1573,2583,0.03143729642033577,0.0015923668397590518,0.0018925797360100278,semantic_near_mid_graph_weak,0.0016943709051702172
385,2554,0.03236520290374756,0.001596642890945077,0.0018667618761189916,semantic_near_mid_graph_weak,0.0016943709051702172
644,1973,0.032358091324567795,0.0015968929510563612,0.0018615761942815624,semantic_near_mid_graph_weak,0.0016943709051702172
50,2152,0.03252876549959183,0.001597738591954112,0.00185516042957195,semantic_near_mid_graph_weak,0.0016943709051702172
2255,3581,0.032618198543787,0.0015981157775968313,0.0018529997490312382,semantic_near_mid_graph_weak,0.0016943709051702172
2965,3412,0.03219326213002205,0.0015969295054674149,0.0018513989548430221,semantic_near_mid_graph_weak,0.0016943709051702172
1107,1574,0.032506030052900314,0.0015984298661351204,0.0018406018945822454,semantic_near_mid_graph_weak,0.0016943709051702172
2910,3388,0.03164103999733925,0.0015963769983500242,0.0018299589043532158,semantic_near_mid_graph_weak,0.0016943709051702172
1574,3675,0.0322548933327198,0.0015984540805220604,0.0018259207227880737,semantic_near_mid_graph_weak,0.0016943709051702172
202,2080,0.03238028287887573,0.0015995504800230265,0.0018120661654378735,semantic_near_mid_graph_weak,0.0016943709051702172
2254,3602,0.032081522047519684,0.0015987964579835534,0.0018096236929247963,semantic_near_mid_graph_weak,0.0016943709051702172
1849,1850,0.032221633940935135,0.0015994685236364603,0.0018047464038557003,semantic_near_mid_graph_weak,0.0016943709051702172
234,3339,0.03211292251944542,0.0015996143920347095,0.0017958928327016332,semantic_near_mid_graph_weak,0.0016943709051702172
2470,2701,0.0322851687669754,0.0016001778421923518,0.0017947893968429678,semantic_near_mid_graph_weak,0.0016943709051702172
3429,3488,0.03210608288645744,0.001599815208464861,0.001791705125805331,semantic_near_mid_graph_weak,0.0016943709051702172
3330,3641,0.03114142268896103,0.0015971349785104394,0.00178713237073718,semantic_near_mid_graph_weak,0.0016943709051702172
1709,3595,0.03200014308094978,0.0016000291798263788,0.0017817519766743215,semantic_near_mid_graph_weak,0.0016943709051702172
643,1676,0.03189432621002197,0.0016000400064513087,0.0017756563490584495,semantic_near_mid_graph_weak,0.0016943709051702172
1290,3202,0.03191487863659859,0.0016005529323592782,0.001767139182487335,semantic_near_mid_graph_weak,0.0016943709051702172
2152,2701,0.03234359622001648,0.0016020577168092132,0.0017621528326648692,semantic_near_mid_graph_weak,0.0016943709051702172
2542,3015,0.03281546011567116,0.0016037320019677281,0.001755434600472352,semantic_near_mid_graph_weak,0.0016943709051702172
891,3558,0.032239463180303574,0.0016024848446249962,0.0017483522980071438,semantic_near_mid_graph_weak,0.0016943709051702172
818,1929,0.03196733444929123,0.0016017950838431716,0.0017466082740497674,semantic_near_mid_graph_weak,0.0016943709051702172
2430,2834,0.03198482468724251,0.001601863419637084,0.0017462739108693782,semantic_near_mid_graph_weak,0.0016943709051702172
3283,3519,0.03490660712122917,0.0016098918858915567,0.0017403957580649672,semantic_near_mid_graph_weak,0.0016943709051702172
2056,2390,0.031389228999614716,0.0016004947246983647,0.001739112090185535,semantic_near_mid_graph_weak,0.0016943709051702172
663,1166,0.033932220190763474,0.001607668586075306,0.0017363389406658918,semantic_near_mid_graph_weak,0.0016943709051702172
824,888,0.03136076033115387,0.0016006787773221731,0.0017341281990811551,semantic_near_mid_graph_weak,0.0016943709051702172
1093,2267,0.03105049952864647,0.0016002519987523556,0.0017247929898034592,semantic_near_mid_graph_weak,0.0016943709051702172
3362,3645,0.03237401321530342,0.0016043100040405989,0.0017207760086387289,semantic_near_mid_graph_weak,0.0016943709051702172
2832,3603,0.03151728957891464,0.0016022158088162541,0.0017141930666407712,semantic_near_mid_graph_weak,0.0016943709051702172
1377,2361,0.03127673640847206,0.0016015565488487482,0.0017132790398669856,semantic_near_mid_graph_weak,0.0016943709051702172
66,1164,0.0323672890663147,0.0016049386467784643,0.0017084097409760539,semantic_near_mid_graph_weak,0.0016943709051702172
730,1234,0.03370632976293564,0.0016091909492388368,0.0016944953876713328,semantic_near_mid_graph_weak,0.0016943709051702172
3181,3192,0.03425537422299385,0.0016109595308080316,0.0016863414229506388,semantic_near_mid_graph_weak,0.0016943709051702172
2254,3603,0.03218167647719383,0.0016060230555012822,0.0016780162518287534,semantic_near_mid_graph_weak,0.0016943709051702172
66,2214,0.031938277184963226,0.001605750061571598,0.001670470767989036,semantic_near_mid_graph_weak,0.0016943709051702172
40,2901,0.031678035855293274,0.0016059109475463629,0.0016538514092843582,semantic_near_mid_graph_weak,0.0016943709051702172
1847,2470,0.03207412734627724,0.0016071634599938989,0.001650820781679869,semantic_near_mid_graph_weak,0.0016943709051702172
2307,2849,0.03479146212339401,0.0016140596708282828,0.0016490753347831644,semantic_near_mid_graph_weak,0.0016943709051702172
2526,2889,0.032009556889534,0.001607276382856071,0.0016453641043260117,semantic_near_mid_graph_weak,0.0016943709051702172
1984,2120,0.03343856707215309,0.0016110938740894198,0.001643479937520096,semantic_near_mid_graph_weak,0.0016943709051702172
1946,3386,0.033644869923591614,0.0016116288024932146,0.0016429975711206798,semantic_near_mid_graph_weak,0.0016943709051702172
1888,3676,0.03220074996352196,0.00160964485257864,0.0016101801716333812,semantic_near_mid_graph_weak,0.0016943709051702172
3494,3522,0.032438602298498154,0.0016102746594697237,0.001610016237147935,semantic_near_mid_graph_weak,0.0016943709051702172
1993,2405,0.03236861154437065,0.0016102507943287492,0.0016069983157692028,semantic_near_mid_graph_weak,0.0016943709051702172
692,3195,0.03243660181760788,0.001610645791515708,0.0016028120911769643,semantic_near_mid_graph_weak,0.0016943709051702172
572,3139,0.032184354960918427,0.0016108715208247304,0.0015860599450763864,semantic_near_mid_graph_weak,0.0016943709051702172
1205,2997,0.03237912803888321,0.0016113938763737679,0.0015856763306593866,semantic_near_mid_graph_weak,0.0016943709051702172
3016,3136,0.03234895318746567,0.0016116061015054584,0.0015801467973460643,semantic_near_mid_graph_weak,0.0016943709051702172
15,1948,0.03151501715183258,0.0016113861929625273,0.0015435018510911616,semantic_near_mid_graph_weak,0.0016943709051702172
2774,3192,0.03273308649659157,0.0016146876150742173,0.001539379612271691,semantic_near_mid_graph_weak,0.0016943709051702172
2327,2702,0.03211226686835289,0.0016133919125422835,0.001534740129250123,semantic_near_mid_graph_weak,0.0016943709051702172
725,1858,0.03220000118017197,0.0016146732959896326,0.0015145816667655192,semantic_near_mid_graph_weak,0.0016943709051702172
3431,3581,0.03251498565077782,0.0016156554920598865,0.0015105491483402983,semantic_near_mid_graph_weak,0.0016943709051702172
707,3362,0.03209296613931656,0.0016149341827258468,0.0015046056538425738,semantic_near_mid_graph_weak,0.0016943709051702172
2410,3197,0.03210879862308502,0.00161506119184196,0.0015029410658204067,semantic_near_mid_graph_weak,0.0016943709051702172
1769,2104,0.03248104080557823,0.0016160155646502972,0.001502069591136435,semantic_near_mid_graph_weak,0.0016943709051702172
15,1949,0.03157457709312439,0.0016139659564942122,0.0014983450452863997,semantic_near_mid_graph_weak,0.0016943709051702172
1166,1976,0.03209982439875603,0.0016153418691828847,0.0014972035755899005,semantic_near_mid_graph_weak,0.0016943709051702172
637,902,0.033009953796863556,0.001617554109543562,0.0014965547783672916,semantic_near_mid_graph_weak,0.0016943709051702172
244,2586,0.0313444621860981,0.0016140523366630077,0.001485827173810471,semantic_near_mid_graph_weak,0.0016943709051702172
891,1791,0.03209226578474045,0.0016162617830559611,0.001479427378890001,semantic_near_mid_graph_weak,0.0016943709051702172
885,3602,0.03206432983279228,0.0016171140596270561,0.0014620110447943193,semantic_near_mid_graph_weak,0.0016943709051702172
226,403,0.03279605507850647,0.0016195275820791721,0.001448659050307395,semantic_near_mid_graph_weak,0.0016943709051702172
2851,3150,0.032067351043224335,0.0016192046459764242,0.0014225827490417136,semantic_near_mid_graph_weak,0.0016943709051702172
1834,2599,0.031193440780043602,0.0016173013718798757,0.0014188534017564199,semantic_near_mid_graph_weak,0.0016943709051702172
3442,3475,0.03273487091064453,0.0016209835885092616,0.0014178267167150372,semantic_near_mid_graph_weak,0.0016943709051702172
2609,2825,0.03169489651918411,0.0016189540037885308,0.001410748306522607,semantic_near_mid_graph_weak,0.0016943709051702172
507,1440,0.032059572637081146,0.0016198594821617007,0.0014098473781298984,semantic_near_mid_graph_weak,0.0016943709051702172
950,1373,0.034497495740652084,0.0016252042260020971,0.0014082378378408005,semantic_near_mid_graph_weak,0.0016943709051702172
2405,2435,0.03346138074994087,0.0016230876790359616,0.0014077408691828552,semantic_near_mid_graph_weak,0.0016943709051702172
1694,2583,0.032185204327106476,0.001620605355128646,0.001401204006244938,semantic_near_mid_graph_weak,0.0016943709051702172
2774,2775,0.03221100941300392,0.0016208782326430082,0.0013971398820277333,semantic_near_mid_graph_weak,0.0016943709051702172
526,3409,0.03436720743775368,0.001625575008802116,0.0013953986309220873,semantic_near_mid_graph_weak,0.0016943709051702172
2998,3653,0.033715490251779556,0.0016243940917775035,0.0013924357191176027,semantic_near_mid_graph_weak,0.0016943709051702172
1444,1873,0.03200032562017441,0.0016218360979110003,0.0013699110649320022,semantic_near_mid_graph_weak,0.0016943709051702172
2139,2889,0.032193731516599655,0.0016227037413045764,0.0013617050582055447,semantic_near_mid_graph_weak,0.0016943709051702172
798,1455,0.0317109189927578,0.0016219137469306588,0.0013560685375137754,semantic_near_mid_graph_weak,0.0016943709051702172
875,1166,0.032086603343486786,0.0016230210894718766,0.0013511641565360488,semantic_near_mid_graph_weak,0.0016943709051702172
229,230,0.03391937538981438,0.0016269843326881528,0.0013490024181113142,semantic_near_mid_graph_weak,0.0016943709051702172
3130,3256,0.03153203800320625,0.001622542506083846,0.001336717835976641,semantic_near_mid_graph_weak,0.0016943709051702172
1475,2139,0.03195783495903015,0.0016238302923738956,0.0013304792089942207,semantic_near_mid_graph_weak,0.0016943709051702172
562,2701,0.03232859820127487,0.0016253500944003463,0.0013169171236927142,semantic_near_mid_graph_weak,0.0016943709051702172
104,1324,0.03488103672862053,0.0016306572360917926,0.0013116365634338121,semantic_near_mid_graph_weak,0.0016943709051702172
943,3317,0.03248133510351181,0.0016259534750133753,0.0013115720230230468,semantic_near_mid_graph_weak,0.0016943709051702172
1707,1710,0.03191322833299637,0.001624777913093567,0.0013107738333688103,semantic_near_mid_graph_weak,0.0016943709051702172
3,3090,0.03134864941239357,0.0016237689414992929,0.0013062524859183695,semantic_near_mid_graph_weak,0.0016943709051702172
1920,1957,0.032195236533880234,0.001625796896405518,0.001302994772584385,semantic_near_mid_graph_weak,0.0016943709051702172
828,2080,0.03497586399316788,0.001631265738978982,0.0013026414129491699,semantic_near_mid_graph_weak,0.0016943709051702172
2905,3150,0.032805249094963074,0.0016271262429654598,0.0013019450978545325,semantic_near_mid_graph_weak,0.0016943709051702172
1835,3278,0.032485172152519226,0.0016266248421743512,0.0012988552343295991,semantic_near_mid_graph_weak,0.0016943709051702172
1957,2002,0.03200815990567207,0.0016256525414064527,0.0012981504634522456,semantic_near_mid_graph_weak,0.0016943709051702172
2903,3128,0.032236918807029724,0.0016262296121567488,0.0012964489201144087,semantic_near_mid_graph_weak,0.0016943709051702172
2665,3412,0.03222987428307533,0.001626393641345203,0.0012930454958252212,semantic_near_mid_graph_weak,0.0016943709051702172
1094,3143,0.03153427317738533,0.001625059056095779,0.001289976578607184,semantic_near_mid_graph_weak,0.0016943709051702172
2553,3318,0.03182433918118477,0.0016258170362561941,0.0012876056652325327,semantic_near_mid_graph_weak,0.0016943709051702172
1918,2112,0.03219309449195862,0.001627279561944306,0.0012747373939634597,semantic_near_mid_graph_weak,0.0016943709051702172
2324,3117,0.032384421676397324,0.001627917867153883,0.0012701134080099383,semantic_near_mid_graph_weak,0.0016943709051702172
1793,3683,0.03217875957489014,0.0016280647832900286,0.0012592571955852853,semantic_near_mid_graph_weak,0.0016943709051702172
3429,3481,0.032103244215250015,0.0016279966803267598,0.001257592386203871,semantic_near_mid_graph_weak,0.0016943709051702172
2726,3211,0.033095844089984894,0.0016302091535180807,0.001253260028686641,semantic_near_mid_graph_weak,0.0016943709051702172
3456,3676,0.03217802196741104,0.0016289855120703578,0.0012417426486107644,semantic_near_mid_graph_weak,0.0016943709051702172
2312,2313,0.03497415408492088,0.0016342551680281758,0.0012408717874691875,semantic_near_mid_graph_weak,0.0016943709051702172
2391,3396,0.03162243962287903,0.0016279452247545123,0.001239717975529839,semantic_near_mid_graph_weak,0.0016943709051702172
2910,3431,0.03179015964269638,0.0016285080928355455,0.0012357325732206329,semantic_near_mid_graph_weak,0.0016943709051702172
2470,3136,0.032523900270462036,0.0016304869204759598,0.0012262700809696798,semantic_near_mid_graph_weak,0.0016943709051702172
366,2957,0.03125668317079544,0.0016279034316539764,0.0012261499265130854,semantic_near_mid_graph_weak,0.0016943709051702172
2742,3113,0.032228607684373856,0.001630225800909102,0.001220103221671559,semantic_near_mid_graph_weak,0.0016943709051702172
1694,2420,0.03219715505838394,0.0016303325537592173,0.001216883932420988,semantic_near_mid_graph_weak,0.0016943709051702172
3289,3391,0.03382330387830734,0.0016335203545168042,0.001214708455883191,semantic_near_mid_graph_weak,0.0016943709051702172
1091,3143,0.032253824174404144,0.0016306363977491856,0.0012132417937108597,semantic_near_mid_graph_weak,0.0016943709051702172
706,2569,0.03189839795231819,0.0016300462884828448,0.001210981736621592,semantic_near_mid_graph_weak,0.0016943709051702172
867,3673,0.03250252828001976,0.0016315720276907086,0.0012046490440805635,semantic_near_mid_graph_weak,0.0016943709051702172
979,2104,0.03211421146988869,0.0016312977531924844,0.0011954552185147731,semantic_near_mid_graph_weak,0.0016943709051702172
1410,2183,0.0322209931910038,0.0016316957771778107,0.0011918611598714548,semantic_near_mid_graph_weak,0.0016943709051702172
3272,3318,0.032415859401226044,0.0016320956638082862,0.0011914188693903291,semantic_near_mid_graph_weak,0.0016943709051702172
1151,3582,0.03244302421808243,0.0016335720429196954,0.0011641482714361043,semantic_near_mid_graph_weak,0.0016943709051702172
2659,3453,0.03253820165991783,0.0016346285119652748,0.0011472753880610524,semantic_near_mid_graph_weak,0.0016943709051702172
116,2541,0.03217599168419838,0.0016339870635420084,0.001146685168023473,semantic_near_mid_graph_weak,0.0016943709051702172
524,3672,0.03239128366112709,0.001634438638575375,0.0011457249660060708,semantic_near_mid_graph_weak,0.0016943709051702172
157,2898,0.03185201808810234,0.0016337489942088723,0.001139614826118668,semantic_near_mid_graph_weak,0.0016943709051702172
2050,2080,0.03253743797540665,0.001636054366827011,0.0011198674053553054,semantic_near_mid_graph_weak,0.0016943709051702172
1012,1940,0.032423388212919235,0.001638489426113665,0.0010693449018948315,semantic_near_mid_graph_weak,0.0016943709051702172
2509,2919,0.030374767258763313,0.0016366444760933518,0.0010348542001865535,semantic_near_mid_graph_weak,0.0016943709051702172
2058,3075,0.03156273439526558,0.0016394545091316104,0.0010229824041611674,semantic_near_mid_graph_weak,0.0016943709051702172
638,2813,0.0319146029651165,0.0016402166802436113,0.0010200308457507484,semantic_near_mid_graph_weak,0.0016943709051702172
1834,2015,0.03126849979162216,0.0016392437973991036,0.0010173344883307146,semantic_near_mid_graph_weak,0.0016943709051702172
2321,2368,0.03161463513970375,0.001639848225750029,0.0010173183518723831,semantic_near_mid_graph_weak,0.0016943709051702172
1573,2701,0.03233695775270462,0.0016416849102824926,0.0010055087617739794,semantic_near_mid_graph_weak,0.0016943709051702172
175,1873,0.03400405868887901,0.0016448484966531396,0.00099385729564341,semantic_near_mid_graph_weak,0.0016943709051702172
1834,3518,0.032384343445301056,0.001642819494009018,0.0009852970202923125,semantic_near_mid_graph_weak,0.0016943709051702172
839,1710,0.03581969439983368,0.0016478545730933547,0.000983374298100928,semantic_near_mid_graph_weak,0.0016943709051702172
812,902,0.03236576169729233,0.0016429437091574073,0.0009823589190722857,semantic_near_mid_graph_weak,0.0016943709051702172
50,2701,0.03234505653381348,0.00164306431543082,0.0009794281409189198,semantic_near_mid_graph_weak,0.0016943709051702172
2327,3684,0.032117728143930435,0.001643029390834272,0.0009732065127581613,semantic_near_mid_graph_weak,0.0016943709051702172
2938,3549,0.03256966546177864,0.0016438969178125262,0.0009702249240386284,semantic_near_mid_graph_weak,0.0016943709051702172
708,1976,0.03268907591700554,0.0016447424422949553,0.0009574695750637606,semantic_near_mid_graph_weak,0.0016943709051702172
1016,1906,0.03150223568081856,0.0016446750378236175,0.0009239599905417441,semantic_near_mid_graph_weak,0.0016943709051702172
1573,1847,0.03209826350212097,0.0016461876221001148,0.0009127869887650454,semantic_near_mid_graph_weak,0.0016943709051702172
1407,2938,0.031751565635204315,0.0016456946032121778,0.0009121667468342457,semantic_near_mid_graph_weak,0.0016943709051702172
2903,3387,0.0322960689663887,0.0016467743553221226,0.000907228430189429,semantic_near_mid_graph_weak,0.0016943709051702172
1835,3595,0.03231468424201012,0.001647117082029581,0.0009012149402223363,semantic_near_mid_graph_weak,0.0016943709051702172
2697,3494,0.032538484781980515,0.0016478599281981587,0.0008931909251878531,semantic_near_mid_graph_weak,0.0016943709051702172
355,762,0.03209618851542473,0.0016476063756272197,0.0008858527678132018,semantic_near_mid_graph_weak,0.0016943709051702172
93,1586,0.03264058753848076,0.001648514298722148,0.0008833877945015212,semantic_near_mid_graph_weak,0.0016943709051702172
1165,2128,0.03258165344595909,0.0016490956768393517,0.0008706132728446102,semantic_near_mid_graph_weak,0.0016943709051702172
1329,1711,0.03214196115732193,0.001648898352868855,0.0008626074759279726,semantic_near_mid_graph_weak,0.0016943709051702172
879,1152,0.033185284584760666,0.0016506512183696032,0.0008562766534811502,semantic_near_mid_graph_weak,0.0016943709051702172
2113,2137,0.03381051868200302,0.0016518923221156001,0.0008476437606256347,semantic_near_mid_graph_weak,0.0016943709051702172
1175,2851,0.03198728337883949,0.0016501399222761393,0.0008350172796524373,semantic_near_mid_graph_weak,0.0016943709051702172
1250,2886,0.031814735382795334,0.001650175778195262,0.000829839715511397,semantic_near_mid_graph_weak,0.0016943709051702172
598,1918,0.03240932151675224,0.0016512633301317692,0.0008245462991399953,semantic_near_mid_graph_weak,0.0016943709051702172
1845,3522,0.0321163646876812,0.0016509750857949257,0.0008225565941464211,semantic_near_mid_graph_weak,0.0016943709051702172
1973,3139,0.03261517733335495,0.0016523606609553099,0.0008086609376411002,semantic_near_mid_graph_weak,0.0016943709051702172
1917,3565,0.03216738626360893,0.001652128528803587,0.0008019653979726653,semantic_near_mid_graph_weak,0.0016943709051702172
2419,3479,0.0316755436360836,0.001652110950089991,0.0007900318915521974,semantic_near_mid_graph_weak,0.0016943709051702172
3400,3421,0.03344865143299103,0.001654782914556563,0.0007815082842417069,semantic_near_mid_graph_weak,0.0016943709051702172
824,3496,0.03147682920098305,0.0016523051308467984,0.0007814683252320908,semantic_near_mid_graph_weak,0.0016943709051702172
2909,3556,0.03233921527862549,0.0016540181823074818,0.0007701828376270519,semantic_near_mid_graph_weak,0.0016943709051702172
3223,3603,0.03346003219485283,0.0016558835050091147,0.0007600399915727423,semantic_near_mid_graph_weak,0.0016943709051702172
3248,3595,0.03201017156243324,0.0016545369289815426,0.0007525462151896768,semantic_near_mid_graph_weak,0.0016943709051702172
2962,3479,0.03155628964304924,0.0016557053895667195,0.0007201139997497974,semantic_near_mid_graph_weak,0.0016943709051702172
1954,3197,0.03220381587743759,0.0016567077254876494,0.0007158397846393679,semantic_near_mid_graph_weak,0.0016943709051702172
2216,2406,0.03166290000081062,0.0016570757143199444,0.000696939433272848,semantic_near_mid_graph_weak,0.0016943709051702172
3165,3451,0.03213167563080788,0.0016577079659327865,0.0006952678824066523,semantic_near_mid_graph_weak,0.0016943709051702172
2717,3412,0.03235102444887161,0.0016581474337726831,0.0006916233070508838,semantic_near_mid_graph_weak,0.0016943709051702172
73,2214,0.032618336379528046,0.0016587466234341264,0.0006858030915197708,semantic_near_mid_graph_weak,0.0016943709051702172
2254,3256,0.031175054609775543,0.0016574528999626637,0.000679261444420186,semantic_near_mid_graph_weak,0.0016943709051702172
1776,2774,0.033159997314214706,0.001659667701460421,0.0006791654284785285,semantic_near_mid_graph_weak,0.0016943709051702172
1009,2950,0.03220004588365555,0.0016596497735008597,0.0006598449191226166,semantic_near_mid_graph_weak,0.0016943709051702172
2066,2597,0.03274253383278847,0.001660655834712088,0.0006515201788354835,semantic_near_mid_graph_weak,0.0016943709051702172
2697,3112,0.032569438219070435,0.0016606745775789022,0.000647715595414239,semantic_near_mid_graph_weak,0.0016943709051702172
891,3472,0.032080113887786865,0.0016603241674602032,0.000644618731301415,semantic_near_mid_graph_weak,0.0016943709051702172
1573,3136,0.032527387142181396,0.00166082545183599,0.0006439829343934424,semantic_near_mid_graph_weak,0.0016943709051702172
2421,2469,0.032471854239702225,0.0016609461745247245,0.0006405698883342857,semantic_near_mid_graph_weak,0.0016943709051702172
232,1954,0.03196204826235771,0.0016607921570539474,0.00063341831744564,semantic_near_mid_graph_weak,0.0016943709051702172
1834,3356,0.03175882622599602,0.0016608696896582842,0.000627937648454978,semantic_near_mid_graph_weak,0.0016943709051702172
1107,3308,0.03155346214771271,0.0016607200959697366,0.0006266629880785145,semantic_near_mid_graph_weak,0.0016943709051702172
297,2583,0.03216927498579025,0.001661583548411727,0.0006224997681455809,semantic_near_mid_graph_weak,0.0016943709051702172
1707,2065,0.0332486666738987,0.0016628222074359655,0.0006190805872320705,semantic_near_mid_graph_weak,0.0016943709051702172
3211,3512,0.0318879671394825,0.0016619469970464706,0.0006102161655565944,semantic_near_mid_graph_weak,0.0016943709051702172
1476,2139,0.03198065608739853,0.001662399503402412,0.0006034489859618455,semantic_near_mid_graph_weak,0.0016943709051702172
1995,2321,0.0310363732278347,0.0016628287266939878,0.0005777689056274728,semantic_near_mid_graph_weak,0.0016943709051702172
297,3481,0.0321640782058239,0.0016641077818349004,0.0005744819288028534,semantic_near_mid_graph_weak,0.0016943709051702172
3094,3582,0.03195624798536301,0.0016639952082186937,0.0005728930433998476,semantic_near_mid_graph_weak,0.0016943709051702172
3061,3628,0.0320766419172287,0.0016641814727336168,0.0005715251666552413,semantic_near_mid_graph_weak,0.0016943709051702172
3412,3452,0.03227631747722626,0.0016647367738187313,0.0005645048724241953,semantic_near_mid_graph_weak,0.0016943709051702172
242,2804,0.032262299209833145,0.001665959251113236,0.0005409826629078676,semantic_near_mid_graph_weak,0.0016943709051702172
3111,3581,0.03169170394539833,0.0016658967360854149,0.0005325840605343221,semantic_near_mid_graph_weak,0.0016943709051702172
2715,2723,0.032648298889398575,0.0016674409853294492,0.0005189041368369162,semantic_near_mid_graph_weak,0.0016943709051702172
1121,3339,0.03184392675757408,0.0016673770733177662,0.0005073208007719922,semantic_near_mid_graph_weak,0.0016943709051702172
1107,2701,0.03236069157719612,0.0016679329564794898,0.000504936847595608,semantic_near_mid_graph_weak,0.0016943709051702172
3165,3659,0.032308429479599,0.0016680869739502668,0.0005011845609926147,semantic_near_mid_graph_weak,0.0016943709051702172
225,3189,0.03242809697985649,0.0016690605552867055,0.00048440779885450155,semantic_near_mid_graph_weak,0.0016943709051702172
216,217,0.03489420935511589,0.0016708897892385721,0.00048357474311579716,semantic_near_mid_graph_weak,0.0016943709051702172
1694,3481,0.03218337520956993,0.001669274177402258,0.00047669456777382806,semantic_near_mid_graph_weak,0.0016943709051702172
528,1873,0.03194815665483475,0.0016690930351614952,0.0004766260731194905,semantic_near_mid_graph_weak,0.0016943709051702172
960,1670,0.03292825073003769,0.0016704339068382978,0.00046518945786474614,semantic_near_mid_graph_weak,0.0016943709051702172
2088,2882,0.03261392191052437,0.0016704064328223467,0.00046127765024497457,semantic_near_mid_graph_weak,0.0016943709051702172
2909,3494,0.03244921565055847,0.0016703872242942452,0.0004593159800276463,semantic_near_mid_graph_weak,0.0016943709051702172
686,1063,0.032192412763834,0.0016706694150343537,0.00045031943787715486,semantic_near_mid_graph_weak,0.0016943709051702172
1093,3143,0.030896207317709923,0.001670689438469708,0.00043182251450007633,semantic_near_mid_graph_weak,0.0016943709051702172
3474,3681,0.032418351620435715,0.0016721768770366907,0.00042463772584328224,semantic_near_mid_graph_weak,0.0016943709051702172
391,3090,0.032282184809446335,0.001672499580308795,0.0004167057809181038,semantic_near_mid_graph_weak,0.0016943709051702172
1888,3556,0.03219808265566826,0.0016724939923733473,0.0004157263585765484,semantic_near_mid_graph_weak,0.0016943709051702172
3675,3676,0.032182078808546066,0.0016727775800973177,0.0004101333935292017,semantic_near_mid_graph_weak,0.0016943709051702172
2333,3599,0.03235558047890663,0.0016729702474549413,0.00040866536417454773,semantic_near_mid_graph_weak,0.0016943709051702172
122,534,0.03272043541073799,0.0016732498770579696,0.00040787364445788257,semantic_near_mid_graph_weak,0.0016943709051702172
3130,3496,0.03180193901062012,0.0016737307887524366,0.00038739789587240045,semantic_near_mid_graph_weak,0.0016943709051702172
1002,1175,0.03255927190184593,0.0016742177540436387,0.000387265813646239,semantic_near_mid_graph_weak,0.0016943709051702172
3459,3556,0.03213227167725563,0.0016743222950026393,0.0003802044680360489,semantic_near_mid_graph_weak,0.0016943709051702172
893,3202,0.03248533979058266,0.001674650702625513,0.0003780857417045104,semantic_near_mid_graph_weak,0.0016943709051702172
789,3626,0.03193998336791992,0.0016743845771998167,0.00037675516087562526,semantic_near_mid_graph_weak,0.0016943709051702172
944,2321,0.031137662008404732,0.0016739978455007076,0.0003743982171380107,semantic_near_mid_graph_weak,0.0016943709051702172
1872,2691,0.03085336834192276,0.0016739179845899343,0.0003724340936249503,semantic_near_mid_graph_weak,0.0016943709051702172
857,2133,0.031309567391872406,0.0016749032074585557,0.0003597353989070231,semantic_near_mid_graph_weak,0.0016943709051702172
1072,2956,0.0311540886759758,0.0016760033322498202,0.00033772121191316846,semantic_near_mid_graph_weak,0.0016943709051702172
560,1834,0.031465064734220505,0.0016763471066951752,0.0003347082885118158,semantic_near_mid_graph_weak,0.0016943709051702172
2308,2457,0.032113030552864075,0.0016772312810644507,0.00032484343946981677,semantic_near_mid_graph_weak,0.0016943709051702172
3490,3599,0.03230999782681465,0.0016775928670540452,0.00031994079538167416,semantic_near_mid_graph_weak,0.0016943709051702172
183,3527,0.03234582394361496,0.0016779584111645818,0.0003133172553671687,semantic_near_mid_graph_weak,0.0016943709051702172
620,2608,0.03130916506052017,0.0016775117255747318,0.0003115296864041573,semantic_near_mid_graph_weak,0.0016943709051702172
1125,1149,0.03344610705971718,0.0016785894986242056,0.00031151775049973265,semantic_near_mid_graph_weak,0.0016943709051702172
3101,3136,0.032149456441402435,0.0016782990423962474,0.00030495191495986663,semantic_near_mid_graph_weak,0.0016943709051702172
3510,3648,0.033281128853559494,0.0016794698312878609,0.00029268949226042714,semantic_near_mid_graph_weak,0.0016943709051702172
862,1027,0.03214912489056587,0.0016789552755653858,0.00029249735103462315,semantic_near_mid_graph_weak,0.0016943709051702172
410,2620,0.03172605112195015,0.00167937355581671,0.00028081612522455,semantic_near_mid_graph_weak,0.0016943709051702172
1976,3350,0.032378584146499634,0.0016798824071884155,0.0002768679806934179,semantic_near_mid_graph_weak,0.0016943709051702172
167,644,0.03172088414430618,0.0016796772833913565,0.0002750842054034636,semantic_near_mid_graph_weak,0.0016943709051702172
1606,2901,0.0327819287776947,0.0016807542415335774,0.00026344910442221146,semantic_near_mid_graph_weak,0.0016943709051702172
311,2080,0.03186022490262985,0.0016806292114779353,0.00025839292344031735,semantic_near_mid_graph_weak,0.0016943709051702172
1844,2701,0.03210793063044548,0.001680782763287425,0.00025749209670565694,semantic_near_mid_graph_weak,0.0016943709051702172
1574,1850,0.032530345022678375,0.0016809796215966344,0.00025710018604303847,semantic_near_mid_graph_weak,0.0016943709051702172
1037,1166,0.03168049454689026,0.0016808380605652928,0.000253030318451524,semantic_near_mid_graph_weak,0.0016943709051702172
2161,3494,0.032432183623313904,0.0016816406277939677,0.00024367196826999608,semantic_near_mid_graph_weak,0.0016943709051702172
562,2582,0.03160189092159271,0.001681516063399613,0.0002397570131836971,semantic_near_mid_graph_weak,0.0016943709051702172
1285,2468,0.03288653865456581,0.0016823012847453356,0.000234262780030994,semantic_near_mid_graph_weak,0.0016943709051702172
230,347,0.0341920331120491,0.001682810951024294,0.00023327733834727822,semantic_near_mid_graph_weak,0.0016943709051702172
1795,3412,0.032269757241010666,0.0016823408659547567,0.0002291153866595392,semantic_near_mid_graph_weak,0.0016943709051702172
468,2056,0.033128127455711365,0.0016828642692416906,0.00022497630268763466,semantic_near_mid_graph_weak,0.0016943709051702172
230,355,0.03211492300033569,0.0016834790585562587,0.00020644288347456126,semantic_near_mid_graph_weak,0.0016943709051702172
1638,1648,0.031810030341148376,0.0016834319103509188,0.00020536811393641563,semantic_near_mid_graph_weak,0.0016943709051702172
100,1285,0.03178755193948746,0.0016836347058415413,0.00020141841007278554,semantic_near_mid_graph_weak,0.0016943709051702172
685,3590,0.03231975436210632,0.0016838249284774065,0.00020116219841835486,semantic_near_mid_graph_weak,0.0016943709051702172
666,1982,0.03377150371670723,0.001684315619058907,0.00020041782542680754,semantic_near_mid_graph_weak,0.0016943709051702172
1961,3603,0.031773313879966736,0.0016840003663673997,0.00019447122438235738,semantic_near_mid_graph_weak,0.0016943709051702172
1248,3265,0.03110378235578537,0.0016839427407830954,0.00019143114088990214,semantic_near_mid_graph_weak,0.0016943709051702172
2604,2723,0.03262995555996895,0.0016850547399371862,0.00017940939413887708,semantic_near_mid_graph_weak,0.0016943709051702172
2775,3386,0.03356489911675453,0.0016854149289429188,0.00017741477833693145,semantic_near_mid_graph_weak,0.0016943709051702172
2461,3641,0.03217855840921402,0.001685751718468964,0.0001636908435218488,semantic_near_mid_graph_weak,0.0016943709051702172
2660,3557,0.032453324645757675,0.001686088158749044,0.00015864451977108194,semantic_near_mid_graph_weak,0.0016943709051702172
2502,3386,0.033144429326057434,0.0016862658085301518,0.00015854781379200098,semantic_near_mid_graph_weak,0.0016943709051702172
146,2166,0.03237680718302727,0.0016863648779690266,0.0001529827962720941,semantic_near_mid_graph_weak,0.0016943709051702172
1552,3522,0.03262551501393318,0.0016869187820702791,0.00014349240378291393,semantic_near_mid_graph_weak,0.0016943709051702172
1834,3192,0.03247673064470291,0.001687204698100686,0.00013735775090988544,semantic_near_mid_graph_weak,0.0016943709051702172
1787,3293,0.031408414244651794,0.0016872696578502655,0.0001316352380687043,semantic_near_mid_graph_weak,0.0016943709051702172
1092,3144,0.03238580748438835,0.0016883674543350935,0.00011474854908982984,semantic_near_mid_graph_weak,0.0016943709051702172
3165,3452,0.03233211487531662,0.0016886164667084813,0.00010980663373058438,semantic_near_mid_graph_weak,0.0016943709051702172
1002,3150,0.0326521098613739,0.0016892662970349193,9.837056639984187e-05,semantic_near_mid_graph_weak,0.0016943709051702172
839,2324,0.032248131930828094,0.0016894530272111297,9.359956356688696e-05,semantic_near_mid_graph_weak,0.0016943709051702172
2448,3230,0.03195950761437416,0.0016899150796234608,8.404652727177124e-05,semantic_near_mid_graph_weak,0.0016943709051702172
140,1182,0.03209378942847252,0.0016902368515729904,7.830484177376042e-05,semantic_near_mid_graph_weak,0.0016943709051702172
167,646,0.032263435423374176,0.001690555945970118,7.264270734325317e-05,semantic_near_mid_graph_weak,0.0016943709051702172
3035,3165,0.032520439475774765,0.0016912546707317233,5.981058405814734e-05,semantic_near_mid_graph_weak,0.0016943709051702172
2063,2143,0.035997696220874786,0.0016932818107306957,2.313831680543164e-05,semantic_near_mid_graph_weak,0.0016943709051702172
943,2487,0.031026087701320648,0.0016936708707362413,1.2818521420664499e-05,semantic_near_mid_graph_weak,0.0016943709051702172
1884,3491,0.03157287463545799,0.0016942626098170877,2.017973513075561e-06,semantic_near_mid_graph_weak,0.0016943709051702172
