item_id,item_title,brand,test_count,train_item_events,main_hit10,l3_hit10,main_mean_rank,l3_mean_rank,main_mean_ndcg10,l3_mean_ndcg10,main_same_l12_hist_mean,l3_same_l12_hist_mean,main_l12_bucket_size,l3_l12_bucket_size,main_sid,l3_sid,hit10_delta_l3_minus_main,ndcg10_delta_l3_minus_main
357,"PORTER-CABLE PNS18050 1/2-Inch, 18 Gauge Narrow Crown (1/4-Inch) Staple (5000-Pack),PORTER-CABLE,PNS18050"" />",PORTER-CABLE,1,34,1,0,1.0,23.0,1.0,0.0,1.0,0.0,4,1,<a_191><b_93><c_95>,<a_255><b_96><c_13>,-1,-1.0
421,"Anytime Tools 7/32"" Diamond Chainsaw Sharpener Burr 1/8"" Shank, 4 Pack",Anytime Tools,1,47,1,0,1.0,21.0,1.0,0.0,1.0,1.0,2,2,<a_122><b_207><c_142>,<a_71><b_136><c_244>,-1,-1.0
814,"DEWALT DW4902 1-Inch by 1/4-Inch High Performance Carbon Knot Wire End Brush, 0.020-Inch Wire",DEWALT,1,70,1,0,1.0,33.0,1.0,0.0,0.0,0.0,1,1,<a_122><b_58><c_252>,<a_71><b_88><c_6>,-1,-1.0
1886,"Arrow Fastener 256 Genuine T25 3/8-Inch Staples, 1,000-Pack",ARROW FASTENER,1,66,1,0,1.0,11.0,1.0,0.0,1.0,0.0,3,1,<a_191><b_29><c_4>,<a_255><b_140><c_123>,-1,-1.0
2302,"HBD Thermoid NBR/PVC SAE30R6 Fuel Line Hose, 5/16"" x 25' Length, 0.3125"" ID, Black",HBD Thermoid,1,46,1,0,1.0,999.0,1.0,0.0,0.0,0.0,1,1,<a_225><b_126><c_244>,<a_56><b_208><c_65>,-1,-1.0
3649,"[3D CAM] 5 PCS DRV8825 StepStick Stepper Motor Drivers for 3D Printer Electronics, CNC Machine or Robotics",3D CAM,1,22,1,0,1.0,999.0,1.0,0.0,0.0,0.0,5,1,<a_186><b_227><c_180>,<a_15><b_74><c_32>,-1,-1.0
226,"Anderson Metals Brass Hose Fitting, Connector, 3/4"" Barb x 3/4"" Male Pipe",Anderson Metals,4,145,4,1,1.25,507.75,0.9077324383928644,0.0752574989159953,1.0,1.0,2,4,<a_78><b_243><c_2>,<a_31><b_98><c_13>,-3,-0.8324749394768691
2321,"HM Digital C342 TDS and EC Calibration Solution, 342 ppm (NaCl), 90 ml Volume",HM Digital,1,81,1,1,1.0,4.0,1.0,0.43067655807339306,0.0,0.0,1,1,<a_62><b_53><c_236>,<a_59><b_99><c_128>,0,-0.5693234419266069
2569,Powerbuilt 640405 Heavy Duty 2-Ton Bottle Jack,Alltrade,1,40,1,1,1.0,4.0,1.0,0.43067655807339306,1.0,0.0,4,2,<a_41><b_159><c_209>,<a_85><b_70><c_144>,0,-0.5693234419266069
273,"Gorilla Original Gorilla Glue, Waterproof Polyurethane Glue, 2 ounce Bottle, Brown, (Pack of 4)",Gorilla,3,57,3,0,3.0,671.3333333333334,0.5495707714591522,0.0,1.0,1.0,4,3,<a_150><b_187><c_210>,<a_19><b_108><c_9>,-3,-0.5495707714591522
2104,"Anderson Metals Brass Garden Hose Fitting, Connector, 3/4"" Barb x 3/4"" Male Hose",Anderson Metals,2,40,1,0,500.0,999.0,0.5,0.0,0.0,0.0,2,4,<a_78><b_32><c_158>,<a_31><b_98><c_200>,-1,-0.5
265,"ZJchao 10 pieces Tungsten Carbide Rotary Burr SET 1/8"" shank [Misc.]",ZJchao,1,114,1,0,3.0,999.0,0.5,0.0,0.0,0.0,4,3,<a_122><b_145><c_229>,<a_71><b_144><c_148>,-1,-0.5
417,American Terminal E-FFB250N-100 16/14-Gauge Economy Nylon Fully-Insulated Female Quick Disconnects,American Terminal,1,1228,1,1,1.0,3.0,1.0,0.5,0.0,0.0,8,7,<a_202><b_97><c_123>,<a_191><b_218><c_173>,0,-0.5
646,"Red Devil 0405 DuraGuard Kitchen and Bath Siliconized Acrylic Caulk, 5.5 Oz, Squeeze Tube, Paste, White",Red Devil,1,33,1,1,1.0,3.0,1.0,0.5,1.0,0.0,2,1,<a_210><b_124><c_238>,<a_57><b_122><c_30>,0,-0.5
2446,100x 1N4007 Diode 1A 1000V Rectifier Diodes Arduino Motor Snubber Flyback,Atoms Industries,1,124,1,0,3.0,999.0,0.5,0.0,0.0,0.0,2,2,<a_145><b_175><c_74>,<a_67><b_101><c_66>,-1,-0.5
526,"Rubbermaid Commercial Products FG263100GRAY Rubbermaid Commercial Round Brute Container Lid, Gray, 32G",Rubbermaid Commercial Products,1,206,1,0,4.0,999.0,0.43067655807339306,0.0,0.0,0.0,1,1,<a_241><b_127><c_58>,<a_20><b_211><c_60>,-1,-0.43067655807339306
809,"Loos Cableware AN100-C4 Stainless Steel Thimble for 3/32"" and 1/8"" Diameter Wire Rope (10 Piece)",Loos & Co.,3,163,2,0,334.3333333333333,678.3333333333334,0.420619835714305,0.0,0.0,0.0,1,1,<a_173><b_18><c_163>,<a_16><b_34><c_233>,-2,-0.420619835714305
1184,"Keeper Foot x 2 Inch 02612 6' x 2"" Lift Sling",Keeper,4,52,3,1,252.75,751.5,0.4829899373088597,0.0752574989159953,0.75,0.5,4,3,<a_10><b_34><c_31>,<a_13><b_163><c_29>,-2,-0.4077324383928644
1155,"6061 Aluminum Round Rod, Unpolished (Mill) Finish, Extruded, T6511 Temper, ASTM B221, 0.5"" Diameter, 96"" Length",Small Parts,4,378,4,4,1.0,2.25,1.0,0.5981973151785931,2.0,2.0,9,9,<a_225><b_205><c_67>,<a_253><b_135><c_44>,0,-0.4018026848214069
1158,"6061 Aluminum Round Rod, Unpolished (Mill) Finish, Extruded, T6511 Temper, ASTM B221, 1/2"" Diameter, 24"" Length",Small Parts,4,161,4,4,1.0,2.25,1.0,0.5981973151785931,5.0,5.0,9,9,<a_225><b_205><c_74>,<a_253><b_135><c_31>,0,-0.4018026848214069
796,Hillman Toggle Bolt 90 Lb. 5 / Card,The Hillman Group,1,18,1,0,5.0,999.0,0.38685280723454163,0.0,1.0,1.0,2,2,<a_182><b_101><c_191>,<a_224><b_234><c_52>,-1,-0.38685280723454163
1002,"Rubbermaid Commercial Products FG267360BLUE Slim Jim Trash Can, Swing Lid, Blue",Rubbermaid Commercial Products,1,63,1,0,5.0,28.0,0.38685280723454163,0.0,0.0,0.0,1,1,<a_241><b_201><c_212>,<a_20><b_185><c_165>,-1,-0.38685280723454163
2410,"Heathrow Scientific HD15909 Spatula with Flat End and Spoon End, 9"" Overall Length",Heathrow Scientific,1,160,1,0,5.0,999.0,0.38685280723454163,0.0,0.0,0.0,3,1,<a_50><b_236><c_254>,<a_86><b_55><c_144>,-1,-0.38685280723454163
2822,RiteBrew 812325 Briess - Dry Malt Extract - Golden Light - 3 lbs.,RiteBrew,2,10,2,0,5.5,999.0,0.3820049457033632,0.0,0.0,0.0,1,1,<a_142><b_165><c_76>,<a_12><b_52><c_106>,-2,-0.3820049457033632
1322,"Pro Gaff Gaffers Tape 1 and 2 inch widths, 17 colors available, 2 inch, Black",Tape Brothers,1,36,1,1,1.0,2.0,1.0,0.6309297535714575,1.0,1.0,4,3,<a_192><b_28><c_9>,<a_42><b_108><c_46>,0,-0.36907024642854247
37,"The Hillman Group 591521 Small Flat and Lock Washer Assortment, 270-Pack",Hillman,1,197,1,0,6.0,16.0,0.3562071871080222,0.0,0.0,0.0,2,2,<a_182><b_70><c_203>,<a_224><b_30><c_96>,-1,-0.3562071871080222
1657,AmScope 25pc Assorted Specimen Collection of Prepared Microscope Slides Glass Slide with Storage Case,AmScope,2,208,1,1,500.0,504.0,0.5,0.1505149978319906,0.0,0.0,2,3,<a_165><b_229><c_0>,<a_196><b_192><c_24>,0,-0.3494850021680094
1881,Phantom YoYo 170 Points Mini Breadboard for Arduino Proto Shield (6 PCS),Phantom YoYo,1,98,1,1,2.0,10.0,0.6309297535714575,0.2890648263178879,0.0,0.0,3,1,<a_239><b_113><c_60>,<a_175><b_69><c_175>,0,-0.34186492725356965
457,CRC 03400 16oz Truetap Cutting Fluid Heavy Duty Bottle,CRC,1,272,1,0,7.0,999.0,0.3333333333333333,0.0,0.0,0.0,2,2,<a_6><b_47><c_154>,<a_173><b_37><c_215>,-1,-0.3333333333333333
2627,Uxcell a11090300ux0244 30 Pcs 16 Pin 2.54mm DIP IC Socket Solder Type Adaptors.,uxcell,1,118,1,0,7.0,999.0,0.3333333333333333,0.0,0.0,0.0,2,1,<a_0><b_81><c_19>,<a_130><b_2><c_41>,-1,-0.3333333333333333
2929,"Install Bay 3MHST34 3M Heat Shrink Tubing 3/4"" Diameter 4G 4-Ft",Install Bay,1,44,1,1,2.0,9.0,0.6309297535714575,0.3010299956639812,1.0,1.0,7,3,<a_202><b_76><c_141>,<a_115><b_11><c_0>,0,-0.32989975790747633
2311,"TEMCo 3/4"" Marine Heat Shrink Tube 3:1 Adhesive Glue Lined 4 ft RED",Temco,3,1,2,0,336.0,351.3333333333333,0.3214210289682636,0.0,0.6666666666666666,0.6666666666666666,7,7,<a_210><b_0><c_17>,<a_115><b_53><c_144>,-2,-0.3214210289682636
1134,FiberFix 10x Tape- 10x Stonger Than Duct Tape- Weight Bearing Untearable Water Resistant Repair Tape,FiberFix,2,20,1,0,22.0,522.0,0.31546487678572877,0.0,0.5,0.5,2,2,<a_210><b_10><c_198>,<a_42><b_31><c_8>,-1,-0.31546487678572877
2251,"3M  Pro Strength Duct Tape, 1230-C, 1.88 Inches by 30 Yards",Scotch,2,19,1,0,500.5,999.0,0.31546487678572877,0.0,0.5,0.5,2,5,<a_192><b_39><c_2>,<a_42><b_110><c_45>,-1,-0.31546487678572877
2404,Pac-Kit by First Aid Only 90358 Pour Woundseal Blood Clotting Powder Pack (Box of 2),First Aid Only,1,20,1,0,8.0,24.0,0.31546487678572877,0.0,0.0,0.0,1,1,<a_74><b_167><c_242>,<a_91><b_141><c_200>,-1,-0.31546487678572877
2670,FLIR ONE Thermal Imager for iOS,FLIR,1,29,1,0,8.0,35.0,0.31546487678572877,0.0,0.0,0.0,5,2,<a_31><b_37><c_7>,<a_235><b_184><c_10>,-1,-0.31546487678572877
3210,Ancor Heat Shrink Ring Terminals,Ancor,3,20,2,2,7.666666666666667,5.666666666666667,0.6666666666666666,0.37697658452381916,1.0,1.0,2,2,<a_202><b_176><c_0>,<a_115><b_225><c_0>,0,-0.28969008214284747
194,Oral-B Deep Sweep Toothbrush,Oral B,1,90,1,0,10.0,999.0,0.2890648263178879,0.0,0.0,0.0,1,2,<a_242><b_132><c_126>,<a_140><b_100><c_188>,-1,-0.2890648263178879
355,"PORTER-CABLE PBN18100-1 1-Inch 18 Gauge Brad Nails, 1000-Pack",PORTER-CABLE,1,15,1,0,10.0,999.0,0.2890648263178879,0.0,1.0,1.0,4,4,<a_191><b_207><c_171>,<a_255><b_82><c_6>,-1,-0.2890648263178879
359,Kreg SK03 Pocket-Hole Screw Kit in 5 Sizes,Kreg,1,288,1,0,10.0,999.0,0.2890648263178879,0.0,0.0,0.0,6,10,<a_191><b_218><c_245>,<a_224><b_58><c_204>,-1,-0.2890648263178879
2042,"Eaton Weatherhead 3750X4 Brass CA360 Fitting, Street Tee, 1/4""NPT Female x NPT Male x NPT Female",Weatherhead,1,15,1,0,10.0,999.0,0.2890648263178879,0.0,0.0,0.0,2,1,<a_51><b_230><c_49>,<a_15><b_210><c_232>,-1,-0.2890648263178879
2579,Uxcell CP2102 USB 2.0 to UART TTL 6PIN Module Serial Converter Adapter,uxcell,1,25,1,0,10.0,999.0,0.2890648263178879,0.0,0.0,0.0,1,2,<a_45><b_27><c_5>,<a_175><b_237><c_46>,-1,-0.2890648263178879
2897,Ginsco 110pcs Female Red 22-18 Gauge Nylon Fully-Insulated Quick Disconnects Wiring Spade Wire Connector Crimp Terminal,Ginsco,1,11,1,0,10.0,50.0,0.2890648263178879,0.0,1.0,0.0,8,7,<a_202><b_60><c_179>,<a_191><b_135><c_38>,-1,-0.2890648263178879
1107,"HATCHBOX PLA 3D Printer Filament, Dimensional Accuracy +/- 0.03 mm, 1 kg Spool, 1.75 mm, Glow in the Dark",HATCHBOX,9,272,6,3,226.55555555555554,230.66666666666666,0.36718514510971273,0.10260312836835582,0.8888888888888888,1.1111111111111112,24,27,<a_222><b_157><c_5>,<a_184><b_67><c_160>,-3,-0.2645820167413569
699,"POWERTEC 15501 1/2"" Arbor 60-Grit Silicon Carbide Grinding Wheel, 6"" by 3/4",POWERTEC,4,23,1,0,749.5,754.25,0.25,0.0,0.25,0.25,1,1,<a_122><b_225><c_143>,<a_71><b_24><c_250>,-1,-0.25
635,Texas Instruments NE555N NE555 NE555P General Purpose Single Bipolar Timer DIP8 50 Pack,elegantstunning,2,219,1,0,501.0,511.5,0.25,0.0,0.5,0.5,4,4,<a_45><b_63><c_44>,<a_67><b_251><c_2>,-1,-0.25
2530,"Think Safe 1095TS 7"" Trauma Shear",First Voice,2,57,1,0,7.0,18.0,0.25,0.0,0.0,0.0,1,1,<a_67><b_168><c_240>,<a_86><b_9><c_57>,-1,-0.25
3576,5PCS Nema17 Stepper Motor 2A 64oz.in 40mm Body 4-lead 1m Cable W/Connector DIY CNC,STEPPERONLINE,2,55,1,0,501.0,999.0,0.25,0.0,0.0,0.0,2,2,<a_212><b_204><c_106>,<a_152><b_11><c_151>,-1,-0.25
3112,"3D Solutech Real Black 3D Printer PLA Filament 1.75MM Filament, Dimensional Accuracy +/- 0.03 mm, 2.2 LBS (1.0KG) - PLA175RBLK",3D Solutech,32,94,17,4,320.84375,538.96875,0.280320528892238,0.036133103289735985,0.84375,0.0,23,2,<a_222><b_68><c_71>,<a_184><b_142><c_60>,-13,-0.24418742560250203
2718,Inland 1.75mm Pink PLA 3D Printer Filament - 1kg Spool (2.2 lbs),Inland,6,25,4,0,337.3333333333333,347.0,0.23197636741027097,0.0,1.5,1.5,21,18,<a_186><b_178><c_138>,<a_251><b_78><c_38>,-4,-0.23197636741027097
2932,Inland 1.75mm Blue PLA 3D Printer Filament - 1kg Spool (2.2 lbs),Inland,10,66,4,1,502.1,505.6,0.25628895028068965,0.03010299956639812,1.0,1.0,21,18,<a_186><b_178><c_182>,<a_251><b_78><c_21>,-3,-0.22618595071429154
1552,"3D Solutech Teal Blue 3D Printer PLA Filament 1.75MM Filament, Dimensional Accuracy +/- 0.03 mm, 2.2 LBS (1.0KG)",3D Solutech,11,41,7,0,277.45454545454544,556.0,0.2248415390331461,0.0,2.272727272727273,2.272727272727273,23,24,<a_222><b_68><c_102>,<a_184><b_137><c_245>,-7,-0.2248415390331461
2158,"eSUN 3D 1.75mm PETG Green Filament 1kg (2.2lb), PETG 3D Printer Filament, Semi-Transparent 1.75mm Green",eSUN,6,87,3,1,500.8333333333333,505.1666666666667,0.28208934420271803,0.059367864518003695,0.8333333333333334,0.8333333333333334,7,7,<a_85><b_161><c_32>,<a_184><b_236><c_36>,-2,-0.22272147968471434
50,"HATCHBOX PLA 3D Printer Filament, Dimensional Accuracy +/- 0.03 mm, 1 kg Spool, 1.75 mm, Blue",HATCHBOX,13,498,11,11,80.46153846153847,80.0,0.7494661534109665,0.5411211514808569,1.6153846153846154,2.1538461538461537,24,27,<a_222><b_157><c_189>,<a_184><b_67><c_111>,0,-0.20834500193010952
416,PRO 1 Fuel Line Hose 1/4 Inch Inside Diameter X 25 Feet Length NRB/PVCC SAE30R6,Pro-1,7,36,2,1,576.0,856.5714285714286,0.2857142857142857,0.09013282193877965,0.42857142857142855,0.42857142857142855,2,2,<a_223><b_126><c_85>,<a_56><b_228><c_9>,-1,-0.19558146377550606
2472,"HATCHBOX ABS 3D Printer Filament, Dimensional Accuracy +/- 0.03 mm, 1 kg Spool, 1.75 mm, Black",HATCHBOX,10,366,4,0,212.9,516.3,0.19030899869919438,0.0,0.3,0.2,24,21,<a_222><b_109><c_177>,<a_184><b_252><c_69>,-4,-0.19030899869919438
870,"Gardner Bender GSW-111  Electrical Long Bat Handle Toggle Switch, SPST, ON-OFF, 20 A/125V AC,  Screw Terminal",Gardner Bender,2,107,2,2,1.0,1.5,1.0,0.8154648767857288,0.0,1.0,3,5,<a_0><b_181><c_9>,<a_67><b_160><c_129>,0,-0.18453512321427123
1383,"Justrite AccuFlow 7225420 Type II Galvanized Steel Safety Can with 5/8"" Flexible Spout, 2.5 Gallon Capacity, Green",Justrite,2,27,1,0,502.5,999.0,0.1781035935540111,0.0,1.0,0.0,4,4,<a_241><b_15><c_146>,<a_20><b_70><c_70>,-1,-0.1781035935540111
2431,Ginsco 110pcs Male Red 22-18 Gauge Nylon Fully-Insulated Quick Disconnects Wiring Spade Wire Connector Crimp Terminal,Ginsco,2,6,2,1,5.5,502.0,0.3715299971712819,0.19342640361727081,1.5,0.5,8,7,<a_202><b_60><c_113>,<a_191><b_135><c_220>,-1,-0.17810359355401106
1249,"T-fal C51402 Excite Nonstick Thermo-Spot Dishwasher Safe Oven Safe PFOA Free Fry Pan Cookware, 8-Inch, Red",T-fal,7,84,7,7,1.0,1.5714285714285714,1.0,0.8231227867347022,1.0,1.0,3,3,<a_50><b_26><c_0>,<a_20><b_182><c_0>,0,-0.17687721326529782
140,DuPont Teflon Silicone Lubricant,DuPont,12,104,11,11,84.66666666666667,85.41666666666667,0.83226141172329,0.6598177915627393,0.0,0.0,1,1,<a_225><b_26><c_144>,<a_173><b_61><c_241>,0,-0.1724436201605507
3522,"3D Solutech Real Blue 3D Printer PLA Filament 1.75MM Filament, Dimensional Accuracy +/- 0.03 mm, 2.2 LBS (1.0KG) - ST176BLPLA",3D,14,36,9,2,221.64285714285714,295.5,0.21214198979267154,0.04445701140365865,2.4285714285714284,1.8571428571428572,23,24,<a_222><b_68><c_19>,<a_184><b_137><c_15>,-7,-0.1676849783890129
283,Nitrile Exam Glove (non-latex) PF Medium Blue 100/BX,VersaPro,3,461,1,1,666.3333333333334,667.0,0.3333333333333333,0.16666666666666666,0.3333333333333333,0.3333333333333333,2,9,<a_254><b_254><c_116>,<a_91><b_193><c_105>,0,-0.16666666666666666
2332,Metal J-head V6 Hotend 1.75mm Filament 0.4mm Bowden Extruder Reprap 3D Printer with 1 Meter Tubing,Syhonic,2,105,1,0,9.5,999.0,0.16666666666666666,0.0,0.0,0.0,7,6,<a_186><b_249><c_4>,<a_251><b_204><c_207>,-1,-0.16666666666666666
2801,"Dixon BA74 Brass Fitting, Adapter, 3/4"" GHT Male x 1/2"" NPTF Male",Dixon Valve & Coupling,2,15,1,0,503.0,999.0,0.16666666666666666,0.0,0.0,0.0,4,1,<a_78><b_135><c_3>,<a_31><b_135><c_154>,-1,-0.16666666666666666
377,"Gorilla Tape, Black Tough & Wide Duct Tape, 2.88"" x 30 yd, Black, (Pack of 1)",Gorilla,4,208,1,0,749.75,754.5,0.15773243839286438,0.0,0.25,0.25,5,7,<a_150><b_83><c_15>,<a_42><b_40><c_21>,-1,-0.15773243839286438
3312,"TEMCo 3/4"" Marine Heat Shrink Tube 3:1 Adhesive Glue Lined 4 ft BLACK",Temco,4,3,1,0,749.75,999.0,0.15773243839286438,0.0,0.25,0.25,7,7,<a_210><b_0><c_35>,<a_115><b_53><c_61>,-1,-0.15773243839286438
2605,Acid Blend - 1 lb.,Home Brew Ohio,2,60,1,0,503.5,999.0,0.15773243839286438,0.0,0.0,0.0,1,1,<a_142><b_16><c_246>,<a_12><b_228><c_20>,-1,-0.15773243839286438
1824,DTOL 10 X Mini Laser Dot Diode Module Head WL Red 650nm 6mm 5V 5mW Pack of 10,DTOL,6,170,2,1,503.8333333333333,342.5,0.21484413771964797,0.059367864518003695,0.0,0.0,2,2,<a_104><b_145><c_50>,<a_175><b_119><c_206>,-1,-0.15547627320164428
66,Brown & Sharpe 599-792-30 Adjustable Spring Tensioned Tap Guide,TESA Brown & Sharpe,2,66,1,0,504.0,999.0,0.1505149978319906,0.0,0.0,0.0,2,2,<a_160><b_18><c_146>,<a_88><b_234><c_175>,-1,-0.1505149978319906
3443,Inland 1.75mm Translucent Magenta PETG 3D Printer Filament - 1kg Spool (2.2 Lbs),Inland,8,22,3,0,503.625,505.625,0.14869256505516942,0.0,1.25,1.25,21,18,<a_186><b_178><c_0>,<a_251><b_78><c_19>,-3,-0.14869256505516942
332,DEWALT DW4523 4-1/2-Inch by 1/4-Inch by 5/8-Inch General Purpose Metal Grinding Wheel,DEWALT,2,198,1,0,504.5,505.5,0.14453241315894394,0.0,0.0,0.0,3,1,<a_122><b_197><c_166>,<a_71><b_75><c_250>,-1,-0.14453241315894394
356,"PORTER-CABLE PNS18075 3/4-Inch, 18 Gauge Narrow Crown (1/4-Inch) Staple (5000-Pack)",PORTER-CABLE,1,25,1,1,4.0,9.0,0.43067655807339306,0.3010299956639812,0.0,0.0,4,1,<a_191><b_93><c_11>,<a_255><b_153><c_117>,0,-0.12964656240941186
2871,"3M 468MP Adhesive Transfer Tape, 4"" width x 5yd length (1 roll)",TapeCase,3,88,1,0,667.6666666666666,678.0,0.1289509357448472,0.0,0.0,0.0,1,1,<a_192><b_87><c_134>,<a_226><b_111><c_144>,-1,-0.1289509357448472
2083,Applied Magnets Strong N52 Neodymium Magnet 1 inch Cube,Applied Magnets,3,106,2,2,333.6666666666667,334.0,0.6666666666666666,0.5436432511904858,0.6666666666666666,0.6666666666666666,1,4,<a_175><b_80><c_117>,<a_13><b_108><c_240>,0,-0.12302341547618079
1376,"Century Drill and Tool 97205 Plug Hand Pipe Tap, 3/4-14 NPT",Century Drill & Tool,3,53,1,0,351.6666666666667,999.0,0.11873572903600739,0.0,0.3333333333333333,0.3333333333333333,3,3,<a_182><b_186><c_135>,<a_71><b_150><c_145>,-1,-0.11873572903600739
2697,"3D Solutech Real White 3D Printer PLA Filament 1.75MM Filament, Dimensional Accuracy +/- 0.03 mm, 2.2 LBS (1.0KG)",3D Solutech,30,73,23,14,203.5,306.3,0.3663803065877497,0.25180210527147856,1.3333333333333333,0.9333333333333333,23,24,<a_222><b_68><c_4>,<a_184><b_137><c_243>,-9,-0.11457820131627117
3466,"3D Solutech Real Red 3D Printer PLA Filament 1.75MM, Dimensional Accuracy +/- 0.03 mm, 2.2 LBS (1.0KG) - RA-I00I-DQUY",3D Solutech,11,53,4,0,103.54545454545455,475.90909090909093,0.11371438194972949,0.0,2.090909090909091,1.7272727272727273,23,24,<a_222><b_68><c_15>,<a_184><b_137><c_14>,-4,-0.11371438194972949
851,3M Aqua-Pure Whole House Replacement Water Filter &ndash; Model AP810,,2,46,1,1,501.0,504.5,0.25,0.14453241315894394,0.5,0.5,1,1,<a_186><b_130><c_142>,<a_163><b_183><c_85>,0,-0.10546758684105606
1805,PODOY 20PCS Photoresistor GL5537 5537 LDR Photo Resistors Light-Dependent,SUNKEE,3,70,1,0,339.6666666666667,999.0,0.10515495892857625,0.0,0.0,0.0,2,3,<a_104><b_63><c_6>,<a_175><b_107><c_123>,-1,-0.10515495892857625
1851,"HATCHBOX PLA 3D Printer Filament, Dimensional Accuracy +/- 0.03 mm, 1 kg Spool, 1.75 mm, Yellow",HATCHBOX,20,409,13,15,253.6,253.75,0.3839183891071559,0.2907665130371443,0.05,1.1,24,27,<a_222><b_109><c_168>,<a_184><b_67><c_130>,2,-0.09315187607001163
450,"X-Treme Tape TPE-X36ZLB Silicone Rubber Self Fusing Tape, 1"" x 36', Triangular, Black",X-Treme Tape,4,148,2,2,502.0,501.25,0.3252574989159953,0.23266913951834828,0.5,0.5,10,9,<a_210><b_80><c_172>,<a_42><b_148><c_37>,0,-0.09258835939764704
1154,"6061 Aluminum Round Rod, Unpolished (Mill) Finish, Extruded, T6511 Temper, ASTM B221, 1/4"" Diameter, 60"" Length",Small Parts,4,453,4,4,1.0,1.25,1.0,0.9077324383928644,1.0,1.0,9,9,<a_225><b_205><c_68>,<a_253><b_135><c_41>,0,-0.09226756160713556
1157,"6061 Aluminum Round Rod, Unpolished (Mill) Finish, Extruded, T6511 Temper, ASTM B221, 2"" Diameter, 12"" Length",Small Parts,4,234,4,4,1.0,1.25,1.0,0.9077324383928644,4.0,4.0,9,9,<a_225><b_205><c_224>,<a_253><b_135><c_54>,0,-0.09226756160713556
175,"Gorilla Crystal Clear Duct Tape, 1.88&rdquo; x 9 yd, Clear, (Pack of 1)",Gorilla,8,320,2,2,139.875,381.625,0.2038662191964322,0.11633456975917414,0.0,0.375,2,7,<a_150><b_240><c_151>,<a_42><b_40><c_129>,0,-0.08753164943725805
159,"Etekcity Lasergrip 774 Non-contact Digital Laser Infrared Thermometer Temperature Gun -58~ 716 (-50 ~ 380), Yellow and Black",Etekcity,14,379,3,0,442.7857142857143,722.7857142857143,0.08484877163560878,0.0,0.07142857142857142,0.07142857142857142,2,7,<a_31><b_214><c_92>,<a_59><b_178><c_9>,-3,-0.08484877163560878
774,DuPont Teflon Non-Stick,DuPont,9,162,2,1,777.5555555555555,353.6666666666667,0.12565886150793973,0.047852950897043674,0.1111111111111111,0.1111111111111111,2,2,<a_51><b_225><c_0>,<a_163><b_79><c_0>,-1,-0.07780591061089606
172,"Gorilla Super Glue Gel, 15 Gram, Clear",Gorilla,5,214,3,2,403.4,404.4,0.2261859507142915,0.14861199886851276,0.0,0.0,1,2,<a_150><b_239><c_118>,<a_19><b_0><c_3>,-1,-0.07757395184577875
1553,Inland 1.75mm Red PLA 3D Printer Filament - 1kg Spool (2.2 lbs),Inland,8,35,4,4,377.375,380.625,0.2663662191964322,0.18959570110145588,1.0,1.0,21,18,<a_186><b_178><c_87>,<a_251><b_78><c_7>,0,-0.07677051809497634
181,"AcuRite 00613 Humidity Monitor with Indoor Thermometer, Digital Hygrometer and Humidity Gauge Indicator",AcuRite,132,2351,114,106,63.371212121212125,94.43181818181819,0.7557131798730327,0.680685585421648,0.5454545454545454,0.5454545454545454,2,2,<a_31><b_221><c_0>,<a_59><b_52><c_0>,-8,-0.07502759445138463
340,Break-Free CLP-4 Cleaner Lubricant Preservative Squeeze Bottle (4 -Fluid Ounce),BreakFree,4,183,1,0,751.75,999.0,0.07226620657947197,0.0,0.0,0.0,2,1,<a_6><b_196><c_2>,<a_173><b_90><c_241>,-1,-0.07226620657947197
281,SE TL10 10-Piece Test Lead Set with Alligator Clips,SE,7,285,1,0,578.2857142857143,999.0,0.07142857142857142,0.0,0.0,0.0,1,1,<a_239><b_213><c_3>,<a_0><b_217><c_232>,-1,-0.07142857142857142
513,"Kimberly-Clark Professional Kimtech Science KimWipes Delicate Task Wipers, 4.4 x 8.4 in. 1-ply",Kimberly-Clark Professional,10,588,6,5,400.9,403.5,0.5315464876785729,0.4630929753571458,0.5,0.5,2,3,<a_254><b_197><c_7>,<a_83><b_87><c_215>,-1,-0.06845351232142716
125,"Gorilla 6100101 Tape Handy Roll, 1-Pack, Black",Gorilla,5,310,1,0,409.8,222.8,0.06666666666666667,0.0,0.0,0.0,1,1,<a_74><b_156><c_118>,<a_226><b_176><c_121>,-1,-0.06666666666666667
970,Wixey WR25 Mini Digital Height Gauge,Wixey,5,119,1,0,800.6,999.0,0.06666666666666667,0.0,0.0,0.0,3,2,<a_160><b_120><c_231>,<a_88><b_26><c_221>,-1,-0.06666666666666667
1255,"SE 82331TF 30-Piece Set of Titanium-Coated Diamond Burrs, Grits 120-150",SE,8,280,1,1,751.625,874.5,0.125,0.0625,0.125,0.0,2,1,<a_122><b_196><c_247>,<a_71><b_117><c_91>,0,-0.0625
8,"UltraSource 192033 Hamburger Patty Paper, 5.5"" x 5.5"" (Pack of 1000)",UltraSource,6,82,6,6,1.0,1.1666666666666667,1.0,0.9384882922619097,1.0,1.0,2,2,<a_161><b_187><c_0>,<a_91><b_212><c_0>,0,-0.06151170773809034
975,"X-Treme Tape TPE-XZLB Silicone Rubber Self Fusing Tape, 1"" x 10', Triangular, Black",X-Treme Tape,4,88,2,2,501.75,503.0,0.2410657717261977,0.17993534609782025,1.25,1.25,10,9,<a_210><b_80><c_222>,<a_42><b_148><c_103>,0,-0.06113042562837745
1554,Inland 1.75mm Peak Green PLA 3D Printer Filament - 1kg Spool (2.2 lbs),Inland,8,21,3,3,379.75,381.75,0.17174871848925266,0.1146906085142114,1.25,1.25,21,18,<a_186><b_178><c_103>,<a_251><b_78><c_236>,0,-0.057058109975041266
266,"iGaging ABSOLUTE ORIGIN 0-6"" Digital Electronic Caliper - IP54 Protection/Extreme Accuracy",iGaging,11,203,1,1,821.0,554.5454545454545,0.09090909090909091,0.03516843702132197,0.0,0.0,1,1,<a_31><b_98><c_44>,<a_254><b_75><c_225>,0,-0.05574065388776894
2333,"eSUN 3D Printer CLEANING Filament 1.75mm Natural 0.1kg for all 1.75mm FDM 3D Printers, 1.75mm Cleaning",eSUN,12,153,2,0,266.25,437.25,0.05555555555555555,0.0,0.0,0.0,1,1,<a_85><b_236><c_157>,<a_184><b_44><c_156>,-2,-0.05555555555555555
54,"Industrial & Scientific"" />",Dykem,7,340,1,0,579.8571428571429,719.7142857142857,0.05526468674779166,0.0,0.0,0.0,1,1,<a_50><b_135><c_14>,<a_134><b_148><c_69>,-1,-0.05526468674779166
119,"Rubbermaid Commercial BRUTE Heavy-Duty Round Waste/Utility Container with Venting Channels, 20-gallon, Gray (FG262000GRAY)",Rubbermaid Commercial Products,7,1776,6,5,5.285714285714286,146.28571428571428,0.7695504010335059,0.7142857142857143,1.1428571428571428,1.1428571428571428,2,2,<a_241><b_248><c_233>,<a_20><b_239><c_209>,-1,-0.055264686747791614
2102,"TEMCo 3/8"" Marine Heat Shrink Tube 3:1 Adhesive Glue Lined 4 ft RED",Temco,1,3,1,1,5.0,7.0,0.38685280723454163,0.3333333333333333,3.0,3.0,7,7,<a_210><b_0><c_129>,<a_115><b_53><c_133>,0,-0.053519473901208314
2152,"HATCHBOX PLA 3D Printer Filament, Dimensional Accuracy +/- 0.03 mm, 1 kg Spool, 1.75 mm, Gold",HATCHBOX,8,152,6,6,13.625,134.375,0.3098149313772047,0.25831488595058,1.875,2.0,24,27,<a_222><b_157><c_18>,<a_184><b_67><c_3>,0,-0.05150004542662473
2807,VIVOSUN 6 Inch 440 CFM Inline Duct Ventilation Fan with Variable Speed Controller,VIVOSUN,8,27,4,7,131.75,127.625,0.5,0.4519369366259931,0.625,0.625,3,3,<a_186><b_201><c_123>,<a_245><b_219><c_39>,3,-0.0480630633740069
202,Loctite Liquid Professional Super Glue  20-Gram Bottle (1365882),Loctite,7,281,1,1,856.5714285714286,579.7142857142857,0.09013282193877965,0.043004285094854454,0.0,0.0,2,3,<a_150><b_99><c_72>,<a_19><b_88><c_5>,0,-0.0471285368439252
3547,3D Solutech See Through Blue 1.75mm PETG 3D Printer Filament 2.2 LBS (1.0KG),3D Solutech,8,4,1,0,874.875,878.5,0.04452589838850277,0.0,0.125,0.25,11,14,<a_222><b_161><c_149>,<a_184><b_110><c_10>,-1,-0.04452589838850277
3453,"3D Solutech Real Gold 3D Printer PLA Filament 1.75MM Filament, Dimensional Accuracy +/- 0.03 mm, 2.2 LBS (1.0KG)",3D Solutech,12,28,6,4,177.83333333333334,425.6666666666667,0.1487266122556129,0.10444399276855655,2.9166666666666665,2.5833333333333335,23,24,<a_222><b_68><c_155>,<a_184><b_137><c_113>,-2,-0.04428261948705635
1035,"Anderson Metals Brass Pipe Fitting, 90 Degree Barstock Street Elbow, 3/8"" Male Pipe x 3/8"" Female Pipe",Anderson Metals,3,152,1,1,339.0,669.3333333333334,0.1289509357448472,0.09635494210596263,0.0,0.0,2,1,<a_78><b_51><c_153>,<a_31><b_80><c_193>,0,-0.032595993638884574
84,Neiko 01409A Electronic Digital Caliper with Extra Large LCD Screen | 0 - 12 Inches | Inch/Fractions/Millimeter Conversion,Neiko,18,871,2,0,889.1111111111111,890.0555555555555,0.03211831403532087,0.0,0.0,0.0,2,3,<a_160><b_208><c_142>,<a_88><b_109><c_44>,-2,-0.03211831403532087
2660,"3D Solutech Real Grey 3D Printer PLA Filament 1.75MM Filament, Dimensional Accuracy +/- 0.03 mm, 2.2 LBS (1.0KG)",3D Solutech,10,64,2,1,308.0,314.6,0.06223981596512211,0.031546487678572877,1.7,1.3,23,24,<a_222><b_68><c_57>,<a_184><b_137><c_144>,-1,-0.030693328286549235
2402,Elegoo EL-CP-003 3pcs MB-102 Breadboard 830 Point Solderless Prototype PCB Board Kit for Arduino Proto Shield Distribution Connecting Blocks,ELEGOO,10,34,1,0,801.4,999.0,0.02890648263178879,0.0,0.0,0.0,3,2,<a_239><b_113><c_76>,<a_175><b_203><c_216>,-1,-0.02890648263178879
1267,Wago 222-412 LEVER-NUTS 2 Conductor Compact Connectors 100 PK,Wago Corp.,1,54,1,1,8.0,10.0,0.31546487678572877,0.2890648263178879,0.0,0.0,1,1,<a_202><b_90><c_203>,<a_191><b_15><c_241>,0,-0.026400050467840885
176,URBEST 530 Pcs 2:1 Heat Shrink Tubing Tube Sleeving Wrap Cable Wire 5 Color 8 Size,URBEST,11,180,1,0,466.09090909090907,912.2727272727273,0.026278620574353442,0.0,0.0,0.0,6,3,<a_51><b_106><c_60>,<a_15><b_25><c_98>,-1,-0.026278620574353442
2912,Inland 1.75mm Black PLA 3D Printer Filament - 1kg Spool (2.2 lbs),Inland,31,99,7,8,524.9354838709677,586.6774193548387,0.15722547573916199,0.1348281614805093,0.3225806451612903,0.3225806451612903,21,18,<a_186><b_178><c_46>,<a_251><b_78><c_150>,1,-0.022397314258652684
3494,"3D Solutech Real Yellow 3D Printer PLA Filament 1.75MM Filament, Dimensional Accuracy +/- 0.03 mm, 2.2 LBS (1.0KG)",3D Solutech,10,27,8,7,104.4,302.4,0.33577649629094414,0.31737365524159566,3.0,2.4,23,24,<a_222><b_68><c_207>,<a_184><b_137><c_39>,-1,-0.018402841049348473
3114,Inland 1.75mm Purple PLA 3D Printer Filament - 1kg Spool (2.2 lbs),Inland,5,25,3,3,204.2,205.0,0.30355651216119983,0.28639194984708777,2.0,2.0,21,18,<a_186><b_178><c_4>,<a_251><b_78><c_27>,0,-0.017164562314112064
2045,"X-Treme Tape TPE-XR1510ZLB Silicone Rubber Self Fusing Tape, 1.5"" x 10', Rectangular, Black",X-Treme Tape,6,28,1,1,833.3333333333334,833.8333333333334,0.0644754678724236,0.052577479464288125,0.3333333333333333,0.3333333333333333,10,9,<a_210><b_80><c_2>,<a_42><b_148><c_65>,0,-0.011897988408135475
2909,"3D Solutech Silver Metal 3D Printer PLA Filament 1.75MM Filament, Dimensional Accuracy +/- 0.03 mm, 2.2 LBS (1.0KG) - PLA175TCMS",3D Solutech,31,155,22,20,166.67741935483872,230.74193548387098,0.5729433212736487,0.5653506257596659,1.5806451612903225,1.1935483870967742,23,24,<a_222><b_68><c_238>,<a_184><b_137><c_8>,-2,-0.007592695513982783
182,"AcuRite 00613 Humidity Monitor with Indoor Thermometer, Digital Hygrometer and Humidity Gauge Indicator",AcuRite,68,1518,68,67,1.0441176470588236,1.5147058823529411,0.9916275964422557,0.9852941176470589,1.9705882352941178,1.9705882352941178,2,2,<a_31><b_221><c_0>,<a_59><b_52><c_0>,-1,-0.006333478795196856
331,"Stanley TRA700BN Heavy-Duty Staple & Brad Assortment, 2500-Pack",Stanley,4,151,1,1,751.5,504.75,0.0752574989159953,0.07226620657947197,0.0,0.0,1,1,<a_191><b_146><c_198>,<a_255><b_171><c_76>,0,-0.0029912923365233296
338,"Etekcity Lasergrip 1080 Non-Contact Digital Laser Infrared Thermometer Temperature Gun -58~1022 (-50550), Yellow and Black",Etekcity,19,348,1,2,488.8421052631579,283.7368421052632,0.03320682913533987,0.03244709854998473,0.0,0.0,2,7,<a_31><b_214><c_175>,<a_59><b_178><c_1>,1,-0.0007597305853551395
562,"HATCHBOX PLA 3D Printer Filament, Dimensional Accuracy +/- 0.03 mm, 1 kg Spool, 1.75 mm, Black",HATCHBOX,29,20,0,0,999.0,999.0,0.0,0.0,0.27586206896551724,0.3448275862068966,24,27,<a_222><b_157><c_156>,<a_184><b_67><c_207>,0,0.0
2058,"HATCHBOX PLA 3D Printer Filament, Dimensional Accuracy +/- 0.03 mm, 1 kg Spool, 1.75 mm, Gray",HATCHBOX,25,35,0,0,535.04,570.92,0.0,0.0,0.8,1.24,24,27,<a_222><b_157><c_227>,<a_184><b_67><c_55>,0,0.0
1959,"Gorilla Super Glue Gel, 20 Gram, Clear",Gorilla,22,2,0,0,999.0,999.0,0.0,0.0,0.0,0.0,1,1,<a_150><b_28><c_245>,<a_19><b_215><c_126>,0,0.0
570,Bissell 9595A CleanView Bagless Vacuum with OnePass,Bissell,15,252,0,0,934.4,803.7333333333333,0.0,0.0,0.0,0.0,1,1,<a_83><b_205><c_121>,<a_125><b_134><c_149>,0,0.0
164,"HATCHBOX PLA 3D Printer Filament, Dimensional Accuracy +/- 0.03 mm, 1 kg Spool, 1.75 mm, Green",HATCHBOX,12,4,0,0,999.0,999.0,0.0,0.0,0.16666666666666666,0.16666666666666666,3,4,<a_222><b_28><c_19>,<a_184><b_219><c_23>,0,0.0
2151,Signstek 3D Printer MK2 MK3 Heated Bed Tempered Borosilicate Glass Plate 213x200x3mm,Signstek,12,139,0,0,836.4166666666666,918.8333333333334,0.0,0.0,0.0,0.0,3,2,<a_222><b_43><c_120>,<a_246><b_207><c_2>,0,0.0
2210,"HHIP 8000-0001 2 Flute High Speed Steel End Mill Set, 6 Piece, 3/8"" Shank",HHIP,11,0,0,0,999.0,999.0,0.0,0.0,0.0,0.0,2,2,<a_122><b_138><c_95>,<a_71><b_154><c_237>,0,0.0
3468,"3D Solutech Real Green 3D Printer PLA Filament 1.75MM Filament, Dimensional Accuracy +/- 0.03 mm, 2.2 LBS (1.0KG)",3D Solutech,11,10,0,0,389.45454545454544,999.0,0.0,0.0,0.0,0.0,2,2,<a_186><b_142><c_191>,<a_251><b_226><c_2>,0,0.0
821,"Apera Instruments AI209 PH20 Value Waterproof pH Pocket Tester, &plusmn;0.1 pH Accuracy, 0-14.0 pH Range, Complete Kit","Apera Instruments, LLC",10,13,0,0,999.0,999.0,0.0,0.0,0.0,0.0,2,3,<a_62><b_79><c_2>,<a_59><b_43><c_201>,0,0.0
1755,BIQU GT2 20Teeth 5mm Bore Aluminum Timing Belt Idler Pulley for 3D Printer 6mm Width Timing Belt (Pack of 5pcs),BIQU,10,16,0,0,999.0,803.5,0.0,0.0,0.0,0.0,1,2,<a_173><b_175><c_132>,<a_152><b_35><c_18>,0,0.0
2730,PTFE Teflon Bowden Tube for 1.75 Filament (2.0mm ID/4.0mm OD) &ndash; White Connector Tubing for 3D Printer - 2.0 Meters,AMX3d,10,15,0,0,999.0,999.0,0.0,0.0,0.0,0.0,2,3,<a_48><b_254><c_155>,<a_118><b_0><c_90>,0,0.0
83,Wixey WR300 Type 2 Digital Angle Gauge with Backlight&hellip;,Wixey,9,45,0,0,999.0,893.1111111111111,0.0,0.0,0.0,0.0,2,2,<a_186><b_187><c_209>,<a_245><b_120><c_149>,0,0.0
656,Uni-T B4Q094 UT210E True RMS AC/DC Current Mini Clamp M W Capacitance Tester,UNI-T,9,64,0,0,892.4444444444445,891.4444444444445,0.0,0.0,0.0,0.0,1,2,<a_42><b_68><c_234>,<a_229><b_43><c_7>,0,0.0
1163,"AUTOTOOLHOME 1/8"" 3/16"" 1/4"" 5/16"" 3/8"" 1/2""high Speed Steel HSS 4 Flute Straight End Mill Cutter Set of 6",AUTOTOOLHOME,9,16,0,0,999.0,893.3333333333334,0.0,0.0,0.0,0.0,1,1,<a_122><b_111><c_255>,<a_71><b_51><c_42>,0,0.0
1466,Seek Thermal Compact Imager for iOS-Apple,Seek Thermal,9,189,0,0,999.0,999.0,0.0,0.0,0.0,0.0,1,1,<a_31><b_252><c_206>,<a_235><b_114><c_200>,0,0.0
1923,POWERTEC 71007 110/220V Paddle Switch,POWERTEC,9,13,0,0,999.0,999.0,0.0,0.0,0.0,0.0,1,1,<a_0><b_4><c_19>,<a_67><b_71><c_175>,0,0.0
2044,"Gorilla 100 Percent Silicone Sealant Caulk, 2.8 ounce Squeeze Tube, Clear",Gorilla,9,0,0,0,999.0,999.0,0.0,0.0,0.0,0.0,1,1,<a_150><b_245><c_49>,<a_57><b_27><c_10>,0,0.0
201,"ColorConnex Coupler & Plug Kit (7 Piece), Industrial Type D, 1/4 in. NPT, Red - A73457D",Legacy Manufacturing,8,247,0,0,878.375,388.25,0.0,0.0,0.0,0.0,3,1,<a_78><b_27><c_76>,<a_56><b_179><c_154>,0,0.0
278,"T-Rex 241309 Shurtech Ferociously Strong Tape, 12 Yd L X 1.88 in W, 1-Roll, 12 Yards, Gunmetal Gray",T-Rex,8,62,0,0,999.0,754.75,0.0,0.0,0.0,0.0,1,1,<a_192><b_122><c_104>,<a_226><b_185><c_218>,0,0.0
415,"Miller Electric 229895 Gage, Wire Metal Sizes",Miller Electric,8,79,0,0,876.625,999.0,0.0,0.0,0.0,0.0,2,1,<a_160><b_192><c_48>,<a_130><b_227><c_37>,0,0.0
469,CO-Z 5pcs Hss Cobalt Multiple Hole 50 Sizes Step Drill Bit Set with Aluminum Case,CO-Z,8,13,0,0,999.0,999.0,0.0,0.0,0.0,0.0,5,3,<a_51><b_227><c_65>,<a_15><b_68><c_176>,0,0.0
476,Primacare DL-9325 Reusable LED Penlight with Pupil Gauge - Batteries Included,Primacare,8,52,0,0,999.0,999.0,0.0,0.0,0.0,0.0,1,1,<a_104><b_247><c_197>,<a_149><b_233><c_114>,0,0.0
2659,"3D Solutech Apple Green 3D Printer PLA Filament 1.75MM Filament, Dimensional Accuracy +/- 0.03 mm, 2.2 LBS (1.0KG)",3D Solutech,8,62,0,0,632.375,877.125,0.0,0.0,0.625,0.625,23,24,<a_222><b_68><c_117>,<a_184><b_137><c_130>,0,0.0
2969,BLTouch : Auto Bed Leveling Sensor / To be a Premium 3D Printer,ANTCLABS,8,22,0,0,999.0,999.0,0.0,0.0,0.0,0.0,1,1,<a_249><b_140><c_233>,<a_29><b_26><c_64>,0,0.0
51,HATCHBOX 1 Spool 3D Printer Filament Tabletop Wall Mount Rack,HATCHBOX,7,172,0,0,721.5714285714286,860.1428571428571,0.0,0.0,0.0,0.0,3,3,<a_85><b_213><c_188>,<a_246><b_51><c_181>,0,0.0
151,"Monoprice Hook & Loop Fastening Tape 5 yard/roll, 0.75-inch - Blue (105830)",Monoprice,7,487,0,0,999.0,999.0,0.0,0.0,0.0,0.0,1,1,<a_235><b_23><c_47>,<a_226><b_117><c_150>,0,0.0
220,Tach-It B-1 Single Edge Industrial Razor Blade (Pack of 100),Tach-It,7,98,0,0,999.0,999.0,0.0,0.0,0.0,0.0,3,2,<a_51><b_61><c_193>,<a_163><b_120><c_205>,0,0.0
303,"AMMEX - AINPF46100 - Medical Nitrile Gloves - Disposable, Powder Free, Exam Grade, 3 mil, Large, Indigo (Case of 1000)",Ammex,7,183,0,0,861.8571428571429,999.0,0.0,0.0,0.0,0.0,4,9,<a_254><b_121><c_66>,<a_91><b_193><c_84>,0,0.0
680,O-Cedar Multi-Use Scrunge Scrub Sponge (Pack of 6),O-Cedar,7,50,0,0,999.0,999.0,0.0,0.0,0.0,0.0,2,1,<a_247><b_8><c_2>,<a_77><b_167><c_52>,0,0.0
697,Waterpik Sensonic Professional Toothbrush (SR-3000),Waterpik,7,89,0,0,999.0,999.0,0.0,0.0,0.0,0.0,1,1,<a_83><b_165><c_77>,<a_140><b_170><c_6>,0,0.0
803,Koehler Enterprises KE20BX 10 Piece Hose Clamp Box (Size SAE 20),Koehler,7,2,0,0,999.0,999.0,0.0,0.0,0.0,0.0,2,1,<a_34><b_209><c_63>,<a_167><b_252><c_45>,0,0.0
831,"DEWALT DW8062B5 4-1/2-Inch by 0.045-Inch Metal and Stainless Cutting Wheel, 7/8-Inch Arbor, 5-Pack",DEWALT,7,147,1,1,856.5714285714286,856.5714285714286,0.09013282193877965,0.09013282193877965,0.14285714285714285,0.14285714285714285,2,3,<a_122><b_3><c_2>,<a_71><b_147><c_122>,0,0.0
1012,"4.5"" x 7/8"" Premium High Density Jumbo Zirconia Type 29 Flap Disc 40 Grit - 10 Pack",Benchmark Abrasives,7,12,0,0,863.4285714285714,999.0,0.0,0.0,0.0,0.0,3,1,<a_51><b_61><c_165>,<a_163><b_28><c_220>,0,0.0
1248,"T-fal C51407 Excite Nonstick Thermo-Spot Dishwasher Safe Oven Safe PFOA Free Fry Pan Cookware, 12-Inch, Red",T-fal,7,101,0,0,860.0,999.0,0.0,0.0,0.0,0.0,3,3,<a_50><b_26><c_112>,<a_20><b_182><c_37>,0,0.0
1250,"T-fal C51402 Excite Nonstick Thermo-Spot Dishwasher Safe Oven Safe PFOA Free Fry Pan Cookware, 8-Inch, Red",T-fal,7,58,7,7,1.0,1.0,1.0,1.0,2.0,2.0,3,3,<a_50><b_26><c_0>,<a_20><b_182><c_0>,0,0.0
1305,"RMP .125 3003 H14 Aluminum Sheet 12"" x 12",RMP,7,6,0,0,723.2857142857143,863.1428571428571,0.0,0.0,0.14285714285714285,0.14285714285714285,3,3,<a_175><b_202><c_79>,<a_253><b_80><c_1>,0,0.0
1346,"Aluminum Tape/Aluminum Foil Tape - 1.9 inch x 150 feet (3.4 mil) - Good for HVAC, Ducts, Insulation and More",Impresa Products,7,2,0,0,999.0,999.0,0.0,0.0,0.0,0.2857142857142857,2,5,<a_192><b_144><c_238>,<a_42><b_206><c_175>,0,0.0
1402,Heat High Temperature Resistant Adhesive Gold Tape for Electric Task 30m 12mm,MS WGO,7,6,0,0,999.0,999.0,0.0,0.0,0.0,0.0,4,1,<a_51><b_176><c_246>,<a_163><b_191><c_93>,0,0.0
1672,"Medline Skin integrity Wound Cleansers, 16 fl oz.",Medline,7,228,5,5,286.14285714285717,286.14285714285717,0.7142857142857143,0.7142857142857143,1.5714285714285714,1.5714285714285714,1,1,<a_254><b_151><c_103>,<a_83><b_189><c_223>,0,0.0
1879,"Ozark Trail TT-57 Xi-26-D 76064P, Utility Strap With Quick-Release Buckle, 72"" L, Black, 4 Piece",Ozark Trail,7,3,0,0,999.0,999.0,0.0,0.0,0.0,0.0,1,1,<a_10><b_67><c_87>,<a_73><b_207><c_113>,0,0.0
1888,"3D Solutech Hot Pink 3D Printer PLA Filament 1.75MM Filament, Dimensional Accuracy +/- 0.03 mm, 2.2 LBS (1.0KG)",3D Solutech,7,1,0,0,999.0,999.0,0.0,0.0,2.4285714285714284,2.4285714285714284,23,24,<a_222><b_68><c_59>,<a_184><b_137><c_5>,0,0.0
2059,"MG Chemicals Wood 3D Printer Filament, 1.75mm, 0.5 Kg (1.1 lbs.) - Wood",MG Chemicals,7,58,0,0,725.1428571428571,579.5714285714286,0.0,0.0,0.0,0.0,2,1,<a_222><b_180><c_16>,<a_246><b_113><c_66>,0,0.0
2743,OctagonStar Flexible Couplings 5mm to 8mm NEMA 17 Shaft for RepRap 3D Printer or CNC Machine2PCS,OctagonStar,7,1,0,0,999.0,999.0,0.0,0.0,0.0,0.0,1,1,<a_173><b_234><c_236>,<a_152><b_150><c_103>,0,0.0
3155,"HATCHBOX PETG 3D Printer Filament, Dimensional Accuracy +/- 0.03 mm, 1 kg Spool, 1.75 mm, Orange",HATCHBOX,7,7,0,0,860.1428571428571,862.8571428571429,0.0,0.0,0.2857142857142857,0.2857142857142857,11,14,<a_222><b_161><c_99>,<a_184><b_110><c_27>,0,0.0
3176,"Philips Sonicare 2 Series plaque control rechargeable electric toothbrush, HX6211/04",Philips Sonicare,7,7,0,0,999.0,999.0,0.0,0.0,0.0,0.0,10,3,<a_83><b_59><c_1>,<a_140><b_153><c_206>,0,0.0
3254,ETA hand2mind Dual-Dial Analog Platform Scale - Simple Enough for Kids and Great with Kitchen Food,ETA hand2mind,7,0,0,0,999.0,999.0,0.0,0.0,0.0,0.0,1,2,<a_91><b_137><c_13>,<a_254><b_197><c_94>,0,0.0
3598,1.75mm Red PLA 3D Printer Filament - 1kg Spool (2.2 lbs) - Dimensional Accuracy +/- 0.03mm,AMZ3D,7,0,0,0,999.0,999.0,0.0,0.0,0.7142857142857143,0.7142857142857143,7,9,<a_186><b_157><c_248>,<a_251><b_181><c_108>,0,0.0
7,"UltraSource 192033 Hamburger Patty Paper, 5.5"" x 5.5"" (Pack of 1000)",UltraSource,6,122,0,0,999.0,999.0,0.0,0.0,0.0,0.0,2,2,<a_161><b_187><c_0>,<a_91><b_212><c_0>,0,0.0
23,"Gardner Bender 07315001126 LTB-400 Liquid Electrical Tape, Easy-on, Waterproof, Indoor/Outdoor Use, 4 Oz. Jar, Black, Bottle",Gardner Bender,6,453,0,0,836.3333333333334,835.5,0.0,0.0,0.0,0.0,4,1,<a_210><b_83><c_207>,<a_42><b_46><c_37>,0,0.0
32,"4-1/2"" Cut-off Wheels for Metal, for Cutting All Ferrous Metals and Stainless Steel",Warrior,6,56,0,0,999.0,999.0,0.0,0.0,0.0,0.0,2,3,<a_122><b_205><c_125>,<a_71><b_147><c_196>,0,0.0
43,4 Pack Caster Wheels Swivel Plate Stem Brake Casters On Red Polyurethane Wheels (4 inch with brake),Online Best Service,6,25,0,0,999.0,839.8333333333334,0.0,0.0,0.0,0.0,4,2,<a_41><b_245><c_69>,<a_85><b_51><c_34>,0,0.0
56,"RhinoGear 11909ABMI RhinoRamps Vehicle Ramp - Set of 2 (12,000lb. GVW Capacity)",RhinoGear,6,146,0,0,999.0,999.0,0.0,0.0,0.0,0.0,2,2,<a_41><b_102><c_25>,<a_85><b_223><c_11>,0,0.0
350,"Mill-Rose 70887 Blue Monster PTFE Pipe Thread Sealant Tape, 1-Inch x 1429-Inches, Blue",Mill-Rose,6,46,0,0,840.0,840.5,0.0,0.0,0.16666666666666666,0.16666666666666666,4,4,<a_210><b_86><c_67>,<a_42><b_81><c_70>,0,0.0
560,"Litmus pH Test Strips, Universal Application (pH 1-14), 2 Packs of 100 Strips",LabRat Supplies,6,121,0,0,999.0,349.8333333333333,0.0,0.0,0.0,0.16666666666666666,2,3,<a_62><b_155><c_147>,<a_59><b_12><c_73>,0,0.0
723,"4"" x 6"" 4 Mil (Heavy Duty) Plymor Brand Zipper Reclosable Storage Bags, DispenserBag Pack of 100",Plymor,6,37,0,0,999.0,835.1666666666666,0.0,0.0,0.0,0.3333333333333333,1,11,<a_161><b_7><c_37>,<a_91><b_30><c_1>,0,0.0
1008,"3M Virtua CCS Protective Eyewear 11872-00000-20, Foam Gasket, Anti Fog Lens, Clear",,6,96,0,0,999.0,999.0,0.0,0.0,0.0,0.0,1,1,<a_98><b_183><c_62>,<a_62><b_139><c_89>,0,0.0
1128,Loctite Heavy Duty Epoxy Quick Set 8-Fluid Ounce Bottle (1365736),Loctite,6,51,0,0,999.0,837.1666666666666,0.0,0.0,0.0,0.0,3,3,<a_89><b_176><c_5>,<a_19><b_77><c_114>,0,0.0
1151,HFS (R) 1 PAIR 123 BLOCKS 1-2-3 ULTRA PRECISION .0002 HARDENED 23 HOLES 0.0002,HFS,6,20,0,0,999.0,999.0,0.0,0.0,0.0,0.0,2,3,<a_160><b_240><c_149>,<a_167><b_27><c_94>,0,0.0
1232,"Harris Professional Spray Bottle 32oz (3-Pack), All-Purpose with Clear Finish, Pressurized Sprayer, Adjustable Nozzle and Measurements",Harris,6,8,0,0,999.0,999.0,0.0,0.0,0.0,0.0,4,1,<a_51><b_180><c_96>,<a_74><b_93><c_5>,0,0.0
1724,"Keynice Digital Thermometer, Temperature Sensor USB Power Supply, Fahrenheit degree and Degrees Celsius color LCD Display, High Accurate-Black",KEYNICE,6,5,0,0,999.0,999.0,0.0,0.0,0.0,0.0,2,1,<a_186><b_24><c_116>,<a_245><b_222><c_173>,0,0.0
1733,"Bob Smith Industries BSI-151H Insta-Set Super Glue Accelerator, 2 fl. oz.",Bob Smith Industries,6,11,0,0,999.0,999.0,0.0,0.0,0.0,0.0,3,2,<a_89><b_232><c_74>,<a_19><b_60><c_0>,0,0.0
1807,RioRand&trade; Upgraded 6V-90V 15A DC Motor Pump Speed Controller,RioRand,6,70,0,0,999.0,999.0,0.0,0.0,0.0,0.0,1,1,<a_212><b_208><c_167>,<a_67><b_253><c_243>,0,0.0
1830,"MedPride Powder-Free Nitrile Exam Gloves, Medium, Box/100",MED PRIDE,6,0,0,0,999.0,999.0,0.0,0.0,0.0,0.0,2,3,<a_254><b_85><c_110>,<a_91><b_73><c_40>,0,0.0
2047,Ginsco 160pcs Nylon Fully Insulated Male / Female Spade Wire Crimp Quick Disconnects Wire Terminals Connector Set,Ginsco,6,19,0,0,999.0,999.0,0.0,0.0,0.0,0.0,2,7,<a_202><b_27><c_50>,<a_191><b_135><c_232>,0,0.0
2145,"ROBO 3D R1 Plus 10x9x8-Inch ABS/PLA 3D Printer, White (A1-0002-000)",ROBO 3D,6,127,0,0,836.0,192.83333333333334,0.0,0.0,0.0,0.0,4,1,<a_165><b_176><c_157>,<a_196><b_35><c_84>,0,0.0
2156,"Monoprice ABS 3D Printer Filament - White - 1kg Spool, 1.75mm Thick | For All ABS Compatible Printers",Monoprice,6,35,0,0,678.8333333333334,999.0,0.0,0.0,0.6666666666666666,0.6666666666666666,4,2,<a_222><b_230><c_122>,<a_184><b_0><c_151>,0,0.0
2200,"ZING 1885S Zing Safety Sign, Fire Extinguisher with Arrow, 14"" Height x 3.25"" Width, Recycled Polystyrene SelfAdhesive, Red on White",Zing Green Products,6,0,0,0,999.0,999.0,0.0,0.0,0.0,0.0,1,1,<a_180><b_69><c_41>,<a_144><b_161><c_133>,0,0.0
2727,Micro Swiss All Metal Hotend with SLOTTED Cooling Block for Wanhao i3,Micro-Swiss,6,14,0,0,835.1666666666666,354.5,0.0,0.0,0.0,0.0,1,2,<a_48><b_144><c_86>,<a_29><b_224><c_4>,0,0.0
2740,1.75mm White PLA 3D Printer Filament - 1kg Spool (2.2 lbs) - Dimensional Accuracy +/- 0.03mm,AMZ3D,6,0,0,0,999.0,999.0,0.0,0.0,0.6666666666666666,0.6666666666666666,7,9,<a_186><b_157><c_134>,<a_251><b_181><c_3>,0,0.0
2744,BIQU Heat Bed Power Module Expansion Hot Bed MOS Tube for 3D Printer,BIQU,6,4,0,0,999.0,999.0,0.0,0.0,0.0,0.0,1,1,<a_186><b_216><c_49>,<a_251><b_100><c_190>,0,0.0
3171,Signstek 10 PCS Reprap 12V 40W 620 Ceramic Cartridge Heater for 3D Printer Prusa Mendel,Signstek,6,50,0,0,999.0,514.3333333333334,0.0,0.0,0.16666666666666666,0.0,7,3,<a_186><b_249><c_191>,<a_251><b_180><c_34>,0,0.0
3440,HICTOP 5 Pieces 3D Printer Endstops/ Limit Switch/ Mechanical Switch for Reprap Prusa I3,HICTOP,6,6,0,0,999.0,999.0,0.0,0.0,0.0,0.0,2,1,<a_48><b_63><c_117>,<a_29><b_253><c_150>,0,0.0
3441,TOPINSTOCK 2020 Drop in Post Assembly M4 T-nut for 20 x 20 Aluminum Extrusion Pack of 100,TOPINSTOCK,6,8,0,0,999.0,999.0,0.0,0.0,0.0,0.0,1,2,<a_173><b_187><c_115>,<a_152><b_16><c_154>,0,0.0
3454,Wangdd22 3D Printer J-head Hotend with Fan for 1.75mm 12v V6 Direct Filament Wade Extruder 0.4mm Nozzle+Volcano kit,Wangdd22,6,1,0,0,999.0,999.0,0.0,0.0,0.0,0.0,1,1,<a_48><b_232><c_39>,<a_29><b_236><c_7>,0,0.0
3470,SCStyle 5 Meters GT2 2mm Pitch 6mm Wide Timing Belt for 3D Printer CNC,SCStyle,6,80,0,0,999.0,999.0,0.0,0.0,0.0,0.0,1,1,<a_173><b_192><c_242>,<a_152><b_208><c_198>,0,0.0
3631,3D Solutech Skin 3D Printer PLA Filament 1.75MM Filament 2.2 LBS (1.0KG),3D Solutech,6,8,0,0,677.3333333333334,999.0,0.0,0.0,1.5,1.3333333333333333,23,24,<a_222><b_68><c_5>,<a_184><b_137><c_74>,0,0.0
123,"Red Devil 0325 Steel Wool, 2 Medium Course, 8 Pads",Red Devil,5,306,0,0,999.0,804.6,0.0,0.0,0.0,0.0,2,1,<a_247><b_64><c_117>,<a_77><b_176><c_80>,0,0.0
153,"Alltrade 640912 Black 3 Ton,All-in-One Bottle Jack",Alltrade,5,60,0,0,999.0,999.0,0.0,0.0,0.0,0.0,1,1,<a_41><b_136><c_116>,<a_85><b_74><c_153>,0,0.0
160,"LASCO 11-1033 PTFE Pipe Sealant Tape, 1/2-Inch x 100-Inch, White",LASCO,5,8,0,0,999.0,999.0,0.0,0.0,0.0,0.0,4,4,<a_210><b_86><c_71>,<a_42><b_81><c_202>,0,0.0
341,"Neiko 11108A 4.5&rdquo; x 7/8-Inch Aluminum Oxide Flap Disc, 80 Grit | Flat Type #27 | 10-Pack",Neiko,5,369,2,2,407.2,599.8,0.4,0.4,0.4,0.4,3,4,<a_122><b_130><c_86>,<a_71><b_176><c_39>,0,0.0
406,"Hillman 830502 Flat Washer, Stainless-Steel",Hillman,5,31,0,0,804.0,999.0,0.0,0.0,0.2,0.0,6,2,<a_182><b_48><c_49>,<a_224><b_174><c_10>,0,0.0
509,GemRed 82413 Digital Protractor Angle Finder Gauge Inclinometer with Backlight and Magnetic Base IP65,Gemred,5,12,0,0,999.0,999.0,0.0,0.0,0.0,0.0,2,2,<a_186><b_187><c_113>,<a_245><b_120><c_35>,0,0.0
529,"Gorilla Heavy Duty Construction Adhesive, 9 ounce Cartridge, White",Gorilla,5,15,0,0,999.0,999.0,0.0,0.0,0.0,0.0,1,1,<a_150><b_24><c_91>,<a_19><b_199><c_18>,0,0.0
569,"Ribbed Plastic Drywall Anchor Kit with Screws and Masonry Drill Bit, #10-12 x 1",Qualihome,5,11,0,0,801.8,999.0,0.0,0.0,0.2,0.0,5,3,<a_182><b_182><c_101>,<a_224><b_220><c_246>,0,0.0
745,"Rockler Cyanoacrylate Quick-Set Medium Adhesive, 4.5 oz Bottle",Stick Fast,5,21,0,0,999.0,999.0,0.0,0.0,0.0,0.0,2,1,<a_150><b_148><c_55>,<a_19><b_167><c_98>,0,0.0
793,"Yost MU360 Universal Jaw Cover, 6",Yost Tools,5,30,0,0,999.0,999.0,0.0,0.0,0.0,0.0,1,2,<a_91><b_29><c_88>,<a_88><b_118><c_227>,0,0.0
798,PRO 1 Fuel Line Hose 5/16 Inch Inside Diameter X 25 Feet Length NRB/PVCC SAE30R6,Pro-1,5,15,0,0,999.0,999.0,0.0,0.0,0.0,0.0,2,2,<a_223><b_126><c_247>,<a_56><b_228><c_4>,0,0.0
850,"HBD Thermoid NBR/PVC SAE30R6 Fuel Line Hose, 3/8"" x 25' Length, 0.375"" ID, Black",HBD Thermoid,5,72,0,0,999.0,802.2,0.0,0.0,0.0,0.0,2,2,<a_225><b_42><c_104>,<a_115><b_160><c_15>,0,0.0
1043,"Adenna DLG675 Dark Light 9 mil Nitrile Powder Free Exam Gloves (Black, Medium) Box of 100",Adenna,5,51,0,0,999.0,999.0,0.0,0.0,0.0,0.0,1,9,<a_254><b_226><c_72>,<a_91><b_193><c_38>,0,0.0
1271,"Tape-Me Duct Tape Silver, 1.88 in x 55 yd (Pack of 3)",Tape-Me,5,2,0,0,999.0,999.0,0.0,0.0,0.0,0.0,5,2,<a_192><b_36><c_117>,<a_42><b_120><c_227>,0,0.0
1281,Barge All Purpose Cement,Barge,5,37,0,0,999.0,999.0,0.0,0.0,0.0,0.0,1,1,<a_51><b_250><c_227>,<a_245><b_93><c_229>,0,0.0
1324,RiteBrew Rubber Stopper - Size 10 - Drilled,RiteBrew,5,91,0,0,999.0,804.6,0.0,0.0,0.0,0.0,1,1,<a_36><b_185><c_174>,<a_105><b_161><c_47>,0,0.0
1344,Bearing 608ZZ Shielded 8x22x7 Miniature Ball Bearings(Pack of 10),VXB,5,80,0,0,999.0,418.6,0.0,0.0,0.2,0.2,3,2,<a_34><b_30><c_199>,<a_84><b_64><c_24>,0,0.0
1374,HHIP 4401-0811 Mini Universal Magnetic Base with Fine,HHIP,5,0,0,0,999.0,999.0,0.0,0.0,0.0,0.0,1,3,<a_12><b_222><c_18>,<a_88><b_17><c_104>,0,0.0
1435,"Rigol DS1054Z Digital Oscilloscopes - Bandwidth: 50 Mhz, Channels: 4",Rigol,5,84,0,0,228.2,999.0,0.0,0.0,0.0,0.0,3,1,<a_42><b_217><c_121>,<a_18><b_77><c_207>,0,0.0
1568,"FiberFix 1"" Repair Tape Wrap - Fix Anything with Permanent Waterproof Repair Tape 100X Stronger than Duct Tape",FiberFix,5,91,0,0,421.0,804.0,0.0,0.0,0.0,0.0,2,2,<a_210><b_10><c_25>,<a_42><b_31><c_38>,0,0.0
1744,270 PCS Heat Shrink Wire Connector Kit Electrical Insulated Crimp Marine Automotive Terminals Set,Wirefy,5,9,0,0,999.0,999.0,0.0,0.0,0.0,0.0,6,4,<a_51><b_40><c_170>,<a_15><b_223><c_28>,0,0.0
2075,"ETA hand2mind Plastic Rainbow Fraction Tiles, Math Manipulative (Set of 51)",ETA hand2mind,5,0,0,0,999.0,999.0,0.0,0.0,0.0,0.0,2,2,<a_171><b_66><c_27>,<a_13><b_233><c_8>,0,0.0
2076,"ETA hand2mind 42188 Rainbow Fraction and Decimal Tiles, Plastic (Set of 51)",ETA hand2mind,5,0,0,0,999.0,999.0,0.0,0.0,1.0,1.0,2,2,<a_171><b_66><c_13>,<a_13><b_233><c_11>,0,0.0
2077,"Flex Shot 30804 Rubber Adhesive Sealant Caulk, 8-oz, Almond (Mildew Resistant), 1 Pack",Flex Shot,5,15,0,0,999.0,999.0,0.0,0.0,0.0,0.0,1,1,<a_150><b_108><c_14>,<a_57><b_167><c_201>,0,0.0
2088,"ELEGOO Stepstick Stepper Motor Driver Module A4988 + Heat Sink for 3D Printer Reprap, CNC Machine or Robotics(Pack of 5)",ELEGOO,5,6,0,0,999.0,999.0,0.0,0.0,0.2,0.0,5,4,<a_186><b_227><c_251>,<a_15><b_222><c_19>,0,0.0
2096,Bob Smith Industries BSI-157H Maxi Cure/Insta-Set Combo Pack (3 oz. Combined),Bob Smith Industries,5,19,0,0,999.0,999.0,0.0,0.0,0.0,0.0,4,2,<a_89><b_191><c_6>,<a_19><b_60><c_161>,0,0.0
2176,"FLIR E8: Compact Thermal Imaging Camera with 320 x 240 IR Resolution, MSX and Wi-Fi",FLIR,5,0,0,0,999.0,999.0,0.0,0.0,0.0,0.0,5,1,<a_31><b_37><c_86>,<a_235><b_252><c_100>,0,0.0
2196,"ZING 7100 RecycLockout Lockout Tagout, Large Plug Lockout, Recycled Plastic",Zing Green Products,5,0,0,0,999.0,999.0,0.0,0.0,0.0,0.0,3,1,<a_145><b_199><c_196>,<a_16><b_234><c_62>,0,0.0
2290,uxcell 5Pcs 2 Rows 12P Wire Connector Screw Terminal Barrier Block 300V 20A,uxcell,5,9,0,0,999.0,999.0,0.0,0.0,0.0,0.0,5,7,<a_145><b_77><c_5>,<a_0><b_245><c_84>,0,0.0
2325,"SPACECARE 4 Pack of 2"" Swivel Caster Blue Polyurethane Wheels Base with Brake Top Plate Double Ball",SPACECARE,5,6,0,0,999.0,999.0,0.0,0.0,0.0,0.0,4,2,<a_41><b_245><c_194>,<a_85><b_122><c_141>,0,0.0
2651,"Red White Honeycombo reflective tape 2""X25'-Waterproof self-adhesive trailer reflector tape-reflective tape for trucks,trailers,car,Warning Caution Conspicuity Tape Cinta reflectante",Michel Production,5,0,0,0,999.0,999.0,0.0,0.0,0.0,0.0,1,1,<a_192><b_55><c_14>,<a_226><b_118><c_87>,0,0.0
2726,ANYCUBIC 3D Printer Heating Controller MKS MOSFET for Heatbed Extruder MOS Module,ANYCUBIC,5,22,0,0,804.0,808.8,0.0,0.0,0.0,0.0,1,1,<a_48><b_92><c_180>,<a_29><b_127><c_4>,0,0.0
2738,"XTC-3D High Performance 3D Print Coating, 6.4 Oz",Smooth-On,5,10,0,0,999.0,999.0,0.0,0.0,0.0,0.0,3,2,<a_249><b_43><c_0>,<a_246><b_68><c_2>,0,0.0
2741,1.75mm Yellow PLA 3D Printer Filament - 1kg Spool (2.2 lbs) - Dimensional Accuracy +/- 0.03mm,AMZ3D,5,0,0,0,999.0,999.0,0.0,0.0,1.4,1.8,7,9,<a_186><b_157><c_45>,<a_251><b_181><c_44>,0,0.0
2797,"WD-40&nbsp;Multi-Use Product Non-Aerosol Trigger Pro, 20 OZ [12 Pack]",WD-40,5,0,0,0,999.0,999.0,0.0,0.0,0.0,0.0,2,3,<a_6><b_179><c_187>,<a_173><b_142><c_172>,0,0.0
2881,yueton 10 Pcs AC 125V 6A Amps ON/ON 6 Terminals 2 Position DPDT Toggle Switch,yueton,5,10,0,0,999.0,999.0,0.0,0.0,0.0,0.0,2,1,<a_145><b_1><c_41>,<a_130><b_86><c_187>,0,0.0
2887,"Triton 1"" Dial Indicator 0.001"" Graduation Travel Lug Back White Face",All Industrial,5,6,0,0,999.0,999.0,0.0,0.0,0.0,0.0,1,1,<a_160><b_160><c_177>,<a_88><b_208><c_139>,0,0.0
2893,"eSUN 3D 1.75mm PETG White Filament 1kg (2.2lb), PETG 3D Printer Filament, 1.75mm Solid Opaque White",eSUN,5,70,0,0,999.0,999.0,0.0,0.0,0.0,0.0,7,7,<a_85><b_161><c_173>,<a_184><b_236><c_230>,0,0.0
2913,"Madison Supply, Premium Quality Fluoride Coated Medical Scissors, EMT and Trauma Shears 2 pack",Madison Supply,5,7,0,0,999.0,999.0,0.0,0.0,0.0,0.0,2,1,<a_50><b_184><c_50>,<a_86><b_155><c_84>,0,0.0
2933,"FlashForge Finder 3D Printers with Cloud, Wi-Fi, USB cable and Flash drive connectivity",FlashForge,5,38,0,0,999.0,999.0,0.0,0.0,0.0,0.0,2,3,<a_165><b_163><c_16>,<a_196><b_128><c_134>,0,0.0
3113,Inland 1.75mm Silver PLA 3D Printer Filament - 1kg Spool (2.2 lbs),Inland,5,1,0,0,417.6,420.6,0.0,0.0,2.8,2.8,21,18,<a_186><b_178><c_28>,<a_251><b_78><c_83>,0,0.0
3115,"eSUN 1.75mm Gray PLA PRO (PLA+) 3D Printer Filament 1KG Spool (2.2lbs), Gray",eSUN,5,5,0,0,999.0,999.0,0.0,0.0,0.0,0.0,8,13,<a_85><b_80><c_3>,<a_184><b_244><c_227>,0,0.0
3331,3DDPLUS 1.75mm PLA 3D Printer Filament Black- 1kg Spool (2.2 lbs) - Dimensional Accuracy +/- 0.03mm (Plain Black),RainbowME,5,0,0,0,999.0,999.0,0.0,0.0,0.0,0.0,4,4,<a_85><b_157><c_122>,<a_184><b_253><c_7>,0,0.0
3367,Mercurry GT2 Timing Belt Torsion Spring For 3D Printer 6mm Width Belt Pack of 10,Mercurry 3D accessaries,5,10,0,0,999.0,999.0,0.0,0.0,0.0,0.0,1,1,<a_173><b_118><c_27>,<a_152><b_165><c_198>,0,0.0
3405,"HATCHBOX PETG 3D Printer Filament, Dimensional Accuracy +/- 0.03 mm, 1 kg Spool, 1.75 mm, Black",HATCHBOX,5,26,0,0,806.6,419.8,0.0,0.0,0.2,0.2,11,14,<a_222><b_161><c_241>,<a_184><b_110><c_166>,0,0.0
3432,"3D Solutech PETG175YLW 3D Printer Filament, Yellow, 1.75mm, 2.2 LBS (1.0KG)",3D Solutech,5,6,0,0,999.0,999.0,0.0,0.0,0.4,0.6,2,14,<a_222><b_52><c_1>,<a_184><b_110><c_30>,0,0.0
42,"Precision Brand M6S Micro Seal, Miniature All Stainless Worm Gear Hose Clamp, 5/16"" - 7/8"" (Pack of 10)",Precision Brand,4,452,0,0,508.5,27.5,0.0,0.0,0.0,0.0,1,2,<a_34><b_64><c_106>,<a_167><b_227><c_244>,0,0.0
68,"MLCS 9080 Billy Pedal Foot Switch, Deadman Style",MLCS,4,80,0,0,999.0,999.0,0.0,0.0,0.0,0.0,1,2,<a_212><b_213><c_16>,<a_67><b_105><c_53>,0,0.0
93,"White SiliconeTubing, 1/2""ID, 3/4""OD, 1/8""Wall, 25' Length",Small Parts,4,293,0,0,759.0,268.5,0.0,0.0,0.0,0.0,3,1,<a_225><b_5><c_3>,<a_115><b_201><c_39>,0,0.0
128,"MegaDeal AC201710300001 12 Pack 2"" Swivel Caster Wheels Rubber Base with Top Plate & Bearing Heavy Duty",MegaDeal,4,39,0,0,999.0,999.0,0.0,0.0,0.0,0.0,2,2,<a_41><b_121><c_82>,<a_85><b_94><c_19>,0,0.0
162,"USAFilament 9800429 ABS 3D Printing Filament, 2.2 lb, 1.75 mm, White Spool",USAFilament,4,151,0,0,517.0,999.0,0.0,0.0,0.0,0.0,1,3,<a_222><b_249><c_251>,<a_184><b_204><c_73>,0,0.0
225,"Anderson Metals Brass Hose Fitting, Connector, 5/16"" Barb x 3/8"" Male Pipe",Anderson Metals,4,172,0,0,999.0,999.0,0.0,0.0,0.0,0.0,2,4,<a_78><b_243><c_0>,<a_31><b_98><c_18>,0,0.0
232,"Karter Scientific 213A2 Borosilicate Glass Low Form Glass Beaker, 50/100/250/500/1000 mL (Pack of 5)",Karter Scientific,4,189,0,0,757.0,752.0,0.0,0.0,0.0,0.0,2,1,<a_178><b_57><c_137>,<a_223><b_100><c_186>,0,0.0
270,"Gorilla Carts GOR6PS Heavy-Duty Poly Yard Dump Cart with 2-In-1 Convertible Handle, 1,200-Pound Capacity, Black",Gorilla Carts,4,3,0,0,999.0,999.0,0.0,0.0,0.0,0.0,1,1,<a_82><b_122><c_237>,<a_85><b_26><c_107>,0,0.0
310,"SE 612FS 12"" Stainless Steel Self-Locking Straight Forceps",SE,4,205,0,0,999.0,999.0,0.0,0.0,0.0,0.0,3,2,<a_50><b_69><c_95>,<a_86><b_234><c_43>,0,0.0
396,Westek SW103CT Outdoor Swivel Photo Control,Westek,4,387,2,2,500.0,500.0,0.5,0.5,0.5,0.5,1,1,<a_0><b_44><c_7>,<a_130><b_31><c_149>,0,0.0
410,"Century Drill and Tool 95107 Coarse Plug Hand Tap, 3/8-16",Century Drill & Tool,4,28,0,0,999.0,999.0,0.0,0.0,0.0,0.0,3,3,<a_182><b_186><c_116>,<a_71><b_150><c_228>,0,0.0
451,"Gorilla Tape, White Duct Tape, 1.88"" x 30 yd, White, (Pack of 1)",Gorilla,4,62,0,0,999.0,999.0,0.0,0.0,0.5,0.5,5,7,<a_150><b_83><c_37>,<a_42><b_40><c_7>,0,0.0
461,"Hy-Ko Products TSR-100 Posted Private Property Tyvek Sign Roll 11"" x 11"" Yellow, 100 Pieces",Hy-Ko Products,4,133,2,2,500.0,500.0,0.5,0.5,0.5,0.5,1,1,<a_171><b_240><c_197>,<a_144><b_217><c_255>,0,0.0
499,"HDPE (High Density Polyethylene) Sheet, Opaque Off-White, Standard Tolerance, ASTM D4976-245, 0.125"" Thickness, 12"" Width, 24"" Length",Small Parts,4,142,0,0,756.5,999.0,0.0,0.0,0.0,0.0,2,2,<a_225><b_238><c_136>,<a_253><b_128><c_200>,0,0.0
500,"HDPE (High Density Polyethylene) Sheet, Opaque Off-White, Standard Tolerance, ASTM D4976-245, 0.250"" Thickness, 12"" Width, 12"" Length",Small Parts,4,121,4,4,1.0,1.0,1.0,1.0,0.0,0.0,5,2,<a_51><b_17><c_0>,<a_251><b_10><c_0>,0,0.0
568,"Strenco 1"" Self Adhesive Black Hook and Loop 5 yards Sticky Back Tape Fastener 15 feet - Light Weight",Strenco,4,62,0,0,999.0,999.0,0.0,0.0,0.0,0.0,2,3,<a_51><b_45><c_137>,<a_163><b_248><c_79>,0,0.0
631,"Dap 18001 Kwik Seal Caulk with 5.5-Ounce Tube, White",DAP,4,41,0,0,999.0,999.0,0.0,0.0,0.0,0.0,1,1,<a_150><b_213><c_121>,<a_57><b_90><c_34>,0,0.0
724,"Duck Brand EZ Start Packing Tape With Dispenser, 1.88 Inch x 22.2 Yard, Clear, 1 Roll (393185)",Duck,4,132,0,0,999.0,999.0,0.0,0.0,0.0,0.0,1,1,<a_192><b_152><c_167>,<a_226><b_24><c_3>,0,0.0
726,5 Gallon Plastic Hedpack with cap,Midwest Brewing and Winemaking Supplies,4,22,0,0,999.0,999.0,0.0,0.0,0.0,0.0,1,1,<a_241><b_63><c_38>,<a_20><b_3><c_34>,0,0.0
742,"Kingston KMBVM Series Brass Mini Ball Valve, Lever, 1/4"" NPT Male x NPT Female",Kingston Valves,4,86,0,0,999.0,999.0,0.0,0.0,0.0,0.0,2,2,<a_78><b_211><c_162>,<a_84><b_14><c_249>,0,0.0
785,"Enerlites HET06A-White 1-5-10-15-20-30 Minutes Preset In-Wall Countdown Timer Switch, w Decorator Wall Plate, White",Enerlites,4,55,0,0,999.0,999.0,0.0,0.0,0.0,0.0,1,1,<a_0><b_166><c_241>,<a_229><b_1><c_151>,0,0.0
839,CB 7101S1 72-Pieces Blank Microscope Slides & 100-Pieces Square Cover Glass,CB,4,250,0,0,999.0,999.0,0.0,0.0,0.0,0.0,3,1,<a_36><b_203><c_31>,<a_105><b_94><c_56>,0,0.0
944,"General Hydroponics PH Test Kit, 1-Ounce",General Hydroponics,4,124,0,0,999.0,999.0,0.0,0.0,0.0,0.0,1,3,<a_62><b_179><c_33>,<a_59><b_12><c_121>,0,0.0
1086,"Gems Sensors A2012-S150 Solenoid Valve, 24 V, 60 Hz AC, 125 PSI",Gems Sensors,4,63,0,0,999.0,999.0,0.0,0.0,0.0,0.0,1,1,<a_0><b_41><c_40>,<a_130><b_132><c_215>,0,0.0
1098,J-B Weld 50112 ClearWeld Quick-Setting Epoxy Syringe - Dries Clear - 25 ml,J-B Weld,4,40,0,0,754.0,757.5,0.0,0.0,0.0,0.0,6,1,<a_89><b_99><c_210>,<a_19><b_142><c_220>,0,0.0
1114,2 Needle Tip Bottle Liquid Flux Dispenser Oil Solvent Applicator Dropper 0.7 Oz,1st Choice,4,24,0,0,999.0,999.0,0.0,0.0,0.0,0.0,1,1,<a_177><b_247><c_175>,<a_20><b_134><c_44>,0,0.0
1123,Smooth-On XTC-3D High Performance 3D Print Coating - 24oz. Unit,Smooth-On,4,44,0,0,512.0,999.0,0.0,0.0,0.25,0.0,3,2,<a_249><b_43><c_5>,<a_246><b_68><c_9>,0,0.0
1138,Insta-cure gap filling 2oz Bob Smith Ind.,Bob Smith Industries,4,150,0,0,999.0,999.0,0.0,0.0,0.0,0.0,4,3,<a_89><b_191><c_164>,<a_19><b_222><c_74>,0,0.0
1156,"6061 Aluminum Round Rod, Unpolished (Mill) Finish, Extruded, T6511 Temper, ASTM B221, 1-5/8"" Diameter, 24"" Length",Small Parts,4,306,4,4,1.0,1.0,1.0,1.0,3.0,3.0,9,9,<a_225><b_205><c_185>,<a_253><b_135><c_168>,0,0.0
1177,"Anderson Metals 56110 Brass Pipe Fitting, Hex Bushing, 1/2"" NPT Male Pipe x 3/8"" NPT Female Pipe",Anderson Metals,4,14,0,0,999.0,999.0,0.0,0.0,0.0,0.0,5,3,<a_78><b_3><c_5>,<a_31><b_89><c_11>,0,0.0
1239,Uxcell A13122300UX0934 LED Light Mounting Holders Panel (Pack of 50),uxcell,4,44,0,0,756.0,760.25,0.0,0.0,0.0,0.0,1,1,<a_104><b_141><c_5>,<a_175><b_183><c_21>,0,0.0
1245,"Keeper Foot x 1 Inch 02606 10' x 1"" Lift Sling, 1 Ply",Keeper,4,23,0,0,999.0,999.0,0.0,0.0,0.0,0.0,4,3,<a_10><b_34><c_133>,<a_13><b_163><c_197>,0,0.0
1320,"ACM Economy Wash Bottle, LDPE, Squeeze Bottle Medical Label Tattoo (500ml / 16oz / 1 Bottle)",Pirate Face Tattoo,4,38,0,0,999.0,999.0,0.0,0.0,0.0,0.0,1,1,<a_177><b_116><c_220>,<a_20><b_90><c_146>,0,0.0
1345,POWERTEC 17000 Workbench Caster Kit (Pack of 4),POWERTEC,4,21,0,0,999.0,999.0,0.0,0.0,0.0,0.0,1,2,<a_41><b_1><c_135>,<a_85><b_122><c_3>,0,0.0
1406,"Yonisun Sound Dampening Door Bumpers, 1/2"" Diameter, Sheet of 100",Yonisun,4,85,0,0,999.0,999.0,0.0,0.0,0.0,0.0,3,1,<a_51><b_184><c_254>,<a_15><b_86><c_34>,0,0.0
1415,"SE 8436MVC 3"" Universal Table Vise",SE,4,306,2,2,500.0,500.0,0.5,0.5,0.5,0.5,1,3,<a_91><b_17><c_96>,<a_88><b_106><c_91>,0,0.0
1418,"NoTrax 109 Brush Step Entrance Mat, for Lobbies and Indoor Entranceways, 3' Width x 10' Length x 3/8"" Thickness, Red/Black",NoTrax Floor Matting,4,7,0,0,999.0,999.0,0.0,0.0,0.0,0.0,1,2,<a_82><b_201><c_238>,<a_77><b_150><c_202>,0,0.0
1513,Thermal Grizzly Conductonaut Thermal Grease Paste - 1.0 Gram,Thermal Grizzly,4,1,0,0,999.0,999.0,0.0,0.0,0.0,0.0,1,1,<a_24><b_156><c_62>,<a_173><b_80><c_186>,0,0.0
1522,Yosoo GM328 Lcd Display Transistor Tester ESR Meter Cymometer Square Wave Generator,Yosoo,4,65,0,0,755.25,999.0,0.0,0.0,0.0,0.0,2,3,<a_42><b_146><c_211>,<a_36><b_115><c_209>,0,0.0
1527,"XFasten Professional Aluminum Foil Tape, 3.6 mil, 2 Inches x 55 Yards HVAC Tape",XFasten,4,9,0,0,999.0,999.0,0.0,0.0,0.0,0.0,2,5,<a_192><b_144><c_26>,<a_42><b_206><c_253>,0,0.0
1533,"Dealmed Brand Nitrile Medical Grade Exam Gloves, Disposable, Latex-Free, 200 Count, Size Large",Dealmed,4,28,0,0,999.0,999.0,0.0,0.0,0.0,0.0,1,1,<a_51><b_108><c_0>,<a_163><b_238><c_21>,0,0.0
1545,Top-cofrLD 1/4w Resistors Pack 164 values x 10pcs = 1640pcs 0-22M Metal Film Full range resistors Assortment Kits,Top-cofrLD,4,67,0,0,758.75,754.5,0.0,0.0,0.0,0.0,1,1,<a_145><b_155><c_122>,<a_36><b_44><c_242>,0,0.0
1643,"2 PACK- Milrose 70885 Blue Monster 1/2"" x 1429' Blue Teflon Tape",Milrose,4,1,0,0,999.0,999.0,0.0,0.0,0.0,0.0,1,1,<a_235><b_226><c_160>,<a_42><b_15><c_22>,0,0.0
1684,3M VHB Tape RP32 0.5 in width x 5 yd length (1 Roll),3M,4,2,0,0,999.0,999.0,0.0,0.0,0.0,0.0,2,1,<a_235><b_174><c_141>,<a_226><b_62><c_185>,0,0.0
1695,"HATCHBOX ABS 3D Printer Filament, Dimensional Accuracy +/- 0.03 mm, 1 kg Spool, 1.75 mm, Red",HATCHBOX,4,208,0,0,518.25,516.5,0.0,0.0,0.0,0.0,3,1,<a_222><b_40><c_169>,<a_184><b_193><c_252>,0,0.0
1758,Signswise 200x200mm 12V 220W Silicone Rubber Heating Heater for 3D Printer Heated Beds,Signswise,4,4,0,0,999.0,999.0,0.0,0.0,0.0,0.0,2,2,<a_161><b_111><c_47>,<a_118><b_68><c_217>,0,0.0
1836,"VIVOSUN 6 inch Inline Duct Booster Fan 240 CFM, Low Noise & Extra Long 5.5' Grounded Power Cord",VIVOSUN,4,2,0,0,999.0,999.0,0.0,0.0,0.25,0.25,3,3,<a_186><b_201><c_234>,<a_245><b_219><c_125>,0,0.0
1927,"3M Silver Foil Tape 3340, 2-1/2"" x 50 yd, 4.0 mil",3M,4,35,0,0,999.0,999.0,0.0,0.0,0.0,0.0,1,2,<a_235><b_156><c_233>,<a_42><b_215><c_95>,0,0.0
1999,Ginsco 120 Pcs/60 Pairs Quick Splice Wire Terminals T-Tap Self-stripping with Nylon Fully Insulated Male Quick Disconnects Kit,Ginsco,4,2,0,0,999.0,999.0,0.0,0.0,0.0,0.0,1,1,<a_202><b_230><c_113>,<a_191><b_100><c_51>,0,0.0
2036,"3mm and 5mm LED Lights Emitting Diodes Assortment Set Kit for Arduino Bright White Red Blue Green Yellow, 300-Pack",CO RODE,4,100,0,0,999.0,999.0,0.0,0.0,0.0,0.0,2,1,<a_104><b_143><c_25>,<a_175><b_60><c_29>,0,0.0
2070,"CLR Pro CL-4Pro Calcium, Lime and Rust Remover, 1 Gallon Bottle",CLR,4,62,0,0,999.0,999.0,0.0,0.0,0.0,0.0,2,1,<a_6><b_151><c_62>,<a_92><b_146><c_53>,0,0.0
2084,"Eagle 1610MB Blue High Density Polyethylene Lab Pack Drum with Metal Lever-lock Lid, 14 gallon Capacity, 26.5"" Height, 15"" Diameter",Eagle,4,51,0,0,999.0,999.0,0.0,0.0,0.0,0.0,2,2,<a_165><b_17><c_222>,<a_200><b_78><c_54>,0,0.0
2106,"Noga NG8150 Heavy Duty Deburr Tool, with 10 S10 blades",Noga,4,10,0,0,999.0,999.0,0.0,0.0,0.0,0.0,1,1,<a_248><b_93><c_254>,<a_71><b_131><c_125>,0,0.0
2204,"Proto-pasta CFP11705 The Original Carbon Fiber Spool , PLA 1.75 mm, 500 g , Black",Proto-Pasta,4,63,0,0,999.0,999.0,0.0,0.0,0.0,0.0,1,2,<a_85><b_73><c_205>,<a_184><b_84><c_12>,0,0.0
2215,J-B Weld 50172 MarineWeld Marine Adhesive Epoxy Syringe - Dries White - 25ml,J-B Weld,4,11,0,0,999.0,999.0,0.0,0.0,0.0,0.0,6,6,<a_89><b_99><c_36>,<a_19><b_166><c_164>,0,0.0
2330,"SIENOC 3D PLA 1KG 1.75mm PLA 3D Printer Filament, Dimensional Accuracy+/- 0.05mm 1 kg(2.2 lbs) Spool (Orange)",SIENOC,4,5,0,0,999.0,999.0,0.0,0.0,0.0,0.0,4,4,<a_85><b_157><c_74>,<a_184><b_253><c_78>,0,0.0
2356,Inkbird Dual Stage 12V(DC) Digital Temperature Controller Fahrenheit Thermostat,Inkbird,4,3,0,0,999.0,999.0,0.0,0.0,0.0,0.25,1,9,<a_31><b_61><c_233>,<a_59><b_226><c_70>,0,0.0
2357,Diymall Bme280 Pressure Temperature Sensor Module with IIC I2c for Arduino,Pressure  Sensor,4,10,0,0,999.0,999.0,0.0,0.0,0.0,0.0,1,1,<a_31><b_154><c_35>,<a_18><b_158><c_251>,0,0.0
2679,"eSUN 1.75mm Yellow ABS 3D Printer filament 1kg Spool (2.2lbs), Yellow",eSUN,4,8,0,0,999.0,999.0,0.0,0.0,0.25,0.25,11,6,<a_85><b_149><c_44>,<a_184><b_100><c_21>,0,0.0
2689,"Loctite 22221 Purple 222MS Low Strength Thread Locker, 10 mL Bottle",Loctite,4,13,0,0,999.0,999.0,0.0,0.0,0.0,0.0,3,3,<a_89><b_162><c_6>,<a_173><b_190><c_174>,0,0.0
2714,NinjaFlex TPU 3D Printing Filament - 1.75mm .50kg - SAPPHIRE,NinjaTek,4,202,0,0,999.0,518.75,0.0,0.0,0.0,0.0,1,3,<a_85><b_127><c_139>,<a_184><b_213><c_133>,0,0.0
2737,"HATCHBOX PETG 3D Printer Filament, Dimensional Accuracy +/- 0.05 mm, 1 kg Spool, 1.75 mm, White",HATCHBOX,4,34,0,0,758.25,999.0,0.0,0.0,0.0,0.0,11,14,<a_222><b_161><c_141>,<a_184><b_110><c_9>,0,0.0
2742,1.75mm Dark Blue PLA 3D Printer Filament - 1kg Spool (2.2 lbs) - Dimensional Accuracy +/- 0.03mm,AMZ3D,4,1,0,0,999.0,999.0,0.0,0.0,0.0,1.5,1,9,<a_186><b_79><c_16>,<a_251><b_181><c_14>,0,0.0
2820,American Educational Clear Borosilicate Glass 1000mL Bomex Filtering Flask,American Educational Products,4,35,0,0,759.25,275.0,0.0,0.0,0.0,0.0,1,4,<a_178><b_223><c_32>,<a_223><b_168><c_43>,0,0.0
2835,Ginsco 108pcs Insulated Heat Shrink Waterproof Butt Connectors Wire electrical 14-16 AWG Kit Blue,Ginsco,4,4,0,0,999.0,999.0,0.0,0.0,0.0,0.5,1,3,<a_202><b_161><c_205>,<a_191><b_203><c_8>,0,0.0
2845,Telescoping LED Lighted Flexible Inspection Mirror 360 Swivel for Extra Viewing,OKA,4,3,0,0,999.0,999.0,0.0,0.0,0.0,0.0,1,1,<a_12><b_116><c_103>,<a_149><b_189><c_220>,0,0.0
2870,"Hanson 1903ZR Tap 1/4""-18Npt Taper, for Tap Die Extraction",Lenox Tools,4,5,0,0,999.0,999.0,0.0,0.0,0.0,0.0,1,4,<a_78><b_189><c_47>,<a_84><b_146><c_225>,0,0.0
2899,"Dynatex 49582 Industrial Copper Anti-Seize and Lubricating Compound Paste, 8 oz Brush Top Bottle, Dark Copper",Dynatex,4,7,0,0,999.0,999.0,0.0,0.0,0.0,0.0,1,1,<a_6><b_142><c_132>,<a_173><b_168><c_70>,0,0.0
2917,Genuine E3D V6 Extra Nozzle - 1.75mm x 0.40mm (V6-NOZZLE-175-400),E3D,4,3,0,0,999.0,999.0,0.0,0.0,0.0,0.0,1,1,<a_48><b_167><c_55>,<a_29><b_44><c_158>,0,0.0
2920,BuildTak BT30185 Spatula,BuildTak,4,16,0,0,999.0,999.0,0.0,0.0,0.0,0.0,1,1,<a_249><b_183><c_86>,<a_144><b_105><c_14>,0,0.0
2924,"Hilitchi 635 Pcs 40 Pin 2.54mm Pitch Single Row Pin Headers,Dupont Connector Housing Female,Dupont Male/Female Pin Connector Kit",Hilitchi,4,46,0,0,999.0,999.0,0.0,0.0,0.0,0.0,1,1,<a_239><b_243><c_249>,<a_175><b_187><c_227>,0,0.0
3049,Stronghero3d 1.75mm PLA 3D Printer Filament Metal GREY- 1kg Spool (2.2 lbs) - Dimensional Accuracy +/- 0.03mm,Stronghero3d,4,0,0,0,999.0,999.0,0.0,0.0,0.0,0.0,1,1,<a_85><b_24><c_172>,<a_184><b_222><c_10>,0,0.0
3088,6PCS x Custom Machined All Metal Heatbreak for V6 RepRap 3D Printer Hotend 1.75mm and Clones,RepRap Champion,4,14,0,0,999.0,999.0,0.0,0.0,0.0,0.0,1,1,<a_48><b_43><c_198>,<a_29><b_32><c_175>,0,0.0
3123,"Gorilla Tape, Silver Duct Tape, 1.88"" x 35 yd, Silver, (Pack of 1)",Gorilla,4,0,0,0,999.0,999.0,0.0,0.0,0.75,0.75,5,7,<a_150><b_83><c_135>,<a_42><b_40><c_180>,0,0.0
3137,"3M Dual Lock Reclosable Fastener SJ3560 250 Clear, 1 in x 6 Ft",3M,4,15,0,0,999.0,999.0,0.0,0.0,0.0,0.0,2,2,<a_235><b_207><c_2>,<a_91><b_18><c_249>,0,0.0
3172,BIQU Aluminum Heater Block Specialized for MK7 MK8 3D Printer Extruder(Pack of 5pcs),BIQU,4,6,0,0,999.0,999.0,0.0,0.0,0.0,0.0,3,3,<a_173><b_107><c_31>,<a_118><b_91><c_190>,0,0.0
3287,Pomona 1296 BNC (M) Binding Posts,Pomona,4,0,0,0,999.0,999.0,0.0,0.0,0.5,0.75,2,3,<a_239><b_220><c_96>,<a_0><b_6><c_226>,0,0.0
3304,URBESTAC 250V 5A SPDT 1NO 1NC Momentary Hinge Roller Lever Micro Switches 3 Pins 10 Pcs,URBEST,4,8,0,0,999.0,999.0,0.0,0.0,0.0,0.0,1,1,<a_145><b_111><c_147>,<a_67><b_52><c_138>,0,0.0
3469,"3D Solutech Real Pink 3D Printer PLA Filament 1.75MM Filament, Dimensional Accuracy +/- 0.03 mm, 2.2 LBS (1.0KG)",3D Solutech,4,9,0,0,761.75,508.5,0.0,0.0,3.25,2.75,23,24,<a_222><b_68><c_10>,<a_184><b_137><c_155>,0,0.0
3474,3D Solutech See Through Red 1.75mm PETG 3D Printer Filament 2.2 LBS (1.0KG),3D Solutech,4,2,0,0,999.0,999.0,0.0,0.0,0.0,0.0,2,14,<a_222><b_52><c_2>,<a_184><b_110><c_171>,0,0.0
3599,"3D Solutech Aqua Blue 3D Printer PLA Filament 1.75MM Filament, Dimensional Accuracy +/- 0.03 mm, 2.2 LBS (1.0KG)",3D Solutech,4,23,0,0,514.75,756.25,0.0,0.0,1.0,1.0,23,24,<a_222><b_68><c_236>,<a_184><b_137><c_7>,0,0.0
3655,"eSUN 1.75mm Brown PLA PRO (PLA+) 3D Printer Filament 1KG Spool (2.2lbs), Brown",eSUN,4,10,0,0,999.0,999.0,0.0,0.0,0.0,0.0,8,13,<a_85><b_80><c_146>,<a_184><b_244><c_9>,0,0.0
3683,"3D Solutech Purple 3D Printer PLA Filament 1.75MM Filament, Dimensional Accuracy +/- 0.03 mm, 2.2 LBS (1.0KG)",3D Solutech,4,6,0,0,757.75,761.75,0.0,0.0,5.0,4.25,23,24,<a_222><b_68><c_250>,<a_184><b_137><c_0>,0,0.0
45,"Permatex 80050 Clear RTV Silicone Adhesive Sealant, 3 oz",Permatex,3,261,0,0,999.0,678.0,0.0,0.0,0.0,0.0,1,1,<a_210><b_174><c_55>,<a_57><b_157><c_98>,0,0.0
63,WEN 73002 500-Pound Capacity Service Cart,WEN,3,38,0,0,999.0,999.0,0.0,0.0,0.0,0.0,1,1,<a_241><b_75><c_229>,<a_85><b_190><c_21>,0,0.0
75,"Jumbo 51pc Drum Sanding Kit - Fits Dremel - Includes Rubber Drum Mandrels - 1/2, 3/8 & 1/4",IIT,3,114,0,0,679.0,670.6666666666666,0.0,0.0,0.0,0.0,2,1,<a_67><b_133><c_135>,<a_152><b_147><c_141>,0,0.0
87,Wixey WR510 Digital Planer Readout with Fractions,Wixey,3,73,0,0,999.0,999.0,0.0,0.0,0.0,0.0,3,1,<a_165><b_200><c_131>,<a_196><b_130><c_89>,0,0.0
105,Mist Coolant Lubrication Spray System For 8mm Air Pipe CNC Lathe Milling Drill,Bleiou,3,6,0,0,999.0,999.0,0.0,0.0,0.0,0.0,1,1,<a_142><b_6><c_196>,<a_173><b_119><c_8>,0,0.0
129,Hilitchi 260pcs M3/4/5/6/8 Allen Head Socket Hex Grub Screw Set Assortment Kit with Plastic Box 12.9 Class Black Alloy Steel,Hilitchi,3,6,0,0,999.0,999.0,0.0,0.0,0.0,0.0,3,5,<a_182><b_218><c_194>,<a_224><b_129><c_92>,0,0.0
133,"3M High Temperature Flue Tape, 15-Foot Roll",3M,3,49,0,0,999.0,999.0,0.0,0.0,0.0,0.0,1,1,<a_210><b_107><c_58>,<a_42><b_187><c_134>,0,0.0
156,"3M Contractor Grade Pro Strength Duct Tape 3979 Silver, 1.88 in x 60 yd 8.0 mil, Individually Wrapped, Conveniently Packaged",3M,3,3,0,0,999.0,999.0,0.0,0.0,0.0,0.0,2,2,<a_192><b_127><c_153>,<a_42><b_217><c_223>,0,0.0
165,"Duck Brand 299006 3/4-Inch by 60 Feet Utility Vinyl Electrical Tape with Single Roll, Black, 3/4 Inch x Economy",Duck,3,51,0,0,999.0,999.0,0.0,0.0,0.0,0.0,1,1,<a_192><b_98><c_81>,<a_226><b_102><c_41>,0,0.0
192,"3M Vetbond Tissue Adhesive, 3ml Bottles w/MSDS",3M Vetbond,3,86,0,0,999.0,999.0,0.0,0.0,0.0,0.0,1,1,<a_74><b_176><c_189>,<a_91><b_40><c_46>,0,0.0
203,"Gorilla 7500101 07221000673 Glue Brush & Nozzle, 1-Pack, Clear",Gorilla,3,30,0,0,999.0,999.0,0.0,0.0,0.0,0.0,1,2,<a_64><b_28><c_245>,<a_19><b_12><c_177>,0,0.0
206,Fluke 1AC-A1-II VoltAlert Non-Contact Voltage Tester,Fluke,3,251,0,0,672.0,999.0,0.0,0.0,0.0,0.0,1,1,<a_42><b_215><c_200>,<a_229><b_120><c_31>,0,0.0
216,Ancor Tinned Copper Lugs 8 AWG - 4/0 AWG,,3,115,0,0,672.3333333333334,999.0,0.0,0.0,0.0,0.0,3,3,<a_51><b_110><c_0>,<a_15><b_248><c_0>,0,0.0
217,Ancor Tinned Copper Lugs 8 AWG - 4/0 AWG,,3,98,3,3,1.0,1.0,1.0,1.0,1.0,1.0,3,3,<a_51><b_110><c_0>,<a_15><b_248><c_0>,0,0.0
259,"GE Silicone 2+ Window & Door Caulk, 10.1 Oz. Tube, Clear, GE5000",GE Momentive Performance Materials,3,34,0,0,999.0,999.0,0.0,0.0,0.0,0.0,2,3,<a_210><b_225><c_15>,<a_57><b_239><c_133>,0,0.0
272,"Gorilla Original Gorilla Glue, Waterproof Polyurethane Glue, 2 ounce Bottle, Brown",Gorilla,3,63,0,0,999.0,999.0,0.0,0.0,0.0,0.0,4,3,<a_150><b_187><c_172>,<a_19><b_108><c_175>,0,0.0
333,DEWALT DW4930 4-Inch by 5/8-Inch-11 Full Cable Twist Wire Wheel/Carbon Steel .020-Inch,DEWALT,3,143,0,0,999.0,999.0,0.0,0.0,0.0,0.0,1,1,<a_122><b_201><c_8>,<a_71><b_77><c_223>,0,0.0
339,"Drill America DWT Series Qualtech High-Speed Steel Round Adjustable Threading Die, 1-1/2"" Diameter, 11/16""-18 Size (Pack of 1)",Drill America,3,19,0,0,999.0,999.0,0.0,0.0,0.0,0.0,2,2,<a_160><b_105><c_181>,<a_71><b_185><c_160>,0,0.0
353,"Scotch Aluminum Foil Tape 3311 Silver, 2 in x 10 yd 3.6 mil (Pack of 1)",Scotch,3,160,0,0,681.6666666666666,999.0,0.0,0.0,0.0,0.0,2,5,<a_192><b_43><c_21>,<a_42><b_206><c_20>,0,0.0
459,"50 Pack - 4.5""x.040""x7/8"" Quality Thin Cut Off Wheels Metal & Stainless Steel",Benchmark Abrasives,3,12,0,0,999.0,999.0,0.0,0.0,0.0,0.0,1,1,<a_248><b_171><c_248>,<a_71><b_207><c_58>,0,0.0
467,"3M Utility Duct Tape 2929 Silver, 1.88 in x 50 yd 5.8 mils (Pack of 1)",3M,3,159,0,0,671.3333333333334,999.0,0.0,0.0,0.0,0.0,1,5,<a_192><b_206><c_128>,<a_42><b_110><c_223>,0,0.0
487,"VIVOSUN 4 inch Inline Duct Booster Fan 100 CFM, Low Noise & Extra Long 5.5' Grounded Power Cord",VIVOSUN,3,7,0,0,999.0,999.0,0.0,0.0,0.0,0.0,3,3,<a_186><b_201><c_9>,<a_245><b_219><c_2>,0,0.0
511,"Nicholson 06706N Axe File, 8-Inch",Nicholson,3,15,0,0,999.0,999.0,0.0,0.0,0.0,0.0,1,1,<a_248><b_251><c_143>,<a_71><b_156><c_104>,0,0.0
525,"WD-40 Specialist&nbsp; Spray and Stay Gel Lubricant No-Drip Formula with SMART STRAW&nbsp;SPRAYS 2 WAYS, 10 OZ",WD-40,3,29,0,0,999.0,999.0,0.0,0.0,0.0,0.0,1,1,<a_6><b_104><c_116>,<a_173><b_172><c_216>,0,0.0
561,GREAT STUFF Gaps & Cracks 20 oz Insulating Foam Sealant,Great Stuff,3,94,0,0,679.6666666666666,999.0,0.0,0.0,0.0,0.0,1,1,<a_210><b_213><c_29>,<a_57><b_61><c_140>,0,0.0
626,"XFasten Double Sided Tape Carpet Tape, Removable, 2 Inches x 20 Yards",XFasten,3,4,0,0,999.0,999.0,0.0,0.0,0.0,0.0,4,3,<a_51><b_176><c_206>,<a_163><b_248><c_228>,0,0.0
643,Craftsman 100 Piece drilling and driving kit,Craftsman,3,55,0,0,999.0,999.0,0.0,0.0,0.0,0.0,1,1,<a_191><b_72><c_164>,<a_71><b_96><c_90>,0,0.0
658,Stanley R120 Rivet Pack Assortment,Stanley,3,58,0,0,999.0,999.0,0.0,0.0,0.0,0.0,2,1,<a_191><b_126><c_180>,<a_255><b_14><c_56>,0,0.0
695,"MABIS Stainless Steel Tweezers, Thumb Dressing Forceps, Serrated Forceps, Silver",Mabis,3,8,0,0,999.0,999.0,0.0,0.0,0.0,0.0,1,1,<a_50><b_214><c_91>,<a_86><b_177><c_55>,0,0.0
703,"Duck Brand 240200 Double-Sided Duct Tape, 1.4-Inch by 12-Yards, Single Roll",Duck,3,149,0,0,673.3333333333334,999.0,0.0,0.0,0.0,0.0,5,4,<a_192><b_238><c_27>,<a_42><b_172><c_209>,0,0.0
725,"Bissell Zing Bagged Canister Vacuum, Maroon, 4122 - Corded",Bissell,3,93,0,0,999.0,999.0,0.0,0.0,0.0,0.0,1,1,<a_165><b_95><c_227>,<a_196><b_77><c_126>,0,0.0
731,"ARROW 160376 1-1/4"" Cup Hooks (Pack of 18), Rubbed Bronze",Arrow,3,29,0,0,999.0,999.0,0.0,0.0,0.0,0.0,3,3,<a_41><b_31><c_133>,<a_13><b_136><c_114>,0,0.0
771,LOW ODOR DMSO Glass 8 oz Bottle 99.995% Pharma Grade Dimethyl Sulfoxide,DMSO Store,3,2,0,0,999.0,999.0,0.0,0.0,0.0,0.0,1,1,<a_75><b_116><c_120>,<a_92><b_230><c_52>,0,0.0
789,"Everflow 811-5 PTFE Thread Seal Tape for Plumbers, White 1/2 Inch x 520 Inch (Pack of 5 Rolls)",Everflow,3,39,0,0,999.0,999.0,0.0,0.0,0.0,0.0,4,4,<a_210><b_86><c_216>,<a_42><b_81><c_113>,0,0.0
812,ShipGuard 600 Ziplock Bags 6 Assorted Sizes Clear 2MIL baggies1.5x2 2x2 2x3 3x3 3x4 3x5,ShipGuard,3,5,0,0,999.0,999.0,0.0,0.0,0.0,0.0,1,4,<a_161><b_169><c_190>,<a_91><b_208><c_245>,0,0.0
828,Liquid Nails LN903 10-Ounce Heavy-Duty Liquid Nails Construction Adhesive,Liquid Nails,3,46,0,0,999.0,999.0,0.0,0.0,0.0,0.0,2,2,<a_150><b_158><c_164>,<a_19><b_19><c_11>,0,0.0
833,WallPeg 43 Pc. Peg Board Storage System - Pegboard Hook Assortment Organizer Bins Y/B # AM 302- 2,WallPeg,3,18,0,0,999.0,999.0,0.0,0.0,0.0,0.0,8,3,<a_41><b_133><c_73>,<a_255><b_98><c_1>,0,0.0
849,Neiko 53100A 4-Inch Pegboard Hooks and Organizer Assortment | 50-Piece Value Pack,Neiko,3,21,0,0,999.0,999.0,0.0,0.0,0.0,0.0,8,4,<a_41><b_133><c_179>,<a_255><b_235><c_72>,0,0.0
858,AST Labs Test Lead Alligator Clip Heavy Duty to Alligator Clip Heavy Duty 39,AST Labs,3,10,0,0,999.0,999.0,0.0,0.0,0.0,0.0,1,1,<a_239><b_172><c_13>,<a_0><b_114><c_247>,0,0.0
861,"SCIGRIP 16 10315 Acrylic Cement, Low-VOC, Medium bodied, 5 Ounce Tube, Clear",SCIGRIP,3,160,0,0,999.0,999.0,0.0,0.0,0.0,0.0,5,5,<a_89><b_221><c_27>,<a_19><b_86><c_23>,0,0.0
875,Big Horn 19053C 3 Pieces 8-Inch Spring Caliper / Divider Set,Big Horn,3,81,0,0,673.3333333333334,999.0,0.0,0.0,0.0,0.0,2,1,<a_160><b_95><c_149>,<a_88><b_165><c_232>,0,0.0
881,"Cast Acrylic Sheet, Clear, 12"" x 12"" x 0.118"" Size",Small Parts,3,126,0,0,999.0,999.0,0.0,0.0,0.0,0.0,2,1,<a_225><b_255><c_185>,<a_253><b_181><c_218>,0,0.0
889,Hornady 9991 One Shot Spray Case Lube with DynaGlide Plus (5 fl Oz Aerosol),Hornady,3,99,0,0,999.0,999.0,0.0,0.0,0.0,0.0,1,2,<a_6><b_81><c_140>,<a_173><b_117><c_138>,0,0.0
939,Dophee 10Pcs 240 Grit Flap Sanding Wheel Head Grinding Disc & 3mm Arbor for Rotary Tool,dophee,3,2,0,0,999.0,999.0,0.0,0.0,0.0,0.0,1,1,<a_247><b_4><c_166>,<a_71><b_16><c_171>,0,0.0
953,"Remington Industries 22UL1007STRBLA UL1007 22 AWG Gauge Stranded Hook-Up Wire, 300V, 0.0253"" Diameter, 100' Length, Black",Remington Industries,3,45,0,0,682.3333333333334,670.0,0.0,0.0,0.3333333333333333,0.3333333333333333,11,11,<a_202><b_210><c_101>,<a_191><b_68><c_110>,0,0.0
959,"American Weigh Scales Calibration Weight Kit WGHTKIT, Class M2",American Weigh,3,191,0,0,999.0,681.6666666666666,0.0,0.0,0.0,0.0,1,3,<a_91><b_67><c_161>,<a_254><b_55><c_59>,0,0.0
977,"Uriah Products UV001970 17-1/2"", Vinyl Battery Carrier Strap",Uriah Products,3,6,0,0,999.0,999.0,0.0,0.0,0.0,0.0,1,1,<a_171><b_183><c_63>,<a_16><b_69><c_212>,0,0.0
987,wall26 Reflective Student Driver Magnetic Car Signs(Set of 3) Safety Caution Sign,wall26,3,6,0,0,999.0,999.0,0.0,0.0,0.0,0.0,2,3,<a_51><b_28><c_227>,<a_163><b_192><c_205>,0,0.0
1022,"Forney 72747 Wire Bench Wheel Brush, Fine Crimped with 1/2-Inch and 5/8-Inch Arbor, 6-Inch-by-.008-Inch",Forney,3,57,0,0,999.0,999.0,0.0,0.0,0.0,0.0,7,1,<a_247><b_134><c_152>,<a_77><b_241><c_245>,0,0.0
1030,"SE DT220R 180 Grit Diamond Burr Set with 1/8"" Shank, 20-Piece",SE,3,103,0,0,999.0,999.0,0.0,0.0,0.3333333333333333,0.0,2,1,<a_122><b_196><c_18>,<a_71><b_130><c_155>,0,0.0
1042,uxcell Mandrel Mounted White Conical Felt Point Polishing Tool,uxcell,3,158,0,0,670.6666666666666,673.0,0.0,0.0,0.0,0.0,1,1,<a_122><b_101><c_95>,<a_77><b_182><c_240>,0,0.0
1171,"Drill America DWTSMT15X1.5 HSS Metric Tap, Special Size, M15 x 1.5",Drill America,3,31,0,0,999.0,999.0,0.0,0.0,0.0,0.0,3,3,<a_182><b_119><c_171>,<a_71><b_124><c_145>,0,0.0
1187,Parts Express Cable TV In-Line Coaxial Surge Protector,Parts Express,3,25,0,0,999.0,999.0,0.0,0.0,0.0,0.0,2,1,<a_45><b_171><c_169>,<a_0><b_61><c_11>,0,0.0
1198,TapeCase 3432 1in X 50yd Red Reflective Tape (1 Roll),TapeCase,3,21,1,1,666.3333333333334,337.0,0.3333333333333333,0.3333333333333333,1.0,1.0,3,4,<a_192><b_85><c_23>,<a_226><b_175><c_4>,0,0.0
1203,"eSUN 3D 1.75mm PETG Natural Filament 1kg (2.2lb), PETG 3D Printer Filament, Semi-Transparent 1.75mm Natural",eSUN,3,39,0,0,674.3333333333334,676.6666666666666,0.0,0.0,0.3333333333333333,0.3333333333333333,7,7,<a_85><b_161><c_110>,<a_184><b_236><c_229>,0,0.0
1218,"POWERTEC 15505 White Aluminum Oxide Grinding Wheel, 8-Inch by 1-Inch, 5/8-Inch Arbor, 120 Grit",POWERTEC,3,6,0,0,999.0,999.0,0.0,0.0,0.0,0.0,1,2,<a_122><b_250><c_101>,<a_71><b_62><c_108>,0,0.0
1222,"XFasten Transparent Filament Duct Tape, 2 Inches x 30 Yards",XFasten,3,1,0,0,999.0,999.0,0.0,0.0,0.0,0.0,1,1,<a_150><b_203><c_164>,<a_42><b_189><c_186>,0,0.0
1285,"Anderson Metals Brass Pipe Fitting, Coupling, 1/2"" x 1/2"" Female Pipe",Anderson Metals,3,78,0,0,345.0,17.666666666666668,0.0,0.0,0.3333333333333333,0.0,7,1,<a_78><b_39><c_168>,<a_31><b_168><c_33>,0,0.0
1336,"STEREN Grip-Clip Single Coaxial Cable Mounting Fastener Clips, 100ct Black",STEREN,3,82,0,0,999.0,999.0,0.0,0.0,0.0,0.0,1,1,<a_171><b_164><c_237>,<a_175><b_152><c_37>,0,0.0
1343,"Shark Welding 26-6M Shark 3-Inch by 1/32-Inch by 3/8-Inch Cut-Off Wheel with Mandrel, 6-Pack.",SHARK,3,30,0,0,999.0,999.0,0.0,0.0,0.0,0.0,1,1,<a_122><b_209><c_46>,<a_71><b_68><c_159>,0,0.0
1384,"RJ45 Tester, Continuity Tester, Coax Tester, LAN Scout Jr. Continuity Tester Klein Tools VDV526-052",Klein Tools,3,9,0,0,999.0,999.0,0.0,0.0,0.0,0.0,2,2,<a_239><b_88><c_39>,<a_0><b_99><c_12>,0,0.0
1387,"Uxcell a13052700ux0220 6mm to 8mm Bore Rigid Copper Motor Coupling Coupler W Tight Screws, Rubber",uxcell,3,1,0,0,999.0,999.0,0.0,0.0,0.0,0.0,2,3,<a_173><b_146><c_72>,<a_16><b_33><c_199>,0,0.0
1392,Pomona 4970 Bnc (M) with 20 Awg Leads,Pomona,3,0,0,0,999.0,999.0,0.0,0.0,0.0,0.0,1,3,<a_239><b_215><c_252>,<a_0><b_6><c_196>,0,0.0
1420,"HYDROMETER - ALCOHOL, 0-200 PROOF and Tralle by Bellwether",Vee Gee Scientific,3,40,0,0,999.0,999.0,0.0,0.0,0.0,0.0,1,1,<a_178><b_114><c_200>,<a_254><b_26><c_171>,0,0.0
1424,"AKOAK 15amp Diode Axial Schottky Blocking Diodes for Solar Cells Panel,15SQ045 Schottky(20Pcs)",AKOAK,3,2,0,0,999.0,999.0,0.0,0.0,0.0,0.0,3,2,<a_145><b_242><c_141>,<a_67><b_101><c_60>,0,0.0
1428,"Groom Industries Solvent Free Sprayer, Flairosol",Groom Industries,3,5,0,0,999.0,999.0,0.0,0.0,0.0,0.0,1,1,<a_6><b_15><c_145>,<a_83><b_57><c_134>,0,0.0
1447,"Remington Industries 18UL1007STRKIT UL1007 18 AWG Gauge Stranded Hook-Up Wire Kit, 300V, 0.0403"" Diameter, 25' Length Each",Remington Industries,3,62,0,0,999.0,999.0,0.0,0.0,0.0,0.0,11,11,<a_202><b_210><c_131>,<a_191><b_68><c_1>,0,0.0
1480,"Tekpower TP3005T Variable Linear DC Power Supply, 0-30V @ 0-5A with Alligator Test Leads",Tekpower,3,58,0,0,999.0,346.6666666666667,0.0,0.0,0.0,0.0,4,1,<a_186><b_117><c_1>,<a_245><b_116><c_119>,0,0.0
1593,5 Gallon White Bucket & Gamma Seal Lid - Food Grade Plastic Pail & Gamma2 Screw Seal Tight Lid (Red),Gamma Seal,3,8,0,0,999.0,999.0,0.0,0.0,0.0,0.0,1,1,<a_241><b_169><c_55>,<a_20><b_200><c_205>,0,0.0
1604,HONBAY 20 Pcs 1.2inch Thread Green & Red Cap SPST Latching Type Push Button Switch OFF-ON,Honbay,3,0,0,0,999.0,999.0,0.0,0.0,0.0,0.0,2,3,<a_145><b_205><c_209>,<a_67><b_102><c_251>,0,0.0
1808,"UHMW (Ultra High Molecular Weight Polyethylene) Sheet, Opaque White, Standard Tolerance, ASTM D4020, 3/4"" Thickness, 12"" Width, 24"" Length",Small Parts,3,44,0,0,347.6666666666667,999.0,0.0,0.0,1.0,0.3333333333333333,5,2,<a_51><b_17><c_163>,<a_251><b_10><c_15>,0,0.0
1826,"Stainless Steel 316L Seamless Round Tubing, 1/8"" OD, 0.027"" ID, 0.049"" Wall, 12"" Length",Small Parts,3,86,0,0,999.0,999.0,0.0,0.0,0.0,0.0,12,1,<a_165><b_106><c_85>,<a_200><b_133><c_240>,0,0.0
1835,"Karter Scientific 214T2, 3.3 Boro, Griffin Low Form, Glass Beaker Set - 3 Sizes - 50ml, 100ml, 250ml",Karter Scientific,3,126,0,0,999.0,999.0,0.0,0.0,0.0,0.0,1,1,<a_178><b_195><c_197>,<a_223><b_223><c_223>,0,0.0
1853,"Fluke 62 MAX Infrared Thermometer, AA Battery, -20 to +932 Degree F Range with a NIST-Traceable Calibration Certificate with Data",Fluke,3,76,0,0,999.0,999.0,0.0,0.0,0.0,0.0,1,1,<a_31><b_53><c_205>,<a_235><b_173><c_66>,0,0.0
1901,"PneumaticPlus PPR2-N02BG-2 Miniature Air Pressure Regulator 1/4"" NPT - Gauge, Bracket, Instrument Pressure (3-30 PSI)",PneumaticPlus,3,3,0,0,999.0,999.0,0.0,0.0,0.0,0.0,2,3,<a_0><b_223><c_94>,<a_84><b_234><c_90>,0,0.0
1938,"The Hillman Group The Hillman Group 852143 18"" Winding Rod - For Torsion Springs 2-Pack",Hillman,3,31,0,0,999.0,999.0,0.0,0.0,0.0,0.0,1,1,<a_10><b_212><c_98>,<a_16><b_211><c_172>,0,0.0
1981,"ARROW 160375 1-1/4"" Vinyl Coated Cup Hooks (Pack of 36)",Arrow,3,11,0,0,999.0,999.0,0.0,0.0,0.0,0.0,3,3,<a_41><b_31><c_77>,<a_13><b_136><c_97>,0,0.0
1995,"Spectra PAR12-02 Parker Laboratories 360 Electrode Gel, 2 oz. Tube",Spectra,3,67,0,0,682.3333333333334,351.3333333333333,0.0,0.0,0.0,0.0,2,1,<a_98><b_173><c_171>,<a_62><b_121><c_194>,0,0.0
2035,"Rok Hardware Heavy Duty Metal Bracket Right Angle Brace, 20 Gauge, Zinc Finish, 50 Pack",Rok,3,8,0,0,999.0,999.0,0.0,0.0,0.0,0.0,1,1,<a_41><b_235><c_198>,<a_16><b_170><c_49>,0,0.0
2053,"Sika Corporation 106711 Self Leveling Sealant, 29-Ounce, Gray",Sika Corp.,3,18,0,0,999.0,999.0,0.0,0.0,0.0,0.0,1,1,<a_89><b_23><c_14>,<a_57><b_41><c_144>,0,0.0
2086,"Dynarex 4110-B Disposable Scalpels, Sterile, Number 10, 10/bx",Dynarex,3,9,0,0,999.0,999.0,0.0,0.0,0.0,0.0,3,3,<a_50><b_45><c_73>,<a_86><b_134><c_0>,0,0.0
2130,uxcell 100 Pcs Zinc Plated Carbon Steel Rivet Nut Flat Head Insert Nutsert 1/4-20UNC,uxcell,3,41,0,0,999.0,999.0,0.0,0.0,0.0,0.0,2,2,<a_182><b_75><c_167>,<a_224><b_177><c_65>,0,0.0
2213,"Zenport DPG200 Zen-Tek Dry Air Pressure Gauge, 200 PSI",Zenport,3,11,0,0,999.0,999.0,0.0,0.0,0.0,0.0,1,1,<a_0><b_15><c_203>,<a_254><b_46><c_11>,0,0.0
2223,"250ml Narrow Mouth Erlenmeyer Flask with Rubber Stoppers, Karter Scientific 213G20 (Pack of 8)",Karter Scientific,3,61,0,0,679.6666666666666,682.6666666666666,0.0,0.0,0.0,0.0,1,2,<a_178><b_70><c_64>,<a_223><b_56><c_147>,0,0.0
2228,"Control Devices ST Series Brass ASME Safety Valve, 150 psi Set Pressure, 1/4"" Male NPT",Control Devices,3,37,0,0,679.3333333333334,999.0,0.0,0.0,0.0,0.0,2,1,<a_165><b_84><c_225>,<a_200><b_219><c_24>,0,0.0
2230,Glarks 122Pcs 2.54mm Pitch DIP IC Sockets Solder Type Adaptor Assortment Kit (6/8/14/16/18/24/28/40 Pins),Glarks,3,6,0,0,999.0,999.0,0.0,0.0,0.0,0.0,1,1,<a_239><b_112><c_106>,<a_175><b_34><c_87>,0,0.0
2241,"Curad Antiviral Face Mask, 10 Count",Curad,3,26,0,0,999.0,999.0,0.0,0.0,0.0,0.0,1,1,<a_127><b_116><c_101>,<a_62><b_113><c_69>,0,0.0
2275,Loctite Epoxy One Minute Instant Mix 0.47-Fluid Ounce Syringe (1366072),Loctite,3,14,0,0,999.0,999.0,0.0,0.0,0.0,0.0,3,3,<a_89><b_176><c_186>,<a_19><b_77><c_1>,0,0.0
2331,Anycubic All Metal Right Hand MK8 Extruder Aluminum Frame Block DIY Kit for Reprap i3 3D Printer,Anycubic,3,20,0,0,999.0,999.0,0.0,0.0,0.0,0.0,1,1,<a_48><b_113><c_102>,<a_29><b_161><c_173>,0,0.0
2344,"Uxcell a12013100ux0116 High Knob 3P 2 Position 1P2T SPDT Vertical Slide Switch, 0.5 Amp, 50V DC, 50 Piece, 3 mm",uxcell,3,106,0,0,999.0,999.0,0.0,0.0,0.0,0.0,2,2,<a_145><b_11><c_252>,<a_67><b_174><c_84>,0,0.0
2366,"Steel Flat Washer, Black Oxide Finish, ASME B18.22.1, 1/4"" Screw Size, 9/32"" ID, 5/8"" OD, 0.065"" Thick (Pack of 100)",Small Parts,3,8,0,0,999.0,999.0,0.0,0.0,0.0,0.0,3,6,<a_78><b_139><c_9>,<a_224><b_35><c_221>,0,0.0
2415,"Remington Industries 28SNSP.25 28 AWG Magnet Wire, Enameled Copper Wire, 4 oz, 0.0135"" Diameter, 507' Length, Red",Remington Industries,3,5,0,0,999.0,999.0,0.0,0.0,0.0,0.0,5,5,<a_202><b_182><c_19>,<a_115><b_196><c_152>,0,0.0
2444,"KINGLAKE Plastic Transfer Pipettes 3ML,Essential Oils Pipettes,Graduated,Pack of 100, Makeup Tool",KINGLAKE,3,18,0,0,999.0,999.0,0.0,0.0,0.0,0.0,1,2,<a_51><b_231><c_251>,<a_245><b_202><c_13>,0,0.0
2474,BIQU MK10 M7 0.4mm Extruder Brass Nozzle Print Head for Makerbot 2 RepRap 1.75mm Filament 3D Printer (Pack of 5pcs),CTYRZCH,3,15,0,0,999.0,999.0,0.0,0.0,0.0,0.0,1,1,<a_48><b_183><c_28>,<a_29><b_50><c_101>,0,0.0
2475,"Gizmo Dorks 3D Print Removal Tool, 5-inch Blade",Gizmo Dorks,3,24,0,0,999.0,999.0,0.0,0.0,0.0,0.0,1,3,<a_249><b_158><c_64>,<a_246><b_50><c_225>,0,0.0
2484,LHI XT-60 XT60 Male Female Bullet Connectors Plugs for RC Lipo Battery,LHI,3,46,0,0,999.0,678.3333333333334,0.0,0.0,0.0,0.0,2,1,<a_186><b_40><c_191>,<a_15><b_237><c_58>,0,0.0
2496,"Apera Instruments EC20 Value Conductivity Pocket Tester, &plusmn;1% F.S Accuracy, BPB Sensor, Complete Kit","Apera Instruments, LLC",3,0,0,0,999.0,999.0,0.0,0.0,0.0,0.0,1,2,<a_62><b_4><c_59>,<a_59><b_46><c_39>,0,0.0
2500,"Micro Swiss MK10 All Metal Hotend Kit .4mm Nozzle WANHAO, FlashForge, Dremel Idea Builder",Micro-Swiss,3,32,0,0,999.0,999.0,0.0,0.0,0.0,0.0,2,2,<a_48><b_206><c_220>,<a_29><b_224><c_1>,0,0.0
2527,Hillman 847043 4-Inch Nail-On Traditional Solid Brass House Number 1,Hillman,3,6,0,0,999.0,999.0,0.0,0.0,2.0,2.0,1,2,<a_41><b_150><c_248>,<a_16><b_157><c_141>,0,0.0
2546,"E3D All-metal v6 HotEnd Full Kit - 1.75mm Universal - Direct, 12v - Approximately 120mm PTFE (ASSEMBLY REQUIRED)",E3D,3,56,0,0,999.0,678.3333333333334,0.0,0.0,0.0,0.0,2,2,<a_48><b_206><c_172>,<a_29><b_76><c_176>,0,0.0
2608,"Inkbird Pre-Wired Dual Stage Digital Temperature Controller Outlet Thermostat 110V, 1100W Heating and Cooling for Fermentation Kegerator Heating Mat ect",Inkbird,3,25,0,0,999.0,999.0,0.0,0.0,0.0,0.0,4,9,<a_31><b_243><c_228>,<a_59><b_226><c_192>,0,0.0
2619,"Digital Clamp Meter AC/DC Auto-Ranging 600 Amp Measures Voltage, Resistance, Temp, More Klein Tools CL800",Klein Tools,3,8,0,0,999.0,999.0,0.0,0.0,0.0,0.0,1,1,<a_42><b_100><c_88>,<a_229><b_107><c_244>,0,0.0
2640,Uxcell a13052700ux0257 6mm to 8mm CNC Stepper Motor Shaft Coupling Coupler for Encoder,uxcell,3,43,0,0,999.0,999.0,0.0,0.0,0.0,0.3333333333333333,1,3,<a_173><b_42><c_60>,<a_16><b_33><c_10>,0,0.0
2671,"Gardner Bender GHG-1538 5PK 3/8"" Grommet, Black",Gardner Bender,3,38,0,0,999.0,999.0,0.0,0.0,0.0,0.0,3,1,<a_10><b_193><c_46>,<a_167><b_76><c_128>,0,0.0
2672,"JB Industries DVO-24 Bottle of Black Gold Vacuum Pump Oil, 1 gallon - GIDDS-2463009",JB Industries,3,18,0,0,999.0,999.0,0.0,0.0,0.0,0.0,2,1,<a_6><b_137><c_135>,<a_20><b_242><c_49>,0,0.0
2725,Syrtenty TENS Unit Electrodes Pads 2x2 Replacement Pads Electrode Patches for Electrotherapy,Syrtenty,3,6,0,0,999.0,999.0,0.0,0.0,0.0,0.0,2,1,<a_171><b_36><c_150>,<a_144><b_169><c_44>,0,0.0
2731,"BuildTak 3D Printing Build Surface, 8"" x 8"" Square, Black (Pack of 3)",BuildTak,3,59,0,0,351.3333333333333,999.0,0.0,0.0,0.0,0.0,2,1,<a_186><b_176><c_197>,<a_251><b_157><c_249>,0,0.0
2732,PTFE Teflon Bowden Tube for 1.75 Filament (2.0mm ID/4.0mm OD) &ndash; WhiteConnector Tubing for 3D Printer - 1.5 Meters,AMX3d,3,45,0,0,999.0,349.6666666666667,0.0,0.0,0.3333333333333333,0.3333333333333333,2,3,<a_48><b_254><c_234>,<a_118><b_0><c_50>,0,0.0
2775,"Milwaukee Instruments MA9015 Storage Solution for pH/ORP Electrode, 230 mL Volume",Milwaukee,3,24,0,0,999.0,999.0,0.0,0.0,0.0,0.0,1,1,<a_62><b_159><c_221>,<a_59><b_136><c_132>,0,0.0
2793,"First Aid Only Splinter Out, 10 Per Box",First Aid Only,3,72,0,0,345.6666666666667,346.3333333333333,0.0,0.0,0.0,0.0,1,1,<a_67><b_207><c_73>,<a_86><b_108><c_17>,0,0.0
2811,"500 Piece Assorted Loose Bicycle Bearing Balls 1/8"", 5/32"", 3/16"" 7/32"" & 1/4",BC Precision,3,29,0,0,999.0,999.0,0.0,0.0,0.3333333333333333,0.0,7,4,<a_34><b_225><c_15>,<a_84><b_122><c_233>,0,0.0
2826,"Dynarex D1415 Povidone Iodine Prep Solution USP, 16 Fluid Ounce",Dynarex,3,19,0,0,999.0,999.0,0.0,0.0,0.0,0.0,1,1,<a_254><b_129><c_56>,<a_83><b_233><c_47>,0,0.0
2834,E Support 50Pack Yellow Heat Shrink Butt Wire Electrical Crimp Terminal Connector 10-12 AWG Gauge,E Support,3,3,0,0,999.0,999.0,0.0,0.0,0.0,0.0,1,3,<a_202><b_7><c_192>,<a_191><b_203><c_226>,0,0.0
2862,"Apera Instruments AI311 PH60 Premium Waterproof pH Pocket Tester, Replaceable Probe, &plusmn;0.01 pH Accuracy, -2.00-16.00 pH Range","Apera Instruments, LLC",3,2,0,0,999.0,999.0,0.0,0.0,0.0,0.0,2,1,<a_62><b_79><c_1>,<a_59><b_23><c_119>,0,0.0
2916,"Taulman BRIDGE Filament, 1.75 mm, BLACK",Taulman 3D,3,6,0,0,999.0,999.0,0.0,0.0,0.0,0.0,1,4,<a_222><b_158><c_36>,<a_184><b_183><c_0>,0,0.0
2950,AmScope BS-72P-100S-22 72 Pieces of Pre-Cleaned Blank Microscope Slides and 100 Pieces of 22x22mm Square Coverslips Cover Glass,AmScope,3,14,0,0,999.0,999.0,0.0,0.0,0.0,0.0,3,2,<a_51><b_229><c_208>,<a_245><b_25><c_9>,0,0.0
2967,Inland 1.75mm Green PLA 3D Printer Filament - 1kg Spool (2.2 lbs),Inland,3,3,0,0,999.0,999.0,0.0,0.0,1.0,1.0,21,18,<a_186><b_178><c_235>,<a_251><b_78><c_62>,0,0.0
3048,"eSUN Bronze filament 1.75mm 0.5kg(1.1lb) Spool for Makerbot, Reprap, UP, Afinia, Flash Forge and all FDM 3D Printers",eSUN,3,46,0,0,999.0,999.0,0.0,0.0,0.0,0.0,3,1,<a_48><b_185><c_56>,<a_184><b_231><c_71>,0,0.0
3073,bayite AC 110V Fahrenheit Digital Temperature Controller 10A 1 Relay with Sensor,bayite,3,12,0,0,999.0,999.0,0.0,0.0,0.0,0.0,4,9,<a_31><b_243><c_147>,<a_59><b_226><c_89>,0,0.0
3136,"HATCHBOX PLA 3D Printer Filament, Dimensional Accuracy +/- 0.03 mm, 1 kg Spool, 1.75 mm, Copper",HATCHBOX,3,15,0,0,669.6666666666666,999.0,0.0,0.0,1.0,1.3333333333333333,24,27,<a_222><b_157><c_57>,<a_184><b_67><c_202>,0,0.0
3151,Anycubic Pulley Version Unassemble Delta Rostock 3D Printer Kossel Kit Large Print Size with Heatbed and Power Supply,Anycubic,3,25,0,0,675.6666666666666,680.3333333333334,0.0,0.0,0.0,0.0,1,5,<a_186><b_68><c_3>,<a_251><b_120><c_41>,0,0.0
3177,Video Surveillance Sign - No Trespassing Violators Will Be Prosecuted Legend 10 X 14 High Quality Aluminum,Sigo Signs,3,4,0,0,999.0,999.0,0.0,0.0,0.0,0.0,1,1,<a_175><b_102><c_200>,<a_144><b_189><c_104>,0,0.0
3205,"Stens 125-508 Oil Drain Valve, 3/8""- 18"" NPTF Threads, Uses 1/2"" hose, Quick twist and pull motion to open",Stens,3,10,0,0,999.0,999.0,0.0,0.0,0.0,0.0,1,1,<a_34><b_186><c_154>,<a_84><b_59><c_0>,0,0.0
3207,"Tru-Flate 21-133 5/16"" Male Hose End Barb Type Hose Fitting",Tru-Flate,3,0,0,0,999.0,999.0,0.0,0.0,0.0,0.0,2,1,<a_78><b_121><c_151>,<a_56><b_89><c_196>,0,0.0
3216,"3D Printer Head(6PCS),6PCS 3D Printer 0.4mm Extruder Brass Nozzle Print Head for MK8 1.75mm ABS PLA Printer(0.4mm)",ILamourCar,3,15,0,0,999.0,999.0,0.0,0.0,0.0,0.0,1,1,<a_48><b_249><c_83>,<a_29><b_158><c_95>,0,0.0
3276,Thick Glass Graduated Measuring Cylinder Set 5ml 10ml 50ml 100ml Glass with Two Brushes,Ronyes Lifescience,3,2,0,0,999.0,999.0,0.0,0.0,0.0,0.0,5,1,<a_178><b_143><c_27>,<a_223><b_200><c_101>,0,0.0
3296,"Polyolefin 2:1 Heat Shrink Tubing 1/16, 1/8, 3/16, 1/4, 3/8, 1/2 , 3/4, 1 Inch",WindyNation,3,5,0,0,999.0,999.0,0.0,0.0,0.0,0.0,2,2,<a_202><b_104><c_172>,<a_115><b_162><c_12>,0,0.0
3333,"E-Z Lok Threaded Insert, Brass, Knife Thread, 3/8""-16 Internal Threads, 0.625"" Length (Pack of 10)",E-Z LOK,3,51,0,0,999.0,673.6666666666666,0.0,0.0,0.3333333333333333,0.3333333333333333,5,5,<a_182><b_189><c_23>,<a_71><b_86><c_94>,0,0.0
3338,Uxcell a15052000ux0115 2Pcs Slotted Metal 35 mm Din Mounting Rail 40 cm Long for AC Contactor,uxcell,3,7,0,0,999.0,999.0,0.0,0.0,0.0,0.0,1,2,<a_145><b_94><c_164>,<a_16><b_140><c_90>,0,0.0
3342,"Anderson Metals 06102 Brass Pipe Fitting, Barstock Cross, 1/4"" x 1/4"" x 1/4"" x 1/4"" NPT Female Pipe",Anderson Metals,3,18,0,0,999.0,999.0,0.0,0.0,0.0,0.0,7,1,<a_78><b_39><c_1>,<a_31><b_203><c_134>,0,0.0
3370,"BuildTak 3D Printing Build Surface, 9"" x 10"" Rectangle, Black (Pack of 3)",BuildTak,3,5,0,0,999.0,999.0,0.0,0.0,0.0,0.0,6,1,<a_222><b_206><c_181>,<a_246><b_19><c_150>,0,0.0
3378,"Uxcell a14041400ux1070 2Pcs LM6LUU 6mm Shaft Dia Double Wide Sealed Linear Motion Bearing, 0.47"" width, 0.24 Metal",uxcell,3,6,0,0,999.0,999.0,0.0,0.0,0.0,0.0,2,1,<a_34><b_72><c_76>,<a_84><b_153><c_184>,0,0.0
3418,uxcell 660V 20A 6 Terminals 4 Positions Rotary Cam Changeover Switch,uxcell,3,12,0,0,999.0,999.0,0.0,0.0,0.0,0.0,1,2,<a_145><b_223><c_103>,<a_67><b_174><c_252>,0,0.0
3419,60ml Catheter Tip Disposable Syringe by Care Touch (1 60ml Syringe),Care Touch,3,1,0,0,999.0,999.0,0.0,0.0,0.0,0.0,1,4,<a_172><b_247><c_47>,<a_20><b_20><c_243>,0,0.0
3446,Anycubic 1.75mm Skin Color PLA 3D Printer Filament - 1kg Spool (2.2 lbs) - Dimensional Accuracy +/- 0.05mm,Anycubic,3,8,0,0,999.0,999.0,0.0,0.0,0.0,0.0,1,1,<a_85><b_200><c_31>,<a_184><b_232><c_8>,0,0.0
3539,"Starbond EM-2000 Thick, PREMIUM CA - Super Glue plus Extra Cap and Microtips, 2 oz. (For Woodturning, Hobby, Archery Fletching)",STARBOND,3,5,0,0,999.0,999.0,0.0,0.0,0.0,0.0,3,2,<a_89><b_10><c_100>,<a_19><b_202><c_9>,0,0.0
3542,FlashForge FFH001 2 Nozzles and 4 Teflon Tubes kit for FlashForge Creator Pro and Dreamer (Pack of 6),FlashForge,3,25,0,0,999.0,999.0,0.0,0.0,0.0,0.0,1,1,<a_48><b_180><c_182>,<a_29><b_249><c_20>,0,0.0
3546,Inland 1.75mm Orange PLA 3D Printer Filament - 1kg Spool (2.2 lbs),Inland,3,37,0,0,348.0,345.6666666666667,0.0,0.0,1.6666666666666667,1.6666666666666667,21,18,<a_186><b_178><c_9>,<a_251><b_78><c_252>,0,0.0
3591,"1/4"" Eccentric Spacer for Full Size V Wheels (Pack of 20)",Generic,3,6,0,0,999.0,999.0,0.0,0.0,0.0,0.0,1,1,<a_34><b_211><c_249>,<a_84><b_96><c_87>,0,0.0
3600,"Micro-Swiss HW-NOZ-MK10-04 Plated Brass Wear Resistant Nozzles, 1.75 mm, MK10 (Flash Forge/Dremel/Wanhao) 0.4 mm, Bright Nickel",Micro-Swiss,3,13,0,0,999.0,999.0,0.0,0.0,0.0,0.0,1,1,<a_48><b_190><c_4>,<a_29><b_64><c_190>,0,0.0
3619,"eSUN 1.75mm Red PLA PRO (PLA+) 3D Printer Filament 1KG Spool (2.2lbs), Red, (Pantone 485C)",eSUN,3,14,0,0,999.0,999.0,0.0,0.0,0.0,0.0,8,1,<a_85><b_80><c_1>,<a_184><b_139><c_191>,0,0.0
3626,MUYI 10 Meters = 32.8 Feet PTFE Teflon Tube OD 4mm ID 2mm for Chemical Electrical Medical Equipment,MUYI,3,1,0,0,999.0,999.0,0.0,0.0,0.0,0.0,1,1,<a_225><b_208><c_42>,<a_115><b_116><c_205>,0,0.0
3632,"eSUN 1.75mm Blue PLA PRO (PLA+) 3D Printer Filament 1KG Spool (2.2lbs), Blue",eSUN,3,10,0,0,999.0,999.0,0.0,0.0,0.0,0.0,8,13,<a_85><b_80><c_12>,<a_184><b_244><c_244>,0,0.0
3654,1.75mm Orange PLA 3D Printer Filament - 1kg Spool (2.2 lbs) - Dimensional Accuracy +/- 0.03mm,AMZ3D,3,2,0,0,999.0,682.0,0.0,0.0,0.3333333333333333,1.6666666666666667,21,9,<a_186><b_178><c_6>,<a_251><b_181><c_19>,0,0.0
3674,1.75mm Green PLA 3D Printer Filament - 1kg Spool (2.2 lbs) - Dimensional Accuracy +/- 0.03mm,AMZ3D,3,0,0,0,999.0,999.0,0.0,0.0,0.0,0.0,1,1,<a_85><b_249><c_253>,<a_184><b_119><c_174>,0,0.0
3681,3D Solutech Real Orange 1.75mm ABS 3D Printer Filament 2.2 LBS (1.0KG),3D Solutech,3,0,0,0,999.0,999.0,0.0,0.0,4.666666666666667,4.666666666666667,23,24,<a_222><b_68><c_2>,<a_184><b_137><c_2>,0,0.0
6,PORTER-CABLE 740000801 4 1/2-Inch x 10yd 80 Grit Adhesive-Backed Sanding Roll,PORTER-CABLE,2,14,0,0,999.0,999.0,0.0,0.0,0.0,0.0,2,3,<a_191><b_58><c_24>,<a_71><b_220><c_23>,0,0.0
14,Titan Tools 11185 Telescoping Inspection Mirror,Titan Tools,2,35,0,0,999.0,999.0,0.0,0.0,0.0,0.0,1,1,<a_12><b_21><c_84>,<a_149><b_14><c_214>,0,0.0
20,"PORTER-CABLE (PBN18075-1) 18 Gauge Brad Nails, 3/4-Inch, 1000-Pack",PORTER-CABLE,2,28,0,0,509.0,999.0,0.0,0.0,0.0,0.0,4,4,<a_191><b_207><c_194>,<a_255><b_82><c_242>,0,0.0
21,"Swordfish 32051 Brass Plated Wood Screw Assortment, 500 Piece",Swordfish,2,13,0,0,999.0,999.0,0.0,0.0,0.0,0.0,2,1,<a_191><b_203><c_214>,<a_255><b_1><c_83>,0,0.0
22,"Eye-Vac EVPRO Tuxedo Black Touchless Stationary Vacuum &ndash; 1400 Watts Professional Vacuum with HEPA Filtration, Bag-less Canister. Floor Care",EyeVac,2,24,1,1,500.0,500.0,0.5,0.5,0.5,0.5,1,1,<a_165><b_52><c_218>,<a_196><b_137><c_216>,0,0.0
26,Shark Navigator Lift-Away Professional NV356E,SharkNinja,2,41,0,0,999.0,999.0,0.0,0.0,0.0,0.0,1,1,<a_83><b_183><c_233>,<a_125><b_214><c_141>,0,0.0
33,Bessey BV-NVJ Multi-Purpose Vise Jaws (Jaws Only),Bessey,2,250,0,0,999.0,505.0,0.0,0.0,0.0,0.0,1,1,<a_91><b_214><c_174>,<a_88><b_240><c_94>,0,0.0
78,PSI LCENTLT2 No. 2MT Heavy Duty Live Tailstock Center,PSI Woodworking,2,96,0,0,999.0,999.0,0.0,0.0,0.0,0.0,2,2,<a_160><b_18><c_2>,<a_71><b_230><c_202>,0,0.0
95,uxcell 5 Pcs Dual Row 4 Position Covered Screw Terminal Strip 600V 25A,uxcell,2,81,0,0,522.5,999.0,0.0,0.0,0.0,0.0,5,7,<a_145><b_77><c_2>,<a_0><b_245><c_200>,0,0.0
102,"Stainless Steel Tumbling Media Pins - 0.047"" Diameter, 0.255"" Length (5 lb Pack)",guntap,2,18,0,0,999.0,999.0,0.0,0.0,0.0,0.0,2,3,<a_51><b_183><c_196>,<a_15><b_137><c_7>,0,0.0
103,"Osborn International 75116SP Steel File Card, 3-3/4"" Brush Area Length",Osborn International,2,52,0,0,999.0,512.0,0.0,0.0,0.0,0.0,1,2,<a_247><b_140><c_198>,<a_77><b_145><c_212>,0,0.0
109,"Arlington LPCG50-1 Low-Profile Strain Relief Cord Connector, 1/2 Inch",Arlington Industries,2,59,0,0,999.0,999.0,0.0,0.0,0.0,0.0,2,3,<a_202><b_128><c_63>,<a_191><b_160><c_82>,0,0.0
126,"Applied Magnets 2-pc, 1.5"" Strong NdFeB Neodymium Cup Magnet with Countersunk Hole.",Applied Magnets,2,4,0,0,999.0,999.0,0.0,0.0,0.0,0.0,1,4,<a_175><b_109><c_96>,<a_13><b_108><c_12>,0,0.0
135,"LDR Industries 516 B1210 Nylon Tubing, 1/2"" x 10', Clear",LDR Industries,2,9,0,0,999.0,999.0,0.0,0.0,0.0,0.0,1,1,<a_225><b_38><c_195>,<a_115><b_165><c_209>,0,0.0
142,High Temperature Heat Resistant Tape Sublimation Tape Koptan Tape 2 Rolls 10mm X 33m 100ft,MS WGO,2,1,0,0,999.0,999.0,0.0,0.0,0.0,0.0,4,1,<a_51><b_176><c_135>,<a_251><b_248><c_242>,0,0.0
147,Bentonite - 8 oz.,Simi Valley Home Brew,2,28,0,0,999.0,999.0,0.0,0.0,0.0,0.0,2,1,<a_75><b_232><c_185>,<a_92><b_47><c_13>,0,0.0
158,Stainless Steel Phillips Flat Machine Screw Kit #K18MPF,Stainless Town,2,0,0,0,999.0,999.0,0.0,0.0,0.0,0.0,4,5,<a_182><b_197><c_160>,<a_224><b_129><c_1>,0,0.0
170,URBEST 328 Pcs Assorted Heat Shrink Tube 5 Colors 8 Sizes Tubing Wrap Sleeve Set Combo (328PCS),URBEST,2,257,0,0,999.0,522.5,0.0,0.0,0.0,0.0,9,7,<a_202><b_12><c_4>,<a_115><b_60><c_105>,0,0.0
174,Heat Shrink Tape Black 180 foot,PJT,2,21,0,0,999.0,999.0,0.0,0.0,0.0,0.0,6,1,<a_51><b_106><c_118>,<a_15><b_221><c_159>,0,0.0
200,"3M Scotch 2120-A Tough Transparent Duct Tape, 1.8-Inch, 20 yds",3M,2,307,0,0,512.0,999.0,0.0,0.0,0.0,0.0,4,1,<a_165><b_176><c_137>,<a_200><b_252><c_207>,0,0.0
204,"Gorilla Super Glue, Two 3 Gram Tubes, Clear",Gorilla,2,28,0,0,999.0,999.0,0.0,0.0,0.0,0.0,1,2,<a_150><b_176><c_184>,<a_19><b_0><c_2>,0,0.0
248,"Neiko 10197A Titanium Step Drill Bit Set, High Speed Steel | 5-Piece Set | Total 50 Sizes",Neiko,2,189,0,0,999.0,999.0,0.0,0.0,0.0,0.0,5,4,<a_191><b_138><c_193>,<a_71><b_177><c_146>,0,0.0
267,"General Tools 80560 Telescoping LED Lighted Inspection Mirror, 360 Swivel  for Extra Viewing",General Tools,2,27,0,0,999.0,999.0,0.0,0.0,0.0,0.0,1,1,<a_12><b_110><c_129>,<a_149><b_142><c_151>,0,0.0
269,"Philips Sonicare HealthyWhite+ electric rechargeable toothbrush, HX8911",Philips Sonicare,2,32,0,0,999.0,999.0,0.0,0.0,0.0,0.0,10,2,<a_83><b_59><c_92>,<a_140><b_238><c_2>,0,0.0
295,"American Educational 7-G15-A Cast Iron Support Ring Stand with Acid Resistant Finish, 8"" Length x 5"" Width Base Size",American Educational Products,2,108,0,0,511.0,999.0,0.0,0.0,0.0,0.0,3,4,<a_91><b_48><c_167>,<a_88><b_39><c_104>,0,0.0
300,"XYZprinting RFPLCXUS00B da Vinci Jr. & mini Series Filament, PLA (NFC), 600 g, Nature",XYZprinting,2,41,0,0,510.5,999.0,0.0,0.0,0.0,0.0,5,1,<a_222><b_113><c_160>,<a_184><b_194><c_42>,0,0.0
301,FLIR C2 Compact Thermal Imaging System,FLIR,2,33,0,0,999.0,999.0,0.0,0.0,0.0,0.0,5,1,<a_31><b_37><c_237>,<a_235><b_65><c_41>,0,0.0
304,"Carlisle 3621962414 Sweep Complete Aluminum Handle Floor Sweep with Squeegee, Plastic Bristles, 24"" Length, 3"" Bristle Trim, Blue",Carlisle,2,15,0,0,999.0,999.0,0.0,0.0,0.0,0.0,1,1,<a_247><b_101><c_87>,<a_77><b_138><c_75>,0,0.0
335,"Dewalt DW8061B5 4 x 0.045 Inch Metal and Stainless Steel Cutting Wheels , 4 Inch by 0.045-Inch",DEWALT,2,192,0,0,28.0,999.0,0.0,0.0,0.5,0.5,2,3,<a_122><b_3><c_6>,<a_71><b_147><c_134>,0,0.0
342,"Omron Sprague Rappaport Stethoscope, Black",Omron,2,109,0,0,999.0,999.0,0.0,0.0,0.0,0.0,1,1,<a_67><b_219><c_123>,<a_254><b_56><c_215>,0,0.0
352,General Tools 1261-4 1/2-Inch Grommet Refill with 24 Grommets,General Tools Mfg Co In,2,122,0,0,999.0,999.0,0.0,0.0,0.0,0.0,1,1,<a_173><b_51><c_150>,<a_167><b_171><c_226>,0,0.0
366,Lisle 52750 Stethoscope Kit,Lisle,2,121,1,1,500.0,500.0,0.5,0.5,0.5,0.5,2,2,<a_67><b_121><c_34>,<a_254><b_139><c_252>,0,0.0
367,J-B Weld 31314 Red High Temperature RTV Silicone Gasket Maker and Sealant - 3 oz.,J-B Weld,2,67,0,0,999.0,999.0,0.0,0.0,0.0,0.0,1,1,<a_89><b_5><c_20>,<a_173><b_203><c_161>,0,0.0
379,"Pro Tie 33101 SAE Size 12 Range 5/8-Inch-1-1/4-Inch SS Turn Key All Stainless Hose Clamp, 10-Pack",Pro Tie,2,12,0,0,999.0,999.0,0.0,0.0,0.0,0.0,3,3,<a_34><b_199><c_1>,<a_167><b_79><c_19>,0,0.0
381,"Torin Big Red Hydraulic Bottle Jack, 50 Ton Capacity",Torin,2,172,0,0,511.5,516.0,0.0,0.0,0.0,0.0,2,2,<a_91><b_122><c_131>,<a_85><b_96><c_1>,0,0.0
392,SummitLink Pack of 328 Pcs Assorted Heat Shrink Tube 5 Colors 8 Sizes Tubing Wrap Sleeve Set Combo,SummitLink,2,353,0,0,999.0,999.0,0.0,0.0,0.0,0.0,9,7,<a_202><b_12><c_27>,<a_115><b_60><c_1>,0,0.0
402,"Metabo Slicer Cut Off Wheel 6"" X .040"" Box 50",Metabo,2,25,0,0,999.0,999.0,0.0,0.0,0.0,0.0,1,1,<a_122><b_202><c_73>,<a_71><b_116><c_194>,0,0.0
405,"The Hillman Group 180147 Nylon Insert Lock Nut, 1/4-Inch by 20-Inch, 100-Pack",Hillman,2,39,0,0,999.0,999.0,0.0,0.0,0.0,0.0,3,3,<a_182><b_226><c_66>,<a_224><b_79><c_17>,0,0.0
429,"Angel Premium TENS/EMS Unit 40 Electrode Pads 2""x2"" in. Reusable Self Stick Gel Carbon Electrodes",K.S. Choi Corp,2,33,0,0,999.0,515.0,0.0,0.0,0.0,0.0,2,1,<a_171><b_36><c_188>,<a_62><b_161><c_172>,0,0.0
431,"Industrial & Scientific"" />",Osborn International,2,71,0,0,999.0,999.0,0.0,0.0,0.0,0.0,3,2,<a_50><b_218><c_0>,<a_134><b_146><c_0>,0,0.0
437,"Millrose 70660 Monster Roll PTFE Thread Seal Tape, 1/2-Inch x 260-Inch, Blue",Mill-Rose,2,5,0,0,512.5,999.0,0.0,0.0,0.0,0.0,4,4,<a_210><b_86><c_172>,<a_42><b_81><c_133>,0,0.0
446,"DEWALT DCS16150 1-1/2-Inch by 16 Gauge Finish Nail (2,500 per Box)",DEWALT,2,26,0,0,999.0,999.0,0.0,0.0,0.0,0.0,6,5,<a_191><b_124><c_99>,<a_255><b_93><c_18>,0,0.0
455,MDF Acoustica Deluxe Lightweight Dual Head Stethoscope - All Black (MDF747XP-BO),MDF Instruments,2,0,0,0,999.0,999.0,0.0,0.0,0.5,0.5,3,3,<a_67><b_210><c_38>,<a_254><b_159><c_231>,0,0.0
460,"4.5"" x 7/8"" Premium Zirconia Flap Disc Grinding Wheel 60 Grit Type 29-10 Pack",Benchmark Abrasives,2,6,0,0,999.0,999.0,0.0,0.0,0.0,0.0,3,3,<a_51><b_61><c_113>,<a_15><b_137><c_185>,0,0.0
465,"Dorman Hardware 4-9845 Peggable Wire Basket Set, 3-Pack",Dorman Hardware,2,88,0,0,999.0,999.0,0.0,0.0,0.0,0.0,1,3,<a_41><b_237><c_238>,<a_167><b_220><c_179>,0,0.0
466,"Best Choice Products 4-Wheel Foldable Rolling Warehouse Moving Flatbed Platform Dolly Push Cart w/ 330lb Capacity, Non-Slip Surface - Blue",BEST CHOICE PRODUCTS,2,13,0,0,999.0,999.0,0.0,0.0,0.0,0.0,2,1,<a_41><b_101><c_147>,<a_85><b_97><c_153>,0,0.0
468,SEOH 4 inch Glass Pipette Droppers (pack of 12),SEOH,2,60,0,0,999.0,999.0,0.0,0.0,0.0,0.0,1,1,<a_172><b_7><c_3>,<a_105><b_117><c_134>,0,0.0
470,"Silicone RTV 4500 FDA Grade High Strength Silicone Sealant, Clear (2.8 fl.oz)",Silco Incorporated,2,8,0,0,999.0,999.0,0.0,0.0,0.0,0.0,1,1,<a_210><b_30><c_167>,<a_57><b_163><c_97>,0,0.0
471,Proxxon 28608 Precision Vise FMZ with Clamp,Proxxon,2,38,0,0,999.0,999.0,0.0,0.0,0.0,0.0,1,1,<a_91><b_166><c_138>,<a_88><b_194><c_170>,0,0.0
486,"Premiere 9411 Disposable Scalpels with #11 High-Carbon Steel Blades, Plastic Handle, Sterile, Individually Foil Wrapped, Box of 10 pcs",C & A Scientific - Premiere,2,42,0,0,999.0,999.0,0.0,0.0,0.0,0.0,1,1,<a_50><b_58><c_153>,<a_86><b_176><c_191>,0,0.0
490,"Duck Brand 300877 Professional Grade Electrical Tape, 3/4-Inch by 66 Feet, Single Roll, White",Duck,2,36,0,0,999.0,999.0,0.0,0.0,0.0,0.0,1,1,<a_192><b_237><c_71>,<a_42><b_132><c_0>,0,0.0
506,"Stainless 1/4-20 Hex Nuts, USS Coarse Thread, 304 Stainless Steel, 100 pieces (1/4 Hex Nuts)","Chenango Supply Co., Inc.",2,25,0,0,999.0,999.0,0.0,0.0,0.0,0.0,3,1,<a_182><b_64><c_46>,<a_224><b_199><c_94>,0,0.0
515,Chemical Guys ACC_121.32HD Chemical Resistant Heavy Duty Bottle and Sprayer (32 oz),Chemical Guys,2,129,0,0,999.0,519.5,0.0,0.0,0.0,0.0,3,2,<a_177><b_250><c_53>,<a_20><b_31><c_67>,0,0.0
518,MotoBatt MBCL5 5' 18AWG Cable Lead Extension,MotoBatt,2,40,0,0,999.0,999.0,0.0,0.0,0.0,0.0,1,1,<a_171><b_111><c_197>,<a_0><b_64><c_163>,0,0.0
520,"Copper Sheet Metal - 12"" x 12",Copperlab,2,11,0,0,999.0,999.0,0.0,0.0,0.0,0.0,1,1,<a_175><b_156><c_216>,<a_253><b_145><c_226>,0,0.0
523,"Industrial & Scientific"" />",E-Z LOK,2,58,0,0,999.0,999.0,0.0,0.0,0.0,0.0,3,1,<a_50><b_55><c_4>,<a_134><b_91><c_141>,0,0.0
536,"Eagle F-15 HDPE 10"" Poly Funnel For Metal Type I Safety Cans, 4"" Height, 8"" Width, 9"" Length",Eagle,2,14,0,0,999.0,999.0,0.0,0.0,0.0,0.0,1,4,<a_36><b_168><c_244>,<a_20><b_70><c_166>,0,0.0
544,"Oreck Commercial XL Commercial Upright Vacuum Cleaner, XL2100RHS",Oreck Commercial,2,26,0,0,999.0,999.0,0.0,0.0,0.0,0.0,1,1,<a_83><b_24><c_97>,<a_125><b_164><c_29>,0,0.0
567,"ProTapes Pro Duct 100 PE-Coated Cloth Economy Duct Tape, 60 yds Length x 2"" Width, Black (Pack of 1)",Pro Tapes,2,60,0,0,39.5,999.0,0.0,0.0,0.5,0.5,5,4,<a_192><b_36><c_136>,<a_42><b_181><c_230>,0,0.0
583,Marathon Universal Fit Pneumatic (Air Filled) Hand Truck / All Purpose Utility Tire on Wheel with Adapter Kit Included,Marathon Industries,2,17,0,0,999.0,999.0,0.0,0.0,0.0,0.0,2,1,<a_41><b_48><c_9>,<a_85><b_62><c_196>,0,0.0
591,Nubee Temperature Gun Non-contact Infrared Thermometer MAX Display & EMS Adjustable,Nubee,2,87,0,0,999.0,999.0,0.0,0.0,0.0,0.0,6,1,<a_31><b_123><c_84>,<a_59><b_129><c_4>,0,0.0
600,Vktech 5pcs 2M Waterproof Digital Temperature Temp Sensor Probe DS18b20,Vktech,2,24,0,0,999.0,999.0,0.0,0.0,0.0,0.0,2,2,<a_31><b_146><c_3>,<a_59><b_5><c_9>,0,0.0
608,3M Tape Primer 94 1/2 Pint 8oz For Vinyl Di-Noc,3M,2,34,0,0,999.0,999.0,0.0,0.0,0.0,0.0,1,1,<a_150><b_86><c_56>,<a_42><b_88><c_254>,0,0.0
609,"Dap 7079812343 Drydex 5.5 Oz 6Pk Raw Building Material, 5.5-Ounce, Pink/White",DAP,2,96,0,0,510.5,506.5,0.0,0.0,0.0,0.0,1,2,<a_64><b_101><c_210>,<a_57><b_49><c_193>,0,0.0
616,"Hard-to-Find Fastener 014973291433 Phillips Flat TwinFast Wood Screws, 6 x 1/2-Inch, 100-Piece",Hard-to-Find Fastener,2,17,0,0,999.0,999.0,0.0,0.0,0.0,0.0,2,1,<a_182><b_250><c_100>,<a_224><b_22><c_186>,0,0.0
620,"Nubee Non-Contact Digital Laser Infrared Thermometer Temperature Gun -58 &deg;F - 1022&deg;F(-50&deg;C - 550&deg;C) MAX Display, EMS Adjustable Function, Orange",Nubee,2,128,0,0,999.0,999.0,0.0,0.0,0.0,0.0,6,7,<a_31><b_123><c_209>,<a_59><b_178><c_104>,0,0.0
627,"Shop Vac, 37987, Black Plastic",Shop Vac,2,47,0,0,999.0,999.0,0.0,0.0,0.0,0.0,1,1,<a_83><b_108><c_53>,<a_77><b_169><c_186>,0,0.0
648,"3M Foil Tape 3381 Silver, 1.88 in x 50 yd 2.7 mil (Pack of 1)",3M,2,68,0,0,999.0,999.0,0.0,0.0,0.0,0.0,1,2,<a_235><b_0><c_184>,<a_42><b_215><c_33>,0,0.0
649,BQLZR M4 Stainless Steel 304 Hook & Eye Turnbuckle Wire Rope Tension Pack Of 5,BQLZR,2,52,0,0,521.0,521.5,0.0,0.0,0.0,0.0,1,4,<a_51><b_80><c_6>,<a_15><b_125><c_183>,0,0.0
660,"Cofufu 4 Pcs 1"" Plastic Wheel Rectangle Top Plate Fixed Swivel Caster Set",Cofufu,2,22,0,0,999.0,999.0,0.0,0.0,0.0,0.0,4,2,<a_41><b_245><c_50>,<a_85><b_240><c_60>,0,0.0
661,"PneumaticPlus PSL15-160 Pressure Gauge, Lower Mount, 1-1/2"" Dial, 0-160 PSI, 1/8"" NPT",PneumaticPlus,2,23,0,0,999.0,999.0,0.0,0.0,0.0,0.0,3,4,<a_0><b_236><c_103>,<a_254><b_234><c_247>,0,0.0
671,Kimtech Science KimWipes Delicate Task Wipers 1-ply 280 count (Pack of 2),Kimberly-Clark,2,11,0,0,514.5,999.0,0.0,0.0,0.0,0.0,1,1,<a_254><b_166><c_98>,<a_83><b_94><c_25>,0,0.0
679,iRobot Braava 380t Robot Mop,iRobot,2,80,0,0,999.0,999.0,0.0,0.0,0.0,0.0,1,2,<a_165><b_139><c_225>,<a_196><b_82><c_90>,0,0.0
690,"SharkBite 22223-0000LFA Ball Valve 1 Inch x 1 Inch, Water Valve Shut Off, Push-to-Connect, PEX, Copper, CPVC, PE-RT",SharkBite,2,59,0,0,999.0,999.0,0.0,0.0,0.0,0.0,2,3,<a_78><b_1><c_142>,<a_84><b_56><c_201>,0,0.0
691,"Deft Interior Clear Wood Finish Gloss Lacquer, 12.25-Ounce Aerosol Spray",Deft Inc.,2,102,0,0,999.0,999.0,0.0,0.0,0.0,0.0,1,1,<a_247><b_104><c_97>,<a_83><b_209><c_206>,0,0.0
693,"SE DM201 Stainless Steel Inspection Mirror, 0.75"" Dia, 7",SE,2,24,0,0,999.0,999.0,0.0,0.0,0.0,0.0,1,1,<a_12><b_162><c_143>,<a_149><b_195><c_235>,0,0.0
694,"Colormetrics Gray Putty Tape / Butyl Tape 1/8"" x 1"" x 30' (Single Roll)",DEHCO,2,29,0,0,999.0,999.0,0.0,0.0,0.0,0.0,2,2,<a_235><b_223><c_6>,<a_42><b_195><c_120>,0,0.0
700,"Anderson Metals 06130 Brass Pipe Fitting, 90 Degree Barstock Elbow, 1/4"" NPT Male x 1/4"" NPT Male Pipe",Anderson Metals,2,18,0,0,999.0,999.0,0.0,0.0,0.0,0.0,2,4,<a_78><b_237><c_54>,<a_31><b_23><c_225>,0,0.0
705,"Shepherd Hardware 9782 4-Inch Cast Iron Swivel Plate Caster, 500-lb Load Capacity",Shepherd Hardware,2,59,0,0,999.0,999.0,0.0,0.0,0.0,0.0,3,2,<a_41><b_223><c_220>,<a_85><b_91><c_12>,0,0.0
711,3M Scotch #35 Electrical Tape Value Pack (10457NA),3M,2,113,0,0,521.0,511.5,0.0,0.0,0.0,0.0,1,2,<a_192><b_61><c_126>,<a_42><b_111><c_37>,0,0.0
713,"Rubbermaid Commercial Products FG295673BLUE Plastic Resin Deskside Recycling Can, 7 Gallon/28 Quart, Blue Recycling Symbol (Pack of 12)",Rubbermaid Commercial Products,2,75,0,0,999.0,999.0,0.0,0.0,0.0,0.0,2,2,<a_241><b_130><c_10>,<a_20><b_188><c_26>,0,0.0
714,Shop-Vac 9067200 Type I 10-14-Gallon High Efficiency Disposable Collection Filter Bag 2-Pack,Shop-Vac,2,98,0,0,999.0,999.0,0.0,0.0,0.0,0.0,1,1,<a_83><b_167><c_79>,<a_125><b_221><c_220>,0,0.0
719,"Gorilla Heavy Duty Construction Adhesive, 2.5 ounce Squeeze Tube, White",Gorilla,2,1,0,0,999.0,999.0,0.0,0.0,0.0,0.0,1,1,<a_64><b_148><c_154>,<a_57><b_131><c_133>,0,0.0
721,"Kreg SML-C2B-250 Blue-Kote Weather Resistant Pocket Hole Screws - 2"", 8 Coarse, Washer Head, 250 count",Kreg,2,55,0,0,999.0,999.0,0.0,0.0,0.0,0.0,3,1,<a_191><b_225><c_119>,<a_224><b_121><c_204>,0,0.0
727,"The Hillman Group 180297 Pronged Tee Nut, 1/4 20, 100-Pack",Hillman,2,33,0,0,999.0,999.0,0.0,0.0,0.0,0.0,1,1,<a_182><b_170><c_108>,<a_224><b_137><c_39>,0,0.0
748,Replacement Filter Fits Shop Vac 90304,4YourHome,2,8,0,0,999.0,999.0,0.0,0.0,0.0,0.0,2,1,<a_83><b_87><c_244>,<a_125><b_246><c_70>,0,0.0
754,Fluke Networks 26200900 Pro3000 Tone Generator with ABN Clips and RJ11 Plug,Fluke Networks,2,62,0,0,999.0,999.0,0.0,0.0,0.0,0.0,2,4,<a_165><b_74><c_183>,<a_196><b_125><c_143>,0,0.0
756,"Gardner Bender GSW-20  Electrical Toggle Switch Covers, EDPM Rubber Cover, Moisture, Dust and Dirt Resistant, Pack of 2, Black",Gardner Bender,2,21,0,0,999.0,999.0,0.0,0.0,0.0,0.0,1,3,<a_0><b_141><c_126>,<a_67><b_102><c_112>,0,0.0
772,"Watts 0009257 25AUB-Z3, 3/4"", bronz",Watts,2,18,0,0,999.0,999.0,0.0,0.0,0.0,0.0,1,1,<a_0><b_158><c_37>,<a_84><b_180><c_47>,0,0.0
773,"Duck Brand Standard Packaging Tape Refill, 1.88 Inch x 54.6 Yard, Clear, 1 Roll (240408)",Duck,2,55,0,0,999.0,999.0,0.0,0.0,0.0,0.0,1,1,<a_192><b_104><c_55>,<a_226><b_90><c_164>,0,0.0
799,"Dap 18268 Roof Sealant, 10.1 oz, Black",DAP,2,20,0,0,999.0,999.0,0.0,0.0,0.0,0.0,1,3,<a_210><b_49><c_218>,<a_57><b_128><c_122>,0,0.0
811,Install Bay Copper Ring Terminal 2 Gauge 5/16 Inch 10 Pack - CUR2516,Install Bay,2,16,0,0,999.0,999.0,0.0,0.0,0.0,0.0,6,6,<a_202><b_39><c_125>,<a_191><b_34><c_185>,0,0.0
819,"Inkbird ITC-1000 Dual Stage Digital Temperature Controller Fahrenheit  Celsius Thermostat with Sensor for 3D Printer,Freezer,Fridge,Hatching ect (12 Volt)",Inkbird,2,245,0,0,999.0,999.0,0.0,0.0,0.0,0.0,3,9,<a_31><b_181><c_19>,<a_59><b_226><c_0>,0,0.0
824,"213C2 Karter Scientific Glass Graduated Cylinder 3 Piece Set 10, 50 & 100ml",Karter Scientific,2,247,1,1,500.0,500.0,0.5,0.5,0.0,0.0,1,2,<a_178><b_52><c_42>,<a_223><b_208><c_140>,0,0.0
843,"Industrial & Scientific"" />",VXB,2,15,0,0,999.0,999.0,0.0,0.0,0.0,0.0,1,1,<a_50><b_38><c_228>,<a_134><b_224><c_159>,0,0.0
845,"The Hillman Group 58528 1/4 x 2-Inch Round Loop Wire Lock Pin, 4-Pack",Hillman,2,16,0,0,999.0,999.0,0.0,0.0,0.0,0.0,1,1,<a_34><b_98><c_186>,<a_167><b_147><c_215>,0,0.0
856,Tesa  Wire Loom Harness Tape Used By Mercedes BMW VW Audi,Tesa,2,29,0,0,999.0,999.0,0.0,0.0,0.0,0.0,1,2,<a_235><b_60><c_229>,<a_42><b_209><c_144>,0,0.0
857,"Dixon FBVG100 Brass Ball Valve, 1"" NPT Female",Dixon Valve & Coupling,2,91,0,0,510.5,506.0,0.0,0.0,0.0,0.0,2,1,<a_78><b_170><c_41>,<a_84><b_108><c_149>,0,0.0
886,"O1 Tool Steel Round Rod, Annealed/Precision Ground, ASTM A681, 0.359375"" Diameter, 36"" Length",Small Parts,2,63,0,0,999.0,999.0,0.0,0.0,0.0,0.0,1,5,<a_165><b_140><c_126>,<a_200><b_120><c_211>,0,0.0
890,Octave Tool Kit A for 3D Printer,Octave,2,42,0,0,999.0,999.0,0.0,0.0,0.0,0.0,1,1,<a_249><b_128><c_242>,<a_246><b_15><c_140>,0,0.0
898,Personalized Office Name Plate With Wall or Desk Holder - 2x8 - CUSTOMIZE,Lasercrafting,2,12,0,0,999.0,999.0,0.0,0.0,0.0,0.0,1,1,<a_175><b_255><c_134>,<a_144><b_38><c_41>,0,0.0
908,"Kreg SML-C150-100 Pocket Screws 1-1/2-Inch, 8 Coarse, Washer-Head, 100-Count",Kreg,2,92,0,0,515.0,999.0,0.0,0.0,0.0,0.0,6,10,<a_191><b_218><c_26>,<a_224><b_58><c_64>,0,0.0
917,Reliable Hardware Company RH-5112BO-A 1/2-Inch Wood Screw with Black Oxide and Wax,Reliable Hardware Company,2,41,0,0,999.0,999.0,0.0,0.0,0.0,0.0,1,1,<a_191><b_222><c_148>,<a_224><b_52><c_14>,0,0.0
919,"Flex Seal Spray Rubber Sealant Coating, 14-oz, Clear",Flex Seal,2,19,0,0,999.0,999.0,0.0,0.0,0.0,0.0,1,1,<a_210><b_88><c_15>,<a_57><b_229><c_97>,0,0.0
937,"Covidien 5750 Curity Alcohol Prep, Sterile, Medium, 2-ply (Pack of 200)",COVIDIEN,2,25,0,0,999.0,999.0,0.0,0.0,0.0,0.0,2,3,<a_254><b_8><c_122>,<a_83><b_12><c_200>,0,0.0
946,"Crest Cavity Protection Toothpaste, 6.4 Ounce (Pack of 6)",Crest,2,18,0,0,999.0,999.0,0.0,0.0,0.0,0.0,2,1,<a_242><b_43><c_91>,<a_12><b_0><c_134>,0,0.0
962,Yobett Large Plastic 100ml Syringe +120cm (47in) handy plastic tubing,YOBETT,2,43,0,0,999.0,999.0,0.0,0.0,0.0,0.0,2,4,<a_172><b_162><c_2>,<a_20><b_20><c_2>,0,0.0
980,"Anderson Metals Brass Pipe Fitting, Adapter, 1/8"" Male Pipe x 1/8"" Female Pipe",Anderson Metals,2,68,0,0,999.0,512.0,0.0,0.0,0.0,0.0,7,1,<a_78><b_39><c_107>,<a_31><b_16><c_122>,0,0.0
986,Stanley 93-301 14-Inch Yellow Panel Carry Handle,Stanley,2,90,0,0,999.0,999.0,0.0,0.0,0.0,0.0,1,1,<a_41><b_94><c_126>,<a_73><b_154><c_222>,0,0.0
999,Curt Manufacturing 28276 Towing Wiring,Curt Manufacturing,2,49,0,0,999.0,999.0,0.0,0.0,0.0,0.0,1,1,<a_41><b_110><c_76>,<a_85><b_234><c_55>,0,0.0
1019,"Oatey 30200 Clear Cutting Oil, Hand Threads, 16-Ounce",Oatey,2,37,0,0,999.0,999.0,0.0,0.0,0.0,0.0,1,3,<a_6><b_21><c_58>,<a_173><b_179><c_217>,0,0.0
1021,GAVAN M14 x 1.5 Metric Taper and Plug Tap 14mm,GAVAN,2,30,0,0,999.0,999.0,0.0,0.0,0.0,0.0,1,3,<a_182><b_241><c_124>,<a_71><b_199><c_198>,0,0.0
1031,ABN Adhesive Sticky Back 80-Grit Sandpaper Roll 2-3/4&rdquo; Inch x 20 Yards Aluminum Oxide Golden Yellow Longboard Dura PSA,ABN,2,46,0,0,999.0,999.0,0.0,0.0,0.0,0.0,1,1,<a_51><b_118><c_118>,<a_251><b_238><c_232>,0,0.0
1047,"Magnolia Brush 233 Low Cost Single Thickness Paint or Chip Brush, 1-1/2"" Trim, 2"" Width, White (Case of 24)",Magnolia Brush,2,36,0,0,999.0,999.0,0.0,0.0,0.0,0.0,1,1,<a_247><b_198><c_229>,<a_77><b_38><c_215>,0,0.0
1106,DAOKI 10PCS Digital DC 5V Amplifier Board Class D 23W USB Power Mini PAM8403 Audio Module,DAOKI,2,3,0,0,999.0,999.0,0.0,0.0,0.0,0.0,2,1,<a_45><b_84><c_220>,<a_67><b_80><c_169>,0,0.0
1115,TEKTON 8-Inch Swivel Bench Vise | 54008,TEKTON,2,51,0,0,999.0,999.0,0.0,0.0,0.0,0.0,3,2,<a_91><b_220><c_181>,<a_88><b_42><c_33>,0,0.0
1122,"Halulu 8"" x 10"" Resealable Poly Bags Reclosable Plastic Bags Zip Bags, Clear, 2 Mil, Pack of 100",GSSUSA,2,1,0,0,999.0,999.0,0.0,0.0,0.0,0.0,2,1,<a_161><b_195><c_165>,<a_91><b_191><c_33>,0,0.0
1133,"AMMEX - ABNPF46100-BX - Medical Nitrile Gloves - Disposable, Powder Free, Exam Grade, 4 mil, Large, Black (Box of 100)",Ammex,2,25,0,0,999.0,999.0,0.0,0.0,0.0,0.5,4,9,<a_254><b_121><c_26>,<a_91><b_193><c_41>,0,0.0
1135,"Durham 385-95 Gray Cold Rolled Steel 6 Sections Aerosol Can Caddy, 21-1/2"" Width x 5-1/4"" Height x 3-1/8"" Depth",Durham,2,12,0,0,999.0,999.0,0.0,0.0,0.0,0.0,1,1,<a_241><b_81><c_62>,<a_20><b_51><c_65>,0,0.0
1152,"Irwin Tools 2629- 3 Piece High Carbon Steel- Tap 5/16"" - 24 NF",Irwin Tools,2,20,0,0,999.0,999.0,0.0,0.0,0.0,0.0,5,5,<a_182><b_189><c_133>,<a_71><b_86><c_124>,0,0.0
1164,"Fowler Full Warranty 52-104-025-0 Machinist Jack Set, 1000 lbs. capacity",Fowler,2,12,0,0,999.0,999.0,0.0,0.0,0.0,0.0,1,1,<a_41><b_47><c_98>,<a_88><b_62><c_202>,0,0.0
1174,"Nashua 2280 Polyethylene Coated Cloth Multi-Purpose Duct Tape, 55m Length x 48mm Width, Tan",Nashua,2,7,0,0,999.0,999.0,0.0,0.0,0.0,0.0,2,1,<a_192><b_69><c_6>,<a_42><b_138><c_200>,0,0.0
1182,"Super Lube 51004 Synthetic Oil with PTFE, High Viscosity, 4 oz Bottle",Super Lube,2,80,0,0,999.0,999.0,0.0,0.0,0.0,0.0,1,1,<a_6><b_121><c_240>,<a_173><b_77><c_114>,0,0.0
1192,Hilitchi 420pcs M2 M3 Stainless Steel Hex Socket Head Cap Screws Nuts Assortment Kit with Box (304 Stainless Steel),Hilitchi,2,44,0,0,999.0,516.0,0.0,0.0,0.0,0.0,2,5,<a_182><b_117><c_17>,<a_224><b_124><c_0>,0,0.0
1194,"Gorilla Gripper 'GP' 0 to 3/4"" (0 to 22mm)",Gorilla Gripper,2,14,0,0,999.0,999.0,0.0,0.0,0.0,0.0,1,1,<a_41><b_120><c_67>,<a_86><b_174><c_222>,0,0.0
1197,TapeCase 3432 1in X 5yd Red Reflective Tape (1 Roll),TapeCase,2,47,0,0,999.0,999.0,0.0,0.0,0.0,0.0,3,4,<a_192><b_85><c_165>,<a_226><b_175><c_6>,0,0.0
1205,"PEI (Polyetherimide) Sheet, Opaque Off-White, Standard Tolerance, ASTM D5205 PEI0113, 0.03"" Thickness, 12"" Width, 24"" Length",Small Parts,2,562,0,0,999.0,523.5,0.0,0.0,0.0,0.0,5,1,<a_51><b_17><c_1>,<a_251><b_155><c_96>,0,0.0
1210,"Sparco Sealing Tape Transparent Heavy Duty, 48mm x 50m, 6 Rolls (60041)",Sparco,2,278,0,0,513.5,999.0,0.0,0.0,0.0,0.0,1,1,<a_235><b_254><c_253>,<a_226><b_229><c_177>,0,0.0
1219,"Install Bay BVBC Vinyl Connector, Blue 16/14 Gauge (100-Bag)",Install Bay,2,123,0,0,514.0,518.5,0.0,0.0,0.0,0.0,4,1,<a_202><b_105><c_222>,<a_191><b_51><c_225>,0,0.0
1246,"Keeper (02604 6' x 1"" Lift Sling, 1 Ply",Keeper,2,24,1,1,500.0,500.0,0.5,0.5,0.5,0.0,4,1,<a_10><b_34><c_188>,<a_13><b_88><c_210>,0,0.0
1251,"OOK 55300 Hangman Double Headed Bear Claw 4 In 1 Screw, 12-Count",OOK,2,19,0,0,999.0,999.0,0.0,0.0,0.0,0.0,1,1,<a_191><b_131><c_80>,<a_224><b_139><c_224>,0,0.0
1259,"Phenolic Sheet, Tan, 0.25"" Thickness, 6"" Width, 12"" Length (Pack of 1)",Small Parts,2,29,0,0,999.0,999.0,0.0,0.0,0.0,0.0,1,2,<a_82><b_240><c_177>,<a_253><b_106><c_124>,0,0.0
1273,FLIR TG165 Spot Thermal Camera,FLIR,2,40,0,0,999.0,999.0,0.0,0.0,0.0,0.0,5,1,<a_31><b_37><c_248>,<a_235><b_175><c_25>,0,0.0
1279,"Rutland Products 601 Rutland Castable Refractory Cement, 25-Pound",Rutland Products,2,17,0,0,999.0,999.0,0.0,0.0,0.0,0.0,4,1,<a_89><b_203><c_181>,<a_173><b_108><c_113>,0,0.0
1284,"2-P10KIT Available 2-P10 Adhesive Kit, Clear",2-P10KIT,2,38,0,0,999.0,999.0,0.0,0.0,0.0,0.0,1,2,<a_64><b_129><c_172>,<a_19><b_246><c_191>,0,0.0
1286,Accessbuy 180-Piece Rubber Grommet Shop Assortment,Industrial Tools,2,227,0,0,999.0,999.0,0.0,0.0,0.0,0.0,2,1,<a_173><b_103><c_192>,<a_167><b_233><c_113>,0,0.0
1289,Install Bay Copper Ring Terminal Connector 8 Gauge 1/4 Inch 25 Pack - CUR814,Install Bay,2,55,0,0,524.5,999.0,0.0,0.0,0.0,0.0,6,6,<a_202><b_39><c_2>,<a_191><b_34><c_57>,0,0.0
1304,"Duda Energy borp1 Fine Powder Boric Acid H3BO3 99, 1 lb. (Packaging may vary)",Duda Energy,2,7,0,0,999.0,999.0,0.0,0.0,0.0,0.0,1,1,<a_75><b_92><c_29>,<a_92><b_171><c_205>,0,0.0
1319,"ProTapes Pro 950 Polyimide Film Tape, 7500V Dielectric Strength, 36 yds Length x 1/2"" Width (Pack of 1)",Pro Tapes,2,39,0,0,999.0,999.0,0.0,0.0,0.0,0.0,1,1,<a_192><b_245><c_233>,<a_42><b_143><c_178>,0,0.0
1363,5 Neodymium Hook Magnets - Each Holds up to 12 Pounds by Emovendo,Outdoor Gear & Hardware,2,19,0,0,999.0,520.5,0.0,0.0,0.0,0.0,5,2,<a_175><b_177><c_25>,<a_13><b_170><c_0>,0,0.0
1373,"X-Treme Tape TPE-XZLBRD Silicone Rubber Self Fusing Tape, 1"" x 10', Triangular, Bright Red",X-Treme Tape,2,93,2,2,1.5,1.5,0.8154648767857288,0.8154648767857288,3.0,3.0,10,9,<a_210><b_80><c_10>,<a_42><b_148><c_248>,0,0.0
1375,"Brown & Sharpe 599-579-12-5-1 Dial Caliper, Stainless Steel, Black Face, 0-12"" Range, +/-0.001"" Accuracy, 0.001"" Resolution, Meets DIN 862 Specifications",TESA Brown & Sharpe,2,22,0,0,999.0,999.0,0.0,0.0,0.0,0.0,7,7,<a_165><b_71><c_0>,<a_196><b_133><c_2>,0,0.0
1388,"Bob Smith Industries BSI-131H Insta-Cure Thin Super Glue, 1 oz.",Bob Smith Industries,2,0,0,0,999.0,999.0,0.0,0.0,0.0,0.0,1,2,<a_150><b_165><c_10>,<a_19><b_3><c_201>,0,0.0
1408,"Swordfish 31390 Screw & U Nut/U-Clip Assortment, 170 Piece",Swordfish,2,14,0,0,999.0,999.0,0.0,0.0,0.0,0.0,1,1,<a_182><b_204><c_90>,<a_224><b_204><c_18>,0,0.0
1410,"Tygon F-4040-A PVC Fuel And Lubricant Tubing, 1/2"" ID, 3/4"" OD, 1/8"" Wall, 10' Length, Yellow",Tygon,2,24,0,0,999.0,999.0,0.0,0.0,0.0,0.0,2,1,<a_165><b_28><c_39>,<a_200><b_223><c_156>,0,0.0
1414,Temco Terminal Lug Tinned Copper Uninsulated Gauge AWG,Temco,2,69,0,0,999.0,999.0,0.0,0.0,0.0,0.0,2,2,<a_202><b_250><c_209>,<a_191><b_24><c_91>,0,0.0
1419,Eagle Brewing BE510 Siphon Spray Wort Aerator,Eagle,2,22,0,0,999.0,999.0,0.0,0.0,0.0,0.0,1,2,<a_142><b_170><c_98>,<a_20><b_121><c_87>,0,0.0
1429,"3M Duct Tape Black, 3920-BK, 1.88 Inches by 20 Yards",Scotch,2,68,1,1,500.5,500.5,0.31546487678572877,0.31546487678572877,0.5,0.5,5,3,<a_192><b_185><c_213>,<a_42><b_28><c_21>,0,0.0
1432,"Sashco Pre-Caulking Filler Rope Backer Rod Roll, 100' Length x 3/8"" Width, Grey",Sashco,2,100,0,0,999.0,999.0,0.0,0.0,0.0,0.0,1,2,<a_210><b_77><c_98>,<a_57><b_191><c_70>,0,0.0
1457,Vacuum Pump - 12V,Karlsson Robotics,2,37,0,0,999.0,999.0,0.0,0.0,0.0,0.0,1,1,<a_83><b_42><c_99>,<a_45><b_166><c_4>,0,0.0
1460,"Forney 72729 Wire Cup Brush, Coarse Crimped with 1/4-Inch Hex Shank, 2-Inch-by-.012-Inch",Forney,2,12,0,0,999.0,999.0,0.0,0.0,0.0,0.0,7,4,<a_247><b_134><c_195>,<a_77><b_170><c_96>,0,0.0
1468,"Hillman 1/4-20 C NEX 150003 Coarse Thread Hex Nuts, 1/4 X 20-Inch, 100-Pack, Steel",Hillman,2,17,0,0,521.5,999.0,0.0,0.0,0.0,0.0,2,2,<a_182><b_56><c_15>,<a_224><b_14><c_13>,0,0.0
1481,Install Bay CCL1614 Crimp Cap Nylon Connector 16/14 Gauge Long Neck -100-Pack,Install Bay,2,212,0,0,999.0,509.5,0.0,0.0,0.0,0.0,2,3,<a_202><b_51><c_135>,<a_191><b_159><c_200>,0,0.0
1499,Smart Weigh CW-500G Carbon Steel 500g OIML Class M1: &plusmn; 25 mg Calibration Weight with Chrome Finish,Smart Weigh,2,35,0,0,999.0,999.0,0.0,0.0,0.0,0.0,1,3,<a_91><b_63><c_159>,<a_254><b_55><c_148>,0,0.0
1502,"Dap 18275 DYNAFLEX 230, White 100% Waterproof Window, Door & Trim Sealant, 10.1 oz",DAP,2,49,0,0,999.0,999.0,0.0,0.0,0.0,0.0,1,1,<a_210><b_131><c_200>,<a_57><b_165><c_161>,0,0.0
1503,"Homewerks VBV-P40-B7B Ball Valve, PVC Schedule 40, Female Thread x Female Thread, 1-1/2-Inch",Homewerks,2,17,0,0,999.0,999.0,0.0,0.0,0.0,0.0,1,2,<a_78><b_226><c_233>,<a_84><b_235><c_2>,0,0.0
1512,"SharkBite 22461LF Barb PEX Ball Valve, 1/2-Inch, Brass",SharkBite,2,14,0,0,999.0,999.0,0.0,0.0,0.0,0.0,2,3,<a_78><b_1><c_247>,<a_84><b_56><c_219>,0,0.0
1519,"TOGGLER ALLIGATOR AF6 Flanged Anchor, Polypropylene, Made in US, For #6 to #12 Fastener Sizes (Pack of 100)",TOGGLER,2,6,0,0,999.0,999.0,0.0,0.0,0.0,0.0,5,1,<a_182><b_182><c_2>,<a_224><b_229><c_202>,0,0.0
1520,"Loos Stainless Steel 302/304 Wire Rope, 7x7 Strand Core, 1/8"" Bare OD, 25' Length, 1700 lbs Breaking Strength",Loos & Co.,2,39,0,0,999.0,999.0,0.0,0.0,0.0,0.0,3,3,<a_10><b_171><c_18>,<a_13><b_191><c_15>,0,0.0
1521,"Aluminum Crimping Loop Sleeve for 1/8"" Diameter Wire Rope and Cable, (Pack of 100)",Small Parts,2,151,0,0,999.0,999.0,0.0,0.0,0.0,0.0,3,3,<a_202><b_98><c_7>,<a_191><b_160><c_0>,0,0.0
1523,"WEN 73004 500 lb Capacity Service Cart, X-Large",WEN,2,1,0,0,999.0,999.0,0.0,0.0,0.0,0.0,1,1,<a_241><b_51><c_199>,<a_85><b_28><c_104>,0,0.0
1532,"First Voice TS-3183 Sterile Self-Adherent Stretch Sensi-Wrap Bandage, 5 yds Length x 3"" Width (Pack of 10)",First Voice,2,70,0,0,999.0,999.0,0.0,0.0,0.0,0.0,1,1,<a_74><b_90><c_131>,<a_226><b_104><c_30>,0,0.0
1543,"Aluminum 6061-T6 Seamless Round Tubing, WW-T 700/6, 1-1/8"" OD, 1.009"" ID, 0.058"" Wall, 12",Small Parts,2,54,0,0,505.0,999.0,0.0,0.0,0.0,0.0,1,3,<a_225><b_250><c_237>,<a_115><b_14><c_70>,0,0.0
1551,"BuildTak 3D Printing Build Surface, 4.5"" x 4.5"" Square, Black (Pack of 3)",BuildTak,2,56,0,0,999.0,520.5,0.0,0.0,0.0,0.0,6,5,<a_222><b_206><c_13>,<a_246><b_110><c_0>,0,0.0
1559,"Hakko CHP 7-SA Stainless Steel Non-Magnetic Precision Tweezers with Very-Fine Point Curved Tips, 4-1/2"" Length",Hakko,2,10,0,0,505.0,999.0,0.0,0.0,1.0,0.0,2,1,<a_50><b_53><c_226>,<a_86><b_103><c_64>,0,0.0
1566,"Electronics-Salon 0.47uF to 1000uF Electrolytic Capacitors Assortment Kit, 13 Values, Total 200 Pieces",Electronics-Salon,2,1,0,0,999.0,999.0,0.0,0.0,0.0,0.0,3,2,<a_145><b_63><c_4>,<a_36><b_205><c_219>,0,0.0
1569,"Gear Aid Aquaseal FD Flexible Repair Adhesive for Outdoor Gear and Vinyl, Clear Glue",Gear Aid,2,40,0,0,999.0,999.0,0.0,0.0,0.0,0.0,1,1,<a_150><b_55><c_118>,<a_57><b_36><c_129>,0,0.0
1572,"Devcon Epoxy, 2 Ton Epoxy, 4.25 Ounce each, 2 Bottles",EuroTool,2,31,0,0,999.0,510.0,0.0,0.0,0.0,0.0,2,2,<a_89><b_240><c_12>,<a_19><b_22><c_222>,0,0.0
1576,"IPS Weld-On 3 Acrylic Plastic Cement with Weld-On Applicator Bottle with Needle, 4 oz Can, Clear",Weld-on,2,14,0,0,999.0,999.0,0.0,0.0,0.0,0.0,2,2,<a_89><b_107><c_122>,<a_19><b_168><c_98>,0,0.0
1581,Uxcell Wire Wrap Sleeve 3 mm Dia 30 mm Long Heat Shrink Tubing 240Pcs Black,uxcell,2,37,0,0,999.0,999.0,0.0,0.0,0.0,0.0,6,4,<a_51><b_106><c_138>,<a_15><b_223><c_156>,0,0.0
1588,"Super Lube 41160/UV Synthetic UV Grease (NLGI 2), 14.1 oz Canister, Translucent White",Super Lube,2,5,0,0,999.0,999.0,0.0,0.0,0.0,0.0,3,3,<a_6><b_245><c_41>,<a_173><b_24><c_6>,0,0.0
1589,Cerium Oxide Glass Polishing Compound - 8 Oz,TechnologyLK,2,17,0,0,999.0,999.0,0.0,0.0,0.0,0.0,2,1,<a_247><b_10><c_211>,<a_77><b_93><c_219>,0,0.0
1597,30 Bearing 608ZZ 8x22x7 Shielded Greased Miniature Ball Bearings,BC Precision,2,137,0,0,999.0,999.0,0.0,0.0,0.0,0.0,3,2,<a_34><b_30><c_76>,<a_84><b_64><c_9>,0,0.0
1605,"1805-OW-PB/B-5 Nylon Onewrap Strap, Hook and Loop, 1-1/2"" Wide, 5' Length, Black",VELCRO Brand,2,62,0,0,513.5,999.0,0.0,0.0,0.0,0.0,1,1,<a_171><b_190><c_88>,<a_226><b_15><c_38>,0,0.0
1608,"Optical SPDIF Toslink/Coaxial Digital to Analog Audio Decoder Converter with PCM, 5.1 Dolby Digital & DTS Support",Wiistar,2,7,0,0,999.0,999.0,0.0,0.0,0.0,0.0,3,1,<a_45><b_91><c_168>,<a_67><b_10><c_169>,0,0.0
1619,"Round Spacer, Aluminum, Plain Finish, #10 Screw Size, 3/8"" OD, 0.192"" ID, 1/8"" Length, Made in US (Pack of 10)",Small Parts,2,15,0,0,999.0,999.0,0.0,0.0,0.0,0.0,3,4,<a_34><b_222><c_47>,<a_224><b_235><c_7>,0,0.0
1621,"Bel-Art Labmat Bench Liner; 50 Feet, White (F24675-0000)",SP Scienceware,2,10,0,0,999.0,999.0,0.0,0.0,0.0,0.0,1,1,<a_36><b_98><c_31>,<a_253><b_104><c_156>,0,0.0
1626,"Kimberly-Clark Kimtech Science Kimwipes Delicate Task Disposable Wiper, 8-25/64"" Length x 4-25/64"" Width, White (Pack of 3)",Kimberly-Clark Professional,2,49,0,0,999.0,999.0,0.0,0.0,0.0,0.0,2,3,<a_254><b_197><c_10>,<a_83><b_87><c_128>,0,0.0
1634,Elenco RS-500 Resistance Substitution Box,Elenco,2,64,0,0,999.0,999.0,0.0,0.0,0.0,0.0,2,2,<a_145><b_78><c_215>,<a_36><b_150><c_108>,0,0.0
1640,"MakerBeam Regular Starter Kit Black anodized including beams (10x10mm in diameter), brackets, nuts and bolts",MakerBeam,2,10,0,0,999.0,999.0,0.0,0.0,0.0,0.0,1,1,<a_173><b_81><c_210>,<a_118><b_38><c_49>,0,0.0
1645,Extech TL747 Electronic Sharp Test Probe Set,Extech,2,22,0,0,999.0,999.0,0.0,0.0,0.0,0.0,1,1,<a_42><b_46><c_88>,<a_229><b_12><c_186>,0,0.0
1666,"ATP Vinyl-Flex PVC Food Grade Plastic Tubing, Clear, 1/2"" ID x 5/8"" OD, 100 feet Length",ATP,2,17,0,0,999.0,513.5,0.0,0.0,0.5,0.5,5,5,<a_225><b_179><c_17>,<a_115><b_224><c_166>,0,0.0
1675,"CMT 529.095.31 Plug Cutter, 3/8-Inch Minor Diameter, 49/64-Inch Diameter, 1/2-Inch Shank",CMT,2,29,0,0,999.0,999.0,0.0,0.0,0.0,0.0,1,1,<a_122><b_126><c_159>,<a_71><b_170><c_123>,0,0.0
1681,SummitLink 415 Pcs Black Assorted Heat Shrink Tube 10 Sizes Tubing Wrap Sleeve Set Combo,SummitLink,2,31,0,0,517.0,999.0,0.0,0.0,0.0,0.0,9,7,<a_202><b_12><c_83>,<a_115><b_60><c_161>,0,0.0
1715,Acid Blend - 8 oz.,Home Brew Ohio,2,22,0,0,40.5,14.5,0.0,0.0,0.0,0.0,2,2,<a_142><b_216><c_148>,<a_12><b_183><c_48>,0,0.0
1722,Signstek 2PCS P6100 100 MHz Oscilloscope Probe for Rigol Atten Owon Siglent,Signstek,2,47,0,0,999.0,999.0,0.0,0.0,0.0,0.0,2,2,<a_212><b_255><c_56>,<a_0><b_107><c_31>,0,0.0
1723,"Uxcell a15032300ux0532 Potentiometer Volume Control Knob Cap with 100 Piece, Knurled Shaft 6 mm Diameter",uxcell,2,2,0,0,999.0,999.0,0.0,0.0,0.0,0.0,1,1,<a_145><b_34><c_130>,<a_130><b_34><c_233>,0,0.0
1727,Home Brew Ohio 6382a Pectic Enzyme (powder) - 1 lb.,Home Brew Ohio,2,81,0,0,999.0,999.0,0.0,0.0,0.0,0.0,1,1,<a_142><b_90><c_3>,<a_12><b_13><c_158>,0,0.0
1729,"Smith-Cooper International CV30L Series Brass Check Valve, Potable Water Service, 1"" NPT Female",Smith-Cooper International,2,6,0,0,999.0,999.0,0.0,0.0,0.0,0.0,4,2,<a_78><b_100><c_87>,<a_84><b_61><c_28>,0,0.0
1732,"RapidFix UV Liquid Plastic Adhesive with UV Flashlight, 10 mL",RapidFix,2,48,0,0,999.0,999.0,0.0,0.0,0.0,0.0,1,1,<a_165><b_250><c_76>,<a_196><b_61><c_186>,0,0.0
1740,Chunshop WH5001 Celsius/Fahrenheit Digital Thermometer Temperature Meter Gauge C/F,Chunshop,2,14,0,0,999.0,999.0,0.0,0.0,0.0,0.0,1,1,<a_31><b_68><c_6>,<a_59><b_139><c_221>,0,0.0
1742,"Ajax Scientific Battery Holder with Lead Wire, 1x AA Cell (Pack of 10)",Ajax Scientific,2,17,0,0,999.0,999.0,0.0,0.0,0.0,0.0,1,2,<a_239><b_55><c_112>,<a_175><b_102><c_229>,0,0.0
1747,"DIYmall 0.96"" Inch I2c IIC Serial 128x64 Oled LCD LED White Display Module for Arduino 51 Msp420 Stim32 SCR",DIYmall,2,20,0,0,999.0,999.0,0.0,0.0,0.0,0.0,2,2,<a_45><b_67><c_17>,<a_175><b_194><c_15>,0,0.0
1749,10 pcs New A3144 A3144E OH3144E 3144 Hall Effect Sensor,Allegro MicroSystems,2,16,0,0,999.0,999.0,0.0,0.0,0.0,0.0,1,1,<a_239><b_44><c_29>,<a_118><b_3><c_53>,0,0.0
1750,1 X Drilled Rubber Stopper #6.5 (Set of 3),Home Brew Ohio,2,20,0,0,516.0,506.5,0.0,0.0,0.0,0.0,1,2,<a_36><b_215><c_77>,<a_84><b_131><c_44>,0,0.0
1754,XCSOURCE 3D Printer MK8 Extruder Aluminum Frame Block DIY Kit Reprap i3 All Metal BI090,XCSOURCE,2,25,0,0,999.0,999.0,0.0,0.0,0.0,0.0,1,1,<a_48><b_201><c_168>,<a_29><b_53><c_173>,0,0.0
1764,SIEMENS WN2060U Non-Fused AC Disconnect,Siemens,2,8,0,0,999.0,999.0,0.0,0.0,0.0,0.0,1,1,<a_0><b_32><c_21>,<a_229><b_86><c_0>,0,0.0
1767,"Anderson Metals 56101 Brass Pipe Fitting, Barstock Tee, 1/4"" x 1/4"" x 1/4"" NPT Female Pipe",Anderson Metals,2,61,0,0,999.0,999.0,0.0,0.0,0.0,0.0,7,4,<a_78><b_39><c_2>,<a_31><b_23><c_129>,0,0.0
1768,"Anderson Metals Brass Pipe Fitting, Barstock Street Tee, 1/8"" Female Pipe x 1/8"" Male Pipe x 1/8"" Female Pipe",Anderson Metals,2,84,0,0,999.0,521.0,0.0,0.0,0.5,0.5,7,4,<a_78><b_39><c_128>,<a_31><b_23><c_201>,0,0.0
1827,"X-Treme Tape TPE-XZLG Silicone Rubber Self Fusing Tape, 1"" x 10', Triangular, Gray",X-Treme Tape,2,16,0,0,15.5,24.0,0.0,0.0,4.5,4.0,10,9,<a_210><b_80><c_66>,<a_42><b_148><c_194>,0,0.0
1834,"General Hydroponics Ph 7.0 Calibration Solution - 8 Ounces, 1 bottle",General Hydroponics,2,102,0,0,999.0,999.0,0.0,0.0,0.0,0.0,1,1,<a_62><b_248><c_21>,<a_59><b_249><c_121>,0,0.0
1840,TapeCase 3430 0.75in X 5yd White Reflective Tape (1 Roll),TapeCase,2,77,0,0,999.0,999.0,0.0,0.0,0.0,0.0,3,4,<a_192><b_67><c_121>,<a_226><b_175><c_5>,0,0.0
1846,Milwaukee Instruments MW102 PH and Temperature Meter,Milwaukee,2,40,0,0,999.0,999.0,0.0,0.0,0.0,0.0,1,1,<a_62><b_214><c_49>,<a_59><b_253><c_224>,0,0.0
1848,Kamo 5PCS 3D Printer 0.4mm Extruder Brass Nozzle Print Head for MK8 1.75mm ABS PLA Printer,KAMO,2,152,0,0,505.5,21.5,0.0,0.0,0.0,0.0,1,1,<a_48><b_73><c_197>,<a_29><b_239><c_50>,0,0.0
1871,"Eagle UI-50-FS Red Galvanized Steel Type I Gasoline Safety Can with Funnel, 5 Gallon Capacity, 13.5"" Height, 12.5"" Diameter",Eagle,2,79,0,0,999.0,999.0,0.0,0.0,0.0,0.0,4,4,<a_241><b_15><c_175>,<a_20><b_70><c_178>,0,0.0
1873,"Gorilla Crystal Clear Duct Tape, 1.88&rdquo; x 5 yd, Clear, (Pack of 1)",Gorilla,2,10,0,0,999.0,999.0,0.0,0.0,0.0,0.0,2,7,<a_150><b_240><c_190>,<a_42><b_40><c_235>,0,0.0
1874,"FastenMaster FMHLGM278-50 HeadLOK Heavy-Duty Flathead Fastener, 2-7/8 Inches, 50-Count",FastenMaster,2,18,0,0,999.0,999.0,0.0,0.0,0.0,0.0,2,1,<a_182><b_139><c_154>,<a_224><b_116><c_35>,0,0.0
1891,"Gardner Bender Available DS-110N 1-Pound Duct Seal Compound, Gray Green",Gardner Bender,2,26,0,0,999.0,999.0,0.0,0.0,0.0,0.0,1,2,<a_210><b_27><c_218>,<a_57><b_179><c_144>,0,0.0
1896,"Red Star Cote des Blancs Wine Yeast, 5 Gram - 10-Pack",Home Brew Ohio,2,20,0,0,515.5,509.0,0.0,0.0,0.0,0.0,3,2,<a_142><b_71><c_187>,<a_12><b_103><c_240>,0,0.0
1899,55pcs 6 Pin DPDT Self-locking Power Micro Push Button Switches 7mmx7mm,uxcell,2,12,0,0,999.0,999.0,0.0,0.0,0.0,0.0,1,2,<a_145><b_3><c_62>,<a_67><b_51><c_189>,0,0.0
1900,"Siglent SDG1025 Function/Arbitrary Waveform Generator, 25MHz, 125MSa/s Sample Rate",Siglent,2,20,0,0,999.0,999.0,0.0,0.0,0.0,0.0,1,2,<a_42><b_58><c_194>,<a_18><b_57><c_226>,0,0.0
1903,Lehigh 5/16-9 x 3-1/4 inch Stainless Steel Screw Eyes (6 Pack),Lehigh,2,7,0,0,999.0,999.0,0.0,0.0,0.0,0.0,1,1,<a_182><b_94><c_149>,<a_224><b_165><c_122>,0,0.0
1909,"SE RFW16100 1-1/2"" Reinforced Cut off Wheel with 1/16"" Arbor (100 Count)",SE,2,69,0,0,999.0,999.0,0.0,0.0,0.0,0.0,1,3,<a_122><b_219><c_102>,<a_71><b_220><c_202>,0,0.0
1914,Tesa 51026 Highest Quality Heat Proof Engine Compartment Wiring Tape used by VW AUDI BMW,Tesa,2,4,0,0,999.0,999.0,0.0,0.0,0.0,0.0,1,2,<a_192><b_71><c_109>,<a_42><b_209><c_135>,0,0.0
1918,"Anderson Metals Brass Hose Fitting, Union, 3/16"" x 3/16"" Barb",Anderson Metals,2,29,0,0,999.0,999.0,0.0,0.0,0.0,0.0,2,2,<a_78><b_32><c_235>,<a_31><b_127><c_22>,0,0.0
1931,MALIDA 1/4 inch OD Tube push fit straight quick connect for water purifiers (10 pack),Malida,2,7,0,0,999.0,999.0,0.0,0.0,0.0,0.0,1,1,<a_78><b_143><c_174>,<a_56><b_111><c_234>,0,0.0
1933,Uxcell a14082700ux0101 Antique Wood Box Latch Sets Case Hasp Lock 26 mm Long Brass Tone (Pack of 10),uxcell,2,13,0,0,999.0,999.0,0.0,0.0,0.0,0.0,1,1,<a_173><b_139><c_67>,<a_16><b_177><c_44>,0,0.0
1940,"Atoplee 1pc MT2 Live Center Morse Taper Triple Bearing 2 Mt .0002"" for High Speed Turning, CNC Work",ATOPLEE,2,12,0,0,999.0,999.0,0.0,0.0,0.0,0.0,2,2,<a_51><b_249><c_70>,<a_15><b_120><c_161>,0,0.0
1967,100 Scalpel Blades # 11 with Free Handle,ODONTOMED,2,49,0,0,999.0,999.0,0.0,0.0,0.0,0.0,1,1,<a_50><b_119><c_202>,<a_86><b_105><c_32>,0,0.0
1974,"BuildTak 3D Printing Build Surface, 12"" x 12"" Square, Black (Pack of 3)",BuildTak,2,6,0,0,999.0,999.0,0.0,0.0,0.0,0.0,6,5,<a_222><b_206><c_19>,<a_246><b_110><c_11>,0,0.0
1994,"Industrial & Scientific"" />",E-Z LOK,2,16,0,0,999.0,999.0,0.0,0.0,0.0,0.0,3,1,<a_50><b_55><c_198>,<a_134><b_139><c_218>,0,0.0
2012,Elitech STC-1000 Temperature Controller Origin Digital 110V Centigrade Thermostat 2 Relays,Elitech,2,6,0,0,999.0,999.0,0.0,0.0,0.0,0.0,1,2,<a_186><b_17><c_251>,<a_245><b_204><c_76>,0,0.0
2015,"TDS Meter, Dr.meter TDS-3C Water Quality TDS Tester 0-9990 ppm Range 1 ppm Resolution +/- 2% Accuracy",Dr.meter,2,26,0,0,999.0,999.0,0.0,0.0,0.0,0.0,1,2,<a_62><b_208><c_248>,<a_59><b_169><c_66>,0,0.0
2034,The Hillman Group 707319  XL Washered Wing Nut 1/4-20 (50-Pack),Hillman,2,9,0,0,999.0,999.0,0.0,0.0,0.0,0.0,1,1,<a_182><b_210><c_8>,<a_224><b_149><c_35>,0,0.0
2038,"3"" X 4"" 4-mil Clear Resealable Zipper Poly Shipping Bags (Qty=100)",uGems,2,90,0,0,999.0,999.0,0.0,0.0,0.0,0.0,1,3,<a_161><b_161><c_243>,<a_91><b_32><c_52>,0,0.0
2046,"Qualihome Drywall and Hollow-wall Anchor Assortment Kit, Anchors, Screws, Wall Anchor Hooks, and Hollow-door Toggle, 112 Pieces",Qualihome,2,20,0,0,999.0,999.0,0.0,0.0,0.0,0.0,3,3,<a_182><b_103><c_169>,<a_224><b_196><c_115>,0,0.0
2061,"Soyan 3D Pen for Arts and Crafts, 3D Molding, Sculpting and Doodling, Perfect Gift for Kids (Gray)",Soyan,2,20,0,0,999.0,999.0,0.0,0.0,0.0,0.0,1,1,<a_186><b_250><c_204>,<a_251><b_122><c_18>,0,0.0
2085,"Stainless Steel 316 Cast Pipe Fitting, 90 Degree Street Elbow, Class 150, 1"" NPT Male X Female",Merit Brass,2,21,0,0,999.0,999.0,0.0,0.0,0.0,0.0,8,5,<a_78><b_205><c_4>,<a_31><b_122><c_1>,0,0.0
2097,SummitLink 428 Pcs Red Black Assorted Heat Shrink Tube 10 Sizes Tubing Wrap Sleeve Set Combo,SummitLink,2,18,0,0,999.0,999.0,0.0,0.0,0.0,0.0,9,7,<a_202><b_12><c_172>,<a_115><b_60><c_27>,0,0.0
2111,Shop-Vac 5986100 8-Gallon 5.5 Peak HP Stainless Steel Wet Dry Vacuum,Shop-Vac,2,11,0,0,999.0,999.0,0.0,0.0,0.0,0.0,1,1,<a_83><b_159><c_110>,<a_125><b_42><c_22>,0,0.0
2144,Pomona 6341 Precision Electronic Probe Kit,Pomona,2,0,0,0,999.0,999.0,0.0,0.0,0.0,0.0,2,1,<a_212><b_255><c_216>,<a_130><b_76><c_111>,0,0.0
2149,"Quartet Rare Earth Magnets, Large, 6 Pack (85391)",Quartet,2,0,0,0,999.0,999.0,0.0,0.0,0.0,0.0,1,1,<a_175><b_49><c_209>,<a_13><b_73><c_145>,0,0.0
2165,"Rubbermaid Commercial FGH136000000 Invader Side-Gate Wet Mop, Vinyl-Covered Aluminum Handle, 60-inch",Rubbermaid Commercial Products,2,11,0,0,999.0,999.0,0.0,0.0,0.0,0.0,2,2,<a_82><b_168><c_189>,<a_77><b_41><c_28>,0,0.0
2201,"TRM Manufacturing 610B Weatherall 6 Mil Black Poly Plastic Sheet, 1 Box of 100 Feet Long by 10 Feet Wide",TRM Manufacturing,2,13,0,0,999.0,999.0,0.0,0.0,0.0,0.0,2,2,<a_161><b_235><c_232>,<a_253><b_41><c_18>,0,0.0
2202,"Loc-Line Coolant Hose Assembly Kit, Acetal Copolymer, 7 Piece, 1/4"" Coolant Hose ID",Loc-Line,2,60,0,0,999.0,999.0,0.0,0.0,0.0,0.0,2,3,<a_223><b_209><c_82>,<a_56><b_90><c_228>,0,0.0
2211,J-B Weld 8297 HighHeat 550 Degree Epoxy Putty Stick - 2 oz.,J-B Weld,2,60,0,0,999.0,999.0,0.0,0.0,0.0,0.0,1,1,<a_89><b_144><c_239>,<a_19><b_146><c_58>,0,0.0
2217,"Diagnostics Direct 0P-PBFT-BFTO Dynarex Disposable Scalpels, Sterile, Number 11 (Pack of 10)",Dynarex,2,17,0,0,999.0,999.0,0.0,0.0,0.5,0.5,3,3,<a_50><b_45><c_76>,<a_86><b_134><c_196>,0,0.0
2218,YKS 6 Inch Carbon Fiber Composite Vernier Digital Caliper Ruler With Big Screen,YKS,2,11,0,0,999.0,999.0,0.0,0.0,0.0,0.0,1,3,<a_160><b_123><c_233>,<a_88><b_233><c_112>,0,0.0
2219,Gorilla Supply 50 Thermal Paper Rolls 2-1/4 X 50 Verifone Vx520 Ingenico ICT220 ICT250 FD400 50/CS,Gorilla Supply,2,4,0,0,999.0,999.0,0.0,0.0,0.0,0.0,2,1,<a_239><b_136><c_153>,<a_62><b_98><c_80>,0,0.0
2234,"Sterile Specimen Cups, Set of 3, Screw Cap, Tamper Evident, 4 oz.",ProAdvantage,2,21,0,0,999.0,999.0,0.0,0.0,0.0,0.0,1,1,<a_36><b_252><c_73>,<a_105><b_90><c_191>,0,0.0
2236,"Bar Neodymium Magnet 3""x1/2""x1/4"" - Rare Earth Rectangle Magnet for Craftings, School Projects and Magnetic Therapy, One Pack",CMS MAGNETICS,2,10,0,0,999.0,999.0,0.0,0.0,0.5,0.5,4,2,<a_51><b_117><c_101>,<a_15><b_65><c_244>,0,0.0
2243,"Oatey 31230 Pipe Joint Compound with PTFE with Brush, 4 fl.Ounce",Oatey,2,12,0,0,999.0,999.0,0.0,0.0,0.0,0.0,1,3,<a_89><b_18><c_71>,<a_173><b_179><c_141>,0,0.0
2244,Leaton Digital Thermocouple Thermometer Dual-channel LCD Backlight Temperature Meter Tester for K/J/T/E/R/S/N Great (Batteries included),Leaton,2,13,0,0,999.0,999.0,0.0,0.0,0.0,0.0,2,1,<a_31><b_43><c_103>,<a_59><b_237><c_179>,0,0.0
2276,"Loctite Epoxy Five Minute Instant Mix, Two 0.47-Fluid Ounce Syringes (1715208)",Loctite,2,45,0,0,999.0,999.0,0.0,0.0,0.0,0.0,2,1,<a_89><b_174><c_91>,<a_19><b_104><c_196>,0,0.0
2277,"GREX P6/20L 23 Gauge 3/4-Inch Length Headless Pins (10,000 per box)",Grex Power Tools,2,14,0,0,999.0,999.0,0.0,0.0,0.0,0.0,4,3,<a_173><b_93><c_52>,<a_152><b_231><c_1>,0,0.0
2281,"eSUN 1.75mm Glass Watermelon Red PLA 3D Printer filament 1kg Spool (2.2lbs), Glass Red",eSUN,2,3,0,0,999.0,999.0,0.0,0.0,0.0,0.0,11,13,<a_85><b_149><c_37>,<a_184><b_244><c_20>,0,0.0
2304,Aquarium Specimen Container,Lee's,2,20,0,0,999.0,999.0,0.0,0.0,0.0,0.0,1,1,<a_36><b_172><c_212>,<a_105><b_188><c_240>,0,0.0
2312,"TEMCo 1"" Marine Heat Shrink Tube 3:1 Adhesive Glue Lined 4 ft RED",Temco,2,0,0,0,999.0,999.0,0.0,0.0,2.0,2.0,7,7,<a_210><b_0><c_19>,<a_115><b_53><c_121>,0,0.0
2328,iMBAPrice iMBA-100-4x6 Reclosable Bags,iMBAPrice,2,26,0,0,999.0,999.0,0.0,0.0,0.0,0.0,1,1,<a_161><b_60><c_247>,<a_91><b_149><c_34>,0,0.0
2335,100Pcs M3 3mm Female Thread Hex Metal Nut Fastener Silver Tone,Amico,2,48,0,0,999.0,999.0,0.0,0.0,0.0,0.0,2,2,<a_182><b_56><c_124>,<a_224><b_108><c_198>,0,0.0
2343,"Vivaplex, 6 Glass Bottles with Black Fine Mist Sprayer, 4 oz, Cobalt Blue",Vivaplex,2,12,0,0,999.0,999.0,0.0,0.0,0.0,0.0,5,1,<a_177><b_179><c_66>,<a_223><b_106><c_143>,0,0.0
2349,Spectra 360 1208 Electrode Gel - Parker Laboratories - 8.5 oz Tube - (Pack of 3),SPECTRA 360,2,38,0,0,999.0,999.0,0.0,0.0,0.0,0.0,1,1,<a_98><b_45><c_85>,<a_62><b_134><c_0>,0,0.0
2358,Supco URCO410-0 Pre-wired Capacitor,Supco,2,10,0,0,999.0,999.0,0.0,0.0,0.0,0.0,1,1,<a_145><b_88><c_188>,<a_229><b_4><c_57>,0,0.0
2373,"6073 Great Northern Red Little Bambino Table Top Retro Machine Popcorn Popper, 2.5oz",Great Northern Popcorn Company,2,6,0,0,999.0,999.0,0.0,0.0,0.0,0.0,1,1,<a_82><b_92><c_233>,<a_73><b_214><c_181>,0,0.0
2383,Inkbird All-Purpose Digital Temperature Controller Fahrenheit &Centigrade Thermostat w Sensor 2 Relays ITC-1000,Inkbird,2,102,0,0,999.0,511.0,0.0,0.0,0.0,0.0,3,9,<a_31><b_181><c_76>,<a_59><b_226><c_55>,0,0.0
2401,AIRSUNNY three Legs 5 pairs Infrared Diode LED IR Emission and Receiver,AIRSUNNY,2,92,0,0,999.0,999.0,0.0,0.0,0.0,0.0,1,1,<a_104><b_132><c_26>,<a_175><b_247><c_82>,0,0.0
2416,DE-5000 Handheld LCR Meter with accessories,DER EE ELECTRICAL INSTRUMENT,2,54,0,0,999.0,510.0,0.0,0.0,0.0,0.0,1,1,<a_67><b_208><c_37>,<a_242><b_81><c_214>,0,0.0
2439,Pair of 100MHz Oscilloscope Clip Probe for Tektronix HP Scope Test Leads Kit,CISNO,2,8,0,0,999.0,999.0,0.0,0.0,0.0,0.0,1,2,<a_42><b_3><c_174>,<a_0><b_107><c_139>,0,0.0
2442,"XFasten Reflective Tape, Red & White, 2 Inches by 5 Yards",XFasten,2,3,0,0,999.0,520.5,0.0,0.0,0.5,0.5,2,3,<a_51><b_28><c_118>,<a_163><b_192><c_199>,0,0.0
2448,"Innovative Components AN4C-5S221 1.38"" Star knob thru hole 1/4-20 steel zinc insert black pp (Pack of 10)",Innovative Components,2,33,0,0,999.0,999.0,0.0,0.0,0.0,0.0,2,2,<a_34><b_193><c_89>,<a_224><b_33><c_6>,0,0.0
2462,"Bob Smith Industries BSI-133H Insta-Cure+ Gap Filling Super Glue, 1 oz.",Bob Smith Industries,2,1,0,0,999.0,999.0,0.0,0.0,0.0,0.0,2,3,<a_89><b_49><c_70>,<a_19><b_222><c_2>,0,0.0
2470,"HATCHBOX PLA 3D Printer Filament, Dimensional Accuracy +/- 0.03 mm, 1 kg Spool, 3.00 mm, Black",HATCHBOX,2,41,0,0,999.0,519.5,0.0,0.0,0.5,1.0,24,27,<a_222><b_157><c_1>,<a_184><b_67><c_71>,0,0.0
2473,Barge All Purpose Cement Quart (O22721),Barge All,2,17,0,0,999.0,999.0,0.0,0.0,0.0,0.0,1,2,<a_64><b_206><c_174>,<a_57><b_232><c_254>,0,0.0
2479,1 Gallon Blue Premium Indicating Silica Gel Beads(Industry Standard 2-4 mm) - 7.5 LBS Reusable,Dry & Dry,2,2,0,0,999.0,999.0,0.0,0.0,0.0,0.0,1,4,<a_75><b_81><c_35>,<a_91><b_190><c_136>,0,0.0
2480,"ABS Sheet - .118"" Thick, Black, 12"" x 24"" Nominal",Small Parts,2,83,0,0,999.0,999.0,0.0,0.0,0.0,0.0,1,1,<a_175><b_144><c_55>,<a_253><b_122><c_115>,0,0.0
2505,"100 3/8"" Inch Chrome Steel Bearing Balls G25",BC Precision,2,15,0,0,999.0,999.0,0.0,0.0,0.0,0.0,7,3,<a_34><b_225><c_20>,<a_84><b_106><c_28>,0,0.0
2515,"Blue Sea Systems Terminal Block Jumper for 30A Terminal Blocks, Pack of 5",Blue Sea Systems,2,23,0,0,999.0,999.0,0.0,0.0,0.0,0.0,1,2,<a_202><b_14><c_103>,<a_0><b_241><c_68>,0,0.0
2520,PORTER-CABLE PBN18125 18 Gauge 1-1/4-Inch Brad Nail (5000-Pack),PORTER-CABLE,2,10,0,0,999.0,999.0,0.0,0.0,0.0,0.0,4,4,<a_191><b_207><c_220>,<a_255><b_82><c_0>,0,0.0
2557,"Duck Brand 240866 MAX Strength Duct Tape, 1.88 Inches by 35 Yards, White, Single Roll",Duck,2,8,0,0,999.0,999.0,0.0,0.0,0.0,0.0,1,4,<a_192><b_182><c_169>,<a_42><b_172><c_223>,0,0.0
2583,"HATCHBOX ABS 3D Printer Filament, Dimensional Accuracy +/- 0.05 mm, 1 kg Spool, 1.75 mm, Green",HATCHBOX,2,168,0,0,505.5,509.0,0.0,0.0,0.5,0.5,24,21,<a_222><b_109><c_28>,<a_184><b_252><c_162>,0,0.0
2584,"Plymor 4"" x 4"", 4 Mil (Pack of 500) Heavy Duty Plastic Reclosable Zipper Bags",Plymor,2,25,0,0,999.0,999.0,0.0,0.0,0.0,0.0,6,11,<a_161><b_173><c_120>,<a_91><b_30><c_19>,0,0.0
2594,"EVINIS 5Pcs&nbsp;Stainless Steel Spatula Palette Knife Painting Mixing Scraper Set,3D Print Removal Tool",EVINIS,2,13,0,0,999.0,999.0,0.0,0.0,0.0,0.0,1,1,<a_24><b_93><c_146>,<a_86><b_122><c_105>,0,0.0
2597,"Karter Scientific 206D2 Plastic Petri Dishes, 60 mm x 15 mm, 3 Vents, Sterile (Pack of 10)",Karter Scientific,2,37,0,0,999.0,999.0,0.0,0.0,0.0,0.0,1,1,<a_36><b_55><c_10>,<a_105><b_202><c_168>,0,0.0
2606,"ATP Vinyl-Flex PVC Food Grade Plastic Tubing, Clear, 3/16"" ID x 5/16"" OD, 100 feet Length",ATP,2,16,0,0,522.0,999.0,0.0,0.0,0.0,0.0,5,5,<a_225><b_179><c_35>,<a_115><b_224><c_27>,0,0.0
2609,"Control Devices CR Series Brass Pressure Relief Valve, 0-100 psi Adjustable Pressure Range, 1/4"" Male NPT",Control Devices,2,22,0,0,999.0,999.0,0.0,0.0,0.0,0.0,1,3,<a_0><b_144><c_222>,<a_84><b_234><c_206>,0,0.0
2617,Yueton&reg; 100pcs Yellow 12/10-Gauge Economy Nylon Male Fully-Insulated Quick Disconnects Wiring Spade Wire Crimp Terminal,yueton,2,28,0,0,509.0,507.5,0.0,0.0,1.0,1.0,8,7,<a_202><b_60><c_2>,<a_191><b_135><c_70>,0,0.0
2621,Philips Sonicare Powerup Pink,Philips,2,38,0,0,999.0,999.0,0.0,0.0,0.0,0.0,10,1,<a_83><b_59><c_169>,<a_140><b_219><c_150>,0,0.0
2649,Joe Knows Electronics 1/2W 86 Value 860 Piece Resistor Kit,Joe Knows Electronics,2,74,0,0,999.0,999.0,0.0,0.0,0.0,0.0,10,2,<a_145><b_9><c_53>,<a_36><b_32><c_105>,0,0.0
2668,"Gizmo Dorks Blue Painters Tape for 3D Printers 6.25"" x 100'",Gizmo Dorks,2,50,0,0,999.0,999.0,0.0,0.0,0.0,0.0,1,1,<a_150><b_221><c_124>,<a_226><b_141><c_129>,0,0.0
2675,ELEGOO 5 Sets 28BYJ-48 ULN2003 5V Stepper Motor + ULN2003 Driver Board for Arduino,ELEGOO,2,27,0,0,999.0,999.0,0.0,0.0,0.0,0.0,1,4,<a_186><b_63><c_29>,<a_15><b_222><c_4>,0,0.0
2677,"eSUN 1.75mm Black ABS 3D Printer filament 1kg Spool (2.2lbs), Black",eSUN,2,35,0,0,999.0,999.0,0.0,0.0,0.0,0.0,11,6,<a_85><b_149><c_182>,<a_184><b_100><c_3>,0,0.0
2680,"Madison Supply, Premium Quality Stainless Steel EMT Shears, Medical Trauma Scissors, (2-Pack)",Madison Supply,2,13,0,0,512.5,524.0,0.0,0.0,0.0,0.0,2,1,<a_50><b_184><c_21>,<a_86><b_164><c_105>,0,0.0
2696,HICTOP 3 Pcs 3D Printer Extruder 0.4mm Brass Nozzle + 3 Pcs Extruder 1.75mm Tube for Reprap Prusa I3,HICTOP,2,31,0,0,999.0,999.0,0.0,0.0,0.0,0.0,2,2,<a_48><b_149><c_121>,<a_29><b_202><c_201>,0,0.0
2707,"eSUN 1.75mm Orange PLA PRO (PLA+) 3D Printer Filament 1KG Spool (2.2lbs), Orange",eSUN,2,8,0,0,999.0,999.0,0.0,0.0,0.0,0.0,8,13,<a_85><b_80><c_3>,<a_184><b_244><c_145>,0,0.0
2720,Smartbuy 1.75mm Christmas Red ABS 3D Printer Filament - 1kg Spool/Roll (2.2 lbs) - Dimensional Accuracy +/- 0.05mm,Smartbuy,2,25,0,0,999.0,999.0,0.0,0.0,0.0,0.0,1,6,<a_85><b_90><c_131>,<a_184><b_250><c_153>,0,0.0
2724,3D Solutech Natural Clear 1.75mm PETG 3D Printer Filament 2.2 LBS (1.0KG),3D Solutech,2,13,0,0,999.0,999.0,0.0,0.0,0.0,0.0,3,14,<a_222><b_43><c_60>,<a_184><b_110><c_31>,0,0.0
2728,BIQU Upgrade Wear Resistant MK10 Nozzles M7 0.4mm Threaded Stainless Steel Nozzle Extrusion Head (Pack of 5pcs),BIQU,2,23,0,0,999.0,999.0,0.0,0.0,0.0,0.0,1,1,<a_173><b_119><c_128>,<a_152><b_117><c_225>,0,0.0
2733,Hilitchi 210pcs M3 Stainless Steel Hex Socket Head Cap Screws Nuts Assortment Kit with Box (M3),Hilitchi,2,56,0,0,999.0,519.0,0.0,0.0,0.0,0.0,2,5,<a_182><b_117><c_6>,<a_224><b_124><c_7>,0,0.0
2735,Signswise 5pcs Reprap 24V 40W Ceramic Cartridge Heater for 3D Printer Prusa Mendel,Signswise,2,17,0,0,999.0,999.0,0.0,0.0,0.0,0.0,1,1,<a_48><b_245><c_25>,<a_29><b_81><c_60>,0,0.0
2757,Self Drilling Drywall Plastic Anchors with Screws Kit,Toofix,2,8,0,0,999.0,999.0,0.0,0.0,0.0,0.0,1,2,<a_51><b_138><c_118>,<a_15><b_57><c_3>,0,0.0
2765,Atlas Scientific pH Calibration Solution 4.00 & 7.00 8oz - 250ml (Pack of 2),Atlas Scientific,2,11,0,0,999.0,999.0,0.0,0.0,0.0,0.0,4,4,<a_186><b_229><c_5>,<a_245><b_254><c_9>,0,0.0
2850,Pixnor Measuring Cylinder Graduated Cylinder Lab Test Tube Set of 4,PIXNOR,2,10,0,0,999.0,999.0,0.0,0.0,0.0,0.0,5,3,<a_178><b_143><c_139>,<a_223><b_34><c_28>,0,0.0
2859,"WHITE RODGERS 586-902 CONTACTOR, SPST-NO, 12VDC, 200A, BRACKET",White-Rodgers,2,3,0,0,999.0,999.0,0.0,0.0,0.0,0.0,1,1,<a_0><b_135><c_94>,<a_67><b_169><c_220>,0,0.0
2873,3/8in OD 1/8in ID Speargun Band/Sling Thick Walled BLACK Latex Rubber Tubing ONE CONTINUOUS PIECE(#408) (Select Length),Spearit,2,17,0,0,999.0,999.0,0.0,0.0,0.0,0.0,2,1,<a_225><b_146><c_51>,<a_115><b_247><c_158>,0,0.0
2876,Uxcell a13051400ux0583 10-Pieces Black Plastic Housing 3.5mm Audio Jack (Pack of 10),uxcell,2,26,0,0,999.0,999.0,0.0,0.0,0.0,0.0,2,1,<a_239><b_4><c_90>,<a_0><b_118><c_88>,0,0.0
2878,"Cortina 03-747RBC Polyethylene Portable Delineator Post with 10 lbs Recycled Rubber Base, 42"" Height, Orange",Cortina,2,4,0,0,999.0,999.0,0.0,0.0,0.0,0.0,1,1,<a_10><b_31><c_211>,<a_16><b_114><c_81>,0,0.0
2883,"Anderson Metals 56122 Brass Pipe Fitting, Hex Nipple, 1/2"" x 1/2"" NPT Male Pipe",Anderson Metals,2,36,0,0,999.0,999.0,0.0,0.0,0.0,0.0,5,3,<a_78><b_3><c_91>,<a_31><b_89><c_136>,0,0.0
2888,"Singed Polyester Felt Filter Bag 1 Micron Size #1 7""x16",Duda Diesel,2,18,0,0,999.0,999.0,0.0,0.0,0.0,0.0,1,1,<a_98><b_64><c_37>,<a_91><b_61><c_209>,0,0.0
2901,"Forney 71805 Emery Cloth, 180-Grit, 1-Inch-by-10-Yard Bench Roll",Forney,2,9,0,0,999.0,999.0,0.0,0.0,0.0,0.0,1,1,<a_247><b_177><c_82>,<a_77><b_242><c_113>,0,0.0
2911,V6 3D Printer J-head Hotend with Single Cooling Fan for 1.75mm/3.0mm Direct Filament Wade Extruder 0.3mm/0.4mm/0.5mm Nozzle,Mercurry 3D accessaries,2,2,0,0,999.0,999.0,0.0,0.0,0.0,0.0,7,6,<a_186><b_249><c_138>,<a_251><b_204><c_51>,0,0.0
2937,Pro Magnets Neodymium Round Base Magnet with 20mm Mounting Screws (3-Pieces),Pro Magnets,2,11,0,0,999.0,999.0,0.0,0.0,0.0,0.0,4,2,<a_51><b_117><c_49>,<a_15><b_65><c_33>,0,0.0
2944,RepRap Champion 2M PTFE Teflon Tube + 2 x PC4-M6 Fittings for RepRap 3D Printer Bowden Hotend 1.75mm,RepRap Champion,2,11,0,0,999.0,999.0,0.0,0.0,0.0,0.0,1,1,<a_48><b_64><c_106>,<a_118><b_158><c_249>,0,0.0
2970,Brew Hauler FE338  Nylon carboy carrier,Brew Hauler,2,15,0,0,999.0,999.0,0.0,0.0,0.0,0.0,1,1,<a_241><b_67><c_104>,<a_20><b_96><c_165>,0,0.0
2997,"Silicone Sheet Gasket, Red, 1/16"" Thick, 12"" &times; 12"" (Pack of 1)",Small Parts,2,6,0,0,999.0,999.0,0.0,0.0,0.0,0.0,3,1,<a_51><b_184><c_1>,<a_15><b_14><c_115>,0,0.0
3017,"3M Littmann  Classic III Monitoring Stethoscope, Pearl Pink Tube, 27 inch, 5633",3M Littmann,2,2,0,0,999.0,999.0,0.0,0.0,0.0,0.0,3,2,<a_165><b_79><c_91>,<a_196><b_171><c_149>,0,0.0
3032,Siglent Technologies SDS1052DL+ 50 MHz Digital Storage Oscilloscope,Siglent Technologies,2,49,0,0,999.0,999.0,0.0,0.0,0.0,0.0,3,1,<a_42><b_217><c_188>,<a_18><b_26><c_183>,0,0.0
3059,Filabot ABS 3D Printing Smoothing Pen,Filabot,2,80,0,0,999.0,524.0,0.0,0.0,0.0,0.0,1,1,<a_249><b_108><c_124>,<a_246><b_106><c_214>,0,0.0
3076,10Pcs 5 x 7 cm DIY Prototype Paper PCB Universal Board New,SUNKEE,2,101,0,0,999.0,999.0,0.0,0.0,0.0,0.0,3,3,<a_239><b_7><c_27>,<a_118><b_171><c_104>,0,0.0
3089,"Filabot XTC24 XTC-3D High Performance Print Coating, 24 oz, Clear",Filabot,2,12,0,0,999.0,999.0,0.0,0.0,0.0,0.0,3,1,<a_249><b_43><c_180>,<a_246><b_157><c_54>,0,0.0
3104,Uxcell a15011600ux0239 2 Sets 1K 2K 5K 10K Ohm Linear Taper Rotary Potentiometer Pot,uxcell,2,16,0,0,999.0,999.0,0.0,0.0,0.0,0.0,1,3,<a_145><b_236><c_76>,<a_36><b_160><c_180>,0,0.0
3132,"Philips Sonicare Diamond Clean Rechargeable Toothbrush w/Deep Clean Mode with Adaptive Clean Brush Head, Black",Philips Sonicare,2,6,0,0,999.0,999.0,0.0,0.0,0.0,0.0,10,2,<a_83><b_59><c_6>,<a_140><b_78><c_223>,0,0.0
3139,Dynatron 570 Auto Seam Sealer White Caulk - 12 oz.,3M,2,5,0,0,999.0,999.0,0.0,0.0,0.0,0.0,1,1,<a_150><b_128><c_117>,<a_57><b_223><c_93>,0,0.0
3157,Hilitchi 100pcs 12-10 Gauge Butt Insulated Splice Terminals Electrical Wire Crimp Connectors (Yellow / 12-10AWG),Hilitchi,2,7,0,0,999.0,514.0,0.0,0.0,0.0,0.0,2,3,<a_202><b_219><c_103>,<a_191><b_175><c_8>,0,0.0
3162,"Chemglass, CG-1983-12 Micro Spoon Spatula, 6-1/2 Overall Length, 5-3/4 Handle, Stainless Steel , Non-Magnetic x 3/16 Width",Chemglass,2,2,0,0,999.0,999.0,0.0,0.0,0.0,0.0,3,1,<a_50><b_236><c_215>,<a_86><b_200><c_39>,0,0.0
3167,"Pratt PRA0008 100% Recycled Corrugated Cardboard Box, 6"" Length x 6"" Width x 4"" Height, Kraft pack of 25",Pratt,2,4,0,0,999.0,999.0,0.0,0.0,0.0,0.0,2,2,<a_161><b_224><c_223>,<a_13><b_97><c_36>,0,0.0
3183,99% PURE Copper Sulfate Pentahydrate Crystals (2 lb),FDC,2,3,0,0,999.0,999.0,0.0,0.0,0.0,0.0,1,1,<a_75><b_110><c_235>,<a_92><b_34><c_219>,0,0.0
3186,Original Prusa i3 3D Printer kit,Trovole,2,10,0,0,999.0,999.0,0.0,0.0,0.0,0.0,2,1,<a_249><b_2><c_183>,<a_246><b_140><c_95>,0,0.0
3188,"Silica Gel Desiccant Packets by LotFancy, 5 Gram, Pack of 60, Safe Moisture Absorbing Drying Bulk Bags",LotFancy,2,1,0,0,999.0,999.0,0.0,0.0,0.0,0.0,1,1,<a_51><b_127><c_55>,<a_163><b_25><c_228>,0,0.0
3194,Silicone Sealant 100% RTV - 2.8 oz Squeeze Tube -Clear-,ASI,2,11,0,0,999.0,999.0,0.0,0.0,0.0,0.0,1,2,<a_210><b_66><c_216>,<a_57><b_57><c_34>,0,0.0
3219,"MedPride Powder-Free Nitrile Exam Gloves, Large, Box/100",MED PRIDE,2,2,0,0,999.0,999.0,0.0,0.0,0.0,0.5,2,3,<a_254><b_85><c_122>,<a_91><b_73><c_6>,0,0.0
3220,4M Table Top Robot,4M,2,11,0,0,999.0,999.0,0.0,0.0,0.0,0.0,1,1,<a_91><b_240><c_161>,<a_144><b_92><c_14>,0,0.0
3221,"MG Chemicals 8329TCM Thermal Conductive Adhesive, Medium Cure, 14 g, 2 Dispeners",MG Chemicals,2,10,0,0,999.0,999.0,0.0,0.0,0.0,0.0,1,2,<a_89><b_227><c_207>,<a_173><b_16><c_212>,0,0.0
3279,SEOH Graduated Cylinder Borosilicate Glass Round Base - Capacity (ml) 100 -,SEOH,2,12,0,0,999.0,999.0,0.0,0.0,0.0,0.0,1,1,<a_178><b_68><c_195>,<a_223><b_170><c_1>,0,0.0
3295,"Bertech Double Sided White PE Foam Tape, 1/16"" Thick, 3/4"" Wide x 36 Yards Long, White",Bertech,2,0,0,0,999.0,999.0,0.0,0.0,0.0,0.0,1,1,<a_235><b_66><c_157>,<a_42><b_212><c_121>,0,0.0
3311,Uxcell a10081700ux0008 20pcs 1mm Twisted Drilling Bit Tip for Electric Drill (Pack of 20),uxcell,2,21,0,0,999.0,999.0,0.0,0.0,0.0,0.0,1,1,<a_191><b_92><c_224>,<a_71><b_171><c_224>,0,0.0
3323,uxcell 20Pcs Steel Rivet Nut Flat Head Insert Nutsert 1/4-20,uxcell,2,22,0,0,999.0,999.0,0.0,0.0,0.0,0.0,1,1,<a_182><b_230><c_220>,<a_224><b_202><c_246>,0,0.0
3343,Corn Sugar 4lb,LD Carlson,2,8,0,0,999.0,999.0,0.0,0.0,0.0,0.0,2,1,<a_142><b_45><c_105>,<a_12><b_38><c_242>,0,0.0
3357,JISTL 75 Type Plastic Crown Gear Single Double Reduction Gear Worm Gear,JISTL GGM11,2,16,0,0,999.0,999.0,0.0,0.0,0.0,0.0,1,1,<a_173><b_140><c_182>,<a_152><b_241><c_26>,0,0.0
3391,"Seville Classics UltraHD 24"" X 48"" Steel Pegboard Set and 23-Piece Peg Hook Assortment with 6 Bins",Seville Classics,2,18,0,0,999.0,999.0,0.0,0.0,0.0,0.0,8,4,<a_41><b_133><c_172>,<a_255><b_235><c_23>,0,0.0
3400,CMS Magnetics Super Strong 1&rdquo; Neodymium Cube Magnet &ndash; Storage Box Included for Added Safety,CMS MAGNETICS,2,29,0,0,999.0,999.0,0.0,0.0,0.0,0.0,1,1,<a_175><b_187><c_107>,<a_13><b_214><c_57>,0,0.0
3403,"Nite Ize LSBM-01-2R3 S-Biner MicroLock Stainless Steel, 2-Pack, Black",Nite Ize,2,41,0,0,999.0,999.0,0.0,0.0,0.0,0.0,1,1,<a_41><b_107><c_161>,<a_16><b_126><c_182>,0,0.0
3414,"eSUN 1.75mm White ABS+ 3D Printer filament 1kg Spool (2.2lbs), White",eSUN,2,49,0,0,999.0,522.5,0.0,0.0,0.0,0.0,1,6,<a_85><b_83><c_13>,<a_184><b_100><c_203>,0,0.0
3417,"Uxcell a14082700ux0095 Right Latch Hook Antique Wood Box Hasp Catch Decor, Bronze Tone, 20-Piece",uxcell,2,5,0,0,999.0,999.0,0.0,0.0,0.0,0.0,4,3,<a_41><b_112><c_43>,<a_16><b_75><c_20>,0,0.0
3424,1 X Bronze PVC Shrink Capsules- 30 Per Bag,LD Carlson,2,19,0,0,999.0,999.0,0.0,0.0,0.0,0.0,1,1,<a_161><b_47><c_52>,<a_105><b_0><c_103>,0,0.0
3435,3D Solutech Real Black 1.75mm Flexible 3D Printer Filament 2.2 LBS (1.0KG),3D Solutech,2,4,0,0,999.0,999.0,0.0,0.0,2.0,2.0,23,24,<a_222><b_68><c_3>,<a_184><b_137><c_9>,0,0.0
3439,Harvey 017065 Gas Line PTFE Thread Seal Tape,Harvey,2,6,0,0,999.0,999.0,0.0,0.0,0.0,0.0,2,1,<a_210><b_202><c_179>,<a_115><b_99><c_211>,0,0.0
3458,Wisamic 4 Variety Pack 3d Printer 0.2mm 0.3mm 0.4mm 0.5mm Nozzles Extruder Nozzle Print Head for Mk8 Makerbot,Wisamic,2,59,0,0,999.0,999.0,0.0,0.0,0.0,0.0,2,2,<a_48><b_247><c_157>,<a_29><b_198><c_113>,0,0.0
3465,"eSUN 1.75mm Cool White PLA PRO (PLA+) 3D Printer Filament 1KG Spool (2.2lbs), Cool White",eSUN,2,9,0,0,999.0,505.0,0.0,0.0,0.5,0.5,8,13,<a_85><b_80><c_31>,<a_184><b_244><c_82>,0,0.0
3467,JGAURORA 3d Printer A3kit Prusa i3 DIY 3d Printers Self Assembly Metal Frame LCD Display Heated bed,JG AURORA,2,9,0,0,999.0,999.0,0.0,0.0,0.0,0.0,4,5,<a_186><b_65><c_160>,<a_251><b_120><c_226>,0,0.0
3502,"3M Littmann Cardiology IV Diagnostic Stethoscope, Standard-Finish Chestpiece, Burgundy Tube, Stainless Stem and Headset, 27 inch, 6153",3M Littmann,2,7,0,0,999.0,999.0,0.0,0.0,0.0,0.0,4,4,<a_67><b_216><c_95>,<a_254><b_17><c_0>,0,0.0
3503,Yeast Nutrient - 8 oz.,Midwest Homebrewing and Winemaking Supplies,2,17,0,0,508.5,513.0,0.0,0.0,0.0,0.0,2,3,<a_142><b_206><c_13>,<a_12><b_84><c_51>,0,0.0
3510,"eSUN 3D 1.75mm PETG Red Filament 1kg (2.2lb), PETG 3D Printer Filament, 1.75mm Solid Opaque Red",eSUN,2,18,0,0,511.5,999.0,0.0,0.0,0.5,0.5,7,7,<a_85><b_161><c_19>,<a_184><b_236><c_63>,0,0.0
3525,"Genteq Capacitor 10 UF MFD 370V 97F9002, 97F9002s (Replaces Old GE# 97F9002BZ3, Z97F9002, 27L669), 10 MFD at 370V, Oval",Genteq,2,12,0,0,999.0,999.0,0.0,0.0,0.0,0.0,1,1,<a_145><b_137><c_150>,<a_36><b_59><c_27>,0,0.0
3529,"SIENOC 3D PLA 1KG 1.75mm PLA 3D Printer Filament, Dimensional Accuracy+/- 0.05mm 1 kg(2.2 lbs) Spool White",SIENOC,2,9,0,0,999.0,999.0,0.0,0.0,1.0,1.0,4,4,<a_85><b_157><c_228>,<a_184><b_253><c_10>,0,0.0
3536,Staple Remover Kit,Dynarex,2,1,0,0,999.0,999.0,0.0,0.0,0.0,0.0,2,1,<a_67><b_91><c_125>,<a_152><b_194><c_97>,0,0.0
3540,"SainSmart 1.75 Aluminum Metal 1.75 mm Filament for 3D Printing, 0.5 kg/1.1 lb.",SainSmart,2,34,0,0,999.0,999.0,0.0,0.0,0.0,0.0,4,5,<a_222><b_200><c_121>,<a_184><b_95><c_9>,0,0.0
3550,Uxcell a12081400ux0273 10 x Momentary SPST NO Red Push Button Switch AC 250V/1.5A 125V/3A,uxcell,2,11,0,0,999.0,999.0,0.0,0.0,0.0,0.0,6,1,<a_145><b_50><c_255>,<a_67><b_223><c_239>,0,0.0
3560,uxcell 10 Pcs 17mm x 6mm x 6mm Single Row Shielded Deep Groove Ball Bearing 606ZZ,uxcell,2,1,0,0,999.0,999.0,0.0,0.0,0.0,0.0,2,4,<a_34><b_12><c_32>,<a_84><b_49><c_5>,0,0.0
3567,ECO-WORTHY 12V 2 Inch Stroke Linear Actuator 330lbs Maximum Lift with Mounting Brackets (12VDC 2''),ECO-WORTHY,2,8,0,0,999.0,999.0,0.0,0.0,0.0,0.0,1,1,<a_51><b_165><c_251>,<a_245><b_238><c_180>,0,0.0
3569,Atlas ESR70,Peak,2,23,0,0,999.0,999.0,0.0,0.0,0.0,0.0,1,1,<a_42><b_82><c_141>,<a_242><b_13><c_41>,0,0.0
3572,Inland 1.75mm Black ABS 3D Printer Filament - 1kg Spool (2.2 lbs),Inland,2,6,0,0,509.5,12.5,0.0,0.0,3.5,3.5,21,18,<a_186><b_178><c_40>,<a_251><b_78><c_249>,0,0.0
3575,Gikfun B10K B100K B5K B50K B2K B20K Ohm Knurled Shaft Linear Rotary Taper Potentiometer for Arduino EK8359,Gikfun,2,7,0,0,999.0,999.0,0.0,0.0,0.0,0.0,3,1,<a_51><b_123><c_1>,<a_245><b_0><c_8>,0,0.0
3577,HICTOP 5 Meters GT2 2mm pitch 6mm wide Timing Belt for 3D printer CNC,HICTOP,2,31,0,0,999.0,999.0,0.0,0.0,0.0,0.0,3,1,<a_51><b_123><c_40>,<a_245><b_192><c_201>,0,0.0
3620,6 Pcs 100K ohm NTC Thermistors/Temp Sensor for Reprap 3D printer-HONTECH,HONTECH,2,2,0,0,999.0,999.0,0.0,0.0,0.0,0.0,1,1,<a_48><b_90><c_234>,<a_29><b_21><c_164>,0,0.0
3644,Hilitchi 100pcs 16-14 Gauge Butt Insulated Splice Terminals Electrical Wire Crimp Connectors (Blue / 16-14AWG),Hilitchi,2,4,0,0,999.0,513.0,0.0,0.0,0.5,0.5,2,3,<a_202><b_219><c_23>,<a_191><b_175><c_10>,0,0.0
3648,"eSUN 3D 1.75mm PETG Orange Filament 1kg (2.2lb), PETG 3D Printer Filament, Semi-Transparent 1.75mm Orange",eSUN,2,32,0,0,999.0,999.0,0.0,0.0,0.0,0.0,7,7,<a_85><b_161><c_34>,<a_184><b_236><c_54>,0,0.0
3652,E3D Lite6 Full Kit - 1.75mm Universal (Direct) (12v),E3D,2,2,0,0,999.0,999.0,0.0,0.0,0.0,0.0,1,1,<a_48><b_87><c_46>,<a_29><b_95><c_225>,0,0.0
3668,CNBTR 10x6x4mm 20 Series Aluminum European Hammer HeadDrop In M5 T Nut Slot Pack of 50,CNBTR,2,0,0,0,999.0,999.0,0.0,0.0,0.0,0.0,2,1,<a_182><b_140><c_7>,<a_224><b_48><c_224>,0,0.0
3671,5x StepStick DRV8825 Stepper Motor Driver Module for 3D Printer Reprap RP A4988,BHL,2,8,0,0,999.0,999.0,0.0,0.0,0.0,0.0,3,1,<a_48><b_132><c_71>,<a_175><b_105><c_228>,0,0.0
3675,"Dremel PLA 3D Printer Filament, 1.75 mm Diameter, 0.5 kg Spool Weight, White Translucent",Dremel,2,45,0,0,999.0,999.0,0.0,0.0,0.0,0.0,1,7,<a_222><b_79><c_43>,<a_184><b_238><c_2>,0,0.0
9,"Anderson Metals Brass Tube Fitting, Half-Union, 3/8"" Flare x 1/8"" Male Pipe",Anderson Metals,1,36,0,0,999.0,44.0,0.0,0.0,0.0,0.0,1,1,<a_78><b_133><c_194>,<a_31><b_225><c_226>,0,0.0
11,"T&Uuml;RLEN DIAL INDICATOR 0-1"" AGD SPEC 0.001"" w/LUG BACK",TRLEN,1,22,0,0,27.0,45.0,0.0,0.0,0.0,0.0,2,2,<a_160><b_121><c_103>,<a_88><b_21><c_41>,0,0.0
15,"Kreg SML-C2-250 Pocket Screws 2-Inch, 8 Coarse, Washer Head, 250 Count",Kreg,1,52,0,0,999.0,999.0,0.0,0.0,0.0,0.0,2,10,<a_191><b_239><c_100>,<a_224><b_58><c_232>,0,0.0
16,PORTER-CABLE 740001201 4 1/2-Inch by 10yd 120 Grit Adhesive-Backed Sanding Roll,PORTER-CABLE,1,61,0,0,999.0,999.0,0.0,0.0,0.0,0.0,2,3,<a_191><b_58><c_10>,<a_71><b_220><c_54>,0,0.0
17,"BOSTITCH BT1335B-1M 1-3/8-Inch 18-Gauge Brads, 1000 per Box",BOSTITCH,1,33,0,0,999.0,999.0,0.0,0.0,0.0,0.0,3,4,<a_191><b_233><c_94>,<a_255><b_143><c_12>,0,0.0
18,Shop-Vac 9064900 2-1/2-to-1-1/2-Inch Conversion Unit,Shop-Vac,1,33,0,0,999.0,999.0,0.0,0.0,0.0,0.0,2,2,<a_83><b_134><c_137>,<a_125><b_210><c_13>,0,0.0
29,"System Three 1100K16 T-88 Kit, 1 quart Bottle, Amber",System Three,1,23,0,0,999.0,999.0,0.0,0.0,0.0,0.0,1,1,<a_24><b_201><c_173>,<a_19><b_139><c_241>,0,0.0
34,Racor LDL-1B Ladder Lift,Racor,1,26,0,0,999.0,999.0,0.0,0.0,0.0,0.0,2,3,<a_165><b_147><c_237>,<a_196><b_248><c_8>,0,0.0
38,"SharkNinja Rocket DeluxePro Ultra-Light Upright Corded Stick Vacuum, Bordeaux",SharkNinja,1,33,0,0,999.0,999.0,0.0,0.0,0.0,0.0,2,2,<a_83><b_177><c_3>,<a_125><b_144><c_84>,0,0.0
39,"Augbunny 100% Cotton 5- by 7-Inch Muslin Bags with Drawstring, 12-Pack",Augbunny,1,12,0,0,999.0,999.0,0.0,0.0,0.0,0.0,2,3,<a_161><b_128><c_150>,<a_91><b_211><c_132>,0,0.0
44,"Permatex 51813 Anaerobic Gasket Maker, 50 ml Tube",Permatex,1,20,0,0,999.0,999.0,0.0,0.0,0.0,0.0,1,1,<a_89><b_127><c_126>,<a_173><b_176><c_201>,0,0.0
46,POR-15 40204 Metal Prep - 1 quart,POR-15,1,26,0,0,999.0,999.0,0.0,0.0,0.0,0.0,1,1,<a_247><b_174><c_97>,<a_173><b_8><c_224>,0,0.0
47,"Brush Research FLEX-HONE Cylinder Hone, GB Series, Silicon Carbide Abrasive, 3-1/4"" (83 mm) Diameter, 240 Grit Size",Flex-Hone Tool,1,39,0,0,999.0,999.0,0.0,0.0,0.0,0.0,2,2,<a_122><b_82><c_5>,<a_77><b_14><c_8>,0,0.0
48,New 12V 5A 12V 19mm Red LED Momentary Push Button Metal Switch Car Boat Speakers Bells Horn,daier,1,5,0,0,999.0,999.0,0.0,0.0,0.0,0.0,2,1,<a_186><b_2><c_229>,<a_245><b_168><c_159>,0,0.0
53,"T&uuml;rlen Precision TEST DIAL INDICATOR 7 JEWELS .0005"" 0-15-0",TRLEN,1,58,0,0,999.0,999.0,0.0,0.0,0.0,0.0,2,2,<a_160><b_121><c_234>,<a_88><b_21><c_216>,0,0.0
55,CRC 5037 White Lithium Grease - 10 Wt Oz.,CRC,1,141,0,0,999.0,999.0,0.0,0.0,0.0,0.0,1,3,<a_6><b_226><c_57>,<a_173><b_24><c_209>,0,0.0
61,B&K Precision 879B Dual Display Handheld Deluxe Universal LCR Meter with Backlit Display,B&K Precision,1,23,0,0,999.0,999.0,0.0,0.0,0.0,0.0,1,1,<a_42><b_123><c_148>,<a_229><b_200><c_91>,0,0.0
62,"Anytime Tools Dial Caliper 6"" / 150mm DUAL Reading Scale METRIC SAE Standard INCH MM",Anytime Tools,1,93,0,0,999.0,999.0,0.0,0.0,0.0,0.0,1,1,<a_160><b_212><c_248>,<a_88><b_200><c_88>,0,0.0
72,"Eagle 1654 Yellow Blow-Molded HDPE Salvage Drum with Metal Ring Lever-Lock Lid, 20 gallon Capacity, 21"" Height, 21"" Diameter",Eagle,1,44,0,0,999.0,999.0,0.0,0.0,0.0,0.0,1,3,<a_165><b_177><c_167>,<a_196><b_192><c_228>,0,0.0
81,"Packard C230B 2 Pole 30 Amp Contactor, 120 Voltage Coil",Packard,1,84,0,0,999.0,999.0,0.0,0.0,0.0,0.0,2,1,<a_0><b_195><c_60>,<a_229><b_223><c_64>,0,0.0
90,Woodstock W1038 4-Inch Quick Connect and Disconnect,Woodstock,1,74,0,0,999.0,999.0,0.0,0.0,0.0,0.0,1,1,<a_223><b_51><c_237>,<a_31><b_37><c_129>,0,0.0
100,"Dixon BCN100 Brass Fitting, Hex Nipple, 1"" NPT Male",Dixon Valve & Coupling,1,50,0,0,999.0,999.0,0.0,0.0,0.0,0.0,1,1,<a_78><b_4><c_106>,<a_31><b_8><c_217>,0,0.0
106,Wago Wire Connector 600 V Clear 4 Conductor 100 / Box,Wago Corporation,1,118,0,0,999.0,999.0,0.0,0.0,0.0,0.0,1,2,<a_202><b_38><c_199>,<a_191><b_59><c_156>,0,0.0
107,"Polycarbonate (PC) Sheet, Transparent Clear, Standard Tolerance, ASTM D3935, 0.093"" Thickness, 12"" Width, 24"" Length",Small Parts,1,102,0,0,46.0,999.0,0.0,0.0,0.0,0.0,5,3,<a_51><b_17><c_190>,<a_251><b_125><c_21>,0,0.0
108,"Polycarbonate (PC) Sheet, Transparent Clear, Standard Tolerance, ASTM D3935, 0.08"" Thickness, 12"" Width, 24"" Length",Small Parts,1,87,1,1,1.0,1.0,1.0,1.0,1.0,1.0,5,3,<a_51><b_17><c_68>,<a_251><b_125><c_10>,0,0.0
111,"Hillman 830504 Stainless Steel 5/16-Inch Flat Washers, 100-Pack, 1 Pack",Hillman,1,11,0,0,999.0,999.0,0.0,0.0,0.0,0.0,6,6,<a_182><b_48><c_142>,<a_224><b_35><c_135>,0,0.0
115,"Industrial & Scientific"" />",F4 Tape,1,173,0,0,999.0,999.0,0.0,0.0,0.0,0.0,4,1,<a_50><b_110><c_101>,<a_134><b_56><c_200>,0,0.0
117,"Gorilla Original Gorilla Glue, Waterproof Polyurethane Glue, 8 ounce Bottle, Brown",Gorilla,1,142,0,0,999.0,999.0,0.0,0.0,0.0,0.0,4,3,<a_150><b_187><c_167>,<a_19><b_108><c_255>,0,0.0
118,Grizzly G9849 Magnetic Base/Dial Indicator Combo - President's Special,Grizzly,1,124,0,0,999.0,999.0,0.0,0.0,0.0,0.0,1,1,<a_160><b_131><c_171>,<a_88><b_128><c_128>,0,0.0
121,Magnum Media DUAL SCALE 0-32% Brix and 1.000-1.130SG Wort Refractometer RSG-100ATC Beer Home Brew,MAGNUM_MEDIA,1,30,0,0,999.0,999.0,0.0,0.0,0.0,0.0,3,2,<a_178><b_4><c_3>,<a_59><b_45><c_209>,0,0.0
124,"Enkay 150 Carded Polishing Compound Kit, 4 Piece",Enkay,1,40,0,0,999.0,999.0,0.0,0.0,0.0,0.0,1,1,<a_248><b_130><c_101>,<a_73><b_86><c_148>,0,0.0
127,"Morris 60202 Black Commercial Grade Vinyl Electrical Tape, 8.5 mil, 66' Length, 2"" Width",Morris,1,15,0,0,999.0,999.0,0.0,0.0,0.0,0.0,1,2,<a_192><b_226><c_117>,<a_42><b_183><c_8>,0,0.0
137,"Swordfish 31930 Stainless Steel Screw Assortment, 420 Piece",Swordfish,1,22,0,0,999.0,999.0,0.0,0.0,0.0,0.0,1,5,<a_182><b_120><c_213>,<a_224><b_129><c_171>,0,0.0
143,"GT-5000 (3 strips) Grip Tape for guns, cell phones, cameras, knives, tools - makes anything""Grippy"".",HI-TEC Industries,1,46,0,0,999.0,999.0,0.0,0.0,0.0,0.0,1,1,<a_64><b_164><c_247>,<a_57><b_94><c_8>,0,0.0
144,3M Dual Lock Reclosable Fastener TB3561/TB3562 400/170 Clear 1 in x 10 ft (1 Mated Strip/Bag),3M Dual Lock,1,30,0,0,999.0,999.0,0.0,0.0,0.0,0.0,1,5,<a_235><b_249><c_27>,<a_226><b_195><c_1>,0,0.0
145,"Marrywindix 6pcs ESD Precision Anti-Static Tweezers, Tweezers Stainless Steel Tweezers with a Bag for Electronics Jewelry-Making Repairing",Marrywindix,1,431,0,0,36.0,999.0,0.0,0.0,0.0,0.0,3,2,<a_51><b_147><c_85>,<a_245><b_249><c_150>,0,0.0
150,Colgate Cavity Protection Toothpaste with Fluoride - 1 ounce (24 Pack),Colgate,1,35,0,0,999.0,999.0,0.0,0.0,0.0,0.0,1,1,<a_242><b_176><c_156>,<a_12><b_220><c_225>,0,0.0
155,"JVCC EL7566-AW Synthetic Rubber Electrical Tape, 3 in. x 66 ft. (72mm x 20m), Black",J.V. Converting,1,41,0,0,999.0,999.0,0.0,0.0,0.0,0.0,4,2,<a_192><b_83><c_120>,<a_42><b_250><c_114>,0,0.0
161,"SA180 Adhesive Standoffs, 24 Pack, 0.180"" Height, Offset 0.6x0.6"" Base, Fits 0.125"" PCB Hole",BusBoard Prototype Systems,1,23,0,0,999.0,999.0,0.0,0.0,0.0,0.0,1,1,<a_173><b_240><c_236>,<a_118><b_46><c_189>,0,0.0
163,"Pratt PRA0017 100% Recycled Corrugated Cardboard Box, 8"" Length x 6"" Width x 6"" Height, Kraft",Pratt,1,11,0,0,999.0,999.0,0.0,0.0,0.0,0.0,2,2,<a_161><b_224><c_229>,<a_13><b_97><c_16>,0,0.0
168,"Scotch Super 33+ Vinyl Electrical Tape, 3/4 in x 66 ft",3M,1,322,0,0,999.0,999.0,0.0,0.0,0.0,0.0,4,2,<a_192><b_0><c_45>,<a_42><b_100><c_238>,0,0.0
171,Bulldog 131525 Multi-Screwdriver Holder Peg Hook,Bulldog Hardware,1,23,0,0,999.0,999.0,0.0,0.0,0.0,0.0,1,2,<a_191><b_169><c_2>,<a_167><b_77><c_18>,0,0.0
189,"316 Stainless Steel Machine Screw, Plain Finish, Flat Head, Phillips Drive, 1/2"" Length, #10-24 Threads (Pack of 25)",Small Parts,1,28,0,0,999.0,999.0,0.0,0.0,0.0,0.0,7,5,<a_182><b_239><c_195>,<a_224><b_93><c_252>,0,0.0
190,"BSI BSI-202 Quick-Cure 5Min Epoxy Bob Smith Ind, 9 oz.",BSI,1,87,0,0,999.0,999.0,0.0,0.0,0.0,0.0,4,2,<a_89><b_191><c_4>,<a_19><b_253><c_98>,0,0.0
199,J-B Weld 50133 Plastic Bonder Structural Adhesive Syringe - Dries Tan - 25 ml,J-B Weld,1,46,0,0,999.0,999.0,0.0,0.0,0.0,0.0,6,1,<a_89><b_99><c_6>,<a_19><b_137><c_34>,0,0.0
211,"Spears 497 Series PVC Pipe Fitting, Union with EPDM O-Ring, Schedule 40, 1"" Socket",Plumbing Parts,1,14,0,0,999.0,999.0,0.0,0.0,0.0,0.0,2,1,<a_165><b_80><c_214>,<a_200><b_32><c_236>,0,0.0
212,"Rutland Products 76C 500-Degree RTV High Heat Silicone Seal, 10.3-Ounce Cartridge, Clear",Rutland Products,1,53,0,0,999.0,999.0,0.0,0.0,0.0,0.0,1,2,<a_210><b_43><c_59>,<a_57><b_57><c_214>,0,0.0
213,"Shoreline Marine GOOP, 3.7-Ounce, Clear",Shoreline Marine,1,91,0,0,999.0,999.0,0.0,0.0,0.0,0.0,2,2,<a_150><b_229><c_192>,<a_57><b_141><c_235>,0,0.0
224,"Senco L15BAB 18 Gauge by 1/4-inch Crown by 1-1/4-inch Length Electro Galvanized Staples (5,000 per box)",Senco,1,34,0,0,999.0,999.0,0.0,0.0,0.0,0.0,1,1,<a_191><b_134><c_149>,<a_255><b_160><c_88>,0,0.0
228,"Duck Brand 240201 MAX Strength Duct Tape, 1.88 Inches by 45 Yards, Silver, Single Roll",Duck,1,37,0,0,999.0,999.0,0.0,0.0,0.0,0.0,5,4,<a_192><b_238><c_3>,<a_42><b_172><c_254>,0,0.0
231,"Polar Ice PI125200CT 125 Count Plastic Jello Shot Cups with Lids, 2-Ounce",Polar Ice,1,42,0,0,999.0,999.0,0.0,0.0,0.0,0.0,3,2,<a_36><b_16><c_202>,<a_105><b_172><c_69>,0,0.0
237,"American Educational Cast Iron Support Ring Stand with Triangular Base, 7-3/4"" Legs, 7/16"" Diameter x 23"" Length Rod Size",American Educational Products,1,23,0,0,999.0,999.0,0.0,0.0,0.0,0.0,1,4,<a_91><b_5><c_215>,<a_88><b_39><c_49>,0,0.0
242,5 Ml Amber Glass Bottle W/euro Dropper. Black Cap. 12 Pack,mEssentials,1,39,0,0,999.0,17.0,0.0,0.0,0.0,0.0,3,2,<a_177><b_120><c_90>,<a_223><b_195><c_34>,0,0.0
253,"Blue Magic 16002TRI QuikSteel Steel Reinforced Epoxy Putty Repair, Blister Pack - 2 oz.",Blue Magic,1,11,0,0,999.0,999.0,0.0,0.0,0.0,0.0,1,1,<a_89><b_148><c_86>,<a_173><b_69><c_148>,0,0.0
260,Dap 18120 Alex Plus Brown (18112) Raw Building Material,DAP,1,87,0,0,999.0,999.0,0.0,0.0,0.0,0.0,1,2,<a_64><b_238><c_147>,<a_57><b_181><c_53>,0,0.0
268,WD-40 300052 Specialist Dirt and Dust Resistant Dry Lube PTFE Spray 10 OZ (Pack of 1),WD-40,1,74,0,0,999.0,999.0,0.0,0.0,0.0,0.0,1,1,<a_6><b_17><c_189>,<a_173><b_166><c_75>,0,0.0
284,Silica Gel Desiccants 2-1/4 x 1 1/2 Inches - 25 Silica Gel Packets of 10 Grams Each by Dry-Packs,Absorbent Industries,1,174,0,0,999.0,999.0,0.0,0.0,0.0,0.0,4,7,<a_161><b_104><c_182>,<a_91><b_28><c_1>,0,0.0
287,"KYDEX V Sheet - 0.028"" Thick, Black, 12&rdquo;x12&rdquo; Nominal",Small Parts,1,114,0,0,999.0,999.0,0.0,0.0,0.0,0.0,2,1,<a_225><b_81><c_32>,<a_253><b_23><c_1>,0,0.0
291,"Colgate Optic White Whitening Toothpaste, Sparkling Mint - 5 ounce (6 Pack)",Colgate,1,39,0,0,999.0,999.0,0.0,0.0,0.0,0.0,2,2,<a_242><b_129><c_9>,<a_12><b_46><c_232>,0,0.0
294,Graham Conderser Kit,MHB,1,48,0,0,999.0,30.0,0.0,0.0,0.0,0.0,1,1,<a_223><b_221><c_45>,<a_242><b_57><c_120>,0,0.0
307,ZING 6063 RecycLockout Mini Lockout Station - Stocked,Zing Green Products,1,0,0,0,999.0,999.0,0.0,0.0,0.0,0.0,2,2,<a_10><b_211><c_208>,<a_16><b_164><c_1>,0,0.0
323,"6101 Aluminum Rectangular Bar, Unpolished (Mill) Finish, T61 Temper, ASTM B317, 1/4"" Thickness, 2"" Width, 12"" Length",Small Parts,1,17,0,0,999.0,999.0,0.0,0.0,0.0,0.0,3,1,<a_225><b_237><c_14>,<a_253><b_22><c_91>,0,0.0
329,DEWALT DW4961 4-Inch by 2-Inch by 5/8-Inch -11 Concrete/Masonry Grinding Steel Backed Cup Wheel,DEWALT,1,20,0,0,999.0,999.0,0.0,0.0,0.0,0.0,3,1,<a_122><b_197><c_125>,<a_71><b_58><c_142>,0,0.0
334,DEWALT DW4774 4-1/2-Inch Double-Row Diamond-Cup Grinding-Wheel,DEWALT,1,67,0,0,27.0,999.0,0.0,0.0,0.0,0.0,1,2,<a_122><b_251><c_137>,<a_71><b_155><c_112>,0,0.0
348,"Kano Aerokroil Penetrating Oil, 10 oz. aerosol (AEROKROIL)",Kano,1,78,0,0,999.0,999.0,0.0,0.0,0.0,0.0,1,1,<a_6><b_174><c_43>,<a_173><b_253><c_142>,0,0.0
358,"PORTER-CABLE PNS18100-1 1-Inch 18 Gauge Narrow Crown Staple, 1000-Pack",PORTER-CABLE,1,7,0,0,999.0,999.0,0.0,0.0,0.0,0.0,4,2,<a_191><b_93><c_2>,<a_255><b_58><c_210>,0,0.0
360,Carrera Precision CP9806-TF Titanium 0-Inch to 6-Inch Electronic Fractional & Decimal Digital Caliper,Carrera Precision,1,88,0,0,999.0,999.0,0.0,0.0,0.0,0.0,2,3,<a_160><b_181><c_7>,<a_88><b_233><c_104>,0,0.0
364,"Tru-Flate 21-143 1/4"" NPT Male Fitting x 3/8"" ID Hose Barb Type Fitting",Tru-Flate,1,48,0,0,999.0,999.0,0.0,0.0,0.0,0.0,2,5,<a_78><b_121><c_212>,<a_31><b_210><c_197>,0,0.0
372,"Stainless Steel 316 Wire Rope on Reel, 7x7 Strand Core, 1/8"" Bare OD, 250' Length, 340 lbs Breaking Strength",Apex Tool Group,1,22,0,0,999.0,999.0,0.0,0.0,0.0,0.0,1,1,<a_10><b_64><c_45>,<a_13><b_32><c_113>,0,0.0
374,"M-D Building Products 2758 High Density Foam Tape, White",M-D Building Products,1,55,0,0,999.0,999.0,0.0,0.0,0.0,0.0,1,3,<a_235><b_201><c_184>,<a_42><b_239><c_76>,0,0.0
380,"eSeasongear SALT-3050 Waterproof Tester, Digital Salinity PPM Temperature Meter for Salt Water Pool and Koi Fish Pond",eSeasonGear,1,5,0,0,999.0,999.0,0.0,0.0,0.0,0.0,1,1,<a_62><b_170><c_252>,<a_59><b_15><c_185>,0,0.0
383,"EnviroCare Replacement Vacuum Bags for Panasonic Types U, U-3, U-6-9 Pack",EnviroCare,1,37,0,0,999.0,999.0,0.0,0.0,0.0,0.0,1,1,<a_83><b_57><c_26>,<a_125><b_16><c_58>,0,0.0
385,"Eclectic Supply B36-24 Cobalt Glass Bottles with Glass Eye Dropper, 1 oz Capacity, Blue (Pack of 24)",Yesker,1,261,0,0,18.0,11.0,0.0,0.0,0.0,0.0,5,3,<a_177><b_179><c_6>,<a_223><b_167><c_238>,0,0.0
391,Senco A209909 18-Gauge-by-1-2-Inch Electro Galvanized Variety Pack Brads,Senco,1,112,0,0,999.0,999.0,0.0,0.0,0.0,0.0,1,2,<a_191><b_219><c_252>,<a_255><b_188><c_45>,0,0.0
394,NATIONAL MFG CO #N104-349 #10SGL Box Rail Bracket Galvanized,National Hardware,1,17,0,0,999.0,999.0,0.0,0.0,0.0,0.0,1,1,<a_41><b_54><c_130>,<a_16><b_65><c_151>,0,0.0
395,Arctic Silver 5 AS5-3.5G Thermal Paste,Arctic Silver,1,659,0,0,30.0,999.0,0.0,0.0,0.0,0.0,1,1,<a_24><b_107><c_139>,<a_92><b_168><c_115>,0,0.0
399,Anytime Tools 48 pc HEAT SHRINK TUBING WRAP SLEEVES ASSORTED SIZES,Anytime Tools,1,261,0,0,999.0,999.0,0.0,0.0,0.0,0.0,4,3,<a_202><b_153><c_3>,<a_115><b_175><c_3>,0,0.0
400,"Neiko 50432A Nylon Lock Nut Assortment Kit with Carrying Case, 150 Pieces | SAE",Neiko,1,92,0,0,999.0,999.0,0.0,0.0,0.0,0.0,3,1,<a_182><b_64><c_25>,<a_224><b_16><c_233>,0,0.0
403,"Anderson Metals Brass Tube Fitting, Union, 3/8"" x 3/8"" Flare",Anderson Metals,1,17,0,0,999.0,999.0,0.0,0.0,0.0,1.0,7,3,<a_78><b_39><c_167>,<a_31><b_111><c_64>,0,0.0
407,Lucksender 100 Feet /30 Meter 1/4inch / 6mm I.D Polyolefin 2:1 Heat Shrink Tubing,Lucksender,1,28,1,1,1.0,1.0,1.0,1.0,1.0,0.0,5,3,<a_202><b_30><c_0>,<a_115><b_181><c_175>,0,0.0
409,"Scotch Super 33+ Vinyl Electrical Tape, .75-Inch x 66-Foot x 0.007-Inch, Pack of 10",Scotch,1,29,0,0,999.0,999.0,0.0,0.0,0.0,0.0,4,2,<a_192><b_0><c_202>,<a_42><b_100><c_109>,0,0.0
414,"Koch 7640040 Roller Chain Offset Link, 4-Pack, 40",Koch Industries,1,218,0,0,999.0,999.0,0.0,0.0,0.0,0.0,1,2,<a_10><b_47><c_88>,<a_16><b_51><c_105>,0,0.0
419,Bostitch BTFP72326 Regulator and Gauge Kit with 1/4-Inch NPT Thread,BOSTITCH,1,41,0,0,999.0,999.0,0.0,0.0,0.0,0.0,3,1,<a_78><b_89><c_179>,<a_56><b_92><c_21>,0,0.0
424,Workbench Caster Kit 4 Pack,Rockler,1,32,0,0,999.0,999.0,0.0,0.0,0.0,0.0,1,1,<a_51><b_224><c_221>,<a_245><b_176><c_183>,0,0.0
426,"5/16"" - 36 HSS Right hand Thread Tap with 7.3mm Drill bit",GAVAN,1,24,0,0,999.0,44.0,0.0,0.0,0.0,0.0,3,2,<a_182><b_119><c_29>,<a_71><b_185><c_199>,0,0.0
430,"VXB UCP202-10 Ball Bearing Pillow Block, 2 Bolt Holes, Setscrew Locking Collar, 5/8"" Bore Diameter, Cast Iron, Inch",VXB,1,14,0,0,999.0,999.0,0.0,0.0,0.0,0.0,2,1,<a_34><b_38><c_55>,<a_84><b_205><c_143>,0,0.0
432,Vermont American 20371  1/8-27 NPT High Carbon Steel Pipe Tap,Vermont American,1,61,0,0,999.0,999.0,0.0,0.0,0.0,0.0,3,4,<a_34><b_41><c_6>,<a_84><b_146><c_17>,0,0.0
435,3M Company #RF6731 2PR 1x3 Re-Close Strip,3M,1,35,0,0,999.0,999.0,0.0,0.0,0.0,0.0,1,2,<a_64><b_86><c_115>,<a_19><b_246><c_22>,0,0.0
438,"3M Construction Seaming Tape 8087 Red, 72 mm x 50M, 2 13/16 in x 55 yd (Pack of 1)",3M,1,24,0,0,999.0,999.0,0.0,0.0,0.0,0.0,1,2,<a_235><b_17><c_86>,<a_42><b_183><c_25>,0,0.0
439,"Malin - MS20995C Stainless Steel Safety Wire / Lockwire | .032"" Dia , Can",Malin,1,54,0,0,999.0,999.0,0.0,0.0,0.0,0.0,1,1,<a_10><b_21><c_171>,<a_13><b_145><c_139>,0,0.0
442,"The Hillman Group 300018 Split Lock Zinc Washer, 1/4-Inch, 100-Pack",The Hillman Group,1,23,0,0,999.0,999.0,0.0,0.0,0.0,0.0,1,1,<a_182><b_82><c_149>,<a_224><b_224><c_141>,0,0.0
448,SG-40 Silica Gel Dehumidifier Desiccant 40 Gram Orange/Green No Cobalt (II) Chloride,HYDROSORBENT,1,35,0,0,999.0,999.0,0.0,0.0,0.0,0.0,6,4,<a_161><b_129><c_200>,<a_91><b_190><c_44>,0,0.0
452,"Best Quality Plastic Self Drilling Drywall Anchors with Screws Kit, 100 Pieces All Together, Anchors Made in USA",Qualihome,1,29,0,0,999.0,999.0,0.0,0.0,0.0,0.0,3,1,<a_182><b_103><c_50>,<a_224><b_115><c_179>,0,0.0
453,Bob Smith Industries BSI-201 Quik-Cure Epoxy (4.5 oz. Combined),Bob Smith Industries,1,55,0,0,999.0,999.0,0.0,0.0,0.0,0.0,4,2,<a_89><b_191><c_5>,<a_19><b_253><c_164>,0,0.0
458,"Rust-Oleum 278146 NeverWet 11-Ounce Outdoor Fabric Spray, Clear",Rust-Oleum,1,18,0,0,999.0,999.0,0.0,0.0,0.0,0.0,1,1,<a_6><b_103><c_238>,<a_83><b_62><c_72>,0,0.0
473,"Oatey 30821 Cement, 8-Ounce, Milky-Clear",Oatey,1,43,0,0,999.0,999.0,0.0,0.0,0.0,0.0,1,3,<a_89><b_86><c_163>,<a_173><b_215><c_47>,0,0.0
483,"Carson Multi-Power LED Lighted Pocket Magnifiers for Reading, Inspection, Low Vision, Crafts, Hobby and Tasks (PM-33, PM-33MU)",Carson,1,46,0,0,999.0,999.0,0.0,0.0,0.0,0.0,1,2,<a_12><b_153><c_7>,<a_149><b_214><c_139>,0,0.0
485,"Steel Flat Washer, Plain Finish, ASME B18.22.1, 1/4"" Screw Size, 9/32"" ID, 5/8"" OD, 0.065"" Thick (Pack of 100)",Small Parts,1,46,0,0,999.0,999.0,0.0,0.0,0.0,0.0,3,6,<a_78><b_139><c_4>,<a_224><b_35><c_242>,0,0.0
488,"Vestil AS-383-4PK Concrete Anchor Four Bolt Kit, 3/8"" Diameter x 3"" Length",Vestil,1,12,0,0,999.0,999.0,0.0,0.0,0.0,0.0,5,3,<a_182><b_182><c_97>,<a_224><b_220><c_251>,0,0.0
504,HDE RJ45 RJ11 RJ12 Cat5 Cat6 UTP Network Cable Tester for LAN Phone Wire Test Tool,HDE,1,19,0,0,999.0,999.0,0.0,0.0,0.0,0.0,2,1,<a_186><b_40><c_246>,<a_245><b_237><c_201>,0,0.0
516,"100pc 1/4"" Grommets Eyelets for Clothes, Leather, Canvas - Self-Backing",ProTool,1,23,0,0,999.0,999.0,0.0,0.0,0.0,0.0,2,1,<a_173><b_103><c_163>,<a_167><b_225><c_189>,0,0.0
522,"Rockler Silicone Mini Glue Brush, 2-Pack",Rockler,1,19,0,0,999.0,999.0,0.0,0.0,0.0,0.0,1,1,<a_89><b_93><c_208>,<a_57><b_73><c_225>,0,0.0
530,"Dap 00688 All-Purpose Adhesive Sealant, 100% Silicone, 2.8-Ounce Tube",DAP,1,45,0,0,999.0,999.0,0.0,0.0,0.0,0.0,2,1,<a_210><b_129><c_250>,<a_57><b_142><c_67>,0,0.0
531,"General Electric GE360 Kitchen and Bath  Silicone I Caulk, 2.8-Ounce, Clear",GE,1,4,0,0,999.0,32.0,0.0,0.0,0.0,0.0,3,1,<a_210><b_248><c_14>,<a_57><b_155><c_0>,0,0.0
532,"Carlisle 34101023 Bronco Round Waste Container Only, 10 Gallon, Gray",Carlisle,1,5,0,0,999.0,999.0,0.0,0.0,0.0,0.0,1,1,<a_241><b_25><c_23>,<a_20><b_174><c_115>,0,0.0
535,Sil-Bond RTV 6500 high temperature 1-Part industrial/construction grade silicone sealant,Silco Incorporated,1,9,0,0,999.0,999.0,0.0,0.0,0.0,0.0,1,1,<a_210><b_144><c_85>,<a_57><b_121><c_120>,0,0.0
539,"TOGGLER SnapSkru Self-Drilling Drywall Anchor, Pack of 20",TOGGLER,1,68,0,0,999.0,999.0,0.0,0.0,0.0,0.0,1,3,<a_182><b_10><c_239>,<a_224><b_196><c_82>,0,0.0
545,3-IN-ONE 120070 Lock Dry Lube 2.5 oz (Pack of 1),3-IN-ONE,1,27,0,0,999.0,999.0,0.0,0.0,0.0,0.0,1,1,<a_6><b_198><c_185>,<a_173><b_154><c_49>,0,0.0
548,"Intertape Polymer Group 5936USW Sheathing Tape, 2-1/2 in. x 55 yd, White",Intertape Polymer Group,1,13,0,0,999.0,999.0,0.0,0.0,0.0,0.0,2,1,<a_235><b_235><c_188>,<a_42><b_188><c_203>,0,0.0
550,"HM Digital DM-1 In-Line Dual TDS Monitor, 0-9990 ppm Range, +/- 2% Readout Accuracy",HM Digital,1,40,0,0,999.0,999.0,0.0,0.0,0.0,0.0,1,1,<a_62><b_84><c_101>,<a_59><b_163><c_166>,0,0.0
552,3M 08946 Clear Silicone Paste - 8 oz.,3M,1,79,0,0,999.0,999.0,0.0,0.0,0.0,0.0,1,1,<a_210><b_136><c_35>,<a_57><b_117><c_4>,0,0.0
554,"Justrite 7150400 Type I Galvanized Steel Oils Safety Can, 5 Gallon Capacity, Green",Justrite,1,32,0,0,999.0,999.0,0.0,0.0,0.0,0.0,4,1,<a_241><b_15><c_4>,<a_20><b_244><c_222>,0,0.0
559,Racers Edge 3000 1/2-Ounce Bottle W Needle Tip,1st Choice,1,93,0,0,999.0,999.0,0.0,0.0,0.0,0.0,1,1,<a_24><b_122><c_14>,<a_20><b_161><c_158>,0,0.0
565,5lb co2 Tank- New Aluminum Cylinder with CGA320 Valve,Luxfer,1,36,0,0,999.0,999.0,0.0,0.0,0.0,0.0,2,1,<a_241><b_142><c_124>,<a_20><b_9><c_47>,0,0.0
566,"4 - Red 12"" Tire Premium Skates Wheel Car Dolly Ball Bearings Skate Makes Moving A Car Easy Furniture Movers",Red Hound Auto,1,14,0,0,999.0,999.0,0.0,0.0,0.0,0.0,1,3,<a_51><b_201><c_252>,<a_15><b_216><c_94>,0,0.0
577,"Neiko 50458A Snap Ring Shop Assortment, 300 Count | 18 Sizes (1/8"" - 1-1/4"") | Hardened Steel",Neiko,1,100,0,0,999.0,999.0,0.0,0.0,0.0,0.0,1,1,<a_173><b_235><c_209>,<a_167><b_1><c_139>,0,0.0
581,"Smith-Cooper International 8135 Series Brass Ball Valve, Inline, Lever Handle, 1-1/4"" NPT Female, Non-Potable Water Use Only",Smith-Cooper International,1,26,0,0,999.0,999.0,0.0,0.0,0.0,0.0,2,1,<a_165><b_84><c_3>,<a_200><b_125><c_235>,0,0.0
582,"Forney 72757 Wire Cup Brush, Knotted with 5/8-Inch-11 Threaded Arbor, 2-3/4-Inch-by-.020-Inch",Forney,1,46,0,0,15.0,999.0,0.0,0.0,1.0,0.0,7,4,<a_247><b_134><c_165>,<a_77><b_170><c_29>,0,0.0
587,"Devcon 31345 2 Ton Clear Epoxy, 25 ml",Devcon,1,43,0,0,999.0,999.0,0.0,0.0,0.0,0.0,2,1,<a_89><b_66><c_7>,<a_19><b_219><c_241>,0,0.0
590,Mentadent Advance Whitening Refreshing Mint Bonus Pack Free Base & 2 Refills 5.25 OZ,Church & Dwight,1,21,0,0,999.0,999.0,0.0,0.0,0.0,0.0,3,3,<a_242><b_174><c_61>,<a_12><b_23><c_89>,0,0.0
595,"Gardner Bender GSW-17  Electrical Toggle Switch, SPST, ON-OFF, 6 A/120V AC,  Screw Terminal",Gardner Bender,1,65,0,0,999.0,999.0,0.0,0.0,0.0,0.0,3,5,<a_0><b_181><c_161>,<a_67><b_160><c_161>,0,0.0
597,Ginsco 110pcs Female Yellow 12-10 Gauge Nylon Fully-Insulated Quick Disconnects Wiring Spade Wire Connector Crimp Terminal,Ginsco,1,11,0,0,999.0,999.0,0.0,0.0,0.0,0.0,8,3,<a_202><b_60><c_116>,<a_191><b_89><c_4>,0,0.0
599,"Steelex D2581 Swivel Heavy Duty Industrial Wheel, 8-Inch",Steelex,1,18,0,0,999.0,999.0,0.0,0.0,0.0,0.0,5,3,<a_41><b_246><c_175>,<a_85><b_86><c_51>,0,0.0
603,"The Hillman Group 591519 Small Small Wood Screw Assortment, 195-Pack",Hillman,1,119,0,0,999.0,999.0,0.0,0.0,0.0,0.0,6,1,<a_182><b_251><c_234>,<a_224><b_147><c_116>,0,0.0
604,"Move-It 9299 6-Inch Steel Tri-Dolly, 200-lb Load Capacity",Shepherd Hardware,1,54,0,0,999.0,999.0,0.0,0.0,0.0,0.0,2,1,<a_41><b_101><c_178>,<a_85><b_128><c_34>,0,0.0
614,"Duck Brand 394471 Advanced Strength Duct Tape, 1.88 Inches by 60 Yards, Single Roll, Gray",Duck,1,52,0,0,999.0,999.0,0.0,0.0,0.0,0.0,5,4,<a_192><b_238><c_0>,<a_42><b_172><c_47>,0,0.0
615,Stainless Steel Phillips Pan Sheet Metal Screw Assortment Kit,Stainless Town,1,30,0,0,999.0,999.0,0.0,0.0,0.0,0.0,4,5,<a_182><b_197><c_181>,<a_224><b_129><c_82>,0,0.0
618,"Dap 18354 Seal 'N Peel Removable Caulk, 10.1-Ounce",DAP,1,20,0,0,999.0,999.0,0.0,0.0,0.0,0.0,1,3,<a_210><b_31><c_144>,<a_57><b_128><c_145>,0,0.0
619,Vktech 150pcs 2:1 Heat Shrink Tubing Tube Sleeving Wire Cable 8 Sizes 2-13mm Black,Vktech,1,135,0,0,999.0,999.0,0.0,0.0,0.0,0.0,9,2,<a_202><b_12><c_211>,<a_115><b_171><c_186>,0,0.0
621,"IPG AC10 7 Mil Fix-It DUCTape 1.88"" x 50 yd, Silver",Intertape Polymer Group,1,10,0,0,999.0,999.0,0.0,0.0,0.0,0.0,1,3,<a_192><b_99><c_149>,<a_42><b_21><c_86>,0,0.0
622,"Gorilla Tape, Black Duct Tape, 1.88"" x 12 yd, Black, (Pack of 1)",Gorilla,1,119,0,0,999.0,999.0,0.0,0.0,0.0,0.0,5,7,<a_150><b_83><c_62>,<a_42><b_40><c_154>,0,0.0
623,"Chemical Guys MIC_MBLUE_12 Workhorse Professional Grade Microfiber Towel, Blue (16 in. x 16 in.) (Pack of 12)",Chemical Guys,1,17,0,0,999.0,999.0,0.0,0.0,0.0,0.0,1,1,<a_165><b_213><c_91>,<a_196><b_198><c_207>,0,0.0
624,"Red Devil 0637 12 Pack 10.1 oz. Blacktop Acrylic Repair Sealant, Black",Red Devil,1,14,0,0,999.0,999.0,0.0,0.0,0.0,0.0,3,1,<a_89><b_131><c_56>,<a_57><b_82><c_12>,0,0.0
625,"AMMEX - ABNPF48100-BX - Medical Nitrile Gloves - Disposable, Powder Free, Exam Grade, 4 mil, XLarge, Black (Box of 100)",Ammex,1,46,0,0,999.0,999.0,0.0,0.0,0.0,0.0,4,9,<a_254><b_121><c_209>,<a_91><b_193><c_50>,0,0.0
628,WD-40 Multi-Use Product - Multi-Purpose Lubricant with EZ-REACH Flexible Straw. 14.4 oz. (6 Pack),WD-40,1,32,0,0,999.0,999.0,0.0,0.0,0.0,0.0,1,3,<a_6><b_36><c_52>,<a_173><b_142><c_218>,0,0.0
629,Ginsco 200pcs 3 Size Heat Shrink Butt Connectors Kit Electrical Insulated Wire Terminal 10-22 AWG Set,Ginsco,1,15,0,0,999.0,999.0,0.0,0.0,0.0,0.0,1,2,<a_202><b_5><c_51>,<a_191><b_69><c_101>,0,0.0
630,Bellows Hand Duster BHD001 by Anteater,Anteater,1,35,0,0,999.0,999.0,0.0,0.0,0.0,0.0,1,1,<a_83><b_70><c_108>,<a_77><b_126><c_86>,0,0.0
639,"Duck Brand 241410 Pittsburgh Steelers NFL Team Logo Duct Tape, 1.88-Inch by 10 Yards, Single Roll",Duck,1,22,0,0,999.0,999.0,0.0,0.0,0.0,0.0,1,1,<a_192><b_172><c_240>,<a_42><b_104><c_61>,0,0.0
641,"AMMEX - ABNPF46100 - Medical Nitrile Gloves - Disposable, Powder Free, Exam Grade, 4 mil, Large, Black (Case of 1000)",Ammex,1,47,0,0,999.0,999.0,0.0,0.0,0.0,0.0,4,9,<a_254><b_121><c_2>,<a_91><b_193><c_25>,0,0.0
644,"Red Devil 0406 Kitchen and Bath Siliconized Acrylic Caulk, 10.1 oz, White",Red Devil,1,39,0,0,999.0,999.0,0.0,0.0,0.0,0.0,2,2,<a_210><b_124><c_29>,<a_57><b_113><c_133>,0,0.0
653,"Five 1"" Inch Chrome Steel Bearing Balls G25",BC Precision Balls,1,23,0,0,999.0,999.0,0.0,0.0,0.0,0.0,7,4,<a_34><b_225><c_98>,<a_84><b_122><c_130>,0,0.0
654,"CMS Magnets Powerful Rare Earth Neodymium Cup Magnet 249 LB Pull Power 0.59"" Thick x 2.36"" Diameter - 1 Ct.",CMS MAGNETICS,1,20,0,0,999.0,999.0,0.0,0.0,0.0,0.0,1,2,<a_175><b_127><c_142>,<a_13><b_87><c_128>,0,0.0
659,Stanley MR100CG Contractor Grade Riveter,Stanley,1,128,0,0,999.0,999.0,0.0,0.0,0.0,0.0,2,1,<a_191><b_126><c_133>,<a_255><b_64><c_6>,0,0.0
667,"Maasdam Pow'R Pull PP100, Post Pull'R",Maasdam,1,41,0,0,999.0,999.0,0.0,0.0,0.0,0.0,1,1,<a_41><b_29><c_50>,<a_13><b_58><c_163>,0,0.0
668,"Dixon Valve TTA75 PTFE Industrial Sealant Tape, 260-inch, White",Dixon Valve & Coupling,1,29,0,0,999.0,999.0,0.0,0.0,0.0,0.0,2,1,<a_210><b_202><c_39>,<a_115><b_62><c_211>,0,0.0
672,"Halyard Health Face Masks with Earloops, 47117, Yellow (Box of 50)",Halyard Health,1,15,0,0,999.0,999.0,0.0,0.0,0.0,0.0,1,1,<a_171><b_247><c_42>,<a_62><b_87><c_98>,0,0.0
682,Pro Flex Super Flexible Elastomeric Sealant Acrylic Clear Paintable 10 Oz,Geocel,1,22,0,0,999.0,999.0,0.0,0.0,0.0,0.0,1,1,<a_210><b_150><c_137>,<a_57><b_9><c_97>,0,0.0
685,The Hillman Group 90398 1/4-20X1-1/4 MACH Screw,The Hillman Group,1,17,0,0,999.0,999.0,0.0,0.0,0.0,0.0,2,2,<a_182><b_100><c_160>,<a_224><b_239><c_19>,0,0.0
686,"The Hillman Group 90293 10-32-Inch x 1/2-Inch Round Head Combo Machine Screw, 100-Pack",The Hillman Group,1,12,1,1,1.0,1.0,1.0,1.0,1.0,1.0,2,2,<a_182><b_100><c_163>,<a_224><b_239><c_21>,0,0.0
689,"Anderson Metals Brass Garden Hose Swivel Fitting, Connector, 1/2"" Barb x 3/4"" Female Hose",Anderson Metals,1,51,0,0,33.0,999.0,0.0,0.0,0.0,0.0,1,1,<a_78><b_193><c_48>,<a_31><b_145><c_154>,0,0.0
704,"Stanley Wet/Dry Vacuum, 1 Gallon, 1.5 Horsepower",Stanley,1,14,0,0,999.0,999.0,0.0,0.0,0.0,0.0,1,2,<a_83><b_211><c_99>,<a_125><b_200><c_29>,0,0.0
712,Wixey WR100 6-Inch Digital Calipers with Fractions,Wixey,1,48,0,0,999.0,999.0,0.0,0.0,0.0,0.0,1,2,<a_160><b_163><c_144>,<a_88><b_26><c_190>,0,0.0
716,"GORILLA PVC R08000 Pvc Glue 8 OZ, Clear",True Value,1,28,0,0,999.0,999.0,0.0,0.0,0.0,0.0,1,1,<a_150><b_85><c_105>,<a_19><b_56><c_216>,0,0.0
717,HH-66 PVC Vinyl Cement Glue with Brush 8oz,HH-66 PVC Vinyl Cement,1,23,0,0,999.0,999.0,0.0,0.0,0.0,0.0,2,3,<a_150><b_29><c_62>,<a_19><b_191><c_151>,0,0.0
720,"Dicor BT-1834-1 1/8"" x 3/4"" x 30' Butyl Seal Tape",Dicor,1,132,0,0,999.0,999.0,0.0,0.0,0.0,0.0,1,1,<a_235><b_69><c_89>,<a_57><b_235><c_21>,0,0.0
728,"Cold Rolled Steel A513 Drawn Over Mandrel Round Tubing, ASTM A513, 1-1/4"" OD, 1.01"" ID, 0.12"" Wall, 72"" Length",Small Parts,1,96,0,0,999.0,999.0,0.0,0.0,0.0,0.0,1,2,<a_225><b_100><c_237>,<a_253><b_98><c_135>,0,0.0
733,"MG Chemicals 824-1L 99.9% Isopropyl Alcohol Liquid Cleaner, Clear , 945 mL (1 US Quart)",MG Chemicals,1,151,0,0,999.0,39.0,0.0,0.0,0.0,0.0,1,1,<a_165><b_108><c_111>,<a_196><b_93><c_233>,0,0.0
735,"E-Projects EPC-102 43 Value Resistor Kit, 1 Ohm - 10M Ohm (Pack of 1075)",E-Projects,1,27,0,0,999.0,999.0,0.0,0.0,0.0,0.0,10,5,<a_145><b_9><c_19>,<a_36><b_217><c_37>,0,0.0
736,GUM Proxabrush Go-Betweens Cleaners 8 ct - Ultratight Pack of (3),Sunstar,1,8,0,0,999.0,999.0,0.0,0.0,0.0,0.0,1,1,<a_242><b_175><c_237>,<a_74><b_15><c_191>,0,0.0
741,"Hillman Group 829720 1/4 by 20-Inch Stainless Steel Nylon Insert Locknut, 50-Pack, Single",Hillman,1,25,0,0,999.0,999.0,0.0,0.0,0.0,0.0,3,3,<a_182><b_226><c_27>,<a_224><b_79><c_52>,0,0.0
746,Applicator Bottle with Stainless Steel Needle - 3 Pack,IPS,1,34,0,0,999.0,999.0,0.0,0.0,0.0,0.0,2,2,<a_177><b_21><c_6>,<a_20><b_117><c_16>,0,0.0
750,"Rubbermaid Commercial FG9T6600BLA Service/Utility Cart, Two-Shelf, 300 lb capactiy, Black",Rubbermaid Commercial Products,1,38,0,0,999.0,999.0,0.0,0.0,0.0,0.0,2,1,<a_241><b_222><c_229>,<a_85><b_68><c_121>,0,0.0
751,Install Bay CC2218 Crimp Cap Nylon Connector 22/18 Gauge (100-Pack),Install Bay,1,100,0,0,999.0,999.0,0.0,0.0,0.0,0.0,2,3,<a_202><b_51><c_228>,<a_191><b_159><c_9>,0,0.0
753,"PVC (Polyvinyl Chloride) Sheet, Opaque White, Standard Tolerance, UL 94/ASTM D1784, 1/4"" Thickness, 12"" Width, 12"" Length",Small Parts,1,20,0,0,999.0,999.0,0.0,0.0,0.0,0.0,2,1,<a_225><b_96><c_32>,<a_253><b_44><c_132>,0,0.0
758,Push-On Alligator Clips for Test Leads,Elenco Electronics,1,78,0,0,999.0,999.0,0.0,0.0,0.0,0.0,1,1,<a_239><b_141><c_125>,<a_0><b_111><c_179>,0,0.0
760,Sun Company 201-F Lev-o-gage Inclinometer and Tilt Gauge,Sun Company,1,18,0,0,999.0,999.0,0.0,0.0,0.0,0.0,1,1,<a_12><b_212><c_73>,<a_254><b_185><c_3>,0,0.0
763,Rope King CSC-6100 Cotton Sash Cord #6 - 3/16 inch x 100 feet,Rope King,1,17,0,0,999.0,999.0,0.0,0.0,0.0,0.0,1,1,<a_10><b_29><c_192>,<a_13><b_18><c_90>,0,0.0
764,Shop-Vac 9050300 2.5-Inch by 8-Foot Hose,Shop-Vac,1,16,0,0,999.0,999.0,0.0,0.0,0.0,0.0,4,3,<a_83><b_6><c_54>,<a_125><b_241><c_219>,0,0.0
765,WAGO 222-413 LEVER-NUTS 3 Conductor Compact Connectors,Wago,1,125,0,0,999.0,999.0,0.0,0.0,0.0,0.0,1,1,<a_202><b_203><c_112>,<a_191><b_70><c_12>,0,0.0
767,J-B Weld 50101 MinuteWeld Instant-Setting Epoxy Syringe - Dries Clear - 25ml,J-B Weld,1,11,0,0,999.0,999.0,0.0,0.0,1.0,1.0,6,6,<a_89><b_99><c_172>,<a_19><b_166><c_197>,0,0.0
768,"Oil Slick Sheet Labratory Grade PTFE Roll Solvent Resistant Alternative to Parchment Paper, 48x16",Oil Slick,1,25,0,0,999.0,999.0,0.0,0.0,0.0,0.0,1,1,<a_225><b_153><c_188>,<a_253><b_99><c_25>,0,0.0
776,"Pumice Cleaning Stone (4-Pack) - High Density, Sturdy, Fine Grit (4)",Powerhouse Pumice,1,6,0,0,999.0,999.0,0.0,0.0,0.0,0.0,2,1,<a_247><b_10><c_210>,<a_77><b_31><c_160>,0,0.0
780,"Dynarex 2513 SafeTouch Nitrile Exam Gloves, Non-Latex, Powder Free, Large, Blue (Pack of 100)",Dynarex,1,115,0,0,999.0,999.0,0.0,0.0,0.0,0.0,1,7,<a_254><b_245><c_6>,<a_91><b_7><c_198>,0,0.0
782,Extech 480172 AC Line Splitter,Extech,1,108,0,0,999.0,999.0,0.0,0.0,0.0,0.0,1,1,<a_42><b_235><c_158>,<a_229><b_218><c_40>,0,0.0
786,Lifegard Aquatics 3/4-Inch Double Threaded Bulkhead,Lifegard Aquatics,1,39,0,0,999.0,999.0,0.0,0.0,0.0,0.0,1,2,<a_78><b_145><c_90>,<a_56><b_136><c_148>,0,0.0
787,"Covidien 6818 Webcol Alcohol Prep, Sterile, Medium, 2-Ply (Pack of 200)",COVIDIEN,1,56,0,0,999.0,999.0,0.0,0.0,0.0,0.0,2,3,<a_254><b_8><c_126>,<a_83><b_12><c_87>,0,0.0
791,Stanley 21-106 8-Inch Mill Bastard File,Stanley,1,53,0,0,999.0,999.0,0.0,0.0,0.0,0.0,1,1,<a_248><b_13><c_34>,<a_71><b_255><c_58>,0,0.0
792,"100pcs Solder Seal Wire Connectors, Sopoby Heat Shrink Butt Connectors, Waterproof Marine Automotive Electrical Terminals Insulated (35Red 30Blue 25White 10Yellow)",Sopoby,1,7,0,0,999.0,999.0,0.0,0.0,0.0,0.0,6,4,<a_51><b_40><c_49>,<a_15><b_223><c_180>,0,0.0
795,"The Hillman Group 41429 Round Head Toggle Bolt, 1/4-Inch x 4-Inch, 5-Pack",The Hillman Group,1,24,0,0,999.0,999.0,0.0,0.0,0.0,0.0,2,2,<a_182><b_101><c_107>,<a_224><b_234><c_172>,0,0.0
801,"Pro Series 1400750340 6"" Caster",Pro Series,1,56,0,0,999.0,22.0,0.0,0.0,0.0,0.0,1,1,<a_67><b_226><c_53>,<a_16><b_73><c_86>,0,0.0
802,"4.5"" x 7/8"" Premium Zirconia Flap Discs Grinding Wheels 60 Grit Type 27-10 Pack",Benchmark Abrasives,1,8,0,0,999.0,999.0,0.0,0.0,0.0,0.0,3,4,<a_122><b_130><c_23>,<a_71><b_176><c_0>,0,0.0
806,"HUMCO HOLDING GROUP 303950303963 Boric Acid Powder, 6 oz.",HUMCO HOLDING GROUP,1,32,0,0,999.0,999.0,0.0,0.0,0.0,0.0,1,1,<a_24><b_233><c_229>,<a_92><b_73><c_41>,0,0.0
808,"Loos Cableware SL1-2 Aluminum Duplex Oval Crimping Sleeve Set for 1/16"" Diameter Wire Rope (50 Piece)",Loos & Co.,1,48,0,0,999.0,999.0,0.0,0.0,0.0,0.0,2,4,<a_202><b_114><c_121>,<a_191><b_64><c_135>,0,0.0
810,"Koch 002023 1/16 by 500-Feet 7 by 7 Cable, Galvanized",Koch,1,17,0,0,999.0,999.0,0.0,0.0,0.0,0.0,2,1,<a_10><b_156><c_116>,<a_16><b_215><c_206>,0,0.0
815,"Flex-Drain ADP53102 Downspout Adaptor, Landscaping Drain Pipe Adapter 3 by 4 by 4-Inch",Flex-Drain,1,40,0,0,999.0,999.0,0.0,0.0,0.0,0.0,1,1,<a_78><b_102><c_174>,<a_31><b_220><c_24>,0,0.0
818,"Anderson Metals 38116 Red Brass Pipe Fitting, 90 Degree Street Elbow, 3/4"" Female x 3/4"" Male",Anderson Metals,1,12,0,0,999.0,999.0,0.0,0.0,0.0,0.0,2,2,<a_78><b_51><c_202>,<a_31><b_143><c_13>,0,0.0
826,"M-D Building Products 2311 High Density Foam Tape, 1/2-by-3/4-Inch by 10 feet, Gray",M-D Building Products,1,110,0,0,999.0,999.0,0.0,0.0,0.0,0.0,1,3,<a_235><b_206><c_6>,<a_42><b_239><c_238>,0,0.0
830,Stanley Hardware 75-6111 Corner Braces,National Hardware,1,41,0,0,999.0,999.0,0.0,0.0,0.0,0.0,3,4,<a_41><b_220><c_94>,<a_255><b_227><c_129>,0,0.0
835,"Industrial & Scientific"" />",Boltsize-It,1,60,0,0,999.0,999.0,0.0,0.0,0.0,0.0,1,1,<a_50><b_63><c_80>,<a_134><b_100><c_135>,0,0.0
836,"RhinoGear 11912ABMI RhinoRamps MAX Vehicle Ramp - Pair (16,000lb. GVW Capacity)",RhinoGear,1,72,0,0,999.0,999.0,0.0,0.0,0.0,0.0,2,2,<a_41><b_102><c_20>,<a_85><b_223><c_14>,0,0.0
840,Santamedical Adult Deluxe Aneroid Sphygmomanometer - Professional Blood Pressure Monitor with Adult black cuff and Carrying case (Light Black),Santamedical,1,19,0,0,999.0,999.0,0.0,0.0,0.0,0.0,2,1,<a_67><b_116><c_76>,<a_254><b_229><c_184>,0,0.0
841,Stainlesstown K18FWC Stainless Steel Flat Washer Assortment Kit,Stainless Town,1,32,0,0,999.0,999.0,0.0,0.0,0.0,0.0,2,4,<a_182><b_77><c_5>,<a_224><b_154><c_140>,0,0.0
846,"Guardian EcoGuard Indoor Wiper Floor Mat, Recycled Plastic and Rubber, 3' x 5', Green",Guardian,1,27,0,0,999.0,43.0,0.0,0.0,0.0,0.0,1,2,<a_82><b_96><c_130>,<a_77><b_150><c_28>,0,0.0
847,Hi-Lift Jack ORB Off-Road Base,Hi-Lift,1,67,0,0,999.0,999.0,0.0,0.0,0.0,0.0,1,2,<a_41><b_67><c_247>,<a_85><b_13><c_10>,0,0.0
848,Rapidair 50200 Equal Tee Fitting with 1/2-Inch Tubing,Rapidair,1,86,0,0,999.0,999.0,0.0,0.0,0.0,0.0,1,1,<a_78><b_253><c_211>,<a_56><b_206><c_145>,0,0.0
854,"Watts SVIG10 Pre-Cut 1/2-Inch Diameter by 3/8-Inch Clear Vinyl Tubing, 10-Foot Length",Watts,1,148,0,0,999.0,999.0,0.0,0.0,0.0,0.0,2,2,<a_225><b_243><c_2>,<a_115><b_138><c_0>,0,0.0
855,"Scotch(R) Linerless Rubber Splicing Tape 130C, 1 in x 30 ft, Black, 1 Roll/Carton",Scotch,1,19,0,0,999.0,999.0,0.0,0.0,0.0,0.0,1,1,<a_192><b_235><c_33>,<a_42><b_139><c_56>,0,0.0
863,"Industrial & Scientific"" />",SEOH,1,50,0,0,999.0,999.0,0.0,0.0,0.0,0.0,3,1,<a_50><b_116><c_99>,<a_134><b_213><c_254>,0,0.0
866,Signstek 3 1/2 6802 II Dual Channel Digital Thermometer -58&deg;F~1022&deg;F(-50~1300&deg;C) with 2 K-Type Thermocouple Sensor Probe,Signstek,1,82,0,0,999.0,999.0,0.0,0.0,0.0,0.0,1,2,<a_31><b_219><c_37>,<a_59><b_32><c_151>,0,0.0
868,Noga MC1700 Mini-Cool KIT (1),Noga,1,20,0,0,999.0,999.0,0.0,0.0,0.0,0.0,1,1,<a_223><b_192><c_240>,<a_45><b_69><c_45>,0,0.0
869,"Gardner Bender GSW-16  Heavy-Duty Electrical Toggle Switch, DPDT, ON-(OFF)-ON, 20 A/125V AC, Screw Terminal",Gardner Bender,1,167,0,0,999.0,999.0,0.0,0.0,0.0,0.0,1,5,<a_0><b_3><c_71>,<a_67><b_160><c_93>,0,0.0
871,MEECO'S RED DEVIL 121 Furnace Cement and Fireplace Mortar,MEECO'S RED DEVIL,1,24,0,0,999.0,999.0,0.0,0.0,0.0,0.0,4,2,<a_89><b_203><c_21>,<a_57><b_59><c_235>,0,0.0
876,"Mitutoyo 500-196-30 Advanced Onsite Sensor (AOS) Absolute Scale Digital Caliper, 0 to 6""/0 to 150mm Measuring Range, 0.0005""/0.01mm Resolution, LCD",Mitutoyo,1,58,0,0,999.0,999.0,0.0,0.0,0.0,0.0,7,7,<a_165><b_71><c_172>,<a_196><b_133><c_150>,0,0.0
877,"Acetal Copolymer Round Rod, Opaque Black, Standard Tolerance, ASTM D6778, 3"" Diameter, 6"" Length",Small Parts,1,63,0,0,999.0,999.0,0.0,0.0,0.0,0.0,2,2,<a_225><b_214><c_199>,<a_253><b_84><c_71>,0,0.0
883,Ancor Marine Grade Electrical Heat Activated Adhesive Lined Shrink Tubing,Ancor,1,103,0,0,29.0,41.0,0.0,0.0,0.0,0.0,2,2,<a_202><b_173><c_153>,<a_115><b_16><c_121>,0,0.0
887,Milwaukee Instruments PH600AQ Ph Tester With 1 Point Manual Calibration,Milwaukee,1,31,0,0,999.0,26.0,0.0,0.0,0.0,0.0,1,3,<a_62><b_216><c_189>,<a_59><b_43><c_151>,0,0.0
893,STM Stainless Tumbling Media - 5 lbs - Ammo Reloading Supplies,STM,1,15,0,0,999.0,999.0,0.0,0.0,0.0,0.0,1,1,<a_247><b_19><c_119>,<a_84><b_27><c_103>,0,0.0
895,Grizzly G8748 Hand Tapping Machine,Grizzly,1,10,0,0,999.0,999.0,0.0,0.0,0.0,0.0,1,1,<a_248><b_241><c_237>,<a_71><b_3><c_193>,0,0.0
896,"MG Chemicals Ferric Chloride Copper Etchant Solution, 4L Liquid Bottle",MG Chemicals,1,84,0,0,999.0,999.0,0.0,0.0,0.0,0.0,1,1,<a_24><b_15><c_102>,<a_92><b_183><c_10>,0,0.0
905,uxcell Adjustable 9mm-16mm Metal Worm Gear Hose Clamps 20 Pcs,uxcell,1,28,0,0,999.0,999.0,0.0,0.0,0.0,0.0,1,1,<a_173><b_64><c_58>,<a_167><b_174><c_247>,0,0.0
923,"#1 Best Quality Wood Screw Assortment Kit, 240 Pieces",Qualihome,1,16,0,0,999.0,999.0,0.0,0.0,0.0,0.0,3,1,<a_182><b_133><c_208>,<a_224><b_75><c_81>,0,0.0
926,"Dap 00272 Original Contact Cement Qt Raw Building Material, Tan",DAP,1,51,0,0,999.0,33.0,0.0,0.0,0.0,0.0,1,1,<a_64><b_17><c_131>,<a_57><b_3><c_38>,0,0.0
934,Anytime Tools 40' HEAT SHRINK LARGE BLACK TUBING WRAP SLEEVES WIRE,Anytime Tools,1,27,0,0,999.0,999.0,0.0,0.0,0.0,0.0,4,3,<a_202><b_153><c_86>,<a_115><b_175><c_161>,0,0.0
935,Mighty Mag Magnetic Base,RSC,1,52,0,0,999.0,999.0,0.0,0.0,0.0,0.0,1,1,<a_175><b_137><c_47>,<a_13><b_184><c_153>,0,0.0
940,"New 10 Pieces Tungsten Carbide Rotary Burr SET 1/8'' Shank Fit Dremel Tools for DIY Woodworking, Carving, Engraving, Drilling",Carving Expert,1,23,0,0,999.0,999.0,0.0,0.0,0.0,0.0,1,1,<a_122><b_44><c_184>,<a_71><b_137><c_117>,0,0.0
941,Shop-Vac Corp 3Pk Reuse Dry Filt Disc 90107-19 Wet/Dry Vac Filters & Bags,Shop-Vac,1,17,0,0,999.0,999.0,0.0,0.0,0.0,0.0,2,1,<a_83><b_87><c_109>,<a_125><b_4><c_115>,0,0.0
954,"Remington Industries 22UL1007STRRED UL1007 22 AWG Gauge Stranded Hook-Up Wire, 300V, 0.0253"" Diameter, 100' Length, Red",Remington Industries,1,53,1,1,1.0,1.0,1.0,1.0,2.0,2.0,11,11,<a_202><b_210><c_20>,<a_191><b_68><c_199>,0,0.0
955,"Remington Industries 22UL1007STRWHI UL1007 22 AWG Gauge Stranded Hook-Up Wire, 300V, 0.0253"" Diameter, 100' Length, White",Remington Industries,1,21,0,0,999.0,999.0,0.0,0.0,0.0,0.0,11,11,<a_202><b_210><c_220>,<a_191><b_68><c_189>,0,0.0
957,"Remington Industries 22UL1007STRYEL UL1007 22 AWG Gauge Stranded Hook-Up Wire, 300V, 0.0253"" Diameter, 100' Length, Yellow",Remington Industries,1,8,0,0,999.0,999.0,0.0,0.0,0.0,0.0,11,11,<a_202><b_210><c_127>,<a_191><b_68><c_198>,0,0.0
958,"Bob Smith Industries BSI-109 Insta-Cure Gap Filling, 8 oz.",Bob Smith Industries,1,12,0,0,999.0,999.0,0.0,0.0,0.0,0.0,2,3,<a_89><b_49><c_120>,<a_19><b_222><c_0>,0,0.0
960,"Liberty Oil, the Best 100% Synthetic Oil for Lubricating Your Grandfather Clocks",Liberty Oil,1,33,0,0,999.0,999.0,0.0,0.0,0.0,0.0,1,1,<a_6><b_19><c_229>,<a_173><b_47><c_139>,0,0.0
967,"Forney 72755 Wire Cup Brush, Coarse Crimped with 5/8-Inch-11 Threaded Arbor, 2-3/4-Inch-by-.014-Inch",Forney,1,29,0,0,999.0,999.0,0.0,0.0,0.0,0.0,7,4,<a_247><b_134><c_84>,<a_77><b_170><c_254>,0,0.0
968,"Forney 72788 Wire Wheel Brush, Coarse Crimped with 5/8-Inch-11 Threaded Arbor, 4-Inch-by-.014-Inch",Forney,1,21,0,0,43.0,999.0,0.0,0.0,1.0,0.0,7,3,<a_247><b_134><c_40>,<a_77><b_210><c_7>,0,0.0
969,DEWALT DW4901 1-Inch Crimped End Wire Brush,DEWALT,1,23,0,0,999.0,999.0,0.0,0.0,0.0,0.0,1,2,<a_122><b_45><c_194>,<a_71><b_26><c_82>,0,0.0
973,"Neiko 20713A Digital Tachometer, Non Contact Laser Photo | 2.5 - 99,999 RPM Accuracy | Batteries Included",Neiko,1,69,0,0,999.0,999.0,0.0,0.0,0.0,0.0,1,1,<a_104><b_4><c_68>,<a_130><b_138><c_45>,0,0.0
976,Rectorseal 25631 4-Ounce No. 5 Pipe Thread Sealant,Rectorseal,1,19,0,0,999.0,999.0,0.0,0.0,0.0,0.0,3,3,<a_89><b_22><c_43>,<a_173><b_207><c_219>,0,0.0
978,WD-40 490050 Multi-Use Lubricant Smart Straw Spray 12 OZ (Pack of 1),WD-40,1,8,0,0,999.0,999.0,0.0,0.0,0.0,0.0,1,3,<a_6><b_191><c_32>,<a_173><b_49><c_13>,0,0.0
981,"3M Flap Disc 566A, T29, 4-1/2"" Diameter, 40 Grit, 5/8""-11 Thread (Pack of 1)",Cubitron,1,47,0,0,999.0,999.0,0.0,0.0,0.0,0.0,2,1,<a_165><b_150><c_183>,<a_200><b_157><c_150>,0,0.0
989,"Weldon 10167 Aqua Blue 725 Medium-Bodied Wet 'R Dry Pvc Professional Industrial-Grade Cement Extremely Fast-Setting Low-Voc, 1/2 pint, Aqua Blue",Weldon,1,23,0,0,999.0,999.0,0.0,0.0,0.0,0.0,1,3,<a_89><b_128><c_58>,<a_173><b_215><c_21>,0,0.0
992,"Hillman 122062 Galvanized Solid Wire 9 Gauge, 50 foot coil",Hillman,1,28,0,0,999.0,999.0,0.0,0.0,0.0,0.0,1,1,<a_10><b_215><c_153>,<a_16><b_207><c_68>,0,0.0
997,"The Hillman Group 4839 1/8 Wire Rope Clip, 10-Pack",The Hillman Group,1,56,0,0,999.0,999.0,0.0,0.0,0.0,0.0,1,1,<a_10><b_199><c_14>,<a_13><b_210><c_131>,0,0.0
1003,"Anderson Metals Brass Hose Fitting, 90 Degree Elbow, 3/8"" Barb x 1/2"" Male Pipe",Anderson Metals,1,79,0,0,999.0,999.0,0.0,0.0,0.0,0.0,3,4,<a_78><b_61><c_56>,<a_31><b_98><c_182>,0,0.0
1007,"6"" Cup Brush, Nylon Filament, 5/8""-11 Thread, 2500 max.RPM",Langeman,1,10,0,0,999.0,999.0,0.0,0.0,0.0,0.0,2,1,<a_51><b_249><c_3>,<a_245><b_157><c_228>,0,0.0
1009,"Scott Kimberly-Clark 75190 Shop Towels, 10"" x 12"", Blue",Scott,1,55,0,0,999.0,999.0,0.0,0.0,0.0,0.0,1,1,<a_51><b_238><c_50>,<a_163><b_216><c_81>,0,0.0
1013,"Homewerks VCK-P40-E4B In-Line Check Valve, Solvent x Solvent, PVC Schedule 40, 3/4-Inch",Homewerks,1,12,0,0,999.0,999.0,0.0,0.0,0.0,0.0,2,1,<a_78><b_12><c_11>,<a_84><b_215><c_47>,0,0.0
1014,"NIBCO 436 Series PVC Pipe Fitting, Adapter, Schedule 40, 1-1/2"" Slip x NPT Male",Nibco,1,12,0,0,999.0,999.0,0.0,0.0,0.0,0.0,3,3,<a_78><b_225><c_11>,<a_31><b_188><c_43>,0,0.0
1018,"Nicholson 5 Piece Hand File Set with Ergonomic Handles, American Pattern, 6"" Length, (2)-8"" length, (2)-10"" length",Apex Tool Group,1,8,0,0,999.0,999.0,0.0,0.0,0.0,0.0,1,2,<a_248><b_224><c_239>,<a_71><b_152><c_155>,0,0.0
1024,Lehigh Group-Crawford 18025 25PK Peg Locks,CRAWFORD PROD DIV OF JARDEN SAFETY,1,68,0,0,999.0,999.0,0.0,0.0,0.0,0.0,1,2,<a_41><b_3><c_248>,<a_255><b_165><c_164>,0,0.0
1027,B and K Industries D08050P 1/2-Inch OD by 50-Feet Copper Tubing,Mueller,1,19,0,0,999.0,999.0,0.0,0.0,0.0,0.0,1,1,<a_225><b_142><c_62>,<a_115><b_170><c_30>,0,0.0
1028,"Emergency Repair Tape, Self-Fusing Silicone Tape, 12' x 1"", Red",ER Tape,1,119,0,0,999.0,999.0,0.0,0.0,0.0,0.0,4,1,<a_210><b_83><c_101>,<a_42><b_161><c_3>,0,0.0
1033,SOLOOP 50pcs Female & Male Fully Insulated Wire Terminals Connector Nylon Spade Connectors Blue,SOLOOP,1,40,0,0,999.0,999.0,0.0,0.0,0.0,0.0,3,1,<a_202><b_54><c_34>,<a_191><b_16><c_24>,0,0.0
1038,"Nicholson 9 Piece Hand File Set with Ergonomic Handles, American Pattern",Apex Tool Group,1,36,0,0,999.0,999.0,0.0,0.0,0.0,0.0,1,1,<a_165><b_29><c_220>,<a_196><b_249><c_128>,0,0.0
1041,"Buna-N O-Ring Kit, 70A Durometer, 382 Pieces, 30 Sizes","Sterling Seal & Supply, Inc. (STCC)",1,73,0,0,999.0,999.0,0.0,0.0,0.0,0.0,12,3,<a_165><b_106><c_188>,<a_200><b_29><c_199>,0,0.0
1048,"DEWALT DW8424B5 4-1/2-Inch by 0.045-Inch Metal Cutting Wheel, 7/8-Inch Arbor, 5-Pack",DEWALT,1,27,0,0,999.0,999.0,0.0,0.0,0.0,0.0,2,4,<a_122><b_205><c_194>,<a_71><b_164><c_233>,0,0.0
1051,"3M Dual Lock Reclosable Fastener TB3560 250/250 Clear, 1 in x 10 ft (1 Mated Strip/Bag)",3M,1,34,0,0,999.0,999.0,0.0,0.0,0.0,0.0,2,1,<a_235><b_200><c_55>,<a_226><b_163><c_185>,0,0.0
1053,"Krazy Glue KG82048SN Home & Office Super Glue, Single-Use Tubes, Fine Tip, 0.5 Grams, 4 Count, 0.017 oz",Krazy Glue,1,37,0,0,999.0,999.0,0.0,0.0,0.0,0.0,1,3,<a_150><b_45><c_228>,<a_19><b_28><c_29>,0,0.0
1072,FiiO D3 (D03K) Digital to Analog Audio Converter With Micca 6ft Optical Toslink Cable - 192kHz/24bit Optical and Coaxial DAC,FiiO,1,70,0,0,999.0,999.0,0.0,0.0,0.0,0.0,3,3,<a_45><b_91><c_69>,<a_67><b_54><c_103>,0,0.0
1073,"Kodiak Cutting Tools KCT131558 USA Made Solid Premium Carbide End Mill, ALTiN Coated, 4 Flute, 1/4"" Diameter",Kodiak Cutting Tools,1,28,0,0,999.0,999.0,0.0,0.0,0.0,0.0,1,1,<a_122><b_186><c_53>,<a_71><b_138><c_91>,0,0.0
1075,"Industrial & Scientific"" />",Cooper Hand Tools,1,16,0,0,999.0,999.0,0.0,0.0,0.0,0.0,3,1,<a_50><b_218><c_71>,<a_134><b_7><c_57>,0,0.0
1080,"PYREX 2L Narrow Mouth Erlenmeyer Flasks with Heavy Duty Rim, 1/pk",Pyrex,1,30,0,0,999.0,999.0,0.0,0.0,0.0,0.0,5,3,<a_178><b_104><c_123>,<a_223><b_0><c_29>,0,0.0
1081,"PYREX 1L Narrow Mouth Erlenmeyer Flasks with Heavy Duty Rim, Ea",Pyrex,1,65,0,0,999.0,999.0,0.0,0.0,0.0,0.0,5,2,<a_178><b_104><c_14>,<a_223><b_158><c_25>,0,0.0
1083,"PORTER-CABLE PFN16200 2-Inch 16-Gauge Galvanized Finish Nails, 2500-Pack",PORTER-CABLE,1,4,0,0,999.0,999.0,0.0,0.0,0.0,0.0,1,4,<a_191><b_17><c_174>,<a_255><b_155><c_170>,0,0.0
1100,"Trinity TLS-0201 EcoStorage NSF, 48-Inch Stainless Steel Utility Table",Trinity,1,28,0,0,999.0,999.0,0.0,0.0,0.0,0.0,1,1,<a_241><b_4><c_226>,<a_73><b_200><c_16>,0,0.0
1102,4 Set Stainless Spring Loaded Toggle Case Box Chest Trunk Latch Catch Clamp Clip,ReFaXi,1,16,0,0,999.0,999.0,0.0,0.0,0.0,0.0,2,3,<a_41><b_203><c_176>,<a_16><b_75><c_76>,0,0.0
1109,"Aven 12002 Stainless Steel Hemostat, Curved Serrated Jaws, Ratchet Lock, 3-1/2"" Length",Aven,1,27,0,0,999.0,999.0,0.0,0.0,0.0,0.0,1,1,<a_50><b_50><c_18>,<a_86><b_153><c_21>,0,0.0
1111,Country Brook Design | 1 Inch Black Polypropylene Webbing (100 Yards),Country Brook Design,1,18,0,0,999.0,999.0,0.0,0.0,0.0,0.0,1,1,<a_10><b_9><c_165>,<a_13><b_224><c_46>,0,0.0
1113,"Low Cost, Low Volume Resist., Electrically Conductive Silver Epoxy Adhesive, AA-DUCT 906 , 2.5gm kit",Atom Adhesives,1,7,0,0,999.0,999.0,0.0,0.0,0.0,0.0,1,1,<a_24><b_64><c_157>,<a_118><b_62><c_211>,0,0.0
1117,"Anytime Tools Premium 0-1"" /0.0001 MICROMETER Precision Machinist Tool",Anytime Tools,1,25,0,0,999.0,999.0,0.0,0.0,0.0,0.0,1,2,<a_160><b_116><c_44>,<a_88><b_168><c_193>,0,0.0
1118,"General Tools 196 Hand Reamer And Countersink, 3/4-Inch",General Tools Mfg Co In,1,13,0,0,999.0,999.0,0.0,0.0,0.0,0.0,4,1,<a_122><b_241><c_20>,<a_71><b_84><c_131>,0,0.0
1119,TEKTON 4-Inch Drill Press Vise | 53994,TEKTON,1,16,0,0,999.0,999.0,0.0,0.0,0.0,0.0,3,1,<a_91><b_220><c_31>,<a_88><b_146><c_170>,0,0.0
1130,"[Open Resin] XYZprinting Nobel 1.0 SLA 3D Printer (Included FREE Resin, FREE Printing Platform & Tank)",XYZprinting,1,19,0,0,999.0,999.0,0.0,0.0,0.0,0.0,1,1,<a_249><b_113><c_71>,<a_251><b_43><c_239>,0,0.0
1131,XYZprinting Handheld 3D Scanner 1.0 Pro,XYZprinting,1,11,0,0,999.0,999.0,0.0,0.0,0.0,0.0,1,1,<a_249><b_71><c_129>,<a_74><b_175><c_69>,0,0.0
1132,"XYZprinting ABS Filament Refill, 1.75 mm Diameter, 600 g, Nature",XYZprinting,1,24,0,0,32.0,999.0,0.0,0.0,1.0,0.0,3,2,<a_222><b_40><c_180>,<a_184><b_10><c_89>,0,0.0
1141,"Anytime Tools 5 Piece 3/8"" MINI LATHE INDEXABLE CARBIDE INSERT TOOL BIT SET",Anytime Tools,1,43,0,0,999.0,999.0,0.0,0.0,0.0,0.0,1,1,<a_122><b_170><c_145>,<a_71><b_33><c_112>,0,0.0
1153,"6061 Aluminum Round Rod, Unpolished (Mill) Finish, Extruded, T6511 Temper, ASTM B221, 2-1/4"" Diameter, 12"" Length",Small Parts,1,472,0,0,999.0,999.0,0.0,0.0,0.0,0.0,9,9,<a_225><b_205><c_169>,<a_253><b_135><c_77>,0,0.0
1159,"Loc-Line Coolant Hose Assembly Pliers, for 1/2"" Coolant Hose System",Loc-Line,1,63,1,1,1.0,1.0,1.0,1.0,1.0,1.0,2,3,<a_223><b_209><c_32>,<a_56><b_90><c_0>,0,0.0
1161,"ATP Vinyl-Flex PVC Food Grade Plastic Tubing, Clear, 1/4"" ID x 3/8"" OD, 100 feet Length",ATP,1,26,0,0,999.0,999.0,0.0,0.0,0.0,0.0,5,5,<a_225><b_179><c_115>,<a_115><b_224><c_15>,0,0.0
1162,"HFS (R) Magnetic Base Indicator Back holder For AGD2 1"" Dial Indicator",HFS,1,16,0,0,999.0,999.0,0.0,0.0,0.0,0.0,1,1,<a_12><b_193><c_203>,<a_88><b_215><c_138>,0,0.0
1166,"Anytime Tools Angle Block Set 30-60-90 & 45-45-90 Precision +/- 20 Seconds, Machinist Tool, 2 Piece Set",Anytime Tools,1,12,0,0,999.0,999.0,0.0,0.0,0.0,0.0,1,2,<a_160><b_255><c_149>,<a_88><b_112><c_181>,0,0.0
1169,"Uxcell a12121300ux0202 Cutting Slotting End Mill Router Bit 4 Flute 1/4"" Shank 1/4"" Diameter",uxcell,1,15,0,0,999.0,999.0,0.0,0.0,0.0,0.0,4,2,<a_122><b_241><c_17>,<a_71><b_181><c_83>,0,0.0
1173,"Lord & Hodge 1941-2063 1074-4 1/2"" Grommet KIT Refill",Lord & Hodge,1,37,0,0,999.0,999.0,0.0,0.0,0.0,0.0,3,2,<a_173><b_130><c_246>,<a_167><b_143><c_207>,0,0.0
1185,"Cyalume Military Grade Combat Light Shield Device, 6-3/4"" Length x 1"" Width, For 6"" ChemLight and 6"" SnapLight Lightsticks",Cyalume,1,56,0,0,999.0,999.0,0.0,0.0,0.0,0.0,2,1,<a_12><b_70><c_188>,<a_144><b_70><c_86>,0,0.0
1189,"Scotch Super Thin Waterproof Vinyl Plastic Colored Tape, .75-Inch by 125-Inch, 5-Pack - 190T",Scotch,1,18,0,0,999.0,999.0,0.0,0.0,0.0,0.0,3,1,<a_192><b_33><c_137>,<a_226><b_0><c_238>,0,0.0
1190,5 Pcs Dual Row 5 Position Screw Terminal Strip 600V 15A,uxcell,1,101,0,0,999.0,999.0,0.0,0.0,0.0,0.0,1,2,<a_145><b_64><c_127>,<a_0><b_241><c_76>,0,0.0
1193,"Forney 70451 Wire Rope, Vinyl Coated Aircraft Cable, 250-Feet-by 3/32-Inch thru 3/16-Inch",Forney,1,90,0,0,16.0,999.0,0.0,0.0,0.0,0.0,2,2,<a_10><b_178><c_81>,<a_13><b_179><c_242>,0,0.0
1196,"3M 3431 Yellow Micro Prismatic Sheeting Reflective Tape, 3"" x 5 yd (1 Roll)",TapeCase,1,18,0,0,999.0,999.0,0.0,0.0,0.0,0.0,2,2,<a_192><b_12><c_1>,<a_226><b_225><c_52>,0,0.0
1199,"System Three Resins Rotfix Wood Restoration Rot Repair, 24-Ounce",System Three,1,96,0,0,999.0,999.0,0.0,0.0,0.0,0.0,1,1,<a_75><b_158><c_100>,<a_19><b_8><c_152>,0,0.0
1200,"Stainless Steel 304 Welded Round Tubing, 3/4"" OD, 0.652"" ID, 0.049"" Wall, 72"" Length",Small Parts,1,26,0,0,999.0,999.0,0.0,0.0,0.0,0.0,4,1,<a_225><b_11><c_47>,<a_115><b_185><c_36>,0,0.0
1201,"Forearm Forklift Lifting and Moving Straps, Pink, Model L74995P",Forearm Forklift,1,80,0,0,999.0,999.0,0.0,0.0,0.0,0.0,2,1,<a_41><b_23><c_141>,<a_85><b_215><c_181>,0,0.0
1204,Loctite Extra Time Control Super Glue  4-Gram (1503241),Loctite,1,19,0,0,999.0,999.0,0.0,0.0,0.0,0.0,2,3,<a_150><b_65><c_1>,<a_19><b_24><c_136>,0,0.0
1208,Intermatic K4121C 120-Volt Stem Mount Thermal Photocontrol,Intermatic,1,21,0,0,999.0,999.0,0.0,0.0,0.0,0.0,2,2,<a_0><b_72><c_209>,<a_130><b_164><c_64>,0,0.0
1214,"Steelgrip TA5105 Pick Up Tool, 36",Steelgrip,1,40,0,0,999.0,999.0,0.0,0.0,0.0,0.0,1,2,<a_41><b_93><c_67>,<a_86><b_34><c_164>,0,0.0
1215,"Clear Polycarbonate Tubing, 1-1/8"" ID, 1-1/4"" OD, 1/16"" Wall, 3' Length",Small Parts,1,45,0,0,999.0,999.0,0.0,0.0,0.0,0.0,4,1,<a_225><b_17><c_100>,<a_253><b_109><c_113>,0,0.0
1216,Fluke 323 True-RMS Clamp Meter,Fluke,1,39,0,0,999.0,999.0,0.0,0.0,0.0,0.0,1,1,<a_42><b_220><c_17>,<a_235><b_169><c_172>,0,0.0
1226,"Intertape Polymer Group 600WP-300 Barricade Ribbon, 3-Inch x 300-Feet, Yellow/Black Wet Paint",Intertape Polymer Group,1,17,0,0,999.0,999.0,0.0,0.0,0.0,0.0,4,1,<a_192><b_128><c_110>,<a_226><b_86><c_21>,0,0.0
1229,Senco A209809 18-Gauge-by-5/8-Inch to 1-1/4-Inch Electro Galvanized Variety Pack Brads,Senco,1,103,0,0,999.0,999.0,0.0,0.0,0.0,0.0,1,2,<a_191><b_235><c_57>,<a_255><b_188><c_135>,0,0.0
1234,"Crest Complete Multi-Benefit Whitening + Scope Outlast, Mint Toothpaste - 7.6 Oz, Pack of 4",Crest,1,8,0,0,999.0,999.0,0.0,0.0,0.0,0.0,1,1,<a_242><b_206><c_49>,<a_12><b_95><c_239>,0,0.0
1236,"Milescraft 5300 Fluted Wood Dowel Pin, 1/4-Inch",Milescraft,1,16,0,0,999.0,999.0,0.0,0.0,0.0,0.0,2,3,<a_191><b_160><c_170>,<a_167><b_27><c_200>,0,0.0
1252,"3M Steri-Strip Reinforced Sterile Skin Closures, 10 Pack Variety Pack",Steri-Strip,1,9,0,0,999.0,999.0,0.0,0.0,0.0,0.0,1,1,<a_74><b_150><c_38>,<a_91><b_203><c_81>,0,0.0
1257,The Ghost Meter EMF Sensor,Alternative Tech International,1,131,1,1,2.0,2.0,0.6309297535714575,0.6309297535714575,1.0,1.0,2,1,<a_212><b_120><c_68>,<a_235><b_63><c_97>,0,0.0
1260,"Yost MAV-3.5 Multi-Angle Vise, 3.5",Yost Tools,1,36,0,0,999.0,999.0,0.0,0.0,0.0,0.0,1,1,<a_91><b_212><c_239>,<a_88><b_113><c_28>,0,0.0
1261,"Starrett 1202F-6 Dial Caliper, Stainless Steel, White Face, 0-6"" Range, -0.001"" Accuracy, 0.010"" Resolution, Meets Specifications",Starrett,1,23,0,0,999.0,999.0,0.0,0.0,0.0,0.0,7,7,<a_165><b_71><c_205>,<a_196><b_133><c_9>,0,0.0
1265,"Gardner Bender 10-104 100PK Ring Terminal, 100 Pack, Blue",Gardner Bender,1,178,0,0,999.0,999.0,0.0,0.0,0.0,0.0,4,4,<a_202><b_19><c_142>,<a_191><b_47><c_4>,0,0.0
1269,"Deli Wrap Interfolded Wax Paper/Dry Waxed Food Liner Master Size 12"" x 10&frac34;"", 500 Sheets",Marcal Co.,1,17,0,0,999.0,999.0,0.0,0.0,0.0,0.0,1,1,<a_161><b_238><c_113>,<a_91><b_14><c_138>,0,0.0
1274,"Hot Max 26182 Mandrel and Cut Off Wheel Kit, 1/4-Inch Arbors",Hot Max,1,28,0,0,999.0,999.0,0.0,0.0,0.0,0.0,1,1,<a_122><b_226><c_46>,<a_71><b_211><c_202>,0,0.0
1287,Install Bay Copper Ring Terminal 2 Gauge 3/8 Inch 10 Pack - CUR238,Install Bay,1,41,0,0,999.0,999.0,0.0,0.0,0.0,0.0,6,6,<a_202><b_39><c_146>,<a_191><b_34><c_93>,0,0.0
1296,Craftsman 12004 6 Gallon 3 Peak HP Wet/Dry Vac,Yesker,1,16,0,0,999.0,999.0,0.0,0.0,0.0,0.0,3,1,<a_83><b_22><c_19>,<a_125><b_211><c_6>,0,0.0
1297,"VORCOOL 60pcs 7mm, 10mm, 11mm, 14mm, 16mm, 17mm Spring Clips Fuel Hose Line Water Pipe Air Tube Clamps Fasteners",VORCOOL,1,32,0,0,999.0,999.0,0.0,0.0,0.0,0.0,1,1,<a_173><b_0><c_86>,<a_167><b_51><c_104>,0,0.0
1301,"BOSTITCH S10D-FH 28 Degree 3-Inch by .120-Inch Wire Weld Framing Nails (2,000 per Box)",BOSTITCH,1,15,0,0,999.0,999.0,0.0,0.0,0.0,0.0,2,1,<a_191><b_130><c_2>,<a_255><b_220><c_20>,0,0.0
1302,"Loctite 51147 C5-A Copper Based Anti-Seize, -30 to 1800 degrees F Temperature Range, 8 oz",Loctite,1,20,0,0,999.0,999.0,0.0,0.0,0.0,0.0,1,1,<a_89><b_6><c_98>,<a_173><b_126><c_242>,0,0.0
1312,"KORAD KA3005P - Programmable Precision Variable Adjustable 30V, 5A DC Linear Power Supply Digital Regulated Lab Grade",Korad Technology,1,32,0,0,999.0,999.0,0.0,0.0,0.0,0.0,2,5,<a_42><b_181><c_217>,<a_67><b_26><c_55>,0,0.0
1321,"Pro Gaff Gaffers Tape 1 and 2 inch widths, 17 colors available, 2 inch, Brown",Tape Brothers,1,39,0,0,999.0,999.0,0.0,0.0,0.0,0.0,4,3,<a_192><b_28><c_28>,<a_42><b_108><c_54>,0,0.0
1323,"Pro Gaff Gaffers Tape 1 and 2 inch widths, 17 colors available, 1 inch, Black",Tape Brothers,1,28,1,1,1.0,1.0,1.0,1.0,2.0,2.0,4,3,<a_192><b_28><c_19>,<a_42><b_108><c_199>,0,0.0
1327,Circuit-Test 22AWG Solid Hook Up Wire Kit - 6 x 25 Foot Rolls - Assorted Colors (10-HS22K6-25),Circuit-Test,1,30,0,0,999.0,999.0,0.0,0.0,0.0,0.0,1,1,<a_202><b_198><c_178>,<a_191><b_255><c_243>,0,0.0
1328,SOLOOP 280Pcs Assorted F/M Crimp Connectors Spade Terminal Insulated Electrical Wire Connector Kit Set,SOLOOP,1,19,0,0,999.0,999.0,0.0,0.0,0.0,0.0,2,3,<a_202><b_227><c_226>,<a_191><b_225><c_42>,0,0.0
1329,"LabExact 1200158 W33 Cellulose Weighing Paper Sheet, Nitrogen Free, Non-Absorbing, High-Gloss, 3 x 3 Inches (Pack of 500)",LabExact,1,25,0,0,999.0,999.0,0.0,0.0,0.0,0.0,1,1,<a_36><b_208><c_101>,<a_105><b_113><c_30>,0,0.0
1338,"Install Bay BVST6 Spade Terminal Vinyl Connector 16/14 Gauge #6, Blue (100-Pack)",Install Bay,1,64,0,0,37.0,999.0,0.0,0.0,0.0,0.0,1,2,<a_202><b_243><c_222>,<a_191><b_33><c_187>,0,0.0
1342,"Ten 1"" Inch Chrome Steel Bearing Balls G25",BC Precision Balls,1,9,0,0,999.0,999.0,0.0,0.0,0.0,0.0,7,4,<a_34><b_225><c_9>,<a_84><b_122><c_5>,0,0.0
1347,Woodstock D4160 110-Volt Paddle Switch,Woodstock,1,58,0,0,999.0,999.0,0.0,0.0,0.0,0.0,1,1,<a_0><b_51><c_47>,<a_67><b_106><c_216>,0,0.0
1349,"Apache 99000233 3/4"" Fuel Swivel",Apache,1,26,0,0,999.0,999.0,0.0,0.0,0.0,0.0,1,2,<a_223><b_61><c_95>,<a_56><b_82><c_10>,0,0.0
1351,GRIDMANN NSF Stainless Steel Commercial Kitchen Prep & Work Table with Backsplash - 48 in. x 24 in.,GRIDMANN,1,24,0,0,999.0,999.0,0.0,0.0,0.0,0.0,1,1,<a_91><b_171><c_61>,<a_73><b_92><c_190>,0,0.0
1353,Forney 72395 Reducing Bushing Adapters for 3/4-Inch Thick Bench Grinding Wheels,Forney,1,41,0,0,999.0,999.0,0.0,0.0,0.0,0.0,1,2,<a_34><b_88><c_160>,<a_84><b_42><c_86>,0,0.0
1354,Red Devil Available 3332 Steel Wool Multi-Grade Pack,Red Devil,1,28,0,0,14.0,999.0,0.0,0.0,1.0,0.0,2,1,<a_247><b_64><c_90>,<a_77><b_168><c_81>,0,0.0
1358,"RMP .249 3003 H14 Aluminum Sheet, 12"" x 12",RMP,1,11,0,0,12.0,44.0,0.0,0.0,1.0,1.0,3,3,<a_175><b_202><c_172>,<a_253><b_80><c_150>,0,0.0
1365,"Karter Scientific 210P2 Safety Wash Bottle, Narrow Mouth, 500 mL Capacity, Polypropylene/Plastic (Pack of 6)",Karter Scientific,1,86,0,0,999.0,999.0,0.0,0.0,0.0,0.0,2,2,<a_51><b_101><c_179>,<a_163><b_254><c_79>,0,0.0
1367,BOSTITCH PT-2319-3M 3/4-Inch 23 Gauge Pin (3000 per Box),BOSTITCH,1,24,0,0,999.0,999.0,0.0,0.0,0.0,0.0,1,1,<a_191><b_51><c_59>,<a_255><b_8><c_227>,0,0.0
1369,"Accusize - 2"" Carbide Indexable End Mills, R8 Shank, with 3 TPG 322 Inserts, 3 Flute, 0046-0916",Accusize Industrial Tools,1,2,0,0,999.0,999.0,0.0,0.0,0.0,0.0,1,2,<a_51><b_86><c_193>,<a_15><b_120><c_117>,0,0.0
1370,Rubbermaid Commercial FG264600BLA Tandem Brute Trash Dolly,Rubbermaid Commercial Products,1,51,0,0,999.0,999.0,0.0,0.0,0.0,0.0,1,2,<a_241><b_238><c_187>,<a_85><b_71><c_129>,0,0.0
1372,FLIR CM174 True RMS 600A AC/DC Clamp Meter with IGM,FLIR,1,9,0,0,999.0,999.0,0.0,0.0,0.0,0.0,1,1,<a_31><b_51><c_169>,<a_235><b_116><c_34>,0,0.0
1380,Dremel 9933 Structured Tooth Tungsten Carbide Cutter,Dremel,1,27,0,0,999.0,999.0,0.0,0.0,0.0,0.0,2,2,<a_122><b_74><c_84>,<a_71><b_43><c_0>,0,0.0
1391,"Seek Thermal Reveal Thermal Imaging Camera and LED Light, Blue",Seek Thermal,1,37,0,0,999.0,999.0,0.0,0.0,0.0,0.0,1,1,<a_31><b_1><c_231>,<a_235><b_112><c_138>,0,0.0
1394,"Dremel SM520c 3-Inch Masonry Cut-Off Wheel, 3-Pack",Dremel,1,19,0,0,999.0,999.0,0.0,0.0,0.0,0.0,2,1,<a_122><b_233><c_245>,<a_71><b_194><c_134>,0,0.0
1396,Tach-It SWTH Stretch Wrap Cups with Tension Control,Tach-It,1,19,0,0,999.0,999.0,0.0,0.0,0.0,0.0,1,2,<a_171><b_236><c_99>,<a_91><b_179><c_140>,0,0.0
1397,"Electrical Tape 3/4"" x 66' UL/CSA several colors.",Tape Brothers,1,38,0,0,999.0,999.0,0.0,0.0,0.0,0.0,4,2,<a_192><b_83><c_33>,<a_42><b_250><c_153>,0,0.0
1407,PowerSmith PAVC101 10 Amp Ash Vacuum,POWERSMITH,1,48,0,0,999.0,999.0,0.0,0.0,0.0,0.0,1,1,<a_83><b_126><c_254>,<a_125><b_204><c_89>,0,0.0
1416,"Gardner Bender 10-084 WingGard Wire Connector, 100 Pack, Yellow",Gardner Bender,1,20,0,0,999.0,999.0,0.0,0.0,1.0,1.0,3,2,<a_202><b_11><c_27>,<a_191><b_57><c_67>,0,0.0
1422,Gardner Bender TK-175 Electrical Solderless Terminal Kit,Gardner Bender,1,48,0,0,999.0,999.0,0.0,0.0,0.0,0.0,1,1,<a_202><b_212><c_76>,<a_191><b_153><c_45>,0,0.0
1426,"PC Products 72561 PC-Concrete Two-Part Epoxy Adhesive Paste for Anchoring and Crack Repair, 8.6 oz Cartridge, Gray",PC Products,1,28,0,0,999.0,999.0,0.0,0.0,0.0,0.0,3,1,<a_89><b_232><c_83>,<a_19><b_195><c_238>,0,0.0
1427,"Valterra W01-1600PB Clear Vinyl Tubing - 1/2"" x 10'",Valterra,1,15,0,0,999.0,999.0,0.0,0.0,0.0,0.0,1,1,<a_225><b_221><c_69>,<a_115><b_84><c_69>,0,0.0
1433,"Frost King Available R534H Sponge Rubber Foam Tape 5/16-Inch, Black, 3/4"" W, 5/16"" T, 10 ft L",Frost King,1,92,0,0,999.0,999.0,0.0,0.0,0.0,0.0,1,1,<a_235><b_95><c_250>,<a_42><b_1><c_223>,0,0.0
1439,Pentek 151122 OR-100 Buna-N O-ring for Big Blue Housings,"Pentek, Pentair Water",1,76,0,0,999.0,999.0,0.0,0.0,0.0,0.0,1,1,<a_223><b_152><c_89>,<a_73><b_220><c_201>,0,0.0
1451,"Southco C3-810 Series Passivated Plastic Grabber Catch Side Mount Concealed Push-To-Close Latch with Black Spring, 44N Pullup, Black",Southco,1,12,0,0,999.0,999.0,0.0,0.0,0.0,0.0,2,1,<a_41><b_203><c_99>,<a_16><b_52><c_47>,0,0.0
1455,Absolute USA MQD1614B 16/14 Gauge Nylon Fully Insulated Male Quick Disconnects (Blue),Absolute,1,10,0,0,999.0,999.0,0.0,0.0,0.0,0.0,3,1,<a_78><b_27><c_6>,<a_56><b_230><c_199>,0,0.0
1458,"Swan 0100003 99% Isopropyl Alcohol Antiseptic Solution, 16 oz. (Pack of 12)",Swan,1,13,0,0,999.0,999.0,0.0,0.0,0.0,0.0,2,1,<a_254><b_46><c_32>,<a_83><b_184><c_142>,0,0.0
1464,"GOOACC ZIP3040 GRC-55 SE Self Lock Bag Set Single Zipper ZB34, 100 Piece",GOOACC,1,30,0,0,999.0,999.0,0.0,0.0,0.0,0.0,1,1,<a_161><b_29><c_160>,<a_91><b_213><c_34>,0,0.0
1469,National Hardware N278-309 V7710 Wire Nail in Galvanized,National Hardware,1,7,0,0,999.0,999.0,0.0,0.0,0.0,0.0,1,1,<a_191><b_48><c_181>,<a_255><b_89><c_39>,0,0.0
1479,"Deflecto Early Warning Road Safety Triangle Kit, Reflective, 3-Pack (73-0711-00)",Deflecto,1,23,0,0,999.0,999.0,0.0,0.0,0.0,0.0,1,1,<a_171><b_211><c_185>,<a_144><b_237><c_87>,0,0.0
1482,Propylene Glycol 1 Quart - USP - KOSHER - PURE,Essential Depot,1,122,0,0,22.0,999.0,0.0,0.0,0.0,0.0,1,3,<a_75><b_15><c_143>,<a_92><b_90><c_105>,0,0.0
1490,"Pyrex 1003-250CN Heavy Duty Griffin 1003 250mL Beaker Double Scale Grad, Glass",Pyrex,1,15,0,0,999.0,999.0,0.0,0.0,0.0,0.0,3,3,<a_178><b_22><c_43>,<a_223><b_43><c_1>,0,0.0
1491,Hantek 2X 200MHz Oscilloscope Switchable Clip Probes with Accessory Kit,Hantek,1,11,0,0,999.0,999.0,0.0,0.0,0.0,0.0,1,1,<a_42><b_91><c_180>,<a_18><b_229><c_154>,0,0.0
1493,"Apache 98441022 1/4"" Quick Disconnect Pressure Washer Adapter Set",Apache,1,18,0,0,999.0,999.0,0.0,0.0,0.0,0.0,2,1,<a_78><b_242><c_89>,<a_56><b_194><c_137>,0,0.0
1501,"CREST COOL MINT GEL , Cool Mint, 6.4 oz",Crest,1,10,0,0,999.0,999.0,0.0,0.0,0.0,0.0,2,1,<a_242><b_43><c_13>,<a_12><b_215><c_35>,0,0.0
1506,"Loctite Vinyl, Fabric and Plastic Repair Adhesive 1-Ounce Tube (1360694)",Loctite,1,21,0,0,999.0,999.0,0.0,0.0,0.0,0.0,1,2,<a_150><b_127><c_66>,<a_19><b_62><c_2>,0,0.0
1514,Hilitchi 360pcs M2 M3 M4 Male Female Brass Spacer Standoff Screw Nut Assortment Kit,Hilitchi,1,30,0,0,999.0,999.0,0.0,0.0,0.0,0.0,3,5,<a_182><b_188><c_184>,<a_224><b_5><c_7>,0,0.0
1516,"Plymor 3"" x 5"", 4 Mil (Pack of 100) Heavy Duty Plastic Reclosable Zipper Bags",Plymor,1,50,0,0,999.0,999.0,0.0,0.0,0.0,0.0,6,11,<a_161><b_173><c_1>,<a_91><b_30><c_73>,0,0.0
1525,Pentek 150296 SW-3 Wrench for #10 Big Blue Housings,Pentek,1,26,0,0,999.0,999.0,0.0,0.0,0.0,0.0,1,1,<a_223><b_177><c_10>,<a_16><b_61><c_18>,0,0.0
1526,Genova Products 31410CP 1-Inch PVC Pipe Tee - 10 Pack,Genova,1,21,0,0,999.0,999.0,0.0,0.0,0.0,0.0,2,2,<a_78><b_115><c_123>,<a_31><b_228><c_136>,0,0.0
1528,Wedge-It - The Ultimate Door Stop - Black,Wedge-It,1,17,0,0,999.0,999.0,0.0,0.0,0.0,0.0,1,1,<a_41><b_96><c_248>,<a_73><b_112><c_175>,0,0.0
1546,BreakFree CLP-PS Precision Shooter,BreakFree,1,86,0,0,999.0,999.0,0.0,0.0,0.0,0.0,1,1,<a_82><b_175><c_8>,<a_173><b_214><c_163>,0,0.0
1560,"Rock-N-Roller R10RT (Max) 8-in-1 Folding Multi-Cart/Hand Truck/Dolly/Platform Cart/34"" to 52"" Telescoping Frame/500 lbs. Load Capacity, Black",Rock-N-Roller,1,43,0,0,999.0,999.0,0.0,0.0,0.0,0.0,1,1,<a_41><b_82><c_231>,<a_85><b_17><c_36>,0,0.0
1564,"MG Chemicals Red Insulating Varnish, 225 mL Can",MG Chemicals,1,22,0,0,999.0,999.0,0.0,0.0,0.0,0.0,1,1,<a_24><b_245><c_45>,<a_173><b_131><c_65>,0,0.0
1565,Westek SLC4CG Gray Automatic Photocell Sensor Control,Westek,1,13,0,0,999.0,999.0,0.0,0.0,0.0,0.0,1,1,<a_0><b_252><c_168>,<a_130><b_93><c_3>,0,0.0
1567,Pro-Lift B-004D Grey Hydraulic Bottle Jack - 4 Ton Capacity,Pro-LifT,1,5,0,0,999.0,999.0,0.0,0.0,0.0,0.0,4,2,<a_41><b_159><c_20>,<a_85><b_109><c_15>,0,0.0
1573,"HATCHBOX PLA 3D Printer Filament, Dimensional Accuracy +/- 0.03 mm, 1 kg Spool, 1.75 mm, Orange",HATCHBOX,1,322,0,0,999.0,999.0,0.0,0.0,0.0,0.0,24,27,<a_222><b_157><c_144>,<a_184><b_67><c_149>,0,0.0
1582,Ginsco 100pcs Insulated Heat Shrink Waterproof Butt Connectors Wire electrical 10-22 AWG Kit,Ginsco,1,24,0,0,999.0,999.0,0.0,0.0,0.0,0.0,1,1,<a_202><b_142><c_192>,<a_191><b_162><c_156>,0,0.0
1587,Uxcell a14032100ux0438 1m Long Alligator Clip Electrical Clamp Insulated Test Lead Cable Pair,uxcell,1,6,0,0,999.0,999.0,0.0,0.0,0.0,0.0,1,1,<a_239><b_73><c_86>,<a_0><b_176><c_179>,0,0.0
1592,"SharkNinja Canister Upright Vacuum, TruePet Mini-Motorized Brush, Bordeaux",SharkNinja,1,32,0,0,999.0,999.0,0.0,0.0,0.0,0.0,2,2,<a_83><b_177><c_1>,<a_125><b_144><c_128>,0,0.0
1601,"E-Projects EPC-103 16 Value Resistor Kit, 10 Ohm - 1M Ohm (Pack of 400)",E-Projects,1,161,0,0,999.0,999.0,0.0,0.0,0.0,0.0,10,5,<a_145><b_9><c_96>,<a_36><b_217><c_44>,0,0.0
1607,"Rubbermaid Commercial Products Slim Jim Trash Can Waste Receptacle with Venting Channels, 23 Gallons, Gray (FG354060GRAY)",Rubbermaid Commercial Products,1,38,0,0,50.0,999.0,0.0,0.0,2.0,0.0,2,3,<a_241><b_248><c_168>,<a_20><b_72><c_147>,0,0.0
1609,"3M 38191 Static Mixing Nozzle for 50 ml Cartridges, 12 Nozzles",3M,1,26,0,0,999.0,999.0,0.0,0.0,0.0,0.0,1,2,<a_24><b_162><c_100>,<a_19><b_173><c_43>,0,0.0
1611,Supereyes Hook Magnet Side View Mirror Set for Borescope Endoscope N005 N013J,Supereyes,1,13,0,0,999.0,999.0,0.0,0.0,0.0,0.0,1,1,<a_12><b_204><c_103>,<a_149><b_159><c_122>,0,0.0
1612,"Red Devil 0820 100 Percent Silicone Sealant Architectural Grade, Clear, 2.8-Ounce",Red Devil,1,16,0,0,999.0,999.0,0.0,0.0,0.0,0.0,1,1,<a_210><b_99><c_92>,<a_57><b_195><c_10>,0,0.0
1615,"ClearlyBags Reclosable Plastic Bag 3""x5"" 6-mil Zip Lock pk/100",CML Supply,1,18,0,0,999.0,999.0,0.0,0.0,0.0,0.0,1,3,<a_161><b_207><c_84>,<a_91><b_211><c_50>,0,0.0
1622,"KORAD KA3005D - Precision Variable Adjustable 30V, 5A DC Linear Power Supply Digital Regulated Lab Grade",Korad Technology,1,35,0,0,999.0,999.0,0.0,0.0,0.0,0.0,1,5,<a_42><b_161><c_147>,<a_67><b_26><c_19>,0,0.0
1632,Karter Scientific PIPETTE PUMP 25ml Red,Scientific Equipment of Houston,1,43,0,0,999.0,999.0,0.0,0.0,0.0,0.0,2,1,<a_172><b_135><c_231>,<a_105><b_234><c_236>,0,0.0
1638,Uxcell a14062100ux0345 2PCS K Type 0-400C Temperature Sensor Thermocouple Probe 2 Meter 6.6Ft (Pack of 2),uxcell,1,23,0,0,999.0,999.0,0.0,0.0,0.0,0.0,2,5,<a_0><b_81><c_17>,<a_36><b_169><c_3>,0,0.0
1639,"Perfect-Prime TC41, 4-Channel K-Type Digital Thermometer Thermocouple Sensor -200~1372&deg;C/2501&deg;F",Perfect-Prime,1,17,0,0,999.0,999.0,0.0,0.0,0.0,0.0,2,2,<a_31><b_43><c_172>,<a_59><b_32><c_47>,0,0.0
1641,"XFasten Anti Slip Tape, 4-Inch by 15-Foot Pet-Safe, Hypo-Allergenic, Weather proof and Non Skid Indoor and Outdoor Safety Track Tape",XFasten,1,27,0,0,999.0,999.0,0.0,0.0,0.0,0.0,4,3,<a_51><b_176><c_96>,<a_163><b_248><c_254>,0,0.0
1642,"Nylon Tube Brush Set Nylon Cleaning Brushes 20 pieces for Drinking Straws Glasses Keyboards Jewelry Cleaning,Antistatic Brushes,Beaker Cleaning Brushes",Xpassion,1,16,0,0,999.0,999.0,0.0,0.0,0.0,0.0,2,2,<a_247><b_62><c_193>,<a_77><b_101><c_13>,0,0.0
1644,O-Cedar Heavy Duty Scrunge Scrub Sponge (Pack of 6),O-Cedar,1,9,0,0,999.0,999.0,0.0,0.0,0.0,0.0,2,1,<a_247><b_8><c_253>,<a_77><b_172><c_10>,0,0.0
1653,Seville Classics Commercial NSF Stainless Steel Top Worktable 49 x 24 inches,Seville Classics,1,79,0,0,999.0,999.0,0.0,0.0,0.0,0.0,1,2,<a_91><b_69><c_45>,<a_73><b_153><c_94>,0,0.0
1658,Loctite Epoxy Quick Set 0.85-Fluid Ounce Syringe (1395391),Henkel Corporation,1,21,0,0,999.0,999.0,0.0,0.0,1.0,1.0,3,3,<a_89><b_176><c_63>,<a_19><b_77><c_0>,0,0.0
1665,"X-Treme Tape TPE-XZLW Silicone Rubber Self Fusing Tape, 1"" x 10', Triangular, White",X-Treme Tape,1,42,0,0,20.0,999.0,0.0,0.0,0.0,0.0,10,9,<a_210><b_80><c_9>,<a_42><b_148><c_134>,0,0.0
1667,CloSYS Trial Size Intro Kit TSA Compliant,CloSYS,1,30,0,0,999.0,999.0,0.0,0.0,0.0,0.0,1,1,<a_98><b_166><c_62>,<a_74><b_234><c_61>,0,0.0
1668,Philips Sonicare Easy Clean Sonic Electric Toothbrush,Philips Sonicare,1,84,0,0,999.0,999.0,0.0,0.0,0.0,0.0,6,6,<a_165><b_167><c_1>,<a_196><b_74><c_11>,0,0.0
1674,"Gardner Bender GSW-42  Electrical Appliance Rocker Switch, SPST, ON-OFF, 16 A/125V AC, Spade Terminal,  Red Illuminated",Gardner Bender,1,15,0,0,999.0,999.0,0.0,0.0,0.0,0.0,3,5,<a_0><b_181><c_87>,<a_67><b_160><c_207>,0,0.0
1679,Chemical Guys AIR_102_04 Premium Air Freshener and Odor Eliminator with Leather Scent (4 oz),Chemical Guys,1,21,0,0,999.0,999.0,0.0,0.0,0.0,0.0,1,1,<a_242><b_131><c_86>,<a_83><b_102><c_147>,0,0.0
1682,Precision Applicators - Dispense Pack by Rockler,Rockler,1,10,0,0,999.0,999.0,0.0,0.0,0.0,0.0,1,1,<a_24><b_120><c_220>,<a_20><b_130><c_19>,0,0.0
1683,microtivity IL142 5mm Diffused Blue LED w/ Resistors (Pack of 30),microtivity,1,17,0,0,999.0,999.0,0.0,0.0,0.0,0.0,3,6,<a_104><b_104><c_102>,<a_175><b_255><c_11>,0,0.0
1691,Water Pressure Regulator. Brass Lead-free Adjustable Water Pressure Reducer for Rv with Guage. Includes Inlet Screened Filter. Model A01-1117tm,Trumeters,1,20,0,0,999.0,999.0,0.0,0.0,0.0,0.0,2,1,<a_0><b_223><c_182>,<a_84><b_220><c_89>,0,0.0
1696,"Deflecto Worm Drive Clamp, 3"" Diameter, Metal (MC325)",Deflecto,1,2,0,0,999.0,999.0,0.0,0.0,0.0,0.0,1,1,<a_173><b_126><c_117>,<a_167><b_33><c_78>,0,0.0
1697,American Terminal E-FMY250N-100 12/10-Gauge Economy Nylon Fully-Insulated Male Quick Disconnects,American Terminal,1,260,0,0,999.0,999.0,0.0,0.0,0.0,0.0,8,7,<a_202><b_97><c_60>,<a_191><b_218><c_175>,0,0.0
1701,Parts Express Nickel Plated Pin Switch w/Polycarb Plunger and Rubber Boot,Parts Express,1,26,0,0,999.0,999.0,0.0,0.0,0.0,0.0,1,1,<a_145><b_20><c_237>,<a_67><b_245><c_194>,0,0.0
1702,"Kerick Valve MA252 PVC Mini Float Valve, Tank Mount, Adjustable Arm, 1.5 gpm at 60 psi, 1/4"" Tube",Kerick Valve,1,42,0,0,999.0,999.0,0.0,0.0,0.0,0.0,1,1,<a_165><b_188><c_107>,<a_200><b_10><c_106>,0,0.0
1703,"Inkbird ITC-1000 Dual Stage Digital Temperature Controller Fahrenheit  Celsius Thermostat with Sensor for 3D Printer,Freezer,Fridge,Hatching ect (110 Volt)",Inkbird,1,53,0,0,999.0,999.0,0.0,0.0,0.0,0.0,3,9,<a_31><b_181><c_179>,<a_59><b_226><c_162>,0,0.0
1704,"ABN 180 Piece SAE Rubber Grommet Assortment 7/8&rdquo;, 5/8&rdquo;, 5/16&rdquo;, 7/16&rdquo;, 3/8&rdquo;, &frac14;&rdquo;, &frac12;&rdquo;, and 1 Inch Sizes",ABN,1,8,0,0,999.0,999.0,0.0,0.0,0.0,0.0,3,1,<a_51><b_110><c_143>,<a_15><b_148><c_93>,0,0.0
1708,Dow Corning Vacuum Lubricant 5.3oz Tube,Dow Corning,1,33,0,0,999.0,999.0,0.0,0.0,0.0,0.0,1,1,<a_225><b_125><c_59>,<a_173><b_191><c_24>,0,0.0
1710,AmScope 50pc Pre-Cleaned Blank Ground Edge Glass Microscope Slides and 100pc Pre-Cleaned Square Glass Cover Slips Coverslips,AmScope,1,21,0,0,999.0,999.0,0.0,0.0,0.0,0.0,3,1,<a_36><b_203><c_68>,<a_105><b_7><c_199>,0,0.0
1711,"Heathrow Scientific HD15994G Black Cork Lined 100 Place Microscope Slide Box, 8.25"" Length x 7"" Width x 1.3"" Height",Heathrow Scientific,1,54,0,0,999.0,999.0,0.0,0.0,0.0,0.0,2,1,<a_36><b_141><c_185>,<a_105><b_51><c_175>,0,0.0
1721,Bob Smith 206 Slow-Cure 9oz Epoxy,BSI,1,30,0,0,999.0,999.0,0.0,0.0,0.0,0.0,1,1,<a_75><b_185><c_174>,<a_92><b_207><c_243>,0,0.0
1734,SOLOOP 328Pcs 8 Sizes Assortment 2:1 Heat Shrink Tube Tubing Sleeve Wrap Wire Kit Set,SOLOOP,1,13,0,0,999.0,999.0,0.0,0.0,0.0,0.0,2,1,<a_202><b_231><c_168>,<a_115><b_107><c_214>,0,0.0
1735,"Apache 98108455 3/4"" x 12' Farm Fuel Transfer Hose with Static Wire",Apache,1,13,0,0,999.0,999.0,0.0,0.0,0.0,0.0,1,2,<a_223><b_38><c_132>,<a_56><b_82><c_29>,0,0.0
1736,"Swordfish 31170 Lynch Pin Assortment Kit, 50 Piece",Swordfish,1,15,0,0,999.0,999.0,0.0,0.0,0.0,0.0,1,1,<a_173><b_177><c_165>,<a_167><b_22><c_113>,0,0.0
1738,"Aluminum 6061-T6 Seamless Round Tubing, WW-T 700/6, 1-1/4"" OD, 1.18"" ID, 0.035"" Wall, 24"" Length",Small Parts,1,44,0,0,999.0,999.0,0.0,0.0,0.0,0.0,4,3,<a_225><b_11><c_19>,<a_115><b_14><c_131>,0,0.0
1739,"Aluminum 6061-T6 Seamless Round Tubing, WW-T 700/6, 1/2"" OD, 0.26"" ID, 0.125"" Wall, 24"" Length",Small Parts,1,57,1,1,1.0,1.0,1.0,1.0,1.0,1.0,4,3,<a_225><b_11><c_48>,<a_115><b_14><c_27>,0,0.0
1741,"Remington Industries 20UL1007STRKIT UL1007 20 AWG Gauge Stranded Hook-Up Wire Kit, 300V, 0.0320"" Diameter, 25' Length",Remington Industries,1,15,0,0,999.0,999.0,0.0,0.0,0.0,0.0,11,11,<a_202><b_210><c_34>,<a_191><b_68><c_142>,0,0.0
1743,Loctite 19269 7649 Primer N Activator,Loctite,1,5,0,0,999.0,999.0,0.0,0.0,0.0,0.0,1,1,<a_89><b_244><c_28>,<a_173><b_2><c_235>,0,0.0
1757,"3 PCS Mechanical End Stop with Wiring for CNC Machine or RepRap 3D printer, compatible with RAMPS",3D CAM,1,32,0,0,999.0,999.0,0.0,0.0,0.0,0.0,5,1,<a_186><b_227><c_143>,<a_15><b_28><c_183>,0,0.0
1770,"Neiko 10189A Titanium Step Drill Bit, High Speed Steel | 7/16"" to 1-1/8"" | Total 12 Step Sizes.",Neiko,1,64,0,0,999.0,999.0,0.0,0.0,0.0,0.0,5,4,<a_191><b_138><c_142>,<a_71><b_177><c_113>,0,0.0
1776,"Plastic pH Test Strips, Universal Application (pH 0-14), 100 strips",LabRat Supplies,1,18,0,0,999.0,999.0,0.0,0.0,0.0,0.0,2,3,<a_62><b_155><c_239>,<a_59><b_12><c_65>,0,0.0
1777,Supco RCO810 3 n' 1 START Hard Start Kit,Supco,1,15,0,0,999.0,999.0,0.0,0.0,0.0,0.0,1,1,<a_0><b_58><c_231>,<a_45><b_179><c_224>,0,0.0
1783,The Bulldog Hardware 131588 Peg-A-System Ultimate Kit,Bulldog Hardware,1,59,0,0,999.0,999.0,0.0,0.0,0.0,0.0,1,2,<a_165><b_237><c_4>,<a_200><b_116><c_116>,0,0.0
1785,"microtivity IL184 5mm Assorted Clear LED w/ Resistors (6 Colors, Pack of 60)",microtivity,1,74,0,0,999.0,999.0,0.0,0.0,0.0,0.0,3,6,<a_104><b_9><c_1>,<a_175><b_255><c_226>,0,0.0
1788,"Shoe GOO&reg; Adhesive, 3.7 fl oz",Shoegoo,1,85,0,0,999.0,999.0,0.0,0.0,0.0,0.0,2,2,<a_150><b_195><c_0>,<a_57><b_12><c_0>,0,0.0
1793,Matter and Form MFS1V1 3D Scanner,Matter and Form,1,47,0,0,999.0,999.0,0.0,0.0,0.0,0.0,1,1,<a_249><b_72><c_119>,<a_74><b_44><c_173>,0,0.0
1794,"Filabot 910175 Taulman 910 Alloy, 1.75"" Filament Diameter, Natural",Filabot,1,48,0,0,999.0,999.0,0.0,0.0,0.0,0.0,1,4,<a_85><b_69><c_157>,<a_184><b_183><c_37>,0,0.0
1798,"3M Dual Lock Reclosable Fastener TB3550 250/250 Black, 1 in x 10 ft (1 Mated Strip/Bag)",3M Dual Lock,1,19,0,0,999.0,999.0,0.0,0.0,0.0,0.0,2,5,<a_235><b_145><c_55>,<a_226><b_195><c_200>,0,0.0
1799,"Grip Rite PTN212S1, Grey",Grip-Rite,1,14,0,0,999.0,999.0,0.0,0.0,0.0,0.0,1,3,<a_191><b_70><c_234>,<a_224><b_132><c_167>,0,0.0
1812,Alligator Test Lead Clip To Banana Plug Probe Cable 90cm,Amico,1,54,0,0,999.0,999.0,0.0,0.0,0.0,0.0,1,1,<a_239><b_199><c_141>,<a_0><b_215><c_247>,0,0.0
1814,"sunkee 12 Value (1uf-470UF) 120 pcs Electrolytic Capacitors kit,50V1UF,each 10 pcs",SUNKEE,1,77,0,0,999.0,26.0,0.0,0.0,0.0,0.0,3,1,<a_145><b_63><c_41>,<a_36><b_177><c_27>,0,0.0
1815,uxcell 10 Pcs 1x40 Pin 2.54mm Pitch Straight Single Row PCB Female Headers,uxcell,1,116,0,0,999.0,999.0,0.0,0.0,0.0,0.0,2,4,<a_239><b_181><c_167>,<a_175><b_241><c_215>,0,0.0
1816,"Proimb 300pcs M2 M3 Nylon Hex Nuts Screws Spacers Stand-off Plastic Accessories Assortment White, Black",PROIMB,1,132,0,0,999.0,999.0,0.0,0.0,0.0,0.0,3,5,<a_182><b_208><c_253>,<a_224><b_5><c_192>,0,0.0
1818,Baomain Red Female Insulated Spade Wire Connector Electrical Crimp Terminal 18-22 AWG 2.8 x 0.5mm 100 Pack,Baomain,1,15,0,0,999.0,999.0,0.0,0.0,0.0,0.0,2,3,<a_202><b_27><c_105>,<a_191><b_175><c_123>,0,0.0
1820,Uxcell a14041800ux1143 25Pcs Double Sided Protoboard Prototyping Pcb Board 4cm x 6cm,uxcell,1,84,0,0,999.0,19.0,0.0,0.0,0.0,1.0,1,2,<a_239><b_252><c_146>,<a_175><b_203><c_39>,0,0.0
1821,Uxcell a12081600ux0477 12 mm Diameter 5 Piece DC 5V 2 Terminals Electronic Continuous Sound Buzzer,uxcell,1,61,0,0,999.0,999.0,0.0,0.0,0.0,0.0,1,1,<a_145><b_27><c_149>,<a_0><b_119><c_109>,0,0.0
1823,"O1 Tool Steel Round Rod, Polished Finish, Precision Ground, Annealed, Metric, 4 mm Diameter, 36"" Length",Small Parts,1,82,0,0,999.0,999.0,0.0,0.0,0.0,0.0,1,1,<a_51><b_140><c_218>,<a_15><b_249><c_24>,0,0.0
1829,JYE DSO 138 DIY KIT (13801K) Open Source,JYETech,1,27,0,0,40.0,999.0,0.0,0.0,0.0,0.0,1,1,<a_42><b_154><c_127>,<a_18><b_236><c_208>,0,0.0
1832,uxcell 5 Pieces ZP4510 Liquid Water Level Sensor Vertical Float Switches,uxcell,1,18,0,0,999.0,999.0,0.0,0.0,0.0,0.0,1,1,<a_145><b_159><c_34>,<a_130><b_209><c_56>,0,0.0
1841,"Karter Scientific 211Z3 Standard Microscope Cover Slip, 1 Thick, 22x22mm (Pack of 200)",Karter Scientific,1,44,0,0,999.0,999.0,0.0,0.0,0.0,0.0,2,1,<a_36><b_141><c_72>,<a_105><b_143><c_180>,0,0.0
1842,Lifegard Aquatics 1/2-Inch Bulkhead Fitting Kit,Lifegard Aquatics,1,43,0,0,999.0,49.0,0.0,0.0,0.0,0.0,1,2,<a_34><b_32><c_48>,<a_56><b_136><c_128>,0,0.0
1856,Sharps Container Biohazard Needle Disposal 1 Qt Size - 2 Pack,Medline,1,10,0,0,999.0,999.0,0.0,0.0,0.0,0.0,1,1,<a_172><b_172><c_3>,<a_20><b_38><c_191>,0,0.0
1862,"The Hillman Group 370326 Ribbed Plastic Anchor, 4-6-8 X 7/8-Inch, Yellow, 100-Pack",Hillman,1,23,0,0,999.0,999.0,0.0,0.0,0.0,0.0,5,3,<a_182><b_182><c_4>,<a_224><b_231><c_65>,0,0.0
1868,"RioRand LCD Module for Arduino 20 x 4, White on Blue",RioRand,1,66,0,0,999.0,999.0,0.0,0.0,0.0,0.0,1,1,<a_45><b_252><c_95>,<a_175><b_184><c_236>,0,0.0
1869,"Cambridge Electrical Tape Black 3/4 Inch By 66 Feet Per Roll, 6 Rolls Professional Grade, UL Listed",Cambridge,1,14,0,0,999.0,999.0,0.0,0.0,0.0,0.0,4,2,<a_192><b_83><c_169>,<a_42><b_20><c_244>,0,0.0
1870,"iGaging 100-D68 Caliper Depth Base T-Bar Attachment for Dial/Digital/Vernier Calipers, 4"", 6"", 8"", 12",iGaging,1,18,0,0,999.0,999.0,0.0,0.0,0.0,0.0,1,1,<a_160><b_189><c_54>,<a_88><b_153><c_83>,0,0.0
1872,"ATP Vinyl-Flex PVC Food Grade Plastic Tubing, Clear, 1/8"" ID x 1/4"" OD, 100 feet Length",ATP,1,24,0,0,999.0,999.0,0.0,0.0,0.0,0.0,5,5,<a_225><b_179><c_21>,<a_115><b_224><c_21>,0,0.0
1875,"Grip Rite Prime Guard MAXS62713 T-25 Star Type 17 Point Stainless Steel Deck Screw, 10X3-Inch, 1-lb, Pack of 68",Grip Rite Prime Guard,1,11,0,0,999.0,999.0,0.0,0.0,0.0,0.0,1,1,<a_191><b_240><c_54>,<a_224><b_136><c_134>,0,0.0
1905,"Durachoice 3/8"" Mini Brass Ball Valve - Chrome Plated Female x Male NPT",DuraChoice,1,6,0,0,999.0,999.0,0.0,0.0,0.0,0.0,2,2,<a_78><b_211><c_17>,<a_84><b_14><c_48>,0,0.0
1906,"Spears 1406 Series PVC Tube Fitting, 90 Degree Elbow, Schedule 40, Gray, 1/2"" Barbed",Spears Manufacturing,1,7,0,0,999.0,999.0,0.0,0.0,0.0,0.0,2,1,<a_78><b_69><c_76>,<a_31><b_138><c_221>,0,0.0
1910,Uxcell s14100400am3045 1 Meter 50mm Dia Ratio 2:1 Heat Shrinkable Shrinking Tube Black (Pack of 1),uxcell,1,15,0,0,999.0,999.0,0.0,0.0,0.0,0.0,5,5,<a_202><b_30><c_239>,<a_115><b_22><c_43>,0,0.0
1915,"DROK 0.56"" 5 Digit Four Wires +/- 0-10.000A DC Digital Ammeter Panel Amps Gauge with Red Led Digital Display",DROK,1,10,0,0,999.0,999.0,0.0,0.0,0.0,0.0,1,2,<a_42><b_12><c_139>,<a_229><b_101><c_137>,0,0.0
1919,"Anvil 8700163903, Malleable Iron Pipe Fitting, Floor Flange, 3/4"" NPT Female, Black Finish",Anvil International,1,23,0,0,999.0,999.0,0.0,0.0,0.0,0.0,2,1,<a_78><b_182><c_49>,<a_31><b_142><c_81>,0,0.0
1921,"Rok Hardware #6 x 5/8"" Flat Head Phillips Deep Thread Wood Screws Nickel (Zinc Finish) - Super Value 100 Pack",Rok,1,36,0,0,999.0,999.0,0.0,0.0,0.0,0.0,6,2,<a_182><b_251><c_1>,<a_224><b_104><c_11>,0,0.0
1922,"5 Inch 1500 Grit High Performance Hook and Loop Wet / Dry Film Sanding Discs, 10 Pack",Red Label Abrasives,1,60,0,0,999.0,999.0,0.0,0.0,0.0,0.0,1,3,<a_247><b_141><c_106>,<a_77><b_16><c_48>,0,0.0
1924,Wax Buffing Brush - Drill,ChalkPro Products,1,12,0,0,999.0,999.0,0.0,0.0,0.0,0.0,1,1,<a_247><b_233><c_254>,<a_77><b_113><c_33>,0,0.0
1930,"Capri Tools CP20003 Platinum Series Fractional Digital Caliper with Extra Large LCD Screen, 12-Inch",Capri Tools,1,25,0,0,999.0,999.0,0.0,0.0,0.0,0.0,1,1,<a_160><b_25><c_49>,<a_88><b_253><c_181>,0,0.0
1936,MaxxHaul 70073 Solid Rubber Heavy Duty Wheel Chock with Eyebolt,MaxxHaul,1,9,0,0,999.0,999.0,0.0,0.0,0.0,0.0,1,1,<a_41><b_64><c_45>,<a_85><b_242><c_73>,0,0.0
1943,Heavy Duty Bat Handle Momentary Toggle Switch - DPDT / (On) - Off - (On) : 30-050,"Philmore / LKG Industries, Inc.",1,21,0,0,999.0,999.0,0.0,0.0,0.0,0.0,1,1,<a_0><b_193><c_191>,<a_67><b_83><c_209>,0,0.0
1956,"Karter Scientific Glass Flask 5 Piece Set, Narrow Mouth Erlenmeyer, Borosilicate 3.3 Glass - 50ml, 150ml, 250ml, 500ml, 1L, 213B2",Karter Scientific,1,130,0,0,999.0,999.0,0.0,0.0,0.0,0.0,2,2,<a_178><b_9><c_47>,<a_223><b_162><c_63>,0,0.0
1963,"Non-GMO Project Verified Citric Acid - 1 Pound - Organic, 100% Pure - Alpha Chemicals",Alpha Chemicals,1,24,0,0,999.0,999.0,0.0,0.0,0.0,0.0,3,3,<a_186><b_108><c_91>,<a_163><b_29><c_23>,0,0.0
1977,All Industrial 52502 | Pro-Shop Magnetic Base for Dial and Test Indicators,All Industrial,1,21,0,0,999.0,999.0,0.0,0.0,0.0,0.0,1,3,<a_12><b_4><c_178>,<a_88><b_17><c_65>,0,0.0
1983,"Plymor 6"" x 9"", 4 Mil (Case of 1000) Heavy Duty Plastic Reclosable Zipper Bags",Plymor,1,50,0,0,999.0,999.0,0.0,0.0,0.0,0.0,4,11,<a_161><b_158><c_167>,<a_91><b_30><c_114>,0,0.0
1990,LeHigh Crawford 32-Piece Locking Peg Hook Assortment #1832A,Crawford-Lehigh,1,43,0,0,999.0,999.0,0.0,0.0,0.0,0.0,8,4,<a_41><b_133><c_160>,<a_255><b_235><c_49>,0,0.0
1997,Capri Tools 20004 Mini Digital Height Gauge,Capri Tools,1,30,0,0,999.0,999.0,0.0,0.0,0.0,0.0,1,1,<a_160><b_252><c_237>,<a_88><b_142><c_80>,0,0.0
2003,Stanley Hardware S701-440 SC311 Continuous Hinge in Brass,National Hardware,1,39,0,0,999.0,999.0,0.0,0.0,0.0,0.0,1,4,<a_191><b_34><c_20>,<a_255><b_227><c_94>,0,0.0
2007,"TashiBox Thank You Bags Reusable Grocery Bags - Measures 11.5"" X 6.25"" X 21"", 15mic, 0.6 Mil - 308 Count",TashiBox,1,4,0,0,999.0,999.0,0.0,0.0,0.0,0.0,2,1,<a_161><b_128><c_158>,<a_91><b_64><c_106>,0,0.0
2017,Black Anti Slip Safety Grit Non Slip Tape - Highest Traction 60' Feet Many Sizes (2 inch width),SlipDoctors,1,11,0,0,999.0,999.0,0.0,0.0,0.0,0.0,1,1,<a_64><b_240><c_221>,<a_42><b_240><c_230>,0,0.0
2018,"TP-LINKTL-ANT24EC5S 5m/16ft Antenna Extension Cable, RP-SMA Male to Female connector",TP-LINK,1,27,0,0,999.0,999.0,0.0,0.0,0.0,0.0,1,2,<a_45><b_172><c_238>,<a_0><b_36><c_236>,0,0.0
2019,"Arrow Fastener 608 Wide Crown Swingline Style Heavy Duty 1/2-Inch Staples, 1000-Pack",ARROW FASTENER,1,21,0,0,999.0,999.0,0.0,0.0,0.0,0.0,3,1,<a_191><b_204><c_90>,<a_255><b_170><c_216>,0,0.0
2022,"Arrow Fastener 259 Genuine T25/T2025 9/16-Inch Staples, 1,000-Pack",ARROW FASTENER,1,25,0,0,999.0,999.0,0.0,0.0,0.0,0.0,3,3,<a_191><b_29><c_2>,<a_255><b_100><c_81>,0,0.0
2025,"Torin Big Red Hydraulic Stubby Bottle Jack, 12 Ton Capacity",Torin,1,14,0,0,999.0,999.0,0.0,0.0,0.0,0.0,2,2,<a_91><b_122><c_198>,<a_85><b_96><c_0>,0,0.0
2031,"Amlong Crystal 6"" Optical Glass Triangular Prism for Teaching Light Spectrum Physics and Photo Photography Prism, 150mm",Amlong Crystal,1,23,0,0,999.0,999.0,0.0,0.0,0.0,0.0,2,2,<a_104><b_236><c_67>,<a_149><b_69><c_69>,0,0.0
2033,uxcell Wire Wrap Sleeve 2mm Dia 30mm Long Heat Shrink Tubing 280pcs Black,uxcell,1,9,0,0,999.0,999.0,0.0,0.0,0.0,0.0,5,1,<a_202><b_152><c_175>,<a_115><b_209><c_178>,0,0.0
2041,"Polycarbonate Tubing, 1/2"" ID x 5/8"" OD x 1/16"" Wall, Clear Color 24"" L",Small Parts,1,32,0,0,999.0,999.0,0.0,0.0,0.0,0.0,4,4,<a_225><b_17><c_223>,<a_115><b_64><c_23>,0,0.0
2043,"EFIXTK 3PCS Mini Solderless Breadboard,400 Ties Clear Circuit PCB Board Kit for Proto Shield Circboard Prototyping",EFIXTK,1,15,0,0,999.0,999.0,0.0,0.0,0.0,0.0,1,1,<a_239><b_35><c_60>,<a_175><b_18><c_106>,0,0.0
2051,Sticky Ass Tape SAT 1.81-Inch by 35 yards Tape,Sticky Ass Tape,1,24,0,0,999.0,999.0,0.0,0.0,0.0,0.0,1,1,<a_150><b_35><c_173>,<a_42><b_71><c_81>,0,0.0
2054,"Sound Decibel Meter, GoerTek Digital Mini Sound Pressure Level Meter, Audio Noise Measurement 30-130dBA,MAX/MIN Hold,Auto Backlight Display-3AAA Battery Includedd (GM1352)",GoerTek,1,11,0,0,999.0,999.0,0.0,0.0,0.0,0.0,2,2,<a_186><b_147><c_59>,<a_245><b_253><c_76>,0,0.0
2057,Cobalt Blue Glass Bottles with Droppers 2 Oz - 12 Per Package,GreenHealth,1,40,0,0,999.0,999.0,0.0,0.0,0.0,0.0,1,1,<a_177><b_16><c_207>,<a_223><b_27><c_9>,0,0.0
2065,"Industrial & Scientific"" />",SEOH,1,54,0,0,999.0,999.0,0.0,0.0,0.0,0.0,1,1,<a_50><b_85><c_250>,<a_134><b_217><c_153>,0,0.0
2067,"Eisco Labs Wood Test Tube Rack, 12 Tube Capacity, 7/8"" (22mm) Holes",EISCO,1,8,0,0,21.0,999.0,0.0,0.0,0.0,0.0,1,2,<a_36><b_170><c_174>,<a_105><b_205><c_56>,0,0.0
2079,"Dap 00680 Bathtub Silicone Rubber Caulk 2.8-Ounce, White",DAP,1,38,0,0,999.0,999.0,0.0,0.0,0.0,0.0,3,2,<a_210><b_191><c_125>,<a_57><b_84><c_114>,0,0.0
2081,SOLOOP 300Pcs Mixed Assorted Crimp Terminal Sleeve Kit Insulated Wires Connectors Set,SOLOOP,1,11,0,0,999.0,999.0,0.0,0.0,0.0,0.0,6,1,<a_51><b_40><c_133>,<a_15><b_34><c_97>,0,0.0
2087,Dynarex Medicut Scalpels Disposable Sterile #15 10/Bx,Dynarex,1,48,0,0,40.0,999.0,0.0,0.0,1.0,1.0,3,3,<a_50><b_45><c_168>,<a_86><b_134><c_244>,0,0.0
2092,"GE Silicone 2+ Kitchen & Bath Caulk, 10.1 Oz. Tube, Almond, GE5060",GE Momentive Performance Materials,1,8,0,0,999.0,999.0,0.0,0.0,0.0,0.0,2,3,<a_210><b_225><c_34>,<a_57><b_239><c_72>,0,0.0
2099,"Crest Pro-health Multi-Protection Alcohol Free, Clean Mint/Clear Mint (Package may vary), 1-liter Bottles (Pack of 3)",Crest,1,22,0,0,999.0,999.0,0.0,0.0,0.0,0.0,2,1,<a_242><b_116><c_43>,<a_12><b_165><c_147>,0,0.0
2100,"Stainless Steel 316 Cast Pipe Fitting, Coupling, Class 150, 1/2""NPT Female",Merit Brass,1,53,0,0,999.0,999.0,0.0,0.0,0.0,0.0,8,5,<a_78><b_205><c_0>,<a_31><b_122><c_1>,0,0.0
2109,"Loctite 1999131 All Purpose Repair Putty, 2 Ounces",Loctite,1,48,0,0,999.0,999.0,0.0,0.0,0.0,0.0,1,1,<a_89><b_179><c_181>,<a_19><b_239><c_6>,0,0.0
2124,"ATP IMBIBE NSF 61 Polyethylene Plastic Tubing, Blue, 11/64"" ID x 1/4"" OD, 100 feet Length",ATP,1,14,0,0,999.0,999.0,0.0,0.0,0.0,0.0,2,2,<a_225><b_135><c_155>,<a_115><b_24><c_86>,0,0.0
2128,"HFS 12 pcs precision angle block set 1/4,1/2,1 to 5 & 5 to 30 degree",HFS,1,4,0,0,999.0,999.0,0.0,0.0,0.0,0.0,1,2,<a_160><b_139><c_115>,<a_88><b_112><c_67>,0,0.0
2132,Temco 10 Lot 4 AWG 5/16 Hole Ring Terminal Lug Bare Copper Uninsulated Gauge,Temco,1,21,0,0,999.0,999.0,0.0,0.0,0.0,0.0,2,2,<a_202><b_250><c_125>,<a_191><b_24><c_56>,0,0.0
2168,"PORTER-CABLE Wet/Dry Vacuum, 6 Gallon, 4 Horsepower",PORTER-CABLE,1,11,0,0,999.0,999.0,0.0,0.0,0.0,0.0,3,2,<a_83><b_22><c_14>,<a_125><b_200><c_131>,0,0.0
2175,Pomona 3788 Bnc (F) to Minigrabber Test Clips,Pomona,1,0,0,0,999.0,999.0,0.0,0.0,0.0,1.0,2,3,<a_239><b_220><c_22>,<a_0><b_6><c_111>,0,0.0
2188,"Dremel Digilab 3D20 3D Printer, Idea Builder for Brand New Hobbyists and Tinkerers",Dremel,1,62,0,0,999.0,999.0,0.0,0.0,0.0,0.0,2,3,<a_249><b_206><c_167>,<a_246><b_253><c_197>,0,0.0
2195,"ZING 7119 RecycLockout Lockout Tagout Kit, 11 Component, General Application",Zing Green Products,1,0,0,0,999.0,999.0,0.0,0.0,0.0,0.0,2,2,<a_10><b_211><c_161>,<a_16><b_164><c_60>,0,0.0
2207,"Dixon Valve EL2F2F Brass Fitting, 90 Degree Extruded Pipe Elbow, 1/4"" NPTF Female",Dixon Valve & Coupling,1,6,0,0,999.0,999.0,0.0,0.0,0.0,0.0,2,1,<a_78><b_212><c_65>,<a_31><b_51><c_230>,0,0.0
2209,Karlling Large Syringe for Nutrient Measuring 80cm Handy Tube,Karlling,1,27,0,0,999.0,999.0,0.0,0.0,0.0,0.0,4,2,<a_51><b_180><c_92>,<a_163><b_103><c_236>,0,0.0
2216,SE 526SF 7&rdquo; Self-Locking Sponge Forceps,SE,1,24,0,0,999.0,999.0,0.0,0.0,0.0,0.0,3,2,<a_50><b_69><c_86>,<a_86><b_234><c_38>,0,0.0
2220,"Plymor 2"" x 3"", 2 Mil (Case of 1000) Zipper Reclosable Plastic Bags w/White Block",Plymor,1,21,0,0,999.0,999.0,0.0,0.0,0.0,0.0,6,11,<a_161><b_173><c_29>,<a_91><b_30><c_74>,0,0.0
2221,Uxcell a14042900ux0626 Hardware Toolbox Drawer Stainless Steel Toggle Latch 10 Set (Pack of 10),uxcell,1,10,0,0,999.0,999.0,0.0,0.0,0.0,0.0,1,3,<a_173><b_34><c_90>,<a_16><b_75><c_127>,0,0.0
2224,"2000ml Beaker, Low Form Griffin, Borosilicate 3.3 Glass, Graduated, Karter Scientific 213D20",Karter Scientific,1,11,0,0,999.0,999.0,0.0,0.0,0.0,0.0,1,1,<a_178><b_109><c_171>,<a_223><b_149><c_161>,0,0.0
2225,SEOH Filter Paper Qualitative Medium 12.5cm 100pk,SEOH,1,10,0,0,19.0,999.0,0.0,0.0,0.0,0.0,3,3,<a_98><b_14><c_184>,<a_62><b_109><c_216>,0,0.0
2231,"5 Pack - 10ml Sterile Syringe with Blunt Tip Needle and Storage Cap for Refilling Cartridges, E-Liquids, E-cigs, E-juice, Vape",C-U Innovations,1,5,0,0,999.0,999.0,0.0,0.0,0.0,0.0,1,5,<a_172><b_168><c_7>,<a_20><b_131><c_153>,0,0.0
2232,Stainless Steel Phillips Pan Machine Screw Assortment Kit,Stainless Town,1,15,0,0,999.0,20.0,0.0,0.0,0.0,0.0,4,5,<a_182><b_197><c_200>,<a_224><b_129><c_24>,0,0.0
2233,"Red Brass Pipe Fitting, Nipple, Schedule 40 Seamless, 1/4"" NPT Male X 4"" Length",Merit Brass,1,20,0,0,999.0,999.0,0.0,0.0,0.0,0.0,7,2,<a_78><b_250><c_177>,<a_31><b_30><c_115>,0,0.0
2235,Chemical Guys ACC_130 Professional Chemical Resistant Heavy Duty Bottle and Sprayer (32 oz),Chemical Guys,1,44,0,0,999.0,999.0,0.0,0.0,0.0,0.0,3,2,<a_177><b_250><c_15>,<a_20><b_31><c_254>,0,0.0
2240,"CMS Magneitcs Ceramic Magnet Hook 1 1/4"" in Diameter with 18 LB Holding Power 6-Count",CMS MAGNETICS,1,20,0,0,999.0,999.0,0.0,0.0,0.0,0.0,1,1,<a_175><b_139><c_222>,<a_13><b_222><c_192>,0,0.0
2245,"Hoover Air Pro Bagless Upright, UH72450 - Corded",Hoover,1,55,0,0,999.0,999.0,0.0,0.0,0.0,0.0,1,1,<a_83><b_148><c_145>,<a_125><b_58><c_32>,0,0.0
2252,GUM Go-Betweens Proxabrush Refills Wide [614] 8 Each (Pack of 6),GUM,1,19,0,0,999.0,999.0,0.0,0.0,0.0,0.0,1,1,<a_242><b_207><c_124>,<a_140><b_69><c_89>,0,0.0
2253,"CS Hyde High Temperature Fiberglass Tape With Silicone Adhesive, Ivory 1/2 inch x 36 yards",CS Hyde,1,30,0,0,999.0,999.0,0.0,0.0,0.0,0.0,1,1,<a_210><b_156><c_187>,<a_42><b_86><c_0>,0,0.0
2262,"Handi-Bag HAB6FW130 Super Value Pack, 8gal, 0.6mil, 22 x 24, White (Box of 130)",Handi-Bag,1,29,0,0,999.0,999.0,0.0,0.0,0.0,0.0,1,1,<a_161><b_228><c_247>,<a_91><b_52><c_193>,0,0.0
2264,"iRobot Roomba 614 Robot Vacuum Cleaner, Self-Charging, Good for Pet Hair, Carpets, & Hard Floor Surfaces",iRobot,1,16,0,0,999.0,999.0,0.0,0.0,0.0,0.0,1,6,<a_83><b_238><c_233>,<a_125><b_155><c_1>,0,0.0
2274,Low Density Polyethylene (LDPE) 30ml Squeezable Dropping Bottle Eye Liquid Dropper Needle Tip with Loop (Pack of 10),ZJIA,1,15,0,0,999.0,999.0,0.0,0.0,0.0,0.0,3,2,<a_172><b_16><c_215>,<a_20><b_217><c_201>,0,0.0
2279,FastCap T20034 134; x 5039; Speed Tape,Fastcap,1,24,0,0,999.0,999.0,0.0,0.0,0.0,0.0,1,1,<a_64><b_43><c_84>,<a_57><b_145><c_105>,0,0.0
2280,DHT Electronics RF coaxial coax cable F female to MCX male right angle RG316 6'',DHT Electronics,1,16,0,0,999.0,999.0,0.0,0.0,0.0,0.0,2,3,<a_45><b_209><c_0>,<a_0><b_218><c_128>,0,0.0
2287,G2PLUS 100PCS 3ml Disposable Plastic Essential Oils Graduated Transfer Pipettes,G2PLUS,1,19,0,0,999.0,999.0,0.0,0.0,0.0,0.0,1,1,<a_172><b_196><c_151>,<a_105><b_197><c_67>,0,0.0
2288,Dawson Tools DZA50 AC Line Splitter,Dawson Tools,1,3,0,0,999.0,999.0,0.0,0.0,0.0,0.0,1,1,<a_42><b_105><c_139>,<a_229><b_93><c_250>,0,0.0
2294,PRO-SYS&reg; Interdental Brush Narrow Spaces - 8 brushes (2 packs &ndash; 4 brushes per pack) &ndash; with DuPont&trade; Bristles,PRO-SYS,1,7,0,0,999.0,999.0,0.0,0.0,0.0,0.0,1,1,<a_242><b_95><c_224>,<a_140><b_159><c_201>,0,0.0
2295,Neewer Internet Network Cable Tester Wire Crimp LAN RJ45 RJ11 CAT5 Analyzer Tool Kit,Neewer,1,24,0,0,999.0,999.0,0.0,0.0,0.0,0.0,1,2,<a_239><b_209><c_194>,<a_0><b_229><c_247>,0,0.0
2299,"Zep Commercial Acidic Toilet Bowl Cleaner, 32 Ounce",ZEP,1,16,0,0,999.0,999.0,0.0,0.0,0.0,0.0,2,1,<a_6><b_151><c_224>,<a_92><b_92><c_176>,0,0.0
2300,"Anderson Metals Brass Tube Fitting, Short Flare Nut, 1 1/16 &ndash; 14"" Tube OD",Anderson Metals,1,15,0,0,999.0,999.0,0.0,0.0,0.0,0.0,3,3,<a_78><b_179><c_1>,<a_31><b_111><c_69>,0,0.0
2310,"Malco FCG2 1-1/4 Inch Overlap 5/16-Inch Thickness Fiber Cement Siding Gauge, 2-Pack",Malco,1,12,0,0,999.0,999.0,0.0,0.0,0.0,0.0,1,1,<a_34><b_237><c_202>,<a_224><b_151><c_84>,0,0.0
2314,"Nashua 357 Polyethylene Coated Cloth Premium Grade Duct Tape, 13 mil Thick, 55 m Length, 48 mm Width, Silver",Berry Global,1,10,0,0,999.0,999.0,0.0,0.0,0.0,0.0,5,2,<a_192><b_238><c_1>,<a_42><b_84><c_184>,0,0.0
2317,"Reditainer RDSC200100 Plastic Disposable Portion Souffle Cup with Lids, 2 Ounce, Package of 100",Reditainer,1,39,0,0,999.0,999.0,0.0,0.0,0.0,0.0,1,1,<a_36><b_96><c_177>,<a_20><b_17><c_100>,0,0.0
2323,10 Pack - 20x150mm Pyrex Glass Test Tubes with Rubber Stoppers New,Karter Scientific,1,117,0,0,41.0,999.0,0.0,0.0,0.0,0.0,1,2,<a_36><b_195><c_21>,<a_105><b_158><c_208>,0,0.0
2326,"Hypafix Dressing Retention Tape: 2"" X 10 Yds Each",Smith & Nephew,1,48,0,0,999.0,999.0,0.0,0.0,0.0,0.0,1,1,<a_74><b_51><c_153>,<a_226><b_172><c_144>,0,0.0
2327,"MakerBot PLA Filament, 1.75 mm Diameter, Small Spool, Army Green",MakerBot,1,21,0,0,999.0,999.0,0.0,0.0,0.0,0.0,5,7,<a_222><b_113><c_35>,<a_184><b_238><c_161>,0,0.0
2336,M3 x 10mm Alloy Steel Hex Bolt Socket Head Cap Screws Black 100 Pcs,uxcell,1,20,0,0,999.0,999.0,0.0,0.0,0.0,0.0,1,1,<a_182><b_54><c_213>,<a_224><b_12><c_147>,0,0.0
2340,"GE Silicone I All Purpose Caulk, 10.1 Oz. Tube, White, GE112A",GE Momentive Performance Materials,1,18,0,0,999.0,999.0,0.0,0.0,0.0,0.0,3,3,<a_210><b_248><c_31>,<a_57><b_239><c_219>,0,0.0
2347,"FASTCAP PHZ8.3-inch-150PC PowerHead 3-Inch Cabinet Installation Screws, 150-Pack",Fastcap,1,22,0,0,999.0,999.0,0.0,0.0,0.0,0.0,1,2,<a_182><b_44><c_100>,<a_224><b_77><c_224>,0,0.0
2351,iRobot Roomba 770 Robotic Vacuum Cleaner,iRobot,1,41,0,0,999.0,999.0,0.0,0.0,0.0,0.0,3,6,<a_83><b_187><c_1>,<a_125><b_155><c_159>,0,0.0
2363,"Gardner Bender GSW-69 Electrical Rotary Switch, SPST, ON-OFF, 6 A/125V AC, 6 inch Wire Terminal, Black Plastic",Gardner Bender,1,25,0,0,999.0,999.0,0.0,0.0,0.0,0.0,1,5,<a_0><b_243><c_110>,<a_67><b_160><c_202>,0,0.0
2365,SEOH Mohr Pipets Class B 25ml,SEOH,1,20,0,0,999.0,999.0,0.0,0.0,0.0,0.0,2,1,<a_172><b_221><c_33>,<a_105><b_74><c_200>,0,0.0
2367,"The Hillman Group 45632 5/8-Inch Axle Cap Nut, 8-Pack",The Hillman Group,1,3,0,0,999.0,999.0,0.0,0.0,0.0,0.0,1,1,<a_182><b_146><c_5>,<a_224><b_211><c_195>,0,0.0
2371,"Brass Wood Screw, Plain Finish, Round Head, Phillips Drive, 1"" Length, #7 Threads (Pack of 100)",Small Parts,1,28,0,0,999.0,999.0,0.0,0.0,0.0,0.0,6,2,<a_182><b_251><c_181>,<a_224><b_106><c_7>,0,0.0
2375,"#1 Best Quality Zinc Self Drilling Drywall Anchors with Screws Kit, 100 Pieces All Together",Qualihome,1,12,0,0,999.0,999.0,0.0,0.0,0.0,0.0,4,2,<a_51><b_117><c_38>,<a_15><b_57><c_161>,0,0.0
2382,"1/2"" - 28 UNEF Right hand Thread Die",GAVAN,1,19,0,0,999.0,999.0,0.0,0.0,0.0,0.0,1,2,<a_173><b_41><c_240>,<a_71><b_186><c_67>,0,0.0
2393,"Cutequeen 750 pcs,30 Values Resistor Kit x 25pcs =750 pcs (10 Ohm - 1M Ohm) 1/4W Metal Film Resistors Assortment",Cutequeen,1,18,0,0,999.0,999.0,0.0,0.0,0.0,0.0,1,1,<a_239><b_12><c_239>,<a_36><b_118><c_50>,0,0.0
2399,SainSmart CNC Micro-Stepping Stepper Motor Driver NEMA23 ST-M5045 2phase 4.5A 24-50V DC 256,SainSmart,1,12,0,0,999.0,999.0,0.0,0.0,0.0,0.0,1,1,<a_212><b_35><c_44>,<a_18><b_51><c_175>,0,0.0
2400,Hilitchi 800pcs 10-24 A.W.G Wire Copper Crimp Connector Insulated Cord Pin End Terminal Kit,Hilitchi,1,22,0,0,999.0,999.0,0.0,0.0,0.0,0.0,2,1,<a_202><b_175><c_53>,<a_191><b_233><c_12>,0,0.0
2403,Evolution CC875L 7/8-Inch Diameter x 2-Inch Depth of Cut Cyclone High Speed Steel Annular Cutter,Evolution,1,10,0,0,999.0,999.0,0.0,0.0,0.0,0.0,1,1,<a_248><b_41><c_251>,<a_71><b_21><c_45>,0,0.0
2406,5 PIECES SCISSORS FORCEPS HEMOSTATS NEEDLE HOLDERS DDP INSTRUMENTS,DDP,1,9,0,0,999.0,19.0,0.0,0.0,0.0,0.0,1,1,<a_50><b_145><c_148>,<a_86><b_143><c_60>,0,0.0
2409,"LAB SCOOP Stainless steel, 6"" long 3pk",Scientific Equipment of Houston,1,72,0,0,999.0,29.0,0.0,0.0,0.0,0.0,1,1,<a_50><b_62><c_110>,<a_105><b_73><c_134>,0,0.0
2412,Irwin Tools 2712- 3 Piece Set - 3.0 mm - 0.50 mm,Irwin Tools,1,26,0,0,999.0,999.0,0.0,0.0,0.0,0.0,1,1,<a_191><b_19><c_243>,<a_71><b_210><c_105>,0,0.0
2413,"E-Z Lok Threaded Insert, Brass, Knife Thread, #8-32 Internal Threads, 0.375"" Length (Pack of 25)",E-Z LOK,1,12,0,0,999.0,999.0,0.0,0.0,0.0,0.0,5,5,<a_182><b_189><c_28>,<a_71><b_86><c_129>,0,0.0
2414,"Century Drill & Tool 97122 High Carbon Steel Fractional Plug Tap, 1-12 NF",Century Drill & Tool,1,15,0,0,40.0,999.0,0.0,0.0,1.0,1.0,3,3,<a_182><b_186><c_219>,<a_71><b_150><c_196>,0,0.0
2417,"Heavy Duty Insulation Piercing Test Clip, Fully Insulated Quick Piercing Test Clips Multimeter Test Probe Spring Load",Electric Tools KCH,1,7,0,0,999.0,999.0,0.0,0.0,0.0,0.0,1,1,<a_239><b_226><c_75>,<a_0><b_41><c_41>,0,0.0
2420,"HATCHBOX ABS 3D Printer Filament, Dimensional Accuracy +/- 0.03 mm, 1 kg Spool, 1.75 mm, Silver",HATCHBOX,1,93,0,0,999.0,999.0,0.0,0.0,0.0,0.0,24,21,<a_222><b_109><c_216>,<a_184><b_252><c_97>,0,0.0
2428,"Anderson Metals 56115 Brass Pipe Fitting, Hex Drive Countersunk Plug, 3/8"" NPT Male Pipe",Anderson Metals,1,15,0,0,999.0,999.0,0.0,0.0,0.0,0.0,5,2,<a_78><b_3><c_55>,<a_31><b_238><c_211>,0,0.0
2430,Yueton 100pcs Red 22/18- Gauge Nylon Male Fully-Insulated Quick Disconnects Wiring Spade Wire Crimp Terminal,yueton,1,44,0,0,999.0,999.0,0.0,0.0,0.0,0.0,8,7,<a_202><b_60><c_4>,<a_191><b_135><c_5>,0,0.0
2433,"Medline 1700222-X5 Oxygen Tubing, 7' Crush Resistant (Pack of 5)",Medline,1,15,0,0,999.0,999.0,0.0,0.0,0.0,0.0,1,1,<a_98><b_126><c_62>,<a_115><b_104><c_104>,0,0.0
2434,"Performance Tool W41039 Non-slip Truck Tire Service Step (Fits up to 13"" Deep Tire)",Performance Tool,1,13,0,0,999.0,999.0,0.0,0.0,0.0,0.0,1,1,<a_41><b_253><c_29>,<a_85><b_168><c_149>,0,0.0
2443,LeHigh Crawford 4 Bin Pegboard Tool and Parts Tray #PT16,Crawford-Lehigh,1,25,0,0,999.0,999.0,0.0,0.0,0.0,0.0,1,1,<a_41><b_166><c_100>,<a_255><b_156><c_198>,0,0.0
2455,Millrose 62850 Power-Deuce Brushing Tool Set,Mill-Rose,1,10,0,0,999.0,999.0,0.0,0.0,0.0,0.0,1,1,<a_247><b_14><c_26>,<a_77><b_37><c_132>,0,0.0
2458,"3M Dual Lock Reclosable Fastener SJ3560 250 Clear, 1/2 in x 6 Ft by 3M",Ocimocylo,1,23,0,0,999.0,999.0,0.0,0.0,0.0,0.0,2,2,<a_235><b_207><c_18>,<a_91><b_18><c_161>,0,0.0
2463,Adventure Medical SOL Duct Tape - Two 50in Rolls,S.O.L. Survive Outdoors Longer,1,45,0,0,999.0,999.0,0.0,0.0,0.0,0.0,1,1,<a_74><b_56><c_165>,<a_226><b_31><c_139>,0,0.0
2464,JIUWU 1.0mm Tungsten Steel Carbide PCB CNC End Mill Engraving Bits Milling Machine Pack of 10,JIUWU,1,5,0,0,999.0,999.0,0.0,0.0,0.0,0.0,5,3,<a_51><b_227><c_197>,<a_15><b_68><c_173>,0,0.0
2465,BQLZR 3.175mm Drill Bits Engraving Bits CNC PCB Machinery 0.6-1.5mm Cutting Pack Of 10,BQLZR,1,17,0,0,999.0,999.0,0.0,0.0,1.0,0.0,5,1,<a_51><b_227><c_247>,<a_15><b_123><c_243>,0,0.0
2467,1/8 inch x 55 yds Copper Foil Tape - (3mm x 50m) - EMI Shielding Conductive Adhesive,Tapes Master,1,17,0,0,999.0,999.0,0.0,0.0,0.0,0.0,2,2,<a_192><b_86><c_4>,<a_42><b_145><c_134>,0,0.0
2468,"Anderson Metals Brass Pipe Fitting, 45 Degree Barstock Street Elbow, 1/8"" Female Pipe x 1/8"" Male Pipe",Anderson Metals,1,12,0,0,999.0,999.0,0.0,0.0,0.0,0.0,2,4,<a_78><b_237><c_137>,<a_31><b_23><c_148>,0,0.0
2469,LulzBot TAZ 6 3D Printer,LulzBot,1,21,0,0,999.0,999.0,0.0,0.0,0.0,0.0,2,1,<a_249><b_40><c_153>,<a_246><b_10><c_213>,0,0.0
2502,Dr.Meter 0.01pH High Accuracy Pocket Size pH Meter with ATC Backlit 0-14 pH Measurement Range,Dr.meter,1,39,0,0,999.0,999.0,0.0,0.0,0.0,0.0,1,3,<a_62><b_57><c_233>,<a_59><b_43><c_80>,0,0.0
2512,Extech TG20 Wire Tracer and Tone Generator,Extech,1,62,0,0,999.0,999.0,0.0,0.0,0.0,0.0,1,1,<a_239><b_110><c_78>,<a_0><b_88><c_155>,0,0.0
2522,"3M(TM) Scotchlok(TM) Electrical IDC Connector 560B, Blue, 18&ndash;16AWG solid/stranded, 14AWG stranded, 100ct",3M,1,26,0,0,999.0,999.0,0.0,0.0,0.0,0.0,1,1,<a_202><b_17><c_191>,<a_191><b_123><c_253>,0,0.0
2525,AKRON PRODUCTS C-84 Floor Jack,Akron,1,18,0,0,999.0,999.0,0.0,0.0,0.0,0.0,2,1,<a_41><b_72><c_32>,<a_85><b_244><c_212>,0,0.0
2526,"Hy-Ko Products 848 Private Property No Trespassing Aluminum Sign 9.25"" x 14""  Orange/Black, 1 Piece",Hy-Ko Products,1,23,0,0,999.0,999.0,0.0,0.0,0.0,0.0,1,1,<a_175><b_62><c_112>,<a_144><b_71><c_131>,0,0.0
2533,Longruner A4988 Stepstick Stepper Motor Driver Module + Heat Sink for 3d Printer Reprap (Pack of 5 Pcs),Longruner,1,24,0,0,999.0,999.0,0.0,0.0,0.0,0.0,5,4,<a_186><b_227><c_0>,<a_15><b_222><c_249>,0,0.0
2538,"D.H.S. Fluted Dowel Pins - 3/8"" x 1-1/2"" (.375 x 1.5) - Hardwood w/Beveled Ends - Box of 100",Desunia,1,14,0,0,999.0,999.0,0.0,0.0,0.0,0.0,2,1,<a_191><b_160><c_234>,<a_167><b_105><c_28>,0,0.0
2540,Wixey WR365 Digital Angle Gauge and Level,Wixey,1,37,0,0,999.0,999.0,0.0,0.0,0.0,0.0,3,3,<a_160><b_120><c_2>,<a_88><b_189><c_1>,0,0.0
2545,"Addicore 10 Pack Kapton Tape Sheets Polyimide 8"" X 11"" 0.06mm (2.4mil) Thick With Release Liner for 3D Printer",Addicore,1,45,0,0,999.0,999.0,0.0,0.0,0.0,0.0,1,4,<a_192><b_92><c_124>,<a_42><b_225><c_40>,0,0.0
2548,Dorman Hardware 4-9833 Peggable Screwdriver Holder,Dorman Hardware,1,26,0,0,999.0,999.0,0.0,0.0,0.0,0.0,1,1,<a_41><b_132><c_131>,<a_167><b_164><c_28>,0,0.0
2553,"PhysiciansCare by First Aid Only 24-201 Eye Wash Solution, 32 ounce Bottle",First Aid Only,1,20,0,0,999.0,999.0,0.0,0.0,0.0,0.0,2,2,<a_254><b_15><c_110>,<a_83><b_107><c_0>,0,0.0
2561,"Uxcell a11102000ux0355 2N3906 General Purpose 3 Terminals PNP Transistors, 100 Piece",uxcell,1,126,0,0,999.0,40.0,0.0,0.0,0.0,0.0,1,3,<a_145><b_54><c_7>,<a_67><b_17><c_229>,0,0.0
2564,20 Pieces LM386N-1 LM386N LM386 Low Voltage Audio Power Amplifier,National Semiconductor,1,48,0,0,33.0,999.0,0.0,0.0,0.0,0.0,2,1,<a_45><b_84><c_68>,<a_67><b_140><c_169>,0,0.0
2568,Powerbuilt 647501 Heavy Duty 12-Ton Bottle Jack,Alltrade,1,45,0,0,999.0,999.0,0.0,0.0,0.0,0.0,4,1,<a_41><b_159><c_237>,<a_85><b_169><c_47>,0,0.0
2572,"Hoover WindTunnel 3 Pro Pet Bagless Upright Vacuum Cleaner, UH70937",Hoover,1,21,0,0,999.0,999.0,0.0,0.0,0.0,0.0,2,1,<a_83><b_201><c_47>,<a_125><b_219><c_228>,0,0.0
2575,"Prestige Medical Clinical Lite Stethoscope, Navy",Prestige Medical,1,22,0,0,999.0,999.0,0.0,0.0,0.0,0.0,2,1,<a_67><b_116><c_14>,<a_254><b_223><c_100>,0,0.0
2577,"BIPEE 500ml Safety Wash Bottle, Narrow Mouth, Plastic, Pack of3",BIPEE,1,1,0,0,999.0,999.0,0.0,0.0,0.0,0.0,4,2,<a_51><b_180><c_250>,<a_163><b_254><c_216>,0,0.0
2581,"Loc-Line Coolant Hose Component, Acetal Copolymer, Segment, 1/2"" Hose ID, 5-1/2"" Length (Pack of 2)",Loc-Line,1,34,0,0,999.0,999.0,0.0,0.0,0.0,0.0,1,3,<a_225><b_60><c_251>,<a_56><b_90><c_20>,0,0.0
2586,10 Assorted Kelly Locking Hemostat Forceps 5.5,ODONTOMED1,1,43,0,0,14.0,999.0,0.0,0.0,0.0,0.0,1,1,<a_50><b_204><c_62>,<a_152><b_37><c_99>,0,0.0
2587,InstallGear 1/0 AWG Gauge Gold Ring Set Screw Battery Ring Terminals (4 Pack),InstallGear,1,23,0,0,999.0,999.0,0.0,0.0,0.0,0.0,6,4,<a_51><b_40><c_223>,<a_15><b_125><c_102>,0,0.0
2588,"Pac-Kit by First Aid Only 4-007 Non-Woven Triangular Bandage with 2 Fastening Hooks, 56"" Length x 40"" Width",Generic,1,34,0,0,25.0,999.0,0.0,0.0,0.0,0.0,1,1,<a_51><b_91><c_60>,<a_163><b_155><c_229>,0,0.0
2595,"Rubbermaid Commercial Products FG295700BEIG Plastic Resin Deskside Wastebasket, 10 Gallon/41 Quart, Beige",Rubbermaid Commercial Products,1,19,0,0,999.0,999.0,0.0,0.0,0.0,0.0,2,2,<a_241><b_130><c_5>,<a_20><b_188><c_4>,0,0.0
2598,"3M All Weather Flashing Tape 8067 Tan, 6 in x 75 ft Slit Liner (Pack of 1)",3M,1,15,0,0,999.0,999.0,0.0,0.0,1.0,0.0,4,5,<a_165><b_176><c_111>,<a_200><b_192><c_195>,0,0.0
2602,"Tektronix TBS1052B Digital Storage Oscilloscope, 2 Channel, 50 MHz Bandwidth, 5 Year Warranty",Tektronix,1,19,0,0,999.0,999.0,0.0,0.0,0.0,0.0,3,2,<a_165><b_200><c_59>,<a_196><b_171><c_85>,0,0.0
2604,"HATCHBOX ABS 3D Printer Filament, Dimensional Accuracy +/- 0.03 mm, 1 kg Spool, 1.75 mm, Transparent Green",HATCHBOX,1,56,0,0,999.0,999.0,0.0,0.0,1.0,1.0,24,21,<a_222><b_109><c_253>,<a_184><b_252><c_168>,0,0.0
2610,Big Horn 11726PK 2-1/2-Inch Key Hose Clamp (2 Packs of 5),Big Horn,1,29,0,0,999.0,999.0,0.0,0.0,0.0,0.0,1,1,<a_34><b_202><c_131>,<a_56><b_247><c_136>,0,0.0
2611,Pomona 4408/POM Test Lead Holder for Wires Up to .320In Diameter,Pomona,1,10,0,0,999.0,999.0,0.0,0.0,0.0,0.0,1,1,<a_239><b_69><c_18>,<a_191><b_90><c_118>,0,0.0
2615,"MG Chemicals433-4L  d-Limonene (Pure Grade) Cleaner Degreaser and 3-D Printing Chemical, 1 Gallon Can , Clear",MG Chemicals,1,36,0,0,999.0,999.0,0.0,0.0,0.0,0.0,1,1,<a_75><b_244><c_209>,<a_92><b_239><c_129>,0,0.0
2620,Uxcell Metric Whitworth Screw Pitch Gauge Measuring Tool,uxcell,1,20,0,0,999.0,999.0,0.0,0.0,0.0,0.0,1,2,<a_160><b_56><c_248>,<a_71><b_89><c_189>,0,0.0
2622,Rigol ADP0150BNC 50 Ohm Impedance Adapter,Rigol,1,4,0,0,999.0,999.0,0.0,0.0,0.0,0.0,1,1,<a_42><b_39><c_69>,<a_0><b_115><c_155>,0,0.0
2624,"Uxcell a13060500ux0042 3 Pins Split Shaft Rotary Linear Taper Potentiometers with Knob, 10 Kohm, 10 Piece, 6 mm",uxcell,1,100,0,0,25.0,999.0,0.0,0.0,0.0,0.0,3,3,<a_145><b_5><c_191>,<a_36><b_160><c_0>,0,0.0
2628,Cofufu 0307 DIP Inductor Assorted Kit 22 value total 220pcs 1uH to 1mH 0.25W,Cofufu,1,54,0,0,27.0,999.0,0.0,0.0,0.0,0.0,2,1,<a_145><b_118><c_136>,<a_36><b_171><c_219>,0,0.0
2632,(100&Omega;&ndash;1M&Omega;) 130pcs 13 Values RoHS Variable Resistor Potentiometers Assortment Kit Assorted Set,YuKi,1,28,0,0,999.0,999.0,0.0,0.0,0.0,0.0,4,2,<a_186><b_90><c_8>,<a_15><b_204><c_5>,0,0.0
2633,"E-Projects 10EP5144K70 4.7k Ohm Resistors, 1/4 W, 5% (Pack of 10)",E-Projects,1,28,0,0,999.0,999.0,0.0,0.0,0.0,0.0,7,4,<a_239><b_66><c_7>,<a_36><b_108><c_19>,0,0.0
2638,Teensy 3.2,PJRC,1,18,0,0,999.0,999.0,0.0,0.0,0.0,0.0,3,5,<a_45><b_74><c_14>,<a_175><b_141><c_1>,0,0.0
2641,"eSUN 3mm Black ABS 3D Printer filament 1kg Spool (2.2lbs), Black",eSUN,1,23,0,0,999.0,999.0,0.0,0.0,0.0,0.0,1,3,<a_85><b_232><c_21>,<a_184><b_204><c_115>,0,0.0
2642,"Remington Industries 36SNSP.25 36 AWG Magnet Wire, Enameled Copper Wire, 4 oz, 0.0055"" Diameter, 3193' Length, Natural",Remington Industries,1,20,0,0,999.0,999.0,0.0,0.0,0.0,0.0,5,5,<a_202><b_182><c_155>,<a_115><b_196><c_108>,0,0.0
2643,"Peachtree 1118 UHMW Slick Tape - 3"" X 48",Peachtree Woodworking Supply,1,14,0,0,999.0,999.0,0.0,0.0,0.0,0.0,4,1,<a_161><b_158><c_202>,<a_42><b_47><c_39>,0,0.0
2655,"Stainless Steel Tumbling Media Pins - 0.047"" Diameter, 0.255"" Length (2.5 lb Pack)",guntap,1,29,0,0,999.0,999.0,0.0,0.0,0.0,0.0,2,3,<a_51><b_183><c_32>,<a_15><b_137><c_207>,0,0.0
2656,TekPower TP3010E DC Adjustable Switching Power Supply 30V 10A Digital Display,Tekpower,1,10,0,0,999.0,999.0,0.0,0.0,0.0,0.0,2,1,<a_42><b_203><c_79>,<a_67><b_194><c_74>,0,0.0
2658,Dow Corning 4 Electrical Insulating Compound 5.3 Oz (150 g) Tube,Dow Corning,1,10,0,0,999.0,999.0,0.0,0.0,0.0,0.0,1,2,<a_210><b_6><c_201>,<a_173><b_16><c_238>,0,0.0
2685,"Capacitor - Variable, Single, 365 pF, CW Rotation",amplified_parts,1,42,0,0,999.0,999.0,0.0,0.0,0.0,0.0,1,1,<a_145><b_252><c_110>,<a_36><b_247><c_114>,0,0.0
2691,Ardokit 100 Feet/30 Meter 3/16inch/4.5mm I.D Polyolefin 2:1 Heat Shrink Tubing Tube by Lucksender,Lucksender,1,31,0,0,999.0,999.0,0.0,0.0,0.0,0.0,5,1,<a_202><b_30><c_40>,<a_115><b_148><c_128>,0,0.0
2698,"BuildTak 3D Printing Build Surface, 8"" x 10"" Rectangle, Black (Pack of 3)",BuildTak,1,22,0,0,999.0,999.0,0.0,0.0,1.0,1.0,6,5,<a_222><b_206><c_50>,<a_246><b_110><c_234>,0,0.0
2699,"Shark Pet-Perfect Cordless Bagless Portable Hand Vacuum for Carpet and Hard Floor with Rechargeable 12V Battery (SV75Z), Gray",SharkNinja,1,78,0,0,999.0,31.0,0.0,0.0,0.0,0.0,1,1,<a_83><b_114><c_234>,<a_125><b_73><c_25>,0,0.0
2700,"Amprobe IR-712 Infrared Thermometer - 0F to 1022F, 12:1",Amprobe,1,54,0,0,999.0,999.0,0.0,0.0,0.0,0.0,1,1,<a_31><b_217><c_169>,<a_235><b_229><c_245>,0,0.0
2704,"HATCHBOX PLA 3D Printer Filament, Dimensional Accuracy +/- 0.03 mm, 1 kg Spool, 1.75 mm, Transparent Orange",HATCHBOX,1,51,0,0,999.0,999.0,0.0,0.0,0.0,0.0,24,27,<a_222><b_157><c_98>,<a_184><b_67><c_106>,0,0.0
2708,"eSUN 1.75mm Peak Green PLA PRO (PLA+) 3D Printer Filament 1KG Spool (2.2lbs), Peak Green/Light Green, Pantone 359C",eSUN,1,14,0,0,41.0,44.0,0.0,0.0,1.0,1.0,8,13,<a_85><b_80><c_1>,<a_184><b_244><c_23>,0,0.0
2709,PASSION Glass Graduated Droppers Pipettes 5 ml pack of 3,juneTree,1,8,0,0,999.0,999.0,0.0,0.0,0.0,0.0,2,2,<a_172><b_57><c_14>,<a_105><b_200><c_1>,0,0.0
2717,SainSmart PLA-151 PLA Filament (Red),SainSmart,1,197,0,0,999.0,999.0,0.0,0.0,0.0,0.0,1,5,<a_222><b_74><c_1>,<a_184><b_95><c_206>,0,0.0
2722,Mercurry 5PCS M6 3D Printer 0.2mm 0.3mm 0.4mm 0.5mm 0.8mm Extruder Brass Nozzle Print Head for E3D Makerbot,Mercurry 3D accessaries,1,11,0,0,999.0,999.0,0.0,0.0,0.0,0.0,2,1,<a_186><b_2><c_174>,<a_251><b_148><c_32>,0,0.0
2729,URBEST Heat Gun kit Fast Heating 1500W Hot Air Blower with 150Pcs 8 Various Heat Shrink Tubing,URBEST,1,0,0,0,999.0,999.0,0.0,0.0,0.0,0.0,1,1,<a_223><b_81><c_179>,<a_45><b_131><c_23>,0,0.0
2746,"Briggs Precision Kelly Forceps Locking Tweezers Clamp, Silver, Curved, 5-1/2 Inch&nbsp;",Briggs,1,1,0,0,999.0,999.0,0.0,0.0,0.0,0.0,1,1,<a_50><b_224><c_253>,<a_86><b_140><c_245>,0,0.0
2751,"LulzBot TAZ 5, LulzBot Mini, Hexagon Hotend Style Plated Nozzle .5mm",Micro-Swiss,1,11,0,0,49.0,999.0,0.0,0.0,0.0,0.0,3,1,<a_48><b_185><c_130>,<a_29><b_0><c_206>,0,0.0
2752,"Gizmo Dorks 3mm (2.85mm) ABS Filament 1kg / 2.2lb for 3D Printers, Gray",Gizmo Dorks,1,16,0,0,999.0,999.0,0.0,0.0,1.0,1.0,11,12,<a_222><b_24><c_131>,<a_184><b_28><c_209>,0,0.0
2754,"Hakko CHP 3-SA Stainless Steel Non-Magnetic Precision Tweezers with Very Fine Point Tips for Microelectronics Applications, 4-3/4"" Length",Hakko,1,21,0,0,999.0,999.0,0.0,0.0,0.0,0.0,2,2,<a_50><b_53><c_8>,<a_86><b_34><c_148>,0,0.0
2756,"Tower Manufacturing 30438024 Auto-Reset 15 AMP Inline GFCI Triple Tap Cord, 2 Feet, Yellow",Tower,1,13,0,0,999.0,999.0,0.0,0.0,0.0,0.0,1,1,<a_0><b_29><c_75>,<a_0><b_71><c_21>,0,0.0
2759,"Industrial & Scientific"" />",ADC,1,15,0,0,999.0,999.0,0.0,0.0,0.0,0.0,1,1,<a_50><b_197><c_183>,<a_134><b_142><c_14>,0,0.0
2760,"Aven 18434 Straight Serrated Tip Forceps, Stainless Steel, 8"" Length, 25mm Tip Length, 3mm Tip Width",Aven,1,18,0,0,999.0,999.0,0.0,0.0,0.0,0.0,1,2,<a_50><b_168><c_26>,<a_86><b_87><c_220>,0,0.0
2763,Stainlesstown Nut Bolt Thread Gauge (Green),Stainless Town,1,6,0,0,999.0,999.0,0.0,0.0,0.0,0.0,1,1,<a_182><b_212><c_114>,<a_224><b_1><c_75>,0,0.0
2764,"Starbond EM-2000 Thick, PREMIUM CA - Super Glue with Extra Microtips, 1 oz. (For Woodturning, Hobby, Archery Fletching)",STARBOND,1,11,0,0,999.0,999.0,0.0,0.0,0.0,0.0,3,2,<a_89><b_10><c_70>,<a_19><b_202><c_10>,0,0.0
2767,SainSmart L293D Motor Drive Shield For Arduino Duemilanove Mega UNO R3 AVR ATMEL,SainSmart,1,89,0,0,999.0,999.0,0.0,0.0,0.0,0.0,1,1,<a_45><b_200><c_26>,<a_175><b_22><c_44>,0,0.0
2771,HATCHBOX 2 Spool 3D Printer Filament Tabletop Wall Mount Rack,HATCHBOX,1,93,0,0,999.0,999.0,0.0,0.0,0.0,0.0,3,3,<a_85><b_213><c_226>,<a_246><b_51><c_16>,0,0.0
2773,SEOH TEST TUBE RACK POLYETHYLENE for 6 tubes,SEOH,1,35,0,0,999.0,999.0,0.0,0.0,0.0,0.0,1,2,<a_36><b_71><c_214>,<a_105><b_34><c_16>,0,0.0
2774,"HM Digital PH-80 pH HydroTester, 0-14 pH Range, 1 pH Resolution, 2% Readout Accuracy",HM Digital,1,23,0,0,999.0,999.0,0.0,0.0,0.0,0.0,1,2,<a_62><b_163><c_153>,<a_59><b_95><c_5>,0,0.0
2778,Plastic Spring Tip Bottle Filler,Midwest Homebrewing and Winemaking Supplies,1,19,0,0,999.0,31.0,0.0,0.0,0.0,0.0,1,1,<a_177><b_6><c_4>,<a_20><b_107><c_104>,0,0.0
2782,AideTek BOX-ALL Enclosures SMD SMT Resistor Capacitor Organizer,AideTek,1,15,0,0,999.0,999.0,0.0,0.0,0.0,0.0,1,1,<a_239><b_153><c_198>,<a_175><b_235><c_27>,0,0.0
2783,CO-RODE Tact Button Switch 6x6x5mm Pack of 100,CO RODE,1,23,0,0,999.0,999.0,0.0,0.0,0.0,0.0,2,2,<a_145><b_53><c_165>,<a_67><b_246><c_210>,0,0.0
2785,"Pac-Kit by First Aid Only 13-125 First Aid/Burn Cream, 0.9 gm Packet (Box of 25)",First Aid Only,1,110,1,1,2.0,2.0,0.6309297535714575,0.6309297535714575,0.0,0.0,2,2,<a_74><b_247><c_168>,<a_91><b_45><c_252>,0,0.0
2787,Teenitor 3ML Plastic Transfer Pipettes Eye Dropper Pack of 150 - Essential Oils Pipettes Dropper Makeup Tool,Teenitor,1,13,0,0,999.0,999.0,0.0,0.0,0.0,0.0,3,2,<a_51><b_52><c_52>,<a_245><b_202><c_1>,0,0.0
2796,"Crawford PBS9 Screwdriver Holder, Blue",Crawford,1,27,0,0,999.0,999.0,0.0,0.0,0.0,0.0,1,1,<a_191><b_67><c_114>,<a_71><b_231><c_241>,0,0.0
2799,"Hillman 140009 Zinc Hex Machine Screw Nut, 4-40, 100-Pack",Hillman,1,10,0,0,999.0,999.0,0.0,0.0,0.0,0.0,7,2,<a_182><b_239><c_9>,<a_224><b_221><c_52>,0,0.0
2800,"TACFUN 1/2"" x28 Thread Steel Crush Washer (pack of 10) for .223",TACFUN,1,9,0,0,999.0,999.0,0.0,0.0,0.0,0.0,2,4,<a_51><b_83><c_247>,<a_15><b_125><c_11>,0,0.0
2803,Joe Knows Electronics 1W 86 Value 860 Piece Resistor Kit,Joe Knows Electronics,1,22,0,0,999.0,999.0,0.0,0.0,0.0,0.0,10,2,<a_145><b_9><c_7>,<a_36><b_32><c_98>,0,0.0
2812,Wilton 11743 3-Inch Low Profile Drill Press Vise,Wilton,1,39,0,0,999.0,999.0,0.0,0.0,0.0,0.0,3,4,<a_248><b_211><c_86>,<a_88><b_8><c_211>,0,0.0
2814,Frankford Arsenal Platinum Series Precision Scale with LCD Display and Case for Reloading,Frankford Arsenal,1,6,0,0,999.0,999.0,0.0,0.0,0.0,0.0,1,2,<a_91><b_107><c_41>,<a_254><b_197><c_8>,0,0.0
2815,38mm Poly Seal Screw Caps (fits most 1/2 & 1 gallon jugs) [Bag of 12],Home Brew Stuff,1,29,0,0,999.0,999.0,0.0,0.0,0.0,0.0,1,1,<a_24><b_12><c_135>,<a_20><b_207><c_46>,0,0.0
2817,"PHARMEX 1-78G Permanent Paper Label,""FOR RECTAL USE"", 1 9/16"" x 3/8"", Blue (500 per Roll, 2 Rolls per Box)",PHARMEX,1,9,0,0,999.0,999.0,0.0,0.0,0.0,0.0,1,1,<a_127><b_118><c_168>,<a_62><b_12><c_113>,0,0.0
2823,Gypsum- 1 lb.,LD Carlson,1,63,0,0,999.0,40.0,0.0,0.0,0.0,0.0,2,1,<a_75><b_232><c_138>,<a_92><b_44><c_200>,0,0.0
2830,"Stainless Steel 316/316L Pipe Fitting, Nipple, Schedule 40, Seamless, 1"" X 5-1/2"" NPT Male by Merit Brass",Merit Brass,1,44,0,0,999.0,999.0,0.0,0.0,1.0,1.0,7,3,<a_78><b_250><c_17>,<a_31><b_167><c_11>,0,0.0
2831,"Stainless Steel 316 Pipe Fitting, Hex Countersunk Plug, Class 1000, 1/4"" NPT Male",Merit Brass,1,15,0,0,999.0,999.0,0.0,0.0,0.0,0.0,8,4,<a_78><b_205><c_7>,<a_31><b_106><c_3>,0,0.0
2837,"Etekcity 2 Pack Digital Hanging Luggage Scale, Rubber Paint, Temperature Sensor, 110 Pounds, Silver",Etekcity,1,9,0,0,999.0,999.0,0.0,0.0,0.0,0.0,1,1,<a_51><b_148><c_33>,<a_245><b_65><c_56>,0,0.0
2841,100pcs Insulated Heat Shrink Waterproof Butt Connectors Wire electrical 22-10GA,SOLOOP,1,20,0,0,999.0,999.0,0.0,0.0,0.0,0.0,6,4,<a_51><b_40><c_0>,<a_15><b_223><c_116>,0,0.0
2842,IRWIN 1904P 3/8-18 NPT High Carbon Steel Pipe Tap,Vermont American,1,15,0,0,999.0,999.0,0.0,0.0,0.0,0.0,3,4,<a_34><b_41><c_119>,<a_84><b_146><c_97>,0,0.0
2844,"New Matter MOD-t Desktop 3D Printer | Built-In WiFi, Easy to Use, Safe and Quiet",New Matter,1,3,0,0,999.0,999.0,0.0,0.0,0.0,0.0,3,1,<a_165><b_65><c_33>,<a_196><b_201><c_101>,0,0.0
2866,Innovating Science Gram's Stain Kit,Innovating Science,1,14,0,0,999.0,999.0,0.0,0.0,0.0,0.0,1,1,<a_12><b_78><c_19>,<a_242><b_172><c_94>,0,0.0
2872,Install Bay Heat Shrink Tubing 3M 1/2 Inch 8G - 4 Feet,Install Bay,1,25,0,0,36.0,999.0,0.0,0.0,1.0,0.0,7,2,<a_202><b_76><c_66>,<a_115><b_162><c_32>,0,0.0
2879,"OCR 2.54mm Pitch Dual Row DIP IC Sockets Solder Type Adaptor Set 6,8,14,16,18,24,28,40 Pin Electronic Components Socket Adapter Connector 100pcs",OCR,1,19,0,0,999.0,999.0,0.0,0.0,0.0,0.0,2,1,<a_45><b_254><c_110>,<a_175><b_186><c_122>,0,0.0
2882,"Elegoo HC-SR04 Ultrasonic Module Distance Sensor for Arduino UNO MEGA2560 Nano Robot XBee ZigBee, Set of 5",ELEGOO,1,27,0,0,999.0,999.0,0.0,0.0,0.0,0.0,1,2,<a_186><b_191><c_160>,<a_245><b_204><c_60>,0,0.0
2884,SEOH Alcohol Lamp/Burner Flint Glass 120 Ml,SEOH,1,82,0,0,999.0,16.0,0.0,0.0,0.0,0.0,1,1,<a_172><b_166><c_129>,<a_223><b_22><c_151>,0,0.0
2889,"GROW1 Panda Film, 10' x 25', Poly 5.5 mil, Black/White",Panda Film,1,13,0,0,999.0,999.0,0.0,0.0,0.0,0.0,1,1,<a_161><b_56><c_101>,<a_253><b_214><c_40>,0,0.0
2896,Ginsco 110pcs Male Blue 16-14 Gauge Nylon Fully-Insulated Quick Disconnects Wiring Spade Wire Connector Crimp Terminal,Ginsco,1,2,0,0,999.0,999.0,0.0,0.0,0.0,0.0,8,3,<a_202><b_60><c_19>,<a_191><b_89><c_155>,0,0.0
2903,Gino Development 09-0123 TruePower Variable Dial Router Speed Controller for Duct and Inline Fans,Gino Development,1,37,0,0,999.0,999.0,0.0,0.0,0.0,0.0,1,1,<a_212><b_41><c_121>,<a_45><b_140><c_57>,0,0.0
2904,Small Hairpin Cotter Pin Shop Assortment - 150 Pc,IIT,1,34,0,0,999.0,999.0,0.0,0.0,0.0,0.0,2,1,<a_191><b_203><c_80>,<a_167><b_83><c_62>,0,0.0
2907,RotoMetals GA100 Gallium 100 Grams,Roto Metals,1,57,0,0,999.0,999.0,0.0,0.0,0.0,0.0,2,1,<a_24><b_128><c_166>,<a_92><b_20><c_113>,0,0.0
2910,Pack of 6 - 4oz Cobalt Glass Boston Round Bottles Each With Glass Dropper,Eclectic Supply,1,29,0,0,999.0,999.0,0.0,0.0,1.0,1.0,5,3,<a_177><b_179><c_3>,<a_223><b_167><c_230>,0,0.0
2919,"SainSmart DSO Note II DS202 Nano ARM Portable Mini Handheld Touch Screen Digital Storage Oscilloscope, 8MB Memory Storage 2MHz 10Mps",SainSmart,1,12,0,0,47.0,999.0,0.0,0.0,0.0,0.0,4,1,<a_42><b_2><c_27>,<a_18><b_148><c_180>,0,0.0
2921,AGPtek&reg; 12 Pipe Aluminum Heat Exchanger Radiator for PC CPU CO2 Laser Water Cool System Computer,AGPTEK,1,36,0,0,999.0,999.0,0.0,0.0,0.0,0.0,1,1,<a_223><b_66><c_115>,<a_118><b_57><c_201>,0,0.0
2922,2 x Aluminum GT2 16T Pulley and 2M Belt for RepRap 3D printer Prusa i3,DD-life,1,38,0,0,999.0,999.0,0.0,0.0,0.0,0.0,1,1,<a_186><b_110><c_232>,<a_251><b_229><c_176>,0,0.0
2923,"Focusable 650nm 5mW 3-5V Red Laser ""Line"" Module Diode w/ driver Plastic Lens (2 Pack)",Generic,1,15,0,0,999.0,999.0,0.0,0.0,0.0,0.0,1,1,<a_104><b_233><c_89>,<a_175><b_104><c_35>,0,0.0
2925,Uxcell a13102400ux0146 AC 300V 10A 5.08mm Pitch 2 Pin Screw Pluggable Terminal Block (Pack of 20),uxcell,1,6,0,0,999.0,999.0,0.0,0.0,0.0,0.0,1,1,<a_145><b_61><c_21>,<a_0><b_87><c_33>,0,0.0
2926,HICTOP 5 Pieces 3D Printer Extruder Hotend 1.75mm Nozzle Throat for Reprap Prusa I3,HICTOP,1,32,0,0,999.0,38.0,0.0,0.0,0.0,0.0,2,2,<a_48><b_149><c_165>,<a_29><b_202><c_114>,0,0.0
2928,HICTOP 5PCS Aluminum Heater Block M6 Specialized for MK7 MK8 Makerbot Medel I3 3D Printer Extruder Hot End Heating Block,HICTOP,1,9,0,0,999.0,999.0,0.0,0.0,0.0,0.0,3,3,<a_173><b_107><c_25>,<a_118><b_91><c_56>,0,0.0
2931,Texas Instruments NE555N NE555 NE555P General Purpose Single Bipolar Timer DIP8 1 Pack,Texas Instruments,1,33,0,0,999.0,999.0,0.0,0.0,0.0,0.0,4,4,<a_45><b_63><c_255>,<a_67><b_251><c_127>,0,0.0
2935,IRWIN Tools Magnetic Angle Locator (1794488),Irwin Tools,1,18,0,0,999.0,999.0,0.0,0.0,0.0,0.0,1,1,<a_160><b_37><c_164>,<a_88><b_237><c_250>,0,0.0
2936,uxcell a11111600ux0002 Amico 5 Pcs 608RS 8 x 22 x 7mm Shield Deep Groove Ball Bearings,uxcell,1,19,0,0,999.0,999.0,0.0,0.0,0.0,0.0,1,3,<a_34><b_102><c_230>,<a_84><b_60><c_52>,0,0.0
2946,J-B Weld 8270 KwikWeld Industrial Professional Size - 10 oz.,J-B Weld,1,24,0,0,999.0,999.0,0.0,0.0,0.0,0.0,6,6,<a_89><b_99><c_163>,<a_19><b_166><c_22>,0,0.0
2951,PIXNOR 1/4W Resistor Kit 56 Values x 20pcs =1120pcs (1ohm-10Mohm) Metal Film Resistors Assortment,PIXNOR,1,67,0,0,999.0,999.0,0.0,0.0,0.0,0.0,10,1,<a_145><b_9><c_51>,<a_36><b_111><c_119>,0,0.0
2953,"Aven 12017 Stainless Steel Hemostat Straight, 6"" Length",Aven,1,17,0,0,999.0,999.0,0.0,0.0,0.0,0.0,1,1,<a_50><b_134><c_113>,<a_86><b_170><c_72>,0,0.0
2954,"Sashco Big Stretch Acrylic Latex High-Performance Caulking Sealant, 10.5 Ounce Cartridge, White (Pack of 12)",Sashco,1,11,0,0,999.0,999.0,0.0,0.0,0.0,0.0,2,2,<a_210><b_238><c_2>,<a_57><b_150><c_13>,0,0.0
2955,"All Brew Supplies 325 Stainless Carbonation Cap with 5/16"" Barb Ball Lock Type, Fit Most Soft Drink PET Bottles",All Brew Supplies,1,4,0,0,999.0,999.0,0.0,0.0,0.0,0.0,1,2,<a_142><b_22><c_38>,<a_20><b_121><c_67>,0,0.0
2962,"HATCHBOX ABS 3D Printer Filament, Dimensional Accuracy +/- 0.03 mm, 1 kg Spool, 1.75 mm, Neon Green",HATCHBOX,1,21,0,0,41.0,999.0,0.0,0.0,3.0,2.0,24,21,<a_222><b_109><c_178>,<a_184><b_252><c_77>,0,0.0
2963,"Syhonic Metal DIY Hot End for RepRap 3D Printer 1.75mm Filament, 0.4mm Nozzle, 12V 40W Heater, NTC 3950 Thermistor Hotend",Syhonic,1,27,0,0,999.0,999.0,0.0,0.0,0.0,0.0,7,6,<a_186><b_249><c_0>,<a_251><b_204><c_180>,0,0.0
2965,"eSUN 1.75mm Natural PLA 3D Printer filament 1kg Spool (2.2lbs), Natural",eSUN,1,25,0,0,999.0,999.0,0.0,0.0,0.0,0.0,11,13,<a_85><b_149><c_204>,<a_184><b_244><c_2>,0,0.0
2971,"Taylor Precision Products Digital Panel Mount Thermometer (-40- to 300-Degrees Fahrenheit, -40- to 150-Degrees Celsius)",Taylor Precision Products,1,18,0,0,999.0,999.0,0.0,0.0,0.0,0.0,1,1,<a_31><b_100><c_153>,<a_59><b_170><c_242>,0,0.0
2972,URBEST HH52P AC 24V Coil DPDT 8 Pins Electromagnetic Power Relay w DYF08A Base,URBEST,1,13,0,0,999.0,999.0,0.0,0.0,0.0,0.0,3,2,<a_145><b_41><c_147>,<a_67><b_32><c_135>,0,0.0
2976,SEOH Plastic Hexagonal Weigh Boats Micro Dish 100pk,SEOH,1,36,0,0,999.0,999.0,0.0,0.0,0.0,0.0,3,1,<a_91><b_153><c_0>,<a_254><b_97><c_182>,0,0.0
2985,"Remington Industries 26UL1007STRKIT UL1007 26 AWG Gauge Stranded Hook-Up Wire Kit, 300V, 0.0190"" Diameter, 25' Length",Remington Industries,1,19,0,0,999.0,999.0,0.0,0.0,0.0,0.0,11,11,<a_202><b_210><c_87>,<a_191><b_68><c_27>,0,0.0
2987,"Alcotec 24-hour Turbo Yeast, 205 grams",Alcotec,1,35,0,0,999.0,999.0,0.0,0.0,0.0,0.0,2,2,<a_142><b_249><c_3>,<a_12><b_50><c_2>,0,0.0
2990,"Wiha 27920 Precision Chip Lifter, ESD Safe, 1 x 3.5mm",Wiha,1,20,0,0,999.0,999.0,0.0,0.0,0.0,0.0,1,1,<a_173><b_189><c_107>,<a_88><b_145><c_237>,0,0.0
2991,"DIYmall 0.96"" Inch Blue I2c IIC Serial 128x64 Oled LCD LED Display Module for Arduino 51 Msp420 Stim32 SCR",DIYmall,1,20,0,0,999.0,999.0,0.0,0.0,0.0,0.0,2,2,<a_45><b_67><c_6>,<a_175><b_194><c_90>,0,0.0
2992,Tiny AVR Programmer,SparkFun,1,51,0,0,999.0,999.0,0.0,0.0,0.0,0.0,1,1,<a_45><b_217><c_0>,<a_175><b_10><c_232>,0,0.0
3002,Elenco  Resistor Substitution Box - RS-400,Elenco,1,23,0,0,999.0,999.0,0.0,0.0,0.0,0.0,2,1,<a_145><b_78><c_173>,<a_36><b_221><c_105>,0,0.0
3004,"Scratch Brush, Fiberglass (Colors may vary)",EuroTool,1,26,0,0,999.0,999.0,0.0,0.0,0.0,0.0,1,1,<a_247><b_45><c_136>,<a_77><b_118><c_121>,0,0.0
3005,Laser Head Diode Dot Module WL Red mini 650nm 6mm 5V 5mW 10PCS,DIYmall,1,18,0,0,999.0,999.0,0.0,0.0,0.0,0.0,2,2,<a_104><b_145><c_136>,<a_175><b_119><c_39>,0,0.0
3006,"3M 4298 Adhesion Promoter, Sponge Applicator",3M,1,24,0,0,999.0,999.0,0.0,0.0,0.0,0.0,1,2,<a_64><b_244><c_77>,<a_19><b_85><c_2>,0,0.0
3009,Yosoo 5Pcs HSS CNC Lathe Straight Shank 4 Flute End Mill Cutter Drill Bit Tool 4/6/8/10/12mm,Yosoo,1,10,0,0,999.0,999.0,0.0,0.0,0.0,0.0,1,1,<a_122><b_89><c_146>,<a_71><b_240><c_26>,0,0.0
3012,Dodolight Digital Dual Two Channel 2 K-Type Thermometer Thermocouple Sensor 1300 2372,Dodolight,1,42,0,0,999.0,999.0,0.0,0.0,0.0,0.0,3,1,<a_186><b_184><c_1>,<a_245><b_103><c_32>,0,0.0
3014,"FlashForge HP-00057 Platform Sticker for Creator Pro and Dreamer, 6 Pcs Kit (Pack of 6)",FlashForge,1,44,0,0,999.0,999.0,0.0,0.0,0.0,0.0,1,1,<a_249><b_39><c_28>,<a_246><b_111><c_254>,0,0.0
3020,"Applied Magnets 1 Piece 3"" x 1/2"" x 1/2"" Grade N42 Neodymium Block Magnet",Applied Magnets,1,1,0,0,999.0,999.0,0.0,0.0,0.0,0.0,1,1,<a_175><b_36><c_198>,<a_13><b_112><c_14>,0,0.0
3023,Gelid Solutions GC-Extreme Thermal Compound TC-GC-03-A,Gelid Solutions,1,18,0,0,999.0,999.0,0.0,0.0,0.0,0.0,1,1,<a_24><b_54><c_38>,<a_92><b_16><c_43>,0,0.0
3024,"Gardner Bender DS-110N Duct Seal, 1 lb. Pug",Gardner Bender,1,1,0,0,999.0,999.0,0.0,0.0,0.0,1.0,1,2,<a_210><b_60><c_178>,<a_57><b_179><c_104>,0,0.0
3028,FE455 Rubber Stopper- Size 8- Drilled,Midwest Homebrewing and Winemaking Supplies,1,26,0,0,999.0,999.0,0.0,0.0,0.0,0.0,1,2,<a_36><b_162><c_58>,<a_84><b_131><c_127>,0,0.0
3034,"Easy RepRap - 12 LM8UU Linear Bearings for 3D Printer. Prusa Mendel, reprap",Easy RepRap,1,46,0,0,999.0,999.0,0.0,0.0,0.0,0.0,1,1,<a_186><b_161><c_249>,<a_251><b_28><c_176>,0,0.0
3036,"HATCHBOX PLA 3D Printer Filament, Dimensional Accuracy +/- 0.03 mm, 1 kg Spool, 1.75 mm, Transparent White",HATCHBOX,1,55,0,0,999.0,999.0,0.0,0.0,1.0,1.0,24,27,<a_222><b_157><c_4>,<a_184><b_67><c_193>,0,0.0
3040,"HATCHBOX PETG 3D Printer Filament, Dimensional Accuracy +/- 0.03 mm, 1 kg Spool, 1.75 mm, Purple",HATCHBOX,1,20,0,0,999.0,999.0,0.0,0.0,0.0,0.0,11,14,<a_222><b_161><c_203>,<a_184><b_110><c_203>,0,0.0
3041,"Adult & Infant CPR Mask Combo Kit with 2 Valves, MCR Medical",MCR Medical,1,18,0,0,26.0,999.0,0.0,0.0,0.0,0.0,1,2,<a_127><b_110><c_112>,<a_62><b_79><c_151>,0,0.0
3047,2140Pcs SAMSUNG SMD 0805 50 Value Resistor & 32 Value Capacitor Assortment Kit,GAVAN,1,32,0,0,999.0,999.0,0.0,0.0,0.0,0.0,2,1,<a_145><b_81><c_206>,<a_36><b_100><c_28>,0,0.0
3050,Electronics-Salon 100 to 1M ohm 3296 Multiturn Trimmer Potentiometers Kit,Electronics-Salon,1,7,0,0,999.0,999.0,0.0,0.0,0.0,0.0,2,1,<a_145><b_66><c_29>,<a_36><b_128><c_155>,0,0.0
3052,"Electronics-Salon 30 Types 74HCxx Series Logic IC Assortment Kit, High-Speed Si-Gate CMOS IC.",Generic,1,17,0,0,999.0,999.0,0.0,0.0,0.0,0.0,1,1,<a_45><b_156><c_201>,<a_175><b_140><c_255>,0,0.0
3071,3DMakerWorld 0.06mm (2.4mil) 8''x8'' Kapton Tape With Release Liner (10 Pack),3DMakerWorld,1,10,0,0,999.0,999.0,0.0,0.0,0.0,0.0,1,1,<a_171><b_92><c_130>,<a_118><b_60><c_50>,0,0.0
3080,SGS Tool Company 11703 SC-1 Double Cut Carbide Bur 1/4 Diameter 1/4 Shank Diameter,SGS Tool Company,1,15,0,0,999.0,999.0,0.0,0.0,0.0,0.0,2,2,<a_248><b_189><c_41>,<a_71><b_101><c_0>,0,0.0
3081,KOOKYE Mega328 Transistor Tester Diode Triode Capacitance ESR Meter MOS/PNP/NPN L/C/R with Clear case,KOOKYE,1,10,0,0,999.0,999.0,0.0,0.0,0.0,0.0,1,3,<a_42><b_155><c_161>,<a_36><b_115><c_131>,0,0.0
3083,Elitech WJL-6000 Portable Refrigerant Halogen Leak Detector Tester Air Condition HVAC R22 R410A R134A CFCs HCFCs HFCs Detects,Elitech,1,18,0,0,999.0,999.0,0.0,0.0,0.0,0.0,1,2,<a_186><b_96><c_192>,<a_245><b_54><c_76>,0,0.0
3085,JOYSA 5PCS 0.4mm Drill Bits for 3D MakerBot Printer Nozzle Cleaning Kit BY JOYSA US Registered Brand,JOYSA,1,29,0,0,999.0,999.0,0.0,0.0,0.0,0.0,2,3,<a_186><b_61><c_65>,<a_15><b_68><c_156>,0,0.0
3090,"WoodPro Fasteners AP9X212-1 #9 by 2-1/2-Inch All Purpose Wood Construction Screws, T25, 1LB Net Weight",WoodPro Fasteners,1,5,0,0,999.0,999.0,0.0,0.0,0.0,0.0,3,2,<a_182><b_96><c_18>,<a_224><b_126><c_172>,0,0.0
3092,WallPeg pegboard hooks &ndash; locking peg hooks &ndash; 50 peg kit for tool storage and craft organizer,WallPeg,1,14,0,0,999.0,999.0,0.0,0.0,0.0,0.0,8,3,<a_41><b_133><c_101>,<a_255><b_98><c_37>,0,0.0
3096,"HATCHBOX 3D Printer Filament, Dimensional Accuracy +/- 0.03 mm, 1 kg Spool, 1.75 mm, Bronze",HATCHBOX,1,26,0,0,999.0,30.0,0.0,0.0,2.0,2.0,24,27,<a_222><b_109><c_13>,<a_184><b_67><c_46>,0,0.0
3097,HICTOP 5 Pcs 100K ohm NTC Thermistors/Temp Sensor for Reprap 3D printer,HICTOP,1,22,0,0,999.0,999.0,0.0,0.0,1.0,0.0,2,1,<a_48><b_63><c_54>,<a_29><b_96><c_198>,0,0.0
3100,"Pro Tapes PRO-46/BLK260 PRO-46 Colored Masking Tape: 2"" x 60 yd, Black",Pro Tapes,1,85,0,0,999.0,999.0,0.0,0.0,0.0,0.0,3,1,<a_192><b_33><c_25>,<a_42><b_17><c_217>,0,0.0
3103,"HATCHBOX PETG 3D Printer Filament, Dimensional Accuracy +/- 0.03 mm, 1 kg Spool, 1.75 mm, Gold",HATCHBOX,1,5,0,0,999.0,999.0,0.0,0.0,0.0,0.0,11,14,<a_222><b_161><c_58>,<a_184><b_110><c_129>,0,0.0
3105,"Lexan Sheet - Polycarbonate - .118"" - 1/8"" Thick, Clear, 12"" x 12"" Nominal",Plastics 2000,1,3,0,0,999.0,999.0,0.0,0.0,0.0,0.0,2,1,<a_225><b_255><c_210>,<a_253><b_144><c_124>,0,0.0
3106,"Rust-Oleum 214382Heavy-Duty Degreaser, 32-Ounce",Rust-Oleum,1,18,0,0,999.0,999.0,0.0,0.0,0.0,0.0,1,1,<a_6><b_150><c_31>,<a_173><b_113><c_14>,0,0.0
3107,"uxcell a12071000ux0902 5 Pcs SPST On Off Black Snap in Boat Rocker Switch AC 250V/16A 125V/16A, Pack of 5",uxcell,1,11,0,0,999.0,999.0,0.0,0.0,0.0,0.0,3,2,<a_145><b_41><c_2>,<a_67><b_218><c_210>,0,0.0
3119,"Pack of 12 3/8"" - 24 Fittings for 3/16"" tube",thestopshop,1,4,0,0,999.0,999.0,0.0,0.0,0.0,0.0,2,1,<a_78><b_98><c_176>,<a_167><b_199><c_226>,0,0.0
3120,"Well Pump Wire Splice Kit, Submersible 3M Dual Wall Heat Shrink Tubing and Copper Connector for 4 Wires, 10#12#14 AWG.",Tuhorse,1,25,0,0,999.0,999.0,0.0,0.0,0.0,0.0,1,1,<a_202><b_171><c_199>,<a_191><b_18><c_211>,0,0.0
3121,"3M General Purpose Vinyl Tape 764 Yellow, 2 in x 36 yd 5.0 mil (Pack of 1)",3M,1,37,0,0,999.0,999.0,0.0,0.0,0.0,0.0,2,1,<a_235><b_33><c_172>,<a_226><b_207><c_121>,0,0.0
3124,"Industrial & Scientific"" />",Nasco,1,20,0,0,999.0,999.0,0.0,0.0,0.0,0.0,1,1,<a_50><b_153><c_24>,<a_134><b_12><c_128>,0,0.0
3125,"E-Projects 10EP514470R 470 Ohm Resistors, 1/4 W, 5% (Pack of 10)",E-Projects,1,18,0,0,999.0,999.0,0.0,0.0,0.0,0.0,7,4,<a_239><b_66><c_4>,<a_36><b_108><c_22>,0,0.0
3127,"Campbell 1/4"" x 250' Galvanized Cable 7000827 Aircraft Cable",Apex Tool Group,1,18,0,0,999.0,999.0,0.0,0.0,0.0,0.0,1,1,<a_202><b_215><c_18>,<a_191><b_228><c_52>,0,0.0
3135,"Industrial & Scientific"" />","Sterling Seal & Supply, Inc. (STCC)",1,8,0,0,999.0,999.0,0.0,0.0,0.0,0.0,4,1,<a_50><b_110><c_242>,<a_134><b_79><c_17>,0,0.0
3150,"Brute 2632 BLU 22"" Diameter x 27-1/4"" Height, 32 gallon Blue LLDPE Heavy-Duty Round Container without Lid",Rubbermaid Commercial Products,1,60,0,0,999.0,999.0,0.0,0.0,0.0,0.0,2,2,<a_241><b_13><c_94>,<a_20><b_241><c_124>,0,0.0
3153,"WORKSHOP Wet/Dry Vacs WS1600SS Stainless Steel 6.5-Peak Wet Dry Vacuum Cleaner, 16 Gallon",Workshop,1,27,0,0,999.0,999.0,0.0,0.0,0.0,0.0,1,1,<a_83><b_116><c_16>,<a_125><b_198><c_210>,0,0.0
3163,"Scott Essential Multifold Paper Towels (01804) with Fast-Drying Absorbency Pockets, White, 16 Packs / Case, 250 Multifold Towels / Pack",Kimberly-Clark Professional,1,7,0,0,999.0,999.0,0.0,0.0,0.0,0.0,1,1,<a_161><b_172><c_96>,<a_91><b_243><c_0>,0,0.0
3166,Fouring BL Car Wide Angle Rear View Multi Blind Spot Mirror 3M VHB Tape,Fouring,1,5,0,0,999.0,999.0,0.0,0.0,0.0,0.0,1,1,<a_12><b_240><c_51>,<a_149><b_161><c_143>,0,0.0
3182,XCSOURCE 1 Set 6X8MM Head Tungsten Carbide Burrs For Rotary Drill Die Grinder Carving Bit BI044,XCSOURCE,1,8,0,0,999.0,999.0,0.0,0.0,0.0,0.0,1,3,<a_122><b_140><c_52>,<a_71><b_144><c_252>,0,0.0
3184,"Velleman AS4 Anti-Static Mat with Ground Cable - Desktop static dissipative mat - 11.8"" x 22",Velleman,1,20,0,0,999.0,999.0,0.0,0.0,0.0,0.0,1,1,<a_171><b_56><c_136>,<a_16><b_158><c_46>,0,0.0
3185,Genuine E3D V6 All-Metal HotEnd 1.75mm Universal w/ Bowden Full Kit 12V (V6-175-B),E3D,1,28,0,0,999.0,999.0,0.0,0.0,0.0,0.0,1,2,<a_48><b_66><c_197>,<a_29><b_76><c_150>,0,0.0
3187,"Eagle 1202 Galvanized Steel Poly Tube Cigarette Butt Receptacle, 2-1/2 gallon Capacity, 35"" Height, 11"" Diameter, Yellow",Eagle,1,6,0,0,999.0,999.0,0.0,0.0,0.0,0.0,1,1,<a_241><b_87><c_99>,<a_20><b_187><c_63>,0,0.0
3189,"1/2"" FPT TO 1/2"" BARB - Stainless Steel",Midwest Homebrewing and Winemaking Supplies,1,12,0,0,999.0,999.0,0.0,0.0,0.0,0.0,1,1,<a_78><b_241><c_197>,<a_56><b_14><c_1>,0,0.0
3190,TEMCo Heavy Duty Foot Switch CN0003 - Cast Aluminum Foot Switch 15A SPDT Electric Pedal Momentary 5 YEAR WARRANTY,Temco,1,3,0,0,999.0,999.0,0.0,0.0,0.0,0.0,1,2,<a_0><b_164><c_29>,<a_67><b_105><c_170>,0,0.0
3200,"Universal Glove Box Holder - Dispenser, Standard Size, Each",Dispensa-Glove,1,5,0,0,999.0,999.0,0.0,0.0,0.0,0.0,1,1,<a_36><b_182><c_178>,<a_91><b_247><c_106>,0,0.0
3202,"XiKe 30012X (300 Qty) 1/2"" Steel Balls, Slingshot Ammo Steel shot - G100",XiKe,1,3,0,0,999.0,999.0,0.0,0.0,0.0,0.0,1,2,<a_34><b_192><c_55>,<a_84><b_38><c_40>,0,0.0
3206,Texas Instruments NE555P Single Precision Timer (Pack of 10),Texas Instruments,1,21,0,0,999.0,999.0,0.0,0.0,0.0,0.0,4,4,<a_45><b_63><c_37>,<a_67><b_251><c_9>,0,0.0
3208,"Polycarbonate Tubing, 3/4"" ID x 1"" OD x 1/8"" Wall, Clear Color 24"" L",Small Parts,1,11,0,0,999.0,999.0,0.0,0.0,0.0,0.0,4,4,<a_225><b_17><c_155>,<a_115><b_64><c_219>,0,0.0
3215,"HATCHBOX ABS 3D Printer Filament, Dimensional Accuracy +/- 0.03 mm, 1 kg Spool, 1.75 mm, Copper",HATCHBOX,1,16,0,0,999.0,999.0,0.0,0.0,0.0,0.0,24,21,<a_222><b_109><c_57>,<a_184><b_252><c_54>,0,0.0
3228,URBEST&reg; 400V 10A 12 Postions Pre Insulated Fork Terminal Stripes 4 Pcs,URBEST,1,30,0,0,999.0,999.0,0.0,0.0,0.0,0.0,3,3,<a_202><b_72><c_34>,<a_0><b_116><c_4>,0,0.0
3230,"E-Z Lok Threaded Insert, Brass, Knife Thread, 5/16""-18 Internal Threads, 0.625"" Length (Pack of 10)",E-Z LOK,1,24,0,0,999.0,999.0,0.0,0.0,0.0,0.0,5,5,<a_182><b_189><c_149>,<a_71><b_86><c_250>,0,0.0
3235,Uxcell s14032800am0476 Red Mushroom Cap 1NO 1NC DPST Emergency Stop Push Button Switch AC 660V 10A,uxcell,1,28,0,0,999.0,999.0,0.0,0.0,0.0,0.0,1,1,<a_145><b_114><c_45>,<a_67><b_69><c_152>,0,0.0
3238,Empire Level 10304 Router Depth Gauge and Saw Depth Gauge,Empire Level,1,23,0,0,999.0,999.0,0.0,0.0,0.0,0.0,1,1,<a_160><b_46><c_174>,<a_88><b_58><c_92>,0,0.0
3255,"American Educational 7-880500-A Filtering Flask, Bomex Brand Clear Borosilicate Glass, 500mL Capacity",American Educational Products,1,27,0,0,999.0,999.0,0.0,0.0,0.0,0.0,2,4,<a_178><b_248><c_102>,<a_223><b_168><c_231>,0,0.0
3256,"Transfer Pipette, 3.0ml Graduated, 5.0ml Capacity, Large Bulb, 155mm, Karter Scientific 206H3 (Pack of 100)",Karter Scientific,1,63,0,0,999.0,999.0,0.0,0.0,0.0,0.0,3,1,<a_172><b_195><c_8>,<a_105><b_149><c_74>,0,0.0
3260,Strmlght Tlr Remote Door/Switch Assy,Streamlight,1,47,0,0,999.0,999.0,0.0,0.0,0.0,0.0,1,1,<a_212><b_105><c_191>,<a_67><b_118><c_162>,0,0.0
3262,30-10071 Spdt N.o./n.c. Magnetic Reed Switch (1),Philmore LKG,1,8,0,0,999.0,999.0,0.0,0.0,0.0,0.0,1,1,<a_0><b_35><c_146>,<a_67><b_205><c_60>,0,0.0
3264,"Corning Pyrex 1000-600 Glass 600mL Graduated Low Form Griffin Beaker, 50mL Graduation Interval, with Double Scale",Corning,1,31,0,0,999.0,999.0,0.0,0.0,0.0,0.0,2,1,<a_165><b_90><c_205>,<a_200><b_171><c_233>,0,0.0
3265,Whirlpool 9709231 Replacement Gear Parts,Whirlpool,1,4,0,0,999.0,999.0,0.0,0.0,0.0,0.0,1,1,<a_223><b_145><c_176>,<a_45><b_222><c_180>,0,0.0
3266,2x ATMEL ATTINY85-20PU 8-BIT 20MHz MCU,Atmel,1,16,0,0,28.0,999.0,0.0,0.0,0.0,0.0,2,4,<a_45><b_163><c_249>,<a_175><b_115><c_175>,0,0.0
3270,"Stanley Swkbn625S Brad Nails, 5/8-Inch, 1000-Pack",Stanley,1,17,0,0,999.0,999.0,0.0,0.0,0.0,0.0,1,1,<a_191><b_194><c_215>,<a_255><b_95><c_58>,0,0.0
3273,"5/8"" Heavy Duty Double Gripping Nylon Hose Clamps, 225&deg; F / 200 PSI Rated, 10 Pack (Made in USA/UK)",Koolertek,1,20,0,0,999.0,999.0,0.0,0.0,0.0,0.0,1,1,<a_34><b_21><c_139>,<a_167><b_236><c_96>,0,0.0
3275,Pyrex Erlenmeyer Flask Starter Pack,Corning,1,10,0,0,999.0,999.0,0.0,0.0,0.0,0.0,1,1,<a_178><b_78><c_68>,<a_223><b_5><c_16>,0,0.0
3277,"GSC International RS-SOLID-A Stoppers Rubber, Assorted Solid, 1 lb., Pack of 30",GSC International,1,8,0,0,999.0,999.0,0.0,0.0,0.0,0.0,1,2,<a_36><b_21><c_81>,<a_105><b_18><c_209>,0,0.0
3290,Rectorseal 31631 1/4 Pint Brush Top Tru-Blu&nbsp;Pipe Thread Sealant,Rectorseal,1,32,0,0,999.0,999.0,0.0,0.0,0.0,0.0,3,3,<a_89><b_22><c_10>,<a_173><b_207><c_33>,0,0.0
3297,"LDR 020 9645 Pressure Gauge, 3/4-Inch IPS, 200 lb. Pressure",LDR Industries,1,6,0,0,999.0,999.0,0.0,0.0,0.0,0.0,1,4,<a_0><b_13><c_250>,<a_254><b_234><c_68>,0,0.0
3298,"Malida 1/4 inch Quick Connect Check Valve for RO purifiers Water Reverse Osmosis System,5PCS",Malida,1,9,0,0,999.0,999.0,0.0,0.0,0.0,0.0,2,1,<a_78><b_12><c_207>,<a_56><b_198><c_96>,0,0.0
3302,"PLA Glow in the Dark Cosmic Blue 3D Printing Filament, 1.75 mm",Black Magic 3D,1,33,0,0,999.0,999.0,0.0,0.0,0.0,0.0,3,3,<a_222><b_73><c_0>,<a_184><b_166><c_0>,0,0.0
3314,"Stainless Steel 316/316L Pipe Fitting, Nipple, Schedule 40 Welded, 3/4"" X 2-1/2"" NPT Male",Merit Brass,1,51,0,0,999.0,999.0,0.0,0.0,0.0,0.0,7,3,<a_78><b_250><c_18>,<a_31><b_167><c_109>,0,0.0
3330,"Online Best Service 3"" Swivel Caster Wheels Rubber Base with Top Plate & Bearing Heavy Duty , Pack of 4",Online Best Service,1,8,0,0,999.0,999.0,0.0,0.0,0.0,0.0,1,2,<a_41><b_19><c_95>,<a_85><b_51><c_33>,0,0.0
3334,Ajax Scientific 7 Piece Plastic Gear and Bushing Set,Ajax Scientific,1,15,0,0,999.0,999.0,0.0,0.0,0.0,0.0,1,1,<a_34><b_175><c_172>,<a_152><b_174><c_94>,0,0.0
3335,50pcs x Superbright 10mm Round LED Light Lamp Ultra Bright 10mm White led 30000MCD,WholesaleLED,1,25,0,0,999.0,999.0,0.0,0.0,0.0,0.0,1,1,<a_104><b_183><c_55>,<a_175><b_138><c_217>,0,0.0
3336,"Sponge Neoprene With Adhesive 1/8"" Thick X 54"" Wide X 1'",CLEVERBRAND INC.,1,16,0,0,999.0,999.0,0.0,0.0,0.0,0.0,2,2,<a_225><b_23><c_133>,<a_57><b_187><c_0>,0,0.0
3337,"Vastar ESD Anti-Static Wrist Strap Components, Blue",Vastar,1,4,0,0,999.0,999.0,0.0,0.0,0.0,0.0,3,3,<a_171><b_213><c_40>,<a_16><b_2><c_237>,0,0.0
3340,"E-Projects 25EP514150R 150 Ohm Resistors, 1/4 W, 5% (Pack of 25)",E-Projects,1,32,0,0,999.0,999.0,0.0,0.0,0.0,0.0,7,3,<a_239><b_66><c_228>,<a_36><b_114><c_18>,0,0.0
3352,"Duda Energy VCV-WOG1000-F075 Vertical Check Valve, 304 Stainless Steel, 3/4"" NPT Spring Loaded In-line Low Cracking Pressure.75",Duda Energy,1,13,0,0,999.0,999.0,0.0,0.0,0.0,0.0,1,1,<a_78><b_30><c_219>,<a_84><b_62><c_141>,0,0.0
3354,"Thomas Traceable Kangaroo Thermometer, 7.5"" Probe Length, -58 to 572 degree F, -50 to 300 degree C",Thomas,1,17,0,0,999.0,999.0,0.0,0.0,0.0,0.0,1,4,<a_165><b_63><c_54>,<a_196><b_125><c_92>,0,0.0
3356,PURE Potassium Hydroxide Flakes - 2 LB (Caustic Potash Anhydrous KOH Dry),FDC,1,6,0,0,999.0,999.0,0.0,0.0,0.0,0.0,1,1,<a_75><b_221><c_39>,<a_92><b_189><c_149>,0,0.0
3359,Fermcap-S Foam Inhibitor- 1 oz.,Fermcap-S,1,23,0,0,999.0,999.0,0.0,0.0,0.0,0.0,1,1,<a_142><b_245><c_205>,<a_92><b_169><c_26>,0,0.0
3363,Rotometals Kilo Bismuth Metal 99.99% Premium Grade,Roto Metals,1,8,0,0,999.0,999.0,0.0,0.0,0.0,0.0,1,1,<a_127><b_13><c_123>,<a_144><b_66><c_8>,0,0.0
3366,"Adafruit 0.56"" 4-digit 7-segment Display W/i2c Backpack - Red",Adafruit,1,34,0,0,999.0,999.0,0.0,0.0,0.0,0.0,2,2,<a_45><b_231><c_200>,<a_175><b_158><c_69>,0,0.0
3371,ASI PR005-1M Steel Slotted Din Rail (Pack of 10),Automation Systems Interconnect,1,14,0,0,999.0,33.0,0.0,0.0,0.0,1.0,2,2,<a_145><b_139><c_178>,<a_16><b_140><c_178>,0,0.0
3381,"E-Projects 25EP514120R 120 Ohm Resistors, 1/4 W, 5% (Pack of 25)",E-Projects,1,18,0,0,999.0,999.0,0.0,0.0,0.0,0.0,7,1,<a_239><b_66><c_1>,<a_36><b_144><c_48>,0,0.0
3385,Zoostliss 11 in 1 Professional Network Computer Maintenance Repair Tools Rj45 Rj11 Cat5 LAN Network Tool Kit,Zoostliss,1,3,0,0,999.0,999.0,0.0,0.0,0.0,0.0,4,1,<a_186><b_117><c_0>,<a_245><b_229><c_79>,0,0.0
3393,"Corning Pyrex Borosilicate Glass Flat Bottom Boiling Flask, 250mL Capacity",Pyrex,1,22,0,0,999.0,999.0,0.0,0.0,0.0,0.0,1,1,<a_178><b_239><c_107>,<a_223><b_95><c_35>,0,0.0
3395,"Times Microwave Professional Weatherproof Self-Bonding Silicone Sealing Tape for Coax Connectors / Antennas (1.5"" x 15')",Times Microwave,1,27,0,0,999.0,999.0,0.0,0.0,0.0,0.0,4,1,<a_210><b_83><c_219>,<a_42><b_42><c_20>,0,0.0
3396,"2-1/2"" Oil Filled Pressure Gauge - Stainless Steel Case, Brass, 1/4"" NPT, Lower Mount Connection 0-60PSI",DuraChoice,1,1,0,0,999.0,999.0,0.0,0.0,0.0,0.0,3,4,<a_0><b_236><c_4>,<a_254><b_234><c_2>,0,0.0
3397,Install Bay 3MHST1 Heat Shrink 1 Inch (diameter) x 4 Foot,Install Bay,1,21,0,0,999.0,999.0,0.0,0.0,0.0,0.0,7,3,<a_202><b_76><c_2>,<a_115><b_11><c_35>,0,0.0
3399,"FibaTape FDW8436-U 2-Inch by 150-Feet Cement Board Tape-Alkali-Resistant/Self-Adhesive, Grey",Saint-Gobain ADFORS,1,14,0,0,999.0,999.0,0.0,0.0,0.0,0.0,2,1,<a_235><b_150><c_178>,<a_42><b_93><c_70>,0,0.0
3407,SEOH Beaker 3000ml Borosilicate Glass,SEOH,1,8,0,0,999.0,999.0,0.0,0.0,0.0,0.0,1,1,<a_178><b_13><c_141>,<a_223><b_119><c_199>,0,0.0
3408,"Shurflo 2088-554-144 Fresh Water Pump, 12 Volts, 3.5 Gallons Per Minute, 45 Psi",SHURFLO,1,24,0,0,999.0,999.0,0.0,0.0,0.0,0.0,1,1,<a_0><b_88><c_61>,<a_45><b_151><c_106>,0,0.0
3415,Function Generator DIY KIT by JYE Tech FG085,JYETech,1,98,0,0,999.0,999.0,0.0,0.0,0.0,0.0,1,1,<a_42><b_253><c_213>,<a_18><b_86><c_99>,0,0.0
3433,"Stainless Steel 304 Cast Pipe Fitting, Hex Locknut, MSS SP-114, 1/2"" NPT Female",Merit Brass,1,21,0,0,999.0,999.0,0.0,0.0,0.0,0.0,2,4,<a_78><b_166><c_9>,<a_31><b_106><c_131>,0,0.0
3447,Uxcell a13052700ux0259 6.35mm to 6.35mm CNC Stepper Motor Shaft Coupling Coupler for Encoder,uxcell,1,19,0,0,999.0,999.0,0.0,0.0,0.0,0.0,2,3,<a_173><b_146><c_78>,<a_16><b_33><c_174>,0,0.0
3452,"MakerBot PLA Filament, 1.75 mm Diameter, Large Spool, White",MakerBot,1,12,0,0,999.0,999.0,0.0,0.0,0.0,0.0,5,7,<a_222><b_113><c_185>,<a_184><b_238><c_228>,0,0.0
3455,"eSUN 1.75mm Warm White PLA PRO (PLA+) 3D Printer Filament 1KG Spool (2.2lbs), Warm White",eSUN,1,9,0,0,999.0,999.0,0.0,0.0,0.0,0.0,8,13,<a_85><b_80><c_89>,<a_184><b_244><c_0>,0,0.0
3457,"RioRand(TM) Borosilicate glass for heatbed MK2/MK2A of 3D printer,Reprap, Mendel",RioRand,1,23,0,0,999.0,999.0,0.0,0.0,0.0,0.0,4,1,<a_222><b_229><c_252>,<a_246><b_191><c_192>,0,0.0
3461,"Gizmo Dorks 3mm (2.85mm) ABS Filament 1kg / 2.2lb for 3D Printers, Black",Gizmo Dorks,1,14,0,0,999.0,999.0,0.0,0.0,0.0,0.0,11,12,<a_222><b_24><c_31>,<a_184><b_28><c_63>,0,0.0
3462,"Gizmo Dorks 3mm (2.85mm) ABS Filament 1kg / 2.2lb for 3D Printers, White",Gizmo Dorks,1,19,0,0,999.0,999.0,0.0,0.0,1.0,1.0,11,12,<a_222><b_24><c_168>,<a_184><b_28><c_126>,0,0.0
3471,Signswise 200x200mm 12v 150w Silicone Rubber Heating Heater for 3d Printer Heated Beds,Signswise,1,15,0,0,999.0,999.0,0.0,0.0,0.0,0.0,2,2,<a_161><b_111><c_2>,<a_118><b_68><c_19>,0,0.0
3478,NinjaFlex TPU Flexible Filament 1.75mm 50g Midnight (black),3dprintny.com,1,27,0,0,999.0,999.0,0.0,0.0,0.0,0.0,1,3,<a_85><b_77><c_113>,<a_184><b_213><c_113>,0,0.0
3488,"HATCHBOX ABS 3D Printer Filament, Dimensional Accuracy +/- 0.03 mm, 1 kg Spool, 1.75 mm, Transparent Red",HATCHBOX,1,80,0,0,999.0,999.0,0.0,0.0,0.0,0.0,24,21,<a_222><b_109><c_101>,<a_184><b_252><c_63>,0,0.0
3489,Elitech RC-5 USB Temperature Data logger Recorder 32000 Points High Accuracy,Elitech,1,7,0,0,999.0,999.0,0.0,0.0,0.0,0.0,2,1,<a_186><b_24><c_192>,<a_245><b_180><c_5>,0,0.0
3495,Melting Dish Casting Crucible Tool Ingot Mold,ikohe,1,28,0,0,999.0,999.0,0.0,0.0,0.0,0.0,1,2,<a_91><b_125><c_10>,<a_20><b_177><c_69>,0,0.0
3499,6-36VDC 4mm Detecting Distance NO Inductive Proximity Switch LJ12A3-4-Z/BY,uxcell,1,22,0,0,999.0,999.0,0.0,0.0,0.0,0.0,3,2,<a_145><b_72><c_18>,<a_130><b_171><c_114>,0,0.0
3501,"Everdixie USA Dual Head Stethoscope, Pink",BP MEDICAL SUPPLIES,1,14,0,0,999.0,999.0,0.0,0.0,0.0,0.0,2,1,<a_67><b_121><c_50>,<a_254><b_135><c_187>,0,0.0
3509,"MG Chemicals Blue PETG 3D Printer Filament, 1.75 mm, 1 kg Spool",MG Chemicals,1,8,0,0,999.0,999.0,0.0,0.0,0.0,0.0,4,4,<a_222><b_254><c_3>,<a_184><b_224><c_249>,0,0.0
3512,Addicore 2 Pack ESP8266 ESP-01 WiFi Wireless Tranceiver Module 1MB Flash in Antistatic Foam Arduino Compatible,Addicore,1,15,0,0,999.0,999.0,0.0,0.0,0.0,0.0,1,2,<a_45><b_29><c_116>,<a_175><b_36><c_181>,0,0.0
3516,DHT Electronics 2PCS RF coaxial cable UHF female SO239 to MCX male right angle connector RG316 20CM,DHT Electronics,1,26,0,0,999.0,999.0,0.0,0.0,0.0,0.0,2,3,<a_45><b_209><c_13>,<a_0><b_218><c_177>,0,0.0
3520,SainSmart 1.75mm PVA Dissolvable 3D Printers Filament -0.5kg/1.1lbs (Natural),SainSmart,1,18,0,0,999.0,999.0,0.0,0.0,0.0,0.0,4,5,<a_222><b_200><c_36>,<a_184><b_95><c_51>,0,0.0
3523,"Uxcell a14050500ux0216 HC-49S DIP Quartz Crystal Oscillator, 16 MHz, 16.000 MHz, 10 Piece",uxcell,1,16,0,0,999.0,999.0,0.0,0.0,0.0,0.0,2,1,<a_145><b_154><c_106>,<a_175><b_211><c_255>,0,0.0
3526,"Gizmo Dorks 3mm (2.85mm) ABS Filament 1kg / 2.2lb for 3D Printers, Green",Gizmo Dorks,1,10,0,0,40.0,999.0,0.0,0.0,2.0,2.0,11,12,<a_222><b_24><c_1>,<a_184><b_28><c_156>,0,0.0
3528,"SEOH Micro Borosilicate Glass Graduated Beakers (5ml, 10ml and 25ml)",SEOH,1,17,0,0,999.0,999.0,0.0,0.0,0.0,0.0,2,7,<a_178><b_123><c_180>,<a_223><b_103><c_133>,0,0.0
3533,SEOH 600ml Low Form Borosilicate Glass Graduated Beaker (Each),SEOH,1,20,0,0,999.0,999.0,0.0,0.0,0.0,0.0,4,7,<a_178><b_216><c_209>,<a_223><b_103><c_70>,0,0.0
3541,5PCS Nema 17 Stepper Motor Bipolar 2A 84oz.in 48mm 4-lead for 3D Printer/CNC,STEPPERONLINE,1,25,0,0,999.0,999.0,0.0,0.0,0.0,0.0,2,2,<a_212><b_204><c_184>,<a_152><b_11><c_11>,0,0.0
3548,Gladiator GACK04KDSX Ready-to-Assemble Caster Kit,Gladiator,1,14,0,0,999.0,999.0,0.0,0.0,0.0,0.0,1,1,<a_41><b_5><c_41>,<a_85><b_108><c_241>,0,0.0
3549,"Hydroplanet&trade; 4 Inch Duct Booster Fan,exhaust Fan High Cfm, 4"" 65-100 CFM (4 Inch)",Hydroplanet,1,11,0,0,999.0,999.0,0.0,0.0,0.0,0.0,1,1,<a_223><b_151><c_26>,<a_45><b_164><c_100>,0,0.0
3552,"Rubbermaid Commercial Heavy-Duty BRUTE Dome Swing Top Door Lid for 44 Gallon Waste/Utility Containers, Plastic, Gray (FG264788GRAY)",Rubbermaid Commercial Products,1,7,0,0,19.0,999.0,0.0,0.0,0.0,0.0,1,2,<a_241><b_155><c_232>,<a_20><b_85><c_91>,0,0.0
3553,"Uxcell a15011600ux0214 5 Piece 5K Ohm Linear Taper Rotary Potentiometer, 5KB B5K Pot",uxcell,1,8,0,0,999.0,999.0,0.0,0.0,0.0,0.0,3,3,<a_145><b_5><c_149>,<a_36><b_160><c_9>,0,0.0
3555,"3D PLA 1.75MM BLUE Plastic 3D Printer Printing Filament, Dimensional Accuracy +/- 0.04 mm, 1KG 2.2LBS",LabelPros,1,6,0,0,999.0,999.0,0.0,0.0,0.0,0.0,7,9,<a_186><b_157><c_12>,<a_251><b_181><c_15>,0,0.0
3559,Beaker Low Form Glass Graduated 600ml,Kimble Bomex,1,20,0,0,999.0,999.0,0.0,0.0,0.0,0.0,2,1,<a_178><b_123><c_215>,<a_223><b_153><c_168>,0,0.0
3563,"High Temperature Tape 1/2"" Wide, Kapton No Residue Heat Tape for Sublimation and Heat Transfe",Rincons Heat Press,1,5,0,0,999.0,999.0,0.0,0.0,0.0,0.0,2,1,<a_192><b_19><c_162>,<a_42><b_80><c_131>,0,0.0
3564,"ATMEL ATTINY85-20PU MCU, 8BIT, ATTINY, 20MHZ, DIP-8 (10 pieces)",ATMEL,1,10,0,0,999.0,999.0,0.0,0.0,0.0,1.0,2,4,<a_45><b_163><c_6>,<a_175><b_115><c_132>,0,0.0
3571,"SCIGRIP 16 Acrylic Cement, Low-VOC, Medium bodied, 1 Pint Can with Screw-on Cap, Clear",SCIGRIP,1,14,0,0,999.0,999.0,0.0,0.0,0.0,0.0,5,5,<a_89><b_221><c_185>,<a_19><b_86><c_33>,0,0.0
3573,"Industrial & Scientific"" />",80/20 Inc,1,25,0,0,999.0,999.0,0.0,0.0,0.0,0.0,3,1,<a_50><b_55><c_3>,<a_134><b_223><c_197>,0,0.0
3578,Drillpro 4x4'' Scientific Lab Jack Aluminum Lab Lifting Platform Stand Rack Scissor Lab-Lift Lifter,DRILLPRO,1,16,0,0,999.0,999.0,0.0,0.0,0.0,0.0,1,2,<a_91><b_55><c_45>,<a_88><b_97><c_28>,0,0.0
3582,"Fowler 72-030-006 6"" / 150 mm Dial Caliper",Fowler,1,12,0,0,999.0,999.0,0.0,0.0,0.0,0.0,1,1,<a_160><b_82><c_247>,<a_88><b_220><c_37>,0,0.0
3585,uxcell 10 Pcs Air Pneumatic 4mm to 4mm Straight Push in Connectors Quick Fittings,uxcell,1,26,0,0,999.0,999.0,0.0,0.0,1.0,1.0,3,2,<a_78><b_146><c_95>,<a_56><b_231><c_93>,0,0.0
3597,"SHURFLO 1434.1019 234-2926 1/2"" FPT X 1/2"" Barb Straight Swivel",SHURFLO,1,13,0,0,999.0,999.0,0.0,0.0,0.0,0.0,3,1,<a_78><b_89><c_103>,<a_56><b_241><c_162>,0,0.0
3610,Platform Sticker for QIDI TECH I 3D Printer: 5 pcs kit,Qidi Technology,1,7,0,0,999.0,999.0,0.0,0.0,0.0,0.0,1,1,<a_249><b_91><c_231>,<a_246><b_220><c_205>,0,0.0
3612,"Photo Frog Basket Accents Shrink Wrap 60"" X3yd Roll, Clear,Notions - In Network,349162"" />",Photo Frog,1,10,0,0,999.0,999.0,0.0,0.0,0.0,0.0,1,2,<a_161><b_38><c_56>,<a_226><b_174><c_255>,0,0.0
3633,"[STAR] Alchement - TPU Series, 3D Filament, 1.75mm, 1kg (Dark Orange-TPU)",Alchement,1,11,0,0,999.0,999.0,0.0,0.0,0.0,0.0,2,2,<a_85><b_108><c_38>,<a_184><b_198><c_223>,0,0.0
3645,Inland 1.75mm Natural PLA 3D Printer Filament - 1kg Spool (2.2 lbs),Inland,1,15,0,0,43.0,25.0,0.0,0.0,1.0,1.0,21,18,<a_186><b_178><c_245>,<a_251><b_78><c_154>,0,0.0
3650,Synkia 3D Print Removal Tool 1PC 3D Printer Accessories,Synkia,1,4,0,0,999.0,999.0,0.0,0.0,0.0,0.0,1,1,<a_186><b_28><c_18>,<a_251><b_27><c_122>,0,0.0
3656,Anycubic 1 Spool Stable Acrylic 3D Printer Filament Tabletop Mount Rack,Anycubic,1,16,0,0,999.0,999.0,0.0,0.0,0.0,0.0,1,1,<a_85><b_128><c_11>,<a_246><b_159><c_4>,0,0.0
3660,uxcell Ball Bushing Linear Motion 8mm x 15mm x 24mm Double Sealed 10 Pcs,uxcell,1,32,0,0,999.0,999.0,0.0,0.0,0.0,0.0,2,4,<a_34><b_12><c_74>,<a_84><b_49><c_222>,0,0.0
3661,"Industrial & Scientific"" />",Thomson,1,9,0,0,999.0,999.0,0.0,0.0,0.0,0.0,1,1,<a_50><b_121><c_71>,<a_134><b_24><c_8>,0,0.0
3662,"BuildTak 3D Printing Build Surface, 6.5"" x 10"" Rectangle, Black (Pack of 3)",BuildTak,1,50,0,0,47.0,999.0,0.0,0.0,0.0,0.0,6,5,<a_222><b_206><c_12>,<a_246><b_110><c_6>,0,0.0
3665,"American 3D Supply PLA 3D Printer Filament, 1 kg Spool, 1.75 mm, Red",American 3D Supply,1,18,0,0,999.0,999.0,0.0,0.0,0.0,0.0,4,27,<a_222><b_25><c_194>,<a_184><b_67><c_8>,0,0.0
3670,"HATCHBOX PETG 3D Printer Filament, Dimensional Accuracy +/- 0.03 mm, 1 kg Spool, 1.75 mm, Red",HATCHBOX,1,11,0,0,999.0,999.0,0.0,0.0,0.0,0.0,11,14,<a_222><b_161><c_136>,<a_184><b_110><c_248>,0,0.0
3672,Uxcell a15072100ux0300 M3x0.5mm Zinc Plated Self-Locking Nylon Insert Hex Lock Nuts 50pcs (Pack of 50),uxcell,1,2,0,0,999.0,999.0,0.0,0.0,0.0,0.0,1,2,<a_182><b_156><c_49>,<a_224><b_108><c_45>,0,0.0
3676,"Proto-pasta Composite Iron PLA, 1.75mm 500g",Proto-Pasta,1,7,0,0,999.0,999.0,0.0,0.0,0.0,0.0,1,2,<a_85><b_201><c_220>,<a_184><b_84><c_153>,0,0.0
3677,Dremel 3D Printing BT20-01 Build Sheets (Pack of 3),Dremel,1,10,0,0,999.0,999.0,0.0,0.0,0.0,0.0,1,1,<a_249><b_127><c_12>,<a_246><b_144><c_130>,0,0.0
3678,Redrex 0.4mm Stainless Steel 3D Printer Nozzle for 1.75mm Filament V6 Extruder Pack of 5Pcs,Redrex,1,3,0,0,999.0,999.0,0.0,0.0,0.0,0.0,1,1,<a_48><b_61><c_198>,<a_29><b_87><c_214>,0,0.0
3680,ProSpec PLA - Emerald - Beautiful Gemstone - Performance Grade 3D Printer Filament - 2.85mm - 2.2LB / 1kg,Summit Printing,1,16,0,0,999.0,999.0,0.0,0.0,0.0,0.0,1,1,<a_85><b_187><c_204>,<a_246><b_182><c_209>,0,0.0
2161,"3D Solutech Natural Clear 1.75mm 3D Printer PLA Filament, Dimensional Accuracy +/- 0.03 mm, 2.2 LBS (1.0KG)",3D Solutech,19,101,1,1,691.0526315789474,642.8947368421053,0.015213938227257256,0.016603414567669936,0.7894736842105263,0.7368421052631579,23,24,<a_222><b_68><c_55>,<a_184><b_137><c_17>,0,0.0013894763404126795
3557,3D Solutech Chocolate Brown 3D Printer PLA Filament 1.75MM Filament 2.2 LBS (1.0KG),3D Solutech,8,49,1,1,385.0,755.875,0.04452589838850277,0.048356600904317704,1.375,1.0,23,24,<a_222><b_68><c_20>,<a_184><b_137><c_25>,0,0.0038307025158149308
1699,Install Bay 3MBTT 3M T-Tap Connector 18/14 Gauge - 100 Pack (Blue),Install Bay,1,69,1,1,10.0,9.0,0.2890648263178879,0.3010299956639812,0.0,0.0,1,1,<a_202><b_193><c_155>,<a_191><b_8><c_209>,0,0.011965169346093318
139,DuPont Teflon Non-Stick,DuPont,10,135,2,2,702.8,214.5,0.07317065537373743,0.0930676558073393,0.0,0.0,2,2,<a_51><b_225><c_0>,<a_163><b_79><c_0>,0,0.019897000433601875
152,"Camco 4ft TastePURE Drinking Water Hose - Lead and BPA Free, Reinforced for Maximum Kink Resistance,  1/2""Inner Diameter (22763)",Camco,10,420,2,3,703.1,412.3,0.07640098914067264,0.10352062611770096,0.0,0.0,1,1,<a_225><b_241><c_197>,<a_115><b_88><c_89>,1,0.027119636977028322
178,"Neiko 10194A Titanium Step Drill Bit, High Speed Steel | 1/4"" to 1-3/8"" | Total 10 Step Sizes",Neiko,14,317,0,1,930.8571428571429,653.7857142857143,0.0,0.030762611290956646,0.0,0.0,5,4,<a_191><b_138><c_0>,<a_71><b_177><c_71>,1,0.030762611290956646
114,"Super Glue 15187 Super Glue, 12-Pack",Super Glue,12,306,0,1,917.0833333333334,672.9166666666666,0.0,0.03588971317278276,0.0,0.0,1,1,<a_150><b_174><c_169>,<a_19><b_76><c_97>,1,0.03588971317278276
1359,"Big Gator Tools V-Tap Guide, Standard sizes 0-80 to 5/8",Big Gator Tools,3,77,1,1,667.6666666666666,667.0,0.1289509357448472,0.16666666666666666,0.3333333333333333,0.3333333333333333,2,2,<a_160><b_105><c_20>,<a_84><b_8><c_245>,0,0.03771573092181946
1227,TapeCase 3431 0.75in X 5yd Yellow Reflective Tape (1 Roll),TapeCase,1,53,1,1,5.0,4.0,0.38685280723454163,0.43067655807339306,1.0,1.0,3,4,<a_192><b_85><c_203>,<a_226><b_175><c_52>,0,0.04382375083885143
2507,"HATCHBOX PLA 3D Printer Filament, Dimensional Accuracy +/- 0.03 mm, 1 kg Spool, 1.75 mm, Silver",HATCHBOX,7,266,5,5,8.428571428571429,8.142857142857142,0.27325830021796976,0.3175294617562246,0.5714285714285714,0.8571428571428571,24,27,<a_222><b_157><c_13>,<a_184><b_67><c_86>,0,0.04427116153825483
57,"Gorilla 2 Part Epoxy, 5 Minute Set, .85 ounce Syringe, Clear",Gorilla,16,170,0,2,754.5625,629.75,0.0,0.046441249646410235,0.0625,0.0625,2,1,<a_150><b_191><c_181>,<a_19><b_141><c_152>,2,0.046441249646410235
2736,Signswise 2 Pack 5mm 40T Extruder Driver Feeder Gear Bore for Makerbot Mk7 Mk8 3D Printer,Signswise,6,27,0,1,840.5,197.5,0.0,0.04817747105298131,0.0,0.0,1,1,<a_173><b_227><c_154>,<a_152><b_202><c_45>,1,0.04817747105298131
285,Z&T Solderless Flexible Breadboard Jumper Wires M/M 100pcs,Z&T,2,405,1,1,502.0,501.0,0.19342640361727081,0.25,0.0,0.0,1,2,<a_239><b_118><c_194>,<a_175><b_207><c_246>,0,0.056573596382729185
2993,"3D Solutech Blue 3D Printer Ultra PLA Filament 1.75MM Filament, Dimensional Accuracy +/- 0.03 mm, 2.2 LBS (1.0KG)",3D Solutech,10,12,0,2,705.0,703.0,0.0,0.05900948219818691,1.4,1.3,23,24,<a_222><b_68><c_135>,<a_184><b_137><c_82>,2,0.05900948219818691
94,"White SiliconeTubing, 3/16""ID, 1/4""OD, 1/32"" Wall, 10' Length",Small Parts,6,248,6,6,1.1666666666666667,1.0,0.9384882922619097,1.0,1.0,0.0,3,2,<a_225><b_5><c_1>,<a_115><b_198><c_139>,0,0.06151170773809034
444,"HATCHBOX ABS 3D Printer Filament, Dimensional Accuracy +/- 0.03 mm, 1 kg Spool, 1.75 mm, White",HATCHBOX,8,399,1,2,386.875,507.0,0.036133103289735985,0.09863310328973598,0.75,0.75,24,21,<a_222><b_109><c_176>,<a_184><b_252><c_23>,1,0.0625
2703,"eSUN 3D 1.75mm PETG Black Filament 1kg (2.2lb), PETG 3D Printer Filament, 1.75mm Solid Opaque Black",eSUN,14,89,2,5,719.3571428571429,367.92857142857144,0.06647689700524237,0.1323382590346389,0.21428571428571427,0.21428571428571427,7,7,<a_85><b_161><c_13>,<a_184><b_236><c_95>,3,0.06586136202939652
1452,American Terminal E-FMR250N-100 22/18-Gauge Economy Nylon Fully-Insulated Male Quick Disconnects,American Terminal,1,550,1,1,4.0,3.0,0.43067655807339306,0.5,1.0,1.0,8,7,<a_202><b_97><c_2>,<a_191><b_218><c_19>,0,0.06932344192660694
77,"Scotch Heavy Duty Shipping Packaging Tape, 3"" Core, 1.88"" x 54.6 Yards, 6-Rolls (3850-6)",Scotch,5,233,0,1,999.0,800.4,0.0,0.07124143742160444,0.0,0.0,1,1,<a_235><b_153><c_54>,<a_226><b_128><c_104>,1,0.07124143742160444
2739,1.75mm Black PLA 3D Printer Filament - 1kg Spool (2.2 lbs) - Dimensional Accuracy +/- 0.03mm,AMZ3D,5,10,0,1,999.0,218.6,0.0,0.07124143742160444,0.0,0.0,7,9,<a_186><b_157><c_44>,<a_251><b_181><c_0>,1,0.07124143742160444
979,"Anderson Metals Brass Threaded Pipe Fitting, Hex Bushing, 3/4"" Male x 1/2"" Female",Anderson Metals,4,73,0,1,512.5,511.75,0.0,0.07226620657947197,0.25,0.25,5,3,<a_78><b_3><c_3>,<a_31><b_89><c_14>,1,0.07226620657947197
675,J-B Weld 8265S Original Cold-Weld Steel Reinforced Epoxy - 2 oz.,J-B Weld,5,502,1,1,609.0,408.0,0.1261859507142915,0.2,0.0,0.0,2,6,<a_89><b_124><c_7>,<a_19><b_166><c_11>,0,0.0738140492857085
2419,"HATCHBOX 3D ABS-1KG1.75-BLU ABS 3D Printer Filament, Dimensional Accuracy +/- 0.03 mm, 1 kg Spool, 1.75 mm, Blue",HATCHBOX,4,273,0,1,508.75,513.5,0.0,0.0752574989159953,0.75,0.5,24,21,<a_222><b_109><c_5>,<a_184><b_252><c_46>,1,0.0752574989159953
98,"Industrial & Scientific"" />",iGaging,5,396,0,1,604.6,603.4,0.0,0.07737056144690832,0.0,0.0,1,1,<a_50><b_14><c_146>,<a_134><b_96><c_105>,1,0.07737056144690832
157,Yueton 100pcs Female Fully Insulated Wire Crimp Terminal Nylon Quick Connectors Wiring Spade,yueton,8,71,0,1,999.0,753.75,0.0,0.07886621919643219,0.125,0.125,8,7,<a_202><b_60><c_3>,<a_191><b_135><c_3>,1,0.07886621919643219
141,Break-Free CLP-2 Cleaner Lubricant Preservative 4 oz (113.4 gram) Aerosol,BreakFree,4,64,0,1,999.0,751.25,0.0,0.07886621919643219,0.0,0.0,2,1,<a_6><b_196><c_10>,<a_173><b_189><c_218>,1,0.07886621919643219
2721,"3D Solutech Navy Blue 3D Printer PLA Filament 1.75MM Filament, Dimensional Accuracy +/- 0.03 mm, 2.2 LBS (1.0KG)",3D Solutech,12,28,0,2,918.6666666666666,183.33333333333334,0.0,0.08481521340049993,0.4166666666666667,0.4166666666666667,2,2,<a_186><b_142><c_89>,<a_251><b_226><c_9>,2,0.08481521340049993
2934,Inland 1.75mm Yellow PLA 3D Printer Filament - 1kg Spool (2.2 lbs),Inland,5,26,5,5,7.4,4.6,0.32718703015970835,0.4198534362901172,3.2,3.2,21,18,<a_186><b_178><c_112>,<a_251><b_78><c_63>,0,0.09266640613040883
40,"Forney 20859 Cutting Fluid, Industrial Pro Tap Magic, 1-Gallon",Forney,17,266,0,3,770.5882352941177,538.8235294117648,0.0,0.09508793367351234,0.0,0.0,1,1,<a_6><b_89><c_63>,<a_173><b_59><c_42>,3,0.09508793367351234
2869,"13cm Dia. (5.1"") Filter Funnel, Buchner Style - 2 Parts, Polypropylene, Designed for 11-12.5cm Filter Paper",EISCO,3,22,0,1,28.666666666666668,20.0,0.0,0.09635494210596263,0.0,0.0,1,1,<a_36><b_189><c_63>,<a_105><b_50><c_104>,1,0.09635494210596263
257,"Gorilla 5000408  Original Gorilla Glue, Waterproof Polyurethane Glue, 4 ounce Bottle, Brown",Gorilla,4,318,0,1,753.0,263.5,0.0,0.09671320180863541,0.0,0.0,4,1,<a_150><b_187><c_168>,<a_19><b_53><c_56>,1,0.09671320180863541
950,"X-Treme Tape TPE-XZLCLR Silicone Rubber Self Fusing Tape, 1"" x 10', Triangular, Clear",X-Treme Tape,2,186,1,1,501.5,500.5,0.21533827903669653,0.31546487678572877,1.5,1.5,10,9,<a_210><b_80><c_1>,<a_42><b_148><c_92>,0,0.10012659774903224
1847,"HATCHBOX PLA 3D Printer Filament, Dimensional Accuracy +/- 0.03 mm, 1 kg Spool, 1.75 mm, White",HATCHBOX,25,483,16,19,205.6,126.24,0.3168905340414021,0.4199753380936078,0.12,0.12,3,4,<a_222><b_28><c_207>,<a_184><b_219><c_82>,3,0.10308480405220571
2485,Inland 1.75mm Gold PLA 3D Printer Filament - 1kg Spool (2.2 lbs),Inland,3,25,0,1,669.6666666666666,668.6666666666666,0.0,0.10515495892857625,1.3333333333333333,1.3333333333333333,21,18,<a_186><b_178><c_1>,<a_251><b_78><c_66>,1,0.10515495892857625
116,Rescue Tape RT1000201202USCO,Rescue Tape,6,915,3,4,171.33333333333334,171.83333333333334,0.5,0.6051549589285763,0.5,0.5,1,1,<a_210><b_55><c_136>,<a_42><b_193><c_62>,1,0.10515495892857629
924,"Loctite 234796-6 Super Glue Liquid, 10g Longneck Bottles (Case of 6)",Loctite,3,40,0,1,999.0,668.3333333333334,0.0,0.1111111111111111,0.0,0.0,2,3,<a_150><b_99><c_13>,<a_19><b_88><c_168>,1,0.1111111111111111
2544,"SainSmart Clear Flexible TPU 3D Printing Filament, 1.75 mm, 0.8 kg, Dimensional Accuracy +/- 0.05 mm",SainSmart,8,281,0,3,273.25,265.625,0.0,0.11828775113623641,0.0,0.0,1,3,<a_85><b_219><c_31>,<a_184><b_213><c_32>,3,0.11828775113623641
326,J-B Weld 8276 KwikWeld Quick Setting Steel Reinforced Epoxy - 2 oz.,J-B Weld,3,174,0,1,999.0,350.3333333333333,0.0,0.11873572903600739,0.3333333333333333,0.3333333333333333,2,6,<a_89><b_124><c_1>,<a_19><b_166><c_10>,1,0.11873572903600739
3209,Ancor Heat Shrink Ring Terminals,Ancor,3,30,0,1,677.6666666666666,668.0,0.0,0.11873572903600739,0.0,0.0,2,2,<a_202><b_176><c_0>,<a_115><b_225><c_0>,1,0.11873572903600739
3016,"HATCHBOX 3D Printer Filament, Dimensional Accuracy +/- 0.03mm, 1.75 mm, 1 kg Spool, Wood",HATCHBOX,17,199,2,8,252.52941176470588,188.58823529411765,0.03556057077080098,0.1583262090573286,0.0,0.5882352941176471,1,27,<a_222><b_91><c_38>,<a_184><b_67><c_16>,6,0.12276563828652763
3,"Kreg SML-C125-500 1-1/4-Inch #8 Coarse Pocket Hole Screws with Washer-Head, 500-Pack",Kreg,3,89,0,1,670.0,667.6666666666666,0.0,0.1289509357448472,0.6666666666666666,1.0,6,10,<a_191><b_218><c_9>,<a_224><b_58><c_216>,1,0.1289509357448472
605,Loctite Clear Silicone Waterproof Sealant 2.7-Ounce Tube (908570),Loctite,3,88,0,1,999.0,347.3333333333333,0.0,0.1289509357448472,0.0,0.0,1,1,<a_150><b_22><c_72>,<a_19><b_160><c_46>,1,0.1289509357448472
2576,"First Aid Only 13-040 First Aid Burn Spray, 4oz Pump Bottle",First Aid Only,1,14,1,1,9.0,4.0,0.3010299956639812,0.43067655807339306,0.0,0.0,1,1,<a_74><b_159><c_117>,<a_83><b_2><c_76>,0,0.12964656240941186
3532,Mercurry 10 Meters GT2 timing belt width 6mm Fit for RepRap Mendel Rostock Prusa GT2-6mm Belt,Mercurry,6,20,0,2,999.0,180.5,0.0,0.14270119785133703,0.0,0.16666666666666666,1,2,<a_173><b_87><c_32>,<a_152><b_35><c_84>,2,0.14270119785133703
19,"BOSTITCH BT1309B-1M 1-Inch 18-Gauge Brads, 1000 per Box",BOSTITCH,1,55,1,1,6.0,3.0,0.3562071871080222,0.5,1.0,1.0,3,4,<a_191><b_233><c_54>,<a_255><b_143><c_98>,0,0.14379281289197782
3198,Inland 1.75mm Translucent Yellow PETG 3D Printer Filament - 1kg Spool (2.2 Lbs),Inland,2,17,0,1,999.0,504.5,0.0,0.14453241315894394,1.0,1.0,21,18,<a_186><b_178><c_5>,<a_251><b_78><c_133>,1,0.14453241315894394
800,"Anderson Metals 57001-0402 Brass Hose Fitting, Adapter, 1/4"" Barb x 1/8"" NPT Male Pipe",Anderson Metals,2,166,1,1,503.0,6.5,0.16666666666666666,0.31546487678572877,0.0,0.0,2,2,<a_78><b_221><c_151>,<a_31><b_127><c_49>,0,0.1487982101190621
2157,"eSUN 3D 1.75mm PETG Blue Filament 1kg (2.2lb), PETG 3D Printer Filament, 1.75mm Semi-Transparent Blue",eSUN,6,117,1,2,669.6666666666666,504.0,0.050171665943996864,0.2103099178571525,0.3333333333333333,0.3333333333333333,7,7,<a_85><b_161><c_3>,<a_184><b_236><c_10>,1,0.16013825191315564
3268,Cast Corner Bracket for 20mm Aluminum Extrusion 20x20x17mm (Pack of 10),Generic,3,6,0,1,999.0,667.0,0.0,0.16666666666666666,0.0,0.0,2,1,<a_34><b_166><c_178>,<a_118><b_42><c_189>,1,0.16666666666666666
221,"3M 88 Electrical Tape, .75-Inch by 66-Foot by .0085-Inch",3M,2,259,0,1,999.0,503.0,0.0,0.16666666666666666,0.0,0.0,1,3,<a_192><b_243><c_228>,<a_42><b_30><c_114>,1,0.16666666666666666
2734,Inland 1.75mm White PLA 3D Printer Filament - 1kg Spool (2.2 lbs),Inland,21,48,0,9,534.7142857142857,526.1428571428571,0.0,0.16966518664592933,0.7619047619047619,0.7619047619047619,21,18,<a_186><b_178><c_166>,<a_251><b_78><c_116>,9,0.16966518664592933
1887,"Bare Copper Wire, Bright, 12 AWG, 0.08"" Diameter, 50' Length (Pack of 1)",Small Parts,2,5,1,1,504.5,500.5,0.14453241315894394,0.31546487678572877,1.0,1.0,4,4,<a_202><b_69><c_2>,<a_191><b_19><c_27>,0,0.17093246362678483
563,Foreasy 3D Printer Tool 3D Print Removal Tool Enhanced Version Set of 2,Foreasy,6,58,0,3,835.3333333333334,179.83333333333334,0.0,0.17401499833442416,0.0,0.0,2,3,<a_249><b_95><c_55>,<a_246><b_50><c_190>,3,0.17401499833442416
3442,"3D Solutech Real Purple 3D Printer PLA Filament 1.75MM Filament, Dimensional Accuracy +/- 0.03 mm, 2.2 LBS (1.0KG)",3D Solutech,9,21,0,4,786.2222222222222,447.55555555555554,0.0,0.17572658407940678,0.0,2.3333333333333335,4,24,<a_222><b_229><c_23>,<a_184><b_137><c_244>,4,0.17572658407940678
59,Loctite Ultra Gel Control Super Glue 4-Gram (1363589),Loctite,12,233,0,6,999.0,343.8333333333333,0.0,0.17680802325405673,0.08333333333333333,0.08333333333333333,2,3,<a_150><b_65><c_0>,<a_19><b_24><c_186>,6,0.17680802325405673
2313,"TEMCo 1"" Marine Heat Shrink Tube 3:1 Adhesive Glue Lined 4 ft BLACK",Temco,2,3,0,1,507.5,502.5,0.0,0.1781035935540111,1.5,1.5,7,7,<a_210><b_0><c_8>,<a_115><b_53><c_78>,1,0.1781035935540111
749,"BSI Bob Smith 152 Insta Set Accelerator, 8 oz.",BSI,2,119,1,1,500.5,500.0,0.31546487678572877,0.5,0.5,0.5,1,1,<a_89><b_200><c_47>,<a_92><b_56><c_124>,0,0.18453512321427123
3011,Little Giant 10940 Retrofit Wheel Kit,Little Giant Ladder Systems,2,73,1,1,500.5,500.0,0.31546487678572877,0.5,0.5,0.5,2,1,<a_41><b_48><c_195>,<a_85><b_213><c_187>,0,0.18453512321427123
3475,"3D Solutech Real Orange 3D Printer PLA Filament 1.75MM Filament, Dimensional Accuracy +/- 0.03 mm, 2.2 LBS (1.0KG)",3D Solutech,11,30,0,5,468.09090909090907,369.54545454545456,0.0,0.18852431730571187,1.7272727272727273,1.4545454545454546,23,24,<a_222><b_68><c_112>,<a_184><b_137><c_37>,5,0.18852431730571187
130,"Gorilla Tape, Black Duct Tape, 1.88"" x 35 yd, Black, (Pack of 1)",Gorilla,15,397,2,9,540.8,143.73333333333332,0.05436432511904858,0.24910840368152354,0.26666666666666666,0.26666666666666666,5,7,<a_150><b_83><c_9>,<a_42><b_40><c_166>,7,0.19474407856247494
1206,"eSUN 1.75mm Black PLA PRO (PLA+) 3D Printer Filament 1KG Spool (2.2lbs), Black",eSUN,8,51,0,4,999.0,258.25,0.0,0.2065182362254142,0.0,0.0,7,9,<a_186><b_157><c_52>,<a_251><b_181><c_2>,4,0.2065182362254142
1726,Yeast Nutrient 1 lb.,Home Brew Ohio,1,58,1,1,10.0,3.0,0.2890648263178879,0.5,0.0,0.0,2,3,<a_142><b_206><c_2>,<a_12><b_84><c_235>,0,0.21093517368211212
534,"Century Drill and Tool 76221 Coarse Drill Cup Wire Brush, 2-3/4-Inch",Century Drill & Tool,2,60,0,1,510.5,501.5,0.0,0.21533827903669653,0.0,0.0,3,2,<a_247><b_189><c_2>,<a_77><b_52><c_4>,1,0.21533827903669653
2297,"Bob Smith Industries BSI-161H UN-CURE Super Glue Debonder, 1 oz.",Bob Smith Industries,2,7,0,1,999.0,501.5,0.0,0.21533827903669653,0.0,0.5,3,2,<a_89><b_10><c_230>,<a_19><b_3><c_119>,1,0.21533827903669653
2477,BAMtack! 1.75mm Black PLA 3D Printer Filament - 1kg (2.2 lbs) - Dimensional Accuracy +/- 0.03mm,BAMtack!,5,114,0,3,804.4,206.4,0.0,0.23008358849293478,0.0,0.0,1,1,<a_222><b_237><c_113>,<a_184><b_202><c_176>,3,0.23008358849293478
3232,"TEMCo 3/8"" Marine Heat Shrink Tube 3:1 Adhesive Glue Lined 4 ft BLACK",Temco,1,8,1,1,5.0,2.0,0.38685280723454163,0.6309297535714575,1.0,1.0,7,7,<a_210><b_0><c_48>,<a_115><b_53><c_161>,0,0.2440769463369159
1953,"Funnel, Regular stem, glass, 50 OD x 50mm stem",SEOH,4,244,0,1,510.5,505.75,0.0,0.25,0.0,0.0,1,2,<a_172><b_19><c_73>,<a_223><b_50><c_3>,1,0.25
218,Phresh Duct Silencer 8 in x 24 in,Phresh,2,137,0,1,31.5,501.0,0.0,0.25,0.0,0.0,1,1,<a_223><b_82><c_200>,<a_57><b_139><c_131>,1,0.25
706,"Shepherd Hardware 9174 2-Inch Cast Iron Swivel Plate Caster, 125-lb Load Capacity",Shepherd Hardware,2,47,2,2,2.0,1.0,0.75,1.0,0.0,0.0,1,1,<a_41><b_171><c_216>,<a_85><b_161><c_134>,0,0.25
1385,ARM & HAMMER Spinbrush Classic Clean Battery Toothbrush,Spinbrush,2,42,1,1,501.0,500.0,0.25,0.5,0.5,0.5,1,1,<a_242><b_75><c_3>,<a_140><b_50><c_212>,0,0.25
2103,"TEMCo 1/2"" Marine Heat Shrink Tube 3:1 Adhesive Glue Lined 4 ft RED",Temco,2,7,1,1,501.0,500.0,0.25,0.5,1.0,1.0,7,7,<a_210><b_0><c_1>,<a_115><b_53><c_15>,0,0.25
734,"microtivity IL188 5mm Assorted Clear LED w/Resistors (8 Colors, Pack of 80)",microtivity,3,446,1,2,343.3333333333333,335.0,0.2103099178571525,0.46228426907818054,0.0,0.0,3,6,<a_104><b_9><c_3>,<a_175><b_255><c_1>,1,0.25197435122102807
3579,Inland 1.75mm Natural PETG 3D Printer Filament - 1kg Spool (2.2 Lbs),Inland,3,18,1,3,339.3333333333333,5.666666666666667,0.10515495892857625,0.3734056928382495,1.0,1.0,21,18,<a_186><b_178><c_137>,<a_251><b_78><c_1>,2,0.26825073390967324
507,"Stainless Flat Washers 1/4 Inch, 304 Stainless Steel, 100 pieces (1/4 Flat Washer) by ""Chenango Supply Co., Inc.","Chenango Supply Co., Inc.",2,14,2,2,2.5,1.0,0.7153382790366966,1.0,0.0,0.0,6,4,<a_182><b_48><c_198>,<a_224><b_154><c_201>,0,0.28466172096330344
1317,"RMP .125 6061 T6 Aluminum Sheet 12"" x 12",RMP,1,33,0,1,49.0,10.0,0.0,0.2890648263178879,1.0,1.0,3,3,<a_175><b_202><c_132>,<a_253><b_80><c_9>,1,0.2890648263178879
1982,"Plymor 6"" x 9"", 4 Mil (Pack of 100) Heavy Duty Plastic Reclosable Zipper Bags",Plymor,1,71,0,1,42.0,10.0,0.0,0.2890648263178879,0.0,1.0,6,11,<a_161><b_173><c_71>,<a_91><b_30><c_161>,1,0.2890648263178879
2376,"Gardner Bender 10-089 WingGard Twist-On Wire Connectors, 14-6 AWG, Electrical Wire Nut, 50 pk, Blue",Gardner Bender,1,22,0,1,999.0,10.0,0.0,0.2890648263178879,0.0,0.0,3,2,<a_202><b_11><c_116>,<a_191><b_57><c_123>,1,0.2890648263178879
2979,Inland 1.75mm Gray PLA 3D Printer Filament - 1kg Spool (2.2 lbs),Inland,6,50,4,4,171.83333333333334,333.6666666666667,0.37435690580985365,0.6666666666666666,1.8333333333333333,1.6666666666666667,21,18,<a_186><b_178><c_0>,<a_251><b_78><c_22>,0,0.292309760856813
3339,"Eaton Weatherhead 3220X12X8 Brass CA360 Fitting, Bushing, 1/2"" NPT Female x 3/4"" NPT Male",Weatherhead,1,5,0,1,999.0,9.0,0.0,0.3010299956639812,0.0,0.0,1,5,<a_78><b_195><c_184>,<a_31><b_210><c_49>,1,0.3010299956639812
2278,"GREX P6/35L 23 Gauge 1-3/8-Inch Length Headless Pins (10,000 per box)",Grex Power Tools,2,25,2,2,3.0,1.5,0.5,0.8154648767857288,1.0,1.0,4,3,<a_173><b_93><c_209>,<a_152><b_231><c_161>,0,0.31546487678572877
2745,HM Digital 1000ppm TDS Calibration Solution,HM Digital,1,44,0,1,999.0,8.0,0.0,0.31546487678572877,0.0,0.0,1,2,<a_62><b_109><c_237>,<a_59><b_157><c_149>,1,0.31546487678572877
2513,2 Meters PTFE Teflon Bowden Tube 1.75 Filament 3D printer RepRap Rostock Kossel,DD-life,4,121,0,2,760.25,11.25,0.0,0.3252574989159953,0.0,0.0,3,1,<a_186><b_184><c_137>,<a_251><b_236><c_192>,2,0.3252574989159953
447,"DEWALT DCS16200 2-Inch by 16 Gauge Finish Nail (2,500 per Box)",DEWALT,1,61,0,1,23.0,7.0,0.0,0.3333333333333333,1.0,1.0,6,5,<a_191><b_124><c_54>,<a_255><b_93><c_150>,1,0.3333333333333333
1772,"Dixon Valve HHP2M Brass Fitting, Hex Head Plug, 1/4"" NPT Male",Dixon Valve & Coupling,1,34,0,1,999.0,7.0,0.0,0.3333333333333333,0.0,0.0,2,1,<a_78><b_212><c_106>,<a_84><b_124><c_23>,1,0.3333333333333333
1825,TEMCo 30 AWG Copper Magnet Wire - 2 oz 392 ft 155&deg;C Magnetic Coil Red,Temco,1,116,0,1,25.0,7.0,0.0,0.3333333333333333,0.0,0.0,3,2,<a_202><b_96><c_197>,<a_115><b_220><c_113>,1,0.3333333333333333
1411,"DEWALT DCS16250 2-1/2-Inch by 16 Gauge Finish Nail (2,500 per Box)",DEWALT,2,48,1,2,12.0,5.0,0.31546487678572877,0.6505149978319906,1.0,1.0,6,5,<a_191><b_124><c_0>,<a_255><b_93><c_76>,1,0.33505012104626186
365,Dremel EZ506CU 1-1/2-Inch Premium Metal Cutting Rotary Wheel,Dremel,1,49,0,1,50.0,6.0,0.0,0.3562071871080222,0.0,1.0,2,2,<a_122><b_233><c_46>,<a_71><b_26><c_233>,1,0.3562071871080222
1395,KREG Tools SSW Kreg Screw Selector Wheel. Woodworking,Kreg,1,55,0,1,18.0,6.0,0.0,0.3562071871080222,0.0,0.0,3,1,<a_122><b_218><c_186>,<a_71><b_242><c_139>,1,0.3562071871080222
2301,"Anderson Metals Brass Tube Fitting, Short Flare Nut, 3/8"" Tube OD",Anderson Metals,1,10,0,1,11.0,5.0,0.0,0.38685280723454163,1.0,2.0,3,3,<a_78><b_179><c_3>,<a_31><b_111><c_74>,1,0.38685280723454163
769,Nubee Temperature Gun Non-contact Digital Laser Infrared IR Thermometer,Nubee,1,268,0,1,999.0,4.0,0.0,0.43067655807339306,0.0,0.0,6,7,<a_31><b_123><c_224>,<a_59><b_178><c_7>,1,0.43067655807339306
1531,"Prestige Medical Fluoride Scissor, Black, 7 1/2 Inch",Prestige Medical,1,103,0,1,19.0,3.0,0.0,0.5,0.0,0.0,1,2,<a_50><b_46><c_82>,<a_86><b_142><c_2>,1,0.5
2063,"3Doodler Create 3D Pen with 50 Plastic Strands, No Mess, Non-Toxic -",3Doodler,5,32,3,4,205.0,200.6,0.2835626997505746,0.8,2.0,2.0,2,2,<a_249><b_250><c_230>,<a_246><b_40><c_12>,1,0.5164373002494255
1850,"HATCHBOX PLA 3D Printer Filament, Dimensional Accuracy +/- 0.03 mm, 1 kg Spool, 1.75 mm, Red",HATCHBOX,15,501,12,13,9.066666666666666,4.866666666666666,0.2899511584505105,0.8174573004761944,1.2,1.4,24,27,<a_222><b_157><c_250>,<a_184><b_67><c_38>,1,0.5275061420256839
1809,"UHMW (Ultra High Molecular Weight Polyethylene) Sheet, Opaque White, Standard Tolerance, ASTM D4020, 1/8"" Thickness, 12"" Width, 24"" Length",Small Parts,3,44,0,3,361.0,5.333333333333333,0.0,0.5524123942573345,0.3333333333333333,0.0,2,2,<a_225><b_238><c_150>,<a_253><b_211><c_172>,3,0.5524123942573345
408,Lucksender 100 Feet/30 Meter 1/8inch / 3mm I.D Polyolefin 2:1 Heat Shrink Tubing,Lucksender,1,31,1,1,4.0,1.0,0.43067655807339306,1.0,2.0,1.0,5,3,<a_202><b_30><c_173>,<a_115><b_181><c_255>,0,0.5693234419266069
148,"Plastic Transfer Pipettes 3ml, Graduated, Pack of 100",Pipettes,1,648,0,1,17.0,2.0,0.0,0.6309297535714575,1.0,1.0,5,4,<a_172><b_143><c_184>,<a_105><b_163><c_178>,1,0.6309297535714575
1801,"Loos Cableware MS20664C2 Stainless Steel Single Shank Ball for 1/16"" Diameter Wire Rope",Loos & Co.,1,25,0,1,26.0,2.0,0.0,0.6309297535714575,2.0,2.0,1,1,<a_10><b_111><c_48>,<a_16><b_212><c_233>,1,0.6309297535714575
1912,uxcell 35mm Dia 1 Meters Black Polyolefin Heat Shrinking Shrinkable Tubing Tubes,uxcell,1,13,0,1,999.0,2.0,0.0,0.6309297535714575,0.0,2.0,5,5,<a_202><b_152><c_170>,<a_115><b_22><c_220>,1,0.6309297535714575
1911,uxcell 1 Meter 65 Flat width 40mm Dia Ratio 2:1 Heat Shrinkable Shrinking Tube Black,uxcell,1,23,0,1,999.0,1.0,0.0,1.0,0.0,1.0,1,5,<a_202><b_236><c_188>,<a_115><b_22><c_156>,1,1.0
