item_a,item_b,coarse_affinity,mid_affinity,reliability,rule,weak_threshold
181,3162,1.0,0.02263803407549858,0.5058722610258615,coarse_candidate_mid_graph_weak,0.04581413324922323
164,1850,0.5706929564476013,0.03198275342583656,0.4834331350118122,coarse_candidate_mid_graph_weak,0.20917223766446114
776,1532,0.7582318186759949,0.099336177110672,0.4681912624889911,coarse_candidate_mid_graph_weak,0.25968730449676514
119,531,1.0,0.023748917505145073,0.4660214331192589,coarse_candidate_mid_graph_weak,0.044475413393229246
105,2037,0.4177994132041931,0.0,0.4177994132041931,coarse_candidate_mid_graph_weak,0.01339693646878004
2417,2691,0.6557661294937134,0.11984094232320786,0.3759191351118297,coarse_candidate_mid_graph_weak,0.28082356601953506
1936,2342,0.37827950716018677,0.006497935391962528,0.32329945637371177,coarse_candidate_mid_graph_weak,0.04470777604728937
1067,2106,0.3207029104232788,0.0,0.3207029104232788,coarse_candidate_mid_graph_weak,0.050940629094839096
760,1113,0.6750905513763428,0.0033950903452932835,0.2934780362599592,coarse_candidate_mid_graph_weak,0.006006075069308281
575,576,0.2890913486480713,0.0,0.2890913486480713,coarse_candidate_mid_graph_weak,0.005144328810274601
126,1840,0.47040489315986633,0.10546539723873138,0.28268488664555963,coarse_candidate_mid_graph_weak,0.26428423821926117
760,1459,0.3361920118331909,0.0011800432112067938,0.27013870802868134,coarse_candidate_mid_graph_weak,0.006006075069308281
510,1018,0.2543717920780182,0.0,0.2543717920780182,coarse_candidate_mid_graph_weak,0.040119689889252186
2302,2808,0.24806199967861176,0.0,0.24806199967861176,coarse_candidate_mid_graph_weak,0.0035705011105164886
1108,1596,0.24293720722198486,0.0,0.24293720722198486,coarse_candidate_mid_graph_weak,0.022342640906572342
2034,2668,0.24043677747249603,0.0,0.24043677747249603,coarse_candidate_mid_graph_weak,0.12331197783350945
1951,3508,0.2399698793888092,0.0,0.2399698793888092,coarse_candidate_mid_graph_weak,0.0009723734110593796
2183,2184,0.2319449484348297,0.0,0.2319449484348297,coarse_candidate_mid_graph_weak,0.005032556888181716
2139,3388,0.23038607835769653,0.0,0.23038607835769653,coarse_candidate_mid_graph_weak,0.0456464784219861
253,2030,0.30163338780403137,0.031826626509428024,0.22610222771956623,coarse_candidate_mid_graph_weak,0.12709950655698776
2449,2942,0.24336466193199158,0.0017516474472358823,0.22520241126545526,coarse_candidate_mid_graph_weak,0.023471159860491753
419,802,0.2245362251996994,0.0,0.2245362251996994,coarse_candidate_mid_graph_weak,0.052207767963409424
699,868,0.22292837500572205,0.0,0.22292837500572205,coarse_candidate_mid_graph_weak,0.020098541863262653
1621,1622,0.22136344015598297,0.0,0.22136344015598297,coarse_candidate_mid_graph_weak,0.005682062357664108
1451,1789,0.2404838651418686,0.019117770716547966,0.21942384487813132,coarse_candidate_mid_graph_weak,0.21830536425113678
3486,3632,0.24810414016246796,0.0031613463070243597,0.2187007069700879,coarse_candidate_mid_graph_weak,0.026675221975892782
1929,3174,0.21723347902297974,0.0,0.21723347902297974,coarse_candidate_mid_graph_weak,0.0
3065,3081,0.21577885746955872,0.0,0.21577885746955872,coarse_candidate_mid_graph_weak,0.0008224077173508704
1144,2557,0.21532882750034332,0.0,0.21532882750034332,coarse_candidate_mid_graph_weak,0.009588207118213177
402,403,0.2148207277059555,0.0,0.2148207277059555,coarse_candidate_mid_graph_weak,0.0
1981,3270,0.21199722588062286,0.0,0.21199722588062286,coarse_candidate_mid_graph_weak,0.0
2385,2663,0.2118433564901352,0.0,0.2118433564901352,coarse_candidate_mid_graph_weak,0.005392305552959442
1174,1768,0.21057894825935364,0.0,0.21057894825935364,coarse_candidate_mid_graph_weak,0.04782848618924618
3274,3482,0.2065085917711258,0.0,0.2065085917711258,coarse_candidate_mid_graph_weak,0.0
2207,2233,0.23829951882362366,0.01803719997406006,0.20630265911230888,coarse_candidate_mid_graph_weak,0.13433368504047394
1405,3349,0.2309233546257019,0.010802187956869602,0.20492972068156626,coarse_candidate_mid_graph_weak,0.0959649384021759
508,1087,0.27541816234588623,0.07168173044919968,0.20455732193436407,coarse_candidate_mid_graph_weak,0.2786087542772293
1506,1858,0.2029193788766861,0.0,0.2029193788766861,coarse_candidate_mid_graph_weak,0.0
1029,1675,0.20528775453567505,0.0023817054461687803,0.19452354055902288,coarse_candidate_mid_graph_weak,0.04542226344347
1313,3052,0.2091062366962433,0.020586948841810226,0.1938906602778583,coarse_candidate_mid_graph_weak,0.28292450308799744
1491,1599,0.2337191104888916,0.0078209787607193,0.1932668907784012,coarse_candidate_mid_graph_weak,0.04518694430589676
1937,2129,0.19234520196914673,0.0,0.19234520196914673,coarse_candidate_mid_graph_weak,0.0
2374,2886,0.18929991126060486,0.0,0.18929991126060486,coarse_candidate_mid_graph_weak,0.0
460,1885,0.682064414024353,0.2933865487575531,0.18824374728352536,coarse_candidate_mid_graph_weak,0.40522509068250656
156,1533,0.5147185921669006,0.2247687429189682,0.18768307570448686,coarse_candidate_mid_graph_weak,0.3537617325782776
237,238,0.18538720905780792,0.0,0.18538720905780792,coarse_candidate_mid_graph_weak,0.0
886,3058,0.18500052392482758,0.0,0.18500052392482758,coarse_candidate_mid_graph_weak,0.002888724615331739
1732,3622,0.18133091926574707,0.0,0.18133091926574707,coarse_candidate_mid_graph_weak,0.018478540237993002
3239,3400,0.17975205183029175,0.0,0.17975205183029175,coarse_candidate_mid_graph_weak,0.06413396447896957
741,2517,0.22784820199012756,0.0011114744702354074,0.1794697795171643,coarse_candidate_mid_graph_weak,0.005234719254076481
2885,2899,0.17814421653747559,0.0,0.17814421653747559,coarse_candidate_mid_graph_weak,0.008344370871782303
2624,3364,0.17775559425354004,0.0,0.17775559425354004,coarse_candidate_mid_graph_weak,0.026205729693174362
2320,3081,0.1901574432849884,0.0018626671517267823,0.1771553834014487,coarse_candidate_mid_graph_weak,0.027241839095950127
1552,3023,0.17713379859924316,0.0,0.17713379859924316,coarse_candidate_mid_graph_weak,0.017682488542050123
934,2025,0.17522168159484863,0.0,0.17522168159484863,coarse_candidate_mid_graph_weak,0.012771007139235735
1776,3388,0.17504337430000305,0.0,0.17504337430000305,coarse_candidate_mid_graph_weak,0.04788282699882984
1490,3407,0.26482921838760376,0.004445887636393309,0.17465290643028403,coarse_candidate_mid_graph_weak,0.01305665448307991
878,2901,0.17397619783878326,0.0,0.17397619783878326,coarse_candidate_mid_graph_weak,0.008112413110211492
1470,2570,0.18910042941570282,0.007562299259006977,0.17352009850057876,coarse_candidate_mid_graph_weak,0.09178457409143448
409,3290,0.1726941168308258,0.0,0.1726941168308258,coarse_candidate_mid_graph_weak,0.0
129,3171,0.4064059853553772,0.19129076600074768,0.16985967658394638,coarse_candidate_mid_graph_weak,0.3286532461643219
1209,3056,0.1696815937757492,0.0,0.1696815937757492,coarse_candidate_mid_graph_weak,0.006699046120047569
1176,1933,0.17896848917007446,0.003751522395759821,0.16869701302184062,coarse_candidate_mid_graph_weak,0.06536590121686459
795,1335,0.18318484723567963,0.001856864895671606,0.168207010857598,coarse_candidate_mid_graph_weak,0.022710190154612064
1502,1504,0.21883022785186768,0.00370430457405746,0.1680551483037444,coarse_candidate_mid_graph_weak,0.015964796533808112
835,2870,0.19620968401432037,0.008665061555802822,0.1675335010838133,coarse_candidate_mid_graph_weak,0.05928853899240494
324,469,0.21419492363929749,0.0021749064326286316,0.16694946999355298,coarse_candidate_mid_graph_weak,0.009860290912911296
287,3336,0.16692687571048737,0.0,0.16692687571048737,coarse_candidate_mid_graph_weak,0.02215819014236331
381,1743,0.16516514122486115,0.0,0.16516514122486115,coarse_candidate_mid_graph_weak,0.026415950153023005
524,1448,0.16418969631195068,0.0,0.16418969631195068,coarse_candidate_mid_graph_weak,0.0
948,1943,0.1641252040863037,0.0,0.1641252040863037,coarse_candidate_mid_graph_weak,0.0013190536410547793
486,487,0.16373847424983978,0.0,0.16373847424983978,coarse_candidate_mid_graph_weak,0.052638184279203415
1247,1537,0.17056220769882202,0.004100759979337454,0.16265746313551732,coarse_candidate_mid_graph_weak,0.08848289400339127
1622,2824,0.161889910697937,0.0,0.161889910697937,coarse_candidate_mid_graph_weak,0.0
2962,3657,0.16781508922576904,0.0008258118177764118,0.16187061467521763,coarse_candidate_mid_graph_weak,0.023313025012612343
781,3015,0.16144879162311554,0.0,0.16144879162311554,coarse_candidate_mid_graph_weak,0.06433223839849234
1385,2348,0.19196262955665588,0.004845051094889641,0.16126370073142662,coarse_candidate_mid_graph_weak,0.030296456068754196
69,2020,0.1603044867515564,0.0,0.1603044867515564,coarse_candidate_mid_graph_weak,0.003653338411822915
861,1704,0.16026996076107025,0.0,0.16026996076107025,coarse_candidate_mid_graph_weak,0.02941575739532709
380,2481,0.17463408410549164,0.01362840086221695,0.15879569329501358,coarse_candidate_mid_graph_weak,0.15026673674583435
2289,2290,0.15872250497341156,0.0,0.15872250497341156,coarse_candidate_mid_graph_weak,0.014914924278855324
471,1799,0.16838385164737701,0.0016997267957776785,0.15770742809079957,coarse_candidate_mid_graph_weak,0.026807342655956745
276,3140,0.15759113430976868,0.0,0.15759113430976868,coarse_candidate_mid_graph_weak,0.011874805204570293
1914,2885,0.5505102276802063,0.2852332592010498,0.1570753904935096,coarse_candidate_mid_graph_weak,0.3991101235151291
415,3290,0.15694747865200043,0.0,0.15694747865200043,coarse_candidate_mid_graph_weak,0.013600811827927828
2917,3554,0.4690798819065094,0.24787262082099915,0.15575382529229512,coarse_candidate_mid_graph_weak,0.3710896596312523
127,2481,0.15569332242012024,0.0,0.15569332242012024,coarse_candidate_mid_graph_weak,0.0
2204,3472,0.15562939643859863,0.0,0.15562939643859863,coarse_candidate_mid_graph_weak,0.03377303434535861
1702,2760,0.1548977494239807,0.0,0.1548977494239807,coarse_candidate_mid_graph_weak,0.009067734004929662
1207,1606,0.1611240655183792,0.0007863520877435803,0.15476464102667978,coarse_candidate_mid_graph_weak,0.019923225045204163
2879,2881,0.15462598204612732,0.0,0.15462598204612732,coarse_candidate_mid_graph_weak,0.0
2502,3589,0.1540328413248062,0.0,0.1540328413248062,coarse_candidate_mid_graph_weak,0.02937333844602108
740,749,0.16658638417720795,0.0012847724137827754,0.1537088078874043,coarse_candidate_mid_graph_weak,0.016620021197013557
826,2107,0.15281756222248077,0.0,0.15281756222248077,coarse_candidate_mid_graph_weak,0.02662336267530918
21,491,0.15276877582073212,0.0,0.15276877582073212,coarse_candidate_mid_graph_weak,0.03462311066687107
1736,3153,0.15220120549201965,0.0,0.15220120549201965,coarse_candidate_mid_graph_weak,0.011238516541197896
1358,3586,0.27976280450820923,0.033434052020311356,0.1519518133134974,coarse_candidate_mid_graph_weak,0.0731830969452858
1527,3112,0.1519165188074112,0.0,0.1519165188074112,coarse_candidate_mid_graph_weak,0.030706007033586502
3101,3102,0.15140683948993683,0.0,0.15140683948993683,coarse_candidate_mid_graph_weak,0.007520235143601894
2550,3106,0.15121550858020782,0.0,0.15121550858020782,coarse_candidate_mid_graph_weak,0.0
160,2245,0.15094570815563202,0.0,0.15094570815563202,coarse_candidate_mid_graph_weak,0.017551910132169724
3013,3498,0.1498935967683792,0.0,0.1498935967683792,coarse_candidate_mid_graph_weak,0.003986652474850416
2624,3107,0.149489164352417,0.0,0.149489164352417,coarse_candidate_mid_graph_weak,0.026205729693174362
728,2366,0.149380162358284,0.0,0.149380162358284,coarse_candidate_mid_graph_weak,0.051887378096580505
898,1057,0.14863334596157074,0.0,0.14863334596157074,coarse_candidate_mid_graph_weak,0.005168371892068535
2853,3428,0.15464161336421967,0.001490681548602879,0.1479143642034863,coarse_candidate_mid_graph_weak,0.03426681458950043
731,3270,0.189839705824852,0.0038675477262586355,0.14716170880333804,coarse_candidate_mid_graph_weak,0.017203575000166893
2041,3143,0.1464761197566986,0.0,0.1464761197566986,coarse_candidate_mid_graph_weak,0.0
1184,3336,0.1464647799730301,0.0,0.1464647799730301,coarse_candidate_mid_graph_weak,0.0020522678387351334
2224,3195,0.15008307993412018,0.001130040385760367,0.14645539884684092,coarse_candidate_mid_graph_weak,0.046751612797379494
677,1428,0.1456545889377594,0.0,0.1456545889377594,coarse_candidate_mid_graph_weak,0.027602253947407007
3271,3368,0.14510469138622284,0.0,0.14510469138622284,coarse_candidate_mid_graph_weak,0.04219362325966358
2088,3477,0.1447059065103531,0.0,0.1447059065103531,coarse_candidate_mid_graph_weak,0.008389747701585293
509,2279,0.16062401235103607,0.0018234491581097245,0.14445690819016502,coarse_candidate_mid_graph_weak,0.01811639964580536
1460,1720,0.1440872699022293,0.0,0.1440872699022293,coarse_candidate_mid_graph_weak,0.0011091949418187141
672,3117,0.1433544009923935,0.0,0.1433544009923935,coarse_candidate_mid_graph_weak,0.06214470416307449
330,2226,0.14294999837875366,0.0,0.14294999837875366,coarse_candidate_mid_graph_weak,0.01582813262939453
1891,2040,0.14279286563396454,0.0,0.14279286563396454,coarse_candidate_mid_graph_weak,0.0
210,3334,0.199631005525589,0.011645066551864147,0.14239149621723796,coarse_candidate_mid_graph_weak,0.04061384126543999
2086,2823,0.15931276977062225,0.018416931852698326,0.14147772238694897,coarse_candidate_mid_graph_weak,0.16451049223542213
379,2836,0.169215127825737,0.006148253567516804,0.14126744173820205,coarse_candidate_mid_graph_weak,0.03722589090466499
2,952,0.14113149046897888,0.0,0.14113149046897888,coarse_candidate_mid_graph_weak,0.002012732205912471
2638,3180,0.1886100023984909,0.009761760011315346,0.1410703809934014,coarse_candidate_mid_graph_weak,0.03872907534241676
2641,3368,0.15961846709251404,0.012224273756146431,0.14101016237832423,coarse_candidate_mid_graph_weak,0.10485747456550598
2092,2605,0.32461607456207275,0.08946751803159714,0.14086397474282344,coarse_candidate_mid_graph_weak,0.15805312991142273
2711,3193,0.14080195128917694,0.0,0.14080195128917694,coarse_candidate_mid_graph_weak,0.0
583,1399,0.16211223602294922,0.004128752276301384,0.14062942475612614,coarse_candidate_mid_graph_weak,0.031156130135059357
1381,3364,0.14056101441383362,0.0,0.14056101441383362,coarse_candidate_mid_graph_weak,0.0
203,788,0.13996075093746185,0.0,0.13996075093746185,coarse_candidate_mid_graph_weak,0.009264239575713873
2243,2376,0.1952095478773117,0.006586612202227116,0.13924487205738145,coarse_candidate_mid_graph_weak,0.02297466341406107
2027,2557,0.1390886753797531,0.0,0.1390886753797531,coarse_candidate_mid_graph_weak,0.0066981876734644175
1142,1937,0.13877516984939575,0.0,0.13877516984939575,coarse_candidate_mid_graph_weak,0.05544396676123142
2081,3473,0.1459272801876068,0.007215294986963272,0.13859969002320424,coarse_candidate_mid_graph_weak,0.14369094744324684
241,2822,0.1382584571838379,0.0,0.1382584571838379,coarse_candidate_mid_graph_weak,0.03065398707985878
255,473,0.1528625786304474,0.004293045960366726,0.13688754486885737,coarse_candidate_mid_graph_weak,0.04107947973534465
1634,2919,0.1368476301431656,0.0,0.1368476301431656,coarse_candidate_mid_graph_weak,0.022324624471366405
1128,2757,0.13668309152126312,0.0,0.13668309152126312,coarse_candidate_mid_graph_weak,0.02538264449685812
2826,2828,0.13660307228565216,0.0,0.13660307228565216,coarse_candidate_mid_graph_weak,0.0512935109436512
688,1117,0.18263894319534302,0.0035219297278672457,0.13649657640074186,coarse_candidate_mid_graph_weak,0.013940366916358471
1924,3395,0.14175504446029663,0.0037583932280540466,0.1363982545491542,coarse_candidate_mid_graph_weak,0.09945717640221119
2546,3549,0.1361703723669052,0.0,0.1361703723669052,coarse_candidate_mid_graph_weak,0.04339626617729664
506,2817,0.19711613655090332,0.015212571248412132,0.13567364925023126,coarse_candidate_mid_graph_weak,0.04880406707525253
1503,2112,0.1354634016752243,0.0,0.1354634016752243,coarse_candidate_mid_graph_weak,0.0
437,1729,0.9261986613273621,0.4424445927143097,0.135328650850203,coarse_candidate_mid_graph_weak,0.5181529000401497
1937,2048,0.13522203266620636,0.0,0.13522203266620636,coarse_candidate_mid_graph_weak,0.0
1455,2022,0.13517819344997406,0.0,0.13517819344997406,coarse_candidate_mid_graph_weak,0.005712167359888554
394,1295,0.1348273754119873,0.0,0.1348273754119873,coarse_candidate_mid_graph_weak,0.019552113488316536
2383,2888,0.134754478931427,0.0,0.134754478931427,coarse_candidate_mid_graph_weak,0.02850154507905245
1427,3274,0.13465268909931183,0.0,0.13465268909931183,coarse_candidate_mid_graph_weak,0.005642565665766597
1820,2043,0.1345696747303009,0.0,0.1345696747303009,coarse_candidate_mid_graph_weak,0.017036060336977243
1875,1884,0.13431204855442047,0.0,0.13431204855442047,coarse_candidate_mid_graph_weak,0.03362543508410454
1789,2220,0.22723591327667236,0.007863017730414867,0.13377522470721978,coarse_candidate_mid_graph_weak,0.019117770716547966
435,958,0.13341525197029114,0.0,0.13341525197029114,coarse_candidate_mid_graph_weak,0.0
2348,3400,0.1332729160785675,0.0,0.1332729160785675,coarse_candidate_mid_graph_weak,0.01611728174611926
1828,2228,0.13306067883968353,0.0,0.13306067883968353,coarse_candidate_mid_graph_weak,0.035847753286361694
1270,2780,0.13250240683555603,0.0,0.13250240683555603,coarse_candidate_mid_graph_weak,0.008445282001048326
2294,2532,0.39743584394454956,0.12959414720535278,0.13201232090290088,coarse_candidate_mid_graph_weak,0.19404971599578857
1872,2000,0.1307048350572586,0.0,0.1307048350572586,coarse_candidate_mid_graph_weak,0.007462500827386975
740,972,0.13066990673542023,0.0,0.13066990673542023,coarse_candidate_mid_graph_weak,0.016620021197013557
416,1503,0.129696324467659,0.0,0.129696324467659,coarse_candidate_mid_graph_weak,0.029023680835962296
623,2235,0.12959444522857666,0.0,0.12959444522857666,coarse_candidate_mid_graph_weak,0.029255323112010956
1797,1812,0.162327378988266,0.006124160252511501,0.12942598733385202,coarse_candidate_mid_graph_weak,0.030215101316571236
498,1300,0.12899410724639893,0.0,0.12899410724639893,coarse_candidate_mid_graph_weak,0.0
448,2127,0.14662668108940125,0.004424510523676872,0.12890345644295403,coarse_candidate_mid_graph_weak,0.03660458559170365
1419,3250,0.1287645846605301,0.0,0.1287645846605301,coarse_candidate_mid_graph_weak,0.013643192127346992
3215,3416,0.12856316566467285,0.0,0.12856316566467285,coarse_candidate_mid_graph_weak,0.0006044032052159309
1304,1668,0.4754520654678345,0.0923769548535347,0.1284695816214943,coarse_candidate_mid_graph_weak,0.12657934054732323
1665,1827,0.12795411050319672,0.0,0.12795411050319672,coarse_candidate_mid_graph_weak,0.010499195428565145
1701,2587,0.12776891887187958,0.0,0.12776891887187958,coarse_candidate_mid_graph_weak,0.0
1957,2860,0.1275184601545334,0.0,0.1275184601545334,coarse_candidate_mid_graph_weak,0.0562627911567688
3051,3274,0.1693645566701889,0.006246418226510286,0.1270899207068566,coarse_candidate_mid_graph_weak,0.025024978443980217
28,755,0.17974986135959625,0.008633991703391075,0.12629308948086465,coarse_candidate_mid_graph_weak,0.029032033868134022
1426,3569,0.12609760463237762,0.0,0.12609760463237762,coarse_candidate_mid_graph_weak,0.03133364953100681
1028,2033,0.12607339024543762,0.0,0.12607339024543762,coarse_candidate_mid_graph_weak,0.0
453,584,0.12539042532444,0.0,0.12539042532444,coarse_candidate_mid_graph_weak,0.0
153,489,0.12536993622779846,0.0,0.12536993622779846,coarse_candidate_mid_graph_weak,0.023304753005504608
1771,3507,0.1557130068540573,0.005318427924066782,0.12478147058363787,coarse_candidate_mid_graph_weak,0.026773594319820404
2438,2446,0.12446652352809906,0.0,0.12446652352809906,coarse_candidate_mid_graph_weak,0.02862526662647724
1167,1611,0.12358726561069489,0.0,0.12358726561069489,coarse_candidate_mid_graph_weak,0.042051258496940136
1710,3124,0.12356522679328918,0.0,0.12356522679328918,coarse_candidate_mid_graph_weak,0.0016742487205192447
2065,3587,0.12353096902370453,0.0,0.12353096902370453,coarse_candidate_mid_graph_weak,0.01696612173691392
2876,3149,0.12347136437892914,0.0,0.12347136437892914,coarse_candidate_mid_graph_weak,0.023416094481945038
2672,3321,0.13870693743228912,0.010859418660402298,0.12306648216256197,coarse_candidate_mid_graph_weak,0.09630644880235195
1870,1980,0.12306644767522812,0.0,0.12306644767522812,coarse_candidate_mid_graph_weak,0.0052428836934268475
2087,2217,0.14708125591278076,0.005622207652777433,0.12225733020826011,coarse_candidate_mid_graph_weak,0.033311466220766306
1406,3106,0.14610059559345245,0.006156021263450384,0.1214679610352679,coarse_candidate_mid_graph_weak,0.03651247173547745
1667,2269,0.12102825194597244,0.0,0.12102825194597244,coarse_candidate_mid_graph_weak,0.0
2775,2807,0.14076566696166992,0.005425610113888979,0.12078905254289102,coarse_candidate_mid_graph_weak,0.03823168482631445
2474,3520,0.1572827249765396,0.015820790082216263,0.12073271919607112,coarse_candidate_mid_graph_weak,0.06808034423738718
1435,3215,0.12070004642009735,0.0,0.12070004642009735,coarse_candidate_mid_graph_weak,0.041846610605716705
258,470,0.12032642215490341,0.0,0.12032642215490341,coarse_candidate_mid_graph_weak,0.0
590,3436,0.11946502327919006,0.0,0.11946502327919006,coarse_candidate_mid_graph_weak,0.0
249,3480,0.11879370361566544,0.0,0.11879370361566544,coarse_candidate_mid_graph_weak,0.0
1648,2358,0.11849583685398102,0.0,0.11849583685398102,coarse_candidate_mid_graph_weak,0.042053026147186756
560,3010,0.11832328885793686,0.0,0.11832328885793686,coarse_candidate_mid_graph_weak,0.03165895817801356
649,2488,0.11825655400753021,0.0,0.11825655400753021,coarse_candidate_mid_graph_weak,0.044846308417618275
2714,2724,0.1194562315940857,0.0003812539507634938,0.11815074389547554,coarse_candidate_mid_graph_weak,0.034885935951024294
2339,2919,0.11801041662693024,0.0,0.11801041662693024,coarse_candidate_mid_graph_weak,0.0005815353360958397
517,657,0.11792811751365662,0.0,0.11792811751365662,coarse_candidate_mid_graph_weak,0.008486191858537495
48,515,0.11764498800039291,0.0,0.11764498800039291,coarse_candidate_mid_graph_weak,0.13735255599021912
329,2514,0.12699639797210693,0.0007955508772283792,0.11727188945647005,coarse_candidate_mid_graph_weak,0.01038942951709032
2731,3658,0.11705098301172256,0.0,0.11705098301172256,coarse_candidate_mid_graph_weak,0.032935287337750196
1065,1168,0.11701015383005142,0.0,0.11701015383005142,coarse_candidate_mid_graph_weak,0.04429897665977478
768,1495,0.11659855395555496,0.0,0.11659855395555496,coarse_candidate_mid_graph_weak,0.0019025058718398213
1163,1164,0.11624293774366379,0.0,0.11624293774366379,coarse_candidate_mid_graph_weak,0.012230558320879936
2401,2985,0.11607358604669571,0.0,0.11607358604669571,coarse_candidate_mid_graph_weak,0.030663219280540943
1127,3199,0.15230640769004822,0.005018041934818029,0.11599730150291841,coarse_candidate_mid_graph_weak,0.021049263421446085
1301,1356,0.1194002777338028,0.00111570511944592,0.11584271520925746,coarse_candidate_mid_graph_weak,0.037445723079144955
1980,3350,0.11554993689060211,0.0,0.11554993689060211,coarse_candidate_mid_graph_weak,0.0
920,2257,0.11550331860780716,0.0,0.11550331860780716,coarse_candidate_mid_graph_weak,0.0
1859,2865,0.11539091914892197,0.0,0.11539091914892197,coarse_candidate_mid_graph_weak,0.0
432,1483,0.11537507176399231,0.0,0.11537507176399231,coarse_candidate_mid_graph_weak,0.04210663679987192
445,1051,0.1153436228632927,0.0,0.1153436228632927,coarse_candidate_mid_graph_weak,0.00697780423797667
634,666,0.13876909017562866,0.018740467727184296,0.11534254079713314,coarse_candidate_mid_graph_weak,0.11101070046424866
1349,1890,0.11518343538045883,0.0,0.11518343538045883,coarse_candidate_mid_graph_weak,0.0003944336494896561
1600,2876,0.1151648461818695,0.0,0.1151648461818695,coarse_candidate_mid_graph_weak,0.02218419872224331
439,1440,0.11844484508037567,0.0011537406826391816,0.11487221383780614,coarse_candidate_mid_graph_weak,0.038250417448580265
43,1349,0.11471099406480789,0.0,0.11471099406480789,coarse_candidate_mid_graph_weak,0.0
1085,2199,0.11466093361377716,0.0,0.11466093361377716,coarse_candidate_mid_graph_weak,0.031918526627123356
465,2107,0.11390350013971329,0.0,0.11390350013971329,coarse_candidate_mid_graph_weak,0.0
2461,2483,0.12758061289787292,0.004038607235997915,0.11375511972592452,coarse_candidate_mid_graph_weak,0.03726796433329582
2425,2938,0.3756718039512634,0.2834724187850952,0.11366350432267452,coarse_candidate_mid_graph_weak,0.4064474105834961
564,742,0.11345034092664719,0.0,0.11345034092664719,coarse_candidate_mid_graph_weak,0.027518531307578087
1722,2375,0.1304037719964981,0.005823857616633177,0.11341628648820633,coarse_candidate_mid_graph_weak,0.044706616550683975
619,621,0.11252812296152115,0.0,0.11252812296152115,coarse_candidate_mid_graph_weak,0.009985544718801975
1660,1661,0.1434769481420517,0.01204120647162199,0.1124940605883813,coarse_candidate_mid_graph_weak,0.05576096009463072
930,2339,0.11231615394353867,0.0,0.11231615394353867,coarse_candidate_mid_graph_weak,0.00568714109249413
1852,2918,0.11228598654270172,0.0,0.11228598654270172,coarse_candidate_mid_graph_weak,0.0
3075,3493,0.1122581958770752,0.0,0.1122581958770752,coarse_candidate_mid_graph_weak,0.0342145012691617
1070,2824,0.11209658533334732,0.0,0.11209658533334732,coarse_candidate_mid_graph_weak,0.004610522068105638
254,2414,0.1116899698972702,0.0,0.1116899698972702,coarse_candidate_mid_graph_weak,0.0
1436,3554,0.1116069033741951,0.0,0.1116069033741951,coarse_candidate_mid_graph_weak,0.0258646123111248
127,2482,0.11146081984043121,0.0,0.11146081984043121,coarse_candidate_mid_graph_weak,0.0
1553,2655,0.19421827793121338,0.0030284004751592875,0.11133995018791423,coarse_candidate_mid_graph_weak,0.007096797693520784
254,2359,0.11045562475919724,0.0,0.11045562475919724,coarse_candidate_mid_graph_weak,0.0
902,2888,0.10974951088428497,0.0,0.10974951088428497,coarse_candidate_mid_graph_weak,0.016965289833024144
2,2293,0.10938224196434021,0.0,0.10938224196434021,coarse_candidate_mid_graph_weak,0.002012732205912471
12,373,0.10905803740024567,0.0,0.10905803740024567,coarse_candidate_mid_graph_weak,0.0069858357310295105
3059,3471,0.10905764997005463,0.0,0.10905764997005463,coarse_candidate_mid_graph_weak,0.027989228256046772
2930,3285,0.10896161943674088,0.0,0.10896161943674088,coarse_candidate_mid_graph_weak,0.0
422,2428,0.19539083540439606,0.001353365951217711,0.10885253863341413,coarse_candidate_mid_graph_weak,0.0030557026620954275
247,2426,0.10873181372880936,0.0,0.10873181372880936,coarse_candidate_mid_graph_weak,0.021706472150981426
2441,2819,0.10870280861854553,0.0,0.10870280861854553,coarse_candidate_mid_graph_weak,0.0
971,3322,0.10867293924093246,0.0,0.10867293924093246,coarse_candidate_mid_graph_weak,0.0
1003,3294,0.10866518318653107,0.0,0.10866518318653107,coarse_candidate_mid_graph_weak,0.0
867,868,0.10865406692028046,0.0,0.10865406692028046,coarse_candidate_mid_graph_weak,0.0
2338,2667,0.10805019736289978,0.0,0.10805019736289978,coarse_candidate_mid_graph_weak,0.0018514241091907024
2353,2395,0.10801005363464355,0.0,0.10801005363464355,coarse_candidate_mid_graph_weak,0.029964803718030453
193,713,0.10800787061452866,0.0,0.10800787061452866,coarse_candidate_mid_graph_weak,0.0029793009161949158
110,2900,0.12175889313220978,0.010453798808157444,0.10782193257625,coarse_candidate_mid_graph_weak,0.09132859110832214
1540,2712,0.10777609050273895,0.0,0.10777609050273895,coarse_candidate_mid_graph_weak,0.06655896455049515
297,3071,0.10777296125888824,0.0,0.10777296125888824,coarse_candidate_mid_graph_weak,0.022623656317591667
561,3147,0.11464065313339233,0.002504803240299225,0.10768891010013432,coarse_candidate_mid_graph_weak,0.04130651522427797
741,1343,0.10745283961296082,0.0,0.10745283961296082,coarse_candidate_mid_graph_weak,0.005234719254076481
897,2499,0.1149924173951149,0.0033825165592134,0.10733899645049287,coarse_candidate_mid_graph_weak,0.050822208635509014
3232,3321,0.3934222161769867,0.18021205067634583,0.10707289024550413,coarse_candidate_mid_graph_weak,0.24759766459465027
502,1540,0.10694862902164459,0.0,0.10694862902164459,coarse_candidate_mid_graph_weak,0.026653949171304703
378,572,0.11342490464448929,0.011597337201237679,0.10687624478046757,coarse_candidate_mid_graph_weak,0.2008696272969246
3291,3640,0.10671363025903702,0.0,0.10671363025903702,coarse_candidate_mid_graph_weak,0.0
331,1981,0.10669827461242676,0.0,0.10669827461242676,coarse_candidate_mid_graph_weak,0.023005285765975714
730,1620,0.10665158182382584,0.0,0.10665158182382584,coarse_candidate_mid_graph_weak,0.03658784553408623
2681,2682,0.11547867208719254,0.005251157563179731,0.10657899635872216,coarse_candidate_mid_graph_weak,0.06813694350421429
1620,1637,0.10629736632108688,0.0,0.10629736632108688,coarse_candidate_mid_graph_weak,0.0
112,3384,0.10614705085754395,0.0,0.10614705085754395,coarse_candidate_mid_graph_weak,0.0
1755,3532,0.10610779374837875,0.0,0.10610779374837875,coarse_candidate_mid_graph_weak,0.0327383428812027
361,887,0.10597396641969681,0.0,0.10597396641969681,coarse_candidate_mid_graph_weak,0.0
188,1066,0.10590600967407227,0.0,0.10590600967407227,coarse_candidate_mid_graph_weak,0.038137965835630894
2848,3110,0.10566415637731552,0.0,0.10566415637731552,coarse_candidate_mid_graph_weak,0.03331378009170294
948,1115,0.10531732439994812,0.0,0.10531732439994812,coarse_candidate_mid_graph_weak,0.0013190536410547793
364,1164,0.11325301229953766,0.003750574542209506,0.10528357085244805,coarse_candidate_mid_graph_weak,0.05329907592386007
75,2434,0.10525932163000107,0.0,0.10525932163000107,coarse_candidate_mid_graph_weak,0.039259097538888454
2841,3006,0.10507803410291672,0.0,0.10507803410291672,coarse_candidate_mid_graph_weak,0.004394896328449249
20,1923,0.20828595757484436,0.004282237496227026,0.10494230590761508,coarse_candidate_mid_graph_weak,0.008630718220956624
3077,3125,0.10470352321863174,0.0,0.10470352321863174,coarse_candidate_mid_graph_weak,0.039652058854699135
1685,2984,0.11970103532075882,0.009652149863541126,0.104593762154445,coarse_candidate_mid_graph_weak,0.076477887108922
1457,1818,0.10447141528129578,0.0,0.10447141528129578,coarse_candidate_mid_graph_weak,0.008447975385934114
485,487,0.10430502146482468,0.0,0.10430502146482468,coarse_candidate_mid_graph_weak,0.0
206,2591,0.1042417660355568,0.0,0.1042417660355568,coarse_candidate_mid_graph_weak,0.021281914319843054
43,1485,0.10412472486495972,0.0,0.10412472486495972,coarse_candidate_mid_graph_weak,0.0
210,2004,0.10919653624296188,0.001901258947327733,0.10408471019843077,coarse_candidate_mid_graph_weak,0.04061384126543999
1261,2682,0.14183814823627472,0.002671398688107729,0.10400146564854594,coarse_candidate_mid_graph_weak,0.010014256462454796
2563,3524,0.10388967394828796,0.0,0.10388967394828796,coarse_candidate_mid_graph_weak,0.015039928490296006
1186,2310,0.10361040383577347,0.0,0.10361040383577347,coarse_candidate_mid_graph_weak,0.030805804766714573
1781,1891,0.10359647125005722,0.0,0.10359647125005722,coarse_candidate_mid_graph_weak,0.0
1090,3144,0.11899248510599136,0.004741903394460678,0.1035348975627932,coarse_candidate_mid_graph_weak,0.036503165028989315
1116,2275,0.10352198779582977,0.0,0.10352198779582977,coarse_candidate_mid_graph_weak,0.0
1498,1750,0.157326802611351,0.0052694352343678474,0.10259918679489435,coarse_candidate_mid_graph_weak,0.015148173086345196
1559,1782,0.1122651919722557,0.008758975192904472,0.10245457411482704,coarse_candidate_mid_graph_weak,0.10023099929094315
2492,2493,0.10243188589811325,0.0,0.10243188589811325,coarse_candidate_mid_graph_weak,0.020385666750371456
403,405,0.10192251205444336,0.0,0.10192251205444336,coarse_candidate_mid_graph_weak,0.0
1277,1818,0.10175740718841553,0.0,0.10175740718841553,coarse_candidate_mid_graph_weak,0.007914803456515074
2413,3108,0.10175672173500061,0.0,0.10175672173500061,coarse_candidate_mid_graph_weak,0.024772992357611656
664,1408,0.11206973344087601,0.0046475548297166824,0.10161913067932611,coarse_candidate_mid_graph_weak,0.04983925260603428
2291,2489,0.11201880127191544,0.006182244513183832,0.10148534192112711,coarse_candidate_mid_graph_weak,0.0657455064356327
2717,3530,0.10141804814338684,0.0,0.10141804814338684,coarse_candidate_mid_graph_weak,0.023423583712428808
193,788,0.10120025277137756,0.0,0.10120025277137756,coarse_candidate_mid_graph_weak,0.0029793009161949158
2637,3495,0.1009475588798523,0.0,0.1009475588798523,coarse_candidate_mid_graph_weak,0.008619289845228195
143,2555,0.10082778334617615,0.0,0.10082778334617615,coarse_candidate_mid_graph_weak,0.0352427433244884
1107,3115,0.10076155513525009,0.0,0.10076155513525009,coarse_candidate_mid_graph_weak,0.019863812252879143
610,650,0.10065781325101852,0.0,0.10065781325101852,coarse_candidate_mid_graph_weak,0.0026335690054111183
1522,2565,0.10063109546899796,0.0,0.10063109546899796,coarse_candidate_mid_graph_weak,0.014140072744339705
2482,3420,0.10045269131660461,0.0,0.10045269131660461,coarse_candidate_mid_graph_weak,0.003856183961033821
3094,3347,0.13660116493701935,0.034145113080739975,0.10033715470254777,coarse_candidate_mid_graph_weak,0.12861959263682365
470,1502,0.10023107379674911,0.0,0.10023107379674911,coarse_candidate_mid_graph_weak,0.0
1911,2292,0.10017039626836777,0.0,0.10017039626836777,coarse_candidate_mid_graph_weak,0.002321959473192692
401,402,0.10016301274299622,0.0,0.10016301274299622,coarse_candidate_mid_graph_weak,0.007528208428993821
1407,1408,0.10016167163848877,0.0,0.10016167163848877,coarse_candidate_mid_graph_weak,0.028094720095396042
327,2796,0.10013207793235779,0.0,0.10013207793235779,coarse_candidate_mid_graph_weak,0.016077850479632616
13,836,0.10009966790676117,0.0,0.10009966790676117,coarse_candidate_mid_graph_weak,0.011230766773223877
843,3595,0.10007790476083755,0.0,0.10007790476083755,coarse_candidate_mid_graph_weak,0.026545599102973938
192,1252,0.10006491839885712,0.0,0.10006491839885712,coarse_candidate_mid_graph_weak,0.04344813898205757
1610,1611,0.09996987879276276,0.0,0.09996987879276276,coarse_candidate_mid_graph_weak,0.009786193259060383
235,573,0.09975937008857727,0.0,0.09975937008857727,coarse_candidate_mid_graph_weak,0.006748964078724384
323,400,0.09974607825279236,0.0,0.09974607825279236,coarse_candidate_mid_graph_weak,0.002212721388787031
1629,2789,0.0997137799859047,0.0,0.0997137799859047,coarse_candidate_mid_graph_weak,0.0
1437,2418,0.09945584833621979,0.0,0.09945584833621979,coarse_candidate_mid_graph_weak,0.024056185502558947
2663,2912,0.09935827553272247,0.0,0.09935827553272247,coarse_candidate_mid_graph_weak,0.0
121,1775,0.0991835743188858,0.0,0.0991835743188858,coarse_candidate_mid_graph_weak,0.02922033704817295
1633,1635,0.09894226491451263,0.0,0.09894226491451263,coarse_candidate_mid_graph_weak,0.0016336184926331043
1949,2801,0.11603342741727829,0.012917219661176205,0.09887050126507191,coarse_candidate_mid_graph_weak,0.08732947148382664
605,2889,0.09878876805305481,0.0,0.09878876805305481,coarse_candidate_mid_graph_weak,0.046681737527251244
846,2475,0.09867862612009048,0.0,0.09867862612009048,coarse_candidate_mid_graph_weak,0.054090626537799835
1188,1189,0.09845340996980667,0.0,0.09845340996980667,coarse_candidate_mid_graph_weak,0.025718506425619125
1121,1127,0.3146432638168335,0.09112782031297684,0.09844446580001315,coarse_candidate_mid_graph_weak,0.13262217491865158
3477,3599,0.09843403846025467,0.0,0.09843403846025467,coarse_candidate_mid_graph_weak,0.0
187,2264,0.09841979295015335,0.0,0.09841979295015335,coarse_candidate_mid_graph_weak,0.05142652615904808
678,1580,0.09830808639526367,0.0,0.09830808639526367,coarse_candidate_mid_graph_weak,0.0032730993116274476
674,835,0.09815844148397446,0.0,0.09815844148397446,coarse_candidate_mid_graph_weak,0.007347870618104935
614,2359,0.09807946532964706,0.0,0.09807946532964706,coarse_candidate_mid_graph_weak,0.005875273724086583
1974,2615,0.36937105655670166,0.14562465250492096,0.09802290958063915,coarse_candidate_mid_graph_weak,0.19823069497942924
1799,1800,0.09786242246627808,0.0,0.09786242246627808,coarse_candidate_mid_graph_weak,0.0012747950968332589
1638,1640,0.0977405533194542,0.0,0.0977405533194542,coarse_candidate_mid_graph_weak,0.0011048128362745047
2188,3022,0.11420339345932007,0.005532052367925644,0.09760552655474287,coarse_candidate_mid_graph_weak,0.03806387633085251
2780,2781,0.0975455567240715,0.0,0.0975455567240715,coarse_candidate_mid_graph_weak,0.0065964893437922
1211,1861,0.1237197294831276,0.012797368690371513,0.0974824676800744,coarse_candidate_mid_graph_weak,0.060344978235661983
1007,2047,0.09746849536895752,0.0,0.09746849536895752,coarse_candidate_mid_graph_weak,0.06725087016820908
708,1978,0.09744822978973389,0.0,0.09744822978973389,coarse_candidate_mid_graph_weak,0.019906025379896164
1917,3515,0.09732972085475922,0.0,0.09732972085475922,coarse_candidate_mid_graph_weak,0.011184463975951076
920,2700,0.09721051901578903,0.0,0.09721051901578903,coarse_candidate_mid_graph_weak,0.0
791,2753,0.09714683145284653,0.0,0.09714683145284653,coarse_candidate_mid_graph_weak,0.004451245651580393
1960,2343,0.14176203310489655,0.01014414057135582,0.09713010401192015,coarse_candidate_mid_graph_weak,0.03222029656171799
1084,2492,0.1374160647392273,0.008827822282910347,0.09705718157316957,coarse_candidate_mid_graph_weak,0.030057437252253294
190,2873,0.09695802628993988,0.0,0.09695802628993988,coarse_candidate_mid_graph_weak,0.0
1134,1668,0.09692467749118805,0.0,0.09692467749118805,coarse_candidate_mid_graph_weak,0.03365040197968483
1780,2658,0.09682349115610123,0.0,0.09682349115610123,coarse_candidate_mid_graph_weak,0.02591209625825286
606,608,0.09678229689598083,0.0,0.09678229689598083,coarse_candidate_mid_graph_weak,0.003360650734975934
1531,1866,0.09623052924871445,0.0,0.09623052924871445,coarse_candidate_mid_graph_weak,0.027406691573560238
730,1642,0.0959601178765297,0.0,0.0959601178765297,coarse_candidate_mid_graph_weak,0.03658784553408623
991,1495,0.09571045637130737,0.0,0.09571045637130737,coarse_candidate_mid_graph_weak,0.0
14,412,0.09941208362579346,0.0018921097507700324,0.09520318928010024,coarse_candidate_mid_graph_weak,0.04469073284417391
991,3176,0.09508588910102844,0.0,0.09508588910102844,coarse_candidate_mid_graph_weak,0.0
1970,3284,0.09508019685745239,0.0,0.09508019685745239,coarse_candidate_mid_graph_weak,0.0
700,1919,0.09505503624677658,0.0,0.09505503624677658,coarse_candidate_mid_graph_weak,0.0
2788,3379,0.11343353986740112,0.005514865275472403,0.09502341803780011,coarse_candidate_mid_graph_weak,0.03397971484810114
1435,3508,0.09492520242929459,0.0,0.09492520242929459,coarse_candidate_mid_graph_weak,0.041846610605716705
2223,2971,0.09478700160980225,0.0,0.09478700160980225,coarse_candidate_mid_graph_weak,0.019903374137356877
371,904,0.09477671980857849,0.0,0.09477671980857849,coarse_candidate_mid_graph_weak,0.07221201807260513
1167,1168,0.09463279694318771,0.0,0.09463279694318771,coarse_candidate_mid_graph_weak,0.042051258496940136
2880,2881,0.09449224919080734,0.0,0.09449224919080734,coarse_candidate_mid_graph_weak,0.040420614182949066
1048,2831,0.09443800151348114,0.0,0.09443800151348114,coarse_candidate_mid_graph_weak,0.0
539,1860,0.09430423378944397,0.0,0.09430423378944397,coarse_candidate_mid_graph_weak,0.0
100,102,0.09429074078798294,0.0,0.09429074078798294,coarse_candidate_mid_graph_weak,0.07301800884306431
2412,2805,0.09419196099042892,0.0,0.09419196099042892,coarse_candidate_mid_graph_weak,0.0
2231,2755,0.3660254180431366,0.290374219417572,0.09418763474975975,coarse_candidate_mid_graph_weak,0.390984445810318
1246,2861,0.10025672614574432,0.0043904222548007965,0.0941167703718061,coarse_candidate_mid_graph_weak,0.07168933749198914
853,1248,0.09405653178691864,0.0,0.09405653178691864,coarse_candidate_mid_graph_weak,0.0
123,1644,0.0940275564789772,0.0,0.0940275564789772,coarse_candidate_mid_graph_weak,0.013341034296900034
2363,2539,0.09376674145460129,0.0,0.09376674145460129,coarse_candidate_mid_graph_weak,0.010849121259525418
85,3567,0.12006517499685287,0.004050384275615215,0.09369029629234542,coarse_candidate_mid_graph_weak,0.018438382307067513
3248,3348,0.09364805370569229,0.0,0.09364805370569229,coarse_candidate_mid_graph_weak,0.03289995389059186
1992,2077,0.09362287074327469,0.0,0.09362287074327469,coarse_candidate_mid_graph_weak,0.044442114885896444
1140,2937,0.09347335994243622,0.0,0.09347335994243622,coarse_candidate_mid_graph_weak,0.03483641194179654
260,621,0.09344953298568726,0.0,0.09344953298568726,coarse_candidate_mid_graph_weak,0.003287949482910335
970,2371,0.09342241287231445,0.0,0.09342241287231445,coarse_candidate_mid_graph_weak,0.03256855020299554
127,1138,0.0934159904718399,0.0,0.0934159904718399,coarse_candidate_mid_graph_weak,0.0
2316,2792,0.09341111779212952,0.0,0.09341111779212952,coarse_candidate_mid_graph_weak,0.027006098069250584
1022,2032,0.10268675535917282,0.0044447993859648705,0.09339994999719872,coarse_candidate_mid_graph_weak,0.04914736654609442
527,643,0.09314724802970886,0.0,0.09314724802970886,coarse_candidate_mid_graph_weak,0.0
256,1471,0.10350620746612549,0.0031849804800003767,0.0930688429930033,coarse_candidate_mid_graph_weak,0.03158510476350784
180,1193,0.09300610423088074,0.0,0.09300610423088074,coarse_candidate_mid_graph_weak,0.06257265992462635
362,3087,0.092954121530056,0.0,0.092954121530056,coarse_candidate_mid_graph_weak,0.0
1035,2468,0.09289927780628204,0.0,0.09289927780628204,coarse_candidate_mid_graph_weak,0.036229479126632214
1499,3318,0.09279822558164597,0.0,0.09279822558164597,coarse_candidate_mid_graph_weak,0.0
667,2524,0.09277547895908356,0.0,0.09277547895908356,coarse_candidate_mid_graph_weak,0.0016199115780182183
1045,2039,0.09263131767511368,0.0,0.09263131767511368,coarse_candidate_mid_graph_weak,0.0
95,599,0.1019713506102562,0.0030874693766236305,0.09255380349919552,coarse_candidate_mid_graph_weak,0.03343051206320524
1100,1976,0.15632082521915436,0.005334359593689442,0.09249606146021523,coarse_candidate_mid_graph_weak,0.013065014965832233
1503,3365,0.09209268540143967,0.0,0.09209268540143967,coarse_candidate_mid_graph_weak,0.0
764,1011,0.27418285608291626,0.037304285913705826,0.09188534948369546,coarse_candidate_mid_graph_weak,0.056107161566615105
843,3495,0.09186435490846634,0.0,0.09186435490846634,coarse_candidate_mid_graph_weak,0.026545599102973938
3516,3566,0.13709169626235962,0.014140311628580093,0.09148043428021936,coarse_candidate_mid_graph_weak,0.04250089172273874
2920,3401,0.09335891157388687,0.002391069894656539,0.09117628508583693,coarse_candidate_mid_graph_weak,0.10227479785680771
1654,1655,0.09117555618286133,0.0,0.09117555618286133,coarse_candidate_mid_graph_weak,0.0016226734151132405
1681,1911,0.09117291122674942,0.0,0.09117291122674942,coarse_candidate_mid_graph_weak,0.033298340160399675
1180,3322,0.09107362478971481,0.0,0.09107362478971481,coarse_candidate_mid_graph_weak,0.020931171718984842
1447,2289,0.09107329696416855,0.0,0.09107329696416855,coarse_candidate_mid_graph_weak,0.024654831737279892
249,3485,0.0909399688243866,0.0,0.0909399688243866,coarse_candidate_mid_graph_weak,0.0
570,1958,0.0908828154206276,0.0,0.0908828154206276,coarse_candidate_mid_graph_weak,0.017723534256219864
2232,2396,0.10312800109386444,0.002672734437510371,0.09080167448504456,coarse_candidate_mid_graph_weak,0.02236138703301549
482,583,0.09080101549625397,0.0,0.09080101549625397,coarse_candidate_mid_graph_weak,0.0025095686432905495
3226,3507,0.09077805280685425,0.0,0.09077805280685425,coarse_candidate_mid_graph_weak,0.007791547570377588
2694,2702,0.10091500729322433,0.005295982584357262,0.09066486738198991,coarse_candidate_mid_graph_weak,0.05214017815887928
2778,3425,0.09786723554134369,0.0033006288576871157,0.09056920231575256,coarse_candidate_mid_graph_weak,0.04426170885562897
1794,2819,0.09052788466215134,0.0,0.09052788466215134,coarse_candidate_mid_graph_weak,0.00958109344355762
567,588,0.121181920170784,0.0014773427974432707,0.09042702378337146,coarse_candidate_mid_graph_weak,0.005821097060106695
1736,2904,0.09042100608348846,0.0,0.09042100608348846,coarse_candidate_mid_graph_weak,0.011238516541197896
3030,3359,0.20539139211177826,0.007553122006356716,0.0903948227512192,coarse_candidate_mid_graph_weak,0.013490369776263833
809,1801,0.09031543135643005,0.0,0.09031543135643005,coarse_candidate_mid_graph_weak,0.036747406236827374
1368,3325,0.09404118359088898,0.0017341779312118888,0.09021419972334618,coarse_candidate_mid_graph_weak,0.042614275589585304
938,2414,0.09010227024555206,0.0,0.09010227024555206,coarse_candidate_mid_graph_weak,0.009670413797721267
831,2040,0.09007946401834488,0.0,0.09007946401834488,coarse_candidate_mid_graph_weak,0.0191535959020257
2193,3103,0.16901898384094238,0.021560203284025192,0.08980408440430154,coarse_candidate_mid_graph_weak,0.046002503018826246
1006,1913,0.08973745256662369,0.0,0.08973745256662369,coarse_candidate_mid_graph_weak,0.021003589499741793
1827,3228,0.08971694111824036,0.0,0.08971694111824036,coarse_candidate_mid_graph_weak,0.0
3496,3602,0.0895591452717781,0.0,0.0895591452717781,coarse_candidate_mid_graph_weak,0.04325675778090954
854,3205,0.08954352885484695,0.0,0.08954352885484695,coarse_candidate_mid_graph_weak,0.031336767598986626
2497,2875,0.09293617308139801,0.0027955290861427784,0.08946934033918721,coarse_candidate_mid_graph_weak,0.07494038343429565
268,1966,0.08918849378824234,0.0,0.08918849378824234,coarse_candidate_mid_graph_weak,0.0
1135,1258,0.08915981650352478,0.0,0.08915981650352478,coarse_candidate_mid_graph_weak,0.051129575818777084
472,831,0.08915931731462479,0.0,0.08915931731462479,coarse_candidate_mid_graph_weak,0.0
761,2448,0.08909957110881805,0.0,0.08909957110881805,coarse_candidate_mid_graph_weak,0.008286735159344971
972,2953,0.08903542906045914,0.0,0.08903542906045914,coarse_candidate_mid_graph_weak,0.0013686969468835741
398,1517,0.08892463147640228,0.0,0.08892463147640228,coarse_candidate_mid_graph_weak,0.028022521641105413
2783,3003,0.08891259133815765,0.0,0.08891259133815765,coarse_candidate_mid_graph_weak,0.004204804543405771
1689,1806,0.13083133101463318,0.00813667569309473,0.08883000514337476,coarse_candidate_mid_graph_weak,0.025345202535390854
2894,3655,0.08869939297437668,0.0,0.08869939297437668,coarse_candidate_mid_graph_weak,0.02905360423028469
3014,3416,0.08868008852005005,0.0,0.08868008852005005,coarse_candidate_mid_graph_weak,0.013627137523144484
419,799,0.08865437656641006,0.0,0.08865437656641006,coarse_candidate_mid_graph_weak,0.052207767963409424
2602,2653,0.09895793348550797,0.0016253902576863766,0.08861539849925677,coarse_candidate_mid_graph_weak,0.015551821794360876
831,2165,0.08829644322395325,0.0,0.08829644322395325,coarse_candidate_mid_graph_weak,0.0191535959020257
2646,2647,0.08824191987514496,0.0,0.08824191987514496,coarse_candidate_mid_graph_weak,0.0
100,2525,0.0881928950548172,0.0,0.0881928950548172,coarse_candidate_mid_graph_weak,0.07301800884306431
539,541,0.08813713490962982,0.0,0.08813713490962982,coarse_candidate_mid_graph_weak,0.0
1361,2703,0.0880931094288826,0.0,0.0880931094288826,coarse_candidate_mid_graph_weak,0.011852203868329525
3114,3638,0.08809112012386322,0.0,0.08809112012386322,coarse_candidate_mid_graph_weak,0.05610495340079069
184,3280,0.08798131346702576,0.0,0.08798131346702576,coarse_candidate_mid_graph_weak,0.05588751658797264
1009,1263,0.09789598733186722,0.004622361622750759,0.08797794199396088,coarse_candidate_mid_graph_weak,0.04562498349696398
138,1049,0.08781252801418304,0.0,0.08781252801418304,coarse_candidate_mid_graph_weak,0.04133356548845768
906,1040,0.08774665743112564,0.0,0.08774665743112564,coarse_candidate_mid_graph_weak,0.0058392989449203014
553,1413,0.08773594349622726,0.0,0.08773594349622726,coarse_candidate_mid_graph_weak,0.01255467371083796
2541,3391,0.0876733735203743,0.0,0.0876733735203743,coarse_candidate_mid_graph_weak,0.007237813202664256
1025,1133,0.08766740560531616,0.0,0.08766740560531616,coarse_candidate_mid_graph_weak,0.0
711,1508,0.08756013959646225,0.0,0.08756013959646225,coarse_candidate_mid_graph_weak,0.0
112,209,0.08754861354827881,0.0,0.08754861354827881,coarse_candidate_mid_graph_weak,0.0
1558,1630,0.10871703177690506,0.0007450761622749269,0.08748608263519554,coarse_candidate_mid_graph_weak,0.00381530134472996
992,993,0.12211871892213821,0.00218846183270216,0.08736406219627289,coarse_candidate_mid_graph_weak,0.00768967904150486
296,3116,0.08729922026395798,0.0,0.08729922026395798,coarse_candidate_mid_graph_weak,0.03570286789909005
590,3153,0.08723826706409454,0.0,0.08723826706409454,coarse_candidate_mid_graph_weak,0.0
538,832,0.08720925450325012,0.0,0.08720925450325012,coarse_candidate_mid_graph_weak,0.04096583742648363
183,3294,0.08714628219604492,0.0,0.08714628219604492,coarse_candidate_mid_graph_weak,0.026138445362448692
943,984,0.08706901222467422,0.0,0.08706901222467422,coarse_candidate_mid_graph_weak,0.01569038606248796
819,2888,0.08694813400506973,0.0,0.08694813400506973,coarse_candidate_mid_graph_weak,0.01926881680265069
1263,2378,0.08693088591098785,0.0,0.08693088591098785,coarse_candidate_mid_graph_weak,0.004622361622750759
1133,1485,0.0868922621011734,0.0,0.0868922621011734,coarse_candidate_mid_graph_weak,0.012271543266251683
2103,3321,0.10195522010326385,0.024954931810498238,0.08688882838950214,coarse_candidate_mid_graph_weak,0.16887159273028374
3196,3231,0.08683458715677261,0.0,0.08683458715677261,coarse_candidate_mid_graph_weak,0.0
2346,2609,0.08669748902320862,0.0,0.08669748902320862,coarse_candidate_mid_graph_weak,0.01301737385801971
1806,1808,0.0866808071732521,0.0,0.0866808071732521,coarse_candidate_mid_graph_weak,0.0032333016861230135
2641,3369,0.10137484967708588,0.015421472489833832,0.08646556960969713,coarse_candidate_mid_graph_weak,0.10485747456550598
1807,2511,0.0864596888422966,0.0,0.0864596888422966,coarse_candidate_mid_graph_weak,0.05791915021836758
1093,3506,0.09522571414709091,0.0024291053414344788,0.08641693987058797,coarse_candidate_mid_graph_weak,0.026259418576955795
347,362,0.08637693524360657,0.0,0.08637693524360657,coarse_candidate_mid_graph_weak,0.0022063851356506348
40,3174,0.10051821172237396,0.002332055941224098,0.08614284250422065,coarse_candidate_mid_graph_weak,0.0163066484965384
2645,2646,0.08612200617790222,0.0,0.08612200617790222,coarse_candidate_mid_graph_weak,0.015762757044285536
1223,1224,0.08597113192081451,0.0,0.08597113192081451,coarse_candidate_mid_graph_weak,0.008604761213064194
161,1457,0.08593615144491196,0.0,0.08593615144491196,coarse_candidate_mid_graph_weak,0.0033091841032728553
1649,3002,0.08580528944730759,0.0,0.08580528944730759,coarse_candidate_mid_graph_weak,0.0
216,2863,0.08574582636356354,0.0,0.08574582636356354,coarse_candidate_mid_graph_weak,0.017914606258273125
829,3109,0.08565042912960052,0.0,0.08565042912960052,coarse_candidate_mid_graph_weak,0.0
47,2387,0.09299507737159729,0.0019615469500422478,0.08563471820654125,coarse_candidate_mid_graph_weak,0.024783330038189888
808,3387,0.10070342570543289,0.009493713267147541,0.08562157731517842,coarse_candidate_mid_graph_weak,0.06339073460549116
103,1097,0.08561297506093979,0.0,0.08561297506093979,coarse_candidate_mid_graph_weak,0.06260790023952723
2823,3549,0.08558844029903412,0.0,0.08558844029903412,coarse_candidate_mid_graph_weak,0.04742878442630172
1636,2647,0.08553692698478699,0.0,0.08553692698478699,coarse_candidate_mid_graph_weak,0.0
2309,2840,0.08553387969732285,0.0,0.08553387969732285,coarse_candidate_mid_graph_weak,0.0022113623563200235
372,3473,0.16018424928188324,0.0017628256464377046,0.08549247957196797,coarse_candidate_mid_graph_weak,0.0037805624888278544
477,2046,0.13808806240558624,0.013966257683932781,0.08537665639473503,coarse_candidate_mid_graph_weak,0.036587403155863285
167,169,0.08532708883285522,0.0,0.08532708883285522,coarse_candidate_mid_graph_weak,0.0
1181,2070,0.09043426066637039,0.009327522478997707,0.08523177619219187,coarse_candidate_mid_graph_weak,0.1621393784880638
1535,2242,0.08522852510213852,0.0,0.08522852510213852,coarse_candidate_mid_graph_weak,0.017915423726662993
784,1114,0.08521991968154907,0.0,0.08521991968154907,coarse_candidate_mid_graph_weak,0.0030626060033682734
2274,2390,0.08519818633794785,0.0,0.08519818633794785,coarse_candidate_mid_graph_weak,0.0
1932,3394,0.09678933024406433,0.004347720183432102,0.08487609464724877,coarse_candidate_mid_graph_weak,0.035323143005371094
49,1327,0.08485601842403412,0.0,0.08485601842403412,coarse_candidate_mid_graph_weak,0.0061444907914847136
3329,3473,0.08483875542879105,0.0,0.08483875542879105,coarse_candidate_mid_graph_weak,0.0
972,3420,0.08473460376262665,0.0,0.08473460376262665,coarse_candidate_mid_graph_weak,0.0013686969468835741
1728,1882,0.08465425670146942,0.0,0.08465425670146942,coarse_candidate_mid_graph_weak,0.0019862716435454786
3065,3104,0.08463941514492035,0.0,0.08463941514492035,coarse_candidate_mid_graph_weak,0.0008224077173508704
1060,1063,0.08456149697303772,0.0,0.08456149697303772,coarse_candidate_mid_graph_weak,0.003827699110843241
436,3208,0.1305825561285019,0.013976896181702614,0.08448325827270692,coarse_candidate_mid_graph_weak,0.03959146700799465
75,1017,0.0843769982457161,0.0,0.0843769982457161,coarse_candidate_mid_graph_weak,0.039259097538888454
236,238,0.08436602354049683,0.0,0.08436602354049683,coarse_candidate_mid_graph_weak,0.008765982114709914
2588,3422,0.12002818286418915,0.011276503093540668,0.08431699608410272,coarse_candidate_mid_graph_weak,0.03790123760700226
2630,3530,0.08431003987789154,0.0,0.08431003987789154,coarse_candidate_mid_graph_weak,0.0070703832898288965
726,1419,0.10720624774694443,0.00905737467110157,0.08429896621057019,coarse_candidate_mid_graph_weak,0.04238858073949814
32,34,0.0842212587594986,0.0,0.0842212587594986,coarse_candidate_mid_graph_weak,0.009434665436856449
3557,3680,0.08406601846218109,0.0,0.08406601846218109,coarse_candidate_mid_graph_weak,0.025350254960358143
2678,3586,0.11772382259368896,0.0017213433748111129,0.0840420934237584,coarse_candidate_mid_graph_weak,0.0060164108872413635
2261,2279,0.08400244265794754,0.0,0.08400244265794754,coarse_candidate_mid_graph_weak,0.0
975,3430,0.10654138028621674,0.010583033785223961,0.0839927223272812,coarse_candidate_mid_graph_weak,0.05000435188412666
2906,3226,0.10910874605178833,0.007791547570377588,0.08392929624810284,coarse_candidate_mid_graph_weak,0.03376269107684493
344,345,0.08373861014842987,0.0,0.08373861014842987,coarse_candidate_mid_graph_weak,0.0
495,853,0.0836518332362175,0.0,0.0836518332362175,coarse_candidate_mid_graph_weak,0.02105969050899148
3649,3666,0.08347567170858383,0.0,0.08347567170858383,coarse_candidate_mid_graph_weak,0.008244997239671648
368,459,0.08333241194486618,0.0,0.08333241194486618,coarse_candidate_mid_graph_weak,0.0
1105,1456,0.08326394110918045,0.0,0.08326394110918045,coarse_candidate_mid_graph_weak,0.029082721564918756
271,3127,0.08321315795183182,0.0,0.08321315795183182,coarse_candidate_mid_graph_weak,0.03632321301847696
1364,3169,0.08319615572690964,0.0,0.08319615572690964,coarse_candidate_mid_graph_weak,0.026463347487151623
1077,1461,0.13039985299110413,0.0012462360318750143,0.0831662596690384,coarse_candidate_mid_graph_weak,0.0034405384794808924
992,3533,0.08309126645326614,0.0,0.08309126645326614,coarse_candidate_mid_graph_weak,0.00768967904150486
2340,2342,0.13673904538154602,0.04388304427266121,0.08286995740857779,coarse_candidate_mid_graph_weak,0.11139088869094849
1391,1423,0.08285042643547058,0.0,0.08285042643547058,coarse_candidate_mid_graph_weak,0.0036000682739540935
2507,3468,0.08281899243593216,0.0,0.08281899243593216,coarse_candidate_mid_graph_weak,0.02022385038435459
119,3243,0.1365860402584076,0.017513832077383995,0.0828002563680946,coarse_candidate_mid_graph_weak,0.044475413393229246
1070,1253,0.08275657147169113,0.0,0.08275657147169113,coarse_candidate_mid_graph_weak,0.004610522068105638
13,427,0.08274737000465393,0.0,0.08274737000465393,coarse_candidate_mid_graph_weak,0.011230766773223877
370,3128,0.08272956311702728,0.0,0.08272956311702728,coarse_candidate_mid_graph_weak,0.00294590275734663
2458,3118,0.11957657337188721,0.016760818660259247,0.08271574324979736,coarse_candidate_mid_graph_weak,0.05437211412936449
405,1456,0.08270023763179779,0.0,0.08270023763179779,coarse_candidate_mid_graph_weak,0.020946033066138625
1912,2097,0.09754432737827301,0.025506628677248955,0.08262391500243262,coarse_candidate_mid_graph_weak,0.16675322875380516
480,556,0.1627337485551834,0.01774795539677143,0.08262321903741182,coarse_candidate_mid_graph_weak,0.03605258045718074
84,3093,0.0825820043683052,0.0,0.0825820043683052,coarse_candidate_mid_graph_weak,0.008178347954526544
522,1071,0.08245782554149628,0.0,0.08245782554149628,coarse_candidate_mid_graph_weak,0.025960725266486406
63,2428,0.08235012739896774,0.0,0.08235012739896774,coarse_candidate_mid_graph_weak,0.0512088006362319
1441,1800,0.08234509825706482,0.0,0.08234509825706482,coarse_candidate_mid_graph_weak,0.001576996233779937
1024,3238,0.08232050389051437,0.0,0.08232050389051437,coarse_candidate_mid_graph_weak,0.011572999879717827
905,1569,0.08227670937776566,0.0,0.08227670937776566,coarse_candidate_mid_graph_weak,0.0019838225562125444
1591,2548,0.0822310671210289,0.0,0.0822310671210289,coarse_candidate_mid_graph_weak,0.009491820819675922
520,1255,0.1230311393737793,0.030561085790395737,0.08215034176559503,coarse_candidate_mid_graph_weak,0.09197387099266052
2127,3178,0.08208654075860977,0.0,0.08208654075860977,coarse_candidate_mid_graph_weak,0.06375301443040371
628,1260,0.0820205882191658,0.0,0.0820205882191658,coarse_candidate_mid_graph_weak,0.044035193510353565
519,2593,0.08182959258556366,0.0,0.08182959258556366,coarse_candidate_mid_graph_weak,0.03788019064813852
1880,1882,0.08179773390293121,0.0,0.08179773390293121,coarse_candidate_mid_graph_weak,0.03394831717014313
1033,2522,0.09334712475538254,0.008596651256084442,0.08177762984991638,coarse_candidate_mid_graph_weak,0.06936108134686947
362,465,0.08171124011278152,0.0,0.08171124011278152,coarse_candidate_mid_graph_weak,0.0
182,2520,0.08170811831951141,0.0,0.08170811831951141,coarse_candidate_mid_graph_weak,0.0
1623,1624,0.08166398108005524,0.0,0.08166398108005524,coarse_candidate_mid_graph_weak,0.0
2153,2154,0.08483649045228958,0.0011741281487047672,0.08161734056521641,coarse_candidate_mid_graph_weak,0.03094261372461915
1228,2412,0.0815223753452301,0.0,0.0815223753452301,coarse_candidate_mid_graph_weak,0.0
1445,2763,0.16022901237010956,0.009137984365224838,0.08151956785645074,coarse_candidate_mid_graph_weak,0.0186022175475955
738,2306,0.08146249502897263,0.0,0.08146249502897263,coarse_candidate_mid_graph_weak,0.0
710,1538,0.08129266649484634,0.0,0.08129266649484634,coarse_candidate_mid_graph_weak,0.004517380963079631
1979,2216,0.08122581243515015,0.0,0.08122581243515015,coarse_candidate_mid_graph_weak,0.03189205098897219
2876,3329,0.08121812343597412,0.0,0.08121812343597412,coarse_candidate_mid_graph_weak,0.023416094481945038
3053,3640,0.0811941996216774,0.0,0.0811941996216774,coarse_candidate_mid_graph_weak,0.008639656007289886
426,524,0.08119253814220428,0.0,0.08119253814220428,coarse_candidate_mid_graph_weak,0.0
2137,2140,0.0952630564570427,0.0070114717818796635,0.08117412206764361,coarse_candidate_mid_graph_weak,0.04740842804312706
691,2125,0.08114335685968399,0.0,0.08114335685968399,coarse_candidate_mid_graph_weak,0.039732680190354586
468,2010,0.08102275431156158,0.0,0.08102275431156158,coarse_candidate_mid_graph_weak,0.022659464040771127
169,171,0.08100385963916779,0.0,0.08100385963916779,coarse_candidate_mid_graph_weak,0.00629339087754488
1852,3660,0.08100234717130661,0.0,0.08100234717130661,coarse_candidate_mid_graph_weak,0.0
2966,3155,0.0987599641084671,0.01105425599962473,0.08083438896138564,coarse_candidate_mid_graph_weak,0.06090281158685684
321,1908,0.08075140416622162,0.0,0.08075140416622162,coarse_candidate_mid_graph_weak,0.001444255467504263
182,466,0.08073180913925171,0.0,0.08073180913925171,coarse_candidate_mid_graph_weak,0.0
3134,3184,0.08069556951522827,0.0,0.08069556951522827,coarse_candidate_mid_graph_weak,0.027827604673802853
40,3330,0.08068344742059708,0.0,0.08068344742059708,coarse_candidate_mid_graph_weak,0.0163066484965384
584,2245,0.08060812950134277,0.0,0.08060812950134277,coarse_candidate_mid_graph_weak,0.0
885,3647,0.08549216389656067,0.003230283735319972,0.08054264864788811,coarse_candidate_mid_graph_weak,0.055796160362660885
856,1177,0.10560481995344162,0.009006770327687263,0.08054098632518207,coarse_candidate_mid_graph_weak,0.03794943634420633
2338,2506,0.08053117990493774,0.0,0.08053117990493774,coarse_candidate_mid_graph_weak,0.0018514241091907024
1659,2473,0.13420383632183075,0.013751772232353687,0.080444250952471,coarse_candidate_mid_graph_weak,0.03432951681315899
9,1173,0.08033070713281631,0.0,0.08033070713281631,coarse_candidate_mid_graph_weak,0.0011682430340442806
1768,2831,0.08031198382377625,0.0,0.08031198382377625,coarse_candidate_mid_graph_weak,0.04720068350434303
1570,2579,0.08030221611261368,0.0,0.08030221611261368,coarse_candidate_mid_graph_weak,0.0030785288545303047
3048,3622,0.08026675134897232,0.0,0.08026675134897232,coarse_candidate_mid_graph_weak,0.006967785302549601
2499,2780,0.09595469385385513,0.008795319125056267,0.08016985895122732,coarse_candidate_mid_graph_weak,0.053466010838747025
1178,3345,0.09211193025112152,0.0037220087833702564,0.08015209157765785,coarse_candidate_mid_graph_weak,0.02866605669260025
1574,3357,0.08014009147882462,0.0,0.08014009147882462,coarse_candidate_mid_graph_weak,0.028865851927548647
275,2141,0.08008891344070435,0.0,0.08008891344070435,coarse_candidate_mid_graph_weak,0.0
995,2045,0.08005715906620026,0.0,0.08005715906620026,coarse_candidate_mid_graph_weak,0.001614345470443368
2209,2774,0.08806753158569336,0.004214216023683548,0.08002508541316619,coarse_candidate_mid_graph_weak,0.04614710435271263
1892,3233,0.08001557737588882,0.0,0.08001557737588882,coarse_candidate_mid_graph_weak,0.0036828843876719475
265,1177,0.07989536970853806,0.0,0.07989536970853806,coarse_candidate_mid_graph_weak,0.04047658108174801
1447,2879,0.07984194159507751,0.0,0.07984194159507751,coarse_candidate_mid_graph_weak,0.024654831737279892
622,1440,0.07978835701942444,0.0,0.07978835701942444,coarse_candidate_mid_graph_weak,0.018741891952231526
53,1166,0.08557036519050598,0.0035452055744826794,0.07973232022778864,coarse_candidate_mid_graph_weak,0.05196337774395943
2974,3300,0.08282274007797241,0.0020277879666537046,0.07972528684450328,coarse_candidate_mid_graph_weak,0.054220981895923615
1333,2827,0.07966097444295883,0.0,0.07966097444295883,coarse_candidate_mid_graph_weak,0.015732884872704744
31,34,0.0794045552611351,0.0,0.0794045552611351,coarse_candidate_mid_graph_weak,0.0
201,3391,0.07938377559185028,0.0,0.07938377559185028,coarse_candidate_mid_graph_weak,0.021003402769565582
2015,3438,0.09594517946243286,0.00467839976772666,0.07929993568173288,coarse_candidate_mid_graph_weak,0.02696685679256916
1485,1486,0.07921267300844193,0.0,0.07921267300844193,coarse_candidate_mid_graph_weak,0.007015760522335768
239,868,0.079194575548172,0.0,0.079194575548172,coarse_candidate_mid_graph_weak,0.036658608354628086
702,2138,0.07919104397296906,0.0,0.07919104397296906,coarse_candidate_mid_graph_weak,0.004148905340116471
3261,3388,0.08253379911184311,0.001743593835271895,0.07913992006862454,coarse_candidate_mid_graph_weak,0.04240145906805992
921,2986,0.07907684892416,0.0,0.07907684892416,coarse_candidate_mid_graph_weak,0.017425226978957653
45,799,0.07905955612659454,0.0,0.07905955612659454,coarse_candidate_mid_graph_weak,0.02256600558757782
1512,3127,0.15162873268127441,0.04377029463648796,0.07901941050446473,coarse_candidate_mid_graph_weak,0.09140471369028091
2024,3520,0.07901838421821594,0.0,0.07901838421821594,coarse_candidate_mid_graph_weak,0.012523818528279662
1844,2824,0.07901064306497574,0.0,0.07901064306497574,coarse_candidate_mid_graph_weak,0.0148958470672369
2638,2654,0.11176887899637222,0.011388720013201237,0.07890198357413775,coarse_candidate_mid_graph_weak,0.03872907534241676
1667,2601,0.07885026931762695,0.0,0.07885026931762695,coarse_candidate_mid_graph_weak,0.0
223,684,0.07884840667247772,0.0,0.07884840667247772,coarse_candidate_mid_graph_weak,0.031739548314362764
2334,2423,0.07880079001188278,0.0,0.07880079001188278,coarse_candidate_mid_graph_weak,0.0032649360364302993
2907,3400,0.08858393877744675,0.004657834302634001,0.07878500996970464,coarse_candidate_mid_graph_weak,0.04210759326815605
1677,2522,0.07877124845981598,0.0,0.07877124845981598,coarse_candidate_mid_graph_weak,0.027613691985607147
216,2901,0.07867912948131561,0.0,0.07867912948131561,coarse_candidate_mid_graph_weak,0.017914606258273125
1589,3546,0.07858906686306,0.0,0.07858906686306,coarse_candidate_mid_graph_weak,0.011617288459092379
124,1213,0.1001737043261528,0.007295895833522081,0.07854999922319124,coarse_candidate_mid_graph_weak,0.03379887528717518
56,2800,0.07851511985063553,0.0,0.07851511985063553,coarse_candidate_mid_graph_weak,0.033264461904764175
923,3492,0.10639514029026031,0.007343906909227371,0.07849964221609754,coarse_candidate_mid_graph_weak,0.028010111302137375
608,855,0.07841178774833679,0.0,0.07841178774833679,coarse_candidate_mid_graph_weak,0.0
951,2614,0.08858507126569748,0.0035120469983667135,0.0783342531181204,coarse_candidate_mid_graph_weak,0.03035025391727686
709,3495,0.07828615605831146,0.0,0.07828615605831146,coarse_candidate_mid_graph_weak,0.0041544027626514435
912,1509,0.0780847817659378,0.0,0.0780847817659378,coarse_candidate_mid_graph_weak,0.0
2564,2565,0.07806871086359024,0.0,0.07806871086359024,coarse_candidate_mid_graph_weak,0.037598276510834694
3247,3577,0.10358168184757233,0.025304721668362617,0.07805719528214723,coarse_candidate_mid_graph_weak,0.10268984735012054
883,1349,0.09287798404693604,0.0015777345979586244,0.07797618706374383,coarse_candidate_mid_graph_weak,0.009833499207161367
1993,2558,0.07790420949459076,0.0,0.07790420949459076,coarse_candidate_mid_graph_weak,0.0009963532211259007
587,941,0.07786894589662552,0.0,0.07786894589662552,coarse_candidate_mid_graph_weak,0.0
167,2359,0.07782819867134094,0.0,0.07782819867134094,coarse_candidate_mid_graph_weak,0.0
1212,1762,0.07779315859079361,0.0,0.07779315859079361,coarse_candidate_mid_graph_weak,0.001319371978752315
619,1652,0.07778704911470413,0.0,0.07778704911470413,coarse_candidate_mid_graph_weak,0.009985544718801975
733,2017,0.07775747030973434,0.0,0.07775747030973434,coarse_candidate_mid_graph_weak,0.02223528316244483
1059,1060,0.07773633301258087,0.0,0.07773633301258087,coarse_candidate_mid_graph_weak,0.0
742,1017,0.07771723717451096,0.0,0.07771723717451096,coarse_candidate_mid_graph_weak,0.04149167891591787
3078,3149,0.0776604413986206,0.0,0.0776604413986206,coarse_candidate_mid_graph_weak,0.053468295373022556
505,1097,0.15594041347503662,0.002859847852960229,0.07765514045003362,coarse_candidate_mid_graph_weak,0.005696676264051348
2239,2685,0.07763061672449112,0.0,0.07763061672449112,coarse_candidate_mid_graph_weak,0.0031948916148394346
182,2888,0.07762379944324493,0.0,0.07762379944324493,coarse_candidate_mid_graph_weak,0.0
1120,2890,0.14422832429409027,0.0061533586122095585,0.07760768036474193,coarse_candidate_mid_graph_weak,0.013321525417268276
849,1655,0.07743427902460098,0.0,0.07743427902460098,coarse_candidate_mid_graph_weak,0.0
1634,1636,0.07736293971538544,0.0,0.07736293971538544,coarse_candidate_mid_graph_weak,0.022324624471366405
231,233,0.07721008360385895,0.0,0.07721008360385895,coarse_candidate_mid_graph_weak,0.03807558212429285
1690,1993,0.07713454216718674,0.0,0.07713454216718674,coarse_candidate_mid_graph_weak,0.0
411,1468,0.10317151248455048,0.011706533841788769,0.07704974409037346,coarse_candidate_mid_graph_weak,0.046236563473939896
74,1781,0.07701162993907928,0.0,0.07701162993907928,coarse_candidate_mid_graph_weak,0.0031351670622825623
1784,1964,0.0769704282283783,0.0,0.0769704282283783,coarse_candidate_mid_graph_weak,0.010597287327982485
2536,3427,0.07696159929037094,0.0,0.07696159929037094,coarse_candidate_mid_graph_weak,0.0016168062575161457
857,1764,0.07689988613128662,0.0,0.07689988613128662,coarse_candidate_mid_graph_weak,0.040391502901911736
2559,2560,0.07682178169488907,0.0,0.07682178169488907,coarse_candidate_mid_graph_weak,0.02963419770821929
927,3315,0.07679219543933868,0.0,0.07679219543933868,coarse_candidate_mid_graph_weak,0.0210598548874259
936,1296,0.0766962468624115,0.0,0.0766962468624115,coarse_candidate_mid_graph_weak,0.0
1088,1110,0.0766681656241417,0.0,0.0766681656241417,coarse_candidate_mid_graph_weak,0.006941524567082524
1618,2630,0.07662998884916306,0.0,0.07662998884916306,coarse_candidate_mid_graph_weak,0.008010085439309478
2852,3428,0.0765765979886055,0.0,0.0765765979886055,coarse_candidate_mid_graph_weak,0.03508404549211264
464,2988,0.07647407054901123,0.0,0.07647407054901123,coarse_candidate_mid_graph_weak,0.00802125851623714
1771,2906,0.07646681368350983,0.0,0.07646681368350983,coarse_candidate_mid_graph_weak,0.026773594319820404
381,2850,0.07640865445137024,0.0,0.07640865445137024,coarse_candidate_mid_graph_weak,0.026415950153023005
1772,1874,0.07640478760004044,0.0,0.07640478760004044,coarse_candidate_mid_graph_weak,0.015418343711644411
597,2898,0.07939282804727554,0.003988172393292189,0.0763800527594871,coarse_candidate_mid_graph_weak,0.10509654879570007
733,3109,0.07635398209095001,0.0,0.07635398209095001,coarse_candidate_mid_graph_weak,0.02223528316244483
302,304,0.07632449269294739,0.0,0.07632449269294739,coarse_candidate_mid_graph_weak,0.031703274231404066
1970,2585,0.07628970593214035,0.0,0.07628970593214035,coarse_candidate_mid_graph_weak,0.0
658,2035,0.13000190258026123,0.0118367625400424,0.07620963724614857,coarse_candidate_mid_graph_weak,0.028606373816728592
490,1538,0.07587315142154694,0.0,0.07587315142154694,coarse_candidate_mid_graph_weak,0.000959745142608881
2386,3624,0.07575029134750366,0.0,0.07575029134750366,coarse_candidate_mid_graph_weak,0.02789150644093752
1853,2262,0.07574953138828278,0.0,0.07574953138828278,coarse_candidate_mid_graph_weak,0.037422810681164265
579,601,0.07567870616912842,0.0,0.07567870616912842,coarse_candidate_mid_graph_weak,0.001737596350722015
393,2681,0.0850580707192421,0.007818864658474922,0.07567050437553743,coarse_candidate_mid_graph_weak,0.0708445105701685
746,3568,0.07565277069807053,0.0,0.07565277069807053,coarse_candidate_mid_graph_weak,0.0175989733543247
759,914,0.07565200328826904,0.0,0.07565200328826904,coarse_candidate_mid_graph_weak,0.006593548227101564
1615,1891,0.07546599209308624,0.0,0.07546599209308624,coarse_candidate_mid_graph_weak,0.006780929630622268
1964,2654,0.07528293132781982,0.0,0.07528293132781982,coarse_candidate_mid_graph_weak,0.013720337301492691
2675,3665,0.07518934458494186,0.0,0.07518934458494186,coarse_candidate_mid_graph_weak,0.0150455916300416
663,708,0.07515701651573181,0.0,0.07515701651573181,coarse_candidate_mid_graph_weak,0.0
1021,2632,0.10122063010931015,0.0037994172889739275,0.07511536233402635,coarse_candidate_mid_graph_weak,0.014731870032846928
581,2875,0.0750102549791336,0.0,0.0750102549791336,coarse_candidate_mid_graph_weak,0.0
1223,1225,0.07499026507139206,0.0,0.07499026507139206,coarse_candidate_mid_graph_weak,0.008604761213064194
33,1756,0.07492999732494354,0.0,0.07492999732494354,coarse_candidate_mid_graph_weak,0.015481686452403665
3127,3129,0.1038227528333664,0.007080585230141878,0.07490974842028626,coarse_candidate_mid_graph_weak,0.025425439700484276
259,261,0.07490508258342743,0.0,0.07490508258342743,coarse_candidate_mid_graph_weak,0.0
1190,2101,0.07489299029111862,0.0,0.07489299029111862,coarse_candidate_mid_graph_weak,0.0
2489,3523,0.07481937855482101,0.0,0.07481937855482101,coarse_candidate_mid_graph_weak,0.006117279175668955
1522,2973,0.0748119056224823,0.0,0.0748119056224823,coarse_candidate_mid_graph_weak,0.014140072744339705
2613,2631,0.08875495195388794,0.004241256508976221,0.07480090675987494,coarse_candidate_mid_graph_weak,0.026976587250828743
996,997,0.07473238557577133,0.0,0.07473238557577133,coarse_candidate_mid_graph_weak,0.0
2774,2775,0.07472778856754303,0.0,0.07472778856754303,coarse_candidate_mid_graph_weak,0.002107108011841774
1453,2441,0.0746573880314827,0.0,0.0746573880314827,coarse_candidate_mid_graph_weak,0.0381841491907835
680,2097,0.07460705935955048,0.0,0.07460705935955048,coarse_candidate_mid_graph_weak,0.032953605987131596
71,3496,0.3683668076992035,0.26245373487472534,0.07457876990627738,coarse_candidate_mid_graph_weak,0.32907821983098984
491,3203,0.07449797540903091,0.0,0.07449797540903091,coarse_candidate_mid_graph_weak,0.03720403928309679
333,430,0.07448293268680573,0.0,0.07448293268680573,coarse_candidate_mid_graph_weak,0.024083533324301243
174,1585,0.07448110729455948,0.0,0.07448110729455948,coarse_candidate_mid_graph_weak,0.006553341401740909
127,2480,0.0744190365076065,0.0,0.0744190365076065,coarse_candidate_mid_graph_weak,0.0
497,1300,0.07435868680477142,0.0,0.07435868680477142,coarse_candidate_mid_graph_weak,0.010750953806564212
54,1517,0.0742432251572609,0.0,0.0742432251572609,coarse_candidate_mid_graph_weak,0.014327025273814797
366,1459,0.07409567385911942,0.0,0.07409567385911942,coarse_candidate_mid_graph_weak,0.013343161204829812
1805,2318,0.07398802787065506,0.0,0.07398802787065506,coarse_candidate_mid_graph_weak,0.028254730626940727
1376,3517,0.07391088455915451,0.0,0.07391088455915451,coarse_candidate_mid_graph_weak,0.0536981001496315
2003,3447,0.07389486581087112,0.0,0.07389486581087112,coarse_candidate_mid_graph_weak,0.0
2183,2263,0.073856420814991,0.0,0.073856420814991,coarse_candidate_mid_graph_weak,0.005032556888181716
1819,1829,0.07380356639623642,0.0,0.07380356639623642,coarse_candidate_mid_graph_weak,0.0
232,2274,0.07367616146802902,0.0,0.07367616146802902,coarse_candidate_mid_graph_weak,0.02768048131838441
1531,3196,0.0811699703335762,0.0025697220116853714,0.07355926479131132,coarse_candidate_mid_graph_weak,0.027406691573560238
2087,3587,0.12283536046743393,0.013364622369408607,0.07355358477561413,coarse_candidate_mid_graph_weak,0.033311466220766306
230,428,0.07352954894304276,0.0,0.07352954894304276,coarse_candidate_mid_graph_weak,0.015144658274948597
738,1488,0.07344021648168564,0.0,0.07344021648168564,coarse_candidate_mid_graph_weak,0.0
199,587,0.07340365648269653,0.0,0.07340365648269653,coarse_candidate_mid_graph_weak,0.014826557831838727
3057,3640,0.07338706403970718,0.0,0.07338706403970718,coarse_candidate_mid_graph_weak,0.0
119,1256,0.10072953253984451,0.012090974487364292,0.07334545412116472,coarse_candidate_mid_graph_weak,0.044475413393229246
1192,1929,0.07328131049871445,0.0,0.07328131049871445,coarse_candidate_mid_graph_weak,0.018550158012658358
313,1272,0.07327182590961456,0.0,0.07327182590961456,coarse_candidate_mid_graph_weak,0.018220671452581882
3087,3504,0.07323538511991501,0.0,0.07323538511991501,coarse_candidate_mid_graph_weak,0.0029252064996398985
2714,3498,0.07306813448667526,0.0,0.07306813448667526,coarse_candidate_mid_graph_weak,0.034885935951024294
1150,1152,0.07299064099788666,0.0,0.07299064099788666,coarse_candidate_mid_graph_weak,0.015342959435656667
702,2836,0.07298261672258377,0.0,0.07298261672258377,coarse_candidate_mid_graph_weak,0.004148905340116471
149,1054,0.07295729964971542,0.0,0.07295729964971542,coarse_candidate_mid_graph_weak,0.07486939430236816
577,580,0.07276394218206406,0.0,0.07276394218206406,coarse_candidate_mid_graph_weak,0.00927878636866808
1100,2437,0.07276003807783127,0.0,0.07276003807783127,coarse_candidate_mid_graph_weak,0.013065014965832233
577,2589,0.07272085547447205,0.0,0.07272085547447205,coarse_candidate_mid_graph_weak,0.00927878636866808
1230,1946,0.07271707057952881,0.0,0.07271707057952881,coarse_candidate_mid_graph_weak,0.029333896934986115
1816,2029,0.07271420955657959,0.0,0.07271420955657959,coarse_candidate_mid_graph_weak,0.040215264074504375
2933,3406,0.07270929962396622,0.0,0.07270929962396622,coarse_candidate_mid_graph_weak,0.034977516159415245
2951,3108,0.0726708471775055,0.0,0.0726708471775055,coarse_candidate_mid_graph_weak,0.024825334083288908
625,2815,0.07262720167636871,0.0,0.07262720167636871,coarse_candidate_mid_graph_weak,0.02556625846773386
1417,2808,0.07252110540866852,0.0,0.07252110540866852,coarse_candidate_mid_graph_weak,0.016499917022883892
2422,3427,0.07867846637964249,0.005082630552351475,0.07250983297524508,coarse_candidate_mid_graph_weak,0.06482693180441856
2018,2026,0.07249117642641068,0.0,0.07249117642641068,coarse_candidate_mid_graph_weak,0.01843405095860362
2998,3008,0.07245131582021713,0.0,0.07245131582021713,coarse_candidate_mid_graph_weak,0.008138397708535194
1104,2755,0.07245077192783356,0.0,0.07245077192783356,coarse_candidate_mid_graph_weak,0.010771817527711391
166,169,0.0723501667380333,0.0,0.0723501667380333,coarse_candidate_mid_graph_weak,0.00601731869392097
1499,2953,0.07235010713338852,0.0,0.07235010713338852,coarse_candidate_mid_graph_weak,0.0
2697,3469,0.07227053493261337,0.0,0.07227053493261337,coarse_candidate_mid_graph_weak,0.042994298972189426
1389,1911,0.08311358094215393,0.005443656351417303,0.07224670527741027,coarse_candidate_mid_graph_weak,0.04163494519889355
1785,3569,0.08721566945314407,0.004386827815324068,0.07221381242396524,coarse_candidate_mid_graph_weak,0.025503517594188452
3604,3635,0.07220198214054108,0.0,0.07220198214054108,coarse_candidate_mid_graph_weak,0.028900119941681623
1290,1422,0.07218849658966064,0.0,0.07218849658966064,coarse_candidate_mid_graph_weak,0.012653107522055507
2364,2775,0.07488851994276047,0.0016807159408926964,0.07213193690791597,coarse_candidate_mid_graph_weak,0.04566027130931616
1861,3169,0.07210589945316315,0.0,0.07210589945316315,coarse_candidate_mid_graph_weak,0.01064941007643938
178,629,0.07209411263465881,0.0,0.07209411263465881,coarse_candidate_mid_graph_weak,0.015008130576461554
796,1969,0.07209095358848572,0.0,0.07209095358848572,coarse_candidate_mid_graph_weak,0.02372000808827579
1329,2255,0.07205253839492798,0.0,0.07205253839492798,coarse_candidate_mid_graph_weak,0.0
356,967,0.09807830303907394,0.002439901465550065,0.07203800082717433,coarse_candidate_mid_graph_weak,0.00918965507298708
1895,2627,0.0719260573387146,0.0,0.0719260573387146,coarse_candidate_mid_graph_weak,0.016611409140750766
959,1621,0.15990684926509857,0.011364124715328217,0.07182319230849953,coarse_candidate_mid_graph_weak,0.02063040342181921
865,3350,0.07182280719280243,0.0,0.07182280719280243,coarse_candidate_mid_graph_weak,0.0036740018986165524
922,965,0.1091880053281784,0.004324878565967083,0.07178901191524081,coarse_candidate_mid_graph_weak,0.012626673094928265
714,772,0.07178289443254471,0.0,0.07178289443254471,coarse_candidate_mid_graph_weak,0.04564597085118294
35,1762,0.07172850519418716,0.0,0.07172850519418716,coarse_candidate_mid_graph_weak,0.027190957684069872
348,878,0.07170326262712479,0.0,0.07170326262712479,coarse_candidate_mid_graph_weak,0.025055567733943462
2058,3095,0.07168321311473846,0.0,0.07168321311473846,coarse_candidate_mid_graph_weak,0.021307989256456494
188,189,0.07166655361652374,0.0,0.07166655361652374,coarse_candidate_mid_graph_weak,0.038137965835630894
956,1686,0.07165956497192383,0.0,0.07165956497192383,coarse_candidate_mid_graph_weak,0.05867890268564224
107,3311,0.07155806571245193,0.0,0.07155806571245193,coarse_candidate_mid_graph_weak,0.017791935009881854
1184,1440,0.07152659446001053,0.0,0.07152659446001053,coarse_candidate_mid_graph_weak,0.0020522678387351334
2480,2575,0.0715027004480362,0.0,0.0715027004480362,coarse_candidate_mid_graph_weak,0.021896834950894117
35,662,0.07136375457048416,0.0,0.07136375457048416,coarse_candidate_mid_graph_weak,0.027190957684069872
722,1455,0.11588901281356812,0.026824623346328735,0.0713465198875216,coarse_candidate_mid_graph_weak,0.06979131419211626
1592,2792,0.07127030938863754,0.0,0.07127030938863754,coarse_candidate_mid_graph_weak,0.0037165172398090363
315,590,0.07123872637748718,0.0,0.07123872637748718,coarse_candidate_mid_graph_weak,0.014637153130024672
1571,1572,0.1298639178276062,0.003010793123394251,0.07121113231231481,coarse_candidate_mid_graph_weak,0.006666237371973693
478,481,0.071204274892807,0.0,0.071204274892807,coarse_candidate_mid_graph_weak,0.008879172732122242
2961,3524,0.10235049575567245,0.019011562690138817,0.07117118468250117,coarse_candidate_mid_graph_weak,0.062408141791820526
281,1175,0.07108563929796219,0.0,0.07108563929796219,coarse_candidate_mid_graph_weak,0.019672890659421682
3414,3510,0.07104282081127167,0.0,0.07104282081127167,coarse_candidate_mid_graph_weak,0.008473369060084224
752,1687,0.07099630683660507,0.0,0.07099630683660507,coarse_candidate_mid_graph_weak,0.02402946725487709
502,3002,0.07096526026725769,0.0,0.07096526026725769,coarse_candidate_mid_graph_weak,0.026653949171304703
59,1501,0.07082533836364746,0.0,0.07082533836364746,coarse_candidate_mid_graph_weak,0.023203542456030846
201,2598,0.07074441760778427,0.0,0.07074441760778427,coarse_candidate_mid_graph_weak,0.021003402769565582
1550,2223,0.12536390125751495,0.01236934307962656,0.07070331065984223,coarse_candidate_mid_graph_weak,0.028369051404297352
2553,3158,0.0706838071346283,0.0,0.0706838071346283,coarse_candidate_mid_graph_weak,0.03360607661306858
247,3206,0.0706520676612854,0.0,0.0706520676612854,coarse_candidate_mid_graph_weak,0.021706472150981426
2655,2771,0.0706055611371994,0.0,0.0706055611371994,coarse_candidate_mid_graph_weak,0.0030284004751592875
2148,2179,0.07060392946004868,0.0,0.07060392946004868,coarse_candidate_mid_graph_weak,0.05999960470944643
56,3093,0.07059697806835175,0.0,0.07059697806835175,coarse_candidate_mid_graph_weak,0.033264461904764175
1188,3054,0.07050284743309021,0.0,0.07050284743309021,coarse_candidate_mid_graph_weak,0.025718506425619125
1327,2574,0.07046923041343689,0.0,0.07046923041343689,coarse_candidate_mid_graph_weak,0.0027213103603571653
1354,3388,0.07041741162538528,0.0,0.07041741162538528,coarse_candidate_mid_graph_weak,0.006670651491731405
596,1654,0.07037130743265152,0.0,0.07037130743265152,coarse_candidate_mid_graph_weak,0.030503178015351295
1554,3171,0.0703679546713829,0.0,0.0703679546713829,coarse_candidate_mid_graph_weak,0.011282474035397172
733,1132,0.07034540921449661,0.0,0.07034540921449661,coarse_candidate_mid_graph_weak,0.02223528316244483
1918,1991,0.07030368596315384,0.0,0.07030368596315384,coarse_candidate_mid_graph_weak,0.006702092243358493
167,262,0.07029840350151062,0.0,0.07029840350151062,coarse_candidate_mid_graph_weak,0.0
581,3319,0.07028244435787201,0.0,0.07028244435787201,coarse_candidate_mid_graph_weak,0.0
1933,3044,0.08436113595962524,0.00945795327425003,0.0702769005917471,coarse_candidate_mid_graph_weak,0.056650834158062935
2169,2550,0.07024691253900528,0.0,0.07024691253900528,coarse_candidate_mid_graph_weak,0.06148011330515146
1339,2096,0.07022666186094284,0.0,0.07022666186094284,coarse_candidate_mid_graph_weak,0.0226273313164711
2508,2515,0.07015858590602875,0.0,0.07015858590602875,coarse_candidate_mid_graph_weak,0.01125760842114687
2700,2754,0.07013937830924988,0.0,0.07013937830924988,coarse_candidate_mid_graph_weak,0.050594049505889416
1601,1860,0.07004299014806747,0.0,0.07004299014806747,coarse_candidate_mid_graph_weak,0.022910186555236578
898,1466,0.07950788736343384,0.000615516270045191,0.07003906443600177,coarse_candidate_mid_graph_weak,0.005168371892068535
2670,3101,0.06993529945611954,0.0,0.06993529945611954,coarse_candidate_mid_graph_weak,0.00037136353785172105
1128,3121,0.0698874220252037,0.0,0.0698874220252037,coarse_candidate_mid_graph_weak,0.02538264449685812
386,643,0.06988195329904556,0.0,0.06988195329904556,coarse_candidate_mid_graph_weak,0.0
1085,3022,0.07402817159891129,0.0018205087399110198,0.06980589232612906,coarse_candidate_mid_graph_weak,0.031918526627123356
582,1651,0.10465432703495026,0.003984629176557064,0.06979966978290378,coarse_candidate_mid_graph_weak,0.011964217061176896
655,1160,0.06973156332969666,0.0,0.06973156332969666,coarse_candidate_mid_graph_weak,0.009136666543781757
1574,3499,0.06972891092300415,0.0,0.06972891092300415,coarse_candidate_mid_graph_weak,0.028865851927548647
249,3375,0.06971930712461472,0.0,0.06971930712461472,coarse_candidate_mid_graph_weak,0.0
1090,2790,0.06968461722135544,0.0,0.06968461722135544,coarse_candidate_mid_graph_weak,0.036503165028989315
496,1921,0.0696554109454155,0.0,0.0696554109454155,coarse_candidate_mid_graph_weak,0.09638699889183044
1746,3206,0.0696311965584755,0.0,0.0696311965584755,coarse_candidate_mid_graph_weak,0.0020907443831674755
578,2914,0.06953170895576477,0.0,0.06953170895576477,coarse_candidate_mid_graph_weak,0.002316536847501993
1670,2135,0.06944065541028976,0.0,0.06944065541028976,coarse_candidate_mid_graph_weak,0.04569132439792156
2009,2904,0.06943200528621674,0.0,0.06943200528621674,coarse_candidate_mid_graph_weak,0.0
881,3447,0.06937532871961594,0.0,0.06937532871961594,coarse_candidate_mid_graph_weak,0.03184258425608277
467,529,0.06926316767930984,0.0,0.06926316767930984,coarse_candidate_mid_graph_weak,0.03232561983168125
679,2352,0.078915074467659,0.004738208372145891,0.06922377414611186,coarse_candidate_mid_graph_weak,0.03858265187591314
2332,2799,0.0692036971449852,0.0,0.0692036971449852,coarse_candidate_mid_graph_weak,0.03263447433710098
74,2040,0.20477917790412903,0.002076497068628669,0.06914896931022775,coarse_candidate_mid_graph_weak,0.0031351670622825623
1366,2981,0.08304845541715622,0.0027267043478786945,0.06908767429771212,coarse_candidate_mid_graph_weak,0.016220337711274624
1622,2327,0.069071926176548,0.0,0.069071926176548,coarse_candidate_mid_graph_weak,0.0
2771,3478,0.0690520629286766,0.0,0.0690520629286766,coarse_candidate_mid_graph_weak,0.03511345246806741
2513,3493,0.06904826313257217,0.0,0.06904826313257217,coarse_candidate_mid_graph_weak,0.021080386359244585
1686,1829,0.06903690844774246,0.0,0.06903690844774246,coarse_candidate_mid_graph_weak,0.038172815926373005
462,855,0.0689278095960617,0.0,0.0689278095960617,coarse_candidate_mid_graph_weak,0.020127928350120783
298,1694,0.06891795992851257,0.0,0.06891795992851257,coarse_candidate_mid_graph_weak,0.0
505,1005,0.06888077408075333,0.0,0.06888077408075333,coarse_candidate_mid_graph_weak,0.005696676264051348
1413,2909,0.06887102872133255,0.0,0.06887102872133255,coarse_candidate_mid_graph_weak,0.01693284185603261
743,1032,0.06886890530586243,0.0,0.06886890530586243,coarse_candidate_mid_graph_weak,0.015099134296178818
450,1935,0.06885401904582977,0.0,0.06885401904582977,coarse_candidate_mid_graph_weak,0.01674252888187766
1056,1457,0.08357610553503036,0.009436601772904396,0.06882477060899965,coarse_candidate_mid_graph_weak,0.0534646138548851
518,919,0.0781739354133606,0.0024756770581007004,0.06877884696032241,coarse_candidate_mid_graph_weak,0.020599424839019775
2639,2783,0.16587132215499878,0.009199971333146095,0.068751390340026,coarse_candidate_mid_graph_weak,0.0157126490958035
2983,2992,0.0687439888715744,0.0,0.0687439888715744,coarse_candidate_mid_graph_weak,0.0
674,834,0.0687108263373375,0.0,0.0687108263373375,coarse_candidate_mid_graph_weak,0.007347870618104935
552,1427,0.10130898654460907,0.00537501834332943,0.06867676736940509,coarse_candidate_mid_graph_weak,0.01668711705133319
1896,2309,0.0795215293765068,0.011474342085421085,0.06865106626169835,coarse_candidate_mid_graph_weak,0.08393913134932518
3249,3392,0.08370522409677505,0.009039564058184624,0.06860967328828418,coarse_candidate_mid_graph_weak,0.05012461915612221
1579,1580,0.06851405650377274,0.0,0.06851405650377274,coarse_candidate_mid_graph_weak,0.028772296383976936
2115,3375,0.06848254054784775,0.0,0.06848254054784775,coarse_candidate_mid_graph_weak,0.02342505194246769
701,2892,0.06845121085643768,0.0,0.06845121085643768,coarse_candidate_mid_graph_weak,0.002982169040478766
81,2819,0.06843265891075134,0.0,0.06843265891075134,coarse_candidate_mid_graph_weak,0.0401272801682353
2894,3520,0.06843192875385284,0.0,0.06843192875385284,coarse_candidate_mid_graph_weak,0.02905360423028469
1578,1579,0.06838342547416687,0.0,0.06838342547416687,coarse_candidate_mid_graph_weak,0.0039242297061719
2578,2579,0.06834090501070023,0.0,0.06834090501070023,coarse_candidate_mid_graph_weak,0.010196459479629993
690,1859,0.06832674145698547,0.0,0.06832674145698547,coarse_candidate_mid_graph_weak,0.028983923606574535
615,618,0.06824091821908951,0.0,0.06824091821908951,coarse_candidate_mid_graph_weak,0.0
2116,2123,0.0682307705283165,0.0,0.0682307705283165,coarse_candidate_mid_graph_weak,0.01794125558808446
1099,3004,0.068219855427742,0.0,0.068219855427742,coarse_candidate_mid_graph_weak,0.00479183514835313
1282,2465,0.06821346282958984,0.0,0.06821346282958984,coarse_candidate_mid_graph_weak,0.018763494212180376
913,1973,0.06816912442445755,0.0,0.06816912442445755,coarse_candidate_mid_graph_weak,0.011280962731689215
1708,1709,0.0681590810418129,0.0,0.0681590810418129,coarse_candidate_mid_graph_weak,0.003934350563213229
450,2954,0.06807724386453629,0.0,0.06807724386453629,coarse_candidate_mid_graph_weak,0.01674252888187766
382,384,0.06804109364748001,0.0,0.06804109364748001,coarse_candidate_mid_graph_weak,0.005744692869484425
1627,2234,0.0847037211060524,0.005647642072290182,0.06800937834675895,coarse_candidate_mid_graph_weak,0.028654994443058968
265,1263,0.06799763441085815,0.0,0.06799763441085815,coarse_candidate_mid_graph_weak,0.04047658108174801
1214,1362,0.07510039955377579,0.0025130000431090593,0.06796992013318406,coarse_candidate_mid_graph_weak,0.026467688381671906
2592,3288,0.06794428825378418,0.0,0.06794428825378418,coarse_candidate_mid_graph_weak,0.029302163515239954
881,2110,0.06784775108098984,0.0,0.06784775108098984,coarse_candidate_mid_graph_weak,0.03184258425608277
230,362,0.06768530607223511,0.0,0.06768530607223511,coarse_candidate_mid_graph_weak,0.015144658274948597
3036,3464,0.06768406182527542,0.0,0.06768406182527542,coarse_candidate_mid_graph_weak,0.0
114,958,0.06768152117729187,0.0,0.06768152117729187,coarse_candidate_mid_graph_weak,0.02161399368196726
940,991,0.06767494976520538,0.0,0.06767494976520538,coarse_candidate_mid_graph_weak,0.00019665960280690342
668,787,0.0676330178976059,0.0,0.0676330178976059,coarse_candidate_mid_graph_weak,0.0016829944215714931
3638,3656,0.06758157163858414,0.0,0.06758157163858414,coarse_candidate_mid_graph_weak,0.0016322016017511487
1241,1961,0.07351551204919815,0.005099867004901171,0.06753654796076852,coarse_candidate_mid_graph_weak,0.06270640343427658
1814,1860,0.06752131879329681,0.0,0.06752131879329681,coarse_candidate_mid_graph_weak,0.022644621320068836
1482,3348,0.06748798489570618,0.0,0.06748798489570618,coarse_candidate_mid_graph_weak,0.031018314883112907
2024,2025,0.06744285672903061,0.0,0.06744285672903061,coarse_candidate_mid_graph_weak,0.012523818528279662
1489,2958,0.0972110778093338,0.012553918175399303,0.067402994789086,coarse_candidate_mid_graph_weak,0.040941241197288036
3175,3329,0.06739509850740433,0.0,0.06739509850740433,coarse_candidate_mid_graph_weak,0.02486841380596161
2029,2562,0.06736984848976135,0.0,0.06736984848976135,coarse_candidate_mid_graph_weak,0.0
1082,2181,0.06736045330762863,0.0,0.06736045330762863,coarse_candidate_mid_graph_weak,0.02958010695874691
1466,3363,0.06735917180776596,0.0,0.06735917180776596,coarse_candidate_mid_graph_weak,0.022019646130502224
1182,1980,0.06735639274120331,0.0,0.06735639274120331,coarse_candidate_mid_graph_weak,0.02613266371190548
658,1006,0.06734684854745865,0.0,0.06734684854745865,coarse_candidate_mid_graph_weak,0.028606373816728592
935,3273,0.09269580245018005,0.005557512864470482,0.06734065990382734,coarse_candidate_mid_graph_weak,0.020317697431892157
340,2009,0.06733737140893936,0.0,0.06733737140893936,coarse_candidate_mid_graph_weak,0.026346074417233467
334,1858,0.06732121855020523,0.0,0.06732121855020523,coarse_candidate_mid_graph_weak,0.03880617255344987
1473,1669,0.08259864151477814,0.010362094268202782,0.06722735346872764,coarse_candidate_mid_graph_weak,0.055681404657661915
2802,2851,0.09943100064992905,0.016957420855760574,0.0672056111958212,coarse_candidate_mid_graph_weak,0.05232189130038023
382,2864,0.06718114018440247,0.0,0.06718114018440247,coarse_candidate_mid_graph_weak,0.005744692869484425
390,391,0.0671645775437355,0.0,0.0671645775437355,coarse_candidate_mid_graph_weak,0.0
1289,1612,0.08237282186746597,0.00450293580070138,0.06700654099952756,coarse_candidate_mid_graph_weak,0.02413853630423546
942,2255,0.06697738170623779,0.0,0.06697738170623779,coarse_candidate_mid_graph_weak,0.0
1357,2443,0.06696230173110962,0.0,0.06696230173110962,coarse_candidate_mid_graph_weak,0.030425801873207092
1633,1636,0.06696046888828278,0.0,0.06696046888828278,coarse_candidate_mid_graph_weak,0.0016336184926331043
256,1975,0.06688621640205383,0.0,0.06688621640205383,coarse_candidate_mid_graph_weak,0.03158510476350784
208,784,0.06686925888061523,0.0,0.06686925888061523,coarse_candidate_mid_graph_weak,0.0
148,590,0.06677789241075516,0.0,0.06677789241075516,coarse_candidate_mid_graph_weak,0.012918754015117884
325,1183,0.0667729452252388,0.0,0.0667729452252388,coarse_candidate_mid_graph_weak,0.026992793194949627
2893,3684,0.06675443798303604,0.0,0.06675443798303604,coarse_candidate_mid_graph_weak,0.012211381690576673
1203,3601,0.06670724600553513,0.0,0.06670724600553513,coarse_candidate_mid_graph_weak,0.0
398,957,0.06669249385595322,0.0,0.06669249385595322,coarse_candidate_mid_graph_weak,0.028022521641105413
576,577,0.06669095903635025,0.0,0.06669095903635025,coarse_candidate_mid_graph_weak,0.012356811203062534
1436,1577,0.0666857361793518,0.0,0.0666857361793518,coarse_candidate_mid_graph_weak,0.0258646123111248
2583,2679,0.06666877120733261,0.0,0.06666877120733261,coarse_candidate_mid_graph_weak,0.019258242566138506
245,1244,0.07392343878746033,0.0027462230063974857,0.06662797240772884,coarse_candidate_mid_graph_weak,0.02782690478488803
399,1013,0.06655613332986832,0.0,0.06655613332986832,coarse_candidate_mid_graph_weak,0.019944851752370596
1412,2731,0.0665353313088417,0.0,0.0665353313088417,coarse_candidate_mid_graph_weak,0.009916648035869002
823,1203,0.06646446883678436,0.0,0.06646446883678436,coarse_candidate_mid_graph_weak,0.0029129909817129374
2893,3040,0.08558771014213562,0.0027307490818202496,0.06644830668985541,coarse_candidate_mid_graph_weak,0.012211381690576673
1791,3494,0.06644774228334427,0.0,0.06644774228334427,coarse_candidate_mid_graph_weak,0.002581081003881991
622,2212,0.06635481864213943,0.0,0.06635481864213943,coarse_candidate_mid_graph_weak,0.018741891952231526
503,716,0.06631343066692352,0.0,0.06631343066692352,coarse_candidate_mid_graph_weak,0.009830698370933533
963,965,0.06631306558847427,0.0,0.06631306558847427,coarse_candidate_mid_graph_weak,0.05034685134887695
1078,1080,0.06625659763813019,0.0,0.06625659763813019,coarse_candidate_mid_graph_weak,0.004594951402395964
603,759,0.06619612872600555,0.0,0.06619612872600555,coarse_candidate_mid_graph_weak,0.04733233992010355
2992,3266,0.1517774909734726,0.011143938638269901,0.06618143551636821,coarse_candidate_mid_graph_weak,0.01976024522446096
967,969,0.06615346670150757,0.0,0.06615346670150757,coarse_candidate_mid_graph_weak,0.0027877194224856794
2051,3293,0.0661463513970375,0.0,0.0661463513970375,coarse_candidate_mid_graph_weak,0.0
174,197,0.06609682738780975,0.0,0.06609682738780975,coarse_candidate_mid_graph_weak,0.006553341401740909
999,1408,0.06608956307172775,0.0,0.06608956307172775,coarse_candidate_mid_graph_weak,0.0
1601,2879,0.06606215983629227,0.0,0.06606215983629227,coarse_candidate_mid_graph_weak,0.022910186555236578
435,591,0.06603287160396576,0.0,0.06603287160396576,coarse_candidate_mid_graph_weak,0.0
735,3482,0.1297987401485443,0.017479322850704193,0.06603045454779365,coarse_candidate_mid_graph_weak,0.035578721668571234
3488,3622,0.07491109520196915,0.005863359663635492,0.06595678176839964,coarse_candidate_mid_graph_weak,0.04905241448432207
693,2609,0.0658402219414711,0.0,0.0658402219414711,coarse_candidate_mid_graph_weak,0.007251635193824768
302,1592,0.07132606953382492,0.002447004895657301,0.0658207945876689,coarse_candidate_mid_graph_weak,0.031703274231404066
587,2585,0.06581223756074905,0.0,0.06581223756074905,coarse_candidate_mid_graph_weak,0.0
584,1516,0.06575529277324677,0.0,0.06575529277324677,coarse_candidate_mid_graph_weak,0.0
1146,1462,0.06570281833410263,0.0,0.06570281833410263,coarse_candidate_mid_graph_weak,0.001771333860233426
452,1145,0.06569432467222214,0.0,0.06569432467222214,coarse_candidate_mid_graph_weak,0.0
248,682,0.08168240636587143,0.004671826958656311,0.06556473576916287,coarse_candidate_mid_graph_weak,0.02367625432088971
1972,3109,0.06552547216415405,0.0,0.06552547216415405,coarse_candidate_mid_graph_weak,0.022098998073488474
2672,3227,0.06538707762956619,0.0,0.06538707762956619,coarse_candidate_mid_graph_weak,0.09630644880235195
2109,2989,0.06534738838672638,0.0,0.06534738838672638,coarse_candidate_mid_graph_weak,0.005743957357481122
690,2101,0.0653257817029953,0.0,0.0653257817029953,coarse_candidate_mid_graph_weak,0.028983923606574535
1105,1224,0.06531760841608047,0.0,0.06531760841608047,coarse_candidate_mid_graph_weak,0.029082721564918756
1898,3034,0.065316341817379,0.0,0.065316341817379,coarse_candidate_mid_graph_weak,0.010412993840873241
753,999,0.06518354266881943,0.0,0.06518354266881943,coarse_candidate_mid_graph_weak,0.11659349873661995
1623,2949,0.06517568975687027,0.0,0.06517568975687027,coarse_candidate_mid_graph_weak,0.0
479,2292,0.06512032449245453,0.0,0.06512032449245453,coarse_candidate_mid_graph_weak,0.0
1810,1811,0.06504617631435394,0.0,0.06504617631435394,coarse_candidate_mid_graph_weak,0.00480820843949914
1753,2473,0.06680789589881897,0.000670366978738457,0.06498517758694372,coarse_candidate_mid_graph_weak,0.0245708879083395
2960,3524,0.0649714395403862,0.0,0.0649714395403862,coarse_candidate_mid_graph_weak,0.013738034758716822
586,1020,0.09020497649908066,0.0058325519785285,0.06494662318483825,coarse_candidate_mid_graph_weak,0.020829751156270504
1150,1368,0.07434608787298203,0.0019410877721384168,0.0649403221416854,coarse_candidate_mid_graph_weak,0.015342959435656667
435,2038,0.0649229884147644,0.0,0.0649229884147644,coarse_candidate_mid_graph_weak,0.0
2331,3546,0.06854144483804703,0.0018226889660581946,0.06491525095628821,coarse_candidate_mid_graph_weak,0.03445202857255936
1200,3427,0.06488291919231415,0.0,0.06488291919231415,coarse_candidate_mid_graph_weak,0.005291562061756849
95,3030,0.06485743075609207,0.0,0.06485743075609207,coarse_candidate_mid_graph_weak,0.03343051206320524
448,1658,0.08573847264051437,0.008928691036999226,0.06482490894851427,coarse_candidate_mid_graph_weak,0.03660458559170365
46,1847,0.06480848044157028,0.0,0.06480848044157028,coarse_candidate_mid_graph_weak,0.007549395086243749
1706,2435,0.06476795673370361,0.0,0.06476795673370361,coarse_candidate_mid_graph_weak,0.0
613,615,0.06475413590669632,0.0,0.06475413590669632,coarse_candidate_mid_graph_weak,0.0
1379,1397,0.06697756052017212,0.00316383084282279,0.06470923742846545,coarse_candidate_mid_graph_weak,0.0934195276349783
190,2867,0.06460908055305481,0.0,0.06460908055305481,coarse_candidate_mid_graph_weak,0.0
1373,2347,0.07233322411775589,0.004413057118654251,0.06458081072067397,coarse_candidate_mid_graph_weak,0.04117564857006073
2174,2185,0.06457477807998657,0.0,0.06457477807998657,coarse_candidate_mid_graph_weak,0.06206222251057625
2147,3153,0.07695415616035461,0.003650322323665023,0.06457444913204495,coarse_candidate_mid_graph_weak,0.022690963000059128
3248,3602,0.06449665129184723,0.0,0.06449665129184723,coarse_candidate_mid_graph_weak,0.03289995389059186
498,1315,0.06449325382709503,0.0,0.06449325382709503,coarse_candidate_mid_graph_weak,0.0
399,1799,0.07228107005357742,0.0021681704092770815,0.06442351968485015,coarse_candidate_mid_graph_weak,0.019944851752370596
1466,3194,0.06442046910524368,0.0,0.06442046910524368,coarse_candidate_mid_graph_weak,0.022019646130502224
1675,1986,0.06986917555332184,0.0027259362395852804,0.06438759115440426,coarse_candidate_mid_graph_weak,0.0347452312707901
973,3260,0.06432430446147919,0.0,0.06432430446147919,coarse_candidate_mid_graph_weak,0.003908978367689997
533,613,0.06429736316204071,0.0,0.06429736316204071,coarse_candidate_mid_graph_weak,0.03731611184775829
360,2314,0.08482468873262405,0.007844886742532253,0.06428337744607421,coarse_candidate_mid_graph_weak,0.032395209185779095
2721,3442,0.0642516016960144,0.0,0.0642516016960144,coarse_candidate_mid_graph_weak,0.001861443161033094
2487,3222,0.09178955107927322,0.012922029942274094,0.06419547730895456,coarse_candidate_mid_graph_weak,0.042984132654964924
2000,2001,0.06413858383893967,0.0,0.06413858383893967,coarse_candidate_mid_graph_weak,0.0
2351,2550,0.0641099140048027,0.0,0.0641099140048027,coarse_candidate_mid_graph_weak,0.017468983540311456
3542,3546,0.06410739570856094,0.0,0.06410739570856094,coarse_candidate_mid_graph_weak,0.0
3039,3464,0.0690612643957138,0.0024419163819402456,0.064094841729936,coarse_candidate_mid_graph_weak,0.03395639965310693
357,2710,0.06406869739294052,0.0,0.06406869739294052,coarse_candidate_mid_graph_weak,0.017179261660203338
2861,3344,0.06980982422828674,0.003582469653338194,0.06405248762767371,coarse_candidate_mid_graph_weak,0.04343876242637634
2771,3472,0.06404577940702438,0.0,0.06404577940702438,coarse_candidate_mid_graph_weak,0.03511345246806741
182,3391,0.06404339522123337,0.0,0.06404339522123337,coarse_candidate_mid_graph_weak,0.0
933,1171,0.07205000519752502,0.006387654226273298,0.06396116906634107,coarse_candidate_mid_graph_weak,0.0568970013409853
1390,2194,0.0639403909444809,0.0,0.0639403909444809,coarse_candidate_mid_graph_weak,0.0058313476620242
2183,2197,0.06393726170063019,0.0,0.06393726170063019,coarse_candidate_mid_graph_weak,0.005032556888181716
2799,3635,0.06391704082489014,0.0,0.06391704082489014,coarse_candidate_mid_graph_weak,0.005037109367549419
1792,3453,0.06391139328479767,0.0,0.06391139328479767,coarse_candidate_mid_graph_weak,0.0
78,1977,0.06390442699193954,0.0,0.06390442699193954,coarse_candidate_mid_graph_weak,0.03272361075505614
1269,2355,0.08247893303632736,0.012545274570584297,0.06389291295187327,coarse_candidate_mid_graph_weak,0.055671997368335724
232,2819,0.06387047469615936,0.0,0.06387047469615936,coarse_candidate_mid_graph_weak,0.02768048131838441
1577,1916,0.0638694241642952,0.0,0.0638694241642952,coarse_candidate_mid_graph_weak,0.0
665,3061,0.06384801119565964,0.0,0.06384801119565964,coarse_candidate_mid_graph_weak,0.01996447052806616
1506,1916,0.06382637470960617,0.0,0.06382637470960617,coarse_candidate_mid_graph_weak,0.0
2661,3160,0.06380674242973328,0.0,0.06380674242973328,coarse_candidate_mid_graph_weak,0.0036355569027364254
1841,2977,0.06379880011081696,0.0,0.06379880011081696,coarse_candidate_mid_graph_weak,0.005414587212726474
1435,1900,0.06379435956478119,0.0,0.06379435956478119,coarse_candidate_mid_graph_weak,0.041846610605716705
183,1954,0.0637095719575882,0.0,0.0637095719575882,coarse_candidate_mid_graph_weak,0.026138445362448692
171,259,0.0636613517999649,0.0,0.0636613517999649,coarse_candidate_mid_graph_weak,0.019798416644334793
906,2009,0.0636247918009758,0.0,0.0636247918009758,coarse_candidate_mid_graph_weak,0.0058392989449203014
675,2000,0.06350864470005035,0.0,0.06350864470005035,coarse_candidate_mid_graph_weak,0.008829086320474744
1484,2096,0.06348444521427155,0.0,0.06348444521427155,coarse_candidate_mid_graph_weak,0.0029203647281974554
1770,1913,0.06345395743846893,0.0,0.06345395743846893,coarse_candidate_mid_graph_weak,0.0044462933437898755
726,1658,0.07407727837562561,0.006097843870520592,0.06342083104931194,coarse_candidate_mid_graph_weak,0.04238858073949814
1811,2818,0.06340935826301575,0.0,0.06340935826301575,coarse_candidate_mid_graph_weak,0.004152807989157736
1908,2454,0.06334484368562698,0.0,0.06334484368562698,coarse_candidate_mid_graph_weak,0.015106148086488247
1037,1154,0.06330619007349014,0.0,0.06330619007349014,coarse_candidate_mid_graph_weak,0.02906135655939579
2095,2194,0.0707310289144516,0.004643110558390617,0.06326879693788712,coarse_candidate_mid_graph_weak,0.044009887147694826
370,1179,0.06324853748083115,0.0,0.06324853748083115,coarse_candidate_mid_graph_weak,0.00294590275734663
161,1817,0.06323061883449554,0.0,0.06323061883449554,coarse_candidate_mid_graph_weak,0.0033091841032728553
928,2682,0.06320776790380478,0.0,0.06320776790380478,coarse_candidate_mid_graph_weak,0.019775813445448875
1534,1786,0.10261137783527374,0.00796924252063036,0.06312603267407661,coarse_candidate_mid_graph_weak,0.02070983429439366
614,615,0.06310327351093292,0.0,0.06310327351093292,coarse_candidate_mid_graph_weak,0.005875273724086583
1237,1422,0.06310252100229263,0.0,0.06310252100229263,coarse_candidate_mid_graph_weak,0.004085965629201382
272,309,0.06298010051250458,0.0,0.06298010051250458,coarse_candidate_mid_graph_weak,0.0
1457,1731,0.06292601674795151,0.0,0.06292601674795151,coarse_candidate_mid_graph_weak,0.008447975385934114
1515,1591,0.10432478785514832,0.009491820819675922,0.06289442698269262,coarse_candidate_mid_graph_weak,0.023901124019175768
537,539,0.06284591555595398,0.0,0.06284591555595398,coarse_candidate_mid_graph_weak,0.0024180103791877627
844,2812,0.06281072646379471,0.0,0.06281072646379471,coarse_candidate_mid_graph_weak,0.0016634673229418695
490,1184,0.0627797394990921,0.0,0.0627797394990921,coarse_candidate_mid_graph_weak,0.000959745142608881
36,38,0.0627598986029625,0.0,0.0627598986029625,coarse_candidate_mid_graph_weak,0.02452510455623269
2326,3400,0.06271617859601974,0.0,0.06271617859601974,coarse_candidate_mid_graph_weak,0.028768145013600588
2501,3251,0.07023138552904129,0.00915283802896738,0.0627100685179684,coarse_candidate_mid_graph_weak,0.08546594902873039
1761,3566,0.06266295909881592,0.0,0.06266295909881592,coarse_candidate_mid_graph_weak,0.0
2974,3596,0.0869116559624672,0.015151478350162506,0.0626251154453709,coarse_candidate_mid_graph_weak,0.054220981895923615
265,2377,0.08170291036367416,0.009457048960030079,0.0626136394115227,coarse_candidate_mid_graph_weak,0.04047658108174801
636,2646,0.06259086728096008,0.0,0.06259086728096008,coarse_candidate_mid_graph_weak,0.04532135371118784
469,869,0.06250786036252975,0.0,0.06250786036252975,coarse_candidate_mid_graph_weak,0.0010874532163143158
807,1287,0.062492936849594116,0.0,0.062492936849594116,coarse_candidate_mid_graph_weak,0.013040275778621435
1165,2620,0.062482185661792755,0.0,0.062482185661792755,coarse_candidate_mid_graph_weak,0.017669722670689225
1323,2345,0.07175701856613159,0.0016423927154392004,0.06247418462644919,coarse_candidate_mid_graph_weak,0.012695821700617671
2676,2678,0.07354309409856796,0.006651385687291622,0.06242297274002362,coarse_candidate_mid_graph_weak,0.043989041820168495
1031,2897,0.062367524951696396,0.0,0.062367524951696396,coarse_candidate_mid_graph_weak,0.022530439775437117
1206,2282,0.062311191111803055,0.0,0.062311191111803055,coarse_candidate_mid_graph_weak,0.0037779732956551015
221,1510,0.06230783089995384,0.0,0.06230783089995384,coarse_candidate_mid_graph_weak,0.02737582055851817
578,750,0.06229318305850029,0.0,0.06229318305850029,coarse_candidate_mid_graph_weak,0.002316536847501993
1003,2986,0.06227788329124451,0.0,0.06227788329124451,coarse_candidate_mid_graph_weak,0.0
393,2839,0.0675424113869667,0.005565904546529055,0.06223593652255351,coarse_candidate_mid_graph_weak,0.0708445105701685
1099,2319,0.09220290929079056,0.0015605381922796369,0.0621755488051059,coarse_candidate_mid_graph_weak,0.00479183514835313
2628,3332,0.062164608389139175,0.0,0.062164608389139175,coarse_candidate_mid_graph_weak,0.0
2832,3603,0.06212035194039345,0.0,0.06212035194039345,coarse_candidate_mid_graph_weak,0.006851028883829713
183,3602,0.06203873082995415,0.0,0.06203873082995415,coarse_candidate_mid_graph_weak,0.026138445362448692
91,1542,0.06201357766985893,0.0,0.06201357766985893,coarse_candidate_mid_graph_weak,0.029163312632590532
1077,3323,0.0620119608938694,0.0,0.0620119608938694,coarse_candidate_mid_graph_weak,0.0034405384794808924
485,1048,0.06200367584824562,0.0,0.06200367584824562,coarse_candidate_mid_graph_weak,0.0
189,190,0.06194604933261871,0.0,0.06194604933261871,coarse_candidate_mid_graph_weak,0.0
260,984,0.0619199201464653,0.0,0.0619199201464653,coarse_candidate_mid_graph_weak,0.003287949482910335
542,2585,0.07621531188488007,0.004818864166736603,0.0619156915538928,coarse_candidate_mid_graph_weak,0.025683985091745853
2947,2953,0.06625112146139145,0.003007626160979271,0.06190555873162586,coarse_candidate_mid_graph_weak,0.04585334938019514
2548,3303,0.061898957937955856,0.0,0.061898957937955856,coarse_candidate_mid_graph_weak,0.0
787,1408,0.06182112544775009,0.0,0.06182112544775009,coarse_candidate_mid_graph_weak,0.015809341333806515
716,717,0.09924684464931488,0.009713699109852314,0.061814932760487724,coarse_candidate_mid_graph_weak,0.025754868984222412
1703,3524,0.08694961667060852,0.009572658687829971,0.061788884019367926,coarse_candidate_mid_graph_weak,0.03308087307959795
1518,1583,0.06175864487886429,0.0,0.06175864487886429,coarse_candidate_mid_graph_weak,0.007832427974790335
725,920,0.061728741973638535,0.0,0.061728741973638535,coarse_candidate_mid_graph_weak,0.03434532880783081
540,989,0.061710797250270844,0.0,0.061710797250270844,coarse_candidate_mid_graph_weak,0.03621111810207367
2990,3076,0.06169118359684944,0.0,0.06169118359684944,coarse_candidate_mid_graph_weak,0.005735837854444981
2287,3251,0.061685994267463684,0.0,0.061685994267463684,coarse_candidate_mid_graph_weak,0.0343278250657022
566,819,0.06165226176381111,0.0,0.06165226176381111,coarse_candidate_mid_graph_weak,0.013574901036918163
2554,2977,0.12071149051189423,0.0033430340699851513,0.06162324224829367,coarse_candidate_mid_graph_weak,0.006829490419477224
816,1036,0.06160452216863632,0.0,0.06160452216863632,coarse_candidate_mid_graph_weak,0.00835099199321121
1170,3257,0.06160412356257439,0.0,0.06160412356257439,coarse_candidate_mid_graph_weak,0.013616211945191026
54,2244,0.061580777168273926,0.0,0.061580777168273926,coarse_candidate_mid_graph_weak,0.014327025273814797
1834,2888,0.08983631432056427,0.010229522362351418,0.06156566818523926,coarse_candidate_mid_graph_weak,0.03250660002231598
1310,1452,0.07618936896324158,0.01274135708808899,0.061561628175132097,coarse_candidate_mid_graph_weak,0.06636403873562813
2703,3658,0.07523912936449051,0.006358344107866287,0.061544722973776535,coarse_candidate_mid_graph_weak,0.034933699294924736
1063,1854,0.06154212728142738,0.0,0.06154212728142738,coarse_candidate_mid_graph_weak,0.0032138177193701267
275,1575,0.061476267874240875,0.0,0.061476267874240875,coarse_candidate_mid_graph_weak,0.0
133,1538,0.09755120426416397,0.0031932545825839043,0.061455949288592764,coarse_candidate_mid_graph_weak,0.008630104712210596
627,662,0.08113382011651993,0.0006519963499158621,0.06145042021479853,coarse_candidate_mid_graph_weak,0.0026874907198362052
793,1159,0.0614309087395668,0.0,0.0614309087395668,coarse_candidate_mid_graph_weak,0.03051742957904935
1646,1742,0.06267949193716049,0.0007831621915102005,0.06142162038030846,coarse_candidate_mid_graph_weak,0.03902481775730848
58,2394,0.061347562819719315,0.0,0.061347562819719315,coarse_candidate_mid_graph_weak,0.026542919222265482
1894,2864,0.061272911727428436,0.0,0.061272911727428436,coarse_candidate_mid_graph_weak,0.010199099779129028
1556,2625,0.061246417462825775,0.0,0.061246417462825775,coarse_candidate_mid_graph_weak,0.026640885043889284
2695,3043,0.06120388209819794,0.0,0.06120388209819794,coarse_candidate_mid_graph_weak,0.010785544291138649
2386,2998,0.06119033694267273,0.0,0.06119033694267273,coarse_candidate_mid_graph_weak,0.02789150644093752
638,2696,0.06110967695713043,0.0,0.06110967695713043,coarse_candidate_mid_graph_weak,0.01646556332707405
678,1688,0.06090882793068886,0.0,0.06090882793068886,coarse_candidate_mid_graph_weak,0.0032730993116274476
2254,3393,0.08555319160223007,0.007550779264420271,0.06090567084802632,coarse_candidate_mid_graph_weak,0.026209259405732155
3016,3102,0.07572454959154129,0.003408170538023114,0.06086665123957248,coarse_candidate_mid_graph_weak,0.017370032612234354
2121,2123,0.060851164162158966,0.0,0.060851164162158966,coarse_candidate_mid_graph_weak,0.03982006851583719
1116,2276,0.06084258481860161,0.0,0.06084258481860161,coarse_candidate_mid_graph_weak,0.0
1175,2621,0.06083625555038452,0.0,0.06083625555038452,coarse_candidate_mid_graph_weak,0.010296555235981941
1782,2716,0.06082446128129959,0.0,0.06082446128129959,coarse_candidate_mid_graph_weak,0.0
186,3281,0.06078292429447174,0.0,0.06078292429447174,coarse_candidate_mid_graph_weak,0.04783522989600897
89,3263,0.060753241181373596,0.0,0.060753241181373596,coarse_candidate_mid_graph_weak,0.05015605129301548
415,2436,0.0607282854616642,0.0,0.0607282854616642,coarse_candidate_mid_graph_weak,0.013600811827927828
346,3148,0.06072663515806198,0.0,0.06072663515806198,coarse_candidate_mid_graph_weak,0.004782877396792173
104,1080,0.06068743020296097,0.0,0.06068743020296097,coarse_candidate_mid_graph_weak,0.012730456423014402
3000,3408,0.08191674947738647,0.0036298215854912996,0.06068518542325225,coarse_candidate_mid_graph_weak,0.014004770666360855
1050,2585,0.060653842985630035,0.0,0.060653842985630035,coarse_candidate_mid_graph_weak,0.0021679659839719534
311,3586,0.06059716269373894,0.0,0.06059716269373894,coarse_candidate_mid_graph_weak,0.04540028050541878
141,926,0.0605853796005249,0.0,0.0605853796005249,coarse_candidate_mid_graph_weak,0.02864312333986163
2630,3053,0.060580939054489136,0.0,0.060580939054489136,coarse_candidate_mid_graph_weak,0.0070703832898288965
1963,2787,0.18995241820812225,0.014849871397018433,0.06054591569465119,coarse_candidate_mid_graph_weak,0.021797737572342157
1532,1740,0.06808343529701233,0.005245394539088011,0.060533720335493264,coarse_candidate_mid_graph_weak,0.04730304144322872
652,653,0.06051215901970863,0.0,0.06051215901970863,coarse_candidate_mid_graph_weak,0.006624751375056803
101,3365,0.06543873250484467,0.0038512249011546373,0.06045007560639183,coarse_candidate_mid_graph_weak,0.05051846243441105
62,660,0.06044384837150574,0.0,0.06044384837150574,coarse_candidate_mid_graph_weak,0.04151304066181183
3128,3153,0.06041252613067627,0.0,0.06041252613067627,coarse_candidate_mid_graph_weak,0.015475374180823565
96,2981,0.060402292758226395,0.0,0.060402292758226395,coarse_candidate_mid_graph_weak,0.03258254425600171
84,3336,0.06039063632488251,0.0,0.06039063632488251,coarse_candidate_mid_graph_weak,0.008178347954526544
1217,1225,0.060338571667671204,0.0,0.060338571667671204,coarse_candidate_mid_graph_weak,0.040202838368713856
2545,2758,0.06033504009246826,0.0,0.06033504009246826,coarse_candidate_mid_graph_weak,0.05759165249764919
395,2646,0.060334619134664536,0.0,0.060334619134664536,coarse_candidate_mid_graph_weak,0.007906957645900548
52,3308,0.06033160910010338,0.0,0.06033160910010338,coarse_candidate_mid_graph_weak,0.01713978103362024
1281,1864,0.06032063812017441,0.0,0.06032063812017441,coarse_candidate_mid_graph_weak,0.010594029910862446
260,2363,0.06031710281968117,0.0,0.06031710281968117,coarse_candidate_mid_graph_weak,0.003287949482910335
345,2838,0.08648485690355301,0.01544538140296936,0.06027273732212822,coarse_candidate_mid_graph_weak,0.05096083879470825
3070,3585,0.06024688854813576,0.0,0.06024688854813576,coarse_candidate_mid_graph_weak,0.023077165707945824
1601,2612,0.07299770414829254,0.004002678208053112,0.06024414935170387,coarse_candidate_mid_graph_weak,0.022910186555236578
1745,2374,0.060235489159822464,0.0,0.060235489159822464,coarse_candidate_mid_graph_weak,0.05009319167584181
1864,3256,0.06009841710329056,0.0,0.06009841710329056,coarse_candidate_mid_graph_weak,0.024784069508314133
885,887,0.06008158624172211,0.0,0.06008158624172211,coarse_candidate_mid_graph_weak,0.055796160362660885
1562,2029,0.06007155030965805,0.0,0.06007155030965805,coarse_candidate_mid_graph_weak,0.044875386636704206
1817,3235,0.0600319467484951,0.0,0.0600319467484951,coarse_candidate_mid_graph_weak,0.0
1077,1079,0.06002413481473923,0.0,0.06002413481473923,coarse_candidate_mid_graph_weak,0.0034405384794808924
50,3597,0.05998997762799263,0.0,0.05998997762799263,coarse_candidate_mid_graph_weak,0.017125415615737438
1008,1890,0.05994337052106857,0.0,0.05994337052106857,coarse_candidate_mid_graph_weak,0.023651154711842537
1754,3133,0.05993242189288139,0.0,0.05993242189288139,coarse_candidate_mid_graph_weak,0.008136671036481857
429,3031,0.05991492047905922,0.0,0.05991492047905922,coarse_candidate_mid_graph_weak,0.0
2322,3402,0.059884943068027496,0.0,0.059884943068027496,coarse_candidate_mid_graph_weak,0.014221270568668842
1139,1141,0.05983242392539978,0.0,0.05983242392539978,coarse_candidate_mid_graph_weak,0.007791977841407061
77,2263,0.059750016778707504,0.0,0.059750016778707504,coarse_candidate_mid_graph_weak,0.017762567847967148
743,2671,0.08233106881380081,0.004142869263887405,0.059741240300386356,coarse_candidate_mid_graph_weak,0.015099134296178818
2934,3662,0.0597066804766655,0.0,0.0597066804766655,coarse_candidate_mid_graph_weak,0.016811601584777236
1848,3584,0.06326740235090256,0.0016041032504290342,0.059704642167377094,coarse_candidate_mid_graph_weak,0.02848562365397811
1355,2371,0.13776898384094238,0.0028778493870049715,0.05966106806821818,coarse_candidate_mid_graph_weak,0.005076033354271203
1030,1799,0.05966098979115486,0.0,0.05966098979115486,coarse_candidate_mid_graph_weak,0.0
344,965,0.05965414270758629,0.0,0.05965414270758629,coarse_candidate_mid_graph_weak,0.0
1044,3152,0.059645913541316986,0.0,0.059645913541316986,coarse_candidate_mid_graph_weak,0.0022349232458509505
545,681,0.05960940942168236,0.0,0.05960940942168236,coarse_candidate_mid_graph_weak,0.03275398164987564
1042,2434,0.059606440365314484,0.0,0.059606440365314484,coarse_candidate_mid_graph_weak,0.03712107473984361
1742,1752,0.059546612203121185,0.0,0.059546612203121185,coarse_candidate_mid_graph_weak,0.0
416,879,0.07188068330287933,0.004984350875020027,0.05953633081558858,coarse_candidate_mid_graph_weak,0.029023680835962296
1381,1897,0.0595117062330246,0.0,0.0595117062330246,coarse_candidate_mid_graph_weak,0.0
1315,1317,0.05950568616390228,0.0,0.05950568616390228,coarse_candidate_mid_graph_weak,0.0
1048,1468,0.05949612334370613,0.0,0.05949612334370613,coarse_candidate_mid_graph_weak,0.0
1944,2077,0.12941570580005646,0.01065042708069086,0.05946306019385017,coarse_candidate_mid_graph_weak,0.01970379427075386
572,2570,0.059461452066898346,0.0,0.059461452066898346,coarse_candidate_mid_graph_weak,0.014753984287381172
644,3118,0.05945369228720665,0.0,0.05945369228720665,coarse_candidate_mid_graph_weak,0.0085171889513731
1206,3288,0.059446025639772415,0.0,0.059446025639772415,coarse_candidate_mid_graph_weak,0.0037779732956551015
942,1325,0.05943065136671066,0.0,0.05943065136671066,coarse_candidate_mid_graph_weak,0.0
269,2147,0.05936824902892113,0.0,0.05936824902892113,coarse_candidate_mid_graph_weak,0.04784567002207041
322,980,0.05936725065112114,0.0,0.05936725065112114,coarse_candidate_mid_graph_weak,0.0
558,3284,0.05935715511441231,0.0,0.05935715511441231,coarse_candidate_mid_graph_weak,0.016744282096624374
814,1166,0.05934567004442215,0.0,0.05934567004442215,coarse_candidate_mid_graph_weak,0.025455494411289692
2410,3643,0.05934158340096474,0.0,0.05934158340096474,coarse_candidate_mid_graph_weak,0.02896393183618784
1851,3367,0.059337444603443146,0.0,0.059337444603443146,coarse_candidate_mid_graph_weak,0.017915337346494198
47,2441,0.06677161902189255,0.0027646974194794893,0.05932292982153774,coarse_candidate_mid_graph_weak,0.024783330038189888
2960,3332,0.0791226401925087,0.0034439372830092907,0.059287677239295004,coarse_candidate_mid_graph_weak,0.013738034758716822
94,2818,0.05923496559262276,0.0,0.05923496559262276,coarse_candidate_mid_graph_weak,0.014641496818512678
483,484,0.05923423916101456,0.0,0.05923423916101456,coarse_candidate_mid_graph_weak,0.00200565776322037
295,1710,0.08232352137565613,0.01031073834747076,0.05923303212741909,coarse_candidate_mid_graph_weak,0.03676042892038822
3456,3586,0.05922119691967964,0.0,0.05922119691967964,coarse_candidate_mid_graph_weak,0.009226471651345491
2392,3206,0.05921013653278351,0.0,0.05921013653278351,coarse_candidate_mid_graph_weak,0.012113558128476143
299,1356,0.05920877307653427,0.0,0.05920877307653427,coarse_candidate_mid_graph_weak,0.002905441098846495
178,936,0.05919336527585983,0.0,0.05919336527585983,coarse_candidate_mid_graph_weak,0.015008130576461554
1805,2985,0.059141967445611954,0.0,0.059141967445611954,coarse_candidate_mid_graph_weak,0.028254730626940727
1956,3621,0.06416723132133484,0.003786121727898717,0.05913946747716191,coarse_candidate_mid_graph_weak,0.04832067620009184
198,2049,0.07310362160205841,0.005485447123646736,0.05913137495134126,coarse_candidate_mid_graph_weak,0.02870018407702446
292,1544,0.05913099646568298,0.0,0.05913099646568298,coarse_candidate_mid_graph_weak,0.023757419548928738
593,3395,0.07047664374113083,0.006325329653918743,0.059129212238020465,coarse_candidate_mid_graph_weak,0.03928536642342806
1021,1997,0.06519227474927902,0.0013710729544982314,0.059124927932367066,coarse_candidate_mid_graph_weak,0.014731870032846928
2157,3655,0.0710163414478302,0.005961189512163401,0.05911242434705259,coarse_candidate_mid_graph_weak,0.03556324075907469
1699,2983,0.05910106748342514,0.0,0.05910106748342514,coarse_candidate_mid_graph_weak,0.01532430062070489
338,1895,0.10051917284727097,0.014256763271987438,0.05909221715609925,coarse_candidate_mid_graph_weak,0.034592888318002224
166,1445,0.05907364934682846,0.0,0.05907364934682846,coarse_candidate_mid_graph_weak,0.00601731869392097
1116,1282,0.059061430394649506,0.0,0.059061430394649506,coarse_candidate_mid_graph_weak,0.0
203,713,0.05901264026761055,0.0,0.05901264026761055,coarse_candidate_mid_graph_weak,0.009264239575713873
2355,2988,0.06977366656064987,0.007395375985652208,0.05900738024702224,coarse_candidate_mid_graph_weak,0.0479276217520237
1136,1439,0.05900641903281212,0.0,0.05900641903281212,coarse_candidate_mid_graph_weak,0.005692355800420046
1285,2635,0.05897935852408409,0.0,0.05897935852408409,coarse_candidate_mid_graph_weak,0.02373192785307765
2906,3004,0.058978185057640076,0.0,0.058978185057640076,coarse_candidate_mid_graph_weak,0.03376269107684493
2409,3643,0.058974143117666245,0.0,0.058974143117666245,coarse_candidate_mid_graph_weak,0.042794022243469954
227,228,0.05886867642402649,0.0,0.05886867642402649,coarse_candidate_mid_graph_weak,0.006691160495392978
938,3366,0.05885060876607895,0.0,0.05885060876607895,coarse_candidate_mid_graph_weak,0.009670413797721267
530,1280,0.05882048234343529,0.0,0.05882048234343529,coarse_candidate_mid_graph_weak,0.007430869387462735
1545,1636,0.05880863219499588,0.0,0.05880863219499588,coarse_candidate_mid_graph_weak,0.04174048826098442
505,1612,0.05878322571516037,0.0,0.05878322571516037,coarse_candidate_mid_graph_weak,0.005696676264051348
905,1382,0.058767929673194885,0.0,0.058767929673194885,coarse_candidate_mid_graph_weak,0.0019838225562125444
147,1716,0.09171950817108154,0.006316945422440767,0.0587485825222257,coarse_candidate_mid_graph_weak,0.01757266791537404
9,1027,0.05873550474643707,0.0,0.05873550474643707,coarse_candidate_mid_graph_weak,0.0011682430340442806
251,1485,0.058726321905851364,0.0,0.058726321905851364,coarse_candidate_mid_graph_weak,0.0068834987469017506
1639,1641,0.05865631252527237,0.0,0.05865631252527237,coarse_candidate_mid_graph_weak,0.01932786963880062
441,665,0.058639317750930786,0.0,0.058639317750930786,coarse_candidate_mid_graph_weak,0.003282272140495479
1868,3575,0.18968984484672546,0.004033572971820831,0.0586345600633209,coarse_candidate_mid_graph_weak,0.005838206619955599
226,2948,0.058624569326639175,0.0,0.058624569326639175,coarse_candidate_mid_graph_weak,0.024354444351047277
1318,2116,0.05861874669790268,0.0,0.05861874669790268,coarse_candidate_mid_graph_weak,0.007001333171501756
944,2111,0.10657583177089691,0.012055923230946064,0.058614226020767705,coarse_candidate_mid_graph_weak,0.02678955439478159
1506,2699,0.058612797409296036,0.0,0.058612797409296036,coarse_candidate_mid_graph_weak,0.0
352,827,0.05859933793544769,0.0,0.05859933793544769,coarse_candidate_mid_graph_weak,0.03191591100767255
804,1657,0.09971534460783005,0.024791056290268898,0.05855005964022248,coarse_candidate_mid_graph_weak,0.06005178205668926
275,2162,0.05854291468858719,0.0,0.05854291468858719,coarse_candidate_mid_graph_weak,0.0
496,3570,0.08043114095926285,0.026303807273507118,0.05848165342562773,coarse_candidate_mid_graph_weak,0.09638699889183044
2902,3171,0.05848145857453346,0.0,0.05848145857453346,coarse_candidate_mid_graph_weak,0.012234620749950409
1402,2924,0.1350547820329666,0.12780576944351196,0.058457464505201805,coarse_candidate_mid_graph_weak,0.2253444492816925
758,3403,0.058434270322322845,0.0,0.058434270322322845,coarse_candidate_mid_graph_weak,0.0392186576500535
2116,2122,0.09219291061162949,0.006577987689524889,0.058391272365779394,coarse_candidate_mid_graph_weak,0.01794125558808446
360,2408,0.05835830420255661,0.0,0.05835830420255661,coarse_candidate_mid_graph_weak,0.032395209185779095
1666,2604,0.05831152945756912,0.0,0.05831152945756912,coarse_candidate_mid_graph_weak,0.00013343046884983778
2037,3141,0.05827423185110092,0.0,0.05827423185110092,coarse_candidate_mid_graph_weak,0.004805224249139428
388,3326,0.0711219534277916,0.0068509564734995365,0.0582540022236638,coarse_candidate_mid_graph_weak,0.0378656554967165
1431,3125,0.05824221298098564,0.0,0.05824221298098564,coarse_candidate_mid_graph_weak,0.00286146835424006
1920,2001,0.058208320289850235,0.0,0.058208320289850235,coarse_candidate_mid_graph_weak,0.001835930859670043
1742,2397,0.05818324536085129,0.0,0.05818324536085129,coarse_candidate_mid_graph_weak,0.0
689,1396,0.07578639686107635,0.0057207015343010426,0.058148082624120793,coarse_candidate_mid_graph_weak,0.024580090306699276
477,1299,0.0581081286072731,0.0,0.0581081286072731,coarse_candidate_mid_graph_weak,0.036587403155863285
1116,2868,0.05809369310736656,0.0,0.05809369310736656,coarse_candidate_mid_graph_weak,0.0
533,645,0.05806451663374901,0.0,0.05806451663374901,coarse_candidate_mid_graph_weak,0.03731611184775829
3027,3394,0.058038532733917236,0.0,0.058038532733917236,coarse_candidate_mid_graph_weak,0.03786083031445742
2419,2750,0.058037616312503815,0.0,0.058037616312503815,coarse_candidate_mid_graph_weak,0.03123408416286111
383,384,0.05802792310714722,0.0,0.05802792310714722,coarse_candidate_mid_graph_weak,0.0009649807470850646
528,717,0.05801672488451004,0.0,0.05801672488451004,coarse_candidate_mid_graph_weak,0.0112070981413126
655,1161,0.05787406489253044,0.0,0.05787406489253044,coarse_candidate_mid_graph_weak,0.009136666543781757
241,1012,0.12086763978004456,0.015986327081918716,0.057834089915567224,coarse_candidate_mid_graph_weak,0.03065398707985878
267,293,0.0578048937022686,0.0,0.0578048937022686,coarse_candidate_mid_graph_weak,0.019234536681324244
1160,3244,0.057802289724349976,0.0,0.057802289724349976,coarse_candidate_mid_graph_weak,0.0031598653877153993
1746,2229,0.05779450386762619,0.0,0.05779450386762619,coarse_candidate_mid_graph_weak,0.0020907443831674755
130,3410,0.0577910877764225,0.0,0.0577910877764225,coarse_candidate_mid_graph_weak,0.017849622759968042
2298,3054,0.057756565511226654,0.0,0.057756565511226654,coarse_candidate_mid_graph_weak,0.003199937171302736
1410,2867,0.1258772909641266,0.011274141259491444,0.057750644445905414,coarse_candidate_mid_graph_weak,0.02083117887377739
1516,1701,0.05774065479636192,0.0,0.05774065479636192,coarse_candidate_mid_graph_weak,0.004503643722273409
2192,3685,0.07564053684473038,0.003054068423807621,0.05770831533859786,coarse_candidate_mid_graph_weak,0.01288247387856245
1264,2712,0.0577080212533474,0.0,0.0577080212533474,coarse_candidate_mid_graph_weak,0.0
313,1391,0.0577080175280571,0.0,0.0577080175280571,coarse_candidate_mid_graph_weak,0.018220671452581882
3129,3320,0.05770603194832802,0.0,0.05770603194832802,coarse_candidate_mid_graph_weak,0.013131387066096067
809,1838,0.05768393725156784,0.0,0.05768393725156784,coarse_candidate_mid_graph_weak,0.036747406236827374
867,1810,0.05762956291437149,0.0,0.05762956291437149,coarse_candidate_mid_graph_weak,0.0
2563,3523,0.05759597569704056,0.0,0.05759597569704056,coarse_candidate_mid_graph_weak,0.015039928490296006
226,3189,0.05758344382047653,0.0,0.05758344382047653,coarse_candidate_mid_graph_weak,0.024354444351047277
611,1347,0.05757804587483406,0.0,0.05757804587483406,coarse_candidate_mid_graph_weak,0.0
1960,3236,0.11802882701158524,0.016504798084497452,0.05756873924532839,coarse_candidate_mid_graph_weak,0.03222029656171799
1794,3441,0.12583066523075104,0.005201157182455063,0.057522692649804634,coarse_candidate_mid_graph_weak,0.00958109344355762
1432,1806,0.0574975460767746,0.0,0.0574975460767746,coarse_candidate_mid_graph_weak,0.039809235371649265
834,887,0.05746089667081833,0.0,0.05746089667081833,coarse_candidate_mid_graph_weak,0.0
495,3437,0.05743389204144478,0.0,0.05743389204144478,coarse_candidate_mid_graph_weak,0.02105969050899148
1556,1964,0.07160255312919617,0.00527825066819787,0.05741622924107362,coarse_candidate_mid_graph_weak,0.026640885043889284
0,2,0.05740697309374809,0.0,0.05740697309374809,coarse_candidate_mid_graph_weak,0.010235836263746023
1429,2269,0.057396408170461655,0.0,0.057396408170461655,coarse_candidate_mid_graph_weak,0.002335802942980081
620,3138,0.07260873913764954,0.009111226536333561,0.05735812320150593,coarse_candidate_mid_graph_weak,0.043378882110118866
999,2006,0.05734597146511078,0.0,0.05734597146511078,coarse_candidate_mid_graph_weak,0.0
983,2179,0.0638044998049736,0.006444665603339672,0.057330055346016054,coarse_candidate_mid_graph_weak,0.06351103447377682
555,791,0.05731318145990372,0.0,0.05731318145990372,coarse_candidate_mid_graph_weak,0.03613806329667568
959,1288,0.05729180946946144,0.0,0.05729180946946144,coarse_candidate_mid_graph_weak,0.02063040342181921
85,745,0.05729169771075249,0.0,0.05729169771075249,coarse_candidate_mid_graph_weak,0.018438382307067513
147,2605,0.05727655068039894,0.0,0.05727655068039894,coarse_candidate_mid_graph_weak,0.01757266791537404
607,1813,0.05725061148405075,0.0,0.05725061148405075,coarse_candidate_mid_graph_weak,0.026435853447765112
38,997,0.057234883308410645,0.0,0.057234883308410645,coarse_candidate_mid_graph_weak,0.0023758570896461606
1454,2105,0.057162296026945114,0.0,0.057162296026945114,coarse_candidate_mid_graph_weak,0.03175712563097477
69,154,0.057150792330503464,0.0,0.057150792330503464,coarse_candidate_mid_graph_weak,0.003653338411822915
1345,2710,0.06521772593259811,0.007879631593823433,0.05714920025171246,coarse_candidate_mid_graph_weak,0.06369089893996716
1549,1687,0.05714588612318039,0.0,0.05714588612318039,coarse_candidate_mid_graph_weak,0.026139984373003244
718,901,0.06291302293539047,0.0021591170225292444,0.05712750800063669,coarse_candidate_mid_graph_weak,0.02347873616963625
931,2588,0.07669489830732346,0.002800843445584178,0.05712137503257875,coarse_candidate_mid_graph_weak,0.010974539443850517
41,182,0.05711708590388298,0.0,0.05711708590388298,coarse_candidate_mid_graph_weak,0.07643108814954758
800,2434,0.06230614334344864,0.002384943887591362,0.05702756894958413,coarse_candidate_mid_graph_weak,0.028150906786322594
98,586,0.05698300898075104,0.0,0.05698300898075104,coarse_candidate_mid_graph_weak,0.011917203664779663
207,3143,0.06824734061956406,0.005628995131701231,0.056901905692819714,coarse_candidate_mid_graph_weak,0.03386066295206547
861,2687,0.056875914335250854,0.0,0.056875914335250854,coarse_candidate_mid_graph_weak,0.02941575739532709
689,1102,0.05687469244003296,0.0,0.05687469244003296,coarse_candidate_mid_graph_weak,0.024580090306699276
1045,1071,0.056867897510528564,0.0,0.056867897510528564,coarse_candidate_mid_graph_weak,0.0
656,2536,0.061857033520936966,0.0021557416766881943,0.056866213674501696,coarse_candidate_mid_graph_weak,0.026718613225966692
2014,3230,0.05686397850513458,0.0,0.05686397850513458,coarse_candidate_mid_graph_weak,0.0037257408257573843
1732,2282,0.10838628560304642,0.008790846914052963,0.05682337900720104,coarse_candidate_mid_graph_weak,0.018478540237993002
308,550,0.0568135529756546,0.0,0.0568135529756546,coarse_candidate_mid_graph_weak,0.002276572398841381
611,613,0.05679314211010933,0.0,0.05679314211010933,coarse_candidate_mid_graph_weak,0.0
465,3303,0.05677701532840729,0.0,0.05677701532840729,coarse_candidate_mid_graph_weak,0.0
2667,2702,0.056750670075416565,0.0,0.056750670075416565,coarse_candidate_mid_graph_weak,0.03667494095861912
2079,3194,0.14366896450519562,0.002555866027250886,0.056744189895304595,coarse_candidate_mid_graph_weak,0.004224326461553574
1338,1340,0.06494428217411041,0.0026885848492383957,0.05672095972226256,coarse_candidate_mid_graph_weak,0.021233292762190104
694,743,0.05669181048870087,0.0,0.05669181048870087,coarse_candidate_mid_graph_weak,0.0024863550206646323
25,1059,0.05668845400214195,0.0,0.05668845400214195,coarse_candidate_mid_graph_weak,0.025340475142002106
228,1231,0.0566587820649147,0.0,0.0566587820649147,coarse_candidate_mid_graph_weak,0.0
857,1609,0.07027889043092728,0.007830693386495113,0.05665393461177578,coarse_candidate_mid_graph_weak,0.040391502901911736
1484,2632,0.0566277951002121,0.0,0.0566277951002121,coarse_candidate_mid_graph_weak,0.0029203647281974554
673,1943,0.056626271456480026,0.0,0.056626271456480026,coarse_candidate_mid_graph_weak,0.006096219760365784
182,1136,0.05658397078514099,0.0,0.05658397078514099,coarse_candidate_mid_graph_weak,0.0
1141,1977,0.056583333760499954,0.0,0.056583333760499954,coarse_candidate_mid_graph_weak,0.0
295,2642,0.06952021270990372,0.006841006223112345,0.05658270839485552,coarse_candidate_mid_graph_weak,0.03676042892038822
504,861,0.056565187871456146,0.0,0.056565187871456146,coarse_candidate_mid_graph_weak,0.05027562007308006
1159,1622,0.056523166596889496,0.0,0.056523166596889496,coarse_candidate_mid_graph_weak,0.0
2684,2747,0.05652056634426117,0.0,0.05652056634426117,coarse_candidate_mid_graph_weak,0.006127054337412119
144,1281,0.056518685072660446,0.0,0.056518685072660446,coarse_candidate_mid_graph_weak,0.008178199641406536
1889,3478,0.05650351569056511,0.0,0.05650351569056511,coarse_candidate_mid_graph_weak,0.010019136592745781
2868,2869,0.05646804720163345,0.0,0.05646804720163345,coarse_candidate_mid_graph_weak,0.0010874343279283494
1581,1582,0.09384936839342117,0.001983822323381901,0.05644132417238246,coarse_candidate_mid_graph_weak,0.004977017000783235
1955,2322,0.07025931030511856,0.011715075001120567,0.05643855985552385,coarse_candidate_mid_graph_weak,0.05955487675964832
2057,3309,0.05643526837229729,0.0,0.05643526837229729,coarse_candidate_mid_graph_weak,0.0321367122232914
3477,3494,0.05643044784665108,0.0,0.05643044784665108,coarse_candidate_mid_graph_weak,0.0
1276,3104,0.056423369795084,0.0,0.056423369795084,coarse_candidate_mid_graph_weak,0.0
809,1183,0.0564204677939415,0.0,0.0564204677939415,coarse_candidate_mid_graph_weak,0.036747406236827374
703,3391,0.07949551194906235,0.012067626230418682,0.0564121373929043,coarse_candidate_mid_graph_weak,0.04155900701880455
2480,2515,0.05639607459306717,0.0,0.05639607459306717,coarse_candidate_mid_graph_weak,0.021896834950894117
980,1164,0.05638611316680908,0.0,0.05638611316680908,coarse_candidate_mid_graph_weak,0.017737972550094128
2158,3432,0.0917445719242096,0.012181133031845093,0.05637526420828738,coarse_candidate_mid_graph_weak,0.03159668389707804
586,866,0.056350599974393845,0.0,0.056350599974393845,coarse_candidate_mid_graph_weak,0.020829751156270504
2061,2334,0.08151925355195999,0.0065979380160570145,0.05628857034677712,coarse_candidate_mid_graph_weak,0.02131765428930521
1477,1509,0.056282661855220795,0.0,0.056282661855220795,coarse_candidate_mid_graph_weak,0.023509657941758633
1415,2574,0.056265175342559814,0.0,0.056265175342559814,coarse_candidate_mid_graph_weak,0.02629195898771286
981,2245,0.0562506727874279,0.0,0.0562506727874279,coarse_candidate_mid_graph_weak,0.007983787218108773
53,721,0.06308302283287048,0.005642327480018139,0.0562332934906725,coarse_candidate_mid_graph_weak,0.05196337774395943
1659,2270,0.06691279262304306,0.005500133149325848,0.05619230183306217,coarse_candidate_mid_graph_weak,0.03432951681315899
220,588,0.05618968605995178,0.0,0.05618968605995178,coarse_candidate_mid_graph_weak,0.0355257261544466
206,2598,0.056142766028642654,0.0,0.056142766028642654,coarse_candidate_mid_graph_weak,0.021281914319843054
1149,1151,0.05612022429704666,0.0,0.05612022429704666,coarse_candidate_mid_graph_weak,0.00786328874528408
331,1971,0.05609670281410217,0.0,0.05609670281410217,coarse_candidate_mid_graph_weak,0.023005285765975714
394,711,0.056088510900735855,0.0,0.056088510900735855,coarse_candidate_mid_graph_weak,0.019552113488316536
534,1364,0.06070512533187866,0.003250908339396119,0.05605205065100508,coarse_candidate_mid_graph_weak,0.04241212783381343
3031,3566,0.13806793093681335,0.004513895604759455,0.05602053338728381,coarse_candidate_mid_graph_weak,0.007595904869958758
770,2670,0.05601232871413231,0.0,0.05601232871413231,coarse_candidate_mid_graph_weak,0.023209246806800365
2078,3011,0.05599922314286232,0.0,0.05599922314286232,coarse_candidate_mid_graph_weak,0.00079872872447595
758,1308,0.0559731125831604,0.0,0.0559731125831604,coarse_candidate_mid_graph_weak,0.0392186576500535
1509,3218,0.05595957115292549,0.0,0.05595957115292549,coarse_candidate_mid_graph_weak,0.0
1176,3596,0.06023818626999855,0.00472108181566,0.0558874559884086,coarse_candidate_mid_graph_weak,0.06536590121686459
401,3148,0.09220147132873535,0.00297190947458148,0.05580311323374774,coarse_candidate_mid_graph_weak,0.007528208428993821
30,2761,0.05579807236790657,0.0,0.05579807236790657,coarse_candidate_mid_graph_weak,0.010984878055751324
40,2796,0.0557924248278141,0.0,0.0557924248278141,coarse_candidate_mid_graph_weak,0.0163066484965384
1298,3373,0.05574854090809822,0.0,0.05574854090809822,coarse_candidate_mid_graph_weak,0.0020661611342802644
611,612,0.055689726024866104,0.0,0.055689726024866104,coarse_candidate_mid_graph_weak,0.0
1815,3463,0.05567551031708717,0.0,0.05567551031708717,coarse_candidate_mid_graph_weak,0.004688275163061917
326,2306,0.08271746337413788,0.008615795522928238,0.05566928307145287,coarse_candidate_mid_graph_weak,0.0263484176248312
1492,2341,0.12834735214710236,0.019317256286740303,0.05566160554172954,coarse_candidate_mid_graph_weak,0.03411010839045048
942,3495,0.055661413818597794,0.0,0.055661413818597794,coarse_candidate_mid_graph_weak,0.0
2513,3216,0.05565950646996498,0.0,0.05565950646996498,coarse_candidate_mid_graph_weak,0.021080386359244585
1482,3279,0.05561928451061249,0.0,0.05561928451061249,coarse_candidate_mid_graph_weak,0.031018314883112907
1628,2789,0.055602699518203735,0.0,0.055602699518203735,coarse_candidate_mid_graph_weak,0.0
1201,3047,0.055560238659381866,0.0,0.055560238659381866,coarse_candidate_mid_graph_weak,0.03166311280801892
20,1395,0.055550478398799896,0.0,0.055550478398799896,coarse_candidate_mid_graph_weak,0.008630718220956624
450,2370,0.05552666261792183,0.0,0.05552666261792183,coarse_candidate_mid_graph_weak,0.01674252888187766
2360,2502,0.05551827698945999,0.0,0.05551827698945999,coarse_candidate_mid_graph_weak,0.01137181045487523
539,937,0.05550623685121536,0.0,0.05550623685121536,coarse_candidate_mid_graph_weak,0.0
2628,3002,0.05549684539437294,0.0,0.05549684539437294,coarse_candidate_mid_graph_weak,0.0
2986,2987,0.05544591322541237,0.0,0.05544591322541237,coarse_candidate_mid_graph_weak,0.0017033653566613793
18,3033,0.05543871223926544,0.0,0.05543871223926544,coarse_candidate_mid_graph_weak,0.0
886,2465,0.05543020740151405,0.0,0.05543020740151405,coarse_candidate_mid_graph_weak,0.002888724615331739
769,2888,0.055422309786081314,0.0,0.055422309786081314,coarse_candidate_mid_graph_weak,0.017673414200544357
208,684,0.05539236217737198,0.0,0.05539236217737198,coarse_candidate_mid_graph_weak,0.0
1434,2334,0.06683739274740219,0.006545370444655418,0.05538937871463127,coarse_candidate_mid_graph_weak,0.03821409493684769
215,2374,0.05532563105225563,0.0,0.05532563105225563,coarse_candidate_mid_graph_weak,0.027057616971433163
1765,1840,0.05530225485563278,0.0,0.05530225485563278,coarse_candidate_mid_graph_weak,0.0
1881,3206,0.08137359470129013,0.009944449178874493,0.05529506389934156,coarse_candidate_mid_graph_weak,0.031029952690005302
1182,2723,0.055270738899707794,0.0,0.055270738899707794,coarse_candidate_mid_graph_weak,0.02613266371190548
137,1168,0.14688190817832947,0.0039083403535187244,0.05525494179864413,coarse_candidate_mid_graph_weak,0.006265235133469105
1137,2703,0.05782243236899376,0.0010826215147972107,0.055151434362071206,coarse_candidate_mid_graph_weak,0.023436861112713814
1453,1692,0.06192202866077423,0.004176723305135965,0.055148768402531294,coarse_candidate_mid_graph_weak,0.0381841491907835
234,235,0.05514628067612648,0.0,0.05514628067612648,coarse_candidate_mid_graph_weak,0.0
909,936,0.055131446570158005,0.0,0.055131446570158005,coarse_candidate_mid_graph_weak,0.01564522529952228
398,2275,0.05511917173862457,0.0,0.05511917173862457,coarse_candidate_mid_graph_weak,0.028022521641105413
409,880,0.05511246994137764,0.0,0.05511246994137764,coarse_candidate_mid_graph_weak,0.0
526,575,0.055109892040491104,0.0,0.055109892040491104,coarse_candidate_mid_graph_weak,0.0
296,3021,0.055079586803913116,0.0,0.055079586803913116,coarse_candidate_mid_graph_weak,0.03570286789909005
614,616,0.05504646897315979,0.0,0.05504646897315979,coarse_candidate_mid_graph_weak,0.005875273724086583
217,2863,0.055043380707502365,0.0,0.055043380707502365,coarse_candidate_mid_graph_weak,0.013695038156583905
1773,1775,0.05502630025148392,0.0,0.05502630025148392,coarse_candidate_mid_graph_weak,0.03599975910037756
435,1123,0.0550236776471138,0.0,0.0550236776471138,coarse_candidate_mid_graph_weak,0.0
3084,3329,0.055023130029439926,0.0,0.055023130029439926,coarse_candidate_mid_graph_weak,0.016978097846731544
2357,3402,0.07656022161245346,0.017476791515946388,0.055008436965558266,coarse_candidate_mid_graph_weak,0.06208427995443344
2466,2541,0.05499991029500961,0.0,0.05499991029500961,coarse_candidate_mid_graph_weak,0.0
145,2217,0.14725176990032196,0.012368469499051571,0.05499938962396692,coarse_candidate_mid_graph_weak,0.019742352655157447
3445,3614,0.060836561024188995,0.003628883510828018,0.05495587200541075,coarse_candidate_mid_graph_weak,0.03754131402820349
1880,1881,0.07637174427509308,0.009531090036034584,0.054930152126451914,coarse_candidate_mid_graph_weak,0.03394831717014313
90,624,0.05490175262093544,0.0,0.05490175262093544,coarse_candidate_mid_graph_weak,0.03147153276950121
540,1557,0.05487269163131714,0.0,0.05487269163131714,coarse_candidate_mid_graph_weak,0.03621111810207367
2208,2396,0.05480290576815605,0.0,0.05480290576815605,coarse_candidate_mid_graph_weak,0.0
4,908,0.06055165082216263,0.002161232754588127,0.054731933885260965,coarse_candidate_mid_graph_weak,0.02248669695109129
431,1503,0.054727546870708466,0.0,0.054727546870708466,coarse_candidate_mid_graph_weak,0.007476355764083564
1159,1161,0.05469070374965668,0.0,0.05469070374965668,coarse_candidate_mid_graph_weak,0.0
801,1320,0.05467786267399788,0.0,0.05467786267399788,coarse_candidate_mid_graph_weak,0.027248733676970005
2255,2390,0.05463346093893051,0.0,0.05463346093893051,coarse_candidate_mid_graph_weak,0.0
339,673,0.054577089846134186,0.0,0.054577089846134186,coarse_candidate_mid_graph_weak,0.0316120982170105
640,1147,0.05453796684741974,0.0,0.05453796684741974,coarse_candidate_mid_graph_weak,0.021499844267964363
734,3515,0.05453081801533699,0.0,0.05453081801533699,coarse_candidate_mid_graph_weak,0.015181586379185319
3231,3516,0.054497119039297104,0.0,0.054497119039297104,coarse_candidate_mid_graph_weak,0.006244214251637459
2400,2923,0.1183098554611206,0.008679211139678955,0.054408527751239444,coarse_candidate_mid_graph_weak,0.016069090459495783
1115,2381,0.05439488962292671,0.0,0.05439488962292671,coarse_candidate_mid_graph_weak,0.0031965411035344005
1132,1365,0.05437407270073891,0.0,0.05437407270073891,coarse_candidate_mid_graph_weak,0.05350542068481445
90,2132,0.054369110614061356,0.0,0.054369110614061356,coarse_candidate_mid_graph_weak,0.03147153276950121
2161,3471,0.05435361713171005,0.0,0.05435361713171005,coarse_candidate_mid_graph_weak,0.016814814414829016
1622,1624,0.05426844209432602,0.0,0.05426844209432602,coarse_candidate_mid_graph_weak,0.0
1416,1417,0.05423857644200325,0.0,0.05423857644200325,coarse_candidate_mid_graph_weak,0.008329424075782299
1939,2253,0.0542229600250721,0.0,0.0542229600250721,coarse_candidate_mid_graph_weak,0.0
2825,3156,0.14729808270931244,0.0384867861866951,0.054191421471719785,coarse_candidate_mid_graph_weak,0.06088747829198837
1927,2811,0.05416872352361679,0.0,0.05416872352361679,coarse_candidate_mid_graph_weak,0.0502080237492919
816,2428,0.1390230357646942,0.005097311455756426,0.05416560644450203,coarse_candidate_mid_graph_weak,0.00835099199321121
322,2883,0.05414162948727608,0.0,0.05414162948727608,coarse_candidate_mid_graph_weak,0.0
1500,1705,0.054123103618621826,0.0,0.054123103618621826,coarse_candidate_mid_graph_weak,0.0019392624380998313
2659,3624,0.05672340467572212,0.0017213159007951617,0.05409868957857809,coarse_candidate_mid_graph_weak,0.03719980828464031
1717,3124,0.10787015408277512,0.004727439023554325,0.05409853876403947,coarse_candidate_mid_graph_weak,0.009483620175160468
1702,2761,0.05409291014075279,0.0,0.05409291014075279,coarse_candidate_mid_graph_weak,0.009067734004929662
2429,3045,0.0703534185886383,0.007949113845825195,0.05396983777160411,coarse_candidate_mid_graph_weak,0.03413462173193693
2747,3541,0.05391748994588852,0.0,0.05391748994588852,coarse_candidate_mid_graph_weak,0.014308000914752483
404,407,0.053910624235868454,0.0,0.053910624235868454,coarse_candidate_mid_graph_weak,0.0
1562,3359,0.05390775948762894,0.0,0.05390775948762894,coarse_candidate_mid_graph_weak,0.044875386636704206
2979,3133,0.061654578894376755,0.007972798310220242,0.05389871505202734,coarse_candidate_mid_graph_weak,0.063379080966115
1898,2832,0.05389770492911339,0.0,0.05389770492911339,coarse_candidate_mid_graph_weak,0.010412993840873241
274,2150,0.053894586861133575,0.0,0.053894586861133575,coarse_candidate_mid_graph_weak,0.037043354008346796
941,1172,0.08427580446004868,0.0019029479008167982,0.0538774485106982,coarse_candidate_mid_graph_weak,0.005275695351883769
2163,2191,0.057341065257787704,0.003793715499341488,0.05385062567200014,coarse_candidate_mid_graph_weak,0.06232329271733761
2944,2963,0.12055253982543945,0.012696315534412861,0.05384005420109582,coarse_candidate_mid_graph_weak,0.02294282801449299
46,297,0.053833961486816406,0.0,0.053833961486816406,coarse_candidate_mid_graph_weak,0.007549395086243749
76,996,0.05381346866488457,0.0,0.05381346866488457,coarse_candidate_mid_graph_weak,0.024054278153926134
1841,2409,0.05378444865345955,0.0,0.05378444865345955,coarse_candidate_mid_graph_weak,0.005414587212726474
815,2550,0.05377066507935524,0.0,0.05377066507935524,coarse_candidate_mid_graph_weak,0.002910789451561868
118,2395,0.053764838725328445,0.0,0.053764838725328445,coarse_candidate_mid_graph_weak,0.03714470844715834
640,1143,0.0537615604698658,0.0,0.0537615604698658,coarse_candidate_mid_graph_weak,0.021499844267964363
2735,2969,0.1527635008096695,0.018913784995675087,0.053743387052106704,coarse_candidate_mid_graph_weak,0.029179283883422613
297,1507,0.05374130606651306,0.0,0.05374130606651306,coarse_candidate_mid_graph_weak,0.022623656317591667
1738,2055,0.05371980369091034,0.0,0.05371980369091034,coarse_candidate_mid_graph_weak,0.005658898036926985
1299,1580,0.0537099651992321,0.0,0.0537099651992321,coarse_candidate_mid_graph_weak,0.0
737,1695,0.053707074373960495,0.0,0.053707074373960495,coarse_candidate_mid_graph_weak,0.04173339158296585
738,1104,0.053661100566387177,0.0,0.053661100566387177,coarse_candidate_mid_graph_weak,0.0
447,815,0.05366036668419838,0.0,0.05366036668419838,coarse_candidate_mid_graph_weak,0.01522330567240715
826,2114,0.05365803465247154,0.0,0.05365803465247154,coarse_candidate_mid_graph_weak,0.02662336267530918
2357,2402,0.07986649125814438,0.020406853407621384,0.05361469643210741,coarse_candidate_mid_graph_weak,0.06208427995443344
2562,2685,0.05360793694853783,0.0,0.05360793694853783,coarse_candidate_mid_graph_weak,0.004291843215469271
361,608,0.05359208583831787,0.0,0.05359208583831787,coarse_candidate_mid_graph_weak,0.0
1081,3255,0.053568653762340546,0.0,0.053568653762340546,coarse_candidate_mid_graph_weak,0.021121268160641193
473,2016,0.11167959123849869,0.002177618443965912,0.05355783238200534,coarse_candidate_mid_graph_weak,0.004184242570772767
805,806,0.05355004966259003,0.0,0.05355004966259003,coarse_candidate_mid_graph_weak,0.028209402225911617
3098,3684,0.0779336616396904,0.0015952209942042828,0.05349887249567545,coarse_candidate_mid_graph_weak,0.005087885656394064
1725,2838,0.06599202007055283,0.004425509367138147,0.05349868925235665,coarse_candidate_mid_graph_weak,0.023376336321234703
1299,1582,0.05348825082182884,0.0,0.05348825082182884,coarse_candidate_mid_graph_weak,0.0
208,685,0.05347094684839249,0.0,0.05347094684839249,coarse_candidate_mid_graph_weak,0.0
3134,3499,0.07741348445415497,0.008613606914877892,0.053451331303875325,coarse_candidate_mid_graph_weak,0.027827604673802853
595,1484,0.06439130008220673,0.005314072594046593,0.053434612249255796,coarse_candidate_mid_graph_weak,0.031230244785547256
1690,2880,0.05343203246593475,0.0,0.05343203246593475,coarse_candidate_mid_graph_weak,0.0
286,580,0.05810897424817085,0.003808752167969942,0.053421904713714094,coarse_candidate_mid_graph_weak,0.04721984174102545
2211,2212,0.053398896008729935,0.0,0.053398896008729935,coarse_candidate_mid_graph_weak,0.016405688598752022
1347,1777,0.06716668605804443,0.004957058932632208,0.05337777025307719,coarse_candidate_mid_graph_weak,0.024146149400621653
1215,2690,0.08415219187736511,0.014818199910223484,0.05337614965048699,coarse_candidate_mid_graph_weak,0.04051801050081849
369,1441,0.053371816873550415,0.0,0.053371816873550415,coarse_candidate_mid_graph_weak,0.005062588723376393
1382,3372,0.053366828709840775,0.0,0.053366828709840775,coarse_candidate_mid_graph_weak,0.030261090490967035
807,912,0.053353335708379745,0.0,0.053353335708379745,coarse_candidate_mid_graph_weak,0.013040275778621435
86,3531,0.05332672595977783,0.0,0.05332672595977783,coarse_candidate_mid_graph_weak,0.002550325181800872
1431,2548,0.053323909640312195,0.0,0.053323909640312195,coarse_candidate_mid_graph_weak,0.00286146835424006
1279,2909,0.05330607295036316,0.0,0.05330607295036316,coarse_candidate_mid_graph_weak,0.04559440538287163
1829,1864,0.05329625681042671,0.0,0.05329625681042671,coarse_candidate_mid_graph_weak,0.0067328959703445435
2579,2580,0.05327712744474411,0.0,0.05327712744474411,coarse_candidate_mid_graph_weak,0.021895944140851498
2254,3643,0.058974139392375946,0.002533181570470333,0.053274161352918556,coarse_candidate_mid_graph_weak,0.026209259405732155
979,2842,0.06319715082645416,0.005628556478768587,0.053266829761006225,coarse_candidate_mid_graph_weak,0.035820466466248035
2749,3008,0.053205933421850204,0.0,0.053205933421850204,coarse_candidate_mid_graph_weak,0.034740384202450514
669,713,0.05319229140877724,0.0,0.05319229140877724,coarse_candidate_mid_graph_weak,0.01707744668237865
2884,3379,0.06098775193095207,0.004189500585198402,0.05316952649511675,coarse_candidate_mid_graph_weak,0.03268110193312168
1562,1594,0.07211688160896301,0.011793910525739193,0.053163506210169964,coarse_candidate_mid_graph_weak,0.044875386636704206
303,2263,0.059929125010967255,0.0026099407114088535,0.05316240261273562,coarse_candidate_mid_graph_weak,0.023114804178476334
991,2670,0.05315935239195824,0.0,0.05315935239195824,coarse_candidate_mid_graph_weak,0.0
1474,2374,0.05313444137573242,0.0,0.05313444137573242,coarse_candidate_mid_graph_weak,0.0
59,1843,0.05312346667051315,0.0,0.05312346667051315,coarse_candidate_mid_graph_weak,0.023203542456030846
2036,2639,0.053032729774713516,0.0,0.053032729774713516,coarse_candidate_mid_graph_weak,0.02896351646631956
208,785,0.05299941450357437,0.0,0.05299941450357437,coarse_candidate_mid_graph_weak,0.0
1787,2104,0.052980806678533554,0.0,0.052980806678533554,coarse_candidate_mid_graph_weak,0.010193831752985716
465,1667,0.052969057112932205,0.0,0.052969057112932205,coarse_candidate_mid_graph_weak,0.0
1050,1051,0.05294505134224892,0.0,0.05294505134224892,coarse_candidate_mid_graph_weak,0.0021679659839719534
565,3000,0.0529380664229393,0.0,0.0529380664229393,coarse_candidate_mid_graph_weak,0.010372231248766184
439,440,0.05291571468114853,0.0,0.05291571468114853,coarse_candidate_mid_graph_weak,0.038250417448580265
354,356,0.07328197360038757,0.024905653670430183,0.05287810218048837,coarse_candidate_mid_graph_weak,0.08945044875144958
447,2318,0.05283895879983902,0.0,0.05283895879983902,coarse_candidate_mid_graph_weak,0.01522330567240715
2909,3469,0.07439574599266052,0.0052729262970387936,0.05279833828962552,coarse_candidate_mid_graph_weak,0.018163443077355623
1770,3293,0.05279284343123436,0.0,0.05279284343123436,coarse_candidate_mid_graph_weak,0.0044462933437898755
1811,2441,0.052750807255506516,0.0,0.052750807255506516,coarse_candidate_mid_graph_weak,0.004152807989157736
2214,2634,0.08493142575025558,0.020073726773262024,0.052718176512539176,coarse_candidate_mid_graph_weak,0.052925124764442444
1295,1894,0.05271557345986366,0.0,0.05271557345986366,coarse_candidate_mid_graph_weak,0.0
3267,3679,0.07962480932474136,0.01789378933608532,0.05269614876491075,coarse_candidate_mid_graph_weak,0.05290978215634823
1577,1649,0.05268816277384758,0.0,0.05268816277384758,coarse_candidate_mid_graph_weak,0.0
2711,2958,0.05265901982784271,0.0,0.05265901982784271,coarse_candidate_mid_graph_weak,0.0
1956,2274,0.05264321714639664,0.0,0.05264321714639664,coarse_candidate_mid_graph_weak,0.04832067620009184
2927,3645,0.052629560232162476,0.0,0.052629560232162476,coarse_candidate_mid_graph_weak,0.016673198668286204
19,1928,0.05261116847395897,0.0,0.05261116847395897,coarse_candidate_mid_graph_weak,0.0062828121008351445
159,3192,0.05255376175045967,0.0,0.05255376175045967,coarse_candidate_mid_graph_weak,0.01407577097415924
1357,1885,0.06262248754501343,0.004906036891043186,0.05252486594788888,coarse_candidate_mid_graph_weak,0.030425801873207092
907,1239,0.052512746304273605,0.0,0.052512746304273605,coarse_candidate_mid_graph_weak,0.001984264235943556
224,1456,0.052487485110759735,0.0,0.052487485110759735,coarse_candidate_mid_graph_weak,0.0037088384851813316
200,2251,0.05248193442821503,0.0,0.05248193442821503,coarse_candidate_mid_graph_weak,0.02072800789028406
1972,2278,0.06701239198446274,0.004804056137800217,0.052444704709633576,coarse_candidate_mid_graph_weak,0.022098998073488474
50,3542,0.05242224410176277,0.0,0.05242224410176277,coarse_candidate_mid_graph_weak,0.017125415615737438
742,938,0.06244317814707756,0.006659091450273991,0.052421534179144115,coarse_candidate_mid_graph_weak,0.04149167891591787
1947,2855,0.052420247346162796,0.0,0.052420247346162796,coarse_candidate_mid_graph_weak,0.00418749894015491
59,1565,0.06297105550765991,0.0038890650030225515,0.052416696032493694,coarse_candidate_mid_graph_weak,0.023203542456030846
404,2359,0.052389707416296005,0.0,0.052389707416296005,coarse_candidate_mid_graph_weak,0.0
551,1287,0.052388716489076614,0.0,0.052388716489076614,coarse_candidate_mid_graph_weak,0.01672607520595193
1365,1558,0.05237944796681404,0.0,0.05237944796681404,coarse_candidate_mid_graph_weak,0.041632238775491714
2245,2794,0.05235486850142479,0.0,0.05235486850142479,coarse_candidate_mid_graph_weak,0.0
392,1981,0.05233832448720932,0.0,0.05233832448720932,coarse_candidate_mid_graph_weak,0.014913174556568265
389,2333,0.05233436077833176,0.0,0.05233436077833176,coarse_candidate_mid_graph_weak,0.0050554268527776
928,1041,0.05231111869215965,0.0,0.05231111869215965,coarse_candidate_mid_graph_weak,0.019775813445448875
778,2121,0.054961416870355606,0.0033482660073786974,0.052301543223566026,coarse_candidate_mid_graph_weak,0.06918578408658504
226,3015,0.05229785293340683,0.0,0.05229785293340683,coarse_candidate_mid_graph_weak,0.024354444351047277
1847,2655,0.052281804382801056,0.0,0.052281804382801056,coarse_candidate_mid_graph_weak,0.01046025799587369
884,2540,0.052261244505643845,0.0,0.052261244505643845,coarse_candidate_mid_graph_weak,0.0011536578240338713
1575,3201,0.052183885127305984,0.0,0.052183885127305984,coarse_candidate_mid_graph_weak,0.0
1847,3494,0.052153971046209335,0.0,0.052153971046209335,coarse_candidate_mid_graph_weak,0.01046025799587369
438,1318,0.0934901013970375,0.008029980584979057,0.05214652320077711,coarse_candidate_mid_graph_weak,0.018158169463276863
37,1375,0.07226777821779251,0.0073842802084982395,0.05212153240890557,coarse_candidate_mid_graph_weak,0.026488584000617266
421,2867,0.05209072679281235,0.0,0.05209072679281235,coarse_candidate_mid_graph_weak,0.0
1778,3545,0.05206019803881645,0.0,0.05206019803881645,coarse_candidate_mid_graph_weak,0.02665197988972068
353,3006,0.05201096832752228,0.0,0.05201096832752228,coarse_candidate_mid_graph_weak,0.019080867059528828
300,3617,0.06435775756835938,0.00857873260974884,0.051996472546021626,coarse_candidate_mid_graph_weak,0.0446642879396677
905,954,0.05198358744382858,0.0,0.05198358744382858,coarse_candidate_mid_graph_weak,0.0019838225562125444
192,383,0.05197713524103165,0.0,0.05197713524103165,coarse_candidate_mid_graph_weak,0.04344813898205757
75,3125,0.0519472099840641,0.0,0.0519472099840641,coarse_candidate_mid_graph_weak,0.039259097538888454
73,74,0.10112122446298599,0.0034880570601671934,0.05192541733159403,coarse_candidate_mid_graph_weak,0.007169647607952356
524,2250,0.05191624164581299,0.0,0.05191624164581299,coarse_candidate_mid_graph_weak,0.0
2157,2707,0.13525700569152832,0.02191304974257946,0.051915515138687876,coarse_candidate_mid_graph_weak,0.03556324075907469
691,2126,0.05191194266080856,0.0,0.05191194266080856,coarse_candidate_mid_graph_weak,0.039732680190354586
1863,3057,0.0518924854695797,0.0,0.0518924854695797,coarse_candidate_mid_graph_weak,0.011085017235018313
2477,3401,0.05188722535967827,0.0,0.05188722535967827,coarse_candidate_mid_graph_weak,0.025582504458725452
2718,2719,0.05184945464134216,0.0,0.05184945464134216,coarse_candidate_mid_graph_weak,0.0
625,1225,0.053794026374816895,0.0009344586287625134,0.05182782971036294,coarse_candidate_mid_graph_weak,0.02556625846773386
197,1584,0.11341200768947601,0.007184132933616638,0.05169294914312657,coarse_candidate_mid_graph_weak,0.01320122112520039
829,1877,0.05168762430548668,0.0,0.05168762430548668,coarse_candidate_mid_graph_weak,0.0
214,2418,0.05167290195822716,0.0,0.05167290195822716,coarse_candidate_mid_graph_weak,0.02512932289391756
100,3293,0.05845428258180618,0.00852974969893694,0.05162582468280534,coarse_candidate_mid_graph_weak,0.07301800884306431
101,3015,0.05906439945101738,0.00636384729295969,0.05162401428401722,coarse_candidate_mid_graph_weak,0.05051846243441105
489,1807,0.05158666893839836,0.0,0.05158666893839836,coarse_candidate_mid_graph_weak,0.0
673,2635,0.051581695675849915,0.0,0.051581695675849915,coarse_candidate_mid_graph_weak,0.006096219760365784
244,303,0.07224322855472565,0.019792089238762856,0.05157032561764726,coarse_candidate_mid_graph_weak,0.06916514970362186
3095,3097,0.051540154963731766,0.0,0.051540154963731766,coarse_candidate_mid_graph_weak,0.0
1537,3234,0.05153296887874603,0.0,0.05153296887874603,coarse_candidate_mid_graph_weak,0.009029589011333883
179,1820,0.05151904746890068,0.0,0.05151904746890068,coarse_candidate_mid_graph_weak,0.0038427389226853848
915,971,0.06295999884605408,0.003211292205378413,0.05151491303235245,coarse_candidate_mid_graph_weak,0.01766548166051507
1128,2541,0.0514400489628315,0.0,0.0514400489628315,coarse_candidate_mid_graph_weak,0.02538264449685812
1871,1885,0.056392159312963486,0.004328607581555843,0.05143402186950738,coarse_candidate_mid_graph_weak,0.04923210199922323
1812,1993,0.051423028111457825,0.0,0.051423028111457825,coarse_candidate_mid_graph_weak,0.006003472255542874
1210,3506,0.051401328295469284,0.0,0.051401328295469284,coarse_candidate_mid_graph_weak,0.01622187439352274
1219,2262,0.05543702840805054,0.0017130126943811774,0.05138219362733962,coarse_candidate_mid_graph_weak,0.023420025361701846
1824,1965,0.051369260996580124,0.0,0.051369260996580124,coarse_candidate_mid_graph_weak,0.024743969552218914
268,2096,0.0513620488345623,0.0,0.0513620488345623,coarse_candidate_mid_graph_weak,0.0
388,1565,0.07255717366933823,0.011072473600506783,0.051340390823711834,coarse_candidate_mid_graph_weak,0.0378656554967165
877,1425,0.07583663612604141,0.007171861827373505,0.051319378752379546,coarse_candidate_mid_graph_weak,0.022183960769325495
909,960,0.05131500959396362,0.0,0.05131500959396362,coarse_candidate_mid_graph_weak,0.01564522529952228
1264,3395,0.0512811541557312,0.0,0.0512811541557312,coarse_candidate_mid_graph_weak,0.0
1086,3140,0.05126439779996872,0.0,0.05126439779996872,coarse_candidate_mid_graph_weak,0.03765778010711074
2323,3264,0.05862518772482872,0.0042222049087285995,0.05125593835955354,coarse_candidate_mid_graph_weak,0.03358924947679043
400,2435,0.05124807357788086,0.0,0.05124807357788086,coarse_candidate_mid_graph_weak,0.0
694,1605,0.05122795328497887,0.0,0.05122795328497887,coarse_candidate_mid_graph_weak,0.0024863550206646323
95,3581,0.051183782517910004,0.0,0.051183782517910004,coarse_candidate_mid_graph_weak,0.03343051206320524
381,910,0.05117496848106384,0.0,0.05117496848106384,coarse_candidate_mid_graph_weak,0.026415950153023005
2526,2585,0.059990957379341125,0.007238449063152075,0.05117425329788704,coarse_candidate_mid_graph_weak,0.04925213381648064
344,992,0.051170945167541504,0.0,0.051170945167541504,coarse_candidate_mid_graph_weak,0.0
1166,1167,0.051151856780052185,0.0,0.051151856780052185,coarse_candidate_mid_graph_weak,0.0017726027872413397
122,415,0.051116541028022766,0.0,0.051116541028022766,coarse_candidate_mid_graph_weak,0.0
993,1054,0.05111607164144516,0.0,0.05111607164144516,coarse_candidate_mid_graph_weak,0.00033335111220367253
15,72,0.05111205205321312,0.0,0.05111205205321312,coarse_candidate_mid_graph_weak,0.0
1191,1193,0.05108731985092163,0.0,0.05108731985092163,coarse_candidate_mid_graph_weak,0.002795980777591467
766,922,0.05562296882271767,0.004255955573171377,0.05108202876902306,coarse_candidate_mid_graph_weak,0.0521321315318346
2675,3541,0.05108172073960304,0.0,0.05108172073960304,coarse_candidate_mid_graph_weak,0.0150455916300416
2661,3537,0.05105951055884361,0.0,0.05105951055884361,coarse_candidate_mid_graph_weak,0.0036355569027364254
638,1045,0.051057495176792145,0.0,0.051057495176792145,coarse_candidate_mid_graph_weak,0.01646556332707405
1952,2112,0.05815524235367775,0.006804583128541708,0.05105220458722093,coarse_candidate_mid_graph_weak,0.055711681954562664
1188,2713,0.08471217751502991,0.010221188887953758,0.051045402580211896,coarse_candidate_mid_graph_weak,0.025718506425619125
815,816,0.051011331379413605,0.0,0.051011331379413605,coarse_candidate_mid_graph_weak,0.002910789451561868
2202,2693,0.05100265145301819,0.0,0.05100265145301819,coarse_candidate_mid_graph_weak,0.0066430356819182634
2316,3001,0.08570188283920288,0.010939636267721653,0.050985744901924306,coarse_candidate_mid_graph_weak,0.027006098069250584
202,1066,0.05093591660261154,0.0,0.05093591660261154,coarse_candidate_mid_graph_weak,0.02051467215642333
144,1028,0.05093349516391754,0.0,0.05093349516391754,coarse_candidate_mid_graph_weak,0.008178199641406536
1124,1718,0.054283782839775085,0.0017663213657215238,0.05092943553864809,coarse_candidate_mid_graph_weak,0.02858457900583744
1285,2883,0.057598162442445755,0.0027559520676732063,0.05090937694384793,coarse_candidate_mid_graph_weak,0.02373192785307765
581,2056,0.05090458691120148,0.0,0.05090458691120148,coarse_candidate_mid_graph_weak,0.0
690,772,0.05782132223248482,0.0034693509805947542,0.050900159186738556,coarse_candidate_mid_graph_weak,0.028983923606574535
1292,1966,0.05089471489191055,0.0,0.05089471489191055,coarse_candidate_mid_graph_weak,0.0
1042,2048,0.07052633911371231,0.010333580896258354,0.05089356620355044,coarse_candidate_mid_graph_weak,0.03712107473984361
768,866,0.050867605954408646,0.0,0.050867605954408646,coarse_candidate_mid_graph_weak,0.0019025058718398213
259,262,0.05085306242108345,0.0,0.05085306242108345,coarse_candidate_mid_graph_weak,0.0
233,235,0.05085286870598793,0.0,0.05085286870598793,coarse_candidate_mid_graph_weak,0.0049538458697497845
197,1216,0.05081064999103546,0.0,0.05081064999103546,coarse_candidate_mid_graph_weak,0.01320122112520039
2451,2830,0.050808001309633255,0.0,0.050808001309633255,coarse_candidate_mid_graph_weak,0.00982953468337655
503,797,0.050760652869939804,0.0,0.050760652869939804,coarse_candidate_mid_graph_weak,0.009830698370933533
850,1096,0.05075913295149803,0.0,0.05075913295149803,coarse_candidate_mid_graph_weak,0.027172913309186697
1417,3423,0.05073242262005806,0.0,0.05073242262005806,coarse_candidate_mid_graph_weak,0.016499917022883892
689,2051,0.05073193460702896,0.0,0.05073193460702896,coarse_candidate_mid_graph_weak,0.024580090306699276
534,718,0.05072209984064102,0.0,0.05072209984064102,coarse_candidate_mid_graph_weak,0.04241212783381343
1334,2521,0.050708137452602386,0.0,0.050708137452602386,coarse_candidate_mid_graph_weak,0.02947981422767043
1570,2631,0.05066394433379173,0.0,0.05066394433379173,coarse_candidate_mid_graph_weak,0.0030785288545303047
2188,3143,0.06013231351971626,0.00599728524684906,0.05065795957856527,coarse_candidate_mid_graph_weak,0.03806387633085251
2615,2698,0.05838750675320625,0.004896530415862799,0.05065520661278421,coarse_candidate_mid_graph_weak,0.036974276416003704
15,344,0.050647687166929245,0.0,0.050647687166929245,coarse_candidate_mid_graph_weak,0.0
1084,2790,0.050635356456041336,0.0,0.050635356456041336,coarse_candidate_mid_graph_weak,0.030057437252253294
1496,1626,0.05058800056576729,0.0,0.05058800056576729,coarse_candidate_mid_graph_weak,0.0052004053723067045
1366,3082,0.06989125907421112,0.004483558237552643,0.05057220814364448,coarse_candidate_mid_graph_weak,0.016220337711274624
712,2698,0.05056506767868996,0.0,0.05056506767868996,coarse_candidate_mid_graph_weak,0.0
698,1870,0.06181526556611061,0.0052428836934268475,0.05055829823895175,coarse_candidate_mid_graph_weak,0.028790191747248173
1239,1863,0.05055464431643486,0.0,0.05055464431643486,coarse_candidate_mid_graph_weak,0.00328607065603137
1706,3527,0.05055239424109459,0.0,0.05055239424109459,coarse_candidate_mid_graph_weak,0.0
2328,2813,0.07027093321084976,0.012271852232515812,0.05048048600013885,coarse_candidate_mid_graph_weak,0.04357428103685379
3037,3476,0.09028279036283493,0.009501725435256958,0.05046737956596071,coarse_candidate_mid_graph_weak,0.021545483730733395
3576,3577,0.06451263278722763,0.00950898602604866,0.05042745640666798,coarse_candidate_mid_graph_weak,0.043552860617637634
311,667,0.05293794348835945,0.002159882104024291,0.050419463084902263,coarse_candidate_mid_graph_weak,0.04540028050541878
179,1277,0.050406187772750854,0.0,0.050406187772750854,coarse_candidate_mid_graph_weak,0.0038427389226853848
1423,1930,0.05039595067501068,0.0,0.05039595067501068,coarse_candidate_mid_graph_weak,0.0
184,1311,0.05467924475669861,0.004382994491606951,0.050391009329443744,coarse_candidate_mid_graph_weak,0.05588751658797264
31,924,0.05037807673215866,0.0,0.05037807673215866,coarse_candidate_mid_graph_weak,0.0
29,2902,0.0862262174487114,0.0029110542964190245,0.05036381181600455,coarse_candidate_mid_graph_weak,0.006999229313805699
15,76,0.05033406987786293,0.0,0.05033406987786293,coarse_candidate_mid_graph_weak,0.0
600,1577,0.0503212995827198,0.0,0.0503212995827198,coarse_candidate_mid_graph_weak,0.0
251,1854,0.05030793324112892,0.0,0.05030793324112892,coarse_candidate_mid_graph_weak,0.0068834987469017506
874,2929,0.05027499422430992,0.0,0.05027499422430992,coarse_candidate_mid_graph_weak,0.0
2353,2354,0.08113245666027069,0.011416465975344181,0.05022132706723,coarse_candidate_mid_graph_weak,0.029964803718030453
480,482,0.05388025939464569,0.002510459627956152,0.050128399909449756,coarse_candidate_mid_graph_weak,0.03605258045718074
855,1126,0.050125546753406525,0.0,0.050125546753406525,coarse_candidate_mid_graph_weak,0.0
72,1278,0.050119612365961075,0.0,0.050119612365961075,coarse_candidate_mid_graph_weak,0.013017305172979832
141,925,0.05011406168341637,0.0,0.05011406168341637,coarse_candidate_mid_graph_weak,0.02864312333986163
1511,3566,0.05010309815406799,0.0,0.05010309815406799,coarse_candidate_mid_graph_weak,0.052535404451191425
1545,2631,0.0527876652777195,0.0021363950800150633,0.05008584474127371,coarse_candidate_mid_graph_weak,0.04174048826098442
1098,3096,0.059490181505680084,0.007345119025558233,0.05005522961046432,coarse_candidate_mid_graph_weak,0.04631316289305687
2728,2893,0.05003567785024643,0.0,0.05003567785024643,coarse_candidate_mid_graph_weak,0.004373498901259154
1025,2441,0.0500224269926548,0.0,0.0500224269926548,coarse_candidate_mid_graph_weak,0.0
524,2309,0.04995725303888321,0.0,0.04995725303888321,coarse_candidate_mid_graph_weak,0.0
335,919,0.049953900277614594,0.0,0.049953900277614594,coarse_candidate_mid_graph_weak,0.029224487487226725
954,2319,0.04995161294937134,0.0,0.04995161294937134,coarse_candidate_mid_graph_weak,0.015262569300830364
395,1315,0.049934882670640945,0.0,0.049934882670640945,coarse_candidate_mid_graph_weak,0.007906957645900548
972,1995,0.04993412271142006,0.0,0.04993412271142006,coarse_candidate_mid_graph_weak,0.0013686969468835741
1784,3366,0.097228042781353,0.0051578921265900135,0.049905389273460256,coarse_candidate_mid_graph_weak,0.010597287327982485
2245,2670,0.049899257719516754,0.0,0.049899257719516754,coarse_candidate_mid_graph_weak,0.0
2726,2924,0.052785295993089676,0.004590579308569431,0.049887877522469606,coarse_candidate_mid_graph_weak,0.08363137394189835
2385,2592,0.04987252876162529,0.0,0.04987252876162529,coarse_candidate_mid_graph_weak,0.005392305552959442
1284,1295,0.049863941967487335,0.0,0.049863941967487335,coarse_candidate_mid_graph_weak,0.0
1140,1940,0.04984628036618233,0.0,0.04984628036618233,coarse_candidate_mid_graph_weak,0.03483641194179654
2362,2773,0.04981723427772522,0.0,0.04981723427772522,coarse_candidate_mid_graph_weak,0.014277782291173935
1041,3399,0.04980340227484703,0.0,0.04980340227484703,coarse_candidate_mid_graph_weak,0.05646355636417866
3328,3501,0.10962040722370148,0.06199277937412262,0.049784582359789296,coarse_candidate_mid_graph_weak,0.11357199028134346
1160,1163,0.04976774752140045,0.0,0.04976774752140045,coarse_candidate_mid_graph_weak,0.0031598653877153993
400,1005,0.04975362494587898,0.0,0.04975362494587898,coarse_candidate_mid_graph_weak,0.0
602,1292,0.04973842576146126,0.0,0.04973842576146126,coarse_candidate_mid_graph_weak,0.004538890323601663
3021,3534,0.04971097409725189,0.0,0.04971097409725189,coarse_candidate_mid_graph_weak,0.0
540,676,0.049694739282131195,0.0,0.049694739282131195,coarse_candidate_mid_graph_weak,0.03621111810207367
828,1603,0.05510760098695755,0.0028651885222643614,0.04967469451829534,coarse_candidate_mid_graph_weak,0.02906246716156602
217,2901,0.1278458684682846,0.008378950878977776,0.04962671787314567,coarse_candidate_mid_graph_weak,0.013695038156583905
2069,2410,0.04957497864961624,0.0,0.04957497864961624,coarse_candidate_mid_graph_weak,0.01697029359638691
752,1187,0.09202173352241516,0.011085490696132183,0.049569436932375505,coarse_candidate_mid_graph_weak,0.02402946725487709
1599,3640,0.06453598290681839,0.0038781100884079933,0.049537409656818195,coarse_candidate_mid_graph_weak,0.016686763614416122
829,2079,0.049521103501319885,0.0,0.049521103501319885,coarse_candidate_mid_graph_weak,0.0
463,2078,0.05107712745666504,0.00079872872447595,0.04950939965619665,coarse_candidate_mid_graph_weak,0.0260228649713099
921,2250,0.07199247181415558,0.0054441033862531185,0.04950011288755631,coarse_candidate_mid_graph_weak,0.017425226978957653
1054,1939,0.04949856176972389,0.0,0.04949856176972389,coarse_candidate_mid_graph_weak,0.019765731878578663
782,2072,0.04949087277054787,0.0,0.04949087277054787,coarse_candidate_mid_graph_weak,0.003941661329008639
2158,3684,0.08981748670339584,0.01418945100158453,0.0494822151029111,coarse_candidate_mid_graph_weak,0.03159668389707804
1546,3223,0.04945698752999306,0.0,0.04945698752999306,coarse_candidate_mid_graph_weak,0.027267086319625378
191,484,0.04945152625441551,0.0,0.04945152625441551,coarse_candidate_mid_graph_weak,0.037946141324937344
5,2515,0.049439720809459686,0.0,0.049439720809459686,coarse_candidate_mid_graph_weak,0.018983829766511917
874,2024,0.04940541833639145,0.0,0.04940541833639145,coarse_candidate_mid_graph_weak,0.0
431,594,0.04940345510840416,0.0,0.04940345510840416,coarse_candidate_mid_graph_weak,0.007476355764083564
238,241,0.049393653869628906,0.0,0.049393653869628906,coarse_candidate_mid_graph_weak,0.0
1452,3203,0.04938991740345955,0.0,0.04938991740345955,coarse_candidate_mid_graph_weak,0.020731034688651562
862,2787,0.07116270065307617,0.01256458181887865,0.04938849729236171,coarse_candidate_mid_graph_weak,0.04106371011584997
1488,1637,0.049385279417037964,0.0,0.049385279417037964,coarse_candidate_mid_graph_weak,0.020061819814145565
2477,3514,0.049361519515514374,0.0,0.049361519515514374,coarse_candidate_mid_graph_weak,0.025582504458725452
517,1006,0.04935365915298462,0.0,0.04935365915298462,coarse_candidate_mid_graph_weak,0.008486191858537495
2344,3545,0.0596478171646595,0.003767931368201971,0.04931366401101811,coarse_candidate_mid_graph_weak,0.021748166298493743
208,668,0.049306951463222504,0.0,0.049306951463222504,coarse_candidate_mid_graph_weak,0.0
1350,2908,0.04930388554930687,0.0,0.04930388554930687,coarse_candidate_mid_graph_weak,0.029146084561944008
102,340,0.04928655922412872,0.0,0.04928655922412872,coarse_candidate_mid_graph_weak,0.04433910269290209
733,2341,0.053654853254556656,0.0018289966974407434,0.0492413925089791,coarse_candidate_mid_graph_weak,0.02223528316244483
888,3063,0.04923846572637558,0.0,0.04923846572637558,coarse_candidate_mid_graph_weak,0.0
2423,3016,0.04923766478896141,0.0,0.04923766478896141,coarse_candidate_mid_graph_weak,0.0
2648,2857,0.0491720587015152,0.0,0.0491720587015152,coarse_candidate_mid_graph_weak,0.007284905412234366
118,2408,0.049162402749061584,0.0,0.049162402749061584,coarse_candidate_mid_graph_weak,0.03714470844715834
1287,1616,0.04914567619562149,0.0,0.04914567619562149,coarse_candidate_mid_graph_weak,0.009013640461489558
3590,3660,0.059059325605630875,0.004327361937612295,0.049143540308222995,coarse_candidate_mid_graph_weak,0.025774164125323296
1108,1110,0.06884924322366714,0.006395131349563599,0.04914253283188514,coarse_candidate_mid_graph_weak,0.022342640906572342
1925,2633,0.05181626230478287,0.003781386883929372,0.04911845494755347,coarse_candidate_mid_graph_weak,0.07262836396694183
995,1486,0.04911497235298157,0.0,0.04911497235298157,coarse_candidate_mid_graph_weak,0.001614345470443368
502,1625,0.04909853637218475,0.0,0.04909853637218475,coarse_candidate_mid_graph_weak,0.026653949171304703
725,3143,0.049097828567028046,0.0,0.049097828567028046,coarse_candidate_mid_graph_weak,0.03434532880783081
542,1172,0.04909290000796318,0.0,0.04909290000796318,coarse_candidate_mid_graph_weak,0.025683985091745853
1032,1341,0.049082640558481216,0.0,0.049082640558481216,coarse_candidate_mid_graph_weak,0.00426450208760798
3222,3256,0.04906357452273369,0.0,0.04906357452273369,coarse_candidate_mid_graph_weak,0.043734170496463776
990,2065,0.049061812460422516,0.0,0.049061812460422516,coarse_candidate_mid_graph_weak,0.030880060512572527
1047,1309,0.049059391021728516,0.0,0.049059391021728516,coarse_candidate_mid_graph_weak,0.04920466523617506
2728,3584,0.09035775065422058,0.0019992722664028406,0.04905220810897922,coarse_candidate_mid_graph_weak,0.004373498901259154
312,2197,0.049020055681467056,0.0,0.049020055681467056,coarse_candidate_mid_graph_weak,0.021291851066052914
790,1423,0.04900669679045677,0.0,0.04900669679045677,coarse_candidate_mid_graph_weak,0.0
14,1994,0.04900078848004341,0.0,0.04900078848004341,coarse_candidate_mid_graph_weak,0.04469073284417391
915,2085,0.049000341445207596,0.0,0.049000341445207596,coarse_candidate_mid_graph_weak,0.01766548166051507
2921,2922,0.04899171367287636,0.0,0.04899171367287636,coarse_candidate_mid_graph_weak,0.016178612131625414
2615,3269,0.052788443863391876,0.002666353015229106,0.048981672234360486,coarse_candidate_mid_graph_weak,0.036974276416003704
561,2074,0.06356596201658249,0.009481813758611679,0.048974544416824056,coarse_candidate_mid_graph_weak,0.04130651522427797
266,2646,0.048918578773736954,0.0,0.048918578773736954,coarse_candidate_mid_graph_weak,0.02112080017104745
1034,1484,0.07385459542274475,0.005587761290371418,0.04891759517208113,coarse_candidate_mid_graph_weak,0.016548977233469486
367,1583,0.04889731481671333,0.0,0.04889731481671333,coarse_candidate_mid_graph_weak,0.0274812588468194
3076,3086,0.05705734342336655,0.0046152761206030846,0.04887512228263507,coarse_candidate_mid_graph_weak,0.032183852046728134
2912,3645,0.058184169232845306,0.005061051808297634,0.04886196260610477,coarse_candidate_mid_graph_weak,0.03158834669739008
450,1261,0.04885436221957207,0.0,0.04885436221957207,coarse_candidate_mid_graph_weak,0.01674252888187766
2334,3315,0.048832766711711884,0.0,0.048832766711711884,coarse_candidate_mid_graph_weak,0.0032649360364302993
882,884,0.048803023993968964,0.0,0.048803023993968964,coarse_candidate_mid_graph_weak,0.001507457869593054
1324,2302,0.048791930079460144,0.0,0.048791930079460144,coarse_candidate_mid_graph_weak,0.01506490190513432
76,406,0.05526226386427879,0.002851735334843397,0.0487106912277297,coarse_candidate_mid_graph_weak,0.024054278153926134
91,446,0.05788027495145798,0.0046219732612371445,0.04870706865116501,coarse_candidate_mid_graph_weak,0.029163312632590532
696,1193,0.048701830208301544,0.0,0.048701830208301544,coarse_candidate_mid_graph_weak,0.045542748644948006
782,1066,0.04868796095252037,0.0,0.04868796095252037,coarse_candidate_mid_graph_weak,0.003941661329008639
92,899,0.04867913946509361,0.0,0.04867913946509361,coarse_candidate_mid_graph_weak,0.011920929653570056
14,537,0.04866592213511467,0.0,0.04866592213511467,coarse_candidate_mid_graph_weak,0.04469073284417391
834,886,0.04866303876042366,0.0,0.04866303876042366,coarse_candidate_mid_graph_weak,0.0
933,3087,0.04864748939871788,0.0,0.04864748939871788,coarse_candidate_mid_graph_weak,0.0568970013409853
15,993,0.04860701784491539,0.0,0.04860701784491539,coarse_candidate_mid_graph_weak,0.0
1126,1361,0.048593029379844666,0.0,0.048593029379844666,coarse_candidate_mid_graph_weak,0.011992624495178461
744,747,0.04857567325234413,0.0,0.04857567325234413,coarse_candidate_mid_graph_weak,0.017942264676094055
1107,3198,0.04856807738542557,0.0,0.04856807738542557,coarse_candidate_mid_graph_weak,0.019863812252879143
757,1727,0.05176136642694473,0.0018531987443566322,0.04856505990881069,coarse_candidate_mid_graph_weak,0.030010920017957687
826,1208,0.048558056354522705,0.0,0.048558056354522705,coarse_candidate_mid_graph_weak,0.02662336267530918
426,801,0.04854178428649902,0.0,0.04854178428649902,coarse_candidate_mid_graph_weak,0.0
714,721,0.048530351370573044,0.0,0.048530351370573044,coarse_candidate_mid_graph_weak,0.04564597085118294
1813,1815,0.048519428819417953,0.0,0.048519428819417953,coarse_candidate_mid_graph_weak,0.0032069088192656636
1792,2909,0.04850689321756363,0.0,0.04850689321756363,coarse_candidate_mid_graph_weak,0.0
1103,1212,0.048503708094358444,0.0,0.048503708094358444,coarse_candidate_mid_graph_weak,0.0
1757,3470,0.04849911481142044,0.0,0.04849911481142044,coarse_candidate_mid_graph_weak,0.000446784746600315
2056,2057,0.04847210645675659,0.0,0.04847210645675659,coarse_candidate_mid_graph_weak,0.0
710,967,0.048433732241392136,0.0,0.048433732241392136,coarse_candidate_mid_graph_weak,0.004517380963079631
426,1127,0.04840867593884468,0.0,0.04840867593884468,coarse_candidate_mid_graph_weak,0.0
116,2757,0.04840392991900444,0.0,0.04840392991900444,coarse_candidate_mid_graph_weak,0.01419488014653325
651,2884,0.04840213805437088,0.0,0.04840213805437088,coarse_candidate_mid_graph_weak,0.0
1795,3584,0.06971011310815811,0.010284250602126122,0.04835722086497736,coarse_candidate_mid_graph_weak,0.03357466822490096
1986,2065,0.04832683131098747,0.0,0.04832683131098747,coarse_candidate_mid_graph_weak,0.006821249378845096
2660,2721,0.04830620437860489,0.0,0.04830620437860489,coarse_candidate_mid_graph_weak,0.0
33,2424,0.05163056403398514,0.0009981519542634487,0.048301782731723,coarse_candidate_mid_graph_weak,0.015481686452403665
1339,2262,0.0482582151889801,0.0,0.0482582151889801,coarse_candidate_mid_graph_weak,0.0226273313164711
908,1251,0.04822289198637009,0.0,0.04822289198637009,coarse_candidate_mid_graph_weak,0.029713401570916176
479,1487,0.048218417912721634,0.0,0.048218417912721634,coarse_candidate_mid_graph_weak,0.0
1535,3423,0.04821518063545227,0.0,0.04821518063545227,coarse_candidate_mid_graph_weak,0.017915423726662993
1848,2524,0.048184044659137726,0.0,0.048184044659137726,coarse_candidate_mid_graph_weak,0.02848562365397811
338,978,0.12045201659202576,0.02075854316353798,0.048171021649503404,coarse_candidate_mid_graph_weak,0.034592888318002224
1243,1712,0.04816233739256859,0.0,0.04816233739256859,coarse_candidate_mid_graph_weak,0.0049804666778072715
3414,3491,0.08055726438760757,0.0034079020842909813,0.048157959310179646,coarse_candidate_mid_graph_weak,0.008473369060084224
295,3643,0.04815218225121498,0.0,0.04815218225121498,coarse_candidate_mid_graph_weak,0.03676042892038822
2429,3405,0.04811714217066765,0.0,0.04811714217066765,coarse_candidate_mid_graph_weak,0.03413462173193693
2715,2716,0.04811441898345947,0.0,0.04811441898345947,coarse_candidate_mid_graph_weak,0.019111402798444033
2472,2610,0.0481126643717289,0.0,0.0481126643717289,coarse_candidate_mid_graph_weak,0.014133290387690067
32,1036,0.04809587821364403,0.0,0.04809587821364403,coarse_candidate_mid_graph_weak,0.009434665436856449
793,801,0.0480923093855381,0.0,0.0480923093855381,coarse_candidate_mid_graph_weak,0.03051742957904935
314,1570,0.06112072616815567,0.009441711939871311,0.04808223160272222,coarse_candidate_mid_graph_weak,0.044260039925575256
23,3364,0.04805079475045204,0.0,0.04805079475045204,coarse_candidate_mid_graph_weak,0.013276234501972795
693,1989,0.04803439974784851,0.0,0.04803439974784851,coarse_candidate_mid_graph_weak,0.007251635193824768
1894,2039,0.048031050711870193,0.0,0.048031050711870193,coarse_candidate_mid_graph_weak,0.010199099779129028
668,789,0.048026036471128464,0.0,0.048026036471128464,coarse_candidate_mid_graph_weak,0.0016829944215714931
1182,2720,0.04800940304994583,0.0,0.04800940304994583,coarse_candidate_mid_graph_weak,0.02613266371190548
1280,1397,0.048006970435380936,0.0,0.048006970435380936,coarse_candidate_mid_graph_weak,0.011774225626140833
2148,2198,0.05212847515940666,0.004764149896800518,0.04798931673071863,coarse_candidate_mid_graph_weak,0.05999960470944643
1057,3316,0.06258559972047806,0.011560291983187199,0.04796541251317994,coarse_candidate_mid_graph_weak,0.04948690440505743
1319,1754,0.04796474799513817,0.0,0.04796474799513817,coarse_candidate_mid_graph_weak,0.030793695710599422
287,1237,0.06909693032503128,0.006785649340599775,0.04793691966147492,coarse_candidate_mid_graph_weak,0.02215819014236331
344,966,0.047922175377607346,0.0,0.047922175377607346,coarse_candidate_mid_graph_weak,0.0
698,2387,0.04791934788227081,0.0,0.04791934788227081,coarse_candidate_mid_graph_weak,0.028790191747248173
5,1628,0.047917500138282776,0.0,0.047917500138282776,coarse_candidate_mid_graph_weak,0.018983829766511917
953,3053,0.059295859187841415,0.00948911253362894,0.04787919749658074,coarse_candidate_mid_graph_weak,0.049284554086625576
1284,1298,0.04787475988268852,0.0,0.04787475988268852,coarse_candidate_mid_graph_weak,0.0
3350,3492,0.04786447808146477,0.0,0.04786447808146477,coarse_candidate_mid_graph_weak,0.0
2059,2674,0.05790719389915466,0.0069531528279185295,0.047864192535054834,coarse_candidate_mid_graph_weak,0.040091358590871096
117,222,0.04785582795739174,0.0,0.04785582795739174,coarse_candidate_mid_graph_weak,0.03368024155497551
769,3332,0.04783611744642258,0.0,0.04783611744642258,coarse_candidate_mid_graph_weak,0.017673414200544357
174,1839,0.047807637602090836,0.0,0.047807637602090836,coarse_candidate_mid_graph_weak,0.006553341401740909
2528,2529,0.04778577759861946,0.0,0.04778577759861946,coarse_candidate_mid_graph_weak,0.039479379542171955
1282,1334,0.04778021574020386,0.0,0.04778021574020386,coarse_candidate_mid_graph_weak,0.018763494212180376
1893,3361,0.047777026891708374,0.0,0.047777026891708374,coarse_candidate_mid_graph_weak,0.05327973887324333
2026,2223,0.047755032777786255,0.0,0.047755032777786255,coarse_candidate_mid_graph_weak,0.016003776341676712
2466,2868,0.04774335026741028,0.0,0.04774335026741028,coarse_candidate_mid_graph_weak,0.0
234,3066,0.04772382974624634,0.0,0.04772382974624634,coarse_candidate_mid_graph_weak,0.0
2605,3374,0.0555325523018837,0.006933483760803938,0.047723191055098084,coarse_candidate_mid_graph_weak,0.0493041668087244
1575,3299,0.04772234335541725,0.0,0.04772234335541725,coarse_candidate_mid_graph_weak,0.0
99,2100,0.04770733416080475,0.0,0.04770733416080475,coarse_candidate_mid_graph_weak,0.008416734170168638
355,357,0.0626249611377716,0.020470986142754555,0.04770609731656705,coarse_candidate_mid_graph_weak,0.08593112230300903
1255,1393,0.07059329748153687,0.007530965376645327,0.04768135274506903,coarse_candidate_mid_graph_weak,0.023203428834676743
287,289,0.047665197402238846,0.0,0.047665197402238846,coarse_candidate_mid_graph_weak,0.02215819014236331
167,717,0.04764191806316376,0.0,0.04764191806316376,coarse_candidate_mid_graph_weak,0.0
2397,2412,0.04763386398553848,0.0,0.04763386398553848,coarse_candidate_mid_graph_weak,0.0018178041209466755
1319,2161,0.04762810096144676,0.0,0.04762810096144676,coarse_candidate_mid_graph_weak,0.030793695710599422
1721,3012,0.04762180522084236,0.0,0.04762180522084236,coarse_candidate_mid_graph_weak,0.025544338393956423
1447,1870,0.05285775661468506,0.0024496065452694893,0.0476060190262346,coarse_candidate_mid_graph_weak,0.024654831737279892
888,890,0.04760558158159256,0.0,0.04760558158159256,coarse_candidate_mid_graph_weak,0.0
1849,3684,0.04760009050369263,0.0,0.04760009050369263,coarse_candidate_mid_graph_weak,0.032808514311909676
1629,1939,0.04759405180811882,0.0,0.04759405180811882,coarse_candidate_mid_graph_weak,0.0
756,1190,0.04758467152714729,0.0,0.04758467152714729,coarse_candidate_mid_graph_weak,0.01287907175719738
412,1024,0.04754747822880745,0.0,0.04754747822880745,coarse_candidate_mid_graph_weak,0.010719145881012082
1600,3473,0.04752543941140175,0.0,0.04752543941140175,coarse_candidate_mid_graph_weak,0.02218419872224331
452,663,0.04750290513038635,0.0,0.04750290513038635,coarse_candidate_mid_graph_weak,0.0
549,651,0.058054253458976746,0.008331001736223698,0.047440275196572276,coarse_candidate_mid_graph_weak,0.045567276887595654
1623,1625,0.04741571471095085,0.0,0.04741571471095085,coarse_candidate_mid_graph_weak,0.0
1809,2084,0.047403354197740555,0.0,0.047403354197740555,coarse_candidate_mid_graph_weak,0.0
1336,2772,0.07553460448980331,0.019399896264076233,0.04731835708128048,coarse_candidate_mid_graph_weak,0.05193332303315401
1929,3314,0.04730868339538574,0.0,0.04730868339538574,coarse_candidate_mid_graph_weak,0.0
1225,1544,0.0472697950899601,0.0,0.0472697950899601,coarse_candidate_mid_graph_weak,0.0004672293143812567
1637,1638,0.047268327325582504,0.0,0.047268327325582504,coarse_candidate_mid_graph_weak,0.002338045509532094
108,153,0.04726307839155197,0.0,0.04726307839155197,coarse_candidate_mid_graph_weak,0.0
1003,3015,0.047234907746315,0.0,0.047234907746315,coarse_candidate_mid_graph_weak,0.0
1192,1919,0.04723330959677696,0.0,0.04723330959677696,coarse_candidate_mid_graph_weak,0.018550158012658358
1003,1547,0.04723242297768593,0.0,0.04723242297768593,coarse_candidate_mid_graph_weak,0.0
246,1537,0.059637829661369324,0.010672532021999359,0.04718879642965787,coarse_candidate_mid_graph_weak,0.05112739559262991
549,834,0.05116017907857895,0.003538987133651972,0.04718681863483234,coarse_candidate_mid_graph_weak,0.045567276887595654
2038,2653,0.04716973006725311,0.0,0.04716973006725311,coarse_candidate_mid_graph_weak,0.005093389772810042
1668,1966,0.05979391559958458,0.006437076721340418,0.047146322931841844,coarse_candidate_mid_graph_weak,0.030432512518018484
1138,2461,0.04714156687259674,0.0,0.04714156687259674,coarse_candidate_mid_graph_weak,0.006421827361918986
1062,1117,0.04713594540953636,0.0,0.04713594540953636,coarse_candidate_mid_graph_weak,0.007785503170453012
711,830,0.04712027311325073,0.0,0.04712027311325073,coarse_candidate_mid_graph_weak,0.0
1190,1341,0.04711509495973587,0.0,0.04711509495973587,coarse_candidate_mid_graph_weak,0.0
190,2874,0.0470866896212101,0.0,0.0470866896212101,coarse_candidate_mid_graph_weak,0.0
652,654,0.04708578437566757,0.0,0.04708578437566757,coarse_candidate_mid_graph_weak,0.006624751375056803
2390,3285,0.0470726303756237,0.0,0.0470726303756237,coarse_candidate_mid_graph_weak,0.0
2189,2190,0.047072332352399826,0.0,0.047072332352399826,coarse_candidate_mid_graph_weak,0.011348861618898809
1202,1204,0.05390896275639534,0.00423472048714757,0.04705463244247311,coarse_candidate_mid_graph_weak,0.03330586338415742
1781,2633,0.04704570770263672,0.0,0.04704570770263672,coarse_candidate_mid_graph_weak,0.0
628,2185,0.04703172668814659,0.0,0.04703172668814659,coarse_candidate_mid_graph_weak,0.044035193510353565
2719,2720,0.04702732712030411,0.0,0.04702732712030411,coarse_candidate_mid_graph_weak,0.003557237097993493
825,999,0.054151251912117004,0.0034389966167509556,0.04702302463962866,coarse_candidate_mid_graph_weak,0.02612514514476061
968,2293,0.08323461562395096,0.0023002431262284517,0.04697842908184955,coarse_candidate_mid_graph_weak,0.005280749872326851
2731,2991,0.04694805666804314,0.0,0.04694805666804314,coarse_candidate_mid_graph_weak,0.032935287337750196
826,1674,0.05580967292189598,0.004241663031280041,0.046918015271144774,coarse_candidate_mid_graph_weak,0.02662336267530918
1626,2815,0.046912532299757004,0.0,0.046912532299757004,coarse_candidate_mid_graph_weak,0.03960029408335686
1142,1143,0.05406156927347183,0.007345724850893021,0.04689899711119106,coarse_candidate_mid_graph_weak,0.05544396676123142
87,721,0.04685800522565842,0.0,0.04685800522565842,coarse_candidate_mid_graph_weak,0.029163709841668606
2668,3184,0.0823131874203682,0.007577235344797373,0.046846531741137294,coarse_candidate_mid_graph_weak,0.017585712019354105
1206,3557,0.04684462398290634,0.0,0.04684462398290634,coarse_candidate_mid_graph_weak,0.0037779732956551015
2344,2412,0.04684443026781082,0.0,0.04684443026781082,coarse_candidate_mid_graph_weak,0.021748166298493743
1782,2720,0.046826329082250595,0.0,0.046826329082250595,coarse_candidate_mid_graph_weak,0.0
1997,2936,0.11799118667840958,0.003636360866948962,0.04680595329132992,coarse_candidate_mid_graph_weak,0.006027353054378182
1030,1380,0.04679976403713226,0.0,0.04679976403713226,coarse_candidate_mid_graph_weak,0.0
214,390,0.04849060997366905,0.0008819691138342023,0.04678872486962956,coarse_candidate_mid_graph_weak,0.02512932289391756
397,2051,0.05042566731572151,0.0020264165941625834,0.046769031165159534,coarse_candidate_mid_graph_weak,0.02794464770704508
887,888,0.04673582687973976,0.0,0.04673582687973976,coarse_candidate_mid_graph_weak,0.0
1509,2629,0.046727217733860016,0.0,0.046727217733860016,coarse_candidate_mid_graph_weak,0.0
700,1579,0.046702831983566284,0.0,0.046702831983566284,coarse_candidate_mid_graph_weak,0.0
1546,1862,0.046679481863975525,0.0,0.046679481863975525,coarse_candidate_mid_graph_weak,0.027267086319625378
2914,3044,0.08787336945533752,0.009214160032570362,0.04667648831842616,coarse_candidate_mid_graph_weak,0.01965389773249626
1726,3374,0.05350916087627411,0.008786429651081562,0.04664553895257589,coarse_candidate_mid_graph_weak,0.06849947199225426
187,2194,0.05400417000055313,0.007026889827102423,0.046625072458083214,coarse_candidate_mid_graph_weak,0.05142652615904808
1081,3264,0.04660974442958832,0.0,0.04660974442958832,coarse_candidate_mid_graph_weak,0.021121268160641193
1955,2779,0.05237501114606857,0.006615792401134968,0.046556810864201915,coarse_candidate_mid_graph_weak,0.05955487675964832
2716,2718,0.046546995639801025,0.0,0.046546995639801025,coarse_candidate_mid_graph_weak,0.0
970,3093,0.04654572904109955,0.0,0.04654572904109955,coarse_candidate_mid_graph_weak,0.03256855020299554
550,2927,0.04654558002948761,0.0,0.04654558002948761,coarse_candidate_mid_graph_weak,0.011323136044666171
1793,3593,0.04649946466088295,0.0,0.04649946466088295,coarse_candidate_mid_graph_weak,0.0
869,1775,0.046498749405145645,0.0,0.046498749405145645,coarse_candidate_mid_graph_weak,0.04000983666628599
122,1030,0.04648863524198532,0.0,0.04648863524198532,coarse_candidate_mid_graph_weak,0.0
280,1458,0.04648306220769882,0.0,0.04648306220769882,coarse_candidate_mid_graph_weak,0.027785629499703646
983,2153,0.14006826281547546,0.042451370507478714,0.04644532358317964,coarse_candidate_mid_graph_weak,0.06351103447377682
552,606,0.06349241733551025,0.004480867646634579,0.04644326991417191,coarse_candidate_mid_graph_weak,0.01668711705133319
942,3191,0.04643602296710014,0.0,0.04643602296710014,coarse_candidate_mid_graph_weak,0.0
396,1651,0.04639007896184921,0.0,0.04639007896184921,coarse_candidate_mid_graph_weak,0.03673460008576512
23,1907,0.04637821391224861,0.0,0.04637821391224861,coarse_candidate_mid_graph_weak,0.013276234501972795
1028,2640,0.04637615382671356,0.0,0.04637615382671356,coarse_candidate_mid_graph_weak,0.0
2110,3608,0.04634883627295494,0.0,0.04634883627295494,coarse_candidate_mid_graph_weak,0.0
353,3471,0.04626923426985741,0.0,0.04626923426985741,coarse_candidate_mid_graph_weak,0.019080867059528828
2323,3643,0.04626312106847763,0.0,0.04626312106847763,coarse_candidate_mid_graph_weak,0.03358924947679043
379,819,0.15888503193855286,0.026392025873064995,0.04624037060582547,coarse_candidate_mid_graph_weak,0.03722589090466499
410,595,0.04620125889778137,0.0,0.04620125889778137,coarse_candidate_mid_graph_weak,0.012761968653649092
800,1027,0.04615744203329086,0.0,0.04615744203329086,coarse_candidate_mid_graph_weak,0.028150906786322594
1953,3294,0.0989302396774292,0.011147670447826385,0.04613884807416655,coarse_candidate_mid_graph_weak,0.020890559535473585
109,1529,0.04612815007567406,0.0,0.04612815007567406,coarse_candidate_mid_graph_weak,0.017499635461717844
1713,1714,0.04612460359930992,0.0,0.04612460359930992,coarse_candidate_mid_graph_weak,0.018598207039758563
2157,3556,0.054742973297834396,0.005607998929917812,0.04611050535840912,coarse_candidate_mid_graph_weak,0.03556324075907469
2987,3191,0.04609215259552002,0.0,0.04609215259552002,coarse_candidate_mid_graph_weak,0.0
883,2658,0.11247849464416504,0.0058073424734175205,0.04605238065033637,coarse_candidate_mid_graph_weak,0.009833499207161367
1123,2662,0.04604288190603256,0.0,0.04604288190603256,coarse_candidate_mid_graph_weak,0.0
1194,1229,0.046020179986953735,0.0,0.046020179986953735,coarse_candidate_mid_graph_weak,0.0027674774173647165
2151,2153,0.046012721955776215,0.0,0.046012721955776215,coarse_candidate_mid_graph_weak,0.03197753196582198
1034,1464,0.045994486659765244,0.0,0.045994486659765244,coarse_candidate_mid_graph_weak,0.016548977233469486
353,3085,0.04597780108451843,0.0,0.04597780108451843,coarse_candidate_mid_graph_weak,0.019080867059528828
82,1382,0.04597078263759613,0.0,0.04597078263759613,coarse_candidate_mid_graph_weak,0.0
3630,3675,0.0459379106760025,0.0,0.0459379106760025,coarse_candidate_mid_graph_weak,0.0
1082,1291,0.045932039618492126,0.0,0.045932039618492126,coarse_candidate_mid_graph_weak,0.02958010695874691
2615,2894,0.049308810383081436,0.002534925239160657,0.045928239887347316,coarse_candidate_mid_graph_weak,0.036974276416003704
1241,2785,0.04589972272515297,0.0,0.04589972272515297,coarse_candidate_mid_graph_weak,0.06270640343427658
1227,1932,0.0548168383538723,0.010370036587119102,0.04589691465778408,coarse_candidate_mid_graph_weak,0.06372841726988554
1553,2659,0.04587468132376671,0.0,0.04587468132376671,coarse_candidate_mid_graph_weak,0.007096797693520784
2170,3675,0.04927392303943634,0.004347263369709253,0.04587068166474964,coarse_candidate_mid_graph_weak,0.06294197123497725
1909,2397,0.04585471376776695,0.0,0.04585471376776695,coarse_candidate_mid_graph_weak,0.008271747501567006
3130,3640,0.04585151746869087,0.0,0.04585151746869087,coarse_candidate_mid_graph_weak,0.03433905495330691
2667,2752,0.05484767258167267,0.006032263394445181,0.04582637359830831,coarse_candidate_mid_graph_weak,0.03667494095861912
67,1126,0.04582429677248001,0.0,0.04582429677248001,coarse_candidate_mid_graph_weak,0.0
2189,2191,0.04580746218562126,0.0,0.04580746218562126,coarse_candidate_mid_graph_weak,0.011348861618898809
1316,1318,0.04579998180270195,0.0,0.04579998180270195,coarse_candidate_mid_graph_weak,0.000859790132381022
268,2570,0.04579634591937065,0.0,0.04579634591937065,coarse_candidate_mid_graph_weak,0.0
1581,3257,0.04579413682222366,0.0,0.04579413682222366,coarse_candidate_mid_graph_weak,0.004977017000783235
728,1315,0.0457909032702446,0.0,0.0457909032702446,coarse_candidate_mid_graph_weak,0.051887378096580505
1807,1808,0.045784566551446915,0.0,0.045784566551446915,coarse_candidate_mid_graph_weak,0.05791915021836758
713,746,0.04578179493546486,0.0,0.04578179493546486,coarse_candidate_mid_graph_weak,0.0
1481,1541,0.045763079077005386,0.0,0.045763079077005386,coarse_candidate_mid_graph_weak,0.025498307310044765
1233,2307,0.045748837292194366,0.0,0.045748837292194366,coarse_candidate_mid_graph_weak,0.020775541197508574
417,2394,0.07728780806064606,0.014621672220528126,0.04573740974216923,coarse_candidate_mid_graph_weak,0.03581815306097269
1543,1810,0.045728594064712524,0.0,0.045728594064712524,coarse_candidate_mid_graph_weak,0.007350608357228339
1574,3585,0.047168366611003876,0.0008833010215312243,0.0457250048659207,coarse_candidate_mid_graph_weak,0.028865851927548647
2678,2720,0.045703206211328506,0.0,0.045703206211328506,coarse_candidate_mid_graph_weak,0.0060164108872413635
1003,1102,0.04569731280207634,0.0,0.04569731280207634,coarse_candidate_mid_graph_weak,0.0
896,3257,0.051287904381752014,0.006017274223268032,0.045681658802235084,coarse_candidate_mid_graph_weak,0.055048138834536076
1880,2491,0.0509352907538414,0.0035081778187304735,0.04567169973936932,coarse_candidate_mid_graph_weak,0.03394831717014313
800,868,0.055320221930742264,0.004916351288557053,0.04565894720034502,coarse_candidate_mid_graph_weak,0.028150906786322594
0,400,0.04565471038222313,0.0,0.04565471038222313,coarse_candidate_mid_graph_weak,0.010235836263746023
633,2982,0.045649100095033646,0.0,0.045649100095033646,coarse_candidate_mid_graph_weak,0.03542053606361151
1352,1582,0.04561493545770645,0.0,0.04561493545770645,coarse_candidate_mid_graph_weak,0.008262985851615667
1833,3007,0.0892881378531456,0.0054437643848359585,0.04560874376282098,coarse_candidate_mid_graph_weak,0.011127983685582876
281,2465,0.04560708999633789,0.0,0.04560708999633789,coarse_candidate_mid_graph_weak,0.019672890659421682
647,2113,0.04557149484753609,0.0,0.04557149484753609,coarse_candidate_mid_graph_weak,0.035810948349535465
294,1341,0.04556262865662575,0.0,0.04556262865662575,coarse_candidate_mid_graph_weak,0.0
829,3116,0.04553881287574768,0.0,0.04553881287574768,coarse_candidate_mid_graph_weak,0.0
1299,1690,0.045524779707193375,0.0,0.045524779707193375,coarse_candidate_mid_graph_weak,0.0
1584,1585,0.04550870507955551,0.0,0.04550870507955551,coarse_candidate_mid_graph_weak,0.007184132933616638
943,2309,0.04548829421401024,0.0,0.04548829421401024,coarse_candidate_mid_graph_weak,0.01569038606248796
369,904,0.11280685663223267,0.0030220281332731247,0.04546867986219575,coarse_candidate_mid_graph_weak,0.005062588723376393
1563,3335,0.045468252152204514,0.0,0.045468252152204514,coarse_candidate_mid_graph_weak,0.002658278332091868
1086,1371,0.04545959457755089,0.0,0.04545959457755089,coarse_candidate_mid_graph_weak,0.03765778010711074
35,1036,0.045455802232027054,0.0,0.045455802232027054,coarse_candidate_mid_graph_weak,0.027190957684069872
2351,3282,0.06780151277780533,0.005758184939622879,0.045452550752631535,coarse_candidate_mid_graph_weak,0.017468983540311456
346,561,0.045446038246154785,0.0,0.045446038246154785,coarse_candidate_mid_graph_weak,0.004782877396792173
1790,3480,0.04544275626540184,0.0,0.04544275626540184,coarse_candidate_mid_graph_weak,0.009518975159153342
763,1580,0.1192845031619072,0.006507650949060917,0.04543834610025086,coarse_candidate_mid_graph_weak,0.01051187957637012
61,2650,0.09406226128339767,0.009255731478333473,0.04543212369614491,coarse_candidate_mid_graph_weak,0.017902787774801254
1819,1821,0.04542570188641548,0.0,0.04542570188641548,coarse_candidate_mid_graph_weak,0.0
859,1032,0.04534923657774925,0.0,0.04534923657774925,coarse_candidate_mid_graph_weak,0.008152243332006037
476,1855,0.045345406979322433,0.0,0.045345406979322433,coarse_candidate_mid_graph_weak,0.03526044636964798
1312,1522,0.045343607664108276,0.0,0.045343607664108276,coarse_candidate_mid_graph_weak,0.030801234301179647
316,318,0.045341987162828445,0.0,0.045341987162828445,coarse_candidate_mid_graph_weak,0.03720991313457489
1391,1669,0.045331671833992004,0.0,0.045331671833992004,coarse_candidate_mid_graph_weak,0.0036000682739540935
2546,3578,0.045322638005018234,0.0,0.045322638005018234,coarse_candidate_mid_graph_weak,0.04339626617729664
1352,1584,0.04531102254986763,0.0,0.04531102254986763,coarse_candidate_mid_graph_weak,0.008262985851615667
325,550,0.04530414193868637,0.0,0.04530414193868637,coarse_candidate_mid_graph_weak,0.026992793194949627
140,3401,0.045270469039678574,0.0,0.045270469039678574,coarse_candidate_mid_graph_weak,0.020422982051968575
1454,1838,0.045254677534103394,0.0,0.045254677534103394,coarse_candidate_mid_graph_weak,0.03175712563097477
1022,2262,0.045242082327604294,0.0,0.045242082327604294,coarse_candidate_mid_graph_weak,0.04914736654609442
1140,3238,0.07155519723892212,0.012810738757252693,0.04524149592883689,coarse_candidate_mid_graph_weak,0.03483641194179654
245,2368,0.04523579031229019,0.0,0.04523579031229019,coarse_candidate_mid_graph_weak,0.02782690478488803
702,2892,0.12348690629005432,0.0026294428389519453,0.04522487454179611,coarse_candidate_mid_graph_weak,0.004148905340116471
3308,3508,0.04521740972995758,0.0,0.04521740972995758,coarse_candidate_mid_graph_weak,0.0
349,993,0.04705609753727913,0.0013334044488146901,0.04520746054569599,coarse_candidate_mid_graph_weak,0.0339411199092865
108,3311,0.04519765079021454,0.0,0.04519765079021454,coarse_candidate_mid_graph_weak,0.0
333,1036,0.04514661431312561,0.0,0.04514661431312561,coarse_candidate_mid_graph_weak,0.024083533324301243
201,1940,0.04513327404856682,0.0,0.04513327404856682,coarse_candidate_mid_graph_weak,0.021003402769565582
1061,1456,0.045124903321266174,0.0,0.045124903321266174,coarse_candidate_mid_graph_weak,0.002376931195612997
183,2760,0.06065378338098526,0.006695867516100407,0.04511614553612749,coarse_candidate_mid_graph_weak,0.026138445362448692
788,1430,0.04511452466249466,0.0,0.04511452466249466,coarse_candidate_mid_graph_weak,0.0
2659,3494,0.05660967156291008,0.007572151720523834,0.04508657395328154,coarse_candidate_mid_graph_weak,0.03719980828464031
715,2584,0.04507763311266899,0.0,0.04507763311266899,coarse_candidate_mid_graph_weak,0.021074258722364902
368,1294,0.045073624700307846,0.0,0.045073624700307846,coarse_candidate_mid_graph_weak,0.0
839,1419,0.04505355283617973,0.0,0.04505355283617973,coarse_candidate_mid_graph_weak,0.03411674965173006
510,1383,0.06054328382015228,0.010271904990077019,0.04504229513094327,coarse_candidate_mid_graph_weak,0.040119689889252186
3134,3408,0.04504122585058212,0.0,0.04504122585058212,coarse_candidate_mid_graph_weak,0.027827604673802853
527,1124,0.04502382129430771,0.0,0.04502382129430771,coarse_candidate_mid_graph_weak,0.0
443,1148,0.045023418962955475,0.0,0.045023418962955475,coarse_candidate_mid_graph_weak,0.010790382046252489
64,516,0.060618478804826736,0.006492333952337503,0.0450069853053861,coarse_candidate_mid_graph_weak,0.02520933747291565
1576,2333,0.10401225835084915,0.032826103270053864,0.04500500204448949,coarse_candidate_mid_graph_weak,0.05786266550421715
1208,1209,0.04499255493283272,0.0,0.04499255493283272,coarse_candidate_mid_graph_weak,0.007307629566639662
208,209,0.044978972524404526,0.0,0.044978972524404526,coarse_candidate_mid_graph_weak,0.0
2583,3485,0.04495054855942726,0.0,0.04495054855942726,coarse_candidate_mid_graph_weak,0.019258242566138506
1760,3569,0.04491107910871506,0.0,0.04491107910871506,coarse_candidate_mid_graph_weak,0.03284194227308035
511,1568,0.0778999924659729,0.057485830038785934,0.044894795888828394,coarse_candidate_mid_graph_weak,0.13568001985549927
405,1048,0.04489239305257797,0.0,0.04489239305257797,coarse_candidate_mid_graph_weak,0.020946033066138625
934,2026,0.04489118978381157,0.0,0.04489118978381157,coarse_candidate_mid_graph_weak,0.012771007139235735
3179,3573,0.044874414801597595,0.0,0.044874414801597595,coarse_candidate_mid_graph_weak,0.001566999068018049
1276,2011,0.044839031994342804,0.0,0.044839031994342804,coarse_candidate_mid_graph_weak,0.0
926,1103,0.04480896145105362,0.0,0.04480896145105362,coarse_candidate_mid_graph_weak,0.01734117278829217
876,1632,0.044762372970581055,0.0,0.044762372970581055,coarse_candidate_mid_graph_weak,0.013066009851172566
954,3381,0.0605006068944931,0.00397123210132122,0.04475869951879618,coarse_candidate_mid_graph_weak,0.015262569300830364
1854,2167,0.04474423825740814,0.0,0.04474423825740814,coarse_candidate_mid_graph_weak,0.007771356962621212
1632,1635,0.044730622321367264,0.0,0.044730622321367264,coarse_candidate_mid_graph_weak,0.007576319272629917
2223,2296,0.044728074222803116,0.0,0.044728074222803116,coarse_candidate_mid_graph_weak,0.019903374137356877
953,2319,0.05421021580696106,0.008640951476991177,0.044705658993444336,coarse_candidate_mid_graph_weak,0.049284554086625576
507,1811,0.06439290940761566,0.08765371888875961,0.04469862676899499,coarse_candidate_mid_graph_weak,0.2865947484970093
1190,2633,0.0446866899728775,0.0,0.0446866899728775,coarse_candidate_mid_graph_weak,0.0
228,2051,0.04467112571001053,0.0,0.04467112571001053,coarse_candidate_mid_graph_weak,0.0
732,2996,0.06966114044189453,0.012044786475598812,0.04466678328886245,coarse_candidate_mid_graph_weak,0.03356971964240074
1229,1992,0.04466002807021141,0.0,0.04466002807021141,coarse_candidate_mid_graph_weak,0.004740610835142434
316,319,0.04465010017156601,0.0,0.04465010017156601,coarse_candidate_mid_graph_weak,0.03720991313457489
1796,3185,0.04462535306811333,0.0,0.04462535306811333,coarse_candidate_mid_graph_weak,0.005230016773566604
88,90,0.04461998492479324,0.0,0.04461998492479324,coarse_candidate_mid_graph_weak,0.0
2401,2781,0.0445619560778141,0.0,0.0445619560778141,coarse_candidate_mid_graph_weak,0.030663219280540943
311,1095,0.0445285327732563,0.0,0.0445285327732563,coarse_candidate_mid_graph_weak,0.04540028050541878
431,2363,0.04451226443052292,0.0,0.04451226443052292,coarse_candidate_mid_graph_weak,0.007476355764083564
440,3146,0.04451048746705055,0.0,0.04451048746705055,coarse_candidate_mid_graph_weak,0.0269545023329556
308,479,0.0444905124604702,0.0,0.0444905124604702,coarse_candidate_mid_graph_weak,0.002276572398841381
1509,2767,0.04448584094643593,0.0,0.04448584094643593,coarse_candidate_mid_graph_weak,0.0
2944,3649,0.11218278855085373,0.013845231384038925,0.044484217833585214,coarse_candidate_mid_graph_weak,0.02294282801449299
60,2592,0.06034260615706444,0.007519146427512169,0.04448360398314786,coarse_candidate_mid_graph_weak,0.02860992681235075
823,1082,0.04447183385491371,0.0,0.04447183385491371,coarse_candidate_mid_graph_weak,0.0029129909817129374
363,2012,0.06964670121669769,0.011963225901126862,0.04446190289121077,coarse_candidate_mid_graph_weak,0.033083418384194374
1551,3184,0.044444940984249115,0.0,0.044444940984249115,coarse_candidate_mid_graph_weak,0.04612536448985338
294,1340,0.044439222663640976,0.0,0.044439222663640976,coarse_candidate_mid_graph_weak,0.0
2027,3087,0.04443620145320892,0.0,0.04443620145320892,coarse_candidate_mid_graph_weak,0.0066981876734644175
1340,2864,0.04443379119038582,0.0,0.04443379119038582,coarse_candidate_mid_graph_weak,0.0020164386369287968
25,1367,0.04443272948265076,0.0,0.04443272948265076,coarse_candidate_mid_graph_weak,0.025340475142002106
2884,3238,0.04442339017987251,0.0,0.04442339017987251,coarse_candidate_mid_graph_weak,0.03268110193312168
356,582,0.04440371319651604,0.0,0.04440371319651604,coarse_candidate_mid_graph_weak,0.00918965507298708
70,1286,0.12191826850175858,0.027759190648794174,0.044366656933038366,coarse_candidate_mid_graph_weak,0.04364000167697668
2940,3649,0.044365376234054565,0.0,0.044365376234054565,coarse_candidate_mid_graph_weak,0.006093321600928903
666,667,0.044354237616062164,0.0,0.044354237616062164,coarse_candidate_mid_graph_weak,0.0035558169474825263
707,838,0.0443284697830677,0.0,0.0443284697830677,coarse_candidate_mid_graph_weak,0.017448685597628355
1309,1561,0.044295426458120346,0.0,0.044295426458120346,coarse_candidate_mid_graph_weak,0.054966834373772144
877,1141,0.05159994587302208,0.003140982473269105,0.04429401311853837,coarse_candidate_mid_graph_weak,0.022183960769325495
1329,1953,0.04428182914853096,0.0,0.04428182914853096,coarse_candidate_mid_graph_weak,0.0
2629,2631,0.04427091032266617,0.0,0.04427091032266617,coarse_candidate_mid_graph_weak,0.0
1693,2698,0.044235218316316605,0.0,0.044235218316316605,coarse_candidate_mid_graph_weak,0.02431295718997717
337,1440,0.04422825202345848,0.0,0.04422825202345848,coarse_candidate_mid_graph_weak,0.013768442906439304
568,2877,0.04422786459326744,0.0,0.04422786459326744,coarse_candidate_mid_graph_weak,0.013962316559627652
609,2661,0.04421883448958397,0.0,0.04421883448958397,coarse_candidate_mid_graph_weak,0.0015536100254394114
2666,3543,0.044192615896463394,0.0,0.044192615896463394,coarse_candidate_mid_graph_weak,0.019152027554810047
765,3399,0.04757463186979294,0.0030537291895598173,0.044133468765664624,coarse_candidate_mid_graph_weak,0.042218295857310295
3527,3609,0.04411090910434723,0.0,0.04411090910434723,coarse_candidate_mid_graph_weak,0.010059548425488174
2667,3638,0.05366026237607002,0.006528806407004595,0.04410775988676201,coarse_candidate_mid_graph_weak,0.03667494095861912
1272,1492,0.04410574957728386,0.0,0.04410574957728386,coarse_candidate_mid_graph_weak,0.0
780,1706,0.044090721756219864,0.0,0.044090721756219864,coarse_candidate_mid_graph_weak,0.028622215148061514
1254,2682,0.05168631300330162,0.004918236285448074,0.04406990623347581,coarse_candidate_mid_graph_weak,0.033376040402799845
237,2038,0.04406445473432541,0.0,0.04406445473432541,coarse_candidate_mid_graph_weak,0.0
1474,3388,0.04405450075864792,0.0,0.04405450075864792,coarse_candidate_mid_graph_weak,0.0
1107,2702,0.04401760548353195,0.0,0.04401760548353195,coarse_candidate_mid_graph_weak,0.019863812252879143
299,3478,0.04400595277547836,0.0,0.04400595277547836,coarse_candidate_mid_graph_weak,0.002905441098846495
687,3484,0.0528121143579483,0.013035675510764122,0.04400475645689949,coarse_candidate_mid_graph_weak,0.07816664129495621
1868,2973,0.04399584233760834,0.0,0.04399584233760834,coarse_candidate_mid_graph_weak,0.005838206619955599
1742,3256,0.04398239776492119,0.0,0.04398239776492119,coarse_candidate_mid_graph_weak,0.0
3000,3577,0.043969232589006424,0.0,0.043969232589006424,coarse_candidate_mid_graph_weak,0.014004770666360855
911,3192,0.0439591221511364,0.0,0.0439591221511364,coarse_candidate_mid_graph_weak,0.035983133129775524
665,1790,0.04391958564519882,0.0,0.04391958564519882,coarse_candidate_mid_graph_weak,0.01996447052806616
1,1969,0.04391178488731384,0.0,0.04391178488731384,coarse_candidate_mid_graph_weak,0.04740551672875881
1746,2848,0.04389408230781555,0.0,0.04389408230781555,coarse_candidate_mid_graph_weak,0.0020907443831674755
1276,1317,0.0438719242811203,0.0,0.0438719242811203,coarse_candidate_mid_graph_weak,0.0
1221,1630,0.043854281306266785,0.0,0.043854281306266785,coarse_candidate_mid_graph_weak,0.007172532379627228
29,32,0.043823134154081345,0.0,0.043823134154081345,coarse_candidate_mid_graph_weak,0.006999229313805699
491,1100,0.04381175339221954,0.0,0.04381175339221954,coarse_candidate_mid_graph_weak,0.03720403928309679
953,3381,0.0437723807990551,0.0,0.0437723807990551,coarse_candidate_mid_graph_weak,0.049284554086625576
1277,1821,0.043768517673015594,0.0,0.043768517673015594,coarse_candidate_mid_graph_weak,0.007914803456515074
328,787,0.04376066476106644,0.0,0.04376066476106644,coarse_candidate_mid_graph_weak,0.0018849045736715198
1705,1706,0.043758291751146317,0.0,0.043758291751146317,coarse_candidate_mid_graph_weak,0.0
829,1555,0.04375259950757027,0.0,0.04375259950757027,coarse_candidate_mid_graph_weak,0.0
0,586,0.04374297708272934,0.0,0.04374297708272934,coarse_candidate_mid_graph_weak,0.010235836263746023
863,3533,0.048135288059711456,0.003024401841685176,0.04372486274929747,coarse_candidate_mid_graph_weak,0.033008257392793894
153,675,0.04372372478246689,0.0,0.04372372478246689,coarse_candidate_mid_graph_weak,0.023304753005504608
2036,2961,0.0576581135392189,0.0070062000304460526,0.04371076438692621,coarse_candidate_mid_graph_weak,0.02896351646631956
1209,2621,0.043700020760297775,0.0,0.043700020760297775,coarse_candidate_mid_graph_weak,0.006699046120047569
979,3360,0.04369411617517471,0.0,0.04369411617517471,coarse_candidate_mid_graph_weak,0.035820466466248035
1507,2420,0.043685972690582275,0.0,0.043685972690582275,coarse_candidate_mid_graph_weak,0.001996269915252924
409,879,0.043669186532497406,0.0,0.043669186532497406,coarse_candidate_mid_graph_weak,0.0
1647,3060,0.04366810619831085,0.0,0.04366810619831085,coarse_candidate_mid_graph_weak,0.024554182309657335
635,1731,0.04364684224128723,0.0,0.04364684224128723,coarse_candidate_mid_graph_weak,0.02128274692222476
1124,2869,0.04363374039530754,0.0,0.04363374039530754,coarse_candidate_mid_graph_weak,0.02858457900583744
1731,1814,0.04362001270055771,0.0,0.04362001270055771,coarse_candidate_mid_graph_weak,0.0
336,1158,0.043593890964984894,0.0,0.043593890964984894,coarse_candidate_mid_graph_weak,0.006214494351297617
525,2269,0.04618948698043823,0.003242220263928175,0.04358433887360305,coarse_candidate_mid_graph_weak,0.05748482793569565
219,246,0.04357659071683884,0.0,0.04357659071683884,coarse_candidate_mid_graph_weak,0.0
67,153,0.043539807200431824,0.0,0.043539807200431824,coarse_candidate_mid_graph_weak,0.0
2662,3491,0.04350437596440315,0.0,0.04350437596440315,coarse_candidate_mid_graph_weak,0.006545971613377333
1430,2182,0.04349104315042496,0.0,0.04349104315042496,coarse_candidate_mid_graph_weak,0.0448197340592742
1951,2582,0.04344414547085762,0.0,0.04344414547085762,coarse_candidate_mid_graph_weak,0.0009723734110593796
1618,2344,0.04343981295824051,0.0,0.04343981295824051,coarse_candidate_mid_graph_weak,0.008010085439309478
3066,3129,0.04544994235038757,0.000637658522464335,0.04342610580215973,coarse_candidate_mid_graph_weak,0.014320100657641888
1577,1578,0.043410129845142365,0.0,0.043410129845142365,coarse_candidate_mid_graph_weak,0.0
1414,2423,0.043357446789741516,0.0,0.043357446789741516,coarse_candidate_mid_graph_weak,0.0045671515399590135
519,2796,0.04334850609302521,0.0,0.04334850609302521,coarse_candidate_mid_graph_weak,0.03788019064813852
24,3343,0.10033027827739716,0.02741340547800064,0.04332031469409082,coarse_candidate_mid_graph_weak,0.04824410378932953
872,930,0.05959794670343399,0.00788278877735138,0.043315760781774584,coarse_candidate_mid_graph_weak,0.02885349839925766
19,136,0.04330839589238167,0.0,0.04330839589238167,coarse_candidate_mid_graph_weak,0.0062828121008351445
2097,2113,0.04329140484333038,0.0,0.04329140484333038,coarse_candidate_mid_graph_weak,0.014129789546132088
51,3625,0.043289538472890854,0.0,0.043289538472890854,coarse_candidate_mid_graph_weak,0.01828976208344102
346,1991,0.04328589513897896,0.0,0.04328589513897896,coarse_candidate_mid_graph_weak,0.004782877396792173
711,2803,0.04328220710158348,0.0,0.04328220710158348,coarse_candidate_mid_graph_weak,0.0
942,3272,0.0432722344994545,0.0,0.0432722344994545,coarse_candidate_mid_graph_weak,0.0
1190,1792,0.043265439569950104,0.0,0.043265439569950104,coarse_candidate_mid_graph_weak,0.0
993,1077,0.04321764409542084,0.0,0.04321764409542084,coarse_candidate_mid_graph_weak,0.00033335111220367253
777,2793,0.04321739450097084,0.0,0.04321739450097084,coarse_candidate_mid_graph_weak,0.0031897840090095997
797,2600,0.043188098818063736,0.0,0.043188098818063736,coarse_candidate_mid_graph_weak,0.01567204389721155
1273,2183,0.04702708497643471,0.0033212678972631693,0.04317336596937974,coarse_candidate_mid_graph_weak,0.04052956309169531
1140,1141,0.04317161440849304,0.0,0.04317161440849304,coarse_candidate_mid_graph_weak,0.03483641194179654
97,1318,0.04314500838518143,0.0,0.04314500838518143,coarse_candidate_mid_graph_weak,0.030893562827259302
3540,3583,0.0431220643222332,0.0,0.0431220643222332,coarse_candidate_mid_graph_weak,0.05118925776332617
1159,1162,0.04309771955013275,0.0,0.04309771955013275,coarse_candidate_mid_graph_weak,0.0
1917,2758,0.043065086007118225,0.0,0.043065086007118225,coarse_candidate_mid_graph_weak,0.011184463975951076
120,3594,0.043057117611169815,0.0,0.043057117611169815,coarse_candidate_mid_graph_weak,0.03503092844039202
462,463,0.04304523766040802,0.0,0.04304523766040802,coarse_candidate_mid_graph_weak,0.020127928350120783
2115,3413,0.043043967336416245,0.0,0.043043967336416245,coarse_candidate_mid_graph_weak,0.02342505194246769
2307,3087,0.05963772162795067,0.003900275332853198,0.04300227730823893,coarse_candidate_mid_graph_weak,0.013982405886054039
1447,2110,0.04298751428723335,0.0,0.04298751428723335,coarse_candidate_mid_graph_weak,0.024654831737279892
523,2014,0.04827260598540306,0.003021258395165205,0.04298662117071204,coarse_candidate_mid_graph_weak,0.027590699028223753
754,3329,0.04296720772981644,0.0,0.04296720772981644,coarse_candidate_mid_graph_weak,0.03223210945725441
875,1786,0.04295951873064041,0.0,0.04295951873064041,coarse_candidate_mid_graph_weak,0.01947410311549902
599,1154,0.06467892229557037,0.004066687077283859,0.04295774877024329,coarse_candidate_mid_graph_weak,0.012109333649277687
422,3333,0.042943600565195084,0.0,0.042943600565195084,coarse_candidate_mid_graph_weak,0.0030557026620954275
964,965,0.13609632849693298,0.002808657009154558,0.0429387615344947,coarse_candidate_mid_graph_weak,0.004103240557014942
658,1032,0.0428943932056427,0.0,0.0428943932056427,coarse_candidate_mid_graph_weak,0.028606373816728592
1760,3335,0.04284052923321724,0.0,0.04284052923321724,coarse_candidate_mid_graph_weak,0.03284194227308035
429,2812,0.04283391311764717,0.0,0.04283391311764717,coarse_candidate_mid_graph_weak,0.0
377,464,0.04283244535326958,0.0,0.04283244535326958,coarse_candidate_mid_graph_weak,0.024290718138217926
567,1839,0.042826779186725616,0.0,0.042826779186725616,coarse_candidate_mid_graph_weak,0.005821097060106695
1824,2985,0.06641380488872528,0.008802353404462337,0.04278793595399954,coarse_candidate_mid_graph_weak,0.024743969552218914
998,1833,0.05815684795379639,0.010492457076907158,0.04278177369622097,coarse_candidate_mid_graph_weak,0.03968814853578806
1626,1627,0.04275466501712799,0.0,0.04275466501712799,coarse_candidate_mid_graph_weak,0.03960029408335686
2287,3059,0.04273730888962746,0.0,0.04273730888962746,coarse_candidate_mid_graph_weak,0.0343278250657022
247,1897,0.042723625898361206,0.0,0.042723625898361206,coarse_candidate_mid_graph_weak,0.021706472150981426
2255,2644,0.04269507899880409,0.0,0.04269507899880409,coarse_candidate_mid_graph_weak,0.0
352,1208,0.05532977730035782,0.007307629566639662,0.04266118963514962,coarse_candidate_mid_graph_weak,0.03191591100767255
1922,1990,0.04966895654797554,0.006237732246518135,0.04266114118447038,coarse_candidate_mid_graph_weak,0.044210875406861305
361,890,0.04264537990093231,0.0,0.04264537990093231,coarse_candidate_mid_graph_weak,0.0
333,1060,0.04264336824417114,0.0,0.04264336824417114,coarse_candidate_mid_graph_weak,0.024083533324301243
2142,2180,0.08455691486597061,0.0747213214635849,0.042613426483016775,coarse_candidate_mid_graph_weak,0.15063612163066864
1474,2065,0.042607199400663376,0.0,0.042607199400663376,coarse_candidate_mid_graph_weak,0.0
2198,2580,0.04258010908961296,0.0,0.04258010908961296,coarse_candidate_mid_graph_weak,0.003323199227452278
1780,2061,0.047402553260326385,0.002653302624821663,0.042548707483614494,coarse_candidate_mid_graph_weak,0.02591209625825286
2013,2383,0.14081773161888123,0.10489031672477722,0.04254707991230294,coarse_candidate_mid_graph_weak,0.1503034345805645
1849,3523,0.04253745079040527,0.0,0.04253745079040527,coarse_candidate_mid_graph_weak,0.032808514311909676
619,2533,0.0425272136926651,0.0,0.0425272136926651,coarse_candidate_mid_graph_weak,0.009985544718801975
1854,3146,0.042525265365839005,0.0,0.042525265365839005,coarse_candidate_mid_graph_weak,0.007771356962621212
2416,3184,0.04526051506400108,0.0016552669694647193,0.04252088890449021,coarse_candidate_mid_graph_weak,0.027346152812242508
312,3143,0.04251996800303459,0.0,0.04251996800303459,coarse_candidate_mid_graph_weak,0.021291851066052914
266,3038,0.05745901167392731,0.005496202502399683,0.042506625344333526,coarse_candidate_mid_graph_weak,0.02112080017104745
783,998,0.0425012931227684,0.0,0.0425012931227684,coarse_candidate_mid_graph_weak,0.018776184879243374
751,1355,0.042497359216213226,0.0,0.042497359216213226,coarse_candidate_mid_graph_weak,0.031875659711658955
2685,3074,0.042463816702365875,0.0,0.042463816702365875,coarse_candidate_mid_graph_weak,0.0
261,1610,0.04245045781135559,0.0,0.04245045781135559,coarse_candidate_mid_graph_weak,0.0
587,3044,0.042421337217092514,0.0,0.042421337217092514,coarse_candidate_mid_graph_weak,0.0
670,2443,0.05889580398797989,0.008994588628411293,0.042413843312937065,coarse_candidate_mid_graph_weak,0.03214080771431327
1371,1659,0.04237442463636398,0.0,0.04237442463636398,coarse_candidate_mid_graph_weak,0.0044087417190894485
3249,3255,0.04237368330359459,0.0,0.04237368330359459,coarse_candidate_mid_graph_weak,0.05012461915612221
3060,3235,0.0504552461206913,0.011097748763859272,0.042366380110010725,coarse_candidate_mid_graph_weak,0.06922350358217955
1892,3234,0.042344775050878525,0.0,0.042344775050878525,coarse_candidate_mid_graph_weak,0.0036828843876719475
1720,1721,0.04234294220805168,0.0,0.04234294220805168,coarse_candidate_mid_graph_weak,0.002567610703408718
713,745,0.042329855263233185,0.0,0.042329855263233185,coarse_candidate_mid_graph_weak,0.0
1030,1393,0.04232443869113922,0.0,0.04232443869113922,coarse_candidate_mid_graph_weak,0.0
2427,3001,0.04818904399871826,0.00486603332683444,0.042307744935923645,coarse_candidate_mid_graph_weak,0.039870357140898705
2918,3532,0.07120652496814728,0.007470882497727871,0.04226672943250124,coarse_candidate_mid_graph_weak,0.01838214718736708
1605,3003,0.04224565625190735,0.0,0.04224565625190735,coarse_candidate_mid_graph_weak,0.020927665755152702
2668,3185,0.04222719371318817,0.0,0.04222719371318817,coarse_candidate_mid_graph_weak,0.017585712019354105
305,2551,0.051987312734127045,0.004555445164442062,0.042210641390648444,coarse_candidate_mid_graph_weak,0.024223515763878822
604,1948,0.042166903614997864,0.0,0.042166903614997864,coarse_candidate_mid_graph_weak,0.04267722740769386
241,243,0.05042426288127899,0.0050421967171132565,0.042130103557061906,coarse_candidate_mid_graph_weak,0.03065398707985878
2285,2660,0.04211992397904396,0.0,0.04211992397904396,coarse_candidate_mid_graph_weak,0.0024075040128082037
923,1539,0.10830327123403549,0.017121413722634315,0.04210199504806387,coarse_candidate_mid_graph_weak,0.028010111302137375
2059,3198,0.0788828581571579,0.018694590777158737,0.04209980055041184,coarse_candidate_mid_graph_weak,0.040091358590871096
1215,2308,0.04207441583275795,0.0,0.04207441583275795,coarse_candidate_mid_graph_weak,0.04051801050081849
2715,3375,0.042068395763635635,0.0,0.042068395763635635,coarse_candidate_mid_graph_weak,0.019111402798444033
2476,3485,0.05355917662382126,0.008606217801570892,0.04200590872451461,coarse_candidate_mid_graph_weak,0.03989710472524166
2401,3073,0.0822337418794632,0.015005814842879772,0.041990599331691435,coarse_candidate_mid_graph_weak,0.030663219280540943
870,871,0.04198215901851654,0.0,0.04198215901851654,coarse_candidate_mid_graph_weak,0.024198683444410563
831,905,0.04682057723402977,0.0019838225562125444,0.04197116317690558,coarse_candidate_mid_graph_weak,0.0191535959020257
2990,2991,0.11090695112943649,0.003565496299415827,0.04196526660726101,coarse_candidate_mid_graph_weak,0.005735837854444981
818,1035,0.11562763154506683,0.05383024737238884,0.041955649295265136,coarse_candidate_mid_graph_weak,0.08448617532849312
2507,2772,0.0419384203851223,0.0,0.0419384203851223,coarse_candidate_mid_graph_weak,0.02022385038435459
2628,2782,0.04193088412284851,0.0,0.04193088412284851,coarse_candidate_mid_graph_weak,0.0
2792,2794,0.04192741587758064,0.0,0.04192741587758064,coarse_candidate_mid_graph_weak,0.0
988,2119,0.04328404366970062,0.0012790788896381855,0.0419204067338459,coarse_candidate_mid_graph_weak,0.04060003440827131
78,80,0.041903868317604065,0.0,0.041903868317604065,coarse_candidate_mid_graph_weak,0.03272361075505614
780,1242,0.04183589294552803,0.0,0.04183589294552803,coarse_candidate_mid_graph_weak,0.028622215148061514
1785,2999,0.04182754084467888,0.0,0.04182754084467888,coarse_candidate_mid_graph_weak,0.025503517594188452
232,2818,0.06785362958908081,0.010620292276144028,0.04181992844261128,coarse_candidate_mid_graph_weak,0.02768048131838441
3197,3609,0.04181884974241257,0.0,0.04181884974241257,coarse_candidate_mid_graph_weak,0.04580300208181143
1070,2298,0.04181266576051712,0.0,0.04181266576051712,coarse_candidate_mid_graph_weak,0.004610522068105638
551,2131,0.047269612550735474,0.0019347203196957707,0.04180189350846364,coarse_candidate_mid_graph_weak,0.01672607520595193
953,3340,0.0564386248588562,0.012790527194738388,0.04179144422652223,coarse_candidate_mid_graph_weak,0.049284554086625576
113,996,0.041769493371248245,0.0,0.041769493371248245,coarse_candidate_mid_graph_weak,0.04369003791362047
1216,1581,0.041766099631786346,0.0,0.041766099631786346,coarse_candidate_mid_graph_weak,0.011175790801644325
225,321,0.041732028126716614,0.0,0.041732028126716614,coarse_candidate_mid_graph_weak,0.034076584968715906
209,2011,0.041723065078258514,0.0,0.041723065078258514,coarse_candidate_mid_graph_weak,0.0013453366700559855
828,2699,0.04169797897338867,0.0,0.04169797897338867,coarse_candidate_mid_graph_weak,0.02906246716156602
523,598,0.041691672056913376,0.0,0.041691672056913376,coarse_candidate_mid_graph_weak,0.027590699028223753
2334,2412,0.04168867692351341,0.0,0.04168867692351341,coarse_candidate_mid_graph_weak,0.0032649360364302993
1353,1354,0.041684675961732864,0.0,0.041684675961732864,coarse_candidate_mid_graph_weak,0.020059697795659304
1573,2663,0.059027839452028275,0.01000960823148489,0.041658909409263124,coarse_candidate_mid_graph_weak,0.03401738312095404
2804,3158,0.041655052453279495,0.0,0.041655052453279495,coarse_candidate_mid_graph_weak,0.013338154880329967
1064,1514,0.04164980351924896,0.0,0.04164980351924896,coarse_candidate_mid_graph_weak,0.012904744129627943
2037,3047,0.041646674275398254,0.0,0.041646674275398254,coarse_candidate_mid_graph_weak,0.004805224249139428
3657,3662,0.04163731262087822,0.0,0.04163731262087822,coarse_candidate_mid_graph_weak,0.004920906387269497
1761,1762,0.04157617688179016,0.0,0.04157617688179016,coarse_candidate_mid_graph_weak,0.0
204,273,0.041576121002435684,0.0,0.041576121002435684,coarse_candidate_mid_graph_weak,0.012498271651566029
462,615,0.04156729206442833,0.0,0.04156729206442833,coarse_candidate_mid_graph_weak,0.020127928350120783
991,1133,0.04155080392956734,0.0,0.04155080392956734,coarse_candidate_mid_graph_weak,0.0
1036,2113,0.041533760726451874,0.0,0.041533760726451874,coarse_candidate_mid_graph_weak,0.0
1260,2298,0.04833109676837921,0.004266582895070314,0.04152993843331714,coarse_candidate_mid_graph_weak,0.03031963389366865
1602,1683,0.04800651594996452,0.004941797815263271,0.0415154559048265,coarse_candidate_mid_graph_weak,0.0365484980866313
1701,2586,0.04150889813899994,0.0,0.04150889813899994,coarse_candidate_mid_graph_weak,0.0
2629,2630,0.041496820747852325,0.0,0.041496820747852325,coarse_candidate_mid_graph_weak,0.0
61,3415,0.06212557479739189,0.0059451451525092125,0.041494957683479126,coarse_candidate_mid_graph_weak,0.017902787774801254
515,940,0.04147905111312866,0.0,0.04147905111312866,coarse_candidate_mid_graph_weak,0.0423539518378675
3154,3165,0.06724652647972107,0.006188934203237295,0.04147885404789923,coarse_candidate_mid_graph_weak,0.016151413321495056
2036,2395,0.044902488589286804,0.002212035469710827,0.04147314334547672,coarse_candidate_mid_graph_weak,0.02896351646631956
994,1396,0.04147182032465935,0.0,0.04147182032465935,coarse_candidate_mid_graph_weak,0.012148309033364058
1270,2779,0.12095758318901062,0.005551168229430914,0.04145095536720034,coarse_candidate_mid_graph_weak,0.008445282001048326
919,944,0.04143982753157616,0.0,0.04143982753157616,coarse_candidate_mid_graph_weak,0.02033064141869545
332,386,0.04143489897251129,0.0,0.04143489897251129,coarse_candidate_mid_graph_weak,0.02132973074913025
1853,2135,0.04142996296286583,0.0,0.04142996296286583,coarse_candidate_mid_graph_weak,0.037422810681164265
492,1214,0.04605487361550331,0.001973111880943179,0.04140982309754963,coarse_candidate_mid_graph_weak,0.019563063513487577
257,2801,0.041409216821193695,0.0,0.041409216821193695,coarse_candidate_mid_graph_weak,0.020486880093812943
2198,2700,0.04138042405247688,0.0,0.04138042405247688,coarse_candidate_mid_graph_weak,0.003323199227452278
213,1614,0.044019367545843124,0.002237151376903057,0.04137620544145877,coarse_candidate_mid_graph_weak,0.03725764248520136
866,3507,0.04133313521742821,0.0,0.04133313521742821,coarse_candidate_mid_graph_weak,0.014402848668396473
1848,2664,0.04131084308028221,0.0,0.04131084308028221,coarse_candidate_mid_graph_weak,0.02848562365397811
2285,2732,0.04130571708083153,0.0,0.04130571708083153,coarse_candidate_mid_graph_weak,0.0024075040128082037
96,3038,0.041297413408756256,0.0,0.041297413408756256,coarse_candidate_mid_graph_weak,0.03258254425600171
296,2642,0.04128430411219597,0.0,0.04128430411219597,coarse_candidate_mid_graph_weak,0.03570286789909005
563,3537,0.04127461463212967,0.0,0.04127461463212967,coarse_candidate_mid_graph_weak,0.033231443259865046
1253,2550,0.0755978599190712,0.013437457382678986,0.04126854537344398,coarse_candidate_mid_graph_weak,0.02959112450480461
3249,3603,0.0465400330722332,0.005701045971363783,0.041246688753203385,coarse_candidate_mid_graph_weak,0.05012461915612221
1421,1985,0.04117865487933159,0.0,0.04117865487933159,coarse_candidate_mid_graph_weak,0.03392949001863599
2278,2392,0.04114162549376488,0.0,0.04114162549376488,coarse_candidate_mid_graph_weak,0.04369666799902916
1703,1747,0.05565705895423889,0.008635970763862133,0.04112743233964412,coarse_candidate_mid_graph_weak,0.03308087307959795
1934,3344,0.044665802270174026,0.0046414947137236595,0.04112632500125842,coarse_candidate_mid_graph_weak,0.05857251491397619
3084,3085,0.04112379625439644,0.0,0.04112379625439644,coarse_candidate_mid_graph_weak,0.016978097846731544
2420,3185,0.05573246628046036,0.004208942409604788,0.041094591550108035,coarse_candidate_mid_graph_weak,0.01602519117295742
325,1930,0.041093386709690094,0.0,0.041093386709690094,coarse_candidate_mid_graph_weak,0.026992793194949627
2640,3464,0.04105112701654434,0.0,0.04105112701654434,coarse_candidate_mid_graph_weak,0.006120847072452307
568,926,0.041036538779735565,0.0,0.041036538779735565,coarse_candidate_mid_graph_weak,0.013962316559627652
1053,1199,0.06191737949848175,0.01522192545235157,0.04102057754075112,coarse_candidate_mid_graph_weak,0.04510267823934555
279,1295,0.046027813106775284,0.0034019039012491703,0.04101453941674678,coarse_candidate_mid_graph_weak,0.031233522575348616
2737,3211,0.041002146899700165,0.0,0.041002146899700165,coarse_candidate_mid_graph_weak,0.013418587390333414
1160,3475,0.041000839322805405,0.0,0.041000839322805405,coarse_candidate_mid_graph_weak,0.0031598653877153993
1563,3250,0.0409746915102005,0.0,0.0409746915102005,coarse_candidate_mid_graph_weak,0.002658278332091868
302,1507,0.0468733087182045,0.003992539830505848,0.04097033634131192,coarse_candidate_mid_graph_weak,0.031703274231404066
1058,3445,0.040967799723148346,0.0,0.040967799723148346,coarse_candidate_mid_graph_weak,0.0045073016081005335
284,2970,0.040963441133499146,0.0,0.040963441133499146,coarse_candidate_mid_graph_weak,0.024331951048225164
287,1810,0.05310998111963272,0.005072296131402254,0.04095241996318587,coarse_candidate_mid_graph_weak,0.02215819014236331
115,1293,0.041392453014850616,0.00032497342908754945,0.040938280574666426,coarse_candidate_mid_graph_weak,0.0296174893155694
542,3019,0.04093543440103531,0.0,0.04093543440103531,coarse_candidate_mid_graph_weak,0.025683985091745853
2156,3016,0.06582587212324142,0.016763295978307724,0.04092346313098061,coarse_candidate_mid_graph_weak,0.044311318546533585
2307,2502,0.06407004594802856,0.005056162364780903,0.0409017473253066,coarse_candidate_mid_graph_weak,0.013982405886054039
814,1162,0.04088608920574188,0.0,0.04088608920574188,coarse_candidate_mid_graph_weak,0.025455494411289692
155,2780,0.040865302085876465,0.0,0.040865302085876465,coarse_candidate_mid_graph_weak,0.029501971788704395
2936,3098,0.06412738561630249,0.009490896947681904,0.04084254262863,coarse_candidate_mid_graph_weak,0.026138308458030224
528,1973,0.06053238734602928,0.003646265482529998,0.04083798012554327,coarse_candidate_mid_graph_weak,0.0112070981413126
2475,2513,0.05826695263385773,0.001856506336480379,0.040830910287794904,coarse_candidate_mid_graph_weak,0.0062039862386882305
365,1290,0.04082747921347618,0.0,0.04082747921347618,coarse_candidate_mid_graph_weak,0.03437918936833739
553,554,0.05780910700559616,0.0036994703114032745,0.0407745683133386,coarse_candidate_mid_graph_weak,0.01255467371083796
3078,3497,0.04833260551095009,0.008364327251911163,0.04077168129201406,coarse_candidate_mid_graph_weak,0.053468295373022556
1144,1146,0.040761854499578476,0.0,0.040761854499578476,coarse_candidate_mid_graph_weak,0.009588207118213177
143,1352,0.04560913145542145,0.003750533564016223,0.04075540662548387,coarse_candidate_mid_graph_weak,0.0352427433244884
876,1633,0.040738318115472794,0.0,0.040738318115472794,coarse_candidate_mid_graph_weak,0.013066009851172566
46,1031,0.07875129580497742,0.003644725540652871,0.04073144707525322,coarse_candidate_mid_graph_weak,0.007549395086243749
817,1400,0.08178137242794037,0.02012794464826584,0.04071613218581857,coarse_candidate_mid_graph_weak,0.040084775537252426
991,1147,0.0407085046172142,0.0,0.0407085046172142,coarse_candidate_mid_graph_weak,0.0
485,595,0.04068746417760849,0.0,0.04068746417760849,coarse_candidate_mid_graph_weak,0.0
1257,2181,0.042383309453725815,0.0018035972025245428,0.040679631569060244,coarse_candidate_mid_graph_weak,0.04486905597150326
1308,3273,0.13817256689071655,0.010078047402203083,0.040645920902313094,coarse_candidate_mid_graph_weak,0.01427824841812253
237,239,0.040642011910676956,0.0,0.040642011910676956,coarse_candidate_mid_graph_weak,0.0
240,2555,0.1286618858575821,0.038268253207206726,0.04063425144105305,coarse_candidate_mid_graph_weak,0.05593318119645119
945,2947,0.040586721152067184,0.0,0.040586721152067184,coarse_candidate_mid_graph_weak,0.007211197400465608
604,1877,0.044029351323843,0.003351060673594475,0.04057212046168522,coarse_candidate_mid_graph_weak,0.04267722740769386
651,1705,0.04056352749466896,0.0,0.04056352749466896,coarse_candidate_mid_graph_weak,0.0
739,916,0.04054754227399826,0.0,0.04054754227399826,coarse_candidate_mid_graph_weak,0.024714743718504906
1482,2240,0.04054667055606842,0.0,0.04054667055606842,coarse_candidate_mid_graph_weak,0.031018314883112907
271,2460,0.05616327375173569,0.010113171301782131,0.040526198693665756,coarse_candidate_mid_graph_weak,0.03632321301847696
1085,2802,0.04051094129681587,0.0,0.04051094129681587,coarse_candidate_mid_graph_weak,0.031918526627123356
667,668,0.04050714150071144,0.0,0.04050714150071144,coarse_candidate_mid_graph_weak,0.0016199115780182183
284,3260,0.040506523102521896,0.0,0.040506523102521896,coarse_candidate_mid_graph_weak,0.024331951048225164
1552,2327,0.04786355048418045,0.0027213185094296932,0.040497394665678144,coarse_candidate_mid_graph_weak,0.017682488542050123
442,625,0.05382257327437401,0.006452550180256367,0.040487330437686944,coarse_candidate_mid_graph_weak,0.026043234393000603
2083,3246,0.09105023741722107,0.007985161617398262,0.040458265122951004,coarse_candidate_mid_graph_weak,0.014370874036103487
701,2836,0.04045569524168968,0.0,0.04045569524168968,coarse_candidate_mid_graph_weak,0.002982169040478766
16,72,0.040449511259794235,0.0,0.040449511259794235,coarse_candidate_mid_graph_weak,0.01106096780858934
2208,2841,0.04042882099747658,0.0,0.04042882099747658,coarse_candidate_mid_graph_weak,0.0
670,960,0.040423229336738586,0.0,0.040423229336738586,coarse_candidate_mid_graph_weak,0.03214080771431327
2480,3657,0.040396030992269516,0.0,0.040396030992269516,coarse_candidate_mid_graph_weak,0.021896834950894117
334,2699,0.040355563163757324,0.0,0.040355563163757324,coarse_candidate_mid_graph_weak,0.03880617255344987
3091,3171,0.048254840075969696,0.004235298838466406,0.04034664034728836,coarse_candidate_mid_graph_weak,0.025843260809779167
1054,2789,0.04032929241657257,0.0,0.04032929241657257,coarse_candidate_mid_graph_weak,0.019765731878578663
512,1294,0.04032251238822937,0.0,0.04032251238822937,coarse_candidate_mid_graph_weak,0.0
613,3078,0.04032227769494057,0.0,0.04032227769494057,coarse_candidate_mid_graph_weak,0.0
1350,2574,0.04032141715288162,0.0,0.04032141715288162,coarse_candidate_mid_graph_weak,0.029146084561944008
2416,2669,0.0403093658387661,0.0,0.0403093658387661,coarse_candidate_mid_graph_weak,0.027346152812242508
974,2360,0.04028771445155144,0.0,0.04028771445155144,coarse_candidate_mid_graph_weak,0.003198155900463462
433,1110,0.04319711774587631,0.002149307169020176,0.04028273264341403,coarse_candidate_mid_graph_weak,0.031857105903327465
2390,3158,0.04028133675456047,0.0,0.04028133675456047,coarse_candidate_mid_graph_weak,0.0
2291,3033,0.04027094319462776,0.0,0.04027094319462776,coarse_candidate_mid_graph_weak,0.0657455064356327
1195,2084,0.040258198976516724,0.0,0.040258198976516724,coarse_candidate_mid_graph_weak,0.022516769357025623
134,2334,0.04025505110621452,0.0,0.04025505110621452,coarse_candidate_mid_graph_weak,0.01585056260228157
913,1715,0.05608390271663666,0.0031873176340013742,0.040237984565501476,coarse_candidate_mid_graph_weak,0.011280962731689215
930,1634,0.040227241814136505,0.0,0.040227241814136505,coarse_candidate_mid_graph_weak,0.00568714109249413
638,872,0.046589870005846024,0.0022623485419899225,0.04018847805918155,coarse_candidate_mid_graph_weak,0.01646556332707405
2170,3146,0.042978547513484955,0.004094659350812435,0.04018259899125893,coarse_candidate_mid_graph_weak,0.06294197123497725
627,632,0.04015254229307175,0.0,0.04015254229307175,coarse_candidate_mid_graph_weak,0.0026874907198362052
789,790,0.040144577622413635,0.0,0.040144577622413635,coarse_candidate_mid_graph_weak,0.018011947395280004
609,1843,0.04012683033943176,0.0,0.04012683033943176,coarse_candidate_mid_graph_weak,0.0015536100254394114
1203,2158,0.040108393877744675,0.0,0.040108393877744675,coarse_candidate_mid_graph_weak,0.0
2526,2838,0.05067398399114609,0.010269458405673504,0.04010805860838214,coarse_candidate_mid_graph_weak,0.04925213381648064
400,402,0.04010460898280144,0.0,0.04010460898280144,coarse_candidate_mid_graph_weak,0.0
465,790,0.040087517350912094,0.0,0.040087517350912094,coarse_candidate_mid_graph_weak,0.0
10,316,0.04007411748170853,0.0,0.04007411748170853,coarse_candidate_mid_graph_weak,0.0024887059698812664
2073,2472,0.07039923965930939,0.03268657997250557,0.040071707835850796,coarse_candidate_mid_graph_weak,0.07587529346346855
1030,1913,0.04001474753022194,0.0,0.04001474753022194,coarse_candidate_mid_graph_weak,0.0
1851,3102,0.058689337223768234,0.0057010347954928875,0.04001316344227963,coarse_candidate_mid_graph_weak,0.017915337346494198
4,909,0.040009237825870514,0.0,0.040009237825870514,coarse_candidate_mid_graph_weak,0.02248669695109129
1631,1632,0.04000871255993843,0.0,0.04000871255993843,coarse_candidate_mid_graph_weak,0.0
457,1978,0.040004849433898926,0.0,0.040004849433898926,coarse_candidate_mid_graph_weak,0.02583532314747572
666,2349,0.040003545582294464,0.0,0.040003545582294464,coarse_candidate_mid_graph_weak,0.0035558169474825263
3291,3543,0.03999503329396248,0.0,0.03999503329396248,coarse_candidate_mid_graph_weak,0.0
117,219,0.039992403239011765,0.0,0.039992403239011765,coarse_candidate_mid_graph_weak,0.03368024155497551
1353,1823,0.03998170047998428,0.0,0.03998170047998428,coarse_candidate_mid_graph_weak,0.020059697795659304
38,998,0.03995044156908989,0.0,0.03995044156908989,coarse_candidate_mid_graph_weak,0.0023758570896461606
1568,3244,0.043272245675325394,0.003039336996152997,0.03991561546965285,coarse_candidate_mid_graph_weak,0.039181836880743504
849,1662,0.039908718317747116,0.0,0.039908718317747116,coarse_candidate_mid_graph_weak,0.0
1324,1709,0.03990678861737251,0.0,0.03990678861737251,coarse_candidate_mid_graph_weak,0.01506490190513432
131,607,0.039899785071611404,0.0,0.039899785071611404,coarse_candidate_mid_graph_weak,0.03867130447179079
43,457,0.03989879786968231,0.0,0.03989879786968231,coarse_candidate_mid_graph_weak,0.0
994,995,0.04848335683345795,0.002152460627257824,0.039892982948936236,coarse_candidate_mid_graph_weak,0.012148309033364058
2951,3036,0.03987890109419823,0.0,0.03987890109419823,coarse_candidate_mid_graph_weak,0.024825334083288908
167,261,0.03986654803156853,0.0,0.03986654803156853,coarse_candidate_mid_graph_weak,0.0
19,2004,0.03984972834587097,0.0,0.03984972834587097,coarse_candidate_mid_graph_weak,0.0062828121008351445
1656,2618,0.058884505182504654,0.006819585338234901,0.03984855558046867,coarse_candidate_mid_graph_weak,0.021095239091664553
881,882,0.03984749689698219,0.0,0.03984749689698219,coarse_candidate_mid_graph_weak,0.03184258425608277
595,863,0.03984550014138222,0.0,0.03984550014138222,coarse_candidate_mid_graph_weak,0.031230244785547256
2737,3666,0.055534083396196365,0.0037948819808661938,0.03982860812717033,coarse_candidate_mid_graph_weak,0.013418587390333414
1800,2396,0.03981339558959007,0.0,0.03981339558959007,coarse_candidate_mid_graph_weak,0.003819310280960053
663,1977,0.03977985307574272,0.0,0.03977985307574272,coarse_candidate_mid_graph_weak,0.0
2583,3508,0.03977614641189575,0.0,0.03977614641189575,coarse_candidate_mid_graph_weak,0.019258242566138506
306,1370,0.11098288744688034,0.07485637068748474,0.0397545526067614,coarse_candidate_mid_graph_weak,0.11663583293557167
361,889,0.039752837270498276,0.0,0.039752837270498276,coarse_candidate_mid_graph_weak,0.0
632,782,0.039732083678245544,0.0,0.039732083678245544,coarse_candidate_mid_graph_weak,0.028370939660817385
3048,3662,0.039687030017375946,0.0,0.039687030017375946,coarse_candidate_mid_graph_weak,0.006967785302549601
2918,3607,0.039684321731328964,0.0,0.039684321731328964,coarse_candidate_mid_graph_weak,0.01838214718736708
2003,3042,0.03967846930027008,0.0,0.03967846930027008,coarse_candidate_mid_graph_weak,0.0
1481,1679,0.03966984152793884,0.0,0.03966984152793884,coarse_candidate_mid_graph_weak,0.025498307310044765
37,3437,0.05480188876390457,0.007317646872252226,0.03966250381613403,coarse_candidate_mid_graph_weak,0.026488584000617266
2660,2662,0.0396534726023674,0.0,0.0396534726023674,coarse_candidate_mid_graph_weak,0.0
605,1679,0.0492580309510231,0.009118014946579933,0.0396368067584074,coarse_candidate_mid_graph_weak,0.046681737527251244
1690,1909,0.03961368650197983,0.0,0.03961368650197983,coarse_candidate_mid_graph_weak,0.0
2940,3538,0.03960461542010307,0.0,0.03960461542010307,coarse_candidate_mid_graph_weak,0.006093321600928903
1793,1851,0.03957894816994667,0.0,0.03957894816994667,coarse_candidate_mid_graph_weak,0.0
225,1609,0.0511188805103302,0.007725235540419817,0.039530119697959464,coarse_candidate_mid_graph_weak,0.034076584968715906
630,1185,0.03952380269765854,0.0,0.03952380269765854,coarse_candidate_mid_graph_weak,0.02981290826573968
1767,2635,0.039521973580121994,0.0,0.039521973580121994,coarse_candidate_mid_graph_weak,0.01764881471171975
3040,3098,0.03947491943836212,0.0,0.03947491943836212,coarse_candidate_mid_graph_weak,0.015925301238894463
2728,3662,0.0394686721265316,0.0,0.0394686721265316,coarse_candidate_mid_graph_weak,0.004373498901259154
406,409,0.0394238717854023,0.0,0.0394238717854023,coarse_candidate_mid_graph_weak,0.005020557320676744
3324,3546,0.039412371814250946,0.0,0.039412371814250946,coarse_candidate_mid_graph_weak,0.024062687996774912
2070,2347,0.03937321528792381,0.0,0.03937321528792381,coarse_candidate_mid_graph_weak,0.027536385226994753
598,1788,0.039359159767627716,0.0,0.039359159767627716,coarse_candidate_mid_graph_weak,0.0
1767,2693,0.039342232048511505,0.0,0.039342232048511505,coarse_candidate_mid_graph_weak,0.01764881471171975
3414,3470,0.039328526705503464,0.0,0.039328526705503464,coarse_candidate_mid_graph_weak,0.008473369060084224
331,2914,0.05487223342061043,0.00651772553101182,0.039326147171245204,coarse_candidate_mid_graph_weak,0.023005285765975714
190,777,0.03931562975049019,0.0,0.03931562975049019,coarse_candidate_mid_graph_weak,0.0
3308,3406,0.03931064158678055,0.0,0.03931064158678055,coarse_candidate_mid_graph_weak,0.0
935,1147,0.03929879143834114,0.0,0.03929879143834114,coarse_candidate_mid_graph_weak,0.020317697431892157
652,3206,0.0392984114587307,0.0,0.0392984114587307,coarse_candidate_mid_graph_weak,0.006624751375056803
33,1169,0.053088851273059845,0.004026474896818399,0.039281510089069334,coarse_candidate_mid_graph_weak,0.015481686452403665
230,233,0.039275117218494415,0.0,0.039275117218494415,coarse_candidate_mid_graph_weak,0.015144658274948597
1186,2828,0.0392620824277401,0.0,0.0392620824277401,coarse_candidate_mid_graph_weak,0.030805804766714573
268,2571,0.03925091028213501,0.0,0.03925091028213501,coarse_candidate_mid_graph_weak,0.0
1170,1909,0.0392431877553463,0.0,0.0392431877553463,coarse_candidate_mid_graph_weak,0.013616211945191026
170,2293,0.047585759311914444,0.0044127716682851315,0.03923772644461207,coarse_candidate_mid_graph_weak,0.025153840892016888
273,309,0.03923669457435608,0.0,0.03923669457435608,coarse_candidate_mid_graph_weak,0.001723140652757138
906,3175,0.039223119616508484,0.0,0.039223119616508484,coarse_candidate_mid_graph_weak,0.0058392989449203014
288,2140,0.03918460011482239,0.0,0.03918460011482239,coarse_candidate_mid_graph_weak,0.03694061702117324
648,926,0.03918430209159851,0.0,0.03918430209159851,coarse_candidate_mid_graph_weak,0.03989350702613592
191,486,0.0391799733042717,0.0,0.0391799733042717,coarse_candidate_mid_graph_weak,0.037946141324937344
1366,2982,0.03916270658373833,0.0,0.03916270658373833,coarse_candidate_mid_graph_weak,0.016220337711274624
420,964,0.039154671132564545,0.0,0.039154671132564545,coarse_candidate_mid_graph_weak,0.025804785545915365
585,1707,0.040270641446113586,0.0009162117494270205,0.039145734430464305,coarse_candidate_mid_graph_weak,0.03279954195022583
1599,3004,0.042542554438114166,0.0013338120188564062,0.03914202862414583,coarse_candidate_mid_graph_weak,0.016686763614416122
602,806,0.03911823406815529,0.0,0.03911823406815529,coarse_candidate_mid_graph_weak,0.004538890323601663
1137,1637,0.04159365966916084,0.0014114903751760721,0.03908867190612283,coarse_candidate_mid_graph_weak,0.023436861112713814
1095,2790,0.03908301889896393,0.0,0.03908301889896393,coarse_candidate_mid_graph_weak,0.0016595410415902734
429,1761,0.03904847055673599,0.0,0.03904847055673599,coarse_candidate_mid_graph_weak,0.0
2816,3543,0.0390479676425457,0.0,0.0390479676425457,coarse_candidate_mid_graph_weak,0.005227207322604954
1151,2984,0.03901863843202591,0.0,0.03901863843202591,coarse_candidate_mid_graph_weak,0.007876215502619743
3193,3346,0.0471033975481987,0.0026150797493755817,0.03900215894572517,coarse_candidate_mid_graph_weak,0.015204976312816143
227,2528,0.03899918869137764,0.0,0.03899918869137764,coarse_candidate_mid_graph_weak,0.006691160495392978
641,1180,0.03899656981229782,0.0,0.03899656981229782,coarse_candidate_mid_graph_weak,0.06187382712960243
406,994,0.03895879164338112,0.0,0.03895879164338112,coarse_candidate_mid_graph_weak,0.005020557320676744
571,666,0.0389409139752388,0.0,0.0389409139752388,coarse_candidate_mid_graph_weak,0.03466997295618057
565,1597,0.03891690447926521,0.0,0.03891690447926521,coarse_candidate_mid_graph_weak,0.010372231248766184
366,1649,0.03890508785843849,0.0,0.03890508785843849,coarse_candidate_mid_graph_weak,0.013343161204829812
659,2300,0.0480189174413681,0.006719188764691353,0.038903185148014816,coarse_candidate_mid_graph_weak,0.03539465181529522
1812,2412,0.03889288380742073,0.0,0.03889288380742073,coarse_candidate_mid_graph_weak,0.006003472255542874
1276,1665,0.03888830542564392,0.0,0.03888830542564392,coarse_candidate_mid_graph_weak,0.0
936,1299,0.03888208046555519,0.0,0.03888208046555519,coarse_candidate_mid_graph_weak,0.0
2113,3625,0.06988358497619629,0.014816772192716599,0.038871169851521045,coarse_candidate_mid_graph_weak,0.03338821418583393
2583,3659,0.03886817768216133,0.0,0.03886817768216133,coarse_candidate_mid_graph_weak,0.019258242566138506
1669,2234,0.12111362814903259,0.004732898902148008,0.038843721853758534,coarse_candidate_mid_graph_weak,0.006967536290176213
88,839,0.03884143382310867,0.0,0.03884143382310867,coarse_candidate_mid_graph_weak,0.0
373,1348,0.03883315622806549,0.0,0.03883315622806549,coarse_candidate_mid_graph_weak,0.023194153793156147
1686,1994,0.0495544895529747,0.008279644884169102,0.03880617125478406,coarse_candidate_mid_graph_weak,0.038172815926373005
188,1629,0.03878416121006012,0.0,0.03878416121006012,coarse_candidate_mid_graph_weak,0.038137965835630894
2178,3617,0.04636382684111595,0.009194541722536087,0.03877607964913146,coarse_candidate_mid_graph_weak,0.05618191137909889
2161,2162,0.03875787556171417,0.0,0.03875787556171417,coarse_candidate_mid_graph_weak,0.016814814414829016
867,1813,0.03875461965799332,0.0,0.03875461965799332,coarse_candidate_mid_graph_weak,0.0
950,1826,0.03874962776899338,0.0,0.03874962776899338,coarse_candidate_mid_graph_weak,0.027638457715511322
177,294,0.03874781355261803,0.0,0.03874781355261803,coarse_candidate_mid_graph_weak,0.03138202242553234
90,1833,0.04756500944495201,0.005838580895215273,0.038740775892045456,coarse_candidate_mid_graph_weak,0.03147153276950121
1454,3311,0.046837881207466125,0.005495088640600443,0.038733296681658085,coarse_candidate_mid_graph_weak,0.03175712563097477
758,2395,0.04236837849020958,0.0033715027384459972,0.0387261043109692,coarse_candidate_mid_graph_weak,0.0392186576500535
2701,3464,0.038725581020116806,0.0,0.038725581020116806,coarse_candidate_mid_graph_weak,0.03678682120516896
2790,3158,0.03871367499232292,0.0,0.03871367499232292,coarse_candidate_mid_graph_weak,0.0
544,1401,0.05863901600241661,0.008484686724841595,0.03870621296860944,coarse_candidate_mid_graph_weak,0.02496054768562317
847,1492,0.03869232162833214,0.0,0.03869232162833214,coarse_candidate_mid_graph_weak,0.032693699933588505
542,2584,0.06859786808490753,0.011205842718482018,0.03866883184552388,coarse_candidate_mid_graph_weak,0.025683985091745853
1187,1785,0.052465569227933884,0.008642429485917091,0.03864944765364631,coarse_candidate_mid_graph_weak,0.03281890507787466
2926,2966,0.038594529032707214,0.0,0.038594529032707214,coarse_candidate_mid_graph_weak,0.029013324063271284
275,2160,0.038592517375946045,0.0,0.038592517375946045,coarse_candidate_mid_graph_weak,0.0
2820,2995,0.03858191519975662,0.0,0.03858191519975662,coarse_candidate_mid_graph_weak,0.03414888493716717
588,1657,0.03856896236538887,0.0,0.03856896236538887,coarse_candidate_mid_graph_weak,0.001108007098082453
368,2545,0.03856021910905838,0.0,0.03856021910905838,coarse_candidate_mid_graph_weak,0.0
839,3647,0.10172855108976364,0.021185852587223053,0.03855705587699413,coarse_candidate_mid_graph_weak,0.03411674965173006
1350,1548,0.04284757375717163,0.0029218927957117558,0.038552107695212966,coarse_candidate_mid_graph_weak,0.029146084561944008
1260,2174,0.04872748628258705,0.006337263621389866,0.03854270215018709,coarse_candidate_mid_graph_weak,0.03031963389366865
36,847,0.0385398343205452,0.0,0.0385398343205452,coarse_candidate_mid_graph_weak,0.02452510455623269
528,791,0.03853902593255043,0.0,0.03853902593255043,coarse_candidate_mid_graph_weak,0.0112070981413126
294,1354,0.038525450974702835,0.0,0.038525450974702835,coarse_candidate_mid_graph_weak,0.0
560,768,0.041875071823596954,0.0025366744957864285,0.03851983106972044,coarse_candidate_mid_graph_weak,0.03165895817801356
2521,2649,0.04371627792716026,0.0034366329200565815,0.03849565839733051,coarse_candidate_mid_graph_weak,0.028777580708265305
3180,3541,0.038495201617479324,0.0,0.038495201617479324,coarse_candidate_mid_graph_weak,0.016169243957847357
1881,2881,0.07085442543029785,0.014173758216202259,0.03848977748417161,coarse_candidate_mid_graph_weak,0.031029952690005302
2664,3315,0.038477640599012375,0.0,0.038477640599012375,coarse_candidate_mid_graph_weak,0.020042025949805975
132,2202,0.03844413533806801,0.0,0.03844413533806801,coarse_candidate_mid_graph_weak,0.013128711143508554
1430,1861,0.0384230874478817,0.0,0.0384230874478817,coarse_candidate_mid_graph_weak,0.0448197340592742
1407,1480,0.03840785473585129,0.0,0.03840785473585129,coarse_candidate_mid_graph_weak,0.028094720095396042
288,3475,0.0383736751973629,0.0,0.0383736751973629,coarse_candidate_mid_graph_weak,0.03694061702117324
1795,3451,0.058770373463630676,0.011662938632071018,0.03835512305821162,coarse_candidate_mid_graph_weak,0.03357466822490096
3557,3634,0.04554471746087074,0.004004885908216238,0.03834946844116801,coarse_candidate_mid_graph_weak,0.025350254960358143
545,2402,0.038342103362083435,0.0,0.038342103362083435,coarse_candidate_mid_graph_weak,0.03275398164987564
1480,1638,0.03833525627851486,0.0,0.03833525627851486,coarse_candidate_mid_graph_weak,0.01063848682679236
1765,1778,0.03833123669028282,0.0,0.03833123669028282,coarse_candidate_mid_graph_weak,0.0
322,2450,0.038317371159791946,0.0,0.038317371159791946,coarse_candidate_mid_graph_weak,0.0
1028,1103,0.038311440497636795,0.0,0.038311440497636795,coarse_candidate_mid_graph_weak,0.0
1019,2451,0.051943227648735046,0.004223242402076721,0.038286505696363125,coarse_candidate_mid_graph_weak,0.016063067130744457
1624,2308,0.03827039524912834,0.0,0.03827039524912834,coarse_candidate_mid_graph_weak,0.0008061816915869713
139,772,0.045869965106248856,0.0053789569064974785,0.038256848600593626,coarse_candidate_mid_graph_weak,0.032408878207206726
1108,1542,0.038224127143621445,0.0,0.038224127143621445,coarse_candidate_mid_graph_weak,0.022342640906572342
1184,1988,0.09693144261837006,0.0012436630204319954,0.03819152162643418,coarse_candidate_mid_graph_weak,0.0020522678387351334
415,1180,0.06767749786376953,0.005926890764385462,0.03818535120956461,coarse_candidate_mid_graph_weak,0.013600811827927828
727,2151,0.03816087916493416,0.0,0.03816087916493416,coarse_candidate_mid_graph_weak,0.0
325,327,0.038154251873493195,0.0,0.038154251873493195,coarse_candidate_mid_graph_weak,0.026992793194949627
500,2023,0.03813503310084343,0.0,0.03813503310084343,coarse_candidate_mid_graph_weak,0.027120438404381275
1233,1295,0.03812604025006294,0.0,0.03812604025006294,coarse_candidate_mid_graph_weak,0.020775541197508574
101,1281,0.03810746595263481,0.0,0.03810746595263481,coarse_candidate_mid_graph_weak,0.05051846243441105
820,1466,0.07076606154441833,0.03065967746078968,0.03809879403717125,coarse_candidate_mid_graph_weak,0.06641708314418793
1623,2999,0.03808349370956421,0.0,0.03808349370956421,coarse_candidate_mid_graph_weak,0.0
1821,2623,0.038068827241659164,0.0,0.038068827241659164,coarse_candidate_mid_graph_weak,0.013876011362299323
2649,3052,0.03806294873356819,0.0,0.03806294873356819,coarse_candidate_mid_graph_weak,0.018216070719063282
94,3354,0.03806108236312866,0.0,0.03806108236312866,coarse_candidate_mid_graph_weak,0.014641496818512678
299,3250,0.038059741258621216,0.0,0.038059741258621216,coarse_candidate_mid_graph_weak,0.002905441098846495
814,971,0.03804983198642731,0.0,0.03804983198642731,coarse_candidate_mid_graph_weak,0.025455494411289692
162,2470,0.038038648664951324,0.0,0.038038648664951324,coarse_candidate_mid_graph_weak,0.015195151790976524
862,1991,0.03799954801797867,0.0,0.03799954801797867,coarse_candidate_mid_graph_weak,0.04106371011584997
2952,2958,0.03798338398337364,0.0,0.03798338398337364,coarse_candidate_mid_graph_weak,0.007577475858852267
1015,1975,0.15496832132339478,0.03803363814949989,0.03798032341713811,coarse_candidate_mid_graph_weak,0.050381314009428024
208,533,0.03797771409153938,0.0,0.03797771409153938,coarse_candidate_mid_graph_weak,0.0
703,2796,0.16565722227096558,0.03203278034925461,0.03797223182178496,coarse_candidate_mid_graph_weak,0.04155900701880455
805,3533,0.03794902190566063,0.0,0.03794902190566063,coarse_candidate_mid_graph_weak,0.028209402225911617
1739,2055,0.037920840084552765,0.0,0.037920840084552765,coarse_candidate_mid_graph_weak,0.0
1625,1627,0.037918079644441605,0.0,0.037918079644441605,coarse_candidate_mid_graph_weak,0.0
292,1480,0.037917010486125946,0.0,0.037917010486125946,coarse_candidate_mid_graph_weak,0.023757419548928738
1500,1708,0.037910208106040955,0.0,0.037910208106040955,coarse_candidate_mid_graph_weak,0.0019392624380998313
1909,2108,0.03790920600295067,0.0,0.03790920600295067,coarse_candidate_mid_graph_weak,0.008271747501567006
2564,2685,0.03790653496980667,0.0,0.03790653496980667,coarse_candidate_mid_graph_weak,0.037598276510834694
3495,3518,0.03790470212697983,0.0,0.03790470212697983,coarse_candidate_mid_graph_weak,0.0
136,359,0.037900280207395554,0.0,0.037900280207395554,coarse_candidate_mid_graph_weak,0.0010831916006281972
608,610,0.0378953292965889,0.0,0.0378953292965889,coarse_candidate_mid_graph_weak,0.0
2733,3234,0.03788455203175545,0.0,0.03788455203175545,coarse_candidate_mid_graph_weak,0.04088584054261446
175,272,0.03788257762789726,0.0,0.03788257762789726,coarse_candidate_mid_graph_weak,0.013968333834782243
268,631,0.03785756230354309,0.0,0.03785756230354309,coarse_candidate_mid_graph_weak,0.0
2031,3026,0.1095351055264473,0.014745654538273811,0.03785321151877516,coarse_candidate_mid_graph_weak,0.022532423958182335
1446,1820,0.037851035594940186,0.0,0.037851035594940186,coarse_candidate_mid_graph_weak,0.010040389839559793
228,231,0.037789683789014816,0.0,0.037789683789014816,coarse_candidate_mid_graph_weak,0.0
2446,3065,0.0377870537340641,0.0,0.0377870537340641,coarse_candidate_mid_graph_weak,0.029380162712186575
1672,3196,0.03777230158448219,0.0,0.03777230158448219,coarse_candidate_mid_graph_weak,0.019649233669042587
2109,2119,0.07625037431716919,0.0028996472246944904,0.03775789038834463,coarse_candidate_mid_graph_weak,0.005743957357481122
338,2519,0.07758016884326935,0.01775871030986309,0.03775337752093516,coarse_candidate_mid_graph_weak,0.034592888318002224
779,2246,0.0377403162419796,0.0,0.0377403162419796,coarse_candidate_mid_graph_weak,0.046455809846520424
2943,3043,0.03773759305477142,0.0,0.03773759305477142,coarse_candidate_mid_graph_weak,0.012033618288114667
2884,2930,0.03773130476474762,0.0,0.03773130476474762,coarse_candidate_mid_graph_weak,0.03268110193312168
971,1258,0.037730731070041656,0.0,0.037730731070041656,coarse_candidate_mid_graph_weak,0.0
1138,1667,0.06846391409635544,0.0028836880810558796,0.03772055057449681,coarse_candidate_mid_graph_weak,0.006421827361918986
3402,3403,0.03770783543586731,0.0,0.03770783543586731,coarse_candidate_mid_graph_weak,0.01573855197057128
338,653,0.05910470709204674,0.012541314586997032,0.037676871451392126,coarse_candidate_mid_graph_weak,0.034592888318002224
2018,2157,0.0376686155796051,0.0,0.0376686155796051,coarse_candidate_mid_graph_weak,0.01843405095860362
600,636,0.037647370249032974,0.0,0.037647370249032974,coarse_candidate_mid_graph_weak,0.0
239,324,0.03763760253787041,0.0,0.03763760253787041,coarse_candidate_mid_graph_weak,0.036658608354628086
1219,2135,0.03763696923851967,0.0,0.03763696923851967,coarse_candidate_mid_graph_weak,0.023420025361701846
512,944,0.03763125464320183,0.0,0.03763125464320183,coarse_candidate_mid_graph_weak,0.0
9,659,0.037621233612298965,0.0,0.037621233612298965,coarse_candidate_mid_graph_weak,0.0011682430340442806
497,823,0.0376184806227684,0.0,0.0376184806227684,coarse_candidate_mid_graph_weak,0.010750953806564212
47,791,0.04939158633351326,0.005934994202107191,0.037563523757960834,coarse_candidate_mid_graph_weak,0.024783330038189888
539,681,0.03756144270300865,0.0,0.03756144270300865,coarse_candidate_mid_graph_weak,0.0
1605,1916,0.03754207491874695,0.0,0.03754207491874695,coarse_candidate_mid_graph_weak,0.020927665755152702
1128,1130,0.06056050956249237,0.009651748463511467,0.03753238082706416,coarse_candidate_mid_graph_weak,0.02538264449685812
892,2618,0.05081472173333168,0.011946342885494232,0.037530239632457045,coarse_candidate_mid_graph_weak,0.04569618031382561
2733,3008,0.03752261772751808,0.0,0.03752261772751808,coarse_candidate_mid_graph_weak,0.04088584054261446
1139,3605,0.08661748468875885,0.004416629206389189,0.03752118071476561,coarse_candidate_mid_graph_weak,0.007791977841407061
836,3042,0.03751690685749054,0.0,0.03751690685749054,coarse_candidate_mid_graph_weak,0.03183645335957408
1849,2318,0.03751686215400696,0.0,0.03751686215400696,coarse_candidate_mid_graph_weak,0.032808514311909676
35,661,0.07447615265846252,0.01350473053753376,0.03748663633429081,coarse_candidate_mid_graph_weak,0.027190957684069872
591,2794,0.03748007118701935,0.0,0.03748007118701935,coarse_candidate_mid_graph_weak,0.0367731973528862
1293,2109,0.037468113005161285,0.0,0.037468113005161285,coarse_candidate_mid_graph_weak,0.0
280,456,0.03746632859110832,0.0,0.03746632859110832,coarse_candidate_mid_graph_weak,0.027785629499703646
545,3153,0.041753318160772324,0.0033740070648491383,0.037452284107531514,coarse_candidate_mid_graph_weak,0.03275398164987564
1081,1243,0.0374365970492363,0.0,0.0374365970492363,coarse_candidate_mid_graph_weak,0.021121268160641193
1221,1633,0.068745918571949,0.0032672369852662086,0.037430729478854334,coarse_candidate_mid_graph_weak,0.007172532379627228
1028,2360,0.03739333525300026,0.0,0.03739333525300026,coarse_candidate_mid_graph_weak,0.0
1598,1600,0.04103018343448639,0.002875042147934437,0.03736316481288629,coarse_candidate_mid_graph_weak,0.03216877765953541
2532,2815,0.05359216034412384,0.011540303938090801,0.03736256397002961,coarse_candidate_mid_graph_weak,0.038107529282569885
1056,2083,0.0395020917057991,0.002904590219259262,0.03735604816529268,coarse_candidate_mid_graph_weak,0.0534646138548851
1216,1859,0.03735097497701645,0.0,0.03735097497701645,coarse_candidate_mid_graph_weak,0.011175790801644325
80,326,0.03735049068927765,0.0,0.03735049068927765,coarse_candidate_mid_graph_weak,0.003952497616410255
175,263,0.03733378276228905,0.0,0.03733378276228905,coarse_candidate_mid_graph_weak,0.013968333834782243
2685,2871,0.037327781319618225,0.0,0.037327781319618225,coarse_candidate_mid_graph_weak,0.0
1532,1672,0.037322767078876495,0.0,0.037322767078876495,coarse_candidate_mid_graph_weak,0.04730304144322872
133,907,0.037321094423532486,0.0,0.037321094423532486,coarse_candidate_mid_graph_weak,0.008630104712210596
374,558,0.06684421747922897,0.0032735848799347878,0.03730318367173454,coarse_candidate_mid_graph_weak,0.007407331140711904
1127,1129,0.03729720413684845,0.0,0.03729720413684845,coarse_candidate_mid_graph_weak,0.021049263421446085
2332,3288,0.051787298172712326,0.009142213501036167,0.03727961737950565,coarse_candidate_mid_graph_weak,0.03263447433710098
814,1163,0.07168493419885635,0.012230558320879936,0.03724259517837715,coarse_candidate_mid_graph_weak,0.025455494411289692
640,673,0.05377575382590294,0.0066125113517045975,0.03723643483417877,coarse_candidate_mid_graph_weak,0.021499844267964363
172,657,0.03723401576280594,0.0,0.03723401576280594,coarse_candidate_mid_graph_weak,0.026223765686154366
2554,3285,0.037223562598228455,0.0,0.037223562598228455,coarse_candidate_mid_graph_weak,0.006829490419477224
1311,2171,0.03721564635634422,0.0,0.03721564635634422,coarse_candidate_mid_graph_weak,0.011520022060722113
131,1762,0.0477130264043808,0.008516216650605202,0.037205636610686134,coarse_candidate_mid_graph_weak,0.03867130447179079
1539,2080,0.049956247210502625,0.012337994761765003,0.037171139280660084,coarse_candidate_mid_graph_weak,0.04820920713245869
691,2114,0.0371483713388443,0.0,0.0371483713388443,coarse_candidate_mid_graph_weak,0.039732680190354586
3117,3402,0.03714149817824364,0.0,0.03714149817824364,coarse_candidate_mid_graph_weak,0.024743583519011736
439,1530,0.03713732957839966,0.0,0.03713732957839966,coarse_candidate_mid_graph_weak,0.038250417448580265
364,1161,0.03712952136993408,0.0,0.03712952136993408,coarse_candidate_mid_graph_weak,0.05329907592386007
3036,3308,0.03711189329624176,0.0,0.03711189329624176,coarse_candidate_mid_graph_weak,0.0
3034,3068,0.03710959851741791,0.0,0.03710959851741791,coarse_candidate_mid_graph_weak,0.02882963791489601
567,797,0.037105727940797806,0.0,0.037105727940797806,coarse_candidate_mid_graph_weak,0.005821097060106695
2513,3133,0.045798204839229584,0.004013592842966318,0.037078471527376554,coarse_candidate_mid_graph_weak,0.021080386359244585
877,3319,0.03707093372941017,0.0,0.03707093372941017,coarse_candidate_mid_graph_weak,0.022183960769325495
293,2062,0.03703668341040611,0.0,0.03703668341040611,coarse_candidate_mid_graph_weak,0.050291480496525764
790,2110,0.037029728293418884,0.0,0.037029728293418884,coarse_candidate_mid_graph_weak,0.0
1370,2192,0.03702213987708092,0.0,0.03702213987708092,coarse_candidate_mid_graph_weak,0.051265301182866096
374,1970,0.03701296076178551,0.0,0.03701296076178551,coarse_candidate_mid_graph_weak,0.007407331140711904
906,3436,0.03701173514127731,0.0,0.03701173514127731,coarse_candidate_mid_graph_weak,0.0058392989449203014
619,1189,0.05354936048388481,0.003087576013058424,0.03699165375874804,coarse_candidate_mid_graph_weak,0.009985544718801975
999,1916,0.03695082664489746,0.0,0.03695082664489746,coarse_candidate_mid_graph_weak,0.0
12,54,0.03693605586886406,0.0,0.03693605586886406,coarse_candidate_mid_graph_weak,0.0069858357310295105
2422,2440,0.036929450929164886,0.0,0.036929450929164886,coarse_candidate_mid_graph_weak,0.06482693180441856
1439,1973,0.036846596747636795,0.0,0.036846596747636795,coarse_candidate_mid_graph_weak,0.018789583817124367
1417,3212,0.043850887566804886,0.0026362640783190727,0.036844639018133646,coarse_candidate_mid_graph_weak,0.016499917022883892
889,891,0.03683053329586983,0.0,0.03683053329586983,coarse_candidate_mid_graph_weak,0.03822527453303337
711,762,0.03681798279285431,0.0,0.03681798279285431,coarse_candidate_mid_graph_weak,0.0
231,234,0.036807965487241745,0.0,0.036807965487241745,coarse_candidate_mid_graph_weak,0.03807558212429285
1115,2349,0.036732256412506104,0.0,0.036732256412506104,coarse_candidate_mid_graph_weak,0.0031965411035344005
1823,3095,0.04097817465662956,0.004918052349239588,0.03671512304542289,coarse_candidate_mid_graph_weak,0.047274306416511536
20,92,0.036704499274492264,0.0,0.036704499274492264,coarse_candidate_mid_graph_weak,0.008630718220956624
1200,1864,0.03670331835746765,0.0,0.03670331835746765,coarse_candidate_mid_graph_weak,0.005291562061756849
541,702,0.043165504932403564,0.004655392840504646,0.03670031956410446,coarse_candidate_mid_graph_weak,0.031082230620086193
298,1839,0.036642398685216904,0.0,0.036642398685216904,coarse_candidate_mid_graph_weak,0.0
2095,2272,0.03663072735071182,0.0,0.03663072735071182,coarse_candidate_mid_graph_weak,0.044009887147694826
1871,1891,0.03662974759936333,0.0,0.03662974759936333,coarse_candidate_mid_graph_weak,0.04923210199922323
1467,1698,0.036621320992708206,0.0,0.036621320992708206,coarse_candidate_mid_graph_weak,0.0
1292,3036,0.036597948521375656,0.0,0.036597948521375656,coarse_candidate_mid_graph_weak,0.0
409,844,0.03659174591302872,0.0,0.03659174591302872,coarse_candidate_mid_graph_weak,0.0
609,612,0.036560408771038055,0.0,0.036560408771038055,coarse_candidate_mid_graph_weak,0.0015536100254394114
109,1422,0.036535024642944336,0.0,0.036535024642944336,coarse_candidate_mid_graph_weak,0.017499635461717844
3013,3453,0.03650909289717674,0.0,0.03650909289717674,coarse_candidate_mid_graph_weak,0.003986652474850416
773,1698,0.03649236261844635,0.0,0.03649236261844635,coarse_candidate_mid_graph_weak,0.025588752701878548
2285,3585,0.03648271784186363,0.0,0.03648271784186363,coarse_candidate_mid_graph_weak,0.0024075040128082037
2066,2864,0.03646467253565788,0.0,0.03646467253565788,coarse_candidate_mid_graph_weak,0.029397699050605297
500,925,0.03644659370183945,0.0,0.03644659370183945,coarse_candidate_mid_graph_weak,0.027120438404381275
1139,2383,0.036420177668333054,0.0,0.036420177668333054,coarse_candidate_mid_graph_weak,0.007791977841407061
922,952,0.03641954064369202,0.0,0.03641954064369202,coarse_candidate_mid_graph_weak,0.012626673094928265
1717,2869,0.07557585835456848,0.004914652090519667,0.03641053505029418,coarse_candidate_mid_graph_weak,0.009483620175160468
291,1092,0.03640780970454216,0.0,0.03640780970454216,coarse_candidate_mid_graph_weak,0.007360872812569141
1220,1728,0.036402978003025055,0.0,0.036402978003025055,coarse_candidate_mid_graph_weak,0.004230083723086864
292,2167,0.046104561537504196,0.005001409910619259,0.036398633226412576,coarse_candidate_mid_graph_weak,0.023757419548928738
3154,3479,0.052937984466552734,0.0050486186519265175,0.03639059691270026,coarse_candidate_mid_graph_weak,0.016151413321495056
1543,2609,0.03637727349996567,0.0,0.03637727349996567,coarse_candidate_mid_graph_weak,0.007350608357228339
1824,2031,0.056355345994234085,0.0087893046438694,0.03633736532186577,coarse_candidate_mid_graph_weak,0.024743969552218914
78,85,0.03630894422531128,0.0,0.03630894422531128,coarse_candidate_mid_graph_weak,0.03272361075505614
97,3146,0.03630406782031059,0.0,0.03630406782031059,coarse_candidate_mid_graph_weak,0.030893562827259302
1439,1497,0.046644363552331924,0.004175337962806225,0.03627926000418996,coarse_candidate_mid_graph_weak,0.018789583817124367
224,393,0.036268915981054306,0.0,0.036268915981054306,coarse_candidate_mid_graph_weak,0.0037088384851813316
319,321,0.09267120063304901,0.008009819313883781,0.03625982616579632,coarse_candidate_mid_graph_weak,0.013158331625163555
1404,2150,0.036252424120903015,0.0,0.036252424120903015,coarse_candidate_mid_graph_weak,0.04055522754788399
312,3320,0.03624710440635681,0.0,0.03624710440635681,coarse_candidate_mid_graph_weak,0.021291851066052914
185,819,0.04910699278116226,0.01961541920900345,0.03623809262028844,coarse_candidate_mid_graph_weak,0.07485132664442062
2779,3300,0.03623474761843681,0.0,0.03623474761843681,coarse_candidate_mid_graph_weak,0.002775584114715457
1,578,0.036223068833351135,0.0,0.036223068833351135,coarse_candidate_mid_graph_weak,0.04740551672875881
2302,2852,0.036216866225004196,0.0,0.036216866225004196,coarse_candidate_mid_graph_weak,0.0035705011105164886
679,3306,0.036215636879205704,0.0,0.036215636879205704,coarse_candidate_mid_graph_weak,0.03858265187591314
1746,2630,0.036206960678100586,0.0,0.036206960678100586,coarse_candidate_mid_graph_weak,0.0020907443831674755
18,2491,0.03620653599500656,0.0,0.03620653599500656,coarse_candidate_mid_graph_weak,0.0
1199,1661,0.03620577231049538,0.0,0.03620577231049538,coarse_candidate_mid_graph_weak,0.02925015101209283
313,2540,0.03618870675563812,0.0,0.03618870675563812,coarse_candidate_mid_graph_weak,0.018220671452581882
1037,1153,0.03617770969867706,0.0,0.03617770969867706,coarse_candidate_mid_graph_weak,0.02906135655939579
557,869,0.16375920176506042,0.1528441458940506,0.036144485276643434,coarse_candidate_mid_graph_weak,0.19613439589738846
524,1320,0.03613073751330376,0.0,0.03613073751330376,coarse_candidate_mid_graph_weak,0.0
92,404,0.03605419024825096,0.0,0.03605419024825096,coarse_candidate_mid_graph_weak,0.011920929653570056
309,778,0.03604120388627052,0.0,0.03604120388627052,coarse_candidate_mid_graph_weak,0.0
1220,1414,0.03602778911590576,0.0,0.03602778911590576,coarse_candidate_mid_graph_weak,0.004230083723086864
93,3357,0.04131636768579483,0.0033861231058835983,0.03601734179361597,coarse_candidate_mid_graph_weak,0.026401514187455177
154,698,0.03600766509771347,0.0,0.03600766509771347,coarse_candidate_mid_graph_weak,0.0010631127515807748
525,1653,0.0360039547085762,0.0,0.0360039547085762,coarse_candidate_mid_graph_weak,0.05748482793569565
2100,2440,0.03599078208208084,0.0,0.03599078208208084,coarse_candidate_mid_graph_weak,0.02359783463180065
514,647,0.035986561328172684,0.0,0.035986561328172684,coarse_candidate_mid_graph_weak,0.0362210338935256
518,1239,0.03595413267612457,0.0,0.03595413267612457,coarse_candidate_mid_graph_weak,0.020599424839019775
925,1072,0.03593865782022476,0.0,0.03593865782022476,coarse_candidate_mid_graph_weak,0.0018622754141688347
218,558,0.04764720797538757,0.008745561353862286,0.03592253152920186,coarse_candidate_mid_graph_weak,0.03554056119173765
17,136,0.035891059786081314,0.0,0.035891059786081314,coarse_candidate_mid_graph_weak,0.014834871515631676
227,229,0.03586801141500473,0.0,0.03586801141500473,coarse_candidate_mid_graph_weak,0.006691160495392978
1381,2626,0.03586330637335777,0.0,0.03586330637335777,coarse_candidate_mid_graph_weak,0.0
2327,3308,0.035839661955833435,0.0,0.035839661955833435,coarse_candidate_mid_graph_weak,0.0027231225976720452
2628,2669,0.0358305424451828,0.0,0.0358305424451828,coarse_candidate_mid_graph_weak,0.0
3112,3522,0.03579721972346306,0.0,0.03579721972346306,coarse_candidate_mid_graph_weak,0.036597590427845716
602,1362,0.035795629024505615,0.0,0.035795629024505615,coarse_candidate_mid_graph_weak,0.004538890323601663
1062,2495,0.03578855097293854,0.0,0.03578855097293854,coarse_candidate_mid_graph_weak,0.007785503170453012
1273,2779,0.035778943449258804,0.0,0.035778943449258804,coarse_candidate_mid_graph_weak,0.04052956309169531
1282,1412,0.04226008802652359,0.002878510160371661,0.03577696226183622,coarse_candidate_mid_graph_weak,0.018763494212180376
112,2749,0.03575677424669266,0.0,0.03575677424669266,coarse_candidate_mid_graph_weak,0.0
2675,3607,0.10044815391302109,0.00969239417463541,0.035739292621352836,coarse_candidate_mid_graph_weak,0.0150455916300416
1069,2840,0.1021905168890953,0.015964433550834656,0.035737481172788715,coarse_candidate_mid_graph_weak,0.02454987494274974
2668,3662,0.03573498874902725,0.0,0.03573498874902725,coarse_candidate_mid_graph_weak,0.017585712019354105
2966,3476,0.03945324942469597,0.00578837376087904,0.03570350211745326,coarse_candidate_mid_graph_weak,0.06090281158685684
2266,3164,0.03569405525922775,0.0,0.03569405525922775,coarse_candidate_mid_graph_weak,0.01803852478042245
1927,1929,0.047156304121017456,0.012206573970615864,0.03569166418003242,coarse_candidate_mid_graph_weak,0.0502080237492919
432,2846,0.03930208459496498,0.0038706527557224035,0.0356892403118614,coarse_candidate_mid_graph_weak,0.04210663679987192
1874,3397,0.12152353674173355,0.01776176318526268,0.0356712727108051,coarse_candidate_mid_graph_weak,0.025141704827547073
408,788,0.03565053269267082,0.0,0.03565053269267082,coarse_candidate_mid_graph_weak,0.0021199853508733213
254,841,0.03564948961138725,0.0,0.03564948961138725,coarse_candidate_mid_graph_weak,0.0
63,929,0.035636406391859055,0.0,0.035636406391859055,coarse_candidate_mid_graph_weak,0.0512088006362319
1324,1712,0.05129384994506836,0.00460487836971879,0.03561489354700872,coarse_candidate_mid_graph_weak,0.01506490190513432
854,2093,0.035604435950517654,0.0,0.035604435950517654,coarse_candidate_mid_graph_weak,0.031336767598986626
1662,1663,0.035568345338106155,0.0,0.035568345338106155,coarse_candidate_mid_graph_weak,0.0
3345,3565,0.03554568812251091,0.0,0.03554568812251091,coarse_candidate_mid_graph_weak,0.008059145882725716
207,1578,0.03554146736860275,0.0,0.03554146736860275,coarse_candidate_mid_graph_weak,0.03386066295206547
2087,2134,0.040154069662094116,0.0038444960955530405,0.03551986464051358,coarse_candidate_mid_graph_weak,0.033311466220766306
2093,2541,0.03551151975989342,0.0,0.03551151975989342,coarse_candidate_mid_graph_weak,0.004643496708013117
426,2401,0.03550481051206589,0.0,0.03550481051206589,coarse_candidate_mid_graph_weak,0.0
44,45,0.03678252920508385,0.002046525478363037,0.03549969586097784,coarse_candidate_mid_graph_weak,0.05867978371679783
245,1516,0.035497795790433884,0.0,0.035497795790433884,coarse_candidate_mid_graph_weak,0.02782690478488803
1044,2302,0.035476986318826675,0.0,0.035476986318826675,coarse_candidate_mid_graph_weak,0.0022349232458509505
2362,3595,0.03546272590756416,0.0,0.03546272590756416,coarse_candidate_mid_graph_weak,0.014277782291173935
1086,2272,0.04355346038937569,0.007016375660896301,0.0354386050114262,coarse_candidate_mid_graph_weak,0.03765778010711074
239,1784,0.03543325141072273,0.0,0.03543325141072273,coarse_candidate_mid_graph_weak,0.036658608354628086
362,377,0.035432368516922,0.0,0.035432368516922,coarse_candidate_mid_graph_weak,0.0
1908,2946,0.058136068284511566,0.005911617539823055,0.035385185729979104,coarse_candidate_mid_graph_weak,0.015106148086488247
711,1233,0.0353824757039547,0.0,0.0353824757039547,coarse_candidate_mid_graph_weak,0.0
314,525,0.03998174890875816,0.005100587382912636,0.0353741976192946,coarse_candidate_mid_graph_weak,0.044260039925575256
1439,1715,0.03536670655012131,0.0,0.03536670655012131,coarse_candidate_mid_graph_weak,0.018789583817124367
397,2104,0.035364504903554916,0.0,0.035364504903554916,coarse_candidate_mid_graph_weak,0.02794464770704508
1125,2838,0.04029081016778946,0.004045630339533091,0.03535330894517653,coarse_candidate_mid_graph_weak,0.03301299922168255
837,1846,0.03532594442367554,0.0,0.03532594442367554,coarse_candidate_mid_graph_weak,0.03450376493856311
1514,3036,0.03531637415289879,0.0,0.03531637415289879,coarse_candidate_mid_graph_weak,0.023346535861492157
69,713,0.03531412035226822,0.0,0.03531412035226822,coarse_candidate_mid_graph_weak,0.003653338411822915
3444,3544,0.05978932976722717,0.016934571787714958,0.03531235041441237,coarse_candidate_mid_graph_weak,0.041365671902894974
2159,2177,0.03726579248905182,0.0026895704213529825,0.03530720414136778,coarse_candidate_mid_graph_weak,0.05117408838123083
329,663,0.03530283644795418,0.0,0.03530283644795418,coarse_candidate_mid_graph_weak,0.01038942951709032
1336,1688,0.06618454307317734,0.024238912388682365,0.035294138852142234,coarse_candidate_mid_graph_weak,0.05193332303315401
353,3345,0.03846009448170662,0.001591324806213379,0.035252561920051564,coarse_candidate_mid_graph_weak,0.019080867059528828
131,1843,0.03524379804730415,0.0,0.03524379804730415,coarse_candidate_mid_graph_weak,0.03867130447179079
308,3192,0.03523982688784599,0.0,0.03523982688784599,coarse_candidate_mid_graph_weak,0.002276572398841381
1331,3399,0.13190649449825287,0.022539250552654266,0.03523636585649839,coarse_candidate_mid_graph_weak,0.03075483161956072
1071,1072,0.035229384899139404,0.0,0.035229384899139404,coarse_candidate_mid_graph_weak,0.0
610,888,0.035208895802497864,0.0,0.035208895802497864,coarse_candidate_mid_graph_weak,0.0026335690054111183
367,1216,0.05237586423754692,0.009007400833070278,0.035208877608742715,coarse_candidate_mid_graph_weak,0.0274812588468194
124,986,0.035206880420446396,0.0,0.035206880420446396,coarse_candidate_mid_graph_weak,0.03379887528717518
631,1612,0.06360366195440292,0.004297970328480005,0.035202287964406914,coarse_candidate_mid_graph_weak,0.00962512067053467
1072,1537,0.0351768359541893,0.0,0.0351768359541893,coarse_candidate_mid_graph_weak,0.0
830,1561,0.035175420343875885,0.0,0.035175420343875885,coarse_candidate_mid_graph_weak,0.002698670024983585
951,1700,0.0351620689034462,0.0,0.0351620689034462,coarse_candidate_mid_graph_weak,0.03035025391727686
750,3019,0.05571671947836876,0.017682908102869987,0.0351208410524837,coarse_candidate_mid_graph_weak,0.047836446203291416
312,3146,0.04225851595401764,0.003599969670176506,0.03511355822961931,coarse_candidate_mid_graph_weak,0.021291851066052914
484,485,0.03510177135467529,0.0,0.03510177135467529,coarse_candidate_mid_graph_weak,0.02431759424507618
421,2868,0.03502918779850006,0.0,0.03502918779850006,coarse_candidate_mid_graph_weak,0.0
367,1299,0.04208334535360336,0.00461291940882802,0.03501936470948097,coarse_candidate_mid_graph_weak,0.0274812588468194
714,761,0.04847199097275734,0.01267388928681612,0.03501343952463196,coarse_candidate_mid_graph_weak,0.04564597085118294
779,2197,0.048248037695884705,0.012755299918353558,0.03500064854657827,coarse_candidate_mid_graph_weak,0.046455809846520424
880,1339,0.034997694194316864,0.0,0.034997694194316864,coarse_candidate_mid_graph_weak,0.0397552689537406
889,1320,0.04112330079078674,0.0056968266144394875,0.03499457268404412,coarse_candidate_mid_graph_weak,0.03822527453303337
1869,3076,0.11580502986907959,0.06309892982244492,0.03498868245556369,coarse_candidate_mid_graph_weak,0.09041702188551426
278,1672,0.05287686735391617,0.020113782957196236,0.034968168403481034,coarse_candidate_mid_graph_weak,0.05938755441457033
416,999,0.034956447780132294,0.0,0.034956447780132294,coarse_candidate_mid_graph_weak,0.029023680835962296
2141,2151,0.03494919091463089,0.0,0.03494919091463089,coarse_candidate_mid_graph_weak,0.025035656988620758
3267,3601,0.03493611514568329,0.0,0.03493611514568329,coarse_candidate_mid_graph_weak,0.05290978215634823
3014,3405,0.04103443771600723,0.002034776844084263,0.03490725777577847,coarse_candidate_mid_graph_weak,0.013627137523144484
1648,3608,0.03490575775504112,0.0,0.03490575775504112,coarse_candidate_mid_graph_weak,0.042053026147186756
61,991,0.0349021852016449,0.0,0.0349021852016449,coarse_candidate_mid_graph_weak,0.017902787774801254
43,349,0.03489992022514343,0.0,0.03489992022514343,coarse_candidate_mid_graph_weak,0.0
97,2540,0.03489503264427185,0.0,0.03489503264427185,coarse_candidate_mid_graph_weak,0.030893562827259302
3384,3480,0.04340037330985069,0.005142552312463522,0.034869996070380785,coarse_candidate_mid_graph_weak,0.026163988281041384
283,2054,0.034862492233514786,0.0,0.034862492233514786,coarse_candidate_mid_graph_weak,0.022105166222900152
822,2949,0.04972400888800621,0.012248446233570576,0.03485566587551224,coarse_candidate_mid_graph_weak,0.04096232168376446
82,1255,0.034830302000045776,0.0,0.034830302000045776,coarse_candidate_mid_graph_weak,0.0
444,3215,0.03692065179347992,0.0012088064104318619,0.03482976473297486,coarse_candidate_mid_graph_weak,0.021344969514757395
27,1286,0.049599789083004,0.023590777069330215,0.03481772197060927,coarse_candidate_mid_graph_weak,0.0791565589606762
2704,2715,0.03481592610478401,0.0,0.03481592610478401,coarse_candidate_mid_graph_weak,0.023211094550788403
1289,1401,0.04466371238231659,0.0053403316996991634,0.03478245711251468,coarse_candidate_mid_graph_weak,0.02413853630423546
1788,3333,0.03476540744304657,0.0,0.03476540744304657,coarse_candidate_mid_graph_weak,0.03239103592932224
607,1774,0.045427899807691574,0.006206545978784561,0.034762446943339576,coarse_candidate_mid_graph_weak,0.026435853447765112
1363,1433,0.03832876309752464,0.0033565375488251448,0.0347579403278275,coarse_candidate_mid_graph_weak,0.03602865245193243
986,1360,0.03473586589097977,0.0,0.03473586589097977,coarse_candidate_mid_graph_weak,0.020716222934424877
29,2675,0.047334399074316025,0.0018674622988328338,0.03470512208594289,coarse_candidate_mid_graph_weak,0.006999229313805699
109,2112,0.03470408543944359,0.0,0.03470408543944359,coarse_candidate_mid_graph_weak,0.017499635461717844
461,576,0.0346970409154892,0.0,0.0346970409154892,coarse_candidate_mid_graph_weak,0.03447387646883726
608,854,0.034691281616687775,0.0,0.034691281616687775,coarse_candidate_mid_graph_weak,0.0
2697,3302,0.0346808061003685,0.0,0.0346808061003685,coarse_candidate_mid_graph_weak,0.042994298972189426
1391,1927,0.03467000275850296,0.0,0.03467000275850296,coarse_candidate_mid_graph_weak,0.0036000682739540935
1390,2551,0.03466007858514786,0.0,0.03466007858514786,coarse_candidate_mid_graph_weak,0.0058313476620242
888,3562,0.03465745598077774,0.0,0.03465745598077774,coarse_candidate_mid_graph_weak,0.0
1970,2884,0.034643374383449554,0.0,0.034643374383449554,coarse_candidate_mid_graph_weak,0.0
1344,2227,0.034615352749824524,0.0,0.034615352749824524,coarse_candidate_mid_graph_weak,0.027226931415498257
2547,3458,0.0346001461148262,0.0,0.0346001461148262,coarse_candidate_mid_graph_weak,0.01567069487646222
418,2394,0.0345936082303524,0.0,0.0345936082303524,coarse_candidate_mid_graph_weak,0.028403405100107193
552,1295,0.03458317369222641,0.0,0.03458317369222641,coarse_candidate_mid_graph_weak,0.01668711705133319
1705,2788,0.0345684178173542,0.0,0.0345684178173542,coarse_candidate_mid_graph_weak,0.0
237,1282,0.034567005932331085,0.0,0.034567005932331085,coarse_candidate_mid_graph_weak,0.0
1230,2435,0.034542910754680634,0.0,0.034542910754680634,coarse_candidate_mid_graph_weak,0.029333896934986115
2158,3014,0.03847933188080788,0.003235558746382594,0.034538977278171235,coarse_candidate_mid_graph_weak,0.03159668389707804
256,272,0.034528665244579315,0.0,0.034528665244579315,coarse_candidate_mid_graph_weak,0.03158510476350784
1045,1886,0.034520599991083145,0.0,0.034520599991083145,coarse_candidate_mid_graph_weak,0.0
720,2071,0.03451620042324066,0.0,0.03451620042324066,coarse_candidate_mid_graph_weak,0.03159929206594825
2267,2494,0.0344918929040432,0.0,0.0344918929040432,coarse_candidate_mid_graph_weak,0.012733620358631015
2154,2189,0.04658913612365723,0.006704084109514952,0.034451934639832656,coarse_candidate_mid_graph_weak,0.025733896531164646
986,1214,0.0495075061917305,0.006302772555500269,0.03444517787521196,coarse_candidate_mid_graph_weak,0.020716222934424877
1686,2782,0.04389302432537079,0.008222433738410473,0.03443845632101104,coarse_candidate_mid_graph_weak,0.038172815926373005
877,879,0.04595184326171875,0.005561766680330038,0.03443120303834774,coarse_candidate_mid_graph_weak,0.022183960769325495
1600,1868,0.03441464155912399,0.0,0.03441464155912399,coarse_candidate_mid_graph_weak,0.02218419872224331
95,1636,0.03820392116904259,0.0033429956529289484,0.03438359253777649,coarse_candidate_mid_graph_weak,0.03343051206320524
678,1086,0.03436392545700073,0.0,0.03436392545700073,coarse_candidate_mid_graph_weak,0.0032730993116274476
103,906,0.03436073660850525,0.0,0.03436073660850525,coarse_candidate_mid_graph_weak,0.06260790023952723
1599,2648,0.046493515372276306,0.004358572419732809,0.03434943767808782,coarse_candidate_mid_graph_weak,0.016686763614416122
2038,3463,0.08427732437849045,0.00301913870498538,0.03432141223879762,coarse_candidate_mid_graph_weak,0.005093389772810042
1370,1371,0.03999935835599899,0.007302881684154272,0.034301340890462724,coarse_candidate_mid_graph_weak,0.051265301182866096
602,1221,0.03429265320301056,0.0,0.03429265320301056,coarse_candidate_mid_graph_weak,0.004538890323601663
274,1092,0.04770076647400856,0.010414594784379005,0.034289881659983555,coarse_candidate_mid_graph_weak,0.037043354008346796
1070,1516,0.034287985414266586,0.0,0.034287985414266586,coarse_candidate_mid_graph_weak,0.004610522068105638
350,1910,0.05139002203941345,0.01279859896749258,0.034273457701433314,coarse_candidate_mid_graph_weak,0.038425952196121216
1377,3072,0.034263573586940765,0.0,0.034263573586940765,coarse_candidate_mid_graph_weak,0.03469167277216911
3211,3576,0.03425261005759239,0.0,0.03425261005759239,coarse_candidate_mid_graph_weak,0.014315786305814981
2493,3145,0.03424787521362305,0.0,0.03424787521362305,coarse_candidate_mid_graph_weak,0.03267856268212199
104,805,0.03737189620733261,0.0010648504830896854,0.034245890319718676,coarse_candidate_mid_graph_weak,0.012730456423014402
1025,1707,0.03424570709466934,0.0,0.03424570709466934,coarse_candidate_mid_graph_weak,0.0
692,942,0.0750441923737526,0.010509634390473366,0.03421562873326293,coarse_candidate_mid_graph_weak,0.01931704068556428
2718,3171,0.03420492261648178,0.0,0.03420492261648178,coarse_candidate_mid_graph_weak,0.0
292,294,0.03419945389032364,0.0,0.03419945389032364,coarse_candidate_mid_graph_weak,0.023757419548928738
1205,2239,0.04396018758416176,0.0042598554864525795,0.0341962817639031,coarse_candidate_mid_graph_weak,0.019179214723408222
91,706,0.03419005125761032,0.0,0.03419005125761032,coarse_candidate_mid_graph_weak,0.029163312632590532
1433,2349,0.034186042845249176,0.0,0.034186042845249176,coarse_candidate_mid_graph_weak,0.02335020015016198
447,814,0.03418411687016487,0.0,0.03418411687016487,coarse_candidate_mid_graph_weak,0.01522330567240715
1179,1431,0.03417355567216873,0.0,0.03417355567216873,coarse_candidate_mid_graph_weak,0.0
1355,1563,0.034171465784311295,0.0,0.034171465784311295,coarse_candidate_mid_graph_weak,0.005076033354271203
146,912,0.03415080904960632,0.0,0.03415080904960632,coarse_candidate_mid_graph_weak,0.03895575925707817
1877,2466,0.051809199154376984,0.007421007379889488,0.0341500089116963,coarse_candidate_mid_graph_weak,0.021772031672298908
77,529,0.05085930600762367,0.005840344354510307,0.03413673170089518,coarse_candidate_mid_graph_weak,0.017762567847967148
1534,2927,0.03413333743810654,0.0,0.03413333743810654,coarse_candidate_mid_graph_weak,0.02070983429439366
2174,2194,0.0467350110411644,0.016736052930355072,0.034132181383358225,coarse_candidate_mid_graph_weak,0.06206222251057625
1276,2071,0.03410733491182327,0.0,0.03410733491182327,coarse_candidate_mid_graph_weak,0.0
22,159,0.04318324849009514,0.018115170300006866,0.03408416514813548,coarse_candidate_mid_graph_weak,0.08597260527312756
368,1768,0.03407246246933937,0.0,0.03407246246933937,coarse_candidate_mid_graph_weak,0.0
949,3129,0.03406964987516403,0.0,0.03406964987516403,coarse_candidate_mid_graph_weak,0.03783732792362571
1497,1714,0.03404834866523743,0.0,0.03404834866523743,coarse_candidate_mid_graph_weak,0.0034090797416865826
209,332,0.03402639180421829,0.0,0.03402639180421829,coarse_candidate_mid_graph_weak,0.0013453366700559855
2625,2626,0.03401556983590126,0.0,0.03401556983590126,coarse_candidate_mid_graph_weak,0.007387259043753147
770,1622,0.033990487456321716,0.0,0.033990487456321716,coarse_candidate_mid_graph_weak,0.023209246806800365
34,36,0.06373759359121323,0.0034921341575682163,0.03398170773623295,coarse_candidate_mid_graph_weak,0.007480208412744105
2582,3630,0.036979302763938904,0.003391764359548688,0.03396987116929089,coarse_candidate_mid_graph_weak,0.04167733248323202
2907,3130,0.039305686950683594,0.005735338199883699,0.03395198728883641,coarse_candidate_mid_graph_weak,0.04210759326815605
2392,3382,0.04883264750242233,0.003692959202453494,0.03394544647844672,coarse_candidate_mid_graph_weak,0.012113558128476143
917,1008,0.03392500802874565,0.0,0.03392500802874565,coarse_candidate_mid_graph_weak,0.01498723728582263
612,1289,0.033896155655384064,0.0,0.033896155655384064,coarse_candidate_mid_graph_weak,0.002756218775175512
418,898,0.10052157193422318,0.018826939165592194,0.0338917607209128,coarse_candidate_mid_graph_weak,0.028403405100107193
2058,3487,0.033882174640893936,0.0,0.033882174640893936,coarse_candidate_mid_graph_weak,0.021307989256456494
1228,2446,0.033870525658130646,0.0,0.033870525658130646,coarse_candidate_mid_graph_weak,0.0
612,924,0.03385515511035919,0.0,0.03385515511035919,coarse_candidate_mid_graph_weak,0.002756218775175512
317,952,0.033844202756881714,0.0,0.033844202756881714,coarse_candidate_mid_graph_weak,0.01436270889826119
568,3051,0.03384082019329071,0.0,0.03384082019329071,coarse_candidate_mid_graph_weak,0.013962316559627652
2623,2624,0.038227763026952744,0.0036606090143322945,0.033837512892253466,coarse_candidate_mid_graph_weak,0.031874469481408596
834,883,0.033829718828201294,0.0,0.033829718828201294,coarse_candidate_mid_graph_weak,0.0
1463,2559,0.03382006287574768,0.0,0.03382006287574768,coarse_candidate_mid_graph_weak,0.0
2626,2983,0.03381895646452904,0.0,0.03381895646452904,coarse_candidate_mid_graph_weak,0.0052435219986364245
2701,2704,0.04412044957280159,0.00859718769788742,0.033809371478365574,coarse_candidate_mid_graph_weak,0.03678682120516896
3414,3476,0.03377330303192139,0.0,0.03377330303192139,coarse_candidate_mid_graph_weak,0.008473369060084224
337,1975,0.0337693952023983,0.0,0.0337693952023983,coarse_candidate_mid_graph_weak,0.013768442906439304
328,769,0.03375625982880592,0.0,0.03375625982880592,coarse_candidate_mid_graph_weak,0.0018849045736715198
73,663,0.03374824300408363,0.0,0.03374824300408363,coarse_candidate_mid_graph_weak,0.007169647607952356
124,2130,0.03918742388486862,0.004717945121228695,0.033717297622966345,coarse_candidate_mid_graph_weak,0.03379887528717518
537,540,0.033709216862916946,0.0,0.033709216862916946,coarse_candidate_mid_graph_weak,0.0024180103791877627
1883,2145,0.03368650749325752,0.0,0.03368650749325752,coarse_candidate_mid_graph_weak,0.0049359145923517644
124,2084,0.03367411717772484,0.0,0.03367411717772484,coarse_candidate_mid_graph_weak,0.03379887528717518
356,498,0.03367078676819801,0.0,0.03367078676819801,coarse_candidate_mid_graph_weak,0.00918965507298708
2100,3427,0.0428018718957901,0.005048263818025589,0.033645305430827305,coarse_candidate_mid_graph_weak,0.02359783463180065
2420,3651,0.03364478051662445,0.0,0.03364478051662445,coarse_candidate_mid_graph_weak,0.01602519117295742
337,2234,0.03362947702407837,0.0,0.03362947702407837,coarse_candidate_mid_graph_weak,0.013768442906439304
337,3131,0.04249719902873039,0.002877698978409171,0.033614993026116,coarse_candidate_mid_graph_weak,0.013768442906439304
516,658,0.0450262688100338,0.01412014290690422,0.033596156021780926,coarse_candidate_mid_graph_weak,0.05562301632016897
2732,3466,0.03358767554163933,0.0,0.03358767554163933,coarse_candidate_mid_graph_weak,0.020026348996907473
824,3434,0.05327461659908295,0.009629192762076855,0.033587613462645,coarse_candidate_mid_graph_weak,0.02605737140402198
534,649,0.03358479216694832,0.0,0.03358479216694832,coarse_candidate_mid_graph_weak,0.04241212783381343
473,3169,0.03357281535863876,0.0,0.03357281535863876,coarse_candidate_mid_graph_weak,0.004184242570772767
464,622,0.03355731815099716,0.0,0.03355731815099716,coarse_candidate_mid_graph_weak,0.00802125851623714
391,1872,0.03355702757835388,0.0,0.03355702757835388,coarse_candidate_mid_graph_weak,0.006779707968235016
1897,2626,0.03355677053332329,0.0,0.03355677053332329,coarse_candidate_mid_graph_weak,0.0
1338,1341,0.03355170786380768,0.0,0.03355170786380768,coarse_candidate_mid_graph_weak,0.021233292762190104
1320,2712,0.033544283360242844,0.0,0.033544283360242844,coarse_candidate_mid_graph_weak,0.0
651,835,0.03353142738342285,0.0,0.03353142738342285,coarse_candidate_mid_graph_weak,0.0
322,1197,0.033516496419906616,0.0,0.033516496419906616,coarse_candidate_mid_graph_weak,0.0
422,1360,0.03350108489394188,0.0,0.03350108489394188,coarse_candidate_mid_graph_weak,0.0030557026620954275
410,1689,0.03348403796553612,0.0,0.03348403796553612,coarse_candidate_mid_graph_weak,0.012761968653649092
348,879,0.0334751158952713,0.0,0.0334751158952713,coarse_candidate_mid_graph_weak,0.025055567733943462
305,2189,0.03988809511065483,0.003901079297065735,0.03346431156278524,coarse_candidate_mid_graph_weak,0.024223515763878822
1815,2632,0.03345595300197601,0.0,0.03345595300197601,coarse_candidate_mid_graph_weak,0.004688275163061917
2847,3415,0.03345286846160889,0.0,0.03345286846160889,coarse_candidate_mid_graph_weak,0.04345318488776684
627,661,0.033450789749622345,0.0,0.033450789749622345,coarse_candidate_mid_graph_weak,0.0026874907198362052
67,998,0.03341776505112648,0.0,0.03341776505112648,coarse_candidate_mid_graph_weak,0.0
2688,3044,0.04238608106970787,0.006629634648561478,0.03334803819329578,coarse_candidate_mid_graph_weak,0.03109127003699541
482,484,0.03333671763539314,0.0,0.03333671763539314,coarse_candidate_mid_graph_weak,0.0025095686432905495
517,1806,0.14004656672477722,0.006466603372246027,0.0333290171159003,coarse_candidate_mid_graph_weak,0.008486191858537495
309,2493,0.03332854062318802,0.0,0.03332854062318802,coarse_candidate_mid_graph_weak,0.0
1570,2534,0.033319685608148575,0.0,0.033319685608148575,coarse_candidate_mid_graph_weak,0.0030785288545303047
1732,3477,0.033289141952991486,0.0,0.033289141952991486,coarse_candidate_mid_graph_weak,0.018478540237993002
1381,2629,0.03328679874539375,0.0,0.03328679874539375,coarse_candidate_mid_graph_weak,0.0
559,654,0.038127705454826355,0.004308760166168213,0.03327724042065233,coarse_candidate_mid_graph_weak,0.03386956453323364
1243,1715,0.06743091344833374,0.002522714901715517,0.033275686398949296,coarse_candidate_mid_graph_weak,0.0049804666778072715
1052,2084,0.033265408128499985,0.0,0.033265408128499985,coarse_candidate_mid_graph_weak,0.0391661711037159
434,570,0.06125963106751442,0.01714598760008812,0.0332604236550819,coarse_candidate_mid_graph_weak,0.03751380741596222
1796,2715,0.03322594612836838,0.0,0.03322594612836838,coarse_candidate_mid_graph_weak,0.005230016773566604
361,886,0.03322187438607216,0.0,0.03322187438607216,coarse_candidate_mid_graph_weak,0.0
57,589,0.03321700170636177,0.0,0.03321700170636177,coarse_candidate_mid_graph_weak,0.027668050955981016
526,577,0.033206477761268616,0.0,0.033206477761268616,coarse_candidate_mid_graph_weak,0.0
959,2919,0.06161211431026459,0.009513967670500278,0.0331989198770878,coarse_candidate_mid_graph_weak,0.02063040342181921
498,1316,0.033185239881277084,0.0,0.033185239881277084,coarse_candidate_mid_graph_weak,0.0
28,31,0.03317675366997719,0.0,0.03317675366997719,coarse_candidate_mid_graph_weak,0.029032033868134022
1380,1381,0.03315788879990578,0.0,0.03315788879990578,coarse_candidate_mid_graph_weak,0.01912778429687023
458,1699,0.06957538425922394,0.016060855239629745,0.0331553557479481,coarse_candidate_mid_graph_weak,0.030682023614645004
736,991,0.22254285216331482,0.06795477867126465,0.03313343416997665,coarse_candidate_mid_graph_weak,0.07984212413430214
3011,3012,0.03312268853187561,0.0,0.03312268853187561,coarse_candidate_mid_graph_weak,0.01104417024180293
1487,1911,0.03311554715037346,0.0,0.03311554715037346,coarse_candidate_mid_graph_weak,0.03380249906331301
630,2109,0.04269057884812355,0.006692060735076666,0.03310788587765853,coarse_candidate_mid_graph_weak,0.02981290826573968
1522,2991,0.04472877085208893,0.00368322292342782,0.03307776755685396,coarse_candidate_mid_graph_weak,0.014140072744339705
1410,2323,0.033073071390390396,0.0,0.033073071390390396,coarse_candidate_mid_graph_weak,0.02083117887377739
728,2125,0.06273049861192703,0.024536587297916412,0.033066398942670314,coarse_candidate_mid_graph_weak,0.051887378096580505
68,2317,0.03306153416633606,0.0,0.03306153416633606,coarse_candidate_mid_graph_weak,0.029644309543073177
497,1315,0.033046357333660126,0.0,0.033046357333660126,coarse_candidate_mid_graph_weak,0.010750953806564212
955,2446,0.03303365781903267,0.0,0.03303365781903267,coarse_candidate_mid_graph_weak,0.12758761644363403
247,324,0.03301035612821579,0.0,0.03301035612821579,coarse_candidate_mid_graph_weak,0.021706472150981426
278,547,0.05308813229203224,0.022463364526629448,0.03300752652421387,coarse_candidate_mid_graph_weak,0.05938755441457033
130,522,0.044053010642528534,0.004477997776120901,0.033001276589577244,coarse_candidate_mid_graph_weak,0.017849622759968042
2604,2659,0.0329517237842083,0.0,0.0329517237842083,coarse_candidate_mid_graph_weak,0.03459471836686134
1594,1824,0.04602164402604103,0.011365622282028198,0.03294790927776305,coarse_candidate_mid_graph_weak,0.040008814074099064
1575,3075,0.032929226756095886,0.0,0.032929226756095886,coarse_candidate_mid_graph_weak,0.0
701,2138,0.032922860234975815,0.0,0.032922860234975815,coarse_candidate_mid_graph_weak,0.002982169040478766
1558,2410,0.03291571885347366,0.0,0.03291571885347366,coarse_candidate_mid_graph_weak,0.00381530134472996
259,1990,0.032901763916015625,0.0,0.032901763916015625,coarse_candidate_mid_graph_weak,0.0
1185,2354,0.03289513662457466,0.0,0.03289513662457466,coarse_candidate_mid_graph_weak,0.006114251213148236
1150,1367,0.07590027898550034,0.008695381693542004,0.03288498593248812,coarse_candidate_mid_graph_weak,0.015342959435656667
2983,2984,0.03286309540271759,0.0,0.03286309540271759,coarse_candidate_mid_graph_weak,0.0
850,1654,0.0356927327811718,0.0021635645534843206,0.03285080226810373,coarse_candidate_mid_graph_weak,0.027172913309186697
408,2344,0.03281351178884506,0.0,0.03281351178884506,coarse_candidate_mid_graph_weak,0.0021199853508733213
884,1272,0.03279289975762367,0.0,0.03279289975762367,coarse_candidate_mid_graph_weak,0.0011536578240338713
1099,2648,0.03277309238910675,0.0,0.03277309238910675,coarse_candidate_mid_graph_weak,0.00479183514835313
384,1116,0.03275654464960098,0.0,0.03275654464960098,coarse_candidate_mid_graph_weak,0.030224258545786142
1793,1849,0.03274505212903023,0.0,0.03274505212903023,coarse_candidate_mid_graph_weak,0.0
141,2987,0.05036245658993721,0.010027686133980751,0.03273103764068793,coarse_candidate_mid_graph_weak,0.02864312333986163
366,2022,0.06800674647092819,0.006921425461769104,0.032729976643282074,coarse_candidate_mid_graph_weak,0.013343161204829812
726,1481,0.06994359195232391,0.022575803101062775,0.03269222065020849,coarse_candidate_mid_graph_weak,0.04238858073949814
189,1768,0.03268871456384659,0.0,0.03268871456384659,coarse_candidate_mid_graph_weak,0.0
2083,3218,0.03263555094599724,0.0,0.03263555094599724,coarse_candidate_mid_graph_weak,0.014370874036103487
2929,2996,0.040980029851198196,0.00255543552339077,0.03261758866382903,coarse_candidate_mid_graph_weak,0.01252287719398737
373,3251,0.0326143279671669,0.0,0.0326143279671669,coarse_candidate_mid_graph_weak,0.023194153793156147
420,2123,0.03259717673063278,0.0,0.03259717673063278,coarse_candidate_mid_graph_weak,0.025804785545915365
1581,3531,0.09701123833656311,0.0033049427438527346,0.032591810361505574,coarse_candidate_mid_graph_weak,0.004977017000783235
722,1062,0.0370025560259819,0.008327043615281582,0.03258765280382625,coarse_candidate_mid_graph_weak,0.06979131419211626
107,791,0.03254403918981552,0.0,0.03254403918981552,coarse_candidate_mid_graph_weak,0.017791935009881854
83,1195,0.06428718566894531,0.02277330309152603,0.032518007595292574,coarse_candidate_mid_graph_weak,0.046083394438028336
1853,1993,0.03250940516591072,0.0,0.03250940516591072,coarse_candidate_mid_graph_weak,0.037422810681164265
306,3074,0.11533680558204651,0.08376505970954895,0.03250467618296639,coarse_candidate_mid_graph_weak,0.11663583293557167
879,881,0.03249285742640495,0.0,0.03249285742640495,coarse_candidate_mid_graph_weak,0.0
2027,3192,0.03247976303100586,0.0,0.03247976303100586,coarse_candidate_mid_graph_weak,0.0066981876734644175
1734,2544,0.09128541499376297,0.018737075850367546,0.032419823255528495,coarse_candidate_mid_graph_weak,0.02905639261007309
1280,2093,0.032417431473731995,0.0,0.032417431473731995,coarse_candidate_mid_graph_weak,0.011774225626140833
1462,2026,0.05879950523376465,0.0035570578183978796,0.03240268065757242,coarse_candidate_mid_graph_weak,0.007923424243927002
553,2699,0.03239903226494789,0.0,0.03239903226494789,coarse_candidate_mid_graph_weak,0.01255467371083796
723,1126,0.03239530697464943,0.0,0.03239530697464943,coarse_candidate_mid_graph_weak,0.0068126460537314415
471,837,0.03238001838326454,0.0,0.03238001838326454,coarse_candidate_mid_graph_weak,0.026807342655956745
2063,2154,0.06741262972354889,0.03207716718316078,0.03233926868037209,coarse_candidate_mid_graph_weak,0.061653805896639824
245,785,0.0415380522608757,0.00617137411609292,0.03232585771256583,coarse_candidate_mid_graph_weak,0.02782690478488803
1114,1752,0.032302528619766235,0.0,0.032302528619766235,coarse_candidate_mid_graph_weak,0.029286219738423824
301,1370,0.032298583537340164,0.0,0.032298583537340164,coarse_candidate_mid_graph_weak,0.037721335887908936
185,570,0.032280098646879196,0.0,0.032280098646879196,coarse_candidate_mid_graph_weak,0.07485132664442062
1229,2002,0.03226391226053238,0.0,0.03226391226053238,coarse_candidate_mid_graph_weak,0.004740610835142434
1327,1881,0.03226254880428314,0.0,0.03226254880428314,coarse_candidate_mid_graph_weak,0.0027213103603571653
1740,1824,0.06553258001804352,0.03193698823451996,0.03224704187269245,coarse_candidate_mid_graph_weak,0.06287755444645882
656,1610,0.03223950415849686,0.0,0.03223950415849686,coarse_candidate_mid_graph_weak,0.026718613225966692
2398,3084,0.032224927097558975,0.0,0.032224927097558975,coarse_candidate_mid_graph_weak,0.003329000319354236
3634,3662,0.03220497816801071,0.0,0.03220497816801071,coarse_candidate_mid_graph_weak,0.014030377380549908
738,1692,0.03217930719256401,0.0,0.03217930719256401,coarse_candidate_mid_graph_weak,0.0
228,715,0.03217567503452301,0.0,0.03217567503452301,coarse_candidate_mid_graph_weak,0.0
291,293,0.04984520748257637,0.0026134327054023743,0.03214797255411881,coarse_candidate_mid_graph_weak,0.007360872812569141
1687,2226,0.03214387223124504,0.0,0.03214387223124504,coarse_candidate_mid_graph_weak,0.0025591354351490736
83,1809,0.03214263543486595,0.0,0.03214263543486595,coarse_candidate_mid_graph_weak,0.046083394438028336
250,1190,0.03207651898264885,0.0,0.03207651898264885,coarse_candidate_mid_graph_weak,0.009034631191752851
2491,2516,0.06930003315210342,0.01942124404013157,0.03207105148434209,coarse_candidate_mid_graph_weak,0.03615175047889352
1549,2191,0.03591844439506531,0.0028001379687339067,0.032070829243758904,coarse_candidate_mid_graph_weak,0.026139984373003244
2649,2992,0.03206996992230415,0.0,0.03206996992230415,coarse_candidate_mid_graph_weak,0.018216070719063282
943,1726,0.032068826258182526,0.0,0.032068826258182526,coarse_candidate_mid_graph_weak,0.01569038606248796
145,2293,0.07349112629890442,0.011128348298370838,0.03206572657177919,coarse_candidate_mid_graph_weak,0.019742352655157447
2933,3267,0.032012321054935455,0.0,0.032012321054935455,coarse_candidate_mid_graph_weak,0.034977516159415245
4,1009,0.03480615094304085,0.0018064226023852825,0.032010070313578214,coarse_candidate_mid_graph_weak,0.02248669695109129
715,1207,0.05433062091469765,0.00866757519543171,0.031985125948704764,coarse_candidate_mid_graph_weak,0.021074258722364902
64,334,0.031961239874362946,0.0,0.031961239874362946,coarse_candidate_mid_graph_weak,0.02520933747291565
2662,2966,0.03194839879870415,0.0,0.03194839879870415,coarse_candidate_mid_graph_weak,0.006545971613377333
2228,3350,0.05701066926121712,0.007080129347741604,0.03193655177123923,coarse_candidate_mid_graph_weak,0.016097990795969963
1712,1714,0.031918179243803024,0.0,0.031918179243803024,coarse_candidate_mid_graph_weak,0.0034536587772890925
902,1842,0.04652484878897667,0.005326462909579277,0.031917796160504434,coarse_candidate_mid_graph_weak,0.016965289833024144
2134,2463,0.03190073370933533,0.0,0.03190073370933533,coarse_candidate_mid_graph_weak,0.013194223865866661
339,2625,0.06092904508113861,0.015062794089317322,0.03189706960720202,coarse_candidate_mid_graph_weak,0.0316120982170105
468,3278,0.03189440071582794,0.0,0.03189440071582794,coarse_candidate_mid_graph_weak,0.022659464040771127
911,1866,0.07553175091743469,0.020793430507183075,0.031884517417138956,coarse_candidate_mid_graph_weak,0.035983133129775524
1678,3072,0.035617392510175705,0.005247345194220543,0.031883164314457944,coarse_candidate_mid_graph_weak,0.05004963371902704
989,2226,0.06080188602209091,0.006549247074872255,0.031875001758197984,coarse_candidate_mid_graph_weak,0.013765968382358551
1381,2628,0.031818777322769165,0.0,0.031818777322769165,coarse_candidate_mid_graph_weak,0.0
2171,2193,0.0317867249250412,0.0,0.0317867249250412,coarse_candidate_mid_graph_weak,0.0052419950952753425
1808,2084,0.0317862443625927,0.0,0.0317862443625927,coarse_candidate_mid_graph_weak,0.0
3583,3635,0.03850455582141876,0.008367521688342094,0.03178546562611749,coarse_candidate_mid_graph_weak,0.04795109108090401
223,1972,0.03626353666186333,0.0039235190488398075,0.03178077983552447,coarse_candidate_mid_graph_weak,0.031739548314362764
1787,3258,0.12142104655504227,0.0075272731482982635,0.03176198551508087,coarse_candidate_mid_graph_weak,0.010193831752985716
1123,1125,0.03175979480147362,0.0,0.03175979480147362,coarse_candidate_mid_graph_weak,0.0
479,482,0.03175808861851692,0.0,0.03175808861851692,coarse_candidate_mid_graph_weak,0.0
1595,2354,0.031742196530103683,0.0,0.031742196530103683,coarse_candidate_mid_graph_weak,0.028491145931184292
2603,3557,0.03172244504094124,0.0,0.03172244504094124,coarse_candidate_mid_graph_weak,0.024908639956265688
1344,2968,0.03170599788427353,0.0,0.03170599788427353,coarse_candidate_mid_graph_weak,0.027226931415498257
296,3393,0.05600130930542946,0.015499850735068321,0.03168920256778915,coarse_candidate_mid_graph_weak,0.03570286789909005
2421,2871,0.031687039881944656,0.0,0.031687039881944656,coarse_candidate_mid_graph_weak,0.04581873491406441
875,2581,0.03810007870197296,0.0032818648032844067,0.03167927942034367,coarse_candidate_mid_graph_weak,0.01947410311549902
1955,3249,0.031674254685640335,0.0,0.031674254685640335,coarse_candidate_mid_graph_weak,0.05955487675964832
445,491,0.03166987746953964,0.0,0.03166987746953964,coarse_candidate_mid_graph_weak,0.00697780423797667
1597,2336,0.03166588023304939,0.0,0.03166588023304939,coarse_candidate_mid_graph_weak,0.023488896200433373
2283,3096,0.03752391040325165,0.005179902538657188,0.03166503600724508,coarse_candidate_mid_graph_weak,0.03317534830421209
1144,1278,0.0392143577337265,0.0018464187160134315,0.031662776592090505,coarse_candidate_mid_graph_weak,0.009588207118213177
1543,1803,0.0316525474190712,0.0,0.0316525474190712,coarse_candidate_mid_graph_weak,0.007350608357228339
1648,2637,0.031634505838155746,0.0,0.031634505838155746,coarse_candidate_mid_graph_weak,0.042053026147186756
282,1019,0.03163076192140579,0.0,0.03163076192140579,coarse_candidate_mid_graph_weak,0.00821761239785701
1123,2912,0.031595002859830856,0.0,0.031595002859830856,coarse_candidate_mid_graph_weak,0.0
94,1071,0.03158435970544815,0.0,0.03158435970544815,coarse_candidate_mid_graph_weak,0.014641496818512678
350,549,0.031579919159412384,0.0,0.031579919159412384,coarse_candidate_mid_graph_weak,0.038425952196121216
1882,1883,0.08178377896547318,0.003756607184186578,0.03157251993481992,coarse_candidate_mid_graph_weak,0.006118737859651446
2566,2714,0.03157191351056099,0.0,0.03157191351056099,coarse_candidate_mid_graph_weak,0.008067228947766125
871,1126,0.03155840188264847,0.0,0.03155840188264847,coarse_candidate_mid_graph_weak,0.011745310854166746
526,529,0.03155233711004257,0.0,0.03155233711004257,coarse_candidate_mid_graph_weak,0.0
651,1024,0.0314972922205925,0.0,0.0314972922205925,coarse_candidate_mid_graph_weak,0.0
1108,3164,0.031474754214286804,0.0,0.031474754214286804,coarse_candidate_mid_graph_weak,0.022342640906572342
390,396,0.03146994113922119,0.0,0.03146994113922119,coarse_candidate_mid_graph_weak,0.0
140,1639,0.03146173059940338,0.0,0.03146173059940338,coarse_candidate_mid_graph_weak,0.020422982051968575
313,1823,0.03721357136964798,0.002819586079567671,0.03145489951839799,coarse_candidate_mid_graph_weak,0.018220671452581882
2963,3444,0.03756217285990715,0.0021015668753534555,0.031439853686570984,coarse_candidate_mid_graph_weak,0.012893711682409048
3117,3562,0.03143690526485443,0.0,0.03143690526485443,coarse_candidate_mid_graph_weak,0.024743583519011736
512,1653,0.031430747359991074,0.0,0.031430747359991074,coarse_candidate_mid_graph_weak,0.0
739,904,0.0348028838634491,0.002407119143754244,0.03141321942024314,coarse_candidate_mid_graph_weak,0.024714743718504906
1138,2504,0.049262721091508865,0.0023272382095456123,0.03141015664697214,coarse_candidate_mid_graph_weak,0.006421827361918986
2169,2183,0.031389202922582626,0.0,0.031389202922582626,coarse_candidate_mid_graph_weak,0.06148011330515146
1195,1768,0.031368937343358994,0.0,0.031368937343358994,coarse_candidate_mid_graph_weak,0.022516769357025623
917,2211,0.06007695943117142,0.007161829620599747,0.0313684697099375,coarse_candidate_mid_graph_weak,0.01498723728582263
2150,2151,0.03135785460472107,0.0,0.03135785460472107,coarse_candidate_mid_graph_weak,0.0013595989439636469
1312,1563,0.03135473653674126,0.0,0.03135473653674126,coarse_candidate_mid_graph_weak,0.030801234301179647
1984,2569,0.07081307470798492,0.04079706594347954,0.03133669339268586,coarse_candidate_mid_graph_weak,0.07318213023245335
66,822,0.03352392092347145,0.0028320266865193844,0.03130344688143837,coarse_candidate_mid_graph_weak,0.04275692347437143
420,689,0.031277090311050415,0.0,0.031277090311050415,coarse_candidate_mid_graph_weak,0.025804785545915365
1084,2794,0.03126835450530052,0.0,0.03126835450530052,coarse_candidate_mid_graph_weak,0.030057437252253294
483,1825,0.03125257045030594,0.0,0.03125257045030594,coarse_candidate_mid_graph_weak,0.00200565776322037
775,1285,0.058017902076244354,0.02784499153494835,0.03120200647104048,coarse_candidate_mid_graph_weak,0.06024441681802273
693,714,0.031195325776934624,0.0,0.031195325776934624,coarse_candidate_mid_graph_weak,0.007251635193824768
1970,2767,0.031174782663583755,0.0,0.031174782663583755,coarse_candidate_mid_graph_weak,0.0
2386,3151,0.04237360879778862,0.007379461079835892,0.031162511340660295,coarse_candidate_mid_graph_weak,0.02789150644093752
631,1502,0.031155910342931747,0.0,0.031155910342931747,coarse_candidate_mid_graph_weak,0.00962512067053467
3171,3585,0.053416360169649124,0.012467696331441402,0.031152290374250952,coarse_candidate_mid_graph_weak,0.02991272322833538
2544,3542,0.039255425333976746,0.00349515862762928,0.031149929192736733,coarse_candidate_mid_graph_weak,0.016927272081375122
1158,2693,0.031135469675064087,0.0,0.031135469675064087,coarse_candidate_mid_graph_weak,0.0
707,1669,0.03112821653485298,0.0,0.03112821653485298,coarse_candidate_mid_graph_weak,0.017448685597628355
1707,3021,0.03112078458070755,0.0,0.03112078458070755,coarse_candidate_mid_graph_weak,0.002985491417348385
1662,1871,0.031112030148506165,0.0,0.031112030148506165,coarse_candidate_mid_graph_weak,0.0
2736,3075,0.03670380264520645,0.00486029265448451,0.031106701914135542,coarse_candidate_mid_graph_weak,0.03187207644805312
944,945,0.06181337684392929,0.013309690169990063,0.031103015557972395,coarse_candidate_mid_graph_weak,0.02678955439478159
603,1175,0.05500482767820358,0.020593110471963882,0.03107361078124471,coarse_candidate_mid_graph_weak,0.04733233992010355
2446,3623,0.05183379724621773,0.011782204732298851,0.031047104633583313,coarse_candidate_mid_graph_weak,0.029380162712186575
2241,2588,0.05924781411886215,0.009267542511224747,0.031043126674049498,coarse_candidate_mid_graph_weak,0.019467744044959545
1159,1766,0.031021276488900185,0.0,0.031021276488900185,coarse_candidate_mid_graph_weak,0.0
1446,1821,0.06662598997354507,0.005367356352508068,0.0310093021515586,coarse_candidate_mid_graph_weak,0.010040389839559793
1073,1285,0.030989592894911766,0.0,0.030989592894911766,coarse_candidate_mid_graph_weak,0.0
645,648,0.030980389565229416,0.0,0.030980389565229416,coarse_candidate_mid_graph_weak,0.00563611020334065
770,2691,0.030957350507378578,0.0,0.030957350507378578,coarse_candidate_mid_graph_weak,0.023209246806800365
184,2315,0.04389405995607376,0.01648244820535183,0.030948743829711984,coarse_candidate_mid_graph_weak,0.05588751658797264
2472,3493,0.04466397315263748,0.004343041684478521,0.030939108533335077,coarse_candidate_mid_graph_weak,0.014133290387690067
318,320,0.04096684977412224,0.02342677302658558,0.030935834734926716,coarse_candidate_mid_graph_weak,0.09567537158727646
2482,3076,0.0309258121997118,0.0,0.0309258121997118,coarse_candidate_mid_graph_weak,0.003856183961033821
192,3609,0.030895037576556206,0.0,0.030895037576556206,coarse_candidate_mid_graph_weak,0.04344813898205757
715,1078,0.030882127583026886,0.0,0.030882127583026886,coarse_candidate_mid_graph_weak,0.021074258722364902
1238,3117,0.030849570408463478,0.0,0.030849570408463478,coarse_candidate_mid_graph_weak,0.041912287939339876
451,859,0.037090376019477844,0.005183218512684107,0.03084736643488179,coarse_candidate_mid_graph_weak,0.030794045887887478
643,2113,0.030830230563879013,0.0,0.030830230563879013,coarse_candidate_mid_graph_weak,0.027954181656241417
1795,3154,0.04089520871639252,0.008265557698905468,0.030827448552989703,coarse_candidate_mid_graph_weak,0.03357466822490096
954,3340,0.030817752704024315,0.0,0.030817752704024315,coarse_candidate_mid_graph_weak,0.015262569300830364
875,900,0.04791120067238808,0.006950333248823881,0.030811629562520357,coarse_candidate_mid_graph_weak,0.01947410311549902
483,1839,0.030778422951698303,0.0,0.030778422951698303,coarse_candidate_mid_graph_weak,0.00200565776322037
670,2250,0.030765552073717117,0.0,0.030765552073717117,coarse_candidate_mid_graph_weak,0.03214080771431327
980,1662,0.030739640817046165,0.0,0.030739640817046165,coarse_candidate_mid_graph_weak,0.017737972550094128
894,1104,0.03369841352105141,0.0033270325511693954,0.03073030292913384,coarse_candidate_mid_graph_weak,0.03777343034744263
1091,1390,0.03827671334147453,0.007775130216032267,0.030697891919875167,coarse_candidate_mid_graph_weak,0.039268167689442635
421,2323,0.03068816103041172,0.0,0.03068816103041172,coarse_candidate_mid_graph_weak,0.0
2229,2344,0.030683210119605064,0.0,0.030683210119605064,coarse_candidate_mid_graph_weak,0.006443091202527285
1693,3648,0.030681926757097244,0.0,0.030681926757097244,coarse_candidate_mid_graph_weak,0.02431295718997717
225,2133,0.04070204123854637,0.008398216217756271,0.030670973185830477,coarse_candidate_mid_graph_weak,0.034076584968715906
1499,2891,0.030646953731775284,0.0,0.030646953731775284,coarse_candidate_mid_graph_weak,0.0
485,1467,0.03063858300447464,0.0,0.03063858300447464,coarse_candidate_mid_graph_weak,0.0
121,148,0.052897896617650986,0.012306813150644302,0.030618737802258916,coarse_candidate_mid_graph_weak,0.02922033704817295
830,914,0.03061104379594326,0.0,0.03061104379594326,coarse_candidate_mid_graph_weak,0.002698670024983585
17,505,0.03059305064380169,0.0,0.03059305064380169,coarse_candidate_mid_graph_weak,0.014834871515631676
140,749,0.03058638609945774,0.0,0.03058638609945774,coarse_candidate_mid_graph_weak,0.020422982051968575
521,694,0.03328293189406395,0.003315140027552843,0.03057946028437041,coarse_candidate_mid_graph_weak,0.04081329330801964
462,1140,0.039358172565698624,0.004502782132476568,0.030553427580867945,coarse_candidate_mid_graph_weak,0.020127928350120783
1159,1320,0.030548609793186188,0.0,0.030548609793186188,coarse_candidate_mid_graph_weak,0.0
254,2052,0.030526908114552498,0.0,0.030526908114552498,coarse_candidate_mid_graph_weak,0.0
7,945,0.030523091554641724,0.0,0.030523091554641724,coarse_candidate_mid_graph_weak,0.02023864770308137
788,790,0.03051457367837429,0.0,0.03051457367837429,coarse_candidate_mid_graph_weak,0.0
234,236,0.030512621626257896,0.0,0.030512621626257896,coarse_candidate_mid_graph_weak,0.0
2561,2564,0.030506810173392296,0.0,0.030506810173392296,coarse_candidate_mid_graph_weak,0.03104606969282031
480,2463,0.03430279344320297,0.004001908004283905,0.030495115271242622,coarse_candidate_mid_graph_weak,0.03605258045718074
154,498,0.030493782833218575,0.0,0.030493782833218575,coarse_candidate_mid_graph_weak,0.0010631127515807748
2470,2583,0.030489420518279076,0.0,0.030489420518279076,coarse_candidate_mid_graph_weak,0.017017789417877793
143,3178,0.030483782291412354,0.0,0.030483782291412354,coarse_candidate_mid_graph_weak,0.0352427433244884
1290,1648,0.030465569347143173,0.0,0.030465569347143173,coarse_candidate_mid_graph_weak,0.012653107522055507
1226,2066,0.0631122812628746,0.006352501921355724,0.030458487586101007,coarse_candidate_mid_graph_weak,0.012277926784008741
1549,1665,0.03386422619223595,0.002658417448401451,0.03042025895409829,coarse_candidate_mid_graph_weak,0.026139984373003244
283,2525,0.03812127932906151,0.004467366728931665,0.030417119440748458,coarse_candidate_mid_graph_weak,0.022105166222900152
632,1823,0.030398700386285782,0.0,0.030398700386285782,coarse_candidate_mid_graph_weak,0.028370939660817385
1377,3424,0.03273696452379227,0.002480295952409506,0.030396421271935155,coarse_candidate_mid_graph_weak,0.03469167277216911
2714,3013,0.03681344911456108,0.006093120202422142,0.030383672632838636,coarse_candidate_mid_graph_weak,0.034885935951024294
49,51,0.030376119539141655,0.0,0.030376119539141655,coarse_candidate_mid_graph_weak,0.0061444907914847136
2544,2545,0.04091914743185043,0.004367501940578222,0.03036136499908322,coarse_candidate_mid_graph_weak,0.016927272081375122
368,3019,0.03035690262913704,0.0,0.03035690262913704,coarse_candidate_mid_graph_weak,0.0
513,2629,0.04213587939739227,0.0162097979336977,0.03033750440045143,coarse_candidate_mid_graph_weak,0.05789052229374647
1575,3554,0.030330318957567215,0.0,0.030330318957567215,coarse_candidate_mid_graph_weak,0.0
264,266,0.030321475118398666,0.0,0.030321475118398666,coarse_candidate_mid_graph_weak,0.04230417590588331
1265,1902,0.05091654509305954,0.01864185370504856,0.030310242335214472,coarse_candidate_mid_graph_weak,0.04606254678219557
133,1120,0.04246895760297775,0.0024709163699299097,0.03030951735811224,coarse_candidate_mid_graph_weak,0.008630104712210596
1196,1286,0.05401747301220894,0.023590777069330215,0.03030795545226597,coarse_candidate_mid_graph_weak,0.05374694615602493
146,777,0.033006638288497925,0.0031897840090095997,0.030303981505221785,coarse_candidate_mid_graph_weak,0.03895575925707817
497,922,0.030299510806798935,0.0,0.030299510806798935,coarse_candidate_mid_graph_weak,0.010750953806564212
2816,2959,0.03029659017920494,0.0,0.03029659017920494,coarse_candidate_mid_graph_weak,0.005227207322604954
1631,1864,0.030294110998511314,0.0,0.030294110998511314,coarse_candidate_mid_graph_weak,0.0
1090,2305,0.038431715220212936,0.007744702510535717,0.030277841409166645,coarse_candidate_mid_graph_weak,0.036503165028989315
1813,3554,0.030264688655734062,0.0,0.030264688655734062,coarse_candidate_mid_graph_weak,0.0032069088192656636
513,1622,0.041114550083875656,0.015304463915526867,0.03024513444846396,coarse_candidate_mid_graph_weak,0.05789052229374647
1334,2795,0.03023594804108143,0.0,0.03023594804108143,coarse_candidate_mid_graph_weak,0.02947981422767043
1717,3117,0.030227262526750565,0.0,0.030227262526750565,coarse_candidate_mid_graph_weak,0.009483620175160468
162,3097,0.030213547870516777,0.0,0.030213547870516777,coarse_candidate_mid_graph_weak,0.015195151790976524
46,739,0.030208948999643326,0.0,0.030208948999643326,coarse_candidate_mid_graph_weak,0.007549395086243749
47,738,0.030201559886336327,0.0,0.030201559886336327,coarse_candidate_mid_graph_weak,0.024783330038189888
1908,3303,0.05348028615117073,0.006583716720342636,0.030171958169326843,coarse_candidate_mid_graph_weak,0.015106148086488247
1353,1921,0.030170809477567673,0.0,0.030170809477567673,coarse_candidate_mid_graph_weak,0.020059697795659304
93,2822,0.05169372633099556,0.010997984558343887,0.030159855208494468,coarse_candidate_mid_graph_weak,0.026401514187455177
584,991,0.030156215652823448,0.0,0.030156215652823448,coarse_candidate_mid_graph_weak,0.0
596,2052,0.030129723250865936,0.0,0.030129723250865936,coarse_candidate_mid_graph_weak,0.030503178015351295
915,973,0.038749609142541885,0.003931556362658739,0.030125656775852896,coarse_candidate_mid_graph_weak,0.01766548166051507
205,2276,0.030120573937892914,0.0,0.030120573937892914,coarse_candidate_mid_graph_weak,0.002447217295411974
3098,3540,0.030082276090979576,0.0,0.030082276090979576,coarse_candidate_mid_graph_weak,0.005087885656394064
981,1661,0.030077014118433,0.0,0.030077014118433,coarse_candidate_mid_graph_weak,0.007983787218108773
467,667,0.043248604983091354,0.009852902963757515,0.030066357885120822,coarse_candidate_mid_graph_weak,0.03232561983168125
155,202,0.03004310093820095,0.0,0.03004310093820095,coarse_candidate_mid_graph_weak,0.029501971788704395
1518,1707,0.030018972232937813,0.0,0.030018972232937813,coarse_candidate_mid_graph_weak,0.007832427974790335
1793,2660,0.030016299337148666,0.0,0.030016299337148666,coarse_candidate_mid_graph_weak,0.0
1662,2392,0.03001188300549984,0.0,0.03001188300549984,coarse_candidate_mid_graph_weak,0.0
2603,3460,0.035917557775974274,0.0041001406498253345,0.030005270355292456,coarse_candidate_mid_graph_weak,0.024908639956265688
2984,3291,0.029996277764439583,0.0,0.029996277764439583,coarse_candidate_mid_graph_weak,0.009849819587543607
675,3064,0.09278438240289688,0.005975788924843073,0.029985145354343237,coarse_candidate_mid_graph_weak,0.008829086320474744
329,457,0.029948562383651733,0.0,0.029948562383651733,coarse_candidate_mid_graph_weak,0.01038942951709032
1757,2918,0.02994356118142605,0.0,0.02994356118142605,coarse_candidate_mid_graph_weak,0.000446784746600315
908,2003,0.02992737665772438,0.0,0.02992737665772438,coarse_candidate_mid_graph_weak,0.029713401570916176
1317,2678,0.02988739311695099,0.0,0.02988739311695099,coarse_candidate_mid_graph_weak,0.001246126281330362
973,1088,0.09287270158529282,0.002651139162480831,0.02988477145671867,coarse_candidate_mid_graph_weak,0.003908978367689997
1395,2011,0.029884178191423416,0.0,0.029884178191423416,coarse_candidate_mid_graph_weak,0.03414116520434618
2623,3192,0.053261108696460724,0.013993307948112488,0.02987878711516579,coarse_candidate_mid_graph_weak,0.031874469481408596
2846,3340,0.0360257662832737,0.001956585794687271,0.02986072872059658,coarse_candidate_mid_graph_weak,0.011433426290750504
1732,2704,0.02980712428689003,0.0,0.02980712428689003,coarse_candidate_mid_graph_weak,0.018478540237993002
499,615,0.036772143095731735,0.007765886839479208,0.029764244819774407,coarse_candidate_mid_graph_weak,0.040749493055045605
1320,1892,0.029708774760365486,0.0,0.029708774760365486,coarse_candidate_mid_graph_weak,0.0
701,2798,0.029700469225645065,0.0,0.029700469225645065,coarse_candidate_mid_graph_weak,0.002982169040478766
1571,3335,0.10207788646221161,0.00473105488345027,0.029632808933215064,coarse_candidate_mid_graph_weak,0.006666237371973693
194,1210,0.029615717008709908,0.0,0.029615717008709908,coarse_candidate_mid_graph_weak,0.033005595207214355
518,1217,0.029581382870674133,0.0,0.029581382870674133,coarse_candidate_mid_graph_weak,0.020599424839019775
901,973,0.029579831287264824,0.0,0.029579831287264824,coarse_candidate_mid_graph_weak,0.008489252300933003
1536,3497,0.03521094471216202,0.006354086101055145,0.029572071944618864,coarse_candidate_mid_graph_weak,0.0396769680082798
2926,3171,0.029561160132288933,0.0,0.029561160132288933,coarse_candidate_mid_graph_weak,0.029013324063271284
1664,2458,0.08955457806587219,0.042107876390218735,0.029557990786335336,coarse_candidate_mid_graph_weak,0.06285279337316751
1766,1892,0.0295414961874485,0.0,0.0295414961874485,coarse_candidate_mid_graph_weak,0.01719474606215954
597,1033,0.1562926471233368,0.08523325622081757,0.02953937700797958,coarse_candidate_mid_graph_weak,0.10509654879570007
1442,1532,0.03620626777410507,0.007821984589099884,0.029456915258793983,coarse_candidate_mid_graph_weak,0.04196030180901289
1201,2669,0.029437795281410217,0.0,0.029437795281410217,coarse_candidate_mid_graph_weak,0.03166311280801892
413,414,0.02937466651201248,0.0,0.02937466651201248,coarse_candidate_mid_graph_weak,0.008267352008260787
2050,3373,0.0344785675406456,0.004251820035278797,0.029363133750621016,coarse_candidate_mid_graph_weak,0.028657719027251005
68,2767,0.02934502251446247,0.0,0.02934502251446247,coarse_candidate_mid_graph_weak,0.029644309543073177
215,258,0.10063828527927399,0.01917559839785099,0.029316433691192273,coarse_candidate_mid_graph_weak,0.027057616971433163
277,2526,0.12986013293266296,0.0928281843662262,0.029310323503653785,coarse_candidate_mid_graph_weak,0.11988765001296997
908,936,0.029300665482878685,0.0,0.029300665482878685,coarse_candidate_mid_graph_weak,0.029713401570916176
109,431,0.02927563712000847,0.0,0.02927563712000847,coarse_candidate_mid_graph_weak,0.017499635461717844
515,1579,0.053773846477270126,0.019299723207950592,0.02927033953626596,coarse_candidate_mid_graph_weak,0.0423539518378675
1038,3031,0.06453469395637512,0.028972655534744263,0.0292580734003894,coarse_candidate_mid_graph_weak,0.05300228390842676
262,263,0.02924986183643341,0.0,0.02924986183643341,coarse_candidate_mid_graph_weak,0.0016804919578135014
928,1043,0.0625850111246109,0.010534645989537239,0.029245753638807867,coarse_candidate_mid_graph_weak,0.019775813445448875
1719,1774,0.029233381152153015,0.0,0.029233381152153015,coarse_candidate_mid_graph_weak,0.019478147849440575
834,844,0.02921358309686184,0.0,0.02921358309686184,coarse_candidate_mid_graph_weak,0.0
1805,2392,0.02920466847717762,0.0,0.02920466847717762,coarse_candidate_mid_graph_weak,0.028254730626940727
2293,2566,0.06030920147895813,0.0010221584234386683,0.02918642915543717,coarse_candidate_mid_graph_weak,0.001980721950531006
3413,3445,0.029162457212805748,0.0,0.029162457212805748,coarse_candidate_mid_graph_weak,0.0036798087530769408
2755,3218,0.045771025121212006,0.013177035376429558,0.0291544971540282,coarse_candidate_mid_graph_weak,0.0362967774271965
3096,3097,0.09708280116319656,0.003294725436717272,0.029151651111512918,coarse_candidate_mid_graph_weak,0.004708608263172209
334,2137,0.0613388828933239,0.02036347985267639,0.02915139766108511,coarse_candidate_mid_graph_weak,0.03880617255344987
424,884,0.029141942039132118,0.0,0.029141942039132118,coarse_candidate_mid_graph_weak,0.009868861874565482
1552,3475,0.035678934305906296,0.0032562098931521177,0.029108699658914307,coarse_candidate_mid_graph_weak,0.017682488542050123
2732,3475,0.029099149629473686,0.0,0.029099149629473686,coarse_candidate_mid_graph_weak,0.020026348996907473
300,302,0.029097139835357666,0.0,0.029097139835357666,coarse_candidate_mid_graph_weak,0.0446642879396677
647,2354,0.029087591916322708,0.0,0.029087591916322708,coarse_candidate_mid_graph_weak,0.035810948349535465
1072,2152,0.029052428901195526,0.0,0.029052428901195526,coarse_candidate_mid_graph_weak,0.0
2467,3649,0.06935562193393707,0.006378252524882555,0.029034788657124878,coarse_candidate_mid_graph_weak,0.010971193667501211
384,458,0.05566030740737915,0.014462096616625786,0.029027239065365605,coarse_candidate_mid_graph_weak,0.030224258545786142
2333,3102,0.143934965133667,0.02456480637192726,0.028992019656695362,coarse_candidate_mid_graph_weak,0.030760779045522213
86,3557,0.02897775173187256,0.0,0.02897775173187256,coarse_candidate_mid_graph_weak,0.002550325181800872
609,610,0.02897167019546032,0.0,0.02897167019546032,coarse_candidate_mid_graph_weak,0.0015536100254394114
112,201,0.02894560620188713,0.0,0.02894560620188713,coarse_candidate_mid_graph_weak,0.0
291,294,0.028915977105498314,0.0,0.028915977105498314,coarse_candidate_mid_graph_weak,0.007360872812569141
0,1095,0.028902284801006317,0.0,0.028902284801006317,coarse_candidate_mid_graph_weak,0.010235836263746023
139,2838,0.04344126582145691,0.01085730642080307,0.028887996457562803,coarse_candidate_mid_graph_weak,0.032408878207206726
2386,3576,0.02887207642197609,0.0,0.02887207642197609,coarse_candidate_mid_graph_weak,0.02789150644093752
951,1701,0.028852300718426704,0.0,0.028852300718426704,coarse_candidate_mid_graph_weak,0.03035025391727686
114,588,0.1192450150847435,0.01638518087565899,0.028847508291988136,coarse_candidate_mid_graph_weak,0.02161399368196726
900,2419,0.039146196097135544,0.0033638030290603638,0.0288371567356936,coarse_candidate_mid_graph_weak,0.01277326513081789
1406,3068,0.028836319223046303,0.0,0.028836319223046303,coarse_candidate_mid_graph_weak,0.03651247173547745
386,826,0.028824832290410995,0.0,0.028824832290410995,coarse_candidate_mid_graph_weak,0.0
784,1144,0.06746849417686462,0.0017561604036018252,0.028780691098787038,coarse_candidate_mid_graph_weak,0.0030626060033682734
389,2036,0.028770679607987404,0.0,0.028770679607987404,coarse_candidate_mid_graph_weak,0.0050554268527776
545,1785,0.03783104941248894,0.007854903116822243,0.028758588203976785,coarse_candidate_mid_graph_weak,0.03275398164987564
145,1819,0.06408541649580002,0.01088345143944025,0.02875677402895922,coarse_candidate_mid_graph_weak,0.019742352655157447
9,690,0.02873268537223339,0.0,0.02873268537223339,coarse_candidate_mid_graph_weak,0.0011682430340442806
1577,3179,0.028727902099490166,0.0,0.028727902099490166,coarse_candidate_mid_graph_weak,0.0
777,809,0.028723079711198807,0.0,0.028723079711198807,coarse_candidate_mid_graph_weak,0.0031897840090095997
1341,2285,0.02871793694794178,0.0,0.02871793694794178,coarse_candidate_mid_graph_weak,0.0
1653,2115,0.02871442213654518,0.0,0.02871442213654518,coarse_candidate_mid_graph_weak,0.0042055221274495125
165,1266,0.028706740587949753,0.0,0.028706740587949753,coarse_candidate_mid_graph_weak,0.035313927568495274
2847,2960,0.0286798644810915,0.0,0.0286798644810915,coarse_candidate_mid_graph_weak,0.04345318488776684
783,1546,0.02866176888346672,0.0,0.02866176888346672,coarse_candidate_mid_graph_weak,0.018776184879243374
1779,1814,0.028652966022491455,0.0,0.028652966022491455,coarse_candidate_mid_graph_weak,0.0032069088192656636
2029,2583,0.02864633873105049,0.0,0.02864633873105049,coarse_candidate_mid_graph_weak,0.0
1690,1816,0.02864064648747444,0.0,0.02864064648747444,coarse_candidate_mid_graph_weak,0.0
315,2123,0.03493930771946907,0.0026398980990052223,0.02863779463083546,coarse_candidate_mid_graph_weak,0.014637153130024672
1713,3028,0.028635552152991295,0.0,0.028635552152991295,coarse_candidate_mid_graph_weak,0.018598207039758563
786,787,0.04398920759558678,0.006727334577590227,0.028631520802614774,coarse_candidate_mid_graph_weak,0.019269185606390238
1672,2793,0.02862280234694481,0.0,0.02862280234694481,coarse_candidate_mid_graph_weak,0.019649233669042587
88,221,0.028620462864637375,0.0,0.028620462864637375,coarse_candidate_mid_graph_weak,0.0
317,951,0.03870072960853577,0.003741670399904251,0.028618691780108632,coarse_candidate_mid_graph_weak,0.01436270889826119
860,902,0.033228322863578796,0.007576552219688892,0.028611965145928894,coarse_candidate_mid_graph_weak,0.054535661824047565
1103,1864,0.02859746478497982,0.0,0.02859746478497982,coarse_candidate_mid_graph_weak,0.0
1292,1293,0.028593024238944054,0.0,0.028593024238944054,coarse_candidate_mid_graph_weak,0.0
346,421,0.02856462262570858,0.0,0.02856462262570858,coarse_candidate_mid_graph_weak,0.004782877396792173
2998,3036,0.028520546853542328,0.0,0.028520546853542328,coarse_candidate_mid_graph_weak,0.008138397708535194
1947,3333,0.02851530909538269,0.0,0.02851530909538269,coarse_candidate_mid_graph_weak,0.00418749894015491
712,1662,0.028505992144346237,0.0,0.028505992144346237,coarse_candidate_mid_graph_weak,0.0
789,801,0.02850312553346157,0.0,0.02850312553346157,coarse_candidate_mid_graph_weak,0.018011947395280004
1021,1602,0.02849751152098179,0.0,0.02849751152098179,coarse_candidate_mid_graph_weak,0.014731870032846928
250,2392,0.03702264651656151,0.0020929330494254827,0.02844610157220995,coarse_candidate_mid_graph_weak,0.009034631191752851
530,553,0.028436869382858276,0.0,0.028436869382858276,coarse_candidate_mid_graph_weak,0.007430869387462735
2052,2541,0.028383493423461914,0.0,0.028383493423461914,coarse_candidate_mid_graph_weak,0.007076997077092528
374,2540,0.060989078134298325,0.003960202913731337,0.02838231054890542,coarse_candidate_mid_graph_weak,0.007407331140711904
1246,2305,0.028375448659062386,0.0,0.028375448659062386,coarse_candidate_mid_graph_weak,0.07168933749198914
2379,2544,0.05005365610122681,0.015923455357551575,0.02836008735303485,coarse_candidate_mid_graph_weak,0.0367402508854866
3466,3469,0.08481736481189728,0.028710901737213135,0.028352843548980773,coarse_candidate_mid_graph_weak,0.04312766622751951
290,3087,0.028352050110697746,0.0,0.028352050110697746,coarse_candidate_mid_graph_weak,0.0033022728748619556
22,1350,0.09758160263299942,0.0610252283513546,0.02831605502453036,coarse_candidate_mid_graph_weak,0.08597260527312756
1266,1700,0.028314784169197083,0.0,0.028314784169197083,coarse_candidate_mid_graph_weak,0.005330172542016953
146,147,0.039407286792993546,0.010969625785946846,0.02831051451586023,coarse_candidate_mid_graph_weak,0.03895575925707817
3051,3076,0.028281651437282562,0.0,0.028281651437282562,coarse_candidate_mid_graph_weak,0.025024978443980217
2475,2507,0.03929833322763443,0.0017420010408386588,0.02826385720657892,coarse_candidate_mid_graph_weak,0.0062039862386882305
2952,2960,0.028233207762241364,0.0,0.028233207762241364,coarse_candidate_mid_graph_weak,0.007577475858852267
397,1990,0.028206514194607735,0.0,0.028206514194607735,coarse_candidate_mid_graph_weak,0.02794464770704508
618,619,0.028147943317890167,0.0,0.028147943317890167,coarse_candidate_mid_graph_weak,0.003068846184760332
968,970,0.028142612427473068,0.0,0.028142612427473068,coarse_candidate_mid_graph_weak,0.005280749872326851
320,344,0.02814013883471489,0.0,0.02814013883471489,coarse_candidate_mid_graph_weak,0.03995195357128978
365,452,0.028131909668445587,0.0,0.028131909668445587,coarse_candidate_mid_graph_weak,0.03437918936833739
1752,2664,0.05591939762234688,0.020001232624053955,0.028124599772265686,coarse_candidate_mid_graph_weak,0.040239791851490736
1996,2630,0.028122980147600174,0.0,0.028122980147600174,coarse_candidate_mid_graph_weak,0.02461090963333845
699,869,0.028118902817368507,0.0,0.028118902817368507,coarse_candidate_mid_graph_weak,0.020098541863262653
1745,1752,0.06457922607660294,0.028286011889576912,0.028113417141066212,coarse_candidate_mid_graph_weak,0.05009319167584181
1546,3168,0.03136824443936348,0.0028316136449575424,0.02811073654388528,coarse_candidate_mid_graph_weak,0.027267086319625378
67,1807,0.028101595118641853,0.0,0.028101595118641853,coarse_candidate_mid_graph_weak,0.0
1531,3122,0.031123541295528412,0.002663944847881794,0.028098316698114932,coarse_candidate_mid_graph_weak,0.027406691573560238
2161,2485,0.03746619448065758,0.004205318167805672,0.028096048343980638,coarse_candidate_mid_graph_weak,0.016814814414829016
863,1713,0.03724648058414459,0.008178290911018848,0.02801810630179758,coarse_candidate_mid_graph_weak,0.033008257392793894
481,483,0.04808579012751579,0.002693906892091036,0.027996216117362624,coarse_candidate_mid_graph_weak,0.006448053172789514
1202,1793,0.02797350287437439,0.0,0.02797350287437439,coarse_candidate_mid_graph_weak,0.03330586338415742
1444,2574,0.02989756502211094,0.0042816027998924255,0.027953147471016595,coarse_candidate_mid_graph_weak,0.06583436671644449
386,633,0.02793247252702713,0.0,0.02793247252702713,coarse_candidate_mid_graph_weak,0.0
154,1847,0.027923204004764557,0.0,0.027923204004764557,coarse_candidate_mid_graph_weak,0.0010631127515807748
76,78,0.027913957834243774,0.0,0.027913957834243774,coarse_candidate_mid_graph_weak,0.024054278153926134
1983,2457,0.05327288806438446,0.00976748950779438,0.027907848051587164,coarse_candidate_mid_graph_weak,0.020514155505225062
2558,3329,0.031521063297986984,0.005019758362323046,0.027902699797221483,coarse_candidate_mid_graph_weak,0.043729194439947605
913,1714,0.03752186894416809,0.002900609979405999,0.02787408354729879,coarse_candidate_mid_graph_weak,0.011280962731689215
1553,2662,0.027867570519447327,0.0,0.027867570519447327,coarse_candidate_mid_graph_weak,0.007096797693520784
593,3303,0.029890162870287895,0.00269300420768559,0.02784119803410682,coarse_candidate_mid_graph_weak,0.03928536642342806
282,364,0.02777089737355709,0.0,0.02777089737355709,coarse_candidate_mid_graph_weak,0.00821761239785701
2238,3111,0.0355355478823185,0.003982191905379295,0.02776348333639169,coarse_candidate_mid_graph_weak,0.018207436427474022
2057,2059,0.03313992917537689,0.005214017350226641,0.027763145000782193,coarse_candidate_mid_graph_weak,0.0321367122232914
773,1219,0.027759278193116188,0.0,0.027759278193116188,coarse_candidate_mid_graph_weak,0.025588752701878548
236,888,0.027753528207540512,0.0,0.027753528207540512,coarse_candidate_mid_graph_weak,0.008765982114709914
1010,2163,0.32569846510887146,0.11527163535356522,0.0277517800931351,coarse_candidate_mid_graph_weak,0.12600843235850334
404,875,0.027734413743019104,0.0,0.027734413743019104,coarse_candidate_mid_graph_weak,0.0
3048,3480,0.027720008045434952,0.0,0.027720008045434952,coarse_candidate_mid_graph_weak,0.006967785302549601
3333,3351,0.029942715540528297,0.0035088073927909136,0.027702962355850014,coarse_candidate_mid_graph_weak,0.04690839257091284
996,2383,0.02768680639564991,0.0,0.02768680639564991,coarse_candidate_mid_graph_weak,0.0
50,3472,0.11070754379034042,0.012845677323639393,0.027666441797082116,coarse_candidate_mid_graph_weak,0.017125415615737438
2335,3134,0.027650555595755577,0.0,0.027650555595755577,coarse_candidate_mid_graph_weak,0.026192544028162956
1149,3231,0.027642788365483284,0.0,0.027642788365483284,coarse_candidate_mid_graph_weak,0.00786328874528408
1311,1398,0.027619458734989166,0.0,0.027619458734989166,coarse_candidate_mid_graph_weak,0.011520022060722113
288,981,0.036447979509830475,0.008951839059591293,0.02761552155623777,coarse_candidate_mid_graph_weak,0.03694061702117324
44,954,0.08162514865398407,0.03883722797036171,0.02760152577069176,coarse_candidate_mid_graph_weak,0.05867978371679783
413,441,0.04182017967104912,0.002814831677824259,0.027581428690959257,coarse_candidate_mid_graph_weak,0.008267352008260787
405,407,0.060575131326913834,0.011417428962886333,0.027556360819928898,coarse_candidate_mid_graph_weak,0.020946033066138625
837,1800,0.027546625584363937,0.0,0.027546625584363937,coarse_candidate_mid_graph_weak,0.03450376493856311
2131,2779,0.05132044479250908,0.01579911820590496,0.027495341820534074,coarse_candidate_mid_graph_weak,0.034032078459858894
452,1184,0.02748926728963852,0.0,0.02748926728963852,coarse_candidate_mid_graph_weak,0.0
51,3471,0.04462601616978645,0.007033015601336956,0.027465843909712146,coarse_candidate_mid_graph_weak,0.01828976208344102
1237,1803,0.1247030645608902,0.0031860710587352514,0.02746464872754356,coarse_candidate_mid_graph_weak,0.004085965629201382
2225,2241,0.19622929394245148,0.15424656867980957,0.027448840609578046,coarse_candidate_mid_graph_weak,0.17933175712823868
1130,3059,0.038682952523231506,0.0014910127501934767,0.027431111166521385,coarse_candidate_mid_graph_weak,0.0051259854808449745
585,1953,0.067597396671772,0.019490806385874748,0.027428306118066546,coarse_candidate_mid_graph_weak,0.03279954195022583
3429,3488,0.027427807450294495,0.0,0.027427807450294495,coarse_candidate_mid_graph_weak,0.0
1490,2832,0.09108635038137436,0.009134705178439617,0.02736045814824882,coarse_candidate_mid_graph_weak,0.01305665448307991
242,942,0.02733958698809147,0.0,0.02733958698809147,coarse_candidate_mid_graph_weak,0.00923707615584135
1825,3319,0.02731962688267231,0.0,0.02731962688267231,coarse_candidate_mid_graph_weak,0.021404489874839783
499,924,0.03775028511881828,0.011287681758403778,0.027293389271436316,coarse_candidate_mid_graph_weak,0.040749493055045605
263,609,0.02726474218070507,0.0,0.02726474218070507,coarse_candidate_mid_graph_weak,0.01803123066201806
473,724,0.02726089581847191,0.0,0.02726089581847191,coarse_candidate_mid_graph_weak,0.004184242570772767
258,260,0.02723061852157116,0.0,0.02723061852157116,coarse_candidate_mid_graph_weak,0.0
286,2070,0.05279140546917915,0.02286972664296627,0.027223233961963442,coarse_candidate_mid_graph_weak,0.04721984174102545
3323,3641,0.1017097607254982,0.027874890714883804,0.027218358631973506,coarse_candidate_mid_graph_weak,0.03806007653474808
903,1800,0.027217568829655647,0.0,0.027217568829655647,coarse_candidate_mid_graph_weak,0.009060871321707964
2204,3657,0.03709346801042557,0.009016000665724277,0.027191049149978105,coarse_candidate_mid_graph_weak,0.03377303434535861
2188,2192,0.0359761007130146,0.009311378002166748,0.02717544494503184,coarse_candidate_mid_graph_weak,0.03806387633085251
1515,1922,0.02716691605746746,0.0,0.02716691605746746,coarse_candidate_mid_graph_weak,0.023901124019175768
2566,3164,0.058778632432222366,0.004345139022916555,0.027119517369467078,coarse_candidate_mid_graph_weak,0.008067228947766125
554,2340,0.07627761363983154,0.014164804480969906,0.027109828008033333,coarse_candidate_mid_graph_weak,0.02197490632534027
427,1549,0.027059899643063545,0.0,0.027059899643063545,coarse_candidate_mid_graph_weak,0.007761721266433597
644,1595,0.04312915354967117,0.0031824351754039526,0.02701400850293083,coarse_candidate_mid_graph_weak,0.0085171889513731
935,1995,0.03328941389918327,0.0038318175356835127,0.0270111946098611,coarse_candidate_mid_graph_weak,0.020317697431892157
357,1916,0.07604417204856873,0.011081577278673649,0.026991460365324314,coarse_candidate_mid_graph_weak,0.017179261660203338
864,1210,0.03560358285903931,0.01700184866786003,0.026971469287243036,coarse_candidate_mid_graph_weak,0.07012497261166573
3074,3180,0.05251758173108101,0.01740572415292263,0.026956947486716534,coarse_candidate_mid_graph_weak,0.03576227929443121
15,995,0.026943998411297798,0.0,0.026943998411297798,coarse_candidate_mid_graph_weak,0.0
1083,2011,0.4420906603336334,0.21474513411521912,0.0269126565143038,coarse_candidate_mid_graph_weak,0.2286653369665146
1709,2065,0.026861784979701042,0.0,0.026861784979701042,coarse_candidate_mid_graph_weak,0.0012556865403894335
1597,1790,0.030570341274142265,0.00287426239810884,0.026829544700653185,coarse_candidate_mid_graph_weak,0.023488896200433373
427,876,0.026808589696884155,0.0,0.026808589696884155,coarse_candidate_mid_graph_weak,0.007761721266433597
1889,2665,0.06071770191192627,0.005597028881311417,0.026798738130759305,coarse_candidate_mid_graph_weak,0.010019136592745781
10,55,0.026787038892507553,0.0,0.026787038892507553,coarse_candidate_mid_graph_weak,0.0024887059698812664
1323,1605,0.026770513504743576,0.0,0.026770513504743576,coarse_candidate_mid_graph_weak,0.012695821700617671
902,2120,0.0675688162446022,0.010251048021018505,0.026741268536074544,coarse_candidate_mid_graph_weak,0.016965289833024144
290,2360,0.026730448007583618,0.0,0.026730448007583618,coarse_candidate_mid_graph_weak,0.0033022728748619556
3484,3554,0.026718072593212128,0.0,0.026718072593212128,coarse_candidate_mid_graph_weak,0.022611923050135374
217,2071,0.026705801486968994,0.0,0.026705801486968994,coarse_candidate_mid_graph_weak,0.013695038156583905
18,765,0.026704616844654083,0.0,0.026704616844654083,coarse_candidate_mid_graph_weak,0.0
1120,2446,0.02669677324593067,0.0,0.02669677324593067,coarse_candidate_mid_graph_weak,0.013321525417268276
2832,2884,0.02666706033051014,0.0,0.02666706033051014,coarse_candidate_mid_graph_weak,0.006851028883829713
224,363,0.026652101427316666,0.0,0.026652101427316666,coarse_candidate_mid_graph_weak,0.0037088384851813316
1726,2682,0.06011253595352173,0.03813229501247406,0.026649081590153157,coarse_candidate_mid_graph_weak,0.06849947199225426
2696,3596,0.026631776243448257,0.0,0.026631776243448257,coarse_candidate_mid_graph_weak,0.00625979364849627
2447,2588,0.12947772443294525,0.23087924718856812,0.026615446014220397,coarse_candidate_mid_graph_weak,0.2906188741326332
299,3415,0.02660139836370945,0.0,0.02660139836370945,coarse_candidate_mid_graph_weak,0.002905441098846495
1897,2627,0.02657387964427471,0.0,0.02657387964427471,coarse_candidate_mid_graph_weak,0.0
1127,2838,0.026573436334729195,0.0,0.026573436334729195,coarse_candidate_mid_graph_weak,0.021049263421446085
1338,3351,0.03207506239414215,0.0036608129739761353,0.02654502963527304,coarse_candidate_mid_graph_weak,0.021233292762190104
744,1546,0.03402213379740715,0.003946136683225632,0.026539466885328926,coarse_candidate_mid_graph_weak,0.017942264676094055
796,1336,0.05685371905565262,0.012654188089072704,0.026523305515485013,coarse_candidate_mid_graph_weak,0.02372000808827579
317,568,0.026495996862649918,0.0,0.026495996862649918,coarse_candidate_mid_graph_weak,0.01436270889826119
3042,3043,0.0357237346470356,0.004658067133277655,0.026482685757156763,coarse_candidate_mid_graph_weak,0.01800699857994914
390,397,0.026476280763745308,0.0,0.026476280763745308,coarse_candidate_mid_graph_weak,0.0
1414,2129,0.026468295603990555,0.0,0.026468295603990555,coarse_candidate_mid_graph_weak,0.0045671515399590135
577,579,0.042311910539865494,0.00347519270144403,0.02646479036164758,coarse_candidate_mid_graph_weak,0.00927878636866808
1682,1922,0.1943691074848175,0.107168048620224,0.026457851748519595,coarse_candidate_mid_graph_weak,0.12405456602573395
2271,2584,0.08907588571310043,0.01332105416804552,0.02641145751826781,coarse_candidate_mid_graph_weak,0.01893553859554231
401,2276,0.026371847838163376,0.0,0.026371847838163376,coarse_candidate_mid_graph_weak,0.007528208428993821
2604,2737,0.026368819177150726,0.0,0.026368819177150726,coarse_candidate_mid_graph_weak,0.03459471836686134
974,1193,0.026362735778093338,0.0,0.026362735778093338,coarse_candidate_mid_graph_weak,0.003198155900463462
2716,2717,0.02636003866791725,0.0,0.02636003866791725,coarse_candidate_mid_graph_weak,0.0
1884,2528,0.026355406269431114,0.0,0.026355406269431114,coarse_candidate_mid_graph_weak,0.004090960370376706
1240,1672,0.050490204244852066,0.04623124375939369,0.026348346506289744,coarse_candidate_mid_graph_weak,0.09668787568807602
72,1511,0.026326732710003853,0.0,0.026326732710003853,coarse_candidate_mid_graph_weak,0.013017305172979832
3133,3478,0.09946738928556442,0.005389857571572065,0.026298228316385154,coarse_candidate_mid_graph_weak,0.0073270631255581975
1893,2429,0.034646522253751755,0.01286142598837614,0.026283048799398287,coarse_candidate_mid_graph_weak,0.05327973887324333
499,762,0.026275137439370155,0.0,0.026275137439370155,coarse_candidate_mid_graph_weak,0.040749493055045605
73,1031,0.04834600165486336,0.003275617491453886,0.026258025045402457,coarse_candidate_mid_graph_weak,0.007169647607952356
177,1969,0.03759089857339859,0.009534494951367378,0.02617002111032501,coarse_candidate_mid_graph_weak,0.03138202242553234
308,2571,0.02616727352142334,0.0,0.02616727352142334,coarse_candidate_mid_graph_weak,0.002276572398841381
120,1233,0.07247515022754669,0.0224025659263134,0.02612669749513281,coarse_candidate_mid_graph_weak,0.03503092844039202
2939,3577,0.13597936928272247,0.012466385960578918,0.026101358954142527,coarse_candidate_mid_graph_weak,0.015427757520228624
300,3445,0.031054120510816574,0.007167801260948181,0.026070502178968523,coarse_candidate_mid_graph_weak,0.0446642879396677
289,291,0.048895932734012604,0.017664745450019836,0.026065209444581565,coarse_candidate_mid_graph_weak,0.037832099944353104
63,3314,0.04030872508883476,0.018102120608091354,0.026059740655479047,coarse_candidate_mid_graph_weak,0.0512088006362319
2737,3008,0.0561816468834877,0.007195609156042337,0.02605469231242858,coarse_candidate_mid_graph_weak,0.013418587390333414
2142,2153,0.09039513766765594,0.10725157707929611,0.026034604681241514,coarse_candidate_mid_graph_weak,0.15063612163066864
737,2419,0.10938521474599838,0.03180413693189621,0.026025051189903066,coarse_candidate_mid_graph_weak,0.04173339158296585
251,342,0.05529623106122017,0.003646116005256772,0.026006406145738244,coarse_candidate_mid_graph_weak,0.0068834987469017506
327,2968,0.07899118959903717,0.010787904262542725,0.025989739432656127,coarse_candidate_mid_graph_weak,0.016077850479632616
1722,3346,0.025977537035942078,0.0,0.025977537035942078,coarse_candidate_mid_graph_weak,0.044706616550683975
1438,2605,0.0302523635327816,0.003503452753648162,0.025972649517907787,coarse_candidate_mid_graph_weak,0.024765142239630222
1038,1255,0.04972662404179573,0.025339912623167038,0.02595277477822004,coarse_candidate_mid_graph_weak,0.05300228390842676
88,959,0.025921810418367386,0.0,0.025921810418367386,coarse_candidate_mid_graph_weak,0.0
418,3424,0.034426555037498474,0.007030692882835865,0.025904952270871584,coarse_candidate_mid_graph_weak,0.028403405100107193
420,1770,0.03361397609114647,0.005928391125053167,0.025891501622915692,coarse_candidate_mid_graph_weak,0.025804785545915365
1360,2429,0.025890585035085678,0.0,0.025890585035085678,coarse_candidate_mid_graph_weak,0.0030160326277837157
2910,2930,0.05551595240831375,0.010328314267098904,0.02588512458968498,coarse_candidate_mid_graph_weak,0.01935100182890892
367,2872,0.03088434226810932,0.004457362927496433,0.025875011253350722,coarse_candidate_mid_graph_weak,0.0274812588468194
107,153,0.02586650289595127,0.0,0.02586650289595127,coarse_candidate_mid_graph_weak,0.017791935009881854
79,862,0.0258516613394022,0.0,0.0258516613394022,coarse_candidate_mid_graph_weak,0.026782233268022537
155,1864,0.025845490396022797,0.0,0.025845490396022797,coarse_candidate_mid_graph_weak,0.029501971788704395
830,831,0.025820720940828323,0.0,0.025820720940828323,coarse_candidate_mid_graph_weak,0.002698670024983585
856,1922,0.03183744102716446,0.00717732310295105,0.025816070934852272,coarse_candidate_mid_graph_weak,0.03794943634420633
322,353,0.025801807641983032,0.0,0.025801807641983032,coarse_candidate_mid_graph_weak,0.0
648,668,0.034097764641046524,0.009709615260362625,0.0257987656163166,coarse_candidate_mid_graph_weak,0.03989350702613592
1757,2386,0.025790048763155937,0.0,0.025790048763155937,coarse_candidate_mid_graph_weak,0.000446784746600315
2674,3075,0.025750407949090004,0.0,0.025750407949090004,coarse_candidate_mid_graph_weak,0.005309583502821624
2788,2823,0.025741808116436005,0.0,0.025741808116436005,coarse_candidate_mid_graph_weak,0.03397971484810114
99,1220,0.025733496993780136,0.0,0.025733496993780136,coarse_candidate_mid_graph_weak,0.008416734170168638
111,359,0.05808652192354202,0.021807555109262466,0.025725042319121365,coarse_candidate_mid_graph_weak,0.03914298862218857
1897,2206,0.02569378726184368,0.0,0.02569378726184368,coarse_candidate_mid_graph_weak,0.0
502,1916,0.0482243150472641,0.012456814758479595,0.025686515656355904,coarse_candidate_mid_graph_weak,0.026653949171304703
489,675,0.025684630498290062,0.0,0.025684630498290062,coarse_candidate_mid_graph_weak,0.0
1444,2466,0.025661278516054153,0.0,0.025661278516054153,coarse_candidate_mid_graph_weak,0.06583436671644449
408,1577,0.02563284896314144,0.0,0.02563284896314144,coarse_candidate_mid_graph_weak,0.0021199853508733213
656,3397,0.03620455041527748,0.00780225545167923,0.025632252052925852,coarse_candidate_mid_graph_weak,0.026718613225966692
89,334,0.033199209719896317,0.011465138755738735,0.02561022421950692,coarse_candidate_mid_graph_weak,0.05015605129301548
517,1807,0.025607004761695862,0.0,0.025607004761695862,coarse_candidate_mid_graph_weak,0.008486191858537495
1767,2578,0.060636017471551895,0.010196459479629993,0.02560405043842024,coarse_candidate_mid_graph_weak,0.01764881471171975
20,733,0.025597041472792625,0.0,0.025597041472792625,coarse_candidate_mid_graph_weak,0.008630718220956624
1380,1389,0.06136827915906906,0.011157173663377762,0.025572363784154853,coarse_candidate_mid_graph_weak,0.01912778429687023
148,1508,0.07312874495983124,0.008404573425650597,0.025553266254892893,coarse_candidate_mid_graph_weak,0.012918754015117884
1319,3458,0.031157882884144783,0.005573440343141556,0.025518527247672788,coarse_candidate_mid_graph_weak,0.030793695710599422
3458,3659,0.04372517392039299,0.012485729530453682,0.025514949890278284,coarse_candidate_mid_graph_weak,0.029979899991303682
28,30,0.050662245601415634,0.014438926242291927,0.025465649633310446,coarse_candidate_mid_graph_weak,0.029032033868134022
277,2190,0.13470591604709625,0.09724172204732895,0.02544499346695183,coarse_candidate_mid_graph_weak,0.11988765001296997
161,635,0.025417441502213478,0.0,0.025417441502213478,coarse_candidate_mid_graph_weak,0.0033091841032728553
2289,2745,0.05405433848500252,0.007902300916612148,0.02541499439108255,coarse_candidate_mid_graph_weak,0.014914924278855324
67,1124,0.02538030780851841,0.0,0.02538030780851841,coarse_candidate_mid_graph_weak,0.0
357,620,0.02537367306649685,0.0,0.02537367306649685,coarse_candidate_mid_graph_weak,0.017179261660203338
1034,2537,0.08977990597486496,0.011879583820700645,0.02533194019447881,coarse_candidate_mid_graph_weak,0.016548977233469486
2321,3518,0.03900027647614479,0.012265991419553757,0.025317929000895134,coarse_candidate_mid_graph_weak,0.03496308345347643
1699,2711,0.05164765194058418,0.007814396172761917,0.025310710135139754,coarse_candidate_mid_graph_weak,0.01532430062070489
3324,3477,0.0749826654791832,0.015940595418214798,0.025309564371642734,coarse_candidate_mid_graph_weak,0.024062687996774912
261,774,0.02530696429312229,0.0,0.02530696429312229,coarse_candidate_mid_graph_weak,0.0
1967,2305,0.027140701189637184,0.003307051258161664,0.025289799798521733,coarse_candidate_mid_graph_weak,0.048492961563169956
242,3158,0.0481870137155056,0.004391006659716368,0.02528046898567527,coarse_candidate_mid_graph_weak,0.00923707615584135
1055,2255,0.02526414580643177,0.0,0.02526414580643177,coarse_candidate_mid_graph_weak,0.04472405184060335
11,54,0.03305023908615112,0.014539351686835289,0.025246306701763692,coarse_candidate_mid_graph_weak,0.06157524511218071
2333,2922,0.07166233658790588,0.01992468722164631,0.025244473113989266,coarse_candidate_mid_graph_weak,0.030760779045522213
878,881,0.025233333930373192,0.0,0.025233333930373192,coarse_candidate_mid_graph_weak,0.008112413110211492
314,2268,0.0252317413687706,0.0,0.0252317413687706,coarse_candidate_mid_graph_weak,0.044260039925575256
520,1199,0.15758676826953888,0.0772620439529419,0.0252070425383605,coarse_candidate_mid_graph_weak,0.09197387099266052
282,800,0.02519998513162136,0.0,0.02519998513162136,coarse_candidate_mid_graph_weak,0.00821761239785701
136,1908,0.025188729166984558,0.0,0.025188729166984558,coarse_candidate_mid_graph_weak,0.0010831916006281972
2605,2606,0.047847867012023926,0.023359620943665504,0.025178220434282413,coarse_candidate_mid_graph_weak,0.0493041668087244
1752,1913,0.07696691900491714,0.027081795036792755,0.025167388510393084,coarse_candidate_mid_graph_weak,0.040239791851490736
559,1689,0.02868550270795822,0.004167359787970781,0.02515599732073738,coarse_candidate_mid_graph_weak,0.03386956453323364
1348,1989,0.02514742501080036,0.0,0.02514742501080036,coarse_candidate_mid_graph_weak,0.00148114375770092
874,1780,0.025143077597022057,0.0,0.025143077597022057,coarse_candidate_mid_graph_weak,0.0
1143,1961,0.025080153718590736,0.0,0.025080153718590736,coarse_candidate_mid_graph_weak,0.00771035673096776
426,1158,0.025049835443496704,0.0,0.025049835443496704,coarse_candidate_mid_graph_weak,0.0
17,391,0.025034815073013306,0.0,0.025034815073013306,coarse_candidate_mid_graph_weak,0.014834871515631676
913,1928,0.03785252943634987,0.0038259460125118494,0.025014818905344103,coarse_candidate_mid_graph_weak,0.011280962731689215
421,1770,0.024994414299726486,0.0,0.024994414299726486,coarse_candidate_mid_graph_weak,0.0
1339,2018,0.053967855870723724,0.012151863425970078,0.024984764371281686,coarse_candidate_mid_graph_weak,0.0226273313164711
2603,3013,0.03175990656018257,0.005315536633133888,0.024982300593659565,coarse_candidate_mid_graph_weak,0.024908639956265688
2162,2164,0.045904409140348434,0.02509329840540886,0.024969064137918027,coarse_candidate_mid_graph_weak,0.05502144992351532
157,214,0.024937637150287628,0.0,0.024937637150287628,coarse_candidate_mid_graph_weak,0.05134683009237051
915,970,0.024935871362686157,0.0,0.024935871362686157,coarse_candidate_mid_graph_weak,0.01766548166051507
643,3179,0.037817906588315964,0.009523051790893078,0.024934614653948802,coarse_candidate_mid_graph_weak,0.027954181656241417
453,1717,0.024927688762545586,0.0,0.024927688762545586,coarse_candidate_mid_graph_weak,0.0
982,2163,0.03265903890132904,0.014153784140944481,0.024915531437026784,coarse_candidate_mid_graph_weak,0.05969503987580538
995,2682,0.02491491660475731,0.0,0.02491491660475731,coarse_candidate_mid_graph_weak,0.001614345470443368
788,2334,0.024817107245326042,0.0,0.024817107245326042,coarse_candidate_mid_graph_weak,0.0
526,530,0.02475064992904663,0.0,0.02475064992904663,coarse_candidate_mid_graph_weak,0.0
986,1352,0.029798846691846848,0.003512786468490958,0.024745947533197095,coarse_candidate_mid_graph_weak,0.020716222934424877
761,1997,0.14017263054847717,0.0068243504501879215,0.02473667947807525,coarse_candidate_mid_graph_weak,0.008286735159344971
630,1438,0.059153806418180466,0.017348911613225937,0.024730658230580193,coarse_candidate_mid_graph_weak,0.02981290826573968
364,1152,0.07822054624557495,0.03647279366850853,0.024693880081073313,coarse_candidate_mid_graph_weak,0.05329907592386007
1397,2094,0.024681832641363144,0.0,0.024681832641363144,coarse_candidate_mid_graph_weak,0.061006599105894566
773,1699,0.0370626263320446,0.008557813242077827,0.024667530795118766,coarse_candidate_mid_graph_weak,0.025588752701878548
7,1701,0.02464311011135578,0.0,0.02464311011135578,coarse_candidate_mid_graph_weak,0.02023864770308137
1844,3346,0.024616951122879982,0.0,0.024616951122879982,coarse_candidate_mid_graph_weak,0.0148958470672369
2677,2719,0.04125097766518593,0.0047429827973246574,0.02461063654341005,coarse_candidate_mid_graph_weak,0.01175773236900568
1185,1414,0.042580295354127884,0.002581467851996422,0.024602678839317407,coarse_candidate_mid_graph_weak,0.006114251213148236
1631,2624,0.024595752358436584,0.0,0.024595752358436584,coarse_candidate_mid_graph_weak,0.0
2566,3134,0.02457745000720024,0.0,0.02457745000720024,coarse_candidate_mid_graph_weak,0.008067228947766125
137,861,0.024561354890465736,0.0,0.024561354890465736,coarse_candidate_mid_graph_weak,0.006265235133469105
113,201,0.024535391479730606,0.0,0.024535391479730606,coarse_candidate_mid_graph_weak,0.04369003791362047
327,392,0.024532606825232506,0.0,0.024532606825232506,coarse_candidate_mid_graph_weak,0.016077850479632616
3353,3354,0.0871979147195816,0.0074968039989471436,0.0244598491727928,coarse_candidate_mid_graph_weak,0.010419602040201426
290,293,0.02445814199745655,0.0,0.02445814199745655,coarse_candidate_mid_graph_weak,0.0033022728748619556
132,2782,0.05766620114445686,0.007561950944364071,0.024451289228459166,coarse_candidate_mid_graph_weak,0.013128711143508554
1774,2699,0.029967648908495903,0.0035324692726135254,0.024431452320834636,coarse_candidate_mid_graph_weak,0.019121394492685795
1221,1631,0.05813245102763176,0.0041584838181734085,0.02442847534453715,coarse_candidate_mid_graph_weak,0.007172532379627228
413,415,0.024398192763328552,0.0,0.024398192763328552,coarse_candidate_mid_graph_weak,0.008267352008260787
1098,1205,0.03412184864282608,0.013238021172583103,0.024368557643797247,coarse_candidate_mid_graph_weak,0.04631316289305687
1982,2457,0.04470561072230339,0.01130447257310152,0.024368528204801353,coarse_candidate_mid_graph_weak,0.024849845096468925
108,1808,0.02433686889708042,0.0,0.02433686889708042,coarse_candidate_mid_graph_weak,0.0
2952,3076,0.024329332634806633,0.0,0.024329332634806633,coarse_candidate_mid_graph_weak,0.007577475858852267
261,1605,0.0242935623973608,0.0,0.0242935623973608,coarse_candidate_mid_graph_weak,0.0
2141,2163,0.030589895322918892,0.005225195549428463,0.02420547389665282,coarse_candidate_mid_graph_weak,0.025035656988620758
3443,3444,0.024203382432460785,0.0,0.024203382432460785,coarse_candidate_mid_graph_weak,0.013119013514369726
666,1210,0.04025548696517944,0.001420951564796269,0.024168861011246358,coarse_candidate_mid_graph_weak,0.0035558169474825263
523,1514,0.047021228820085526,0.013421514071524143,0.02414772048223739,coarse_candidate_mid_graph_weak,0.027590699028223753
30,567,0.024146312847733498,0.0,0.024146312847733498,coarse_candidate_mid_graph_weak,0.010984878055751324
336,1157,0.024106791242957115,0.0,0.024106791242957115,coarse_candidate_mid_graph_weak,0.006214494351297617
3248,3527,0.047791123390197754,0.016315611079335213,0.024090744208147802,coarse_candidate_mid_graph_weak,0.03289995389059186
1306,1331,0.09164971858263016,0.03349335864186287,0.024059050308044557,coarse_candidate_mid_graph_weak,0.04541539493948221
88,214,0.02405146136879921,0.0,0.02405146136879921,coarse_candidate_mid_graph_weak,0.0
582,2273,0.03837916627526283,0.004471444059163332,0.024035536921192528,coarse_candidate_mid_graph_weak,0.011964217061176896
172,1872,0.09103678911924362,0.019313087686896324,0.02399067865457694,coarse_candidate_mid_graph_weak,0.026223765686154366
1130,1695,0.023990148678421974,0.0,0.023990148678421974,coarse_candidate_mid_graph_weak,0.0051259854808449745
113,998,0.02397821843624115,0.0,0.02397821843624115,coarse_candidate_mid_graph_weak,0.04369003791362047
848,2211,0.023891745135188103,0.0,0.023891745135188103,coarse_candidate_mid_graph_weak,0.026848670095205307
1545,1824,0.03961636871099472,0.016568155959248543,0.023891344814799056,coarse_candidate_mid_graph_weak,0.04174048826098442
1093,2601,0.02386929653584957,0.0,0.02386929653584957,coarse_candidate_mid_graph_weak,0.026259418576955795
723,2626,0.02385423332452774,0.0,0.02385423332452774,coarse_candidate_mid_graph_weak,0.0068126460537314415
121,159,0.03458409011363983,0.00907506886869669,0.023843180485353464,coarse_candidate_mid_graph_weak,0.02922033704817295
212,1042,0.0238028671592474,0.0,0.0238028671592474,coarse_candidate_mid_graph_weak,0.004308316740207374
361,782,0.02378777600824833,0.0,0.02378777600824833,coarse_candidate_mid_graph_weak,0.0
315,625,0.035853061825037,0.004929376300424337,0.023778771716295888,coarse_candidate_mid_graph_weak,0.014637153130024672
839,1480,0.04069680720567703,0.014184649102389812,0.02377638144141128,coarse_candidate_mid_graph_weak,0.03411674965173006
734,2612,0.09746354073286057,0.011482711881399155,0.023746227586268,coarse_candidate_mid_graph_weak,0.015181586379185319
680,1272,0.03081378899514675,0.007565599400550127,0.023739455957317877,coarse_candidate_mid_graph_weak,0.032953605987131596
250,398,0.023731835186481476,0.0,0.023731835186481476,coarse_candidate_mid_graph_weak,0.009034631191752851
364,800,0.04002475365996361,0.02170388773083687,0.0237262954816039,coarse_candidate_mid_graph_weak,0.05329907592386007
336,337,0.023715877905488014,0.0,0.023715877905488014,coarse_candidate_mid_graph_weak,0.006214494351297617
1845,3484,0.023657189682126045,0.0,0.023657189682126045,coarse_candidate_mid_graph_weak,0.00940048648044467
83,1030,0.023634249344468117,0.0,0.023634249344468117,coarse_candidate_mid_graph_weak,0.046083394438028336
162,2477,0.02360975556075573,0.0,0.02360975556075573,coarse_candidate_mid_graph_weak,0.015195151790976524
106,751,0.04749295115470886,0.020376551896333694,0.023603454079454824,coarse_candidate_mid_graph_weak,0.04050912335515022
1773,3518,0.027550799772143364,0.005165059119462967,0.023597953609622378,coarse_candidate_mid_graph_weak,0.03599975910037756
1093,1575,0.023590249940752983,0.0,0.023590249940752983,coarse_candidate_mid_graph_weak,0.026259418576955795
543,850,0.025781838223338127,0.005108309909701347,0.023580574542703767,coarse_candidate_mid_graph_weak,0.05983000621199608
148,2346,0.07987306267023087,0.009114379994571209,0.023521386366558972,coarse_candidate_mid_graph_weak,0.012918754015117884
461,874,0.025403140112757683,0.0025629964657127857,0.02351451704520509,coarse_candidate_mid_graph_weak,0.03447387646883726
1192,1267,0.023438511416316032,0.0,0.023438511416316032,coarse_candidate_mid_graph_weak,0.018550158012658358
526,540,0.023431401699781418,0.0,0.023431401699781418,coarse_candidate_mid_graph_weak,0.0
1264,1338,0.023428194224834442,0.0,0.023428194224834442,coarse_candidate_mid_graph_weak,0.0
315,778,0.034363653510808945,0.0046599628403782845,0.023423455850956048,coarse_candidate_mid_graph_weak,0.014637153130024672
1556,3473,0.030309563502669334,0.006079462356865406,0.023392907015321686,coarse_candidate_mid_graph_weak,0.026640885043889284
16,96,0.023391010239720345,0.0,0.023391010239720345,coarse_candidate_mid_graph_weak,0.01106096780858934
122,333,0.02338048629462719,0.0,0.02338048629462719,coarse_candidate_mid_graph_weak,0.0
735,1753,0.023324506357312202,0.0,0.023324506357312202,coarse_candidate_mid_graph_weak,0.035578721668571234
1598,1997,0.03423737734556198,0.010260309092700481,0.023317283402086962,coarse_candidate_mid_graph_weak,0.03216877765953541
148,180,0.06932264566421509,0.008576758205890656,0.02329935507761267,coarse_candidate_mid_graph_weak,0.012918754015117884
1544,2929,0.02327403426170349,0.0,0.02327403426170349,coarse_candidate_mid_graph_weak,0.014101357664912939
351,725,0.023260585963726044,0.0,0.023260585963726044,coarse_candidate_mid_graph_weak,0.005589552107267082
731,809,0.023259693756699562,0.0,0.023259693756699562,coarse_candidate_mid_graph_weak,0.017203575000166893
1816,2685,0.07619501650333405,0.027944251894950867,0.023249629140852927,coarse_candidate_mid_graph_weak,0.040215264074504375
3561,3604,0.11380048841238022,0.028118450194597244,0.02321136610860207,coarse_candidate_mid_graph_weak,0.03532315231859684
1857,2909,0.027731161564588547,0.00888065341860056,0.023193344999200352,coarse_candidate_mid_graph_weak,0.054270777851343155
333,1058,0.04577527195215225,0.01191510260105133,0.023128384780053888,coarse_candidate_mid_graph_weak,0.024083533324301243
468,692,0.06393861770629883,0.014470747672021389,0.023106248429562732,coarse_candidate_mid_graph_weak,0.022659464040771127
305,1093,0.025832701474428177,0.0025644588749855757,0.0230978837375357,coarse_candidate_mid_graph_weak,0.024223515763878822
39,181,0.04342995584011078,0.04664265736937523,0.023094414919888357,coarse_candidate_mid_graph_weak,0.09961321204900742
3443,3639,0.078548364341259,0.009266136214137077,0.02306859502883742,coarse_candidate_mid_graph_weak,0.013119013514369726
1562,3062,0.054686252027750015,0.02594585157930851,0.02306799790489555,coarse_candidate_mid_graph_weak,0.044875386636704206
1203,1847,0.023062633350491524,0.0,0.023062633350491524,coarse_candidate_mid_graph_weak,0.0
521,1615,0.0734807550907135,0.02801620028913021,0.023040043617585756,coarse_candidate_mid_graph_weak,0.04081329330801964
1203,2703,0.02302558720111847,0.0,0.02302558720111847,coarse_candidate_mid_graph_weak,0.0
685,2095,0.03692619502544403,0.004572249948978424,0.02301205001108919,coarse_candidate_mid_graph_weak,0.01213411195203662
385,3272,0.05966018885374069,0.013941776938736439,0.023004497693569256,coarse_candidate_mid_graph_weak,0.022691402584314346
774,3100,0.1798272281885147,0.02939615584909916,0.02298305658834428,coarse_candidate_mid_graph_weak,0.03370370203629136
2665,3267,0.022943077608942986,0.0,0.022943077608942986,coarse_candidate_mid_graph_weak,0.004959785437677056
1770,3436,0.022896960377693176,0.0,0.022896960377693176,coarse_candidate_mid_graph_weak,0.0044462933437898755
269,1404,0.02593035064637661,0.005612982902675867,0.02288834883573494,coarse_candidate_mid_graph_weak,0.04784567002207041
689,2552,0.04786723107099533,0.012854832224547863,0.02283375003843772,coarse_candidate_mid_graph_weak,0.024580090306699276
1614,2032,0.09633579105138779,0.040619172155857086,0.02281265652748506,coarse_candidate_mid_graph_weak,0.05322243273258209
428,3128,0.06255672872066498,0.02848099358379841,0.022775096000560806,coarse_candidate_mid_graph_weak,0.04478644207119942
2440,2559,0.02276066318154335,0.0,0.02276066318154335,coarse_candidate_mid_graph_weak,0.002725944039411843
969,991,0.02274434268474579,0.0,0.02274434268474579,coarse_candidate_mid_graph_weak,0.004006172472145408
2167,3269,0.055135730654001236,0.031736016273498535,0.022715410974106127,coarse_candidate_mid_graph_weak,0.05397196765989065
2533,2909,0.022679314017295837,0.0,0.022679314017295837,coarse_candidate_mid_graph_weak,0.006300997105427086
276,3016,0.028459880501031876,0.0024650273844599724,0.022552045923122214,coarse_candidate_mid_graph_weak,0.011874805204570293
427,1081,0.02250276319682598,0.0,0.02250276319682598,coarse_candidate_mid_graph_weak,0.007761721266433597
225,1102,0.052261728793382645,0.01943845860660076,0.02244983734967719,coarse_candidate_mid_graph_weak,0.034076584968715906
900,1695,0.02657635323703289,0.0020028860308229923,0.02240910186445747,coarse_candidate_mid_graph_weak,0.01277326513081789
1463,1686,0.022390613332390785,0.0,0.022390613332390785,coarse_candidate_mid_graph_weak,0.0
1716,2852,0.03261493891477585,0.0026713721454143524,0.022375762483057893,coarse_candidate_mid_graph_weak,0.008509145234711468
2632,2992,0.08514538407325745,0.002575562335550785,0.022371615626762868,coarse_candidate_mid_graph_weak,0.003493453550618142
665,1791,0.03342525288462639,0.006602233275771141,0.022371550431775928,coarse_candidate_mid_graph_weak,0.01996447052806616
1339,1341,0.04181113839149475,0.010524092242121696,0.02236455536206344,coarse_candidate_mid_graph_weak,0.0226273313164711
2708,3016,0.022341975942254066,0.0,0.022341975942254066,coarse_candidate_mid_graph_weak,0.011520765954628587
1474,2561,0.022314367815852165,0.0,0.022314367815852165,coarse_candidate_mid_graph_weak,0.0
1294,2626,0.022300442680716515,0.0,0.022300442680716515,coarse_candidate_mid_graph_weak,0.009840261423960328
1154,2517,0.022279992699623108,0.0,0.022279992699623108,coarse_candidate_mid_graph_weak,0.004204562748782337
1158,2533,0.022252703085541725,0.0,0.022252703085541725,coarse_candidate_mid_graph_weak,0.0
186,2173,0.05097099766135216,0.026987122371792793,0.022214774386379626,coarse_candidate_mid_graph_weak,0.04783522989600897
81,1314,0.06680794805288315,0.026805052533745766,0.022180189836494536,coarse_candidate_mid_graph_weak,0.0401272801682353
1435,3014,0.08332008123397827,0.030714694410562515,0.022164570756021445,coarse_candidate_mid_graph_weak,0.041846610605716705
119,576,0.049848951399326324,0.02471362240612507,0.02214941882091127,coarse_candidate_mid_graph_weak,0.044475413393229246
11,332,0.04330933094024658,0.03008589893579483,0.02214822713511705,coarse_candidate_mid_graph_weak,0.06157524511218071
1647,1821,0.022123554721474648,0.0,0.022123554721474648,coarse_candidate_mid_graph_weak,0.024554182309657335
42,1416,0.05845460295677185,0.011105898767709732,0.022117246026883714,coarse_candidate_mid_graph_weak,0.017865661066025496
2267,2493,0.03431619703769684,0.004526849370449781,0.022116661431859946,coarse_candidate_mid_graph_weak,0.012733620358631015
2041,3043,0.02210456319153309,0.0,0.02210456319153309,coarse_candidate_mid_graph_weak,0.0
191,363,0.0518302358686924,0.021773943677544594,0.022089434902004823,coarse_candidate_mid_graph_weak,0.037946141324937344
86,2188,0.02208106964826584,0.0,0.02208106964826584,coarse_candidate_mid_graph_weak,0.002550325181800872
1844,2506,0.0219747144728899,0.0,0.0219747144728899,coarse_candidate_mid_graph_weak,0.0148958470672369
1472,2785,0.039612747728824615,0.01584509015083313,0.021974239265144087,coarse_candidate_mid_graph_weak,0.0355850700289011
1805,1965,0.027446817606687546,0.005640104878693819,0.021967985338490512,coarse_candidate_mid_graph_weak,0.028254730626940727
150,2402,0.09411177039146423,0.047421738505363464,0.021964289640823028,coarse_candidate_mid_graph_weak,0.06185862235724926
1142,1264,0.021936504170298576,0.0,0.021936504170298576,coarse_candidate_mid_graph_weak,0.05544396676123142
1777,2050,0.021899085491895676,0.0,0.021899085491895676,coarse_candidate_mid_graph_weak,0.01286368235014379
2152,2153,0.08800218999385834,0.027106361463665962,0.02188987073249973,coarse_candidate_mid_graph_weak,0.03608131129294634
443,1823,0.021868841722607613,0.0,0.021868841722607613,coarse_candidate_mid_graph_weak,0.010790382046252489
1080,1953,0.021867359057068825,0.0,0.021867359057068825,coarse_candidate_mid_graph_weak,0.0020779097685590386
2592,3534,0.026472901925444603,0.005139231216162443,0.021829887634472796,coarse_candidate_mid_graph_weak,0.029302163515239954
2420,2476,0.02792366035282612,0.0034985668025910854,0.021827459061818537,coarse_candidate_mid_graph_weak,0.01602519117295742
215,398,0.02178163267672062,0.0,0.02178163267672062,coarse_candidate_mid_graph_weak,0.027057616971433163
892,1575,0.08229049295186996,0.03362591192126274,0.021736353657219248,coarse_candidate_mid_graph_weak,0.04569618031382561
2734,3546,0.04478158429265022,0.0071951886638998985,0.021727767475040675,coarse_candidate_mid_graph_weak,0.013976512011140585
213,279,0.04208310320973396,0.01802554540336132,0.021722961316088852,coarse_candidate_mid_graph_weak,0.03725764248520136
3042,3267,0.028048701584339142,0.004084755666553974,0.021686059180197056,coarse_candidate_mid_graph_weak,0.01800699857994914
1835,3562,0.11201612651348114,0.03419206291437149,0.021670426349731577,coarse_candidate_mid_graph_weak,0.04239341150969267
1800,2549,0.06317315995693207,0.002510127378627658,0.021654491208589505,coarse_candidate_mid_graph_weak,0.003819310280960053
320,350,0.023747514933347702,0.0035447636619210243,0.021640500870907697,coarse_candidate_mid_graph_weak,0.03995195357128978
2470,2945,0.04654911905527115,0.009117360226809978,0.02161021093705698,coarse_candidate_mid_graph_weak,0.017017789417877793
221,390,0.07693634182214737,0.01970612071454525,0.021554738335891232,coarse_candidate_mid_graph_weak,0.02737582055851817
286,750,0.05253022536635399,0.027858484536409378,0.021538751928372655,coarse_candidate_mid_graph_weak,0.04721984174102545
2677,3470,0.02151387557387352,0.0,0.02151387557387352,coarse_candidate_mid_graph_weak,0.01175773236900568
744,1702,0.04868398234248161,0.010019388981163502,0.021497684233116803,coarse_candidate_mid_graph_weak,0.017942264676094055
1009,1188,0.021496396511793137,0.0,0.021496396511793137,coarse_candidate_mid_graph_weak,0.04562498349696398
2335,2921,0.06538605690002441,0.017581619322299957,0.021495980389457155,coarse_candidate_mid_graph_weak,0.026192544028162956
2582,3481,0.08955785632133484,0.031679268926382065,0.021484223825413713,coarse_candidate_mid_graph_weak,0.04167733248323202
1463,2344,0.021468959748744965,0.0,0.021468959748744965,coarse_candidate_mid_graph_weak,0.0
975,1433,0.053435344249010086,0.029940761625766754,0.021440230938517074,coarse_candidate_mid_graph_weak,0.05000435188412666
1061,1422,0.02140618860721588,0.0,0.02140618860721588,coarse_candidate_mid_graph_weak,0.002376931195612997
2910,2947,0.028451981022953987,0.004802449606359005,0.0213908889786294,coarse_candidate_mid_graph_weak,0.01935100182890892
301,303,0.025576097890734673,0.006228295154869556,0.021353143352573888,coarse_candidate_mid_graph_weak,0.037721335887908936
2507,3524,0.10349836200475693,0.016053462401032448,0.0213425394766605,coarse_candidate_mid_graph_weak,0.02022385038435459
2922,3068,0.02134234644472599,0.0,0.02134234644472599,coarse_candidate_mid_graph_weak,0.006772969849407673
2716,2771,0.02131401188671589,0.0,0.02131401188671589,coarse_candidate_mid_graph_weak,0.0
303,1133,0.10824670642614365,0.01856662705540657,0.02129912890516592,coarse_candidate_mid_graph_weak,0.023114804178476334
490,1154,0.021270224824547768,0.0,0.021270224824547768,coarse_candidate_mid_graph_weak,0.000959745142608881
93,3066,0.037724707275629044,0.011517899110913277,0.02126696287110959,coarse_candidate_mid_graph_weak,0.026401514187455177
375,2083,0.08988917618989944,0.058820940554142,0.021219777383115354,coarse_candidate_mid_graph_weak,0.07699741050601006
82,675,0.021195482462644577,0.0,0.021195482462644577,coarse_candidate_mid_graph_weak,0.0
194,733,0.040184278041124344,0.015607123263180256,0.021182621604016655,coarse_candidate_mid_graph_weak,0.033005595207214355
444,3492,0.048242200165987015,0.011982236988842487,0.021160902399204852,coarse_candidate_mid_graph_weak,0.021344969514757395
172,2796,0.06911410391330719,0.01820855401456356,0.021124508927791472,coarse_candidate_mid_graph_weak,0.026223765686154366
145,3512,0.06341575086116791,0.013167240656912327,0.02112036349710637,coarse_candidate_mid_graph_weak,0.019742352655157447
1900,2541,0.05282674729824066,0.009650417603552341,0.021120352630688764,coarse_candidate_mid_graph_weak,0.016078780870884657
1137,3016,0.022557014599442482,0.0015284676337614655,0.021085927385001913,coarse_candidate_mid_graph_weak,0.023436861112713814
1196,1840,0.06183160841464996,0.03543396294116974,0.021067638033943497,coarse_candidate_mid_graph_weak,0.05374694615602493
499,1075,0.037465840578079224,0.017847392708063126,0.021056616320211496,coarse_candidate_mid_graph_weak,0.040749493055045605
278,1560,0.039495766162872314,0.027733875438570976,0.02105131816514023,coarse_candidate_mid_graph_weak,0.05938755441457033
272,308,0.02100716531276703,0.0,0.02100716531276703,coarse_candidate_mid_graph_weak,0.0
170,445,0.09133408963680267,0.019381560385227203,0.020959263735472616,coarse_candidate_mid_graph_weak,0.025153840892016888
202,537,0.06870144605636597,0.01426550094038248,0.020927806982350392,coarse_candidate_mid_graph_weak,0.02051467215642333
128,172,0.02089514024555683,0.0,0.02089514024555683,coarse_candidate_mid_graph_weak,0.03686202596873045
108,791,0.020881809294223785,0.0,0.020881809294223785,coarse_candidate_mid_graph_weak,0.0
1697,2929,0.020844100043177605,0.0,0.020844100043177605,coarse_candidate_mid_graph_weak,0.03525523375719786
1228,1778,0.02084203064441681,0.0,0.02084203064441681,coarse_candidate_mid_graph_weak,0.0
229,396,0.0207481998950243,0.0,0.0207481998950243,coarse_candidate_mid_graph_weak,0.0
242,1314,0.020736386999487877,0.0,0.020736386999487877,coarse_candidate_mid_graph_weak,0.00923707615584135
310,2773,0.060889262706041336,0.019866090267896652,0.020708909432857067,coarse_candidate_mid_graph_weak,0.03010505111888051
2694,2703,0.08716221898794174,0.03975393995642662,0.020705951624277963,coarse_candidate_mid_graph_weak,0.05214017815887928
1337,2958,0.15119348466396332,0.0718035101890564,0.020695230149227382,coarse_candidate_mid_graph_weak,0.08319056034088135
1210,2690,0.050785597413778305,0.009618193842470646,0.02067405120883198,coarse_candidate_mid_graph_weak,0.01622187439352274
2060,2472,0.020659171044826508,0.0,0.020659171044826508,coarse_candidate_mid_graph_weak,0.061963990330696106
370,950,0.020610090345144272,0.0,0.020610090345144272,coarse_candidate_mid_graph_weak,0.00294590275734663
3268,3561,0.33267438411712646,0.4395711421966553,0.02060935741555627,coarse_candidate_mid_graph_weak,0.4686012417078018
224,391,0.020562542602419853,0.0,0.020562542602419853,coarse_candidate_mid_graph_weak,0.0037088384851813316
59,1790,0.11720673739910126,0.01913641393184662,0.020544055538319627,coarse_candidate_mid_graph_weak,0.023203542456030846
1673,2307,0.11231383681297302,0.009154843166470528,0.020542804428711824,coarse_candidate_mid_graph_weak,0.011204140726476908
1189,1851,0.020510124042630196,0.0,0.020510124042630196,coarse_candidate_mid_graph_weak,0.000771894003264606
1753,3193,0.059567470103502274,0.016139797866344452,0.0204395830500704,coarse_candidate_mid_graph_weak,0.0245708879083395
5,3228,0.06300433725118637,0.012828823179006577,0.020427496221365086,coarse_candidate_mid_graph_weak,0.018983829766511917
1403,3484,0.023366905748844147,0.006391506176441908,0.020417634398461844,coarse_candidate_mid_graph_weak,0.05063953250646591
377,2245,0.056469112634658813,0.015522368252277374,0.020383956312524258,coarse_candidate_mid_graph_weak,0.024290718138217926
3470,3578,0.040628187358379364,0.013733675703406334,0.020378964929199002,coarse_candidate_mid_graph_weak,0.027555346954613924
24,1100,0.08184473216533661,0.036256980150938034,0.020335809903342418,coarse_candidate_mid_graph_weak,0.04824410378932953
743,1454,0.020319906994700432,0.0,0.020319906994700432,coarse_candidate_mid_graph_weak,0.015099134296178818
589,677,0.06743306666612625,0.020868008956313133,0.020249450358101117,coarse_candidate_mid_graph_weak,0.029823780991137028
914,2201,0.32959598302841187,0.03225162625312805,0.020213807631490797,coarse_candidate_mid_graph_weak,0.03435881994664669
1020,1193,0.04012821242213249,0.0019249010365456343,0.020213728836440535,coarse_candidate_mid_graph_weak,0.0038787266239523888
825,1972,0.025527143850922585,0.00544774578884244,0.02020409627953222,coarse_candidate_mid_graph_weak,0.02612514514476061
869,1774,0.04267493262887001,0.021079154685139656,0.0201916739851309,coarse_candidate_mid_graph_weak,0.04000983666628599
1796,3601,0.0533657968044281,0.003253423608839512,0.020168667474829878,coarse_candidate_mid_graph_weak,0.005230016773566604
1463,1646,0.02015809901058674,0.0,0.02015809901058674,coarse_candidate_mid_graph_weak,0.0
2484,2780,0.05300360545516014,0.023402635008096695,0.02015743179733021,coarse_candidate_mid_graph_weak,0.03776464331895113
1326,3197,0.020130936056375504,0.0,0.020130936056375504,coarse_candidate_mid_graph_weak,0.0057581722503528
1312,2960,0.03377008065581322,0.012479373253881931,0.020087854898339245,coarse_candidate_mid_graph_weak,0.030801234301179647
108,1422,0.020057857036590576,0.0,0.020057857036590576,coarse_candidate_mid_graph_weak,0.0
1496,2816,0.020039424300193787,0.0,0.020039424300193787,coarse_candidate_mid_graph_weak,0.0052004053723067045
962,2569,0.03505648300051689,0.01586017943918705,0.020038709894180738,coarse_candidate_mid_graph_weak,0.03702293988317251
1267,1415,0.01999761164188385,0.0,0.01999761164188385,coarse_candidate_mid_graph_weak,0.014016109285876155
2398,3554,0.019948286935687065,0.0,0.019948286935687065,coarse_candidate_mid_graph_weak,0.003329000319354236
216,845,0.03884201869368553,0.008715218864381313,0.019945890630947354,coarse_candidate_mid_graph_weak,0.017914606258273125
257,945,0.05671738460659981,0.013293642550706863,0.01991428750648037,coarse_candidate_mid_graph_weak,0.020486880093812943
205,1531,0.01990906521677971,0.0,0.01990906521677971,coarse_candidate_mid_graph_weak,0.002447217295411974
157,392,0.040053676813840866,0.025860793888568878,0.019880671417038413,coarse_candidate_mid_graph_weak,0.05134683009237051
16,79,0.028855612501502037,0.0034408103674650192,0.01987930117207019,coarse_candidate_mid_graph_weak,0.01106096780858934
1062,2379,0.09515044838190079,0.006160881835967302,0.019855293234454188,coarse_candidate_mid_graph_weak,0.007785503170453012
703,1560,0.050954580307006836,0.025382962077856064,0.019833091310876582,coarse_candidate_mid_graph_weak,0.04155900701880455
1213,3042,0.04151665046811104,0.022456642240285873,0.019822226817477407,coarse_candidate_mid_graph_weak,0.04297530930489302
444,3036,0.050840478390455246,0.013031075708568096,0.019802433454021773,coarse_candidate_mid_graph_weak,0.021344969514757395
273,310,0.01979231648147106,0.0,0.01979231648147106,coarse_candidate_mid_graph_weak,0.001723140652757138
727,1851,0.019774777814745903,0.0,0.019774777814745903,coarse_candidate_mid_graph_weak,0.0
513,1652,0.037272240966558456,0.027212100103497505,0.019751999101799318,coarse_candidate_mid_graph_weak,0.05789052229374647
816,2430,0.029118487611413002,0.002692642156034708,0.019729702742956233,coarse_candidate_mid_graph_weak,0.00835099199321121
2623,3076,0.019723432138562202,0.0,0.019723432138562202,coarse_candidate_mid_graph_weak,0.031874469481408596
631,1209,0.04045889526605606,0.004933651071041822,0.019720446492773495,coarse_candidate_mid_graph_weak,0.00962512067053467
3014,3663,0.14064434170722961,0.011717562563717365,0.019708534727347758,coarse_candidate_mid_graph_weak,0.013627137523144484
1303,1602,0.07816909998655319,0.05081643909215927,0.01969090190798359,coarse_candidate_mid_graph_weak,0.06792745739221573
2204,3607,0.04463173449039459,0.018881862983107567,0.019678978195878154,coarse_candidate_mid_graph_weak,0.03377303434535861
981,2171,0.054088834673166275,0.005079631693661213,0.019675172162744187,coarse_candidate_mid_graph_weak,0.007983787218108773
1842,2248,0.09322075545787811,0.0061690169386565685,0.01964511559270281,coarse_candidate_mid_graph_weak,0.007816179655492306
1728,1815,0.019617436453700066,0.0,0.019617436453700066,coarse_candidate_mid_graph_weak,0.0019862716435454786
1202,1845,0.028427397832274437,0.010352332144975662,0.01959142018525596,coarse_candidate_mid_graph_weak,0.03330586338415742
1754,2472,0.019571492448449135,0.0,0.019571492448449135,coarse_candidate_mid_graph_weak,0.008136671036481857
859,1057,0.029670508578419685,0.0027875741943717003,0.0195249890350605,coarse_candidate_mid_graph_weak,0.008152243332006037
646,648,0.031524140387773514,0.0039457157254219055,0.01950439718704657,coarse_candidate_mid_graph_weak,0.010348415467888117
18,363,0.019502295181155205,0.0,0.019502295181155205,coarse_candidate_mid_graph_weak,0.0
152,682,0.12350445985794067,0.012780874036252499,0.019373990278030058,coarse_candidate_mid_graph_weak,0.015158819034695625
1438,1466,0.01936963014304638,0.0,0.01936963014304638,coarse_candidate_mid_graph_weak,0.024765142239630222
176,1736,0.11789456009864807,0.020489512011408806,0.01936367045091151,coarse_candidate_mid_graph_weak,0.02451618993654847
1245,1265,0.023721182718873024,0.0064237117767333984,0.01934263562559777,coarse_candidate_mid_graph_weak,0.03480105102062225
206,1072,0.05024060606956482,0.013104373589158058,0.019304870618950785,coarse_candidate_mid_graph_weak,0.021281914319843054
3,869,0.0357375368475914,0.01941903866827488,0.019302472619974857,coarse_candidate_mid_graph_weak,0.042226096615195274
8,1982,0.019301267340779305,0.0,0.019301267340779305,coarse_candidate_mid_graph_weak,0.02990521863102913
69,182,0.019296739250421524,0.0,0.019296739250421524,coarse_candidate_mid_graph_weak,0.003653338411822915
2467,2624,0.048795994371175766,0.006633494049310684,0.019292555811867666,coarse_candidate_mid_graph_weak,0.010971193667501211
168,830,0.06978451460599899,0.014862761832773685,0.019279813435221622,coarse_candidate_mid_graph_weak,0.020536516327410936
1377,1612,0.026830751448869705,0.00981332827359438,0.01924106347031238,coarse_candidate_mid_graph_weak,0.03469167277216911
2512,2648,0.027335114777088165,0.010416304692626,0.019184667268256773,coarse_candidate_mid_graph_weak,0.0349343866109848
114,1655,0.05896885320544243,0.014601372182369232,0.01913233870055834,coarse_candidate_mid_graph_weak,0.02161399368196726
2631,3076,0.019108502194285393,0.0,0.019108502194285393,coarse_candidate_mid_graph_weak,0.0
475,484,0.10084246844053268,0.14848922193050385,0.019064927984744278,coarse_candidate_mid_graph_weak,0.18310675024986267
523,2413,0.11901616305112839,0.02317422814667225,0.019051036655925353,coarse_candidate_mid_graph_weak,0.027590699028223753
1602,3384,0.07272909581661224,0.026976360008120537,0.01904792218360671,coarse_candidate_mid_graph_weak,0.0365484980866313
42,1890,0.05525066331028938,0.011706646531820297,0.019047133889697882,coarse_candidate_mid_graph_weak,0.017865661066025496
82,570,0.019037075340747833,0.0,0.019037075340747833,coarse_candidate_mid_graph_weak,0.0
88,385,0.019007062539458275,0.0,0.019007062539458275,coarse_candidate_mid_graph_weak,0.0
620,3068,0.044698234647512436,0.024995043873786926,0.018942975826889617,coarse_candidate_mid_graph_weak,0.043378882110118866
774,1610,0.0810551792383194,0.025848709046840668,0.018890739776600732,coarse_candidate_mid_graph_weak,0.03370370203629136
921,1357,0.02938944473862648,0.006246531847864389,0.018854023721008126,coarse_candidate_mid_graph_weak,0.017425226978957653
130,1471,0.128462553024292,0.015232871286571026,0.018832587076101345,coarse_candidate_mid_graph_weak,0.017849622759968042
385,3191,0.04877878352999687,0.013934292830526829,0.01882480201218169,coarse_candidate_mid_graph_weak,0.022691402584314346
205,310,0.01881617121398449,0.0,0.01881617121398449,coarse_candidate_mid_graph_weak,0.002447217295411974
2321,2682,0.07266721874475479,0.025925930589437485,0.018782804579428707,coarse_candidate_mid_graph_weak,0.03496308345347643
1279,2785,0.07593244314193726,0.034322887659072876,0.018771467058263498,coarse_candidate_mid_graph_weak,0.04559440538287163
340,2265,0.08869259804487228,0.020774181932210922,0.01875746696441778,coarse_candidate_mid_graph_weak,0.026346074417233467
205,280,0.01872505247592926,0.0,0.01872505247592926,coarse_candidate_mid_graph_weak,0.002447217295411974
229,359,0.018706614151597023,0.0,0.018706614151597023,coarse_candidate_mid_graph_weak,0.0
63,1285,0.0543232299387455,0.03358494117856026,0.018695711632227722,coarse_candidate_mid_graph_weak,0.0512088006362319
18,1678,0.018538618460297585,0.0,0.018538618460297585,coarse_candidate_mid_graph_weak,0.0
1255,3373,0.07770588994026184,0.017679661512374878,0.01849852703497575,coarse_candidate_mid_graph_weak,0.023203428834676743
199,875,0.03565481677651405,0.007138101849704981,0.018489152536039152,coarse_candidate_mid_graph_weak,0.014826557831838727
220,1382,0.04257431998848915,0.020168805494904518,0.018403858976865695,coarse_candidate_mid_graph_weak,0.0355257261544466
1233,2019,0.07831160724163055,0.015894467011094093,0.01839878735142608,coarse_candidate_mid_graph_weak,0.020775541197508574
2500,3486,0.06864061206579208,0.022766677662730217,0.018361600017853884,coarse_candidate_mid_graph_weak,0.031080934684723616
699,866,0.0677163377404213,0.014661943539977074,0.018317076468693246,coarse_candidate_mid_graph_weak,0.020098541863262653
758,3052,0.0486597940325737,0.024466991424560547,0.0183028457163113,coarse_candidate_mid_graph_weak,0.0392186576500535
282,763,0.08072167634963989,0.006354857701808214,0.018297855193612548,coarse_candidate_mid_graph_weak,0.00821761239785701
172,235,0.04789533466100693,0.01622624136507511,0.018259573353054413,coarse_candidate_mid_graph_weak,0.026223765686154366
240,1987,0.05775895714759827,0.038268253207206726,0.018241548163738557,coarse_candidate_mid_graph_weak,0.05593318119645119
139,1620,0.03555053099989891,0.01579970121383667,0.01821923788322636,coarse_candidate_mid_graph_weak,0.032408878207206726
58,749,0.045419927686452866,0.015909021720290184,0.018196598931729927,coarse_candidate_mid_graph_weak,0.026542919222265482
17,123,0.01817498169839382,0.0,0.01817498169839382,coarse_candidate_mid_graph_weak,0.014834871515631676
181,2938,0.04981771856546402,0.029103387147188187,0.01817105742896973,coarse_candidate_mid_graph_weak,0.04581413324922323
1803,1989,0.018089450895786285,0.0,0.018089450895786285,coarse_candidate_mid_graph_weak,0.0
605,962,0.05908769369125366,0.032404474914073944,0.018071532139191184,coarse_candidate_mid_graph_weak,0.046681737527251244
436,467,0.03269123658537865,0.017882686108350754,0.017925248696318872,coarse_candidate_mid_graph_weak,0.03959146700799465
203,649,0.07973087579011917,0.007188890129327774,0.017861091304749867,coarse_candidate_mid_graph_weak,0.009264239575713873
1027,1028,0.02422923780977726,0.0012584862997755408,0.01781970186155589,coarse_candidate_mid_graph_weak,0.004757312242873013
305,2163,0.029958775267004967,0.00982652883976698,0.017805676929219243,coarse_candidate_mid_graph_weak,0.024223515763878822
2160,2178,0.04144315421581268,0.021197330206632614,0.01780367321932772,coarse_candidate_mid_graph_weak,0.03716173907741904
418,3203,0.05815450847148895,0.01971246674656868,0.017794248482698165,coarse_candidate_mid_graph_weak,0.028403405100107193
671,1245,0.17719429731369019,0.0198000967502594,0.01778457006109727,coarse_candidate_mid_graph_weak,0.022009097505360842
1158,1159,0.017744924873113632,0.0,0.017744924873113632,coarse_candidate_mid_graph_weak,0.0
223,675,0.03017306514084339,0.013106613419950008,0.01771331944505958,coarse_candidate_mid_graph_weak,0.031739548314362764
2152,2965,0.08618210256099701,0.028686676174402237,0.017662473434331725,coarse_candidate_mid_graph_weak,0.03608131129294634
572,2080,0.03890634700655937,0.008076009340584278,0.01760986087015191,coarse_candidate_mid_graph_weak,0.014753984287381172
2730,3171,0.06273151934146881,0.06695176661014557,0.017607792139517412,coarse_candidate_mid_graph_weak,0.09307710826396942
37,473,0.04958855360746384,0.017083382233977318,0.017607220981807493,coarse_candidate_mid_graph_weak,0.026488584000617266
952,2630,0.017605258151888847,0.0,0.017605258151888847,coarse_candidate_mid_graph_weak,0.0
137,202,0.027800358831882477,0.002299191430211067,0.01759829212227046,coarse_candidate_mid_graph_weak,0.006265235133469105
229,232,0.017593860626220703,0.0,0.017593860626220703,coarse_candidate_mid_graph_weak,0.0
326,432,0.05348337069153786,0.017684755846858025,0.017585945426216686,coarse_candidate_mid_graph_weak,0.0263484176248312
988,3644,0.08259725570678711,0.03196300193667412,0.01757129495089786,coarse_candidate_mid_graph_weak,0.04060003440827131
202,1572,0.057771481573581696,0.014281309209764004,0.017553807824397638,coarse_candidate_mid_graph_weak,0.02051467215642333
1373,1665,0.025754427537322044,0.013112788088619709,0.017552678144935538,coarse_candidate_mid_graph_weak,0.04117564857006073
219,221,0.01754801720380783,0.0,0.01754801720380783,coarse_candidate_mid_graph_weak,0.0
88,200,0.01752532459795475,0.0,0.01752532459795475,coarse_candidate_mid_graph_weak,0.0
27,152,0.07292865216732025,0.06015807390213013,0.01750371575941104,coarse_candidate_mid_graph_weak,0.0791565589606762
385,1498,0.052639592438936234,0.015148173086345196,0.01749880929444784,coarse_candidate_mid_graph_weak,0.022691402584314346
91,2552,0.023795969784259796,0.0077388896606862545,0.01748137902259115,coarse_candidate_mid_graph_weak,0.029163312632590532
389,1847,0.017454814165830612,0.0,0.017454814165830612,coarse_candidate_mid_graph_weak,0.0050554268527776
244,310,0.027302708476781845,0.025057345628738403,0.01741140619759971,coarse_candidate_mid_graph_weak,0.06916514970362186
2815,2816,0.052776604890823364,0.006969609763473272,0.01740005015899965,coarse_candidate_mid_graph_weak,0.010397630394436419
1376,2812,0.03379922732710838,0.026082661002874374,0.017382002395955852,coarse_candidate_mid_graph_weak,0.0536981001496315
565,1481,0.017380334436893463,0.0,0.017380334436893463,coarse_candidate_mid_graph_weak,0.010372231248766184
2052,2573,0.03241480141878128,0.003283388912677765,0.017375880471705914,coarse_candidate_mid_graph_weak,0.007076997077092528
935,1366,0.026832496747374535,0.007195239886641502,0.01733012811027511,coarse_candidate_mid_graph_weak,0.020317697431892157
554,854,0.02128102071583271,0.004096041899174452,0.017314316547964066,coarse_candidate_mid_graph_weak,0.02197490632534027
278,2163,0.037374451756477356,0.03189430013298988,0.0173023677419421,coarse_candidate_mid_graph_weak,0.05938755441457033
862,1535,0.037077128887176514,0.021911440417170525,0.01729291313659968,coarse_candidate_mid_graph_weak,0.04106371011584997
349,1347,0.06349506974220276,0.024698667228221893,0.01729024201740144,coarse_candidate_mid_graph_weak,0.0339411199092865
707,3117,0.028399890288710594,0.00682708527892828,0.017287966022071975,coarse_candidate_mid_graph_weak,0.017448685597628355
24,2532,0.06127164140343666,0.03463549166917801,0.017283397064758153,coarse_candidate_mid_graph_weak,0.04824410378932953
2225,2820,0.14798732101917267,0.1584223359823227,0.017254775556752148,coarse_candidate_mid_graph_weak,0.17933175712823868
122,201,0.0172339528799057,0.0,0.0172339528799057,coarse_candidate_mid_graph_weak,0.0
2058,2472,0.04007427766919136,0.01215344574302435,0.017217097037009833,coarse_candidate_mid_graph_weak,0.021307989256456494
1050,1617,0.017209306359291077,0.0,0.017209306359291077,coarse_candidate_mid_graph_weak,0.0021679659839719534
125,2930,0.07277113944292068,0.010745077393949032,0.017208631596570153,coarse_candidate_mid_graph_weak,0.014073006343096495
2654,2767,0.02631044015288353,0.0032352476846426725,0.017206954991658238,coarse_candidate_mid_graph_weak,0.009350351989269257
1738,2419,0.017162257805466652,0.0,0.017162257805466652,coarse_candidate_mid_graph_weak,0.005658898036926985
635,3332,0.13229434192180634,0.018524151295423508,0.017147532431302126,coarse_candidate_mid_graph_weak,0.02128274692222476
1693,2472,0.04101823642849922,0.014157246798276901,0.017133634822417056,coarse_candidate_mid_graph_weak,0.02431295718997717
106,1511,0.04610327631235123,0.025464162230491638,0.017122611954784057,coarse_candidate_mid_graph_weak,0.04050912335515022
31,659,0.017058691009879112,0.0,0.017058691009879112,coarse_candidate_mid_graph_weak,0.0
439,659,0.06246156617999077,0.027807261794805527,0.017053300369154707,coarse_candidate_mid_graph_weak,0.038250417448580265
538,539,0.05758777633309364,0.02883559837937355,0.017052098455586136,coarse_candidate_mid_graph_weak,0.04096583742648363
1543,2868,0.05514751002192497,0.005079712253063917,0.01703726543123559,coarse_candidate_mid_graph_weak,0.007350608357228339
1042,1796,0.06452710926532745,0.027396956458687782,0.0169033156295882,coarse_candidate_mid_graph_weak,0.03712107473984361
930,1863,0.04354727268218994,0.003491493407636881,0.016812396051275977,coarse_candidate_mid_graph_weak,0.00568714109249413
390,769,0.0168074369430542,0.0,0.0168074369430542,coarse_candidate_mid_graph_weak,0.0
340,1413,0.08451146632432938,0.021106591448187828,0.01680692089011015,coarse_candidate_mid_graph_weak,0.026346074417233467
1794,1889,0.03614851087331772,0.005126641597598791,0.0168062029597034,coarse_candidate_mid_graph_weak,0.00958109344355762
1657,2907,0.04621071368455887,0.015439936891198158,0.016793388301507006,coarse_candidate_mid_graph_weak,0.024254091549664736
258,395,0.016696222126483917,0.0,0.016696222126483917,coarse_candidate_mid_graph_weak,0.0
365,2972,0.09322983026504517,0.028225792571902275,0.016686843099723223,coarse_candidate_mid_graph_weak,0.03437918936833739
246,1817,0.06300655007362366,0.03762412443757057,0.01664067806167712,coarse_candidate_mid_graph_weak,0.05112739559262991
870,1498,0.041106536984443665,0.014423634856939316,0.016604969324413105,coarse_candidate_mid_graph_weak,0.024198683444410563
150,1433,0.03814154118299484,0.035028569400310516,0.01654320013609365,coarse_candidate_mid_graph_weak,0.06185862235724926
438,1153,0.016526293009519577,0.0,0.016526293009519577,coarse_candidate_mid_graph_weak,0.018158169463276863
226,686,0.05129634216427803,0.01650896482169628,0.01652447481780146,coarse_candidate_mid_graph_weak,0.024354444351047277
246,1126,0.020256130024790764,0.009551157243549824,0.016472063170416194,coarse_candidate_mid_graph_weak,0.05112739559262991
10,25,0.016458451747894287,0.0,0.016458451747894287,coarse_candidate_mid_graph_weak,0.0024887059698812664
138,341,0.03103126771748066,0.019429391250014305,0.016444608319920728,coarse_candidate_mid_graph_weak,0.04133356548845768
1153,1343,0.049114298075437546,0.0269943755120039,0.01643691000022482,coarse_candidate_mid_graph_weak,0.0405726982280612
2927,3538,0.03362438455224037,0.008529533632099628,0.016423106944812638,coarse_candidate_mid_graph_weak,0.016673198668286204
2235,3111,0.030242621898651123,0.008310647681355476,0.0163557160264172,coarse_candidate_mid_graph_weak,0.018098759930580854
2060,2152,0.05495595559477806,0.04355626180768013,0.01632584192710481,coarse_candidate_mid_graph_weak,0.061963990330696106
1530,3148,0.04769788682460785,0.029061349108815193,0.016316414419706198,coarse_candidate_mid_graph_weak,0.04417144367471337
515,1698,0.04467759653925896,0.026912176981568336,0.016288949600754506,coarse_candidate_mid_graph_weak,0.0423539518378675
1365,1480,0.05947498604655266,0.0302941482514143,0.016197370008144387,coarse_candidate_mid_graph_weak,0.041632238775491714
1,571,0.038375888019800186,0.027454214170575142,0.01615105172680302,coarse_candidate_mid_graph_weak,0.04740551672875881
1169,1481,0.038433872163295746,0.007163291331380606,0.016140370605000096,coarse_candidate_mid_graph_weak,0.012349474243819714
310,777,0.0614694245159626,0.022210964933037758,0.01611838933629449,coarse_candidate_mid_graph_weak,0.03010505111888051
151,317,0.042542606592178345,0.010548421181738377,0.016098907786705693,coarse_candidate_mid_graph_weak,0.01697029359638691
1694,2717,0.03871724754571915,0.02385854162275791,0.01607987246019308,coarse_candidate_mid_graph_weak,0.04080583807080984
673,2347,0.0630694329738617,0.004547344986349344,0.016024135871846205,coarse_candidate_mid_graph_weak,0.006096219760365784
2283,3061,0.046165354549884796,0.021678227931261063,0.015998886686974113,coarse_candidate_mid_graph_weak,0.03317534830421209
198,1605,0.04951556399464607,0.01942926086485386,0.01599484485429393,coarse_candidate_mid_graph_weak,0.02870018407702446
606,824,0.01595895364880562,0.0,0.01595895364880562,coarse_candidate_mid_graph_weak,0.003360650734975934
168,1667,0.10384053736925125,0.01738450489938259,0.015937783958207892,coarse_candidate_mid_graph_weak,0.020536516327410936
272,1126,0.01584935374557972,0.0,0.01584935374557972,coarse_candidate_mid_graph_weak,0.0
2485,2979,0.0399371013045311,0.003721757559105754,0.01584328429478243,coarse_candidate_mid_graph_weak,0.006169060245156288
894,2152,0.05334769934415817,0.026566531509160995,0.015827587388962706,coarse_candidate_mid_graph_weak,0.03777343034744263
1613,2988,0.04747343808412552,0.008674929849803448,0.015825360491065796,coarse_candidate_mid_graph_weak,0.013012757059186697
2272,2601,0.04619542136788368,0.0046164365485310555,0.015801063670358658,coarse_candidate_mid_graph_weak,0.007016375660896301
1318,1823,0.03584678843617439,0.003915390931069851,0.015800007785558467,coarse_candidate_mid_graph_weak,0.007001333171501756
30,33,0.01577230542898178,0.0,0.01577230542898178,coarse_candidate_mid_graph_weak,0.010984878055751324
1840,2229,0.07670758664608002,0.030767418444156647,0.015738199785150384,coarse_candidate_mid_graph_weak,0.038709498941898346
1094,2188,0.05082342401146889,0.031729381531476974,0.015718622785562852,coarse_candidate_mid_graph_weak,0.04593661706894636
176,629,0.09567383676767349,0.020489512011408806,0.015714012965427526,coarse_candidate_mid_graph_weak,0.02451618993654847
563,2477,0.051024921238422394,0.02305951528251171,0.015618395500571073,coarse_candidate_mid_graph_weak,0.033231443259865046
1904,3209,0.07154013216495514,0.0274039413779974,0.015615944389164695,coarse_candidate_mid_graph_weak,0.03505605831742287
876,1630,0.07400409877300262,0.010310012847185135,0.015609591361427142,coarse_candidate_mid_graph_weak,0.013066009851172566
80,119,0.01558792032301426,0.0,0.01558792032301426,coarse_candidate_mid_graph_weak,0.003952497616410255
1055,1481,0.02602723054587841,0.017940964549779892,0.015586458716510692,coarse_candidate_mid_graph_weak,0.04472405184060335
32,1150,0.03321671113371849,0.005027220118790865,0.015517332219956707,coarse_candidate_mid_graph_weak,0.009434665436856449
7,1669,0.024964487180113792,0.007712415419518948,0.015451178845833203,coarse_candidate_mid_graph_weak,0.02023864770308137
157,170,0.05055311322212219,0.03568410128355026,0.015420615087928018,coarse_candidate_mid_graph_weak,0.05134683009237051
1265,1453,0.06696521490812302,0.035475146025419235,0.015391844709506912,coarse_candidate_mid_graph_weak,0.04606254678219557
865,1126,0.015389341861009598,0.0,0.015389341861009598,coarse_candidate_mid_graph_weak,0.0036740018986165524
463,961,0.0805588811635971,0.02105209045112133,0.015388007212287762,coarse_candidate_mid_graph_weak,0.0260228649713099
1246,1531,0.01762966625392437,0.009161027148365974,0.01537680889997156,coarse_candidate_mid_graph_weak,0.07168933749198914
222,1107,0.015367814339697361,0.0,0.015367814339697361,coarse_candidate_mid_graph_weak,0.0028061330667696893
2164,2173,0.045018672943115234,0.05307314917445183,0.015339831690526728,coarse_candidate_mid_graph_weak,0.08050458319485188
1157,2693,0.015304411761462688,0.0,0.015304411761462688,coarse_candidate_mid_graph_weak,0.008147024898789823
447,1893,0.026646926999092102,0.006485200021415949,0.015295210409809686,coarse_candidate_mid_graph_weak,0.01522330567240715
117,220,0.0360877700150013,0.01940865069627762,0.01529175162880624,coarse_candidate_mid_graph_weak,0.03368024155497551
2159,2794,0.0776868462562561,0.04112011566758156,0.015262830412360323,coarse_candidate_mid_graph_weak,0.05117408838123083
314,1466,0.026213888078927994,0.018544761463999748,0.015230384623324458,coarse_candidate_mid_graph_weak,0.044260039925575256
377,2269,0.05087820813059807,0.017029203474521637,0.015209630785746473,coarse_candidate_mid_graph_weak,0.024290718138217926
38,457,0.015149111859500408,0.0,0.015149111859500408,coarse_candidate_mid_graph_weak,0.0023758570896461606
1151,1154,0.015147021040320396,0.0,0.015147021040320396,coarse_candidate_mid_graph_weak,0.007876215502619743
1494,2615,0.1846865713596344,0.09533371776342392,0.015121845704076388,coarse_candidate_mid_graph_weak,0.10383561439812183
909,2548,0.03060886077582836,0.007922605611383915,0.015108800693724495,coarse_candidate_mid_graph_weak,0.01564522529952228
1868,3371,0.05706389993429184,0.004300131928175688,0.015033476205380196,coarse_candidate_mid_graph_weak,0.005838206619955599
236,1254,0.046818576753139496,0.005957104731351137,0.015002043084512088,coarse_candidate_mid_graph_weak,0.008765982114709914
929,1047,0.043046191334724426,0.005657910834997892,0.014965034909099274,coarse_candidate_mid_graph_weak,0.008673129719682038
81,1773,0.08350527286529541,0.03294062986969948,0.014955491417575503,coarse_candidate_mid_graph_weak,0.0401272801682353
950,1810,0.09239736199378967,0.023168476298451424,0.014943470990633582,coarse_candidate_mid_graph_weak,0.027638457715511322
785,961,0.027792273089289665,0.02306056208908558,0.01493873838965554,coarse_candidate_mid_graph_weak,0.04986219387501478
1026,1453,0.17487357556819916,0.08010482043027878,0.01486651417552521,coarse_candidate_mid_graph_weak,0.08754748851060867
1801,1803,0.17324836552143097,0.030624739825725555,0.014845414902695921,coarse_candidate_mid_graph_weak,0.033494869247078896
574,3570,0.13227102160453796,0.0414813831448555,0.014838832166409553,coarse_candidate_mid_graph_weak,0.046723006293177605
151,3436,0.04150241240859032,0.010927527211606503,0.014778140470316763,coarse_candidate_mid_graph_weak,0.01697029359638691
341,727,0.046842776238918304,0.017897041514515877,0.014775044610395324,coarse_candidate_mid_graph_weak,0.026143012568354607
2605,2852,0.0522473119199276,0.035363826900720596,0.014772489519372805,coarse_candidate_mid_graph_weak,0.0493041668087244
633,1601,0.04423427954316139,0.023601166903972626,0.014760399969451493,coarse_candidate_mid_graph_weak,0.03542053606361151
2421,2472,0.015537546016275883,0.002421483863145113,0.01471639901119483,coarse_candidate_mid_graph_weak,0.04581873491406441
82,125,0.01471203938126564,0.0,0.01471203938126564,coarse_candidate_mid_graph_weak,0.0
1769,1842,0.05512696132063866,0.008137572556734085,0.014705408216837265,coarse_candidate_mid_graph_weak,0.01109803095459938
2788,3078,0.024777350947260857,0.013885433785617352,0.01465236115558166,coarse_candidate_mid_graph_weak,0.03397971484810114
501,739,0.02419925294816494,0.02934335358440876,0.014648774164348581,coarse_candidate_mid_graph_weak,0.07435095682740211
841,1816,0.014602581039071083,0.0,0.014602581039071083,coarse_candidate_mid_graph_weak,0.014367418363690376
793,1154,0.01636364497244358,0.0032852045260369778,0.014602096858219718,coarse_candidate_mid_graph_weak,0.03051742957904935
937,1210,0.021961594000458717,0.024327293038368225,0.014510561264457043,coarse_candidate_mid_graph_weak,0.07170363515615463
103,439,0.0489988811314106,0.04407334700226784,0.014505715212006158,coarse_candidate_mid_graph_weak,0.06260790023952723
200,2109,0.0549759641289711,0.015292249619960785,0.014417017460859096,coarse_candidate_mid_graph_weak,0.02072800789028406
2410,2832,0.06681749224662781,0.022724822163581848,0.014393130895797614,coarse_candidate_mid_graph_weak,0.02896393183618784
293,591,0.05117661878466606,0.03616362065076828,0.014376512491404368,coarse_candidate_mid_graph_weak,0.050291480496525764
419,789,0.06662305444478989,0.04095514491200447,0.014359627837870355,coarse_candidate_mid_graph_weak,0.052207767963409424
159,1913,0.05215057358145714,0.01020931638777256,0.014325170875321449,coarse_candidate_mid_graph_weak,0.01407577097415924
77,2260,0.06697870790958405,0.01397298090159893,0.014289692760150007,coarse_candidate_mid_graph_weak,0.017762567847967148
572,1331,0.04414435476064682,0.009980829432606697,0.014281419658070452,coarse_candidate_mid_graph_weak,0.014753984287381172
1551,2912,0.03795146569609642,0.02884567528963089,0.014217546878479665,coarse_candidate_mid_graph_weak,0.04612536448985338
1215,2714,0.04368669539690018,0.0273535568267107,0.014193971288786075,coarse_candidate_mid_graph_weak,0.04051801050081849
443,675,0.014141674153506756,0.0,0.014141674153506756,coarse_candidate_mid_graph_weak,0.010790382046252489
493,1835,0.038713615387678146,0.1001657098531723,0.014083664092231277,coarse_candidate_mid_graph_weak,0.15744151175022125
66,1182,0.03622891381382942,0.026145603507757187,0.014075149250743853,coarse_candidate_mid_graph_weak,0.04275692347437143
1602,2632,0.08627279102802277,0.030588317662477493,0.014069015886877659,coarse_candidate_mid_graph_weak,0.0365484980866313
55,586,0.04774780198931694,0.02582881785929203,0.014042905408788787,coarse_candidate_mid_graph_weak,0.03659021109342575
786,1314,0.014006750658154488,0.0,0.014006750658154488,coarse_candidate_mid_graph_weak,0.019269185606390238
120,1714,0.0596211776137352,0.02680477499961853,0.014000569702419986,coarse_candidate_mid_graph_weak,0.03503092844039202
725,1084,0.042138732969760895,0.02293899841606617,0.013994575892190891,coarse_candidate_mid_graph_weak,0.03434532880783081
288,289,0.05928664654493332,0.028230560943484306,0.013978922327380534,coarse_candidate_mid_graph_weak,0.03694061702117324
961,2052,0.047900646924972534,0.015421069227159023,0.013887923427636516,coarse_candidate_mid_graph_weak,0.02171773137524724
2433,3605,0.12651294469833374,0.0597345344722271,0.013782149969012997,coarse_candidate_mid_graph_weak,0.06703751068562269
636,2562,0.04807782173156738,0.03233203664422035,0.013779334005336817,coarse_candidate_mid_graph_weak,0.04532135371118784
896,3492,0.07359900325536728,0.044757068157196045,0.013759094500168254,coarse_candidate_mid_graph_weak,0.055048138834536076
703,1399,0.06901579350233078,0.03328944370150566,0.01373301518014871,coarse_candidate_mid_graph_weak,0.04155900701880455
151,899,0.07777353376150131,0.013994063250720501,0.01363983186006712,coarse_candidate_mid_graph_weak,0.01697029359638691
1074,3640,0.06330730766057968,0.018534930422902107,0.013628719903201626,coarse_candidate_mid_graph_weak,0.023619764484465122
10,145,0.013618933968245983,0.0,0.013618933968245983,coarse_candidate_mid_graph_weak,0.0024887059698812664
134,1185,0.05531800538301468,0.011955090798437595,0.013595084011933102,coarse_candidate_mid_graph_weak,0.01585056260228157
232,233,0.08088263124227524,0.023029230535030365,0.013590999289290048,coarse_candidate_mid_graph_weak,0.02768048131838441
176,2370,0.10069924592971802,0.021208658814430237,0.01358554860067589,coarse_candidate_mid_graph_weak,0.02451618993654847
819,2610,0.1029093861579895,0.016727203503251076,0.013574049054024744,coarse_candidate_mid_graph_weak,0.01926881680265069
1695,2668,0.04505276307463646,0.020921871066093445,0.013558249670020514,coarse_candidate_mid_graph_weak,0.02992864465340972
2594,3480,0.07270727306604385,0.12884406745433807,0.013558182913394614,coarse_candidate_mid_graph_weak,0.1583777666091919
147,734,0.03317054733633995,0.010407092981040478,0.013525893944849139,coarse_candidate_mid_graph_weak,0.01757266791537404
697,1499,0.04862015321850777,0.03005180135369301,0.013483411619995951,coarse_candidate_mid_graph_weak,0.04158391244709492
302,2160,0.03638376668095589,0.020014697685837746,0.013414212007323758,coarse_candidate_mid_graph_weak,0.031703274231404066
636,1813,0.05326984077692032,0.03395542874932289,0.013359287916669363,coarse_candidate_mid_graph_weak,0.04532135371118784
1,7,0.037813831120729446,0.030687794089317322,0.013335180886817165,coarse_candidate_mid_graph_weak,0.04740551672875881
635,1618,0.11333135515451431,0.018786832690238953,0.013290828636645814,coarse_candidate_mid_graph_weak,0.02128274692222476
2758,3546,0.030626671388745308,0.002687000436708331,0.01328979055859601,coarse_candidate_mid_graph_weak,0.004746752325445414
1406,1568,0.039059724658727646,0.02419150248169899,0.013180528288191018,coarse_candidate_mid_graph_weak,0.03651247173547745
1024,2548,0.04470299184322357,0.008167466148734093,0.01315454490454038,coarse_candidate_mid_graph_weak,0.011572999879717827
1722,3534,0.04564834013581276,0.03182351216673851,0.013154480841930898,coarse_candidate_mid_graph_weak,0.044706616550683975
441,513,0.013134430162608624,0.0,0.013134430162608624,coarse_candidate_mid_graph_weak,0.003282272140495479
68,733,0.0500643365085125,0.021916717290878296,0.013050625394135987,coarse_candidate_mid_graph_weak,0.029644309543073177
1848,2660,0.04042311757802963,0.01932416297495365,0.013000761602176909,coarse_candidate_mid_graph_weak,0.02848562365397811
1165,3246,0.10589105635881424,0.015512009151279926,0.012930738537790148,coarse_candidate_mid_graph_weak,0.017669722670689225
366,879,0.034533143043518066,0.008359089493751526,0.012899166748844924,coarse_candidate_mid_graph_weak,0.013343161204829812
155,743,0.03539039194583893,0.018751222640275955,0.012896535485806097,coarse_candidate_mid_graph_weak,0.029501971788704395
692,1847,0.012877372093498707,0.0,0.012877372093498707,coarse_candidate_mid_graph_weak,0.01931704068556428
2627,2628,0.05328039079904556,0.040787018835544586,0.012814762764322694,coarse_candidate_mid_graph_weak,0.05370356049388647
2122,3111,0.05196058377623558,0.04971994087100029,0.012812679850424726,coarse_candidate_mid_graph_weak,0.0659927325323224
211,1772,0.19059306383132935,0.14188607037067413,0.012809869589425413,coarse_candidate_mid_graph_weak,0.15210943296551704
963,1753,0.02466951496899128,0.024218466132879257,0.012802679272534161,coarse_candidate_mid_graph_weak,0.05034685134887695
1453,1481,0.03681651130318642,0.024927183985710144,0.012782141796060728,coarse_candidate_mid_graph_weak,0.0381841491907835
1809,2145,0.012740017846226692,0.0,0.012740017846226692,coarse_candidate_mid_graph_weak,0.0
891,1850,0.012733924202620983,0.0,0.012733924202620983,coarse_candidate_mid_graph_weak,0.004904386820271611
57,627,0.036759939044713974,0.01808655820786953,0.012730028939816188,coarse_candidate_mid_graph_weak,0.027668050955981016
285,3179,0.050171129405498505,0.011634024791419506,0.012684167883965383,coarse_candidate_mid_graph_weak,0.015570538118481636
1727,2364,0.04891697317361832,0.038792919367551804,0.01265588922898776,coarse_candidate_mid_graph_weak,0.05233247298747301
467,528,0.06545968353748322,0.02608199045062065,0.012643408093570414,coarse_candidate_mid_graph_weak,0.03232561983168125
1753,2541,0.04384350776672363,0.01749512366950512,0.012625767758907397,coarse_candidate_mid_graph_weak,0.0245708879083395
219,675,0.01260451227426529,0.0,0.01260451227426529,coarse_candidate_mid_graph_weak,0.0
2080,3362,0.13664419949054718,0.008792374283075333,0.012514193470260752,coarse_candidate_mid_graph_weak,0.00967877940274775
2674,3480,0.02904122695326805,0.003021826734766364,0.012513083837867998,coarse_candidate_mid_graph_weak,0.005309583502821624
1274,1276,0.05488603934645653,0.030278906226158142,0.012512055614688461,coarse_candidate_mid_graph_weak,0.03921956568956375
285,3057,0.058618802577257156,0.01224918570369482,0.012503980274181448,coarse_candidate_mid_graph_weak,0.015570538118481636
1019,1767,0.06207708641886711,0.012836944311857224,0.012467625478737594,coarse_candidate_mid_graph_weak,0.016063067130744457
128,1219,0.022049034014344215,0.016025379300117493,0.012463447655613002,coarse_candidate_mid_graph_weak,0.03686202596873045
200,2027,0.04647395759820938,0.015182312577962875,0.012433920816780977,coarse_candidate_mid_graph_weak,0.02072800789028406
2477,2660,0.05013412982225418,0.019259268417954445,0.012391669356541336,coarse_candidate_mid_graph_weak,0.025582504458725452
1124,1766,0.04012000560760498,0.01976458728313446,0.012379336330320255,coarse_candidate_mid_graph_weak,0.02858457900583744
1842,2728,0.036480147391557693,0.005164907779544592,0.01237417678106996,coarse_candidate_mid_graph_weak,0.007816179655492306
283,1990,0.035837702453136444,0.014478104189038277,0.01236527140329707,coarse_candidate_mid_graph_weak,0.022105166222900152
1863,1864,0.03010716289281845,0.006532315630465746,0.012365242733015348,coarse_candidate_mid_graph_weak,0.011085017235018313
1934,2115,0.062272943556308746,0.04695938155055046,0.012346814875793134,coarse_candidate_mid_graph_weak,0.05857251491397619
230,355,0.048367034643888474,0.011281000450253487,0.012339246516263402,coarse_candidate_mid_graph_weak,0.015144658274948597
1646,1647,0.04136517271399498,0.027416430413722992,0.012304553230320711,coarse_candidate_mid_graph_weak,0.03902481775730848
436,739,0.03626348823308945,0.026183508336544037,0.012280912738437236,coarse_candidate_mid_graph_weak,0.03959146700799465
1255,3478,0.07702445238828659,0.019506674259901047,0.012271483614113794,coarse_candidate_mid_graph_weak,0.023203428834676743
1846,1847,0.012264917604625225,0.0,0.012264917604625225,coarse_candidate_mid_graph_weak,0.0
444,2716,0.04431609809398651,0.01544080302119255,0.012258139854036794,coarse_candidate_mid_graph_weak,0.021344969514757395
89,90,0.03376616910099983,0.03198752924799919,0.012231453072397152,coarse_candidate_mid_graph_weak,0.05015605129301548
950,995,0.03875334933400154,0.018916979432106018,0.012228847864981563,coarse_candidate_mid_graph_weak,0.027638457715511322
1835,3602,0.057170163840055466,0.03334108367562294,0.012207629605117683,coarse_candidate_mid_graph_weak,0.04239341150969267
617,1350,0.012147546745836735,0.0,0.012147546745836735,coarse_candidate_mid_graph_weak,0.027949197683483362
1814,2632,0.030797705054283142,0.013714779168367386,0.012144987583681545,coarse_candidate_mid_graph_weak,0.022644621320068836
440,497,0.025061000138521194,0.013918567448854446,0.012120185410983616,coarse_candidate_mid_graph_weak,0.0269545023329556
125,615,0.05743282660841942,0.011107295751571655,0.012103252000405296,coarse_candidate_mid_graph_weak,0.014073006343096495
2827,2828,0.11734069138765335,0.03455843776464462,0.012080323826518009,coarse_candidate_mid_graph_weak,0.0385245755314827
93,1089,0.036556415259838104,0.01768774911761284,0.012065369134062268,coarse_candidate_mid_graph_weak,0.026401514187455177
1205,2685,0.03692711144685745,0.01291898638010025,0.012053264591378907,coarse_candidate_mid_graph_weak,0.019179214723408222
57,82,0.049667153507471085,0.02095901407301426,0.012043449149480589,coarse_candidate_mid_graph_weak,0.027668050955981016
1487,1762,0.03913110867142677,0.023418430238962173,0.01202100841290347,coarse_candidate_mid_graph_weak,0.03380249906331301
1548,3126,0.06355614215135574,0.025448450818657875,0.011996773733149498,coarse_candidate_mid_graph_weak,0.03136976668611169
1042,1681,0.06957146525382996,0.030729377642273903,0.01197917182228787,coarse_candidate_mid_graph_weak,0.03712107473984361
371,372,0.1119019165635109,0.06448380649089813,0.011975869262258066,coarse_candidate_mid_graph_weak,0.07221201807260513
839,840,0.043722234666347504,0.024783112108707428,0.011961499706522381,coarse_candidate_mid_graph_weak,0.03411674965173006
1835,3643,0.13374078273773193,0.038612477481365204,0.01192791658941219,coarse_candidate_mid_graph_weak,0.04239341150969267
1079,1089,0.04927278682589531,0.004584820009768009,0.011927717924001815,coarse_candidate_mid_graph_weak,0.00604917504824698
100,101,0.0392315499484539,0.050877004861831665,0.011896050267072609,coarse_candidate_mid_graph_weak,0.07301800884306431
1832,2130,0.06883043795824051,0.08892358839511871,0.01187237323076285,coarse_candidate_mid_graph_weak,0.10745887458324432
1985,2508,0.028260720893740654,0.01349544059485197,0.01184865672559318,coarse_candidate_mid_graph_weak,0.023238446796312928
1286,3437,0.12763087451457977,0.021869247779250145,0.011831713720311918,coarse_candidate_mid_graph_weak,0.02410372579470277
31,114,0.01182097289711237,0.0,0.01182097289711237,coarse_candidate_mid_graph_weak,0.0
707,2354,0.03517081215977669,0.011587873101234436,0.011813470662934047,coarse_candidate_mid_graph_weak,0.017448685597628355
477,2785,0.0420486256480217,0.026330454275012016,0.011787953409661269,coarse_candidate_mid_graph_weak,0.036587403155863285
1851,3101,0.05677735060453415,0.014204817824065685,0.011759391619333273,coarse_candidate_mid_graph_weak,0.017915337346494198
1541,2332,0.06502622365951538,0.035116493701934814,0.011755076220985412,coarse_candidate_mid_graph_weak,0.04286547377705574
159,669,0.04732489585876465,0.010584200732409954,0.011739193425191155,coarse_candidate_mid_graph_weak,0.01407577097415924
199,854,0.02198105864226818,0.006913214921951294,0.011731897351459698,coarse_candidate_mid_graph_weak,0.014826557831838727
218,3284,0.097309410572052,0.031276602298021317,0.011674641950995846,coarse_candidate_mid_graph_weak,0.03554056119173765
1597,2708,0.03365873917937279,0.015361021272838116,0.011646950965088122,coarse_candidate_mid_graph_weak,0.023488896200433373
533,612,0.06427673250436783,0.030567076057195663,0.011625165288983856,coarse_candidate_mid_graph_weak,0.03731611184775829
1033,1650,0.05777117609977722,0.05543942749500275,0.01159541201865409,coarse_candidate_mid_graph_weak,0.06936108134686947
1431,1441,0.04367349296808243,0.002102661645039916,0.011581375495304894,coarse_candidate_mid_graph_weak,0.00286146835424006
113,457,0.026303259655833244,0.024566326290369034,0.011513287157227265,coarse_candidate_mid_graph_weak,0.04369003791362047
1449,1481,0.08936922997236252,0.03192700818181038,0.011509064322257026,coarse_candidate_mid_graph_weak,0.036646366119384766
1617,3084,0.06427403539419174,0.029419487342238426,0.011501188496067714,coarse_candidate_mid_graph_weak,0.035831100307404995
620,1946,0.09146267175674438,0.03792594373226166,0.011497306723986973,coarse_candidate_mid_graph_weak,0.043378882110118866
410,854,0.026244165375828743,0.0071958997286856174,0.01144626172688759,coarse_candidate_mid_graph_weak,0.012761968653649092
1554,3444,0.036274075508117676,0.0077235763892531395,0.011442146601611603,coarse_candidate_mid_graph_weak,0.011282474035397172
396,1541,0.05080646276473999,0.0284620001912117,0.011441571094524856,coarse_candidate_mid_graph_weak,0.03673460008576512
2259,2551,0.06649099290370941,0.06553535908460617,0.011429358363293108,coarse_candidate_mid_graph_weak,0.07913878932595253
125,3209,0.053988877683877945,0.011094056069850922,0.011428274670501032,coarse_candidate_mid_graph_weak,0.014073006343096495
990,1573,0.040183015167713165,0.02211279608309269,0.011408498354648845,coarse_candidate_mid_graph_weak,0.030880060512572527
42,2850,0.09426869451999664,0.01570611260831356,0.011394921973993622,coarse_candidate_mid_graph_weak,0.017865661066025496
1930,3488,0.05195216089487076,0.0026790504343807697,0.011391497581194194,coarse_candidate_mid_graph_weak,0.0034314640797674656
2235,3178,0.03703949600458145,0.012536225840449333,0.011383843975887372,coarse_candidate_mid_graph_weak,0.018098759930580854
946,2852,0.054247789084911346,0.06456521898508072,0.011338428983312943,coarse_candidate_mid_graph_weak,0.08162602223455906
1210,1973,0.05779669061303139,0.01303982362151146,0.011337284429863922,coarse_candidate_mid_graph_weak,0.01622187439352274
582,3373,0.03834281116724014,0.00842740386724472,0.011334745912358519,coarse_candidate_mid_graph_weak,0.011964217061176896
591,724,0.03416259214282036,0.02464260905981064,0.01126941278268494,coarse_candidate_mid_graph_weak,0.0367731973528862
3444,3557,0.04849366843700409,0.031776312738657,0.011241765996827875,coarse_candidate_mid_graph_weak,0.041365671902894974
2644,3447,0.07312802225351334,0.011625067330896854,0.01119332561843555,coarse_candidate_mid_graph_weak,0.01372604095377028
2073,2630,0.06837426126003265,0.06349274516105652,0.011158409464363086,coarse_candidate_mid_graph_weak,0.07587529346346855
2582,3508,0.1325720101594925,0.03818468004465103,0.011109827020657449,coarse_candidate_mid_graph_weak,0.04167733248323202
2145,2513,0.03750739246606827,0.016278769820928574,0.011079672168037224,coarse_candidate_mid_graph_weak,0.02310355193912983
2385,2730,0.06336840987205505,0.004449799656867981,0.011075985836443095,coarse_candidate_mid_graph_weak,0.005392305552959442
377,1299,0.04374053329229355,0.01815158873796463,0.011054790244961357,coarse_candidate_mid_graph_weak,0.024290718138217926
780,1500,0.05987166613340378,0.02334718592464924,0.011034253878476544,coarse_candidate_mid_graph_weak,0.028622215148061514
2450,2830,0.05427427217364311,0.013935122638940811,0.010904655487401672,coarse_candidate_mid_graph_weak,0.01743890531361103
45,2071,0.061366260051727295,0.018560053780674934,0.0108938322904792,coarse_candidate_mid_graph_weak,0.02256600558757782
2674,3487,0.05197330191731453,0.004208092112094164,0.01078204054596337,coarse_candidate_mid_graph_weak,0.005309583502821624
1780,2024,0.052858565002679825,0.020626863464713097,0.010781444248557806,coarse_candidate_mid_graph_weak,0.02591209625825286
1961,2290,0.10593782365322113,0.014856384135782719,0.010777983515562431,coarse_candidate_mid_graph_weak,0.016539046308025718
2474,2912,0.06706558167934418,0.05717727169394493,0.010740558239076612,coarse_candidate_mid_graph_weak,0.06808034423738718
679,3095,0.11853498220443726,0.03508839011192322,0.010735194080082621,coarse_candidate_mid_graph_weak,0.03858265187591314
1228,1953,0.01073137391358614,0.0,0.01073137391358614,coarse_candidate_mid_graph_weak,0.0
118,227,0.050021860748529434,0.02922767400741577,0.010661674592209952,coarse_candidate_mid_graph_weak,0.03714470844715834
634,1927,0.12305036932229996,0.1014583557844162,0.010588344509418163,coarse_candidate_mid_graph_weak,0.11101070046424866
250,285,0.02224784344434738,0.004736314062029123,0.010584636444655666,coarse_candidate_mid_graph_weak,0.009034631191752851
265,490,0.08480057120323181,0.03544866293668747,0.010533753574767442,coarse_candidate_mid_graph_weak,0.04047658108174801
641,1453,0.039095938205718994,0.04525383561849594,0.010501599646273063,coarse_candidate_mid_graph_weak,0.06187382712960243
1810,2099,0.06371749192476273,0.004015945363789797,0.01049892423841264,coarse_candidate_mid_graph_weak,0.00480820843949914
652,3083,0.05326341837644577,0.005322818644344807,0.010467621169150211,coarse_candidate_mid_graph_weak,0.006624751375056803
331,337,0.042896490544080734,0.017398690804839134,0.010454260389609449,coarse_candidate_mid_graph_weak,0.023005285765975714
359,2279,0.058932825922966,0.014763782732188702,0.010452502757425621,coarse_candidate_mid_graph_weak,0.017946898471564054
1632,1634,0.03870214894413948,0.005530572962015867,0.01045029592421405,coarse_candidate_mid_graph_weak,0.007576319272629917
1155,1318,0.010423931293189526,0.0,0.010423931293189526,coarse_candidate_mid_graph_weak,0.0046880904119461775
248,2100,0.05286772921681404,0.019024774432182312,0.010386490019946624,coarse_candidate_mid_graph_weak,0.02367625432088971
720,1264,0.06525320559740067,0.026583882048726082,0.010356927627556958,coarse_candidate_mid_graph_weak,0.03159929206594825
3442,3546,0.07570343464612961,0.009479446336627007,0.010252703766461105,coarse_candidate_mid_graph_weak,0.010964379413053393
204,1124,0.034523606300354004,0.008792129345238209,0.010237367329163118,coarse_candidate_mid_graph_weak,0.012498271651566029
1107,3429,0.03718704357743263,0.01441146805882454,0.01020733374652602,coarse_candidate_mid_graph_weak,0.019863812252879143
1757,2544,0.010205290280282497,0.0,0.010205290280282497,coarse_candidate_mid_graph_weak,0.000446784746600315
1035,1456,0.09309035539627075,0.03226527199149132,0.010185888949295589,coarse_candidate_mid_graph_weak,0.036229479126632214
1850,3646,0.08863959461450577,0.02222643792629242,0.010169232521377858,coarse_candidate_mid_graph_weak,0.025106835179030895
547,975,0.04813406988978386,0.03044934757053852,0.010161536113296569,coarse_candidate_mid_graph_weak,0.03859766200184822
138,2151,0.03370652720332146,0.028893863782286644,0.010144277151153264,coarse_candidate_mid_graph_weak,0.04133356548845768
218,2792,0.04701508209109306,0.027885276824235916,0.010126846929260845,coarse_candidate_mid_graph_weak,0.03554056119173765
2551,2601,0.07623211294412613,0.04141341894865036,0.010116665624362078,coarse_candidate_mid_graph_weak,0.04775029979646206
1533,1788,0.03467223048210144,0.04222669452428818,0.010064545258174327,coarse_candidate_mid_graph_weak,0.0594974160194397
568,661,0.043686848133802414,0.010772687382996082,0.009980066334090099,coarse_candidate_mid_graph_weak,0.013962316559627652
559,1008,0.03895443305373192,0.025225821882486343,0.00994143559453895,coarse_candidate_mid_graph_weak,0.03386956453323364
152,585,0.05152289941906929,0.012236755341291428,0.00993172313930203,coarse_candidate_mid_graph_weak,0.015158819034695625
212,2581,0.03240753337740898,0.0029887910932302475,0.009925586725710445,coarse_candidate_mid_graph_weak,0.004308316740207374
2893,3648,0.03403439000248909,0.008659930899739265,0.009898262485995603,coarse_candidate_mid_graph_weak,0.012211381690576673
170,171,0.0463104173541069,0.019798416644334793,0.00985980364124724,coarse_candidate_mid_graph_weak,0.025153840892016888
881,1344,0.03636981546878815,0.023252760991454124,0.009811084569380348,coarse_candidate_mid_graph_weak,0.03184258425608277
1185,2241,0.06463173031806946,0.0051924800500273705,0.009743738546706753,coarse_candidate_mid_graph_weak,0.006114251213148236
341,1701,0.04250926151871681,0.020162831991910934,0.009723939021507897,coarse_candidate_mid_graph_weak,0.026143012568354607
123,1669,0.052543699741363525,0.010874164290726185,0.009715774206164278,coarse_candidate_mid_graph_weak,0.013341034296900034
1104,2883,0.04732464626431465,0.008562431670725346,0.00970666313964743,coarse_candidate_mid_graph_weak,0.010771817527711391
2055,2323,0.025159159675240517,0.0051289089024066925,0.009679464346690673,coarse_candidate_mid_graph_weak,0.008336019236594439
284,1908,0.04510749503970146,0.019121892750263214,0.009658603963409526,coarse_candidate_mid_graph_weak,0.024331951048225164
765,1312,0.05231638625264168,0.03443975746631622,0.009639067865733934,coarse_candidate_mid_graph_weak,0.042218295857310295
194,274,0.042657192796468735,0.025558359920978546,0.009624978716826408,coarse_candidate_mid_graph_weak,0.033005595207214355
2726,3488,0.04803171753883362,0.06689709424972534,0.009610940936456515,coarse_candidate_mid_graph_weak,0.08363137394189835
2130,3227,0.027495715767145157,0.014779623597860336,0.009601914835004183,coarse_candidate_mid_graph_weak,0.022710453253239393
988,2597,0.05951026454567909,0.03405613452196121,0.009591844417634688,coarse_candidate_mid_graph_weak,0.04060003440827131
448,1382,0.06375396996736526,0.03110175020992756,0.009584252792213616,coarse_candidate_mid_graph_weak,0.03660458559170365
285,3640,0.052152957767248154,0.012713290750980377,0.009570247357796853,coarse_candidate_mid_graph_weak,0.015570538118481636
342,474,0.04755380377173424,0.034047991037368774,0.009543794825429174,coarse_candidate_mid_graph_weak,0.042596977204084396
171,182,0.009527510032057762,0.0,0.009527510032057762,coarse_candidate_mid_graph_weak,0.019798416644334793
218,219,0.09047923982143402,0.03180943801999092,0.009498701678865538,coarse_candidate_mid_graph_weak,0.03554056119173765
50,52,0.059081096202135086,0.014372393488883972,0.00949767110900171,coarse_candidate_mid_graph_weak,0.017125415615737438
870,1688,0.032188381999731064,0.017070038244128227,0.00948231565466583,coarse_candidate_mid_graph_weak,0.024198683444410563
45,1212,0.0865996927022934,0.020096462219953537,0.009477162270533896,coarse_candidate_mid_graph_weak,0.02256600558757782
8,681,0.04275626689195633,0.023343266919255257,0.009381792595544664,coarse_candidate_mid_graph_weak,0.02990521863102913
960,1031,0.04339003562927246,0.017827637493610382,0.009349664226207104,coarse_candidate_mid_graph_weak,0.02272424753755331
475,1467,0.18205508589744568,0.17375515401363373,0.00929788581656162,coarse_candidate_mid_graph_weak,0.18310675024986267
1816,3463,0.06958971172571182,0.03485260158777237,0.009279713688876692,coarse_candidate_mid_graph_weak,0.040215264074504375
66,1115,0.039626751095056534,0.032746028155088425,0.00927801218658018,coarse_candidate_mid_graph_weak,0.04275692347437143
2049,2827,0.021290892735123634,0.01727921888232231,0.009270383894181949,coarse_candidate_mid_graph_weak,0.030605193227529526
152,1283,0.0675811842083931,0.013081640936434269,0.00926049419621289,coarse_candidate_mid_graph_weak,0.015158819034695625
2561,3415,0.036668866872787476,0.023212818428874016,0.009251942375339283,coarse_candidate_mid_graph_weak,0.03104606969282031
1476,1478,0.16393373906612396,0.038811925798654556,0.00923819318627801,coarse_candidate_mid_graph_weak,0.041129717603325844
1816,2579,0.09272502362728119,0.03621988743543625,0.009212208393587305,coarse_candidate_mid_graph_weak,0.040215264074504375
396,1890,0.04478292912244797,0.029241928830742836,0.009134270278376912,coarse_candidate_mid_graph_weak,0.03673460008576512
8,331,0.026470154523849487,0.01964881643652916,0.009078300155460873,coarse_candidate_mid_graph_weak,0.02990521863102913
659,834,0.07586684077978134,0.031161680817604065,0.009073182535687233,coarse_candidate_mid_graph_weak,0.03539465181529522
26,175,0.022552644833922386,0.011328515596687794,0.009073163026396111,coarse_candidate_mid_graph_weak,0.018953843507915735
885,1709,0.07993663847446442,0.04946594312787056,0.009069016277702277,coarse_candidate_mid_graph_weak,0.055796160362660885
196,395,0.01495208777487278,0.004200998693704605,0.009060532662402605,coarse_candidate_mid_graph_weak,0.010661650449037552
96,97,0.059240832924842834,0.027612881734967232,0.009035726147973449,coarse_candidate_mid_graph_weak,0.03258254425600171
1043,1635,0.03878359496593475,0.02481791563332081,0.009004947817730447,coarse_candidate_mid_graph_weak,0.03232275741174817
681,701,0.06022714823484421,0.003976225387305021,0.008981144037149318,coarse_candidate_mid_graph_weak,0.004673080751672387
927,2682,0.08922447264194489,0.018941564485430717,0.008974579598521397,coarse_candidate_mid_graph_weak,0.0210598548874259
3,368,0.029423587024211884,0.029360953718423843,0.008964566510887405,coarse_candidate_mid_graph_weak,0.042226096615195274
1350,2992,0.045608893036842346,0.023418081924319267,0.00896339469059554,coarse_candidate_mid_graph_weak,0.029146084561944008
165,619,0.03859329968690872,0.027163581922650337,0.008907214623801986,coarse_candidate_mid_graph_weak,0.035313927568495274
64,84,0.008864453993737698,0.0,0.008864453993737698,coarse_candidate_mid_graph_weak,0.02520933747291565
2165,2455,0.24469923973083496,0.026239365339279175,0.008849207184673889,coarse_candidate_mid_graph_weak,0.027223879005759954
1227,1653,0.025585079565644264,0.041721370071172714,0.008835180249330042,coarse_candidate_mid_graph_weak,0.06372841726988554
431,1930,0.03676446154713631,0.005688705015927553,0.008790648714982224,coarse_candidate_mid_graph_weak,0.007476355764083564
747,1662,0.06386180967092514,0.03464291989803314,0.008776548180825568,coarse_candidate_mid_graph_weak,0.04016245901584625
33,1141,0.057562150061130524,0.013125886209309101,0.008759053965080345,coarse_candidate_mid_graph_weak,0.015481686452403665
303,2194,0.0789499506354332,0.020550986751914024,0.008756866712019886,coarse_candidate_mid_graph_weak,0.023114804178476334
89,344,0.029999354854226112,0.035523924976587296,0.008751772484520056,coarse_candidate_mid_graph_weak,0.05015605129301548
2022,2023,0.18143464624881744,0.0057587334886193275,0.008717905114977371,coarse_candidate_mid_graph_weak,0.006049406481906772
387,721,0.07045308500528336,0.030467098578810692,0.008702406881896762,coarse_candidate_mid_graph_weak,0.034760769456624985
98,974,0.04847635328769684,0.009785362519323826,0.008671823309170256,coarse_candidate_mid_graph_weak,0.011917203664779663
846,2254,0.02843993715941906,0.037663064897060394,0.00863733424161066,coarse_candidate_mid_graph_weak,0.054090626537799835
191,1482,0.03037753514945507,0.027223952114582062,0.008583578415195112,coarse_candidate_mid_graph_weak,0.037946141324937344
284,921,0.06535721570253372,0.021151458844542503,0.008543010570107033,coarse_candidate_mid_graph_weak,0.024331951048225164
1442,2793,0.06200502812862396,0.03618023917078972,0.008541238528252316,coarse_candidate_mid_graph_weak,0.04196030180901289
448,1107,0.014521229080855846,0.015110363252460957,0.008526869556303194,coarse_candidate_mid_graph_weak,0.03660458559170365
1835,2946,0.040117692202329636,0.033411864191293716,0.008499409176772818,coarse_candidate_mid_graph_weak,0.04239341150969267
1534,1535,0.03185516223311424,0.01519919466227293,0.008476278322369567,coarse_candidate_mid_graph_weak,0.02070983429439366
1602,3004,0.06442063301801682,0.031742993742227554,0.008470214866382015,coarse_candidate_mid_graph_weak,0.0365484980866313
286,2613,0.0712500810623169,0.04165094718337059,0.008402912293449532,coarse_candidate_mid_graph_weak,0.04721984174102545
1309,1481,0.06064942851662636,0.04737875238060951,0.008372554862686633,coarse_candidate_mid_graph_weak,0.054966834373772144
1871,1892,0.06395690143108368,0.042809974402189255,0.008342917832511497,coarse_candidate_mid_graph_weak,0.04923210199922323
263,266,0.04374876245856285,0.014602111652493477,0.008319993005571317,coarse_candidate_mid_graph_weak,0.01803123066201806
779,1008,0.04553722217679024,0.03797492757439613,0.00831318669412566,coarse_candidate_mid_graph_weak,0.046455809846520424
326,608,0.08227181434631348,0.02368779294192791,0.008307687507987153,coarse_candidate_mid_graph_weak,0.0263484176248312
26,182,0.010354679077863693,0.003779719118028879,0.008289779763098862,coarse_candidate_mid_graph_weak,0.018953843507915735
706,1140,0.020989708602428436,0.016671977937221527,0.008288523612250983,coarse_candidate_mid_graph_weak,0.02755175670608878
677,1992,0.056456711143255234,0.023567771539092064,0.008251993057261863,coarse_candidate_mid_graph_weak,0.027602253947407007
959,3087,0.04637943580746651,0.016967447474598885,0.008234731369334614,coarse_candidate_mid_graph_weak,0.02063040342181921
1607,3158,0.03458410128951073,0.00568332988768816,0.008228124914433648,coarse_candidate_mid_graph_weak,0.007457619998604059
318,1808,0.06545118987560272,0.08370406925678253,0.008189526404678248,coarse_candidate_mid_graph_weak,0.09567537158727646
49,1810,0.08078201860189438,0.005524648353457451,0.008149108698861403,coarse_candidate_mid_graph_weak,0.0061444907914847136
705,885,0.016100972890853882,0.014242603443562984,0.008132124408541918,coarse_candidate_mid_graph_weak,0.028777027502655983
332,552,0.03660529479384422,0.016618451103568077,0.008085323828528564,coarse_candidate_mid_graph_weak,0.02132973074913025
1657,2322,0.08840053528547287,0.022058002650737762,0.008004234411422954,coarse_candidate_mid_graph_weak,0.024254091549664736
393,953,0.06030896678566933,0.06144922971725464,0.007998074605077605,coarse_candidate_mid_graph_weak,0.0708445105701685
19,690,0.019731469452381134,0.0037404876202344894,0.007984290636408578,coarse_candidate_mid_graph_weak,0.0062828121008351445
1570,1965,0.05769835412502289,0.0026529207825660706,0.007976824780616613,coarse_candidate_mid_graph_weak,0.0030785288545303047
1155,2206,0.00797300972044468,0.0,0.00797300972044468,coarse_candidate_mid_graph_weak,0.0046880904119461775
1898,3033,0.13013306260108948,0.009775022976100445,0.007972836991151751,coarse_candidate_mid_graph_weak,0.010412993840873241
54,2129,0.06047018989920616,0.01245061680674553,0.00791977219022136,coarse_candidate_mid_graph_weak,0.014327025273814797
54,2982,0.06804966181516647,0.012663603760302067,0.007900821649103834,coarse_candidate_mid_graph_weak,0.014327025273814797
2613,2649,0.05556172877550125,0.023142550140619278,0.007896689379273522,coarse_candidate_mid_graph_weak,0.026976587250828743
75,1544,0.050607357174158096,0.033174335956573486,0.007843626624651332,coarse_candidate_mid_graph_weak,0.039259097538888454
1064,3108,0.10354773700237274,0.011927938088774681,0.007837896978397405,coarse_candidate_mid_graph_weak,0.012904744129627943
1432,2317,0.04731382057070732,0.033219270408153534,0.007832263466987746,coarse_candidate_mid_graph_weak,0.039809235371649265
1834,1946,0.13661159574985504,0.030653107911348343,0.007789449367673858,coarse_candidate_mid_graph_weak,0.03250660002231598
363,1420,0.05036347731947899,0.027969136834144592,0.007785561934990907,coarse_candidate_mid_graph_weak,0.033083418384194374
525,1085,0.07025135308504105,0.05115548521280289,0.007734995587349906,coarse_candidate_mid_graph_weak,0.05748482793569565
1210,3315,0.05354347452521324,0.013881951570510864,0.0077233737005711085,coarse_candidate_mid_graph_weak,0.01622187439352274
269,288,0.057760294526815414,0.0414542518556118,0.007715853818504282,coarse_candidate_mid_graph_weak,0.04784567002207041
2507,2962,0.049346234649419785,0.017062850296497345,0.007712846421318013,coarse_candidate_mid_graph_weak,0.02022385038435459
96,1215,0.045304205268621445,0.027039900422096252,0.007706736220755941,coarse_candidate_mid_graph_weak,0.03258254425600171
1472,1555,0.07118454575538635,0.031741850078105927,0.007687995730040751,coarse_candidate_mid_graph_weak,0.0355850700289011
861,3223,0.06043181195855141,0.025679755955934525,0.00767525151326257,coarse_candidate_mid_graph_weak,0.02941575739532709
624,1167,0.11352778226137161,0.0410730317234993,0.007651330129516229,coarse_candidate_mid_graph_weak,0.04404123965650797
371,3355,0.12056686729192734,0.06763118505477905,0.0076482655005073105,coarse_candidate_mid_graph_weak,0.07221201807260513
248,656,0.04116515815258026,0.0192871131002903,0.007631261687393227,coarse_candidate_mid_graph_weak,0.02367625432088971
1035,1529,0.045982249081134796,0.030217759311199188,0.007630040636052927,coarse_candidate_mid_graph_weak,0.036229479126632214
2059,2909,0.0284750834107399,0.029354488477110863,0.00762591448146183,coarse_candidate_mid_graph_weak,0.040091358590871096
2542,3344,0.262071430683136,0.25883403420448303,0.00761289920402126,coarse_candidate_mid_graph_weak,0.2665778398513794
896,3085,0.06345540285110474,0.04846207797527313,0.007591921432305132,coarse_candidate_mid_graph_weak,0.055048138834536076
186,489,0.04983745887875557,0.040549494326114655,0.007590693044759241,coarse_candidate_mid_graph_weak,0.04783522989600897
769,1792,0.05312078073620796,0.015148453414440155,0.007589246014617442,coarse_candidate_mid_graph_weak,0.017673414200544357
53,875,0.03689252585172653,0.041280120611190796,0.007584809861539943,coarse_candidate_mid_graph_weak,0.05196337774395943
1229,1872,0.05904970318078995,0.004132351838052273,0.007576558060611152,coarse_candidate_mid_graph_weak,0.004740610835142434
3283,3495,0.0765780508518219,0.01350431889295578,0.007569150041699121,coarse_candidate_mid_graph_weak,0.014985522255301476
723,3021,0.09055028110742569,0.006243859883397818,0.007560021056064694,coarse_candidate_mid_graph_weak,0.0068126460537314415
655,1156,0.01686980202794075,0.0050468361005187035,0.007551400674970383,coarse_candidate_mid_graph_weak,0.009136666543781757
1155,1343,0.014635305851697922,0.002281094202771783,0.007514173706074243,coarse_candidate_mid_graph_weak,0.0046880904119461775
2419,3097,0.039947204291820526,0.0253740306943655,0.007494785243145803,coarse_candidate_mid_graph_weak,0.03123408416286111
506,2430,0.047933291643857956,0.04118771478533745,0.007480459261969736,coarse_candidate_mid_graph_weak,0.04880406707525253
698,2635,0.04584529995918274,0.024092618376016617,0.0074803829781704976,coarse_candidate_mid_graph_weak,0.028790191747248173
676,1186,0.02985283173620701,0.014378114603459835,0.007461745526226132,coarse_candidate_mid_graph_weak,0.019169567385688424
417,2865,0.035923875868320465,0.02838645502924919,0.007453633835558422,coarse_candidate_mid_graph_weak,0.03581815306097269
805,1366,0.0376100018620491,0.02264188788831234,0.007422852243630879,coarse_candidate_mid_graph_weak,0.028209402225911617
607,1753,0.045533426105976105,0.02212977595627308,0.007416838713108969,coarse_candidate_mid_graph_weak,0.026435853447765112
352,935,0.059302713721990585,0.027937794104218483,0.007391709038837554,coarse_candidate_mid_graph_weak,0.03191591100767255
125,852,0.051628969609737396,0.012058847583830357,0.007389248525589528,coarse_candidate_mid_graph_weak,0.014073006343096495
1466,2906,0.06505084037780762,0.01952146179974079,0.007380181732784079,coarse_candidate_mid_graph_weak,0.022019646130502224
800,1051,0.0877152532339096,0.025788065046072006,0.007362365382078208,coarse_candidate_mid_graph_weak,0.028150906786322594
780,3403,0.04277731105685234,0.02370462939143181,0.0073495742545399215,coarse_candidate_mid_graph_weak,0.028622215148061514
1553,3114,0.05008665844798088,0.006060793064534664,0.007311749924889273,coarse_candidate_mid_graph_weak,0.007096797693520784
1608,3151,0.3337959051132202,0.19047120213508606,0.007311297314319652,coarse_candidate_mid_graph_weak,0.19473661482334137
2659,3075,0.05090836435556412,0.0318579375743866,0.007310411343442267,coarse_candidate_mid_graph_weak,0.03719980828464031
679,2794,0.043428268283605576,0.03209647536277771,0.007300778978417491,coarse_candidate_mid_graph_weak,0.03858265187591314
26,201,0.038504838943481445,0.015360278077423573,0.007300348242095367,coarse_candidate_mid_graph_weak,0.018953843507915735
363,1542,0.07372403144836426,0.0298125259578228,0.007288949808803337,coarse_candidate_mid_graph_weak,0.033083418384194374
281,551,0.047689031809568405,0.016668984666466713,0.007281765091414068,coarse_candidate_mid_graph_weak,0.019672890659421682
697,2891,0.03715386986732483,0.03344404697418213,0.0072727043878542015,coarse_candidate_mid_graph_weak,0.04158391244709492
280,828,0.03839444741606712,0.02252526581287384,0.007268820631381775,coarse_candidate_mid_graph_weak,0.027785629499703646
214,1897,0.08478782325983047,0.022976161912083626,0.007264892633533195,coarse_candidate_mid_graph_weak,0.02512932289391756
637,1248,0.07182211428880692,0.13693377375602722,0.007261217202033197,coarse_candidate_mid_graph_weak,0.15233482792973518
115,1516,0.04949574172496796,0.025286080315709114,0.007238503536813546,coarse_candidate_mid_graph_weak,0.0296174893155694
184,779,0.06406679004430771,0.049580905586481094,0.0072295988011504015,coarse_candidate_mid_graph_weak,0.05588751658797264
274,1070,0.03885279595851898,0.030152788385748863,0.007227146335433321,coarse_candidate_mid_graph_weak,0.037043354008346796
514,2785,0.03573794662952423,0.028899621218442917,0.0072237655116077935,coarse_candidate_mid_graph_weak,0.0362210338935256
824,3222,0.07588520646095276,0.023584844544529915,0.007200580914460384,coarse_candidate_mid_graph_weak,0.02605737140402198
854,1084,0.027041716501116753,0.022994868457317352,0.007198549466130149,coarse_candidate_mid_graph_weak,0.031336767598986626
1727,2853,0.0716322585940361,0.04707683250308037,0.007193877467732442,coarse_candidate_mid_graph_weak,0.05233247298747301
359,425,0.09480120241641998,0.01659305952489376,0.007151406145517584,coarse_candidate_mid_graph_weak,0.017946898471564054
201,668,0.053672656416893005,0.01821441948413849,0.0071270423784898914,coarse_candidate_mid_graph_weak,0.021003402769565582
1847,2750,0.08726644515991211,0.009609566070139408,0.007097039127940754,coarse_candidate_mid_graph_weak,0.01046025799587369
202,1969,0.0429353341460228,0.01713499240577221,0.007073360875295216,coarse_candidate_mid_graph_weak,0.02051467215642333
1518,1711,0.020296931266784668,0.005116346292197704,0.007038446239658041,coarse_candidate_mid_graph_weak,0.007832427974790335
1572,1573,0.043174635618925095,0.041662782430648804,0.007035384384210742,coarse_candidate_mid_graph_weak,0.049773456528782845
98,2952,0.046075981110334396,0.010103301145136356,0.0070131668956937504,coarse_candidate_mid_graph_weak,0.011917203664779663
578,1225,0.042997848242521286,0.001939559355378151,0.006997178143169288,coarse_candidate_mid_graph_weak,0.002316536847501993
335,680,0.05748624727129936,0.025692710652947426,0.006947208107282129,coarse_candidate_mid_graph_weak,0.029224487487226725
754,765,0.02988738939166069,0.024742253124713898,0.006945007834349234,coarse_candidate_mid_graph_weak,0.03223210945725441
819,1419,0.1285015344619751,0.018229009583592415,0.006934355366087998,coarse_candidate_mid_graph_weak,0.01926881680265069
1954,2254,0.11736178398132324,0.03052881732583046,0.006924561216831212,coarse_candidate_mid_graph_weak,0.03244301490485668
25,26,0.06262510269880295,0.022547408938407898,0.006902635284636698,coarse_candidate_mid_graph_weak,0.025340475142002106
837,2422,0.05212637782096863,0.02993605099618435,0.006900649339644404,coarse_candidate_mid_graph_weak,0.03450376493856311
3583,3675,0.04350248724222183,0.040386028587818146,0.006863223071125039,coarse_candidate_mid_graph_weak,0.04795109108090401
1425,2038,0.06344947963953018,0.0057848067954182625,0.006792480580551349,coarse_candidate_mid_graph_weak,0.0064783343113958836
1202,2506,0.03673151135444641,0.027148792520165443,0.006790351468817624,coarse_candidate_mid_graph_weak,0.03330586338415742
220,514,0.04732852429151535,0.030428873375058174,0.0067901925362719,coarse_candidate_mid_graph_weak,0.0355257261544466
14,213,0.029336903244256973,0.03435131162405014,0.006787237098886181,coarse_candidate_mid_graph_weak,0.04469073284417391
918,2051,0.35601192712783813,0.2953643798828125,0.006775392808109394,coarse_candidate_mid_graph_weak,0.3010946214199066
342,476,0.038050759583711624,0.03501614183187485,0.006771760888328575,coarse_candidate_mid_graph_weak,0.042596977204084396
192,1376,0.04899478331208229,0.0374455563724041,0.0067688798913641745,coarse_candidate_mid_graph_weak,0.04344813898205757
1812,1814,0.03002920374274254,0.004651208408176899,0.006763986716021857,coarse_candidate_mid_graph_weak,0.006003472255542874
563,2771,0.02651704102754593,0.024758722633123398,0.006760810197659627,coarse_candidate_mid_graph_weak,0.033231443259865046
605,631,0.05207369476556778,0.040631987154483795,0.006748524605269165,coarse_candidate_mid_graph_weak,0.046681737527251244
66,1019,0.06631042063236237,0.03844526410102844,0.006686822236899607,coarse_candidate_mid_graph_weak,0.04275692347437143
1532,2793,0.03684744983911514,0.03873170167207718,0.006676780237282808,coarse_candidate_mid_graph_weak,0.04730304144322872
1170,2344,0.05342933163046837,0.01191772986203432,0.006664758367061039,coarse_candidate_mid_graph_weak,0.013616211945191026
1065,1560,0.05281901732087135,0.03872058540582657,0.006651285570947226,coarse_candidate_mid_graph_weak,0.04429897665977478
248,1294,0.04269718751311302,0.019991107285022736,0.006645705518755898,coarse_candidate_mid_graph_weak,0.02367625432088971
449,510,0.09855736047029495,0.07943668961524963,0.006638090170835982,coarse_candidate_mid_graph_weak,0.08517333120107651
170,1902,0.04237428307533264,0.021231437101960182,0.00660770055949469,coarse_candidate_mid_graph_weak,0.025153840892016888
26,94,0.025618085637688637,0.014065654017031193,0.006606895162895664,coarse_candidate_mid_graph_weak,0.018953843507915735
2717,2921,0.08068868517875671,0.021505799144506454,0.006606312558383463,coarse_candidate_mid_graph_weak,0.023423583712428808
1336,2021,0.098724365234375,0.048464078456163406,0.0065949750314946215,coarse_candidate_mid_graph_weak,0.05193332303315401
3,1521,0.029776129871606827,0.03287399187684059,0.006594724769371885,coarse_candidate_mid_graph_weak,0.042226096615195274
641,1209,0.03566236048936844,0.05043695867061615,0.006591894259256518,coarse_candidate_mid_graph_weak,0.06187382712960243
7,1510,0.09078468382358551,0.018769854679703712,0.006588578060446544,coarse_candidate_mid_graph_weak,0.02023864770308137
2365,2849,0.10849941521883011,0.04034072905778885,0.006516916543168567,coarse_candidate_mid_graph_weak,0.04291859455406666
1205,3235,0.037216976284980774,0.01582246460020542,0.006513722878203675,coarse_candidate_mid_graph_weak,0.019179214723408222
911,2597,0.08359022438526154,0.0332011952996254,0.006462550290143329,coarse_candidate_mid_graph_weak,0.035983133129775524
1531,1532,0.05147949606180191,0.023975322023034096,0.006445330140953991,coarse_candidate_mid_graph_weak,0.027406691573560238
1536,1657,0.01605410873889923,0.023788902908563614,0.006428634484074633,coarse_candidate_mid_graph_weak,0.0396769680082798
221,1475,0.057360727339982986,0.024309230968356133,0.006425444270023235,coarse_candidate_mid_graph_weak,0.02737582055851817
335,1395,0.04242737591266632,0.024799171835184097,0.0064245619630962335,coarse_candidate_mid_graph_weak,0.029224487487226725
433,703,0.02398296818137169,0.02332744374871254,0.00642138104675143,coarse_candidate_mid_graph_weak,0.031857105903327465
476,2785,0.04261207580566406,0.02996201068162918,0.006403133438028196,coarse_candidate_mid_graph_weak,0.03526044636964798
677,3238,0.058718904852867126,0.024592828005552292,0.006402020497247015,coarse_candidate_mid_graph_weak,0.027602253947407007
178,2295,0.05950342118740082,0.01339693646878004,0.006387974912371463,coarse_candidate_mid_graph_weak,0.015008130576461554
360,2767,0.061447951942682266,0.029041752219200134,0.006360911619445721,coarse_candidate_mid_graph_weak,0.032395209185779095
2544,3443,0.04244042560458183,0.014403305947780609,0.006328142916729204,coarse_candidate_mid_graph_weak,0.016927272081375122
310,2256,0.07914833724498749,0.027701938524842262,0.006317955258721672,coarse_candidate_mid_graph_weak,0.03010505111888051
213,517,0.04211031273007393,0.03167422488331795,0.006310637110528364,coarse_candidate_mid_graph_weak,0.03725764248520136
1154,1343,0.02256016805768013,0.003029413055628538,0.0063054296378758585,coarse_candidate_mid_graph_weak,0.004204562748782337
1220,1521,0.03387871012091637,0.0034456613939255476,0.0062824327937030175,coarse_candidate_mid_graph_weak,0.004230083723086864
892,2659,0.0424068458378315,0.038980431854724884,0.006232330747009352,coarse_candidate_mid_graph_weak,0.04569618031382561
78,1551,0.04496321454644203,0.028198694810271263,0.006217369102477272,coarse_candidate_mid_graph_weak,0.03272361075505614
51,2940,0.04913611710071564,0.015992458909749985,0.006171789290825543,coarse_candidate_mid_graph_weak,0.01828976208344102
104,148,0.011521625332534313,0.00595493009313941,0.006132150585144235,coarse_candidate_mid_graph_weak,0.012730456423014402
1648,1840,0.05550403520464897,0.03740902990102768,0.00612941694694936,coarse_candidate_mid_graph_weak,0.042053026147186756
1454,3152,0.03864043205976486,0.02672315016388893,0.006125081636378655,coarse_candidate_mid_graph_weak,0.03175712563097477
116,2998,0.025970973074436188,0.010851196944713593,0.006117607581569551,coarse_candidate_mid_graph_weak,0.01419488014653325
332,447,0.04065095633268356,0.018136007711291313,0.0060867104829801935,coarse_candidate_mid_graph_weak,0.02132973074913025
1589,1794,0.1207481324672699,0.011041072197258472,0.005989094422396006,coarse_candidate_mid_graph_weak,0.011617288459092379
138,998,0.06354353576898575,0.03743838146328926,0.005988202626729339,coarse_candidate_mid_graph_weak,0.04133356548845768
36,181,0.022306637838482857,0.01796288602054119,0.005968620111568453,coarse_candidate_mid_graph_weak,0.02452510455623269
55,783,0.04476850479841232,0.03173305094242096,0.0059427860902935455,coarse_candidate_mid_graph_weak,0.03659021109342575
371,474,0.06554464250802994,0.06567925959825516,0.005929585271554851,coarse_candidate_mid_graph_weak,0.07221201807260513
392,3438,0.03905833512544632,0.012663299217820168,0.005892533788696019,coarse_candidate_mid_graph_weak,0.014913174556568265
549,679,0.045684851706027985,0.03974740579724312,0.00583488779386185,coarse_candidate_mid_graph_weak,0.045567276887595654
2733,2932,0.0405864417552948,0.03503117337822914,0.005811794614233141,coarse_candidate_mid_graph_weak,0.04088584054261446
1849,1851,0.05186116322875023,0.029139112681150436,0.005800306442269084,coarse_candidate_mid_graph_weak,0.032808514311909676
25,783,0.0825197845697403,0.023570960387587547,0.005762321957619356,coarse_candidate_mid_graph_weak,0.025340475142002106
134,2239,0.08624638617038727,0.01479601114988327,0.005738045650631661,coarse_candidate_mid_graph_weak,0.01585056260228157
206,3175,0.08270607143640518,0.0198076032102108,0.00572948834020257,coarse_candidate_mid_graph_weak,0.021281914319843054
751,881,0.027576306834816933,0.025271428748965263,0.0057134597709557885,coarse_candidate_mid_graph_weak,0.031875659711658955
266,390,0.0482792928814888,0.018634555861353874,0.005683218260223622,coarse_candidate_mid_graph_weak,0.02112080017104745
892,1795,0.03860653191804886,0.038980431854724884,0.0056738168367524485,coarse_candidate_mid_graph_weak,0.04569618031382561
690,979,0.05431600660085678,0.025960668921470642,0.005665593232343657,coarse_candidate_mid_graph_weak,0.028983923606574535
2404,2827,0.03846118226647377,0.015103232115507126,0.005664791071885569,coarse_candidate_mid_graph_weak,0.017711953725665808
737,857,0.0541316457092762,0.03736951947212219,0.0056603015011413215,coarse_candidate_mid_graph_weak,0.04173339158296585
143,353,0.02971191704273224,0.028548138216137886,0.005643986047900812,coarse_candidate_mid_graph_weak,0.0352427433244884
1382,1991,0.06719009578227997,0.027739111334085464,0.005599666712684003,coarse_candidate_mid_graph_weak,0.030261090490967035
1156,1159,0.005590388085693121,0.0,0.005590388085693121,coarse_candidate_mid_graph_weak,0.004885228700004518
2182,3286,0.07128071784973145,0.007091654930263758,0.005583271917951313,coarse_candidate_mid_graph_weak,0.00769433646928519
385,2910,0.07086311280727386,0.020907633006572723,0.005570544365426995,coarse_candidate_mid_graph_weak,0.022691402584314346
969,971,0.054970163851976395,0.003600451862439513,0.005567041496272189,coarse_candidate_mid_graph_weak,0.004006172472145408
52,1847,0.03651655837893486,0.014528476633131504,0.005563422858120112,coarse_candidate_mid_graph_weak,0.01713978103362024
128,352,0.044278427958488464,0.03225978836417198,0.005528178141759011,coarse_candidate_mid_graph_weak,0.03686202596873045
297,2206,0.05858941003680229,0.020499788224697113,0.005500268250712482,coarse_candidate_mid_graph_weak,0.022623656317591667
1091,2700,0.03163975477218628,0.03247499465942383,0.005473500329698613,coarse_candidate_mid_graph_weak,0.039268167689442635
295,1711,0.06328679621219635,0.03358827531337738,0.005461183255381846,coarse_candidate_mid_graph_weak,0.03676042892038822
1068,2145,0.05397399887442589,0.07881009578704834,0.005423978511479314,coarse_candidate_mid_graph_weak,0.08761471137404442
845,2515,0.13028010725975037,0.03601548448204994,0.005346651140471991,coarse_candidate_mid_graph_weak,0.03755680285394192
360,497,0.03086966648697853,0.02682156302034855,0.005311174169506442,coarse_candidate_mid_graph_weak,0.032395209185779095
2036,2848,0.045786187052726746,0.025608059018850327,0.005304383620543639,coarse_candidate_mid_graph_weak,0.02896351646631956
166,168,0.03233398497104645,0.005033006891608238,0.005289186869054589,coarse_candidate_mid_graph_weak,0.00601731869392097
186,187,0.04607585072517395,0.04235256835818291,0.005281009313485144,coarse_candidate_mid_graph_weak,0.04783522989600897
212,490,0.0710681825876236,0.003989291377365589,0.005262508330673831,coarse_candidate_mid_graph_weak,0.004308316740207374
3462,3463,0.09171179682016373,0.08149957656860352,0.0052450803927904435,coarse_candidate_mid_graph_weak,0.08644334971904755
257,657,0.09163353592157364,0.019315216690301895,0.005240605698963731,coarse_candidate_mid_graph_weak,0.020486880093812943
1023,1024,0.15709757804870605,0.12088678032159805,0.005238950524444175,coarse_candidate_mid_graph_weak,0.12505723722279072
808,1355,0.07667456567287445,0.05906008929014206,0.00523815271591595,coarse_candidate_mid_graph_weak,0.06339073460549116
2966,3068,0.04772324860095978,0.0542236864566803,0.005233741115050934,coarse_candidate_mid_graph_weak,0.06090281158685684
359,2382,0.0691726803779602,0.01659305952489376,0.005218097650111526,coarse_candidate_mid_graph_weak,0.017946898471564054
388,758,0.03471890836954117,0.03225297853350639,0.005146247031440508,coarse_candidate_mid_graph_weak,0.0378656554967165
2178,2189,0.07073158025741577,0.05212406441569328,0.005108724874590376,coarse_candidate_mid_graph_weak,0.05618191137909889
2717,3375,0.06402125954627991,0.021555006504058838,0.005107188887404993,coarse_candidate_mid_graph_weak,0.023423583712428808
114,981,0.052995119243860245,0.019571399316191673,0.005008215213434897,coarse_candidate_mid_graph_weak,0.02161399368196726
260,618,0.07513585686683655,0.003068846184760332,0.00500692426523494,coarse_candidate_mid_graph_weak,0.003287949482910335
1515,2491,0.026340698823332787,0.019377076998353004,0.004985814053869664,coarse_candidate_mid_graph_weak,0.023901124019175768
123,2349,0.044987645000219345,0.011865266598761082,0.004976474224497941,coarse_candidate_mid_graph_weak,0.013341034296900034
510,593,0.03267490491271019,0.0340442918241024,0.004948020651047283,coarse_candidate_mid_graph_weak,0.040119689889252186
398,3495,0.06817635893821716,0.026006599888205528,0.004904562365131996,coarse_candidate_mid_graph_weak,0.028022521641105413
436,774,0.040483906865119934,0.034799572080373764,0.004899910071987775,coarse_candidate_mid_graph_weak,0.03959146700799465
1404,2245,0.07985937595367432,0.038073938339948654,0.004886033680179452,coarse_candidate_mid_graph_weak,0.04055522754788399
3197,3603,0.09419865161180496,0.04344023019075394,0.004859286860855645,coarse_candidate_mid_graph_weak,0.04580300208181143
1657,2031,0.06793078780174255,0.022532423958182335,0.004822041492778353,coarse_candidate_mid_graph_weak,0.024254091549664736
1094,1273,0.03441374748945236,0.039502765983343124,0.004819965874116712,coarse_candidate_mid_graph_weak,0.04593661706894636
2163,2174,0.04587786644697189,0.055785708129405975,0.004812493363776847,coarse_candidate_mid_graph_weak,0.06232329271733761
486,3098,0.0390198715031147,0.04616798087954521,0.004796261662722757,coarse_candidate_mid_graph_weak,0.052638184279203415
5,310,0.044974032789468765,0.016963902860879898,0.004785349426514392,coarse_candidate_mid_graph_weak,0.018983829766511917
535,1286,0.0576624758541584,0.03336239233613014,0.00475021104565868,coarse_candidate_mid_graph_weak,0.03635750897228718
181,2252,0.044885553419589996,0.04097222164273262,0.004743773736453959,coarse_candidate_mid_graph_weak,0.04581413324922323
782,1330,0.04687284678220749,0.003544891718775034,0.004718244312733339,coarse_candidate_mid_graph_weak,0.003941661329008639
2922,3666,0.04114796966314316,0.005996681284159422,0.004716202647125837,coarse_candidate_mid_graph_weak,0.006772969849407673
808,809,0.04684830456972122,0.05703246220946312,0.00469901924311459,coarse_candidate_mid_graph_weak,0.06339073460549116
117,190,0.03830130025744438,0.029584720730781555,0.004657442035919592,coarse_candidate_mid_graph_weak,0.03368024155497551
2717,2968,0.0673491433262825,0.021810859441757202,0.0046370188005690925,coarse_candidate_mid_graph_weak,0.023423583712428808
3544,3649,0.11208602786064148,0.01702175848186016,0.004636553981226756,coarse_candidate_mid_graph_weak,0.01775626465678215
130,827,0.0487268902361393,0.016151562333106995,0.004635459535848377,coarse_candidate_mid_graph_weak,0.017849622759968042
181,3237,0.05968284606933594,0.04226275160908699,0.004626444914033396,coarse_candidate_mid_graph_weak,0.04581413324922323
456,643,0.14537005126476288,0.10064449161291122,0.004601812618200963,coarse_candidate_mid_graph_weak,0.1039346307516098
339,2048,0.14985717833042145,0.030650462955236435,0.004558632771644136,coarse_candidate_mid_graph_weak,0.0316120982170105
1722,2848,0.027669984847307205,0.03735319525003433,0.004551206771243099,coarse_candidate_mid_graph_weak,0.044706616550683975
216,1280,0.0367947556078434,0.01569896750152111,0.004550693740885757,coarse_candidate_mid_graph_weak,0.017914606258273125
2419,3639,0.044596124440431595,0.02805204875767231,0.004543320244759817,coarse_candidate_mid_graph_weak,0.03123408416286111
2751,3534,0.16235853731632233,0.08892975747585297,0.004542862105223062,coarse_candidate_mid_graph_weak,0.09148967824876308
3218,3402,0.04296351596713066,0.010523833334445953,0.0045160133581375475,coarse_candidate_mid_graph_weak,0.011759954504668713
414,2009,0.04113032668828964,0.030115460976958275,0.004427672267075257,coarse_candidate_mid_graph_weak,0.03374847862869501
1574,3112,0.03556252270936966,0.02527558244764805,0.00442318626978991,coarse_candidate_mid_graph_weak,0.028865851927548647
116,2541,0.02428879216313362,0.011636612005531788,0.004377440494946781,coarse_candidate_mid_graph_weak,0.01419488014653325
2178,2183,0.04263078793883324,0.050428155809640884,0.00436594497254321,coarse_candidate_mid_graph_weak,0.05618191137909889
332,902,0.04336272180080414,0.019203370437026024,0.0043228286257578,coarse_candidate_mid_graph_weak,0.02132973074913025
240,1549,0.04645249992609024,0.05073360726237297,0.0043182454961777465,coarse_candidate_mid_graph_weak,0.05593318119645119
414,2015,0.04792458936572075,0.030710294842720032,0.004314378492802353,coarse_candidate_mid_graph_weak,0.03374847862869501
176,2218,0.17732083797454834,0.023926597088575363,0.00426441050330314,coarse_candidate_mid_graph_weak,0.02451618993654847
341,415,0.03955647721886635,0.02333693951368332,0.004245813850693699,coarse_candidate_mid_graph_weak,0.026143012568354607
3466,3557,0.038318537175655365,0.03836188092827797,0.004234356670188926,coarse_candidate_mid_graph_weak,0.04312766622751951
990,1695,0.039997126907110214,0.027623871341347694,0.004217550398322969,coarse_candidate_mid_graph_weak,0.030880060512572527
271,272,0.04969710111618042,0.03324614837765694,0.004210012823426936,coarse_candidate_mid_graph_weak,0.03632321301847696
547,2653,0.06471633911132812,0.03610480576753616,0.004179748747678095,coarse_candidate_mid_graph_weak,0.03859766200184822
1425,1575,0.026619883254170418,0.005461197812110186,0.004179477866233613,coarse_candidate_mid_graph_weak,0.0064783343113958836
24,3496,0.06648041307926178,0.04522039368748665,0.004166674905606016,coarse_candidate_mid_graph_weak,0.04824410378932953
561,1927,0.06525474786758423,0.0386711023747921,0.004163343242257214,coarse_candidate_mid_graph_weak,0.04130651522427797
2321,2532,0.04901481047272682,0.03199394792318344,0.0041624365161843195,coarse_candidate_mid_graph_weak,0.03496308345347643
1041,2929,0.05131886526942253,0.05189867690205574,0.004148949325417643,coarse_candidate_mid_graph_weak,0.05646355636417866
1703,3087,0.03941694274544716,0.02961285226047039,0.004132260286439549,coarse_candidate_mid_graph_weak,0.03308087307959795
1646,2397,0.05210573226213455,0.03594673424959183,0.004109840976862456,coarse_candidate_mid_graph_weak,0.03902481775730848
1601,1647,0.04539266228675842,0.020837245509028435,0.004107182306177176,coarse_candidate_mid_graph_weak,0.022910186555236578
399,874,0.05504613742232323,0.018461327999830246,0.004094402573932926,coarse_candidate_mid_graph_weak,0.019944851752370596
1617,3047,0.07613664120435715,0.03390440717339516,0.004093983790519808,coarse_candidate_mid_graph_weak,0.035831100307404995
107,604,0.029374752193689346,0.015312525443732738,0.004093542470329467,coarse_candidate_mid_graph_weak,0.017791935009881854
340,2316,0.05822932720184326,0.024503888562321663,0.0040715455825973065,coarse_candidate_mid_graph_weak,0.026346074417233467
2506,3035,0.03643880411982536,0.03076612949371338,0.004067412733647792,coarse_candidate_mid_graph_weak,0.03463184367865324
1956,3195,0.07934421300888062,0.045847609639167786,0.004060860389919896,coarse_candidate_mid_graph_weak,0.04832067620009184
500,1439,0.031535714864730835,0.023660998791456223,0.004022645194678524,coarse_candidate_mid_graph_weak,0.027120438404381275
538,1765,0.05676126107573509,0.03807598724961281,0.004004105632003525,coarse_candidate_mid_graph_weak,0.04096583742648363
1823,2558,0.04952460154891014,0.043457455933094025,0.003998535646352611,coarse_candidate_mid_graph_weak,0.047274306416511536
132,1157,0.032850466668605804,0.011532367207109928,0.003994348165716413,coarse_candidate_mid_graph_weak,0.013128711143508554
336,1288,0.05708669126033783,0.005781387910246849,0.003978539891659288,coarse_candidate_mid_graph_weak,0.006214494351297617
695,2827,0.22858884930610657,0.04887301102280617,0.003974825741308728,coarse_candidate_mid_graph_weak,0.04973788000643253
2315,2551,0.04416198283433914,0.05836712196469307,0.003962497779628917,coarse_candidate_mid_graph_weak,0.06412041932344437
2427,2785,0.02303815446794033,0.033056311309337616,0.0039373372017803485,coarse_candidate_mid_graph_weak,0.039870357140898705
280,2571,0.04693646356463432,0.02546229586005211,0.003924656978786702,coarse_candidate_mid_graph_weak,0.027785629499703646
1198,1840,0.16442005336284637,0.31284254789352417,0.00391706049750823,coarse_candidate_mid_graph_weak,0.3204774409532547
601,3286,0.08407815545797348,0.013730538077652454,0.0039121267441425325,coarse_candidate_mid_graph_weak,0.014400592539459467
1407,1848,0.01898026280105114,0.022313620895147324,0.003905601541040036,coarse_candidate_mid_graph_weak,0.028094720095396042
1496,1961,0.03176633641123772,0.004565444774925709,0.003878615319431984,coarse_candidate_mid_graph_weak,0.0052004053723067045
163,1464,0.28823477029800415,0.16681411862373352,0.0038727654900038216,coarse_candidate_mid_graph_weak,0.16908598318696022
722,2891,0.03167535364627838,0.06126704439520836,0.0038688089416125102,coarse_candidate_mid_graph_weak,0.06979131419211626
1953,2554,0.06115666776895523,0.01957371085882187,0.003855046432970119,coarse_candidate_mid_graph_weak,0.020890559535473585
1201,1815,0.031960271298885345,0.02785656787455082,0.0038422693789672887,coarse_candidate_mid_graph_weak,0.03166311280801892
559,698,0.036862246692180634,0.03035604953765869,0.003823965802585843,coarse_candidate_mid_graph_weak,0.03386956453323364
501,1233,0.030519982799887657,0.06507720798254013,0.003806738572210993,coarse_candidate_mid_graph_weak,0.07435095682740211
223,805,0.024426855146884918,0.026827016845345497,0.0037806995049106387,coarse_candidate_mid_graph_weak,0.031739548314362764
116,2072,0.03400607407093048,0.012621679343283176,0.0037688506342785175,coarse_candidate_mid_graph_weak,0.01419488014653325
279,1561,0.04515252262353897,0.028630325570702553,0.0037632934729744695,coarse_candidate_mid_graph_weak,0.031233522575348616
200,1046,0.056264352053403854,0.019343337044119835,0.003758567074030623,coarse_candidate_mid_graph_weak,0.02072800789028406
1672,2785,0.05293025076389313,0.018255585804581642,0.0037541479828142456,coarse_candidate_mid_graph_weak,0.019649233669042587
1567,1568,0.1352078765630722,0.2645778954029083,0.003746095271935039,coarse_candidate_mid_graph_weak,0.2721172273159027
37,849,0.048253729939460754,0.024445468559861183,0.0037219030172050316,coarse_candidate_mid_graph_weak,0.026488584000617266
56,3122,0.04182646423578262,0.030309483408927917,0.0037155659612789454,coarse_candidate_mid_graph_weak,0.033264461904764175
724,3146,0.03640705719590187,0.031572457402944565,0.0036991273954129797,coarse_candidate_mid_graph_weak,0.035143167711794376
852,1863,0.11808539181947708,0.012602584436535835,0.003691387799914336,coarse_candidate_mid_graph_weak,0.013009258080273867
659,2349,0.05796525254845619,0.03314845263957977,0.0036785642976212445,coarse_candidate_mid_graph_weak,0.03539465181529522
824,2274,0.1432177722454071,0.025389036163687706,0.0036733361454486294,coarse_candidate_mid_graph_weak,0.02605737140402198
2332,3604,0.08554620295763016,0.03124512918293476,0.0036419524123109167,coarse_candidate_mid_graph_weak,0.03263447433710098
1694,2506,0.07930146902799606,0.038939040154218674,0.0036279077740589616,coarse_candidate_mid_graph_weak,0.04080583807080984
481,484,0.028696153312921524,0.005633463151752949,0.003625218264248377,coarse_candidate_mid_graph_weak,0.006448053172789514
1598,1613,0.03411427512764931,0.0287831649184227,0.0035903672109766417,coarse_candidate_mid_graph_weak,0.03216877765953541
734,1443,0.11604180932044983,0.014717849902808666,0.0035446111112878613,coarse_candidate_mid_graph_weak,0.015181586379185319
406,457,0.023180179297924042,0.0042540570721030235,0.0035389722811584607,coarse_candidate_mid_graph_weak,0.005020557320676744
751,2973,0.06701698899269104,0.03019588440656662,0.003531644023994645,coarse_candidate_mid_graph_weak,0.031875659711658955
844,884,0.04636942222714424,0.0015382104320451617,0.0034915562095786056,coarse_candidate_mid_graph_weak,0.0016634673229418695
2703,2719,0.05438058450818062,0.03269675374031067,0.003482207989079538,coarse_candidate_mid_graph_weak,0.034933699294924736
570,2853,0.04738028720021248,0.016421489417552948,0.003480753754401043,coarse_candidate_mid_graph_weak,0.017723534256219864
1205,3457,0.038416069000959396,0.017457786947488785,0.0034480289820821987,coarse_candidate_mid_graph_weak,0.019179214723408222
2151,3405,0.05771749094128609,0.03007282316684723,0.003437882978840058,coarse_candidate_mid_graph_weak,0.03197753196582198
1193,2260,0.043107569217681885,0.03674215078353882,0.0034311318308293693,coarse_candidate_mid_graph_weak,0.039919531904160976
152,694,0.05412663146853447,0.014200055040419102,0.003423397644943748,coarse_candidate_mid_graph_weak,0.015158819034695625
1900,3346,0.057915154844522476,0.015138210728764534,0.0033878977430223728,coarse_candidate_mid_graph_weak,0.016078780870884657
697,1978,0.03108275681734085,0.03705515339970589,0.003385114768443571,coarse_candidate_mid_graph_weak,0.04158391244709492
159,1490,0.046147219836711884,0.01305665448307991,0.0033411592757081913,coarse_candidate_mid_graph_weak,0.01407577097415924
2060,2771,0.0819675549864769,0.059448353946208954,0.0033277483030217866,coarse_candidate_mid_graph_weak,0.061963990330696106
87,1432,0.0738239511847496,0.02787010185420513,0.0032745920679219617,coarse_candidate_mid_graph_weak,0.029163709841668606
894,1182,0.0277489572763443,0.03333485499024391,0.003260647413323435,coarse_candidate_mid_graph_weak,0.03777343034744263
866,904,0.060402754694223404,0.01362556405365467,0.003259780963668914,coarse_candidate_mid_graph_weak,0.014402848668396473
150,2148,0.05226297304034233,0.058006010949611664,0.0032549856181639135,coarse_candidate_mid_graph_weak,0.06185862235724926
3313,3595,0.06619114428758621,0.09543662518262863,0.003241413409161545,coarse_candidate_mid_graph_weak,0.10035085678100586
504,519,0.04908285290002823,0.04699623957276344,0.00320157862730067,coarse_candidate_mid_graph_weak,0.05027562007308006
1001,1219,0.1807592660188675,0.12395025044679642,0.003196584251998451,coarse_candidate_mid_graph_weak,0.12618167325854301
92,2949,0.026330258697271347,0.01048001553863287,0.0031826076077450726,coarse_candidate_mid_graph_weak,0.011920929653570056
1371,3145,0.06163555756211281,0.004182128235697746,0.0031681258032110102,coarse_candidate_mid_graph_weak,0.0044087417190894485
349,350,0.04425849765539169,0.031528785824775696,0.0031456322805109016,coarse_candidate_mid_graph_weak,0.0339411199092865
168,1624,0.05806721746921539,0.01942610740661621,0.0031396929866572437,coarse_candidate_mid_graph_weak,0.020536516327410936
495,3395,0.04116165637969971,0.019457807764410973,0.003130917192958819,coarse_candidate_mid_graph_weak,0.02105969050899148
1373,2211,0.0250955019146204,0.03605187311768532,0.003122809746551673,coarse_candidate_mid_graph_weak,0.04117564857006073
370,372,0.08825019001960754,0.002841871464625001,0.003116457706478506,coarse_candidate_mid_graph_weak,0.00294590275734663
2880,3415,0.03477679193019867,0.03681756183505058,0.00309996778498573,coarse_candidate_mid_graph_weak,0.040420614182949066
57,2114,0.046759381890296936,0.02585478685796261,0.0030644409525665975,coarse_candidate_mid_graph_weak,0.027668050955981016
1347,2050,0.044546905905008316,0.02248859591782093,0.003057998101715613,coarse_candidate_mid_graph_weak,0.024146149400621653
417,1302,0.03903766721487045,0.03304566815495491,0.0030216896704621534,coarse_candidate_mid_graph_weak,0.03581815306097269
457,997,0.04168969392776489,0.02396375872194767,0.0030200879478444243,coarse_candidate_mid_graph_weak,0.02583532314747572
335,512,0.06048377603292465,0.027766065672039986,0.0030183885506919785,coarse_candidate_mid_graph_weak,0.029224487487226725
2847,2880,0.06373302638530731,0.04142322763800621,0.00297734951521269,coarse_candidate_mid_graph_weak,0.04345318488776684
620,2242,0.048431750386953354,0.040718499571084976,0.002970269790199199,coarse_candidate_mid_graph_weak,0.043378882110118866
982,1370,0.07528960704803467,0.05734313651919365,0.0029663080869474275,coarse_candidate_mid_graph_weak,0.05969503987580538
593,1697,0.0349169597029686,0.03595313802361488,0.0029616952914044213,coarse_candidate_mid_graph_weak,0.03928536642342806
175,1005,0.053354814648628235,0.013195782899856567,0.0029509111413806937,coarse_candidate_mid_graph_weak,0.013968333834782243
388,1871,0.040248215198516846,0.035093408077955246,0.002946681081580938,coarse_candidate_mid_graph_weak,0.0378656554967165
387,2539,0.05890790745615959,0.033045053482055664,0.0029075661854119743,coarse_candidate_mid_graph_weak,0.034760769456624985
785,1502,0.0345856174826622,0.045683689415454865,0.0028983112385745314,coarse_candidate_mid_graph_weak,0.04986219387501478
1033,1034,0.05108495056629181,0.06542927026748657,0.0028958080053828232,coarse_candidate_mid_graph_weak,0.06936108134686947
1377,1484,0.048641856759786606,0.03263749182224274,0.002880206330239567,coarse_candidate_mid_graph_weak,0.03469167277216911
473,1430,0.03691142797470093,0.0038578324019908905,0.0028794376118058264,coarse_candidate_mid_graph_weak,0.004184242570772767
194,1404,0.029052212834358215,0.02976376563310623,0.0028535259603232267,coarse_candidate_mid_graph_weak,0.033005595207214355
256,605,0.030953843146562576,0.028693560510873795,0.0028337536923666814,coarse_candidate_mid_graph_weak,0.03158510476350784
42,2302,0.0827057808637619,0.017255468294024467,0.002824774829168724,coarse_candidate_mid_graph_weak,0.017865661066025496
175,1104,0.03968292102217674,0.012981203384697437,0.0028043587841349586,coarse_candidate_mid_graph_weak,0.013968333834782243
269,303,0.029321810230612755,0.04330042377114296,0.002785515344640827,coarse_candidate_mid_graph_weak,0.04784567002207041
399,1790,0.06644488126039505,0.019109291955828667,0.002783609131644184,coarse_candidate_mid_graph_weak,0.019944851752370596
720,2109,0.04192037135362625,0.029506346210837364,0.002776551679897526,coarse_candidate_mid_graph_weak,0.03159929206594825
1240,3160,0.11245924234390259,0.09430257976055145,0.0027743765272163316,coarse_candidate_mid_graph_weak,0.09668787568807602
60,1657,0.032678138464689255,0.026208816096186638,0.002742538593911664,coarse_candidate_mid_graph_weak,0.02860992681235075
754,782,0.053589511662721634,0.03058326616883278,0.0027413876448903695,coarse_candidate_mid_graph_weak,0.03223210945725441
1853,2505,0.05416889488697052,0.03553247079253197,0.0027362354901768367,coarse_candidate_mid_graph_weak,0.037422810681164265
359,1865,0.12085842341184616,0.01754198968410492,0.0027267462261209656,coarse_candidate_mid_graph_weak,0.017946898471564054
3068,3470,0.04468091204762459,0.05152495205402374,0.0027118304554443625,coarse_candidate_mid_graph_weak,0.05485423468053341
822,2135,0.04891543835401535,0.0386984758079052,0.002703387133143784,coarse_candidate_mid_graph_weak,0.04096232168376446
974,1286,0.024899467825889587,0.0028518037870526314,0.0026965487526896628,coarse_candidate_mid_graph_weak,0.003198155900463462
603,1006,0.05373407155275345,0.04495818167924881,0.0026952647810564627,coarse_candidate_mid_graph_weak,0.04733233992010355
2573,2785,0.03111165575683117,0.04436631128191948,0.0026780465568572833,coarse_candidate_mid_graph_weak,0.04854499455541372
1472,1862,0.0514347180724144,0.03374854475259781,0.002654516620110744,coarse_candidate_mid_graph_weak,0.0355850700289011
514,826,0.026803461834788322,0.0326458141207695,0.002645652440837083,coarse_candidate_mid_graph_weak,0.0362210338935256
1242,2580,0.12564432621002197,0.061726152896881104,0.0026409790564059983,coarse_candidate_mid_graph_weak,0.06305146217346191
983,2063,0.053911320865154266,0.060414355248212814,0.002628615148990672,coarse_candidate_mid_graph_weak,0.06351103447377682
943,1444,0.03495415300130844,0.014519483782351017,0.0026084697525280568,coarse_candidate_mid_graph_weak,0.01569038606248796
1157,2868,0.012362937442958355,0.00643150182440877,0.0026032698701675717,coarse_candidate_mid_graph_weak,0.008147024898789823
563,1795,0.029652558267116547,0.030323119834065437,0.002595109371830908,coarse_candidate_mid_graph_weak,0.033231443259865046
55,872,0.041727617383003235,0.03433063626289368,0.002576827822500522,coarse_candidate_mid_graph_weak,0.03659021109342575
168,1606,0.07619012892246246,0.019843921065330505,0.002569516731450788,coarse_candidate_mid_graph_weak,0.020536516327410936
628,1568,0.024181492626667023,0.03935785964131355,0.002568511807267471,coarse_candidate_mid_graph_weak,0.044035193510353565
1398,1400,0.030913902446627617,0.03287685662508011,0.0025597572920190562,coarse_candidate_mid_graph_weak,0.03584491554647684
381,1529,0.05403284728527069,0.02518150955438614,0.002525002506534894,coarse_candidate_mid_graph_weak,0.026415950153023005
316,1090,0.06854221224784851,0.03584693744778633,0.002510658073149672,coarse_candidate_mid_graph_weak,0.03720991313457489
1812,3543,0.041578009724617004,0.005641408264636993,0.0025075322236926168,coarse_candidate_mid_graph_weak,0.006003472255542874
648,1487,0.03802582621574402,0.03726385533809662,0.002506540175367628,coarse_candidate_mid_graph_weak,0.03989350702613592
1695,2736,0.041325487196445465,0.02812267281115055,0.002493686804354487,coarse_candidate_mid_graph_weak,0.02992864465340972
244,515,0.06883634626865387,0.06666357070207596,0.0024896867729874987,coarse_candidate_mid_graph_weak,0.06916514970362186
414,594,0.03383291885256767,0.031296905130147934,0.0024577074466084164,coarse_candidate_mid_graph_weak,0.03374847862869501
178,3433,0.05360439419746399,0.014321927912533283,0.0024509033892769687,coarse_candidate_mid_graph_weak,0.015008130576461554
863,2323,0.03299897909164429,0.030557183548808098,0.0024503848708905536,coarse_candidate_mid_graph_weak,0.033008257392793894
115,370,0.04274086654186249,0.02792380191385746,0.0024441527243887567,coarse_candidate_mid_graph_weak,0.0296174893155694
2122,2170,0.037660010159015656,0.06171165034174919,0.0024430811182064925,coarse_candidate_mid_graph_weak,0.0659927325323224
851,908,0.051466599106788635,0.062408559024333954,0.0024407624679522863,coarse_candidate_mid_graph_weak,0.06551558338105679
2151,2979,0.044794563204050064,0.030270075425505638,0.002391828424880226,coarse_candidate_mid_graph_weak,0.03197753196582198
1834,2864,0.04421991482377052,0.030781302601099014,0.0023469850725547988,coarse_candidate_mid_graph_weak,0.03250660002231598
341,827,0.05054180696606636,0.024935252964496613,0.0023349395024769844,coarse_candidate_mid_graph_weak,0.026143012568354607
1452,3072,0.053810566663742065,0.019839638844132423,0.0023137540521089984,coarse_candidate_mid_graph_weak,0.020731034688651562
1989,1990,0.035462282598018646,0.0382496677339077,0.002310039972686024,coarse_candidate_mid_graph_weak,0.04091489501297474
162,444,0.023977898061275482,0.013747602701187134,0.002284227560943077,coarse_candidate_mid_graph_weak,0.015195151790976524
11,98,0.02041621319949627,0.054688580334186554,0.002283378914445883,coarse_candidate_mid_graph_weak,0.06157524511218071
440,961,0.018284885212779045,0.023597411811351776,0.0022773195393551745,coarse_candidate_mid_graph_weak,0.0269545023329556
1573,2018,0.05676552280783653,0.03265887498855591,0.002266971098278728,coarse_candidate_mid_graph_weak,0.03401738312095404
2171,2601,0.03491261228919029,0.004904822446405888,0.0022456293358817533,coarse_candidate_mid_graph_weak,0.0052419950952753425
783,1481,0.04563775286078453,0.017853647470474243,0.0022423370102611995,coarse_candidate_mid_graph_weak,0.018776184879243374
2419,3098,0.040943246334791183,0.029523925855755806,0.00224176359627533,coarse_candidate_mid_graph_weak,0.03123408416286111
491,865,0.06099484860897064,0.03585852310061455,0.0022059313298465368,coarse_candidate_mid_graph_weak,0.03720403928309679
2283,2912,0.041923560202121735,0.03144768998026848,0.0021832351868134245,coarse_candidate_mid_graph_weak,0.03317534830421209
2781,3335,0.08548464626073837,0.016128290444612503,0.0021746652814725186,coarse_candidate_mid_graph_weak,0.016549292020499706
878,2463,0.03166759014129639,0.0075560337863862514,0.0021718805675479216,coarse_candidate_mid_graph_weak,0.008112413110211492
1220,1881,0.027570800855755806,0.0038974906783550978,0.002167771893558975,coarse_candidate_mid_graph_weak,0.004230083723086864
8,326,0.018083052709698677,0.026351163163781166,0.00214906211321773,coarse_candidate_mid_graph_weak,0.02990521863102913
23,700,0.0917937383055687,0.012969919480383396,0.0021179048115385216,coarse_candidate_mid_graph_weak,0.013276234501972795
407,409,0.06222320348024368,0.01068742386996746,0.002054899699254906,coarse_candidate_mid_graph_weak,0.011052426416426897
106,2647,0.06331507861614227,0.03920464590191841,0.0020388763237419332,coarse_candidate_mid_graph_weak,0.04050912335515022
2050,2685,0.026174413040280342,0.026427237316966057,0.0020372015479764244,coarse_candidate_mid_graph_weak,0.028657719027251005
281,282,0.04273851588368416,0.018735328689217567,0.0020368133920531163,coarse_candidate_mid_graph_weak,0.019672890659421682
521,2450,0.031686026602983475,0.03823981434106827,0.001997959890019867,coarse_candidate_mid_graph_weak,0.04081329330801964
84,2488,0.05778935179114342,0.00789590086787939,0.001995810662910441,coarse_candidate_mid_graph_weak,0.008178347954526544
83,363,0.03916920721530914,0.043738529086112976,0.001993050164407575,coarse_candidate_mid_graph_weak,0.046083394438028336
1751,2956,0.2105642855167389,0.06093662977218628,0.001978109853651961,coarse_candidate_mid_graph_weak,0.06151451729238033
570,3400,0.07372761517763138,0.01726178079843521,0.0019208347923349517,coarse_candidate_mid_graph_weak,0.017723534256219864
1482,2987,0.09119204431772232,0.030365727841854095,0.001918568001256697,coarse_candidate_mid_graph_weak,0.031018314883112907
617,901,0.04806432127952576,0.02684926427900791,0.0018915588610986418,coarse_candidate_mid_graph_weak,0.027949197683483362
118,1838,0.07348443567752838,0.036191996186971664,0.0018847778251503847,coarse_candidate_mid_graph_weak,0.03714470844715834
70,119,0.043587327003479004,0.04175734892487526,0.0018803803388288353,coarse_candidate_mid_graph_weak,0.04364000167697668
476,829,0.0423089936375618,0.033694952726364136,0.0018784351139228322,coarse_candidate_mid_graph_weak,0.03526044636964798
742,2228,0.05983121693134308,0.040189966559410095,0.0018770759925684204,coarse_candidate_mid_graph_weak,0.04149167891591787
820,1094,0.06485816836357117,0.06450774520635605,0.0018645227337974483,coarse_candidate_mid_graph_weak,0.06641708314418793
395,3006,0.05125570669770241,0.007621496915817261,0.001850457800598796,coarse_candidate_mid_graph_weak,0.007906957645900548
214,1298,0.03975541889667511,0.023968392983078957,0.0018366294670931834,coarse_candidate_mid_graph_weak,0.02512932289391756
519,1654,0.04155244305729866,0.03621303290128708,0.001828778476514431,coarse_candidate_mid_graph_weak,0.03788019064813852
392,1679,0.04918821156024933,0.014358830638229847,0.0018283958139790107,coarse_candidate_mid_graph_weak,0.014913174556568265
1850,3429,0.043840669095516205,0.024061162024736404,0.0018259175404862365,coarse_candidate_mid_graph_weak,0.025106835179030895
811,1454,0.12166260182857513,0.07287371158599854,0.0018232387408290873,coarse_candidate_mid_graph_weak,0.07398241385817528
40,3350,0.05775448679924011,0.015795063227415085,0.001811920130524698,coarse_candidate_mid_graph_weak,0.0163066484965384
62,2494,0.03688008338212967,0.039481788873672485,0.0018045591005236047,coarse_candidate_mid_graph_weak,0.04151304066181183
185,332,0.03641686588525772,0.0711715891957283,0.0017902756192762442,coarse_candidate_mid_graph_weak,0.07485132664442062
1206,3456,0.03072444163262844,0.0035591733176261187,0.001779395095752307,coarse_candidate_mid_graph_weak,0.0037779732956551015
510,1140,0.03187188133597374,0.03790529444813728,0.0017591598769820618,coarse_candidate_mid_graph_weak,0.040119689889252186
387,1395,0.07344028353691101,0.03393340855836868,0.001747994072200141,coarse_candidate_mid_graph_weak,0.034760769456624985
633,2559,0.054760899394750595,0.03430332615971565,0.00172723018760044,coarse_candidate_mid_graph_weak,0.03542053606361151
2900,3203,0.07897733896970749,0.007405505981296301,0.001722847174604206,coarse_candidate_mid_graph_weak,0.007570655667223036
641,1282,0.05207192897796631,0.05985831469297409,0.0016962199579878057,coarse_candidate_mid_graph_weak,0.06187382712960243
397,2600,0.02885626070201397,0.026313062757253647,0.001684810671518835,coarse_candidate_mid_graph_weak,0.02794464770704508
1617,2973,0.10871589928865433,0.03527615964412689,0.0016837572037287658,coarse_candidate_mid_graph_weak,0.035831100307404995
77,258,0.06239796802401543,0.017283430323004723,0.0016831579880570529,coarse_candidate_mid_graph_weak,0.017762567847967148
433,1535,0.022767528891563416,0.029506828635931015,0.0016796882224962015,coarse_candidate_mid_graph_weak,0.031857105903327465
203,675,0.017107442021369934,0.008355335332453251,0.0016783921138352094,coarse_candidate_mid_graph_weak,0.009264239575713873
1896,2354,0.07304519414901733,0.08207859843969345,0.0016190659281319585,coarse_candidate_mid_graph_weak,0.08393913134932518
283,2240,0.041717153042554855,0.021253949031233788,0.001606427995117812,coarse_candidate_mid_graph_weak,0.022105166222900152
87,988,0.04516367241740227,0.028127284720540047,0.0016050346444243246,coarse_candidate_mid_graph_weak,0.029163709841668606
267,513,0.01616794429719448,0.017369071021676064,0.0015680515404774724,coarse_candidate_mid_graph_weak,0.019234536681324244
793,1153,0.0384741835296154,0.02927367389202118,0.0015680378468564131,coarse_candidate_mid_graph_weak,0.03051742957904935
128,285,0.024302149191498756,0.034490469843149185,0.0015635036128719226,coarse_candidate_mid_graph_weak,0.03686202596873045
461,906,0.024990055710077286,0.0323341079056263,0.0015511146722838375,coarse_candidate_mid_graph_weak,0.03447387646883726
207,1089,0.04373060539364815,0.032689545303583145,0.0015124831970306596,coarse_candidate_mid_graph_weak,0.03386066295206547
140,327,0.03515360876917839,0.019550520926713943,0.001501747246581072,coarse_candidate_mid_graph_weak,0.020422982051968575
235,365,0.03087306208908558,0.006422500126063824,0.001493405767577118,coarse_candidate_mid_graph_weak,0.006748964078724384
352,1188,0.04397070035338402,0.030884278938174248,0.0014212843428453722,coarse_candidate_mid_graph_weak,0.03191591100767255
326,1212,0.05303126946091652,0.025648679584264755,0.0014083576900026653,coarse_candidate_mid_graph_weak,0.0263484176248312
734,2829,0.0770840272307396,0.01490604318678379,0.0013990618908868006,coarse_candidate_mid_graph_weak,0.015181586379185319
1345,1922,0.04071304202079773,0.06150916963815689,0.0013946236938236693,coarse_candidate_mid_graph_weak,0.06369089893996716
506,1057,0.04117649793624878,0.047152720391750336,0.0013932583364499789,coarse_candidate_mid_graph_weak,0.04880406707525253
635,3125,0.10494229942560196,0.02101568691432476,0.0013168361873616545,coarse_candidate_mid_graph_weak,0.02128274692222476
2476,3059,0.020644864067435265,0.03735382482409477,0.0013160270201611657,coarse_candidate_mid_graph_weak,0.03989710472524166
55,2349,0.05522848665714264,0.03572978079319,0.0012987152010311665,coarse_candidate_mid_graph_weak,0.03659021109342575
1825,3033,0.03822874277830124,0.02068593166768551,0.0012833558301628824,coarse_candidate_mid_graph_weak,0.021404489874839783
1035,1649,0.08761640638113022,0.03569923713803291,0.001282323088087234,coarse_candidate_mid_graph_weak,0.036229479126632214
414,1184,0.03509150445461273,0.03255075216293335,0.0012453901721349435,coarse_candidate_mid_graph_weak,0.03374847862869501
3035,3481,0.03556816652417183,0.055080581456422806,0.001182515266197257,coarse_candidate_mid_graph_weak,0.05697479099035263
961,1046,0.055628132075071335,0.021256474778056145,0.0011814697615372897,coarse_candidate_mid_graph_weak,0.02171773137524724
765,3500,0.055951934307813644,0.04133310541510582,0.0011731434551390876,coarse_candidate_mid_graph_weak,0.042218295857310295
220,797,0.05806755647063255,0.03480961546301842,0.0011704981858203368,coarse_candidate_mid_graph_weak,0.0355257261544466
391,2002,0.04641067609190941,0.006610703654587269,0.0011569236456187653,coarse_candidate_mid_graph_weak,0.006779707968235016
1403,2960,0.07476694136857986,0.04986250773072243,0.001147241354223185,coarse_candidate_mid_graph_weak,0.05063953250646591
983,2155,0.155508354306221,0.06304298341274261,0.0011460347140584191,coarse_candidate_mid_graph_weak,0.06351103447377682
3231,3436,0.028962617740035057,0.006001940928399563,0.001123739411681311,coarse_candidate_mid_graph_weak,0.006244214251637459
2400,2472,0.015967419371008873,0.014939996413886547,0.0011219501303446767,coarse_candidate_mid_graph_weak,0.016069090459495783
28,829,0.026799798011779785,0.027837375178933144,0.0011028029144986309,coarse_candidate_mid_graph_weak,0.029032033868134022
115,1199,0.04454263672232628,0.028902806341648102,0.001074833310137255,coarse_candidate_mid_graph_weak,0.0296174893155694
81,1719,0.03515827655792236,0.03890254721045494,0.0010730729782510921,coarse_candidate_mid_graph_weak,0.0401272801682353
891,2507,0.02246905118227005,0.004670180380344391,0.0010729978443361297,coarse_candidate_mid_graph_weak,0.004904386820271611
207,2190,0.046224113553762436,0.0330829955637455,0.001061614939897905,coarse_candidate_mid_graph_weak,0.03386066295206547
519,2949,0.08213780075311661,0.037400659173727036,0.0010397957356108104,coarse_candidate_mid_graph_weak,0.03788019064813852
2140,3169,0.036736659705638885,0.005563892889767885,0.001035239008504435,coarse_candidate_mid_graph_weak,0.005725229857489467
1430,1431,0.05346617102622986,0.04395211488008499,0.0010349966681823372,coarse_candidate_mid_graph_weak,0.0448197340592742
648,944,0.038184791803359985,0.03882533684372902,0.0010224184100696596,coarse_candidate_mid_graph_weak,0.03989350702613592
23,3106,0.0632866844534874,0.013067126274108887,0.0009968011962642393,coarse_candidate_mid_graph_weak,0.013276234501972795
3460,3583,0.034120041877031326,0.04666243493556976,0.0009906328730542734,coarse_candidate_mid_graph_weak,0.04805773124098778
3,1406,0.06770770251750946,0.04161824658513069,0.0009746609871598137,coarse_candidate_mid_graph_weak,0.042226096615195274
157,2511,0.12877300381660461,0.05095871165394783,0.0009733644133900489,coarse_candidate_mid_graph_weak,0.05134683009237051
985,986,0.09780219197273254,0.09659291058778763,0.0009665706024130289,coarse_candidate_mid_graph_weak,0.097557058557868
2323,3595,0.06887643784284592,0.03312327712774277,0.0009554996326382023,coarse_candidate_mid_graph_weak,0.03358924947679043
146,1230,0.04043937101960182,0.03804058954119682,0.0009500235239210504,coarse_candidate_mid_graph_weak,0.03895575925707817
862,1274,0.03416048362851143,0.039933133870363235,0.0009405149027151934,coarse_candidate_mid_graph_weak,0.04106371011584997
490,1153,0.011907268315553665,0.0008867792785167694,0.0009052654533465687,coarse_candidate_mid_graph_weak,0.000959745142608881
395,2114,0.0511523000895977,0.007771377917379141,0.0008771028339817659,coarse_candidate_mid_graph_weak,0.007906957645900548
58,2874,0.03357520326972008,0.025876779109239578,0.0008426273505816007,coarse_candidate_mid_graph_weak,0.026542919222265482
2145,2204,0.046352509409189224,0.022688603028655052,0.0008325093616682794,coarse_candidate_mid_graph_weak,0.02310355193912983
101,400,0.039044544100761414,0.0494428351521492,0.0008313272976742063,coarse_candidate_mid_graph_weak,0.05051846243441105
571,643,0.050282448530197144,0.03409789130091667,0.0008296997064933981,coarse_candidate_mid_graph_weak,0.03466997295618057
2226,2528,0.037155881524086,0.006360143888741732,0.000810480615674972,coarse_candidate_mid_graph_weak,0.006501971278339624
106,1039,0.04588513821363449,0.03980850800871849,0.0007935948582191713,coarse_candidate_mid_graph_weak,0.04050912335515022
3360,3573,0.11199679970741272,0.006413231138139963,0.0007849657719005008,coarse_candidate_mid_graph_weak,0.006458497606217861
769,3120,0.05143056809902191,0.01740424893796444,0.0007832851202333721,coarse_candidate_mid_graph_weak,0.017673414200544357
188,782,0.05553546920418739,0.0376010462641716,0.0007818476857002466,coarse_candidate_mid_graph_weak,0.038137965835630894
58,1677,0.04594283178448677,0.026091689243912697,0.0007810287488721168,coarse_candidate_mid_graph_weak,0.026542919222265482
1231,1521,0.033722661435604095,0.0214515570551157,0.0006997877171203592,coarse_candidate_mid_graph_weak,0.021906137000769377
725,2113,0.03387026861310005,0.033635783940553665,0.000699730533435566,coarse_candidate_mid_graph_weak,0.03434532880783081
1398,1788,0.028003765270113945,0.03496740013360977,0.0006855570802217128,coarse_candidate_mid_graph_weak,0.03584491554647684
56,615,0.04184413701295853,0.032721493393182755,0.0006830126655101888,coarse_candidate_mid_graph_weak,0.033264461904764175
266,1290,0.05014672875404358,0.020834067836403847,0.0006807833270491735,coarse_candidate_mid_graph_weak,0.02112080017104745
1851,3451,0.05720483511686325,0.017703523859381676,0.0006763342141682172,coarse_candidate_mid_graph_weak,0.017915337346494198
697,2528,0.03031085804104805,0.04067549854516983,0.0006621504135474748,coarse_candidate_mid_graph_weak,0.04158391244709492
973,1871,0.036410436034202576,0.0038412443827837706,0.0006309126561442723,coarse_candidate_mid_graph_weak,0.003908978367689997
630,2050,0.021504472941160202,0.02894958294928074,0.0006227287771366056,coarse_candidate_mid_graph_weak,0.02981290826573968
392,1446,0.04616045206785202,0.014713423326611519,0.0006182860021477996,coarse_candidate_mid_graph_weak,0.014913174556568265
139,749,0.07670256495475769,0.032150279730558395,0.0006120287880840404,coarse_candidate_mid_graph_weak,0.032408878207206726
120,3376,0.07869748771190643,0.03475942462682724,0.0006099372463994738,coarse_candidate_mid_graph_weak,0.03503092844039202
51,3521,0.05091948062181473,0.01807359978556633,0.0006018050911532878,coarse_candidate_mid_graph_weak,0.01828976208344102
2561,2562,0.0681353211402893,0.030777551233768463,0.0005893045921952658,coarse_candidate_mid_graph_weak,0.03104606969282031
513,984,0.04763556271791458,0.057193949818611145,0.0005731788298352649,coarse_candidate_mid_graph_weak,0.05789052229374647
6,40,0.04747537523508072,0.025677822530269623,0.0005557356233120755,coarse_candidate_mid_graph_weak,0.02598196128383279
1693,2714,0.03185369074344635,0.023895110934972763,0.0005474424719796946,coarse_candidate_mid_graph_weak,0.02431295718997717
500,2600,0.03180577978491783,0.026656419038772583,0.0005441835983043377,coarse_candidate_mid_graph_weak,0.027120438404381275
221,1473,0.0480780191719532,0.027066655457019806,0.0005429625623591487,coarse_candidate_mid_graph_weak,0.02737582055851817
1910,2369,0.07122056186199188,0.20504488050937653,0.0005352843423047129,coarse_candidate_mid_graph_weak,0.20659764111042023
165,1008,0.03356175124645233,0.03475332632660866,0.0005327858078702104,coarse_candidate_mid_graph_weak,0.035313927568495274
850,906,0.023152772337198257,0.02655341662466526,0.0005278442372803957,coarse_candidate_mid_graph_weak,0.027172913309186697
1155,1359,0.01349735725671053,0.0045063854195177555,0.0005231420434820856,coarse_candidate_mid_graph_weak,0.0046880904119461775
271,863,0.06544100493192673,0.03604872524738312,0.0004945255138296419,coarse_candidate_mid_graph_weak,0.03632321301847696
880,881,0.052309319376945496,0.03939710184931755,0.0004712702982183694,coarse_candidate_mid_graph_weak,0.0397552689537406
212,391,0.03868730366230011,0.004256034269928932,0.00046947982839811076,coarse_candidate_mid_graph_weak,0.004308316740207374
664,829,0.03827910125255585,0.049238573759794235,0.00046135215062809864,coarse_candidate_mid_graph_weak,0.04983925260603428
649,1521,0.03895485773682594,0.04433704912662506,0.0004423579985014746,coarse_candidate_mid_graph_weak,0.044846308417618275
961,2262,0.09637002646923065,0.02161986008286476,0.0004342930149797907,coarse_candidate_mid_graph_weak,0.02171773137524724
217,1529,0.02863314002752304,0.013490403071045876,0.00042784437631797725,coarse_candidate_mid_graph_weak,0.013695038156583905
1255,3594,0.0659445971250534,0.02305321954190731,0.00042689773854956995,coarse_candidate_mid_graph_weak,0.023203428834676743
30,32,0.05623606592416763,0.010903813876211643,0.0004150005600012324,coarse_candidate_mid_graph_weak,0.010984878055751324
1250,1788,0.019045552238821983,0.05248138681054115,0.0003910498136831387,coarse_candidate_mid_graph_weak,0.053581541404128075
540,1665,0.04151540994644165,0.0358927957713604,0.0003649509528376445,coarse_candidate_mid_graph_weak,0.03621111810207367
289,2480,0.05213765799999237,0.03757328912615776,0.00035667567873882066,coarse_candidate_mid_graph_weak,0.037832099944353104
2561,3077,0.03110535815358162,0.030704965814948082,0.00034175528154679473,coarse_candidate_mid_graph_weak,0.03104606969282031
1545,2924,0.029362434521317482,0.0413292832672596,0.0002892630202979603,coarse_candidate_mid_graph_weak,0.04174048826098442
2634,2771,0.047263212502002716,0.019633246585726738,0.00026361396581695197,coarse_candidate_mid_graph_weak,0.01974336663261056
2472,3472,0.05022002011537552,0.014061421155929565,0.000255373955086399,coarse_candidate_mid_graph_weak,0.014133290387690067
1415,3014,0.02826482243835926,0.026065943762660027,0.00024297467554508368,coarse_candidate_mid_graph_weak,0.02629195898771286
1778,3043,0.03704965487122536,0.026510464027523994,0.00019672511666622093,coarse_candidate_mid_graph_weak,0.02665197988972068
177,1482,0.048609133809804916,0.031272370368242264,0.00016984538004144635,coarse_candidate_mid_graph_weak,0.03138202242553234
123,581,0.08522998541593552,0.013315744698047638,0.00016156409566126065,coarse_candidate_mid_graph_weak,0.013341034296900034
2672,2823,0.08910755813121796,0.09613893926143646,0.0001549882312169295,coarse_candidate_mid_graph_weak,0.09630644880235195
84,1736,0.05359458923339844,0.008154851384460926,0.0001539784108064932,coarse_candidate_mid_graph_weak,0.008178347954526544
495,696,0.045998621731996536,0.02099275402724743,0.00014620280874976367,coarse_candidate_mid_graph_weak,0.02105969050899148
501,3256,0.02870452031493187,0.07399716228246689,0.0001365887291266495,coarse_candidate_mid_graph_weak,0.07435095682740211
53,1167,0.04891940578818321,0.051859498023986816,9.779453136288397e-05,coarse_candidate_mid_graph_weak,0.05196337774395943
1204,1217,0.11347509920597076,0.0914575606584549,9.50227622232154e-05,coarse_candidate_mid_graph_weak,0.0915342103689909
62,2267,0.03514218330383301,0.04142292961478233,7.628202805495399e-05,coarse_candidate_mid_graph_weak,0.04151304066181183
869,1741,0.14362293481826782,0.03999488055706024,5.3687804786129885e-05,coarse_candidate_mid_graph_weak,0.04000983666628599
1235,1383,0.057390935719013214,0.013111982494592667,2.533169250011594e-05,coarse_candidate_mid_graph_weak,0.013117772527039051
1009,1282,0.03369996324181557,0.04559272155165672,2.38296277090463e-05,coarse_candidate_mid_graph_weak,0.04562498349696398
