case_type,baseline,idx,family,item_id,target_title,target_sid_r693a,r693a_rank,v2_on_p05_rank,r693a_failure_type,r693a_top1_history_repeat,r693a_top10_repeat_count,r693a_top5_predictions,v2_on_p05_top5_predictions,r680a_rank,r680a_top5_predictions
gain_vs_r680a,r680a,48,3d_filament,2697,"3D Solutech Real White 3D Printer PLA Filament 1.75MM Filament, Dimensional Accuracy +/- 0.03 mm, 2.2 LBS (1.0KG)",<a_178><b_14><c_75>,4.0,,hit_at_10,0,1,"<a_178><b_14><c_6> :: ids=[2909, 3494] :: fam=3d_filament :: 3D Solutech Silver Metal 3D Printer PLA Filament 1.75MM Filament, Dimensional Accuracy +/- 0.03 mm, 2.2 LBS (1.0KG) - PLA175TCMS / 3D Solutech Real Yellow 3D Pr
<a_178><b_14><c_94> :: ids=[3112] :: fam=3d_filament :: 3D Solutech Real Black 3D Printer PLA Filament 1.75MM Filament, Dimensional Accuracy +/- 0.03 mm, 2.2 LBS (1.0KG) - PLA175RBLK
<a_178><b_14><c_107> :: ids=[2161] :: fam=3d_filament :: 3D Solutech Natural Clear 1.75mm 3D Printer PLA Filament, Dimensional Accuracy +/- 0.03 mm, 2.2 LBS (1.0KG)
<a_178><b_14><c_75> :: ids=[2697] :: fam=3d_filament :: 3D Solutech Real White 3D Printer PLA Filament 1.75MM Filament, Dimensional Accuracy +/- 0.03 mm, 2.2 LBS (1.0KG)
<a_178><b_14><c_135> :: ids=[2993] :: fam=3d_filament :: 3D Solutech Blue 3D Printer Ultra PLA Filament 1.75MM Filament, Dimensional Accuracy +/- 0.03 mm, 2.2 LBS (1.0KG)",,19.0,"<a_24><b_149><c_2> :: ids=[3112] :: fam=3d_filament :: 3D Solutech Real Black 3D Printer PLA Filament 1.75MM Filament, Dimensional Accuracy +/- 0.03 mm, 2.2 LBS (1.0KG) - PLA175RBLK
<a_24><b_149><c_24> :: ids=[2909] :: fam=3d_filament :: 3D Solutech Silver Metal 3D Printer PLA Filament 1.75MM Filament, Dimensional Accuracy +/- 0.03 mm, 2.2 LBS (1.0KG) - PLA175TCMS
<a_24><b_57><c_89> :: ids=[3466] :: fam=3d_filament :: 3D Solutech Real Red 3D Printer PLA Filament 1.75MM, Dimensional Accuracy +/- 0.03 mm, 2.2 LBS (1.0KG) - RA-I00I-DQUY
<a_24><b_57><c_57> :: ids=[3557] :: fam=3d_filament :: 3D Solutech Chocolate Brown 3D Printer PLA Filament 1.75MM Filament 2.2 LBS (1.0KG)
<a_24><b_57><c_77> :: ids=[3475] :: fam=3d_filament :: 3D Solutech Real Orange 3D Printer PLA Filament 1.75MM Filament, Dimensional Accuracy +/- 0.03 mm, 2.2 LBS (1.0KG)"
gain_vs_r680a,r680a,49,3d_filament,3475,"3D Solutech Real Orange 3D Printer PLA Filament 1.75MM Filament, Dimensional Accuracy +/- 0.03 mm, 2.2 LBS (1.0KG)",<a_178><b_14><c_7>,9.0,,hit_at_10,0,2,"<a_178><b_14><c_6> :: ids=[2909, 3494] :: fam=3d_filament :: 3D Solutech Silver Metal 3D Printer PLA Filament 1.75MM Filament, Dimensional Accuracy +/- 0.03 mm, 2.2 LBS (1.0KG) - PLA175TCMS / 3D Solutech Real Yellow 3D Pr
<a_178><b_14><c_107> :: ids=[2161] :: fam=3d_filament :: 3D Solutech Natural Clear 1.75mm 3D Printer PLA Filament, Dimensional Accuracy +/- 0.03 mm, 2.2 LBS (1.0KG)
<a_178><b_14><c_94> :: ids=[3112] :: fam=3d_filament :: 3D Solutech Real Black 3D Printer PLA Filament 1.75MM Filament, Dimensional Accuracy +/- 0.03 mm, 2.2 LBS (1.0KG) - PLA175RBLK
<a_178><b_14><c_135> :: ids=[2993] :: fam=3d_filament :: 3D Solutech Blue 3D Printer Ultra PLA Filament 1.75MM Filament, Dimensional Accuracy +/- 0.03 mm, 2.2 LBS (1.0KG)
<a_178><b_14><c_75> :: ids=[2697] :: fam=3d_filament :: 3D Solutech Real White 3D Printer PLA Filament 1.75MM Filament, Dimensional Accuracy +/- 0.03 mm, 2.2 LBS (1.0KG)",,14.0,"<a_24><b_149><c_2> :: ids=[3112] :: fam=3d_filament :: 3D Solutech Real Black 3D Printer PLA Filament 1.75MM Filament, Dimensional Accuracy +/- 0.03 mm, 2.2 LBS (1.0KG) - PLA175RBLK
<a_24><b_149><c_24> :: ids=[2909] :: fam=3d_filament :: 3D Solutech Silver Metal 3D Printer PLA Filament 1.75MM Filament, Dimensional Accuracy +/- 0.03 mm, 2.2 LBS (1.0KG) - PLA175TCMS
<a_24><b_57><c_57> :: ids=[3557] :: fam=3d_filament :: 3D Solutech Chocolate Brown 3D Printer PLA Filament 1.75MM Filament 2.2 LBS (1.0KG)
<a_24><b_57><c_89> :: ids=[3466] :: fam=3d_filament :: 3D Solutech Real Red 3D Printer PLA Filament 1.75MM, Dimensional Accuracy +/- 0.03 mm, 2.2 LBS (1.0KG) - RA-I00I-DQUY
<a_67><b_247><c_199> :: ids=[162] :: fam=3d_filament :: USAFilament 9800429 ABS 3D Printing Filament, 2.2 lb, 1.75 mm, White Spool"
gain_vs_r680a,r680a,79,3d_filament,3016,"HATCHBOX 3D Printer Filament, Dimensional Accuracy +/- 0.03mm, 1.75 mm, 1 kg Spool, Wood",<a_178><b_230><c_5>,8.0,,hit_at_10,0,2,"<a_178><b_14><c_6> :: ids=[2909, 3494] :: fam=3d_filament :: 3D Solutech Silver Metal 3D Printer PLA Filament 1.75MM Filament, Dimensional Accuracy +/- 0.03 mm, 2.2 LBS (1.0KG) - PLA175TCMS / 3D Solutech Real Yellow 3D Pr
<a_178><b_165><c_148> :: ids=[2507] :: fam=3d_filament :: HATCHBOX PLA 3D Printer Filament, Dimensional Accuracy +/- 0.03 mm, 1 kg Spool, 1.75 mm, Silver
<a_178><b_14><c_107> :: ids=[2161] :: fam=3d_filament :: 3D Solutech Natural Clear 1.75mm 3D Printer PLA Filament, Dimensional Accuracy +/- 0.03 mm, 2.2 LBS (1.0KG)
<a_178><b_14><c_135> :: ids=[2993] :: fam=3d_filament :: 3D Solutech Blue 3D Printer Ultra PLA Filament 1.75MM Filament, Dimensional Accuracy +/- 0.03 mm, 2.2 LBS (1.0KG)
<a_178><b_14><c_94> :: ids=[3112] :: fam=3d_filament :: 3D Solutech Real Black 3D Printer PLA Filament 1.75MM Filament, Dimensional Accuracy +/- 0.03 mm, 2.2 LBS (1.0KG) - PLA175RBLK",,23.0,"<a_24><b_149><c_2> :: ids=[3112] :: fam=3d_filament :: 3D Solutech Real Black 3D Printer PLA Filament 1.75MM Filament, Dimensional Accuracy +/- 0.03 mm, 2.2 LBS (1.0KG) - PLA175RBLK
<a_24><b_78><c_74> :: ids=[2507] :: fam=3d_filament :: HATCHBOX PLA 3D Printer Filament, Dimensional Accuracy +/- 0.03 mm, 1 kg Spool, 1.75 mm, Silver
<a_24><b_149><c_24> :: ids=[2909] :: fam=3d_filament :: 3D Solutech Silver Metal 3D Printer PLA Filament 1.75MM Filament, Dimensional Accuracy +/- 0.03 mm, 2.2 LBS (1.0KG) - PLA175TCMS
<a_118><b_78><c_16> :: ids=[1851] :: fam=3d_filament :: HATCHBOX PLA 3D Printer Filament, Dimensional Accuracy +/- 0.03 mm, 1 kg Spool, 1.75 mm, Yellow
<a_24><b_57><c_57> :: ids=[3557] :: fam=3d_filament :: 3D Solutech Chocolate Brown 3D Printer PLA Filament 1.75MM Filament 2.2 LBS (1.0KG)"
gain_vs_r680a,r680a,84,other,959,"American Weigh Scales Calibration Weight Kit WGHTKIT, Class M2",<a_72><b_24><c_141>,8.0,,hit_at_10,1,2,"<a_190><b_103><c_0> :: ids=[181, 182] :: fam=gauge_meter :: AcuRite 00613 Humidity Monitor with Indoor Thermometer, Digital Hygrometer and Humidity Gauge Indicator / AcuRite 00613 Humidity Monitor with Indoor Thermometer
<a_190><b_185><c_201> :: ids=[159] :: fam=gauge_meter :: Etekcity Lasergrip 774 Non-contact Digital Laser Infrared Thermometer Temperature Gun -58~ 716 (-50 ~ 380), Yellow and Black
<a_35><b_170><c_107> :: ids=[218] :: fam=ventilation_fan :: Phresh Duct Silencer 8 in x 24 in
<a_35><b_85><c_71> :: ids=[2938] :: fam=ventilation_fan :: VenTech VT DUCT-6 VTD625 Aluminum Duct for Ventilation Ducting, 6''
<a_153><b_222><c_166> :: ids=[1834] :: fam=other :: General Hydroponics Ph 7.0 Calibration Solution - 8 Ounces, 1 bottle",,14.0,"<a_96><b_131><c_0> :: ids=[181, 182] :: fam=gauge_meter :: AcuRite 00613 Humidity Monitor with Indoor Thermometer, Digital Hygrometer and Humidity Gauge Indicator / AcuRite 00613 Humidity Monitor with Indoor Thermometer
<a_161><b_212><c_57> :: ids=[3018] :: fam=ventilation_fan :: VenTech VT DUCT-4 VTD425 Aluminum Duct for Ventilation Ducting, 4''
<a_161><b_212><c_178> :: ids=[2938] :: fam=ventilation_fan :: VenTech VT DUCT-6 VTD625 Aluminum Duct for Ventilation Ducting, 6''
<a_254><b_179><c_219> :: ids=[119] :: fam=other :: Rubbermaid Commercial BRUTE Heavy-Duty Round Waste/Utility Container with Venting Channels, 20-gallon, Gray (FG262000GRAY)
<a_112><b_8><c_55> :: ids=[550] :: fam=other :: HM Digital DM-1 In-Line Dual TDS Monitor, 0-9990 ppm Range, +/- 2% Readout Accuracy"
gain_vs_r680a,r680a,102,other,2907,RotoMetals GA100 Gallium 100 Grams,<a_225><b_46><c_1>,9.0,,hit_at_10,1,2,"<a_102><b_136><c_47> :: ids=[475] :: fam=other :: Learning Resources Skeleton Model
<a_225><b_59><c_100> :: ids=[342] :: fam=other :: Omron Sprague Rappaport Stethoscope, Black
<a_17><b_5><c_140> :: ids=[1532] :: fam=other :: First Voice TS-3183 Sterile Self-Adherent Stretch Sensi-Wrap Bandage, 5 yds Length x 3"" Width (Pack of 10)
<a_225><b_186><c_26> :: ids=[2049] :: fam=other :: 500 qty 3/8"" Inch Steel Shot Slingshot Ammo Balls
<a_211><b_154><c_68> :: ids=[513] :: fam=other :: Kimberly-Clark Professional Kimtech Science KimWipes Delicate Task Wipers, 4.4 x 8.4 in. 1-ply",,,"<a_86><b_122><c_222> :: ids=[475] :: fam=other :: Learning Resources Skeleton Model
<a_88><b_52><c_85> :: ids=[484] :: fam=other :: Arm & Hammer Peroxicare Deep Clean Toothpaste, 6 oz (Packaging May Vary)
<a_57><b_115><c_88> :: ids=[342] :: fam=other :: Omron Sprague Rappaport Stethoscope, Black
<a_172><b_214><c_69> :: ids=[474] :: fam=other :: Generic 1800088 Taylor Percussion Reflex Hammer
<a_232><b_29><c_32> :: ids=[366] :: fam=other :: Lisle 52750 Stethoscope Kit"
gain_vs_r680a,r680a,113,3d_filament,3016,"HATCHBOX 3D Printer Filament, Dimensional Accuracy +/- 0.03mm, 1.75 mm, 1 kg Spool, Wood",<a_178><b_230><c_5>,10.0,,hit_at_10,1,1,"<a_193><b_46><c_91> :: ids=[563] :: fam=3d_filament :: Foreasy 3D Printer Tool 3D Print Removal Tool Enhanced Version Set of 2
<a_178><b_165><c_148> :: ids=[2507] :: fam=3d_filament :: HATCHBOX PLA 3D Printer Filament, Dimensional Accuracy +/- 0.03 mm, 1 kg Spool, 1.75 mm, Silver
<a_178><b_150><c_117> :: ids=[2544] :: fam=3d_filament :: SainSmart Clear Flexible TPU 3D Printing Filament, 1.75 mm, 0.8 kg, Dimensional Accuracy +/- 0.05 mm
<a_178><b_165><c_53> :: ids=[50] :: fam=3d_filament :: HATCHBOX PLA 3D Printer Filament, Dimensional Accuracy +/- 0.03 mm, 1 kg Spool, 1.75 mm, Blue
<a_178><b_46><c_65> :: ids=[2333] :: fam=3d_filament :: eSUN 3D Printer CLEANING Filament 1.75mm Natural 0.1kg for all 1.75mm FDM 3D Printers, 1.75mm Cleaning",,26.0,"<a_118><b_78><c_16> :: ids=[1851] :: fam=3d_filament :: HATCHBOX PLA 3D Printer Filament, Dimensional Accuracy +/- 0.03 mm, 1 kg Spool, 1.75 mm, Yellow
<a_60><b_195><c_233> :: ids=[3444] :: fam=3d_filament :: RepRap Champion Metal J-Head V6 Hot End for RepRap 3D Printer 1.75mm Filament Direct Feed Extruder 0.4mm Nozzle
<a_233><b_171><c_44> :: ids=[2475] :: fam=other :: Gizmo Dorks 3D Print Removal Tool, 5-inch Blade
<a_24><b_157><c_89> :: ids=[1847] :: fam=3d_filament :: HATCHBOX PLA 3D Printer Filament, Dimensional Accuracy +/- 0.03 mm, 1 kg Spool, 1.75 mm, White
<a_24><b_78><c_138> :: ids=[50] :: fam=3d_filament :: HATCHBOX PLA 3D Printer Filament, Dimensional Accuracy +/- 0.03 mm, 1 kg Spool, 1.75 mm, Blue"
gain_vs_r680a,r680a,197,3d_filament,2152,"HATCHBOX PLA 3D Printer Filament, Dimensional Accuracy +/- 0.03 mm, 1 kg Spool, 1.75 mm, Gold",<a_178><b_165><c_9>,7.0,,hit_at_10,0,2,"<a_178><b_165><c_148> :: ids=[2507] :: fam=3d_filament :: HATCHBOX PLA 3D Printer Filament, Dimensional Accuracy +/- 0.03 mm, 1 kg Spool, 1.75 mm, Silver
<a_178><b_252><c_162> :: ids=[1847] :: fam=3d_filament :: HATCHBOX PLA 3D Printer Filament, Dimensional Accuracy +/- 0.03 mm, 1 kg Spool, 1.75 mm, White
<a_178><b_165><c_53> :: ids=[50] :: fam=3d_filament :: HATCHBOX PLA 3D Printer Filament, Dimensional Accuracy +/- 0.03 mm, 1 kg Spool, 1.75 mm, Blue
<a_178><b_154><c_141> :: ids=[2472] :: fam=3d_filament :: HATCHBOX ABS 3D Printer Filament, Dimensional Accuracy +/- 0.03 mm, 1 kg Spool, 1.75 mm, Black
<a_178><b_165><c_4> :: ids=[1107] :: fam=3d_filament :: HATCHBOX PLA 3D Printer Filament, Dimensional Accuracy +/- 0.03 mm, 1 kg Spool, 1.75 mm, Glow in the Dark",,12.0,"<a_24><b_157><c_89> :: ids=[1847] :: fam=3d_filament :: HATCHBOX PLA 3D Printer Filament, Dimensional Accuracy +/- 0.03 mm, 1 kg Spool, 1.75 mm, White
<a_118><b_78><c_16> :: ids=[1851] :: fam=3d_filament :: HATCHBOX PLA 3D Printer Filament, Dimensional Accuracy +/- 0.03 mm, 1 kg Spool, 1.75 mm, Yellow
<a_60><b_195><c_233> :: ids=[3444] :: fam=3d_filament :: RepRap Champion Metal J-Head V6 Hot End for RepRap 3D Printer 1.75mm Filament Direct Feed Extruder 0.4mm Nozzle
<a_24><b_157><c_108> :: ids=[1849] :: fam=3d_filament :: HATCHBOX PLA 3D Printer Filament, Dimensional Accuracy +/- 0.03 mm, 1 kg Spool, 1.75 mm, Purple
<a_24><b_78><c_74> :: ids=[2507] :: fam=3d_filament :: HATCHBOX PLA 3D Printer Filament, Dimensional Accuracy +/- 0.03 mm, 1 kg Spool, 1.75 mm, Silver"
gain_vs_r680a,r680a,229,3d_filament,2909,"3D Solutech Silver Metal 3D Printer PLA Filament 1.75MM Filament, Dimensional Accuracy +/- 0.03 mm, 2.2 LBS (1.0KG) - PLA175TCMS",<a_178><b_14><c_6>,5.0,,hit_at_10,0,0,"<a_178><b_150><c_117> :: ids=[2544] :: fam=3d_filament :: SainSmart Clear Flexible TPU 3D Printing Filament, 1.75 mm, 0.8 kg, Dimensional Accuracy +/- 0.05 mm
<a_178><b_150><c_186> :: ids=[2714] :: fam=3d_filament :: NinjaFlex TPU 3D Printing Filament - 1.75mm .50kg - SAPPHIRE
<a_77><b_48><c_99> :: ids=[3613] :: fam=3d_filament :: iXCC Basic Series PLA 3D Printer Filament 1.75mm Diameter (Dimensional Accuracy +/- 0.05mm) - 1kg Spool (Approximately 2.2 lbs) [Red]
<a_178><b_143><c_111> :: ids=[3558] :: fam=3d_filament :: Professional Black 1.75mm PLA 3D Printer Filament, 1kg (2.2lb) Filament Weight, 0.05mm Tolerance, by ProMolt 3D
<a_178><b_14><c_6> :: ids=[2909, 3494] :: fam=3d_filament :: 3D Solutech Silver Metal 3D Printer PLA Filament 1.75MM Filament, Dimensional Accuracy +/- 0.03 mm, 2.2 LBS (1.0KG) - PLA175TCMS / 3D Solutech Real Yellow 3D Pr",,17.0,"<a_14><b_28><c_133> :: ids=[2721] :: fam=3d_filament :: 3D Solutech Navy Blue 3D Printer PLA Filament 1.75MM Filament, Dimensional Accuracy +/- 0.03 mm, 2.2 LBS (1.0KG)
<a_14><b_202><c_86> :: ids=[2979] :: fam=3d_filament :: Inland 1.75mm Gray PLA 3D Printer Filament - 1kg Spool (2.2 lbs)
<a_14><b_202><c_139> :: ids=[2932] :: fam=3d_filament :: Inland 1.75mm Blue PLA 3D Printer Filament - 1kg Spool (2.2 lbs)
<a_60><b_195><c_233> :: ids=[3444] :: fam=3d_filament :: RepRap Champion Metal J-Head V6 Hot End for RepRap 3D Printer 1.75mm Filament Direct Feed Extruder 0.4mm Nozzle
<a_67><b_247><c_199> :: ids=[162] :: fam=3d_filament :: USAFilament 9800429 ABS 3D Printing Filament, 2.2 lb, 1.75 mm, White Spool"
gain_vs_r680a,r680a,262,connector_fitting,1035,"Anderson Metals Brass Pipe Fitting, 90 Degree Barstock Street Elbow, 3/8"" Male Pipe x 3/8"" Female Pipe",<a_166><b_130><c_26>,7.0,,hit_at_10,1,3,"<a_40><b_5><c_186> :: ids=[2430] :: fam=connector_fitting :: Yueton 100pcs Red 22/18- Gauge Nylon Male Fully-Insulated Quick Disconnects Wiring Spade Wire Crimp Terminal
<a_40><b_5><c_52> :: ids=[2617] :: fam=connector_fitting :: Yueton&reg; 100pcs Yellow 12/10-Gauge Economy Nylon Male Fully-Insulated Quick Disconnects Wiring Spade Wire Crimp Terminal
<a_185><b_83><c_203> :: ids=[457] :: fam=other :: CRC 03400 16oz Truetap Cutting Fluid Heavy Duty Bottle
<a_109><b_114><c_135> :: ids=[176] :: fam=other :: URBEST 530 Pcs 2:1 Heat Shrink Tubing Tube Sleeving Wrap Cable Wire 5 Color 8 Size
<a_185><b_2><c_12> :: ids=[123] :: fam=other :: Red Devil 0325 Steel Wool, 2 Medium Course, 8 Pads",,,"<a_173><b_176><c_210> :: ids=[157] :: fam=connector_fitting :: Yueton 100pcs Female Fully Insulated Wire Crimp Terminal Nylon Quick Connectors Wiring Spade
<a_173><b_1><c_49> :: ids=[2617] :: fam=connector_fitting :: Yueton&reg; 100pcs Yellow 12/10-Gauge Economy Nylon Male Fully-Insulated Quick Disconnects Wiring Spade Wire Crimp Terminal
<a_99><b_231><c_44> :: ids=[399] :: fam=other :: Anytime Tools 48 pc HEAT SHRINK TUBING WRAP SLEEVES ASSORTED SIZES
<a_173><b_49><c_111> :: ids=[1454] :: fam=connector_fitting :: SOLOOP 100pcs Red Assorted Insulated Female&Male Bullet Butt Connector wire Crimp Terminals
<a_230><b_82><c_50> :: ids=[457] :: fam=other :: CRC 03400 16oz Truetap Cutting Fluid Heavy Duty Bottle"
gain_vs_r680a,r680a,296,connector_fitting,3209,Ancor Heat Shrink Ring Terminals,<a_115><b_171><c_0>,10.0,,hit_at_10,1,2,"<a_134><b_146><c_0> :: ids=[216, 217] :: fam=other :: Ancor Tinned Copper Lugs 8 AWG - 4/0 AWG / Ancor Tinned Copper Lugs 8 AWG - 4/0 AWG
<a_115><b_6><c_4> :: ids=[883] :: fam=adhesive_epoxy :: Ancor Marine Grade Electrical Heat Activated Adhesive Lined Shrink Tubing
<a_115><b_56><c_2> :: ids=[170] :: fam=other :: URBEST 328 Pcs Assorted Heat Shrink Tube 5 Colors 8 Sizes Tubing Wrap Sleeve Set Combo (328PCS)
<a_115><b_213><c_222> :: ids=[399] :: fam=other :: Anytime Tools 48 pc HEAT SHRINK TUBING WRAP SLEEVES ASSORTED SIZES
<a_63><b_33><c_100> :: ids=[368] :: fam=other :: Nilight GA0005 Holder TAP Adapter Mini ATM APM Blade Fuse Holder-10 Pack",,18.0,"<a_126><b_74><c_0> :: ids=[216, 217] :: fam=other :: Ancor Tinned Copper Lugs 8 AWG - 4/0 AWG / Ancor Tinned Copper Lugs 8 AWG - 4/0 AWG
<a_99><b_231><c_44> :: ids=[399] :: fam=other :: Anytime Tools 48 pc HEAT SHRINK TUBING WRAP SLEEVES ASSORTED SIZES
<a_205><b_136><c_4> :: ids=[950] :: fam=tape :: X-Treme Tape TPE-XZLCLR Silicone Rubber Self Fusing Tape, 1"" x 10', Triangular, Clear
<a_205><b_103><c_108> :: ids=[23] :: fam=tape :: Gardner Bender 07315001126 LTB-400 Liquid Electrical Tape, Easy-on, Waterproof, Indoor/Outdoor Use, 4 Oz. Jar, Black, Bottle
<a_1><b_178><c_242> :: ids=[1286] :: fam=other :: Accessbuy 180-Piece Rubber Grommet Shop Assortment"
gain_vs_r680a,r680a,321,gauge_meter,181,"AcuRite 00613 Humidity Monitor with Indoor Thermometer, Digital Hygrometer and Humidity Gauge Indicator",<a_190><b_103><c_0>,10.0,,hit_at_10,1,2,"<a_211><b_253><c_96> :: ids=[2164] :: fam=other :: Rubbermaid Commercial Maximizer Mop Head, Blend, Medium, Blue (1924783)
<a_40><b_18><c_9> :: ids=[521] :: fam=connector_fitting :: Gardner Bender 19-001 WireGard Screw-On Wire Connectors, 22-16 AWG, Electrical Wire Nut, 14 pk, Grey
<a_62><b_124><c_12> :: ids=[207] :: fam=other :: iRobot Roomba 880 Robot Vacuum
<a_117><b_238><c_11> :: ids=[269] :: fam=other :: Philips Sonicare HealthyWhite+ electric rechargeable toothbrush, HX8911
<a_190><b_18><c_54> :: ids=[1391] :: fam=other :: Seek Thermal Reveal Thermal Imaging Camera and LED Light, Blue",,13.0,"<a_185><b_188><c_129> :: ids=[521] :: fam=connector_fitting :: Gardner Bender 19-001 WireGard Screw-On Wire Connectors, 22-16 AWG, Electrical Wire Nut, 14 pk, Grey
<a_104><b_248><c_44> :: ids=[1336] :: fam=fastener :: STEREN Grip-Clip Single Coaxial Cable Mounting Fastener Clips, 100ct Black
<a_104><b_50><c_237> :: ids=[913] :: fam=other :: Housing Bracket for Big blue 10"" and 20"" filter housings
<a_41><b_187><c_210> :: ids=[2181] :: fam=ventilation_fan :: Rubbermaid Commercial Products 1955228 Microburst 3000 CST Dispenser with LumeCel Technology, Black
<a_143><b_17><c_111> :: ids=[1086] :: fam=other :: Gems Sensors A2012-S150 Solenoid Valve, 24 V, 60 Hz AC, 125 PSI"
gain_vs_r680a,r680a,376,3d_filament,1107,"HATCHBOX PLA 3D Printer Filament, Dimensional Accuracy +/- 0.03 mm, 1 kg Spool, 1.75 mm, Glow in the Dark",<a_178><b_165><c_4>,8.0,,hit_at_10,0,0,"<a_178><b_230><c_5> :: ids=[3016] :: fam=3d_filament :: HATCHBOX 3D Printer Filament, Dimensional Accuracy +/- 0.03mm, 1.75 mm, 1 kg Spool, Wood
<a_178><b_166><c_183> :: ids=[2477] :: fam=3d_filament :: BAMtack! 1.75mm Black PLA 3D Printer Filament - 1kg (2.2 lbs) - Dimensional Accuracy +/- 0.03mm
<a_178><b_165><c_148> :: ids=[2507] :: fam=3d_filament :: HATCHBOX PLA 3D Printer Filament, Dimensional Accuracy +/- 0.03 mm, 1 kg Spool, 1.75 mm, Silver
<a_178><b_143><c_111> :: ids=[3558] :: fam=3d_filament :: Professional Black 1.75mm PLA 3D Printer Filament, 1kg (2.2lb) Filament Weight, 0.05mm Tolerance, by ProMolt 3D
<a_178><b_150><c_117> :: ids=[2544] :: fam=3d_filament :: SainSmart Clear Flexible TPU 3D Printing Filament, 1.75 mm, 0.8 kg, Dimensional Accuracy +/- 0.05 mm",,13.0,"<a_37><b_2><c_79> :: ids=[2544] :: fam=3d_filament :: SainSmart Clear Flexible TPU 3D Printing Filament, 1.75 mm, 0.8 kg, Dimensional Accuracy +/- 0.05 mm
<a_60><b_195><c_233> :: ids=[3444] :: fam=3d_filament :: RepRap Champion Metal J-Head V6 Hot End for RepRap 3D Printer 1.75mm Filament Direct Feed Extruder 0.4mm Nozzle
<a_118><b_78><c_16> :: ids=[1851] :: fam=3d_filament :: HATCHBOX PLA 3D Printer Filament, Dimensional Accuracy +/- 0.03 mm, 1 kg Spool, 1.75 mm, Yellow
<a_24><b_78><c_74> :: ids=[2507] :: fam=3d_filament :: HATCHBOX PLA 3D Printer Filament, Dimensional Accuracy +/- 0.03 mm, 1 kg Spool, 1.75 mm, Silver
<a_67><b_247><c_199> :: ids=[162] :: fam=3d_filament :: USAFilament 9800429 ABS 3D Printing Filament, 2.2 lb, 1.75 mm, White Spool"
gain_vs_r680a,r680a,394,3d_filament,2472,"HATCHBOX ABS 3D Printer Filament, Dimensional Accuracy +/- 0.03 mm, 1 kg Spool, 1.75 mm, Black",<a_178><b_154><c_141>,4.0,,hit_at_10,0,0,"<a_178><b_252><c_162> :: ids=[1847] :: fam=3d_filament :: HATCHBOX PLA 3D Printer Filament, Dimensional Accuracy +/- 0.03 mm, 1 kg Spool, 1.75 mm, White
<a_178><b_154><c_135> :: ids=[1851] :: fam=3d_filament :: HATCHBOX PLA 3D Printer Filament, Dimensional Accuracy +/- 0.03 mm, 1 kg Spool, 1.75 mm, Yellow
<a_178><b_165><c_148> :: ids=[2507] :: fam=3d_filament :: HATCHBOX PLA 3D Printer Filament, Dimensional Accuracy +/- 0.03 mm, 1 kg Spool, 1.75 mm, Silver
<a_178><b_154><c_141> :: ids=[2472] :: fam=3d_filament :: HATCHBOX ABS 3D Printer Filament, Dimensional Accuracy +/- 0.03 mm, 1 kg Spool, 1.75 mm, Black
<a_178><b_165><c_53> :: ids=[50] :: fam=3d_filament :: HATCHBOX PLA 3D Printer Filament, Dimensional Accuracy +/- 0.03 mm, 1 kg Spool, 1.75 mm, Blue",,13.0,"<a_24><b_157><c_89> :: ids=[1847] :: fam=3d_filament :: HATCHBOX PLA 3D Printer Filament, Dimensional Accuracy +/- 0.03 mm, 1 kg Spool, 1.75 mm, White
<a_118><b_78><c_16> :: ids=[1851] :: fam=3d_filament :: HATCHBOX PLA 3D Printer Filament, Dimensional Accuracy +/- 0.03 mm, 1 kg Spool, 1.75 mm, Yellow
<a_24><b_78><c_138> :: ids=[50] :: fam=3d_filament :: HATCHBOX PLA 3D Printer Filament, Dimensional Accuracy +/- 0.03 mm, 1 kg Spool, 1.75 mm, Blue
<a_24><b_157><c_108> :: ids=[1849] :: fam=3d_filament :: HATCHBOX PLA 3D Printer Filament, Dimensional Accuracy +/- 0.03 mm, 1 kg Spool, 1.75 mm, Purple
<a_24><b_78><c_74> :: ids=[2507] :: fam=3d_filament :: HATCHBOX PLA 3D Printer Filament, Dimensional Accuracy +/- 0.03 mm, 1 kg Spool, 1.75 mm, Silver"
gain_vs_r680a,r680a,425,gauge_meter,181,"AcuRite 00613 Humidity Monitor with Indoor Thermometer, Digital Hygrometer and Humidity Gauge Indicator",<a_190><b_103><c_0>,5.0,,hit_at_10,1,3,"<a_214><b_30><c_36> :: ids=[2172] :: fam=other :: Star brite Outdoor Furniture Cleaner (51932) All-Surface Cleaner Spray - 32 oz
<a_117><b_238><c_11> :: ids=[269] :: fam=other :: Philips Sonicare HealthyWhite+ electric rechargeable toothbrush, HX8911
<a_62><b_124><c_12> :: ids=[207] :: fam=other :: iRobot Roomba 880 Robot Vacuum
<a_117><b_35><c_3> :: ids=[946] :: fam=other :: Crest Cavity Protection Toothpaste, 6.4 Ounce (Pack of 6)
<a_190><b_103><c_0> :: ids=[181, 182] :: fam=gauge_meter :: AcuRite 00613 Humidity Monitor with Indoor Thermometer, Digital Hygrometer and Humidity Gauge Indicator / AcuRite 00613 Humidity Monitor with Indoor Thermometer",,36.0,"<a_244><b_2><c_174> :: ids=[2172] :: fam=other :: Star brite Outdoor Furniture Cleaner (51932) All-Surface Cleaner Spray - 32 oz
<a_244><b_115><c_2> :: ids=[3605] :: fam=other :: Professional Lysol Disinfectant Spray, Original Scent, 228oz (12X19oz)
<a_157><b_55><c_52> :: ids=[2153] :: fam=other :: Caulk Gun, ProTouch 0574 A Better caulking System for homeowners. Includes 2 oz. Tube of White siliconized Acrylic Caulk, White_Silicone
<a_244><b_115><c_5> :: ids=[3606] :: fam=other :: Professional Lysol Disinfectant Spray, Crystal Waters, 150oz (12X12.5oz)
<a_41><b_187><c_210> :: ids=[2181] :: fam=ventilation_fan :: Rubbermaid Commercial Products 1955228 Microburst 3000 CST Dispenser with LumeCel Technology, Black"
gain_vs_r680a,r680a,526,metadata_placeholder,54,"Industrial & Scientific"" />",<a_129><b_68><c_172>,8.0,,hit_at_10,1,1,"<a_92><b_110><c_254> :: ids=[1042] :: fam=other :: uxcell Mandrel Mounted White Conical Felt Point Polishing Tool
<a_185><b_2><c_12> :: ids=[123] :: fam=other :: Red Devil 0325 Steel Wool, 2 Medium Course, 8 Pads
<a_92><b_200><c_192> :: ids=[341] :: fam=other :: Neiko 11108A 4.5&rdquo; x 7/8-Inch Aluminum Oxide Flap Disc, 80 Grit | Flat Type #27 | 10-Pack
<a_185><b_254><c_5> :: ids=[1546] :: fam=other :: BreakFree CLP-PS Precision Shooter
<a_154><b_254><c_212> :: ids=[98] :: fam=metadata_placeholder :: Industrial & Scientific"" />",,,"<a_179><b_214><c_222> :: ids=[1042] :: fam=other :: uxcell Mandrel Mounted White Conical Felt Point Polishing Tool
<a_2><b_254><c_186> :: ids=[384] :: fam=fastener :: Skin Staple Remover Kit
<a_87><b_48><c_224> :: ids=[114] :: fam=adhesive_epoxy :: Super Glue 15187 Super Glue, 12-Pack
<a_96><b_131><c_0> :: ids=[181, 182] :: fam=gauge_meter :: AcuRite 00613 Humidity Monitor with Indoor Thermometer, Digital Hygrometer and Humidity Gauge Indicator / AcuRite 00613 Humidity Monitor with Indoor Thermometer
<a_42><b_201><c_67> :: ids=[148] :: fam=other :: Plastic Transfer Pipettes 3ml, Graduated, Pack of 100"
gain_vs_r680a,r680a,566,ventilation_fan,218,Phresh Duct Silencer 8 in x 24 in,<a_35><b_170><c_107>,10.0,,hit_at_10,1,1,"<a_190><b_103><c_0> :: ids=[181, 182] :: fam=gauge_meter :: AcuRite 00613 Humidity Monitor with Indoor Thermometer, Digital Hygrometer and Humidity Gauge Indicator / AcuRite 00613 Humidity Monitor with Indoor Thermometer
<a_190><b_185><c_201> :: ids=[159] :: fam=gauge_meter :: Etekcity Lasergrip 774 Non-contact Digital Laser Infrared Thermometer Temperature Gun -58~ 716 (-50 ~ 380), Yellow and Black
<a_197><b_173><c_161> :: ids=[84] :: fam=gauge_meter :: Neiko 01409A Electronic Digital Caliper with Extra Large LCD Screen | 0 - 12 Inches | Inch/Fractions/Millimeter Conversion
<a_209><b_33><c_25> :: ids=[577] :: fam=other :: Neiko 50458A Snap Ring Shop Assortment, 300 Count | 18 Sizes (1/8"" - 1-1/4"") | Hardened Steel
<a_77><b_45><c_0> :: ids=[139, 774] :: fam=other :: DuPont Teflon Non-Stick / DuPont Teflon Non-Stick",,31.0,"<a_96><b_131><c_0> :: ids=[181, 182] :: fam=gauge_meter :: AcuRite 00613 Humidity Monitor with Indoor Thermometer, Digital Hygrometer and Humidity Gauge Indicator / AcuRite 00613 Humidity Monitor with Indoor Thermometer
<a_89><b_54><c_66> :: ids=[659] :: fam=other :: Stanley MR100CG Contractor Grade Riveter
<a_106><b_155><c_82> :: ids=[152] :: fam=connector_fitting :: Camco 4ft TastePURE Drinking Water Hose - Lead and BPA Free, Reinforced for Maximum Kink Resistance,  1/2""Inner Diameter (22763)
<a_17><b_147><c_252> :: ids=[225] :: fam=connector_fitting :: Anderson Metals Brass Hose Fitting, Connector, 5/16"" Barb x 3/8"" Male Pipe
<a_112><b_43><c_151> :: ids=[813] :: fam=test_strip :: Industrial Test Systems WaterWorks 481108 Total Hardness Test Strip, 3 Second Test Time, 0-1000ppm Range (Pack of 30)"
gain_vs_r680a,r680a,618,3d_filament,2912,Inland 1.75mm Black PLA 3D Printer Filament - 1kg Spool (2.2 lbs),<a_220><b_114><c_173>,9.0,,hit_at_10,1,1,"<a_220><b_114><c_145> :: ids=[2932] :: fam=3d_filament :: Inland 1.75mm Blue PLA 3D Printer Filament - 1kg Spool (2.2 lbs)
<a_220><b_114><c_53> :: ids=[2734] :: fam=3d_filament :: Inland 1.75mm White PLA 3D Printer Filament - 1kg Spool (2.2 lbs)
<a_220><b_114><c_156> :: ids=[2934] :: fam=3d_filament :: Inland 1.75mm Yellow PLA 3D Printer Filament - 1kg Spool (2.2 lbs)
<a_220><b_114><c_221> :: ids=[2485] :: fam=3d_filament :: Inland 1.75mm Gold PLA 3D Printer Filament - 1kg Spool (2.2 lbs)
<a_220><b_114><c_224> :: ids=[2979] :: fam=3d_filament :: Inland 1.75mm Gray PLA 3D Printer Filament - 1kg Spool (2.2 lbs)",,18.0,"<a_60><b_195><c_233> :: ids=[3444] :: fam=3d_filament :: RepRap Champion Metal J-Head V6 Hot End for RepRap 3D Printer 1.75mm Filament Direct Feed Extruder 0.4mm Nozzle
<a_14><b_202><c_2> :: ids=[2485] :: fam=3d_filament :: Inland 1.75mm Gold PLA 3D Printer Filament - 1kg Spool (2.2 lbs)
<a_14><b_202><c_139> :: ids=[2932] :: fam=3d_filament :: Inland 1.75mm Blue PLA 3D Printer Filament - 1kg Spool (2.2 lbs)
<a_14><b_202><c_60> :: ids=[2718] :: fam=3d_filament :: Inland 1.75mm Pink PLA 3D Printer Filament - 1kg Spool (2.2 lbs)
<a_14><b_202><c_86> :: ids=[2979] :: fam=3d_filament :: Inland 1.75mm Gray PLA 3D Printer Filament - 1kg Spool (2.2 lbs)"
gain_vs_r680a,r680a,650,tape,125,"Gorilla 6100101 Tape Handy Roll, 1-Pack, Black",<a_31><b_208><c_41>,2.0,,hit_at_10,1,2,"<a_171><b_122><c_89> :: ids=[2492] :: fam=other :: Sunlite Bicycle Loose Ball Bearings 1/4"" Bag Of 144
<a_31><b_208><c_41> :: ids=[125] :: fam=tape :: Gorilla 6100101 Tape Handy Roll, 1-Pack, Black
<a_171><b_161><c_0> :: ids=[7, 8] :: fam=other :: UltraSource 192033 Hamburger Patty Paper, 5.5"" x 5.5"" (Pack of 1000) / UltraSource 192033 Hamburger Patty Paper, 5.5"" x 5.5"" (Pack of 1000)
<a_31><b_208><c_1> :: ids=[991] :: fam=tape :: Pro Gaffer Gaffers Tape, 2 in x 55 yd, Black
<a_190><b_103><c_0> :: ids=[181, 182] :: fam=gauge_meter :: AcuRite 00613 Humidity Monitor with Indoor Thermometer, Digital Hygrometer and Humidity Gauge Indicator / AcuRite 00613 Humidity Monitor with Indoor Thermometer",,19.0,"<a_205><b_11><c_253> :: ids=[2531] :: fam=tape :: TapeCase Silver Aluminum Foil Tape with Conductive Acrylic Adhesive, Converted from 3M 1120, 36 yd Length, 0.313"" Width, Roll
<a_96><b_131><c_0> :: ids=[181, 182] :: fam=gauge_meter :: AcuRite 00613 Humidity Monitor with Indoor Thermometer, Digital Hygrometer and Humidity Gauge Indicator / AcuRite 00613 Humidity Monitor with Indoor Thermometer
<a_254><b_179><c_219> :: ids=[119] :: fam=other :: Rubbermaid Commercial BRUTE Heavy-Duty Round Waste/Utility Container with Venting Channels, 20-gallon, Gray (FG262000GRAY)
<a_145><b_95><c_191> :: ids=[392] :: fam=other :: SummitLink Pack of 328 Pcs Assorted Heat Shrink Tube 5 Colors 8 Sizes Tubing Wrap Sleeve Set Combo
<a_87><b_48><c_224> :: ids=[114] :: fam=adhesive_epoxy :: Super Glue 15187 Super Glue, 12-Pack"
gain_vs_r680a,r680a,661,other,406,"Hillman 830502 Flat Washer, Stainless-Steel",<a_68><b_231><c_185>,4.0,,hit_at_10,1,2,"<a_235><b_239><c_31> :: ids=[506] :: fam=fastener :: Stainless 1/4-20 Hex Nuts, USS Coarse Thread, 304 Stainless Steel, 100 pieces (1/4 Hex Nuts)
<a_68><b_5><c_24> :: ids=[37] :: fam=other :: The Hillman Group 591521 Small Flat and Lock Washer Assortment, 270-Pack
<a_68><b_85><c_138> :: ids=[3229] :: fam=other :: 100 qty 1/4"" Stainless Steel Flat Washers (18-8 Stainless)
<a_68><b_231><c_185> :: ids=[406] :: fam=other :: Hillman 830502 Flat Washer, Stainless-Steel
<a_68><b_85><c_58> :: ids=[841] :: fam=other :: Stainlesstown K18FWC Stainless Steel Flat Washer Assortment Kit",,49.0,"<a_168><b_58><c_68> :: ids=[507] :: fam=other :: Stainless Flat Washers 1/4 Inch, 304 Stainless Steel, 100 pieces (1/4 Flat Washer) by ""Chenango Supply Co., Inc.
<a_168><b_102><c_161> :: ids=[401] :: fam=fastener :: Crown Bolt 30092 3/4 Inch Zinc-Plated SAE Flat Washers, 25-Count
<a_1><b_178><c_242> :: ids=[1286] :: fam=other :: Accessbuy 180-Piece Rubber Grommet Shop Assortment
<a_89><b_54><c_66> :: ids=[659] :: fam=other :: Stanley MR100CG Contractor Grade Riveter
<a_44><b_49><c_26> :: ids=[1195] :: fam=other :: FactorDuty 4 Pack Caster Wheels Swivel Plate On Red Polyurethane Wheels with HD Hardware Kit (2"" No Brake)"
gain_vs_r680a,r680a,825,3d_filament,2909,"3D Solutech Silver Metal 3D Printer PLA Filament 1.75MM Filament, Dimensional Accuracy +/- 0.03 mm, 2.2 LBS (1.0KG) - PLA175TCMS",<a_178><b_14><c_6>,8.0,,hit_at_10,1,2,"<a_73><b_218><c_123> :: ids=[1922] :: fam=other :: 5 Inch 1500 Grit High Performance Hook and Loop Wet / Dry Film Sanding Discs, 10 Pack
<a_197><b_173><c_161> :: ids=[84] :: fam=gauge_meter :: Neiko 01409A Electronic Digital Caliper with Extra Large LCD Screen | 0 - 12 Inches | Inch/Fractions/Millimeter Conversion
<a_193><b_130><c_174> :: ids=[926] :: fam=other :: Dap 00272 Original Contact Cement Qt Raw Building Material, Tan
<a_130><b_181><c_74> :: ids=[665] :: fam=other :: 608 ZZ Skateboard Bearings, Double Shielded, Silver (Pack of 8)
<a_235><b_8><c_1> :: ids=[3] :: fam=fastener :: Kreg SML-C125-500 1-1/4-Inch #8 Coarse Pocket Hole Screws with Washer-Head, 500-Pack",,27.0,"<a_107><b_3><c_159> :: ids=[1205] :: fam=other :: PEI (Polyetherimide) Sheet, Opaque Off-White, Standard Tolerance, ASTM D5205 PEI0113, 0.03"" Thickness, 12"" Width, 24"" Length
<a_118><b_78><c_16> :: ids=[1851] :: fam=3d_filament :: HATCHBOX PLA 3D Printer Filament, Dimensional Accuracy +/- 0.03 mm, 1 kg Spool, 1.75 mm, Yellow
<a_101><b_116><c_240> :: ids=[68] :: fam=other :: MLCS 9080 Billy Pedal Foot Switch, Deadman Style
<a_233><b_4><c_178> :: ids=[3646] :: fam=3d_filament :: HATCHBOX 4 Spool 3D Printer Filament Tabletop Wall Mount Rack
<a_103><b_51><c_185> :: ids=[1922] :: fam=other :: 5 Inch 1500 Grit High Performance Hook and Loop Wet / Dry Film Sanding Discs, 10 Pack"
gain_vs_r680a,r680a,864,other,176,URBEST 530 Pcs 2:1 Heat Shrink Tubing Tube Sleeving Wrap Cable Wire 5 Color 8 Size,<a_109><b_114><c_135>,9.0,,hit_at_10,1,2,"<a_190><b_103><c_0> :: ids=[181, 182] :: fam=gauge_meter :: AcuRite 00613 Humidity Monitor with Indoor Thermometer, Digital Hygrometer and Humidity Gauge Indicator / AcuRite 00613 Humidity Monitor with Indoor Thermometer
<a_190><b_185><c_201> :: ids=[159] :: fam=gauge_meter :: Etekcity Lasergrip 774 Non-contact Digital Laser Infrared Thermometer Temperature Gun -58~ 716 (-50 ~ 380), Yellow and Black
<a_35><b_170><c_107> :: ids=[218] :: fam=ventilation_fan :: Phresh Duct Silencer 8 in x 24 in
<a_193><b_49><c_201> :: ids=[1957] :: fam=adhesive_epoxy :: Devcon Epoxy Bathtub Repair Kit (Almond & White)
<a_35><b_85><c_71> :: ids=[2938] :: fam=ventilation_fan :: VenTech VT DUCT-6 VTD625 Aluminum Duct for Ventilation Ducting, 6''",,34.0,"<a_96><b_131><c_0> :: ids=[181, 182] :: fam=gauge_meter :: AcuRite 00613 Humidity Monitor with Indoor Thermometer, Digital Hygrometer and Humidity Gauge Indicator / AcuRite 00613 Humidity Monitor with Indoor Thermometer
<a_19><b_20><c_93> :: ids=[57] :: fam=adhesive_epoxy :: Gorilla 2 Part Epoxy, 5 Minute Set, .85 ounce Syringe, Clear
<a_165><b_166><c_246> :: ids=[2348] :: fam=other :: Ludell 50040 Heavy Duty Slate Bar Enamel Finish, 14lb, 60"" Length
<a_106><b_155><c_82> :: ids=[152] :: fam=connector_fitting :: Camco 4ft TastePURE Drinking Water Hose - Lead and BPA Free, Reinforced for Maximum Kink Resistance,  1/2""Inner Diameter (22763)
<a_145><b_95><c_191> :: ids=[392] :: fam=other :: SummitLink Pack of 328 Pcs Assorted Heat Shrink Tube 5 Colors 8 Sizes Tubing Wrap Sleeve Set Combo"
gain_vs_r680a,r680a,960,other,513,"Kimberly-Clark Professional Kimtech Science KimWipes Delicate Task Wipers, 4.4 x 8.4 in. 1-ply",<a_211><b_154><c_68>,10.0,,hit_at_10,1,1,"<a_153><b_27><c_240> :: ids=[560] :: fam=test_strip :: Litmus pH Test Strips, Universal Application (pH 1-14), 2 Packs of 100 Strips
<a_81><b_167><c_6> :: ids=[148] :: fam=other :: Plastic Transfer Pipettes 3ml, Graduated, Pack of 100
<a_148><b_99><c_29> :: ids=[1956] :: fam=other :: Karter Scientific Glass Flask 5 Piece Set, Narrow Mouth Erlenmeyer, Borosilicate 3.3 Glass - 50ml, 150ml, 250ml, 500ml, 1L, 213B2
<a_81><b_169><c_254> :: ids=[232] :: fam=other :: Karter Scientific 213A2 Borosilicate Glass Low Form Glass Beaker, 50/100/250/500/1000 mL (Pack of 5)
<a_81><b_251><c_126> :: ids=[2254] :: fam=other :: Glass Erlenmeyer Flask Set - 3 Sizes - 50, 150 and 250ml, Karter Scientific 214U2",,,"<a_21><b_81><c_50> :: ids=[3117] :: fam=other :: Karter Scientific 208U2 Plastic Test Tube Rack for 15/17 mm Tubes, Holds 50, Detachable
<a_42><b_201><c_67> :: ids=[148] :: fam=other :: Plastic Transfer Pipettes 3ml, Graduated, Pack of 100
<a_149><b_163><c_38> :: ids=[3158] :: fam=other :: 10ml Graduated Cylinder, Borosilicate 3.3 Glass, Single Metric Scale, Karter Scientific 213I10 (Single)
<a_149><b_180><c_22> :: ids=[232] :: fam=other :: Karter Scientific 213A2 Borosilicate Glass Low Form Glass Beaker, 50/100/250/500/1000 mL (Pack of 5)
<a_114><b_196><c_81> :: ids=[2410] :: fam=other :: Heathrow Scientific HD15909 Spatula with Flat End and Spoon End, 9"" Overall Length"
gain_vs_r680a,r680a,984,other,1820,Uxcell a14041800ux1143 25Pcs Double Sided Protoboard Prototyping Pcb Board 4cm x 6cm,<a_126><b_162><c_235>,4.0,,hit_at_10,1,1,"<a_193><b_46><c_91> :: ids=[563] :: fam=3d_filament :: Foreasy 3D Printer Tool 3D Print Removal Tool Enhanced Version Set of 2
<a_126><b_141><c_197> :: ids=[2631] :: fam=other :: Addicore 1 Pack ATmega328P-PU DIP-28 Chip with Arduino Uno Bootloader and Addicore Pinout Sticker
<a_134><b_254><c_47> :: ids=[145] :: fam=other :: Marrywindix 6pcs ESD Precision Anti-Static Tweezers, Tweezers Stainless Steel Tweezers with a Bag for Electronics Jewelry-Making Repairing
<a_126><b_162><c_235> :: ids=[1820] :: fam=other :: Uxcell a14041800ux1143 25Pcs Double Sided Protoboard Prototyping Pcb Board 4cm x 6cm
<a_109><b_17><c_3> :: ids=[1205] :: fam=other :: PEI (Polyetherimide) Sheet, Opaque Off-White, Standard Tolerance, ASTM D5205 PEI0113, 0.03"" Thickness, 12"" Width, 24"" Length",,,"<a_228><b_45><c_0> :: ids=[635] :: fam=other :: Texas Instruments NE555N NE555 NE555P General Purpose Single Bipolar Timer DIP8 50 Pack
<a_60><b_195><c_233> :: ids=[3444] :: fam=3d_filament :: RepRap Champion Metal J-Head V6 Hot End for RepRap 3D Printer 1.75mm Filament Direct Feed Extruder 0.4mm Nozzle
<a_145><b_95><c_191> :: ids=[392] :: fam=other :: SummitLink Pack of 328 Pcs Assorted Heat Shrink Tube 5 Colors 8 Sizes Tubing Wrap Sleeve Set Combo
<a_118><b_78><c_16> :: ids=[1851] :: fam=3d_filament :: HATCHBOX PLA 3D Printer Filament, Dimensional Accuracy +/- 0.03 mm, 1 kg Spool, 1.75 mm, Yellow
<a_163><b_103><c_210> :: ids=[734] :: fam=other :: microtivity IL188 5mm Assorted Clear LED w/Resistors (8 Colors, Pack of 80)"
gain_vs_r680a,r680a,1046,3d_filament,3526,"Gizmo Dorks 3mm (2.85mm) ABS Filament 1kg / 2.2lb for 3D Printers, Green",<a_178><b_45><c_173>,6.0,,hit_at_10,1,1,"<a_193><b_228><c_165> :: ids=[2475] :: fam=other :: Gizmo Dorks 3D Print Removal Tool, 5-inch Blade
<a_178><b_45><c_132> :: ids=[1791] :: fam=3d_filament :: Gizmo Dorks 1.75mm PLA Filament 1kg / 2.2lb for 3D Printers, Translucent Green
<a_178><b_150><c_117> :: ids=[2544] :: fam=3d_filament :: SainSmart Clear Flexible TPU 3D Printing Filament, 1.75 mm, 0.8 kg, Dimensional Accuracy +/- 0.05 mm
<a_178><b_143><c_111> :: ids=[3558] :: fam=3d_filament :: Professional Black 1.75mm PLA 3D Printer Filament, 1kg (2.2lb) Filament Weight, 0.05mm Tolerance, by ProMolt 3D
<a_82><b_180><c_246> :: ids=[3154] :: fam=3d_filament :: TwoUp 3D Printer Kit 7"" x 7"" x 5"" Build Dimensions 50 Micron 1.75mm PLA Filament",,40.0,"<a_15><b_163><c_133> :: ids=[1791] :: fam=3d_filament :: Gizmo Dorks 1.75mm PLA Filament 1kg / 2.2lb for 3D Printers, Translucent Green
<a_15><b_163><c_60> :: ids=[3462] :: fam=3d_filament :: Gizmo Dorks 3mm (2.85mm) ABS Filament 1kg / 2.2lb for 3D Printers, White
<a_60><b_195><c_233> :: ids=[3444] :: fam=3d_filament :: RepRap Champion Metal J-Head V6 Hot End for RepRap 3D Printer 1.75mm Filament Direct Feed Extruder 0.4mm Nozzle
<a_15><b_163><c_20> :: ids=[1790] :: fam=3d_filament :: Gizmo Dorks 1.75mm PLA Filament 1kg / 2.2lb for 3D Printers, Black
<a_15><b_163><c_41> :: ids=[3498] :: fam=3d_filament :: Gizmo Dorks 1.75mm PLA Filament 1kg / 2.2lb for 3D Printers, Translucent Pink"
gain_vs_r680a,r680a,1100,gauge_meter,84,Neiko 01409A Electronic Digital Caliper with Extra Large LCD Screen | 0 - 12 Inches | Inch/Fractions/Millimeter Conversion,<a_197><b_173><c_161>,6.0,,hit_at_10,1,1,"<a_171><b_41><c_133> :: ids=[39] :: fam=other :: Augbunny 100% Cotton 5- by 7-Inch Muslin Bags with Drawstring, 12-Pack
<a_171><b_161><c_0> :: ids=[7, 8] :: fam=other :: UltraSource 192033 Hamburger Patty Paper, 5.5"" x 5.5"" (Pack of 1000) / UltraSource 192033 Hamburger Patty Paper, 5.5"" x 5.5"" (Pack of 1000)
<a_190><b_64><c_29> :: ids=[819] :: fam=3d_filament :: Inkbird ITC-1000 Dual Stage Digital Temperature Controller Fahrenheit  Celsius Thermostat with Sensor for 3D Printer,Freezer,Fridge,Hatching ect (12 Volt)
<a_190><b_103><c_0> :: ids=[181, 182] :: fam=gauge_meter :: AcuRite 00613 Humidity Monitor with Indoor Thermometer, Digital Hygrometer and Humidity Gauge Indicator / AcuRite 00613 Humidity Monitor with Indoor Thermometer
<a_190><b_185><c_201> :: ids=[159] :: fam=gauge_meter :: Etekcity Lasergrip 774 Non-contact Digital Laser Infrared Thermometer Temperature Gun -58~ 716 (-50 ~ 380), Yellow and Black",,,"<a_83><b_159><c_255> :: ids=[39] :: fam=other :: Augbunny 100% Cotton 5- by 7-Inch Muslin Bags with Drawstring, 12-Pack
<a_227><b_159><c_229> :: ids=[461] :: fam=ventilation_fan :: Hy-Ko Products TSR-100 Posted Private Property Tyvek Sign Roll 11"" x 11"" Yellow, 100 Pieces
<a_143><b_17><c_111> :: ids=[1086] :: fam=other :: Gems Sensors A2012-S150 Solenoid Valve, 24 V, 60 Hz AC, 125 PSI
<a_247><b_49><c_1> :: ids=[283] :: fam=other :: Nitrile Exam Glove (non-latex) PF Medium Blue 100/BX
<a_96><b_131><c_0> :: ids=[181, 182] :: fam=gauge_meter :: AcuRite 00613 Humidity Monitor with Indoor Thermometer, Digital Hygrometer and Humidity Gauge Indicator / AcuRite 00613 Humidity Monitor with Indoor Thermometer"
gain_vs_r680a,r680a,1103,gauge_meter,159,"Etekcity Lasergrip 774 Non-contact Digital Laser Infrared Thermometer Temperature Gun -58~ 716 (-50 ~ 380), Yellow and Black",<a_190><b_185><c_201>,2.0,,hit_at_10,1,1,"<a_190><b_103><c_0> :: ids=[181, 182] :: fam=gauge_meter :: AcuRite 00613 Humidity Monitor with Indoor Thermometer, Digital Hygrometer and Humidity Gauge Indicator / AcuRite 00613 Humidity Monitor with Indoor Thermometer
<a_190><b_185><c_201> :: ids=[159] :: fam=gauge_meter :: Etekcity Lasergrip 774 Non-contact Digital Laser Infrared Thermometer Temperature Gun -58~ 716 (-50 ~ 380), Yellow and Black
<a_35><b_170><c_107> :: ids=[218] :: fam=ventilation_fan :: Phresh Duct Silencer 8 in x 24 in
<a_190><b_64><c_29> :: ids=[819] :: fam=3d_filament :: Inkbird ITC-1000 Dual Stage Digital Temperature Controller Fahrenheit  Celsius Thermostat with Sensor for 3D Printer,Freezer,Fridge,Hatching ect (12 Volt)
<a_190><b_185><c_237> :: ids=[769] :: fam=gauge_meter :: Nubee Temperature Gun Non-contact Digital Laser Infrared IR Thermometer",,,"<a_96><b_131><c_0> :: ids=[181, 182] :: fam=gauge_meter :: AcuRite 00613 Humidity Monitor with Indoor Thermometer, Digital Hygrometer and Humidity Gauge Indicator / AcuRite 00613 Humidity Monitor with Indoor Thermometer
<a_21><b_140><c_164> :: ids=[2067] :: fam=3d_filament :: Eisco Labs Wood Test Tube Rack, 12 Tube Capacity, 7/8"" (22mm) Holes
<a_21><b_99><c_7> :: ids=[2324] :: fam=other :: SEOH 10 Pack Glass Test Tubes 4-inch 13x100mm with Caps
<a_21><b_81><c_50> :: ids=[3117] :: fam=other :: Karter Scientific 208U2 Plastic Test Tube Rack for 15/17 mm Tubes, Holds 50, Detachable
<a_21><b_32><c_25> :: ids=[2323] :: fam=other :: 10 Pack - 20x150mm Pyrex Glass Test Tubes with Rubber Stoppers New"
gain_vs_r680a,r680a,1109,3d_filament,3453,"3D Solutech Real Gold 3D Printer PLA Filament 1.75MM Filament, Dimensional Accuracy +/- 0.03 mm, 2.2 LBS (1.0KG)",<a_178><b_14><c_253>,7.0,,hit_at_10,1,4,"<a_178><b_14><c_6> :: ids=[2909, 3494] :: fam=3d_filament :: 3D Solutech Silver Metal 3D Printer PLA Filament 1.75MM Filament, Dimensional Accuracy +/- 0.03 mm, 2.2 LBS (1.0KG) - PLA175TCMS / 3D Solutech Real Yellow 3D Pr
<a_178><b_14><c_94> :: ids=[3112] :: fam=3d_filament :: 3D Solutech Real Black 3D Printer PLA Filament 1.75MM Filament, Dimensional Accuracy +/- 0.03 mm, 2.2 LBS (1.0KG) - PLA175RBLK
<a_178><b_14><c_135> :: ids=[2993] :: fam=3d_filament :: 3D Solutech Blue 3D Printer Ultra PLA Filament 1.75MM Filament, Dimensional Accuracy +/- 0.03 mm, 2.2 LBS (1.0KG)
<a_178><b_14><c_107> :: ids=[2161] :: fam=3d_filament :: 3D Solutech Natural Clear 1.75mm 3D Printer PLA Filament, Dimensional Accuracy +/- 0.03 mm, 2.2 LBS (1.0KG)
<a_178><b_14><c_75> :: ids=[2697] :: fam=3d_filament :: 3D Solutech Real White 3D Printer PLA Filament 1.75MM Filament, Dimensional Accuracy +/- 0.03 mm, 2.2 LBS (1.0KG)",,33.0,"<a_24><b_149><c_2> :: ids=[3112] :: fam=3d_filament :: 3D Solutech Real Black 3D Printer PLA Filament 1.75MM Filament, Dimensional Accuracy +/- 0.03 mm, 2.2 LBS (1.0KG) - PLA175RBLK
<a_24><b_149><c_24> :: ids=[2909] :: fam=3d_filament :: 3D Solutech Silver Metal 3D Printer PLA Filament 1.75MM Filament, Dimensional Accuracy +/- 0.03 mm, 2.2 LBS (1.0KG) - PLA175TCMS
<a_24><b_57><c_57> :: ids=[3557] :: fam=3d_filament :: 3D Solutech Chocolate Brown 3D Printer PLA Filament 1.75MM Filament 2.2 LBS (1.0KG)
<a_24><b_57><c_193> :: ids=[3547] :: fam=3d_filament :: 3D Solutech See Through Blue 1.75mm PETG 3D Printer Filament 2.2 LBS (1.0KG)
<a_24><b_57><c_89> :: ids=[3466] :: fam=3d_filament :: 3D Solutech Real Red 3D Printer PLA Filament 1.75MM, Dimensional Accuracy +/- 0.03 mm, 2.2 LBS (1.0KG) - RA-I00I-DQUY"
gain_vs_r680a,r680a,1115,gauge_meter,181,"AcuRite 00613 Humidity Monitor with Indoor Thermometer, Digital Hygrometer and Humidity Gauge Indicator",<a_190><b_103><c_0>,6.0,,hit_at_10,1,2,"<a_77><b_45><c_0> :: ids=[139, 774] :: fam=other :: DuPont Teflon Non-Stick / DuPont Teflon Non-Stick
<a_168><b_85><c_176> :: ids=[140] :: fam=other :: DuPont Teflon Silicone Lubricant
<a_109><b_114><c_135> :: ids=[176] :: fam=other :: URBEST 530 Pcs 2:1 Heat Shrink Tubing Tube Sleeving Wrap Cable Wire 5 Color 8 Size
<a_109><b_35><c_254> :: ids=[568] :: fam=tape :: Strenco 1"" Self Adhesive Black Hook and Loop 5 yards Sticky Back Tape Fastener 15 feet - Light Weight
<a_40><b_18><c_9> :: ids=[521] :: fam=connector_fitting :: Gardner Bender 19-001 WireGard Screw-On Wire Connectors, 22-16 AWG, Electrical Wire Nut, 14 pk, Grey",,,"<a_178><b_206><c_193> :: ids=[140] :: fam=other :: DuPont Teflon Silicone Lubricant
<a_107><b_171><c_0> :: ids=[139, 774] :: fam=other :: DuPont Teflon Non-Stick / DuPont Teflon Non-Stick
<a_178><b_162><c_175> :: ids=[1498] :: fam=other :: Bag-N-Seal Impulse - Cellophane Bag Sealer with Extra Heating Element & Teflon Sheet, 300mm
<a_104><b_248><c_44> :: ids=[1336] :: fam=fastener :: STEREN Grip-Clip Single Coaxial Cable Mounting Fastener Clips, 100ct Black
<a_205><b_103><c_108> :: ids=[23] :: fam=tape :: Gardner Bender 07315001126 LTB-400 Liquid Electrical Tape, Easy-on, Waterproof, Indoor/Outdoor Use, 4 Oz. Jar, Black, Bottle"
gain_vs_r680a,r680a,1170,3d_filament,3453,"3D Solutech Real Gold 3D Printer PLA Filament 1.75MM Filament, Dimensional Accuracy +/- 0.03 mm, 2.2 LBS (1.0KG)",<a_178><b_14><c_253>,6.0,,hit_at_10,1,1,"<a_178><b_14><c_6> :: ids=[2909, 3494] :: fam=3d_filament :: 3D Solutech Silver Metal 3D Printer PLA Filament 1.75MM Filament, Dimensional Accuracy +/- 0.03 mm, 2.2 LBS (1.0KG) - PLA175TCMS / 3D Solutech Real Yellow 3D Pr
<a_178><b_14><c_94> :: ids=[3112] :: fam=3d_filament :: 3D Solutech Real Black 3D Printer PLA Filament 1.75MM Filament, Dimensional Accuracy +/- 0.03 mm, 2.2 LBS (1.0KG) - PLA175RBLK
<a_178><b_14><c_107> :: ids=[2161] :: fam=3d_filament :: 3D Solutech Natural Clear 1.75mm 3D Printer PLA Filament, Dimensional Accuracy +/- 0.03 mm, 2.2 LBS (1.0KG)
<a_178><b_14><c_75> :: ids=[2697] :: fam=3d_filament :: 3D Solutech Real White 3D Printer PLA Filament 1.75MM Filament, Dimensional Accuracy +/- 0.03 mm, 2.2 LBS (1.0KG)
<a_178><b_14><c_135> :: ids=[2993] :: fam=3d_filament :: 3D Solutech Blue 3D Printer Ultra PLA Filament 1.75MM Filament, Dimensional Accuracy +/- 0.03 mm, 2.2 LBS (1.0KG)",,21.0,"<a_24><b_149><c_2> :: ids=[3112] :: fam=3d_filament :: 3D Solutech Real Black 3D Printer PLA Filament 1.75MM Filament, Dimensional Accuracy +/- 0.03 mm, 2.2 LBS (1.0KG) - PLA175RBLK
<a_24><b_149><c_24> :: ids=[2909] :: fam=3d_filament :: 3D Solutech Silver Metal 3D Printer PLA Filament 1.75MM Filament, Dimensional Accuracy +/- 0.03 mm, 2.2 LBS (1.0KG) - PLA175TCMS
<a_24><b_202><c_179> :: ids=[2697] :: fam=3d_filament :: 3D Solutech Real White 3D Printer PLA Filament 1.75MM Filament, Dimensional Accuracy +/- 0.03 mm, 2.2 LBS (1.0KG)
<a_118><b_78><c_16> :: ids=[1851] :: fam=3d_filament :: HATCHBOX PLA 3D Printer Filament, Dimensional Accuracy +/- 0.03 mm, 1 kg Spool, 1.75 mm, Yellow
<a_24><b_157><c_89> :: ids=[1847] :: fam=3d_filament :: HATCHBOX PLA 3D Printer Filament, Dimensional Accuracy +/- 0.03 mm, 1 kg Spool, 1.75 mm, White"
gain_vs_r680a,r680a,1172,3d_filament,2993,"3D Solutech Blue 3D Printer Ultra PLA Filament 1.75MM Filament, Dimensional Accuracy +/- 0.03 mm, 2.2 LBS (1.0KG)",<a_178><b_14><c_135>,3.0,,hit_at_10,1,2,"<a_178><b_14><c_6> :: ids=[2909, 3494] :: fam=3d_filament :: 3D Solutech Silver Metal 3D Printer PLA Filament 1.75MM Filament, Dimensional Accuracy +/- 0.03 mm, 2.2 LBS (1.0KG) - PLA175TCMS / 3D Solutech Real Yellow 3D Pr
<a_178><b_14><c_94> :: ids=[3112] :: fam=3d_filament :: 3D Solutech Real Black 3D Printer PLA Filament 1.75MM Filament, Dimensional Accuracy +/- 0.03 mm, 2.2 LBS (1.0KG) - PLA175RBLK
<a_178><b_14><c_135> :: ids=[2993] :: fam=3d_filament :: 3D Solutech Blue 3D Printer Ultra PLA Filament 1.75MM Filament, Dimensional Accuracy +/- 0.03 mm, 2.2 LBS (1.0KG)
<a_178><b_14><c_107> :: ids=[2161] :: fam=3d_filament :: 3D Solutech Natural Clear 1.75mm 3D Printer PLA Filament, Dimensional Accuracy +/- 0.03 mm, 2.2 LBS (1.0KG)
<a_178><b_14><c_75> :: ids=[2697] :: fam=3d_filament :: 3D Solutech Real White 3D Printer PLA Filament 1.75MM Filament, Dimensional Accuracy +/- 0.03 mm, 2.2 LBS (1.0KG)",,,"<a_24><b_149><c_2> :: ids=[3112] :: fam=3d_filament :: 3D Solutech Real Black 3D Printer PLA Filament 1.75MM Filament, Dimensional Accuracy +/- 0.03 mm, 2.2 LBS (1.0KG) - PLA175RBLK
<a_24><b_149><c_24> :: ids=[2909] :: fam=3d_filament :: 3D Solutech Silver Metal 3D Printer PLA Filament 1.75MM Filament, Dimensional Accuracy +/- 0.03 mm, 2.2 LBS (1.0KG) - PLA175TCMS
<a_24><b_57><c_57> :: ids=[3557] :: fam=3d_filament :: 3D Solutech Chocolate Brown 3D Printer PLA Filament 1.75MM Filament 2.2 LBS (1.0KG)
<a_24><b_57><c_193> :: ids=[3547] :: fam=3d_filament :: 3D Solutech See Through Blue 1.75mm PETG 3D Printer Filament 2.2 LBS (1.0KG)
<a_67><b_247><c_199> :: ids=[162] :: fam=3d_filament :: USAFilament 9800429 ABS 3D Printing Filament, 2.2 lb, 1.75 mm, White Spool"
gain_vs_r680a,r680a,1210,gauge_meter,84,Neiko 01409A Electronic Digital Caliper with Extra Large LCD Screen | 0 - 12 Inches | Inch/Fractions/Millimeter Conversion,<a_197><b_173><c_161>,4.0,,hit_at_10,1,1,"<a_209><b_14><c_27> :: ids=[3303] :: fam=other :: 5 Pcs 50mm x 50mm Right Angle Stainless Steel Corner Bracket
<a_190><b_103><c_0> :: ids=[181, 182] :: fam=gauge_meter :: AcuRite 00613 Humidity Monitor with Indoor Thermometer, Digital Hygrometer and Humidity Gauge Indicator / AcuRite 00613 Humidity Monitor with Indoor Thermometer
<a_209><b_14><c_211> :: ids=[2593] :: fam=gauge_meter :: Master Magnetics Round Base Magnet Fastener with Knob,Chrome,1.43"" Diameter, 0.98"" Total Height with 1"" Diameter Knob/16 Pounds,(Box of 4), HMKR-45X4
<a_197><b_173><c_161> :: ids=[84] :: fam=gauge_meter :: Neiko 01409A Electronic Digital Caliper with Extra Large LCD Screen | 0 - 12 Inches | Inch/Fractions/Millimeter Conversion
<a_209><b_200><c_227> :: ids=[352] :: fam=other :: General Tools 1261-4 1/2-Inch Grommet Refill with 24 Grommets",,12.0,"<a_153><b_185><c_183> :: ids=[3303] :: fam=other :: 5 Pcs 50mm x 50mm Right Angle Stainless Steel Corner Bracket
<a_96><b_131><c_0> :: ids=[181, 182] :: fam=gauge_meter :: AcuRite 00613 Humidity Monitor with Indoor Thermometer, Digital Hygrometer and Humidity Gauge Indicator / AcuRite 00613 Humidity Monitor with Indoor Thermometer
<a_153><b_18><c_175> :: ids=[495] :: fam=other :: National Hardware S819-841 CD8377 51 Piece Peg Board Hook Kit in Zinc
<a_180><b_35><c_24> :: ids=[417] :: fam=connector_fitting :: American Terminal E-FFB250N-100 16/14-Gauge Economy Nylon Fully-Insulated Female Quick Disconnects
<a_89><b_54><c_66> :: ids=[659] :: fam=other :: Stanley MR100CG Contractor Grade Riveter"
gain_vs_r680a,r680a,1229,3d_filament,1848,Kamo 5PCS 3D Printer 0.4mm Extruder Brass Nozzle Print Head for MK8 1.75mm ABS PLA Printer,<a_212><b_168><c_133>,9.0,,hit_at_10,1,2,"<a_178><b_150><c_117> :: ids=[2544] :: fam=3d_filament :: SainSmart Clear Flexible TPU 3D Printing Filament, 1.75 mm, 0.8 kg, Dimensional Accuracy +/- 0.05 mm
<a_178><b_150><c_186> :: ids=[2714] :: fam=3d_filament :: NinjaFlex TPU 3D Printing Filament - 1.75mm .50kg - SAPPHIRE
<a_212><b_17><c_91> :: ids=[2926] :: fam=3d_filament :: HICTOP 5 Pieces 3D Printer Extruder Hotend 1.75mm Nozzle Throat for Reprap Prusa I3
<a_193><b_133><c_224> :: ids=[3610] :: fam=3d_filament :: Platform Sticker for QIDI TECH I 3D Printer: 5 pcs kit
<a_178><b_166><c_183> :: ids=[2477] :: fam=3d_filament :: BAMtack! 1.75mm Black PLA 3D Printer Filament - 1kg (2.2 lbs) - Dimensional Accuracy +/- 0.03mm",,,"<a_60><b_195><c_233> :: ids=[3444] :: fam=3d_filament :: RepRap Champion Metal J-Head V6 Hot End for RepRap 3D Printer 1.75mm Filament Direct Feed Extruder 0.4mm Nozzle
<a_37><b_2><c_79> :: ids=[2544] :: fam=3d_filament :: SainSmart Clear Flexible TPU 3D Printing Filament, 1.75 mm, 0.8 kg, Dimensional Accuracy +/- 0.05 mm
<a_37><b_115><c_41> :: ids=[3458] :: fam=3d_filament :: Wisamic 4 Variety Pack 3d Printer 0.2mm 0.3mm 0.4mm 0.5mm Nozzles Extruder Nozzle Print Head for Mk8 Makerbot
<a_67><b_198><c_180> :: ids=[2926] :: fam=3d_filament :: HICTOP 5 Pieces 3D Printer Extruder Hotend 1.75mm Nozzle Throat for Reprap Prusa I3
<a_67><b_247><c_199> :: ids=[162] :: fam=3d_filament :: USAFilament 9800429 ABS 3D Printing Filament, 2.2 lb, 1.75 mm, White Spool"
gain_vs_r680a,r680a,1231,3d_filament,3016,"HATCHBOX 3D Printer Filament, Dimensional Accuracy +/- 0.03mm, 1.75 mm, 1 kg Spool, Wood",<a_178><b_230><c_5>,5.0,,hit_at_10,1,2,"<a_178><b_166><c_183> :: ids=[2477] :: fam=3d_filament :: BAMtack! 1.75mm Black PLA 3D Printer Filament - 1kg (2.2 lbs) - Dimensional Accuracy +/- 0.03mm
<a_178><b_150><c_117> :: ids=[2544] :: fam=3d_filament :: SainSmart Clear Flexible TPU 3D Printing Filament, 1.75 mm, 0.8 kg, Dimensional Accuracy +/- 0.05 mm
<a_178><b_150><c_186> :: ids=[2714] :: fam=3d_filament :: NinjaFlex TPU 3D Printing Filament - 1.75mm .50kg - SAPPHIRE
<a_178><b_20><c_140> :: ids=[1794] :: fam=3d_filament :: Filabot 910175 Taulman 910 Alloy, 1.75"" Filament Diameter, Natural
<a_178><b_230><c_5> :: ids=[3016] :: fam=3d_filament :: HATCHBOX 3D Printer Filament, Dimensional Accuracy +/- 0.03mm, 1.75 mm, 1 kg Spool, Wood",,48.0,"<a_15><b_88><c_181> :: ids=[2477] :: fam=3d_filament :: BAMtack! 1.75mm Black PLA 3D Printer Filament - 1kg (2.2 lbs) - Dimensional Accuracy +/- 0.03mm
<a_24><b_78><c_74> :: ids=[2507] :: fam=3d_filament :: HATCHBOX PLA 3D Printer Filament, Dimensional Accuracy +/- 0.03 mm, 1 kg Spool, 1.75 mm, Silver
<a_118><b_78><c_16> :: ids=[1851] :: fam=3d_filament :: HATCHBOX PLA 3D Printer Filament, Dimensional Accuracy +/- 0.03 mm, 1 kg Spool, 1.75 mm, Yellow
<a_37><b_2><c_79> :: ids=[2544] :: fam=3d_filament :: SainSmart Clear Flexible TPU 3D Printing Filament, 1.75 mm, 0.8 kg, Dimensional Accuracy +/- 0.05 mm
<a_60><b_195><c_233> :: ids=[3444] :: fam=3d_filament :: RepRap Champion Metal J-Head V6 Hot End for RepRap 3D Printer 1.75mm Filament Direct Feed Extruder 0.4mm Nozzle"
gain_vs_r680a,r680a,1260,3d_filament,2161,"3D Solutech Natural Clear 1.75mm 3D Printer PLA Filament, Dimensional Accuracy +/- 0.03 mm, 2.2 LBS (1.0KG)",<a_178><b_14><c_107>,2.0,,hit_at_10,1,6,"<a_178><b_14><c_6> :: ids=[2909, 3494] :: fam=3d_filament :: 3D Solutech Silver Metal 3D Printer PLA Filament 1.75MM Filament, Dimensional Accuracy +/- 0.03 mm, 2.2 LBS (1.0KG) - PLA175TCMS / 3D Solutech Real Yellow 3D Pr
<a_178><b_14><c_107> :: ids=[2161] :: fam=3d_filament :: 3D Solutech Natural Clear 1.75mm 3D Printer PLA Filament, Dimensional Accuracy +/- 0.03 mm, 2.2 LBS (1.0KG)
<a_178><b_14><c_26> :: ids=[3442] :: fam=3d_filament :: 3D Solutech Real Purple 3D Printer PLA Filament 1.75MM Filament, Dimensional Accuracy +/- 0.03 mm, 2.2 LBS (1.0KG)
<a_178><b_14><c_135> :: ids=[2993] :: fam=3d_filament :: 3D Solutech Blue 3D Printer Ultra PLA Filament 1.75MM Filament, Dimensional Accuracy +/- 0.03 mm, 2.2 LBS (1.0KG)
<a_178><b_14><c_150> :: ids=[3466] :: fam=3d_filament :: 3D Solutech Real Red 3D Printer PLA Filament 1.75MM, Dimensional Accuracy +/- 0.03 mm, 2.2 LBS (1.0KG) - RA-I00I-DQUY",,15.0,"<a_24><b_149><c_2> :: ids=[3112] :: fam=3d_filament :: 3D Solutech Real Black 3D Printer PLA Filament 1.75MM Filament, Dimensional Accuracy +/- 0.03 mm, 2.2 LBS (1.0KG) - PLA175RBLK
<a_24><b_57><c_57> :: ids=[3557] :: fam=3d_filament :: 3D Solutech Chocolate Brown 3D Printer PLA Filament 1.75MM Filament 2.2 LBS (1.0KG)
<a_24><b_149><c_24> :: ids=[2909] :: fam=3d_filament :: 3D Solutech Silver Metal 3D Printer PLA Filament 1.75MM Filament, Dimensional Accuracy +/- 0.03 mm, 2.2 LBS (1.0KG) - PLA175TCMS
<a_24><b_57><c_232> :: ids=[3442] :: fam=3d_filament :: 3D Solutech Real Purple 3D Printer PLA Filament 1.75MM Filament, Dimensional Accuracy +/- 0.03 mm, 2.2 LBS (1.0KG)
<a_24><b_57><c_89> :: ids=[3466] :: fam=3d_filament :: 3D Solutech Real Red 3D Printer PLA Filament 1.75MM, Dimensional Accuracy +/- 0.03 mm, 2.2 LBS (1.0KG) - RA-I00I-DQUY"
gain_vs_r680a,r680a,1417,other,582,"Forney 72757 Wire Cup Brush, Knotted with 5/8-Inch-11 Threaded Arbor, 2-3/4-Inch-by-.020-Inch",<a_238><b_78><c_225>,8.0,,hit_at_10,1,1,"<a_243><b_180><c_74> :: ids=[460] :: fam=other :: 4.5"" x 7/8"" Premium Zirconia Flap Disc Grinding Wheel 60 Grit Type 29-10 Pack
<a_238><b_232><c_129> :: ids=[335] :: fam=other :: Dewalt DW8061B5 4 x 0.045 Inch Metal and Stainless Steel Cutting Wheels , 4 Inch by 0.045-Inch
<a_243><b_119><c_238> :: ids=[67] :: fam=gauge_meter :: W1 Tool Steel Round Rod, Polished Finish, Precision Ground, Annealed, 0.0625"" Diameter, 36"" Length
<a_92><b_200><c_192> :: ids=[341] :: fam=other :: Neiko 11108A 4.5&rdquo; x 7/8-Inch Aluminum Oxide Flap Disc, 80 Grit | Flat Type #27 | 10-Pack
<a_238><b_214><c_7> :: ids=[328] :: fam=other :: DEWALT DW4528 4-1/2-Inch by 1/8-Inch by 7/8-Inch Concrete/Masonry Cutting Wheel",,,"<a_150><b_225><c_48> :: ids=[54] :: fam=metadata_placeholder :: Industrial & Scientific"" />
<a_59><b_39><c_156> :: ids=[341] :: fam=other :: Neiko 11108A 4.5&rdquo; x 7/8-Inch Aluminum Oxide Flap Disc, 80 Grit | Flat Type #27 | 10-Pack
<a_59><b_17><c_28> :: ids=[699] :: fam=other :: POWERTEC 15501 1/2"" Arbor 60-Grit Silicon Carbide Grinding Wheel, 6"" by 3/4
<a_154><b_173><c_233> :: ids=[1012] :: fam=other :: 4.5"" x 7/8"" Premium High Density Jumbo Zirconia Type 29 Flap Disc 40 Grit - 10 Pack
<a_219><b_43><c_22> :: ids=[415] :: fam=other :: Miller Electric 229895 Gage, Wire Metal Sizes"
gain_vs_r680a,r680a,1426,gauge_meter,159,"Etekcity Lasergrip 774 Non-contact Digital Laser Infrared Thermometer Temperature Gun -58~ 716 (-50 ~ 380), Yellow and Black",<a_190><b_185><c_201>,2.0,,hit_at_10,1,2,"<a_190><b_103><c_0> :: ids=[181, 182] :: fam=gauge_meter :: AcuRite 00613 Humidity Monitor with Indoor Thermometer, Digital Hygrometer and Humidity Gauge Indicator / AcuRite 00613 Humidity Monitor with Indoor Thermometer
<a_190><b_185><c_201> :: ids=[159] :: fam=gauge_meter :: Etekcity Lasergrip 774 Non-contact Digital Laser Infrared Thermometer Temperature Gun -58~ 716 (-50 ~ 380), Yellow and Black
<a_190><b_173><c_203> :: ids=[338] :: fam=gauge_meter :: Etekcity Lasergrip 1080 Non-Contact Digital Laser Infrared Thermometer Temperature Gun -58~1022 (-50550), Yellow and Black
<a_17><b_49><c_23> :: ids=[448] :: fam=other :: SG-40 Silica Gel Dehumidifier Desiccant 40 Gram Orange/Green No Cobalt (II) Chloride
<a_190><b_64><c_29> :: ids=[819] :: fam=3d_filament :: Inkbird ITC-1000 Dual Stage Digital Temperature Controller Fahrenheit  Celsius Thermostat with Sensor for 3D Printer,Freezer,Fridge,Hatching ect (12 Volt)",,,"<a_96><b_131><c_0> :: ids=[181, 182] :: fam=gauge_meter :: AcuRite 00613 Humidity Monitor with Indoor Thermometer, Digital Hygrometer and Humidity Gauge Indicator / AcuRite 00613 Humidity Monitor with Indoor Thermometer
<a_186><b_62><c_192> :: ids=[3141] :: fam=other :: Stack-On SPAD-60, Desiccant, 60 Cubic Feet, 10 Pack, White
<a_186><b_62><c_194> :: ids=[448] :: fam=other :: SG-40 Silica Gel Dehumidifier Desiccant 40 Gram Orange/Green No Cobalt (II) Chloride
<a_186><b_26><c_17> :: ids=[1945] :: fam=other :: 10g Silica Gel Desiccant (Pack of 50)
<a_109><b_253><c_76> :: ids=[340] :: fam=other :: Break-Free CLP-4 Cleaner Lubricant Preservative Squeeze Bottle (4 -Fluid Ounce)"
gain_vs_r680a,r680a,1550,other,1531,"Prestige Medical Fluoride Scissor, Black, 7 1/2 Inch",<a_129><b_170><c_5>,2.0,,hit_at_10,1,2,"<a_72><b_14><c_19> :: ids=[3327] :: fam=other :: MDF MD One Stainless Steel Premium Dual Head Stethoscope - Free-Parts-for-Life & Lifetime Warranty (MDF777-07) - Pastel Purple
<a_129><b_170><c_5> :: ids=[1531] :: fam=other :: Prestige Medical Fluoride Scissor, Black, 7 1/2 Inch
<a_72><b_14><c_4> :: ids=[3328] :: fam=other :: MDF MD One Stainless Steel Premium Dual Head Stethoscope - Free-Parts-for-Life & Lifetime Warranty (MDF777-01) - Pink
<a_8><b_42><c_93> :: ids=[476] :: fam=gauge_meter :: Primacare DL-9325 Reusable LED Penlight with Pupil Gauge - Batteries Included
<a_144><b_163><c_58> :: ids=[2087] :: fam=other :: Dynarex Medicut Scalpels Disposable Sterile #15 10/Bx",,16.0,"<a_232><b_100><c_9> :: ids=[3327] :: fam=other :: MDF MD One Stainless Steel Premium Dual Head Stethoscope - Free-Parts-for-Life & Lifetime Warranty (MDF777-07) - Pastel Purple
<a_232><b_100><c_165> :: ids=[3328] :: fam=other :: MDF MD One Stainless Steel Premium Dual Head Stethoscope - Free-Parts-for-Life & Lifetime Warranty (MDF777-01) - Pink
<a_86><b_122><c_222> :: ids=[475] :: fam=other :: Learning Resources Skeleton Model
<a_101><b_120><c_88> :: ids=[396] :: fam=other :: Westek SW103CT Outdoor Swivel Photo Control
<a_172><b_214><c_69> :: ids=[474] :: fam=other :: Generic 1800088 Taylor Percussion Reflex Hammer"
gain_vs_r680a,r680a,1584,3d_filament,2477,BAMtack! 1.75mm Black PLA 3D Printer Filament - 1kg (2.2 lbs) - Dimensional Accuracy +/- 0.03mm,<a_178><b_166><c_183>,9.0,,hit_at_10,1,1,"<a_178><b_156><c_58> :: ids=[2157] :: fam=3d_filament :: eSUN 3D 1.75mm PETG Blue Filament 1kg (2.2lb), PETG 3D Printer Filament, 1.75mm Semi-Transparent Blue
<a_178><b_20><c_140> :: ids=[1794] :: fam=3d_filament :: Filabot 910175 Taulman 910 Alloy, 1.75"" Filament Diameter, Natural
<a_178><b_156><c_135> :: ids=[2893] :: fam=3d_filament :: eSUN 3D 1.75mm PETG White Filament 1kg (2.2lb), PETG 3D Printer Filament, 1.75mm Solid Opaque White
<a_178><b_156><c_59> :: ids=[2703] :: fam=3d_filament :: eSUN 3D 1.75mm PETG Black Filament 1kg (2.2lb), PETG 3D Printer Filament, 1.75mm Solid Opaque Black
<a_178><b_230><c_5> :: ids=[3016] :: fam=3d_filament :: HATCHBOX 3D Printer Filament, Dimensional Accuracy +/- 0.03mm, 1.75 mm, 1 kg Spool, Wood",,,"<a_24><b_250><c_113> :: ids=[3016] :: fam=3d_filament :: HATCHBOX 3D Printer Filament, Dimensional Accuracy +/- 0.03mm, 1.75 mm, 1 kg Spool, Wood
<a_74><b_235><c_146> :: ids=[2145] :: fam=3d_filament :: ROBO 3D R1 Plus 10x9x8-Inch ABS/PLA 3D Printer, White (A1-0002-000)
<a_24><b_250><c_151> :: ids=[2158] :: fam=3d_filament :: eSUN 3D 1.75mm PETG Green Filament 1kg (2.2lb), PETG 3D Printer Filament, Semi-Transparent 1.75mm Green
<a_118><b_78><c_16> :: ids=[1851] :: fam=3d_filament :: HATCHBOX PLA 3D Printer Filament, Dimensional Accuracy +/- 0.03 mm, 1 kg Spool, 1.75 mm, Yellow
<a_118><b_38><c_129> :: ids=[3540] :: fam=3d_filament :: SainSmart 1.75 Aluminum Metal 1.75 mm Filament for 3D Printing, 0.5 kg/1.1 lb."
gain_vs_r680a,r680a,1592,3d_filament,3453,"3D Solutech Real Gold 3D Printer PLA Filament 1.75MM Filament, Dimensional Accuracy +/- 0.03 mm, 2.2 LBS (1.0KG)",<a_178><b_14><c_253>,9.0,,hit_at_10,1,2,"<a_178><b_14><c_6> :: ids=[2909, 3494] :: fam=3d_filament :: 3D Solutech Silver Metal 3D Printer PLA Filament 1.75MM Filament, Dimensional Accuracy +/- 0.03 mm, 2.2 LBS (1.0KG) - PLA175TCMS / 3D Solutech Real Yellow 3D Pr
<a_178><b_14><c_107> :: ids=[2161] :: fam=3d_filament :: 3D Solutech Natural Clear 1.75mm 3D Printer PLA Filament, Dimensional Accuracy +/- 0.03 mm, 2.2 LBS (1.0KG)
<a_178><b_14><c_94> :: ids=[3112] :: fam=3d_filament :: 3D Solutech Real Black 3D Printer PLA Filament 1.75MM Filament, Dimensional Accuracy +/- 0.03 mm, 2.2 LBS (1.0KG) - PLA175RBLK
<a_178><b_14><c_135> :: ids=[2993] :: fam=3d_filament :: 3D Solutech Blue 3D Printer Ultra PLA Filament 1.75MM Filament, Dimensional Accuracy +/- 0.03 mm, 2.2 LBS (1.0KG)
<a_178><b_150><c_117> :: ids=[2544] :: fam=3d_filament :: SainSmart Clear Flexible TPU 3D Printing Filament, 1.75 mm, 0.8 kg, Dimensional Accuracy +/- 0.05 mm",,,"<a_24><b_149><c_2> :: ids=[3112] :: fam=3d_filament :: 3D Solutech Real Black 3D Printer PLA Filament 1.75MM Filament, Dimensional Accuracy +/- 0.03 mm, 2.2 LBS (1.0KG) - PLA175RBLK
<a_24><b_149><c_24> :: ids=[2909] :: fam=3d_filament :: 3D Solutech Silver Metal 3D Printer PLA Filament 1.75MM Filament, Dimensional Accuracy +/- 0.03 mm, 2.2 LBS (1.0KG) - PLA175TCMS
<a_67><b_247><c_199> :: ids=[162] :: fam=3d_filament :: USAFilament 9800429 ABS 3D Printing Filament, 2.2 lb, 1.75 mm, White Spool
<a_118><b_78><c_16> :: ids=[1851] :: fam=3d_filament :: HATCHBOX PLA 3D Printer Filament, Dimensional Accuracy +/- 0.03 mm, 1 kg Spool, 1.75 mm, Yellow
<a_24><b_157><c_89> :: ids=[1847] :: fam=3d_filament :: HATCHBOX PLA 3D Printer Filament, Dimensional Accuracy +/- 0.03 mm, 1 kg Spool, 1.75 mm, White"
gain_vs_r680a,r680a,1641,gauge_meter,84,Neiko 01409A Electronic Digital Caliper with Extra Large LCD Screen | 0 - 12 Inches | Inch/Fractions/Millimeter Conversion,<a_197><b_173><c_161>,7.0,,hit_at_10,1,2,"<a_118><b_59><c_100> :: ids=[281] :: fam=other :: SE TL10 10-Piece Test Lead Set with Alligator Clips
<a_109><b_114><c_135> :: ids=[176] :: fam=other :: URBEST 530 Pcs 2:1 Heat Shrink Tubing Tube Sleeving Wrap Cable Wire 5 Color 8 Size
<a_138><b_9><c_137> :: ids=[395] :: fam=other :: Arctic Silver 5 AS5-3.5G Thermal Paste
<a_75><b_107><c_134> :: ids=[734] :: fam=other :: microtivity IL188 5mm Assorted Clear LED w/Resistors (8 Colors, Pack of 80)
<a_190><b_103><c_0> :: ids=[181, 182] :: fam=gauge_meter :: AcuRite 00613 Humidity Monitor with Indoor Thermometer, Digital Hygrometer and Humidity Gauge Indicator / AcuRite 00613 Humidity Monitor with Indoor Thermometer",,,"<a_191><b_74><c_238> :: ids=[281] :: fam=other :: SE TL10 10-Piece Test Lead Set with Alligator Clips
<a_245><b_174><c_121> :: ids=[395] :: fam=other :: Arctic Silver 5 AS5-3.5G Thermal Paste
<a_163><b_103><c_210> :: ids=[734] :: fam=other :: microtivity IL188 5mm Assorted Clear LED w/Resistors (8 Colors, Pack of 80)
<a_96><b_131><c_0> :: ids=[181, 182] :: fam=gauge_meter :: AcuRite 00613 Humidity Monitor with Indoor Thermometer, Digital Hygrometer and Humidity Gauge Indicator / AcuRite 00613 Humidity Monitor with Indoor Thermometer
<a_255><b_111><c_17> :: ids=[285] :: fam=other :: Z&T Solderless Flexible Breadboard Jumper Wires M/M 100pcs"
gain_vs_r680a,r680a,1809,3d_filament,3494,"3D Solutech Real Yellow 3D Printer PLA Filament 1.75MM Filament, Dimensional Accuracy +/- 0.03 mm, 2.2 LBS (1.0KG)",<a_178><b_14><c_6>,1.0,,hit_at_10,1,4,"<a_178><b_14><c_6> :: ids=[2909, 3494] :: fam=3d_filament :: 3D Solutech Silver Metal 3D Printer PLA Filament 1.75MM Filament, Dimensional Accuracy +/- 0.03 mm, 2.2 LBS (1.0KG) - PLA175TCMS / 3D Solutech Real Yellow 3D Pr
<a_178><b_14><c_107> :: ids=[2161] :: fam=3d_filament :: 3D Solutech Natural Clear 1.75mm 3D Printer PLA Filament, Dimensional Accuracy +/- 0.03 mm, 2.2 LBS (1.0KG)
<a_178><b_14><c_94> :: ids=[3112] :: fam=3d_filament :: 3D Solutech Real Black 3D Printer PLA Filament 1.75MM Filament, Dimensional Accuracy +/- 0.03 mm, 2.2 LBS (1.0KG) - PLA175RBLK
<a_178><b_14><c_135> :: ids=[2993] :: fam=3d_filament :: 3D Solutech Blue 3D Printer Ultra PLA Filament 1.75MM Filament, Dimensional Accuracy +/- 0.03 mm, 2.2 LBS (1.0KG)
<a_178><b_14><c_75> :: ids=[2697] :: fam=3d_filament :: 3D Solutech Real White 3D Printer PLA Filament 1.75MM Filament, Dimensional Accuracy +/- 0.03 mm, 2.2 LBS (1.0KG)",,,"<a_24><b_149><c_2> :: ids=[3112] :: fam=3d_filament :: 3D Solutech Real Black 3D Printer PLA Filament 1.75MM Filament, Dimensional Accuracy +/- 0.03 mm, 2.2 LBS (1.0KG) - PLA175RBLK
<a_24><b_149><c_24> :: ids=[2909] :: fam=3d_filament :: 3D Solutech Silver Metal 3D Printer PLA Filament 1.75MM Filament, Dimensional Accuracy +/- 0.03 mm, 2.2 LBS (1.0KG) - PLA175TCMS
<a_60><b_195><c_233> :: ids=[3444] :: fam=3d_filament :: RepRap Champion Metal J-Head V6 Hot End for RepRap 3D Printer 1.75mm Filament Direct Feed Extruder 0.4mm Nozzle
<a_37><b_2><c_79> :: ids=[2544] :: fam=3d_filament :: SainSmart Clear Flexible TPU 3D Printing Filament, 1.75 mm, 0.8 kg, Dimensional Accuracy +/- 0.05 mm
<a_24><b_57><c_57> :: ids=[3557] :: fam=3d_filament :: 3D Solutech Chocolate Brown 3D Printer PLA Filament 1.75MM Filament 2.2 LBS (1.0KG)"
gain_vs_r680a,r680a,1810,3d_filament,3453,"3D Solutech Real Gold 3D Printer PLA Filament 1.75MM Filament, Dimensional Accuracy +/- 0.03 mm, 2.2 LBS (1.0KG)",<a_178><b_14><c_253>,8.0,,hit_at_10,1,4,"<a_178><b_14><c_6> :: ids=[2909, 3494] :: fam=3d_filament :: 3D Solutech Silver Metal 3D Printer PLA Filament 1.75MM Filament, Dimensional Accuracy +/- 0.03 mm, 2.2 LBS (1.0KG) - PLA175TCMS / 3D Solutech Real Yellow 3D Pr
<a_178><b_14><c_107> :: ids=[2161] :: fam=3d_filament :: 3D Solutech Natural Clear 1.75mm 3D Printer PLA Filament, Dimensional Accuracy +/- 0.03 mm, 2.2 LBS (1.0KG)
<a_178><b_14><c_135> :: ids=[2993] :: fam=3d_filament :: 3D Solutech Blue 3D Printer Ultra PLA Filament 1.75MM Filament, Dimensional Accuracy +/- 0.03 mm, 2.2 LBS (1.0KG)
<a_178><b_14><c_94> :: ids=[3112] :: fam=3d_filament :: 3D Solutech Real Black 3D Printer PLA Filament 1.75MM Filament, Dimensional Accuracy +/- 0.03 mm, 2.2 LBS (1.0KG) - PLA175RBLK
<a_178><b_14><c_26> :: ids=[3442] :: fam=3d_filament :: 3D Solutech Real Purple 3D Printer PLA Filament 1.75MM Filament, Dimensional Accuracy +/- 0.03 mm, 2.2 LBS (1.0KG)",,,"<a_24><b_149><c_2> :: ids=[3112] :: fam=3d_filament :: 3D Solutech Real Black 3D Printer PLA Filament 1.75MM Filament, Dimensional Accuracy +/- 0.03 mm, 2.2 LBS (1.0KG) - PLA175RBLK
<a_24><b_149><c_24> :: ids=[2909] :: fam=3d_filament :: 3D Solutech Silver Metal 3D Printer PLA Filament 1.75MM Filament, Dimensional Accuracy +/- 0.03 mm, 2.2 LBS (1.0KG) - PLA175TCMS
<a_60><b_195><c_233> :: ids=[3444] :: fam=3d_filament :: RepRap Champion Metal J-Head V6 Hot End for RepRap 3D Printer 1.75mm Filament Direct Feed Extruder 0.4mm Nozzle
<a_37><b_2><c_79> :: ids=[2544] :: fam=3d_filament :: SainSmart Clear Flexible TPU 3D Printing Filament, 1.75 mm, 0.8 kg, Dimensional Accuracy +/- 0.05 mm
<a_24><b_57><c_57> :: ids=[3557] :: fam=3d_filament :: 3D Solutech Chocolate Brown 3D Printer PLA Filament 1.75MM Filament 2.2 LBS (1.0KG)"
gain_vs_r680a,r680a,1830,adhesive_epoxy,2312,"TEMCo 1"" Marine Heat Shrink Tube 3:1 Adhesive Glue Lined 4 ft RED",<a_115><b_208><c_9>,5.0,,hit_at_10,1,3,"<a_115><b_208><c_43> :: ids=[3232] :: fam=adhesive_epoxy :: TEMCo 3/8"" Marine Heat Shrink Tube 3:1 Adhesive Glue Lined 4 ft BLACK
<a_115><b_208><c_18> :: ids=[2103] :: fam=adhesive_epoxy :: TEMCo 1/2"" Marine Heat Shrink Tube 3:1 Adhesive Glue Lined 4 ft RED
<a_40><b_13><c_165> :: ids=[1414] :: fam=connector_fitting :: Temco Terminal Lug Tinned Copper Uninsulated Gauge AWG
<a_115><b_208><c_162> :: ids=[2313] :: fam=adhesive_epoxy :: TEMCo 1"" Marine Heat Shrink Tube 3:1 Adhesive Glue Lined 4 ft BLACK
<a_115><b_208><c_9> :: ids=[2312] :: fam=adhesive_epoxy :: TEMCo 1"" Marine Heat Shrink Tube 3:1 Adhesive Glue Lined 4 ft RED",,,"<a_99><b_33><c_77> :: ids=[1414] :: fam=connector_fitting :: Temco Terminal Lug Tinned Copper Uninsulated Gauge AWG
<a_99><b_94><c_95> :: ids=[3232] :: fam=adhesive_epoxy :: TEMCo 3/8"" Marine Heat Shrink Tube 3:1 Adhesive Glue Lined 4 ft BLACK
<a_99><b_94><c_169> :: ids=[2103] :: fam=adhesive_epoxy :: TEMCo 1/2"" Marine Heat Shrink Tube 3:1 Adhesive Glue Lined 4 ft RED
<a_99><b_231><c_44> :: ids=[399] :: fam=other :: Anytime Tools 48 pc HEAT SHRINK TUBING WRAP SLEEVES ASSORTED SIZES
<a_145><b_95><c_12> :: ids=[170] :: fam=other :: URBEST 328 Pcs Assorted Heat Shrink Tube 5 Colors 8 Sizes Tubing Wrap Sleeve Set Combo (328PCS)"
gain_vs_r680a,r680a,1882,other,2793,"First Aid Only Splinter Out, 10 Per Box",<a_144><b_91><c_251>,7.0,,hit_at_10,1,1,"<a_17><b_89><c_34> :: ids=[192] :: fam=adhesive_epoxy :: 3M Vetbond Tissue Adhesive, 3ml Bottles w/MSDS
<a_102><b_172><c_248> :: ids=[2827] :: fam=gauge_meter :: Pac-Kit by First Aid Only 21-770 Disposable Thermometer (Box of 10)
<a_190><b_103><c_0> :: ids=[181, 182] :: fam=gauge_meter :: AcuRite 00613 Humidity Monitor with Indoor Thermometer, Digital Hygrometer and Humidity Gauge Indicator / AcuRite 00613 Humidity Monitor with Indoor Thermometer
<a_138><b_29><c_56> :: ids=[2785] :: fam=other :: Pac-Kit by First Aid Only 13-125 First Aid/Burn Cream, 0.9 gm Packet (Box of 25)
<a_31><b_208><c_41> :: ids=[125] :: fam=tape :: Gorilla 6100101 Tape Handy Roll, 1-Pack, Black",,,"<a_165><b_81><c_167> :: ids=[310] :: fam=other :: SE 612FS 12"" Stainless Steel Self-Locking Straight Forceps
<a_165><b_138><c_198> :: ids=[1653] :: fam=other :: Seville Classics Commercial NSF Stainless Steel Top Worktable 49 x 24 inches
<a_2><b_254><c_186> :: ids=[384] :: fam=fastener :: Skin Staple Remover Kit
<a_42><b_201><c_67> :: ids=[148] :: fam=other :: Plastic Transfer Pipettes 3ml, Graduated, Pack of 100
<a_206><b_65><c_85> :: ids=[125] :: fam=tape :: Gorilla 6100101 Tape Handy Roll, 1-Pack, Black"
gain_vs_r680a,r680a,1885,other,2576,"First Aid Only 13-040 First Aid Burn Spray, 4oz Pump Bottle",<a_67><b_223><c_108>,6.0,,hit_at_10,1,3,"<a_144><b_91><c_251> :: ids=[2793] :: fam=other :: First Aid Only Splinter Out, 10 Per Box
<a_102><b_172><c_248> :: ids=[2827] :: fam=gauge_meter :: Pac-Kit by First Aid Only 21-770 Disposable Thermometer (Box of 10)
<a_37><b_57><c_235> :: ids=[2406] :: fam=other :: 5 PIECES SCISSORS FORCEPS HEMOSTATS NEEDLE HOLDERS DDP INSTRUMENTS
<a_17><b_89><c_34> :: ids=[192] :: fam=adhesive_epoxy :: 3M Vetbond Tissue Adhesive, 3ml Bottles w/MSDS
<a_37><b_188><c_255> :: ids=[2530] :: fam=other :: Think Safe 1095TS 7"" Trauma Shear",,15.0,"<a_2><b_196><c_88> :: ids=[2793] :: fam=other :: First Aid Only Splinter Out, 10 Per Box
<a_111><b_227><c_38> :: ids=[2785] :: fam=other :: Pac-Kit by First Aid Only 13-125 First Aid/Burn Cream, 0.9 gm Packet (Box of 25)
<a_111><b_84><c_49> :: ids=[2427] :: fam=other :: Pac-Kit by First Aid Only 12-080 BZK First Aid Antiseptic Towelette (Box of 25)
<a_2><b_161><c_227> :: ids=[2827] :: fam=gauge_meter :: Pac-Kit by First Aid Only 21-770 Disposable Thermometer (Box of 10)
<a_111><b_137><c_230> :: ids=[1672] :: fam=other :: Medline Skin integrity Wound Cleansers, 16 fl oz."
gain_vs_r680a,r680a,2038,3d_filament,2477,BAMtack! 1.75mm Black PLA 3D Printer Filament - 1kg (2.2 lbs) - Dimensional Accuracy +/- 0.03mm,<a_178><b_166><c_183>,4.0,,hit_at_10,1,2,"<a_178><b_150><c_117> :: ids=[2544] :: fam=3d_filament :: SainSmart Clear Flexible TPU 3D Printing Filament, 1.75 mm, 0.8 kg, Dimensional Accuracy +/- 0.05 mm
<a_178><b_150><c_186> :: ids=[2714] :: fam=3d_filament :: NinjaFlex TPU 3D Printing Filament - 1.75mm .50kg - SAPPHIRE
<a_212><b_17><c_91> :: ids=[2926] :: fam=3d_filament :: HICTOP 5 Pieces 3D Printer Extruder Hotend 1.75mm Nozzle Throat for Reprap Prusa I3
<a_178><b_166><c_183> :: ids=[2477] :: fam=3d_filament :: BAMtack! 1.75mm Black PLA 3D Printer Filament - 1kg (2.2 lbs) - Dimensional Accuracy +/- 0.03mm
<a_178><b_230><c_5> :: ids=[3016] :: fam=3d_filament :: HATCHBOX 3D Printer Filament, Dimensional Accuracy +/- 0.03mm, 1.75 mm, 1 kg Spool, Wood",,,"<a_60><b_195><c_233> :: ids=[3444] :: fam=3d_filament :: RepRap Champion Metal J-Head V6 Hot End for RepRap 3D Printer 1.75mm Filament Direct Feed Extruder 0.4mm Nozzle
<a_118><b_78><c_16> :: ids=[1851] :: fam=3d_filament :: HATCHBOX PLA 3D Printer Filament, Dimensional Accuracy +/- 0.03 mm, 1 kg Spool, 1.75 mm, Yellow
<a_37><b_2><c_79> :: ids=[2544] :: fam=3d_filament :: SainSmart Clear Flexible TPU 3D Printing Filament, 1.75 mm, 0.8 kg, Dimensional Accuracy +/- 0.05 mm
<a_24><b_78><c_138> :: ids=[50] :: fam=3d_filament :: HATCHBOX PLA 3D Printer Filament, Dimensional Accuracy +/- 0.03 mm, 1 kg Spool, 1.75 mm, Blue
<a_24><b_78><c_74> :: ids=[2507] :: fam=3d_filament :: HATCHBOX PLA 3D Printer Filament, Dimensional Accuracy +/- 0.03 mm, 1 kg Spool, 1.75 mm, Silver"
gain_vs_r680a,r680a,2042,3d_filament,2909,"3D Solutech Silver Metal 3D Printer PLA Filament 1.75MM Filament, Dimensional Accuracy +/- 0.03 mm, 2.2 LBS (1.0KG) - PLA175TCMS",<a_178><b_14><c_6>,5.0,,hit_at_10,1,1,"<a_178><b_165><c_148> :: ids=[2507] :: fam=3d_filament :: HATCHBOX PLA 3D Printer Filament, Dimensional Accuracy +/- 0.03 mm, 1 kg Spool, 1.75 mm, Silver
<a_178><b_154><c_135> :: ids=[1851] :: fam=3d_filament :: HATCHBOX PLA 3D Printer Filament, Dimensional Accuracy +/- 0.03 mm, 1 kg Spool, 1.75 mm, Yellow
<a_178><b_165><c_53> :: ids=[50] :: fam=3d_filament :: HATCHBOX PLA 3D Printer Filament, Dimensional Accuracy +/- 0.03 mm, 1 kg Spool, 1.75 mm, Blue
<a_178><b_165><c_4> :: ids=[1107] :: fam=3d_filament :: HATCHBOX PLA 3D Printer Filament, Dimensional Accuracy +/- 0.03 mm, 1 kg Spool, 1.75 mm, Glow in the Dark
<a_178><b_14><c_6> :: ids=[2909, 3494] :: fam=3d_filament :: 3D Solutech Silver Metal 3D Printer PLA Filament 1.75MM Filament, Dimensional Accuracy +/- 0.03 mm, 2.2 LBS (1.0KG) - PLA175TCMS / 3D Solutech Real Yellow 3D Pr",,20.0,"<a_118><b_78><c_16> :: ids=[1851] :: fam=3d_filament :: HATCHBOX PLA 3D Printer Filament, Dimensional Accuracy +/- 0.03 mm, 1 kg Spool, 1.75 mm, Yellow
<a_24><b_78><c_138> :: ids=[50] :: fam=3d_filament :: HATCHBOX PLA 3D Printer Filament, Dimensional Accuracy +/- 0.03 mm, 1 kg Spool, 1.75 mm, Blue
<a_24><b_157><c_89> :: ids=[1847] :: fam=3d_filament :: HATCHBOX PLA 3D Printer Filament, Dimensional Accuracy +/- 0.03 mm, 1 kg Spool, 1.75 mm, White
<a_24><b_78><c_74> :: ids=[2507] :: fam=3d_filament :: HATCHBOX PLA 3D Printer Filament, Dimensional Accuracy +/- 0.03 mm, 1 kg Spool, 1.75 mm, Silver
<a_67><b_247><c_199> :: ids=[162] :: fam=3d_filament :: USAFilament 9800429 ABS 3D Printing Filament, 2.2 lb, 1.75 mm, White Spool"
gain_vs_r680a,r680a,2181,gauge_meter,338,"Etekcity Lasergrip 1080 Non-Contact Digital Laser Infrared Thermometer Temperature Gun -58~1022 (-50550), Yellow and Black",<a_190><b_173><c_203>,4.0,,hit_at_10,1,1,"<a_190><b_103><c_0> :: ids=[181, 182] :: fam=gauge_meter :: AcuRite 00613 Humidity Monitor with Indoor Thermometer, Digital Hygrometer and Humidity Gauge Indicator / AcuRite 00613 Humidity Monitor with Indoor Thermometer
<a_190><b_185><c_201> :: ids=[159] :: fam=gauge_meter :: Etekcity Lasergrip 774 Non-contact Digital Laser Infrared Thermometer Temperature Gun -58~ 716 (-50 ~ 380), Yellow and Black
<a_35><b_85><c_71> :: ids=[2938] :: fam=ventilation_fan :: VenTech VT DUCT-6 VTD625 Aluminum Duct for Ventilation Ducting, 6''
<a_190><b_173><c_203> :: ids=[338] :: fam=gauge_meter :: Etekcity Lasergrip 1080 Non-Contact Digital Laser Infrared Thermometer Temperature Gun -58~1022 (-50550), Yellow and Black
<a_35><b_170><c_107> :: ids=[218] :: fam=ventilation_fan :: Phresh Duct Silencer 8 in x 24 in",,,"<a_96><b_131><c_0> :: ids=[181, 182] :: fam=gauge_meter :: AcuRite 00613 Humidity Monitor with Indoor Thermometer, Digital Hygrometer and Humidity Gauge Indicator / AcuRite 00613 Humidity Monitor with Indoor Thermometer
<a_154><b_210><c_248> :: ids=[2807] :: fam=ventilation_fan :: VIVOSUN 6 Inch 440 CFM Inline Duct Ventilation Fan with Variable Speed Controller
<a_254><b_179><c_219> :: ids=[119] :: fam=other :: Rubbermaid Commercial BRUTE Heavy-Duty Round Waste/Utility Container with Venting Channels, 20-gallon, Gray (FG262000GRAY)
<a_106><b_155><c_82> :: ids=[152] :: fam=connector_fitting :: Camco 4ft TastePURE Drinking Water Hose - Lead and BPA Free, Reinforced for Maximum Kink Resistance,  1/2""Inner Diameter (22763)
<a_253><b_138><c_119> :: ids=[2198] :: fam=other :: WORKSHOP Ash Vacuum Cleaner WS0500ASH, 5-Gallon Ash Vac For Fireplaces, Stoves, BBQ Pits; 3.0 Peak Horsepower Ash Vacuum"
gain_vs_r680a,r680a,2202,other,332,DEWALT DW4523 4-1/2-Inch by 1/4-Inch by 5/8-Inch General Purpose Metal Grinding Wheel,<a_238><b_214><c_25>,3.0,,hit_at_10,1,2,"<a_238><b_232><c_129> :: ids=[335] :: fam=other :: Dewalt DW8061B5 4 x 0.045 Inch Metal and Stainless Steel Cutting Wheels , 4 Inch by 0.045-Inch
<a_238><b_214><c_7> :: ids=[328] :: fam=other :: DEWALT DW4528 4-1/2-Inch by 1/8-Inch by 7/8-Inch Concrete/Masonry Cutting Wheel
<a_238><b_214><c_25> :: ids=[332] :: fam=other :: DEWALT DW4523 4-1/2-Inch by 1/4-Inch by 5/8-Inch General Purpose Metal Grinding Wheel
<a_90><b_88><c_128> :: ids=[153] :: fam=other :: Alltrade 640912 Black 3 Ton,All-in-One Bottle Jack
<a_190><b_103><c_0> :: ids=[181, 182] :: fam=gauge_meter :: AcuRite 00613 Humidity Monitor with Indoor Thermometer, Digital Hygrometer and Humidity Gauge Indicator / AcuRite 00613 Humidity Monitor with Indoor Thermometer",,47.0,"<a_117><b_106><c_116> :: ids=[997] :: fam=other :: The Hillman Group 4839 1/8 Wire Rope Clip, 10-Pack
<a_36><b_12><c_50> :: ids=[335] :: fam=other :: Dewalt DW8061B5 4 x 0.045 Inch Metal and Stainless Steel Cutting Wheels , 4 Inch by 0.045-Inch
<a_144><b_178><c_142> :: ids=[153] :: fam=other :: Alltrade 640912 Black 3 Ton,All-in-One Bottle Jack
<a_180><b_128><c_228> :: ids=[201] :: fam=connector_fitting :: ColorConnex Coupler & Plug Kit (7 Piece), Industrial Type D, 1/4 in. NPT, Red - A73457D
<a_36><b_12><c_173> :: ids=[831] :: fam=other :: DEWALT DW8062B5 4-1/2-Inch by 0.045-Inch Metal and Stainless Cutting Wheel, 7/8-Inch Arbor, 5-Pack"
gain_vs_r680a,r680a,2216,gauge_meter,84,Neiko 01409A Electronic Digital Caliper with Extra Large LCD Screen | 0 - 12 Inches | Inch/Fractions/Millimeter Conversion,<a_197><b_173><c_161>,4.0,,hit_at_10,1,2,"<a_185><b_2><c_12> :: ids=[123] :: fam=other :: Red Devil 0325 Steel Wool, 2 Medium Course, 8 Pads
<a_185><b_211><c_122> :: ids=[1354] :: fam=other :: Red Devil Available 3332 Steel Wool Multi-Grade Pack
<a_185><b_254><c_5> :: ids=[1546] :: fam=other :: BreakFree CLP-PS Precision Shooter
<a_197><b_173><c_161> :: ids=[84] :: fam=gauge_meter :: Neiko 01409A Electronic Digital Caliper with Extra Large LCD Screen | 0 - 12 Inches | Inch/Fractions/Millimeter Conversion
<a_211><b_154><c_68> :: ids=[513] :: fam=other :: Kimberly-Clark Professional Kimtech Science KimWipes Delicate Task Wipers, 4.4 x 8.4 in. 1-ply",,,"<a_104><b_50><c_237> :: ids=[913] :: fam=other :: Housing Bracket for Big blue 10"" and 20"" filter housings
<a_103><b_204><c_74> :: ids=[123] :: fam=other :: Red Devil 0325 Steel Wool, 2 Medium Course, 8 Pads
<a_104><b_248><c_44> :: ids=[1336] :: fam=fastener :: STEREN Grip-Clip Single Coaxial Cable Mounting Fastener Clips, 100ct Black
<a_103><b_204><c_123> :: ids=[1354] :: fam=other :: Red Devil Available 3332 Steel Wool Multi-Grade Pack
<a_62><b_33><c_52> :: ids=[398] :: fam=other :: NTE Heat Shrink 2:1 Assorted Colors and Sizes 160 PCS"
gain_vs_r680a,r680a,2346,3d_filament,3494,"3D Solutech Real Yellow 3D Printer PLA Filament 1.75MM Filament, Dimensional Accuracy +/- 0.03 mm, 2.2 LBS (1.0KG)",<a_178><b_14><c_6>,1.0,,hit_at_10,1,4,"<a_178><b_14><c_6> :: ids=[2909, 3494] :: fam=3d_filament :: 3D Solutech Silver Metal 3D Printer PLA Filament 1.75MM Filament, Dimensional Accuracy +/- 0.03 mm, 2.2 LBS (1.0KG) - PLA175TCMS / 3D Solutech Real Yellow 3D Pr
<a_178><b_14><c_26> :: ids=[3442] :: fam=3d_filament :: 3D Solutech Real Purple 3D Printer PLA Filament 1.75MM Filament, Dimensional Accuracy +/- 0.03 mm, 2.2 LBS (1.0KG)
<a_178><b_14><c_135> :: ids=[2993] :: fam=3d_filament :: 3D Solutech Blue 3D Printer Ultra PLA Filament 1.75MM Filament, Dimensional Accuracy +/- 0.03 mm, 2.2 LBS (1.0KG)
<a_178><b_14><c_107> :: ids=[2161] :: fam=3d_filament :: 3D Solutech Natural Clear 1.75mm 3D Printer PLA Filament, Dimensional Accuracy +/- 0.03 mm, 2.2 LBS (1.0KG)
<a_178><b_14><c_150> :: ids=[3466] :: fam=3d_filament :: 3D Solutech Real Red 3D Printer PLA Filament 1.75MM, Dimensional Accuracy +/- 0.03 mm, 2.2 LBS (1.0KG) - RA-I00I-DQUY",,19.0,"<a_24><b_149><c_2> :: ids=[3112] :: fam=3d_filament :: 3D Solutech Real Black 3D Printer PLA Filament 1.75MM Filament, Dimensional Accuracy +/- 0.03 mm, 2.2 LBS (1.0KG) - PLA175RBLK
<a_24><b_149><c_24> :: ids=[2909] :: fam=3d_filament :: 3D Solutech Silver Metal 3D Printer PLA Filament 1.75MM Filament, Dimensional Accuracy +/- 0.03 mm, 2.2 LBS (1.0KG) - PLA175TCMS
<a_24><b_57><c_57> :: ids=[3557] :: fam=3d_filament :: 3D Solutech Chocolate Brown 3D Printer PLA Filament 1.75MM Filament 2.2 LBS (1.0KG)
<a_24><b_202><c_35> :: ids=[2659] :: fam=3d_filament :: 3D Solutech Apple Green 3D Printer PLA Filament 1.75MM Filament, Dimensional Accuracy +/- 0.03 mm, 2.2 LBS (1.0KG)
<a_67><b_247><c_199> :: ids=[162] :: fam=3d_filament :: USAFilament 9800429 ABS 3D Printing Filament, 2.2 lb, 1.75 mm, White Spool"
gain_vs_r680a,r680a,2347,3d_filament,3453,"3D Solutech Real Gold 3D Printer PLA Filament 1.75MM Filament, Dimensional Accuracy +/- 0.03 mm, 2.2 LBS (1.0KG)",<a_178><b_14><c_253>,8.0,,hit_at_10,1,4,"<a_178><b_14><c_6> :: ids=[2909, 3494] :: fam=3d_filament :: 3D Solutech Silver Metal 3D Printer PLA Filament 1.75MM Filament, Dimensional Accuracy +/- 0.03 mm, 2.2 LBS (1.0KG) - PLA175TCMS / 3D Solutech Real Yellow 3D Pr
<a_178><b_14><c_135> :: ids=[2993] :: fam=3d_filament :: 3D Solutech Blue 3D Printer Ultra PLA Filament 1.75MM Filament, Dimensional Accuracy +/- 0.03 mm, 2.2 LBS (1.0KG)
<a_178><b_14><c_107> :: ids=[2161] :: fam=3d_filament :: 3D Solutech Natural Clear 1.75mm 3D Printer PLA Filament, Dimensional Accuracy +/- 0.03 mm, 2.2 LBS (1.0KG)
<a_178><b_14><c_26> :: ids=[3442] :: fam=3d_filament :: 3D Solutech Real Purple 3D Printer PLA Filament 1.75MM Filament, Dimensional Accuracy +/- 0.03 mm, 2.2 LBS (1.0KG)
<a_178><b_14><c_150> :: ids=[3466] :: fam=3d_filament :: 3D Solutech Real Red 3D Printer PLA Filament 1.75MM, Dimensional Accuracy +/- 0.03 mm, 2.2 LBS (1.0KG) - RA-I00I-DQUY",,19.0,"<a_24><b_149><c_2> :: ids=[3112] :: fam=3d_filament :: 3D Solutech Real Black 3D Printer PLA Filament 1.75MM Filament, Dimensional Accuracy +/- 0.03 mm, 2.2 LBS (1.0KG) - PLA175RBLK
<a_24><b_149><c_24> :: ids=[2909] :: fam=3d_filament :: 3D Solutech Silver Metal 3D Printer PLA Filament 1.75MM Filament, Dimensional Accuracy +/- 0.03 mm, 2.2 LBS (1.0KG) - PLA175TCMS
<a_24><b_57><c_57> :: ids=[3557] :: fam=3d_filament :: 3D Solutech Chocolate Brown 3D Printer PLA Filament 1.75MM Filament 2.2 LBS (1.0KG)
<a_67><b_247><c_199> :: ids=[162] :: fam=3d_filament :: USAFilament 9800429 ABS 3D Printing Filament, 2.2 lb, 1.75 mm, White Spool
<a_24><b_202><c_35> :: ids=[2659] :: fam=3d_filament :: 3D Solutech Apple Green 3D Printer PLA Filament 1.75MM Filament, Dimensional Accuracy +/- 0.03 mm, 2.2 LBS (1.0KG)"
gain_vs_r680a,r680a,2356,3d_filament,3453,"3D Solutech Real Gold 3D Printer PLA Filament 1.75MM Filament, Dimensional Accuracy +/- 0.03 mm, 2.2 LBS (1.0KG)",<a_178><b_14><c_253>,8.0,,hit_at_10,1,4,"<a_178><b_14><c_6> :: ids=[2909, 3494] :: fam=3d_filament :: 3D Solutech Silver Metal 3D Printer PLA Filament 1.75MM Filament, Dimensional Accuracy +/- 0.03 mm, 2.2 LBS (1.0KG) - PLA175TCMS / 3D Solutech Real Yellow 3D Pr
<a_178><b_14><c_135> :: ids=[2993] :: fam=3d_filament :: 3D Solutech Blue 3D Printer Ultra PLA Filament 1.75MM Filament, Dimensional Accuracy +/- 0.03 mm, 2.2 LBS (1.0KG)
<a_178><b_14><c_26> :: ids=[3442] :: fam=3d_filament :: 3D Solutech Real Purple 3D Printer PLA Filament 1.75MM Filament, Dimensional Accuracy +/- 0.03 mm, 2.2 LBS (1.0KG)
<a_178><b_14><c_107> :: ids=[2161] :: fam=3d_filament :: 3D Solutech Natural Clear 1.75mm 3D Printer PLA Filament, Dimensional Accuracy +/- 0.03 mm, 2.2 LBS (1.0KG)
<a_178><b_14><c_94> :: ids=[3112] :: fam=3d_filament :: 3D Solutech Real Black 3D Printer PLA Filament 1.75MM Filament, Dimensional Accuracy +/- 0.03 mm, 2.2 LBS (1.0KG) - PLA175RBLK",,18.0,"<a_24><b_149><c_2> :: ids=[3112] :: fam=3d_filament :: 3D Solutech Real Black 3D Printer PLA Filament 1.75MM Filament, Dimensional Accuracy +/- 0.03 mm, 2.2 LBS (1.0KG) - PLA175RBLK
<a_24><b_149><c_24> :: ids=[2909] :: fam=3d_filament :: 3D Solutech Silver Metal 3D Printer PLA Filament 1.75MM Filament, Dimensional Accuracy +/- 0.03 mm, 2.2 LBS (1.0KG) - PLA175TCMS
<a_24><b_57><c_57> :: ids=[3557] :: fam=3d_filament :: 3D Solutech Chocolate Brown 3D Printer PLA Filament 1.75MM Filament 2.2 LBS (1.0KG)
<a_24><b_202><c_179> :: ids=[2697] :: fam=3d_filament :: 3D Solutech Real White 3D Printer PLA Filament 1.75MM Filament, Dimensional Accuracy +/- 0.03 mm, 2.2 LBS (1.0KG)
<a_24><b_202><c_35> :: ids=[2659] :: fam=3d_filament :: 3D Solutech Apple Green 3D Printer PLA Filament 1.75MM Filament, Dimensional Accuracy +/- 0.03 mm, 2.2 LBS (1.0KG)"
gain_vs_r680a,r680a,2358,3d_filament,1552,"3D Solutech Teal Blue 3D Printer PLA Filament 1.75MM Filament, Dimensional Accuracy +/- 0.03 mm, 2.2 LBS (1.0KG)",<a_178><b_14><c_115>,9.0,,hit_at_10,1,6,"<a_178><b_14><c_6> :: ids=[2909, 3494] :: fam=3d_filament :: 3D Solutech Silver Metal 3D Printer PLA Filament 1.75MM Filament, Dimensional Accuracy +/- 0.03 mm, 2.2 LBS (1.0KG) - PLA175TCMS / 3D Solutech Real Yellow 3D Pr
<a_178><b_14><c_135> :: ids=[2993] :: fam=3d_filament :: 3D Solutech Blue 3D Printer Ultra PLA Filament 1.75MM Filament, Dimensional Accuracy +/- 0.03 mm, 2.2 LBS (1.0KG)
<a_178><b_14><c_26> :: ids=[3442] :: fam=3d_filament :: 3D Solutech Real Purple 3D Printer PLA Filament 1.75MM Filament, Dimensional Accuracy +/- 0.03 mm, 2.2 LBS (1.0KG)
<a_178><b_14><c_107> :: ids=[2161] :: fam=3d_filament :: 3D Solutech Natural Clear 1.75mm 3D Printer PLA Filament, Dimensional Accuracy +/- 0.03 mm, 2.2 LBS (1.0KG)
<a_178><b_14><c_150> :: ids=[3466] :: fam=3d_filament :: 3D Solutech Real Red 3D Printer PLA Filament 1.75MM, Dimensional Accuracy +/- 0.03 mm, 2.2 LBS (1.0KG) - RA-I00I-DQUY",,16.0,"<a_24><b_149><c_2> :: ids=[3112] :: fam=3d_filament :: 3D Solutech Real Black 3D Printer PLA Filament 1.75MM Filament, Dimensional Accuracy +/- 0.03 mm, 2.2 LBS (1.0KG) - PLA175RBLK
<a_24><b_57><c_57> :: ids=[3557] :: fam=3d_filament :: 3D Solutech Chocolate Brown 3D Printer PLA Filament 1.75MM Filament 2.2 LBS (1.0KG)
<a_24><b_149><c_24> :: ids=[2909] :: fam=3d_filament :: 3D Solutech Silver Metal 3D Printer PLA Filament 1.75MM Filament, Dimensional Accuracy +/- 0.03 mm, 2.2 LBS (1.0KG) - PLA175TCMS
<a_24><b_57><c_232> :: ids=[3442] :: fam=3d_filament :: 3D Solutech Real Purple 3D Printer PLA Filament 1.75MM Filament, Dimensional Accuracy +/- 0.03 mm, 2.2 LBS (1.0KG)
<a_37><b_2><c_79> :: ids=[2544] :: fam=3d_filament :: SainSmart Clear Flexible TPU 3D Printing Filament, 1.75 mm, 0.8 kg, Dimensional Accuracy +/- 0.05 mm"
gain_vs_r680a,r680a,2360,3d_filament,2993,"3D Solutech Blue 3D Printer Ultra PLA Filament 1.75MM Filament, Dimensional Accuracy +/- 0.03 mm, 2.2 LBS (1.0KG)",<a_178><b_14><c_135>,3.0,,hit_at_10,1,6,"<a_178><b_14><c_6> :: ids=[2909, 3494] :: fam=3d_filament :: 3D Solutech Silver Metal 3D Printer PLA Filament 1.75MM Filament, Dimensional Accuracy +/- 0.03 mm, 2.2 LBS (1.0KG) - PLA175TCMS / 3D Solutech Real Yellow 3D Pr
<a_77><b_48><c_99> :: ids=[3613] :: fam=3d_filament :: iXCC Basic Series PLA 3D Printer Filament 1.75mm Diameter (Dimensional Accuracy +/- 0.05mm) - 1kg Spool (Approximately 2.2 lbs) [Red]
<a_178><b_14><c_135> :: ids=[2993] :: fam=3d_filament :: 3D Solutech Blue 3D Printer Ultra PLA Filament 1.75MM Filament, Dimensional Accuracy +/- 0.03 mm, 2.2 LBS (1.0KG)
<a_178><b_14><c_107> :: ids=[2161] :: fam=3d_filament :: 3D Solutech Natural Clear 1.75mm 3D Printer PLA Filament, Dimensional Accuracy +/- 0.03 mm, 2.2 LBS (1.0KG)
<a_178><b_14><c_94> :: ids=[3112] :: fam=3d_filament :: 3D Solutech Real Black 3D Printer PLA Filament 1.75MM Filament, Dimensional Accuracy +/- 0.03 mm, 2.2 LBS (1.0KG) - PLA175RBLK",,,"<a_24><b_149><c_2> :: ids=[3112] :: fam=3d_filament :: 3D Solutech Real Black 3D Printer PLA Filament 1.75MM Filament, Dimensional Accuracy +/- 0.03 mm, 2.2 LBS (1.0KG) - PLA175RBLK
<a_14><b_28><c_133> :: ids=[2721] :: fam=3d_filament :: 3D Solutech Navy Blue 3D Printer PLA Filament 1.75MM Filament, Dimensional Accuracy +/- 0.03 mm, 2.2 LBS (1.0KG)
<a_67><b_247><c_199> :: ids=[162] :: fam=3d_filament :: USAFilament 9800429 ABS 3D Printing Filament, 2.2 lb, 1.75 mm, White Spool
<a_60><b_195><c_233> :: ids=[3444] :: fam=3d_filament :: RepRap Champion Metal J-Head V6 Hot End for RepRap 3D Printer 1.75mm Filament Direct Feed Extruder 0.4mm Nozzle
<a_37><b_2><c_79> :: ids=[2544] :: fam=3d_filament :: SainSmart Clear Flexible TPU 3D Printing Filament, 1.75 mm, 0.8 kg, Dimensional Accuracy +/- 0.05 mm"
gain_vs_r680a,r680a,2368,3d_filament,1552,"3D Solutech Teal Blue 3D Printer PLA Filament 1.75MM Filament, Dimensional Accuracy +/- 0.03 mm, 2.2 LBS (1.0KG)",<a_178><b_14><c_115>,9.0,,hit_at_10,1,3,"<a_178><b_14><c_6> :: ids=[2909, 3494] :: fam=3d_filament :: 3D Solutech Silver Metal 3D Printer PLA Filament 1.75MM Filament, Dimensional Accuracy +/- 0.03 mm, 2.2 LBS (1.0KG) - PLA175TCMS / 3D Solutech Real Yellow 3D Pr
<a_178><b_14><c_135> :: ids=[2993] :: fam=3d_filament :: 3D Solutech Blue 3D Printer Ultra PLA Filament 1.75MM Filament, Dimensional Accuracy +/- 0.03 mm, 2.2 LBS (1.0KG)
<a_178><b_14><c_107> :: ids=[2161] :: fam=3d_filament :: 3D Solutech Natural Clear 1.75mm 3D Printer PLA Filament, Dimensional Accuracy +/- 0.03 mm, 2.2 LBS (1.0KG)
<a_178><b_14><c_26> :: ids=[3442] :: fam=3d_filament :: 3D Solutech Real Purple 3D Printer PLA Filament 1.75MM Filament, Dimensional Accuracy +/- 0.03 mm, 2.2 LBS (1.0KG)
<a_178><b_14><c_94> :: ids=[3112] :: fam=3d_filament :: 3D Solutech Real Black 3D Printer PLA Filament 1.75MM Filament, Dimensional Accuracy +/- 0.03 mm, 2.2 LBS (1.0KG) - PLA175RBLK",,22.0,"<a_24><b_149><c_2> :: ids=[3112] :: fam=3d_filament :: 3D Solutech Real Black 3D Printer PLA Filament 1.75MM Filament, Dimensional Accuracy +/- 0.03 mm, 2.2 LBS (1.0KG) - PLA175RBLK
<a_24><b_57><c_57> :: ids=[3557] :: fam=3d_filament :: 3D Solutech Chocolate Brown 3D Printer PLA Filament 1.75MM Filament 2.2 LBS (1.0KG)
<a_24><b_149><c_24> :: ids=[2909] :: fam=3d_filament :: 3D Solutech Silver Metal 3D Printer PLA Filament 1.75MM Filament, Dimensional Accuracy +/- 0.03 mm, 2.2 LBS (1.0KG) - PLA175TCMS
<a_24><b_57><c_89> :: ids=[3466] :: fam=3d_filament :: 3D Solutech Real Red 3D Printer PLA Filament 1.75MM, Dimensional Accuracy +/- 0.03 mm, 2.2 LBS (1.0KG) - RA-I00I-DQUY
<a_24><b_57><c_232> :: ids=[3442] :: fam=3d_filament :: 3D Solutech Real Purple 3D Printer PLA Filament 1.75MM Filament, Dimensional Accuracy +/- 0.03 mm, 2.2 LBS (1.0KG)"
gain_vs_r680a,r680a,2410,other,281,SE TL10 10-Piece Test Lead Set with Alligator Clips,<a_118><b_59><c_100>,5.0,,hit_at_10,1,3,"<a_190><b_103><c_0> :: ids=[181, 182] :: fam=gauge_meter :: AcuRite 00613 Humidity Monitor with Indoor Thermometer, Digital Hygrometer and Humidity Gauge Indicator / AcuRite 00613 Humidity Monitor with Indoor Thermometer
<a_190><b_185><c_201> :: ids=[159] :: fam=gauge_meter :: Etekcity Lasergrip 774 Non-contact Digital Laser Infrared Thermometer Temperature Gun -58~ 716 (-50 ~ 380), Yellow and Black
<a_109><b_114><c_135> :: ids=[176] :: fam=other :: URBEST 530 Pcs 2:1 Heat Shrink Tubing Tube Sleeving Wrap Cable Wire 5 Color 8 Size
<a_190><b_173><c_203> :: ids=[338] :: fam=gauge_meter :: Etekcity Lasergrip 1080 Non-Contact Digital Laser Infrared Thermometer Temperature Gun -58~1022 (-50550), Yellow and Black
<a_118><b_59><c_100> :: ids=[281] :: fam=other :: SE TL10 10-Piece Test Lead Set with Alligator Clips",,,"<a_131><b_197><c_0> :: ids=[2956, 2957] :: fam=other :: DBPOWER 2 MP 15M Tube USB Waterproof Hd 6-led Borescope Endoscope Inspection Camera(Silver Head) / DBPOWER 2 MP 15M Tube USB Waterproof Hd 6-led Borescope Endos
<a_106><b_155><c_82> :: ids=[152] :: fam=connector_fitting :: Camco 4ft TastePURE Drinking Water Hose - Lead and BPA Free, Reinforced for Maximum Kink Resistance,  1/2""Inner Diameter (22763)
<a_159><b_120><c_100> :: ids=[206] :: fam=other :: Fluke 1AC-A1-II VoltAlert Non-Contact Voltage Tester
<a_96><b_131><c_0> :: ids=[181, 182] :: fam=gauge_meter :: AcuRite 00613 Humidity Monitor with Indoor Thermometer, Digital Hygrometer and Humidity Gauge Indicator / AcuRite 00613 Humidity Monitor with Indoor Thermometer
<a_43><b_9><c_34> :: ids=[998] :: fam=other :: TEKTON 7609 Telescoping Lighted Inspection Mirror"
gain_vs_r680a,r680a,2524,gauge_meter,769,Nubee Temperature Gun Non-contact Digital Laser Infrared IR Thermometer,<a_190><b_185><c_237>,7.0,,hit_at_10,1,1,"<a_190><b_103><c_0> :: ids=[181, 182] :: fam=gauge_meter :: AcuRite 00613 Humidity Monitor with Indoor Thermometer, Digital Hygrometer and Humidity Gauge Indicator / AcuRite 00613 Humidity Monitor with Indoor Thermometer
<a_190><b_185><c_201> :: ids=[159] :: fam=gauge_meter :: Etekcity Lasergrip 774 Non-contact Digital Laser Infrared Thermometer Temperature Gun -58~ 716 (-50 ~ 380), Yellow and Black
<a_35><b_85><c_71> :: ids=[2938] :: fam=ventilation_fan :: VenTech VT DUCT-6 VTD625 Aluminum Duct for Ventilation Ducting, 6''
<a_190><b_64><c_29> :: ids=[819] :: fam=3d_filament :: Inkbird ITC-1000 Dual Stage Digital Temperature Controller Fahrenheit  Celsius Thermostat with Sensor for 3D Printer,Freezer,Fridge,Hatching ect (12 Volt)
<a_35><b_170><c_107> :: ids=[218] :: fam=ventilation_fan :: Phresh Duct Silencer 8 in x 24 in",,,"<a_96><b_131><c_0> :: ids=[181, 182] :: fam=gauge_meter :: AcuRite 00613 Humidity Monitor with Indoor Thermometer, Digital Hygrometer and Humidity Gauge Indicator / AcuRite 00613 Humidity Monitor with Indoor Thermometer
<a_161><b_212><c_57> :: ids=[3018] :: fam=ventilation_fan :: VenTech VT DUCT-4 VTD425 Aluminum Duct for Ventilation Ducting, 4''
<a_161><b_212><c_178> :: ids=[2938] :: fam=ventilation_fan :: VenTech VT DUCT-6 VTD625 Aluminum Duct for Ventilation Ducting, 6''
<a_211><b_75><c_3> :: ids=[218] :: fam=ventilation_fan :: Phresh Duct Silencer 8 in x 24 in
<a_206><b_65><c_85> :: ids=[125] :: fam=tape :: Gorilla 6100101 Tape Handy Roll, 1-Pack, Black"
gain_vs_r680a,r680a,2539,3d_filament,2703,"eSUN 3D 1.75mm PETG Black Filament 1kg (2.2lb), PETG 3D Printer Filament, 1.75mm Solid Opaque Black",<a_178><b_156><c_59>,2.0,,hit_at_10,1,1,"<a_178><b_156><c_135> :: ids=[2893] :: fam=3d_filament :: eSUN 3D 1.75mm PETG White Filament 1kg (2.2lb), PETG 3D Printer Filament, 1.75mm Solid Opaque White
<a_178><b_156><c_59> :: ids=[2703] :: fam=3d_filament :: eSUN 3D 1.75mm PETG Black Filament 1kg (2.2lb), PETG 3D Printer Filament, 1.75mm Solid Opaque Black
<a_220><b_114><c_145> :: ids=[2932] :: fam=3d_filament :: Inland 1.75mm Blue PLA 3D Printer Filament - 1kg Spool (2.2 lbs)
<a_178><b_156><c_58> :: ids=[2157] :: fam=3d_filament :: eSUN 3D 1.75mm PETG Blue Filament 1kg (2.2lb), PETG 3D Printer Filament, 1.75mm Semi-Transparent Blue
<a_178><b_20><c_140> :: ids=[1794] :: fam=3d_filament :: Filabot 910175 Taulman 910 Alloy, 1.75"" Filament Diameter, Natural",,,"<a_14><b_250><c_146> :: ids=[1206] :: fam=3d_filament :: eSUN 1.75mm Black PLA PRO (PLA+) 3D Printer Filament 1KG Spool (2.2lbs), Black
<a_60><b_195><c_233> :: ids=[3444] :: fam=3d_filament :: RepRap Champion Metal J-Head V6 Hot End for RepRap 3D Printer 1.75mm Filament Direct Feed Extruder 0.4mm Nozzle
<a_37><b_2><c_79> :: ids=[2544] :: fam=3d_filament :: SainSmart Clear Flexible TPU 3D Printing Filament, 1.75 mm, 0.8 kg, Dimensional Accuracy +/- 0.05 mm
<a_37><b_6><c_14> :: ids=[2730] :: fam=3d_filament :: PTFE Teflon Bowden Tube for 1.75 Filament (2.0mm ID/4.0mm OD) &ndash; White Connector Tubing for 3D Printer - 2.0 Meters
<a_118><b_78><c_16> :: ids=[1851] :: fam=3d_filament :: HATCHBOX PLA 3D Printer Filament, Dimensional Accuracy +/- 0.03 mm, 1 kg Spool, 1.75 mm, Yellow"
gain_vs_r680a,r680a,2661,ventilation_fan,1607,"Rubbermaid Commercial Products Slim Jim Trash Can Waste Receptacle with Venting Channels, 23 Gallons, Gray (FG354060GRAY)",<a_90><b_109><c_107>,8.0,,hit_at_10,1,3,"<a_90><b_109><c_185> :: ids=[119] :: fam=other :: Rubbermaid Commercial BRUTE Heavy-Duty Round Waste/Utility Container with Venting Channels, 20-gallon, Gray (FG262000GRAY)
<a_90><b_241><c_3> :: ids=[526] :: fam=ventilation_fan :: Rubbermaid Commercial Products FG263100GRAY Rubbermaid Commercial Round Brute Container Lid, Gray, 32G
<a_90><b_58><c_141> :: ids=[1002] :: fam=ventilation_fan :: Rubbermaid Commercial Products FG267360BLUE Slim Jim Trash Can, Swing Lid, Blue
<a_90><b_58><c_4> :: ids=[713] :: fam=ventilation_fan :: Rubbermaid Commercial Products FG295673BLUE Plastic Resin Deskside Recycling Can, 7 Gallon/28 Quart, Blue Recycling Symbol (Pack of 12)
<a_90><b_241><c_8> :: ids=[3409] :: fam=ventilation_fan :: Rubbermaid Commercial Products BRUTE Heavy-Duty Round Waste/Utility Lid for 20-Gallon Container, White (FG261960WHT)",,,"<a_30><b_135><c_4> :: ids=[463] :: fam=tape :: Hosa GFT-450BK BULK 3"" x 180' Gaffer Tape, Black
<a_254><b_179><c_219> :: ids=[119] :: fam=other :: Rubbermaid Commercial BRUTE Heavy-Duty Round Waste/Utility Container with Venting Channels, 20-gallon, Gray (FG262000GRAY)
<a_69><b_66><c_182> :: ids=[2699] :: fam=other :: Shark Pet-Perfect Cordless Bagless Portable Hand Vacuum for Carpet and Hard Floor with Rechargeable 12V Battery (SV75Z), Gray
<a_69><b_204><c_68> :: ids=[2247] :: fam=other :: Dyson DC50 Animal  Compact Upright Vacuum Cleaner, Iron/Purple - Corded
<a_83><b_77><c_216> :: ids=[2315] :: fam=other :: Brawny Dine-A-Cloth 29651 FLAX 700 Medium Duty Back-of-House Foodservice Wipers, 1/4 Fold (Pack of 150)"
gain_vs_r680a,r680a,2858,ventilation_fan,526,"Rubbermaid Commercial Products FG263100GRAY Rubbermaid Commercial Round Brute Container Lid, Gray, 32G",<a_90><b_241><c_3>,2.0,,hit_at_10,1,2,"<a_90><b_109><c_185> :: ids=[119] :: fam=other :: Rubbermaid Commercial BRUTE Heavy-Duty Round Waste/Utility Container with Venting Channels, 20-gallon, Gray (FG262000GRAY)
<a_90><b_241><c_3> :: ids=[526] :: fam=ventilation_fan :: Rubbermaid Commercial Products FG263100GRAY Rubbermaid Commercial Round Brute Container Lid, Gray, 32G
<a_90><b_21><c_8> :: ids=[847] :: fam=other :: Hi-Lift Jack ORB Off-Road Base
<a_31><b_89><c_252> :: ids=[130] :: fam=tape :: Gorilla Tape, Black Duct Tape, 1.88"" x 35 yd, Black, (Pack of 1)
<a_190><b_103><c_0> :: ids=[181, 182] :: fam=gauge_meter :: AcuRite 00613 Humidity Monitor with Indoor Thermometer, Digital Hygrometer and Humidity Gauge Indicator / AcuRite 00613 Humidity Monitor with Indoor Thermometer",,,"<a_254><b_179><c_219> :: ids=[119] :: fam=other :: Rubbermaid Commercial BRUTE Heavy-Duty Round Waste/Utility Container with Venting Channels, 20-gallon, Gray (FG262000GRAY)
<a_205><b_136><c_4> :: ids=[950] :: fam=tape :: X-Treme Tape TPE-XZLCLR Silicone Rubber Self Fusing Tape, 1"" x 10', Triangular, Clear
<a_96><b_131><c_0> :: ids=[181, 182] :: fam=gauge_meter :: AcuRite 00613 Humidity Monitor with Indoor Thermometer, Digital Hygrometer and Humidity Gauge Indicator / AcuRite 00613 Humidity Monitor with Indoor Thermometer
<a_89><b_54><c_66> :: ids=[659] :: fam=other :: Stanley MR100CG Contractor Grade Riveter
<a_52><b_206><c_64> :: ids=[278] :: fam=tape :: T-Rex 241309 Shurtech Ferociously Strong Tape, 12 Yd L X 1.88 in W, 1-Roll, 12 Yards, Gunmetal Gray"
gain_vs_r680a,r680a,2862,connector_fitting,1772,"Dixon Valve HHP2M Brass Fitting, Hex Head Plug, 1/4"" NPT Male",<a_181><b_246><c_255>,5.0,,hit_at_10,1,1,"<a_90><b_109><c_185> :: ids=[119] :: fam=other :: Rubbermaid Commercial BRUTE Heavy-Duty Round Waste/Utility Container with Venting Channels, 20-gallon, Gray (FG262000GRAY)
<a_166><b_67><c_9> :: ids=[1768] :: fam=connector_fitting :: Anderson Metals Brass Pipe Fitting, Barstock Street Tee, 1/8"" Female Pipe x 1/8"" Male Pipe x 1/8"" Female Pipe
<a_166><b_130><c_26> :: ids=[1035] :: fam=connector_fitting :: Anderson Metals Brass Pipe Fitting, 90 Degree Barstock Street Elbow, 3/8"" Male Pipe x 3/8"" Female Pipe
<a_166><b_31><c_194> :: ids=[3345] :: fam=connector_fitting :: Red Brass Pipe Fitting, Nipple, Schedule 40 Seamless, 1/4"" NPT Male X 3"" Length
<a_181><b_246><c_255> :: ids=[1772] :: fam=connector_fitting :: Dixon Valve HHP2M Brass Fitting, Hex Head Plug, 1/4"" NPT Male",,,"<a_254><b_179><c_219> :: ids=[119] :: fam=other :: Rubbermaid Commercial BRUTE Heavy-Duty Round Waste/Utility Container with Venting Channels, 20-gallon, Gray (FG262000GRAY)
<a_5><b_102><c_173> :: ids=[690] :: fam=other :: SharkBite 22223-0000LFA Ball Valve 1 Inch x 1 Inch, Water Valve Shut Off, Push-to-Connect, PEX, Copper, CPVC, PE-RT
<a_235><b_173><c_161> :: ids=[42] :: fam=connector_fitting :: Precision Brand M6S Micro Seal, Miniature All Stainless Worm Gear Hose Clamp, 5/16"" - 7/8"" (Pack of 10)
<a_17><b_102><c_108> :: ids=[979] :: fam=connector_fitting :: Anderson Metals Brass Threaded Pipe Fitting, Hex Bushing, 3/4"" Male x 1/2"" Female
<a_17><b_80><c_6> :: ids=[1035] :: fam=connector_fitting :: Anderson Metals Brass Pipe Fitting, 90 Degree Barstock Street Elbow, 3/8"" Male Pipe x 3/8"" Female Pipe"
gain_vs_r680a,r680a,2910,gauge_meter,1870,"iGaging 100-D68 Caliper Depth Base T-Bar Attachment for Dial/Digital/Vernier Calipers, 4"", 6"", 8"", 12",<a_197><b_57><c_113>,6.0,,hit_at_10,1,3,"<a_162><b_228><c_221> :: ids=[1158] :: fam=gauge_meter :: 6061 Aluminum Round Rod, Unpolished (Mill) Finish, Extruded, T6511 Temper, ASTM B221, 1/2"" Diameter, 24"" Length
<a_162><b_228><c_177> :: ids=[1157] :: fam=gauge_meter :: 6061 Aluminum Round Rod, Unpolished (Mill) Finish, Extruded, T6511 Temper, ASTM B221, 2"" Diameter, 12"" Length
<a_243><b_159><c_162> :: ids=[1125] :: fam=gauge_meter :: 304 Stainless Steel Round Rod, Unpolished (Mill) Finish, Annealed, AMS 5639/ASTM A276/AMS QQ-S 763/ASTM A276, 0.625"" Diameter, 60"" Length
<a_162><b_228><c_133> :: ids=[1156] :: fam=gauge_meter :: 6061 Aluminum Round Rod, Unpolished (Mill) Finish, Extruded, T6511 Temper, ASTM B221, 1-5/8"" Diameter, 24"" Length
<a_151><b_40><c_94> :: ids=[78] :: fam=other :: PSI LCENTLT2 No. 2MT Heavy Duty Live Tailstock Center",,,"<a_76><b_191><c_244> :: ids=[1158] :: fam=gauge_meter :: 6061 Aluminum Round Rod, Unpolished (Mill) Finish, Extruded, T6511 Temper, ASTM B221, 1/2"" Diameter, 24"" Length
<a_76><b_191><c_3> :: ids=[1157] :: fam=gauge_meter :: 6061 Aluminum Round Rod, Unpolished (Mill) Finish, Extruded, T6511 Temper, ASTM B221, 2"" Diameter, 12"" Length
<a_89><b_54><c_66> :: ids=[659] :: fam=other :: Stanley MR100CG Contractor Grade Riveter
<a_96><b_135><c_55> :: ids=[266] :: fam=gauge_meter :: iGaging ABSOLUTE ORIGIN 0-6"" Digital Electronic Caliper - IP54 Protection/Extreme Accuracy
<a_254><b_179><c_219> :: ids=[119] :: fam=other :: Rubbermaid Commercial BRUTE Heavy-Duty Round Waste/Utility Container with Venting Channels, 20-gallon, Gray (FG262000GRAY)"
gain_vs_r680a,r680a,2955,3d_filament,2932,Inland 1.75mm Blue PLA 3D Printer Filament - 1kg Spool (2.2 lbs),<a_220><b_114><c_145>,4.0,,hit_at_10,1,1,"<a_212><b_114><c_79> :: ids=[3600] :: fam=other :: Micro-Swiss HW-NOZ-MK10-04 Plated Brass Wear Resistant Nozzles, 1.75 mm, MK10 (Flash Forge/Dremel/Wanhao) 0.4 mm, Bright Nickel
<a_178><b_150><c_117> :: ids=[2544] :: fam=3d_filament :: SainSmart Clear Flexible TPU 3D Printing Filament, 1.75 mm, 0.8 kg, Dimensional Accuracy +/- 0.05 mm
<a_193><b_46><c_91> :: ids=[563] :: fam=3d_filament :: Foreasy 3D Printer Tool 3D Print Removal Tool Enhanced Version Set of 2
<a_220><b_114><c_145> :: ids=[2932] :: fam=3d_filament :: Inland 1.75mm Blue PLA 3D Printer Filament - 1kg Spool (2.2 lbs)
<a_178><b_150><c_186> :: ids=[2714] :: fam=3d_filament :: NinjaFlex TPU 3D Printing Filament - 1.75mm .50kg - SAPPHIRE",,,"<a_37><b_2><c_79> :: ids=[2544] :: fam=3d_filament :: SainSmart Clear Flexible TPU 3D Printing Filament, 1.75 mm, 0.8 kg, Dimensional Accuracy +/- 0.05 mm
<a_37><b_173><c_218> :: ids=[3600] :: fam=other :: Micro-Swiss HW-NOZ-MK10-04 Plated Brass Wear Resistant Nozzles, 1.75 mm, MK10 (Flash Forge/Dremel/Wanhao) 0.4 mm, Bright Nickel
<a_60><b_195><c_233> :: ids=[3444] :: fam=3d_filament :: RepRap Champion Metal J-Head V6 Hot End for RepRap 3D Printer 1.75mm Filament Direct Feed Extruder 0.4mm Nozzle
<a_107><b_3><c_159> :: ids=[1205] :: fam=other :: PEI (Polyetherimide) Sheet, Opaque Off-White, Standard Tolerance, ASTM D5205 PEI0113, 0.03"" Thickness, 12"" Width, 24"" Length
<a_37><b_6><c_14> :: ids=[2730] :: fam=3d_filament :: PTFE Teflon Bowden Tube for 1.75 Filament (2.0mm ID/4.0mm OD) &ndash; White Connector Tubing for 3D Printer - 2.0 Meters"
gain_vs_r680a,r680a,3042,3d_filament,3442,"3D Solutech Real Purple 3D Printer PLA Filament 1.75MM Filament, Dimensional Accuracy +/- 0.03 mm, 2.2 LBS (1.0KG)",<a_178><b_14><c_26>,6.0,,hit_at_10,1,2,"<a_178><b_14><c_6> :: ids=[2909, 3494] :: fam=3d_filament :: 3D Solutech Silver Metal 3D Printer PLA Filament 1.75MM Filament, Dimensional Accuracy +/- 0.03 mm, 2.2 LBS (1.0KG) - PLA175TCMS / 3D Solutech Real Yellow 3D Pr
<a_178><b_14><c_94> :: ids=[3112] :: fam=3d_filament :: 3D Solutech Real Black 3D Printer PLA Filament 1.75MM Filament, Dimensional Accuracy +/- 0.03 mm, 2.2 LBS (1.0KG) - PLA175RBLK
<a_178><b_14><c_107> :: ids=[2161] :: fam=3d_filament :: 3D Solutech Natural Clear 1.75mm 3D Printer PLA Filament, Dimensional Accuracy +/- 0.03 mm, 2.2 LBS (1.0KG)
<a_178><b_14><c_135> :: ids=[2993] :: fam=3d_filament :: 3D Solutech Blue 3D Printer Ultra PLA Filament 1.75MM Filament, Dimensional Accuracy +/- 0.03 mm, 2.2 LBS (1.0KG)
<a_178><b_14><c_75> :: ids=[2697] :: fam=3d_filament :: 3D Solutech Real White 3D Printer PLA Filament 1.75MM Filament, Dimensional Accuracy +/- 0.03 mm, 2.2 LBS (1.0KG)",,11.0,"<a_24><b_149><c_2> :: ids=[3112] :: fam=3d_filament :: 3D Solutech Real Black 3D Printer PLA Filament 1.75MM Filament, Dimensional Accuracy +/- 0.03 mm, 2.2 LBS (1.0KG) - PLA175RBLK
<a_24><b_149><c_24> :: ids=[2909] :: fam=3d_filament :: 3D Solutech Silver Metal 3D Printer PLA Filament 1.75MM Filament, Dimensional Accuracy +/- 0.03 mm, 2.2 LBS (1.0KG) - PLA175TCMS
<a_24><b_57><c_57> :: ids=[3557] :: fam=3d_filament :: 3D Solutech Chocolate Brown 3D Printer PLA Filament 1.75MM Filament 2.2 LBS (1.0KG)
<a_24><b_57><c_89> :: ids=[3466] :: fam=3d_filament :: 3D Solutech Real Red 3D Printer PLA Filament 1.75MM, Dimensional Accuracy +/- 0.03 mm, 2.2 LBS (1.0KG) - RA-I00I-DQUY
<a_24><b_57><c_193> :: ids=[3547] :: fam=3d_filament :: 3D Solutech See Through Blue 1.75mm PETG 3D Printer Filament 2.2 LBS (1.0KG)"
gain_vs_r680a,r680a,3121,other,7,"UltraSource 192033 Hamburger Patty Paper, 5.5"" x 5.5"" (Pack of 1000)",<a_171><b_161><c_0>,3.0,,hit_at_10,1,2,"<a_93><b_19><c_0> :: ids=[1249, 1250] :: fam=other :: T-fal C51402 Excite Nonstick Thermo-Spot Dishwasher Safe Oven Safe PFOA Free Fry Pan Cookware, 8-Inch, Red / T-fal C51402 Excite Nonstick Thermo-Spot Dishwasher
<a_93><b_19><c_177> :: ids=[1248] :: fam=other :: T-fal C51407 Excite Nonstick Thermo-Spot Dishwasher Safe Oven Safe PFOA Free Fry Pan Cookware, 12-Inch, Red
<a_171><b_161><c_0> :: ids=[7, 8] :: fam=other :: UltraSource 192033 Hamburger Patty Paper, 5.5"" x 5.5"" (Pack of 1000) / UltraSource 192033 Hamburger Patty Paper, 5.5"" x 5.5"" (Pack of 1000)
<a_77><b_20><c_245> :: ids=[2030] :: fam=other :: The Texas Waffle Maker
<a_93><b_41><c_131> :: ids=[1100] :: fam=other :: Trinity TLS-0201 EcoStorage NSF, 48-Inch Stainless Steel Utility Table",,11.0,"<a_100><b_143><c_0> :: ids=[1249, 1250] :: fam=other :: T-fal C51402 Excite Nonstick Thermo-Spot Dishwasher Safe Oven Safe PFOA Free Fry Pan Cookware, 8-Inch, Red / T-fal C51402 Excite Nonstick Thermo-Spot Dishwasher
<a_100><b_143><c_223> :: ids=[1248] :: fam=other :: T-fal C51407 Excite Nonstick Thermo-Spot Dishwasher Safe Oven Safe PFOA Free Fry Pan Cookware, 12-Inch, Red
<a_187><b_212><c_116> :: ids=[465] :: fam=other :: Dorman Hardware 4-9845 Peggable Wire Basket Set, 3-Pack
<a_187><b_97><c_208> :: ids=[1251] :: fam=fastener :: OOK 55300 Hangman Double Headed Bear Claw 4 In 1 Screw, 12-Count
<a_187><b_221><c_126> :: ids=[2160] :: fam=other :: Dorman Hardware 4-9820 Peghooks, Value-Pack, 28-Piece"
gain_vs_r680a,r680a,3208,3d_filament,1553,Inland 1.75mm Red PLA 3D Printer Filament - 1kg Spool (2.2 lbs),<a_220><b_114><c_85>,9.0,,hit_at_10,1,2,"<a_220><b_114><c_145> :: ids=[2932] :: fam=3d_filament :: Inland 1.75mm Blue PLA 3D Printer Filament - 1kg Spool (2.2 lbs)
<a_212><b_114><c_79> :: ids=[3600] :: fam=other :: Micro-Swiss HW-NOZ-MK10-04 Plated Brass Wear Resistant Nozzles, 1.75 mm, MK10 (Flash Forge/Dremel/Wanhao) 0.4 mm, Bright Nickel
<a_178><b_150><c_117> :: ids=[2544] :: fam=3d_filament :: SainSmart Clear Flexible TPU 3D Printing Filament, 1.75 mm, 0.8 kg, Dimensional Accuracy +/- 0.05 mm
<a_220><b_114><c_53> :: ids=[2734] :: fam=3d_filament :: Inland 1.75mm White PLA 3D Printer Filament - 1kg Spool (2.2 lbs)
<a_220><b_114><c_156> :: ids=[2934] :: fam=3d_filament :: Inland 1.75mm Yellow PLA 3D Printer Filament - 1kg Spool (2.2 lbs)",,18.0,"<a_60><b_195><c_233> :: ids=[3444] :: fam=3d_filament :: RepRap Champion Metal J-Head V6 Hot End for RepRap 3D Printer 1.75mm Filament Direct Feed Extruder 0.4mm Nozzle
<a_14><b_202><c_60> :: ids=[2718] :: fam=3d_filament :: Inland 1.75mm Pink PLA 3D Printer Filament - 1kg Spool (2.2 lbs)
<a_14><b_202><c_139> :: ids=[2932] :: fam=3d_filament :: Inland 1.75mm Blue PLA 3D Printer Filament - 1kg Spool (2.2 lbs)
<a_14><b_202><c_2> :: ids=[2485] :: fam=3d_filament :: Inland 1.75mm Gold PLA 3D Printer Filament - 1kg Spool (2.2 lbs)
<a_14><b_202><c_86> :: ids=[2979] :: fam=3d_filament :: Inland 1.75mm Gray PLA 3D Printer Filament - 1kg Spool (2.2 lbs)"
gain_vs_r680a,r680a,3211,gauge_meter,181,"AcuRite 00613 Humidity Monitor with Indoor Thermometer, Digital Hygrometer and Humidity Gauge Indicator",<a_190><b_103><c_0>,4.0,,hit_at_10,1,2,"<a_197><b_130><c_6> :: ids=[415] :: fam=other :: Miller Electric 229895 Gage, Wire Metal Sizes
<a_197><b_173><c_161> :: ids=[84] :: fam=gauge_meter :: Neiko 01409A Electronic Digital Caliper with Extra Large LCD Screen | 0 - 12 Inches | Inch/Fractions/Millimeter Conversion
<a_31><b_235><c_13> :: ids=[1210] :: fam=tape :: Sparco Sealing Tape Transparent Heavy Duty, 48mm x 50m, 6 Rolls (60041)
<a_190><b_103><c_0> :: ids=[181, 182] :: fam=gauge_meter :: AcuRite 00613 Humidity Monitor with Indoor Thermometer, Digital Hygrometer and Humidity Gauge Indicator / AcuRite 00613 Humidity Monitor with Indoor Thermometer
<a_92><b_110><c_254> :: ids=[1042] :: fam=other :: uxcell Mandrel Mounted White Conical Felt Point Polishing Tool",,41.0,"<a_230><b_94><c_212> :: ids=[40] :: fam=other :: Forney 20859 Cutting Fluid, Industrial Pro Tap Magic, 1-Gallon
<a_1><b_178><c_242> :: ids=[1286] :: fam=other :: Accessbuy 180-Piece Rubber Grommet Shop Assortment
<a_145><b_95><c_191> :: ids=[392] :: fam=other :: SummitLink Pack of 328 Pcs Assorted Heat Shrink Tube 5 Colors 8 Sizes Tubing Wrap Sleeve Set Combo
<a_245><b_174><c_121> :: ids=[395] :: fam=other :: Arctic Silver 5 AS5-3.5G Thermal Paste
<a_205><b_103><c_108> :: ids=[23] :: fam=tape :: Gardner Bender 07315001126 LTB-400 Liquid Electrical Tape, Easy-on, Waterproof, Indoor/Outdoor Use, 4 Oz. Jar, Black, Bottle"
gain_vs_r680a,r680a,3473,3d_filament,3466,"3D Solutech Real Red 3D Printer PLA Filament 1.75MM, Dimensional Accuracy +/- 0.03 mm, 2.2 LBS (1.0KG) - RA-I00I-DQUY",<a_178><b_14><c_150>,6.0,,hit_at_10,1,2,"<a_178><b_14><c_6> :: ids=[2909, 3494] :: fam=3d_filament :: 3D Solutech Silver Metal 3D Printer PLA Filament 1.75MM Filament, Dimensional Accuracy +/- 0.03 mm, 2.2 LBS (1.0KG) - PLA175TCMS / 3D Solutech Real Yellow 3D Pr
<a_178><b_14><c_107> :: ids=[2161] :: fam=3d_filament :: 3D Solutech Natural Clear 1.75mm 3D Printer PLA Filament, Dimensional Accuracy +/- 0.03 mm, 2.2 LBS (1.0KG)
<a_178><b_14><c_94> :: ids=[3112] :: fam=3d_filament :: 3D Solutech Real Black 3D Printer PLA Filament 1.75MM Filament, Dimensional Accuracy +/- 0.03 mm, 2.2 LBS (1.0KG) - PLA175RBLK
<a_178><b_14><c_135> :: ids=[2993] :: fam=3d_filament :: 3D Solutech Blue 3D Printer Ultra PLA Filament 1.75MM Filament, Dimensional Accuracy +/- 0.03 mm, 2.2 LBS (1.0KG)
<a_220><b_114><c_145> :: ids=[2932] :: fam=3d_filament :: Inland 1.75mm Blue PLA 3D Printer Filament - 1kg Spool (2.2 lbs)",,12.0,"<a_24><b_149><c_2> :: ids=[3112] :: fam=3d_filament :: 3D Solutech Real Black 3D Printer PLA Filament 1.75MM Filament, Dimensional Accuracy +/- 0.03 mm, 2.2 LBS (1.0KG) - PLA175RBLK
<a_60><b_195><c_233> :: ids=[3444] :: fam=3d_filament :: RepRap Champion Metal J-Head V6 Hot End for RepRap 3D Printer 1.75mm Filament Direct Feed Extruder 0.4mm Nozzle
<a_24><b_149><c_24> :: ids=[2909] :: fam=3d_filament :: 3D Solutech Silver Metal 3D Printer PLA Filament 1.75MM Filament, Dimensional Accuracy +/- 0.03 mm, 2.2 LBS (1.0KG) - PLA175TCMS
<a_14><b_202><c_139> :: ids=[2932] :: fam=3d_filament :: Inland 1.75mm Blue PLA 3D Printer Filament - 1kg Spool (2.2 lbs)
<a_67><b_247><c_199> :: ids=[162] :: fam=3d_filament :: USAFilament 9800429 ABS 3D Printing Filament, 2.2 lb, 1.75 mm, White Spool"
gain_vs_r680a,r680a,3491,gauge_meter,159,"Etekcity Lasergrip 774 Non-contact Digital Laser Infrared Thermometer Temperature Gun -58~ 716 (-50 ~ 380), Yellow and Black",<a_190><b_185><c_201>,2.0,,hit_at_10,1,1,"<a_190><b_103><c_0> :: ids=[181, 182] :: fam=gauge_meter :: AcuRite 00613 Humidity Monitor with Indoor Thermometer, Digital Hygrometer and Humidity Gauge Indicator / AcuRite 00613 Humidity Monitor with Indoor Thermometer
<a_190><b_185><c_201> :: ids=[159] :: fam=gauge_meter :: Etekcity Lasergrip 774 Non-contact Digital Laser Infrared Thermometer Temperature Gun -58~ 716 (-50 ~ 380), Yellow and Black
<a_35><b_85><c_71> :: ids=[2938] :: fam=ventilation_fan :: VenTech VT DUCT-6 VTD625 Aluminum Duct for Ventilation Ducting, 6''
<a_190><b_64><c_29> :: ids=[819] :: fam=3d_filament :: Inkbird ITC-1000 Dual Stage Digital Temperature Controller Fahrenheit  Celsius Thermostat with Sensor for 3D Printer,Freezer,Fridge,Hatching ect (12 Volt)
<a_35><b_170><c_107> :: ids=[218] :: fam=ventilation_fan :: Phresh Duct Silencer 8 in x 24 in",,49.0,"<a_96><b_131><c_0> :: ids=[181, 182] :: fam=gauge_meter :: AcuRite 00613 Humidity Monitor with Indoor Thermometer, Digital Hygrometer and Humidity Gauge Indicator / AcuRite 00613 Humidity Monitor with Indoor Thermometer
<a_161><b_212><c_178> :: ids=[2938] :: fam=ventilation_fan :: VenTech VT DUCT-6 VTD625 Aluminum Duct for Ventilation Ducting, 6''
<a_161><b_212><c_57> :: ids=[3018] :: fam=ventilation_fan :: VenTech VT DUCT-4 VTD425 Aluminum Duct for Ventilation Ducting, 4''
<a_211><b_75><c_3> :: ids=[218] :: fam=ventilation_fan :: Phresh Duct Silencer 8 in x 24 in
<a_206><b_65><c_85> :: ids=[125] :: fam=tape :: Gorilla 6100101 Tape Handy Roll, 1-Pack, Black"
gain_vs_r680a,r680a,3556,3d_filament,2934,Inland 1.75mm Yellow PLA 3D Printer Filament - 1kg Spool (2.2 lbs),<a_220><b_114><c_156>,3.0,,hit_at_10,1,2,"<a_220><b_114><c_145> :: ids=[2932] :: fam=3d_filament :: Inland 1.75mm Blue PLA 3D Printer Filament - 1kg Spool (2.2 lbs)
<a_220><b_114><c_53> :: ids=[2734] :: fam=3d_filament :: Inland 1.75mm White PLA 3D Printer Filament - 1kg Spool (2.2 lbs)
<a_220><b_114><c_156> :: ids=[2934] :: fam=3d_filament :: Inland 1.75mm Yellow PLA 3D Printer Filament - 1kg Spool (2.2 lbs)
<a_220><b_114><c_96> :: ids=[3114] :: fam=3d_filament :: Inland 1.75mm Purple PLA 3D Printer Filament - 1kg Spool (2.2 lbs)
<a_220><b_114><c_173> :: ids=[2912] :: fam=3d_filament :: Inland 1.75mm Black PLA 3D Printer Filament - 1kg Spool (2.2 lbs)",,13.0,"<a_14><b_202><c_139> :: ids=[2932] :: fam=3d_filament :: Inland 1.75mm Blue PLA 3D Printer Filament - 1kg Spool (2.2 lbs)
<a_14><b_202><c_2> :: ids=[2485] :: fam=3d_filament :: Inland 1.75mm Gold PLA 3D Printer Filament - 1kg Spool (2.2 lbs)
<a_14><b_202><c_60> :: ids=[2718] :: fam=3d_filament :: Inland 1.75mm Pink PLA 3D Printer Filament - 1kg Spool (2.2 lbs)
<a_14><b_202><c_86> :: ids=[2979] :: fam=3d_filament :: Inland 1.75mm Gray PLA 3D Printer Filament - 1kg Spool (2.2 lbs)
<a_14><b_202><c_68> :: ids=[2734] :: fam=3d_filament :: Inland 1.75mm White PLA 3D Printer Filament - 1kg Spool (2.2 lbs)"
gain_vs_r680a,r680a,3557,3d_filament,1553,Inland 1.75mm Red PLA 3D Printer Filament - 1kg Spool (2.2 lbs),<a_220><b_114><c_85>,10.0,,hit_at_10,1,3,"<a_220><b_114><c_145> :: ids=[2932] :: fam=3d_filament :: Inland 1.75mm Blue PLA 3D Printer Filament - 1kg Spool (2.2 lbs)
<a_220><b_114><c_156> :: ids=[2934] :: fam=3d_filament :: Inland 1.75mm Yellow PLA 3D Printer Filament - 1kg Spool (2.2 lbs)
<a_220><b_114><c_53> :: ids=[2734] :: fam=3d_filament :: Inland 1.75mm White PLA 3D Printer Filament - 1kg Spool (2.2 lbs)
<a_220><b_114><c_96> :: ids=[3114] :: fam=3d_filament :: Inland 1.75mm Purple PLA 3D Printer Filament - 1kg Spool (2.2 lbs)
<a_220><b_114><c_221> :: ids=[2485] :: fam=3d_filament :: Inland 1.75mm Gold PLA 3D Printer Filament - 1kg Spool (2.2 lbs)",,11.0,"<a_14><b_202><c_139> :: ids=[2932] :: fam=3d_filament :: Inland 1.75mm Blue PLA 3D Printer Filament - 1kg Spool (2.2 lbs)
<a_14><b_202><c_2> :: ids=[2485] :: fam=3d_filament :: Inland 1.75mm Gold PLA 3D Printer Filament - 1kg Spool (2.2 lbs)
<a_14><b_202><c_86> :: ids=[2979] :: fam=3d_filament :: Inland 1.75mm Gray PLA 3D Printer Filament - 1kg Spool (2.2 lbs)
<a_14><b_202><c_60> :: ids=[2718] :: fam=3d_filament :: Inland 1.75mm Pink PLA 3D Printer Filament - 1kg Spool (2.2 lbs)
<a_14><b_202><c_169> :: ids=[3114] :: fam=3d_filament :: Inland 1.75mm Purple PLA 3D Printer Filament - 1kg Spool (2.2 lbs)"
gain_vs_r680a,r680a,3570,other,40,"Forney 20859 Cutting Fluid, Industrial Pro Tap Magic, 1-Gallon",<a_185><b_22><c_219>,7.0,,hit_at_10,1,3,"<a_162><b_228><c_221> :: ids=[1158] :: fam=gauge_meter :: 6061 Aluminum Round Rod, Unpolished (Mill) Finish, Extruded, T6511 Temper, ASTM B221, 1/2"" Diameter, 24"" Length
<a_162><b_228><c_177> :: ids=[1157] :: fam=gauge_meter :: 6061 Aluminum Round Rod, Unpolished (Mill) Finish, Extruded, T6511 Temper, ASTM B221, 2"" Diameter, 12"" Length
<a_162><b_228><c_133> :: ids=[1156] :: fam=gauge_meter :: 6061 Aluminum Round Rod, Unpolished (Mill) Finish, Extruded, T6511 Temper, ASTM B221, 1-5/8"" Diameter, 24"" Length
<a_243><b_159><c_162> :: ids=[1125] :: fam=gauge_meter :: 304 Stainless Steel Round Rod, Unpolished (Mill) Finish, Annealed, AMS 5639/ASTM A276/AMS QQ-S 763/ASTM A276, 0.625"" Diameter, 60"" Length
<a_81><b_167><c_6> :: ids=[148] :: fam=other :: Plastic Transfer Pipettes 3ml, Graduated, Pack of 100",,21.0,"<a_76><b_191><c_244> :: ids=[1158] :: fam=gauge_meter :: 6061 Aluminum Round Rod, Unpolished (Mill) Finish, Extruded, T6511 Temper, ASTM B221, 1/2"" Diameter, 24"" Length
<a_76><b_191><c_3> :: ids=[1157] :: fam=gauge_meter :: 6061 Aluminum Round Rod, Unpolished (Mill) Finish, Extruded, T6511 Temper, ASTM B221, 2"" Diameter, 12"" Length
<a_93><b_38><c_14> :: ids=[1124] :: fam=gauge_meter :: 360 Brass Round Rod, Unpolished (Mill) Finish, H02 Temper, ASTM B16, 0.25"" Diameter, 36"" Length
<a_254><b_179><c_219> :: ids=[119] :: fam=other :: Rubbermaid Commercial BRUTE Heavy-Duty Round Waste/Utility Container with Venting Channels, 20-gallon, Gray (FG262000GRAY)
<a_93><b_245><c_233> :: ids=[246] :: fam=gauge_meter :: 304 Stainless Steel Sheet, #4 Brushed Finish, Annealed, ASTM A240/ASME SA240, 0.048"" Thickness, 36"" Width, 36"" Length, 18 Gauge"
gain_vs_r680a,r680a,3731,tape,165,"Duck Brand 299006 3/4-Inch by 60 Feet Utility Vinyl Electrical Tape with Single Roll, Black, 3/4 Inch x Economy",<a_31><b_33><c_218>,9.0,,hit_at_10,1,2,"<a_31><b_51><c_218> :: ids=[856] :: fam=tape :: Tesa  Wire Loom Harness Tape Used By Mercedes BMW VW Audi
<a_190><b_103><c_0> :: ids=[181, 182] :: fam=gauge_meter :: AcuRite 00613 Humidity Monitor with Indoor Thermometer, Digital Hygrometer and Humidity Gauge Indicator / AcuRite 00613 Humidity Monitor with Indoor Thermometer
<a_31><b_50><c_138> :: ids=[116] :: fam=tape :: Rescue Tape RT1000201202USCO
<a_40><b_72><c_127> :: ids=[201] :: fam=connector_fitting :: ColorConnex Coupler & Plug Kit (7 Piece), Industrial Type D, 1/4 in. NPT, Red - A73457D
<a_31><b_155><c_192> :: ids=[168] :: fam=tape :: Scotch Super 33+ Vinyl Electrical Tape, 3/4 in x 66 ft",,,"<a_33><b_13><c_28> :: ids=[419] :: fam=gauge_meter :: Bostitch BTFP72326 Regulator and Gauge Kit with 1/4-Inch NPT Thread
<a_82><b_5><c_209> :: ids=[2948] :: fam=connector_fitting :: Lead Free Pipe Fitting, Hex Countersunk Plug, 1/4"" NPT Male
<a_5><b_136><c_193> :: ids=[3015] :: fam=other :: Homewerks VBV-P40-B3B Ball Valve, PVC Schedule 40, Female Thread x Female Thread, 1/2-Inch
<a_254><b_179><c_219> :: ids=[119] :: fam=other :: Rubbermaid Commercial BRUTE Heavy-Duty Round Waste/Utility Container with Venting Channels, 20-gallon, Gray (FG262000GRAY)
<a_89><b_54><c_66> :: ids=[659] :: fam=other :: Stanley MR100CG Contractor Grade Riveter"
gain_vs_r680a,r680a,3785,3d_filament,3016,"HATCHBOX 3D Printer Filament, Dimensional Accuracy +/- 0.03mm, 1.75 mm, 1 kg Spool, Wood",<a_178><b_230><c_5>,2.0,,hit_at_10,1,2,"<a_193><b_58><c_86> :: ids=[3059] :: fam=3d_filament :: Filabot ABS 3D Printing Smoothing Pen
<a_178><b_230><c_5> :: ids=[3016] :: fam=3d_filament :: HATCHBOX 3D Printer Filament, Dimensional Accuracy +/- 0.03mm, 1.75 mm, 1 kg Spool, Wood
<a_178><b_150><c_117> :: ids=[2544] :: fam=3d_filament :: SainSmart Clear Flexible TPU 3D Printing Filament, 1.75 mm, 0.8 kg, Dimensional Accuracy +/- 0.05 mm
<a_178><b_165><c_148> :: ids=[2507] :: fam=3d_filament :: HATCHBOX PLA 3D Printer Filament, Dimensional Accuracy +/- 0.03 mm, 1 kg Spool, 1.75 mm, Silver
<a_178><b_46><c_65> :: ids=[2333] :: fam=3d_filament :: eSUN 3D Printer CLEANING Filament 1.75mm Natural 0.1kg for all 1.75mm FDM 3D Printers, 1.75mm Cleaning",,19.0,"<a_118><b_78><c_16> :: ids=[1851] :: fam=3d_filament :: HATCHBOX PLA 3D Printer Filament, Dimensional Accuracy +/- 0.03 mm, 1 kg Spool, 1.75 mm, Yellow
<a_233><b_249><c_194> :: ids=[3059] :: fam=3d_filament :: Filabot ABS 3D Printing Smoothing Pen
<a_37><b_2><c_79> :: ids=[2544] :: fam=3d_filament :: SainSmart Clear Flexible TPU 3D Printing Filament, 1.75 mm, 0.8 kg, Dimensional Accuracy +/- 0.05 mm
<a_24><b_78><c_74> :: ids=[2507] :: fam=3d_filament :: HATCHBOX PLA 3D Printer Filament, Dimensional Accuracy +/- 0.03 mm, 1 kg Spool, 1.75 mm, Silver
<a_24><b_78><c_138> :: ids=[50] :: fam=3d_filament :: HATCHBOX PLA 3D Printer Filament, Dimensional Accuracy +/- 0.03 mm, 1 kg Spool, 1.75 mm, Blue"
gain_vs_r680a,r680a,4003,3d_filament,2697,"3D Solutech Real White 3D Printer PLA Filament 1.75MM Filament, Dimensional Accuracy +/- 0.03 mm, 2.2 LBS (1.0KG)",<a_178><b_14><c_75>,5.0,,hit_at_10,1,3,"<a_178><b_14><c_6> :: ids=[2909, 3494] :: fam=3d_filament :: 3D Solutech Silver Metal 3D Printer PLA Filament 1.75MM Filament, Dimensional Accuracy +/- 0.03 mm, 2.2 LBS (1.0KG) - PLA175TCMS / 3D Solutech Real Yellow 3D Pr
<a_178><b_14><c_107> :: ids=[2161] :: fam=3d_filament :: 3D Solutech Natural Clear 1.75mm 3D Printer PLA Filament, Dimensional Accuracy +/- 0.03 mm, 2.2 LBS (1.0KG)
<a_178><b_14><c_135> :: ids=[2993] :: fam=3d_filament :: 3D Solutech Blue 3D Printer Ultra PLA Filament 1.75MM Filament, Dimensional Accuracy +/- 0.03 mm, 2.2 LBS (1.0KG)
<a_178><b_14><c_94> :: ids=[3112] :: fam=3d_filament :: 3D Solutech Real Black 3D Printer PLA Filament 1.75MM Filament, Dimensional Accuracy +/- 0.03 mm, 2.2 LBS (1.0KG) - PLA175RBLK
<a_178><b_14><c_75> :: ids=[2697] :: fam=3d_filament :: 3D Solutech Real White 3D Printer PLA Filament 1.75MM Filament, Dimensional Accuracy +/- 0.03 mm, 2.2 LBS (1.0KG)",,19.0,"<a_24><b_149><c_2> :: ids=[3112] :: fam=3d_filament :: 3D Solutech Real Black 3D Printer PLA Filament 1.75MM Filament, Dimensional Accuracy +/- 0.03 mm, 2.2 LBS (1.0KG) - PLA175RBLK
<a_24><b_149><c_24> :: ids=[2909] :: fam=3d_filament :: 3D Solutech Silver Metal 3D Printer PLA Filament 1.75MM Filament, Dimensional Accuracy +/- 0.03 mm, 2.2 LBS (1.0KG) - PLA175TCMS
<a_24><b_57><c_57> :: ids=[3557] :: fam=3d_filament :: 3D Solutech Chocolate Brown 3D Printer PLA Filament 1.75MM Filament 2.2 LBS (1.0KG)
<a_24><b_57><c_193> :: ids=[3547] :: fam=3d_filament :: 3D Solutech See Through Blue 1.75mm PETG 3D Printer Filament 2.2 LBS (1.0KG)
<a_67><b_247><c_199> :: ids=[162] :: fam=3d_filament :: USAFilament 9800429 ABS 3D Printing Filament, 2.2 lb, 1.75 mm, White Spool"
gain_vs_r680a,r680a,4337,tape,1827,"X-Treme Tape TPE-XZLG Silicone Rubber Self Fusing Tape, 1"" x 10', Triangular, Gray",<a_31><b_171><c_168>,8.0,,hit_at_10,1,3,"<a_31><b_171><c_89> :: ids=[2596] :: fam=tape :: X-Treme Tape TPE-XZLYEL Silicone Rubber Self Fusing Tape, 1"" x 10', Triangular, Yellow
<a_31><b_171><c_67> :: ids=[1373] :: fam=tape :: X-Treme Tape TPE-XZLBRD Silicone Rubber Self Fusing Tape, 1"" x 10', Triangular, Bright Red
<a_31><b_171><c_120> :: ids=[950] :: fam=tape :: X-Treme Tape TPE-XZLCLR Silicone Rubber Self Fusing Tape, 1"" x 10', Triangular, Clear
<a_31><b_171><c_9> :: ids=[450] :: fam=tape :: X-Treme Tape TPE-X36ZLB Silicone Rubber Self Fusing Tape, 1"" x 36', Triangular, Black
<a_31><b_171><c_232> :: ids=[975] :: fam=tape :: X-Treme Tape TPE-XZLB Silicone Rubber Self Fusing Tape, 1"" x 10', Triangular, Black",,23.0,"<a_205><b_136><c_4> :: ids=[950] :: fam=tape :: X-Treme Tape TPE-XZLCLR Silicone Rubber Self Fusing Tape, 1"" x 10', Triangular, Clear
<a_205><b_136><c_169> :: ids=[1373] :: fam=tape :: X-Treme Tape TPE-XZLBRD Silicone Rubber Self Fusing Tape, 1"" x 10', Triangular, Bright Red
<a_205><b_136><c_244> :: ids=[975] :: fam=tape :: X-Treme Tape TPE-XZLB Silicone Rubber Self Fusing Tape, 1"" x 10', Triangular, Black
<a_205><b_103><c_108> :: ids=[23] :: fam=tape :: Gardner Bender 07315001126 LTB-400 Liquid Electrical Tape, Easy-on, Waterproof, Indoor/Outdoor Use, 4 Oz. Jar, Black, Bottle
<a_205><b_136><c_83> :: ids=[2045] :: fam=tape :: X-Treme Tape TPE-XR1510ZLB Silicone Rubber Self Fusing Tape, 1.5"" x 10', Rectangular, Black"
gain_vs_r680a,r680a,4357,3d_filament,3494,"3D Solutech Real Yellow 3D Printer PLA Filament 1.75MM Filament, Dimensional Accuracy +/- 0.03 mm, 2.2 LBS (1.0KG)",<a_178><b_14><c_6>,5.0,,hit_at_10,1,2,"<a_190><b_103><c_0> :: ids=[181, 182] :: fam=gauge_meter :: AcuRite 00613 Humidity Monitor with Indoor Thermometer, Digital Hygrometer and Humidity Gauge Indicator / AcuRite 00613 Humidity Monitor with Indoor Thermometer
<a_92><b_168><c_225> :: ids=[1255] :: fam=other :: SE 82331TF 30-Piece Set of Titanium-Coated Diamond Burrs, Grits 120-150
<a_130><b_181><c_74> :: ids=[665] :: fam=other :: 608 ZZ Skateboard Bearings, Double Shielded, Silver (Pack of 8)
<a_77><b_45><c_0> :: ids=[139, 774] :: fam=other :: DuPont Teflon Non-Stick / DuPont Teflon Non-Stick
<a_178><b_14><c_6> :: ids=[2909, 3494] :: fam=3d_filament :: 3D Solutech Silver Metal 3D Printer PLA Filament 1.75MM Filament, Dimensional Accuracy +/- 0.03 mm, 2.2 LBS (1.0KG) - PLA175TCMS / 3D Solutech Real Yellow 3D Pr",,,"<a_24><b_149><c_2> :: ids=[3112] :: fam=3d_filament :: 3D Solutech Real Black 3D Printer PLA Filament 1.75MM Filament, Dimensional Accuracy +/- 0.03 mm, 2.2 LBS (1.0KG) - PLA175RBLK
<a_60><b_195><c_233> :: ids=[3444] :: fam=3d_filament :: RepRap Champion Metal J-Head V6 Hot End for RepRap 3D Printer 1.75mm Filament Direct Feed Extruder 0.4mm Nozzle
<a_107><b_3><c_159> :: ids=[1205] :: fam=other :: PEI (Polyetherimide) Sheet, Opaque Off-White, Standard Tolerance, ASTM D5205 PEI0113, 0.03"" Thickness, 12"" Width, 24"" Length
<a_24><b_149><c_24> :: ids=[2909] :: fam=3d_filament :: 3D Solutech Silver Metal 3D Printer PLA Filament 1.75MM Filament, Dimensional Accuracy +/- 0.03 mm, 2.2 LBS (1.0KG) - PLA175TCMS
<a_37><b_2><c_79> :: ids=[2544] :: fam=3d_filament :: SainSmart Clear Flexible TPU 3D Printing Filament, 1.75 mm, 0.8 kg, Dimensional Accuracy +/- 0.05 mm"
gain_vs_r680a,r680a,4430,3d_filament,2333,"eSUN 3D Printer CLEANING Filament 1.75mm Natural 0.1kg for all 1.75mm FDM 3D Printers, 1.75mm Cleaning",<a_178><b_46><c_65>,9.0,,hit_at_10,1,2,"<a_178><b_165><c_148> :: ids=[2507] :: fam=3d_filament :: HATCHBOX PLA 3D Printer Filament, Dimensional Accuracy +/- 0.03 mm, 1 kg Spool, 1.75 mm, Silver
<a_178><b_14><c_6> :: ids=[2909, 3494] :: fam=3d_filament :: 3D Solutech Silver Metal 3D Printer PLA Filament 1.75MM Filament, Dimensional Accuracy +/- 0.03 mm, 2.2 LBS (1.0KG) - PLA175TCMS / 3D Solutech Real Yellow 3D Pr
<a_178><b_200><c_161> :: ids=[3521] :: fam=3d_filament :: Cutequeen 3D-PLA-1.75mm-1KG 3D Printer Filament,1.75 mm Diameter,Dimensional Accuracy +/- 0.05mm,1000g Spool,White
<a_178><b_154><c_141> :: ids=[2472] :: fam=3d_filament :: HATCHBOX ABS 3D Printer Filament, Dimensional Accuracy +/- 0.03 mm, 1 kg Spool, 1.75 mm, Black
<a_178><b_165><c_53> :: ids=[50] :: fam=3d_filament :: HATCHBOX PLA 3D Printer Filament, Dimensional Accuracy +/- 0.03 mm, 1 kg Spool, 1.75 mm, Blue",,38.0,"<a_24><b_157><c_89> :: ids=[1847] :: fam=3d_filament :: HATCHBOX PLA 3D Printer Filament, Dimensional Accuracy +/- 0.03 mm, 1 kg Spool, 1.75 mm, White
<a_118><b_78><c_16> :: ids=[1851] :: fam=3d_filament :: HATCHBOX PLA 3D Printer Filament, Dimensional Accuracy +/- 0.03 mm, 1 kg Spool, 1.75 mm, Yellow
<a_24><b_157><c_108> :: ids=[1849] :: fam=3d_filament :: HATCHBOX PLA 3D Printer Filament, Dimensional Accuracy +/- 0.03 mm, 1 kg Spool, 1.75 mm, Purple
<a_24><b_78><c_138> :: ids=[50] :: fam=3d_filament :: HATCHBOX PLA 3D Printer Filament, Dimensional Accuracy +/- 0.03 mm, 1 kg Spool, 1.75 mm, Blue
<a_24><b_78><c_74> :: ids=[2507] :: fam=3d_filament :: HATCHBOX PLA 3D Printer Filament, Dimensional Accuracy +/- 0.03 mm, 1 kg Spool, 1.75 mm, Silver"
gain_vs_r680a,r680a,4493,3d_filament,2934,Inland 1.75mm Yellow PLA 3D Printer Filament - 1kg Spool (2.2 lbs),<a_220><b_114><c_156>,3.0,,hit_at_10,1,2,"<a_220><b_114><c_145> :: ids=[2932] :: fam=3d_filament :: Inland 1.75mm Blue PLA 3D Printer Filament - 1kg Spool (2.2 lbs)
<a_212><b_17><c_91> :: ids=[2926] :: fam=3d_filament :: HICTOP 5 Pieces 3D Printer Extruder Hotend 1.75mm Nozzle Throat for Reprap Prusa I3
<a_220><b_114><c_156> :: ids=[2934] :: fam=3d_filament :: Inland 1.75mm Yellow PLA 3D Printer Filament - 1kg Spool (2.2 lbs)
<a_220><b_114><c_221> :: ids=[2485] :: fam=3d_filament :: Inland 1.75mm Gold PLA 3D Printer Filament - 1kg Spool (2.2 lbs)
<a_220><b_114><c_53> :: ids=[2734] :: fam=3d_filament :: Inland 1.75mm White PLA 3D Printer Filament - 1kg Spool (2.2 lbs)",,14.0,"<a_14><b_202><c_2> :: ids=[2485] :: fam=3d_filament :: Inland 1.75mm Gold PLA 3D Printer Filament - 1kg Spool (2.2 lbs)
<a_14><b_202><c_139> :: ids=[2932] :: fam=3d_filament :: Inland 1.75mm Blue PLA 3D Printer Filament - 1kg Spool (2.2 lbs)
<a_14><b_202><c_60> :: ids=[2718] :: fam=3d_filament :: Inland 1.75mm Pink PLA 3D Printer Filament - 1kg Spool (2.2 lbs)
<a_60><b_195><c_233> :: ids=[3444] :: fam=3d_filament :: RepRap Champion Metal J-Head V6 Hot End for RepRap 3D Printer 1.75mm Filament Direct Feed Extruder 0.4mm Nozzle
<a_14><b_202><c_86> :: ids=[2979] :: fam=3d_filament :: Inland 1.75mm Gray PLA 3D Printer Filament - 1kg Spool (2.2 lbs)"
gain_vs_v2,v2_on_p05,61,3d_filament,444,"HATCHBOX ABS 3D Printer Filament, Dimensional Accuracy +/- 0.03 mm, 1 kg Spool, 1.75 mm, White",<a_178><b_154><c_50>,4.0,21.0,hit_at_10,0,3,"<a_178><b_150><c_117> :: ids=[2544] :: fam=3d_filament :: SainSmart Clear Flexible TPU 3D Printing Filament, 1.75 mm, 0.8 kg, Dimensional Accuracy +/- 0.05 mm
<a_178><b_46><c_65> :: ids=[2333] :: fam=3d_filament :: eSUN 3D Printer CLEANING Filament 1.75mm Natural 0.1kg for all 1.75mm FDM 3D Printers, 1.75mm Cleaning
<a_178><b_154><c_141> :: ids=[2472] :: fam=3d_filament :: HATCHBOX ABS 3D Printer Filament, Dimensional Accuracy +/- 0.03 mm, 1 kg Spool, 1.75 mm, Black
<a_178><b_154><c_50> :: ids=[444] :: fam=3d_filament :: HATCHBOX ABS 3D Printer Filament, Dimensional Accuracy +/- 0.03 mm, 1 kg Spool, 1.75 mm, White
<a_178><b_150><c_186> :: ids=[2714] :: fam=3d_filament :: NinjaFlex TPU 3D Printing Filament - 1.75mm .50kg - SAPPHIRE","<a_45><b_249><c_244> :: ids=[1847] :: fam=3d_filament :: HATCHBOX PLA 3D Printer Filament, Dimensional Accuracy +/- 0.03 mm, 1 kg Spool, 1.75 mm, White
<a_202><b_149><c_116> :: ids=[3267] :: fam=3d_filament :: Filabot TB1 Taulman BRIDGE Filament, 1.75 mm, White
<a_226><b_148><c_116> :: ids=[2333] :: fam=3d_filament :: eSUN 3D Printer CLEANING Filament 1.75mm Natural 0.1kg for all 1.75mm FDM 3D Printers, 1.75mm Cleaning
<a_211><b_147><c_178> :: ids=[2544] :: fam=3d_filament :: SainSmart Clear Flexible TPU 3D Printing Filament, 1.75 mm, 0.8 kg, Dimensional Accuracy +/- 0.05 mm
<a_112><b_39><c_176> :: ids=[2419] :: fam=3d_filament :: HATCHBOX 3D ABS-1KG1.75-BLU ABS 3D Printer Filament, Dimensional Accuracy +/- 0.03 mm, 1 kg Spool, 1.75 mm, Blue",,
gain_vs_v2,v2_on_p05,79,3d_filament,3016,"HATCHBOX 3D Printer Filament, Dimensional Accuracy +/- 0.03mm, 1.75 mm, 1 kg Spool, Wood",<a_178><b_230><c_5>,8.0,24.0,hit_at_10,0,2,"<a_178><b_14><c_6> :: ids=[2909, 3494] :: fam=3d_filament :: 3D Solutech Silver Metal 3D Printer PLA Filament 1.75MM Filament, Dimensional Accuracy +/- 0.03 mm, 2.2 LBS (1.0KG) - PLA175TCMS / 3D Solutech Real Yellow 3D Pr
<a_178><b_165><c_148> :: ids=[2507] :: fam=3d_filament :: HATCHBOX PLA 3D Printer Filament, Dimensional Accuracy +/- 0.03 mm, 1 kg Spool, 1.75 mm, Silver
<a_178><b_14><c_107> :: ids=[2161] :: fam=3d_filament :: 3D Solutech Natural Clear 1.75mm 3D Printer PLA Filament, Dimensional Accuracy +/- 0.03 mm, 2.2 LBS (1.0KG)
<a_178><b_14><c_135> :: ids=[2993] :: fam=3d_filament :: 3D Solutech Blue 3D Printer Ultra PLA Filament 1.75MM Filament, Dimensional Accuracy +/- 0.03 mm, 2.2 LBS (1.0KG)
<a_178><b_14><c_94> :: ids=[3112] :: fam=3d_filament :: 3D Solutech Real Black 3D Printer PLA Filament 1.75MM Filament, Dimensional Accuracy +/- 0.03 mm, 2.2 LBS (1.0KG) - PLA175RBLK","<a_112><b_65><c_53> :: ids=[1850] :: fam=3d_filament :: HATCHBOX PLA 3D Printer Filament, Dimensional Accuracy +/- 0.03 mm, 1 kg Spool, 1.75 mm, Red
<a_112><b_65><c_32> :: ids=[2507] :: fam=3d_filament :: HATCHBOX PLA 3D Printer Filament, Dimensional Accuracy +/- 0.03 mm, 1 kg Spool, 1.75 mm, Silver
<a_112><b_122><c_3> :: ids=[2161] :: fam=3d_filament :: 3D Solutech Natural Clear 1.75mm 3D Printer PLA Filament, Dimensional Accuracy +/- 0.03 mm, 2.2 LBS (1.0KG)
<a_112><b_122><c_79> :: ids=[2697] :: fam=3d_filament :: 3D Solutech Real White 3D Printer PLA Filament 1.75MM Filament, Dimensional Accuracy +/- 0.03 mm, 2.2 LBS (1.0KG)
<a_112><b_122><c_213> :: ids=[3475] :: fam=3d_filament :: 3D Solutech Real Orange 3D Printer PLA Filament 1.75MM Filament, Dimensional Accuracy +/- 0.03 mm, 2.2 LBS (1.0KG)",,
gain_vs_v2,v2_on_p05,102,other,2907,RotoMetals GA100 Gallium 100 Grams,<a_225><b_46><c_1>,9.0,,hit_at_10,1,2,"<a_102><b_136><c_47> :: ids=[475] :: fam=other :: Learning Resources Skeleton Model
<a_225><b_59><c_100> :: ids=[342] :: fam=other :: Omron Sprague Rappaport Stethoscope, Black
<a_17><b_5><c_140> :: ids=[1532] :: fam=other :: First Voice TS-3183 Sterile Self-Adherent Stretch Sensi-Wrap Bandage, 5 yds Length x 3"" Width (Pack of 10)
<a_225><b_186><c_26> :: ids=[2049] :: fam=other :: 500 qty 3/8"" Inch Steel Shot Slingshot Ammo Balls
<a_211><b_154><c_68> :: ids=[513] :: fam=other :: Kimberly-Clark Professional Kimtech Science KimWipes Delicate Task Wipers, 4.4 x 8.4 in. 1-ply","<a_93><b_73><c_143> :: ids=[342] :: fam=other :: Omron Sprague Rappaport Stethoscope, Black
<a_91><b_78><c_222> :: ids=[1531] :: fam=other :: Prestige Medical Fluoride Scissor, Black, 7 1/2 Inch
<a_154><b_37><c_0> :: ids=[181, 182] :: fam=gauge_meter :: AcuRite 00613 Humidity Monitor with Indoor Thermometer, Digital Hygrometer and Humidity Gauge Indicator / AcuRite 00613 Humidity Monitor with Indoor Thermometer
<a_8><b_134><c_147> :: ids=[476] :: fam=gauge_meter :: Primacare DL-9325 Reusable LED Penlight with Pupil Gauge - Batteries Included
<a_75><b_36><c_246> :: ids=[475] :: fam=other :: Learning Resources Skeleton Model",,
gain_vs_v2,v2_on_p05,197,3d_filament,2152,"HATCHBOX PLA 3D Printer Filament, Dimensional Accuracy +/- 0.03 mm, 1 kg Spool, 1.75 mm, Gold",<a_178><b_165><c_9>,7.0,22.0,hit_at_10,0,2,"<a_178><b_165><c_148> :: ids=[2507] :: fam=3d_filament :: HATCHBOX PLA 3D Printer Filament, Dimensional Accuracy +/- 0.03 mm, 1 kg Spool, 1.75 mm, Silver
<a_178><b_252><c_162> :: ids=[1847] :: fam=3d_filament :: HATCHBOX PLA 3D Printer Filament, Dimensional Accuracy +/- 0.03 mm, 1 kg Spool, 1.75 mm, White
<a_178><b_165><c_53> :: ids=[50] :: fam=3d_filament :: HATCHBOX PLA 3D Printer Filament, Dimensional Accuracy +/- 0.03 mm, 1 kg Spool, 1.75 mm, Blue
<a_178><b_154><c_141> :: ids=[2472] :: fam=3d_filament :: HATCHBOX ABS 3D Printer Filament, Dimensional Accuracy +/- 0.03 mm, 1 kg Spool, 1.75 mm, Black
<a_178><b_165><c_4> :: ids=[1107] :: fam=3d_filament :: HATCHBOX PLA 3D Printer Filament, Dimensional Accuracy +/- 0.03 mm, 1 kg Spool, 1.75 mm, Glow in the Dark","<a_45><b_249><c_244> :: ids=[1847] :: fam=3d_filament :: HATCHBOX PLA 3D Printer Filament, Dimensional Accuracy +/- 0.03 mm, 1 kg Spool, 1.75 mm, White
<a_112><b_65><c_53> :: ids=[1850] :: fam=3d_filament :: HATCHBOX PLA 3D Printer Filament, Dimensional Accuracy +/- 0.03 mm, 1 kg Spool, 1.75 mm, Red
<a_112><b_65><c_58> :: ids=[50] :: fam=3d_filament :: HATCHBOX PLA 3D Printer Filament, Dimensional Accuracy +/- 0.03 mm, 1 kg Spool, 1.75 mm, Blue
<a_112><b_65><c_32> :: ids=[2507] :: fam=3d_filament :: HATCHBOX PLA 3D Printer Filament, Dimensional Accuracy +/- 0.03 mm, 1 kg Spool, 1.75 mm, Silver
<a_112><b_39><c_176> :: ids=[2419] :: fam=3d_filament :: HATCHBOX 3D ABS-1KG1.75-BLU ABS 3D Printer Filament, Dimensional Accuracy +/- 0.03 mm, 1 kg Spool, 1.75 mm, Blue",,
gain_vs_v2,v2_on_p05,260,connector_fitting,2617,Yueton&reg; 100pcs Yellow 12/10-Gauge Economy Nylon Male Fully-Insulated Quick Disconnects Wiring Spade Wire Crimp Terminal,<a_40><b_5><c_52>,8.0,24.0,hit_at_10,1,2,"<a_40><b_5><c_186> :: ids=[2430] :: fam=connector_fitting :: Yueton 100pcs Red 22/18- Gauge Nylon Male Fully-Insulated Quick Disconnects Wiring Spade Wire Crimp Terminal
<a_166><b_130><c_26> :: ids=[1035] :: fam=connector_fitting :: Anderson Metals Brass Pipe Fitting, 90 Degree Barstock Street Elbow, 3/8"" Male Pipe x 3/8"" Female Pipe
<a_166><b_31><c_194> :: ids=[3345] :: fam=connector_fitting :: Red Brass Pipe Fitting, Nipple, Schedule 40 Seamless, 1/4"" NPT Male X 3"" Length
<a_40><b_104><c_39> :: ids=[1033] :: fam=connector_fitting :: SOLOOP 50pcs Female & Male Fully Insulated Wire Terminals Connector Nylon Spade Connectors Blue
<a_40><b_2><c_46> :: ids=[597] :: fam=connector_fitting :: Ginsco 110pcs Female Yellow 12-10 Gauge Nylon Fully-Insulated Quick Disconnects Wiring Spade Wire Connector Crimp Terminal","<a_24><b_83><c_129> :: ids=[1033] :: fam=connector_fitting :: SOLOOP 50pcs Female & Male Fully Insulated Wire Terminals Connector Nylon Spade Connectors Blue
<a_24><b_110><c_8> :: ids=[2897] :: fam=connector_fitting :: Ginsco 110pcs Female Red 22-18 Gauge Nylon Fully-Insulated Quick Disconnects Wiring Spade Wire Connector Crimp Terminal
<a_24><b_110><c_168> :: ids=[157] :: fam=connector_fitting :: Yueton 100pcs Female Fully Insulated Wire Crimp Terminal Nylon Quick Connectors Wiring Spade
<a_24><b_110><c_201> :: ids=[2430] :: fam=connector_fitting :: Yueton 100pcs Red 22/18- Gauge Nylon Male Fully-Insulated Quick Disconnects Wiring Spade Wire Crimp Terminal
<a_248><b_109><c_145> :: ids=[42] :: fam=connector_fitting :: Precision Brand M6S Micro Seal, Miniature All Stainless Worm Gear Hose Clamp, 5/16"" - 7/8"" (Pack of 10)",,
gain_vs_v2,v2_on_p05,262,connector_fitting,1035,"Anderson Metals Brass Pipe Fitting, 90 Degree Barstock Street Elbow, 3/8"" Male Pipe x 3/8"" Female Pipe",<a_166><b_130><c_26>,7.0,,hit_at_10,1,3,"<a_40><b_5><c_186> :: ids=[2430] :: fam=connector_fitting :: Yueton 100pcs Red 22/18- Gauge Nylon Male Fully-Insulated Quick Disconnects Wiring Spade Wire Crimp Terminal
<a_40><b_5><c_52> :: ids=[2617] :: fam=connector_fitting :: Yueton&reg; 100pcs Yellow 12/10-Gauge Economy Nylon Male Fully-Insulated Quick Disconnects Wiring Spade Wire Crimp Terminal
<a_185><b_83><c_203> :: ids=[457] :: fam=other :: CRC 03400 16oz Truetap Cutting Fluid Heavy Duty Bottle
<a_109><b_114><c_135> :: ids=[176] :: fam=other :: URBEST 530 Pcs 2:1 Heat Shrink Tubing Tube Sleeving Wrap Cable Wire 5 Color 8 Size
<a_185><b_2><c_12> :: ids=[123] :: fam=other :: Red Devil 0325 Steel Wool, 2 Medium Course, 8 Pads","<a_137><b_142><c_105> :: ids=[1012] :: fam=other :: 4.5"" x 7/8"" Premium High Density Jumbo Zirconia Type 29 Flap Disc 40 Grit - 10 Pack
<a_24><b_110><c_201> :: ids=[2430] :: fam=connector_fitting :: Yueton 100pcs Red 22/18- Gauge Nylon Male Fully-Insulated Quick Disconnects Wiring Spade Wire Crimp Terminal
<a_24><b_110><c_8> :: ids=[2897] :: fam=connector_fitting :: Ginsco 110pcs Female Red 22-18 Gauge Nylon Fully-Insulated Quick Disconnects Wiring Spade Wire Connector Crimp Terminal
<a_24><b_110><c_168> :: ids=[157] :: fam=connector_fitting :: Yueton 100pcs Female Fully Insulated Wire Crimp Terminal Nylon Quick Connectors Wiring Spade
<a_248><b_109><c_145> :: ids=[42] :: fam=connector_fitting :: Precision Brand M6S Micro Seal, Miniature All Stainless Worm Gear Hose Clamp, 5/16"" - 7/8"" (Pack of 10)",,
gain_vs_v2,v2_on_p05,376,3d_filament,1107,"HATCHBOX PLA 3D Printer Filament, Dimensional Accuracy +/- 0.03 mm, 1 kg Spool, 1.75 mm, Glow in the Dark",<a_178><b_165><c_4>,8.0,20.0,hit_at_10,0,0,"<a_178><b_230><c_5> :: ids=[3016] :: fam=3d_filament :: HATCHBOX 3D Printer Filament, Dimensional Accuracy +/- 0.03mm, 1.75 mm, 1 kg Spool, Wood
<a_178><b_166><c_183> :: ids=[2477] :: fam=3d_filament :: BAMtack! 1.75mm Black PLA 3D Printer Filament - 1kg (2.2 lbs) - Dimensional Accuracy +/- 0.03mm
<a_178><b_165><c_148> :: ids=[2507] :: fam=3d_filament :: HATCHBOX PLA 3D Printer Filament, Dimensional Accuracy +/- 0.03 mm, 1 kg Spool, 1.75 mm, Silver
<a_178><b_143><c_111> :: ids=[3558] :: fam=3d_filament :: Professional Black 1.75mm PLA 3D Printer Filament, 1kg (2.2lb) Filament Weight, 0.05mm Tolerance, by ProMolt 3D
<a_178><b_150><c_117> :: ids=[2544] :: fam=3d_filament :: SainSmart Clear Flexible TPU 3D Printing Filament, 1.75 mm, 0.8 kg, Dimensional Accuracy +/- 0.05 mm","<a_202><b_149><c_116> :: ids=[3267] :: fam=3d_filament :: Filabot TB1 Taulman BRIDGE Filament, 1.75 mm, White
<a_112><b_65><c_53> :: ids=[1850] :: fam=3d_filament :: HATCHBOX PLA 3D Printer Filament, Dimensional Accuracy +/- 0.03 mm, 1 kg Spool, 1.75 mm, Red
<a_112><b_65><c_32> :: ids=[2507] :: fam=3d_filament :: HATCHBOX PLA 3D Printer Filament, Dimensional Accuracy +/- 0.03 mm, 1 kg Spool, 1.75 mm, Silver
<a_211><b_35><c_13> :: ids=[2703] :: fam=3d_filament :: eSUN 3D 1.75mm PETG Black Filament 1kg (2.2lb), PETG 3D Printer Filament, 1.75mm Solid Opaque Black
<a_211><b_35><c_7> :: ids=[2157] :: fam=3d_filament :: eSUN 3D 1.75mm PETG Blue Filament 1kg (2.2lb), PETG 3D Printer Filament, 1.75mm Semi-Transparent Blue",,
gain_vs_v2,v2_on_p05,394,3d_filament,2472,"HATCHBOX ABS 3D Printer Filament, Dimensional Accuracy +/- 0.03 mm, 1 kg Spool, 1.75 mm, Black",<a_178><b_154><c_141>,4.0,13.0,hit_at_10,0,0,"<a_178><b_252><c_162> :: ids=[1847] :: fam=3d_filament :: HATCHBOX PLA 3D Printer Filament, Dimensional Accuracy +/- 0.03 mm, 1 kg Spool, 1.75 mm, White
<a_178><b_154><c_135> :: ids=[1851] :: fam=3d_filament :: HATCHBOX PLA 3D Printer Filament, Dimensional Accuracy +/- 0.03 mm, 1 kg Spool, 1.75 mm, Yellow
<a_178><b_165><c_148> :: ids=[2507] :: fam=3d_filament :: HATCHBOX PLA 3D Printer Filament, Dimensional Accuracy +/- 0.03 mm, 1 kg Spool, 1.75 mm, Silver
<a_178><b_154><c_141> :: ids=[2472] :: fam=3d_filament :: HATCHBOX ABS 3D Printer Filament, Dimensional Accuracy +/- 0.03 mm, 1 kg Spool, 1.75 mm, Black
<a_178><b_165><c_53> :: ids=[50] :: fam=3d_filament :: HATCHBOX PLA 3D Printer Filament, Dimensional Accuracy +/- 0.03 mm, 1 kg Spool, 1.75 mm, Blue","<a_45><b_249><c_244> :: ids=[1847] :: fam=3d_filament :: HATCHBOX PLA 3D Printer Filament, Dimensional Accuracy +/- 0.03 mm, 1 kg Spool, 1.75 mm, White
<a_112><b_65><c_58> :: ids=[50] :: fam=3d_filament :: HATCHBOX PLA 3D Printer Filament, Dimensional Accuracy +/- 0.03 mm, 1 kg Spool, 1.75 mm, Blue
<a_112><b_65><c_53> :: ids=[1850] :: fam=3d_filament :: HATCHBOX PLA 3D Printer Filament, Dimensional Accuracy +/- 0.03 mm, 1 kg Spool, 1.75 mm, Red
<a_112><b_65><c_164> :: ids=[1851] :: fam=3d_filament :: HATCHBOX PLA 3D Printer Filament, Dimensional Accuracy +/- 0.03 mm, 1 kg Spool, 1.75 mm, Yellow
<a_112><b_65><c_32> :: ids=[2507] :: fam=3d_filament :: HATCHBOX PLA 3D Printer Filament, Dimensional Accuracy +/- 0.03 mm, 1 kg Spool, 1.75 mm, Silver",,
gain_vs_v2,v2_on_p05,512,3d_filament,3112,"3D Solutech Real Black 3D Printer PLA Filament 1.75MM Filament, Dimensional Accuracy +/- 0.03 mm, 2.2 LBS (1.0KG) - PLA175RBLK",<a_178><b_14><c_94>,2.0,23.0,hit_at_10,0,2,"<a_178><b_14><c_6> :: ids=[2909, 3494] :: fam=3d_filament :: 3D Solutech Silver Metal 3D Printer PLA Filament 1.75MM Filament, Dimensional Accuracy +/- 0.03 mm, 2.2 LBS (1.0KG) - PLA175TCMS / 3D Solutech Real Yellow 3D Pr
<a_178><b_14><c_94> :: ids=[3112] :: fam=3d_filament :: 3D Solutech Real Black 3D Printer PLA Filament 1.75MM Filament, Dimensional Accuracy +/- 0.03 mm, 2.2 LBS (1.0KG) - PLA175RBLK
<a_178><b_14><c_107> :: ids=[2161] :: fam=3d_filament :: 3D Solutech Natural Clear 1.75mm 3D Printer PLA Filament, Dimensional Accuracy +/- 0.03 mm, 2.2 LBS (1.0KG)
<a_178><b_14><c_135> :: ids=[2993] :: fam=3d_filament :: 3D Solutech Blue 3D Printer Ultra PLA Filament 1.75MM Filament, Dimensional Accuracy +/- 0.03 mm, 2.2 LBS (1.0KG)
<a_178><b_14><c_75> :: ids=[2697] :: fam=3d_filament :: 3D Solutech Real White 3D Printer PLA Filament 1.75MM Filament, Dimensional Accuracy +/- 0.03 mm, 2.2 LBS (1.0KG)","<a_22><b_122><c_191> :: ids=[2909] :: fam=3d_filament :: 3D Solutech Silver Metal 3D Printer PLA Filament 1.75MM Filament, Dimensional Accuracy +/- 0.03 mm, 2.2 LBS (1.0KG) - PLA175TCMS
<a_112><b_122><c_79> :: ids=[2697] :: fam=3d_filament :: 3D Solutech Real White 3D Printer PLA Filament 1.75MM Filament, Dimensional Accuracy +/- 0.03 mm, 2.2 LBS (1.0KG)
<a_112><b_122><c_3> :: ids=[2161] :: fam=3d_filament :: 3D Solutech Natural Clear 1.75mm 3D Printer PLA Filament, Dimensional Accuracy +/- 0.03 mm, 2.2 LBS (1.0KG)
<a_112><b_122><c_213> :: ids=[3475] :: fam=3d_filament :: 3D Solutech Real Orange 3D Printer PLA Filament 1.75MM Filament, Dimensional Accuracy +/- 0.03 mm, 2.2 LBS (1.0KG)
<a_112><b_65><c_53> :: ids=[1850] :: fam=3d_filament :: HATCHBOX PLA 3D Printer Filament, Dimensional Accuracy +/- 0.03 mm, 1 kg Spool, 1.75 mm, Red",,
gain_vs_v2,v2_on_p05,515,3d_filament,3453,"3D Solutech Real Gold 3D Printer PLA Filament 1.75MM Filament, Dimensional Accuracy +/- 0.03 mm, 2.2 LBS (1.0KG)",<a_178><b_14><c_253>,8.0,16.0,hit_at_10,0,4,"<a_178><b_14><c_6> :: ids=[2909, 3494] :: fam=3d_filament :: 3D Solutech Silver Metal 3D Printer PLA Filament 1.75MM Filament, Dimensional Accuracy +/- 0.03 mm, 2.2 LBS (1.0KG) - PLA175TCMS / 3D Solutech Real Yellow 3D Pr
<a_178><b_14><c_135> :: ids=[2993] :: fam=3d_filament :: 3D Solutech Blue 3D Printer Ultra PLA Filament 1.75MM Filament, Dimensional Accuracy +/- 0.03 mm, 2.2 LBS (1.0KG)
<a_178><b_14><c_107> :: ids=[2161] :: fam=3d_filament :: 3D Solutech Natural Clear 1.75mm 3D Printer PLA Filament, Dimensional Accuracy +/- 0.03 mm, 2.2 LBS (1.0KG)
<a_178><b_14><c_26> :: ids=[3442] :: fam=3d_filament :: 3D Solutech Real Purple 3D Printer PLA Filament 1.75MM Filament, Dimensional Accuracy +/- 0.03 mm, 2.2 LBS (1.0KG)
<a_178><b_14><c_94> :: ids=[3112] :: fam=3d_filament :: 3D Solutech Real Black 3D Printer PLA Filament 1.75MM Filament, Dimensional Accuracy +/- 0.03 mm, 2.2 LBS (1.0KG) - PLA175RBLK","<a_112><b_122><c_79> :: ids=[2697] :: fam=3d_filament :: 3D Solutech Real White 3D Printer PLA Filament 1.75MM Filament, Dimensional Accuracy +/- 0.03 mm, 2.2 LBS (1.0KG)
<a_112><b_122><c_17> :: ids=[3494] :: fam=3d_filament :: 3D Solutech Real Yellow 3D Printer PLA Filament 1.75MM Filament, Dimensional Accuracy +/- 0.03 mm, 2.2 LBS (1.0KG)
<a_112><b_122><c_3> :: ids=[2161] :: fam=3d_filament :: 3D Solutech Natural Clear 1.75mm 3D Printer PLA Filament, Dimensional Accuracy +/- 0.03 mm, 2.2 LBS (1.0KG)
<a_112><b_122><c_163> :: ids=[2993] :: fam=3d_filament :: 3D Solutech Blue 3D Printer Ultra PLA Filament 1.75MM Filament, Dimensional Accuracy +/- 0.03 mm, 2.2 LBS (1.0KG)
<a_112><b_122><c_213> :: ids=[3475] :: fam=3d_filament :: 3D Solutech Real Orange 3D Printer PLA Filament 1.75MM Filament, Dimensional Accuracy +/- 0.03 mm, 2.2 LBS (1.0KG)",,
gain_vs_v2,v2_on_p05,526,metadata_placeholder,54,"Industrial & Scientific"" />",<a_129><b_68><c_172>,8.0,,hit_at_10,1,1,"<a_92><b_110><c_254> :: ids=[1042] :: fam=other :: uxcell Mandrel Mounted White Conical Felt Point Polishing Tool
<a_185><b_2><c_12> :: ids=[123] :: fam=other :: Red Devil 0325 Steel Wool, 2 Medium Course, 8 Pads
<a_92><b_200><c_192> :: ids=[341] :: fam=other :: Neiko 11108A 4.5&rdquo; x 7/8-Inch Aluminum Oxide Flap Disc, 80 Grit | Flat Type #27 | 10-Pack
<a_185><b_254><c_5> :: ids=[1546] :: fam=other :: BreakFree CLP-PS Precision Shooter
<a_154><b_254><c_212> :: ids=[98] :: fam=metadata_placeholder :: Industrial & Scientific"" />","<a_48><b_18><c_223> :: ids=[1042] :: fam=other :: uxcell Mandrel Mounted White Conical Felt Point Polishing Tool
<a_247><b_248><c_33> :: ids=[98] :: fam=metadata_placeholder :: Industrial & Scientific"" />
<a_148><b_147><c_234> :: ids=[1995] :: fam=other :: Spectra PAR12-02 Parker Laboratories 360 Electrode Gel, 2 oz. Tube
<a_154><b_37><c_0> :: ids=[181, 182] :: fam=gauge_meter :: AcuRite 00613 Humidity Monitor with Indoor Thermometer, Digital Hygrometer and Humidity Gauge Indicator / AcuRite 00613 Humidity Monitor with Indoor Thermometer
<a_42><b_203><c_209> :: ids=[148] :: fam=other :: Plastic Transfer Pipettes 3ml, Graduated, Pack of 100",,
gain_vs_v2,v2_on_p05,566,ventilation_fan,218,Phresh Duct Silencer 8 in x 24 in,<a_35><b_170><c_107>,10.0,,hit_at_10,1,1,"<a_190><b_103><c_0> :: ids=[181, 182] :: fam=gauge_meter :: AcuRite 00613 Humidity Monitor with Indoor Thermometer, Digital Hygrometer and Humidity Gauge Indicator / AcuRite 00613 Humidity Monitor with Indoor Thermometer
<a_190><b_185><c_201> :: ids=[159] :: fam=gauge_meter :: Etekcity Lasergrip 774 Non-contact Digital Laser Infrared Thermometer Temperature Gun -58~ 716 (-50 ~ 380), Yellow and Black
<a_197><b_173><c_161> :: ids=[84] :: fam=gauge_meter :: Neiko 01409A Electronic Digital Caliper with Extra Large LCD Screen | 0 - 12 Inches | Inch/Fractions/Millimeter Conversion
<a_209><b_33><c_25> :: ids=[577] :: fam=other :: Neiko 50458A Snap Ring Shop Assortment, 300 Count | 18 Sizes (1/8"" - 1-1/4"") | Hardened Steel
<a_77><b_45><c_0> :: ids=[139, 774] :: fam=other :: DuPont Teflon Non-Stick / DuPont Teflon Non-Stick","<a_154><b_37><c_0> :: ids=[181, 182] :: fam=gauge_meter :: AcuRite 00613 Humidity Monitor with Indoor Thermometer, Digital Hygrometer and Humidity Gauge Indicator / AcuRite 00613 Humidity Monitor with Indoor Thermometer
<a_54><b_229><c_184> :: ids=[391] :: fam=gauge_meter :: Senco A209909 18-Gauge-by-1-2-Inch Electro Galvanized Variety Pack Brads
<a_106><b_151><c_251> :: ids=[1502] :: fam=other :: Dap 18275 DYNAFLEX 230, White 100% Waterproof Window, Door & Trim Sealant, 10.1 oz
<a_209><b_169><c_44> :: ids=[338] :: fam=gauge_meter :: Etekcity Lasergrip 1080 Non-Contact Digital Laser Infrared Thermometer Temperature Gun -58~1022 (-50550), Yellow and Black
<a_131><b_191><c_180> :: ids=[201] :: fam=connector_fitting :: ColorConnex Coupler & Plug Kit (7 Piece), Industrial Type D, 1/4 in. NPT, Red - A73457D",,
gain_vs_v2,v2_on_p05,604,3d_filament,2507,"HATCHBOX PLA 3D Printer Filament, Dimensional Accuracy +/- 0.03 mm, 1 kg Spool, 1.75 mm, Silver",<a_178><b_165><c_148>,3.0,40.0,hit_at_10,0,0,"<a_212><b_17><c_91> :: ids=[2926] :: fam=3d_filament :: HICTOP 5 Pieces 3D Printer Extruder Hotend 1.75mm Nozzle Throat for Reprap Prusa I3
<a_63><b_201><c_247> :: ids=[3541] :: fam=3d_filament :: 5PCS Nema 17 Stepper Motor Bipolar 2A 84oz.in 48mm 4-lead for 3D Printer/CNC
<a_178><b_165><c_148> :: ids=[2507] :: fam=3d_filament :: HATCHBOX PLA 3D Printer Filament, Dimensional Accuracy +/- 0.03 mm, 1 kg Spool, 1.75 mm, Silver
<a_178><b_154><c_135> :: ids=[1851] :: fam=3d_filament :: HATCHBOX PLA 3D Printer Filament, Dimensional Accuracy +/- 0.03 mm, 1 kg Spool, 1.75 mm, Yellow
<a_178><b_165><c_53> :: ids=[50] :: fam=3d_filament :: HATCHBOX PLA 3D Printer Filament, Dimensional Accuracy +/- 0.03 mm, 1 kg Spool, 1.75 mm, Blue","<a_210><b_96><c_83> :: ids=[2998] :: fam=3d_filament :: SainSmart RepRap MK2B 3D printers Dual Power PCB HeatBed Heat Bed 12/24V Updated Version of MK2A
<a_210><b_86><c_244> :: ids=[3000] :: fam=3d_filament :: Endstop Microswitches for 3D Printer or CNC
<a_210><b_231><c_166> :: ids=[3211] :: fam=3d_filament :: Hobbypower 3D Printer Controller RAMPS 1.4 for REPRAP MENDEL PRUSA Arduino
<a_132><b_20><c_49> :: ids=[2534] :: fam=3d_filament :: RioRand(TM) RepRap Mega 2560(Arduino compatible),RAMPS 1.4,Stepstick Pololu A4988 Stepper Driver for 3D Printer,Prusa Mendel,MakerBot
<a_132><b_39><c_172> :: ids=[3649] :: fam=3d_filament :: [3D CAM] 5 PCS DRV8825 StepStick Stepper Motor Drivers for 3D Printer Electronics, CNC Machine or Robotics",,
gain_vs_v2,v2_on_p05,608,3d_filament,444,"HATCHBOX ABS 3D Printer Filament, Dimensional Accuracy +/- 0.03 mm, 1 kg Spool, 1.75 mm, White",<a_178><b_154><c_50>,5.0,,hit_at_10,0,2,"<a_178><b_154><c_135> :: ids=[1851] :: fam=3d_filament :: HATCHBOX PLA 3D Printer Filament, Dimensional Accuracy +/- 0.03 mm, 1 kg Spool, 1.75 mm, Yellow
<a_178><b_252><c_162> :: ids=[1847] :: fam=3d_filament :: HATCHBOX PLA 3D Printer Filament, Dimensional Accuracy +/- 0.03 mm, 1 kg Spool, 1.75 mm, White
<a_178><b_165><c_148> :: ids=[2507] :: fam=3d_filament :: HATCHBOX PLA 3D Printer Filament, Dimensional Accuracy +/- 0.03 mm, 1 kg Spool, 1.75 mm, Silver
<a_178><b_154><c_141> :: ids=[2472] :: fam=3d_filament :: HATCHBOX ABS 3D Printer Filament, Dimensional Accuracy +/- 0.03 mm, 1 kg Spool, 1.75 mm, Black
<a_178><b_154><c_50> :: ids=[444] :: fam=3d_filament :: HATCHBOX ABS 3D Printer Filament, Dimensional Accuracy +/- 0.03 mm, 1 kg Spool, 1.75 mm, White","<a_45><b_249><c_244> :: ids=[1847] :: fam=3d_filament :: HATCHBOX PLA 3D Printer Filament, Dimensional Accuracy +/- 0.03 mm, 1 kg Spool, 1.75 mm, White
<a_112><b_65><c_53> :: ids=[1850] :: fam=3d_filament :: HATCHBOX PLA 3D Printer Filament, Dimensional Accuracy +/- 0.03 mm, 1 kg Spool, 1.75 mm, Red
<a_112><b_65><c_58> :: ids=[50] :: fam=3d_filament :: HATCHBOX PLA 3D Printer Filament, Dimensional Accuracy +/- 0.03 mm, 1 kg Spool, 1.75 mm, Blue
<a_112><b_65><c_32> :: ids=[2507] :: fam=3d_filament :: HATCHBOX PLA 3D Printer Filament, Dimensional Accuracy +/- 0.03 mm, 1 kg Spool, 1.75 mm, Silver
<a_112><b_65><c_164> :: ids=[1851] :: fam=3d_filament :: HATCHBOX PLA 3D Printer Filament, Dimensional Accuracy +/- 0.03 mm, 1 kg Spool, 1.75 mm, Yellow",,
gain_vs_v2,v2_on_p05,618,3d_filament,2912,Inland 1.75mm Black PLA 3D Printer Filament - 1kg Spool (2.2 lbs),<a_220><b_114><c_173>,9.0,,hit_at_10,1,1,"<a_220><b_114><c_145> :: ids=[2932] :: fam=3d_filament :: Inland 1.75mm Blue PLA 3D Printer Filament - 1kg Spool (2.2 lbs)
<a_220><b_114><c_53> :: ids=[2734] :: fam=3d_filament :: Inland 1.75mm White PLA 3D Printer Filament - 1kg Spool (2.2 lbs)
<a_220><b_114><c_156> :: ids=[2934] :: fam=3d_filament :: Inland 1.75mm Yellow PLA 3D Printer Filament - 1kg Spool (2.2 lbs)
<a_220><b_114><c_221> :: ids=[2485] :: fam=3d_filament :: Inland 1.75mm Gold PLA 3D Printer Filament - 1kg Spool (2.2 lbs)
<a_220><b_114><c_224> :: ids=[2979] :: fam=3d_filament :: Inland 1.75mm Gray PLA 3D Printer Filament - 1kg Spool (2.2 lbs)","<a_33><b_35><c_241> :: ids=[2979] :: fam=3d_filament :: Inland 1.75mm Gray PLA 3D Printer Filament - 1kg Spool (2.2 lbs)
<a_211><b_35><c_13> :: ids=[2703] :: fam=3d_filament :: eSUN 3D 1.75mm PETG Black Filament 1kg (2.2lb), PETG 3D Printer Filament, 1.75mm Solid Opaque Black
<a_211><b_35><c_7> :: ids=[2157] :: fam=3d_filament :: eSUN 3D 1.75mm PETG Blue Filament 1kg (2.2lb), PETG 3D Printer Filament, 1.75mm Semi-Transparent Blue
<a_33><b_35><c_247> :: ids=[3114] :: fam=3d_filament :: Inland 1.75mm Purple PLA 3D Printer Filament - 1kg Spool (2.2 lbs)
<a_211><b_147><c_178> :: ids=[2544] :: fam=3d_filament :: SainSmart Clear Flexible TPU 3D Printing Filament, 1.75 mm, 0.8 kg, Dimensional Accuracy +/- 0.05 mm",,
gain_vs_v2,v2_on_p05,650,tape,125,"Gorilla 6100101 Tape Handy Roll, 1-Pack, Black",<a_31><b_208><c_41>,2.0,,hit_at_10,1,2,"<a_171><b_122><c_89> :: ids=[2492] :: fam=other :: Sunlite Bicycle Loose Ball Bearings 1/4"" Bag Of 144
<a_31><b_208><c_41> :: ids=[125] :: fam=tape :: Gorilla 6100101 Tape Handy Roll, 1-Pack, Black
<a_171><b_161><c_0> :: ids=[7, 8] :: fam=other :: UltraSource 192033 Hamburger Patty Paper, 5.5"" x 5.5"" (Pack of 1000) / UltraSource 192033 Hamburger Patty Paper, 5.5"" x 5.5"" (Pack of 1000)
<a_31><b_208><c_1> :: ids=[991] :: fam=tape :: Pro Gaffer Gaffers Tape, 2 in x 55 yd, Black
<a_190><b_103><c_0> :: ids=[181, 182] :: fam=gauge_meter :: AcuRite 00613 Humidity Monitor with Indoor Thermometer, Digital Hygrometer and Humidity Gauge Indicator / AcuRite 00613 Humidity Monitor with Indoor Thermometer","<a_223><b_196><c_109> :: ids=[2531] :: fam=tape :: TapeCase Silver Aluminum Foil Tape with Conductive Acrylic Adhesive, Converted from 3M 1120, 36 yd Length, 0.313"" Width, Roll
<a_209><b_166><c_114> :: ids=[159] :: fam=gauge_meter :: Etekcity Lasergrip 774 Non-contact Digital Laser Infrared Thermometer Temperature Gun -58~ 716 (-50 ~ 380), Yellow and Black
<a_45><b_249><c_244> :: ids=[1847] :: fam=3d_filament :: HATCHBOX PLA 3D Printer Filament, Dimensional Accuracy +/- 0.03 mm, 1 kg Spool, 1.75 mm, White
<a_83><b_151><c_0> :: ids=[407] :: fam=gauge_meter :: Lucksender 100 Feet /30 Meter 1/4inch / 6mm I.D Polyolefin 2:1 Heat Shrink Tubing
<a_209><b_113><c_131> :: ids=[138] :: fam=ventilation_fan :: Fantronics 7mm Android Endoscope OTG Micro USB Endoscope Waterproof Borescopes Inspection Camera with 6 LED and 3.5M Cable",,
gain_vs_v2,v2_on_p05,661,other,406,"Hillman 830502 Flat Washer, Stainless-Steel",<a_68><b_231><c_185>,4.0,29.0,hit_at_10,1,2,"<a_235><b_239><c_31> :: ids=[506] :: fam=fastener :: Stainless 1/4-20 Hex Nuts, USS Coarse Thread, 304 Stainless Steel, 100 pieces (1/4 Hex Nuts)
<a_68><b_5><c_24> :: ids=[37] :: fam=other :: The Hillman Group 591521 Small Flat and Lock Washer Assortment, 270-Pack
<a_68><b_85><c_138> :: ids=[3229] :: fam=other :: 100 qty 1/4"" Stainless Steel Flat Washers (18-8 Stainless)
<a_68><b_231><c_185> :: ids=[406] :: fam=other :: Hillman 830502 Flat Washer, Stainless-Steel
<a_68><b_85><c_58> :: ids=[841] :: fam=other :: Stainlesstown K18FWC Stainless Steel Flat Washer Assortment Kit","<a_105><b_5><c_225> :: ids=[37] :: fam=other :: The Hillman Group 591521 Small Flat and Lock Washer Assortment, 270-Pack
<a_105><b_7><c_254> :: ids=[841] :: fam=other :: Stainlesstown K18FWC Stainless Steel Flat Washer Assortment Kit
<a_62><b_224><c_198> :: ids=[508] :: fam=fastener :: Hillman 829300 1/4-20 SS HEX NUT
<a_105><b_119><c_66> :: ids=[507] :: fam=other :: Stainless Flat Washers 1/4 Inch, 304 Stainless Steel, 100 pieces (1/4 Flat Washer) by ""Chenango Supply Co., Inc.
<a_105><b_172><c_78> :: ids=[401] :: fam=fastener :: Crown Bolt 30092 3/4 Inch Zinc-Plated SAE Flat Washers, 25-Count",,
gain_vs_v2,v2_on_p05,825,3d_filament,2909,"3D Solutech Silver Metal 3D Printer PLA Filament 1.75MM Filament, Dimensional Accuracy +/- 0.03 mm, 2.2 LBS (1.0KG) - PLA175TCMS",<a_178><b_14><c_6>,8.0,,hit_at_10,1,2,"<a_73><b_218><c_123> :: ids=[1922] :: fam=other :: 5 Inch 1500 Grit High Performance Hook and Loop Wet / Dry Film Sanding Discs, 10 Pack
<a_197><b_173><c_161> :: ids=[84] :: fam=gauge_meter :: Neiko 01409A Electronic Digital Caliper with Extra Large LCD Screen | 0 - 12 Inches | Inch/Fractions/Millimeter Conversion
<a_193><b_130><c_174> :: ids=[926] :: fam=other :: Dap 00272 Original Contact Cement Qt Raw Building Material, Tan
<a_130><b_181><c_74> :: ids=[665] :: fam=other :: 608 ZZ Skateboard Bearings, Double Shielded, Silver (Pack of 8)
<a_235><b_8><c_1> :: ids=[3] :: fam=fastener :: Kreg SML-C125-500 1-1/4-Inch #8 Coarse Pocket Hole Screws with Washer-Head, 500-Pack","<a_185><b_5><c_88> :: ids=[1347] :: fam=other :: Woodstock D4160 110-Volt Paddle Switch
<a_164><b_128><c_97> :: ids=[2566] :: fam=other :: Uxcell NPN NO Capacitance Proximity Sensor Switch, DC 6V - 36V/300 mA, 1 mm -10 mm
<a_196><b_246><c_230> :: ids=[2363] :: fam=connector_fitting :: Gardner Bender GSW-69 Electrical Rotary Switch, SPST, ON-OFF, 6 A/125V AC, 6 inch Wire Terminal, Black Plastic
<a_196><b_231><c_194> :: ids=[3292] :: fam=other :: uxcell&reg; 5 Pcs AC 250V 3A SPST On/Off Self Locking Push Button Switch
<a_87><b_70><c_104> :: ids=[359] :: fam=fastener :: Kreg SK03 Pocket-Hole Screw Kit in 5 Sizes",,
gain_vs_v2,v2_on_p05,864,other,176,URBEST 530 Pcs 2:1 Heat Shrink Tubing Tube Sleeving Wrap Cable Wire 5 Color 8 Size,<a_109><b_114><c_135>,9.0,,hit_at_10,1,2,"<a_190><b_103><c_0> :: ids=[181, 182] :: fam=gauge_meter :: AcuRite 00613 Humidity Monitor with Indoor Thermometer, Digital Hygrometer and Humidity Gauge Indicator / AcuRite 00613 Humidity Monitor with Indoor Thermometer
<a_190><b_185><c_201> :: ids=[159] :: fam=gauge_meter :: Etekcity Lasergrip 774 Non-contact Digital Laser Infrared Thermometer Temperature Gun -58~ 716 (-50 ~ 380), Yellow and Black
<a_35><b_170><c_107> :: ids=[218] :: fam=ventilation_fan :: Phresh Duct Silencer 8 in x 24 in
<a_193><b_49><c_201> :: ids=[1957] :: fam=adhesive_epoxy :: Devcon Epoxy Bathtub Repair Kit (Almond & White)
<a_35><b_85><c_71> :: ids=[2938] :: fam=ventilation_fan :: VenTech VT DUCT-6 VTD625 Aluminum Duct for Ventilation Ducting, 6''","<a_154><b_37><c_0> :: ids=[181, 182] :: fam=gauge_meter :: AcuRite 00613 Humidity Monitor with Indoor Thermometer, Digital Hygrometer and Humidity Gauge Indicator / AcuRite 00613 Humidity Monitor with Indoor Thermometer
<a_18><b_5><c_7> :: ids=[1957] :: fam=adhesive_epoxy :: Devcon Epoxy Bathtub Repair Kit (Almond & White)
<a_135><b_25><c_11> :: ids=[675] :: fam=adhesive_epoxy :: J-B Weld 8265S Original Cold-Weld Steel Reinforced Epoxy - 2 oz.
<a_209><b_169><c_44> :: ids=[338] :: fam=gauge_meter :: Etekcity Lasergrip 1080 Non-Contact Digital Laser Infrared Thermometer Temperature Gun -58~1022 (-50550), Yellow and Black
<a_18><b_39><c_198> :: ids=[926] :: fam=other :: Dap 00272 Original Contact Cement Qt Raw Building Material, Tan",,
gain_vs_v2,v2_on_p05,960,other,513,"Kimberly-Clark Professional Kimtech Science KimWipes Delicate Task Wipers, 4.4 x 8.4 in. 1-ply",<a_211><b_154><c_68>,10.0,47.0,hit_at_10,1,1,"<a_153><b_27><c_240> :: ids=[560] :: fam=test_strip :: Litmus pH Test Strips, Universal Application (pH 1-14), 2 Packs of 100 Strips
<a_81><b_167><c_6> :: ids=[148] :: fam=other :: Plastic Transfer Pipettes 3ml, Graduated, Pack of 100
<a_148><b_99><c_29> :: ids=[1956] :: fam=other :: Karter Scientific Glass Flask 5 Piece Set, Narrow Mouth Erlenmeyer, Borosilicate 3.3 Glass - 50ml, 150ml, 250ml, 500ml, 1L, 213B2
<a_81><b_169><c_254> :: ids=[232] :: fam=other :: Karter Scientific 213A2 Borosilicate Glass Low Form Glass Beaker, 50/100/250/500/1000 mL (Pack of 5)
<a_81><b_251><c_126> :: ids=[2254] :: fam=other :: Glass Erlenmeyer Flask Set - 3 Sizes - 50, 150 and 250ml, Karter Scientific 214U2","<a_92><b_115><c_7> :: ids=[560] :: fam=test_strip :: Litmus pH Test Strips, Universal Application (pH 1-14), 2 Packs of 100 Strips
<a_42><b_203><c_209> :: ids=[148] :: fam=other :: Plastic Transfer Pipettes 3ml, Graduated, Pack of 100
<a_154><b_37><c_0> :: ids=[181, 182] :: fam=gauge_meter :: AcuRite 00613 Humidity Monitor with Indoor Thermometer, Digital Hygrometer and Humidity Gauge Indicator / AcuRite 00613 Humidity Monitor with Indoor Thermometer
<a_139><b_85><c_100> :: ids=[2597] :: fam=other :: Karter Scientific 206D2 Plastic Petri Dishes, 60 mm x 15 mm, 3 Vents, Sterile (Pack of 10)
<a_139><b_85><c_6> :: ids=[2995] :: fam=other :: SEOH Petri Dish 100 x 15Mm Sterile, Vented, 25/Pk",,
gain_vs_v2,v2_on_p05,984,other,1820,Uxcell a14041800ux1143 25Pcs Double Sided Protoboard Prototyping Pcb Board 4cm x 6cm,<a_126><b_162><c_235>,4.0,26.0,hit_at_10,1,1,"<a_193><b_46><c_91> :: ids=[563] :: fam=3d_filament :: Foreasy 3D Printer Tool 3D Print Removal Tool Enhanced Version Set of 2
<a_126><b_141><c_197> :: ids=[2631] :: fam=other :: Addicore 1 Pack ATmega328P-PU DIP-28 Chip with Arduino Uno Bootloader and Addicore Pinout Sticker
<a_134><b_254><c_47> :: ids=[145] :: fam=other :: Marrywindix 6pcs ESD Precision Anti-Static Tweezers, Tweezers Stainless Steel Tweezers with a Bag for Electronics Jewelry-Making Repairing
<a_126><b_162><c_235> :: ids=[1820] :: fam=other :: Uxcell a14041800ux1143 25Pcs Double Sided Protoboard Prototyping Pcb Board 4cm x 6cm
<a_109><b_17><c_3> :: ids=[1205] :: fam=other :: PEI (Polyetherimide) Sheet, Opaque Off-White, Standard Tolerance, ASTM D5205 PEI0113, 0.03"" Thickness, 12"" Width, 24"" Length","<a_222><b_2><c_41> :: ids=[1881] :: fam=other :: Phantom YoYo 170 Points Mini Breadboard for Arduino Proto Shield (6 PCS)
<a_222><b_159><c_251> :: ids=[3324] :: fam=other :: Aketek 3x Solderless BreadBoard, 400 tie-points, 4 power rails, 3.3 x 2.1 x 0.3in (84 x 54 x 9mm)
<a_222><b_159><c_135> :: ids=[2402] :: fam=other :: Elegoo EL-CP-003 3pcs MB-102 Breadboard 830 Point Solderless Prototype PCB Board Kit for Arduino Proto Shield Distribution Connecting Blocks
<a_123><b_164><c_115> :: ids=[2882] :: fam=other :: Elegoo HC-SR04 Ultrasonic Module Distance Sensor for Arduino UNO MEGA2560 Nano Robot XBee ZigBee, Set of 5
<a_222><b_21><c_237> :: ids=[285] :: fam=other :: Z&T Solderless Flexible Breadboard Jumper Wires M/M 100pcs",,
gain_vs_v2,v2_on_p05,1032,3d_filament,3466,"3D Solutech Real Red 3D Printer PLA Filament 1.75MM, Dimensional Accuracy +/- 0.03 mm, 2.2 LBS (1.0KG) - RA-I00I-DQUY",<a_178><b_14><c_150>,10.0,16.0,hit_at_10,0,1,"<a_178><b_14><c_6> :: ids=[2909, 3494] :: fam=3d_filament :: 3D Solutech Silver Metal 3D Printer PLA Filament 1.75MM Filament, Dimensional Accuracy +/- 0.03 mm, 2.2 LBS (1.0KG) - PLA175TCMS / 3D Solutech Real Yellow 3D Pr
<a_178><b_14><c_94> :: ids=[3112] :: fam=3d_filament :: 3D Solutech Real Black 3D Printer PLA Filament 1.75MM Filament, Dimensional Accuracy +/- 0.03 mm, 2.2 LBS (1.0KG) - PLA175RBLK
<a_178><b_14><c_107> :: ids=[2161] :: fam=3d_filament :: 3D Solutech Natural Clear 1.75mm 3D Printer PLA Filament, Dimensional Accuracy +/- 0.03 mm, 2.2 LBS (1.0KG)
<a_178><b_14><c_135> :: ids=[2993] :: fam=3d_filament :: 3D Solutech Blue 3D Printer Ultra PLA Filament 1.75MM Filament, Dimensional Accuracy +/- 0.03 mm, 2.2 LBS (1.0KG)
<a_178><b_14><c_75> :: ids=[2697] :: fam=3d_filament :: 3D Solutech Real White 3D Printer PLA Filament 1.75MM Filament, Dimensional Accuracy +/- 0.03 mm, 2.2 LBS (1.0KG)","<a_22><b_122><c_191> :: ids=[2909] :: fam=3d_filament :: 3D Solutech Silver Metal 3D Printer PLA Filament 1.75MM Filament, Dimensional Accuracy +/- 0.03 mm, 2.2 LBS (1.0KG) - PLA175TCMS
<a_112><b_122><c_79> :: ids=[2697] :: fam=3d_filament :: 3D Solutech Real White 3D Printer PLA Filament 1.75MM Filament, Dimensional Accuracy +/- 0.03 mm, 2.2 LBS (1.0KG)
<a_112><b_122><c_213> :: ids=[3475] :: fam=3d_filament :: 3D Solutech Real Orange 3D Printer PLA Filament 1.75MM Filament, Dimensional Accuracy +/- 0.03 mm, 2.2 LBS (1.0KG)
<a_112><b_122><c_3> :: ids=[2161] :: fam=3d_filament :: 3D Solutech Natural Clear 1.75mm 3D Printer PLA Filament, Dimensional Accuracy +/- 0.03 mm, 2.2 LBS (1.0KG)
<a_112><b_65><c_53> :: ids=[1850] :: fam=3d_filament :: HATCHBOX PLA 3D Printer Filament, Dimensional Accuracy +/- 0.03 mm, 1 kg Spool, 1.75 mm, Red",,
gain_vs_v2,v2_on_p05,1046,3d_filament,3526,"Gizmo Dorks 3mm (2.85mm) ABS Filament 1kg / 2.2lb for 3D Printers, Green",<a_178><b_45><c_173>,6.0,,hit_at_10,1,1,"<a_193><b_228><c_165> :: ids=[2475] :: fam=other :: Gizmo Dorks 3D Print Removal Tool, 5-inch Blade
<a_178><b_45><c_132> :: ids=[1791] :: fam=3d_filament :: Gizmo Dorks 1.75mm PLA Filament 1kg / 2.2lb for 3D Printers, Translucent Green
<a_178><b_150><c_117> :: ids=[2544] :: fam=3d_filament :: SainSmart Clear Flexible TPU 3D Printing Filament, 1.75 mm, 0.8 kg, Dimensional Accuracy +/- 0.05 mm
<a_178><b_143><c_111> :: ids=[3558] :: fam=3d_filament :: Professional Black 1.75mm PLA 3D Printer Filament, 1kg (2.2lb) Filament Weight, 0.05mm Tolerance, by ProMolt 3D
<a_82><b_180><c_246> :: ids=[3154] :: fam=3d_filament :: TwoUp 3D Printer Kit 7"" x 7"" x 5"" Build Dimensions 50 Micron 1.75mm PLA Filament","<a_202><b_149><c_116> :: ids=[3267] :: fam=3d_filament :: Filabot TB1 Taulman BRIDGE Filament, 1.75 mm, White
<a_211><b_147><c_178> :: ids=[2544] :: fam=3d_filament :: SainSmart Clear Flexible TPU 3D Printing Filament, 1.75 mm, 0.8 kg, Dimensional Accuracy +/- 0.05 mm
<a_112><b_39><c_176> :: ids=[2419] :: fam=3d_filament :: HATCHBOX 3D ABS-1KG1.75-BLU ABS 3D Printer Filament, Dimensional Accuracy +/- 0.03 mm, 1 kg Spool, 1.75 mm, Blue
<a_86><b_141><c_147> :: ids=[2752] :: fam=3d_filament :: Gizmo Dorks 3mm (2.85mm) ABS Filament 1kg / 2.2lb for 3D Printers, Gray
<a_112><b_141><c_213> :: ids=[1792] :: fam=3d_filament :: Gizmo Dorks 1.75mm PLA Filament 1kg / 2.2lb for 3D Printers, White",,
gain_vs_v2,v2_on_p05,1059,3d_filament,3114,Inland 1.75mm Purple PLA 3D Printer Filament - 1kg Spool (2.2 lbs),<a_220><b_114><c_96>,9.0,17.0,hit_at_10,0,0,"<a_220><b_114><c_145> :: ids=[2932] :: fam=3d_filament :: Inland 1.75mm Blue PLA 3D Printer Filament - 1kg Spool (2.2 lbs)
<a_178><b_150><c_117> :: ids=[2544] :: fam=3d_filament :: SainSmart Clear Flexible TPU 3D Printing Filament, 1.75 mm, 0.8 kg, Dimensional Accuracy +/- 0.05 mm
<a_220><b_114><c_53> :: ids=[2734] :: fam=3d_filament :: Inland 1.75mm White PLA 3D Printer Filament - 1kg Spool (2.2 lbs)
<a_220><b_114><c_156> :: ids=[2934] :: fam=3d_filament :: Inland 1.75mm Yellow PLA 3D Printer Filament - 1kg Spool (2.2 lbs)
<a_212><b_17><c_91> :: ids=[2926] :: fam=3d_filament :: HICTOP 5 Pieces 3D Printer Extruder Hotend 1.75mm Nozzle Throat for Reprap Prusa I3","<a_22><b_35><c_222> :: ids=[3665] :: fam=3d_filament :: American 3D Supply PLA 3D Printer Filament, 1 kg Spool, 1.75 mm, Red
<a_33><b_35><c_241> :: ids=[2979] :: fam=3d_filament :: Inland 1.75mm Gray PLA 3D Printer Filament - 1kg Spool (2.2 lbs)
<a_211><b_35><c_13> :: ids=[2703] :: fam=3d_filament :: eSUN 3D 1.75mm PETG Black Filament 1kg (2.2lb), PETG 3D Printer Filament, 1.75mm Solid Opaque Black
<a_211><b_35><c_7> :: ids=[2157] :: fam=3d_filament :: eSUN 3D 1.75mm PETG Blue Filament 1kg (2.2lb), PETG 3D Printer Filament, 1.75mm Semi-Transparent Blue
<a_211><b_35><c_200> :: ids=[2893] :: fam=3d_filament :: eSUN 3D 1.75mm PETG White Filament 1kg (2.2lb), PETG 3D Printer Filament, 1.75mm Solid Opaque White",,
gain_vs_v2,v2_on_p05,1100,gauge_meter,84,Neiko 01409A Electronic Digital Caliper with Extra Large LCD Screen | 0 - 12 Inches | Inch/Fractions/Millimeter Conversion,<a_197><b_173><c_161>,6.0,20.0,hit_at_10,1,1,"<a_171><b_41><c_133> :: ids=[39] :: fam=other :: Augbunny 100% Cotton 5- by 7-Inch Muslin Bags with Drawstring, 12-Pack
<a_171><b_161><c_0> :: ids=[7, 8] :: fam=other :: UltraSource 192033 Hamburger Patty Paper, 5.5"" x 5.5"" (Pack of 1000) / UltraSource 192033 Hamburger Patty Paper, 5.5"" x 5.5"" (Pack of 1000)
<a_190><b_64><c_29> :: ids=[819] :: fam=3d_filament :: Inkbird ITC-1000 Dual Stage Digital Temperature Controller Fahrenheit  Celsius Thermostat with Sensor for 3D Printer,Freezer,Fridge,Hatching ect (12 Volt)
<a_190><b_103><c_0> :: ids=[181, 182] :: fam=gauge_meter :: AcuRite 00613 Humidity Monitor with Indoor Thermometer, Digital Hygrometer and Humidity Gauge Indicator / AcuRite 00613 Humidity Monitor with Indoor Thermometer
<a_190><b_185><c_201> :: ids=[159] :: fam=gauge_meter :: Etekcity Lasergrip 774 Non-contact Digital Laser Infrared Thermometer Temperature Gun -58~ 716 (-50 ~ 380), Yellow and Black","<a_154><b_37><c_0> :: ids=[181, 182] :: fam=gauge_meter :: AcuRite 00613 Humidity Monitor with Indoor Thermometer, Digital Hygrometer and Humidity Gauge Indicator / AcuRite 00613 Humidity Monitor with Indoor Thermometer
<a_248><b_109><c_145> :: ids=[42] :: fam=connector_fitting :: Precision Brand M6S Micro Seal, Miniature All Stainless Worm Gear Hose Clamp, 5/16"" - 7/8"" (Pack of 10)
<a_246><b_72><c_138> :: ids=[125] :: fam=tape :: Gorilla 6100101 Tape Handy Roll, 1-Pack, Black
<a_242><b_21><c_109> :: ids=[588] :: fam=tape :: Scotch Electrical Tape, 3/4-Inch by 66-Foot
<a_153><b_129><c_24> :: ids=[340] :: fam=other :: Break-Free CLP-4 Cleaner Lubricant Preservative Squeeze Bottle (4 -Fluid Ounce)",,
gain_vs_v2,v2_on_p05,1103,gauge_meter,159,"Etekcity Lasergrip 774 Non-contact Digital Laser Infrared Thermometer Temperature Gun -58~ 716 (-50 ~ 380), Yellow and Black",<a_190><b_185><c_201>,2.0,12.0,hit_at_10,1,1,"<a_190><b_103><c_0> :: ids=[181, 182] :: fam=gauge_meter :: AcuRite 00613 Humidity Monitor with Indoor Thermometer, Digital Hygrometer and Humidity Gauge Indicator / AcuRite 00613 Humidity Monitor with Indoor Thermometer
<a_190><b_185><c_201> :: ids=[159] :: fam=gauge_meter :: Etekcity Lasergrip 774 Non-contact Digital Laser Infrared Thermometer Temperature Gun -58~ 716 (-50 ~ 380), Yellow and Black
<a_35><b_170><c_107> :: ids=[218] :: fam=ventilation_fan :: Phresh Duct Silencer 8 in x 24 in
<a_190><b_64><c_29> :: ids=[819] :: fam=3d_filament :: Inkbird ITC-1000 Dual Stage Digital Temperature Controller Fahrenheit  Celsius Thermostat with Sensor for 3D Printer,Freezer,Fridge,Hatching ect (12 Volt)
<a_190><b_185><c_237> :: ids=[769] :: fam=gauge_meter :: Nubee Temperature Gun Non-contact Digital Laser Infrared IR Thermometer","<a_154><b_37><c_0> :: ids=[181, 182] :: fam=gauge_meter :: AcuRite 00613 Humidity Monitor with Indoor Thermometer, Digital Hygrometer and Humidity Gauge Indicator / AcuRite 00613 Humidity Monitor with Indoor Thermometer
<a_175><b_178><c_119> :: ids=[218] :: fam=ventilation_fan :: Phresh Duct Silencer 8 in x 24 in
<a_139><b_231><c_215> :: ids=[2323] :: fam=other :: 10 Pack - 20x150mm Pyrex Glass Test Tubes with Rubber Stoppers New
<a_139><b_85><c_6> :: ids=[2995] :: fam=other :: SEOH Petri Dish 100 x 15Mm Sterile, Vented, 25/Pk
<a_175><b_13><c_126> :: ids=[2938] :: fam=ventilation_fan :: VenTech VT DUCT-6 VTD625 Aluminum Duct for Ventilation Ducting, 6''",,
gain_vs_v2,v2_on_p05,1106,3d_filament,3112,"3D Solutech Real Black 3D Printer PLA Filament 1.75MM Filament, Dimensional Accuracy +/- 0.03 mm, 2.2 LBS (1.0KG) - PLA175RBLK",<a_178><b_14><c_94>,2.0,27.0,hit_at_10,0,1,"<a_178><b_14><c_6> :: ids=[2909, 3494] :: fam=3d_filament :: 3D Solutech Silver Metal 3D Printer PLA Filament 1.75MM Filament, Dimensional Accuracy +/- 0.03 mm, 2.2 LBS (1.0KG) - PLA175TCMS / 3D Solutech Real Yellow 3D Pr
<a_178><b_14><c_94> :: ids=[3112] :: fam=3d_filament :: 3D Solutech Real Black 3D Printer PLA Filament 1.75MM Filament, Dimensional Accuracy +/- 0.03 mm, 2.2 LBS (1.0KG) - PLA175RBLK
<a_178><b_14><c_107> :: ids=[2161] :: fam=3d_filament :: 3D Solutech Natural Clear 1.75mm 3D Printer PLA Filament, Dimensional Accuracy +/- 0.03 mm, 2.2 LBS (1.0KG)
<a_178><b_14><c_75> :: ids=[2697] :: fam=3d_filament :: 3D Solutech Real White 3D Printer PLA Filament 1.75MM Filament, Dimensional Accuracy +/- 0.03 mm, 2.2 LBS (1.0KG)
<a_178><b_14><c_135> :: ids=[2993] :: fam=3d_filament :: 3D Solutech Blue 3D Printer Ultra PLA Filament 1.75MM Filament, Dimensional Accuracy +/- 0.03 mm, 2.2 LBS (1.0KG)","<a_22><b_122><c_191> :: ids=[2909] :: fam=3d_filament :: 3D Solutech Silver Metal 3D Printer PLA Filament 1.75MM Filament, Dimensional Accuracy +/- 0.03 mm, 2.2 LBS (1.0KG) - PLA175TCMS
<a_112><b_65><c_53> :: ids=[1850] :: fam=3d_filament :: HATCHBOX PLA 3D Printer Filament, Dimensional Accuracy +/- 0.03 mm, 1 kg Spool, 1.75 mm, Red
<a_112><b_65><c_32> :: ids=[2507] :: fam=3d_filament :: HATCHBOX PLA 3D Printer Filament, Dimensional Accuracy +/- 0.03 mm, 1 kg Spool, 1.75 mm, Silver
<a_112><b_122><c_213> :: ids=[3475] :: fam=3d_filament :: 3D Solutech Real Orange 3D Printer PLA Filament 1.75MM Filament, Dimensional Accuracy +/- 0.03 mm, 2.2 LBS (1.0KG)
<a_112><b_122><c_79> :: ids=[2697] :: fam=3d_filament :: 3D Solutech Real White 3D Printer PLA Filament 1.75MM Filament, Dimensional Accuracy +/- 0.03 mm, 2.2 LBS (1.0KG)",,
gain_vs_v2,v2_on_p05,1109,3d_filament,3453,"3D Solutech Real Gold 3D Printer PLA Filament 1.75MM Filament, Dimensional Accuracy +/- 0.03 mm, 2.2 LBS (1.0KG)",<a_178><b_14><c_253>,7.0,17.0,hit_at_10,1,4,"<a_178><b_14><c_6> :: ids=[2909, 3494] :: fam=3d_filament :: 3D Solutech Silver Metal 3D Printer PLA Filament 1.75MM Filament, Dimensional Accuracy +/- 0.03 mm, 2.2 LBS (1.0KG) - PLA175TCMS / 3D Solutech Real Yellow 3D Pr
<a_178><b_14><c_94> :: ids=[3112] :: fam=3d_filament :: 3D Solutech Real Black 3D Printer PLA Filament 1.75MM Filament, Dimensional Accuracy +/- 0.03 mm, 2.2 LBS (1.0KG) - PLA175RBLK
<a_178><b_14><c_135> :: ids=[2993] :: fam=3d_filament :: 3D Solutech Blue 3D Printer Ultra PLA Filament 1.75MM Filament, Dimensional Accuracy +/- 0.03 mm, 2.2 LBS (1.0KG)
<a_178><b_14><c_107> :: ids=[2161] :: fam=3d_filament :: 3D Solutech Natural Clear 1.75mm 3D Printer PLA Filament, Dimensional Accuracy +/- 0.03 mm, 2.2 LBS (1.0KG)
<a_178><b_14><c_75> :: ids=[2697] :: fam=3d_filament :: 3D Solutech Real White 3D Printer PLA Filament 1.75MM Filament, Dimensional Accuracy +/- 0.03 mm, 2.2 LBS (1.0KG)","<a_22><b_122><c_191> :: ids=[2909] :: fam=3d_filament :: 3D Solutech Silver Metal 3D Printer PLA Filament 1.75MM Filament, Dimensional Accuracy +/- 0.03 mm, 2.2 LBS (1.0KG) - PLA175TCMS
<a_112><b_122><c_79> :: ids=[2697] :: fam=3d_filament :: 3D Solutech Real White 3D Printer PLA Filament 1.75MM Filament, Dimensional Accuracy +/- 0.03 mm, 2.2 LBS (1.0KG)
<a_112><b_122><c_17> :: ids=[3494] :: fam=3d_filament :: 3D Solutech Real Yellow 3D Printer PLA Filament 1.75MM Filament, Dimensional Accuracy +/- 0.03 mm, 2.2 LBS (1.0KG)
<a_112><b_122><c_3> :: ids=[2161] :: fam=3d_filament :: 3D Solutech Natural Clear 1.75mm 3D Printer PLA Filament, Dimensional Accuracy +/- 0.03 mm, 2.2 LBS (1.0KG)
<a_112><b_122><c_213> :: ids=[3475] :: fam=3d_filament :: 3D Solutech Real Orange 3D Printer PLA Filament 1.75MM Filament, Dimensional Accuracy +/- 0.03 mm, 2.2 LBS (1.0KG)",,
gain_vs_v2,v2_on_p05,1115,gauge_meter,181,"AcuRite 00613 Humidity Monitor with Indoor Thermometer, Digital Hygrometer and Humidity Gauge Indicator",<a_190><b_103><c_0>,6.0,28.0,hit_at_10,1,2,"<a_77><b_45><c_0> :: ids=[139, 774] :: fam=other :: DuPont Teflon Non-Stick / DuPont Teflon Non-Stick
<a_168><b_85><c_176> :: ids=[140] :: fam=other :: DuPont Teflon Silicone Lubricant
<a_109><b_114><c_135> :: ids=[176] :: fam=other :: URBEST 530 Pcs 2:1 Heat Shrink Tubing Tube Sleeving Wrap Cable Wire 5 Color 8 Size
<a_109><b_35><c_254> :: ids=[568] :: fam=tape :: Strenco 1"" Self Adhesive Black Hook and Loop 5 yards Sticky Back Tape Fastener 15 feet - Light Weight
<a_40><b_18><c_9> :: ids=[521] :: fam=connector_fitting :: Gardner Bender 19-001 WireGard Screw-On Wire Connectors, 22-16 AWG, Electrical Wire Nut, 14 pk, Grey","<a_73><b_243><c_92> :: ids=[140] :: fam=other :: DuPont Teflon Silicone Lubricant
<a_43><b_126><c_0> :: ids=[139, 774] :: fam=other :: DuPont Teflon Non-Stick / DuPont Teflon Non-Stick
<a_73><b_87><c_9> :: ids=[753] :: fam=other :: PVC (Polyvinyl Chloride) Sheet, Opaque White, Standard Tolerance, UL 94/ASTM D1784, 1/4"" Thickness, 12"" Width, 12"" Length
<a_73><b_59><c_113> :: ids=[287] :: fam=other :: KYDEX V Sheet - 0.028"" Thick, Black, 12&rdquo;x12&rdquo; Nominal
<a_74><b_171><c_174> :: ids=[2838] :: fam=other :: Private Property No Trespassing Sign 9 x 12 Inch - 4 Pack",,
gain_vs_v2,v2_on_p05,1148,3d_filament,2714,NinjaFlex TPU 3D Printing Filament - 1.75mm .50kg - SAPPHIRE,<a_178><b_150><c_186>,7.0,,hit_at_10,0,0,"<a_178><b_165><c_148> :: ids=[2507] :: fam=3d_filament :: HATCHBOX PLA 3D Printer Filament, Dimensional Accuracy +/- 0.03 mm, 1 kg Spool, 1.75 mm, Silver
<a_178><b_150><c_117> :: ids=[2544] :: fam=3d_filament :: SainSmart Clear Flexible TPU 3D Printing Filament, 1.75 mm, 0.8 kg, Dimensional Accuracy +/- 0.05 mm
<a_178><b_154><c_135> :: ids=[1851] :: fam=3d_filament :: HATCHBOX PLA 3D Printer Filament, Dimensional Accuracy +/- 0.03 mm, 1 kg Spool, 1.75 mm, Yellow
<a_178><b_230><c_5> :: ids=[3016] :: fam=3d_filament :: HATCHBOX 3D Printer Filament, Dimensional Accuracy +/- 0.03mm, 1.75 mm, 1 kg Spool, Wood
<a_178><b_252><c_162> :: ids=[1847] :: fam=3d_filament :: HATCHBOX PLA 3D Printer Filament, Dimensional Accuracy +/- 0.03 mm, 1 kg Spool, 1.75 mm, White","<a_112><b_65><c_53> :: ids=[1850] :: fam=3d_filament :: HATCHBOX PLA 3D Printer Filament, Dimensional Accuracy +/- 0.03 mm, 1 kg Spool, 1.75 mm, Red
<a_112><b_65><c_32> :: ids=[2507] :: fam=3d_filament :: HATCHBOX PLA 3D Printer Filament, Dimensional Accuracy +/- 0.03 mm, 1 kg Spool, 1.75 mm, Silver
<a_112><b_65><c_58> :: ids=[50] :: fam=3d_filament :: HATCHBOX PLA 3D Printer Filament, Dimensional Accuracy +/- 0.03 mm, 1 kg Spool, 1.75 mm, Blue
<a_112><b_65><c_164> :: ids=[1851] :: fam=3d_filament :: HATCHBOX PLA 3D Printer Filament, Dimensional Accuracy +/- 0.03 mm, 1 kg Spool, 1.75 mm, Yellow
<a_226><b_249><c_42> :: ids=[2204] :: fam=3d_filament :: Proto-pasta CFP11705 The Original Carbon Fiber Spool , PLA 1.75 mm, 500 g , Black",,
gain_vs_v2,v2_on_p05,1170,3d_filament,3453,"3D Solutech Real Gold 3D Printer PLA Filament 1.75MM Filament, Dimensional Accuracy +/- 0.03 mm, 2.2 LBS (1.0KG)",<a_178><b_14><c_253>,6.0,15.0,hit_at_10,1,1,"<a_178><b_14><c_6> :: ids=[2909, 3494] :: fam=3d_filament :: 3D Solutech Silver Metal 3D Printer PLA Filament 1.75MM Filament, Dimensional Accuracy +/- 0.03 mm, 2.2 LBS (1.0KG) - PLA175TCMS / 3D Solutech Real Yellow 3D Pr
<a_178><b_14><c_94> :: ids=[3112] :: fam=3d_filament :: 3D Solutech Real Black 3D Printer PLA Filament 1.75MM Filament, Dimensional Accuracy +/- 0.03 mm, 2.2 LBS (1.0KG) - PLA175RBLK
<a_178><b_14><c_107> :: ids=[2161] :: fam=3d_filament :: 3D Solutech Natural Clear 1.75mm 3D Printer PLA Filament, Dimensional Accuracy +/- 0.03 mm, 2.2 LBS (1.0KG)
<a_178><b_14><c_75> :: ids=[2697] :: fam=3d_filament :: 3D Solutech Real White 3D Printer PLA Filament 1.75MM Filament, Dimensional Accuracy +/- 0.03 mm, 2.2 LBS (1.0KG)
<a_178><b_14><c_135> :: ids=[2993] :: fam=3d_filament :: 3D Solutech Blue 3D Printer Ultra PLA Filament 1.75MM Filament, Dimensional Accuracy +/- 0.03 mm, 2.2 LBS (1.0KG)","<a_22><b_122><c_191> :: ids=[2909] :: fam=3d_filament :: 3D Solutech Silver Metal 3D Printer PLA Filament 1.75MM Filament, Dimensional Accuracy +/- 0.03 mm, 2.2 LBS (1.0KG) - PLA175TCMS
<a_22><b_249><c_221> :: ids=[2477] :: fam=3d_filament :: BAMtack! 1.75mm Black PLA 3D Printer Filament - 1kg (2.2 lbs) - Dimensional Accuracy +/- 0.03mm
<a_112><b_249><c_241> :: ids=[3016] :: fam=3d_filament :: HATCHBOX 3D Printer Filament, Dimensional Accuracy +/- 0.03mm, 1.75 mm, 1 kg Spool, Wood
<a_112><b_122><c_213> :: ids=[3475] :: fam=3d_filament :: 3D Solutech Real Orange 3D Printer PLA Filament 1.75MM Filament, Dimensional Accuracy +/- 0.03 mm, 2.2 LBS (1.0KG)
<a_112><b_122><c_79> :: ids=[2697] :: fam=3d_filament :: 3D Solutech Real White 3D Printer PLA Filament 1.75MM Filament, Dimensional Accuracy +/- 0.03 mm, 2.2 LBS (1.0KG)",,
gain_vs_v2,v2_on_p05,1210,gauge_meter,84,Neiko 01409A Electronic Digital Caliper with Extra Large LCD Screen | 0 - 12 Inches | Inch/Fractions/Millimeter Conversion,<a_197><b_173><c_161>,4.0,,hit_at_10,1,1,"<a_209><b_14><c_27> :: ids=[3303] :: fam=other :: 5 Pcs 50mm x 50mm Right Angle Stainless Steel Corner Bracket
<a_190><b_103><c_0> :: ids=[181, 182] :: fam=gauge_meter :: AcuRite 00613 Humidity Monitor with Indoor Thermometer, Digital Hygrometer and Humidity Gauge Indicator / AcuRite 00613 Humidity Monitor with Indoor Thermometer
<a_209><b_14><c_211> :: ids=[2593] :: fam=gauge_meter :: Master Magnetics Round Base Magnet Fastener with Knob,Chrome,1.43"" Diameter, 0.98"" Total Height with 1"" Diameter Knob/16 Pounds,(Box of 4), HMKR-45X4
<a_197><b_173><c_161> :: ids=[84] :: fam=gauge_meter :: Neiko 01409A Electronic Digital Caliper with Extra Large LCD Screen | 0 - 12 Inches | Inch/Fractions/Millimeter Conversion
<a_209><b_200><c_227> :: ids=[352] :: fam=other :: General Tools 1261-4 1/2-Inch Grommet Refill with 24 Grommets","<a_154><b_37><c_0> :: ids=[181, 182] :: fam=gauge_meter :: AcuRite 00613 Humidity Monitor with Indoor Thermometer, Digital Hygrometer and Humidity Gauge Indicator / AcuRite 00613 Humidity Monitor with Indoor Thermometer
<a_87><b_70><c_104> :: ids=[359] :: fam=fastener :: Kreg SK03 Pocket-Hole Screw Kit in 5 Sizes
<a_247><b_248><c_33> :: ids=[98] :: fam=metadata_placeholder :: Industrial & Scientific"" />
<a_1><b_163><c_45> :: ids=[1933] :: fam=other :: Uxcell a14082700ux0101 Antique Wood Box Latch Sets Case Hasp Lock 26 mm Long Brass Tone (Pack of 10)
<a_184><b_77><c_145> :: ids=[1024] :: fam=other :: Lehigh Group-Crawford 18025 25PK Peg Locks",,
gain_vs_v2,v2_on_p05,1216,3d_filament,2472,"HATCHBOX ABS 3D Printer Filament, Dimensional Accuracy +/- 0.03 mm, 1 kg Spool, 1.75 mm, Black",<a_178><b_154><c_141>,3.0,,hit_at_10,0,2,"<a_178><b_165><c_148> :: ids=[2507] :: fam=3d_filament :: HATCHBOX PLA 3D Printer Filament, Dimensional Accuracy +/- 0.03 mm, 1 kg Spool, 1.75 mm, Silver
<a_178><b_252><c_162> :: ids=[1847] :: fam=3d_filament :: HATCHBOX PLA 3D Printer Filament, Dimensional Accuracy +/- 0.03 mm, 1 kg Spool, 1.75 mm, White
<a_178><b_154><c_141> :: ids=[2472] :: fam=3d_filament :: HATCHBOX ABS 3D Printer Filament, Dimensional Accuracy +/- 0.03 mm, 1 kg Spool, 1.75 mm, Black
<a_178><b_165><c_53> :: ids=[50] :: fam=3d_filament :: HATCHBOX PLA 3D Printer Filament, Dimensional Accuracy +/- 0.03 mm, 1 kg Spool, 1.75 mm, Blue
<a_178><b_154><c_50> :: ids=[444] :: fam=3d_filament :: HATCHBOX ABS 3D Printer Filament, Dimensional Accuracy +/- 0.03 mm, 1 kg Spool, 1.75 mm, White","<a_112><b_65><c_32> :: ids=[2507] :: fam=3d_filament :: HATCHBOX PLA 3D Printer Filament, Dimensional Accuracy +/- 0.03 mm, 1 kg Spool, 1.75 mm, Silver
<a_45><b_249><c_0> :: ids=[1849] :: fam=3d_filament :: HATCHBOX PLA 3D Printer Filament, Dimensional Accuracy +/- 0.03 mm, 1 kg Spool, 1.75 mm, Purple
<a_112><b_65><c_53> :: ids=[1850] :: fam=3d_filament :: HATCHBOX PLA 3D Printer Filament, Dimensional Accuracy +/- 0.03 mm, 1 kg Spool, 1.75 mm, Red
<a_112><b_65><c_58> :: ids=[50] :: fam=3d_filament :: HATCHBOX PLA 3D Printer Filament, Dimensional Accuracy +/- 0.03 mm, 1 kg Spool, 1.75 mm, Blue
<a_112><b_65><c_164> :: ids=[1851] :: fam=3d_filament :: HATCHBOX PLA 3D Printer Filament, Dimensional Accuracy +/- 0.03 mm, 1 kg Spool, 1.75 mm, Yellow",,
gain_vs_v2,v2_on_p05,1217,3d_filament,1847,"HATCHBOX PLA 3D Printer Filament, Dimensional Accuracy +/- 0.03 mm, 1 kg Spool, 1.75 mm, White",<a_178><b_252><c_162>,2.0,13.0,hit_at_10,0,2,"<a_178><b_165><c_148> :: ids=[2507] :: fam=3d_filament :: HATCHBOX PLA 3D Printer Filament, Dimensional Accuracy +/- 0.03 mm, 1 kg Spool, 1.75 mm, Silver
<a_178><b_252><c_162> :: ids=[1847] :: fam=3d_filament :: HATCHBOX PLA 3D Printer Filament, Dimensional Accuracy +/- 0.03 mm, 1 kg Spool, 1.75 mm, White
<a_178><b_154><c_141> :: ids=[2472] :: fam=3d_filament :: HATCHBOX ABS 3D Printer Filament, Dimensional Accuracy +/- 0.03 mm, 1 kg Spool, 1.75 mm, Black
<a_178><b_165><c_53> :: ids=[50] :: fam=3d_filament :: HATCHBOX PLA 3D Printer Filament, Dimensional Accuracy +/- 0.03 mm, 1 kg Spool, 1.75 mm, Blue
<a_178><b_165><c_9> :: ids=[2152] :: fam=3d_filament :: HATCHBOX PLA 3D Printer Filament, Dimensional Accuracy +/- 0.03 mm, 1 kg Spool, 1.75 mm, Gold","<a_45><b_249><c_0> :: ids=[1849] :: fam=3d_filament :: HATCHBOX PLA 3D Printer Filament, Dimensional Accuracy +/- 0.03 mm, 1 kg Spool, 1.75 mm, Purple
<a_112><b_65><c_32> :: ids=[2507] :: fam=3d_filament :: HATCHBOX PLA 3D Printer Filament, Dimensional Accuracy +/- 0.03 mm, 1 kg Spool, 1.75 mm, Silver
<a_112><b_65><c_53> :: ids=[1850] :: fam=3d_filament :: HATCHBOX PLA 3D Printer Filament, Dimensional Accuracy +/- 0.03 mm, 1 kg Spool, 1.75 mm, Red
<a_112><b_65><c_103> :: ids=[2152] :: fam=3d_filament :: HATCHBOX PLA 3D Printer Filament, Dimensional Accuracy +/- 0.03 mm, 1 kg Spool, 1.75 mm, Gold
<a_112><b_65><c_58> :: ids=[50] :: fam=3d_filament :: HATCHBOX PLA 3D Printer Filament, Dimensional Accuracy +/- 0.03 mm, 1 kg Spool, 1.75 mm, Blue",,
gain_vs_v2,v2_on_p05,1225,3d_filament,2544,"SainSmart Clear Flexible TPU 3D Printing Filament, 1.75 mm, 0.8 kg, Dimensional Accuracy +/- 0.05 mm",<a_178><b_150><c_117>,6.0,,hit_at_10,0,2,"<a_178><b_165><c_148> :: ids=[2507] :: fam=3d_filament :: HATCHBOX PLA 3D Printer Filament, Dimensional Accuracy +/- 0.03 mm, 1 kg Spool, 1.75 mm, Silver
<a_178><b_252><c_162> :: ids=[1847] :: fam=3d_filament :: HATCHBOX PLA 3D Printer Filament, Dimensional Accuracy +/- 0.03 mm, 1 kg Spool, 1.75 mm, White
<a_178><b_165><c_53> :: ids=[50] :: fam=3d_filament :: HATCHBOX PLA 3D Printer Filament, Dimensional Accuracy +/- 0.03 mm, 1 kg Spool, 1.75 mm, Blue
<a_178><b_154><c_141> :: ids=[2472] :: fam=3d_filament :: HATCHBOX ABS 3D Printer Filament, Dimensional Accuracy +/- 0.03 mm, 1 kg Spool, 1.75 mm, Black
<a_178><b_165><c_4> :: ids=[1107] :: fam=3d_filament :: HATCHBOX PLA 3D Printer Filament, Dimensional Accuracy +/- 0.03 mm, 1 kg Spool, 1.75 mm, Glow in the Dark","<a_45><b_249><c_0> :: ids=[1849] :: fam=3d_filament :: HATCHBOX PLA 3D Printer Filament, Dimensional Accuracy +/- 0.03 mm, 1 kg Spool, 1.75 mm, Purple
<a_112><b_65><c_32> :: ids=[2507] :: fam=3d_filament :: HATCHBOX PLA 3D Printer Filament, Dimensional Accuracy +/- 0.03 mm, 1 kg Spool, 1.75 mm, Silver
<a_112><b_65><c_53> :: ids=[1850] :: fam=3d_filament :: HATCHBOX PLA 3D Printer Filament, Dimensional Accuracy +/- 0.03 mm, 1 kg Spool, 1.75 mm, Red
<a_112><b_65><c_58> :: ids=[50] :: fam=3d_filament :: HATCHBOX PLA 3D Printer Filament, Dimensional Accuracy +/- 0.03 mm, 1 kg Spool, 1.75 mm, Blue
<a_45><b_249><c_244> :: ids=[1847] :: fam=3d_filament :: HATCHBOX PLA 3D Printer Filament, Dimensional Accuracy +/- 0.03 mm, 1 kg Spool, 1.75 mm, White",,
gain_vs_v2,v2_on_p05,1227,3d_filament,162,"USAFilament 9800429 ABS 3D Printing Filament, 2.2 lb, 1.75 mm, White Spool",<a_178><b_12><c_24>,1.0,,hit_at_10,0,0,"<a_178><b_12><c_24> :: ids=[162] :: fam=3d_filament :: USAFilament 9800429 ABS 3D Printing Filament, 2.2 lb, 1.75 mm, White Spool
<a_220><b_213><c_164> :: ids=[3444] :: fam=3d_filament :: RepRap Champion Metal J-Head V6 Hot End for RepRap 3D Printer 1.75mm Filament Direct Feed Extruder 0.4mm Nozzle
<a_178><b_165><c_148> :: ids=[2507] :: fam=3d_filament :: HATCHBOX PLA 3D Printer Filament, Dimensional Accuracy +/- 0.03 mm, 1 kg Spool, 1.75 mm, Silver
<a_178><b_154><c_141> :: ids=[2472] :: fam=3d_filament :: HATCHBOX ABS 3D Printer Filament, Dimensional Accuracy +/- 0.03 mm, 1 kg Spool, 1.75 mm, Black
<a_178><b_154><c_135> :: ids=[1851] :: fam=3d_filament :: HATCHBOX PLA 3D Printer Filament, Dimensional Accuracy +/- 0.03 mm, 1 kg Spool, 1.75 mm, Yellow","<a_211><b_147><c_178> :: ids=[2544] :: fam=3d_filament :: SainSmart Clear Flexible TPU 3D Printing Filament, 1.75 mm, 0.8 kg, Dimensional Accuracy +/- 0.05 mm
<a_211><b_35><c_13> :: ids=[2703] :: fam=3d_filament :: eSUN 3D 1.75mm PETG Black Filament 1kg (2.2lb), PETG 3D Printer Filament, 1.75mm Solid Opaque Black
<a_211><b_35><c_7> :: ids=[2157] :: fam=3d_filament :: eSUN 3D 1.75mm PETG Blue Filament 1kg (2.2lb), PETG 3D Printer Filament, 1.75mm Semi-Transparent Blue
<a_33><b_187><c_0> :: ids=[1206] :: fam=3d_filament :: eSUN 1.75mm Black PLA PRO (PLA+) 3D Printer Filament 1KG Spool (2.2lbs), Black
<a_226><b_148><c_116> :: ids=[2333] :: fam=3d_filament :: eSUN 3D Printer CLEANING Filament 1.75mm Natural 0.1kg for all 1.75mm FDM 3D Printers, 1.75mm Cleaning",,
gain_vs_v2,v2_on_p05,1229,3d_filament,1848,Kamo 5PCS 3D Printer 0.4mm Extruder Brass Nozzle Print Head for MK8 1.75mm ABS PLA Printer,<a_212><b_168><c_133>,9.0,,hit_at_10,1,2,"<a_178><b_150><c_117> :: ids=[2544] :: fam=3d_filament :: SainSmart Clear Flexible TPU 3D Printing Filament, 1.75 mm, 0.8 kg, Dimensional Accuracy +/- 0.05 mm
<a_178><b_150><c_186> :: ids=[2714] :: fam=3d_filament :: NinjaFlex TPU 3D Printing Filament - 1.75mm .50kg - SAPPHIRE
<a_212><b_17><c_91> :: ids=[2926] :: fam=3d_filament :: HICTOP 5 Pieces 3D Printer Extruder Hotend 1.75mm Nozzle Throat for Reprap Prusa I3
<a_193><b_133><c_224> :: ids=[3610] :: fam=3d_filament :: Platform Sticker for QIDI TECH I 3D Printer: 5 pcs kit
<a_178><b_166><c_183> :: ids=[2477] :: fam=3d_filament :: BAMtack! 1.75mm Black PLA 3D Printer Filament - 1kg (2.2 lbs) - Dimensional Accuracy +/- 0.03mm","<a_211><b_147><c_178> :: ids=[2544] :: fam=3d_filament :: SainSmart Clear Flexible TPU 3D Printing Filament, 1.75 mm, 0.8 kg, Dimensional Accuracy +/- 0.05 mm
<a_226><b_114><c_115> :: ids=[2059] :: fam=3d_filament :: MG Chemicals Wood 3D Printer Filament, 1.75mm, 0.5 Kg (1.1 lbs.) - Wood
<a_33><b_35><c_241> :: ids=[2979] :: fam=3d_filament :: Inland 1.75mm Gray PLA 3D Printer Filament - 1kg Spool (2.2 lbs)
<a_33><b_187><c_0> :: ids=[1206] :: fam=3d_filament :: eSUN 1.75mm Black PLA PRO (PLA+) 3D Printer Filament 1KG Spool (2.2lbs), Black
<a_202><b_149><c_116> :: ids=[3267] :: fam=3d_filament :: Filabot TB1 Taulman BRIDGE Filament, 1.75 mm, White",,
gain_vs_v2,v2_on_p05,1277,3d_filament,300,"XYZprinting RFPLCXUS00B da Vinci Jr. & mini Series Filament, PLA (NFC), 600 g, Nature",<a_178><b_178><c_231>,2.0,,hit_at_10,1,1,"<a_178><b_129><c_31> :: ids=[1132] :: fam=3d_filament :: XYZprinting ABS Filament Refill, 1.75 mm Diameter, 600 g, Nature
<a_178><b_178><c_231> :: ids=[300] :: fam=3d_filament :: XYZprinting RFPLCXUS00B da Vinci Jr. & mini Series Filament, PLA (NFC), 600 g, Nature
<a_178><b_131><c_35> :: ids=[297] :: fam=3d_filament :: XYZprinting ABS Plastic Filament Cartridge, 1.75 mm Diameter, 600g, Black
<a_82><b_178><c_48> :: ids=[1130] :: fam=3d_filament :: [Open Resin] XYZprinting Nobel 1.0 SLA 3D Printer (Included FREE Resin, FREE Printing Platform & Tank)
<a_77><b_48><c_99> :: ids=[3613] :: fam=3d_filament :: iXCC Basic Series PLA 3D Printer Filament 1.75mm Diameter (Dimensional Accuracy +/- 0.05mm) - 1kg Spool (Approximately 2.2 lbs) [Red]","<a_86><b_45><c_121> :: ids=[297] :: fam=3d_filament :: XYZprinting ABS Plastic Filament Cartridge, 1.75 mm Diameter, 600g, Black
<a_201><b_44><c_174> :: ids=[274] :: fam=tape :: 3M Vinyl Tape 471 Blue, 3/4 in x 36 yd, Conveniently Packaged (Pack of 1)
<a_188><b_147><c_3> :: ids=[3022] :: fam=other :: Philips Sonicare HX9381/05 Diamond Clean Rechargeable Electric Toothbrush
<a_204><b_12><c_0> :: ids=[2063] :: fam=other :: 3Doodler Create 3D Pen with 50 Plastic Strands, No Mess, Non-Toxic -
<a_204><b_207><c_124> :: ids=[2194] :: fam=other :: AtmosFlare 3D Pen Set",,
gain_vs_v2,v2_on_p05,1294,3d_filament,1847,"HATCHBOX PLA 3D Printer Filament, Dimensional Accuracy +/- 0.03 mm, 1 kg Spool, 1.75 mm, White",<a_178><b_252><c_162>,2.0,13.0,hit_at_10,0,2,"<a_178><b_165><c_148> :: ids=[2507] :: fam=3d_filament :: HATCHBOX PLA 3D Printer Filament, Dimensional Accuracy +/- 0.03 mm, 1 kg Spool, 1.75 mm, Silver
<a_178><b_252><c_162> :: ids=[1847] :: fam=3d_filament :: HATCHBOX PLA 3D Printer Filament, Dimensional Accuracy +/- 0.03 mm, 1 kg Spool, 1.75 mm, White
<a_178><b_165><c_53> :: ids=[50] :: fam=3d_filament :: HATCHBOX PLA 3D Printer Filament, Dimensional Accuracy +/- 0.03 mm, 1 kg Spool, 1.75 mm, Blue
<a_178><b_154><c_141> :: ids=[2472] :: fam=3d_filament :: HATCHBOX ABS 3D Printer Filament, Dimensional Accuracy +/- 0.03 mm, 1 kg Spool, 1.75 mm, Black
<a_178><b_165><c_9> :: ids=[2152] :: fam=3d_filament :: HATCHBOX PLA 3D Printer Filament, Dimensional Accuracy +/- 0.03 mm, 1 kg Spool, 1.75 mm, Gold","<a_112><b_65><c_32> :: ids=[2507] :: fam=3d_filament :: HATCHBOX PLA 3D Printer Filament, Dimensional Accuracy +/- 0.03 mm, 1 kg Spool, 1.75 mm, Silver
<a_112><b_65><c_53> :: ids=[1850] :: fam=3d_filament :: HATCHBOX PLA 3D Printer Filament, Dimensional Accuracy +/- 0.03 mm, 1 kg Spool, 1.75 mm, Red
<a_45><b_249><c_0> :: ids=[1849] :: fam=3d_filament :: HATCHBOX PLA 3D Printer Filament, Dimensional Accuracy +/- 0.03 mm, 1 kg Spool, 1.75 mm, Purple
<a_112><b_65><c_164> :: ids=[1851] :: fam=3d_filament :: HATCHBOX PLA 3D Printer Filament, Dimensional Accuracy +/- 0.03 mm, 1 kg Spool, 1.75 mm, Yellow
<a_112><b_65><c_58> :: ids=[50] :: fam=3d_filament :: HATCHBOX PLA 3D Printer Filament, Dimensional Accuracy +/- 0.03 mm, 1 kg Spool, 1.75 mm, Blue",,
gain_vs_v2,v2_on_p05,1417,other,582,"Forney 72757 Wire Cup Brush, Knotted with 5/8-Inch-11 Threaded Arbor, 2-3/4-Inch-by-.020-Inch",<a_238><b_78><c_225>,8.0,26.0,hit_at_10,1,1,"<a_243><b_180><c_74> :: ids=[460] :: fam=other :: 4.5"" x 7/8"" Premium Zirconia Flap Disc Grinding Wheel 60 Grit Type 29-10 Pack
<a_238><b_232><c_129> :: ids=[335] :: fam=other :: Dewalt DW8061B5 4 x 0.045 Inch Metal and Stainless Steel Cutting Wheels , 4 Inch by 0.045-Inch
<a_243><b_119><c_238> :: ids=[67] :: fam=gauge_meter :: W1 Tool Steel Round Rod, Polished Finish, Precision Ground, Annealed, 0.0625"" Diameter, 36"" Length
<a_92><b_200><c_192> :: ids=[341] :: fam=other :: Neiko 11108A 4.5&rdquo; x 7/8-Inch Aluminum Oxide Flap Disc, 80 Grit | Flat Type #27 | 10-Pack
<a_238><b_214><c_7> :: ids=[328] :: fam=other :: DEWALT DW4528 4-1/2-Inch by 1/8-Inch by 7/8-Inch Concrete/Masonry Cutting Wheel","<a_214><b_229><c_93> :: ids=[1022] :: fam=other :: Forney 72747 Wire Bench Wheel Brush, Fine Crimped with 1/2-Inch and 5/8-Inch Arbor, 6-Inch-by-.008-Inch
<a_48><b_246><c_16> :: ids=[837] :: fam=other :: Commando Grinding Wheel Dresser with Flat Diamond Coated Surface for Truing Grinding & Deburring Wheels
<a_136><b_246><c_3> :: ids=[238] :: fam=other :: United Abrasives-SAIT 20063 Type 27 4-1/2-Inch x 1/4-Inch x 7/8-Inch Grade A24R Long Life Depressed Center Grinding Wheels, 25-Pack
<a_142><b_250><c_12> :: ids=[32] :: fam=other :: 4-1/2"" Cut-off Wheels for Metal, for Cutting All Ferrous Metals and Stainless Steel
<a_142><b_250><c_120> :: ids=[1048] :: fam=other :: DEWALT DW8424B5 4-1/2-Inch by 0.045-Inch Metal Cutting Wheel, 7/8-Inch Arbor, 5-Pack",,
gain_vs_v2,v2_on_p05,1426,gauge_meter,159,"Etekcity Lasergrip 774 Non-contact Digital Laser Infrared Thermometer Temperature Gun -58~ 716 (-50 ~ 380), Yellow and Black",<a_190><b_185><c_201>,2.0,18.0,hit_at_10,1,2,"<a_190><b_103><c_0> :: ids=[181, 182] :: fam=gauge_meter :: AcuRite 00613 Humidity Monitor with Indoor Thermometer, Digital Hygrometer and Humidity Gauge Indicator / AcuRite 00613 Humidity Monitor with Indoor Thermometer
<a_190><b_185><c_201> :: ids=[159] :: fam=gauge_meter :: Etekcity Lasergrip 774 Non-contact Digital Laser Infrared Thermometer Temperature Gun -58~ 716 (-50 ~ 380), Yellow and Black
<a_190><b_173><c_203> :: ids=[338] :: fam=gauge_meter :: Etekcity Lasergrip 1080 Non-Contact Digital Laser Infrared Thermometer Temperature Gun -58~1022 (-50550), Yellow and Black
<a_17><b_49><c_23> :: ids=[448] :: fam=other :: SG-40 Silica Gel Dehumidifier Desiccant 40 Gram Orange/Green No Cobalt (II) Chloride
<a_190><b_64><c_29> :: ids=[819] :: fam=3d_filament :: Inkbird ITC-1000 Dual Stage Digital Temperature Controller Fahrenheit  Celsius Thermostat with Sensor for 3D Printer,Freezer,Fridge,Hatching ect (12 Volt)","<a_154><b_37><c_0> :: ids=[181, 182] :: fam=gauge_meter :: AcuRite 00613 Humidity Monitor with Indoor Thermometer, Digital Hygrometer and Humidity Gauge Indicator / AcuRite 00613 Humidity Monitor with Indoor Thermometer
<a_14><b_142><c_144> :: ids=[448] :: fam=other :: SG-40 Silica Gel Dehumidifier Desiccant 40 Gram Orange/Green No Cobalt (II) Chloride
<a_175><b_13><c_126> :: ids=[2938] :: fam=ventilation_fan :: VenTech VT DUCT-6 VTD625 Aluminum Duct for Ventilation Ducting, 6''
<a_175><b_178><c_119> :: ids=[218] :: fam=ventilation_fan :: Phresh Duct Silencer 8 in x 24 in
<a_14><b_142><c_216> :: ids=[2479] :: fam=other :: 1 Gallon Blue Premium Indicating Silica Gel Beads(Industry Standard 2-4 mm) - 7.5 LBS Reusable",,
gain_vs_v2,v2_on_p05,1584,3d_filament,2477,BAMtack! 1.75mm Black PLA 3D Printer Filament - 1kg (2.2 lbs) - Dimensional Accuracy +/- 0.03mm,<a_178><b_166><c_183>,9.0,25.0,hit_at_10,1,1,"<a_178><b_156><c_58> :: ids=[2157] :: fam=3d_filament :: eSUN 3D 1.75mm PETG Blue Filament 1kg (2.2lb), PETG 3D Printer Filament, 1.75mm Semi-Transparent Blue
<a_178><b_20><c_140> :: ids=[1794] :: fam=3d_filament :: Filabot 910175 Taulman 910 Alloy, 1.75"" Filament Diameter, Natural
<a_178><b_156><c_135> :: ids=[2893] :: fam=3d_filament :: eSUN 3D 1.75mm PETG White Filament 1kg (2.2lb), PETG 3D Printer Filament, 1.75mm Solid Opaque White
<a_178><b_156><c_59> :: ids=[2703] :: fam=3d_filament :: eSUN 3D 1.75mm PETG Black Filament 1kg (2.2lb), PETG 3D Printer Filament, 1.75mm Solid Opaque Black
<a_178><b_230><c_5> :: ids=[3016] :: fam=3d_filament :: HATCHBOX 3D Printer Filament, Dimensional Accuracy +/- 0.03mm, 1.75 mm, 1 kg Spool, Wood","<a_211><b_35><c_13> :: ids=[2703] :: fam=3d_filament :: eSUN 3D 1.75mm PETG Black Filament 1kg (2.2lb), PETG 3D Printer Filament, 1.75mm Solid Opaque Black
<a_211><b_35><c_200> :: ids=[2893] :: fam=3d_filament :: eSUN 3D 1.75mm PETG White Filament 1kg (2.2lb), PETG 3D Printer Filament, 1.75mm Solid Opaque White
<a_211><b_35><c_7> :: ids=[2157] :: fam=3d_filament :: eSUN 3D 1.75mm PETG Blue Filament 1kg (2.2lb), PETG 3D Printer Filament, 1.75mm Semi-Transparent Blue
<a_211><b_35><c_45> :: ids=[2158] :: fam=3d_filament :: eSUN 3D 1.75mm PETG Green Filament 1kg (2.2lb), PETG 3D Printer Filament, Semi-Transparent 1.75mm Green
<a_226><b_148><c_116> :: ids=[2333] :: fam=3d_filament :: eSUN 3D Printer CLEANING Filament 1.75mm Natural 0.1kg for all 1.75mm FDM 3D Printers, 1.75mm Cleaning",,
gain_vs_v2,v2_on_p05,1592,3d_filament,3453,"3D Solutech Real Gold 3D Printer PLA Filament 1.75MM Filament, Dimensional Accuracy +/- 0.03 mm, 2.2 LBS (1.0KG)",<a_178><b_14><c_253>,9.0,14.0,hit_at_10,1,2,"<a_178><b_14><c_6> :: ids=[2909, 3494] :: fam=3d_filament :: 3D Solutech Silver Metal 3D Printer PLA Filament 1.75MM Filament, Dimensional Accuracy +/- 0.03 mm, 2.2 LBS (1.0KG) - PLA175TCMS / 3D Solutech Real Yellow 3D Pr
<a_178><b_14><c_107> :: ids=[2161] :: fam=3d_filament :: 3D Solutech Natural Clear 1.75mm 3D Printer PLA Filament, Dimensional Accuracy +/- 0.03 mm, 2.2 LBS (1.0KG)
<a_178><b_14><c_94> :: ids=[3112] :: fam=3d_filament :: 3D Solutech Real Black 3D Printer PLA Filament 1.75MM Filament, Dimensional Accuracy +/- 0.03 mm, 2.2 LBS (1.0KG) - PLA175RBLK
<a_178><b_14><c_135> :: ids=[2993] :: fam=3d_filament :: 3D Solutech Blue 3D Printer Ultra PLA Filament 1.75MM Filament, Dimensional Accuracy +/- 0.03 mm, 2.2 LBS (1.0KG)
<a_178><b_150><c_117> :: ids=[2544] :: fam=3d_filament :: SainSmart Clear Flexible TPU 3D Printing Filament, 1.75 mm, 0.8 kg, Dimensional Accuracy +/- 0.05 mm","<a_22><b_122><c_191> :: ids=[2909] :: fam=3d_filament :: 3D Solutech Silver Metal 3D Printer PLA Filament 1.75MM Filament, Dimensional Accuracy +/- 0.03 mm, 2.2 LBS (1.0KG) - PLA175TCMS
<a_112><b_122><c_79> :: ids=[2697] :: fam=3d_filament :: 3D Solutech Real White 3D Printer PLA Filament 1.75MM Filament, Dimensional Accuracy +/- 0.03 mm, 2.2 LBS (1.0KG)
<a_112><b_122><c_213> :: ids=[3475] :: fam=3d_filament :: 3D Solutech Real Orange 3D Printer PLA Filament 1.75MM Filament, Dimensional Accuracy +/- 0.03 mm, 2.2 LBS (1.0KG)
<a_112><b_122><c_3> :: ids=[2161] :: fam=3d_filament :: 3D Solutech Natural Clear 1.75mm 3D Printer PLA Filament, Dimensional Accuracy +/- 0.03 mm, 2.2 LBS (1.0KG)
<a_22><b_249><c_221> :: ids=[2477] :: fam=3d_filament :: BAMtack! 1.75mm Black PLA 3D Printer Filament - 1kg (2.2 lbs) - Dimensional Accuracy +/- 0.03mm",,
gain_vs_v2,v2_on_p05,1641,gauge_meter,84,Neiko 01409A Electronic Digital Caliper with Extra Large LCD Screen | 0 - 12 Inches | Inch/Fractions/Millimeter Conversion,<a_197><b_173><c_161>,7.0,,hit_at_10,1,2,"<a_118><b_59><c_100> :: ids=[281] :: fam=other :: SE TL10 10-Piece Test Lead Set with Alligator Clips
<a_109><b_114><c_135> :: ids=[176] :: fam=other :: URBEST 530 Pcs 2:1 Heat Shrink Tubing Tube Sleeving Wrap Cable Wire 5 Color 8 Size
<a_138><b_9><c_137> :: ids=[395] :: fam=other :: Arctic Silver 5 AS5-3.5G Thermal Paste
<a_75><b_107><c_134> :: ids=[734] :: fam=other :: microtivity IL188 5mm Assorted Clear LED w/Resistors (8 Colors, Pack of 80)
<a_190><b_103><c_0> :: ids=[181, 182] :: fam=gauge_meter :: AcuRite 00613 Humidity Monitor with Indoor Thermometer, Digital Hygrometer and Humidity Gauge Indicator / AcuRite 00613 Humidity Monitor with Indoor Thermometer","<a_85><b_201><c_137> :: ids=[281] :: fam=other :: SE TL10 10-Piece Test Lead Set with Alligator Clips
<a_222><b_21><c_237> :: ids=[285] :: fam=other :: Z&T Solderless Flexible Breadboard Jumper Wires M/M 100pcs
<a_170><b_21><c_30> :: ids=[734] :: fam=other :: microtivity IL188 5mm Assorted Clear LED w/Resistors (8 Colors, Pack of 80)
<a_229><b_166><c_219> :: ids=[395] :: fam=other :: Arctic Silver 5 AS5-3.5G Thermal Paste
<a_194><b_194><c_233> :: ids=[1466] :: fam=other :: Seek Thermal Compact Imager for iOS-Apple",,
gain_vs_v2,v2_on_p05,1749,3d_filament,819,"Inkbird ITC-1000 Dual Stage Digital Temperature Controller Fahrenheit  Celsius Thermostat with Sensor for 3D Printer,Freezer,Fridge,Hatching ect (12 Volt)",<a_190><b_64><c_29>,6.0,,hit_at_10,0,1,"<a_31><b_171><c_9> :: ids=[450] :: fam=tape :: X-Treme Tape TPE-X36ZLB Silicone Rubber Self Fusing Tape, 1"" x 36', Triangular, Black
<a_31><b_171><c_67> :: ids=[1373] :: fam=tape :: X-Treme Tape TPE-XZLBRD Silicone Rubber Self Fusing Tape, 1"" x 10', Triangular, Bright Red
<a_31><b_171><c_232> :: ids=[975] :: fam=tape :: X-Treme Tape TPE-XZLB Silicone Rubber Self Fusing Tape, 1"" x 10', Triangular, Black
<a_78><b_171><c_172> :: ids=[114] :: fam=adhesive_epoxy :: Super Glue 15187 Super Glue, 12-Pack
<a_31><b_171><c_120> :: ids=[950] :: fam=tape :: X-Treme Tape TPE-XZLCLR Silicone Rubber Self Fusing Tape, 1"" x 10', Triangular, Clear","<a_177><b_238><c_243> :: ids=[1373] :: fam=tape :: X-Treme Tape TPE-XZLBRD Silicone Rubber Self Fusing Tape, 1"" x 10', Triangular, Bright Red
<a_177><b_238><c_85> :: ids=[1665] :: fam=tape :: X-Treme Tape TPE-XZLW Silicone Rubber Self Fusing Tape, 1"" x 10', Triangular, White
<a_177><b_238><c_218> :: ids=[975] :: fam=tape :: X-Treme Tape TPE-XZLB Silicone Rubber Self Fusing Tape, 1"" x 10', Triangular, Black
<a_177><b_238><c_237> :: ids=[950] :: fam=tape :: X-Treme Tape TPE-XZLCLR Silicone Rubber Self Fusing Tape, 1"" x 10', Triangular, Clear
<a_209><b_169><c_44> :: ids=[338] :: fam=gauge_meter :: Etekcity Lasergrip 1080 Non-Contact Digital Laser Infrared Thermometer Temperature Gun -58~1022 (-50550), Yellow and Black",,
gain_vs_v2,v2_on_p05,1752,3d_filament,2932,Inland 1.75mm Blue PLA 3D Printer Filament - 1kg Spool (2.2 lbs),<a_220><b_114><c_145>,1.0,12.0,hit_at_10,0,2,"<a_220><b_114><c_145> :: ids=[2932] :: fam=3d_filament :: Inland 1.75mm Blue PLA 3D Printer Filament - 1kg Spool (2.2 lbs)
<a_212><b_17><c_91> :: ids=[2926] :: fam=3d_filament :: HICTOP 5 Pieces 3D Printer Extruder Hotend 1.75mm Nozzle Throat for Reprap Prusa I3
<a_220><b_114><c_53> :: ids=[2734] :: fam=3d_filament :: Inland 1.75mm White PLA 3D Printer Filament - 1kg Spool (2.2 lbs)
<a_220><b_114><c_156> :: ids=[2934] :: fam=3d_filament :: Inland 1.75mm Yellow PLA 3D Printer Filament - 1kg Spool (2.2 lbs)
<a_220><b_114><c_224> :: ids=[2979] :: fam=3d_filament :: Inland 1.75mm Gray PLA 3D Printer Filament - 1kg Spool (2.2 lbs)","<a_33><b_35><c_241> :: ids=[2979] :: fam=3d_filament :: Inland 1.75mm Gray PLA 3D Printer Filament - 1kg Spool (2.2 lbs)
<a_33><b_187><c_219> :: ids=[2934] :: fam=3d_filament :: Inland 1.75mm Yellow PLA 3D Printer Filament - 1kg Spool (2.2 lbs)
<a_33><b_35><c_247> :: ids=[3114] :: fam=3d_filament :: Inland 1.75mm Purple PLA 3D Printer Filament - 1kg Spool (2.2 lbs)
<a_33><b_35><c_27> :: ids=[1553] :: fam=3d_filament :: Inland 1.75mm Red PLA 3D Printer Filament - 1kg Spool (2.2 lbs)
<a_33><b_35><c_114> :: ids=[2485] :: fam=3d_filament :: Inland 1.75mm Gold PLA 3D Printer Filament - 1kg Spool (2.2 lbs)",,
gain_vs_v2,v2_on_p05,1776,3d_filament,2544,"SainSmart Clear Flexible TPU 3D Printing Filament, 1.75 mm, 0.8 kg, Dimensional Accuracy +/- 0.05 mm",<a_178><b_150><c_117>,2.0,15.0,hit_at_10,0,1,"<a_178><b_165><c_148> :: ids=[2507] :: fam=3d_filament :: HATCHBOX PLA 3D Printer Filament, Dimensional Accuracy +/- 0.03 mm, 1 kg Spool, 1.75 mm, Silver
<a_178><b_150><c_117> :: ids=[2544] :: fam=3d_filament :: SainSmart Clear Flexible TPU 3D Printing Filament, 1.75 mm, 0.8 kg, Dimensional Accuracy +/- 0.05 mm
<a_178><b_165><c_4> :: ids=[1107] :: fam=3d_filament :: HATCHBOX PLA 3D Printer Filament, Dimensional Accuracy +/- 0.03 mm, 1 kg Spool, 1.75 mm, Glow in the Dark
<a_178><b_154><c_141> :: ids=[2472] :: fam=3d_filament :: HATCHBOX ABS 3D Printer Filament, Dimensional Accuracy +/- 0.03 mm, 1 kg Spool, 1.75 mm, Black
<a_178><b_154><c_135> :: ids=[1851] :: fam=3d_filament :: HATCHBOX PLA 3D Printer Filament, Dimensional Accuracy +/- 0.03 mm, 1 kg Spool, 1.75 mm, Yellow","<a_112><b_65><c_32> :: ids=[2507] :: fam=3d_filament :: HATCHBOX PLA 3D Printer Filament, Dimensional Accuracy +/- 0.03 mm, 1 kg Spool, 1.75 mm, Silver
<a_112><b_65><c_53> :: ids=[1850] :: fam=3d_filament :: HATCHBOX PLA 3D Printer Filament, Dimensional Accuracy +/- 0.03 mm, 1 kg Spool, 1.75 mm, Red
<a_112><b_65><c_58> :: ids=[50] :: fam=3d_filament :: HATCHBOX PLA 3D Printer Filament, Dimensional Accuracy +/- 0.03 mm, 1 kg Spool, 1.75 mm, Blue
<a_45><b_249><c_244> :: ids=[1847] :: fam=3d_filament :: HATCHBOX PLA 3D Printer Filament, Dimensional Accuracy +/- 0.03 mm, 1 kg Spool, 1.75 mm, White
<a_112><b_65><c_164> :: ids=[1851] :: fam=3d_filament :: HATCHBOX PLA 3D Printer Filament, Dimensional Accuracy +/- 0.03 mm, 1 kg Spool, 1.75 mm, Yellow",,
gain_vs_v2,v2_on_p05,1806,3d_filament,3112,"3D Solutech Real Black 3D Printer PLA Filament 1.75MM Filament, Dimensional Accuracy +/- 0.03 mm, 2.2 LBS (1.0KG) - PLA175RBLK",<a_178><b_14><c_94>,9.0,48.0,hit_at_10,0,1,"<a_178><b_12><c_24> :: ids=[162] :: fam=3d_filament :: USAFilament 9800429 ABS 3D Printing Filament, 2.2 lb, 1.75 mm, White Spool
<a_178><b_14><c_6> :: ids=[2909, 3494] :: fam=3d_filament :: 3D Solutech Silver Metal 3D Printer PLA Filament 1.75MM Filament, Dimensional Accuracy +/- 0.03 mm, 2.2 LBS (1.0KG) - PLA175TCMS / 3D Solutech Real Yellow 3D Pr
<a_178><b_150><c_117> :: ids=[2544] :: fam=3d_filament :: SainSmart Clear Flexible TPU 3D Printing Filament, 1.75 mm, 0.8 kg, Dimensional Accuracy +/- 0.05 mm
<a_178><b_12><c_11> :: ids=[1845] :: fam=3d_filament :: Filament Outlet Blue PLA 1.75mm 3D Printer Filament 1kg (2.2lbs) spool USA
<a_178><b_150><c_186> :: ids=[2714] :: fam=3d_filament :: NinjaFlex TPU 3D Printing Filament - 1.75mm .50kg - SAPPHIRE","<a_211><b_147><c_178> :: ids=[2544] :: fam=3d_filament :: SainSmart Clear Flexible TPU 3D Printing Filament, 1.75 mm, 0.8 kg, Dimensional Accuracy +/- 0.05 mm
<a_112><b_122><c_3> :: ids=[2161] :: fam=3d_filament :: 3D Solutech Natural Clear 1.75mm 3D Printer PLA Filament, Dimensional Accuracy +/- 0.03 mm, 2.2 LBS (1.0KG)
<a_211><b_35><c_13> :: ids=[2703] :: fam=3d_filament :: eSUN 3D 1.75mm PETG Black Filament 1kg (2.2lb), PETG 3D Printer Filament, 1.75mm Solid Opaque Black
<a_211><b_35><c_7> :: ids=[2157] :: fam=3d_filament :: eSUN 3D 1.75mm PETG Blue Filament 1kg (2.2lb), PETG 3D Printer Filament, 1.75mm Semi-Transparent Blue
<a_22><b_122><c_191> :: ids=[2909] :: fam=3d_filament :: 3D Solutech Silver Metal 3D Printer PLA Filament 1.75MM Filament, Dimensional Accuracy +/- 0.03 mm, 2.2 LBS (1.0KG) - PLA175TCMS",,
gain_vs_v2,v2_on_p05,1810,3d_filament,3453,"3D Solutech Real Gold 3D Printer PLA Filament 1.75MM Filament, Dimensional Accuracy +/- 0.03 mm, 2.2 LBS (1.0KG)",<a_178><b_14><c_253>,8.0,19.0,hit_at_10,1,4,"<a_178><b_14><c_6> :: ids=[2909, 3494] :: fam=3d_filament :: 3D Solutech Silver Metal 3D Printer PLA Filament 1.75MM Filament, Dimensional Accuracy +/- 0.03 mm, 2.2 LBS (1.0KG) - PLA175TCMS / 3D Solutech Real Yellow 3D Pr
<a_178><b_14><c_107> :: ids=[2161] :: fam=3d_filament :: 3D Solutech Natural Clear 1.75mm 3D Printer PLA Filament, Dimensional Accuracy +/- 0.03 mm, 2.2 LBS (1.0KG)
<a_178><b_14><c_135> :: ids=[2993] :: fam=3d_filament :: 3D Solutech Blue 3D Printer Ultra PLA Filament 1.75MM Filament, Dimensional Accuracy +/- 0.03 mm, 2.2 LBS (1.0KG)
<a_178><b_14><c_94> :: ids=[3112] :: fam=3d_filament :: 3D Solutech Real Black 3D Printer PLA Filament 1.75MM Filament, Dimensional Accuracy +/- 0.03 mm, 2.2 LBS (1.0KG) - PLA175RBLK
<a_178><b_14><c_26> :: ids=[3442] :: fam=3d_filament :: 3D Solutech Real Purple 3D Printer PLA Filament 1.75MM Filament, Dimensional Accuracy +/- 0.03 mm, 2.2 LBS (1.0KG)","<a_112><b_122><c_79> :: ids=[2697] :: fam=3d_filament :: 3D Solutech Real White 3D Printer PLA Filament 1.75MM Filament, Dimensional Accuracy +/- 0.03 mm, 2.2 LBS (1.0KG)
<a_112><b_122><c_3> :: ids=[2161] :: fam=3d_filament :: 3D Solutech Natural Clear 1.75mm 3D Printer PLA Filament, Dimensional Accuracy +/- 0.03 mm, 2.2 LBS (1.0KG)
<a_22><b_122><c_191> :: ids=[2909] :: fam=3d_filament :: 3D Solutech Silver Metal 3D Printer PLA Filament 1.75MM Filament, Dimensional Accuracy +/- 0.03 mm, 2.2 LBS (1.0KG) - PLA175TCMS
<a_112><b_122><c_213> :: ids=[3475] :: fam=3d_filament :: 3D Solutech Real Orange 3D Printer PLA Filament 1.75MM Filament, Dimensional Accuracy +/- 0.03 mm, 2.2 LBS (1.0KG)
<a_112><b_122><c_17> :: ids=[3494] :: fam=3d_filament :: 3D Solutech Real Yellow 3D Printer PLA Filament 1.75MM Filament, Dimensional Accuracy +/- 0.03 mm, 2.2 LBS (1.0KG)",,
gain_vs_v2,v2_on_p05,1813,other,421,"Anytime Tools 7/32"" Diamond Chainsaw Sharpener Burr 1/8"" Shank, 4 Pack",<a_238><b_246><c_165>,10.0,15.0,hit_at_10,1,3,"<a_8><b_18><c_126> :: ids=[760] :: fam=gauge_meter :: Sun Company 201-F Lev-o-gage Inclinometer and Tilt Gauge
<a_35><b_109><c_111> :: ids=[714] :: fam=other :: Shop-Vac 9067200 Type I 10-14-Gallon High Efficiency Disposable Collection Filter Bag 2-Pack
<a_190><b_103><c_0> :: ids=[181, 182] :: fam=gauge_meter :: AcuRite 00613 Humidity Monitor with Indoor Thermometer, Digital Hygrometer and Humidity Gauge Indicator / AcuRite 00613 Humidity Monitor with Indoor Thermometer
<a_238><b_232><c_129> :: ids=[335] :: fam=other :: Dewalt DW8061B5 4 x 0.045 Inch Metal and Stainless Steel Cutting Wheels , 4 Inch by 0.045-Inch
<a_238><b_119><c_21> :: ids=[420] :: fam=other :: Anytime Tools 5/32"" Diamond Chainsaw Sharpener Burr 1/8"" Shank, 4 Pack","<a_142><b_57><c_218> :: ids=[78] :: fam=other :: PSI LCENTLT2 No. 2MT Heavy Duty Live Tailstock Center
<a_87><b_146><c_252> :: ids=[1921] :: fam=fastener :: Rok Hardware #6 x 5/8"" Flat Head Phillips Deep Thread Wood Screws Nickel (Zinc Finish) - Super Value 100 Pack
<a_48><b_246><c_16> :: ids=[837] :: fam=other :: Commando Grinding Wheel Dresser with Flat Diamond Coated Surface for Truing Grinding & Deburring Wheels
<a_154><b_37><c_0> :: ids=[181, 182] :: fam=gauge_meter :: AcuRite 00613 Humidity Monitor with Indoor Thermometer, Digital Hygrometer and Humidity Gauge Indicator / AcuRite 00613 Humidity Monitor with Indoor Thermometer
<a_87><b_146><c_31> :: ids=[1395] :: fam=fastener :: KREG Tools SSW Kreg Screw Selector Wheel. Woodworking",,
gain_vs_v2,v2_on_p05,1830,adhesive_epoxy,2312,"TEMCo 1"" Marine Heat Shrink Tube 3:1 Adhesive Glue Lined 4 ft RED",<a_115><b_208><c_9>,5.0,,hit_at_10,1,3,"<a_115><b_208><c_43> :: ids=[3232] :: fam=adhesive_epoxy :: TEMCo 3/8"" Marine Heat Shrink Tube 3:1 Adhesive Glue Lined 4 ft BLACK
<a_115><b_208><c_18> :: ids=[2103] :: fam=adhesive_epoxy :: TEMCo 1/2"" Marine Heat Shrink Tube 3:1 Adhesive Glue Lined 4 ft RED
<a_40><b_13><c_165> :: ids=[1414] :: fam=connector_fitting :: Temco Terminal Lug Tinned Copper Uninsulated Gauge AWG
<a_115><b_208><c_162> :: ids=[2313] :: fam=adhesive_epoxy :: TEMCo 1"" Marine Heat Shrink Tube 3:1 Adhesive Glue Lined 4 ft BLACK
<a_115><b_208><c_9> :: ids=[2312] :: fam=adhesive_epoxy :: TEMCo 1"" Marine Heat Shrink Tube 3:1 Adhesive Glue Lined 4 ft RED","<a_83><b_75><c_161> :: ids=[2103] :: fam=adhesive_epoxy :: TEMCo 1/2"" Marine Heat Shrink Tube 3:1 Adhesive Glue Lined 4 ft RED
<a_34><b_246><c_16> :: ids=[1414] :: fam=connector_fitting :: Temco Terminal Lug Tinned Copper Uninsulated Gauge AWG
<a_83><b_75><c_176> :: ids=[3232] :: fam=adhesive_epoxy :: TEMCo 3/8"" Marine Heat Shrink Tube 3:1 Adhesive Glue Lined 4 ft BLACK
<a_83><b_75><c_159> :: ids=[3312] :: fam=adhesive_epoxy :: TEMCo 3/4"" Marine Heat Shrink Tube 3:1 Adhesive Glue Lined 4 ft BLACK
<a_34><b_246><c_4> :: ids=[2132] :: fam=connector_fitting :: Temco 10 Lot 4 AWG 5/16 Hole Ring Terminal Lug Bare Copper Uninsulated Gauge",,
gain_vs_v2,v2_on_p05,1873,other,1354,Red Devil Available 3332 Steel Wool Multi-Grade Pack,<a_185><b_211><c_122>,2.0,,hit_at_10,1,1,"<a_185><b_2><c_12> :: ids=[123] :: fam=other :: Red Devil 0325 Steel Wool, 2 Medium Course, 8 Pads
<a_185><b_211><c_122> :: ids=[1354] :: fam=other :: Red Devil Available 3332 Steel Wool Multi-Grade Pack
<a_185><b_254><c_5> :: ids=[1546] :: fam=other :: BreakFree CLP-PS Precision Shooter
<a_190><b_103><c_0> :: ids=[181, 182] :: fam=gauge_meter :: AcuRite 00613 Humidity Monitor with Indoor Thermometer, Digital Hygrometer and Humidity Gauge Indicator / AcuRite 00613 Humidity Monitor with Indoor Thermometer
<a_197><b_173><c_161> :: ids=[84] :: fam=gauge_meter :: Neiko 01409A Electronic Digital Caliper with Extra Large LCD Screen | 0 - 12 Inches | Inch/Fractions/Millimeter Conversion","<a_136><b_98><c_68> :: ids=[983] :: fam=other :: 3M(TM) Cubitron(TM) II Flap Disc 967A, T29 Giant (Multiple Sizes and Grit Types)
<a_129><b_1><c_62> :: ids=[2180] :: fam=other :: Jonard Tools Mid Span Slitter (1.2mm-3.3mm)
<a_30><b_152><c_72> :: ids=[1370] :: fam=other :: Rubbermaid Commercial FG264600BLA Tandem Brute Trash Dolly
<a_52><b_148><c_2> :: ids=[186] :: fam=gauge_meter :: RADEX RD1503+ w/o dosimeter: High accuracy Geiger counter, radiation detector (English)
<a_207><b_1><c_138> :: ids=[982] :: fam=other :: Schaeffer Manufacturing Co. 0190-011S Penetro 90, 13 oz.",,
gain_vs_v2,v2_on_p05,1991,gauge_meter,181,"AcuRite 00613 Humidity Monitor with Indoor Thermometer, Digital Hygrometer and Humidity Gauge Indicator",<a_190><b_103><c_0>,2.0,,hit_at_10,1,2,"<a_181><b_139><c_99> :: ids=[152] :: fam=connector_fitting :: Camco 4ft TastePURE Drinking Water Hose - Lead and BPA Free, Reinforced for Maximum Kink Resistance,  1/2""Inner Diameter (22763)
<a_190><b_103><c_0> :: ids=[181, 182] :: fam=gauge_meter :: AcuRite 00613 Humidity Monitor with Indoor Thermometer, Digital Hygrometer and Humidity Gauge Indicator / AcuRite 00613 Humidity Monitor with Indoor Thermometer
<a_31><b_179><c_201> :: ids=[467] :: fam=tape :: 3M Utility Duct Tape 2929 Silver, 1.88 in x 50 yd 5.8 mils (Pack of 1)
<a_214><b_77><c_172> :: ids=[515] :: fam=other :: Chemical Guys ACC_121.32HD Chemical Resistant Heavy Duty Bottle and Sprayer (32 oz)
<a_31><b_208><c_41> :: ids=[125] :: fam=tape :: Gorilla 6100101 Tape Handy Roll, 1-Pack, Black","<a_101><b_228><c_95> :: ids=[152] :: fam=connector_fitting :: Camco 4ft TastePURE Drinking Water Hose - Lead and BPA Free, Reinforced for Maximum Kink Resistance,  1/2""Inner Diameter (22763)
<a_252><b_134><c_208> :: ids=[677] :: fam=other :: Kimberly-Clark Professional 55083 PURPLE NITRILE Exam Gloves, 242 mm Length, Large, Purple (Box of 100)
<a_84><b_134><c_179> :: ids=[913] :: fam=other :: Housing Bracket for Big blue 10"" and 20"" filter housings
<a_65><b_21><c_113> :: ids=[114] :: fam=adhesive_epoxy :: Super Glue 15187 Super Glue, 12-Pack
<a_63><b_81><c_252> :: ids=[605] :: fam=other :: Loctite Clear Silicone Waterproof Sealant 2.7-Ounce Tube (908570)",,
gain_vs_v2,v2_on_p05,2042,3d_filament,2909,"3D Solutech Silver Metal 3D Printer PLA Filament 1.75MM Filament, Dimensional Accuracy +/- 0.03 mm, 2.2 LBS (1.0KG) - PLA175TCMS",<a_178><b_14><c_6>,5.0,17.0,hit_at_10,1,1,"<a_178><b_165><c_148> :: ids=[2507] :: fam=3d_filament :: HATCHBOX PLA 3D Printer Filament, Dimensional Accuracy +/- 0.03 mm, 1 kg Spool, 1.75 mm, Silver
<a_178><b_154><c_135> :: ids=[1851] :: fam=3d_filament :: HATCHBOX PLA 3D Printer Filament, Dimensional Accuracy +/- 0.03 mm, 1 kg Spool, 1.75 mm, Yellow
<a_178><b_165><c_53> :: ids=[50] :: fam=3d_filament :: HATCHBOX PLA 3D Printer Filament, Dimensional Accuracy +/- 0.03 mm, 1 kg Spool, 1.75 mm, Blue
<a_178><b_165><c_4> :: ids=[1107] :: fam=3d_filament :: HATCHBOX PLA 3D Printer Filament, Dimensional Accuracy +/- 0.03 mm, 1 kg Spool, 1.75 mm, Glow in the Dark
<a_178><b_14><c_6> :: ids=[2909, 3494] :: fam=3d_filament :: 3D Solutech Silver Metal 3D Printer PLA Filament 1.75MM Filament, Dimensional Accuracy +/- 0.03 mm, 2.2 LBS (1.0KG) - PLA175TCMS / 3D Solutech Real Yellow 3D Pr","<a_112><b_65><c_53> :: ids=[1850] :: fam=3d_filament :: HATCHBOX PLA 3D Printer Filament, Dimensional Accuracy +/- 0.03 mm, 1 kg Spool, 1.75 mm, Red
<a_112><b_65><c_32> :: ids=[2507] :: fam=3d_filament :: HATCHBOX PLA 3D Printer Filament, Dimensional Accuracy +/- 0.03 mm, 1 kg Spool, 1.75 mm, Silver
<a_112><b_65><c_58> :: ids=[50] :: fam=3d_filament :: HATCHBOX PLA 3D Printer Filament, Dimensional Accuracy +/- 0.03 mm, 1 kg Spool, 1.75 mm, Blue
<a_45><b_249><c_244> :: ids=[1847] :: fam=3d_filament :: HATCHBOX PLA 3D Printer Filament, Dimensional Accuracy +/- 0.03 mm, 1 kg Spool, 1.75 mm, White
<a_112><b_65><c_164> :: ids=[1851] :: fam=3d_filament :: HATCHBOX PLA 3D Printer Filament, Dimensional Accuracy +/- 0.03 mm, 1 kg Spool, 1.75 mm, Yellow",,
gain_vs_v2,v2_on_p05,2202,other,332,DEWALT DW4523 4-1/2-Inch by 1/4-Inch by 5/8-Inch General Purpose Metal Grinding Wheel,<a_238><b_214><c_25>,3.0,20.0,hit_at_10,1,2,"<a_238><b_232><c_129> :: ids=[335] :: fam=other :: Dewalt DW8061B5 4 x 0.045 Inch Metal and Stainless Steel Cutting Wheels , 4 Inch by 0.045-Inch
<a_238><b_214><c_7> :: ids=[328] :: fam=other :: DEWALT DW4528 4-1/2-Inch by 1/8-Inch by 7/8-Inch Concrete/Masonry Cutting Wheel
<a_238><b_214><c_25> :: ids=[332] :: fam=other :: DEWALT DW4523 4-1/2-Inch by 1/4-Inch by 5/8-Inch General Purpose Metal Grinding Wheel
<a_90><b_88><c_128> :: ids=[153] :: fam=other :: Alltrade 640912 Black 3 Ton,All-in-One Bottle Jack
<a_190><b_103><c_0> :: ids=[181, 182] :: fam=gauge_meter :: AcuRite 00613 Humidity Monitor with Indoor Thermometer, Digital Hygrometer and Humidity Gauge Indicator / AcuRite 00613 Humidity Monitor with Indoor Thermometer","<a_53><b_250><c_178> :: ids=[831] :: fam=other :: DEWALT DW8062B5 4-1/2-Inch by 0.045-Inch Metal and Stainless Cutting Wheel, 7/8-Inch Arbor, 5-Pack
<a_136><b_147><c_205> :: ids=[341] :: fam=other :: Neiko 11108A 4.5&rdquo; x 7/8-Inch Aluminum Oxide Flap Disc, 80 Grit | Flat Type #27 | 10-Pack
<a_87><b_70><c_104> :: ids=[359] :: fam=fastener :: Kreg SK03 Pocket-Hole Screw Kit in 5 Sizes
<a_131><b_191><c_180> :: ids=[201] :: fam=connector_fitting :: ColorConnex Coupler & Plug Kit (7 Piece), Industrial Type D, 1/4 in. NPT, Red - A73457D
<a_154><b_37><c_0> :: ids=[181, 182] :: fam=gauge_meter :: AcuRite 00613 Humidity Monitor with Indoor Thermometer, Digital Hygrometer and Humidity Gauge Indicator / AcuRite 00613 Humidity Monitor with Indoor Thermometer",,
gain_vs_v2,v2_on_p05,2216,gauge_meter,84,Neiko 01409A Electronic Digital Caliper with Extra Large LCD Screen | 0 - 12 Inches | Inch/Fractions/Millimeter Conversion,<a_197><b_173><c_161>,4.0,,hit_at_10,1,2,"<a_185><b_2><c_12> :: ids=[123] :: fam=other :: Red Devil 0325 Steel Wool, 2 Medium Course, 8 Pads
<a_185><b_211><c_122> :: ids=[1354] :: fam=other :: Red Devil Available 3332 Steel Wool Multi-Grade Pack
<a_185><b_254><c_5> :: ids=[1546] :: fam=other :: BreakFree CLP-PS Precision Shooter
<a_197><b_173><c_161> :: ids=[84] :: fam=gauge_meter :: Neiko 01409A Electronic Digital Caliper with Extra Large LCD Screen | 0 - 12 Inches | Inch/Fractions/Millimeter Conversion
<a_211><b_154><c_68> :: ids=[513] :: fam=other :: Kimberly-Clark Professional Kimtech Science KimWipes Delicate Task Wipers, 4.4 x 8.4 in. 1-ply","<a_18><b_224><c_165> :: ids=[1354] :: fam=other :: Red Devil Available 3332 Steel Wool Multi-Grade Pack
<a_136><b_98><c_68> :: ids=[983] :: fam=other :: 3M(TM) Cubitron(TM) II Flap Disc 967A, T29 Giant (Multiple Sizes and Grit Types)
<a_52><b_148><c_2> :: ids=[186] :: fam=gauge_meter :: RADEX RD1503+ w/o dosimeter: High accuracy Geiger counter, radiation detector (English)
<a_50><b_224><c_146> :: ids=[515] :: fam=other :: Chemical Guys ACC_121.32HD Chemical Resistant Heavy Duty Bottle and Sprayer (32 oz)
<a_63><b_38><c_86> :: ids=[538] :: fam=other :: 24 Oz. Sprayer Bottles, Pack Of 3",,
gain_vs_v2,v2_on_p05,2347,3d_filament,3453,"3D Solutech Real Gold 3D Printer PLA Filament 1.75MM Filament, Dimensional Accuracy +/- 0.03 mm, 2.2 LBS (1.0KG)",<a_178><b_14><c_253>,8.0,18.0,hit_at_10,1,4,"<a_178><b_14><c_6> :: ids=[2909, 3494] :: fam=3d_filament :: 3D Solutech Silver Metal 3D Printer PLA Filament 1.75MM Filament, Dimensional Accuracy +/- 0.03 mm, 2.2 LBS (1.0KG) - PLA175TCMS / 3D Solutech Real Yellow 3D Pr
<a_178><b_14><c_135> :: ids=[2993] :: fam=3d_filament :: 3D Solutech Blue 3D Printer Ultra PLA Filament 1.75MM Filament, Dimensional Accuracy +/- 0.03 mm, 2.2 LBS (1.0KG)
<a_178><b_14><c_107> :: ids=[2161] :: fam=3d_filament :: 3D Solutech Natural Clear 1.75mm 3D Printer PLA Filament, Dimensional Accuracy +/- 0.03 mm, 2.2 LBS (1.0KG)
<a_178><b_14><c_26> :: ids=[3442] :: fam=3d_filament :: 3D Solutech Real Purple 3D Printer PLA Filament 1.75MM Filament, Dimensional Accuracy +/- 0.03 mm, 2.2 LBS (1.0KG)
<a_178><b_14><c_150> :: ids=[3466] :: fam=3d_filament :: 3D Solutech Real Red 3D Printer PLA Filament 1.75MM, Dimensional Accuracy +/- 0.03 mm, 2.2 LBS (1.0KG) - RA-I00I-DQUY","<a_112><b_122><c_79> :: ids=[2697] :: fam=3d_filament :: 3D Solutech Real White 3D Printer PLA Filament 1.75MM Filament, Dimensional Accuracy +/- 0.03 mm, 2.2 LBS (1.0KG)
<a_22><b_122><c_191> :: ids=[2909] :: fam=3d_filament :: 3D Solutech Silver Metal 3D Printer PLA Filament 1.75MM Filament, Dimensional Accuracy +/- 0.03 mm, 2.2 LBS (1.0KG) - PLA175TCMS
<a_112><b_122><c_3> :: ids=[2161] :: fam=3d_filament :: 3D Solutech Natural Clear 1.75mm 3D Printer PLA Filament, Dimensional Accuracy +/- 0.03 mm, 2.2 LBS (1.0KG)
<a_112><b_122><c_17> :: ids=[3494] :: fam=3d_filament :: 3D Solutech Real Yellow 3D Printer PLA Filament 1.75MM Filament, Dimensional Accuracy +/- 0.03 mm, 2.2 LBS (1.0KG)
<a_112><b_122><c_20> :: ids=[3522] :: fam=3d_filament :: 3D Solutech Real Blue 3D Printer PLA Filament 1.75MM Filament, Dimensional Accuracy +/- 0.03 mm, 2.2 LBS (1.0KG) - ST176BLPLA",,
gain_vs_v2,v2_on_p05,2354,3d_filament,3557,3D Solutech Chocolate Brown 3D Printer PLA Filament 1.75MM Filament 2.2 LBS (1.0KG),<a_178><b_14><c_18>,10.0,13.0,hit_at_10,1,4,"<a_178><b_14><c_6> :: ids=[2909, 3494] :: fam=3d_filament :: 3D Solutech Silver Metal 3D Printer PLA Filament 1.75MM Filament, Dimensional Accuracy +/- 0.03 mm, 2.2 LBS (1.0KG) - PLA175TCMS / 3D Solutech Real Yellow 3D Pr
<a_178><b_14><c_135> :: ids=[2993] :: fam=3d_filament :: 3D Solutech Blue 3D Printer Ultra PLA Filament 1.75MM Filament, Dimensional Accuracy +/- 0.03 mm, 2.2 LBS (1.0KG)
<a_178><b_14><c_26> :: ids=[3442] :: fam=3d_filament :: 3D Solutech Real Purple 3D Printer PLA Filament 1.75MM Filament, Dimensional Accuracy +/- 0.03 mm, 2.2 LBS (1.0KG)
<a_178><b_14><c_107> :: ids=[2161] :: fam=3d_filament :: 3D Solutech Natural Clear 1.75mm 3D Printer PLA Filament, Dimensional Accuracy +/- 0.03 mm, 2.2 LBS (1.0KG)
<a_178><b_14><c_94> :: ids=[3112] :: fam=3d_filament :: 3D Solutech Real Black 3D Printer PLA Filament 1.75MM Filament, Dimensional Accuracy +/- 0.03 mm, 2.2 LBS (1.0KG) - PLA175RBLK","<a_22><b_122><c_191> :: ids=[2909] :: fam=3d_filament :: 3D Solutech Silver Metal 3D Printer PLA Filament 1.75MM Filament, Dimensional Accuracy +/- 0.03 mm, 2.2 LBS (1.0KG) - PLA175TCMS
<a_112><b_122><c_79> :: ids=[2697] :: fam=3d_filament :: 3D Solutech Real White 3D Printer PLA Filament 1.75MM Filament, Dimensional Accuracy +/- 0.03 mm, 2.2 LBS (1.0KG)
<a_112><b_122><c_17> :: ids=[3494] :: fam=3d_filament :: 3D Solutech Real Yellow 3D Printer PLA Filament 1.75MM Filament, Dimensional Accuracy +/- 0.03 mm, 2.2 LBS (1.0KG)
<a_112><b_122><c_213> :: ids=[3475] :: fam=3d_filament :: 3D Solutech Real Orange 3D Printer PLA Filament 1.75MM Filament, Dimensional Accuracy +/- 0.03 mm, 2.2 LBS (1.0KG)
<a_112><b_122><c_3> :: ids=[2161] :: fam=3d_filament :: 3D Solutech Natural Clear 1.75mm 3D Printer PLA Filament, Dimensional Accuracy +/- 0.03 mm, 2.2 LBS (1.0KG)",,
gain_vs_v2,v2_on_p05,2356,3d_filament,3453,"3D Solutech Real Gold 3D Printer PLA Filament 1.75MM Filament, Dimensional Accuracy +/- 0.03 mm, 2.2 LBS (1.0KG)",<a_178><b_14><c_253>,8.0,15.0,hit_at_10,1,4,"<a_178><b_14><c_6> :: ids=[2909, 3494] :: fam=3d_filament :: 3D Solutech Silver Metal 3D Printer PLA Filament 1.75MM Filament, Dimensional Accuracy +/- 0.03 mm, 2.2 LBS (1.0KG) - PLA175TCMS / 3D Solutech Real Yellow 3D Pr
<a_178><b_14><c_135> :: ids=[2993] :: fam=3d_filament :: 3D Solutech Blue 3D Printer Ultra PLA Filament 1.75MM Filament, Dimensional Accuracy +/- 0.03 mm, 2.2 LBS (1.0KG)
<a_178><b_14><c_26> :: ids=[3442] :: fam=3d_filament :: 3D Solutech Real Purple 3D Printer PLA Filament 1.75MM Filament, Dimensional Accuracy +/- 0.03 mm, 2.2 LBS (1.0KG)
<a_178><b_14><c_107> :: ids=[2161] :: fam=3d_filament :: 3D Solutech Natural Clear 1.75mm 3D Printer PLA Filament, Dimensional Accuracy +/- 0.03 mm, 2.2 LBS (1.0KG)
<a_178><b_14><c_94> :: ids=[3112] :: fam=3d_filament :: 3D Solutech Real Black 3D Printer PLA Filament 1.75MM Filament, Dimensional Accuracy +/- 0.03 mm, 2.2 LBS (1.0KG) - PLA175RBLK","<a_22><b_122><c_191> :: ids=[2909] :: fam=3d_filament :: 3D Solutech Silver Metal 3D Printer PLA Filament 1.75MM Filament, Dimensional Accuracy +/- 0.03 mm, 2.2 LBS (1.0KG) - PLA175TCMS
<a_112><b_122><c_3> :: ids=[2161] :: fam=3d_filament :: 3D Solutech Natural Clear 1.75mm 3D Printer PLA Filament, Dimensional Accuracy +/- 0.03 mm, 2.2 LBS (1.0KG)
<a_112><b_122><c_79> :: ids=[2697] :: fam=3d_filament :: 3D Solutech Real White 3D Printer PLA Filament 1.75MM Filament, Dimensional Accuracy +/- 0.03 mm, 2.2 LBS (1.0KG)
<a_112><b_122><c_17> :: ids=[3494] :: fam=3d_filament :: 3D Solutech Real Yellow 3D Printer PLA Filament 1.75MM Filament, Dimensional Accuracy +/- 0.03 mm, 2.2 LBS (1.0KG)
<a_112><b_122><c_8> :: ids=[1552] :: fam=3d_filament :: 3D Solutech Teal Blue 3D Printer PLA Filament 1.75MM Filament, Dimensional Accuracy +/- 0.03 mm, 2.2 LBS (1.0KG)",,
gain_vs_v2,v2_on_p05,2410,other,281,SE TL10 10-Piece Test Lead Set with Alligator Clips,<a_118><b_59><c_100>,5.0,,hit_at_10,1,3,"<a_190><b_103><c_0> :: ids=[181, 182] :: fam=gauge_meter :: AcuRite 00613 Humidity Monitor with Indoor Thermometer, Digital Hygrometer and Humidity Gauge Indicator / AcuRite 00613 Humidity Monitor with Indoor Thermometer
<a_190><b_185><c_201> :: ids=[159] :: fam=gauge_meter :: Etekcity Lasergrip 774 Non-contact Digital Laser Infrared Thermometer Temperature Gun -58~ 716 (-50 ~ 380), Yellow and Black
<a_109><b_114><c_135> :: ids=[176] :: fam=other :: URBEST 530 Pcs 2:1 Heat Shrink Tubing Tube Sleeving Wrap Cable Wire 5 Color 8 Size
<a_190><b_173><c_203> :: ids=[338] :: fam=gauge_meter :: Etekcity Lasergrip 1080 Non-Contact Digital Laser Infrared Thermometer Temperature Gun -58~1022 (-50550), Yellow and Black
<a_118><b_59><c_100> :: ids=[281] :: fam=other :: SE TL10 10-Piece Test Lead Set with Alligator Clips","<a_154><b_37><c_0> :: ids=[181, 182] :: fam=gauge_meter :: AcuRite 00613 Humidity Monitor with Indoor Thermometer, Digital Hygrometer and Humidity Gauge Indicator / AcuRite 00613 Humidity Monitor with Indoor Thermometer
<a_95><b_121><c_103> :: ids=[136] :: fam=other :: Stanley Wet/Dry Vacuum with Wall Mount, 1 Gallon, 1.5 Horsepower
<a_209><b_134><c_28> :: ids=[1391] :: fam=other :: Seek Thermal Reveal Thermal Imaging Camera and LED Light, Blue
<a_95><b_71><c_142> :: ids=[2699] :: fam=other :: Shark Pet-Perfect Cordless Bagless Portable Hand Vacuum for Carpet and Hard Floor with Rechargeable 12V Battery (SV75Z), Gray
<a_95><b_140><c_133> :: ids=[3145] :: fam=other :: Dirt Devil Vacuum Cleaner Pro Power Bagless Corded Upright Vacuum UD70172",,
gain_vs_v2,v2_on_p05,2524,gauge_meter,769,Nubee Temperature Gun Non-contact Digital Laser Infrared IR Thermometer,<a_190><b_185><c_237>,7.0,28.0,hit_at_10,1,1,"<a_190><b_103><c_0> :: ids=[181, 182] :: fam=gauge_meter :: AcuRite 00613 Humidity Monitor with Indoor Thermometer, Digital Hygrometer and Humidity Gauge Indicator / AcuRite 00613 Humidity Monitor with Indoor Thermometer
<a_190><b_185><c_201> :: ids=[159] :: fam=gauge_meter :: Etekcity Lasergrip 774 Non-contact Digital Laser Infrared Thermometer Temperature Gun -58~ 716 (-50 ~ 380), Yellow and Black
<a_35><b_85><c_71> :: ids=[2938] :: fam=ventilation_fan :: VenTech VT DUCT-6 VTD625 Aluminum Duct for Ventilation Ducting, 6''
<a_190><b_64><c_29> :: ids=[819] :: fam=3d_filament :: Inkbird ITC-1000 Dual Stage Digital Temperature Controller Fahrenheit  Celsius Thermostat with Sensor for 3D Printer,Freezer,Fridge,Hatching ect (12 Volt)
<a_35><b_170><c_107> :: ids=[218] :: fam=ventilation_fan :: Phresh Duct Silencer 8 in x 24 in","<a_154><b_37><c_0> :: ids=[181, 182] :: fam=gauge_meter :: AcuRite 00613 Humidity Monitor with Indoor Thermometer, Digital Hygrometer and Humidity Gauge Indicator / AcuRite 00613 Humidity Monitor with Indoor Thermometer
<a_175><b_13><c_126> :: ids=[2938] :: fam=ventilation_fan :: VenTech VT DUCT-6 VTD625 Aluminum Duct for Ventilation Ducting, 6''
<a_175><b_178><c_119> :: ids=[218] :: fam=ventilation_fan :: Phresh Duct Silencer 8 in x 24 in
<a_200><b_114><c_10> :: ids=[1834] :: fam=other :: General Hydroponics Ph 7.0 Calibration Solution - 8 Ounces, 1 bottle
<a_209><b_169><c_44> :: ids=[338] :: fam=gauge_meter :: Etekcity Lasergrip 1080 Non-Contact Digital Laser Infrared Thermometer Temperature Gun -58~1022 (-50550), Yellow and Black",,
gain_vs_v2,v2_on_p05,2585,3d_filament,2932,Inland 1.75mm Blue PLA 3D Printer Filament - 1kg Spool (2.2 lbs),<a_220><b_114><c_145>,6.0,,hit_at_10,1,1,"<a_178><b_150><c_117> :: ids=[2544] :: fam=3d_filament :: SainSmart Clear Flexible TPU 3D Printing Filament, 1.75 mm, 0.8 kg, Dimensional Accuracy +/- 0.05 mm
<a_178><b_230><c_5> :: ids=[3016] :: fam=3d_filament :: HATCHBOX 3D Printer Filament, Dimensional Accuracy +/- 0.03mm, 1.75 mm, 1 kg Spool, Wood
<a_178><b_150><c_186> :: ids=[2714] :: fam=3d_filament :: NinjaFlex TPU 3D Printing Filament - 1.75mm .50kg - SAPPHIRE
<a_178><b_165><c_148> :: ids=[2507] :: fam=3d_filament :: HATCHBOX PLA 3D Printer Filament, Dimensional Accuracy +/- 0.03 mm, 1 kg Spool, 1.75 mm, Silver
<a_178><b_166><c_183> :: ids=[2477] :: fam=3d_filament :: BAMtack! 1.75mm Black PLA 3D Printer Filament - 1kg (2.2 lbs) - Dimensional Accuracy +/- 0.03mm","<a_22><b_249><c_221> :: ids=[2477] :: fam=3d_filament :: BAMtack! 1.75mm Black PLA 3D Printer Filament - 1kg (2.2 lbs) - Dimensional Accuracy +/- 0.03mm
<a_226><b_114><c_115> :: ids=[2059] :: fam=3d_filament :: MG Chemicals Wood 3D Printer Filament, 1.75mm, 0.5 Kg (1.1 lbs.) - Wood
<a_182><b_140><c_49> :: ids=[2736] :: fam=3d_filament :: Signswise 2 Pack 5mm 40T Extruder Driver Feeder Gear Bore for Makerbot Mk7 Mk8 3D Printer
<a_112><b_65><c_53> :: ids=[1850] :: fam=3d_filament :: HATCHBOX PLA 3D Printer Filament, Dimensional Accuracy +/- 0.03 mm, 1 kg Spool, 1.75 mm, Red
<a_112><b_249><c_241> :: ids=[3016] :: fam=3d_filament :: HATCHBOX 3D Printer Filament, Dimensional Accuracy +/- 0.03mm, 1.75 mm, 1 kg Spool, Wood",,
gain_vs_v2,v2_on_p05,2661,ventilation_fan,1607,"Rubbermaid Commercial Products Slim Jim Trash Can Waste Receptacle with Venting Channels, 23 Gallons, Gray (FG354060GRAY)",<a_90><b_109><c_107>,8.0,,hit_at_10,1,3,"<a_90><b_109><c_185> :: ids=[119] :: fam=other :: Rubbermaid Commercial BRUTE Heavy-Duty Round Waste/Utility Container with Venting Channels, 20-gallon, Gray (FG262000GRAY)
<a_90><b_241><c_3> :: ids=[526] :: fam=ventilation_fan :: Rubbermaid Commercial Products FG263100GRAY Rubbermaid Commercial Round Brute Container Lid, Gray, 32G
<a_90><b_58><c_141> :: ids=[1002] :: fam=ventilation_fan :: Rubbermaid Commercial Products FG267360BLUE Slim Jim Trash Can, Swing Lid, Blue
<a_90><b_58><c_4> :: ids=[713] :: fam=ventilation_fan :: Rubbermaid Commercial Products FG295673BLUE Plastic Resin Deskside Recycling Can, 7 Gallon/28 Quart, Blue Recycling Symbol (Pack of 12)
<a_90><b_241><c_8> :: ids=[3409] :: fam=ventilation_fan :: Rubbermaid Commercial Products BRUTE Heavy-Duty Round Waste/Utility Lid for 20-Gallon Container, White (FG261960WHT)","<a_246><b_127><c_5> :: ids=[463] :: fam=tape :: Hosa GFT-450BK BULK 3"" x 180' Gaffer Tape, Black
<a_234><b_249><c_250> :: ids=[724] :: fam=tape :: Duck Brand EZ Start Packing Tape With Dispenser, 1.88 Inch x 22.2 Yard, Clear, 1 Roll (393185)
<a_95><b_71><c_142> :: ids=[2699] :: fam=other :: Shark Pet-Perfect Cordless Bagless Portable Hand Vacuum for Carpet and Hard Floor with Rechargeable 12V Battery (SV75Z), Gray
<a_172><b_87><c_190> :: ids=[119] :: fam=other :: Rubbermaid Commercial BRUTE Heavy-Duty Round Waste/Utility Container with Venting Channels, 20-gallon, Gray (FG262000GRAY)
<a_234><b_245><c_67> :: ids=[555] :: fam=tape :: 3M 3920-BK Duct Tape Black, 1.88 Inches by 20 Yards",,
gain_vs_v2,v2_on_p05,2662,ventilation_fan,1002,"Rubbermaid Commercial Products FG267360BLUE Slim Jim Trash Can, Swing Lid, Blue",<a_90><b_58><c_141>,9.0,23.0,hit_at_10,1,5,"<a_90><b_109><c_185> :: ids=[119] :: fam=other :: Rubbermaid Commercial BRUTE Heavy-Duty Round Waste/Utility Container with Venting Channels, 20-gallon, Gray (FG262000GRAY)
<a_90><b_109><c_107> :: ids=[1607] :: fam=ventilation_fan :: Rubbermaid Commercial Products Slim Jim Trash Can Waste Receptacle with Venting Channels, 23 Gallons, Gray (FG354060GRAY)
<a_90><b_241><c_8> :: ids=[3409] :: fam=ventilation_fan :: Rubbermaid Commercial Products BRUTE Heavy-Duty Round Waste/Utility Lid for 20-Gallon Container, White (FG261960WHT)
<a_31><b_113><c_79> :: ids=[621] :: fam=tape :: IPG AC10 7 Mil Fix-It DUCTape 1.88"" x 50 yd, Silver
<a_31><b_113><c_201> :: ids=[1662] :: fam=tape :: Allstar Performance ALL14261 White 4"" x 165' Gaffer's Tape","<a_172><b_226><c_90> :: ids=[1607] :: fam=ventilation_fan :: Rubbermaid Commercial Products Slim Jim Trash Can Waste Receptacle with Venting Channels, 23 Gallons, Gray (FG354060GRAY)
<a_30><b_81><c_202> :: ids=[466] :: fam=ventilation_fan :: Best Choice Products 4-Wheel Foldable Rolling Warehouse Moving Flatbed Platform Dolly Push Cart w/ 330lb Capacity, Non-Slip Surface - Blue
<a_234><b_32><c_84> :: ids=[278] :: fam=tape :: T-Rex 241309 Shurtech Ferociously Strong Tape, 12 Yd L X 1.88 in W, 1-Roll, 12 Yards, Gunmetal Gray
<a_126><b_121><c_97> :: ids=[3664] :: fam=other :: Moen 7250SRS Belfield TWO-HANDLE High Arc Kitchen Faucet, Spot Resist Stainless
<a_234><b_53><c_94> :: ids=[1210] :: fam=tape :: Sparco Sealing Tape Transparent Heavy Duty, 48mm x 50m, 6 Rolls (60041)",,
gain_vs_v2,v2_on_p05,2858,ventilation_fan,526,"Rubbermaid Commercial Products FG263100GRAY Rubbermaid Commercial Round Brute Container Lid, Gray, 32G",<a_90><b_241><c_3>,2.0,,hit_at_10,1,2,"<a_90><b_109><c_185> :: ids=[119] :: fam=other :: Rubbermaid Commercial BRUTE Heavy-Duty Round Waste/Utility Container with Venting Channels, 20-gallon, Gray (FG262000GRAY)
<a_90><b_241><c_3> :: ids=[526] :: fam=ventilation_fan :: Rubbermaid Commercial Products FG263100GRAY Rubbermaid Commercial Round Brute Container Lid, Gray, 32G
<a_90><b_21><c_8> :: ids=[847] :: fam=other :: Hi-Lift Jack ORB Off-Road Base
<a_31><b_89><c_252> :: ids=[130] :: fam=tape :: Gorilla Tape, Black Duct Tape, 1.88"" x 35 yd, Black, (Pack of 1)
<a_190><b_103><c_0> :: ids=[181, 182] :: fam=gauge_meter :: AcuRite 00613 Humidity Monitor with Indoor Thermometer, Digital Hygrometer and Humidity Gauge Indicator / AcuRite 00613 Humidity Monitor with Indoor Thermometer","<a_250><b_21><c_4> :: ids=[176] :: fam=other :: URBEST 530 Pcs 2:1 Heat Shrink Tubing Tube Sleeving Wrap Cable Wire 5 Color 8 Size
<a_43><b_126><c_0> :: ids=[139, 774] :: fam=other :: DuPont Teflon Non-Stick / DuPont Teflon Non-Stick
<a_83><b_249><c_0> :: ids=[619] :: fam=other :: Vktech 150pcs 2:1 Heat Shrink Tubing Tube Sleeving Wire Cable 8 Sizes 2-13mm Black
<a_131><b_191><c_180> :: ids=[201] :: fam=connector_fitting :: ColorConnex Coupler & Plug Kit (7 Piece), Industrial Type D, 1/4 in. NPT, Red - A73457D
<a_34><b_126><c_1> :: ids=[1346] :: fam=tape :: Aluminum Tape/Aluminum Foil Tape - 1.9 inch x 150 feet (3.4 mil) - Good for HVAC, Ducts, Insulation and More",,
gain_vs_v2,v2_on_p05,2910,gauge_meter,1870,"iGaging 100-D68 Caliper Depth Base T-Bar Attachment for Dial/Digital/Vernier Calipers, 4"", 6"", 8"", 12",<a_197><b_57><c_113>,6.0,19.0,hit_at_10,1,3,"<a_162><b_228><c_221> :: ids=[1158] :: fam=gauge_meter :: 6061 Aluminum Round Rod, Unpolished (Mill) Finish, Extruded, T6511 Temper, ASTM B221, 1/2"" Diameter, 24"" Length
<a_162><b_228><c_177> :: ids=[1157] :: fam=gauge_meter :: 6061 Aluminum Round Rod, Unpolished (Mill) Finish, Extruded, T6511 Temper, ASTM B221, 2"" Diameter, 12"" Length
<a_243><b_159><c_162> :: ids=[1125] :: fam=gauge_meter :: 304 Stainless Steel Round Rod, Unpolished (Mill) Finish, Annealed, AMS 5639/ASTM A276/AMS QQ-S 763/ASTM A276, 0.625"" Diameter, 60"" Length
<a_162><b_228><c_133> :: ids=[1156] :: fam=gauge_meter :: 6061 Aluminum Round Rod, Unpolished (Mill) Finish, Extruded, T6511 Temper, ASTM B221, 1-5/8"" Diameter, 24"" Length
<a_151><b_40><c_94> :: ids=[78] :: fam=other :: PSI LCENTLT2 No. 2MT Heavy Duty Live Tailstock Center","<a_58><b_126><c_157> :: ids=[1158] :: fam=gauge_meter :: 6061 Aluminum Round Rod, Unpolished (Mill) Finish, Extruded, T6511 Temper, ASTM B221, 1/2"" Diameter, 24"" Length
<a_247><b_248><c_33> :: ids=[98] :: fam=metadata_placeholder :: Industrial & Scientific"" />
<a_173><b_187><c_74> :: ids=[145] :: fam=other :: Marrywindix 6pcs ESD Precision Anti-Static Tweezers, Tweezers Stainless Steel Tweezers with a Bag for Electronics Jewelry-Making Repairing
<a_58><b_49><c_189> :: ids=[319] :: fam=other :: 6061 Aluminum Rectangular Bar, Unpolished (Mill) Finish, Extruded, T6511 Temper, ASTM B221, 1/8"" Thickness, 1"" Width, 36"" Length
<a_160><b_193><c_92> :: ids=[339] :: fam=gauge_meter :: Drill America DWT Series Qualtech High-Speed Steel Round Adjustable Threading Die, 1-1/2"" Diameter, 11/16""-18 Size (Pack of 1)",,
gain_vs_v2,v2_on_p05,2955,3d_filament,2932,Inland 1.75mm Blue PLA 3D Printer Filament - 1kg Spool (2.2 lbs),<a_220><b_114><c_145>,4.0,,hit_at_10,1,1,"<a_212><b_114><c_79> :: ids=[3600] :: fam=other :: Micro-Swiss HW-NOZ-MK10-04 Plated Brass Wear Resistant Nozzles, 1.75 mm, MK10 (Flash Forge/Dremel/Wanhao) 0.4 mm, Bright Nickel
<a_178><b_150><c_117> :: ids=[2544] :: fam=3d_filament :: SainSmart Clear Flexible TPU 3D Printing Filament, 1.75 mm, 0.8 kg, Dimensional Accuracy +/- 0.05 mm
<a_193><b_46><c_91> :: ids=[563] :: fam=3d_filament :: Foreasy 3D Printer Tool 3D Print Removal Tool Enhanced Version Set of 2
<a_220><b_114><c_145> :: ids=[2932] :: fam=3d_filament :: Inland 1.75mm Blue PLA 3D Printer Filament - 1kg Spool (2.2 lbs)
<a_178><b_150><c_186> :: ids=[2714] :: fam=3d_filament :: NinjaFlex TPU 3D Printing Filament - 1.75mm .50kg - SAPPHIRE","<a_202><b_149><c_116> :: ids=[3267] :: fam=3d_filament :: Filabot TB1 Taulman BRIDGE Filament, 1.75 mm, White
<a_211><b_35><c_13> :: ids=[2703] :: fam=3d_filament :: eSUN 3D 1.75mm PETG Black Filament 1kg (2.2lb), PETG 3D Printer Filament, 1.75mm Solid Opaque Black
<a_211><b_35><c_7> :: ids=[2157] :: fam=3d_filament :: eSUN 3D 1.75mm PETG Blue Filament 1kg (2.2lb), PETG 3D Printer Filament, 1.75mm Semi-Transparent Blue
<a_202><b_221><c_3> :: ids=[2500] :: fam=other :: Micro Swiss MK10 All Metal Hotend Kit .4mm Nozzle WANHAO, FlashForge, Dremel Idea Builder
<a_112><b_65><c_53> :: ids=[1850] :: fam=3d_filament :: HATCHBOX PLA 3D Printer Filament, Dimensional Accuracy +/- 0.03 mm, 1 kg Spool, 1.75 mm, Red",,
gain_vs_v2,v2_on_p05,3208,3d_filament,1553,Inland 1.75mm Red PLA 3D Printer Filament - 1kg Spool (2.2 lbs),<a_220><b_114><c_85>,9.0,17.0,hit_at_10,1,2,"<a_220><b_114><c_145> :: ids=[2932] :: fam=3d_filament :: Inland 1.75mm Blue PLA 3D Printer Filament - 1kg Spool (2.2 lbs)
<a_212><b_114><c_79> :: ids=[3600] :: fam=other :: Micro-Swiss HW-NOZ-MK10-04 Plated Brass Wear Resistant Nozzles, 1.75 mm, MK10 (Flash Forge/Dremel/Wanhao) 0.4 mm, Bright Nickel
<a_178><b_150><c_117> :: ids=[2544] :: fam=3d_filament :: SainSmart Clear Flexible TPU 3D Printing Filament, 1.75 mm, 0.8 kg, Dimensional Accuracy +/- 0.05 mm
<a_220><b_114><c_53> :: ids=[2734] :: fam=3d_filament :: Inland 1.75mm White PLA 3D Printer Filament - 1kg Spool (2.2 lbs)
<a_220><b_114><c_156> :: ids=[2934] :: fam=3d_filament :: Inland 1.75mm Yellow PLA 3D Printer Filament - 1kg Spool (2.2 lbs)","<a_33><b_35><c_241> :: ids=[2979] :: fam=3d_filament :: Inland 1.75mm Gray PLA 3D Printer Filament - 1kg Spool (2.2 lbs)
<a_211><b_35><c_13> :: ids=[2703] :: fam=3d_filament :: eSUN 3D 1.75mm PETG Black Filament 1kg (2.2lb), PETG 3D Printer Filament, 1.75mm Solid Opaque Black
<a_202><b_221><c_3> :: ids=[2500] :: fam=other :: Micro Swiss MK10 All Metal Hotend Kit .4mm Nozzle WANHAO, FlashForge, Dremel Idea Builder
<a_211><b_35><c_7> :: ids=[2157] :: fam=3d_filament :: eSUN 3D 1.75mm PETG Blue Filament 1kg (2.2lb), PETG 3D Printer Filament, 1.75mm Semi-Transparent Blue
<a_202><b_149><c_116> :: ids=[3267] :: fam=3d_filament :: Filabot TB1 Taulman BRIDGE Filament, 1.75 mm, White",,
gain_vs_v2,v2_on_p05,3211,gauge_meter,181,"AcuRite 00613 Humidity Monitor with Indoor Thermometer, Digital Hygrometer and Humidity Gauge Indicator",<a_190><b_103><c_0>,4.0,,hit_at_10,1,2,"<a_197><b_130><c_6> :: ids=[415] :: fam=other :: Miller Electric 229895 Gage, Wire Metal Sizes
<a_197><b_173><c_161> :: ids=[84] :: fam=gauge_meter :: Neiko 01409A Electronic Digital Caliper with Extra Large LCD Screen | 0 - 12 Inches | Inch/Fractions/Millimeter Conversion
<a_31><b_235><c_13> :: ids=[1210] :: fam=tape :: Sparco Sealing Tape Transparent Heavy Duty, 48mm x 50m, 6 Rolls (60041)
<a_190><b_103><c_0> :: ids=[181, 182] :: fam=gauge_meter :: AcuRite 00613 Humidity Monitor with Indoor Thermometer, Digital Hygrometer and Humidity Gauge Indicator / AcuRite 00613 Humidity Monitor with Indoor Thermometer
<a_92><b_110><c_254> :: ids=[1042] :: fam=other :: uxcell Mandrel Mounted White Conical Felt Point Polishing Tool","<a_178><b_224><c_150> :: ids=[310] :: fam=other :: SE 612FS 12"" Stainless Steel Self-Locking Straight Forceps
<a_234><b_53><c_94> :: ids=[1210] :: fam=tape :: Sparco Sealing Tape Transparent Heavy Duty, 48mm x 50m, 6 Rolls (60041)
<a_134><b_27><c_202> :: ids=[1967] :: fam=other :: 100 Scalpel Blades # 11 with Free Handle
<a_252><b_134><c_208> :: ids=[677] :: fam=other :: Kimberly-Clark Professional 55083 PURPLE NITRILE Exam Gloves, 242 mm Length, Large, Purple (Box of 100)
<a_50><b_224><c_146> :: ids=[515] :: fam=other :: Chemical Guys ACC_121.32HD Chemical Resistant Heavy Duty Bottle and Sprayer (32 oz)",,
gain_vs_v2,v2_on_p05,3473,3d_filament,3466,"3D Solutech Real Red 3D Printer PLA Filament 1.75MM, Dimensional Accuracy +/- 0.03 mm, 2.2 LBS (1.0KG) - RA-I00I-DQUY",<a_178><b_14><c_150>,6.0,19.0,hit_at_10,1,2,"<a_178><b_14><c_6> :: ids=[2909, 3494] :: fam=3d_filament :: 3D Solutech Silver Metal 3D Printer PLA Filament 1.75MM Filament, Dimensional Accuracy +/- 0.03 mm, 2.2 LBS (1.0KG) - PLA175TCMS / 3D Solutech Real Yellow 3D Pr
<a_178><b_14><c_107> :: ids=[2161] :: fam=3d_filament :: 3D Solutech Natural Clear 1.75mm 3D Printer PLA Filament, Dimensional Accuracy +/- 0.03 mm, 2.2 LBS (1.0KG)
<a_178><b_14><c_94> :: ids=[3112] :: fam=3d_filament :: 3D Solutech Real Black 3D Printer PLA Filament 1.75MM Filament, Dimensional Accuracy +/- 0.03 mm, 2.2 LBS (1.0KG) - PLA175RBLK
<a_178><b_14><c_135> :: ids=[2993] :: fam=3d_filament :: 3D Solutech Blue 3D Printer Ultra PLA Filament 1.75MM Filament, Dimensional Accuracy +/- 0.03 mm, 2.2 LBS (1.0KG)
<a_220><b_114><c_145> :: ids=[2932] :: fam=3d_filament :: Inland 1.75mm Blue PLA 3D Printer Filament - 1kg Spool (2.2 lbs)","<a_22><b_122><c_191> :: ids=[2909] :: fam=3d_filament :: 3D Solutech Silver Metal 3D Printer PLA Filament 1.75MM Filament, Dimensional Accuracy +/- 0.03 mm, 2.2 LBS (1.0KG) - PLA175TCMS
<a_112><b_122><c_79> :: ids=[2697] :: fam=3d_filament :: 3D Solutech Real White 3D Printer PLA Filament 1.75MM Filament, Dimensional Accuracy +/- 0.03 mm, 2.2 LBS (1.0KG)
<a_112><b_122><c_3> :: ids=[2161] :: fam=3d_filament :: 3D Solutech Natural Clear 1.75mm 3D Printer PLA Filament, Dimensional Accuracy +/- 0.03 mm, 2.2 LBS (1.0KG)
<a_112><b_122><c_213> :: ids=[3475] :: fam=3d_filament :: 3D Solutech Real Orange 3D Printer PLA Filament 1.75MM Filament, Dimensional Accuracy +/- 0.03 mm, 2.2 LBS (1.0KG)
<a_112><b_122><c_17> :: ids=[3494] :: fam=3d_filament :: 3D Solutech Real Yellow 3D Printer PLA Filament 1.75MM Filament, Dimensional Accuracy +/- 0.03 mm, 2.2 LBS (1.0KG)",,
gain_vs_v2,v2_on_p05,3491,gauge_meter,159,"Etekcity Lasergrip 774 Non-contact Digital Laser Infrared Thermometer Temperature Gun -58~ 716 (-50 ~ 380), Yellow and Black",<a_190><b_185><c_201>,2.0,22.0,hit_at_10,1,1,"<a_190><b_103><c_0> :: ids=[181, 182] :: fam=gauge_meter :: AcuRite 00613 Humidity Monitor with Indoor Thermometer, Digital Hygrometer and Humidity Gauge Indicator / AcuRite 00613 Humidity Monitor with Indoor Thermometer
<a_190><b_185><c_201> :: ids=[159] :: fam=gauge_meter :: Etekcity Lasergrip 774 Non-contact Digital Laser Infrared Thermometer Temperature Gun -58~ 716 (-50 ~ 380), Yellow and Black
<a_35><b_85><c_71> :: ids=[2938] :: fam=ventilation_fan :: VenTech VT DUCT-6 VTD625 Aluminum Duct for Ventilation Ducting, 6''
<a_190><b_64><c_29> :: ids=[819] :: fam=3d_filament :: Inkbird ITC-1000 Dual Stage Digital Temperature Controller Fahrenheit  Celsius Thermostat with Sensor for 3D Printer,Freezer,Fridge,Hatching ect (12 Volt)
<a_35><b_170><c_107> :: ids=[218] :: fam=ventilation_fan :: Phresh Duct Silencer 8 in x 24 in","<a_154><b_37><c_0> :: ids=[181, 182] :: fam=gauge_meter :: AcuRite 00613 Humidity Monitor with Indoor Thermometer, Digital Hygrometer and Humidity Gauge Indicator / AcuRite 00613 Humidity Monitor with Indoor Thermometer
<a_175><b_13><c_126> :: ids=[2938] :: fam=ventilation_fan :: VenTech VT DUCT-6 VTD625 Aluminum Duct for Ventilation Ducting, 6''
<a_175><b_178><c_119> :: ids=[218] :: fam=ventilation_fan :: Phresh Duct Silencer 8 in x 24 in
<a_200><b_114><c_10> :: ids=[1834] :: fam=other :: General Hydroponics Ph 7.0 Calibration Solution - 8 Ounces, 1 bottle
<a_209><b_169><c_44> :: ids=[338] :: fam=gauge_meter :: Etekcity Lasergrip 1080 Non-Contact Digital Laser Infrared Thermometer Temperature Gun -58~1022 (-50550), Yellow and Black",,
gain_vs_v2,v2_on_p05,3570,other,40,"Forney 20859 Cutting Fluid, Industrial Pro Tap Magic, 1-Gallon",<a_185><b_22><c_219>,7.0,43.0,hit_at_10,1,3,"<a_162><b_228><c_221> :: ids=[1158] :: fam=gauge_meter :: 6061 Aluminum Round Rod, Unpolished (Mill) Finish, Extruded, T6511 Temper, ASTM B221, 1/2"" Diameter, 24"" Length
<a_162><b_228><c_177> :: ids=[1157] :: fam=gauge_meter :: 6061 Aluminum Round Rod, Unpolished (Mill) Finish, Extruded, T6511 Temper, ASTM B221, 2"" Diameter, 12"" Length
<a_162><b_228><c_133> :: ids=[1156] :: fam=gauge_meter :: 6061 Aluminum Round Rod, Unpolished (Mill) Finish, Extruded, T6511 Temper, ASTM B221, 1-5/8"" Diameter, 24"" Length
<a_243><b_159><c_162> :: ids=[1125] :: fam=gauge_meter :: 304 Stainless Steel Round Rod, Unpolished (Mill) Finish, Annealed, AMS 5639/ASTM A276/AMS QQ-S 763/ASTM A276, 0.625"" Diameter, 60"" Length
<a_81><b_167><c_6> :: ids=[148] :: fam=other :: Plastic Transfer Pipettes 3ml, Graduated, Pack of 100","<a_58><b_126><c_157> :: ids=[1158] :: fam=gauge_meter :: 6061 Aluminum Round Rod, Unpolished (Mill) Finish, Extruded, T6511 Temper, ASTM B221, 1/2"" Diameter, 24"" Length
<a_58><b_49><c_189> :: ids=[319] :: fam=other :: 6061 Aluminum Rectangular Bar, Unpolished (Mill) Finish, Extruded, T6511 Temper, ASTM B221, 1/8"" Thickness, 1"" Width, 36"" Length
<a_58><b_200><c_172> :: ids=[132] :: fam=other :: 110 Copper Rectangular Bar, Unpolished (Mill) Finish, H04 Temper, ASTM B187, 1/4"" Thickness, 2"" Width, 36"" Length
<a_58><b_109><c_218> :: ids=[1318] :: fam=gauge_meter :: Acetal Copolymer Round Rod, Opaque Black, Standard Tolerance, ASTM D6100, 5/8"" Diameter, 1' Length
<a_58><b_193><c_46> :: ids=[1877] :: fam=gauge_meter :: 464 Brass Round Rod, Unpolished (Mill) Finish, H02 Temper, ASTM B21, 9/16"" Diameter, 12"" Length",,
gain_vs_v2,v2_on_p05,3731,tape,165,"Duck Brand 299006 3/4-Inch by 60 Feet Utility Vinyl Electrical Tape with Single Roll, Black, 3/4 Inch x Economy",<a_31><b_33><c_218>,9.0,25.0,hit_at_10,1,2,"<a_31><b_51><c_218> :: ids=[856] :: fam=tape :: Tesa  Wire Loom Harness Tape Used By Mercedes BMW VW Audi
<a_190><b_103><c_0> :: ids=[181, 182] :: fam=gauge_meter :: AcuRite 00613 Humidity Monitor with Indoor Thermometer, Digital Hygrometer and Humidity Gauge Indicator / AcuRite 00613 Humidity Monitor with Indoor Thermometer
<a_31><b_50><c_138> :: ids=[116] :: fam=tape :: Rescue Tape RT1000201202USCO
<a_40><b_72><c_127> :: ids=[201] :: fam=connector_fitting :: ColorConnex Coupler & Plug Kit (7 Piece), Industrial Type D, 1/4 in. NPT, Red - A73457D
<a_31><b_155><c_192> :: ids=[168] :: fam=tape :: Scotch Super 33+ Vinyl Electrical Tape, 3/4 in x 66 ft","<a_201><b_142><c_225> :: ids=[856] :: fam=tape :: Tesa  Wire Loom Harness Tape Used By Mercedes BMW VW Audi
<a_229><b_166><c_219> :: ids=[395] :: fam=other :: Arctic Silver 5 AS5-3.5G Thermal Paste
<a_128><b_111><c_2> :: ids=[976] :: fam=other :: Rectorseal 25631 4-Ounce No. 5 Pipe Thread Sealant
<a_131><b_191><c_180> :: ids=[201] :: fam=connector_fitting :: ColorConnex Coupler & Plug Kit (7 Piece), Industrial Type D, 1/4 in. NPT, Red - A73457D
<a_106><b_151><c_251> :: ids=[1502] :: fam=other :: Dap 18275 DYNAFLEX 230, White 100% Waterproof Window, Door & Trim Sealant, 10.1 oz",,
gain_vs_v2,v2_on_p05,4002,3d_filament,3112,"3D Solutech Real Black 3D Printer PLA Filament 1.75MM Filament, Dimensional Accuracy +/- 0.03 mm, 2.2 LBS (1.0KG) - PLA175RBLK",<a_178><b_14><c_94>,3.0,20.0,hit_at_10,1,2,"<a_178><b_14><c_6> :: ids=[2909, 3494] :: fam=3d_filament :: 3D Solutech Silver Metal 3D Printer PLA Filament 1.75MM Filament, Dimensional Accuracy +/- 0.03 mm, 2.2 LBS (1.0KG) - PLA175TCMS / 3D Solutech Real Yellow 3D Pr
<a_178><b_14><c_107> :: ids=[2161] :: fam=3d_filament :: 3D Solutech Natural Clear 1.75mm 3D Printer PLA Filament, Dimensional Accuracy +/- 0.03 mm, 2.2 LBS (1.0KG)
<a_178><b_14><c_94> :: ids=[3112] :: fam=3d_filament :: 3D Solutech Real Black 3D Printer PLA Filament 1.75MM Filament, Dimensional Accuracy +/- 0.03 mm, 2.2 LBS (1.0KG) - PLA175RBLK
<a_178><b_14><c_75> :: ids=[2697] :: fam=3d_filament :: 3D Solutech Real White 3D Printer PLA Filament 1.75MM Filament, Dimensional Accuracy +/- 0.03 mm, 2.2 LBS (1.0KG)
<a_178><b_14><c_135> :: ids=[2993] :: fam=3d_filament :: 3D Solutech Blue 3D Printer Ultra PLA Filament 1.75MM Filament, Dimensional Accuracy +/- 0.03 mm, 2.2 LBS (1.0KG)","<a_22><b_122><c_191> :: ids=[2909] :: fam=3d_filament :: 3D Solutech Silver Metal 3D Printer PLA Filament 1.75MM Filament, Dimensional Accuracy +/- 0.03 mm, 2.2 LBS (1.0KG) - PLA175TCMS
<a_112><b_122><c_213> :: ids=[3475] :: fam=3d_filament :: 3D Solutech Real Orange 3D Printer PLA Filament 1.75MM Filament, Dimensional Accuracy +/- 0.03 mm, 2.2 LBS (1.0KG)
<a_112><b_122><c_79> :: ids=[2697] :: fam=3d_filament :: 3D Solutech Real White 3D Printer PLA Filament 1.75MM Filament, Dimensional Accuracy +/- 0.03 mm, 2.2 LBS (1.0KG)
<a_112><b_122><c_3> :: ids=[2161] :: fam=3d_filament :: 3D Solutech Natural Clear 1.75mm 3D Printer PLA Filament, Dimensional Accuracy +/- 0.03 mm, 2.2 LBS (1.0KG)
<a_22><b_249><c_221> :: ids=[2477] :: fam=3d_filament :: BAMtack! 1.75mm Black PLA 3D Printer Filament - 1kg (2.2 lbs) - Dimensional Accuracy +/- 0.03mm",,
gain_vs_v2,v2_on_p05,4006,3d_filament,2734,Inland 1.75mm White PLA 3D Printer Filament - 1kg Spool (2.2 lbs),<a_220><b_114><c_53>,5.0,21.0,hit_at_10,1,1,"<a_220><b_114><c_145> :: ids=[2932] :: fam=3d_filament :: Inland 1.75mm Blue PLA 3D Printer Filament - 1kg Spool (2.2 lbs)
<a_178><b_150><c_117> :: ids=[2544] :: fam=3d_filament :: SainSmart Clear Flexible TPU 3D Printing Filament, 1.75 mm, 0.8 kg, Dimensional Accuracy +/- 0.05 mm
<a_220><b_114><c_156> :: ids=[2934] :: fam=3d_filament :: Inland 1.75mm Yellow PLA 3D Printer Filament - 1kg Spool (2.2 lbs)
<a_178><b_150><c_186> :: ids=[2714] :: fam=3d_filament :: NinjaFlex TPU 3D Printing Filament - 1.75mm .50kg - SAPPHIRE
<a_220><b_114><c_53> :: ids=[2734] :: fam=3d_filament :: Inland 1.75mm White PLA 3D Printer Filament - 1kg Spool (2.2 lbs)","<a_33><b_35><c_241> :: ids=[2979] :: fam=3d_filament :: Inland 1.75mm Gray PLA 3D Printer Filament - 1kg Spool (2.2 lbs)
<a_33><b_187><c_219> :: ids=[2934] :: fam=3d_filament :: Inland 1.75mm Yellow PLA 3D Printer Filament - 1kg Spool (2.2 lbs)
<a_211><b_35><c_13> :: ids=[2703] :: fam=3d_filament :: eSUN 3D 1.75mm PETG Black Filament 1kg (2.2lb), PETG 3D Printer Filament, 1.75mm Solid Opaque Black
<a_22><b_249><c_221> :: ids=[2477] :: fam=3d_filament :: BAMtack! 1.75mm Black PLA 3D Printer Filament - 1kg (2.2 lbs) - Dimensional Accuracy +/- 0.03mm
<a_211><b_35><c_7> :: ids=[2157] :: fam=3d_filament :: eSUN 3D 1.75mm PETG Blue Filament 1kg (2.2lb), PETG 3D Printer Filament, 1.75mm Semi-Transparent Blue",,
gain_vs_v2,v2_on_p05,4121,3d_filament,3112,"3D Solutech Real Black 3D Printer PLA Filament 1.75MM Filament, Dimensional Accuracy +/- 0.03 mm, 2.2 LBS (1.0KG) - PLA175RBLK",<a_178><b_14><c_94>,2.0,37.0,hit_at_10,1,1,"<a_178><b_14><c_6> :: ids=[2909, 3494] :: fam=3d_filament :: 3D Solutech Silver Metal 3D Printer PLA Filament 1.75MM Filament, Dimensional Accuracy +/- 0.03 mm, 2.2 LBS (1.0KG) - PLA175TCMS / 3D Solutech Real Yellow 3D Pr
<a_178><b_14><c_94> :: ids=[3112] :: fam=3d_filament :: 3D Solutech Real Black 3D Printer PLA Filament 1.75MM Filament, Dimensional Accuracy +/- 0.03 mm, 2.2 LBS (1.0KG) - PLA175RBLK
<a_178><b_14><c_107> :: ids=[2161] :: fam=3d_filament :: 3D Solutech Natural Clear 1.75mm 3D Printer PLA Filament, Dimensional Accuracy +/- 0.03 mm, 2.2 LBS (1.0KG)
<a_178><b_14><c_75> :: ids=[2697] :: fam=3d_filament :: 3D Solutech Real White 3D Printer PLA Filament 1.75MM Filament, Dimensional Accuracy +/- 0.03 mm, 2.2 LBS (1.0KG)
<a_197><b_173><c_161> :: ids=[84] :: fam=gauge_meter :: Neiko 01409A Electronic Digital Caliper with Extra Large LCD Screen | 0 - 12 Inches | Inch/Fractions/Millimeter Conversion","<a_22><b_122><c_191> :: ids=[2909] :: fam=3d_filament :: 3D Solutech Silver Metal 3D Printer PLA Filament 1.75MM Filament, Dimensional Accuracy +/- 0.03 mm, 2.2 LBS (1.0KG) - PLA175TCMS
<a_112><b_65><c_53> :: ids=[1850] :: fam=3d_filament :: HATCHBOX PLA 3D Printer Filament, Dimensional Accuracy +/- 0.03 mm, 1 kg Spool, 1.75 mm, Red
<a_112><b_122><c_213> :: ids=[3475] :: fam=3d_filament :: 3D Solutech Real Orange 3D Printer PLA Filament 1.75MM Filament, Dimensional Accuracy +/- 0.03 mm, 2.2 LBS (1.0KG)
<a_112><b_122><c_79> :: ids=[2697] :: fam=3d_filament :: 3D Solutech Real White 3D Printer PLA Filament 1.75MM Filament, Dimensional Accuracy +/- 0.03 mm, 2.2 LBS (1.0KG)
<a_112><b_122><c_3> :: ids=[2161] :: fam=3d_filament :: 3D Solutech Natural Clear 1.75mm 3D Printer PLA Filament, Dimensional Accuracy +/- 0.03 mm, 2.2 LBS (1.0KG)",,
gain_vs_v2,v2_on_p05,4123,3d_filament,3466,"3D Solutech Real Red 3D Printer PLA Filament 1.75MM, Dimensional Accuracy +/- 0.03 mm, 2.2 LBS (1.0KG) - RA-I00I-DQUY",<a_178><b_14><c_150>,5.0,14.0,hit_at_10,1,2,"<a_178><b_14><c_6> :: ids=[2909, 3494] :: fam=3d_filament :: 3D Solutech Silver Metal 3D Printer PLA Filament 1.75MM Filament, Dimensional Accuracy +/- 0.03 mm, 2.2 LBS (1.0KG) - PLA175TCMS / 3D Solutech Real Yellow 3D Pr
<a_178><b_14><c_135> :: ids=[2993] :: fam=3d_filament :: 3D Solutech Blue 3D Printer Ultra PLA Filament 1.75MM Filament, Dimensional Accuracy +/- 0.03 mm, 2.2 LBS (1.0KG)
<a_178><b_14><c_94> :: ids=[3112] :: fam=3d_filament :: 3D Solutech Real Black 3D Printer PLA Filament 1.75MM Filament, Dimensional Accuracy +/- 0.03 mm, 2.2 LBS (1.0KG) - PLA175RBLK
<a_178><b_14><c_107> :: ids=[2161] :: fam=3d_filament :: 3D Solutech Natural Clear 1.75mm 3D Printer PLA Filament, Dimensional Accuracy +/- 0.03 mm, 2.2 LBS (1.0KG)
<a_178><b_14><c_150> :: ids=[3466] :: fam=3d_filament :: 3D Solutech Real Red 3D Printer PLA Filament 1.75MM, Dimensional Accuracy +/- 0.03 mm, 2.2 LBS (1.0KG) - RA-I00I-DQUY","<a_112><b_122><c_79> :: ids=[2697] :: fam=3d_filament :: 3D Solutech Real White 3D Printer PLA Filament 1.75MM Filament, Dimensional Accuracy +/- 0.03 mm, 2.2 LBS (1.0KG)
<a_112><b_122><c_3> :: ids=[2161] :: fam=3d_filament :: 3D Solutech Natural Clear 1.75mm 3D Printer PLA Filament, Dimensional Accuracy +/- 0.03 mm, 2.2 LBS (1.0KG)
<a_22><b_122><c_191> :: ids=[2909] :: fam=3d_filament :: 3D Solutech Silver Metal 3D Printer PLA Filament 1.75MM Filament, Dimensional Accuracy +/- 0.03 mm, 2.2 LBS (1.0KG) - PLA175TCMS
<a_112><b_122><c_213> :: ids=[3475] :: fam=3d_filament :: 3D Solutech Real Orange 3D Printer PLA Filament 1.75MM Filament, Dimensional Accuracy +/- 0.03 mm, 2.2 LBS (1.0KG)
<a_112><b_122><c_17> :: ids=[3494] :: fam=3d_filament :: 3D Solutech Real Yellow 3D Printer PLA Filament 1.75MM Filament, Dimensional Accuracy +/- 0.03 mm, 2.2 LBS (1.0KG)",,
gain_vs_v2,v2_on_p05,4337,tape,1827,"X-Treme Tape TPE-XZLG Silicone Rubber Self Fusing Tape, 1"" x 10', Triangular, Gray",<a_31><b_171><c_168>,8.0,25.0,hit_at_10,1,3,"<a_31><b_171><c_89> :: ids=[2596] :: fam=tape :: X-Treme Tape TPE-XZLYEL Silicone Rubber Self Fusing Tape, 1"" x 10', Triangular, Yellow
<a_31><b_171><c_67> :: ids=[1373] :: fam=tape :: X-Treme Tape TPE-XZLBRD Silicone Rubber Self Fusing Tape, 1"" x 10', Triangular, Bright Red
<a_31><b_171><c_120> :: ids=[950] :: fam=tape :: X-Treme Tape TPE-XZLCLR Silicone Rubber Self Fusing Tape, 1"" x 10', Triangular, Clear
<a_31><b_171><c_9> :: ids=[450] :: fam=tape :: X-Treme Tape TPE-X36ZLB Silicone Rubber Self Fusing Tape, 1"" x 36', Triangular, Black
<a_31><b_171><c_232> :: ids=[975] :: fam=tape :: X-Treme Tape TPE-XZLB Silicone Rubber Self Fusing Tape, 1"" x 10', Triangular, Black","<a_177><b_238><c_177> :: ids=[2596] :: fam=tape :: X-Treme Tape TPE-XZLYEL Silicone Rubber Self Fusing Tape, 1"" x 10', Triangular, Yellow
<a_177><b_238><c_237> :: ids=[950] :: fam=tape :: X-Treme Tape TPE-XZLCLR Silicone Rubber Self Fusing Tape, 1"" x 10', Triangular, Clear
<a_177><b_238><c_218> :: ids=[975] :: fam=tape :: X-Treme Tape TPE-XZLB Silicone Rubber Self Fusing Tape, 1"" x 10', Triangular, Black
<a_177><b_238><c_85> :: ids=[1665] :: fam=tape :: X-Treme Tape TPE-XZLW Silicone Rubber Self Fusing Tape, 1"" x 10', Triangular, White
<a_177><b_238><c_243> :: ids=[1373] :: fam=tape :: X-Treme Tape TPE-XZLBRD Silicone Rubber Self Fusing Tape, 1"" x 10', Triangular, Bright Red",,
gain_vs_v2,v2_on_p05,4357,3d_filament,3494,"3D Solutech Real Yellow 3D Printer PLA Filament 1.75MM Filament, Dimensional Accuracy +/- 0.03 mm, 2.2 LBS (1.0KG)",<a_178><b_14><c_6>,5.0,17.0,hit_at_10,1,2,"<a_190><b_103><c_0> :: ids=[181, 182] :: fam=gauge_meter :: AcuRite 00613 Humidity Monitor with Indoor Thermometer, Digital Hygrometer and Humidity Gauge Indicator / AcuRite 00613 Humidity Monitor with Indoor Thermometer
<a_92><b_168><c_225> :: ids=[1255] :: fam=other :: SE 82331TF 30-Piece Set of Titanium-Coated Diamond Burrs, Grits 120-150
<a_130><b_181><c_74> :: ids=[665] :: fam=other :: 608 ZZ Skateboard Bearings, Double Shielded, Silver (Pack of 8)
<a_77><b_45><c_0> :: ids=[139, 774] :: fam=other :: DuPont Teflon Non-Stick / DuPont Teflon Non-Stick
<a_178><b_14><c_6> :: ids=[2909, 3494] :: fam=3d_filament :: 3D Solutech Silver Metal 3D Printer PLA Filament 1.75MM Filament, Dimensional Accuracy +/- 0.03 mm, 2.2 LBS (1.0KG) - PLA175TCMS / 3D Solutech Real Yellow 3D Pr","<a_22><b_122><c_191> :: ids=[2909] :: fam=3d_filament :: 3D Solutech Silver Metal 3D Printer PLA Filament 1.75MM Filament, Dimensional Accuracy +/- 0.03 mm, 2.2 LBS (1.0KG) - PLA175TCMS
<a_112><b_65><c_53> :: ids=[1850] :: fam=3d_filament :: HATCHBOX PLA 3D Printer Filament, Dimensional Accuracy +/- 0.03 mm, 1 kg Spool, 1.75 mm, Red
<a_112><b_122><c_213> :: ids=[3475] :: fam=3d_filament :: 3D Solutech Real Orange 3D Printer PLA Filament 1.75MM Filament, Dimensional Accuracy +/- 0.03 mm, 2.2 LBS (1.0KG)
<a_112><b_122><c_3> :: ids=[2161] :: fam=3d_filament :: 3D Solutech Natural Clear 1.75mm 3D Printer PLA Filament, Dimensional Accuracy +/- 0.03 mm, 2.2 LBS (1.0KG)
<a_112><b_122><c_79> :: ids=[2697] :: fam=3d_filament :: 3D Solutech Real White 3D Printer PLA Filament 1.75MM Filament, Dimensional Accuracy +/- 0.03 mm, 2.2 LBS (1.0KG)",,
gain_vs_v2,v2_on_p05,4430,3d_filament,2333,"eSUN 3D Printer CLEANING Filament 1.75mm Natural 0.1kg for all 1.75mm FDM 3D Printers, 1.75mm Cleaning",<a_178><b_46><c_65>,9.0,28.0,hit_at_10,1,2,"<a_178><b_165><c_148> :: ids=[2507] :: fam=3d_filament :: HATCHBOX PLA 3D Printer Filament, Dimensional Accuracy +/- 0.03 mm, 1 kg Spool, 1.75 mm, Silver
<a_178><b_14><c_6> :: ids=[2909, 3494] :: fam=3d_filament :: 3D Solutech Silver Metal 3D Printer PLA Filament 1.75MM Filament, Dimensional Accuracy +/- 0.03 mm, 2.2 LBS (1.0KG) - PLA175TCMS / 3D Solutech Real Yellow 3D Pr
<a_178><b_200><c_161> :: ids=[3521] :: fam=3d_filament :: Cutequeen 3D-PLA-1.75mm-1KG 3D Printer Filament,1.75 mm Diameter,Dimensional Accuracy +/- 0.05mm,1000g Spool,White
<a_178><b_154><c_141> :: ids=[2472] :: fam=3d_filament :: HATCHBOX ABS 3D Printer Filament, Dimensional Accuracy +/- 0.03 mm, 1 kg Spool, 1.75 mm, Black
<a_178><b_165><c_53> :: ids=[50] :: fam=3d_filament :: HATCHBOX PLA 3D Printer Filament, Dimensional Accuracy +/- 0.03 mm, 1 kg Spool, 1.75 mm, Blue","<a_45><b_122><c_0> :: ids=[3638] :: fam=3d_filament :: Cutequeen PLA Plastic Filament Cartridge,1.75 mm Diameter,Dimensional Accuracy +/- 0.05mm,1000g,Blue
<a_112><b_65><c_32> :: ids=[2507] :: fam=3d_filament :: HATCHBOX PLA 3D Printer Filament, Dimensional Accuracy +/- 0.03 mm, 1 kg Spool, 1.75 mm, Silver
<a_112><b_65><c_53> :: ids=[1850] :: fam=3d_filament :: HATCHBOX PLA 3D Printer Filament, Dimensional Accuracy +/- 0.03 mm, 1 kg Spool, 1.75 mm, Red
<a_112><b_65><c_164> :: ids=[1851] :: fam=3d_filament :: HATCHBOX PLA 3D Printer Filament, Dimensional Accuracy +/- 0.03 mm, 1 kg Spool, 1.75 mm, Yellow
<a_112><b_65><c_58> :: ids=[50] :: fam=3d_filament :: HATCHBOX PLA 3D Printer Filament, Dimensional Accuracy +/- 0.03 mm, 1 kg Spool, 1.75 mm, Blue",,
lost_vs_r680a,r680a,17,connector_fitting,152,"Camco 4ft TastePURE Drinking Water Hose - Lead and BPA Free, Reinforced for Maximum Kink Resistance,  1/2""Inner Diameter (22763)",<a_181><b_139><c_99>,,,l1_routing_miss,1,1,"<a_115><b_213><c_222> :: ids=[399] :: fam=other :: Anytime Tools 48 pc HEAT SHRINK TUBING WRAP SLEEVES ASSORTED SIZES
<a_138><b_9><c_137> :: ids=[395] :: fam=other :: Arctic Silver 5 AS5-3.5G Thermal Paste
<a_124><b_157><c_254> :: ids=[57] :: fam=adhesive_epoxy :: Gorilla 2 Part Epoxy, 5 Minute Set, .85 ounce Syringe, Clear
<a_31><b_155><c_192> :: ids=[168] :: fam=tape :: Scotch Super 33+ Vinyl Electrical Tape, 3/4 in x 66 ft
<a_115><b_56><c_2> :: ids=[170] :: fam=other :: URBEST 328 Pcs Assorted Heat Shrink Tube 5 Colors 8 Sizes Tubing Wrap Sleeve Set Combo (328PCS)",,7.0,"<a_171><b_42><c_3> :: ids=[502] :: fam=connector_fitting :: Uxcell a10073000ux0031 2 Pcs 8 Position Double Row Screw Terminal Covered Barrier Strip 600V 25A
<a_104><b_248><c_44> :: ids=[1336] :: fam=fastener :: STEREN Grip-Clip Single Coaxial Cable Mounting Fastener Clips, 100ct Black
<a_143><b_17><c_111> :: ids=[1086] :: fam=other :: Gems Sensors A2012-S150 Solenoid Valve, 24 V, 60 Hz AC, 125 PSI
<a_143><b_87><c_25> :: ids=[2040] :: fam=other :: MARS - Motors & Armatures 12905 370V Oval 5 Micro-Farads Motor Run Capacitor
<a_17><b_147><c_252> :: ids=[225] :: fam=connector_fitting :: Anderson Metals Brass Hose Fitting, Connector, 5/16"" Barb x 3/8"" Male Pipe"
lost_vs_r680a,r680a,56,other,507,"Stainless Flat Washers 1/4 Inch, 304 Stainless Steel, 100 pieces (1/4 Flat Washer) by ""Chenango Supply Co., Inc.",<a_68><b_85><c_69>,,,l1_routing_miss,1,2,"<a_162><b_155><c_123> :: ids=[728] :: fam=other :: Cold Rolled Steel A513 Drawn Over Mandrel Round Tubing, ASTM A513, 1-1/4"" OD, 1.01"" ID, 0.12"" Wall, 72"" Length
<a_235><b_239><c_31> :: ids=[506] :: fam=fastener :: Stainless 1/4-20 Hex Nuts, USS Coarse Thread, 304 Stainless Steel, 100 pieces (1/4 Hex Nuts)
<a_109><b_114><c_135> :: ids=[176] :: fam=other :: URBEST 530 Pcs 2:1 Heat Shrink Tubing Tube Sleeving Wrap Cable Wire 5 Color 8 Size
<a_31><b_155><c_192> :: ids=[168] :: fam=tape :: Scotch Super 33+ Vinyl Electrical Tape, 3/4 in x 66 ft
<a_231><b_198><c_94> :: ids=[800] :: fam=connector_fitting :: Anderson Metals 57001-0402 Brass Hose Fitting, Adapter, 1/4"" Barb x 1/8"" NPT Male Pipe",,3.0,"<a_76><b_245><c_73> :: ids=[728] :: fam=other :: Cold Rolled Steel A513 Drawn Over Mandrel Round Tubing, ASTM A513, 1-1/4"" OD, 1.01"" ID, 0.12"" Wall, 72"" Length
<a_143><b_102><c_138> :: ids=[524] :: fam=fastener :: Innovative Components AN4C-5S3L-21 1.75"" Star Knob thru hole&nbsp; 1/4-20 steel zinc lock nut black pp (Pack of 10)
<a_168><b_58><c_68> :: ids=[507] :: fam=other :: Stainless Flat Washers 1/4 Inch, 304 Stainless Steel, 100 pieces (1/4 Flat Washer) by ""Chenango Supply Co., Inc.
<a_230><b_94><c_212> :: ids=[40] :: fam=other :: Forney 20859 Cutting Fluid, Industrial Pro Tap Magic, 1-Gallon
<a_1><b_178><c_242> :: ids=[1286] :: fam=other :: Accessbuy 180-Piece Rubber Grommet Shop Assortment"
lost_vs_r680a,r680a,128,gauge_meter,181,"AcuRite 00613 Humidity Monitor with Indoor Thermometer, Digital Hygrometer and Humidity Gauge Indicator",<a_190><b_103><c_0>,,,l1_routing_miss,1,1,"<a_114><b_225><c_11> :: ids=[1257] :: fam=gauge_meter :: The Ghost Meter EMF Sensor
<a_114><b_127><c_11> :: ids=[900] :: fam=gauge_meter :: Cell Sensor EMF Detection Meter
<a_114><b_10><c_113> :: ids=[2857] :: fam=gauge_meter :: Lutron 822-A Fully Digital EMF Meter (Wide Range, High Resolution)
<a_114><b_117><c_245> :: ids=[1466] :: fam=other :: Seek Thermal Compact Imager for iOS-Apple
<a_114><b_10><c_11> :: ids=[899] :: fam=gauge_meter :: Extech 480823 Extremely Low Frequency Electromagnetic Field Meter",,3.0,"<a_246><b_223><c_225> :: ids=[1257] :: fam=gauge_meter :: The Ghost Meter EMF Sensor
<a_251><b_41><c_223> :: ids=[900] :: fam=gauge_meter :: Cell Sensor EMF Detection Meter
<a_96><b_131><c_0> :: ids=[181, 182] :: fam=gauge_meter :: AcuRite 00613 Humidity Monitor with Indoor Thermometer, Digital Hygrometer and Humidity Gauge Indicator / AcuRite 00613 Humidity Monitor with Indoor Thermometer
<a_62><b_33><c_52> :: ids=[398] :: fam=other :: NTE Heat Shrink 2:1 Assorted Colors and Sizes 160 PCS
<a_249><b_127><c_75> :: ids=[1657] :: fam=other :: AmScope 25pc Assorted Specimen Collection of Prepared Microscope Slides Glass Slide with Storage Case"
lost_vs_r680a,r680a,145,3d_filament,2721,"3D Solutech Navy Blue 3D Printer PLA Filament 1.75MM Filament, Dimensional Accuracy +/- 0.03 mm, 2.2 LBS (1.0KG)",<a_77><b_180><c_32>,,,l2_routing_miss_after_l1_hit,0,1,"<a_178><b_14><c_6> :: ids=[2909, 3494] :: fam=3d_filament :: 3D Solutech Silver Metal 3D Printer PLA Filament 1.75MM Filament, Dimensional Accuracy +/- 0.03 mm, 2.2 LBS (1.0KG) - PLA175TCMS / 3D Solutech Real Yellow 3D Pr
<a_77><b_48><c_99> :: ids=[3613] :: fam=3d_filament :: iXCC Basic Series PLA 3D Printer Filament 1.75mm Diameter (Dimensional Accuracy +/- 0.05mm) - 1kg Spool (Approximately 2.2 lbs) [Red]
<a_178><b_14><c_94> :: ids=[3112] :: fam=3d_filament :: 3D Solutech Real Black 3D Printer PLA Filament 1.75MM Filament, Dimensional Accuracy +/- 0.03 mm, 2.2 LBS (1.0KG) - PLA175RBLK
<a_178><b_14><c_107> :: ids=[2161] :: fam=3d_filament :: 3D Solutech Natural Clear 1.75mm 3D Printer PLA Filament, Dimensional Accuracy +/- 0.03 mm, 2.2 LBS (1.0KG)
<a_178><b_14><c_75> :: ids=[2697] :: fam=3d_filament :: 3D Solutech Real White 3D Printer PLA Filament 1.75MM Filament, Dimensional Accuracy +/- 0.03 mm, 2.2 LBS (1.0KG)",,3.0,"<a_24><b_28><c_151> :: ids=[3537] :: fam=3d_filament :: Smartbuy 1.75mm Yellow PLA 3D Printer Filament - 1kg Spool/Roll (2.2 lbs) - Dimensional Accuracy +/- 0.05mm
<a_24><b_149><c_2> :: ids=[3112] :: fam=3d_filament :: 3D Solutech Real Black 3D Printer PLA Filament 1.75MM Filament, Dimensional Accuracy +/- 0.03 mm, 2.2 LBS (1.0KG) - PLA175RBLK
<a_14><b_28><c_133> :: ids=[2721] :: fam=3d_filament :: 3D Solutech Navy Blue 3D Printer PLA Filament 1.75MM Filament, Dimensional Accuracy +/- 0.03 mm, 2.2 LBS (1.0KG)
<a_67><b_247><c_199> :: ids=[162] :: fam=3d_filament :: USAFilament 9800429 ABS 3D Printing Filament, 2.2 lb, 1.75 mm, White Spool
<a_60><b_195><c_233> :: ids=[3444] :: fam=3d_filament :: RepRap Champion Metal J-Head V6 Hot End for RepRap 3D Printer 1.75mm Filament Direct Feed Extruder 0.4mm Nozzle"
lost_vs_r680a,r680a,164,3d_filament,2419,"HATCHBOX 3D ABS-1KG1.75-BLU ABS 3D Printer Filament, Dimensional Accuracy +/- 0.03 mm, 1 kg Spool, 1.75 mm, Blue",<a_178><b_154><c_1>,12.0,,leaf_or_ranking_miss_after_l2_hit,1,3,"<a_178><b_154><c_141> :: ids=[2472] :: fam=3d_filament :: HATCHBOX ABS 3D Printer Filament, Dimensional Accuracy +/- 0.03 mm, 1 kg Spool, 1.75 mm, Black
<a_178><b_154><c_50> :: ids=[444] :: fam=3d_filament :: HATCHBOX ABS 3D Printer Filament, Dimensional Accuracy +/- 0.03 mm, 1 kg Spool, 1.75 mm, White
<a_178><b_150><c_117> :: ids=[2544] :: fam=3d_filament :: SainSmart Clear Flexible TPU 3D Printing Filament, 1.75 mm, 0.8 kg, Dimensional Accuracy +/- 0.05 mm
<a_178><b_46><c_65> :: ids=[2333] :: fam=3d_filament :: eSUN 3D Printer CLEANING Filament 1.75mm Natural 0.1kg for all 1.75mm FDM 3D Printers, 1.75mm Cleaning
<a_178><b_154><c_88> :: ids=[3488] :: fam=3d_filament :: HATCHBOX ABS 3D Printer Filament, Dimensional Accuracy +/- 0.03 mm, 1 kg Spool, 1.75 mm, Transparent Red",,8.0,"<a_24><b_157><c_89> :: ids=[1847] :: fam=3d_filament :: HATCHBOX PLA 3D Printer Filament, Dimensional Accuracy +/- 0.03 mm, 1 kg Spool, 1.75 mm, White
<a_24><b_96><c_181> :: ids=[2583] :: fam=3d_filament :: HATCHBOX ABS 3D Printer Filament, Dimensional Accuracy +/- 0.05 mm, 1 kg Spool, 1.75 mm, Green
<a_118><b_102><c_121> :: ids=[2333] :: fam=3d_filament :: eSUN 3D Printer CLEANING Filament 1.75mm Natural 0.1kg for all 1.75mm FDM 3D Printers, 1.75mm Cleaning
<a_233><b_4><c_178> :: ids=[3646] :: fam=3d_filament :: HATCHBOX 4 Spool 3D Printer Filament Tabletop Wall Mount Rack
<a_60><b_195><c_233> :: ids=[3444] :: fam=3d_filament :: RepRap Champion Metal J-Head V6 Hot End for RepRap 3D Printer 1.75mm Filament Direct Feed Extruder 0.4mm Nozzle"
lost_vs_r680a,r680a,208,3d_filament,2718,Inland 1.75mm Pink PLA 3D Printer Filament - 1kg Spool (2.2 lbs),<a_220><b_114><c_59>,,,l1_routing_miss,0,0,"<a_178><b_165><c_148> :: ids=[2507] :: fam=3d_filament :: HATCHBOX PLA 3D Printer Filament, Dimensional Accuracy +/- 0.03 mm, 1 kg Spool, 1.75 mm, Silver
<a_178><b_143><c_111> :: ids=[3558] :: fam=3d_filament :: Professional Black 1.75mm PLA 3D Printer Filament, 1kg (2.2lb) Filament Weight, 0.05mm Tolerance, by ProMolt 3D
<a_178><b_150><c_117> :: ids=[2544] :: fam=3d_filament :: SainSmart Clear Flexible TPU 3D Printing Filament, 1.75 mm, 0.8 kg, Dimensional Accuracy +/- 0.05 mm
<a_178><b_46><c_65> :: ids=[2333] :: fam=3d_filament :: eSUN 3D Printer CLEANING Filament 1.75mm Natural 0.1kg for all 1.75mm FDM 3D Printers, 1.75mm Cleaning
<a_178><b_230><c_5> :: ids=[3016] :: fam=3d_filament :: HATCHBOX 3D Printer Filament, Dimensional Accuracy +/- 0.03mm, 1.75 mm, 1 kg Spool, Wood",,6.0,"<a_118><b_78><c_16> :: ids=[1851] :: fam=3d_filament :: HATCHBOX PLA 3D Printer Filament, Dimensional Accuracy +/- 0.03 mm, 1 kg Spool, 1.75 mm, Yellow
<a_14><b_202><c_2> :: ids=[2485] :: fam=3d_filament :: Inland 1.75mm Gold PLA 3D Printer Filament - 1kg Spool (2.2 lbs)
<a_24><b_78><c_74> :: ids=[2507] :: fam=3d_filament :: HATCHBOX PLA 3D Printer Filament, Dimensional Accuracy +/- 0.03 mm, 1 kg Spool, 1.75 mm, Silver
<a_67><b_247><c_199> :: ids=[162] :: fam=3d_filament :: USAFilament 9800429 ABS 3D Printing Filament, 2.2 lb, 1.75 mm, White Spool
<a_14><b_202><c_86> :: ids=[2979] :: fam=3d_filament :: Inland 1.75mm Gray PLA 3D Printer Filament - 1kg Spool (2.2 lbs)"
lost_vs_r680a,r680a,479,fastener,796,Hillman Toggle Bolt 90 Lb. 5 / Card,<a_68><b_168><c_135>,11.0,,l2_routing_miss_after_l1_hit,1,2,"<a_68><b_5><c_24> :: ids=[37] :: fam=other :: The Hillman Group 591521 Small Flat and Lock Washer Assortment, 270-Pack
<a_235><b_8><c_1> :: ids=[3] :: fam=fastener :: Kreg SML-C125-500 1-1/4-Inch #8 Coarse Pocket Hole Screws with Washer-Head, 500-Pack
<a_209><b_33><c_25> :: ids=[577] :: fam=other :: Neiko 50458A Snap Ring Shop Assortment, 300 Count | 18 Sizes (1/8"" - 1-1/4"") | Hardened Steel
<a_235><b_173><c_182> :: ids=[603] :: fam=fastener :: The Hillman Group 591519 Small Small Wood Screw Assortment, 195-Pack
<a_7><b_141><c_102> :: ids=[1395] :: fam=fastener :: KREG Tools SSW Kreg Screw Selector Wheel. Woodworking",,6.0,"<a_195><b_158><c_68> :: ids=[37] :: fam=other :: The Hillman Group 591521 Small Flat and Lock Washer Assortment, 270-Pack
<a_36><b_145><c_3> :: ids=[328] :: fam=other :: DEWALT DW4528 4-1/2-Inch by 1/8-Inch by 7/8-Inch Concrete/Masonry Cutting Wheel
<a_252><b_179><c_209> :: ids=[795] :: fam=fastener :: The Hillman Group 41429 Round Head Toggle Bolt, 1/4-Inch x 4-Inch, 5-Pack
<a_218><b_185><c_207> :: ids=[540] :: fam=other :: The Hillman Group 591520 Small Wire Nail and Brad Assortment, 260-Pack
<a_36><b_208><c_24> :: ids=[332] :: fam=other :: DEWALT DW4523 4-1/2-Inch by 1/4-Inch by 5/8-Inch General Purpose Metal Grinding Wheel"
lost_vs_r680a,r680a,490,3d_filament,2726,ANYCUBIC 3D Printer Heating Controller MKS MOSFET for Heatbed Extruder MOS Module,<a_212><b_74><c_180>,30.0,,l2_routing_miss_after_l1_hit,0,3,"<a_178><b_165><c_148> :: ids=[2507] :: fam=3d_filament :: HATCHBOX PLA 3D Printer Filament, Dimensional Accuracy +/- 0.03 mm, 1 kg Spool, 1.75 mm, Silver
<a_178><b_165><c_53> :: ids=[50] :: fam=3d_filament :: HATCHBOX PLA 3D Printer Filament, Dimensional Accuracy +/- 0.03 mm, 1 kg Spool, 1.75 mm, Blue
<a_178><b_150><c_117> :: ids=[2544] :: fam=3d_filament :: SainSmart Clear Flexible TPU 3D Printing Filament, 1.75 mm, 0.8 kg, Dimensional Accuracy +/- 0.05 mm
<a_178><b_154><c_141> :: ids=[2472] :: fam=3d_filament :: HATCHBOX ABS 3D Printer Filament, Dimensional Accuracy +/- 0.03 mm, 1 kg Spool, 1.75 mm, Black
<a_178><b_154><c_50> :: ids=[444] :: fam=3d_filament :: HATCHBOX ABS 3D Printer Filament, Dimensional Accuracy +/- 0.03 mm, 1 kg Spool, 1.75 mm, White",,3.0,"<a_60><b_195><c_233> :: ids=[3444] :: fam=3d_filament :: RepRap Champion Metal J-Head V6 Hot End for RepRap 3D Printer 1.75mm Filament Direct Feed Extruder 0.4mm Nozzle
<a_67><b_198><c_180> :: ids=[2926] :: fam=3d_filament :: HICTOP 5 Pieces 3D Printer Extruder Hotend 1.75mm Nozzle Throat for Reprap Prusa I3
<a_67><b_47><c_27> :: ids=[2726] :: fam=3d_filament :: ANYCUBIC 3D Printer Heating Controller MKS MOSFET for Heatbed Extruder MOS Module
<a_118><b_78><c_16> :: ids=[1851] :: fam=3d_filament :: HATCHBOX PLA 3D Printer Filament, Dimensional Accuracy +/- 0.03 mm, 1 kg Spool, 1.75 mm, Yellow
<a_37><b_115><c_41> :: ids=[3458] :: fam=3d_filament :: Wisamic 4 Variety Pack 3d Printer 0.2mm 0.3mm 0.4mm 0.5mm Nozzles Extruder Nozzle Print Head for Mk8 Makerbot"
lost_vs_r680a,r680a,501,3d_filament,2912,Inland 1.75mm Black PLA 3D Printer Filament - 1kg Spool (2.2 lbs),<a_220><b_114><c_173>,,,leaf_or_ranking_miss_after_l2_hit,0,0,"<a_178><b_154><c_135> :: ids=[1851] :: fam=3d_filament :: HATCHBOX PLA 3D Printer Filament, Dimensional Accuracy +/- 0.03 mm, 1 kg Spool, 1.75 mm, Yellow
<a_178><b_165><c_148> :: ids=[2507] :: fam=3d_filament :: HATCHBOX PLA 3D Printer Filament, Dimensional Accuracy +/- 0.03 mm, 1 kg Spool, 1.75 mm, Silver
<a_178><b_252><c_162> :: ids=[1847] :: fam=3d_filament :: HATCHBOX PLA 3D Printer Filament, Dimensional Accuracy +/- 0.03 mm, 1 kg Spool, 1.75 mm, White
<a_178><b_230><c_5> :: ids=[3016] :: fam=3d_filament :: HATCHBOX 3D Printer Filament, Dimensional Accuracy +/- 0.03mm, 1.75 mm, 1 kg Spool, Wood
<a_178><b_150><c_117> :: ids=[2544] :: fam=3d_filament :: SainSmart Clear Flexible TPU 3D Printing Filament, 1.75 mm, 0.8 kg, Dimensional Accuracy +/- 0.05 mm",,9.0,"<a_14><b_202><c_139> :: ids=[2932] :: fam=3d_filament :: Inland 1.75mm Blue PLA 3D Printer Filament - 1kg Spool (2.2 lbs)
<a_14><b_202><c_86> :: ids=[2979] :: fam=3d_filament :: Inland 1.75mm Gray PLA 3D Printer Filament - 1kg Spool (2.2 lbs)
<a_14><b_202><c_68> :: ids=[2734] :: fam=3d_filament :: Inland 1.75mm White PLA 3D Printer Filament - 1kg Spool (2.2 lbs)
<a_14><b_202><c_2> :: ids=[2485] :: fam=3d_filament :: Inland 1.75mm Gold PLA 3D Printer Filament - 1kg Spool (2.2 lbs)
<a_14><b_202><c_60> :: ids=[2718] :: fam=3d_filament :: Inland 1.75mm Pink PLA 3D Printer Filament - 1kg Spool (2.2 lbs)"
lost_vs_r680a,r680a,516,fastener,331,"Stanley TRA700BN Heavy-Duty Staple & Brad Assortment, 2500-Pack",<a_164><b_125><c_19>,,,l1_routing_miss,1,1,"<a_238><b_31><c_207> :: ids=[334] :: fam=other :: DEWALT DW4774 4-1/2-Inch Double-Row Diamond-Cup Grinding-Wheel
<a_7><b_141><c_102> :: ids=[1395] :: fam=fastener :: KREG Tools SSW Kreg Screw Selector Wheel. Woodworking
<a_209><b_33><c_25> :: ids=[577] :: fam=other :: Neiko 50458A Snap Ring Shop Assortment, 300 Count | 18 Sizes (1/8"" - 1-1/4"") | Hardened Steel
<a_238><b_232><c_129> :: ids=[335] :: fam=other :: Dewalt DW8061B5 4 x 0.045 Inch Metal and Stainless Steel Cutting Wheels , 4 Inch by 0.045-Inch
<a_238><b_78><c_225> :: ids=[582] :: fam=other :: Forney 72757 Wire Cup Brush, Knotted with 5/8-Inch-11 Threaded Arbor, 2-3/4-Inch-by-.020-Inch",,10.0,"<a_218><b_97><c_203> :: ids=[658] :: fam=other :: Stanley R120 Rivet Pack Assortment
<a_89><b_54><c_66> :: ids=[659] :: fam=other :: Stanley MR100CG Contractor Grade Riveter
<a_252><b_205><c_51> :: ids=[1538] :: fam=fastener :: FastenMaster FMTLOK10-12 TimberLOK Heavy-Duty Wood Screw, 10 Inches, 12-Count
<a_220><b_216><c_240> :: ids=[710] :: fam=other :: PORTER-CABLE PBN18200-1 2-Inch, 18 ga. brad nails (1000-Pack)
<a_195><b_60><c_221> :: ids=[914] :: fam=fastener :: The Hillman Group 591518 Small Machine Screws with Nuts Assortment, 195-Pack"
lost_vs_r680a,r680a,534,3d_filament,2726,ANYCUBIC 3D Printer Heating Controller MKS MOSFET for Heatbed Extruder MOS Module,<a_212><b_74><c_180>,11.0,,l2_routing_miss_after_l1_hit,1,1,"<a_178><b_166><c_183> :: ids=[2477] :: fam=3d_filament :: BAMtack! 1.75mm Black PLA 3D Printer Filament - 1kg (2.2 lbs) - Dimensional Accuracy +/- 0.03mm
<a_178><b_150><c_117> :: ids=[2544] :: fam=3d_filament :: SainSmart Clear Flexible TPU 3D Printing Filament, 1.75 mm, 0.8 kg, Dimensional Accuracy +/- 0.05 mm
<a_178><b_150><c_186> :: ids=[2714] :: fam=3d_filament :: NinjaFlex TPU 3D Printing Filament - 1.75mm .50kg - SAPPHIRE
<a_212><b_163><c_79> :: ids=[3406] :: fam=other :: High Lubricity Wear Resistant Nozzle Upgrade MK10 0.4 mm (For FlashForge, Wanhao D4 and i3, Dremel)
<a_178><b_20><c_140> :: ids=[1794] :: fam=3d_filament :: Filabot 910175 Taulman 910 Alloy, 1.75"" Filament Diameter, Natural",,6.0,"<a_60><b_195><c_233> :: ids=[3444] :: fam=3d_filament :: RepRap Champion Metal J-Head V6 Hot End for RepRap 3D Printer 1.75mm Filament Direct Feed Extruder 0.4mm Nozzle
<a_201><b_7><c_240> :: ids=[2918] :: fam=3d_filament :: Signswise 5PCS Barrel M6 X 30 Teflon Nozzle Throat for MK8 Tube Makerbot 3D Printer Extruder Hot End
<a_67><b_198><c_180> :: ids=[2926] :: fam=3d_filament :: HICTOP 5 Pieces 3D Printer Extruder Hotend 1.75mm Nozzle Throat for Reprap Prusa I3
<a_15><b_88><c_181> :: ids=[2477] :: fam=3d_filament :: BAMtack! 1.75mm Black PLA 3D Printer Filament - 1kg (2.2 lbs) - Dimensional Accuracy +/- 0.03mm
<a_118><b_78><c_16> :: ids=[1851] :: fam=3d_filament :: HATCHBOX PLA 3D Printer Filament, Dimensional Accuracy +/- 0.03 mm, 1 kg Spool, 1.75 mm, Yellow"
lost_vs_r680a,r680a,631,3d_filament,3462,"Gizmo Dorks 3mm (2.85mm) ABS Filament 1kg / 2.2lb for 3D Printers, White",<a_178><b_45><c_60>,48.0,,leaf_or_ranking_miss_after_l2_hit,0,1,"<a_82><b_180><c_246> :: ids=[3154] :: fam=3d_filament :: TwoUp 3D Printer Kit 7"" x 7"" x 5"" Build Dimensions 50 Micron 1.75mm PLA Filament
<a_178><b_45><c_173> :: ids=[3526] :: fam=3d_filament :: Gizmo Dorks 3mm (2.85mm) ABS Filament 1kg / 2.2lb for 3D Printers, Green
<a_178><b_45><c_132> :: ids=[1791] :: fam=3d_filament :: Gizmo Dorks 1.75mm PLA Filament 1kg / 2.2lb for 3D Printers, Translucent Green
<a_82><b_114><c_250> :: ids=[2188] :: fam=3d_filament :: Dremel Digilab 3D20 3D Printer, Idea Builder for Brand New Hobbyists and Tinkerers
<a_178><b_150><c_117> :: ids=[2544] :: fam=3d_filament :: SainSmart Clear Flexible TPU 3D Printing Filament, 1.75 mm, 0.8 kg, Dimensional Accuracy +/- 0.05 mm",,8.0,"<a_107><b_3><c_159> :: ids=[1205] :: fam=other :: PEI (Polyetherimide) Sheet, Opaque Off-White, Standard Tolerance, ASTM D5205 PEI0113, 0.03"" Thickness, 12"" Width, 24"" Length
<a_107><b_38><c_146> :: ids=[2061] :: fam=other :: Soyan 3D Pen for Arts and Crafts, 3D Molding, Sculpting and Doodling, Perfect Gift for Kids (Gray)
<a_15><b_163><c_20> :: ids=[1790] :: fam=3d_filament :: Gizmo Dorks 1.75mm PLA Filament 1kg / 2.2lb for 3D Printers, Black
<a_107><b_171><c_0> :: ids=[139, 774] :: fam=other :: DuPont Teflon Non-Stick / DuPont Teflon Non-Stick
<a_15><b_163><c_133> :: ids=[1791] :: fam=3d_filament :: Gizmo Dorks 1.75mm PLA Filament 1kg / 2.2lb for 3D Printers, Translucent Green"
lost_vs_r680a,r680a,646,connector_fitting,2468,"Anderson Metals Brass Pipe Fitting, 45 Degree Barstock Street Elbow, 1/8"" Female Pipe x 1/8"" Male Pipe",<a_166><b_67><c_0>,20.0,,leaf_or_ranking_miss_after_l2_hit,1,3,"<a_166><b_61><c_10> :: ids=[2301] :: fam=connector_fitting :: Anderson Metals Brass Tube Fitting, Short Flare Nut, 3/8"" Tube OD
<a_166><b_61><c_49> :: ids=[2300] :: fam=connector_fitting :: Anderson Metals Brass Tube Fitting, Short Flare Nut, 1 1/16 &ndash; 14"" Tube OD
<a_231><b_198><c_94> :: ids=[800] :: fam=connector_fitting :: Anderson Metals 57001-0402 Brass Hose Fitting, Adapter, 1/4"" Barb x 1/8"" NPT Male Pipe
<a_166><b_67><c_9> :: ids=[1768] :: fam=connector_fitting :: Anderson Metals Brass Pipe Fitting, Barstock Street Tee, 1/8"" Female Pipe x 1/8"" Male Pipe x 1/8"" Female Pipe
<a_181><b_82><c_28> :: ids=[742] :: fam=other :: Kingston KMBVM Series Brass Mini Ball Valve, Lever, 1/4"" NPT Male x NPT Female",,6.0,"<a_17><b_103><c_0> :: ids=[2301] :: fam=connector_fitting :: Anderson Metals Brass Tube Fitting, Short Flare Nut, 3/8"" Tube OD
<a_17><b_103><c_201> :: ids=[2300] :: fam=connector_fitting :: Anderson Metals Brass Tube Fitting, Short Flare Nut, 1 1/16 &ndash; 14"" Tube OD
<a_17><b_147><c_252> :: ids=[225] :: fam=connector_fitting :: Anderson Metals Brass Hose Fitting, Connector, 5/16"" Barb x 3/8"" Male Pipe
<a_17><b_136><c_108> :: ids=[2428] :: fam=connector_fitting :: Anderson Metals 56115 Brass Pipe Fitting, Hex Drive Countersunk Plug, 3/8"" NPT Male Pipe
<a_17><b_230><c_162> :: ids=[1918] :: fam=connector_fitting :: Anderson Metals Brass Hose Fitting, Union, 3/16"" x 3/16"" Barb"
lost_vs_r680a,r680a,688,3d_filament,2472,"HATCHBOX ABS 3D Printer Filament, Dimensional Accuracy +/- 0.03 mm, 1 kg Spool, 1.75 mm, Black",<a_178><b_154><c_141>,11.0,,l2_routing_miss_after_l1_hit,0,1,"<a_178><b_110><c_0> :: ids=[3414] :: fam=3d_filament :: eSUN 1.75mm White ABS+ 3D Printer filament 1kg Spool (2.2lbs), White
<a_178><b_110><c_82> :: ids=[2678] :: fam=3d_filament :: eSUN 1.75mm White ABS 3D Printer filament 1kg Spool (2.2lbs), White
<a_178><b_110><c_12> :: ids=[3639] :: fam=3d_filament :: eSUN 1.75mm Gray ABS 3D Printer filament 1kg Spool (2.2lbs), Gray
<a_178><b_110><c_159> :: ids=[3636] :: fam=3d_filament :: eSUN 1.75mm Silver ABS 3D Printer filament 1kg Spool (2.2lbs), Silver
<a_178><b_110><c_91> :: ids=[2677] :: fam=3d_filament :: eSUN 1.75mm Black ABS 3D Printer filament 1kg Spool (2.2lbs), Black",,7.0,"<a_118><b_235><c_133> :: ids=[3639] :: fam=3d_filament :: eSUN 1.75mm Gray ABS 3D Printer filament 1kg Spool (2.2lbs), Gray
<a_118><b_235><c_56> :: ids=[3414] :: fam=3d_filament :: eSUN 1.75mm White ABS+ 3D Printer filament 1kg Spool (2.2lbs), White
<a_24><b_157><c_89> :: ids=[1847] :: fam=3d_filament :: HATCHBOX PLA 3D Printer Filament, Dimensional Accuracy +/- 0.03 mm, 1 kg Spool, 1.75 mm, White
<a_24><b_96><c_125> :: ids=[444] :: fam=3d_filament :: HATCHBOX ABS 3D Printer Filament, Dimensional Accuracy +/- 0.03 mm, 1 kg Spool, 1.75 mm, White
<a_67><b_69><c_144> :: ids=[2768] :: fam=3d_filament :: Printrbot Printrbot Play 1505 - White Assembled 3D Printer, White"
lost_vs_r680a,r680a,738,3d_filament,3546,Inland 1.75mm Orange PLA 3D Printer Filament - 1kg Spool (2.2 lbs),<a_220><b_114><c_235>,,,leaf_or_ranking_miss_after_l2_hit,0,0,"<a_178><b_154><c_135> :: ids=[1851] :: fam=3d_filament :: HATCHBOX PLA 3D Printer Filament, Dimensional Accuracy +/- 0.03 mm, 1 kg Spool, 1.75 mm, Yellow
<a_178><b_165><c_148> :: ids=[2507] :: fam=3d_filament :: HATCHBOX PLA 3D Printer Filament, Dimensional Accuracy +/- 0.03 mm, 1 kg Spool, 1.75 mm, Silver
<a_220><b_114><c_145> :: ids=[2932] :: fam=3d_filament :: Inland 1.75mm Blue PLA 3D Printer Filament - 1kg Spool (2.2 lbs)
<a_178><b_154><c_141> :: ids=[2472] :: fam=3d_filament :: HATCHBOX ABS 3D Printer Filament, Dimensional Accuracy +/- 0.03 mm, 1 kg Spool, 1.75 mm, Black
<a_178><b_154><c_50> :: ids=[444] :: fam=3d_filament :: HATCHBOX ABS 3D Printer Filament, Dimensional Accuracy +/- 0.03 mm, 1 kg Spool, 1.75 mm, White",,9.0,"<a_14><b_202><c_139> :: ids=[2932] :: fam=3d_filament :: Inland 1.75mm Blue PLA 3D Printer Filament - 1kg Spool (2.2 lbs)
<a_14><b_202><c_60> :: ids=[2718] :: fam=3d_filament :: Inland 1.75mm Pink PLA 3D Printer Filament - 1kg Spool (2.2 lbs)
<a_60><b_195><c_233> :: ids=[3444] :: fam=3d_filament :: RepRap Champion Metal J-Head V6 Hot End for RepRap 3D Printer 1.75mm Filament Direct Feed Extruder 0.4mm Nozzle
<a_14><b_202><c_86> :: ids=[2979] :: fam=3d_filament :: Inland 1.75mm Gray PLA 3D Printer Filament - 1kg Spool (2.2 lbs)
<a_14><b_202><c_68> :: ids=[2734] :: fam=3d_filament :: Inland 1.75mm White PLA 3D Printer Filament - 1kg Spool (2.2 lbs)"
lost_vs_r680a,r680a,750,3d_filament,2507,"HATCHBOX PLA 3D Printer Filament, Dimensional Accuracy +/- 0.03 mm, 1 kg Spool, 1.75 mm, Silver",<a_178><b_165><c_148>,24.0,,l2_routing_miss_after_l1_hit,0,1,"<a_178><b_14><c_6> :: ids=[2909, 3494] :: fam=3d_filament :: 3D Solutech Silver Metal 3D Printer PLA Filament 1.75MM Filament, Dimensional Accuracy +/- 0.03 mm, 2.2 LBS (1.0KG) - PLA175TCMS / 3D Solutech Real Yellow 3D Pr
<a_178><b_14><c_94> :: ids=[3112] :: fam=3d_filament :: 3D Solutech Real Black 3D Printer PLA Filament 1.75MM Filament, Dimensional Accuracy +/- 0.03 mm, 2.2 LBS (1.0KG) - PLA175RBLK
<a_178><b_14><c_107> :: ids=[2161] :: fam=3d_filament :: 3D Solutech Natural Clear 1.75mm 3D Printer PLA Filament, Dimensional Accuracy +/- 0.03 mm, 2.2 LBS (1.0KG)
<a_178><b_14><c_75> :: ids=[2697] :: fam=3d_filament :: 3D Solutech Real White 3D Printer PLA Filament 1.75MM Filament, Dimensional Accuracy +/- 0.03 mm, 2.2 LBS (1.0KG)
<a_178><b_14><c_7> :: ids=[3475] :: fam=3d_filament :: 3D Solutech Real Orange 3D Printer PLA Filament 1.75MM Filament, Dimensional Accuracy +/- 0.03 mm, 2.2 LBS (1.0KG)",,9.0,"<a_24><b_149><c_2> :: ids=[3112] :: fam=3d_filament :: 3D Solutech Real Black 3D Printer PLA Filament 1.75MM Filament, Dimensional Accuracy +/- 0.03 mm, 2.2 LBS (1.0KG) - PLA175RBLK
<a_24><b_149><c_24> :: ids=[2909] :: fam=3d_filament :: 3D Solutech Silver Metal 3D Printer PLA Filament 1.75MM Filament, Dimensional Accuracy +/- 0.03 mm, 2.2 LBS (1.0KG) - PLA175TCMS
<a_24><b_78><c_138> :: ids=[50] :: fam=3d_filament :: HATCHBOX PLA 3D Printer Filament, Dimensional Accuracy +/- 0.03 mm, 1 kg Spool, 1.75 mm, Blue
<a_24><b_157><c_89> :: ids=[1847] :: fam=3d_filament :: HATCHBOX PLA 3D Printer Filament, Dimensional Accuracy +/- 0.03 mm, 1 kg Spool, 1.75 mm, White
<a_24><b_78><c_154> :: ids=[1573] :: fam=3d_filament :: HATCHBOX PLA 3D Printer Filament, Dimensional Accuracy +/- 0.03 mm, 1 kg Spool, 1.75 mm, Orange"
lost_vs_r680a,r680a,759,3d_filament,1848,Kamo 5PCS 3D Printer 0.4mm Extruder Brass Nozzle Print Head for MK8 1.75mm ABS PLA Printer,<a_212><b_168><c_133>,13.0,,l1_routing_miss,0,0,"<a_178><b_165><c_148> :: ids=[2507] :: fam=3d_filament :: HATCHBOX PLA 3D Printer Filament, Dimensional Accuracy +/- 0.03 mm, 1 kg Spool, 1.75 mm, Silver
<a_178><b_154><c_135> :: ids=[1851] :: fam=3d_filament :: HATCHBOX PLA 3D Printer Filament, Dimensional Accuracy +/- 0.03 mm, 1 kg Spool, 1.75 mm, Yellow
<a_178><b_150><c_117> :: ids=[2544] :: fam=3d_filament :: SainSmart Clear Flexible TPU 3D Printing Filament, 1.75 mm, 0.8 kg, Dimensional Accuracy +/- 0.05 mm
<a_178><b_165><c_53> :: ids=[50] :: fam=3d_filament :: HATCHBOX PLA 3D Printer Filament, Dimensional Accuracy +/- 0.03 mm, 1 kg Spool, 1.75 mm, Blue
<a_178><b_154><c_141> :: ids=[2472] :: fam=3d_filament :: HATCHBOX ABS 3D Printer Filament, Dimensional Accuracy +/- 0.03 mm, 1 kg Spool, 1.75 mm, Black",,8.0,"<a_60><b_195><c_233> :: ids=[3444] :: fam=3d_filament :: RepRap Champion Metal J-Head V6 Hot End for RepRap 3D Printer 1.75mm Filament Direct Feed Extruder 0.4mm Nozzle
<a_118><b_78><c_16> :: ids=[1851] :: fam=3d_filament :: HATCHBOX PLA 3D Printer Filament, Dimensional Accuracy +/- 0.03 mm, 1 kg Spool, 1.75 mm, Yellow
<a_24><b_157><c_89> :: ids=[1847] :: fam=3d_filament :: HATCHBOX PLA 3D Printer Filament, Dimensional Accuracy +/- 0.03 mm, 1 kg Spool, 1.75 mm, White
<a_24><b_78><c_138> :: ids=[50] :: fam=3d_filament :: HATCHBOX PLA 3D Printer Filament, Dimensional Accuracy +/- 0.03 mm, 1 kg Spool, 1.75 mm, Blue
<a_24><b_78><c_74> :: ids=[2507] :: fam=3d_filament :: HATCHBOX PLA 3D Printer Filament, Dimensional Accuracy +/- 0.03 mm, 1 kg Spool, 1.75 mm, Silver"
lost_vs_r680a,r680a,826,gauge_meter,181,"AcuRite 00613 Humidity Monitor with Indoor Thermometer, Digital Hygrometer and Humidity Gauge Indicator",<a_190><b_103><c_0>,19.0,,l1_routing_miss,1,1,"<a_238><b_46><c_23> :: ids=[534] :: fam=other :: Century Drill and Tool 76221 Coarse Drill Cup Wire Brush, 2-3/4-Inch
<a_92><b_200><c_192> :: ids=[341] :: fam=other :: Neiko 11108A 4.5&rdquo; x 7/8-Inch Aluminum Oxide Flap Disc, 80 Grit | Flat Type #27 | 10-Pack
<a_238><b_232><c_129> :: ids=[335] :: fam=other :: Dewalt DW8061B5 4 x 0.045 Inch Metal and Stainless Steel Cutting Wheels , 4 Inch by 0.045-Inch
<a_31><b_155><c_192> :: ids=[168] :: fam=tape :: Scotch Super 33+ Vinyl Electrical Tape, 3/4 in x 66 ft
<a_238><b_57><c_66> :: ids=[333] :: fam=other :: DEWALT DW4930 4-Inch by 5/8-Inch-11 Full Cable Twist Wire Wheel/Carbon Steel .020-Inch",,3.0,"<a_115><b_251><c_9> :: ids=[534] :: fam=other :: Century Drill and Tool 76221 Coarse Drill Cup Wire Brush, 2-3/4-Inch
<a_182><b_248><c_36> :: ids=[245] :: fam=other :: Master Lock Strap, 12 ft. Long Lashing Strap, 3060DAT (Pack of 2)
<a_96><b_131><c_0> :: ids=[181, 182] :: fam=gauge_meter :: AcuRite 00613 Humidity Monitor with Indoor Thermometer, Digital Hygrometer and Humidity Gauge Indicator / AcuRite 00613 Humidity Monitor with Indoor Thermometer
<a_115><b_251><c_2> :: ids=[907] :: fam=other :: Century Drill and Tool 76423 Fine Drill Radial Wire Brush, 2-1/2-Inch
<a_12><b_12><c_27> :: ids=[103] :: fam=other :: Osborn International 75116SP Steel File Card, 3-3/4"" Brush Area Length"
lost_vs_r680a,r680a,881,3d_filament,2697,"3D Solutech Real White 3D Printer PLA Filament 1.75MM Filament, Dimensional Accuracy +/- 0.03 mm, 2.2 LBS (1.0KG)",<a_178><b_14><c_75>,11.0,,leaf_or_ranking_miss_after_l2_hit,0,2,"<a_178><b_14><c_6> :: ids=[2909, 3494] :: fam=3d_filament :: 3D Solutech Silver Metal 3D Printer PLA Filament 1.75MM Filament, Dimensional Accuracy +/- 0.03 mm, 2.2 LBS (1.0KG) - PLA175TCMS / 3D Solutech Real Yellow 3D Pr
<a_178><b_150><c_117> :: ids=[2544] :: fam=3d_filament :: SainSmart Clear Flexible TPU 3D Printing Filament, 1.75 mm, 0.8 kg, Dimensional Accuracy +/- 0.05 mm
<a_82><b_114><c_250> :: ids=[2188] :: fam=3d_filament :: Dremel Digilab 3D20 3D Printer, Idea Builder for Brand New Hobbyists and Tinkerers
<a_82><b_114><c_110> :: ids=[2192] :: fam=3d_filament :: Dremel Digilab 3D40 Award Winning 3D Printer, Idea Builder with semi automated leveling, print PLA at 100 micron resolution
<a_178><b_143><c_111> :: ids=[3558] :: fam=3d_filament :: Professional Black 1.75mm PLA 3D Printer Filament, 1kg (2.2lb) Filament Weight, 0.05mm Tolerance, by ProMolt 3D",,4.0,"<a_118><b_78><c_16> :: ids=[1851] :: fam=3d_filament :: HATCHBOX PLA 3D Printer Filament, Dimensional Accuracy +/- 0.03 mm, 1 kg Spool, 1.75 mm, Yellow
<a_226><b_57><c_244> :: ids=[2188] :: fam=3d_filament :: Dremel Digilab 3D20 3D Printer, Idea Builder for Brand New Hobbyists and Tinkerers
<a_24><b_149><c_2> :: ids=[3112] :: fam=3d_filament :: 3D Solutech Real Black 3D Printer PLA Filament 1.75MM Filament, Dimensional Accuracy +/- 0.03 mm, 2.2 LBS (1.0KG) - PLA175RBLK
<a_24><b_202><c_179> :: ids=[2697] :: fam=3d_filament :: 3D Solutech Real White 3D Printer PLA Filament 1.75MM Filament, Dimensional Accuracy +/- 0.03 mm, 2.2 LBS (1.0KG)
<a_24><b_157><c_89> :: ids=[1847] :: fam=3d_filament :: HATCHBOX PLA 3D Printer Filament, Dimensional Accuracy +/- 0.03 mm, 1 kg Spool, 1.75 mm, White"
lost_vs_r680a,r680a,906,3d_filament,2979,Inland 1.75mm Gray PLA 3D Printer Filament - 1kg Spool (2.2 lbs),<a_220><b_114><c_224>,21.0,,leaf_or_ranking_miss_after_l2_hit,0,1,"<a_220><b_114><c_145> :: ids=[2932] :: fam=3d_filament :: Inland 1.75mm Blue PLA 3D Printer Filament - 1kg Spool (2.2 lbs)
<a_212><b_17><c_91> :: ids=[2926] :: fam=3d_filament :: HICTOP 5 Pieces 3D Printer Extruder Hotend 1.75mm Nozzle Throat for Reprap Prusa I3
<a_178><b_154><c_135> :: ids=[1851] :: fam=3d_filament :: HATCHBOX PLA 3D Printer Filament, Dimensional Accuracy +/- 0.03 mm, 1 kg Spool, 1.75 mm, Yellow
<a_178><b_165><c_148> :: ids=[2507] :: fam=3d_filament :: HATCHBOX PLA 3D Printer Filament, Dimensional Accuracy +/- 0.03 mm, 1 kg Spool, 1.75 mm, Silver
<a_178><b_230><c_5> :: ids=[3016] :: fam=3d_filament :: HATCHBOX 3D Printer Filament, Dimensional Accuracy +/- 0.03mm, 1.75 mm, 1 kg Spool, Wood",,3.0,"<a_14><b_202><c_139> :: ids=[2932] :: fam=3d_filament :: Inland 1.75mm Blue PLA 3D Printer Filament - 1kg Spool (2.2 lbs)
<a_14><b_202><c_2> :: ids=[2485] :: fam=3d_filament :: Inland 1.75mm Gold PLA 3D Printer Filament - 1kg Spool (2.2 lbs)
<a_14><b_202><c_86> :: ids=[2979] :: fam=3d_filament :: Inland 1.75mm Gray PLA 3D Printer Filament - 1kg Spool (2.2 lbs)
<a_14><b_202><c_60> :: ids=[2718] :: fam=3d_filament :: Inland 1.75mm Pink PLA 3D Printer Filament - 1kg Spool (2.2 lbs)
<a_14><b_202><c_68> :: ids=[2734] :: fam=3d_filament :: Inland 1.75mm White PLA 3D Printer Filament - 1kg Spool (2.2 lbs)"
lost_vs_r680a,r680a,968,3d_filament,2507,"HATCHBOX PLA 3D Printer Filament, Dimensional Accuracy +/- 0.03 mm, 1 kg Spool, 1.75 mm, Silver",<a_178><b_165><c_148>,24.0,,l2_routing_miss_after_l1_hit,0,1,"<a_178><b_14><c_6> :: ids=[2909, 3494] :: fam=3d_filament :: 3D Solutech Silver Metal 3D Printer PLA Filament 1.75MM Filament, Dimensional Accuracy +/- 0.03 mm, 2.2 LBS (1.0KG) - PLA175TCMS / 3D Solutech Real Yellow 3D Pr
<a_178><b_14><c_94> :: ids=[3112] :: fam=3d_filament :: 3D Solutech Real Black 3D Printer PLA Filament 1.75MM Filament, Dimensional Accuracy +/- 0.03 mm, 2.2 LBS (1.0KG) - PLA175RBLK
<a_178><b_14><c_107> :: ids=[2161] :: fam=3d_filament :: 3D Solutech Natural Clear 1.75mm 3D Printer PLA Filament, Dimensional Accuracy +/- 0.03 mm, 2.2 LBS (1.0KG)
<a_178><b_14><c_75> :: ids=[2697] :: fam=3d_filament :: 3D Solutech Real White 3D Printer PLA Filament 1.75MM Filament, Dimensional Accuracy +/- 0.03 mm, 2.2 LBS (1.0KG)
<a_178><b_14><c_135> :: ids=[2993] :: fam=3d_filament :: 3D Solutech Blue 3D Printer Ultra PLA Filament 1.75MM Filament, Dimensional Accuracy +/- 0.03 mm, 2.2 LBS (1.0KG)",,8.0,"<a_24><b_149><c_2> :: ids=[3112] :: fam=3d_filament :: 3D Solutech Real Black 3D Printer PLA Filament 1.75MM Filament, Dimensional Accuracy +/- 0.03 mm, 2.2 LBS (1.0KG) - PLA175RBLK
<a_24><b_149><c_24> :: ids=[2909] :: fam=3d_filament :: 3D Solutech Silver Metal 3D Printer PLA Filament 1.75MM Filament, Dimensional Accuracy +/- 0.03 mm, 2.2 LBS (1.0KG) - PLA175TCMS
<a_24><b_78><c_138> :: ids=[50] :: fam=3d_filament :: HATCHBOX PLA 3D Printer Filament, Dimensional Accuracy +/- 0.03 mm, 1 kg Spool, 1.75 mm, Blue
<a_24><b_157><c_89> :: ids=[1847] :: fam=3d_filament :: HATCHBOX PLA 3D Printer Filament, Dimensional Accuracy +/- 0.03 mm, 1 kg Spool, 1.75 mm, White
<a_24><b_78><c_154> :: ids=[1573] :: fam=3d_filament :: HATCHBOX PLA 3D Printer Filament, Dimensional Accuracy +/- 0.03 mm, 1 kg Spool, 1.75 mm, Orange"
lost_vs_r680a,r680a,974,3d_filament,2734,Inland 1.75mm White PLA 3D Printer Filament - 1kg Spool (2.2 lbs),<a_220><b_114><c_53>,15.0,,leaf_or_ranking_miss_after_l2_hit,1,1,"<a_178><b_150><c_117> :: ids=[2544] :: fam=3d_filament :: SainSmart Clear Flexible TPU 3D Printing Filament, 1.75 mm, 0.8 kg, Dimensional Accuracy +/- 0.05 mm
<a_178><b_150><c_186> :: ids=[2714] :: fam=3d_filament :: NinjaFlex TPU 3D Printing Filament - 1.75mm .50kg - SAPPHIRE
<a_220><b_114><c_145> :: ids=[2932] :: fam=3d_filament :: Inland 1.75mm Blue PLA 3D Printer Filament - 1kg Spool (2.2 lbs)
<a_178><b_166><c_183> :: ids=[2477] :: fam=3d_filament :: BAMtack! 1.75mm Black PLA 3D Printer Filament - 1kg (2.2 lbs) - Dimensional Accuracy +/- 0.03mm
<a_178><b_230><c_5> :: ids=[3016] :: fam=3d_filament :: HATCHBOX 3D Printer Filament, Dimensional Accuracy +/- 0.03mm, 1.75 mm, 1 kg Spool, Wood",,10.0,"<a_37><b_2><c_79> :: ids=[2544] :: fam=3d_filament :: SainSmart Clear Flexible TPU 3D Printing Filament, 1.75 mm, 0.8 kg, Dimensional Accuracy +/- 0.05 mm
<a_14><b_202><c_139> :: ids=[2932] :: fam=3d_filament :: Inland 1.75mm Blue PLA 3D Printer Filament - 1kg Spool (2.2 lbs)
<a_24><b_149><c_2> :: ids=[3112] :: fam=3d_filament :: 3D Solutech Real Black 3D Printer PLA Filament 1.75MM Filament, Dimensional Accuracy +/- 0.03 mm, 2.2 LBS (1.0KG) - PLA175RBLK
<a_14><b_202><c_2> :: ids=[2485] :: fam=3d_filament :: Inland 1.75mm Gold PLA 3D Printer Filament - 1kg Spool (2.2 lbs)
<a_14><b_202><c_60> :: ids=[2718] :: fam=3d_filament :: Inland 1.75mm Pink PLA 3D Printer Filament - 1kg Spool (2.2 lbs)"
lost_vs_r680a,r680a,975,3d_filament,2979,Inland 1.75mm Gray PLA 3D Printer Filament - 1kg Spool (2.2 lbs),<a_220><b_114><c_224>,37.0,,leaf_or_ranking_miss_after_l2_hit,1,2,"<a_178><b_150><c_117> :: ids=[2544] :: fam=3d_filament :: SainSmart Clear Flexible TPU 3D Printing Filament, 1.75 mm, 0.8 kg, Dimensional Accuracy +/- 0.05 mm
<a_178><b_150><c_186> :: ids=[2714] :: fam=3d_filament :: NinjaFlex TPU 3D Printing Filament - 1.75mm .50kg - SAPPHIRE
<a_220><b_114><c_145> :: ids=[2932] :: fam=3d_filament :: Inland 1.75mm Blue PLA 3D Printer Filament - 1kg Spool (2.2 lbs)
<a_212><b_17><c_91> :: ids=[2926] :: fam=3d_filament :: HICTOP 5 Pieces 3D Printer Extruder Hotend 1.75mm Nozzle Throat for Reprap Prusa I3
<a_178><b_166><c_183> :: ids=[2477] :: fam=3d_filament :: BAMtack! 1.75mm Black PLA 3D Printer Filament - 1kg (2.2 lbs) - Dimensional Accuracy +/- 0.03mm",,4.0,"<a_14><b_202><c_2> :: ids=[2485] :: fam=3d_filament :: Inland 1.75mm Gold PLA 3D Printer Filament - 1kg Spool (2.2 lbs)
<a_14><b_202><c_139> :: ids=[2932] :: fam=3d_filament :: Inland 1.75mm Blue PLA 3D Printer Filament - 1kg Spool (2.2 lbs)
<a_14><b_202><c_60> :: ids=[2718] :: fam=3d_filament :: Inland 1.75mm Pink PLA 3D Printer Filament - 1kg Spool (2.2 lbs)
<a_14><b_202><c_86> :: ids=[2979] :: fam=3d_filament :: Inland 1.75mm Gray PLA 3D Printer Filament - 1kg Spool (2.2 lbs)
<a_37><b_2><c_79> :: ids=[2544] :: fam=3d_filament :: SainSmart Clear Flexible TPU 3D Printing Filament, 1.75 mm, 0.8 kg, Dimensional Accuracy +/- 0.05 mm"
lost_vs_r680a,r680a,1035,3d_filament,2721,"3D Solutech Navy Blue 3D Printer PLA Filament 1.75MM Filament, Dimensional Accuracy +/- 0.03 mm, 2.2 LBS (1.0KG)",<a_77><b_180><c_32>,38.0,,l2_routing_miss_after_l1_hit,1,3,"<a_178><b_14><c_6> :: ids=[2909, 3494] :: fam=3d_filament :: 3D Solutech Silver Metal 3D Printer PLA Filament 1.75MM Filament, Dimensional Accuracy +/- 0.03 mm, 2.2 LBS (1.0KG) - PLA175TCMS / 3D Solutech Real Yellow 3D Pr
<a_77><b_48><c_99> :: ids=[3613] :: fam=3d_filament :: iXCC Basic Series PLA 3D Printer Filament 1.75mm Diameter (Dimensional Accuracy +/- 0.05mm) - 1kg Spool (Approximately 2.2 lbs) [Red]
<a_178><b_14><c_107> :: ids=[2161] :: fam=3d_filament :: 3D Solutech Natural Clear 1.75mm 3D Printer PLA Filament, Dimensional Accuracy +/- 0.03 mm, 2.2 LBS (1.0KG)
<a_178><b_14><c_94> :: ids=[3112] :: fam=3d_filament :: 3D Solutech Real Black 3D Printer PLA Filament 1.75MM Filament, Dimensional Accuracy +/- 0.03 mm, 2.2 LBS (1.0KG) - PLA175RBLK
<a_178><b_14><c_135> :: ids=[2993] :: fam=3d_filament :: 3D Solutech Blue 3D Printer Ultra PLA Filament 1.75MM Filament, Dimensional Accuracy +/- 0.03 mm, 2.2 LBS (1.0KG)",,4.0,"<a_24><b_149><c_2> :: ids=[3112] :: fam=3d_filament :: 3D Solutech Real Black 3D Printer PLA Filament 1.75MM Filament, Dimensional Accuracy +/- 0.03 mm, 2.2 LBS (1.0KG) - PLA175RBLK
<a_67><b_247><c_199> :: ids=[162] :: fam=3d_filament :: USAFilament 9800429 ABS 3D Printing Filament, 2.2 lb, 1.75 mm, White Spool
<a_24><b_149><c_24> :: ids=[2909] :: fam=3d_filament :: 3D Solutech Silver Metal 3D Printer PLA Filament 1.75MM Filament, Dimensional Accuracy +/- 0.03 mm, 2.2 LBS (1.0KG) - PLA175TCMS
<a_14><b_28><c_133> :: ids=[2721] :: fam=3d_filament :: 3D Solutech Navy Blue 3D Printer PLA Filament 1.75MM Filament, Dimensional Accuracy +/- 0.03 mm, 2.2 LBS (1.0KG)
<a_37><b_2><c_79> :: ids=[2544] :: fam=3d_filament :: SainSmart Clear Flexible TPU 3D Printing Filament, 1.75 mm, 0.8 kg, Dimensional Accuracy +/- 0.05 mm"
lost_vs_r680a,r680a,1082,3d_filament,1554,Inland 1.75mm Peak Green PLA 3D Printer Filament - 1kg Spool (2.2 lbs),<a_220><b_114><c_24>,,,leaf_or_ranking_miss_after_l2_hit,0,0,"<a_220><b_114><c_145> :: ids=[2932] :: fam=3d_filament :: Inland 1.75mm Blue PLA 3D Printer Filament - 1kg Spool (2.2 lbs)
<a_220><b_114><c_53> :: ids=[2734] :: fam=3d_filament :: Inland 1.75mm White PLA 3D Printer Filament - 1kg Spool (2.2 lbs)
<a_220><b_114><c_96> :: ids=[3114] :: fam=3d_filament :: Inland 1.75mm Purple PLA 3D Printer Filament - 1kg Spool (2.2 lbs)
<a_220><b_114><c_156> :: ids=[2934] :: fam=3d_filament :: Inland 1.75mm Yellow PLA 3D Printer Filament - 1kg Spool (2.2 lbs)
<a_220><b_114><c_85> :: ids=[1553] :: fam=3d_filament :: Inland 1.75mm Red PLA 3D Printer Filament - 1kg Spool (2.2 lbs)",,10.0,"<a_14><b_202><c_139> :: ids=[2932] :: fam=3d_filament :: Inland 1.75mm Blue PLA 3D Printer Filament - 1kg Spool (2.2 lbs)
<a_14><b_202><c_86> :: ids=[2979] :: fam=3d_filament :: Inland 1.75mm Gray PLA 3D Printer Filament - 1kg Spool (2.2 lbs)
<a_14><b_202><c_60> :: ids=[2718] :: fam=3d_filament :: Inland 1.75mm Pink PLA 3D Printer Filament - 1kg Spool (2.2 lbs)
<a_14><b_202><c_2> :: ids=[2485] :: fam=3d_filament :: Inland 1.75mm Gold PLA 3D Printer Filament - 1kg Spool (2.2 lbs)
<a_14><b_202><c_211> :: ids=[2912] :: fam=3d_filament :: Inland 1.75mm Black PLA 3D Printer Filament - 1kg Spool (2.2 lbs)"
lost_vs_r680a,r680a,1083,3d_filament,2979,Inland 1.75mm Gray PLA 3D Printer Filament - 1kg Spool (2.2 lbs),<a_220><b_114><c_224>,12.0,,leaf_or_ranking_miss_after_l2_hit,0,0,"<a_220><b_114><c_145> :: ids=[2932] :: fam=3d_filament :: Inland 1.75mm Blue PLA 3D Printer Filament - 1kg Spool (2.2 lbs)
<a_220><b_114><c_53> :: ids=[2734] :: fam=3d_filament :: Inland 1.75mm White PLA 3D Printer Filament - 1kg Spool (2.2 lbs)
<a_220><b_114><c_156> :: ids=[2934] :: fam=3d_filament :: Inland 1.75mm Yellow PLA 3D Printer Filament - 1kg Spool (2.2 lbs)
<a_220><b_114><c_96> :: ids=[3114] :: fam=3d_filament :: Inland 1.75mm Purple PLA 3D Printer Filament - 1kg Spool (2.2 lbs)
<a_220><b_114><c_173> :: ids=[2912] :: fam=3d_filament :: Inland 1.75mm Black PLA 3D Printer Filament - 1kg Spool (2.2 lbs)",,3.0,"<a_14><b_202><c_139> :: ids=[2932] :: fam=3d_filament :: Inland 1.75mm Blue PLA 3D Printer Filament - 1kg Spool (2.2 lbs)
<a_14><b_202><c_2> :: ids=[2485] :: fam=3d_filament :: Inland 1.75mm Gold PLA 3D Printer Filament - 1kg Spool (2.2 lbs)
<a_14><b_202><c_86> :: ids=[2979] :: fam=3d_filament :: Inland 1.75mm Gray PLA 3D Printer Filament - 1kg Spool (2.2 lbs)
<a_14><b_202><c_60> :: ids=[2718] :: fam=3d_filament :: Inland 1.75mm Pink PLA 3D Printer Filament - 1kg Spool (2.2 lbs)
<a_14><b_202><c_68> :: ids=[2734] :: fam=3d_filament :: Inland 1.75mm White PLA 3D Printer Filament - 1kg Spool (2.2 lbs)"
lost_vs_r680a,r680a,1085,3d_filament,3546,Inland 1.75mm Orange PLA 3D Printer Filament - 1kg Spool (2.2 lbs),<a_220><b_114><c_235>,11.0,,leaf_or_ranking_miss_after_l2_hit,0,2,"<a_220><b_114><c_145> :: ids=[2932] :: fam=3d_filament :: Inland 1.75mm Blue PLA 3D Printer Filament - 1kg Spool (2.2 lbs)
<a_220><b_114><c_156> :: ids=[2934] :: fam=3d_filament :: Inland 1.75mm Yellow PLA 3D Printer Filament - 1kg Spool (2.2 lbs)
<a_220><b_114><c_53> :: ids=[2734] :: fam=3d_filament :: Inland 1.75mm White PLA 3D Printer Filament - 1kg Spool (2.2 lbs)
<a_220><b_114><c_221> :: ids=[2485] :: fam=3d_filament :: Inland 1.75mm Gold PLA 3D Printer Filament - 1kg Spool (2.2 lbs)
<a_220><b_114><c_96> :: ids=[3114] :: fam=3d_filament :: Inland 1.75mm Purple PLA 3D Printer Filament - 1kg Spool (2.2 lbs)",,8.0,"<a_14><b_202><c_2> :: ids=[2485] :: fam=3d_filament :: Inland 1.75mm Gold PLA 3D Printer Filament - 1kg Spool (2.2 lbs)
<a_14><b_202><c_139> :: ids=[2932] :: fam=3d_filament :: Inland 1.75mm Blue PLA 3D Printer Filament - 1kg Spool (2.2 lbs)
<a_14><b_202><c_86> :: ids=[2979] :: fam=3d_filament :: Inland 1.75mm Gray PLA 3D Printer Filament - 1kg Spool (2.2 lbs)
<a_14><b_202><c_60> :: ids=[2718] :: fam=3d_filament :: Inland 1.75mm Pink PLA 3D Printer Filament - 1kg Spool (2.2 lbs)
<a_14><b_202><c_68> :: ids=[2734] :: fam=3d_filament :: Inland 1.75mm White PLA 3D Printer Filament - 1kg Spool (2.2 lbs)"
lost_vs_r680a,r680a,1092,gauge_meter,809,"Loos Cableware AN100-C4 Stainless Steel Thimble for 3/32"" and 1/8"" Diameter Wire Rope (10 Piece)",<a_32><b_136><c_122>,15.0,,leaf_or_ranking_miss_after_l2_hit,1,2,"<a_190><b_103><c_0> :: ids=[181, 182] :: fam=gauge_meter :: AcuRite 00613 Humidity Monitor with Indoor Thermometer, Digital Hygrometer and Humidity Gauge Indicator / AcuRite 00613 Humidity Monitor with Indoor Thermometer
<a_32><b_193><c_134> :: ids=[1521] :: fam=gauge_meter :: Aluminum Crimping Loop Sleeve for 1/8"" Diameter Wire Rope and Cable, (Pack of 100)
<a_190><b_185><c_201> :: ids=[159] :: fam=gauge_meter :: Etekcity Lasergrip 774 Non-contact Digital Laser Infrared Thermometer Temperature Gun -58~ 716 (-50 ~ 380), Yellow and Black
<a_190><b_173><c_203> :: ids=[338] :: fam=gauge_meter :: Etekcity Lasergrip 1080 Non-Contact Digital Laser Infrared Thermometer Temperature Gun -58~1022 (-50550), Yellow and Black
<a_130><b_122><c_221> :: ids=[414] :: fam=other :: Koch 7640040 Roller Chain Offset Link, 4-Pack, 40",,3.0,"<a_117><b_130><c_148> :: ids=[1521] :: fam=gauge_meter :: Aluminum Crimping Loop Sleeve for 1/8"" Diameter Wire Rope and Cable, (Pack of 100)
<a_96><b_131><c_0> :: ids=[181, 182] :: fam=gauge_meter :: AcuRite 00613 Humidity Monitor with Indoor Thermometer, Digital Hygrometer and Humidity Gauge Indicator / AcuRite 00613 Humidity Monitor with Indoor Thermometer
<a_117><b_133><c_109> :: ids=[809] :: fam=gauge_meter :: Loos Cableware AN100-C4 Stainless Steel Thimble for 3/32"" and 1/8"" Diameter Wire Rope (10 Piece)
<a_117><b_130><c_133> :: ids=[3301] :: fam=gauge_meter :: Aluminum Crimping Loop Sleeve for 3/16"" Diameter Wire Rope and Cable, (Pack of 25)
<a_153><b_151><c_247> :: ids=[371] :: fam=gauge_meter :: Loos Cableware SL2-3P 50 Piece Zinc Plated Copper Crimping Sleeve Set for 3/32"" Diameter Wire Rope"
lost_vs_r680a,r680a,1144,3d_filament,1851,"HATCHBOX PLA 3D Printer Filament, Dimensional Accuracy +/- 0.03 mm, 1 kg Spool, 1.75 mm, Yellow",<a_178><b_154><c_135>,,,l2_routing_miss_after_l1_hit,0,1,"<a_178><b_14><c_6> :: ids=[2909, 3494] :: fam=3d_filament :: 3D Solutech Silver Metal 3D Printer PLA Filament 1.75MM Filament, Dimensional Accuracy +/- 0.03 mm, 2.2 LBS (1.0KG) - PLA175TCMS / 3D Solutech Real Yellow 3D Pr
<a_178><b_14><c_94> :: ids=[3112] :: fam=3d_filament :: 3D Solutech Real Black 3D Printer PLA Filament 1.75MM Filament, Dimensional Accuracy +/- 0.03 mm, 2.2 LBS (1.0KG) - PLA175RBLK
<a_178><b_14><c_107> :: ids=[2161] :: fam=3d_filament :: 3D Solutech Natural Clear 1.75mm 3D Printer PLA Filament, Dimensional Accuracy +/- 0.03 mm, 2.2 LBS (1.0KG)
<a_178><b_14><c_135> :: ids=[2993] :: fam=3d_filament :: 3D Solutech Blue 3D Printer Ultra PLA Filament 1.75MM Filament, Dimensional Accuracy +/- 0.03 mm, 2.2 LBS (1.0KG)
<a_178><b_14><c_75> :: ids=[2697] :: fam=3d_filament :: 3D Solutech Real White 3D Printer PLA Filament 1.75MM Filament, Dimensional Accuracy +/- 0.03 mm, 2.2 LBS (1.0KG)",,6.0,"<a_24><b_149><c_2> :: ids=[3112] :: fam=3d_filament :: 3D Solutech Real Black 3D Printer PLA Filament 1.75MM Filament, Dimensional Accuracy +/- 0.03 mm, 2.2 LBS (1.0KG) - PLA175RBLK
<a_24><b_149><c_24> :: ids=[2909] :: fam=3d_filament :: 3D Solutech Silver Metal 3D Printer PLA Filament 1.75MM Filament, Dimensional Accuracy +/- 0.03 mm, 2.2 LBS (1.0KG) - PLA175TCMS
<a_24><b_157><c_89> :: ids=[1847] :: fam=3d_filament :: HATCHBOX PLA 3D Printer Filament, Dimensional Accuracy +/- 0.03 mm, 1 kg Spool, 1.75 mm, White
<a_24><b_78><c_138> :: ids=[50] :: fam=3d_filament :: HATCHBOX PLA 3D Printer Filament, Dimensional Accuracy +/- 0.03 mm, 1 kg Spool, 1.75 mm, Blue
<a_67><b_247><c_199> :: ids=[162] :: fam=3d_filament :: USAFilament 9800429 ABS 3D Printing Filament, 2.2 lb, 1.75 mm, White Spool"
lost_vs_r680a,r680a,1204,3d_filament,3112,"3D Solutech Real Black 3D Printer PLA Filament 1.75MM Filament, Dimensional Accuracy +/- 0.03 mm, 2.2 LBS (1.0KG) - PLA175RBLK",<a_178><b_14><c_94>,,,l2_routing_miss_after_l1_hit,0,1,"<a_178><b_166><c_183> :: ids=[2477] :: fam=3d_filament :: BAMtack! 1.75mm Black PLA 3D Printer Filament - 1kg (2.2 lbs) - Dimensional Accuracy +/- 0.03mm
<a_178><b_227><c_62> :: ids=[3401] :: fam=3d_filament :: SainSmart Wood-LightBrown-1KG1.75 3D Printer Wood Filament 1 kg (1.75 mm Light Brown)
<a_178><b_46><c_65> :: ids=[2333] :: fam=3d_filament :: eSUN 3D Printer CLEANING Filament 1.75mm Natural 0.1kg for all 1.75mm FDM 3D Printers, 1.75mm Cleaning
<a_178><b_230><c_5> :: ids=[3016] :: fam=3d_filament :: HATCHBOX 3D Printer Filament, Dimensional Accuracy +/- 0.03mm, 1.75 mm, 1 kg Spool, Wood
<a_178><b_177><c_225> :: ids=[1889] :: fam=3d_filament :: Filabot TCBL1 Taulman Clear t-glase Filament, 1.75 mm, Black",,4.0,"<a_60><b_195><c_233> :: ids=[3444] :: fam=3d_filament :: RepRap Champion Metal J-Head V6 Hot End for RepRap 3D Printer 1.75mm Filament Direct Feed Extruder 0.4mm Nozzle
<a_37><b_2><c_79> :: ids=[2544] :: fam=3d_filament :: SainSmart Clear Flexible TPU 3D Printing Filament, 1.75 mm, 0.8 kg, Dimensional Accuracy +/- 0.05 mm
<a_15><b_249><c_16> :: ids=[1123] :: fam=other :: Smooth-On XTC-3D High Performance 3D Print Coating - 24oz. Unit
<a_24><b_149><c_2> :: ids=[3112] :: fam=3d_filament :: 3D Solutech Real Black 3D Printer PLA Filament 1.75MM Filament, Dimensional Accuracy +/- 0.03 mm, 2.2 LBS (1.0KG) - PLA175RBLK
<a_67><b_69><c_144> :: ids=[2768] :: fam=3d_filament :: Printrbot Printrbot Play 1505 - White Assembled 3D Printer, White"
lost_vs_r680a,r680a,1239,other,1345,POWERTEC 17000 Workbench Caster Kit (Pack of 4),<a_90><b_5><c_229>,,,l1_routing_miss,1,2,"<a_7><b_141><c_102> :: ids=[1395] :: fam=fastener :: KREG Tools SSW Kreg Screw Selector Wheel. Woodworking
<a_197><b_173><c_161> :: ids=[84] :: fam=gauge_meter :: Neiko 01409A Electronic Digital Caliper with Extra Large LCD Screen | 0 - 12 Inches | Inch/Fractions/Millimeter Conversion
<a_8><b_24><c_150> :: ids=[825] :: fam=other :: TEKTON 7608 Telescoping Inspection Mirror
<a_151><b_127><c_112> :: ids=[793] :: fam=other :: Yost MU360 Universal Jaw Cover, 6
<a_185><b_83><c_203> :: ids=[457] :: fam=other :: CRC 03400 16oz Truetap Cutting Fluid Heavy Duty Bottle",,9.0,"<a_230><b_94><c_212> :: ids=[40] :: fam=other :: Forney 20859 Cutting Fluid, Industrial Pro Tap Magic, 1-Gallon
<a_150><b_132><c_40> :: ids=[98] :: fam=metadata_placeholder :: Industrial & Scientific"" />
<a_168><b_48><c_177> :: ids=[406] :: fam=other :: Hillman 830502 Flat Washer, Stainless-Steel
<a_230><b_82><c_50> :: ids=[457] :: fam=other :: CRC 03400 16oz Truetap Cutting Fluid Heavy Duty Bottle
<a_22><b_31><c_155> :: ids=[25] :: fam=gauge_meter :: Wixey WR300 Digital Angle Gauge"
lost_vs_r680a,r680a,1376,3d_filament,2158,"eSUN 3D 1.75mm PETG Green Filament 1kg (2.2lb), PETG 3D Printer Filament, Semi-Transparent 1.75mm Green",<a_178><b_156><c_234>,19.0,,leaf_or_ranking_miss_after_l2_hit,0,1,"<a_178><b_156><c_135> :: ids=[2893] :: fam=3d_filament :: eSUN 3D 1.75mm PETG White Filament 1kg (2.2lb), PETG 3D Printer Filament, 1.75mm Solid Opaque White
<a_178><b_156><c_58> :: ids=[2157] :: fam=3d_filament :: eSUN 3D 1.75mm PETG Blue Filament 1kg (2.2lb), PETG 3D Printer Filament, 1.75mm Semi-Transparent Blue
<a_178><b_156><c_59> :: ids=[2703] :: fam=3d_filament :: eSUN 3D 1.75mm PETG Black Filament 1kg (2.2lb), PETG 3D Printer Filament, 1.75mm Solid Opaque Black
<a_178><b_20><c_140> :: ids=[1794] :: fam=3d_filament :: Filabot 910175 Taulman 910 Alloy, 1.75"" Filament Diameter, Natural
<a_178><b_156><c_72> :: ids=[3648] :: fam=3d_filament :: eSUN 3D 1.75mm PETG Orange Filament 1kg (2.2lb), PETG 3D Printer Filament, Semi-Transparent 1.75mm Orange",,3.0,"<a_60><b_195><c_233> :: ids=[3444] :: fam=3d_filament :: RepRap Champion Metal J-Head V6 Hot End for RepRap 3D Printer 1.75mm Filament Direct Feed Extruder 0.4mm Nozzle
<a_24><b_157><c_89> :: ids=[1847] :: fam=3d_filament :: HATCHBOX PLA 3D Printer Filament, Dimensional Accuracy +/- 0.03 mm, 1 kg Spool, 1.75 mm, White
<a_24><b_250><c_151> :: ids=[2158] :: fam=3d_filament :: eSUN 3D 1.75mm PETG Green Filament 1kg (2.2lb), PETG 3D Printer Filament, Semi-Transparent 1.75mm Green
<a_24><b_250><c_175> :: ids=[2748] :: fam=3d_filament :: HATCHBOX PETG 3D Printer Filament, Dimensional Accuracy +/- 0.03 mm, 1 kg Spool, 1.75 mm, Green
<a_24><b_250><c_113> :: ids=[3016] :: fam=3d_filament :: HATCHBOX 3D Printer Filament, Dimensional Accuracy +/- 0.03mm, 1.75 mm, 1 kg Spool, Wood"
lost_vs_r680a,r680a,1378,other,415,"Miller Electric 229895 Gage, Wire Metal Sizes",<a_197><b_130><c_6>,24.0,,l1_routing_miss,1,2,"<a_92><b_200><c_192> :: ids=[341] :: fam=other :: Neiko 11108A 4.5&rdquo; x 7/8-Inch Aluminum Oxide Flap Disc, 80 Grit | Flat Type #27 | 10-Pack
<a_238><b_78><c_225> :: ids=[582] :: fam=other :: Forney 72757 Wire Cup Brush, Knotted with 5/8-Inch-11 Threaded Arbor, 2-3/4-Inch-by-.020-Inch
<a_92><b_178><c_40> :: ids=[423] :: fam=other :: Tormek TT-50 Truing and Dressing Tool
<a_189><b_209><c_30> :: ids=[75] :: fam=other :: Jumbo 51pc Drum Sanding Kit - Fits Dremel - Includes Rubber Drum Mandrels - 1/2, 3/8 & 1/4
<a_238><b_78><c_16> :: ids=[2208] :: fam=other :: Forney 72745 Wire Bench Wheel Brush, Coarse Crimped with 1/2-Inch and 5/8-Inch Arbor, 6-Inch-by-.012-Inch",,6.0,"<a_44><b_188><c_82> :: ids=[706] :: fam=other :: Shepherd Hardware 9174 2-Inch Cast Iron Swivel Plate Caster, 125-lb Load Capacity
<a_59><b_39><c_156> :: ids=[341] :: fam=other :: Neiko 11108A 4.5&rdquo; x 7/8-Inch Aluminum Oxide Flap Disc, 80 Grit | Flat Type #27 | 10-Pack
<a_150><b_225><c_48> :: ids=[54] :: fam=metadata_placeholder :: Industrial & Scientific"" />
<a_179><b_73><c_78> :: ids=[967] :: fam=other :: Forney 72755 Wire Cup Brush, Coarse Crimped with 5/8-Inch-11 Threaded Arbor, 2-3/4-Inch-by-.014-Inch
<a_0><b_39><c_148> :: ids=[265] :: fam=other :: ZJchao 10 pieces Tungsten Carbide Rotary Burr SET 1/8"" shank [Misc.]"
lost_vs_r680a,r680a,1386,other,33,Bessey BV-NVJ Multi-Purpose Vise Jaws (Jaws Only),<a_151><b_226><c_211>,12.0,,l1_routing_miss,1,2,"<a_129><b_68><c_172> :: ids=[54] :: fam=metadata_placeholder :: Industrial & Scientific"" />
<a_92><b_110><c_254> :: ids=[1042] :: fam=other :: uxcell Mandrel Mounted White Conical Felt Point Polishing Tool
<a_129><b_163><c_0> :: ids=[431, 1006] :: fam=metadata_placeholder :: Industrial & Scientific"" /> / Industrial & Scientific"" />
<a_154><b_254><c_212> :: ids=[98] :: fam=metadata_placeholder :: Industrial & Scientific"" />
<a_185><b_83><c_203> :: ids=[457] :: fam=other :: CRC 03400 16oz Truetap Cutting Fluid Heavy Duty Bottle",,4.0,"<a_150><b_132><c_40> :: ids=[98] :: fam=metadata_placeholder :: Industrial & Scientific"" />
<a_179><b_214><c_222> :: ids=[1042] :: fam=other :: uxcell Mandrel Mounted White Conical Felt Point Polishing Tool
<a_230><b_94><c_212> :: ids=[40] :: fam=other :: Forney 20859 Cutting Fluid, Industrial Pro Tap Magic, 1-Gallon
<a_122><b_14><c_20> :: ids=[33] :: fam=other :: Bessey BV-NVJ Multi-Purpose Vise Jaws (Jaws Only)
<a_179><b_73><c_78> :: ids=[967] :: fam=other :: Forney 72755 Wire Cup Brush, Coarse Crimped with 5/8-Inch-11 Threaded Arbor, 2-3/4-Inch-by-.014-Inch"
lost_vs_r680a,r680a,1513,3d_filament,1554,Inland 1.75mm Peak Green PLA 3D Printer Filament - 1kg Spool (2.2 lbs),<a_220><b_114><c_24>,25.0,,leaf_or_ranking_miss_after_l2_hit,0,3,"<a_220><b_114><c_145> :: ids=[2932] :: fam=3d_filament :: Inland 1.75mm Blue PLA 3D Printer Filament - 1kg Spool (2.2 lbs)
<a_220><b_114><c_156> :: ids=[2934] :: fam=3d_filament :: Inland 1.75mm Yellow PLA 3D Printer Filament - 1kg Spool (2.2 lbs)
<a_220><b_114><c_53> :: ids=[2734] :: fam=3d_filament :: Inland 1.75mm White PLA 3D Printer Filament - 1kg Spool (2.2 lbs)
<a_220><b_114><c_221> :: ids=[2485] :: fam=3d_filament :: Inland 1.75mm Gold PLA 3D Printer Filament - 1kg Spool (2.2 lbs)
<a_220><b_114><c_96> :: ids=[3114] :: fam=3d_filament :: Inland 1.75mm Purple PLA 3D Printer Filament - 1kg Spool (2.2 lbs)",,10.0,"<a_14><b_202><c_139> :: ids=[2932] :: fam=3d_filament :: Inland 1.75mm Blue PLA 3D Printer Filament - 1kg Spool (2.2 lbs)
<a_14><b_202><c_2> :: ids=[2485] :: fam=3d_filament :: Inland 1.75mm Gold PLA 3D Printer Filament - 1kg Spool (2.2 lbs)
<a_14><b_202><c_86> :: ids=[2979] :: fam=3d_filament :: Inland 1.75mm Gray PLA 3D Printer Filament - 1kg Spool (2.2 lbs)
<a_14><b_202><c_60> :: ids=[2718] :: fam=3d_filament :: Inland 1.75mm Pink PLA 3D Printer Filament - 1kg Spool (2.2 lbs)
<a_14><b_202><c_169> :: ids=[3114] :: fam=3d_filament :: Inland 1.75mm Purple PLA 3D Printer Filament - 1kg Spool (2.2 lbs)"
lost_vs_r680a,r680a,1532,gauge_meter,181,"AcuRite 00613 Humidity Monitor with Indoor Thermometer, Digital Hygrometer and Humidity Gauge Indicator",<a_190><b_103><c_0>,42.0,,l1_routing_miss,1,2,"<a_214><b_200><c_245> :: ids=[3240] :: fam=other :: C-Clear 44 Lens Cleaning Cleaner Solution, 1 Gallon Capacity
<a_62><b_124><c_12> :: ids=[207] :: fam=other :: iRobot Roomba 880 Robot Vacuum
<a_211><b_154><c_68> :: ids=[513] :: fam=other :: Kimberly-Clark Professional Kimtech Science KimWipes Delicate Task Wipers, 4.4 x 8.4 in. 1-ply
<a_214><b_77><c_172> :: ids=[515] :: fam=other :: Chemical Guys ACC_121.32HD Chemical Resistant Heavy Duty Bottle and Sprayer (32 oz)
<a_62><b_146><c_118> :: ids=[3145] :: fam=other :: Dirt Devil Vacuum Cleaner Pro Power Bagless Corded Upright Vacuum UD70172",,1.0,"<a_96><b_131><c_0> :: ids=[181, 182] :: fam=gauge_meter :: AcuRite 00613 Humidity Monitor with Indoor Thermometer, Digital Hygrometer and Humidity Gauge Indicator / AcuRite 00613 Humidity Monitor with Indoor Thermometer
<a_16><b_252><c_112> :: ids=[3240] :: fam=other :: C-Clear 44 Lens Cleaning Cleaner Solution, 1 Gallon Capacity
<a_100><b_143><c_223> :: ids=[1248] :: fam=other :: T-fal C51407 Excite Nonstick Thermo-Spot Dishwasher Safe Oven Safe PFOA Free Fry Pan Cookware, 12-Inch, Red
<a_230><b_194><c_20> :: ids=[3565] :: fam=other :: 3-IN-ONE  Professional Grade Pneumatic Tool Oil, 4 OZ
<a_109><b_192><c_64> :: ids=[2174] :: fam=other :: Schaeffer Manufacturing 02937590-012S Supreme Gear Lube SAE 75W-90, 1 quart"
lost_vs_r680a,r680a,1619,other,140,DuPont Teflon Silicone Lubricant,<a_168><b_85><c_176>,27.0,,l2_routing_miss_after_l1_hit,1,2,"<a_77><b_45><c_0> :: ids=[139, 774] :: fam=other :: DuPont Teflon Non-Stick / DuPont Teflon Non-Stick
<a_65><b_145><c_139> :: ids=[2237] :: fam=adhesive_epoxy :: Flex Shot Rubber Adhesive Sealant Caulk, 8-oz, Clear (2 Pack)
<a_65><b_145><c_246> :: ids=[682] :: fam=other :: Pro Flex Super Flexible Elastomeric Sealant Acrylic Clear Paintable 10 Oz
<a_78><b_165><c_1> :: ids=[202] :: fam=adhesive_epoxy :: Loctite Liquid Professional Super Glue  20-Gram Bottle (1365882)
<a_124><b_153><c_37> :: ids=[675] :: fam=adhesive_epoxy :: J-B Weld 8265S Original Cold-Weld Steel Reinforced Epoxy - 2 oz.",,1.0,"<a_178><b_206><c_193> :: ids=[140] :: fam=other :: DuPont Teflon Silicone Lubricant
<a_107><b_171><c_0> :: ids=[139, 774] :: fam=other :: DuPont Teflon Non-Stick / DuPont Teflon Non-Stick
<a_119><b_134><c_161> :: ids=[260] :: fam=other :: Dap 18120 Alex Plus Brown (18112) Raw Building Material
<a_45><b_213><c_9> :: ids=[675] :: fam=adhesive_epoxy :: J-B Weld 8265S Original Cold-Weld Steel Reinforced Epoxy - 2 oz.
<a_119><b_149><c_46> :: ids=[644] :: fam=other :: Red Devil 0406 Kitchen and Bath Siliconized Acrylic Caulk, 10.1 oz, White"
lost_vs_r680a,r680a,1794,3d_filament,50,"HATCHBOX PLA 3D Printer Filament, Dimensional Accuracy +/- 0.03 mm, 1 kg Spool, 1.75 mm, Blue",<a_178><b_165><c_53>,21.0,,l2_routing_miss_after_l1_hit,0,0,"<a_193><b_46><c_91> :: ids=[563] :: fam=3d_filament :: Foreasy 3D Printer Tool 3D Print Removal Tool Enhanced Version Set of 2
<a_108><b_5><c_155> :: ids=[894] :: fam=3d_filament :: Gizmo Dorks Kapton Tape for 3D Printers 6.25"" x 100'
<a_178><b_154><c_135> :: ids=[1851] :: fam=3d_filament :: HATCHBOX PLA 3D Printer Filament, Dimensional Accuracy +/- 0.03 mm, 1 kg Spool, 1.75 mm, Yellow
<a_108><b_178><c_51> :: ids=[3070] :: fam=tape :: MakerBot MP06077 Build Plate Tape, Replicator 5th Generation
<a_178><b_154><c_50> :: ids=[444] :: fam=3d_filament :: HATCHBOX ABS 3D Printer Filament, Dimensional Accuracy +/- 0.03 mm, 1 kg Spool, 1.75 mm, White",,5.0,"<a_118><b_78><c_16> :: ids=[1851] :: fam=3d_filament :: HATCHBOX PLA 3D Printer Filament, Dimensional Accuracy +/- 0.03 mm, 1 kg Spool, 1.75 mm, Yellow
<a_24><b_157><c_89> :: ids=[1847] :: fam=3d_filament :: HATCHBOX PLA 3D Printer Filament, Dimensional Accuracy +/- 0.03 mm, 1 kg Spool, 1.75 mm, White
<a_96><b_131><c_0> :: ids=[181, 182] :: fam=gauge_meter :: AcuRite 00613 Humidity Monitor with Indoor Thermometer, Digital Hygrometer and Humidity Gauge Indicator / AcuRite 00613 Humidity Monitor with Indoor Thermometer
<a_24><b_78><c_154> :: ids=[1573] :: fam=3d_filament :: HATCHBOX PLA 3D Printer Filament, Dimensional Accuracy +/- 0.03 mm, 1 kg Spool, 1.75 mm, Orange
<a_24><b_78><c_138> :: ids=[50] :: fam=3d_filament :: HATCHBOX PLA 3D Printer Filament, Dimensional Accuracy +/- 0.03 mm, 1 kg Spool, 1.75 mm, Blue"
lost_vs_r680a,r680a,1920,tape,826,"M-D Building Products 2311 High Density Foam Tape, 1/2-by-3/4-Inch by 10 feet, Gray",<a_31><b_235><c_133>,,,l2_routing_miss_after_l1_hit,1,1,"<a_157><b_179><c_208> :: ids=[720] :: fam=tape :: Dicor BT-1834-1 1/8"" x 3/4"" x 30' Butyl Seal Tape
<a_190><b_103><c_0> :: ids=[181, 182] :: fam=gauge_meter :: AcuRite 00613 Humidity Monitor with Indoor Thermometer, Digital Hygrometer and Humidity Gauge Indicator / AcuRite 00613 Humidity Monitor with Indoor Thermometer
<a_181><b_139><c_99> :: ids=[152] :: fam=connector_fitting :: Camco 4ft TastePURE Drinking Water Hose - Lead and BPA Free, Reinforced for Maximum Kink Resistance,  1/2""Inner Diameter (22763)
<a_31><b_208><c_41> :: ids=[125] :: fam=tape :: Gorilla 6100101 Tape Handy Roll, 1-Pack, Black
<a_138><b_9><c_137> :: ids=[395] :: fam=other :: Arctic Silver 5 AS5-3.5G Thermal Paste",,9.0,"<a_151><b_113><c_124> :: ids=[720] :: fam=tape :: Dicor BT-1834-1 1/8"" x 3/4"" x 30' Butyl Seal Tape
<a_96><b_131><c_0> :: ids=[181, 182] :: fam=gauge_meter :: AcuRite 00613 Humidity Monitor with Indoor Thermometer, Digital Hygrometer and Humidity Gauge Indicator / AcuRite 00613 Humidity Monitor with Indoor Thermometer
<a_245><b_174><c_121> :: ids=[395] :: fam=other :: Arctic Silver 5 AS5-3.5G Thermal Paste
<a_206><b_57><c_179> :: ids=[130] :: fam=tape :: Gorilla Tape, Black Duct Tape, 1.88"" x 35 yd, Black, (Pack of 1)
<a_236><b_183><c_157> :: ids=[280] :: fam=ventilation_fan :: WD-40 Multi-Use Product with SMART STRAW&nbsp;SPRAYS 2 WAYS 8 OZ"
lost_vs_r680a,r680a,1960,other,304,"Carlisle 3621962414 Sweep Complete Aluminum Handle Floor Sweep with Squeegee, Plastic Bristles, 24"" Length, 3"" Bristle Trim, Blue",<a_89><b_235><c_117>,,,l1_routing_miss,1,2,"<a_65><b_45><c_246> :: ids=[624] :: fam=other :: Red Devil 0637 12 Pack 10.1 oz. Blacktop Acrylic Repair Sealant, Black
<a_65><b_6><c_195> :: ids=[45] :: fam=adhesive_epoxy :: Permatex 80050 Clear RTV Silicone Adhesive Sealant, 3 oz
<a_65><b_117><c_247> :: ids=[367] :: fam=adhesive_epoxy :: J-B Weld 31314 Red High Temperature RTV Silicone Gasket Maker and Sealant - 3 oz.
<a_65><b_60><c_28> :: ids=[609] :: fam=other :: Dap 7079812343 Drydex 5.5 Oz 6Pk Raw Building Material, 5.5-Ounce, Pink/White
<a_65><b_150><c_198> :: ids=[1502] :: fam=other :: Dap 18275 DYNAFLEX 230, White 100% Waterproof Window, Door & Trim Sealant, 10.1 oz",,9.0,"<a_247><b_192><c_0> :: ids=[1133] :: fam=other :: AMMEX - ABNPF46100-BX - Medical Nitrile Gloves - Disposable, Powder Free, Exam Grade, 4 mil, Large, Black (Box of 100)
<a_247><b_192><c_102> :: ids=[303] :: fam=other :: AMMEX - AINPF46100 - Medical Nitrile Gloves - Disposable, Powder Free, Exam Grade, 3 mil, Large, Indigo (Case of 1000)
<a_247><b_192><c_234> :: ids=[641] :: fam=other :: AMMEX - ABNPF46100 - Medical Nitrile Gloves - Disposable, Powder Free, Exam Grade, 4 mil, Large, Black (Case of 1000)
<a_247><b_192><c_9> :: ids=[625] :: fam=other :: AMMEX - ABNPF48100-BX - Medical Nitrile Gloves - Disposable, Powder Free, Exam Grade, 4 mil, XLarge, Black (Box of 100)
<a_107><b_135><c_170> :: ids=[626] :: fam=tape :: XFasten Double Sided Tape Carpet Tape, Removable, 2 Inches x 20 Yards"
lost_vs_r680a,r680a,2114,other,2605,Acid Blend - 1 lb.,<a_202><b_253><c_54>,,,l1_routing_miss,1,1,"<a_31><b_50><c_138> :: ids=[116] :: fam=tape :: Rescue Tape RT1000201202USCO
<a_190><b_64><c_29> :: ids=[819] :: fam=3d_filament :: Inkbird ITC-1000 Dual Stage Digital Temperature Controller Fahrenheit  Celsius Thermostat with Sensor for 3D Printer,Freezer,Fridge,Hatching ect (12 Volt)
<a_31><b_179><c_201> :: ids=[467] :: fam=tape :: 3M Utility Duct Tape 2929 Silver, 1.88 in x 50 yd 5.8 mils (Pack of 1)
<a_190><b_103><c_0> :: ids=[181, 182] :: fam=gauge_meter :: AcuRite 00613 Humidity Monitor with Indoor Thermometer, Digital Hygrometer and Humidity Gauge Indicator / AcuRite 00613 Humidity Monitor with Indoor Thermometer
<a_31><b_208><c_41> :: ids=[125] :: fam=tape :: Gorilla 6100101 Tape Handy Roll, 1-Pack, Black",,8.0,"<a_172><b_190><c_246> :: ids=[24] :: fam=other :: Wine Yeast Red Star Premier Classique Formerly Montrachet For Wine Making x10
<a_172><b_190><c_101> :: ids=[1896] :: fam=other :: Red Star Cote des Blancs Wine Yeast, 5 Gram - 10-Pack
<a_112><b_142><c_164> :: ids=[3129] :: fam=gauge_meter :: Hydrometer (Triplescale)
<a_112><b_14><c_10> :: ids=[96] :: fam=gauge_meter :: 1 X Hydrometer - Triple Scale
<a_172><b_190><c_121> :: ids=[1714] :: fam=other :: Red Star Premier Cuvee Wine Yeast, 5g - 10-Pack"
lost_vs_r680a,r680a,2204,3d_filament,3112,"3D Solutech Real Black 3D Printer PLA Filament 1.75MM Filament, Dimensional Accuracy +/- 0.03 mm, 2.2 LBS (1.0KG) - PLA175RBLK",<a_178><b_14><c_94>,14.0,,leaf_or_ranking_miss_after_l2_hit,1,2,"<a_178><b_14><c_6> :: ids=[2909, 3494] :: fam=3d_filament :: 3D Solutech Silver Metal 3D Printer PLA Filament 1.75MM Filament, Dimensional Accuracy +/- 0.03 mm, 2.2 LBS (1.0KG) - PLA175TCMS / 3D Solutech Real Yellow 3D Pr
<a_178><b_165><c_148> :: ids=[2507] :: fam=3d_filament :: HATCHBOX PLA 3D Printer Filament, Dimensional Accuracy +/- 0.03 mm, 1 kg Spool, 1.75 mm, Silver
<a_178><b_14><c_107> :: ids=[2161] :: fam=3d_filament :: 3D Solutech Natural Clear 1.75mm 3D Printer PLA Filament, Dimensional Accuracy +/- 0.03 mm, 2.2 LBS (1.0KG)
<a_178><b_150><c_117> :: ids=[2544] :: fam=3d_filament :: SainSmart Clear Flexible TPU 3D Printing Filament, 1.75 mm, 0.8 kg, Dimensional Accuracy +/- 0.05 mm
<a_178><b_143><c_111> :: ids=[3558] :: fam=3d_filament :: Professional Black 1.75mm PLA 3D Printer Filament, 1kg (2.2lb) Filament Weight, 0.05mm Tolerance, by ProMolt 3D",,1.0,"<a_24><b_149><c_2> :: ids=[3112] :: fam=3d_filament :: 3D Solutech Real Black 3D Printer PLA Filament 1.75MM Filament, Dimensional Accuracy +/- 0.03 mm, 2.2 LBS (1.0KG) - PLA175RBLK
<a_24><b_57><c_57> :: ids=[3557] :: fam=3d_filament :: 3D Solutech Chocolate Brown 3D Printer PLA Filament 1.75MM Filament 2.2 LBS (1.0KG)
<a_24><b_149><c_24> :: ids=[2909] :: fam=3d_filament :: 3D Solutech Silver Metal 3D Printer PLA Filament 1.75MM Filament, Dimensional Accuracy +/- 0.03 mm, 2.2 LBS (1.0KG) - PLA175TCMS
<a_67><b_247><c_199> :: ids=[162] :: fam=3d_filament :: USAFilament 9800429 ABS 3D Printing Filament, 2.2 lb, 1.75 mm, White Spool
<a_24><b_57><c_89> :: ids=[3466] :: fam=3d_filament :: 3D Solutech Real Red 3D Printer PLA Filament 1.75MM, Dimensional Accuracy +/- 0.03 mm, 2.2 LBS (1.0KG) - RA-I00I-DQUY"
lost_vs_r680a,r680a,2335,other,699,"POWERTEC 15501 1/2"" Arbor 60-Grit Silicon Carbide Grinding Wheel, 6"" by 3/4",<a_238><b_17><c_105>,,,l2_routing_miss_after_l1_hit,1,1,"<a_190><b_103><c_0> :: ids=[181, 182] :: fam=gauge_meter :: AcuRite 00613 Humidity Monitor with Indoor Thermometer, Digital Hygrometer and Humidity Gauge Indicator / AcuRite 00613 Humidity Monitor with Indoor Thermometer
<a_190><b_185><c_201> :: ids=[159] :: fam=gauge_meter :: Etekcity Lasergrip 774 Non-contact Digital Laser Infrared Thermometer Temperature Gun -58~ 716 (-50 ~ 380), Yellow and Black
<a_190><b_173><c_203> :: ids=[338] :: fam=gauge_meter :: Etekcity Lasergrip 1080 Non-Contact Digital Laser Infrared Thermometer Temperature Gun -58~1022 (-50550), Yellow and Black
<a_190><b_64><c_29> :: ids=[819] :: fam=3d_filament :: Inkbird ITC-1000 Dual Stage Digital Temperature Controller Fahrenheit  Celsius Thermostat with Sensor for 3D Printer,Freezer,Fridge,Hatching ect (12 Volt)
<a_190><b_173><c_201> :: ids=[1853] :: fam=gauge_meter :: Fluke 62 MAX Infrared Thermometer, AA Battery, -20 to +932 Degree F Range with a NIST-Traceable Calibration Certificate with Data",,3.0,"<a_96><b_131><c_0> :: ids=[181, 182] :: fam=gauge_meter :: AcuRite 00613 Humidity Monitor with Indoor Thermometer, Digital Hygrometer and Humidity Gauge Indicator / AcuRite 00613 Humidity Monitor with Indoor Thermometer
<a_150><b_225><c_48> :: ids=[54] :: fam=metadata_placeholder :: Industrial & Scientific"" />
<a_59><b_17><c_28> :: ids=[699] :: fam=other :: POWERTEC 15501 1/2"" Arbor 60-Grit Silicon Carbide Grinding Wheel, 6"" by 3/4
<a_59><b_39><c_156> :: ids=[341] :: fam=other :: Neiko 11108A 4.5&rdquo; x 7/8-Inch Aluminum Oxide Flap Disc, 80 Grit | Flat Type #27 | 10-Pack
<a_12><b_12><c_27> :: ids=[103] :: fam=other :: Osborn International 75116SP Steel File Card, 3-3/4"" Brush Area Length"
lost_vs_r680a,r680a,2497,3d_filament,3475,"3D Solutech Real Orange 3D Printer PLA Filament 1.75MM Filament, Dimensional Accuracy +/- 0.03 mm, 2.2 LBS (1.0KG)",<a_178><b_14><c_7>,21.0,,leaf_or_ranking_miss_after_l2_hit,1,3,"<a_178><b_14><c_6> :: ids=[2909, 3494] :: fam=3d_filament :: 3D Solutech Silver Metal 3D Printer PLA Filament 1.75MM Filament, Dimensional Accuracy +/- 0.03 mm, 2.2 LBS (1.0KG) - PLA175TCMS / 3D Solutech Real Yellow 3D Pr
<a_178><b_46><c_65> :: ids=[2333] :: fam=3d_filament :: eSUN 3D Printer CLEANING Filament 1.75mm Natural 0.1kg for all 1.75mm FDM 3D Printers, 1.75mm Cleaning
<a_178><b_166><c_183> :: ids=[2477] :: fam=3d_filament :: BAMtack! 1.75mm Black PLA 3D Printer Filament - 1kg (2.2 lbs) - Dimensional Accuracy +/- 0.03mm
<a_178><b_14><c_94> :: ids=[3112] :: fam=3d_filament :: 3D Solutech Real Black 3D Printer PLA Filament 1.75MM Filament, Dimensional Accuracy +/- 0.03 mm, 2.2 LBS (1.0KG) - PLA175RBLK
<a_178><b_20><c_140> :: ids=[1794] :: fam=3d_filament :: Filabot 910175 Taulman 910 Alloy, 1.75"" Filament Diameter, Natural",,9.0,"<a_24><b_149><c_2> :: ids=[3112] :: fam=3d_filament :: 3D Solutech Real Black 3D Printer PLA Filament 1.75MM Filament, Dimensional Accuracy +/- 0.03 mm, 2.2 LBS (1.0KG) - PLA175RBLK
<a_24><b_149><c_24> :: ids=[2909] :: fam=3d_filament :: 3D Solutech Silver Metal 3D Printer PLA Filament 1.75MM Filament, Dimensional Accuracy +/- 0.03 mm, 2.2 LBS (1.0KG) - PLA175TCMS
<a_24><b_57><c_193> :: ids=[3547] :: fam=3d_filament :: 3D Solutech See Through Blue 1.75mm PETG 3D Printer Filament 2.2 LBS (1.0KG)
<a_67><b_247><c_199> :: ids=[162] :: fam=3d_filament :: USAFilament 9800429 ABS 3D Printing Filament, 2.2 lb, 1.75 mm, White Spool
<a_118><b_236><c_218> :: ids=[3558] :: fam=3d_filament :: Professional Black 1.75mm PLA 3D Printer Filament, 1kg (2.2lb) Filament Weight, 0.05mm Tolerance, by ProMolt 3D"
lost_vs_r680a,r680a,2687,tape,2871,"3M 468MP Adhesive Transfer Tape, 4"" width x 5yd length (1 roll)",<a_31><b_34><c_13>,12.0,,l1_routing_miss,1,2,"<a_109><b_17><c_3> :: ids=[1205] :: fam=other :: PEI (Polyetherimide) Sheet, Opaque Off-White, Standard Tolerance, ASTM D5205 PEI0113, 0.03"" Thickness, 12"" Width, 24"" Length
<a_212><b_17><c_91> :: ids=[2926] :: fam=3d_filament :: HICTOP 5 Pieces 3D Printer Extruder Hotend 1.75mm Nozzle Throat for Reprap Prusa I3
<a_178><b_165><c_148> :: ids=[2507] :: fam=3d_filament :: HATCHBOX PLA 3D Printer Filament, Dimensional Accuracy +/- 0.03 mm, 1 kg Spool, 1.75 mm, Silver
<a_109><b_17><c_59> :: ids=[108] :: fam=other :: Polycarbonate (PC) Sheet, Transparent Clear, Standard Tolerance, ASTM D3935, 0.08"" Thickness, 12"" Width, 24"" Length
<a_178><b_252><c_162> :: ids=[1847] :: fam=3d_filament :: HATCHBOX PLA 3D Printer Filament, Dimensional Accuracy +/- 0.03 mm, 1 kg Spool, 1.75 mm, White",,3.0,"<a_107><b_3><c_159> :: ids=[1205] :: fam=other :: PEI (Polyetherimide) Sheet, Opaque Off-White, Standard Tolerance, ASTM D5205 PEI0113, 0.03"" Thickness, 12"" Width, 24"" Length
<a_118><b_78><c_16> :: ids=[1851] :: fam=3d_filament :: HATCHBOX PLA 3D Printer Filament, Dimensional Accuracy +/- 0.03 mm, 1 kg Spool, 1.75 mm, Yellow
<a_190><b_227><c_124> :: ids=[2871] :: fam=tape :: 3M 468MP Adhesive Transfer Tape, 4"" width x 5yd length (1 roll)
<a_37><b_2><c_79> :: ids=[2544] :: fam=3d_filament :: SainSmart Clear Flexible TPU 3D Printing Filament, 1.75 mm, 0.8 kg, Dimensional Accuracy +/- 0.05 mm
<a_15><b_88><c_181> :: ids=[2477] :: fam=3d_filament :: BAMtack! 1.75mm Black PLA 3D Printer Filament - 1kg (2.2 lbs) - Dimensional Accuracy +/- 0.03mm"
lost_vs_r680a,r680a,2714,3d_filament,2152,"HATCHBOX PLA 3D Printer Filament, Dimensional Accuracy +/- 0.03 mm, 1 kg Spool, 1.75 mm, Gold",<a_178><b_165><c_9>,14.0,,leaf_or_ranking_miss_after_l2_hit,1,2,"<a_178><b_165><c_148> :: ids=[2507] :: fam=3d_filament :: HATCHBOX PLA 3D Printer Filament, Dimensional Accuracy +/- 0.03 mm, 1 kg Spool, 1.75 mm, Silver
<a_178><b_150><c_117> :: ids=[2544] :: fam=3d_filament :: SainSmart Clear Flexible TPU 3D Printing Filament, 1.75 mm, 0.8 kg, Dimensional Accuracy +/- 0.05 mm
<a_193><b_46><c_91> :: ids=[563] :: fam=3d_filament :: Foreasy 3D Printer Tool 3D Print Removal Tool Enhanced Version Set of 2
<a_212><b_17><c_91> :: ids=[2926] :: fam=3d_filament :: HICTOP 5 Pieces 3D Printer Extruder Hotend 1.75mm Nozzle Throat for Reprap Prusa I3
<a_178><b_166><c_183> :: ids=[2477] :: fam=3d_filament :: BAMtack! 1.75mm Black PLA 3D Printer Filament - 1kg (2.2 lbs) - Dimensional Accuracy +/- 0.03mm",,10.0,"<a_37><b_2><c_79> :: ids=[2544] :: fam=3d_filament :: SainSmart Clear Flexible TPU 3D Printing Filament, 1.75 mm, 0.8 kg, Dimensional Accuracy +/- 0.05 mm
<a_60><b_195><c_233> :: ids=[3444] :: fam=3d_filament :: RepRap Champion Metal J-Head V6 Hot End for RepRap 3D Printer 1.75mm Filament Direct Feed Extruder 0.4mm Nozzle
<a_118><b_78><c_16> :: ids=[1851] :: fam=3d_filament :: HATCHBOX PLA 3D Printer Filament, Dimensional Accuracy +/- 0.03 mm, 1 kg Spool, 1.75 mm, Yellow
<a_67><b_198><c_180> :: ids=[2926] :: fam=3d_filament :: HICTOP 5 Pieces 3D Printer Extruder Hotend 1.75mm Nozzle Throat for Reprap Prusa I3
<a_24><b_157><c_89> :: ids=[1847] :: fam=3d_filament :: HATCHBOX PLA 3D Printer Filament, Dimensional Accuracy +/- 0.03 mm, 1 kg Spool, 1.75 mm, White"
lost_vs_r680a,r680a,2722,other,140,DuPont Teflon Silicone Lubricant,<a_168><b_85><c_176>,17.0,,l2_routing_miss_after_l1_hit,1,2,"<a_190><b_103><c_0> :: ids=[181, 182] :: fam=gauge_meter :: AcuRite 00613 Humidity Monitor with Indoor Thermometer, Digital Hygrometer and Humidity Gauge Indicator / AcuRite 00613 Humidity Monitor with Indoor Thermometer
<a_77><b_45><c_0> :: ids=[139, 774] :: fam=other :: DuPont Teflon Non-Stick / DuPont Teflon Non-Stick
<a_190><b_185><c_201> :: ids=[159] :: fam=gauge_meter :: Etekcity Lasergrip 774 Non-contact Digital Laser Infrared Thermometer Temperature Gun -58~ 716 (-50 ~ 380), Yellow and Black
<a_190><b_64><c_29> :: ids=[819] :: fam=3d_filament :: Inkbird ITC-1000 Dual Stage Digital Temperature Controller Fahrenheit  Celsius Thermostat with Sensor for 3D Printer,Freezer,Fridge,Hatching ect (12 Volt)
<a_35><b_170><c_107> :: ids=[218] :: fam=ventilation_fan :: Phresh Duct Silencer 8 in x 24 in",,1.0,"<a_178><b_206><c_193> :: ids=[140] :: fam=other :: DuPont Teflon Silicone Lubricant
<a_96><b_131><c_0> :: ids=[181, 182] :: fam=gauge_meter :: AcuRite 00613 Humidity Monitor with Indoor Thermometer, Digital Hygrometer and Humidity Gauge Indicator / AcuRite 00613 Humidity Monitor with Indoor Thermometer
<a_107><b_171><c_0> :: ids=[139, 774] :: fam=other :: DuPont Teflon Non-Stick / DuPont Teflon Non-Stick
<a_54><b_171><c_118> :: ids=[739] :: fam=3d_filament :: Tensive Parker Labs Conductive Adhesive Gel, 50 Gram
<a_42><b_183><c_253> :: ids=[2291] :: fam=other :: United Scientific Supplies BPB002-pk/3 Eye Dropper (Pack of 3)"
lost_vs_r680a,r680a,2771,other,1419,Eagle Brewing BE510 Siphon Spray Wort Aerator,<a_102><b_58><c_241>,,,l1_routing_miss,1,1,"<a_0><b_41><c_40> :: ids=[93] :: fam=other :: White SiliconeTubing, 1/2""ID, 3/4""OD, 1/8""Wall, 25' Length
<a_190><b_64><c_29> :: ids=[819] :: fam=3d_filament :: Inkbird ITC-1000 Dual Stage Digital Temperature Controller Fahrenheit  Celsius Thermostat with Sensor for 3D Printer,Freezer,Fridge,Hatching ect (12 Volt)
<a_209><b_196><c_135> :: ids=[42] :: fam=connector_fitting :: Precision Brand M6S Micro Seal, Miniature All Stainless Worm Gear Hose Clamp, 5/16"" - 7/8"" (Pack of 10)
<a_190><b_103><c_0> :: ids=[181, 182] :: fam=gauge_meter :: AcuRite 00613 Humidity Monitor with Indoor Thermometer, Digital Hygrometer and Humidity Gauge Indicator / AcuRite 00613 Humidity Monitor with Indoor Thermometer
<a_231><b_198><c_94> :: ids=[800] :: fam=connector_fitting :: Anderson Metals 57001-0402 Brass Hose Fitting, Adapter, 1/4"" Barb x 1/8"" NPT Male Pipe",,4.0,"<a_181><b_33><c_0> :: ids=[94] :: fam=other :: White SiliconeTubing, 3/16""ID, 1/4""OD, 1/32"" Wall, 10' Length
<a_20><b_117><c_169> :: ids=[819] :: fam=3d_filament :: Inkbird ITC-1000 Dual Stage Digital Temperature Controller Fahrenheit  Celsius Thermostat with Sensor for 3D Printer,Freezer,Fridge,Hatching ect (12 Volt)
<a_112><b_14><c_10> :: ids=[96] :: fam=gauge_meter :: 1 X Hydrometer - Triple Scale
<a_172><b_13><c_80> :: ids=[1419] :: fam=other :: Eagle Brewing BE510 Siphon Spray Wort Aerator
<a_20><b_65><c_76> :: ids=[2971] :: fam=ventilation_fan :: Taylor Precision Products Digital Panel Mount Thermometer (-40- to 300-Degrees Fahrenheit, -40- to 150-Degrees Celsius)"
lost_vs_r680a,r680a,2903,connector_fitting,979,"Anderson Metals Brass Threaded Pipe Fitting, Hex Bushing, 3/4"" Male x 1/2"" Female",<a_166><b_147><c_16>,,,l1_routing_miss,1,2,"<a_231><b_198><c_251> :: ids=[226] :: fam=connector_fitting :: Anderson Metals Brass Hose Fitting, Connector, 3/4"" Barb x 3/4"" Male Pipe
<a_0><b_198><c_22> :: ids=[99] :: fam=other :: Stainless Steel 304L Welded Round Tubing, 2"" OD, 1.93"" ID, 0.035"" Wall, 36"" Length
<a_209><b_196><c_135> :: ids=[42] :: fam=connector_fitting :: Precision Brand M6S Micro Seal, Miniature All Stainless Worm Gear Hose Clamp, 5/16"" - 7/8"" (Pack of 10)
<a_0><b_198><c_13> :: ids=[1200] :: fam=other :: Stainless Steel 304 Welded Round Tubing, 3/4"" OD, 0.652"" ID, 0.049"" Wall, 72"" Length
<a_0><b_170><c_71> :: ids=[2041] :: fam=other :: Polycarbonate Tubing, 1/2"" ID x 5/8"" OD x 1/16"" Wall, Clear Color 24"" L",,3.0,"<a_17><b_213><c_187> :: ids=[226] :: fam=connector_fitting :: Anderson Metals Brass Hose Fitting, Connector, 3/4"" Barb x 3/4"" Male Pipe
<a_17><b_147><c_252> :: ids=[225] :: fam=connector_fitting :: Anderson Metals Brass Hose Fitting, Connector, 5/16"" Barb x 3/8"" Male Pipe
<a_17><b_102><c_108> :: ids=[979] :: fam=connector_fitting :: Anderson Metals Brass Threaded Pipe Fitting, Hex Bushing, 3/4"" Male x 1/2"" Female
<a_17><b_68><c_207> :: ids=[2693] :: fam=connector_fitting :: Anderson Metals Brass Hose Fitting, Tee, 5/16"" x 5/16"" x 5/16"" Barb
<a_17><b_189><c_217> :: ids=[1285] :: fam=connector_fitting :: Anderson Metals Brass Pipe Fitting, Coupling, 1/2"" x 1/2"" Female Pipe"
lost_vs_r680a,r680a,2951,connector_fitting,1744,270 PCS Heat Shrink Wire Connector Kit Electrical Insulated Crimp Marine Automotive Terminals Set,<a_109><b_41><c_180>,,,l2_routing_miss_after_l1_hit,1,1,"<a_32><b_246><c_233> :: ids=[1065] :: fam=other :: JawayTool Rubber Grommets Kit & Plug Wire Ring Assortment Set Electrical Gasket Tools - 180 - Pieces
<a_31><b_179><c_201> :: ids=[467] :: fam=tape :: 3M Utility Duct Tape 2929 Silver, 1.88 in x 50 yd 5.8 mils (Pack of 1)
<a_40><b_28><c_143> :: ids=[765] :: fam=connector_fitting :: WAGO 222-413 LEVER-NUTS 3 Conductor Compact Connectors
<a_109><b_114><c_205> :: ids=[2396] :: fam=other :: SOLOOP 381 Pcs Heat Shrink Tubing, 2:1 Shrink Ratio Assortment Wire Wrap Electrical Cable Tubing Sleeving (Black)
<a_190><b_103><c_0> :: ids=[181, 182] :: fam=gauge_meter :: AcuRite 00613 Humidity Monitor with Indoor Thermometer, Digital Hygrometer and Humidity Gauge Indicator / AcuRite 00613 Humidity Monitor with Indoor Thermometer",,10.0,"<a_126><b_95><c_20> :: ids=[2396] :: fam=other :: SOLOOP 381 Pcs Heat Shrink Tubing, 2:1 Shrink Ratio Assortment Wire Wrap Electrical Cable Tubing Sleeving (Black)
<a_205><b_103><c_108> :: ids=[23] :: fam=tape :: Gardner Bender 07315001126 LTB-400 Liquid Electrical Tape, Easy-on, Waterproof, Indoor/Outdoor Use, 4 Oz. Jar, Black, Bottle
<a_99><b_231><c_44> :: ids=[399] :: fam=other :: Anytime Tools 48 pc HEAT SHRINK TUBING WRAP SLEEVES ASSORTED SIZES
<a_145><b_95><c_191> :: ids=[392] :: fam=other :: SummitLink Pack of 328 Pcs Assorted Heat Shrink Tube 5 Colors 8 Sizes Tubing Wrap Sleeve Set Combo
<a_145><b_95><c_102> :: ids=[547] :: fam=other :: SummitLink 410 Pcs Assorted Heat Shrink Tubing Wrap Sleeve Set Combo Tube 5 Colors 10 Sizes"
lost_vs_r680a,r680a,3159,3d_filament,1850,"HATCHBOX PLA 3D Printer Filament, Dimensional Accuracy +/- 0.03 mm, 1 kg Spool, 1.75 mm, Red",<a_178><b_165><c_49>,12.0,,leaf_or_ranking_miss_after_l2_hit,0,0,"<a_178><b_252><c_162> :: ids=[1847] :: fam=3d_filament :: HATCHBOX PLA 3D Printer Filament, Dimensional Accuracy +/- 0.03 mm, 1 kg Spool, 1.75 mm, White
<a_178><b_154><c_135> :: ids=[1851] :: fam=3d_filament :: HATCHBOX PLA 3D Printer Filament, Dimensional Accuracy +/- 0.03 mm, 1 kg Spool, 1.75 mm, Yellow
<a_178><b_165><c_148> :: ids=[2507] :: fam=3d_filament :: HATCHBOX PLA 3D Printer Filament, Dimensional Accuracy +/- 0.03 mm, 1 kg Spool, 1.75 mm, Silver
<a_178><b_154><c_141> :: ids=[2472] :: fam=3d_filament :: HATCHBOX ABS 3D Printer Filament, Dimensional Accuracy +/- 0.03 mm, 1 kg Spool, 1.75 mm, Black
<a_178><b_165><c_53> :: ids=[50] :: fam=3d_filament :: HATCHBOX PLA 3D Printer Filament, Dimensional Accuracy +/- 0.03 mm, 1 kg Spool, 1.75 mm, Blue",,7.0,"<a_24><b_157><c_89> :: ids=[1847] :: fam=3d_filament :: HATCHBOX PLA 3D Printer Filament, Dimensional Accuracy +/- 0.03 mm, 1 kg Spool, 1.75 mm, White
<a_118><b_78><c_16> :: ids=[1851] :: fam=3d_filament :: HATCHBOX PLA 3D Printer Filament, Dimensional Accuracy +/- 0.03 mm, 1 kg Spool, 1.75 mm, Yellow
<a_24><b_78><c_138> :: ids=[50] :: fam=3d_filament :: HATCHBOX PLA 3D Printer Filament, Dimensional Accuracy +/- 0.03 mm, 1 kg Spool, 1.75 mm, Blue
<a_24><b_157><c_108> :: ids=[1849] :: fam=3d_filament :: HATCHBOX PLA 3D Printer Filament, Dimensional Accuracy +/- 0.03 mm, 1 kg Spool, 1.75 mm, Purple
<a_24><b_78><c_74> :: ids=[2507] :: fam=3d_filament :: HATCHBOX PLA 3D Printer Filament, Dimensional Accuracy +/- 0.03 mm, 1 kg Spool, 1.75 mm, Silver"
lost_vs_r680a,r680a,3218,3d_filament,1850,"HATCHBOX PLA 3D Printer Filament, Dimensional Accuracy +/- 0.03 mm, 1 kg Spool, 1.75 mm, Red",<a_178><b_165><c_49>,30.0,,leaf_or_ranking_miss_after_l2_hit,1,3,"<a_178><b_150><c_117> :: ids=[2544] :: fam=3d_filament :: SainSmart Clear Flexible TPU 3D Printing Filament, 1.75 mm, 0.8 kg, Dimensional Accuracy +/- 0.05 mm
<a_178><b_150><c_186> :: ids=[2714] :: fam=3d_filament :: NinjaFlex TPU 3D Printing Filament - 1.75mm .50kg - SAPPHIRE
<a_178><b_154><c_141> :: ids=[2472] :: fam=3d_filament :: HATCHBOX ABS 3D Printer Filament, Dimensional Accuracy +/- 0.03 mm, 1 kg Spool, 1.75 mm, Black
<a_178><b_154><c_50> :: ids=[444] :: fam=3d_filament :: HATCHBOX ABS 3D Printer Filament, Dimensional Accuracy +/- 0.03 mm, 1 kg Spool, 1.75 mm, White
<a_178><b_154><c_24> :: ids=[2582] :: fam=3d_filament :: HATCHBOX ABS 3D Printer Filament, Dimensional Accuracy +/- 0.03 mm, 1 kg Spool, 1.75 mm, Orange",,9.0,"<a_37><b_2><c_79> :: ids=[2544] :: fam=3d_filament :: SainSmart Clear Flexible TPU 3D Printing Filament, 1.75 mm, 0.8 kg, Dimensional Accuracy +/- 0.05 mm
<a_118><b_78><c_16> :: ids=[1851] :: fam=3d_filament :: HATCHBOX PLA 3D Printer Filament, Dimensional Accuracy +/- 0.03 mm, 1 kg Spool, 1.75 mm, Yellow
<a_24><b_157><c_89> :: ids=[1847] :: fam=3d_filament :: HATCHBOX PLA 3D Printer Filament, Dimensional Accuracy +/- 0.03 mm, 1 kg Spool, 1.75 mm, White
<a_24><b_78><c_138> :: ids=[50] :: fam=3d_filament :: HATCHBOX PLA 3D Printer Filament, Dimensional Accuracy +/- 0.03 mm, 1 kg Spool, 1.75 mm, Blue
<a_24><b_78><c_74> :: ids=[2507] :: fam=3d_filament :: HATCHBOX PLA 3D Printer Filament, Dimensional Accuracy +/- 0.03 mm, 1 kg Spool, 1.75 mm, Silver"
lost_vs_r680a,r680a,3223,ventilation_fan,3041,"Adult & Infant CPR Mask Combo Kit with 2 Valves, MCR Medical",<a_67><b_199><c_13>,20.0,,l2_routing_miss_after_l1_hit,1,4,"<a_144><b_91><c_251> :: ids=[2793] :: fam=other :: First Aid Only Splinter Out, 10 Per Box
<a_17><b_113><c_50> :: ids=[2404] :: fam=other :: Pac-Kit by First Aid Only 90358 Pour Woundseal Blood Clotting Powder Pack (Box of 2)
<a_77><b_165><c_34> :: ids=[2588] :: fam=other :: Pac-Kit by First Aid Only 4-007 Non-Woven Triangular Bandage with 2 Fastening Hooks, 56"" Length x 40"" Width
<a_138><b_29><c_56> :: ids=[2785] :: fam=other :: Pac-Kit by First Aid Only 13-125 First Aid/Burn Cream, 0.9 gm Packet (Box of 25)
<a_102><b_172><c_248> :: ids=[2827] :: fam=gauge_meter :: Pac-Kit by First Aid Only 21-770 Disposable Thermometer (Box of 10)",,7.0,"<a_2><b_196><c_88> :: ids=[2793] :: fam=other :: First Aid Only Splinter Out, 10 Per Box
<a_111><b_229><c_90> :: ids=[2404] :: fam=other :: Pac-Kit by First Aid Only 90358 Pour Woundseal Blood Clotting Powder Pack (Box of 2)
<a_111><b_203><c_0> :: ids=[787] :: fam=other :: Covidien 6818 Webcol Alcohol Prep, Sterile, Medium, 2-Ply (Pack of 200)
<a_111><b_227><c_38> :: ids=[2785] :: fam=other :: Pac-Kit by First Aid Only 13-125 First Aid/Burn Cream, 0.9 gm Packet (Box of 25)
<a_111><b_84><c_49> :: ids=[2427] :: fam=other :: Pac-Kit by First Aid Only 12-080 BZK First Aid Antiseptic Towelette (Box of 25)"
lost_vs_r680a,r680a,3249,tape,23,"Gardner Bender 07315001126 LTB-400 Liquid Electrical Tape, Easy-on, Waterproof, Indoor/Outdoor Use, 4 Oz. Jar, Black, Bottle",<a_31><b_28><c_57>,,,l1_routing_miss,1,1,"<a_209><b_186><c_101> :: ids=[434] :: fam=connector_fitting :: Cambridge Hose Clamps SAE Size 16, 10 Pcs.
<a_209><b_254><c_10> :: ids=[76] :: fam=other :: 10pcs Mini Cabinet Drawer Butt Hinge
<a_209><b_200><c_227> :: ids=[352] :: fam=other :: General Tools 1261-4 1/2-Inch Grommet Refill with 24 Grommets
<a_185><b_22><c_219> :: ids=[40] :: fam=other :: Forney 20859 Cutting Fluid, Industrial Pro Tap Magic, 1-Gallon
<a_115><b_56><c_2> :: ids=[170] :: fam=other :: URBEST 328 Pcs Assorted Heat Shrink Tube 5 Colors 8 Sizes Tubing Wrap Sleeve Set Combo (328PCS)",,4.0,"<a_235><b_173><c_161> :: ids=[42] :: fam=connector_fitting :: Precision Brand M6S Micro Seal, Miniature All Stainless Worm Gear Hose Clamp, 5/16"" - 7/8"" (Pack of 10)
<a_1><b_178><c_242> :: ids=[1286] :: fam=other :: Accessbuy 180-Piece Rubber Grommet Shop Assortment
<a_235><b_80><c_210> :: ids=[434] :: fam=connector_fitting :: Cambridge Hose Clamps SAE Size 16, 10 Pcs.
<a_205><b_103><c_108> :: ids=[23] :: fam=tape :: Gardner Bender 07315001126 LTB-400 Liquid Electrical Tape, Easy-on, Waterproof, Indoor/Outdoor Use, 4 Oz. Jar, Black, Bottle
<a_1><b_197><c_40> :: ids=[433] :: fam=other :: Lord & Hodge 1073A-0 1/4"" Handi Grommet KIT"
lost_vs_r680a,r680a,3345,3d_filament,1850,"HATCHBOX PLA 3D Printer Filament, Dimensional Accuracy +/- 0.03 mm, 1 kg Spool, 1.75 mm, Red",<a_178><b_165><c_49>,12.0,,leaf_or_ranking_miss_after_l2_hit,0,0,"<a_178><b_154><c_135> :: ids=[1851] :: fam=3d_filament :: HATCHBOX PLA 3D Printer Filament, Dimensional Accuracy +/- 0.03 mm, 1 kg Spool, 1.75 mm, Yellow
<a_178><b_252><c_162> :: ids=[1847] :: fam=3d_filament :: HATCHBOX PLA 3D Printer Filament, Dimensional Accuracy +/- 0.03 mm, 1 kg Spool, 1.75 mm, White
<a_178><b_165><c_148> :: ids=[2507] :: fam=3d_filament :: HATCHBOX PLA 3D Printer Filament, Dimensional Accuracy +/- 0.03 mm, 1 kg Spool, 1.75 mm, Silver
<a_178><b_154><c_141> :: ids=[2472] :: fam=3d_filament :: HATCHBOX ABS 3D Printer Filament, Dimensional Accuracy +/- 0.03 mm, 1 kg Spool, 1.75 mm, Black
<a_178><b_165><c_53> :: ids=[50] :: fam=3d_filament :: HATCHBOX PLA 3D Printer Filament, Dimensional Accuracy +/- 0.03 mm, 1 kg Spool, 1.75 mm, Blue",,7.0,"<a_24><b_157><c_89> :: ids=[1847] :: fam=3d_filament :: HATCHBOX PLA 3D Printer Filament, Dimensional Accuracy +/- 0.03 mm, 1 kg Spool, 1.75 mm, White
<a_118><b_78><c_16> :: ids=[1851] :: fam=3d_filament :: HATCHBOX PLA 3D Printer Filament, Dimensional Accuracy +/- 0.03 mm, 1 kg Spool, 1.75 mm, Yellow
<a_24><b_78><c_138> :: ids=[50] :: fam=3d_filament :: HATCHBOX PLA 3D Printer Filament, Dimensional Accuracy +/- 0.03 mm, 1 kg Spool, 1.75 mm, Blue
<a_24><b_157><c_108> :: ids=[1849] :: fam=3d_filament :: HATCHBOX PLA 3D Printer Filament, Dimensional Accuracy +/- 0.03 mm, 1 kg Spool, 1.75 mm, Purple
<a_24><b_78><c_74> :: ids=[2507] :: fam=3d_filament :: HATCHBOX PLA 3D Printer Filament, Dimensional Accuracy +/- 0.03 mm, 1 kg Spool, 1.75 mm, Silver"
lost_vs_r680a,r680a,3350,3d_filament,2734,Inland 1.75mm White PLA 3D Printer Filament - 1kg Spool (2.2 lbs),<a_220><b_114><c_53>,17.0,,leaf_or_ranking_miss_after_l2_hit,0,0,"<a_220><b_114><c_145> :: ids=[2932] :: fam=3d_filament :: Inland 1.75mm Blue PLA 3D Printer Filament - 1kg Spool (2.2 lbs)
<a_178><b_154><c_135> :: ids=[1851] :: fam=3d_filament :: HATCHBOX PLA 3D Printer Filament, Dimensional Accuracy +/- 0.03 mm, 1 kg Spool, 1.75 mm, Yellow
<a_178><b_165><c_148> :: ids=[2507] :: fam=3d_filament :: HATCHBOX PLA 3D Printer Filament, Dimensional Accuracy +/- 0.03 mm, 1 kg Spool, 1.75 mm, Silver
<a_178><b_154><c_141> :: ids=[2472] :: fam=3d_filament :: HATCHBOX ABS 3D Printer Filament, Dimensional Accuracy +/- 0.03 mm, 1 kg Spool, 1.75 mm, Black
<a_178><b_150><c_117> :: ids=[2544] :: fam=3d_filament :: SainSmart Clear Flexible TPU 3D Printing Filament, 1.75 mm, 0.8 kg, Dimensional Accuracy +/- 0.05 mm",,7.0,"<a_14><b_202><c_139> :: ids=[2932] :: fam=3d_filament :: Inland 1.75mm Blue PLA 3D Printer Filament - 1kg Spool (2.2 lbs)
<a_14><b_202><c_60> :: ids=[2718] :: fam=3d_filament :: Inland 1.75mm Pink PLA 3D Printer Filament - 1kg Spool (2.2 lbs)
<a_60><b_195><c_233> :: ids=[3444] :: fam=3d_filament :: RepRap Champion Metal J-Head V6 Hot End for RepRap 3D Printer 1.75mm Filament Direct Feed Extruder 0.4mm Nozzle
<a_67><b_247><c_199> :: ids=[162] :: fam=3d_filament :: USAFilament 9800429 ABS 3D Printing Filament, 2.2 lb, 1.75 mm, White Spool
<a_14><b_202><c_86> :: ids=[2979] :: fam=3d_filament :: Inland 1.75mm Gray PLA 3D Printer Filament - 1kg Spool (2.2 lbs)"
lost_vs_r680a,r680a,3368,3d_filament,2156,"Monoprice ABS 3D Printer Filament - White - 1kg Spool, 1.75mm Thick | For All ABS Compatible Printers",<a_178><b_12><c_126>,33.0,,leaf_or_ranking_miss_after_l2_hit,0,0,"<a_178><b_12><c_24> :: ids=[162] :: fam=3d_filament :: USAFilament 9800429 ABS 3D Printing Filament, 2.2 lb, 1.75 mm, White Spool
<a_178><b_12><c_11> :: ids=[1845] :: fam=3d_filament :: Filament Outlet Blue PLA 1.75mm 3D Printer Filament 1kg (2.2lbs) spool USA
<a_178><b_154><c_141> :: ids=[2472] :: fam=3d_filament :: HATCHBOX ABS 3D Printer Filament, Dimensional Accuracy +/- 0.03 mm, 1 kg Spool, 1.75 mm, Black
<a_178><b_154><c_24> :: ids=[2582] :: fam=3d_filament :: HATCHBOX ABS 3D Printer Filament, Dimensional Accuracy +/- 0.03 mm, 1 kg Spool, 1.75 mm, Orange
<a_178><b_154><c_50> :: ids=[444] :: fam=3d_filament :: HATCHBOX ABS 3D Printer Filament, Dimensional Accuracy +/- 0.03 mm, 1 kg Spool, 1.75 mm, White",,5.0,"<a_118><b_96><c_251> :: ids=[1694] :: fam=3d_filament :: SainSmart 3D ABS-1KG-1.75-WHT ABS 3D Printer Filament, Dimensional Accuracy +/- 0.05 mm, 1 kg Spool, 1.75 mm, White
<a_24><b_96><c_125> :: ids=[444] :: fam=3d_filament :: HATCHBOX ABS 3D Printer Filament, Dimensional Accuracy +/- 0.03 mm, 1 kg Spool, 1.75 mm, White
<a_24><b_157><c_89> :: ids=[1847] :: fam=3d_filament :: HATCHBOX PLA 3D Printer Filament, Dimensional Accuracy +/- 0.03 mm, 1 kg Spool, 1.75 mm, White
<a_118><b_11><c_54> :: ids=[1695] :: fam=3d_filament :: HATCHBOX ABS 3D Printer Filament, Dimensional Accuracy +/- 0.03 mm, 1 kg Spool, 1.75 mm, Red
<a_118><b_96><c_135> :: ids=[2156] :: fam=3d_filament :: Monoprice ABS 3D Printer Filament - White - 1kg Spool, 1.75mm Thick | For All ABS Compatible Printers"
lost_vs_r680a,r680a,3396,other,178,"Neiko 10194A Titanium Step Drill Bit, High Speed Steel | 1/4"" to 1-3/8"" | Total 10 Step Sizes",<a_7><b_57><c_14>,41.0,,l1_routing_miss,1,2,"<a_115><b_56><c_2> :: ids=[170] :: fam=other :: URBEST 328 Pcs Assorted Heat Shrink Tube 5 Colors 8 Sizes Tubing Wrap Sleeve Set Combo (328PCS)
<a_190><b_103><c_0> :: ids=[181, 182] :: fam=gauge_meter :: AcuRite 00613 Humidity Monitor with Indoor Thermometer, Digital Hygrometer and Humidity Gauge Indicator / AcuRite 00613 Humidity Monitor with Indoor Thermometer
<a_109><b_114><c_135> :: ids=[176] :: fam=other :: URBEST 530 Pcs 2:1 Heat Shrink Tubing Tube Sleeving Wrap Cable Wire 5 Color 8 Size
<a_118><b_29><c_132> :: ids=[1286] :: fam=other :: Accessbuy 180-Piece Rubber Grommet Shop Assortment
<a_77><b_45><c_0> :: ids=[139, 774] :: fam=other :: DuPont Teflon Non-Stick / DuPont Teflon Non-Stick",,3.0,"<a_96><b_131><c_0> :: ids=[181, 182] :: fam=gauge_meter :: AcuRite 00613 Humidity Monitor with Indoor Thermometer, Digital Hygrometer and Humidity Gauge Indicator / AcuRite 00613 Humidity Monitor with Indoor Thermometer
<a_145><b_95><c_12> :: ids=[170] :: fam=other :: URBEST 328 Pcs Assorted Heat Shrink Tube 5 Colors 8 Sizes Tubing Wrap Sleeve Set Combo (328PCS)
<a_166><b_17><c_104> :: ids=[178] :: fam=other :: Neiko 10194A Titanium Step Drill Bit, High Speed Steel | 1/4"" to 1-3/8"" | Total 10 Step Sizes
<a_254><b_179><c_219> :: ids=[119] :: fam=other :: Rubbermaid Commercial BRUTE Heavy-Duty Round Waste/Utility Container with Venting Channels, 20-gallon, Gray (FG262000GRAY)
<a_23><b_73><c_29> :: ids=[86] :: fam=gauge_meter :: Science Purchase 0604CAL6$ Stainless Steel Electronic LCD Digital Vernier Caliper Gauge Micrometer with Carrying Case, 6"", Silver"
lost_vs_r680a,r680a,3397,gauge_meter,338,"Etekcity Lasergrip 1080 Non-Contact Digital Laser Infrared Thermometer Temperature Gun -58~1022 (-50550), Yellow and Black",<a_190><b_173><c_203>,,,l2_routing_miss_after_l1_hit,1,3,"<a_114><b_117><c_245> :: ids=[1466] :: fam=other :: Seek Thermal Compact Imager for iOS-Apple
<a_78><b_228><c_74> :: ids=[172] :: fam=adhesive_epoxy :: Gorilla Super Glue Gel, 15 Gram, Clear
<a_124><b_153><c_37> :: ids=[675] :: fam=adhesive_epoxy :: J-B Weld 8265S Original Cold-Weld Steel Reinforced Epoxy - 2 oz.
<a_31><b_28><c_220> :: ids=[711] :: fam=tape :: 3M Scotch #35 Electrical Tape Value Pack (10457NA)
<a_31><b_89><c_252> :: ids=[130] :: fam=tape :: Gorilla Tape, Black Duct Tape, 1.88"" x 35 yd, Black, (Pack of 1)",,9.0,"<a_246><b_68><c_211> :: ids=[1466] :: fam=other :: Seek Thermal Compact Imager for iOS-Apple
<a_246><b_47><c_239> :: ids=[263] :: fam=other :: FLIR ONE Thermal Imager for Android
<a_96><b_131><c_0> :: ids=[181, 182] :: fam=gauge_meter :: AcuRite 00613 Humidity Monitor with Indoor Thermometer, Digital Hygrometer and Humidity Gauge Indicator / AcuRite 00613 Humidity Monitor with Indoor Thermometer
<a_206><b_250><c_122> :: ids=[175] :: fam=tape :: Gorilla Crystal Clear Duct Tape, 1.88&rdquo; x 9 yd, Clear, (Pack of 1)
<a_52><b_206><c_64> :: ids=[278] :: fam=tape :: T-Rex 241309 Shurtech Ferociously Strong Tape, 12 Yd L X 1.88 in W, 1-Roll, 12 Yards, Gunmetal Gray"
lost_vs_r680a,r680a,3443,adhesive_epoxy,273,"Gorilla Original Gorilla Glue, Waterproof Polyurethane Glue, 2 ounce Bottle, Brown, (Pack of 4)",<a_78><b_181><c_3>,,,leaf_or_ranking_miss_after_l2_hit,1,2,"<a_78><b_228><c_74> :: ids=[172] :: fam=adhesive_epoxy :: Gorilla Super Glue Gel, 15 Gram, Clear
<a_190><b_103><c_0> :: ids=[181, 182] :: fam=gauge_meter :: AcuRite 00613 Humidity Monitor with Indoor Thermometer, Digital Hygrometer and Humidity Gauge Indicator / AcuRite 00613 Humidity Monitor with Indoor Thermometer
<a_65><b_60><c_28> :: ids=[609] :: fam=other :: Dap 7079812343 Drydex 5.5 Oz 6Pk Raw Building Material, 5.5-Ounce, Pink/White
<a_78><b_165><c_1> :: ids=[202] :: fam=adhesive_epoxy :: Loctite Liquid Professional Super Glue  20-Gram Bottle (1365882)
<a_78><b_181><c_16> :: ids=[257] :: fam=adhesive_epoxy :: Gorilla 5000408  Original Gorilla Glue, Waterproof Polyurethane Glue, 4 ounce Bottle, Brown",,3.0,"<a_32><b_40><c_136> :: ids=[609] :: fam=other :: Dap 7079812343 Drydex 5.5 Oz 6Pk Raw Building Material, 5.5-Ounce, Pink/White
<a_7><b_20><c_216> :: ids=[256] :: fam=adhesive_epoxy :: Gorilla White Glue, Waterproof, 2 ounce Bottle, White, (Pack of 1)
<a_19><b_121><c_53> :: ids=[273] :: fam=adhesive_epoxy :: Gorilla Original Gorilla Glue, Waterproof Polyurethane Glue, 2 ounce Bottle, Brown, (Pack of 4)
<a_87><b_25><c_42> :: ids=[202] :: fam=adhesive_epoxy :: Loctite Liquid Professional Super Glue  20-Gram Bottle (1365882)
<a_184><b_240><c_16> :: ids=[466] :: fam=ventilation_fan :: Best Choice Products 4-Wheel Foldable Rolling Warehouse Moving Flatbed Platform Dolly Push Cart w/ 330lb Capacity, Non-Slip Surface - Blue"
lost_vs_r680a,r680a,3524,other,659,Stanley MR100CG Contractor Grade Riveter,<a_100><b_87><c_24>,,,l1_routing_miss,1,3,"<a_40><b_107><c_46> :: ids=[1265] :: fam=connector_fitting :: Gardner Bender 10-104 100PK Ring Terminal, 100 Pack, Blue
<a_238><b_232><c_129> :: ids=[335] :: fam=other :: Dewalt DW8061B5 4 x 0.045 Inch Metal and Stainless Steel Cutting Wheels , 4 Inch by 0.045-Inch
<a_40><b_18><c_9> :: ids=[521] :: fam=connector_fitting :: Gardner Bender 19-001 WireGard Screw-On Wire Connectors, 22-16 AWG, Electrical Wire Nut, 14 pk, Grey
<a_209><b_33><c_25> :: ids=[577] :: fam=other :: Neiko 50458A Snap Ring Shop Assortment, 300 Count | 18 Sizes (1/8"" - 1-1/4"") | Hardened Steel
<a_40><b_107><c_98> :: ids=[593] :: fam=connector_fitting :: Gardner Bender 10-106 50PK Ring Terminal, Yellow",,2.0,"<a_96><b_131><c_0> :: ids=[181, 182] :: fam=gauge_meter :: AcuRite 00613 Humidity Monitor with Indoor Thermometer, Digital Hygrometer and Humidity Gauge Indicator / AcuRite 00613 Humidity Monitor with Indoor Thermometer
<a_89><b_54><c_66> :: ids=[659] :: fam=other :: Stanley MR100CG Contractor Grade Riveter
<a_145><b_47><c_110> :: ids=[1057] :: fam=connector_fitting :: 50pcs Premium Brass 18-22 (RED) Gauge Male-Female Solderless Crimp Bullet Plug Connectors
<a_41><b_110><c_51> :: ids=[1270] :: fam=other :: Georgia-Pacific 56620 Chrome Combination C-Fold/ Multifold Paper Towel Dispenser, 11.25"" Width x 4.438"" Depth
<a_52><b_206><c_64> :: ids=[278] :: fam=tape :: T-Rex 241309 Shurtech Ferociously Strong Tape, 12 Yd L X 1.88 in W, 1-Roll, 12 Yards, Gunmetal Gray"
lost_vs_r680a,r680a,3534,adhesive_epoxy,202,Loctite Liquid Professional Super Glue  20-Gram Bottle (1365882),<a_78><b_165><c_1>,,,l2_routing_miss_after_l1_hit,1,1,"<a_8><b_54><c_158> :: ids=[1479] :: fam=other :: Deflecto Early Warning Road Safety Triangle Kit, Reflective, 3-Pack (73-0711-00)
<a_209><b_33><c_25> :: ids=[577] :: fam=other :: Neiko 50458A Snap Ring Shop Assortment, 300 Count | 18 Sizes (1/8"" - 1-1/4"") | Hardened Steel
<a_209><b_196><c_135> :: ids=[42] :: fam=connector_fitting :: Precision Brand M6S Micro Seal, Miniature All Stainless Worm Gear Hose Clamp, 5/16"" - 7/8"" (Pack of 10)
<a_31><b_33><c_218> :: ids=[165] :: fam=tape :: Duck Brand 299006 3/4-Inch by 60 Feet Utility Vinyl Electrical Tape with Single Roll, Black, 3/4 Inch x Economy
<a_190><b_185><c_201> :: ids=[159] :: fam=gauge_meter :: Etekcity Lasergrip 774 Non-contact Digital Laser Infrared Thermometer Temperature Gun -58~ 716 (-50 ~ 380), Yellow and Black",,6.0,"<a_89><b_54><c_66> :: ids=[659] :: fam=other :: Stanley MR100CG Contractor Grade Riveter
<a_29><b_95><c_194> :: ids=[221] :: fam=tape :: 3M 88 Electrical Tape, .75-Inch by 66-Foot by .0085-Inch
<a_205><b_136><c_4> :: ids=[950] :: fam=tape :: X-Treme Tape TPE-XZLCLR Silicone Rubber Self Fusing Tape, 1"" x 10', Triangular, Clear
<a_87><b_48><c_224> :: ids=[114] :: fam=adhesive_epoxy :: Super Glue 15187 Super Glue, 12-Pack
<a_1><b_178><c_242> :: ids=[1286] :: fam=other :: Accessbuy 180-Piece Rubber Grommet Shop Assortment"
lost_vs_r680a,r680a,3558,3d_filament,1554,Inland 1.75mm Peak Green PLA 3D Printer Filament - 1kg Spool (2.2 lbs),<a_220><b_114><c_24>,24.0,,leaf_or_ranking_miss_after_l2_hit,1,3,"<a_220><b_114><c_145> :: ids=[2932] :: fam=3d_filament :: Inland 1.75mm Blue PLA 3D Printer Filament - 1kg Spool (2.2 lbs)
<a_220><b_114><c_156> :: ids=[2934] :: fam=3d_filament :: Inland 1.75mm Yellow PLA 3D Printer Filament - 1kg Spool (2.2 lbs)
<a_220><b_114><c_53> :: ids=[2734] :: fam=3d_filament :: Inland 1.75mm White PLA 3D Printer Filament - 1kg Spool (2.2 lbs)
<a_220><b_114><c_224> :: ids=[2979] :: fam=3d_filament :: Inland 1.75mm Gray PLA 3D Printer Filament - 1kg Spool (2.2 lbs)
<a_220><b_114><c_221> :: ids=[2485] :: fam=3d_filament :: Inland 1.75mm Gold PLA 3D Printer Filament - 1kg Spool (2.2 lbs)",,9.0,"<a_14><b_202><c_139> :: ids=[2932] :: fam=3d_filament :: Inland 1.75mm Blue PLA 3D Printer Filament - 1kg Spool (2.2 lbs)
<a_14><b_202><c_2> :: ids=[2485] :: fam=3d_filament :: Inland 1.75mm Gold PLA 3D Printer Filament - 1kg Spool (2.2 lbs)
<a_14><b_202><c_86> :: ids=[2979] :: fam=3d_filament :: Inland 1.75mm Gray PLA 3D Printer Filament - 1kg Spool (2.2 lbs)
<a_14><b_202><c_60> :: ids=[2718] :: fam=3d_filament :: Inland 1.75mm Pink PLA 3D Printer Filament - 1kg Spool (2.2 lbs)
<a_14><b_202><c_169> :: ids=[3114] :: fam=3d_filament :: Inland 1.75mm Purple PLA 3D Printer Filament - 1kg Spool (2.2 lbs)"
lost_vs_r680a,r680a,3595,gauge_meter,2929,"Install Bay 3MHST34 3M Heat Shrink Tubing 3/4"" Diameter 4G 4-Ft",<a_115><b_251><c_91>,32.0,,l2_routing_miss_after_l1_hit,1,1,"<a_115><b_179><c_232> :: ids=[3397] :: fam=gauge_meter :: Install Bay 3MHST1 Heat Shrink 1 Inch (diameter) x 4 Foot
<a_109><b_114><c_135> :: ids=[176] :: fam=other :: URBEST 530 Pcs 2:1 Heat Shrink Tubing Tube Sleeving Wrap Cable Wire 5 Color 8 Size
<a_115><b_155><c_242> :: ids=[1839] :: fam=gauge_meter :: Bare Copper Wire, Bright, 14 AWG, 0.064"" Diameter, 80' Length (Pack of 1)
<a_115><b_213><c_222> :: ids=[399] :: fam=other :: Anytime Tools 48 pc HEAT SHRINK TUBING WRAP SLEEVES ASSORTED SIZES
<a_31><b_155><c_192> :: ids=[168] :: fam=tape :: Scotch Super 33+ Vinyl Electrical Tape, 3/4 in x 66 ft",,3.0,"<a_62><b_250><c_5> :: ids=[1294] :: fam=other :: Install Bay 3M Heat Shrink Tubing 1/4 Inch 10G - 4 Feet
<a_99><b_231><c_44> :: ids=[399] :: fam=other :: Anytime Tools 48 pc HEAT SHRINK TUBING WRAP SLEEVES ASSORTED SIZES
<a_62><b_250><c_224> :: ids=[2929] :: fam=gauge_meter :: Install Bay 3MHST34 3M Heat Shrink Tubing 3/4"" Diameter 4G 4-Ft
<a_62><b_33><c_52> :: ids=[398] :: fam=other :: NTE Heat Shrink 2:1 Assorted Colors and Sizes 160 PCS
<a_62><b_6><c_97> :: ids=[3397] :: fam=gauge_meter :: Install Bay 3MHST1 Heat Shrink 1 Inch (diameter) x 4 Foot"
lost_vs_r680a,r680a,3678,3d_filament,3443,Inland 1.75mm Translucent Magenta PETG 3D Printer Filament - 1kg Spool (2.2 Lbs),<a_220><b_114><c_34>,30.0,,leaf_or_ranking_miss_after_l2_hit,0,2,"<a_220><b_114><c_145> :: ids=[2932] :: fam=3d_filament :: Inland 1.75mm Blue PLA 3D Printer Filament - 1kg Spool (2.2 lbs)
<a_109><b_17><c_3> :: ids=[1205] :: fam=other :: PEI (Polyetherimide) Sheet, Opaque Off-White, Standard Tolerance, ASTM D5205 PEI0113, 0.03"" Thickness, 12"" Width, 24"" Length
<a_178><b_150><c_117> :: ids=[2544] :: fam=3d_filament :: SainSmart Clear Flexible TPU 3D Printing Filament, 1.75 mm, 0.8 kg, Dimensional Accuracy +/- 0.05 mm
<a_212><b_17><c_91> :: ids=[2926] :: fam=3d_filament :: HICTOP 5 Pieces 3D Printer Extruder Hotend 1.75mm Nozzle Throat for Reprap Prusa I3
<a_220><b_114><c_53> :: ids=[2734] :: fam=3d_filament :: Inland 1.75mm White PLA 3D Printer Filament - 1kg Spool (2.2 lbs)",,4.0,"<a_60><b_195><c_233> :: ids=[3444] :: fam=3d_filament :: RepRap Champion Metal J-Head V6 Hot End for RepRap 3D Printer 1.75mm Filament Direct Feed Extruder 0.4mm Nozzle
<a_14><b_189><c_136> :: ids=[3198] :: fam=3d_filament :: Inland 1.75mm Translucent Yellow PETG 3D Printer Filament - 1kg Spool (2.2 Lbs)
<a_107><b_3><c_159> :: ids=[1205] :: fam=other :: PEI (Polyetherimide) Sheet, Opaque Off-White, Standard Tolerance, ASTM D5205 PEI0113, 0.03"" Thickness, 12"" Width, 24"" Length
<a_14><b_189><c_157> :: ids=[3443] :: fam=3d_filament :: Inland 1.75mm Translucent Magenta PETG 3D Printer Filament - 1kg Spool (2.2 Lbs)
<a_37><b_56><c_20> :: ids=[2751] :: fam=other :: LulzBot TAZ 5, LulzBot Mini, Hexagon Hotend Style Plated Nozzle .5mm"
lost_vs_r680a,r680a,3915,3d_filament,1107,"HATCHBOX PLA 3D Printer Filament, Dimensional Accuracy +/- 0.03 mm, 1 kg Spool, 1.75 mm, Glow in the Dark",<a_178><b_165><c_4>,11.0,,leaf_or_ranking_miss_after_l2_hit,0,1,"<a_178><b_154><c_141> :: ids=[2472] :: fam=3d_filament :: HATCHBOX ABS 3D Printer Filament, Dimensional Accuracy +/- 0.03 mm, 1 kg Spool, 1.75 mm, Black
<a_178><b_252><c_162> :: ids=[1847] :: fam=3d_filament :: HATCHBOX PLA 3D Printer Filament, Dimensional Accuracy +/- 0.03 mm, 1 kg Spool, 1.75 mm, White
<a_178><b_154><c_50> :: ids=[444] :: fam=3d_filament :: HATCHBOX ABS 3D Printer Filament, Dimensional Accuracy +/- 0.03 mm, 1 kg Spool, 1.75 mm, White
<a_178><b_165><c_148> :: ids=[2507] :: fam=3d_filament :: HATCHBOX PLA 3D Printer Filament, Dimensional Accuracy +/- 0.03 mm, 1 kg Spool, 1.75 mm, Silver
<a_178><b_165><c_53> :: ids=[50] :: fam=3d_filament :: HATCHBOX PLA 3D Printer Filament, Dimensional Accuracy +/- 0.03 mm, 1 kg Spool, 1.75 mm, Blue",,7.0,"<a_118><b_78><c_16> :: ids=[1851] :: fam=3d_filament :: HATCHBOX PLA 3D Printer Filament, Dimensional Accuracy +/- 0.03 mm, 1 kg Spool, 1.75 mm, Yellow
<a_24><b_157><c_89> :: ids=[1847] :: fam=3d_filament :: HATCHBOX PLA 3D Printer Filament, Dimensional Accuracy +/- 0.03 mm, 1 kg Spool, 1.75 mm, White
<a_24><b_78><c_138> :: ids=[50] :: fam=3d_filament :: HATCHBOX PLA 3D Printer Filament, Dimensional Accuracy +/- 0.03 mm, 1 kg Spool, 1.75 mm, Blue
<a_24><b_157><c_108> :: ids=[1849] :: fam=3d_filament :: HATCHBOX PLA 3D Printer Filament, Dimensional Accuracy +/- 0.03 mm, 1 kg Spool, 1.75 mm, Purple
<a_24><b_78><c_74> :: ids=[2507] :: fam=3d_filament :: HATCHBOX PLA 3D Printer Filament, Dimensional Accuracy +/- 0.03 mm, 1 kg Spool, 1.75 mm, Silver"
lost_vs_r680a,r680a,3955,tape,1227,TapeCase 3431 0.75in X 5yd Yellow Reflective Tape (1 Roll),<a_31><b_34><c_133>,,,leaf_or_ranking_miss_after_l2_hit,1,1,"<a_31><b_66><c_43> :: ids=[1197] :: fam=tape :: TapeCase 3432 1in X 5yd Red Reflective Tape (1 Roll)
<a_31><b_66><c_18> :: ids=[1039] :: fam=tape :: Comfitwear PT-100 Caution Barricade Tape, Yellow
<a_31><b_66><c_194> :: ids=[1198] :: fam=tape :: TapeCase 3432 1in X 50yd Red Reflective Tape (1 Roll)
<a_31><b_66><c_42> :: ids=[1475] :: fam=tape :: JVCC HZ-8 Hazard Warning Tape: 2 in. x 18 yds. (Red with White stripes)
<a_81><b_167><c_6> :: ids=[148] :: fam=other :: Plastic Transfer Pipettes 3ml, Graduated, Pack of 100",,4.0,"<a_250><b_74><c_178> :: ids=[1197] :: fam=tape :: TapeCase 3432 1in X 5yd Red Reflective Tape (1 Roll)
<a_250><b_248><c_168> :: ids=[1840] :: fam=tape :: TapeCase 3430 0.75in X 5yd White Reflective Tape (1 Roll)
<a_250><b_74><c_60> :: ids=[1198] :: fam=tape :: TapeCase 3432 1in X 50yd Red Reflective Tape (1 Roll)
<a_250><b_64><c_213> :: ids=[1227] :: fam=tape :: TapeCase 3431 0.75in X 5yd Yellow Reflective Tape (1 Roll)
<a_52><b_206><c_64> :: ids=[278] :: fam=tape :: T-Rex 241309 Shurtech Ferociously Strong Tape, 12 Yd L X 1.88 in W, 1-Roll, 12 Yards, Gunmetal Gray"
lost_vs_r680a,r680a,4015,3d_filament,1851,"HATCHBOX PLA 3D Printer Filament, Dimensional Accuracy +/- 0.03 mm, 1 kg Spool, 1.75 mm, Yellow",<a_178><b_154><c_135>,,,l2_routing_miss_after_l1_hit,0,3,"<a_178><b_14><c_6> :: ids=[2909, 3494] :: fam=3d_filament :: 3D Solutech Silver Metal 3D Printer PLA Filament 1.75MM Filament, Dimensional Accuracy +/- 0.03 mm, 2.2 LBS (1.0KG) - PLA175TCMS / 3D Solutech Real Yellow 3D Pr
<a_72><b_200><c_0> :: ids=[366] :: fam=other :: Lisle 52750 Stethoscope Kit
<a_65><b_179><c_187> :: ids=[2077] :: fam=adhesive_epoxy :: Flex Shot 30804 Rubber Adhesive Sealant Caulk, 8-oz, Almond (Mildew Resistant), 1 Pack
<a_31><b_179><c_201> :: ids=[467] :: fam=tape :: 3M Utility Duct Tape 2929 Silver, 1.88 in x 50 yd 5.8 mils (Pack of 1)
<a_178><b_14><c_94> :: ids=[3112] :: fam=3d_filament :: 3D Solutech Real Black 3D Printer PLA Filament 1.75MM Filament, Dimensional Accuracy +/- 0.03 mm, 2.2 LBS (1.0KG) - PLA175RBLK",,3.0,"<a_24><b_149><c_2> :: ids=[3112] :: fam=3d_filament :: 3D Solutech Real Black 3D Printer PLA Filament 1.75MM Filament, Dimensional Accuracy +/- 0.03 mm, 2.2 LBS (1.0KG) - PLA175RBLK
<a_24><b_149><c_24> :: ids=[2909] :: fam=3d_filament :: 3D Solutech Silver Metal 3D Printer PLA Filament 1.75MM Filament, Dimensional Accuracy +/- 0.03 mm, 2.2 LBS (1.0KG) - PLA175TCMS
<a_118><b_78><c_16> :: ids=[1851] :: fam=3d_filament :: HATCHBOX PLA 3D Printer Filament, Dimensional Accuracy +/- 0.03 mm, 1 kg Spool, 1.75 mm, Yellow
<a_226><b_57><c_244> :: ids=[2188] :: fam=3d_filament :: Dremel Digilab 3D20 3D Printer, Idea Builder for Brand New Hobbyists and Tinkerers
<a_24><b_157><c_89> :: ids=[1847] :: fam=3d_filament :: HATCHBOX PLA 3D Printer Filament, Dimensional Accuracy +/- 0.03 mm, 1 kg Spool, 1.75 mm, White"
lost_vs_r680a,r680a,4046,3d_filament,2158,"eSUN 3D 1.75mm PETG Green Filament 1kg (2.2lb), PETG 3D Printer Filament, Semi-Transparent 1.75mm Green",<a_178><b_156><c_234>,27.0,,leaf_or_ranking_miss_after_l2_hit,1,2,"<a_193><b_58><c_86> :: ids=[3059] :: fam=3d_filament :: Filabot ABS 3D Printing Smoothing Pen
<a_220><b_114><c_145> :: ids=[2932] :: fam=3d_filament :: Inland 1.75mm Blue PLA 3D Printer Filament - 1kg Spool (2.2 lbs)
<a_178><b_156><c_58> :: ids=[2157] :: fam=3d_filament :: eSUN 3D 1.75mm PETG Blue Filament 1kg (2.2lb), PETG 3D Printer Filament, 1.75mm Semi-Transparent Blue
<a_178><b_156><c_135> :: ids=[2893] :: fam=3d_filament :: eSUN 3D 1.75mm PETG White Filament 1kg (2.2lb), PETG 3D Printer Filament, 1.75mm Solid Opaque White
<a_178><b_156><c_59> :: ids=[2703] :: fam=3d_filament :: eSUN 3D 1.75mm PETG Black Filament 1kg (2.2lb), PETG 3D Printer Filament, 1.75mm Solid Opaque Black",,4.0,"<a_37><b_2><c_79> :: ids=[2544] :: fam=3d_filament :: SainSmart Clear Flexible TPU 3D Printing Filament, 1.75 mm, 0.8 kg, Dimensional Accuracy +/- 0.05 mm
<a_24><b_250><c_175> :: ids=[2748] :: fam=3d_filament :: HATCHBOX PETG 3D Printer Filament, Dimensional Accuracy +/- 0.03 mm, 1 kg Spool, 1.75 mm, Green
<a_24><b_250><c_113> :: ids=[3016] :: fam=3d_filament :: HATCHBOX 3D Printer Filament, Dimensional Accuracy +/- 0.03mm, 1.75 mm, 1 kg Spool, Wood
<a_24><b_250><c_151> :: ids=[2158] :: fam=3d_filament :: eSUN 3D 1.75mm PETG Green Filament 1kg (2.2lb), PETG 3D Printer Filament, Semi-Transparent 1.75mm Green
<a_60><b_195><c_233> :: ids=[3444] :: fam=3d_filament :: RepRap Champion Metal J-Head V6 Hot End for RepRap 3D Printer 1.75mm Filament Direct Feed Extruder 0.4mm Nozzle"
lost_vs_r680a,r680a,4138,3d_filament,3112,"3D Solutech Real Black 3D Printer PLA Filament 1.75MM Filament, Dimensional Accuracy +/- 0.03 mm, 2.2 LBS (1.0KG) - PLA175RBLK",<a_178><b_14><c_94>,16.0,,leaf_or_ranking_miss_after_l2_hit,0,0,"<a_178><b_165><c_148> :: ids=[2507] :: fam=3d_filament :: HATCHBOX PLA 3D Printer Filament, Dimensional Accuracy +/- 0.03 mm, 1 kg Spool, 1.75 mm, Silver
<a_178><b_14><c_6> :: ids=[2909, 3494] :: fam=3d_filament :: 3D Solutech Silver Metal 3D Printer PLA Filament 1.75MM Filament, Dimensional Accuracy +/- 0.03 mm, 2.2 LBS (1.0KG) - PLA175TCMS / 3D Solutech Real Yellow 3D Pr
<a_193><b_46><c_91> :: ids=[563] :: fam=3d_filament :: Foreasy 3D Printer Tool 3D Print Removal Tool Enhanced Version Set of 2
<a_178><b_154><c_135> :: ids=[1851] :: fam=3d_filament :: HATCHBOX PLA 3D Printer Filament, Dimensional Accuracy +/- 0.03 mm, 1 kg Spool, 1.75 mm, Yellow
<a_178><b_150><c_117> :: ids=[2544] :: fam=3d_filament :: SainSmart Clear Flexible TPU 3D Printing Filament, 1.75 mm, 0.8 kg, Dimensional Accuracy +/- 0.05 mm",,1.0,"<a_24><b_149><c_2> :: ids=[3112] :: fam=3d_filament :: 3D Solutech Real Black 3D Printer PLA Filament 1.75MM Filament, Dimensional Accuracy +/- 0.03 mm, 2.2 LBS (1.0KG) - PLA175RBLK
<a_24><b_78><c_74> :: ids=[2507] :: fam=3d_filament :: HATCHBOX PLA 3D Printer Filament, Dimensional Accuracy +/- 0.03 mm, 1 kg Spool, 1.75 mm, Silver
<a_24><b_78><c_138> :: ids=[50] :: fam=3d_filament :: HATCHBOX PLA 3D Printer Filament, Dimensional Accuracy +/- 0.03 mm, 1 kg Spool, 1.75 mm, Blue
<a_24><b_157><c_89> :: ids=[1847] :: fam=3d_filament :: HATCHBOX PLA 3D Printer Filament, Dimensional Accuracy +/- 0.03 mm, 1 kg Spool, 1.75 mm, White
<a_60><b_195><c_233> :: ids=[3444] :: fam=3d_filament :: RepRap Champion Metal J-Head V6 Hot End for RepRap 3D Printer 1.75mm Filament Direct Feed Extruder 0.4mm Nozzle"
lost_vs_r680a,r680a,4144,connector_fitting,2302,"HBD Thermoid NBR/PVC SAE30R6 Fuel Line Hose, 5/16"" x 25' Length, 0.3125"" ID, Black",<a_0><b_87><c_143>,25.0,,l2_routing_miss_after_l1_hit,1,1,"<a_0><b_176><c_5> :: ids=[850] :: fam=connector_fitting :: HBD Thermoid NBR/PVC SAE30R6 Fuel Line Hose, 3/8"" x 25' Length, 0.375"" ID, Black
<a_190><b_64><c_29> :: ids=[819] :: fam=3d_filament :: Inkbird ITC-1000 Dual Stage Digital Temperature Controller Fahrenheit  Celsius Thermostat with Sensor for 3D Printer,Freezer,Fridge,Hatching ect (12 Volt)
<a_115><b_56><c_2> :: ids=[170] :: fam=other :: URBEST 328 Pcs Assorted Heat Shrink Tube 5 Colors 8 Sizes Tubing Wrap Sleeve Set Combo (328PCS)
<a_31><b_155><c_192> :: ids=[168] :: fam=tape :: Scotch Super 33+ Vinyl Electrical Tape, 3/4 in x 66 ft
<a_209><b_196><c_135> :: ids=[42] :: fam=connector_fitting :: Precision Brand M6S Micro Seal, Miniature All Stainless Worm Gear Hose Clamp, 5/16"" - 7/8"" (Pack of 10)",,4.0,"<a_211><b_158><c_24> :: ids=[850] :: fam=connector_fitting :: HBD Thermoid NBR/PVC SAE30R6 Fuel Line Hose, 3/8"" x 25' Length, 0.375"" ID, Black
<a_106><b_155><c_82> :: ids=[152] :: fam=connector_fitting :: Camco 4ft TastePURE Drinking Water Hose - Lead and BPA Free, Reinforced for Maximum Kink Resistance,  1/2""Inner Diameter (22763)
<a_143><b_17><c_111> :: ids=[1086] :: fam=other :: Gems Sensors A2012-S150 Solenoid Valve, 24 V, 60 Hz AC, 125 PSI
<a_211><b_147><c_200> :: ids=[2302] :: fam=connector_fitting :: HBD Thermoid NBR/PVC SAE30R6 Fuel Line Hose, 5/16"" x 25' Length, 0.3125"" ID, Black
<a_211><b_206><c_3> :: ids=[1159] :: fam=connector_fitting :: Loc-Line Coolant Hose Assembly Pliers, for 1/2"" Coolant Hose System"
lost_vs_r680a,r680a,4214,other,406,"Hillman 830502 Flat Washer, Stainless-Steel",<a_68><b_231><c_185>,,,l1_routing_miss,1,3,"<a_92><b_110><c_254> :: ids=[1042] :: fam=other :: uxcell Mandrel Mounted White Conical Felt Point Polishing Tool
<a_185><b_87><c_30> :: ids=[986] :: fam=other :: Stanley 93-301 14-Inch Yellow Panel Carry Handle
<a_185><b_83><c_203> :: ids=[457] :: fam=other :: CRC 03400 16oz Truetap Cutting Fluid Heavy Duty Bottle
<a_185><b_2><c_12> :: ids=[123] :: fam=other :: Red Devil 0325 Steel Wool, 2 Medium Course, 8 Pads
<a_197><b_173><c_161> :: ids=[84] :: fam=gauge_meter :: Neiko 01409A Electronic Digital Caliper with Extra Large LCD Screen | 0 - 12 Inches | Inch/Fractions/Millimeter Conversion",,8.0,"<a_185><b_206><c_91> :: ids=[106] :: fam=connector_fitting :: Wago Wire Connector 600 V Clear 4 Conductor 100 / Box
<a_104><b_248><c_44> :: ids=[1336] :: fam=fastener :: STEREN Grip-Clip Single Coaxial Cable Mounting Fastener Clips, 100ct Black
<a_148><b_22><c_159> :: ids=[1736] :: fam=other :: Swordfish 31170 Lynch Pin Assortment Kit, 50 Piece
<a_1><b_178><c_242> :: ids=[1286] :: fam=other :: Accessbuy 180-Piece Rubber Grommet Shop Assortment
<a_89><b_54><c_66> :: ids=[659] :: fam=other :: Stanley MR100CG Contractor Grade Riveter"
lost_vs_r680a,r680a,4247,3d_filament,2472,"HATCHBOX ABS 3D Printer Filament, Dimensional Accuracy +/- 0.03 mm, 1 kg Spool, 1.75 mm, Black",<a_178><b_154><c_141>,26.0,,l2_routing_miss_after_l1_hit,0,1,"<a_178><b_14><c_6> :: ids=[2909, 3494] :: fam=3d_filament :: 3D Solutech Silver Metal 3D Printer PLA Filament 1.75MM Filament, Dimensional Accuracy +/- 0.03 mm, 2.2 LBS (1.0KG) - PLA175TCMS / 3D Solutech Real Yellow 3D Pr
<a_178><b_14><c_94> :: ids=[3112] :: fam=3d_filament :: 3D Solutech Real Black 3D Printer PLA Filament 1.75MM Filament, Dimensional Accuracy +/- 0.03 mm, 2.2 LBS (1.0KG) - PLA175RBLK
<a_178><b_14><c_107> :: ids=[2161] :: fam=3d_filament :: 3D Solutech Natural Clear 1.75mm 3D Printer PLA Filament, Dimensional Accuracy +/- 0.03 mm, 2.2 LBS (1.0KG)
<a_178><b_14><c_7> :: ids=[3475] :: fam=3d_filament :: 3D Solutech Real Orange 3D Printer PLA Filament 1.75MM Filament, Dimensional Accuracy +/- 0.03 mm, 2.2 LBS (1.0KG)
<a_178><b_14><c_75> :: ids=[2697] :: fam=3d_filament :: 3D Solutech Real White 3D Printer PLA Filament 1.75MM Filament, Dimensional Accuracy +/- 0.03 mm, 2.2 LBS (1.0KG)",,9.0,"<a_24><b_149><c_2> :: ids=[3112] :: fam=3d_filament :: 3D Solutech Real Black 3D Printer PLA Filament 1.75MM Filament, Dimensional Accuracy +/- 0.03 mm, 2.2 LBS (1.0KG) - PLA175RBLK
<a_24><b_157><c_89> :: ids=[1847] :: fam=3d_filament :: HATCHBOX PLA 3D Printer Filament, Dimensional Accuracy +/- 0.03 mm, 1 kg Spool, 1.75 mm, White
<a_24><b_78><c_138> :: ids=[50] :: fam=3d_filament :: HATCHBOX PLA 3D Printer Filament, Dimensional Accuracy +/- 0.03 mm, 1 kg Spool, 1.75 mm, Blue
<a_24><b_96><c_125> :: ids=[444] :: fam=3d_filament :: HATCHBOX ABS 3D Printer Filament, Dimensional Accuracy +/- 0.03 mm, 1 kg Spool, 1.75 mm, White
<a_24><b_149><c_24> :: ids=[2909] :: fam=3d_filament :: 3D Solutech Silver Metal 3D Printer PLA Filament 1.75MM Filament, Dimensional Accuracy +/- 0.03 mm, 2.2 LBS (1.0KG) - PLA175TCMS"
lost_vs_r680a,r680a,4248,3d_filament,1695,"HATCHBOX ABS 3D Printer Filament, Dimensional Accuracy +/- 0.03 mm, 1 kg Spool, 1.75 mm, Red",<a_220><b_13><c_176>,17.0,,l1_routing_miss,1,1,"<a_178><b_154><c_141> :: ids=[2472] :: fam=3d_filament :: HATCHBOX ABS 3D Printer Filament, Dimensional Accuracy +/- 0.03 mm, 1 kg Spool, 1.75 mm, Black
<a_178><b_154><c_50> :: ids=[444] :: fam=3d_filament :: HATCHBOX ABS 3D Printer Filament, Dimensional Accuracy +/- 0.03 mm, 1 kg Spool, 1.75 mm, White
<a_178><b_150><c_117> :: ids=[2544] :: fam=3d_filament :: SainSmart Clear Flexible TPU 3D Printing Filament, 1.75 mm, 0.8 kg, Dimensional Accuracy +/- 0.05 mm
<a_178><b_154><c_24> :: ids=[2582] :: fam=3d_filament :: HATCHBOX ABS 3D Printer Filament, Dimensional Accuracy +/- 0.03 mm, 1 kg Spool, 1.75 mm, Orange
<a_178><b_150><c_186> :: ids=[2714] :: fam=3d_filament :: NinjaFlex TPU 3D Printing Filament - 1.75mm .50kg - SAPPHIRE",,6.0,"<a_24><b_157><c_89> :: ids=[1847] :: fam=3d_filament :: HATCHBOX PLA 3D Printer Filament, Dimensional Accuracy +/- 0.03 mm, 1 kg Spool, 1.75 mm, White
<a_24><b_96><c_125> :: ids=[444] :: fam=3d_filament :: HATCHBOX ABS 3D Printer Filament, Dimensional Accuracy +/- 0.03 mm, 1 kg Spool, 1.75 mm, White
<a_24><b_96><c_227> :: ids=[2472] :: fam=3d_filament :: HATCHBOX ABS 3D Printer Filament, Dimensional Accuracy +/- 0.03 mm, 1 kg Spool, 1.75 mm, Black
<a_24><b_96><c_194> :: ids=[2419] :: fam=3d_filament :: HATCHBOX 3D ABS-1KG1.75-BLU ABS 3D Printer Filament, Dimensional Accuracy +/- 0.03 mm, 1 kg Spool, 1.75 mm, Blue
<a_24><b_157><c_108> :: ids=[1849] :: fam=3d_filament :: HATCHBOX PLA 3D Printer Filament, Dimensional Accuracy +/- 0.03 mm, 1 kg Spool, 1.75 mm, Purple"
lost_vs_r680a,r680a,4249,3d_filament,2583,"HATCHBOX ABS 3D Printer Filament, Dimensional Accuracy +/- 0.05 mm, 1 kg Spool, 1.75 mm, Green",<a_178><b_154><c_31>,35.0,,leaf_or_ranking_miss_after_l2_hit,1,2,"<a_178><b_154><c_141> :: ids=[2472] :: fam=3d_filament :: HATCHBOX ABS 3D Printer Filament, Dimensional Accuracy +/- 0.03 mm, 1 kg Spool, 1.75 mm, Black
<a_178><b_150><c_117> :: ids=[2544] :: fam=3d_filament :: SainSmart Clear Flexible TPU 3D Printing Filament, 1.75 mm, 0.8 kg, Dimensional Accuracy +/- 0.05 mm
<a_178><b_150><c_186> :: ids=[2714] :: fam=3d_filament :: NinjaFlex TPU 3D Printing Filament - 1.75mm .50kg - SAPPHIRE
<a_178><b_154><c_50> :: ids=[444] :: fam=3d_filament :: HATCHBOX ABS 3D Printer Filament, Dimensional Accuracy +/- 0.03 mm, 1 kg Spool, 1.75 mm, White
<a_178><b_166><c_183> :: ids=[2477] :: fam=3d_filament :: BAMtack! 1.75mm Black PLA 3D Printer Filament - 1kg (2.2 lbs) - Dimensional Accuracy +/- 0.03mm",,3.0,"<a_24><b_96><c_227> :: ids=[2472] :: fam=3d_filament :: HATCHBOX ABS 3D Printer Filament, Dimensional Accuracy +/- 0.03 mm, 1 kg Spool, 1.75 mm, Black
<a_24><b_96><c_125> :: ids=[444] :: fam=3d_filament :: HATCHBOX ABS 3D Printer Filament, Dimensional Accuracy +/- 0.03 mm, 1 kg Spool, 1.75 mm, White
<a_24><b_96><c_181> :: ids=[2583] :: fam=3d_filament :: HATCHBOX ABS 3D Printer Filament, Dimensional Accuracy +/- 0.05 mm, 1 kg Spool, 1.75 mm, Green
<a_24><b_96><c_194> :: ids=[2419] :: fam=3d_filament :: HATCHBOX 3D ABS-1KG1.75-BLU ABS 3D Printer Filament, Dimensional Accuracy +/- 0.03 mm, 1 kg Spool, 1.75 mm, Blue
<a_24><b_96><c_113> :: ids=[2582] :: fam=3d_filament :: HATCHBOX ABS 3D Printer Filament, Dimensional Accuracy +/- 0.03 mm, 1 kg Spool, 1.75 mm, Orange"
lost_vs_r680a,r680a,4331,3d_filament,2734,Inland 1.75mm White PLA 3D Printer Filament - 1kg Spool (2.2 lbs),<a_220><b_114><c_53>,21.0,,leaf_or_ranking_miss_after_l2_hit,0,0,"<a_178><b_165><c_148> :: ids=[2507] :: fam=3d_filament :: HATCHBOX PLA 3D Printer Filament, Dimensional Accuracy +/- 0.03 mm, 1 kg Spool, 1.75 mm, Silver
<a_220><b_114><c_145> :: ids=[2932] :: fam=3d_filament :: Inland 1.75mm Blue PLA 3D Printer Filament - 1kg Spool (2.2 lbs)
<a_212><b_17><c_91> :: ids=[2926] :: fam=3d_filament :: HICTOP 5 Pieces 3D Printer Extruder Hotend 1.75mm Nozzle Throat for Reprap Prusa I3
<a_178><b_150><c_117> :: ids=[2544] :: fam=3d_filament :: SainSmart Clear Flexible TPU 3D Printing Filament, 1.75 mm, 0.8 kg, Dimensional Accuracy +/- 0.05 mm
<a_178><b_143><c_111> :: ids=[3558] :: fam=3d_filament :: Professional Black 1.75mm PLA 3D Printer Filament, 1kg (2.2lb) Filament Weight, 0.05mm Tolerance, by ProMolt 3D",,8.0,"<a_14><b_202><c_86> :: ids=[2979] :: fam=3d_filament :: Inland 1.75mm Gray PLA 3D Printer Filament - 1kg Spool (2.2 lbs)
<a_14><b_202><c_139> :: ids=[2932] :: fam=3d_filament :: Inland 1.75mm Blue PLA 3D Printer Filament - 1kg Spool (2.2 lbs)
<a_37><b_2><c_79> :: ids=[2544] :: fam=3d_filament :: SainSmart Clear Flexible TPU 3D Printing Filament, 1.75 mm, 0.8 kg, Dimensional Accuracy +/- 0.05 mm
<a_14><b_202><c_60> :: ids=[2718] :: fam=3d_filament :: Inland 1.75mm Pink PLA 3D Printer Filament - 1kg Spool (2.2 lbs)
<a_14><b_202><c_2> :: ids=[2485] :: fam=3d_filament :: Inland 1.75mm Gold PLA 3D Printer Filament - 1kg Spool (2.2 lbs)"
lost_vs_r680a,r680a,4399,tape,278,"T-Rex 241309 Shurtech Ferociously Strong Tape, 12 Yd L X 1.88 in W, 1-Roll, 12 Yards, Gunmetal Gray",<a_31><b_128><c_98>,,,l2_routing_miss_after_l1_hit,1,3,"<a_31><b_207><c_43> :: ids=[1614] :: fam=tape :: 3M Scotchcal Striping Tape, 1/8 inch, White, 70201
<a_31><b_207><c_246> :: ids=[312] :: fam=tape :: 3M Safety Stripe Tape 5702 Black/Yellow, 1 in x 36 yd 5.4 mil, Conveniently Packaged (Pack of 1)
<a_31><b_166><c_65> :: ids=[1613] :: fam=tape :: 3M Scotch 75346883137 3M Scotch Scotchcal Striping Tape: 1/8"" x 40', Ultra Charcoal
<a_109><b_17><c_3> :: ids=[1205] :: fam=other :: PEI (Polyetherimide) Sheet, Opaque Off-White, Standard Tolerance, ASTM D5205 PEI0113, 0.03"" Thickness, 12"" Width, 24"" Length
<a_109><b_17><c_32> :: ids=[107] :: fam=other :: Polycarbonate (PC) Sheet, Transparent Clear, Standard Tolerance, ASTM D3935, 0.093"" Thickness, 12"" Width, 24"" Length",,8.0,"<a_29><b_34><c_30> :: ids=[1614] :: fam=tape :: 3M Scotchcal Striping Tape, 1/8 inch, White, 70201
<a_250><b_58><c_39> :: ids=[1613] :: fam=tape :: 3M Scotch 75346883137 3M Scotch Scotchcal Striping Tape: 1/8"" x 40', Ultra Charcoal
<a_185><b_58><c_15> :: ids=[1481] :: fam=connector_fitting :: Install Bay CCL1614 Crimp Cap Nylon Connector 16/14 Gauge Long Neck -100-Pack
<a_62><b_33><c_52> :: ids=[398] :: fam=other :: NTE Heat Shrink 2:1 Assorted Colors and Sizes 160 PCS
<a_246><b_68><c_211> :: ids=[1466] :: fam=other :: Seek Thermal Compact Imager for iOS-Apple"
lost_vs_r680a,r680a,4433,3d_filament,2718,Inland 1.75mm Pink PLA 3D Printer Filament - 1kg Spool (2.2 lbs),<a_220><b_114><c_59>,28.0,,leaf_or_ranking_miss_after_l2_hit,0,1,"<a_220><b_114><c_145> :: ids=[2932] :: fam=3d_filament :: Inland 1.75mm Blue PLA 3D Printer Filament - 1kg Spool (2.2 lbs)
<a_220><b_114><c_53> :: ids=[2734] :: fam=3d_filament :: Inland 1.75mm White PLA 3D Printer Filament - 1kg Spool (2.2 lbs)
<a_220><b_114><c_156> :: ids=[2934] :: fam=3d_filament :: Inland 1.75mm Yellow PLA 3D Printer Filament - 1kg Spool (2.2 lbs)
<a_220><b_114><c_96> :: ids=[3114] :: fam=3d_filament :: Inland 1.75mm Purple PLA 3D Printer Filament - 1kg Spool (2.2 lbs)
<a_178><b_150><c_117> :: ids=[2544] :: fam=3d_filament :: SainSmart Clear Flexible TPU 3D Printing Filament, 1.75 mm, 0.8 kg, Dimensional Accuracy +/- 0.05 mm",,4.0,"<a_14><b_202><c_139> :: ids=[2932] :: fam=3d_filament :: Inland 1.75mm Blue PLA 3D Printer Filament - 1kg Spool (2.2 lbs)
<a_14><b_202><c_2> :: ids=[2485] :: fam=3d_filament :: Inland 1.75mm Gold PLA 3D Printer Filament - 1kg Spool (2.2 lbs)
<a_14><b_202><c_86> :: ids=[2979] :: fam=3d_filament :: Inland 1.75mm Gray PLA 3D Printer Filament - 1kg Spool (2.2 lbs)
<a_14><b_202><c_60> :: ids=[2718] :: fam=3d_filament :: Inland 1.75mm Pink PLA 3D Printer Filament - 1kg Spool (2.2 lbs)
<a_107><b_3><c_159> :: ids=[1205] :: fam=other :: PEI (Polyetherimide) Sheet, Opaque Off-White, Standard Tolerance, ASTM D5205 PEI0113, 0.03"" Thickness, 12"" Width, 24"" Length"
lost_vs_r680a,r680a,4457,3d_filament,2718,Inland 1.75mm Pink PLA 3D Printer Filament - 1kg Spool (2.2 lbs),<a_220><b_114><c_59>,37.0,,leaf_or_ranking_miss_after_l2_hit,0,1,"<a_220><b_114><c_145> :: ids=[2932] :: fam=3d_filament :: Inland 1.75mm Blue PLA 3D Printer Filament - 1kg Spool (2.2 lbs)
<a_178><b_150><c_117> :: ids=[2544] :: fam=3d_filament :: SainSmart Clear Flexible TPU 3D Printing Filament, 1.75 mm, 0.8 kg, Dimensional Accuracy +/- 0.05 mm
<a_178><b_150><c_186> :: ids=[2714] :: fam=3d_filament :: NinjaFlex TPU 3D Printing Filament - 1.75mm .50kg - SAPPHIRE
<a_178><b_230><c_5> :: ids=[3016] :: fam=3d_filament :: HATCHBOX 3D Printer Filament, Dimensional Accuracy +/- 0.03mm, 1.75 mm, 1 kg Spool, Wood
<a_212><b_17><c_91> :: ids=[2926] :: fam=3d_filament :: HICTOP 5 Pieces 3D Printer Extruder Hotend 1.75mm Nozzle Throat for Reprap Prusa I3",,5.0,"<a_60><b_195><c_233> :: ids=[3444] :: fam=3d_filament :: RepRap Champion Metal J-Head V6 Hot End for RepRap 3D Printer 1.75mm Filament Direct Feed Extruder 0.4mm Nozzle
<a_14><b_189><c_136> :: ids=[3198] :: fam=3d_filament :: Inland 1.75mm Translucent Yellow PETG 3D Printer Filament - 1kg Spool (2.2 Lbs)
<a_14><b_202><c_86> :: ids=[2979] :: fam=3d_filament :: Inland 1.75mm Gray PLA 3D Printer Filament - 1kg Spool (2.2 lbs)
<a_14><b_202><c_139> :: ids=[2932] :: fam=3d_filament :: Inland 1.75mm Blue PLA 3D Printer Filament - 1kg Spool (2.2 lbs)
<a_14><b_202><c_60> :: ids=[2718] :: fam=3d_filament :: Inland 1.75mm Pink PLA 3D Printer Filament - 1kg Spool (2.2 lbs)"
lost_vs_r680a,r680a,4492,3d_filament,2718,Inland 1.75mm Pink PLA 3D Printer Filament - 1kg Spool (2.2 lbs),<a_220><b_114><c_59>,40.0,,leaf_or_ranking_miss_after_l2_hit,1,2,"<a_220><b_114><c_145> :: ids=[2932] :: fam=3d_filament :: Inland 1.75mm Blue PLA 3D Printer Filament - 1kg Spool (2.2 lbs)
<a_212><b_17><c_91> :: ids=[2926] :: fam=3d_filament :: HICTOP 5 Pieces 3D Printer Extruder Hotend 1.75mm Nozzle Throat for Reprap Prusa I3
<a_178><b_165><c_148> :: ids=[2507] :: fam=3d_filament :: HATCHBOX PLA 3D Printer Filament, Dimensional Accuracy +/- 0.03 mm, 1 kg Spool, 1.75 mm, Silver
<a_178><b_154><c_135> :: ids=[1851] :: fam=3d_filament :: HATCHBOX PLA 3D Printer Filament, Dimensional Accuracy +/- 0.03 mm, 1 kg Spool, 1.75 mm, Yellow
<a_220><b_114><c_156> :: ids=[2934] :: fam=3d_filament :: Inland 1.75mm Yellow PLA 3D Printer Filament - 1kg Spool (2.2 lbs)",,3.0,"<a_14><b_202><c_2> :: ids=[2485] :: fam=3d_filament :: Inland 1.75mm Gold PLA 3D Printer Filament - 1kg Spool (2.2 lbs)
<a_14><b_202><c_139> :: ids=[2932] :: fam=3d_filament :: Inland 1.75mm Blue PLA 3D Printer Filament - 1kg Spool (2.2 lbs)
<a_14><b_202><c_60> :: ids=[2718] :: fam=3d_filament :: Inland 1.75mm Pink PLA 3D Printer Filament - 1kg Spool (2.2 lbs)
<a_60><b_195><c_233> :: ids=[3444] :: fam=3d_filament :: RepRap Champion Metal J-Head V6 Hot End for RepRap 3D Printer 1.75mm Filament Direct Feed Extruder 0.4mm Nozzle
<a_14><b_202><c_86> :: ids=[2979] :: fam=3d_filament :: Inland 1.75mm Gray PLA 3D Printer Filament - 1kg Spool (2.2 lbs)"
lost_vs_v2,v2_on_p05,22,gauge_meter,181,"AcuRite 00613 Humidity Monitor with Indoor Thermometer, Digital Hygrometer and Humidity Gauge Indicator",<a_190><b_103><c_0>,13.0,10.0,l1_routing_miss,1,1,"<a_31><b_16><c_174> :: ids=[151] :: fam=tape :: Monoprice Hook & Loop Fastening Tape 5 yard/roll, 0.75-inch - Blue (105830)
<a_197><b_173><c_161> :: ids=[84] :: fam=gauge_meter :: Neiko 01409A Electronic Digital Caliper with Extra Large LCD Screen | 0 - 12 Inches | Inch/Fractions/Millimeter Conversion
<a_31><b_208><c_41> :: ids=[125] :: fam=tape :: Gorilla 6100101 Tape Handy Roll, 1-Pack, Black
<a_31><b_208><c_1> :: ids=[991] :: fam=tape :: Pro Gaffer Gaffers Tape, 2 in x 55 yd, Black
<a_31><b_34><c_201> :: ids=[1840] :: fam=tape :: TapeCase 3430 0.75in X 5yd White Reflective Tape (1 Roll)","<a_47><b_233><c_195> :: ids=[151] :: fam=tape :: Monoprice Hook & Loop Fastening Tape 5 yard/roll, 0.75-inch - Blue (105830)
<a_171><b_49><c_238> :: ids=[2551] :: fam=tape :: 3M Performance Plus Duct Tape 8979 Slate Blue, 48 mm x 22.8 m (Pack of 1)
<a_65><b_81><c_238> :: ids=[172] :: fam=adhesive_epoxy :: Gorilla Super Glue Gel, 15 Gram, Clear
<a_65><b_21><c_113> :: ids=[114] :: fam=adhesive_epoxy :: Super Glue 15187 Super Glue, 12-Pack
<a_246><b_72><c_138> :: ids=[125] :: fam=tape :: Gorilla 6100101 Tape Handy Roll, 1-Pack, Black",,
lost_vs_v2,v2_on_p05,56,other,507,"Stainless Flat Washers 1/4 Inch, 304 Stainless Steel, 100 pieces (1/4 Flat Washer) by ""Chenango Supply Co., Inc.",<a_68><b_85><c_69>,,1.0,l1_routing_miss,1,2,"<a_162><b_155><c_123> :: ids=[728] :: fam=other :: Cold Rolled Steel A513 Drawn Over Mandrel Round Tubing, ASTM A513, 1-1/4"" OD, 1.01"" ID, 0.12"" Wall, 72"" Length
<a_235><b_239><c_31> :: ids=[506] :: fam=fastener :: Stainless 1/4-20 Hex Nuts, USS Coarse Thread, 304 Stainless Steel, 100 pieces (1/4 Hex Nuts)
<a_109><b_114><c_135> :: ids=[176] :: fam=other :: URBEST 530 Pcs 2:1 Heat Shrink Tubing Tube Sleeving Wrap Cable Wire 5 Color 8 Size
<a_31><b_155><c_192> :: ids=[168] :: fam=tape :: Scotch Super 33+ Vinyl Electrical Tape, 3/4 in x 66 ft
<a_231><b_198><c_94> :: ids=[800] :: fam=connector_fitting :: Anderson Metals 57001-0402 Brass Hose Fitting, Adapter, 1/4"" Barb x 1/8"" NPT Male Pipe","<a_105><b_119><c_66> :: ids=[507] :: fam=other :: Stainless Flat Washers 1/4 Inch, 304 Stainless Steel, 100 pieces (1/4 Flat Washer) by ""Chenango Supply Co., Inc.
<a_105><b_154><c_58> :: ids=[3314] :: fam=connector_fitting :: Stainless Steel 316/316L Pipe Fitting, Nipple, Schedule 40 Welded, 3/4"" X 2-1/2"" NPT Male
<a_105><b_102><c_135> :: ids=[2830] :: fam=connector_fitting :: Stainless Steel 316/316L Pipe Fitting, Nipple, Schedule 40, Seamless, 1"" X 5-1/2"" NPT Male by Merit Brass
<a_105><b_106><c_16> :: ids=[506] :: fam=fastener :: Stainless 1/4-20 Hex Nuts, USS Coarse Thread, 304 Stainless Steel, 100 pieces (1/4 Hex Nuts)
<a_105><b_136><c_58> :: ids=[101] :: fam=connector_fitting :: Stainless Steel 304/304L Pipe Fitting, Nipple, Schedule 40 Welded, 4"" X 6"" NPT Male by Merit Brass",,
lost_vs_v2,v2_on_p05,78,3d_filament,2697,"3D Solutech Real White 3D Printer PLA Filament 1.75MM Filament, Dimensional Accuracy +/- 0.03 mm, 2.2 LBS (1.0KG)",<a_178><b_14><c_75>,26.0,10.0,leaf_or_ranking_miss_after_l2_hit,0,1,"<a_178><b_165><c_148> :: ids=[2507] :: fam=3d_filament :: HATCHBOX PLA 3D Printer Filament, Dimensional Accuracy +/- 0.03 mm, 1 kg Spool, 1.75 mm, Silver
<a_178><b_14><c_6> :: ids=[2909, 3494] :: fam=3d_filament :: 3D Solutech Silver Metal 3D Printer PLA Filament 1.75MM Filament, Dimensional Accuracy +/- 0.03 mm, 2.2 LBS (1.0KG) - PLA175TCMS / 3D Solutech Real Yellow 3D Pr
<a_178><b_150><c_117> :: ids=[2544] :: fam=3d_filament :: SainSmart Clear Flexible TPU 3D Printing Filament, 1.75 mm, 0.8 kg, Dimensional Accuracy +/- 0.05 mm
<a_178><b_14><c_107> :: ids=[2161] :: fam=3d_filament :: 3D Solutech Natural Clear 1.75mm 3D Printer PLA Filament, Dimensional Accuracy +/- 0.03 mm, 2.2 LBS (1.0KG)
<a_178><b_154><c_135> :: ids=[1851] :: fam=3d_filament :: HATCHBOX PLA 3D Printer Filament, Dimensional Accuracy +/- 0.03 mm, 1 kg Spool, 1.75 mm, Yellow","<a_112><b_65><c_53> :: ids=[1850] :: fam=3d_filament :: HATCHBOX PLA 3D Printer Filament, Dimensional Accuracy +/- 0.03 mm, 1 kg Spool, 1.75 mm, Red
<a_112><b_65><c_32> :: ids=[2507] :: fam=3d_filament :: HATCHBOX PLA 3D Printer Filament, Dimensional Accuracy +/- 0.03 mm, 1 kg Spool, 1.75 mm, Silver
<a_112><b_65><c_58> :: ids=[50] :: fam=3d_filament :: HATCHBOX PLA 3D Printer Filament, Dimensional Accuracy +/- 0.03 mm, 1 kg Spool, 1.75 mm, Blue
<a_112><b_65><c_164> :: ids=[1851] :: fam=3d_filament :: HATCHBOX PLA 3D Printer Filament, Dimensional Accuracy +/- 0.03 mm, 1 kg Spool, 1.75 mm, Yellow
<a_112><b_65><c_103> :: ids=[2152] :: fam=3d_filament :: HATCHBOX PLA 3D Printer Filament, Dimensional Accuracy +/- 0.03 mm, 1 kg Spool, 1.75 mm, Gold",,
lost_vs_v2,v2_on_p05,128,gauge_meter,181,"AcuRite 00613 Humidity Monitor with Indoor Thermometer, Digital Hygrometer and Humidity Gauge Indicator",<a_190><b_103><c_0>,,4.0,l1_routing_miss,1,1,"<a_114><b_225><c_11> :: ids=[1257] :: fam=gauge_meter :: The Ghost Meter EMF Sensor
<a_114><b_127><c_11> :: ids=[900] :: fam=gauge_meter :: Cell Sensor EMF Detection Meter
<a_114><b_10><c_113> :: ids=[2857] :: fam=gauge_meter :: Lutron 822-A Fully Digital EMF Meter (Wide Range, High Resolution)
<a_114><b_117><c_245> :: ids=[1466] :: fam=other :: Seek Thermal Compact Imager for iOS-Apple
<a_114><b_10><c_11> :: ids=[899] :: fam=gauge_meter :: Extech 480823 Extremely Low Frequency Electromagnetic Field Meter","<a_154><b_64><c_142> :: ids=[1257] :: fam=gauge_meter :: The Ghost Meter EMF Sensor
<a_154><b_174><c_70> :: ids=[900] :: fam=gauge_meter :: Cell Sensor EMF Detection Meter
<a_175><b_13><c_126> :: ids=[2938] :: fam=ventilation_fan :: VenTech VT DUCT-6 VTD625 Aluminum Duct for Ventilation Ducting, 6''
<a_154><b_37><c_0> :: ids=[181, 182] :: fam=gauge_meter :: AcuRite 00613 Humidity Monitor with Indoor Thermometer, Digital Hygrometer and Humidity Gauge Indicator / AcuRite 00613 Humidity Monitor with Indoor Thermometer
<a_154><b_16><c_130> :: ids=[2857] :: fam=gauge_meter :: Lutron 822-A Fully Digital EMF Meter (Wide Range, High Resolution)",,
lost_vs_v2,v2_on_p05,158,gauge_meter,1911,uxcell 1 Meter 65 Flat width 40mm Dia Ratio 2:1 Heat Shrinkable Shrinking Tube Black,<a_115><b_121><c_191>,,2.0,l1_routing_miss,1,3,"<a_238><b_83><c_216> :: ids=[814] :: fam=other :: DEWALT DW4902 1-Inch by 1/4-Inch High Performance Carbon Knot Wire End Brush, 0.020-Inch Wire
<a_92><b_110><c_254> :: ids=[1042] :: fam=other :: uxcell Mandrel Mounted White Conical Felt Point Polishing Tool
<a_92><b_200><c_192> :: ids=[341] :: fam=other :: Neiko 11108A 4.5&rdquo; x 7/8-Inch Aluminum Oxide Flap Disc, 80 Grit | Flat Type #27 | 10-Pack
<a_154><b_254><c_212> :: ids=[98] :: fam=metadata_placeholder :: Industrial & Scientific"" />
<a_7><b_141><c_102> :: ids=[1395] :: fam=fastener :: KREG Tools SSW Kreg Screw Selector Wheel. Woodworking","<a_48><b_246><c_16> :: ids=[837] :: fam=other :: Commando Grinding Wheel Dresser with Flat Diamond Coated Surface for Truing Grinding & Deburring Wheels
<a_168><b_151><c_0> :: ids=[1911] :: fam=gauge_meter :: uxcell 1 Meter 65 Flat width 40mm Dia Ratio 2:1 Heat Shrinkable Shrinking Tube Black
<a_83><b_200><c_167> :: ids=[1839] :: fam=gauge_meter :: Bare Copper Wire, Bright, 14 AWG, 0.064"" Diameter, 80' Length (Pack of 1)
<a_168><b_151><c_1> :: ids=[1910] :: fam=gauge_meter :: Uxcell s14100400am3045 1 Meter 50mm Dia Ratio 2:1 Heat Shrinkable Shrinking Tube Black (Pack of 1)
<a_48><b_18><c_223> :: ids=[1042] :: fam=other :: uxcell Mandrel Mounted White Conical Felt Point Polishing Tool",,
lost_vs_v2,v2_on_p05,164,3d_filament,2419,"HATCHBOX 3D ABS-1KG1.75-BLU ABS 3D Printer Filament, Dimensional Accuracy +/- 0.03 mm, 1 kg Spool, 1.75 mm, Blue",<a_178><b_154><c_1>,12.0,5.0,leaf_or_ranking_miss_after_l2_hit,1,3,"<a_178><b_154><c_141> :: ids=[2472] :: fam=3d_filament :: HATCHBOX ABS 3D Printer Filament, Dimensional Accuracy +/- 0.03 mm, 1 kg Spool, 1.75 mm, Black
<a_178><b_154><c_50> :: ids=[444] :: fam=3d_filament :: HATCHBOX ABS 3D Printer Filament, Dimensional Accuracy +/- 0.03 mm, 1 kg Spool, 1.75 mm, White
<a_178><b_150><c_117> :: ids=[2544] :: fam=3d_filament :: SainSmart Clear Flexible TPU 3D Printing Filament, 1.75 mm, 0.8 kg, Dimensional Accuracy +/- 0.05 mm
<a_178><b_46><c_65> :: ids=[2333] :: fam=3d_filament :: eSUN 3D Printer CLEANING Filament 1.75mm Natural 0.1kg for all 1.75mm FDM 3D Printers, 1.75mm Cleaning
<a_178><b_154><c_88> :: ids=[3488] :: fam=3d_filament :: HATCHBOX ABS 3D Printer Filament, Dimensional Accuracy +/- 0.03 mm, 1 kg Spool, 1.75 mm, Transparent Red","<a_45><b_249><c_244> :: ids=[1847] :: fam=3d_filament :: HATCHBOX PLA 3D Printer Filament, Dimensional Accuracy +/- 0.03 mm, 1 kg Spool, 1.75 mm, White
<a_112><b_39><c_35> :: ids=[2715, 3480] :: fam=3d_filament :: HATCHBOX ABS 3D Printer Filament, Dimensional Accuracy +/- 0.03mm, 1 kg Spool, 1.75 mm, Transparent Black / HATCHBOX ABS 3D Printer Filament, Dimensional Accura
<a_112><b_39><c_28> :: ids=[2583] :: fam=3d_filament :: HATCHBOX ABS 3D Printer Filament, Dimensional Accuracy +/- 0.05 mm, 1 kg Spool, 1.75 mm, Green
<a_112><b_39><c_179> :: ids=[2472] :: fam=3d_filament :: HATCHBOX ABS 3D Printer Filament, Dimensional Accuracy +/- 0.03 mm, 1 kg Spool, 1.75 mm, Black
<a_112><b_39><c_176> :: ids=[2419] :: fam=3d_filament :: HATCHBOX 3D ABS-1KG1.75-BLU ABS 3D Printer Filament, Dimensional Accuracy +/- 0.03 mm, 1 kg Spool, 1.75 mm, Blue",,
lost_vs_v2,v2_on_p05,172,3d_filament,2333,"eSUN 3D Printer CLEANING Filament 1.75mm Natural 0.1kg for all 1.75mm FDM 3D Printers, 1.75mm Cleaning",<a_178><b_46><c_65>,24.0,7.0,l2_routing_miss_after_l1_hit,0,0,"<a_220><b_114><c_145> :: ids=[2932] :: fam=3d_filament :: Inland 1.75mm Blue PLA 3D Printer Filament - 1kg Spool (2.2 lbs)
<a_178><b_150><c_117> :: ids=[2544] :: fam=3d_filament :: SainSmart Clear Flexible TPU 3D Printing Filament, 1.75 mm, 0.8 kg, Dimensional Accuracy +/- 0.05 mm
<a_193><b_46><c_91> :: ids=[563] :: fam=3d_filament :: Foreasy 3D Printer Tool 3D Print Removal Tool Enhanced Version Set of 2
<a_178><b_166><c_183> :: ids=[2477] :: fam=3d_filament :: BAMtack! 1.75mm Black PLA 3D Printer Filament - 1kg (2.2 lbs) - Dimensional Accuracy +/- 0.03mm
<a_178><b_230><c_5> :: ids=[3016] :: fam=3d_filament :: HATCHBOX 3D Printer Filament, Dimensional Accuracy +/- 0.03mm, 1.75 mm, 1 kg Spool, Wood","<a_112><b_35><c_32> :: ids=[3670] :: fam=3d_filament :: HATCHBOX PETG 3D Printer Filament, Dimensional Accuracy +/- 0.03 mm, 1 kg Spool, 1.75 mm, Red
<a_33><b_35><c_241> :: ids=[2979] :: fam=3d_filament :: Inland 1.75mm Gray PLA 3D Printer Filament - 1kg Spool (2.2 lbs)
<a_211><b_35><c_13> :: ids=[2703] :: fam=3d_filament :: eSUN 3D 1.75mm PETG Black Filament 1kg (2.2lb), PETG 3D Printer Filament, 1.75mm Solid Opaque Black
<a_202><b_149><c_116> :: ids=[3267] :: fam=3d_filament :: Filabot TB1 Taulman BRIDGE Filament, 1.75 mm, White
<a_22><b_35><c_222> :: ids=[3665] :: fam=3d_filament :: American 3D Supply PLA 3D Printer Filament, 1 kg Spool, 1.75 mm, Red",,
lost_vs_v2,v2_on_p05,204,test_strip,560,"Litmus pH Test Strips, Universal Application (pH 1-14), 2 Packs of 100 Strips",<a_153><b_27><c_240>,17.0,6.0,l2_routing_miss_after_l1_hit,1,2,"<a_190><b_103><c_0> :: ids=[181, 182] :: fam=gauge_meter :: AcuRite 00613 Humidity Monitor with Indoor Thermometer, Digital Hygrometer and Humidity Gauge Indicator / AcuRite 00613 Humidity Monitor with Indoor Thermometer
<a_153><b_100><c_149> :: ids=[2321] :: fam=other :: HM Digital C342 TDS and EC Calibration Solution, 342 ppm (NaCl), 90 ml Volume
<a_153><b_222><c_166> :: ids=[1834] :: fam=other :: General Hydroponics Ph 7.0 Calibration Solution - 8 Ounces, 1 bottle
<a_35><b_170><c_107> :: ids=[218] :: fam=ventilation_fan :: Phresh Duct Silencer 8 in x 24 in
<a_153><b_247><c_69> :: ids=[944] :: fam=test_strip :: General Hydroponics PH Test Kit, 1-Ounce","<a_175><b_178><c_119> :: ids=[218] :: fam=ventilation_fan :: Phresh Duct Silencer 8 in x 24 in
<a_175><b_13><c_126> :: ids=[2938] :: fam=ventilation_fan :: VenTech VT DUCT-6 VTD625 Aluminum Duct for Ventilation Ducting, 6''
<a_200><b_114><c_10> :: ids=[1834] :: fam=other :: General Hydroponics Ph 7.0 Calibration Solution - 8 Ounces, 1 bottle
<a_154><b_37><c_0> :: ids=[181, 182] :: fam=gauge_meter :: AcuRite 00613 Humidity Monitor with Indoor Thermometer, Digital Hygrometer and Humidity Gauge Indicator / AcuRite 00613 Humidity Monitor with Indoor Thermometer
<a_13><b_180><c_21> :: ids=[2321] :: fam=other :: HM Digital C342 TDS and EC Calibration Solution, 342 ppm (NaCl), 90 ml Volume",,
lost_vs_v2,v2_on_p05,239,3d_filament,2912,Inland 1.75mm Black PLA 3D Printer Filament - 1kg Spool (2.2 lbs),<a_220><b_114><c_173>,35.0,10.0,leaf_or_ranking_miss_after_l2_hit,0,1,"<a_178><b_156><c_58> :: ids=[2157] :: fam=3d_filament :: eSUN 3D 1.75mm PETG Blue Filament 1kg (2.2lb), PETG 3D Printer Filament, 1.75mm Semi-Transparent Blue
<a_178><b_156><c_135> :: ids=[2893] :: fam=3d_filament :: eSUN 3D 1.75mm PETG White Filament 1kg (2.2lb), PETG 3D Printer Filament, 1.75mm Solid Opaque White
<a_178><b_156><c_59> :: ids=[2703] :: fam=3d_filament :: eSUN 3D 1.75mm PETG Black Filament 1kg (2.2lb), PETG 3D Printer Filament, 1.75mm Solid Opaque Black
<a_178><b_20><c_140> :: ids=[1794] :: fam=3d_filament :: Filabot 910175 Taulman 910 Alloy, 1.75"" Filament Diameter, Natural
<a_178><b_156><c_72> :: ids=[3648] :: fam=3d_filament :: eSUN 3D 1.75mm PETG Orange Filament 1kg (2.2lb), PETG 3D Printer Filament, Semi-Transparent 1.75mm Orange","<a_211><b_35><c_13> :: ids=[2703] :: fam=3d_filament :: eSUN 3D 1.75mm PETG Black Filament 1kg (2.2lb), PETG 3D Printer Filament, 1.75mm Solid Opaque Black
<a_211><b_35><c_200> :: ids=[2893] :: fam=3d_filament :: eSUN 3D 1.75mm PETG White Filament 1kg (2.2lb), PETG 3D Printer Filament, 1.75mm Solid Opaque White
<a_211><b_35><c_45> :: ids=[2158] :: fam=3d_filament :: eSUN 3D 1.75mm PETG Green Filament 1kg (2.2lb), PETG 3D Printer Filament, Semi-Transparent 1.75mm Green
<a_211><b_35><c_7> :: ids=[2157] :: fam=3d_filament :: eSUN 3D 1.75mm PETG Blue Filament 1kg (2.2lb), PETG 3D Printer Filament, 1.75mm Semi-Transparent Blue
<a_226><b_148><c_116> :: ids=[2333] :: fam=3d_filament :: eSUN 3D Printer CLEANING Filament 1.75mm Natural 0.1kg for all 1.75mm FDM 3D Printers, 1.75mm Cleaning",,
lost_vs_v2,v2_on_p05,255,connector_fitting,201,"ColorConnex Coupler & Plug Kit (7 Piece), Industrial Type D, 1/4 in. NPT, Red - A73457D",<a_40><b_72><c_127>,,6.0,l2_routing_miss_after_l1_hit,1,2,"<a_40><b_5><c_186> :: ids=[2430] :: fam=connector_fitting :: Yueton 100pcs Red 22/18- Gauge Nylon Male Fully-Insulated Quick Disconnects Wiring Spade Wire Crimp Terminal
<a_181><b_154><c_40> :: ids=[857] :: fam=other :: Dixon FBVG100 Brass Ball Valve, 1"" NPT Female
<a_166><b_130><c_26> :: ids=[1035] :: fam=connector_fitting :: Anderson Metals Brass Pipe Fitting, 90 Degree Barstock Street Elbow, 3/8"" Male Pipe x 3/8"" Female Pipe
<a_166><b_31><c_194> :: ids=[3345] :: fam=connector_fitting :: Red Brass Pipe Fitting, Nipple, Schedule 40 Seamless, 1/4"" NPT Male X 3"" Length
<a_40><b_5><c_52> :: ids=[2617] :: fam=connector_fitting :: Yueton&reg; 100pcs Yellow 12/10-Gauge Economy Nylon Male Fully-Insulated Quick Disconnects Wiring Spade Wire Crimp Terminal","<a_206><b_210><c_243> :: ids=[3297] :: fam=gauge_meter :: LDR 020 9645 Pressure Gauge, 3/4-Inch IPS, 200 lb. Pressure
<a_206><b_54><c_152> :: ids=[1455] :: fam=gauge_meter :: Absolute USA MQD1614B 16/14 Gauge Nylon Fully Insulated Male Quick Disconnects (Blue)
<a_24><b_110><c_168> :: ids=[157] :: fam=connector_fitting :: Yueton 100pcs Female Fully Insulated Wire Crimp Terminal Nylon Quick Connectors Wiring Spade
<a_24><b_110><c_201> :: ids=[2430] :: fam=connector_fitting :: Yueton 100pcs Red 22/18- Gauge Nylon Male Fully-Insulated Quick Disconnects Wiring Spade Wire Crimp Terminal
<a_122><b_21><c_112> :: ids=[1768] :: fam=connector_fitting :: Anderson Metals Brass Pipe Fitting, Barstock Street Tee, 1/8"" Female Pipe x 1/8"" Male Pipe x 1/8"" Female Pipe",,
lost_vs_v2,v2_on_p05,263,tape,175,"Gorilla Crystal Clear Duct Tape, 1.88&rdquo; x 9 yd, Clear, (Pack of 1)",<a_31><b_89><c_133>,25.0,1.0,l2_routing_miss_after_l1_hit,1,3,"<a_185><b_254><c_5> :: ids=[1546] :: fam=other :: BreakFree CLP-PS Precision Shooter
<a_168><b_161><c_138> :: ids=[141] :: fam=other :: Break-Free CLP-2 Cleaner Lubricant Preservative 4 oz (113.4 gram) Aerosol
<a_31><b_208><c_41> :: ids=[125] :: fam=tape :: Gorilla 6100101 Tape Handy Roll, 1-Pack, Black
<a_168><b_127><c_130> :: ids=[340] :: fam=other :: Break-Free CLP-4 Cleaner Lubricant Preservative Squeeze Bottle (4 -Fluid Ounce)
<a_185><b_83><c_203> :: ids=[457] :: fam=other :: CRC 03400 16oz Truetap Cutting Fluid Heavy Duty Bottle","<a_79><b_21><c_174> :: ids=[175] :: fam=tape :: Gorilla Crystal Clear Duct Tape, 1.88&rdquo; x 9 yd, Clear, (Pack of 1)
<a_246><b_72><c_138> :: ids=[125] :: fam=tape :: Gorilla 6100101 Tape Handy Roll, 1-Pack, Black
<a_65><b_81><c_238> :: ids=[172] :: fam=adhesive_epoxy :: Gorilla Super Glue Gel, 15 Gram, Clear
<a_171><b_140><c_31> :: ids=[130] :: fam=tape :: Gorilla Tape, Black Duct Tape, 1.88"" x 35 yd, Black, (Pack of 1)
<a_65><b_21><c_113> :: ids=[114] :: fam=adhesive_epoxy :: Super Glue 15187 Super Glue, 12-Pack",,
lost_vs_v2,v2_on_p05,323,tape,724,"Duck Brand EZ Start Packing Tape With Dispenser, 1.88 Inch x 22.2 Yard, Clear, 1 Roll (393185)",<a_31><b_56><c_18>,,3.0,l2_routing_miss_after_l1_hit,1,2,"<a_73><b_93><c_221> :: ids=[783] :: fam=other :: 3M 90128-00001, 18"" Professional Quality Non Reflective  Safety Cone, 1-Pack,3M,90128-00001"" />
<a_73><b_92><c_133> :: ids=[691] :: fam=other :: Deft Interior Clear Wood Finish Gloss Lacquer, 12.25-Ounce Aerosol Spray
<a_31><b_208><c_41> :: ids=[125] :: fam=tape :: Gorilla 6100101 Tape Handy Roll, 1-Pack, Black
<a_243><b_92><c_0> :: ids=[2375] :: fam=fastener :: #1 Best Quality Zinc Self Drilling Drywall Anchors with Screws Kit, 100 Pieces All Together
<a_31><b_179><c_201> :: ids=[467] :: fam=tape :: 3M Utility Duct Tape 2929 Silver, 1.88 in x 50 yd 5.8 mils (Pack of 1)","<a_225><b_228><c_238> :: ids=[1941] :: fam=other :: Red Devil 077020 Lifetime Ultra Premium Elastomeric Acrylic Latex Sealant, 10.1-Ounce, Almond
<a_50><b_224><c_146> :: ids=[515] :: fam=other :: Chemical Guys ACC_121.32HD Chemical Resistant Heavy Duty Bottle and Sprayer (32 oz)
<a_234><b_249><c_250> :: ids=[724] :: fam=tape :: Duck Brand EZ Start Packing Tape With Dispenser, 1.88 Inch x 22.2 Yard, Clear, 1 Roll (393185)
<a_18><b_139><c_248> :: ids=[123] :: fam=other :: Red Devil 0325 Steel Wool, 2 Medium Course, 8 Pads
<a_62><b_245><c_68> :: ids=[914] :: fam=fastener :: The Hillman Group 591518 Small Machine Screws with Nuts Assortment, 195-Pack",,
lost_vs_v2,v2_on_p05,333,3d_filament,2734,Inland 1.75mm White PLA 3D Printer Filament - 1kg Spool (2.2 lbs),<a_220><b_114><c_53>,,10.0,l1_routing_miss,0,1,"<a_178><b_150><c_117> :: ids=[2544] :: fam=3d_filament :: SainSmart Clear Flexible TPU 3D Printing Filament, 1.75 mm, 0.8 kg, Dimensional Accuracy +/- 0.05 mm
<a_178><b_150><c_186> :: ids=[2714] :: fam=3d_filament :: NinjaFlex TPU 3D Printing Filament - 1.75mm .50kg - SAPPHIRE
<a_178><b_230><c_5> :: ids=[3016] :: fam=3d_filament :: HATCHBOX 3D Printer Filament, Dimensional Accuracy +/- 0.03mm, 1.75 mm, 1 kg Spool, Wood
<a_178><b_166><c_183> :: ids=[2477] :: fam=3d_filament :: BAMtack! 1.75mm Black PLA 3D Printer Filament - 1kg (2.2 lbs) - Dimensional Accuracy +/- 0.03mm
<a_178><b_235><c_186> :: ids=[3478] :: fam=3d_filament :: NinjaFlex TPU Flexible Filament 1.75mm 50g Midnight (black)","<a_211><b_214><c_5> :: ids=[2714] :: fam=3d_filament :: NinjaFlex TPU 3D Printing Filament - 1.75mm .50kg - SAPPHIRE
<a_33><b_35><c_241> :: ids=[2979] :: fam=3d_filament :: Inland 1.75mm Gray PLA 3D Printer Filament - 1kg Spool (2.2 lbs)
<a_211><b_147><c_178> :: ids=[2544] :: fam=3d_filament :: SainSmart Clear Flexible TPU 3D Printing Filament, 1.75 mm, 0.8 kg, Dimensional Accuracy +/- 0.05 mm
<a_33><b_187><c_0> :: ids=[1206] :: fam=3d_filament :: eSUN 1.75mm Black PLA PRO (PLA+) 3D Printer Filament 1KG Spool (2.2lbs), Black
<a_202><b_149><c_116> :: ids=[3267] :: fam=3d_filament :: Filabot TB1 Taulman BRIDGE Filament, 1.75 mm, White",,
lost_vs_v2,v2_on_p05,399,3d_filament,3405,"HATCHBOX PETG 3D Printer Filament, Dimensional Accuracy +/- 0.03 mm, 1 kg Spool, 1.75 mm, Black",<a_178><b_255><c_19>,,5.0,l2_routing_miss_after_l1_hit,0,1,"<a_178><b_150><c_117> :: ids=[2544] :: fam=3d_filament :: SainSmart Clear Flexible TPU 3D Printing Filament, 1.75 mm, 0.8 kg, Dimensional Accuracy +/- 0.05 mm
<a_178><b_230><c_5> :: ids=[3016] :: fam=3d_filament :: HATCHBOX 3D Printer Filament, Dimensional Accuracy +/- 0.03mm, 1.75 mm, 1 kg Spool, Wood
<a_178><b_165><c_148> :: ids=[2507] :: fam=3d_filament :: HATCHBOX PLA 3D Printer Filament, Dimensional Accuracy +/- 0.03 mm, 1 kg Spool, 1.75 mm, Silver
<a_193><b_46><c_91> :: ids=[563] :: fam=3d_filament :: Foreasy 3D Printer Tool 3D Print Removal Tool Enhanced Version Set of 2
<a_178><b_166><c_183> :: ids=[2477] :: fam=3d_filament :: BAMtack! 1.75mm Black PLA 3D Printer Filament - 1kg (2.2 lbs) - Dimensional Accuracy +/- 0.03mm","<a_112><b_35><c_32> :: ids=[3670] :: fam=3d_filament :: HATCHBOX PETG 3D Printer Filament, Dimensional Accuracy +/- 0.03 mm, 1 kg Spool, 1.75 mm, Red
<a_211><b_147><c_178> :: ids=[2544] :: fam=3d_filament :: SainSmart Clear Flexible TPU 3D Printing Filament, 1.75 mm, 0.8 kg, Dimensional Accuracy +/- 0.05 mm
<a_112><b_65><c_53> :: ids=[1850] :: fam=3d_filament :: HATCHBOX PLA 3D Printer Filament, Dimensional Accuracy +/- 0.03 mm, 1 kg Spool, 1.75 mm, Red
<a_112><b_65><c_32> :: ids=[2507] :: fam=3d_filament :: HATCHBOX PLA 3D Printer Filament, Dimensional Accuracy +/- 0.03 mm, 1 kg Spool, 1.75 mm, Silver
<a_112><b_35><c_4> :: ids=[3405] :: fam=3d_filament :: HATCHBOX PETG 3D Printer Filament, Dimensional Accuracy +/- 0.03 mm, 1 kg Spool, 1.75 mm, Black",,
lost_vs_v2,v2_on_p05,479,fastener,796,Hillman Toggle Bolt 90 Lb. 5 / Card,<a_68><b_168><c_135>,11.0,2.0,l2_routing_miss_after_l1_hit,1,2,"<a_68><b_5><c_24> :: ids=[37] :: fam=other :: The Hillman Group 591521 Small Flat and Lock Washer Assortment, 270-Pack
<a_235><b_8><c_1> :: ids=[3] :: fam=fastener :: Kreg SML-C125-500 1-1/4-Inch #8 Coarse Pocket Hole Screws with Washer-Head, 500-Pack
<a_209><b_33><c_25> :: ids=[577] :: fam=other :: Neiko 50458A Snap Ring Shop Assortment, 300 Count | 18 Sizes (1/8"" - 1-1/4"") | Hardened Steel
<a_235><b_173><c_182> :: ids=[603] :: fam=fastener :: The Hillman Group 591519 Small Small Wood Screw Assortment, 195-Pack
<a_7><b_141><c_102> :: ids=[1395] :: fam=fastener :: KREG Tools SSW Kreg Screw Selector Wheel. Woodworking","<a_105><b_5><c_225> :: ids=[37] :: fam=other :: The Hillman Group 591521 Small Flat and Lock Washer Assortment, 270-Pack
<a_62><b_52><c_39> :: ids=[796] :: fam=fastener :: Hillman Toggle Bolt 90 Lb. 5 / Card
<a_62><b_52><c_155> :: ids=[795] :: fam=fastener :: The Hillman Group 41429 Round Head Toggle Bolt, 1/4-Inch x 4-Inch, 5-Pack
<a_87><b_70><c_104> :: ids=[359] :: fam=fastener :: Kreg SK03 Pocket-Hole Screw Kit in 5 Sizes
<a_62><b_245><c_68> :: ids=[914] :: fam=fastener :: The Hillman Group 591518 Small Machine Screws with Nuts Assortment, 195-Pack",,
lost_vs_v2,v2_on_p05,501,3d_filament,2912,Inland 1.75mm Black PLA 3D Printer Filament - 1kg Spool (2.2 lbs),<a_220><b_114><c_173>,,5.0,leaf_or_ranking_miss_after_l2_hit,0,0,"<a_178><b_154><c_135> :: ids=[1851] :: fam=3d_filament :: HATCHBOX PLA 3D Printer Filament, Dimensional Accuracy +/- 0.03 mm, 1 kg Spool, 1.75 mm, Yellow
<a_178><b_165><c_148> :: ids=[2507] :: fam=3d_filament :: HATCHBOX PLA 3D Printer Filament, Dimensional Accuracy +/- 0.03 mm, 1 kg Spool, 1.75 mm, Silver
<a_178><b_252><c_162> :: ids=[1847] :: fam=3d_filament :: HATCHBOX PLA 3D Printer Filament, Dimensional Accuracy +/- 0.03 mm, 1 kg Spool, 1.75 mm, White
<a_178><b_230><c_5> :: ids=[3016] :: fam=3d_filament :: HATCHBOX 3D Printer Filament, Dimensional Accuracy +/- 0.03mm, 1.75 mm, 1 kg Spool, Wood
<a_178><b_150><c_117> :: ids=[2544] :: fam=3d_filament :: SainSmart Clear Flexible TPU 3D Printing Filament, 1.75 mm, 0.8 kg, Dimensional Accuracy +/- 0.05 mm","<a_45><b_249><c_244> :: ids=[1847] :: fam=3d_filament :: HATCHBOX PLA 3D Printer Filament, Dimensional Accuracy +/- 0.03 mm, 1 kg Spool, 1.75 mm, White
<a_112><b_65><c_53> :: ids=[1850] :: fam=3d_filament :: HATCHBOX PLA 3D Printer Filament, Dimensional Accuracy +/- 0.03 mm, 1 kg Spool, 1.75 mm, Red
<a_33><b_187><c_0> :: ids=[1206] :: fam=3d_filament :: eSUN 1.75mm Black PLA PRO (PLA+) 3D Printer Filament 1KG Spool (2.2lbs), Black
<a_33><b_35><c_241> :: ids=[2979] :: fam=3d_filament :: Inland 1.75mm Gray PLA 3D Printer Filament - 1kg Spool (2.2 lbs)
<a_33><b_187><c_6> :: ids=[2912] :: fam=3d_filament :: Inland 1.75mm Black PLA 3D Printer Filament - 1kg Spool (2.2 lbs)",,
lost_vs_v2,v2_on_p05,514,3d_filament,3522,"3D Solutech Real Blue 3D Printer PLA Filament 1.75MM Filament, Dimensional Accuracy +/- 0.03 mm, 2.2 LBS (1.0KG) - ST176BLPLA",<a_178><b_14><c_183>,19.0,7.0,leaf_or_ranking_miss_after_l2_hit,0,4,"<a_178><b_14><c_6> :: ids=[2909, 3494] :: fam=3d_filament :: 3D Solutech Silver Metal 3D Printer PLA Filament 1.75MM Filament, Dimensional Accuracy +/- 0.03 mm, 2.2 LBS (1.0KG) - PLA175TCMS / 3D Solutech Real Yellow 3D Pr
<a_178><b_14><c_135> :: ids=[2993] :: fam=3d_filament :: 3D Solutech Blue 3D Printer Ultra PLA Filament 1.75MM Filament, Dimensional Accuracy +/- 0.03 mm, 2.2 LBS (1.0KG)
<a_178><b_14><c_94> :: ids=[3112] :: fam=3d_filament :: 3D Solutech Real Black 3D Printer PLA Filament 1.75MM Filament, Dimensional Accuracy +/- 0.03 mm, 2.2 LBS (1.0KG) - PLA175RBLK
<a_178><b_14><c_107> :: ids=[2161] :: fam=3d_filament :: 3D Solutech Natural Clear 1.75mm 3D Printer PLA Filament, Dimensional Accuracy +/- 0.03 mm, 2.2 LBS (1.0KG)
<a_178><b_14><c_26> :: ids=[3442] :: fam=3d_filament :: 3D Solutech Real Purple 3D Printer PLA Filament 1.75MM Filament, Dimensional Accuracy +/- 0.03 mm, 2.2 LBS (1.0KG)","<a_112><b_122><c_79> :: ids=[2697] :: fam=3d_filament :: 3D Solutech Real White 3D Printer PLA Filament 1.75MM Filament, Dimensional Accuracy +/- 0.03 mm, 2.2 LBS (1.0KG)
<a_22><b_122><c_191> :: ids=[2909] :: fam=3d_filament :: 3D Solutech Silver Metal 3D Printer PLA Filament 1.75MM Filament, Dimensional Accuracy +/- 0.03 mm, 2.2 LBS (1.0KG) - PLA175TCMS
<a_112><b_122><c_3> :: ids=[2161] :: fam=3d_filament :: 3D Solutech Natural Clear 1.75mm 3D Printer PLA Filament, Dimensional Accuracy +/- 0.03 mm, 2.2 LBS (1.0KG)
<a_112><b_122><c_17> :: ids=[3494] :: fam=3d_filament :: 3D Solutech Real Yellow 3D Printer PLA Filament 1.75MM Filament, Dimensional Accuracy +/- 0.03 mm, 2.2 LBS (1.0KG)
<a_112><b_122><c_213> :: ids=[3475] :: fam=3d_filament :: 3D Solutech Real Orange 3D Printer PLA Filament 1.75MM Filament, Dimensional Accuracy +/- 0.03 mm, 2.2 LBS (1.0KG)",,
lost_vs_v2,v2_on_p05,541,3d_filament,1553,Inland 1.75mm Red PLA 3D Printer Filament - 1kg Spool (2.2 lbs),<a_220><b_114><c_85>,,5.0,leaf_or_ranking_miss_after_l2_hit,0,0,"<a_178><b_154><c_135> :: ids=[1851] :: fam=3d_filament :: HATCHBOX PLA 3D Printer Filament, Dimensional Accuracy +/- 0.03 mm, 1 kg Spool, 1.75 mm, Yellow
<a_178><b_230><c_5> :: ids=[3016] :: fam=3d_filament :: HATCHBOX 3D Printer Filament, Dimensional Accuracy +/- 0.03mm, 1.75 mm, 1 kg Spool, Wood
<a_178><b_150><c_117> :: ids=[2544] :: fam=3d_filament :: SainSmart Clear Flexible TPU 3D Printing Filament, 1.75 mm, 0.8 kg, Dimensional Accuracy +/- 0.05 mm
<a_220><b_114><c_145> :: ids=[2932] :: fam=3d_filament :: Inland 1.75mm Blue PLA 3D Printer Filament - 1kg Spool (2.2 lbs)
<a_178><b_165><c_148> :: ids=[2507] :: fam=3d_filament :: HATCHBOX PLA 3D Printer Filament, Dimensional Accuracy +/- 0.03 mm, 1 kg Spool, 1.75 mm, Silver","<a_33><b_35><c_241> :: ids=[2979] :: fam=3d_filament :: Inland 1.75mm Gray PLA 3D Printer Filament - 1kg Spool (2.2 lbs)
<a_33><b_187><c_219> :: ids=[2934] :: fam=3d_filament :: Inland 1.75mm Yellow PLA 3D Printer Filament - 1kg Spool (2.2 lbs)
<a_33><b_187><c_0> :: ids=[1206] :: fam=3d_filament :: eSUN 1.75mm Black PLA PRO (PLA+) 3D Printer Filament 1KG Spool (2.2lbs), Black
<a_33><b_187><c_18> :: ids=[2932] :: fam=3d_filament :: Inland 1.75mm Blue PLA 3D Printer Filament - 1kg Spool (2.2 lbs)
<a_33><b_35><c_27> :: ids=[1553] :: fam=3d_filament :: Inland 1.75mm Red PLA 3D Printer Filament - 1kg Spool (2.2 lbs)",,
lost_vs_v2,v2_on_p05,688,3d_filament,2472,"HATCHBOX ABS 3D Printer Filament, Dimensional Accuracy +/- 0.03 mm, 1 kg Spool, 1.75 mm, Black",<a_178><b_154><c_141>,11.0,7.0,l2_routing_miss_after_l1_hit,0,1,"<a_178><b_110><c_0> :: ids=[3414] :: fam=3d_filament :: eSUN 1.75mm White ABS+ 3D Printer filament 1kg Spool (2.2lbs), White
<a_178><b_110><c_82> :: ids=[2678] :: fam=3d_filament :: eSUN 1.75mm White ABS 3D Printer filament 1kg Spool (2.2lbs), White
<a_178><b_110><c_12> :: ids=[3639] :: fam=3d_filament :: eSUN 1.75mm Gray ABS 3D Printer filament 1kg Spool (2.2lbs), Gray
<a_178><b_110><c_159> :: ids=[3636] :: fam=3d_filament :: eSUN 1.75mm Silver ABS 3D Printer filament 1kg Spool (2.2lbs), Silver
<a_178><b_110><c_91> :: ids=[2677] :: fam=3d_filament :: eSUN 1.75mm Black ABS 3D Printer filament 1kg Spool (2.2lbs), Black","<a_211><b_39><c_0> :: ids=[2716] :: fam=3d_filament :: 3D printer Filament 1.75 ABS Red 1kg 2.2lb 100% USA
<a_211><b_39><c_6> :: ids=[3414] :: fam=3d_filament :: eSUN 1.75mm White ABS+ 3D Printer filament 1kg Spool (2.2lbs), White
<a_211><b_39><c_16> :: ids=[3639] :: fam=3d_filament :: eSUN 1.75mm Gray ABS 3D Printer filament 1kg Spool (2.2lbs), Gray
<a_211><b_39><c_10> :: ids=[3636] :: fam=3d_filament :: eSUN 1.75mm Silver ABS 3D Printer filament 1kg Spool (2.2lbs), Silver
<a_45><b_249><c_244> :: ids=[1847] :: fam=3d_filament :: HATCHBOX PLA 3D Printer Filament, Dimensional Accuracy +/- 0.03 mm, 1 kg Spool, 1.75 mm, White",,
lost_vs_v2,v2_on_p05,750,3d_filament,2507,"HATCHBOX PLA 3D Printer Filament, Dimensional Accuracy +/- 0.03 mm, 1 kg Spool, 1.75 mm, Silver",<a_178><b_165><c_148>,24.0,3.0,l2_routing_miss_after_l1_hit,0,1,"<a_178><b_14><c_6> :: ids=[2909, 3494] :: fam=3d_filament :: 3D Solutech Silver Metal 3D Printer PLA Filament 1.75MM Filament, Dimensional Accuracy +/- 0.03 mm, 2.2 LBS (1.0KG) - PLA175TCMS / 3D Solutech Real Yellow 3D Pr
<a_178><b_14><c_94> :: ids=[3112] :: fam=3d_filament :: 3D Solutech Real Black 3D Printer PLA Filament 1.75MM Filament, Dimensional Accuracy +/- 0.03 mm, 2.2 LBS (1.0KG) - PLA175RBLK
<a_178><b_14><c_107> :: ids=[2161] :: fam=3d_filament :: 3D Solutech Natural Clear 1.75mm 3D Printer PLA Filament, Dimensional Accuracy +/- 0.03 mm, 2.2 LBS (1.0KG)
<a_178><b_14><c_75> :: ids=[2697] :: fam=3d_filament :: 3D Solutech Real White 3D Printer PLA Filament 1.75MM Filament, Dimensional Accuracy +/- 0.03 mm, 2.2 LBS (1.0KG)
<a_178><b_14><c_7> :: ids=[3475] :: fam=3d_filament :: 3D Solutech Real Orange 3D Printer PLA Filament 1.75MM Filament, Dimensional Accuracy +/- 0.03 mm, 2.2 LBS (1.0KG)","<a_112><b_65><c_53> :: ids=[1850] :: fam=3d_filament :: HATCHBOX PLA 3D Printer Filament, Dimensional Accuracy +/- 0.03 mm, 1 kg Spool, 1.75 mm, Red
<a_22><b_122><c_191> :: ids=[2909] :: fam=3d_filament :: 3D Solutech Silver Metal 3D Printer PLA Filament 1.75MM Filament, Dimensional Accuracy +/- 0.03 mm, 2.2 LBS (1.0KG) - PLA175TCMS
<a_112><b_65><c_32> :: ids=[2507] :: fam=3d_filament :: HATCHBOX PLA 3D Printer Filament, Dimensional Accuracy +/- 0.03 mm, 1 kg Spool, 1.75 mm, Silver
<a_112><b_122><c_213> :: ids=[3475] :: fam=3d_filament :: 3D Solutech Real Orange 3D Printer PLA Filament 1.75MM Filament, Dimensional Accuracy +/- 0.03 mm, 2.2 LBS (1.0KG)
<a_112><b_122><c_79> :: ids=[2697] :: fam=3d_filament :: 3D Solutech Real White 3D Printer PLA Filament 1.75MM Filament, Dimensional Accuracy +/- 0.03 mm, 2.2 LBS (1.0KG)",,
lost_vs_v2,v2_on_p05,767,other,178,"Neiko 10194A Titanium Step Drill Bit, High Speed Steel | 1/4"" to 1-3/8"" | Total 10 Step Sizes",<a_7><b_57><c_14>,20.0,2.0,l1_routing_miss,1,1,"<a_0><b_41><c_40> :: ids=[93] :: fam=other :: White SiliconeTubing, 1/2""ID, 3/4""OD, 1/8""Wall, 25' Length
<a_190><b_64><c_29> :: ids=[819] :: fam=3d_filament :: Inkbird ITC-1000 Dual Stage Digital Temperature Controller Fahrenheit  Celsius Thermostat with Sensor for 3D Printer,Freezer,Fridge,Hatching ect (12 Volt)
<a_209><b_196><c_135> :: ids=[42] :: fam=connector_fitting :: Precision Brand M6S Micro Seal, Miniature All Stainless Worm Gear Hose Clamp, 5/16"" - 7/8"" (Pack of 10)
<a_190><b_103><c_0> :: ids=[181, 182] :: fam=gauge_meter :: AcuRite 00613 Humidity Monitor with Indoor Thermometer, Digital Hygrometer and Humidity Gauge Indicator / AcuRite 00613 Humidity Monitor with Indoor Thermometer
<a_231><b_198><c_94> :: ids=[800] :: fam=connector_fitting :: Anderson Metals 57001-0402 Brass Hose Fitting, Adapter, 1/4"" Barb x 1/8"" NPT Male Pipe","<a_179><b_169><c_135> :: ids=[93] :: fam=other :: White SiliconeTubing, 1/2""ID, 3/4""OD, 1/8""Wall, 25' Length
<a_98><b_41><c_144> :: ids=[178] :: fam=other :: Neiko 10194A Titanium Step Drill Bit, High Speed Steel | 1/4"" to 1-3/8"" | Total 10 Step Sizes
<a_251><b_214><c_134> :: ids=[2223] :: fam=other :: 250ml Narrow Mouth Erlenmeyer Flask with Rubber Stoppers, Karter Scientific 213G20 (Pack of 8)
<a_36><b_230><c_231> :: ids=[1970] :: fam=gauge_meter :: 011 Buna-N O-Ring, 50A Durometer, Round, Black, 5/16"" ID, 7/16"" OD, 1/16"" Width (Pack of 115)
<a_233><b_41><c_27> :: ids=[2296] :: fam=gauge_meter :: 1 X Glass Hydrometer Test Jar",,
lost_vs_v2,v2_on_p05,798,3d_filament,1850,"HATCHBOX PLA 3D Printer Filament, Dimensional Accuracy +/- 0.03 mm, 1 kg Spool, 1.75 mm, Red",<a_178><b_165><c_49>,,6.0,l2_routing_miss_after_l1_hit,0,0,"<a_220><b_213><c_164> :: ids=[3444] :: fam=3d_filament :: RepRap Champion Metal J-Head V6 Hot End for RepRap 3D Printer 1.75mm Filament Direct Feed Extruder 0.4mm Nozzle
<a_109><b_17><c_3> :: ids=[1205] :: fam=other :: PEI (Polyetherimide) Sheet, Opaque Off-White, Standard Tolerance, ASTM D5205 PEI0113, 0.03"" Thickness, 12"" Width, 24"" Length
<a_212><b_17><c_91> :: ids=[2926] :: fam=3d_filament :: HICTOP 5 Pieces 3D Printer Extruder Hotend 1.75mm Nozzle Throat for Reprap Prusa I3
<a_193><b_46><c_91> :: ids=[563] :: fam=3d_filament :: Foreasy 3D Printer Tool 3D Print Removal Tool Enhanced Version Set of 2
<a_212><b_74><c_180> :: ids=[2726] :: fam=3d_filament :: ANYCUBIC 3D Printer Heating Controller MKS MOSFET for Heatbed Extruder MOS Module","<a_182><b_115><c_32> :: ids=[3037] :: fam=3d_filament :: Kamo 5PCS Aluminum Heater Block M6 Specialized for MK7 MK8 Makerbot 3D Printer Extruder
<a_202><b_181><c_51> :: ids=[1794] :: fam=3d_filament :: Filabot 910175 Taulman 910 Alloy, 1.75"" Filament Diameter, Natural
<a_210><b_214><c_48> :: ids=[2331] :: fam=3d_filament :: Anycubic All Metal Right Hand MK8 Extruder Aluminum Frame Block DIY Kit for Reprap i3 3D Printer
<a_119><b_35><c_222> :: ids=[3171] :: fam=3d_filament :: Signstek 10 PCS Reprap 12V 40W 620 Ceramic Cartridge Heater for 3D Printer Prusa Mendel
<a_182><b_140><c_49> :: ids=[2736] :: fam=3d_filament :: Signswise 2 Pack 5mm 40T Extruder Driver Feeder Gear Bore for Makerbot Mk7 Mk8 3D Printer",,
lost_vs_v2,v2_on_p05,803,3d_filament,2721,"3D Solutech Navy Blue 3D Printer PLA Filament 1.75MM Filament, Dimensional Accuracy +/- 0.03 mm, 2.2 LBS (1.0KG)",<a_77><b_180><c_32>,,7.0,l1_routing_miss,0,1,"<a_178><b_14><c_6> :: ids=[2909, 3494] :: fam=3d_filament :: 3D Solutech Silver Metal 3D Printer PLA Filament 1.75MM Filament, Dimensional Accuracy +/- 0.03 mm, 2.2 LBS (1.0KG) - PLA175TCMS / 3D Solutech Real Yellow 3D Pr
<a_178><b_150><c_117> :: ids=[2544] :: fam=3d_filament :: SainSmart Clear Flexible TPU 3D Printing Filament, 1.75 mm, 0.8 kg, Dimensional Accuracy +/- 0.05 mm
<a_82><b_180><c_246> :: ids=[3154] :: fam=3d_filament :: TwoUp 3D Printer Kit 7"" x 7"" x 5"" Build Dimensions 50 Micron 1.75mm PLA Filament
<a_178><b_14><c_107> :: ids=[2161] :: fam=3d_filament :: 3D Solutech Natural Clear 1.75mm 3D Printer PLA Filament, Dimensional Accuracy +/- 0.03 mm, 2.2 LBS (1.0KG)
<a_193><b_69><c_74> :: ids=[3677] :: fam=other :: Dremel 3D Printing BT20-01 Build Sheets (Pack of 3)","<a_22><b_122><c_191> :: ids=[2909] :: fam=3d_filament :: 3D Solutech Silver Metal 3D Printer PLA Filament 1.75MM Filament, Dimensional Accuracy +/- 0.03 mm, 2.2 LBS (1.0KG) - PLA175TCMS
<a_112><b_122><c_79> :: ids=[2697] :: fam=3d_filament :: 3D Solutech Real White 3D Printer PLA Filament 1.75MM Filament, Dimensional Accuracy +/- 0.03 mm, 2.2 LBS (1.0KG)
<a_112><b_122><c_213> :: ids=[3475] :: fam=3d_filament :: 3D Solutech Real Orange 3D Printer PLA Filament 1.75MM Filament, Dimensional Accuracy +/- 0.03 mm, 2.2 LBS (1.0KG)
<a_112><b_122><c_3> :: ids=[2161] :: fam=3d_filament :: 3D Solutech Natural Clear 1.75mm 3D Printer PLA Filament, Dimensional Accuracy +/- 0.03 mm, 2.2 LBS (1.0KG)
<a_112><b_65><c_53> :: ids=[1850] :: fam=3d_filament :: HATCHBOX PLA 3D Printer Filament, Dimensional Accuracy +/- 0.03 mm, 1 kg Spool, 1.75 mm, Red",,
lost_vs_v2,v2_on_p05,816,3d_filament,1850,"HATCHBOX PLA 3D Printer Filament, Dimensional Accuracy +/- 0.03 mm, 1 kg Spool, 1.75 mm, Red",<a_178><b_165><c_49>,15.0,2.0,leaf_or_ranking_miss_after_l2_hit,0,0,"<a_178><b_154><c_135> :: ids=[1851] :: fam=3d_filament :: HATCHBOX PLA 3D Printer Filament, Dimensional Accuracy +/- 0.03 mm, 1 kg Spool, 1.75 mm, Yellow
<a_178><b_252><c_162> :: ids=[1847] :: fam=3d_filament :: HATCHBOX PLA 3D Printer Filament, Dimensional Accuracy +/- 0.03 mm, 1 kg Spool, 1.75 mm, White
<a_178><b_165><c_148> :: ids=[2507] :: fam=3d_filament :: HATCHBOX PLA 3D Printer Filament, Dimensional Accuracy +/- 0.03 mm, 1 kg Spool, 1.75 mm, Silver
<a_178><b_154><c_50> :: ids=[444] :: fam=3d_filament :: HATCHBOX ABS 3D Printer Filament, Dimensional Accuracy +/- 0.03 mm, 1 kg Spool, 1.75 mm, White
<a_178><b_154><c_141> :: ids=[2472] :: fam=3d_filament :: HATCHBOX ABS 3D Printer Filament, Dimensional Accuracy +/- 0.03 mm, 1 kg Spool, 1.75 mm, Black","<a_45><b_249><c_244> :: ids=[1847] :: fam=3d_filament :: HATCHBOX PLA 3D Printer Filament, Dimensional Accuracy +/- 0.03 mm, 1 kg Spool, 1.75 mm, White
<a_112><b_65><c_53> :: ids=[1850] :: fam=3d_filament :: HATCHBOX PLA 3D Printer Filament, Dimensional Accuracy +/- 0.03 mm, 1 kg Spool, 1.75 mm, Red
<a_112><b_65><c_58> :: ids=[50] :: fam=3d_filament :: HATCHBOX PLA 3D Printer Filament, Dimensional Accuracy +/- 0.03 mm, 1 kg Spool, 1.75 mm, Blue
<a_112><b_65><c_164> :: ids=[1851] :: fam=3d_filament :: HATCHBOX PLA 3D Printer Filament, Dimensional Accuracy +/- 0.03 mm, 1 kg Spool, 1.75 mm, Yellow
<a_112><b_65><c_32> :: ids=[2507] :: fam=3d_filament :: HATCHBOX PLA 3D Printer Filament, Dimensional Accuracy +/- 0.03 mm, 1 kg Spool, 1.75 mm, Silver",,
lost_vs_v2,v2_on_p05,826,gauge_meter,181,"AcuRite 00613 Humidity Monitor with Indoor Thermometer, Digital Hygrometer and Humidity Gauge Indicator",<a_190><b_103><c_0>,19.0,3.0,l1_routing_miss,1,1,"<a_238><b_46><c_23> :: ids=[534] :: fam=other :: Century Drill and Tool 76221 Coarse Drill Cup Wire Brush, 2-3/4-Inch
<a_92><b_200><c_192> :: ids=[341] :: fam=other :: Neiko 11108A 4.5&rdquo; x 7/8-Inch Aluminum Oxide Flap Disc, 80 Grit | Flat Type #27 | 10-Pack
<a_238><b_232><c_129> :: ids=[335] :: fam=other :: Dewalt DW8061B5 4 x 0.045 Inch Metal and Stainless Steel Cutting Wheels , 4 Inch by 0.045-Inch
<a_31><b_155><c_192> :: ids=[168] :: fam=tape :: Scotch Super 33+ Vinyl Electrical Tape, 3/4 in x 66 ft
<a_238><b_57><c_66> :: ids=[333] :: fam=other :: DEWALT DW4930 4-Inch by 5/8-Inch-11 Full Cable Twist Wire Wheel/Carbon Steel .020-Inch","<a_48><b_99><c_12> :: ids=[534] :: fam=other :: Century Drill and Tool 76221 Coarse Drill Cup Wire Brush, 2-3/4-Inch
<a_248><b_109><c_145> :: ids=[42] :: fam=connector_fitting :: Precision Brand M6S Micro Seal, Miniature All Stainless Worm Gear Hose Clamp, 5/16"" - 7/8"" (Pack of 10)
<a_154><b_37><c_0> :: ids=[181, 182] :: fam=gauge_meter :: AcuRite 00613 Humidity Monitor with Indoor Thermometer, Digital Hygrometer and Humidity Gauge Indicator / AcuRite 00613 Humidity Monitor with Indoor Thermometer
<a_247><b_248><c_33> :: ids=[98] :: fam=metadata_placeholder :: Industrial & Scientific"" />
<a_195><b_230><c_248> :: ids=[239] :: fam=other :: Cal Hawk Tools CZCW45B Metal Cut-Off Wheel (50 Pack), 4-1/2",,
lost_vs_v2,v2_on_p05,861,gauge_meter,181,"AcuRite 00613 Humidity Monitor with Indoor Thermometer, Digital Hygrometer and Humidity Gauge Indicator",<a_190><b_103><c_0>,17.0,2.0,l1_routing_miss,1,1,"<a_193><b_49><c_201> :: ids=[1957] :: fam=adhesive_epoxy :: Devcon Epoxy Bathtub Repair Kit (Almond & White)
<a_193><b_130><c_174> :: ids=[926] :: fam=other :: Dap 00272 Original Contact Cement Qt Raw Building Material, Tan
<a_193><b_150><c_156> :: ids=[2342] :: fam=tape :: Heskins LLC PHOT1/2 Glow in the Dark Photoluminescent Egress Tape, 1/2"" x 30'
<a_193><b_46><c_91> :: ids=[563] :: fam=3d_filament :: Foreasy 3D Printer Tool 3D Print Removal Tool Enhanced Version Set of 2
<a_193><b_230><c_85> :: ids=[203] :: fam=adhesive_epoxy :: Gorilla 7500101 07221000673 Glue Brush & Nozzle, 1-Pack, Clear","<a_18><b_5><c_7> :: ids=[1957] :: fam=adhesive_epoxy :: Devcon Epoxy Bathtub Repair Kit (Almond & White)
<a_154><b_37><c_0> :: ids=[181, 182] :: fam=gauge_meter :: AcuRite 00613 Humidity Monitor with Indoor Thermometer, Digital Hygrometer and Humidity Gauge Indicator / AcuRite 00613 Humidity Monitor with Indoor Thermometer
<a_18><b_139><c_248> :: ids=[123] :: fam=other :: Red Devil 0325 Steel Wool, 2 Medium Course, 8 Pads
<a_48><b_18><c_223> :: ids=[1042] :: fam=other :: uxcell Mandrel Mounted White Conical Felt Point Polishing Tool
<a_131><b_191><c_180> :: ids=[201] :: fam=connector_fitting :: ColorConnex Coupler & Plug Kit (7 Piece), Industrial Type D, 1/4 in. NPT, Red - A73457D",,
lost_vs_v2,v2_on_p05,881,3d_filament,2697,"3D Solutech Real White 3D Printer PLA Filament 1.75MM Filament, Dimensional Accuracy +/- 0.03 mm, 2.2 LBS (1.0KG)",<a_178><b_14><c_75>,11.0,7.0,leaf_or_ranking_miss_after_l2_hit,0,2,"<a_178><b_14><c_6> :: ids=[2909, 3494] :: fam=3d_filament :: 3D Solutech Silver Metal 3D Printer PLA Filament 1.75MM Filament, Dimensional Accuracy +/- 0.03 mm, 2.2 LBS (1.0KG) - PLA175TCMS / 3D Solutech Real Yellow 3D Pr
<a_178><b_150><c_117> :: ids=[2544] :: fam=3d_filament :: SainSmart Clear Flexible TPU 3D Printing Filament, 1.75 mm, 0.8 kg, Dimensional Accuracy +/- 0.05 mm
<a_82><b_114><c_250> :: ids=[2188] :: fam=3d_filament :: Dremel Digilab 3D20 3D Printer, Idea Builder for Brand New Hobbyists and Tinkerers
<a_82><b_114><c_110> :: ids=[2192] :: fam=3d_filament :: Dremel Digilab 3D40 Award Winning 3D Printer, Idea Builder with semi automated leveling, print PLA at 100 micron resolution
<a_178><b_143><c_111> :: ids=[3558] :: fam=3d_filament :: Professional Black 1.75mm PLA 3D Printer Filament, 1kg (2.2lb) Filament Weight, 0.05mm Tolerance, by ProMolt 3D","<a_22><b_122><c_191> :: ids=[2909] :: fam=3d_filament :: 3D Solutech Silver Metal 3D Printer PLA Filament 1.75MM Filament, Dimensional Accuracy +/- 0.03 mm, 2.2 LBS (1.0KG) - PLA175TCMS
<a_112><b_65><c_53> :: ids=[1850] :: fam=3d_filament :: HATCHBOX PLA 3D Printer Filament, Dimensional Accuracy +/- 0.03 mm, 1 kg Spool, 1.75 mm, Red
<a_22><b_104><c_15> :: ids=[2721] :: fam=3d_filament :: 3D Solutech Navy Blue 3D Printer PLA Filament 1.75MM Filament, Dimensional Accuracy +/- 0.03 mm, 2.2 LBS (1.0KG)
<a_22><b_249><c_221> :: ids=[2477] :: fam=3d_filament :: BAMtack! 1.75mm Black PLA 3D Printer Filament - 1kg (2.2 lbs) - Dimensional Accuracy +/- 0.03mm
<a_112><b_65><c_32> :: ids=[2507] :: fam=3d_filament :: HATCHBOX PLA 3D Printer Filament, Dimensional Accuracy +/- 0.03 mm, 1 kg Spool, 1.75 mm, Silver",,
lost_vs_v2,v2_on_p05,906,3d_filament,2979,Inland 1.75mm Gray PLA 3D Printer Filament - 1kg Spool (2.2 lbs),<a_220><b_114><c_224>,21.0,1.0,leaf_or_ranking_miss_after_l2_hit,0,1,"<a_220><b_114><c_145> :: ids=[2932] :: fam=3d_filament :: Inland 1.75mm Blue PLA 3D Printer Filament - 1kg Spool (2.2 lbs)
<a_212><b_17><c_91> :: ids=[2926] :: fam=3d_filament :: HICTOP 5 Pieces 3D Printer Extruder Hotend 1.75mm Nozzle Throat for Reprap Prusa I3
<a_178><b_154><c_135> :: ids=[1851] :: fam=3d_filament :: HATCHBOX PLA 3D Printer Filament, Dimensional Accuracy +/- 0.03 mm, 1 kg Spool, 1.75 mm, Yellow
<a_178><b_165><c_148> :: ids=[2507] :: fam=3d_filament :: HATCHBOX PLA 3D Printer Filament, Dimensional Accuracy +/- 0.03 mm, 1 kg Spool, 1.75 mm, Silver
<a_178><b_230><c_5> :: ids=[3016] :: fam=3d_filament :: HATCHBOX 3D Printer Filament, Dimensional Accuracy +/- 0.03mm, 1.75 mm, 1 kg Spool, Wood","<a_33><b_35><c_241> :: ids=[2979] :: fam=3d_filament :: Inland 1.75mm Gray PLA 3D Printer Filament - 1kg Spool (2.2 lbs)
<a_33><b_187><c_219> :: ids=[2934] :: fam=3d_filament :: Inland 1.75mm Yellow PLA 3D Printer Filament - 1kg Spool (2.2 lbs)
<a_33><b_187><c_0> :: ids=[1206] :: fam=3d_filament :: eSUN 1.75mm Black PLA PRO (PLA+) 3D Printer Filament 1KG Spool (2.2lbs), Black
<a_33><b_126><c_222> :: ids=[3645] :: fam=3d_filament :: Inland 1.75mm Natural PLA 3D Printer Filament - 1kg Spool (2.2 lbs)
<a_33><b_35><c_114> :: ids=[2485] :: fam=3d_filament :: Inland 1.75mm Gold PLA 3D Printer Filament - 1kg Spool (2.2 lbs)",,
lost_vs_v2,v2_on_p05,968,3d_filament,2507,"HATCHBOX PLA 3D Printer Filament, Dimensional Accuracy +/- 0.03 mm, 1 kg Spool, 1.75 mm, Silver",<a_178><b_165><c_148>,24.0,4.0,l2_routing_miss_after_l1_hit,0,1,"<a_178><b_14><c_6> :: ids=[2909, 3494] :: fam=3d_filament :: 3D Solutech Silver Metal 3D Printer PLA Filament 1.75MM Filament, Dimensional Accuracy +/- 0.03 mm, 2.2 LBS (1.0KG) - PLA175TCMS / 3D Solutech Real Yellow 3D Pr
<a_178><b_14><c_94> :: ids=[3112] :: fam=3d_filament :: 3D Solutech Real Black 3D Printer PLA Filament 1.75MM Filament, Dimensional Accuracy +/- 0.03 mm, 2.2 LBS (1.0KG) - PLA175RBLK
<a_178><b_14><c_107> :: ids=[2161] :: fam=3d_filament :: 3D Solutech Natural Clear 1.75mm 3D Printer PLA Filament, Dimensional Accuracy +/- 0.03 mm, 2.2 LBS (1.0KG)
<a_178><b_14><c_75> :: ids=[2697] :: fam=3d_filament :: 3D Solutech Real White 3D Printer PLA Filament 1.75MM Filament, Dimensional Accuracy +/- 0.03 mm, 2.2 LBS (1.0KG)
<a_178><b_14><c_135> :: ids=[2993] :: fam=3d_filament :: 3D Solutech Blue 3D Printer Ultra PLA Filament 1.75MM Filament, Dimensional Accuracy +/- 0.03 mm, 2.2 LBS (1.0KG)","<a_112><b_65><c_53> :: ids=[1850] :: fam=3d_filament :: HATCHBOX PLA 3D Printer Filament, Dimensional Accuracy +/- 0.03 mm, 1 kg Spool, 1.75 mm, Red
<a_22><b_122><c_191> :: ids=[2909] :: fam=3d_filament :: 3D Solutech Silver Metal 3D Printer PLA Filament 1.75MM Filament, Dimensional Accuracy +/- 0.03 mm, 2.2 LBS (1.0KG) - PLA175TCMS
<a_112><b_122><c_79> :: ids=[2697] :: fam=3d_filament :: 3D Solutech Real White 3D Printer PLA Filament 1.75MM Filament, Dimensional Accuracy +/- 0.03 mm, 2.2 LBS (1.0KG)
<a_112><b_65><c_32> :: ids=[2507] :: fam=3d_filament :: HATCHBOX PLA 3D Printer Filament, Dimensional Accuracy +/- 0.03 mm, 1 kg Spool, 1.75 mm, Silver
<a_112><b_122><c_213> :: ids=[3475] :: fam=3d_filament :: 3D Solutech Real Orange 3D Printer PLA Filament 1.75MM Filament, Dimensional Accuracy +/- 0.03 mm, 2.2 LBS (1.0KG)",,
lost_vs_v2,v2_on_p05,975,3d_filament,2979,Inland 1.75mm Gray PLA 3D Printer Filament - 1kg Spool (2.2 lbs),<a_220><b_114><c_224>,37.0,2.0,leaf_or_ranking_miss_after_l2_hit,1,2,"<a_178><b_150><c_117> :: ids=[2544] :: fam=3d_filament :: SainSmart Clear Flexible TPU 3D Printing Filament, 1.75 mm, 0.8 kg, Dimensional Accuracy +/- 0.05 mm
<a_178><b_150><c_186> :: ids=[2714] :: fam=3d_filament :: NinjaFlex TPU 3D Printing Filament - 1.75mm .50kg - SAPPHIRE
<a_220><b_114><c_145> :: ids=[2932] :: fam=3d_filament :: Inland 1.75mm Blue PLA 3D Printer Filament - 1kg Spool (2.2 lbs)
<a_212><b_17><c_91> :: ids=[2926] :: fam=3d_filament :: HICTOP 5 Pieces 3D Printer Extruder Hotend 1.75mm Nozzle Throat for Reprap Prusa I3
<a_178><b_166><c_183> :: ids=[2477] :: fam=3d_filament :: BAMtack! 1.75mm Black PLA 3D Printer Filament - 1kg (2.2 lbs) - Dimensional Accuracy +/- 0.03mm","<a_211><b_147><c_178> :: ids=[2544] :: fam=3d_filament :: SainSmart Clear Flexible TPU 3D Printing Filament, 1.75 mm, 0.8 kg, Dimensional Accuracy +/- 0.05 mm
<a_33><b_35><c_241> :: ids=[2979] :: fam=3d_filament :: Inland 1.75mm Gray PLA 3D Printer Filament - 1kg Spool (2.2 lbs)
<a_22><b_35><c_222> :: ids=[3665] :: fam=3d_filament :: American 3D Supply PLA 3D Printer Filament, 1 kg Spool, 1.75 mm, Red
<a_226><b_114><c_115> :: ids=[2059] :: fam=3d_filament :: MG Chemicals Wood 3D Printer Filament, 1.75mm, 0.5 Kg (1.1 lbs.) - Wood
<a_33><b_187><c_219> :: ids=[2934] :: fam=3d_filament :: Inland 1.75mm Yellow PLA 3D Printer Filament - 1kg Spool (2.2 lbs)",,
lost_vs_v2,v2_on_p05,1017,tape,175,"Gorilla Crystal Clear Duct Tape, 1.88&rdquo; x 9 yd, Clear, (Pack of 1)",<a_31><b_89><c_133>,,6.0,l2_routing_miss_after_l1_hit,1,2,"<a_124><b_153><c_37> :: ids=[675] :: fam=adhesive_epoxy :: J-B Weld 8265S Original Cold-Weld Steel Reinforced Epoxy - 2 oz.
<a_78><b_165><c_1> :: ids=[202] :: fam=adhesive_epoxy :: Loctite Liquid Professional Super Glue  20-Gram Bottle (1365882)
<a_78><b_228><c_74> :: ids=[172] :: fam=adhesive_epoxy :: Gorilla Super Glue Gel, 15 Gram, Clear
<a_31><b_28><c_220> :: ids=[711] :: fam=tape :: 3M Scotch #35 Electrical Tape Value Pack (10457NA)
<a_78><b_154><c_141> :: ids=[59] :: fam=adhesive_epoxy :: Loctite Ultra Gel Control Super Glue 4-Gram (1363589)","<a_65><b_7><c_238> :: ids=[1053] :: fam=adhesive_epoxy :: Krazy Glue KG82048SN Home & Office Super Glue, Single-Use Tubes, Fine Tip, 0.5 Grams, 4 Count, 0.017 oz
<a_135><b_25><c_11> :: ids=[675] :: fam=adhesive_epoxy :: J-B Weld 8265S Original Cold-Weld Steel Reinforced Epoxy - 2 oz.
<a_65><b_191><c_106> :: ids=[203] :: fam=adhesive_epoxy :: Gorilla 7500101 07221000673 Glue Brush & Nozzle, 1-Pack, Clear
<a_65><b_21><c_113> :: ids=[114] :: fam=adhesive_epoxy :: Super Glue 15187 Super Glue, 12-Pack
<a_63><b_21><c_1> :: ids=[202] :: fam=adhesive_epoxy :: Loctite Liquid Professional Super Glue  20-Gram Bottle (1365882)",,
lost_vs_v2,v2_on_p05,1035,3d_filament,2721,"3D Solutech Navy Blue 3D Printer PLA Filament 1.75MM Filament, Dimensional Accuracy +/- 0.03 mm, 2.2 LBS (1.0KG)",<a_77><b_180><c_32>,38.0,7.0,l2_routing_miss_after_l1_hit,1,3,"<a_178><b_14><c_6> :: ids=[2909, 3494] :: fam=3d_filament :: 3D Solutech Silver Metal 3D Printer PLA Filament 1.75MM Filament, Dimensional Accuracy +/- 0.03 mm, 2.2 LBS (1.0KG) - PLA175TCMS / 3D Solutech Real Yellow 3D Pr
<a_77><b_48><c_99> :: ids=[3613] :: fam=3d_filament :: iXCC Basic Series PLA 3D Printer Filament 1.75mm Diameter (Dimensional Accuracy +/- 0.05mm) - 1kg Spool (Approximately 2.2 lbs) [Red]
<a_178><b_14><c_107> :: ids=[2161] :: fam=3d_filament :: 3D Solutech Natural Clear 1.75mm 3D Printer PLA Filament, Dimensional Accuracy +/- 0.03 mm, 2.2 LBS (1.0KG)
<a_178><b_14><c_94> :: ids=[3112] :: fam=3d_filament :: 3D Solutech Real Black 3D Printer PLA Filament 1.75MM Filament, Dimensional Accuracy +/- 0.03 mm, 2.2 LBS (1.0KG) - PLA175RBLK
<a_178><b_14><c_135> :: ids=[2993] :: fam=3d_filament :: 3D Solutech Blue 3D Printer Ultra PLA Filament 1.75MM Filament, Dimensional Accuracy +/- 0.03 mm, 2.2 LBS (1.0KG)","<a_112><b_249><c_241> :: ids=[3016] :: fam=3d_filament :: HATCHBOX 3D Printer Filament, Dimensional Accuracy +/- 0.03mm, 1.75 mm, 1 kg Spool, Wood
<a_112><b_122><c_79> :: ids=[2697] :: fam=3d_filament :: 3D Solutech Real White 3D Printer PLA Filament 1.75MM Filament, Dimensional Accuracy +/- 0.03 mm, 2.2 LBS (1.0KG)
<a_112><b_122><c_3> :: ids=[2161] :: fam=3d_filament :: 3D Solutech Natural Clear 1.75mm 3D Printer PLA Filament, Dimensional Accuracy +/- 0.03 mm, 2.2 LBS (1.0KG)
<a_211><b_147><c_178> :: ids=[2544] :: fam=3d_filament :: SainSmart Clear Flexible TPU 3D Printing Filament, 1.75 mm, 0.8 kg, Dimensional Accuracy +/- 0.05 mm
<a_112><b_122><c_17> :: ids=[3494] :: fam=3d_filament :: 3D Solutech Real Yellow 3D Printer PLA Filament 1.75MM Filament, Dimensional Accuracy +/- 0.03 mm, 2.2 LBS (1.0KG)",,
lost_vs_v2,v2_on_p05,1066,3d_filament,2703,"eSUN 3D 1.75mm PETG Black Filament 1kg (2.2lb), PETG 3D Printer Filament, 1.75mm Solid Opaque Black",<a_178><b_156><c_59>,,8.0,l2_routing_miss_after_l1_hit,0,0,"<a_109><b_17><c_3> :: ids=[1205] :: fam=other :: PEI (Polyetherimide) Sheet, Opaque Off-White, Standard Tolerance, ASTM D5205 PEI0113, 0.03"" Thickness, 12"" Width, 24"" Length
<a_178><b_165><c_148> :: ids=[2507] :: fam=3d_filament :: HATCHBOX PLA 3D Printer Filament, Dimensional Accuracy +/- 0.03 mm, 1 kg Spool, 1.75 mm, Silver
<a_178><b_150><c_117> :: ids=[2544] :: fam=3d_filament :: SainSmart Clear Flexible TPU 3D Printing Filament, 1.75 mm, 0.8 kg, Dimensional Accuracy +/- 0.05 mm
<a_178><b_165><c_53> :: ids=[50] :: fam=3d_filament :: HATCHBOX PLA 3D Printer Filament, Dimensional Accuracy +/- 0.03 mm, 1 kg Spool, 1.75 mm, Blue
<a_212><b_17><c_91> :: ids=[2926] :: fam=3d_filament :: HICTOP 5 Pieces 3D Printer Extruder Hotend 1.75mm Nozzle Throat for Reprap Prusa I3","<a_211><b_147><c_178> :: ids=[2544] :: fam=3d_filament :: SainSmart Clear Flexible TPU 3D Printing Filament, 1.75 mm, 0.8 kg, Dimensional Accuracy +/- 0.05 mm
<a_45><b_249><c_244> :: ids=[1847] :: fam=3d_filament :: HATCHBOX PLA 3D Printer Filament, Dimensional Accuracy +/- 0.03 mm, 1 kg Spool, 1.75 mm, White
<a_33><b_147><c_242> :: ids=[2513] :: fam=3d_filament :: 2 Meters PTFE Teflon Bowden Tube 1.75 Filament 3D printer RepRap Rostock Kossel
<a_112><b_249><c_241> :: ids=[3016] :: fam=3d_filament :: HATCHBOX 3D Printer Filament, Dimensional Accuracy +/- 0.03mm, 1.75 mm, 1 kg Spool, Wood
<a_202><b_149><c_116> :: ids=[3267] :: fam=3d_filament :: Filabot TB1 Taulman BRIDGE Filament, 1.75 mm, White",,
lost_vs_v2,v2_on_p05,1083,3d_filament,2979,Inland 1.75mm Gray PLA 3D Printer Filament - 1kg Spool (2.2 lbs),<a_220><b_114><c_224>,12.0,1.0,leaf_or_ranking_miss_after_l2_hit,0,0,"<a_220><b_114><c_145> :: ids=[2932] :: fam=3d_filament :: Inland 1.75mm Blue PLA 3D Printer Filament - 1kg Spool (2.2 lbs)
<a_220><b_114><c_53> :: ids=[2734] :: fam=3d_filament :: Inland 1.75mm White PLA 3D Printer Filament - 1kg Spool (2.2 lbs)
<a_220><b_114><c_156> :: ids=[2934] :: fam=3d_filament :: Inland 1.75mm Yellow PLA 3D Printer Filament - 1kg Spool (2.2 lbs)
<a_220><b_114><c_96> :: ids=[3114] :: fam=3d_filament :: Inland 1.75mm Purple PLA 3D Printer Filament - 1kg Spool (2.2 lbs)
<a_220><b_114><c_173> :: ids=[2912] :: fam=3d_filament :: Inland 1.75mm Black PLA 3D Printer Filament - 1kg Spool (2.2 lbs)","<a_33><b_35><c_241> :: ids=[2979] :: fam=3d_filament :: Inland 1.75mm Gray PLA 3D Printer Filament - 1kg Spool (2.2 lbs)
<a_33><b_187><c_6> :: ids=[2912] :: fam=3d_filament :: Inland 1.75mm Black PLA 3D Printer Filament - 1kg Spool (2.2 lbs)
<a_33><b_187><c_219> :: ids=[2934] :: fam=3d_filament :: Inland 1.75mm Yellow PLA 3D Printer Filament - 1kg Spool (2.2 lbs)
<a_211><b_35><c_13> :: ids=[2703] :: fam=3d_filament :: eSUN 3D 1.75mm PETG Black Filament 1kg (2.2lb), PETG 3D Printer Filament, 1.75mm Solid Opaque Black
<a_33><b_35><c_116> :: ids=[2734] :: fam=3d_filament :: Inland 1.75mm White PLA 3D Printer Filament - 1kg Spool (2.2 lbs)",,
lost_vs_v2,v2_on_p05,1092,gauge_meter,809,"Loos Cableware AN100-C4 Stainless Steel Thimble for 3/32"" and 1/8"" Diameter Wire Rope (10 Piece)",<a_32><b_136><c_122>,15.0,4.0,leaf_or_ranking_miss_after_l2_hit,1,2,"<a_190><b_103><c_0> :: ids=[181, 182] :: fam=gauge_meter :: AcuRite 00613 Humidity Monitor with Indoor Thermometer, Digital Hygrometer and Humidity Gauge Indicator / AcuRite 00613 Humidity Monitor with Indoor Thermometer
<a_32><b_193><c_134> :: ids=[1521] :: fam=gauge_meter :: Aluminum Crimping Loop Sleeve for 1/8"" Diameter Wire Rope and Cable, (Pack of 100)
<a_190><b_185><c_201> :: ids=[159] :: fam=gauge_meter :: Etekcity Lasergrip 774 Non-contact Digital Laser Infrared Thermometer Temperature Gun -58~ 716 (-50 ~ 380), Yellow and Black
<a_190><b_173><c_203> :: ids=[338] :: fam=gauge_meter :: Etekcity Lasergrip 1080 Non-Contact Digital Laser Infrared Thermometer Temperature Gun -58~1022 (-50550), Yellow and Black
<a_130><b_122><c_221> :: ids=[414] :: fam=other :: Koch 7640040 Roller Chain Offset Link, 4-Pack, 40","<a_248><b_9><c_28> :: ids=[1521] :: fam=gauge_meter :: Aluminum Crimping Loop Sleeve for 1/8"" Diameter Wire Rope and Cable, (Pack of 100)
<a_248><b_9><c_212> :: ids=[808] :: fam=gauge_meter :: Loos Cableware SL1-2 Aluminum Duplex Oval Crimping Sleeve Set for 1/16"" Diameter Wire Rope (50 Piece)
<a_84><b_203><c_9> :: ids=[373] :: fam=other :: Forney 70445 Wire Rope, Galvanized Aircraft Cable, 500-Feet-by-1/16-Inch
<a_248><b_158><c_40> :: ids=[809] :: fam=gauge_meter :: Loos Cableware AN100-C4 Stainless Steel Thimble for 3/32"" and 1/8"" Diameter Wire Rope (10 Piece)
<a_154><b_37><c_0> :: ids=[181, 182] :: fam=gauge_meter :: AcuRite 00613 Humidity Monitor with Indoor Thermometer, Digital Hygrometer and Humidity Gauge Indicator / AcuRite 00613 Humidity Monitor with Indoor Thermometer",,
lost_vs_v2,v2_on_p05,1094,other,2070,"CLR Pro CL-4Pro Calcium, Lime and Rust Remover, 1 Gallon Bottle",<a_214><b_243><c_228>,,2.0,l1_routing_miss,1,1,"<a_90><b_109><c_185> :: ids=[119] :: fam=other :: Rubbermaid Commercial BRUTE Heavy-Duty Round Waste/Utility Container with Venting Channels, 20-gallon, Gray (FG262000GRAY)
<a_90><b_241><c_3> :: ids=[526] :: fam=ventilation_fan :: Rubbermaid Commercial Products FG263100GRAY Rubbermaid Commercial Round Brute Container Lid, Gray, 32G
<a_90><b_58><c_141> :: ids=[1002] :: fam=ventilation_fan :: Rubbermaid Commercial Products FG267360BLUE Slim Jim Trash Can, Swing Lid, Blue
<a_90><b_58><c_4> :: ids=[713] :: fam=ventilation_fan :: Rubbermaid Commercial Products FG295673BLUE Plastic Resin Deskside Recycling Can, 7 Gallon/28 Quart, Blue Recycling Symbol (Pack of 12)
<a_90><b_21><c_8> :: ids=[847] :: fam=other :: Hi-Lift Jack ORB Off-Road Base","<a_172><b_87><c_190> :: ids=[119] :: fam=other :: Rubbermaid Commercial BRUTE Heavy-Duty Round Waste/Utility Container with Venting Channels, 20-gallon, Gray (FG262000GRAY)
<a_153><b_252><c_238> :: ids=[2070] :: fam=other :: CLR Pro CL-4Pro Calcium, Lime and Rust Remover, 1 Gallon Bottle
<a_234><b_53><c_94> :: ids=[1210] :: fam=tape :: Sparco Sealing Tape Transparent Heavy Duty, 48mm x 50m, 6 Rolls (60041)
<a_234><b_162><c_169> :: ids=[77] :: fam=tape :: Scotch Heavy Duty Shipping Packaging Tape, 3"" Core, 1.88"" x 54.6 Yards, 6-Rolls (3850-6)
<a_245><b_88><c_7> :: ids=[2164] :: fam=other :: Rubbermaid Commercial Maximizer Mop Head, Blend, Medium, Blue (1924783)",,
lost_vs_v2,v2_on_p05,1121,3d_filament,2697,"3D Solutech Real White 3D Printer PLA Filament 1.75MM Filament, Dimensional Accuracy +/- 0.03 mm, 2.2 LBS (1.0KG)",<a_178><b_14><c_75>,19.0,8.0,leaf_or_ranking_miss_after_l2_hit,0,1,"<a_220><b_114><c_145> :: ids=[2932] :: fam=3d_filament :: Inland 1.75mm Blue PLA 3D Printer Filament - 1kg Spool (2.2 lbs)
<a_178><b_14><c_6> :: ids=[2909, 3494] :: fam=3d_filament :: 3D Solutech Silver Metal 3D Printer PLA Filament 1.75MM Filament, Dimensional Accuracy +/- 0.03 mm, 2.2 LBS (1.0KG) - PLA175TCMS / 3D Solutech Real Yellow 3D Pr
<a_178><b_150><c_117> :: ids=[2544] :: fam=3d_filament :: SainSmart Clear Flexible TPU 3D Printing Filament, 1.75 mm, 0.8 kg, Dimensional Accuracy +/- 0.05 mm
<a_178><b_150><c_186> :: ids=[2714] :: fam=3d_filament :: NinjaFlex TPU 3D Printing Filament - 1.75mm .50kg - SAPPHIRE
<a_212><b_17><c_91> :: ids=[2926] :: fam=3d_filament :: HICTOP 5 Pieces 3D Printer Extruder Hotend 1.75mm Nozzle Throat for Reprap Prusa I3","<a_211><b_35><c_13> :: ids=[2703] :: fam=3d_filament :: eSUN 3D 1.75mm PETG Black Filament 1kg (2.2lb), PETG 3D Printer Filament, 1.75mm Solid Opaque Black
<a_210><b_96><c_83> :: ids=[2998] :: fam=3d_filament :: SainSmart RepRap MK2B 3D printers Dual Power PCB HeatBed Heat Bed 12/24V Updated Version of MK2A
<a_211><b_35><c_7> :: ids=[2157] :: fam=3d_filament :: eSUN 3D 1.75mm PETG Blue Filament 1kg (2.2lb), PETG 3D Printer Filament, 1.75mm Semi-Transparent Blue
<a_211><b_147><c_178> :: ids=[2544] :: fam=3d_filament :: SainSmart Clear Flexible TPU 3D Printing Filament, 1.75 mm, 0.8 kg, Dimensional Accuracy +/- 0.05 mm
<a_22><b_249><c_221> :: ids=[2477] :: fam=3d_filament :: BAMtack! 1.75mm Black PLA 3D Printer Filament - 1kg (2.2 lbs) - Dimensional Accuracy +/- 0.03mm",,
lost_vs_v2,v2_on_p05,1144,3d_filament,1851,"HATCHBOX PLA 3D Printer Filament, Dimensional Accuracy +/- 0.03 mm, 1 kg Spool, 1.75 mm, Yellow",<a_178><b_154><c_135>,,9.0,l2_routing_miss_after_l1_hit,0,1,"<a_178><b_14><c_6> :: ids=[2909, 3494] :: fam=3d_filament :: 3D Solutech Silver Metal 3D Printer PLA Filament 1.75MM Filament, Dimensional Accuracy +/- 0.03 mm, 2.2 LBS (1.0KG) - PLA175TCMS / 3D Solutech Real Yellow 3D Pr
<a_178><b_14><c_94> :: ids=[3112] :: fam=3d_filament :: 3D Solutech Real Black 3D Printer PLA Filament 1.75MM Filament, Dimensional Accuracy +/- 0.03 mm, 2.2 LBS (1.0KG) - PLA175RBLK
<a_178><b_14><c_107> :: ids=[2161] :: fam=3d_filament :: 3D Solutech Natural Clear 1.75mm 3D Printer PLA Filament, Dimensional Accuracy +/- 0.03 mm, 2.2 LBS (1.0KG)
<a_178><b_14><c_135> :: ids=[2993] :: fam=3d_filament :: 3D Solutech Blue 3D Printer Ultra PLA Filament 1.75MM Filament, Dimensional Accuracy +/- 0.03 mm, 2.2 LBS (1.0KG)
<a_178><b_14><c_75> :: ids=[2697] :: fam=3d_filament :: 3D Solutech Real White 3D Printer PLA Filament 1.75MM Filament, Dimensional Accuracy +/- 0.03 mm, 2.2 LBS (1.0KG)","<a_112><b_65><c_53> :: ids=[1850] :: fam=3d_filament :: HATCHBOX PLA 3D Printer Filament, Dimensional Accuracy +/- 0.03 mm, 1 kg Spool, 1.75 mm, Red
<a_22><b_122><c_191> :: ids=[2909] :: fam=3d_filament :: 3D Solutech Silver Metal 3D Printer PLA Filament 1.75MM Filament, Dimensional Accuracy +/- 0.03 mm, 2.2 LBS (1.0KG) - PLA175TCMS
<a_112><b_122><c_213> :: ids=[3475] :: fam=3d_filament :: 3D Solutech Real Orange 3D Printer PLA Filament 1.75MM Filament, Dimensional Accuracy +/- 0.03 mm, 2.2 LBS (1.0KG)
<a_112><b_122><c_79> :: ids=[2697] :: fam=3d_filament :: 3D Solutech Real White 3D Printer PLA Filament 1.75MM Filament, Dimensional Accuracy +/- 0.03 mm, 2.2 LBS (1.0KG)
<a_226><b_148><c_116> :: ids=[2333] :: fam=3d_filament :: eSUN 3D Printer CLEANING Filament 1.75mm Natural 0.1kg for all 1.75mm FDM 3D Printers, 1.75mm Cleaning",,
lost_vs_v2,v2_on_p05,1237,3d_filament,1206,"eSUN 1.75mm Black PLA PRO (PLA+) 3D Printer Filament 1KG Spool (2.2lbs), Black",<a_220><b_17><c_237>,50.0,8.0,l1_routing_miss,0,2,"<a_109><b_17><c_3> :: ids=[1205] :: fam=other :: PEI (Polyetherimide) Sheet, Opaque Off-White, Standard Tolerance, ASTM D5205 PEI0113, 0.03"" Thickness, 12"" Width, 24"" Length
<a_178><b_150><c_186> :: ids=[2714] :: fam=3d_filament :: NinjaFlex TPU 3D Printing Filament - 1.75mm .50kg - SAPPHIRE
<a_178><b_150><c_117> :: ids=[2544] :: fam=3d_filament :: SainSmart Clear Flexible TPU 3D Printing Filament, 1.75 mm, 0.8 kg, Dimensional Accuracy +/- 0.05 mm
<a_197><b_173><c_161> :: ids=[84] :: fam=gauge_meter :: Neiko 01409A Electronic Digital Caliper with Extra Large LCD Screen | 0 - 12 Inches | Inch/Fractions/Millimeter Conversion
<a_193><b_228><c_165> :: ids=[2475] :: fam=other :: Gizmo Dorks 3D Print Removal Tool, 5-inch Blade","<a_45><b_249><c_244> :: ids=[1847] :: fam=3d_filament :: HATCHBOX PLA 3D Printer Filament, Dimensional Accuracy +/- 0.03 mm, 1 kg Spool, 1.75 mm, White
<a_33><b_147><c_242> :: ids=[2513] :: fam=3d_filament :: 2 Meters PTFE Teflon Bowden Tube 1.75 Filament 3D printer RepRap Rostock Kossel
<a_22><b_249><c_221> :: ids=[2477] :: fam=3d_filament :: BAMtack! 1.75mm Black PLA 3D Printer Filament - 1kg (2.2 lbs) - Dimensional Accuracy +/- 0.03mm
<a_22><b_122><c_191> :: ids=[2909] :: fam=3d_filament :: 3D Solutech Silver Metal 3D Printer PLA Filament 1.75MM Filament, Dimensional Accuracy +/- 0.03 mm, 2.2 LBS (1.0KG) - PLA175TCMS
<a_112><b_65><c_53> :: ids=[1850] :: fam=3d_filament :: HATCHBOX PLA 3D Printer Filament, Dimensional Accuracy +/- 0.03 mm, 1 kg Spool, 1.75 mm, Red",,
lost_vs_v2,v2_on_p05,1376,3d_filament,2158,"eSUN 3D 1.75mm PETG Green Filament 1kg (2.2lb), PETG 3D Printer Filament, Semi-Transparent 1.75mm Green",<a_178><b_156><c_234>,19.0,5.0,leaf_or_ranking_miss_after_l2_hit,0,1,"<a_178><b_156><c_135> :: ids=[2893] :: fam=3d_filament :: eSUN 3D 1.75mm PETG White Filament 1kg (2.2lb), PETG 3D Printer Filament, 1.75mm Solid Opaque White
<a_178><b_156><c_58> :: ids=[2157] :: fam=3d_filament :: eSUN 3D 1.75mm PETG Blue Filament 1kg (2.2lb), PETG 3D Printer Filament, 1.75mm Semi-Transparent Blue
<a_178><b_156><c_59> :: ids=[2703] :: fam=3d_filament :: eSUN 3D 1.75mm PETG Black Filament 1kg (2.2lb), PETG 3D Printer Filament, 1.75mm Solid Opaque Black
<a_178><b_20><c_140> :: ids=[1794] :: fam=3d_filament :: Filabot 910175 Taulman 910 Alloy, 1.75"" Filament Diameter, Natural
<a_178><b_156><c_72> :: ids=[3648] :: fam=3d_filament :: eSUN 3D 1.75mm PETG Orange Filament 1kg (2.2lb), PETG 3D Printer Filament, Semi-Transparent 1.75mm Orange","<a_211><b_35><c_13> :: ids=[2703] :: fam=3d_filament :: eSUN 3D 1.75mm PETG Black Filament 1kg (2.2lb), PETG 3D Printer Filament, 1.75mm Solid Opaque Black
<a_211><b_35><c_200> :: ids=[2893] :: fam=3d_filament :: eSUN 3D 1.75mm PETG White Filament 1kg (2.2lb), PETG 3D Printer Filament, 1.75mm Solid Opaque White
<a_226><b_148><c_116> :: ids=[2333] :: fam=3d_filament :: eSUN 3D Printer CLEANING Filament 1.75mm Natural 0.1kg for all 1.75mm FDM 3D Printers, 1.75mm Cleaning
<a_211><b_35><c_7> :: ids=[2157] :: fam=3d_filament :: eSUN 3D 1.75mm PETG Blue Filament 1kg (2.2lb), PETG 3D Printer Filament, 1.75mm Semi-Transparent Blue
<a_211><b_35><c_45> :: ids=[2158] :: fam=3d_filament :: eSUN 3D 1.75mm PETG Green Filament 1kg (2.2lb), PETG 3D Printer Filament, Semi-Transparent 1.75mm Green",,
lost_vs_v2,v2_on_p05,1378,other,415,"Miller Electric 229895 Gage, Wire Metal Sizes",<a_197><b_130><c_6>,24.0,3.0,l1_routing_miss,1,2,"<a_92><b_200><c_192> :: ids=[341] :: fam=other :: Neiko 11108A 4.5&rdquo; x 7/8-Inch Aluminum Oxide Flap Disc, 80 Grit | Flat Type #27 | 10-Pack
<a_238><b_78><c_225> :: ids=[582] :: fam=other :: Forney 72757 Wire Cup Brush, Knotted with 5/8-Inch-11 Threaded Arbor, 2-3/4-Inch-by-.020-Inch
<a_92><b_178><c_40> :: ids=[423] :: fam=other :: Tormek TT-50 Truing and Dressing Tool
<a_189><b_209><c_30> :: ids=[75] :: fam=other :: Jumbo 51pc Drum Sanding Kit - Fits Dremel - Includes Rubber Drum Mandrels - 1/2, 3/8 & 1/4
<a_238><b_78><c_16> :: ids=[2208] :: fam=other :: Forney 72745 Wire Bench Wheel Brush, Coarse Crimped with 1/2-Inch and 5/8-Inch Arbor, 6-Inch-by-.012-Inch","<a_214><b_147><c_8> :: ids=[582] :: fam=other :: Forney 72757 Wire Cup Brush, Knotted with 5/8-Inch-11 Threaded Arbor, 2-3/4-Inch-by-.020-Inch
<a_136><b_147><c_205> :: ids=[341] :: fam=other :: Neiko 11108A 4.5&rdquo; x 7/8-Inch Aluminum Oxide Flap Disc, 80 Grit | Flat Type #27 | 10-Pack
<a_178><b_203><c_243> :: ids=[415] :: fam=other :: Miller Electric 229895 Gage, Wire Metal Sizes
<a_84><b_152><c_229> :: ids=[414] :: fam=other :: Koch 7640040 Roller Chain Offset Link, 4-Pack, 40
<a_131><b_191><c_180> :: ids=[201] :: fam=connector_fitting :: ColorConnex Coupler & Plug Kit (7 Piece), Industrial Type D, 1/4 in. NPT, Red - A73457D",,
lost_vs_v2,v2_on_p05,1518,other,128,"MegaDeal AC201710300001 12 Pack 2"" Swivel Caster Wheels Rubber Base with Top Plate & Bearing Heavy Duty",<a_130><b_14><c_141>,,1.0,l2_routing_miss_after_l1_hit,1,3,"<a_130><b_96><c_149> :: ids=[706] :: fam=other :: Shepherd Hardware 9174 2-Inch Cast Iron Swivel Plate Caster, 125-lb Load Capacity
<a_231><b_96><c_16> :: ids=[1342] :: fam=other :: Ten 1"" Inch Chrome Steel Bearing Balls G25
<a_7><b_141><c_102> :: ids=[1395] :: fam=fastener :: KREG Tools SSW Kreg Screw Selector Wheel. Woodworking
<a_231><b_96><c_3> :: ids=[653] :: fam=other :: Five 1"" Inch Chrome Steel Bearing Balls G25
<a_7><b_78><c_136> :: ids=[419] :: fam=gauge_meter :: Bostitch BTFP72326 Regulator and Gauge Kit with 1/4-Inch NPT Thread","<a_59><b_133><c_142> :: ids=[128] :: fam=other :: MegaDeal AC201710300001 12 Pack 2"" Swivel Caster Wheels Rubber Base with Top Plate & Bearing Heavy Duty
<a_87><b_146><c_252> :: ids=[1921] :: fam=fastener :: Rok Hardware #6 x 5/8"" Flat Head Phillips Deep Thread Wood Screws Nickel (Zinc Finish) - Super Value 100 Pack
<a_87><b_146><c_31> :: ids=[1395] :: fam=fastener :: KREG Tools SSW Kreg Screw Selector Wheel. Woodworking
<a_154><b_37><c_0> :: ids=[181, 182] :: fam=gauge_meter :: AcuRite 00613 Humidity Monitor with Indoor Thermometer, Digital Hygrometer and Humidity Gauge Indicator / AcuRite 00613 Humidity Monitor with Indoor Thermometer
<a_62><b_116><c_1> :: ids=[524] :: fam=fastener :: Innovative Components AN4C-5S3L-21 1.75"" Star Knob thru hole&nbsp; 1/4-20 steel zinc lock nut black pp (Pack of 10)",,
lost_vs_v2,v2_on_p05,1532,gauge_meter,181,"AcuRite 00613 Humidity Monitor with Indoor Thermometer, Digital Hygrometer and Humidity Gauge Indicator",<a_190><b_103><c_0>,42.0,7.0,l1_routing_miss,1,2,"<a_214><b_200><c_245> :: ids=[3240] :: fam=other :: C-Clear 44 Lens Cleaning Cleaner Solution, 1 Gallon Capacity
<a_62><b_124><c_12> :: ids=[207] :: fam=other :: iRobot Roomba 880 Robot Vacuum
<a_211><b_154><c_68> :: ids=[513] :: fam=other :: Kimberly-Clark Professional Kimtech Science KimWipes Delicate Task Wipers, 4.4 x 8.4 in. 1-ply
<a_214><b_77><c_172> :: ids=[515] :: fam=other :: Chemical Guys ACC_121.32HD Chemical Resistant Heavy Duty Bottle and Sprayer (32 oz)
<a_62><b_146><c_118> :: ids=[3145] :: fam=other :: Dirt Devil Vacuum Cleaner Pro Power Bagless Corded Upright Vacuum UD70172","<a_247><b_50><c_75> :: ids=[2154] :: fam=other :: Rubbermaid Commercial AutoFlush Toilet System, FG401805A
<a_95><b_206><c_28> :: ids=[2246] :: fam=other :: Hoover Commercial CH32008 Hush Tone Canister Vacuum, 9 L
<a_153><b_252><c_238> :: ids=[2070] :: fam=other :: CLR Pro CL-4Pro Calcium, Lime and Rust Remover, 1 Gallon Bottle
<a_153><b_211><c_14> :: ids=[2163] :: fam=other :: Performacide 102000 Disinfectant for Hard Non-Porous Surfaces Gallon Kit
<a_245><b_88><c_7> :: ids=[2164] :: fam=other :: Rubbermaid Commercial Maximizer Mop Head, Blend, Medium, Blue (1924783)",,
lost_vs_v2,v2_on_p05,1619,other,140,DuPont Teflon Silicone Lubricant,<a_168><b_85><c_176>,27.0,1.0,l2_routing_miss_after_l1_hit,1,2,"<a_77><b_45><c_0> :: ids=[139, 774] :: fam=other :: DuPont Teflon Non-Stick / DuPont Teflon Non-Stick
<a_65><b_145><c_139> :: ids=[2237] :: fam=adhesive_epoxy :: Flex Shot Rubber Adhesive Sealant Caulk, 8-oz, Clear (2 Pack)
<a_65><b_145><c_246> :: ids=[682] :: fam=other :: Pro Flex Super Flexible Elastomeric Sealant Acrylic Clear Paintable 10 Oz
<a_78><b_165><c_1> :: ids=[202] :: fam=adhesive_epoxy :: Loctite Liquid Professional Super Glue  20-Gram Bottle (1365882)
<a_124><b_153><c_37> :: ids=[675] :: fam=adhesive_epoxy :: J-B Weld 8265S Original Cold-Weld Steel Reinforced Epoxy - 2 oz.","<a_73><b_243><c_92> :: ids=[140] :: fam=other :: DuPont Teflon Silicone Lubricant
<a_43><b_126><c_0> :: ids=[139, 774] :: fam=other :: DuPont Teflon Non-Stick / DuPont Teflon Non-Stick
<a_135><b_27><c_66> :: ids=[199] :: fam=adhesive_epoxy :: J-B Weld 50133 Plastic Bonder Structural Adhesive Syringe - Dries Tan - 25 ml
<a_135><b_25><c_11> :: ids=[675] :: fam=adhesive_epoxy :: J-B Weld 8265S Original Cold-Weld Steel Reinforced Epoxy - 2 oz.
<a_63><b_126><c_74> :: ids=[261] :: fam=adhesive_epoxy :: Loctite 1589155 9 Fluid Ounce Cartridge Power Grab Clear All Purpose Construction Adhesive",,
lost_vs_v2,v2_on_p05,1642,other,2754,"Hakko CHP 3-SA Stainless Steel Non-Magnetic Precision Tweezers with Very Fine Point Tips for Microelectronics Applications, 4-3/4"" Length",<a_59><b_232><c_37>,,8.0,l1_routing_miss,1,2,"<a_197><b_173><c_161> :: ids=[84] :: fam=gauge_meter :: Neiko 01409A Electronic Digital Caliper with Extra Large LCD Screen | 0 - 12 Inches | Inch/Fractions/Millimeter Conversion
<a_118><b_59><c_100> :: ids=[281] :: fam=other :: SE TL10 10-Piece Test Lead Set with Alligator Clips
<a_109><b_114><c_135> :: ids=[176] :: fam=other :: URBEST 530 Pcs 2:1 Heat Shrink Tubing Tube Sleeving Wrap Cable Wire 5 Color 8 Size
<a_31><b_155><c_192> :: ids=[168] :: fam=tape :: Scotch Super 33+ Vinyl Electrical Tape, 3/4 in x 66 ft
<a_134><b_254><c_47> :: ids=[145] :: fam=other :: Marrywindix 6pcs ESD Precision Anti-Static Tweezers, Tweezers Stainless Steel Tweezers with a Bag for Electronics Jewelry-Making Repairing","<a_85><b_201><c_137> :: ids=[281] :: fam=other :: SE TL10 10-Piece Test Lead Set with Alligator Clips
<a_198><b_187><c_97> :: ids=[84] :: fam=gauge_meter :: Neiko 01409A Electronic Digital Caliper with Extra Large LCD Screen | 0 - 12 Inches | Inch/Fractions/Millimeter Conversion
<a_222><b_21><c_237> :: ids=[285] :: fam=other :: Z&T Solderless Flexible Breadboard Jumper Wires M/M 100pcs
<a_170><b_21><c_30> :: ids=[734] :: fam=other :: microtivity IL188 5mm Assorted Clear LED w/Resistors (8 Colors, Pack of 80)
<a_83><b_250><c_5> :: ids=[399] :: fam=other :: Anytime Tools 48 pc HEAT SHRINK TUBING WRAP SLEEVES ASSORTED SIZES",,
lost_vs_v2,v2_on_p05,1643,other,1559,"Hakko CHP 7-SA Stainless Steel Non-Magnetic Precision Tweezers with Very-Fine Point Curved Tips, 4-1/2"" Length",<a_59><b_232><c_211>,44.0,3.0,leaf_or_ranking_miss_after_l2_hit,1,3,"<a_118><b_59><c_100> :: ids=[281] :: fam=other :: SE TL10 10-Piece Test Lead Set with Alligator Clips
<a_197><b_173><c_161> :: ids=[84] :: fam=gauge_meter :: Neiko 01409A Electronic Digital Caliper with Extra Large LCD Screen | 0 - 12 Inches | Inch/Fractions/Millimeter Conversion
<a_59><b_232><c_37> :: ids=[2754] :: fam=other :: Hakko CHP 3-SA Stainless Steel Non-Magnetic Precision Tweezers with Very Fine Point Tips for Microelectronics Applications, 4-3/4"" Length
<a_92><b_200><c_192> :: ids=[341] :: fam=other :: Neiko 11108A 4.5&rdquo; x 7/8-Inch Aluminum Oxide Flap Disc, 80 Grit | Flat Type #27 | 10-Pack
<a_134><b_254><c_47> :: ids=[145] :: fam=other :: Marrywindix 6pcs ESD Precision Anti-Static Tweezers, Tweezers Stainless Steel Tweezers with a Bag for Electronics Jewelry-Making Repairing","<a_85><b_201><c_137> :: ids=[281] :: fam=other :: SE TL10 10-Piece Test Lead Set with Alligator Clips
<a_88><b_201><c_2> :: ids=[2754] :: fam=other :: Hakko CHP 3-SA Stainless Steel Non-Magnetic Precision Tweezers with Very Fine Point Tips for Microelectronics Applications, 4-3/4"" Length
<a_88><b_201><c_1> :: ids=[1559] :: fam=other :: Hakko CHP 7-SA Stainless Steel Non-Magnetic Precision Tweezers with Very-Fine Point Curved Tips, 4-1/2"" Length
<a_198><b_16><c_136> :: ids=[266] :: fam=gauge_meter :: iGaging ABSOLUTE ORIGIN 0-6"" Digital Electronic Caliper - IP54 Protection/Extreme Accuracy
<a_198><b_187><c_97> :: ids=[84] :: fam=gauge_meter :: Neiko 01409A Electronic Digital Caliper with Extra Large LCD Screen | 0 - 12 Inches | Inch/Fractions/Millimeter Conversion",,
lost_vs_v2,v2_on_p05,1704,other,1376,"Century Drill and Tool 97205 Plug Hand Pipe Tap, 3/4-14 NPT",<a_7><b_239><c_75>,31.0,6.0,l1_routing_miss,1,2,"<a_197><b_173><c_161> :: ids=[84] :: fam=gauge_meter :: Neiko 01409A Electronic Digital Caliper with Extra Large LCD Screen | 0 - 12 Inches | Inch/Fractions/Millimeter Conversion
<a_31><b_51><c_218> :: ids=[856] :: fam=tape :: Tesa  Wire Loom Harness Tape Used By Mercedes BMW VW Audi
<a_209><b_33><c_25> :: ids=[577] :: fam=other :: Neiko 50458A Snap Ring Shop Assortment, 300 Count | 18 Sizes (1/8"" - 1-1/4"") | Hardened Steel
<a_31><b_155><c_192> :: ids=[168] :: fam=tape :: Scotch Super 33+ Vinyl Electrical Tape, 3/4 in x 66 ft
<a_80><b_233><c_186> :: ids=[87] :: fam=other :: Wixey WR510 Digital Planer Readout with Fractions","<a_229><b_166><c_219> :: ids=[395] :: fam=other :: Arctic Silver 5 AS5-3.5G Thermal Paste
<a_201><b_142><c_225> :: ids=[856] :: fam=tape :: Tesa  Wire Loom Harness Tape Used By Mercedes BMW VW Audi
<a_209><b_169><c_44> :: ids=[338] :: fam=gauge_meter :: Etekcity Lasergrip 1080 Non-Contact Digital Laser Infrared Thermometer Temperature Gun -58~1022 (-50550), Yellow and Black
<a_132><b_137><c_37> :: ids=[248] :: fam=other :: Neiko 10197A Titanium Step Drill Bit Set, High Speed Steel | 5-Piece Set | Total 50 Sizes
<a_154><b_37><c_0> :: ids=[181, 182] :: fam=gauge_meter :: AcuRite 00613 Humidity Monitor with Indoor Thermometer, Digital Hygrometer and Humidity Gauge Indicator / AcuRite 00613 Humidity Monitor with Indoor Thermometer",,
lost_vs_v2,v2_on_p05,1888,tape,567,"ProTapes Pro Duct 100 PE-Coated Cloth Economy Duct Tape, 60 yds Length x 2"" Width, Black (Pack of 1)",<a_31><b_179><c_195>,,5.0,leaf_or_ranking_miss_after_l2_hit,1,1,"<a_31><b_179><c_121> :: ids=[1444] :: fam=tape :: ProTapes Pro Duct 110 PE-Coated Cloth General Purpose Duct Tape, 60 yds Length x 2"" Width, Silver (Pack of 1)
<a_138><b_9><c_137> :: ids=[395] :: fam=other :: Arctic Silver 5 AS5-3.5G Thermal Paste
<a_31><b_179><c_128> :: ids=[553] :: fam=tape :: 3M  Pro Strength Duct Tape, 1260-A, 1.88  Inches by 60 Yards
<a_164><b_188><c_16> :: ids=[2783] :: fam=other :: CO-RODE Tact Button Switch 6x6x5mm Pack of 100
<a_164><b_137><c_54> :: ids=[1780] :: fam=other :: TOOGOO(R) 10 Pcs AC 125V 6A Amps ON/ON 2 Position DPDT Toggle Switch","<a_242><b_231><c_123> :: ids=[23] :: fam=tape :: Gardner Bender 07315001126 LTB-400 Liquid Electrical Tape, Easy-on, Waterproof, Indoor/Outdoor Use, 4 Oz. Jar, Black, Bottle
<a_177><b_32><c_22> :: ids=[1444] :: fam=tape :: ProTapes Pro Duct 110 PE-Coated Cloth General Purpose Duct Tape, 60 yds Length x 2"" Width, Silver (Pack of 1)
<a_154><b_37><c_0> :: ids=[181, 182] :: fam=gauge_meter :: AcuRite 00613 Humidity Monitor with Indoor Thermometer, Digital Hygrometer and Humidity Gauge Indicator / AcuRite 00613 Humidity Monitor with Indoor Thermometer
<a_177><b_32><c_227> :: ids=[528] :: fam=tape :: ProTapes Pro Duct 100 PE-Coated Cloth Economy Duct Tape, 60 yds Length x 2"" Width, Silver (Pack of 1)
<a_177><b_32><c_4> :: ids=[567] :: fam=tape :: ProTapes Pro Duct 100 PE-Coated Cloth Economy Duct Tape, 60 yds Length x 2"" Width, Black (Pack of 1)",,
lost_vs_v2,v2_on_p05,1892,3d_filament,3522,"3D Solutech Real Blue 3D Printer PLA Filament 1.75MM Filament, Dimensional Accuracy +/- 0.03 mm, 2.2 LBS (1.0KG) - ST176BLPLA",<a_178><b_14><c_183>,19.0,7.0,leaf_or_ranking_miss_after_l2_hit,1,3,"<a_178><b_14><c_6> :: ids=[2909, 3494] :: fam=3d_filament :: 3D Solutech Silver Metal 3D Printer PLA Filament 1.75MM Filament, Dimensional Accuracy +/- 0.03 mm, 2.2 LBS (1.0KG) - PLA175TCMS / 3D Solutech Real Yellow 3D Pr
<a_178><b_14><c_135> :: ids=[2993] :: fam=3d_filament :: 3D Solutech Blue 3D Printer Ultra PLA Filament 1.75MM Filament, Dimensional Accuracy +/- 0.03 mm, 2.2 LBS (1.0KG)
<a_178><b_14><c_107> :: ids=[2161] :: fam=3d_filament :: 3D Solutech Natural Clear 1.75mm 3D Printer PLA Filament, Dimensional Accuracy +/- 0.03 mm, 2.2 LBS (1.0KG)
<a_178><b_14><c_94> :: ids=[3112] :: fam=3d_filament :: 3D Solutech Real Black 3D Printer PLA Filament 1.75MM Filament, Dimensional Accuracy +/- 0.03 mm, 2.2 LBS (1.0KG) - PLA175RBLK
<a_178><b_14><c_75> :: ids=[2697] :: fam=3d_filament :: 3D Solutech Real White 3D Printer PLA Filament 1.75MM Filament, Dimensional Accuracy +/- 0.03 mm, 2.2 LBS (1.0KG)","<a_22><b_122><c_191> :: ids=[2909] :: fam=3d_filament :: 3D Solutech Silver Metal 3D Printer PLA Filament 1.75MM Filament, Dimensional Accuracy +/- 0.03 mm, 2.2 LBS (1.0KG) - PLA175TCMS
<a_112><b_122><c_79> :: ids=[2697] :: fam=3d_filament :: 3D Solutech Real White 3D Printer PLA Filament 1.75MM Filament, Dimensional Accuracy +/- 0.03 mm, 2.2 LBS (1.0KG)
<a_112><b_122><c_3> :: ids=[2161] :: fam=3d_filament :: 3D Solutech Natural Clear 1.75mm 3D Printer PLA Filament, Dimensional Accuracy +/- 0.03 mm, 2.2 LBS (1.0KG)
<a_112><b_122><c_213> :: ids=[3475] :: fam=3d_filament :: 3D Solutech Real Orange 3D Printer PLA Filament 1.75MM Filament, Dimensional Accuracy +/- 0.03 mm, 2.2 LBS (1.0KG)
<a_112><b_122><c_17> :: ids=[3494] :: fam=3d_filament :: 3D Solutech Real Yellow 3D Printer PLA Filament 1.75MM Filament, Dimensional Accuracy +/- 0.03 mm, 2.2 LBS (1.0KG)",,
lost_vs_v2,v2_on_p05,1941,3d_filament,444,"HATCHBOX ABS 3D Printer Filament, Dimensional Accuracy +/- 0.03 mm, 1 kg Spool, 1.75 mm, White",<a_178><b_154><c_50>,17.0,4.0,l2_routing_miss_after_l1_hit,1,4,"<a_126><b_64><c_16> :: ids=[2960] :: fam=other :: Uxcell a11090300ux0241 IC Sockets Adaptor Solder Type Socket (Pack of 17)
<a_126><b_141><c_197> :: ids=[2631] :: fam=other :: Addicore 1 Pack ATmega328P-PU DIP-28 Chip with Arduino Uno Bootloader and Addicore Pinout Sticker
<a_212><b_17><c_91> :: ids=[2926] :: fam=3d_filament :: HICTOP 5 Pieces 3D Printer Extruder Hotend 1.75mm Nozzle Throat for Reprap Prusa I3
<a_75><b_251><c_9> :: ids=[1545] :: fam=other :: Top-cofrLD 1/4w Resistors Pack 164 values x 10pcs = 1640pcs 0-22M Metal Film Full range resistors Assortment Kits
<a_126><b_11><c_238> :: ids=[3079] :: fam=other :: Texas Instruments SN74HC595 74HC595 74HC595N 8-Bit Shift Registers With 3-State Output Registers DIP16 1 Piece","<a_112><b_39><c_176> :: ids=[2419] :: fam=3d_filament :: HATCHBOX 3D ABS-1KG1.75-BLU ABS 3D Printer Filament, Dimensional Accuracy +/- 0.03 mm, 1 kg Spool, 1.75 mm, Blue
<a_191><b_210><c_121> :: ids=[1815] :: fam=other :: uxcell 10 Pcs 1x40 Pin 2.54mm Pitch Straight Single Row PCB Female Headers
<a_191><b_39><c_11> :: ids=[2229] :: fam=other :: Uxcell a11093000ux0385 10x 8 Pin DIP IC Sockets Adaptor Solder Type Socket
<a_112><b_39><c_244> :: ids=[444] :: fam=3d_filament :: HATCHBOX ABS 3D Printer Filament, Dimensional Accuracy +/- 0.03 mm, 1 kg Spool, 1.75 mm, White
<a_112><b_39><c_8> :: ids=[3308] :: fam=3d_filament :: HATCHBOX ABS 3D Printer Filament, Dimensional Accuracy +/- 0.03 mm, 1 kg Spool, 1.75 mm, Yellow",,
lost_vs_v2,v2_on_p05,1997,gauge_meter,181,"AcuRite 00613 Humidity Monitor with Indoor Thermometer, Digital Hygrometer and Humidity Gauge Indicator",<a_190><b_103><c_0>,17.0,5.0,l1_routing_miss,1,2,"<a_167><b_69><c_233> :: ids=[2151] :: fam=3d_filament :: Signstek 3D Printer MK2 MK3 Heated Bed Tempered Borosilicate Glass Plate 213x200x3mm
<a_178><b_12><c_24> :: ids=[162] :: fam=3d_filament :: USAFilament 9800429 ABS 3D Printing Filament, 2.2 lb, 1.75 mm, White Spool
<a_193><b_46><c_91> :: ids=[563] :: fam=3d_filament :: Foreasy 3D Printer Tool 3D Print Removal Tool Enhanced Version Set of 2
<a_178><b_131><c_35> :: ids=[297] :: fam=3d_filament :: XYZprinting ABS Plastic Filament Cartridge, 1.75 mm Diameter, 600g, Black
<a_178><b_154><c_24> :: ids=[2582] :: fam=3d_filament :: HATCHBOX ABS 3D Printer Filament, Dimensional Accuracy +/- 0.03 mm, 1 kg Spool, 1.75 mm, Orange","<a_135><b_25><c_11> :: ids=[675] :: fam=adhesive_epoxy :: J-B Weld 8265S Original Cold-Weld Steel Reinforced Epoxy - 2 oz.
<a_225><b_89><c_253> :: ids=[609] :: fam=other :: Dap 7079812343 Drydex 5.5 Oz 6Pk Raw Building Material, 5.5-Ounce, Pink/White
<a_135><b_27><c_66> :: ids=[199] :: fam=adhesive_epoxy :: J-B Weld 50133 Plastic Bonder Structural Adhesive Syringe - Dries Tan - 25 ml
<a_65><b_81><c_238> :: ids=[172] :: fam=adhesive_epoxy :: Gorilla Super Glue Gel, 15 Gram, Clear
<a_154><b_37><c_0> :: ids=[181, 182] :: fam=gauge_meter :: AcuRite 00613 Humidity Monitor with Indoor Thermometer, Digital Hygrometer and Humidity Gauge Indicator / AcuRite 00613 Humidity Monitor with Indoor Thermometer",,
lost_vs_v2,v2_on_p05,2158,adhesive_epoxy,1128,Loctite Heavy Duty Epoxy Quick Set 8-Fluid Ounce Bottle (1365736),<a_124><b_92><c_242>,,4.0,l1_routing_miss,1,2,"<a_180><b_230><c_141> :: ids=[1572] :: fam=adhesive_epoxy :: Devcon Epoxy, 2 Ton Epoxy, 4.25 Ounce each, 2 Bottles
<a_31><b_171><c_9> :: ids=[450] :: fam=tape :: X-Treme Tape TPE-X36ZLB Silicone Rubber Self Fusing Tape, 1"" x 36', Triangular, Black
<a_31><b_171><c_67> :: ids=[1373] :: fam=tape :: X-Treme Tape TPE-XZLBRD Silicone Rubber Self Fusing Tape, 1"" x 10', Triangular, Bright Red
<a_31><b_171><c_120> :: ids=[950] :: fam=tape :: X-Treme Tape TPE-XZLCLR Silicone Rubber Self Fusing Tape, 1"" x 10', Triangular, Clear
<a_31><b_171><c_89> :: ids=[2596] :: fam=tape :: X-Treme Tape TPE-XZLYEL Silicone Rubber Self Fusing Tape, 1"" x 10', Triangular, Yellow","<a_50><b_224><c_146> :: ids=[515] :: fam=other :: Chemical Guys ACC_121.32HD Chemical Resistant Heavy Duty Bottle and Sprayer (32 oz)
<a_69><b_111><c_34> :: ids=[45] :: fam=adhesive_epoxy :: Permatex 80050 Clear RTV Silicone Adhesive Sealant, 3 oz
<a_63><b_21><c_1> :: ids=[202] :: fam=adhesive_epoxy :: Loctite Liquid Professional Super Glue  20-Gram Bottle (1365882)
<a_63><b_48><c_253> :: ids=[1128] :: fam=adhesive_epoxy :: Loctite Heavy Duty Epoxy Quick Set 8-Fluid Ounce Bottle (1365736)
<a_177><b_238><c_243> :: ids=[1373] :: fam=tape :: X-Treme Tape TPE-XZLBRD Silicone Rubber Self Fusing Tape, 1"" x 10', Triangular, Bright Red",,
lost_vs_v2,v2_on_p05,2257,3d_filament,1850,"HATCHBOX PLA 3D Printer Filament, Dimensional Accuracy +/- 0.03 mm, 1 kg Spool, 1.75 mm, Red",<a_178><b_165><c_49>,36.0,5.0,leaf_or_ranking_miss_after_l2_hit,1,4,"<a_178><b_165><c_148> :: ids=[2507] :: fam=3d_filament :: HATCHBOX PLA 3D Printer Filament, Dimensional Accuracy +/- 0.03 mm, 1 kg Spool, 1.75 mm, Silver
<a_178><b_165><c_9> :: ids=[2152] :: fam=3d_filament :: HATCHBOX PLA 3D Printer Filament, Dimensional Accuracy +/- 0.03 mm, 1 kg Spool, 1.75 mm, Gold
<a_178><b_230><c_5> :: ids=[3016] :: fam=3d_filament :: HATCHBOX 3D Printer Filament, Dimensional Accuracy +/- 0.03mm, 1.75 mm, 1 kg Spool, Wood
<a_178><b_14><c_6> :: ids=[2909, 3494] :: fam=3d_filament :: 3D Solutech Silver Metal 3D Printer PLA Filament 1.75MM Filament, Dimensional Accuracy +/- 0.03 mm, 2.2 LBS (1.0KG) - PLA175TCMS / 3D Solutech Real Yellow 3D Pr
<a_178><b_165><c_53> :: ids=[50] :: fam=3d_filament :: HATCHBOX PLA 3D Printer Filament, Dimensional Accuracy +/- 0.03 mm, 1 kg Spool, 1.75 mm, Blue","<a_112><b_122><c_3> :: ids=[2161] :: fam=3d_filament :: 3D Solutech Natural Clear 1.75mm 3D Printer PLA Filament, Dimensional Accuracy +/- 0.03 mm, 2.2 LBS (1.0KG)
<a_112><b_249><c_241> :: ids=[3016] :: fam=3d_filament :: HATCHBOX 3D Printer Filament, Dimensional Accuracy +/- 0.03mm, 1.75 mm, 1 kg Spool, Wood
<a_112><b_122><c_213> :: ids=[3475] :: fam=3d_filament :: 3D Solutech Real Orange 3D Printer PLA Filament 1.75MM Filament, Dimensional Accuracy +/- 0.03 mm, 2.2 LBS (1.0KG)
<a_112><b_122><c_79> :: ids=[2697] :: fam=3d_filament :: 3D Solutech Real White 3D Printer PLA Filament 1.75MM Filament, Dimensional Accuracy +/- 0.03 mm, 2.2 LBS (1.0KG)
<a_112><b_65><c_53> :: ids=[1850] :: fam=3d_filament :: HATCHBOX PLA 3D Printer Filament, Dimensional Accuracy +/- 0.03 mm, 1 kg Spool, 1.75 mm, Red",,
lost_vs_v2,v2_on_p05,2275,tape,23,"Gardner Bender 07315001126 LTB-400 Liquid Electrical Tape, Easy-on, Waterproof, Indoor/Outdoor Use, 4 Oz. Jar, Black, Bottle",<a_31><b_28><c_57>,24.0,3.0,l2_routing_miss_after_l1_hit,1,2,"<a_115><b_56><c_2> :: ids=[170] :: fam=other :: URBEST 328 Pcs Assorted Heat Shrink Tube 5 Colors 8 Sizes Tubing Wrap Sleeve Set Combo (328PCS)
<a_190><b_103><c_0> :: ids=[181, 182] :: fam=gauge_meter :: AcuRite 00613 Humidity Monitor with Indoor Thermometer, Digital Hygrometer and Humidity Gauge Indicator / AcuRite 00613 Humidity Monitor with Indoor Thermometer
<a_31><b_208><c_41> :: ids=[125] :: fam=tape :: Gorilla 6100101 Tape Handy Roll, 1-Pack, Black
<a_78><b_228><c_74> :: ids=[172] :: fam=adhesive_epoxy :: Gorilla Super Glue Gel, 15 Gram, Clear
<a_78><b_154><c_141> :: ids=[59] :: fam=adhesive_epoxy :: Loctite Ultra Gel Control Super Glue 4-Gram (1363589)","<a_83><b_83><c_33> :: ids=[170] :: fam=other :: URBEST 328 Pcs Assorted Heat Shrink Tube 5 Colors 8 Sizes Tubing Wrap Sleeve Set Combo (328PCS)
<a_44><b_97><c_38> :: ids=[2262] :: fam=other :: Handi-Bag HAB6FW130 Super Value Pack, 8gal, 0.6mil, 22 x 24, White (Box of 130)
<a_242><b_231><c_123> :: ids=[23] :: fam=tape :: Gardner Bender 07315001126 LTB-400 Liquid Electrical Tape, Easy-on, Waterproof, Indoor/Outdoor Use, 4 Oz. Jar, Black, Bottle
<a_154><b_37><c_0> :: ids=[181, 182] :: fam=gauge_meter :: AcuRite 00613 Humidity Monitor with Indoor Thermometer, Digital Hygrometer and Humidity Gauge Indicator / AcuRite 00613 Humidity Monitor with Indoor Thermometer
<a_83><b_83><c_60> :: ids=[392] :: fam=other :: SummitLink Pack of 328 Pcs Assorted Heat Shrink Tube 5 Colors 8 Sizes Tubing Wrap Sleeve Set Combo",,
lost_vs_v2,v2_on_p05,2335,other,699,"POWERTEC 15501 1/2"" Arbor 60-Grit Silicon Carbide Grinding Wheel, 6"" by 3/4",<a_238><b_17><c_105>,,6.0,l2_routing_miss_after_l1_hit,1,1,"<a_190><b_103><c_0> :: ids=[181, 182] :: fam=gauge_meter :: AcuRite 00613 Humidity Monitor with Indoor Thermometer, Digital Hygrometer and Humidity Gauge Indicator / AcuRite 00613 Humidity Monitor with Indoor Thermometer
<a_190><b_185><c_201> :: ids=[159] :: fam=gauge_meter :: Etekcity Lasergrip 774 Non-contact Digital Laser Infrared Thermometer Temperature Gun -58~ 716 (-50 ~ 380), Yellow and Black
<a_190><b_173><c_203> :: ids=[338] :: fam=gauge_meter :: Etekcity Lasergrip 1080 Non-Contact Digital Laser Infrared Thermometer Temperature Gun -58~1022 (-50550), Yellow and Black
<a_190><b_64><c_29> :: ids=[819] :: fam=3d_filament :: Inkbird ITC-1000 Dual Stage Digital Temperature Controller Fahrenheit  Celsius Thermostat with Sensor for 3D Printer,Freezer,Fridge,Hatching ect (12 Volt)
<a_190><b_173><c_201> :: ids=[1853] :: fam=gauge_meter :: Fluke 62 MAX Infrared Thermometer, AA Battery, -20 to +932 Degree F Range with a NIST-Traceable Calibration Certificate with Data","<a_154><b_37><c_0> :: ids=[181, 182] :: fam=gauge_meter :: AcuRite 00613 Humidity Monitor with Indoor Thermometer, Digital Hygrometer and Humidity Gauge Indicator / AcuRite 00613 Humidity Monitor with Indoor Thermometer
<a_136><b_246><c_3> :: ids=[238] :: fam=other :: United Abrasives-SAIT 20063 Type 27 4-1/2-Inch x 1/4-Inch x 7/8-Inch Grade A24R Long Life Depressed Center Grinding Wheels, 25-Pack
<a_48><b_246><c_16> :: ids=[837] :: fam=other :: Commando Grinding Wheel Dresser with Flat Diamond Coated Surface for Truing Grinding & Deburring Wheels
<a_75><b_63><c_194> :: ids=[56] :: fam=other :: RhinoGear 11909ABMI RhinoRamps Vehicle Ramp - Set of 2 (12,000lb. GVW Capacity)
<a_209><b_166><c_114> :: ids=[159] :: fam=gauge_meter :: Etekcity Lasergrip 774 Non-contact Digital Laser Infrared Thermometer Temperature Gun -58~ 716 (-50 ~ 380), Yellow and Black",,
lost_vs_v2,v2_on_p05,2345,3d_filament,3522,"3D Solutech Real Blue 3D Printer PLA Filament 1.75MM Filament, Dimensional Accuracy +/- 0.03 mm, 2.2 LBS (1.0KG) - ST176BLPLA",<a_178><b_14><c_183>,19.0,9.0,leaf_or_ranking_miss_after_l2_hit,1,4,"<a_178><b_14><c_6> :: ids=[2909, 3494] :: fam=3d_filament :: 3D Solutech Silver Metal 3D Printer PLA Filament 1.75MM Filament, Dimensional Accuracy +/- 0.03 mm, 2.2 LBS (1.0KG) - PLA175TCMS / 3D Solutech Real Yellow 3D Pr
<a_178><b_14><c_26> :: ids=[3442] :: fam=3d_filament :: 3D Solutech Real Purple 3D Printer PLA Filament 1.75MM Filament, Dimensional Accuracy +/- 0.03 mm, 2.2 LBS (1.0KG)
<a_178><b_14><c_107> :: ids=[2161] :: fam=3d_filament :: 3D Solutech Natural Clear 1.75mm 3D Printer PLA Filament, Dimensional Accuracy +/- 0.03 mm, 2.2 LBS (1.0KG)
<a_178><b_14><c_135> :: ids=[2993] :: fam=3d_filament :: 3D Solutech Blue 3D Printer Ultra PLA Filament 1.75MM Filament, Dimensional Accuracy +/- 0.03 mm, 2.2 LBS (1.0KG)
<a_178><b_14><c_94> :: ids=[3112] :: fam=3d_filament :: 3D Solutech Real Black 3D Printer PLA Filament 1.75MM Filament, Dimensional Accuracy +/- 0.03 mm, 2.2 LBS (1.0KG) - PLA175RBLK","<a_112><b_122><c_79> :: ids=[2697] :: fam=3d_filament :: 3D Solutech Real White 3D Printer PLA Filament 1.75MM Filament, Dimensional Accuracy +/- 0.03 mm, 2.2 LBS (1.0KG)
<a_22><b_122><c_191> :: ids=[2909] :: fam=3d_filament :: 3D Solutech Silver Metal 3D Printer PLA Filament 1.75MM Filament, Dimensional Accuracy +/- 0.03 mm, 2.2 LBS (1.0KG) - PLA175TCMS
<a_112><b_122><c_3> :: ids=[2161] :: fam=3d_filament :: 3D Solutech Natural Clear 1.75mm 3D Printer PLA Filament, Dimensional Accuracy +/- 0.03 mm, 2.2 LBS (1.0KG)
<a_112><b_122><c_17> :: ids=[3494] :: fam=3d_filament :: 3D Solutech Real Yellow 3D Printer PLA Filament 1.75MM Filament, Dimensional Accuracy +/- 0.03 mm, 2.2 LBS (1.0KG)
<a_112><b_122><c_213> :: ids=[3475] :: fam=3d_filament :: 3D Solutech Real Orange 3D Printer PLA Filament 1.75MM Filament, Dimensional Accuracy +/- 0.03 mm, 2.2 LBS (1.0KG)",,
lost_vs_v2,v2_on_p05,2355,3d_filament,3522,"3D Solutech Real Blue 3D Printer PLA Filament 1.75MM Filament, Dimensional Accuracy +/- 0.03 mm, 2.2 LBS (1.0KG) - ST176BLPLA",<a_178><b_14><c_183>,20.0,9.0,leaf_or_ranking_miss_after_l2_hit,1,5,"<a_178><b_14><c_6> :: ids=[2909, 3494] :: fam=3d_filament :: 3D Solutech Silver Metal 3D Printer PLA Filament 1.75MM Filament, Dimensional Accuracy +/- 0.03 mm, 2.2 LBS (1.0KG) - PLA175TCMS / 3D Solutech Real Yellow 3D Pr
<a_178><b_14><c_135> :: ids=[2993] :: fam=3d_filament :: 3D Solutech Blue 3D Printer Ultra PLA Filament 1.75MM Filament, Dimensional Accuracy +/- 0.03 mm, 2.2 LBS (1.0KG)
<a_178><b_14><c_26> :: ids=[3442] :: fam=3d_filament :: 3D Solutech Real Purple 3D Printer PLA Filament 1.75MM Filament, Dimensional Accuracy +/- 0.03 mm, 2.2 LBS (1.0KG)
<a_178><b_14><c_107> :: ids=[2161] :: fam=3d_filament :: 3D Solutech Natural Clear 1.75mm 3D Printer PLA Filament, Dimensional Accuracy +/- 0.03 mm, 2.2 LBS (1.0KG)
<a_178><b_14><c_150> :: ids=[3466] :: fam=3d_filament :: 3D Solutech Real Red 3D Printer PLA Filament 1.75MM, Dimensional Accuracy +/- 0.03 mm, 2.2 LBS (1.0KG) - RA-I00I-DQUY","<a_22><b_122><c_191> :: ids=[2909] :: fam=3d_filament :: 3D Solutech Silver Metal 3D Printer PLA Filament 1.75MM Filament, Dimensional Accuracy +/- 0.03 mm, 2.2 LBS (1.0KG) - PLA175TCMS
<a_112><b_122><c_79> :: ids=[2697] :: fam=3d_filament :: 3D Solutech Real White 3D Printer PLA Filament 1.75MM Filament, Dimensional Accuracy +/- 0.03 mm, 2.2 LBS (1.0KG)
<a_112><b_122><c_3> :: ids=[2161] :: fam=3d_filament :: 3D Solutech Natural Clear 1.75mm 3D Printer PLA Filament, Dimensional Accuracy +/- 0.03 mm, 2.2 LBS (1.0KG)
<a_112><b_122><c_8> :: ids=[1552] :: fam=3d_filament :: 3D Solutech Teal Blue 3D Printer PLA Filament 1.75MM Filament, Dimensional Accuracy +/- 0.03 mm, 2.2 LBS (1.0KG)
<a_112><b_122><c_213> :: ids=[3475] :: fam=3d_filament :: 3D Solutech Real Orange 3D Printer PLA Filament 1.75MM Filament, Dimensional Accuracy +/- 0.03 mm, 2.2 LBS (1.0KG)",,
lost_vs_v2,v2_on_p05,2393,other,1344,Bearing 608ZZ Shielded 8x22x7 Miniature Ball Bearings(Pack of 10),<a_130><b_228><c_246>,,9.0,l2_routing_miss_after_l1_hit,1,2,"<a_130><b_122><c_221> :: ids=[414] :: fam=other :: Koch 7640040 Roller Chain Offset Link, 4-Pack, 40
<a_162><b_6><c_225> :: ids=[1317] :: fam=other :: RMP .125 6061 T6 Aluminum Sheet 12"" x 12
<a_162><b_6><c_3> :: ids=[1358] :: fam=other :: RMP .249 3003 H14 Aluminum Sheet, 12"" x 12
<a_162><b_6><c_7> :: ids=[1305] :: fam=other :: RMP .125 3003 H14 Aluminum Sheet 12"" x 12
<a_162><b_228><c_174> :: ids=[1153] :: fam=gauge_meter :: 6061 Aluminum Round Rod, Unpolished (Mill) Finish, Extruded, T6511 Temper, ASTM B221, 2-1/4"" Diameter, 12"" Length","<a_84><b_152><c_229> :: ids=[414] :: fam=other :: Koch 7640040 Roller Chain Offset Link, 4-Pack, 40
<a_47><b_118><c_28> :: ids=[1317] :: fam=other :: RMP .125 6061 T6 Aluminum Sheet 12"" x 12
<a_154><b_37><c_0> :: ids=[181, 182] :: fam=gauge_meter :: AcuRite 00613 Humidity Monitor with Indoor Thermometer, Digital Hygrometer and Humidity Gauge Indicator / AcuRite 00613 Humidity Monitor with Indoor Thermometer
<a_254><b_67><c_184> :: ids=[1173] :: fam=other :: Lord & Hodge 1941-2063 1074-4 1/2"" Grommet KIT Refill
<a_248><b_128><c_68> :: ids=[371] :: fam=gauge_meter :: Loos Cableware SL2-3P 50 Piece Zinc Plated Copper Crimping Sleeve Set for 3/32"" Diameter Wire Rope",,
lost_vs_v2,v2_on_p05,2407,other,381,"Torin Big Red Hydraulic Bottle Jack, 50 Ton Capacity",<a_90><b_83><c_143>,,10.0,l2_routing_miss_after_l1_hit,1,1,"<a_157><b_152><c_125> :: ids=[461] :: fam=ventilation_fan :: Hy-Ko Products TSR-100 Posted Private Property Tyvek Sign Roll 11"" x 11"" Yellow, 100 Pieces
<a_190><b_103><c_0> :: ids=[181, 182] :: fam=gauge_meter :: AcuRite 00613 Humidity Monitor with Indoor Thermometer, Digital Hygrometer and Humidity Gauge Indicator / AcuRite 00613 Humidity Monitor with Indoor Thermometer
<a_157><b_179><c_208> :: ids=[720] :: fam=tape :: Dicor BT-1834-1 1/8"" x 3/4"" x 30' Butyl Seal Tape
<a_31><b_179><c_201> :: ids=[467] :: fam=tape :: 3M Utility Duct Tape 2929 Silver, 1.88 in x 50 yd 5.8 mils (Pack of 1)
<a_90><b_109><c_185> :: ids=[119] :: fam=other :: Rubbermaid Commercial BRUTE Heavy-Duty Round Waste/Utility Container with Venting Channels, 20-gallon, Gray (FG262000GRAY)","<a_120><b_2><c_33> :: ids=[461] :: fam=ventilation_fan :: Hy-Ko Products TSR-100 Posted Private Property Tyvek Sign Roll 11"" x 11"" Yellow, 100 Pieces
<a_154><b_37><c_0> :: ids=[181, 182] :: fam=gauge_meter :: AcuRite 00613 Humidity Monitor with Indoor Thermometer, Digital Hygrometer and Humidity Gauge Indicator / AcuRite 00613 Humidity Monitor with Indoor Thermometer
<a_87><b_70><c_104> :: ids=[359] :: fam=fastener :: Kreg SK03 Pocket-Hole Screw Kit in 5 Sizes
<a_67><b_194><c_234> :: ids=[1972] :: fam=other :: Hy-Ko Plastic Sign White 9"" X 12"" Protected By Video Surveillance Polystyrene
<a_91><b_78><c_222> :: ids=[1531] :: fam=other :: Prestige Medical Fluoride Scissor, Black, 7 1/2 Inch",,
lost_vs_v2,v2_on_p05,2497,3d_filament,3475,"3D Solutech Real Orange 3D Printer PLA Filament 1.75MM Filament, Dimensional Accuracy +/- 0.03 mm, 2.2 LBS (1.0KG)",<a_178><b_14><c_7>,21.0,6.0,leaf_or_ranking_miss_after_l2_hit,1,3,"<a_178><b_14><c_6> :: ids=[2909, 3494] :: fam=3d_filament :: 3D Solutech Silver Metal 3D Printer PLA Filament 1.75MM Filament, Dimensional Accuracy +/- 0.03 mm, 2.2 LBS (1.0KG) - PLA175TCMS / 3D Solutech Real Yellow 3D Pr
<a_178><b_46><c_65> :: ids=[2333] :: fam=3d_filament :: eSUN 3D Printer CLEANING Filament 1.75mm Natural 0.1kg for all 1.75mm FDM 3D Printers, 1.75mm Cleaning
<a_178><b_166><c_183> :: ids=[2477] :: fam=3d_filament :: BAMtack! 1.75mm Black PLA 3D Printer Filament - 1kg (2.2 lbs) - Dimensional Accuracy +/- 0.03mm
<a_178><b_14><c_94> :: ids=[3112] :: fam=3d_filament :: 3D Solutech Real Black 3D Printer PLA Filament 1.75MM Filament, Dimensional Accuracy +/- 0.03 mm, 2.2 LBS (1.0KG) - PLA175RBLK
<a_178><b_20><c_140> :: ids=[1794] :: fam=3d_filament :: Filabot 910175 Taulman 910 Alloy, 1.75"" Filament Diameter, Natural","<a_22><b_249><c_221> :: ids=[2477] :: fam=3d_filament :: BAMtack! 1.75mm Black PLA 3D Printer Filament - 1kg (2.2 lbs) - Dimensional Accuracy +/- 0.03mm
<a_22><b_122><c_191> :: ids=[2909] :: fam=3d_filament :: 3D Solutech Silver Metal 3D Printer PLA Filament 1.75MM Filament, Dimensional Accuracy +/- 0.03 mm, 2.2 LBS (1.0KG) - PLA175TCMS
<a_112><b_122><c_79> :: ids=[2697] :: fam=3d_filament :: 3D Solutech Real White 3D Printer PLA Filament 1.75MM Filament, Dimensional Accuracy +/- 0.03 mm, 2.2 LBS (1.0KG)
<a_226><b_148><c_116> :: ids=[2333] :: fam=3d_filament :: eSUN 3D Printer CLEANING Filament 1.75mm Natural 0.1kg for all 1.75mm FDM 3D Printers, 1.75mm Cleaning
<a_112><b_122><c_3> :: ids=[2161] :: fam=3d_filament :: 3D Solutech Natural Clear 1.75mm 3D Printer PLA Filament, Dimensional Accuracy +/- 0.03 mm, 2.2 LBS (1.0KG)",,
lost_vs_v2,v2_on_p05,2687,tape,2871,"3M 468MP Adhesive Transfer Tape, 4"" width x 5yd length (1 roll)",<a_31><b_34><c_13>,12.0,2.0,l1_routing_miss,1,2,"<a_109><b_17><c_3> :: ids=[1205] :: fam=other :: PEI (Polyetherimide) Sheet, Opaque Off-White, Standard Tolerance, ASTM D5205 PEI0113, 0.03"" Thickness, 12"" Width, 24"" Length
<a_212><b_17><c_91> :: ids=[2926] :: fam=3d_filament :: HICTOP 5 Pieces 3D Printer Extruder Hotend 1.75mm Nozzle Throat for Reprap Prusa I3
<a_178><b_165><c_148> :: ids=[2507] :: fam=3d_filament :: HATCHBOX PLA 3D Printer Filament, Dimensional Accuracy +/- 0.03 mm, 1 kg Spool, 1.75 mm, Silver
<a_109><b_17><c_59> :: ids=[108] :: fam=other :: Polycarbonate (PC) Sheet, Transparent Clear, Standard Tolerance, ASTM D3935, 0.08"" Thickness, 12"" Width, 24"" Length
<a_178><b_252><c_162> :: ids=[1847] :: fam=3d_filament :: HATCHBOX PLA 3D Printer Filament, Dimensional Accuracy +/- 0.03 mm, 1 kg Spool, 1.75 mm, White","<a_78><b_187><c_112> :: ids=[1205] :: fam=other :: PEI (Polyetherimide) Sheet, Opaque Off-White, Standard Tolerance, ASTM D5205 PEI0113, 0.03"" Thickness, 12"" Width, 24"" Length
<a_201><b_47><c_33> :: ids=[2871] :: fam=tape :: 3M 468MP Adhesive Transfer Tape, 4"" width x 5yd length (1 roll)
<a_78><b_166><c_6> :: ids=[1044] :: fam=other :: CMS Magnetics 150 LB Holding Power Neodymium Round Base Magnet w/Countersunk Hole 1.89"" - 1 Ct.
<a_78><b_197><c_136> :: ids=[2589] :: fam=fastener :: M3 x 6mm Alloy Steel Hex Bolt Socket Head Cap Screws Black 100 Pcs
<a_78><b_238><c_234> :: ids=[2478] :: fam=other :: Neoprene Sheet Gasket, Black, 1/8"" Thick, 24"" &times; 24"" (Pack of 1)",,
lost_vs_v2,v2_on_p05,2722,other,140,DuPont Teflon Silicone Lubricant,<a_168><b_85><c_176>,17.0,1.0,l2_routing_miss_after_l1_hit,1,2,"<a_190><b_103><c_0> :: ids=[181, 182] :: fam=gauge_meter :: AcuRite 00613 Humidity Monitor with Indoor Thermometer, Digital Hygrometer and Humidity Gauge Indicator / AcuRite 00613 Humidity Monitor with Indoor Thermometer
<a_77><b_45><c_0> :: ids=[139, 774] :: fam=other :: DuPont Teflon Non-Stick / DuPont Teflon Non-Stick
<a_190><b_185><c_201> :: ids=[159] :: fam=gauge_meter :: Etekcity Lasergrip 774 Non-contact Digital Laser Infrared Thermometer Temperature Gun -58~ 716 (-50 ~ 380), Yellow and Black
<a_190><b_64><c_29> :: ids=[819] :: fam=3d_filament :: Inkbird ITC-1000 Dual Stage Digital Temperature Controller Fahrenheit  Celsius Thermostat with Sensor for 3D Printer,Freezer,Fridge,Hatching ect (12 Volt)
<a_35><b_170><c_107> :: ids=[218] :: fam=ventilation_fan :: Phresh Duct Silencer 8 in x 24 in","<a_73><b_243><c_92> :: ids=[140] :: fam=other :: DuPont Teflon Silicone Lubricant
<a_43><b_126><c_0> :: ids=[139, 774] :: fam=other :: DuPont Teflon Non-Stick / DuPont Teflon Non-Stick
<a_168><b_53><c_241> :: ids=[883] :: fam=adhesive_epoxy :: Ancor Marine Grade Electrical Heat Activated Adhesive Lined Shrink Tubing
<a_154><b_37><c_0> :: ids=[181, 182] :: fam=gauge_meter :: AcuRite 00613 Humidity Monitor with Indoor Thermometer, Digital Hygrometer and Humidity Gauge Indicator / AcuRite 00613 Humidity Monitor with Indoor Thermometer
<a_140><b_80><c_89> :: ids=[1457] :: fam=other :: Vacuum Pump - 12V",,
lost_vs_v2,v2_on_p05,2797,3d_filament,3016,"HATCHBOX 3D Printer Filament, Dimensional Accuracy +/- 0.03mm, 1.75 mm, 1 kg Spool, Wood",<a_178><b_230><c_5>,25.0,3.0,l2_routing_miss_after_l1_hit,1,1,"<a_178><b_14><c_6> :: ids=[2909, 3494] :: fam=3d_filament :: 3D Solutech Silver Metal 3D Printer PLA Filament 1.75MM Filament, Dimensional Accuracy +/- 0.03 mm, 2.2 LBS (1.0KG) - PLA175TCMS / 3D Solutech Real Yellow 3D Pr
<a_178><b_14><c_94> :: ids=[3112] :: fam=3d_filament :: 3D Solutech Real Black 3D Printer PLA Filament 1.75MM Filament, Dimensional Accuracy +/- 0.03 mm, 2.2 LBS (1.0KG) - PLA175RBLK
<a_178><b_14><c_107> :: ids=[2161] :: fam=3d_filament :: 3D Solutech Natural Clear 1.75mm 3D Printer PLA Filament, Dimensional Accuracy +/- 0.03 mm, 2.2 LBS (1.0KG)
<a_178><b_14><c_75> :: ids=[2697] :: fam=3d_filament :: 3D Solutech Real White 3D Printer PLA Filament 1.75MM Filament, Dimensional Accuracy +/- 0.03 mm, 2.2 LBS (1.0KG)
<a_178><b_14><c_253> :: ids=[3453] :: fam=3d_filament :: 3D Solutech Real Gold 3D Printer PLA Filament 1.75MM Filament, Dimensional Accuracy +/- 0.03 mm, 2.2 LBS (1.0KG)","<a_22><b_122><c_191> :: ids=[2909] :: fam=3d_filament :: 3D Solutech Silver Metal 3D Printer PLA Filament 1.75MM Filament, Dimensional Accuracy +/- 0.03 mm, 2.2 LBS (1.0KG) - PLA175TCMS
<a_22><b_249><c_221> :: ids=[2477] :: fam=3d_filament :: BAMtack! 1.75mm Black PLA 3D Printer Filament - 1kg (2.2 lbs) - Dimensional Accuracy +/- 0.03mm
<a_112><b_249><c_241> :: ids=[3016] :: fam=3d_filament :: HATCHBOX 3D Printer Filament, Dimensional Accuracy +/- 0.03mm, 1.75 mm, 1 kg Spool, Wood
<a_112><b_122><c_213> :: ids=[3475] :: fam=3d_filament :: 3D Solutech Real Orange 3D Printer PLA Filament 1.75MM Filament, Dimensional Accuracy +/- 0.03 mm, 2.2 LBS (1.0KG)
<a_112><b_122><c_79> :: ids=[2697] :: fam=3d_filament :: 3D Solutech Real White 3D Printer PLA Filament 1.75MM Filament, Dimensional Accuracy +/- 0.03 mm, 2.2 LBS (1.0KG)",,
lost_vs_v2,v2_on_p05,2960,other,3552,"Rubbermaid Commercial Heavy-Duty BRUTE Dome Swing Top Door Lid for 44 Gallon Waste/Utility Containers, Plastic, Gray (FG264788GRAY)",<a_90><b_241><c_0>,12.0,10.0,leaf_or_ranking_miss_after_l2_hit,1,2,"<a_90><b_109><c_185> :: ids=[119] :: fam=other :: Rubbermaid Commercial BRUTE Heavy-Duty Round Waste/Utility Container with Venting Channels, 20-gallon, Gray (FG262000GRAY)
<a_90><b_241><c_8> :: ids=[3409] :: fam=ventilation_fan :: Rubbermaid Commercial Products BRUTE Heavy-Duty Round Waste/Utility Lid for 20-Gallon Container, White (FG261960WHT)
<a_90><b_241><c_3> :: ids=[526] :: fam=ventilation_fan :: Rubbermaid Commercial Products FG263100GRAY Rubbermaid Commercial Round Brute Container Lid, Gray, 32G
<a_90><b_58><c_4> :: ids=[713] :: fam=ventilation_fan :: Rubbermaid Commercial Products FG295673BLUE Plastic Resin Deskside Recycling Can, 7 Gallon/28 Quart, Blue Recycling Symbol (Pack of 12)
<a_90><b_109><c_107> :: ids=[1607] :: fam=ventilation_fan :: Rubbermaid Commercial Products Slim Jim Trash Can Waste Receptacle with Venting Channels, 23 Gallons, Gray (FG354060GRAY)","<a_172><b_87><c_190> :: ids=[119] :: fam=other :: Rubbermaid Commercial BRUTE Heavy-Duty Round Waste/Utility Container with Venting Channels, 20-gallon, Gray (FG262000GRAY)
<a_172><b_228><c_191> :: ids=[3409] :: fam=ventilation_fan :: Rubbermaid Commercial Products BRUTE Heavy-Duty Round Waste/Utility Lid for 20-Gallon Container, White (FG261960WHT)
<a_172><b_57><c_156> :: ids=[3150] :: fam=gauge_meter :: Brute 2632 BLU 22"" Diameter x 27-1/4"" Height, 32 gallon Blue LLDPE Heavy-Duty Round Container without Lid
<a_172><b_15><c_6> :: ids=[713] :: fam=ventilation_fan :: Rubbermaid Commercial Products FG295673BLUE Plastic Resin Deskside Recycling Can, 7 Gallon/28 Quart, Blue Recycling Symbol (Pack of 12)
<a_172><b_254><c_26> :: ids=[3243] :: fam=other :: Rubbermaid Commercial BRUTE Trash Can, 32 Gallon, Yellow, FG263200YEL",,
lost_vs_v2,v2_on_p05,2989,metadata_placeholder,98,"Industrial & Scientific"" />",<a_154><b_254><c_212>,,5.0,l1_routing_miss,1,2,"<a_190><b_103><c_0> :: ids=[181, 182] :: fam=gauge_meter :: AcuRite 00613 Humidity Monitor with Indoor Thermometer, Digital Hygrometer and Humidity Gauge Indicator / AcuRite 00613 Humidity Monitor with Indoor Thermometer
<a_190><b_185><c_201> :: ids=[159] :: fam=gauge_meter :: Etekcity Lasergrip 774 Non-contact Digital Laser Infrared Thermometer Temperature Gun -58~ 716 (-50 ~ 380), Yellow and Black
<a_197><b_173><c_161> :: ids=[84] :: fam=gauge_meter :: Neiko 01409A Electronic Digital Caliper with Extra Large LCD Screen | 0 - 12 Inches | Inch/Fractions/Millimeter Conversion
<a_190><b_173><c_201> :: ids=[1853] :: fam=gauge_meter :: Fluke 62 MAX Infrared Thermometer, AA Battery, -20 to +932 Degree F Range with a NIST-Traceable Calibration Certificate with Data
<a_190><b_173><c_203> :: ids=[338] :: fam=gauge_meter :: Etekcity Lasergrip 1080 Non-Contact Digital Laser Infrared Thermometer Temperature Gun -58~1022 (-50550), Yellow and Black","<a_154><b_37><c_0> :: ids=[181, 182] :: fam=gauge_meter :: AcuRite 00613 Humidity Monitor with Indoor Thermometer, Digital Hygrometer and Humidity Gauge Indicator / AcuRite 00613 Humidity Monitor with Indoor Thermometer
<a_175><b_13><c_126> :: ids=[2938] :: fam=ventilation_fan :: VenTech VT DUCT-6 VTD625 Aluminum Duct for Ventilation Ducting, 6''
<a_175><b_178><c_119> :: ids=[218] :: fam=ventilation_fan :: Phresh Duct Silencer 8 in x 24 in
<a_175><b_123><c_22> :: ids=[514] :: fam=other :: Tach-It Model-T Ultra-Rugged Retractable Snap Off Blade Utility Knife (Pack of 12)
<a_247><b_248><c_33> :: ids=[98] :: fam=metadata_placeholder :: Industrial & Scientific"" />",,
lost_vs_v2,v2_on_p05,3218,3d_filament,1850,"HATCHBOX PLA 3D Printer Filament, Dimensional Accuracy +/- 0.03 mm, 1 kg Spool, 1.75 mm, Red",<a_178><b_165><c_49>,30.0,1.0,leaf_or_ranking_miss_after_l2_hit,1,3,"<a_178><b_150><c_117> :: ids=[2544] :: fam=3d_filament :: SainSmart Clear Flexible TPU 3D Printing Filament, 1.75 mm, 0.8 kg, Dimensional Accuracy +/- 0.05 mm
<a_178><b_150><c_186> :: ids=[2714] :: fam=3d_filament :: NinjaFlex TPU 3D Printing Filament - 1.75mm .50kg - SAPPHIRE
<a_178><b_154><c_141> :: ids=[2472] :: fam=3d_filament :: HATCHBOX ABS 3D Printer Filament, Dimensional Accuracy +/- 0.03 mm, 1 kg Spool, 1.75 mm, Black
<a_178><b_154><c_50> :: ids=[444] :: fam=3d_filament :: HATCHBOX ABS 3D Printer Filament, Dimensional Accuracy +/- 0.03 mm, 1 kg Spool, 1.75 mm, White
<a_178><b_154><c_24> :: ids=[2582] :: fam=3d_filament :: HATCHBOX ABS 3D Printer Filament, Dimensional Accuracy +/- 0.03 mm, 1 kg Spool, 1.75 mm, Orange","<a_112><b_65><c_53> :: ids=[1850] :: fam=3d_filament :: HATCHBOX PLA 3D Printer Filament, Dimensional Accuracy +/- 0.03 mm, 1 kg Spool, 1.75 mm, Red
<a_112><b_65><c_32> :: ids=[2507] :: fam=3d_filament :: HATCHBOX PLA 3D Printer Filament, Dimensional Accuracy +/- 0.03 mm, 1 kg Spool, 1.75 mm, Silver
<a_112><b_65><c_58> :: ids=[50] :: fam=3d_filament :: HATCHBOX PLA 3D Printer Filament, Dimensional Accuracy +/- 0.03 mm, 1 kg Spool, 1.75 mm, Blue
<a_211><b_147><c_178> :: ids=[2544] :: fam=3d_filament :: SainSmart Clear Flexible TPU 3D Printing Filament, 1.75 mm, 0.8 kg, Dimensional Accuracy +/- 0.05 mm
<a_112><b_65><c_164> :: ids=[1851] :: fam=3d_filament :: HATCHBOX PLA 3D Printer Filament, Dimensional Accuracy +/- 0.03 mm, 1 kg Spool, 1.75 mm, Yellow",,
lost_vs_v2,v2_on_p05,3220,other,2588,"Pac-Kit by First Aid Only 4-007 Non-Woven Triangular Bandage with 2 Fastening Hooks, 56"" Length x 40"" Width",<a_77><b_165><c_34>,21.0,2.0,l1_routing_miss,1,1,"<a_17><b_89><c_34> :: ids=[192] :: fam=adhesive_epoxy :: 3M Vetbond Tissue Adhesive, 3ml Bottles w/MSDS
<a_102><b_172><c_248> :: ids=[2827] :: fam=gauge_meter :: Pac-Kit by First Aid Only 21-770 Disposable Thermometer (Box of 10)
<a_190><b_103><c_0> :: ids=[181, 182] :: fam=gauge_meter :: AcuRite 00613 Humidity Monitor with Indoor Thermometer, Digital Hygrometer and Humidity Gauge Indicator / AcuRite 00613 Humidity Monitor with Indoor Thermometer
<a_138><b_29><c_56> :: ids=[2785] :: fam=other :: Pac-Kit by First Aid Only 13-125 First Aid/Burn Cream, 0.9 gm Packet (Box of 25)
<a_31><b_208><c_41> :: ids=[125] :: fam=tape :: Gorilla 6100101 Tape Handy Roll, 1-Pack, Black","<a_134><b_174><c_210> :: ids=[2793] :: fam=other :: First Aid Only Splinter Out, 10 Per Box
<a_255><b_112><c_174> :: ids=[2588] :: fam=other :: Pac-Kit by First Aid Only 4-007 Non-Woven Triangular Bandage with 2 Fastening Hooks, 56"" Length x 40"" Width
<a_227><b_104><c_238> :: ids=[2827] :: fam=gauge_meter :: Pac-Kit by First Aid Only 21-770 Disposable Thermometer (Box of 10)
<a_227><b_127><c_13> :: ids=[2785] :: fam=other :: Pac-Kit by First Aid Only 13-125 First Aid/Burn Cream, 0.9 gm Packet (Box of 25)
<a_255><b_25><c_70> :: ids=[384] :: fam=fastener :: Skin Staple Remover Kit",,
lost_vs_v2,v2_on_p05,3223,ventilation_fan,3041,"Adult & Infant CPR Mask Combo Kit with 2 Valves, MCR Medical",<a_67><b_199><c_13>,20.0,7.0,l2_routing_miss_after_l1_hit,1,4,"<a_144><b_91><c_251> :: ids=[2793] :: fam=other :: First Aid Only Splinter Out, 10 Per Box
<a_17><b_113><c_50> :: ids=[2404] :: fam=other :: Pac-Kit by First Aid Only 90358 Pour Woundseal Blood Clotting Powder Pack (Box of 2)
<a_77><b_165><c_34> :: ids=[2588] :: fam=other :: Pac-Kit by First Aid Only 4-007 Non-Woven Triangular Bandage with 2 Fastening Hooks, 56"" Length x 40"" Width
<a_138><b_29><c_56> :: ids=[2785] :: fam=other :: Pac-Kit by First Aid Only 13-125 First Aid/Burn Cream, 0.9 gm Packet (Box of 25)
<a_102><b_172><c_248> :: ids=[2827] :: fam=gauge_meter :: Pac-Kit by First Aid Only 21-770 Disposable Thermometer (Box of 10)","<a_134><b_174><c_210> :: ids=[2793] :: fam=other :: First Aid Only Splinter Out, 10 Per Box
<a_227><b_127><c_13> :: ids=[2785] :: fam=other :: Pac-Kit by First Aid Only 13-125 First Aid/Burn Cream, 0.9 gm Packet (Box of 25)
<a_255><b_112><c_174> :: ids=[2588] :: fam=other :: Pac-Kit by First Aid Only 4-007 Non-Woven Triangular Bandage with 2 Fastening Hooks, 56"" Length x 40"" Width
<a_194><b_220><c_37> :: ids=[2576] :: fam=other :: First Aid Only 13-040 First Aid Burn Spray, 4oz Pump Bottle
<a_227><b_104><c_238> :: ids=[2827] :: fam=gauge_meter :: Pac-Kit by First Aid Only 21-770 Disposable Thermometer (Box of 10)",,
lost_vs_v2,v2_on_p05,3443,adhesive_epoxy,273,"Gorilla Original Gorilla Glue, Waterproof Polyurethane Glue, 2 ounce Bottle, Brown, (Pack of 4)",<a_78><b_181><c_3>,,4.0,leaf_or_ranking_miss_after_l2_hit,1,2,"<a_78><b_228><c_74> :: ids=[172] :: fam=adhesive_epoxy :: Gorilla Super Glue Gel, 15 Gram, Clear
<a_190><b_103><c_0> :: ids=[181, 182] :: fam=gauge_meter :: AcuRite 00613 Humidity Monitor with Indoor Thermometer, Digital Hygrometer and Humidity Gauge Indicator / AcuRite 00613 Humidity Monitor with Indoor Thermometer
<a_65><b_60><c_28> :: ids=[609] :: fam=other :: Dap 7079812343 Drydex 5.5 Oz 6Pk Raw Building Material, 5.5-Ounce, Pink/White
<a_78><b_165><c_1> :: ids=[202] :: fam=adhesive_epoxy :: Loctite Liquid Professional Super Glue  20-Gram Bottle (1365882)
<a_78><b_181><c_16> :: ids=[257] :: fam=adhesive_epoxy :: Gorilla 5000408  Original Gorilla Glue, Waterproof Polyurethane Glue, 4 ounce Bottle, Brown","<a_79><b_21><c_174> :: ids=[175] :: fam=tape :: Gorilla Crystal Clear Duct Tape, 1.88&rdquo; x 9 yd, Clear, (Pack of 1)
<a_65><b_51><c_2> :: ids=[272] :: fam=adhesive_epoxy :: Gorilla Original Gorilla Glue, Waterproof Polyurethane Glue, 2 ounce Bottle, Brown
<a_107><b_87><c_110> :: ids=[257] :: fam=adhesive_epoxy :: Gorilla 5000408  Original Gorilla Glue, Waterproof Polyurethane Glue, 4 ounce Bottle, Brown
<a_65><b_51><c_16> :: ids=[273] :: fam=adhesive_epoxy :: Gorilla Original Gorilla Glue, Waterproof Polyurethane Glue, 2 ounce Bottle, Brown, (Pack of 4)
<a_65><b_51><c_26> :: ids=[117] :: fam=adhesive_epoxy :: Gorilla Original Gorilla Glue, Waterproof Polyurethane Glue, 8 ounce Bottle, Brown",,
lost_vs_v2,v2_on_p05,3539,connector_fitting,201,"ColorConnex Coupler & Plug Kit (7 Piece), Industrial Type D, 1/4 in. NPT, Red - A73457D",<a_40><b_72><c_127>,,3.0,l1_routing_miss,1,3,"<a_134><b_146><c_0> :: ids=[216, 217] :: fam=other :: Ancor Tinned Copper Lugs 8 AWG - 4/0 AWG / Ancor Tinned Copper Lugs 8 AWG - 4/0 AWG
<a_32><b_246><c_233> :: ids=[1065] :: fam=other :: JawayTool Rubber Grommets Kit & Plug Wire Ring Assortment Set Electrical Gasket Tools - 180 - Pieces
<a_32><b_115><c_8> :: ids=[1801] :: fam=gauge_meter :: Loos Cableware MS20664C2 Stainless Steel Single Shank Ball for 1/16"" Diameter Wire Rope
<a_181><b_134><c_7> :: ids=[1907] :: fam=other :: Smith-Cooper International CV30 Series Brass Check Valve, 1-1/4"" NPT Female, Non-Potable Water Use Only
<a_32><b_193><c_134> :: ids=[1521] :: fam=gauge_meter :: Aluminum Crimping Loop Sleeve for 1/8"" Diameter Wire Rope and Cable, (Pack of 100)","<a_250><b_76><c_0> :: ids=[216, 217] :: fam=other :: Ancor Tinned Copper Lugs 8 AWG - 4/0 AWG / Ancor Tinned Copper Lugs 8 AWG - 4/0 AWG
<a_248><b_109><c_145> :: ids=[42] :: fam=connector_fitting :: Precision Brand M6S Micro Seal, Miniature All Stainless Worm Gear Hose Clamp, 5/16"" - 7/8"" (Pack of 10)
<a_131><b_191><c_180> :: ids=[201] :: fam=connector_fitting :: ColorConnex Coupler & Plug Kit (7 Piece), Industrial Type D, 1/4 in. NPT, Red - A73457D
<a_62><b_225><c_13> :: ids=[3333] :: fam=other :: E-Z Lok Threaded Insert, Brass, Knife Thread, 3/8""-16 Internal Threads, 0.625"" Length (Pack of 10)
<a_254><b_82><c_212> :: ids=[1286] :: fam=other :: Accessbuy 180-Piece Rubber Grommet Shop Assortment",,
lost_vs_v2,v2_on_p05,3595,gauge_meter,2929,"Install Bay 3MHST34 3M Heat Shrink Tubing 3/4"" Diameter 4G 4-Ft",<a_115><b_251><c_91>,32.0,1.0,l2_routing_miss_after_l1_hit,1,1,"<a_115><b_179><c_232> :: ids=[3397] :: fam=gauge_meter :: Install Bay 3MHST1 Heat Shrink 1 Inch (diameter) x 4 Foot
<a_109><b_114><c_135> :: ids=[176] :: fam=other :: URBEST 530 Pcs 2:1 Heat Shrink Tubing Tube Sleeving Wrap Cable Wire 5 Color 8 Size
<a_115><b_155><c_242> :: ids=[1839] :: fam=gauge_meter :: Bare Copper Wire, Bright, 14 AWG, 0.064"" Diameter, 80' Length (Pack of 1)
<a_115><b_213><c_222> :: ids=[399] :: fam=other :: Anytime Tools 48 pc HEAT SHRINK TUBING WRAP SLEEVES ASSORTED SIZES
<a_31><b_155><c_192> :: ids=[168] :: fam=tape :: Scotch Super 33+ Vinyl Electrical Tape, 3/4 in x 66 ft","<a_83><b_53><c_127> :: ids=[2929] :: fam=gauge_meter :: Install Bay 3MHST34 3M Heat Shrink Tubing 3/4"" Diameter 4G 4-Ft
<a_83><b_53><c_3> :: ids=[1294] :: fam=other :: Install Bay 3M Heat Shrink Tubing 1/4 Inch 10G - 4 Feet
<a_83><b_53><c_88> :: ids=[3019] :: fam=other :: Install Bay Heat Shrink 3/8 Inch x 4 Feet
<a_83><b_53><c_133> :: ids=[1293] :: fam=other :: Install Bay Heat Shrink 1/8 Inch x 4 Feet
<a_168><b_53><c_241> :: ids=[883] :: fam=adhesive_epoxy :: Ancor Marine Grade Electrical Heat Activated Adhesive Lined Shrink Tubing",,
lost_vs_v2,v2_on_p05,3663,other,1248,"T-fal C51407 Excite Nonstick Thermo-Spot Dishwasher Safe Oven Safe PFOA Free Fry Pan Cookware, 12-Inch, Red",<a_93><b_19><c_177>,,9.0,l1_routing_miss,1,1,"<a_197><b_163><c_5> :: ids=[2865] :: fam=gauge_meter :: Accugage Rubber Gauge Cover
<a_190><b_103><c_0> :: ids=[181, 182] :: fam=gauge_meter :: AcuRite 00613 Humidity Monitor with Indoor Thermometer, Digital Hygrometer and Humidity Gauge Indicator / AcuRite 00613 Humidity Monitor with Indoor Thermometer
<a_211><b_154><c_68> :: ids=[513] :: fam=other :: Kimberly-Clark Professional Kimtech Science KimWipes Delicate Task Wipers, 4.4 x 8.4 in. 1-ply
<a_197><b_163><c_143> :: ids=[360] :: fam=gauge_meter :: Carrera Precision CP9806-TF Titanium 0-Inch to 6-Inch Electronic Fractional & Decimal Digital Caliper
<a_197><b_173><c_161> :: ids=[84] :: fam=gauge_meter :: Neiko 01409A Electronic Digital Caliper with Extra Large LCD Screen | 0 - 12 Inches | Inch/Fractions/Millimeter Conversion","<a_2><b_49><c_29> :: ids=[570] :: fam=other :: Bissell 9595A CleanView Bagless Vacuum with OnePass
<a_154><b_37><c_0> :: ids=[181, 182] :: fam=gauge_meter :: AcuRite 00613 Humidity Monitor with Indoor Thermometer, Digital Hygrometer and Humidity Gauge Indicator / AcuRite 00613 Humidity Monitor with Indoor Thermometer
<a_50><b_92><c_5> :: ids=[385] :: fam=other :: Eclectic Supply B36-24 Cobalt Glass Bottles with Glass Eye Dropper, 1 oz Capacity, Blue (Pack of 24)
<a_209><b_166><c_114> :: ids=[159] :: fam=gauge_meter :: Etekcity Lasergrip 774 Non-contact Digital Laser Infrared Thermometer Temperature Gun -58~ 716 (-50 ~ 380), Yellow and Black
<a_50><b_81><c_98> :: ids=[853] :: fam=other :: Rubbermaid Professional Plus Heavy-Duty Spray Bottle,32 fl OZ (946ml), (FG6C13PR06)",,
lost_vs_v2,v2_on_p05,3686,other,2745,HM Digital 1000ppm TDS Calibration Solution,<a_153><b_199><c_193>,18.0,9.0,l2_routing_miss_after_l1_hit,1,1,"<a_190><b_103><c_0> :: ids=[181, 182] :: fam=gauge_meter :: AcuRite 00613 Humidity Monitor with Indoor Thermometer, Digital Hygrometer and Humidity Gauge Indicator / AcuRite 00613 Humidity Monitor with Indoor Thermometer
<a_190><b_185><c_201> :: ids=[159] :: fam=gauge_meter :: Etekcity Lasergrip 774 Non-contact Digital Laser Infrared Thermometer Temperature Gun -58~ 716 (-50 ~ 380), Yellow and Black
<a_35><b_170><c_107> :: ids=[218] :: fam=ventilation_fan :: Phresh Duct Silencer 8 in x 24 in
<a_35><b_85><c_71> :: ids=[2938] :: fam=ventilation_fan :: VenTech VT DUCT-6 VTD625 Aluminum Duct for Ventilation Ducting, 6''
<a_190><b_64><c_29> :: ids=[819] :: fam=3d_filament :: Inkbird ITC-1000 Dual Stage Digital Temperature Controller Fahrenheit  Celsius Thermostat with Sensor for 3D Printer,Freezer,Fridge,Hatching ect (12 Volt)","<a_154><b_37><c_0> :: ids=[181, 182] :: fam=gauge_meter :: AcuRite 00613 Humidity Monitor with Indoor Thermometer, Digital Hygrometer and Humidity Gauge Indicator / AcuRite 00613 Humidity Monitor with Indoor Thermometer
<a_175><b_13><c_126> :: ids=[2938] :: fam=ventilation_fan :: VenTech VT DUCT-6 VTD625 Aluminum Duct for Ventilation Ducting, 6''
<a_175><b_178><c_119> :: ids=[218] :: fam=ventilation_fan :: Phresh Duct Silencer 8 in x 24 in
<a_141><b_44><c_97> :: ids=[2807] :: fam=ventilation_fan :: VIVOSUN 6 Inch 440 CFM Inline Duct Ventilation Fan with Variable Speed Controller
<a_209><b_169><c_44> :: ids=[338] :: fam=gauge_meter :: Etekcity Lasergrip 1080 Non-Contact Digital Laser Infrared Thermometer Temperature Gun -58~1022 (-50550), Yellow and Black",,
lost_vs_v2,v2_on_p05,3840,3d_filament,3522,"3D Solutech Real Blue 3D Printer PLA Filament 1.75MM Filament, Dimensional Accuracy +/- 0.03 mm, 2.2 LBS (1.0KG) - ST176BLPLA",<a_178><b_14><c_183>,19.0,9.0,leaf_or_ranking_miss_after_l2_hit,1,4,"<a_178><b_14><c_6> :: ids=[2909, 3494] :: fam=3d_filament :: 3D Solutech Silver Metal 3D Printer PLA Filament 1.75MM Filament, Dimensional Accuracy +/- 0.03 mm, 2.2 LBS (1.0KG) - PLA175TCMS / 3D Solutech Real Yellow 3D Pr
<a_178><b_14><c_94> :: ids=[3112] :: fam=3d_filament :: 3D Solutech Real Black 3D Printer PLA Filament 1.75MM Filament, Dimensional Accuracy +/- 0.03 mm, 2.2 LBS (1.0KG) - PLA175RBLK
<a_178><b_14><c_135> :: ids=[2993] :: fam=3d_filament :: 3D Solutech Blue 3D Printer Ultra PLA Filament 1.75MM Filament, Dimensional Accuracy +/- 0.03 mm, 2.2 LBS (1.0KG)
<a_178><b_14><c_107> :: ids=[2161] :: fam=3d_filament :: 3D Solutech Natural Clear 1.75mm 3D Printer PLA Filament, Dimensional Accuracy +/- 0.03 mm, 2.2 LBS (1.0KG)
<a_178><b_14><c_75> :: ids=[2697] :: fam=3d_filament :: 3D Solutech Real White 3D Printer PLA Filament 1.75MM Filament, Dimensional Accuracy +/- 0.03 mm, 2.2 LBS (1.0KG)","<a_22><b_122><c_191> :: ids=[2909] :: fam=3d_filament :: 3D Solutech Silver Metal 3D Printer PLA Filament 1.75MM Filament, Dimensional Accuracy +/- 0.03 mm, 2.2 LBS (1.0KG) - PLA175TCMS
<a_112><b_122><c_79> :: ids=[2697] :: fam=3d_filament :: 3D Solutech Real White 3D Printer PLA Filament 1.75MM Filament, Dimensional Accuracy +/- 0.03 mm, 2.2 LBS (1.0KG)
<a_112><b_122><c_17> :: ids=[3494] :: fam=3d_filament :: 3D Solutech Real Yellow 3D Printer PLA Filament 1.75MM Filament, Dimensional Accuracy +/- 0.03 mm, 2.2 LBS (1.0KG)
<a_112><b_122><c_3> :: ids=[2161] :: fam=3d_filament :: 3D Solutech Natural Clear 1.75mm 3D Printer PLA Filament, Dimensional Accuracy +/- 0.03 mm, 2.2 LBS (1.0KG)
<a_112><b_122><c_213> :: ids=[3475] :: fam=3d_filament :: 3D Solutech Real Orange 3D Printer PLA Filament 1.75MM Filament, Dimensional Accuracy +/- 0.03 mm, 2.2 LBS (1.0KG)",,
lost_vs_v2,v2_on_p05,4046,3d_filament,2158,"eSUN 3D 1.75mm PETG Green Filament 1kg (2.2lb), PETG 3D Printer Filament, Semi-Transparent 1.75mm Green",<a_178><b_156><c_234>,27.0,6.0,leaf_or_ranking_miss_after_l2_hit,1,2,"<a_193><b_58><c_86> :: ids=[3059] :: fam=3d_filament :: Filabot ABS 3D Printing Smoothing Pen
<a_220><b_114><c_145> :: ids=[2932] :: fam=3d_filament :: Inland 1.75mm Blue PLA 3D Printer Filament - 1kg Spool (2.2 lbs)
<a_178><b_156><c_58> :: ids=[2157] :: fam=3d_filament :: eSUN 3D 1.75mm PETG Blue Filament 1kg (2.2lb), PETG 3D Printer Filament, 1.75mm Semi-Transparent Blue
<a_178><b_156><c_135> :: ids=[2893] :: fam=3d_filament :: eSUN 3D 1.75mm PETG White Filament 1kg (2.2lb), PETG 3D Printer Filament, 1.75mm Solid Opaque White
<a_178><b_156><c_59> :: ids=[2703] :: fam=3d_filament :: eSUN 3D 1.75mm PETG Black Filament 1kg (2.2lb), PETG 3D Printer Filament, 1.75mm Solid Opaque Black","<a_211><b_35><c_200> :: ids=[2893] :: fam=3d_filament :: eSUN 3D 1.75mm PETG White Filament 1kg (2.2lb), PETG 3D Printer Filament, 1.75mm Solid Opaque White
<a_211><b_35><c_13> :: ids=[2703] :: fam=3d_filament :: eSUN 3D 1.75mm PETG Black Filament 1kg (2.2lb), PETG 3D Printer Filament, 1.75mm Solid Opaque Black
<a_202><b_149><c_116> :: ids=[3267] :: fam=3d_filament :: Filabot TB1 Taulman BRIDGE Filament, 1.75 mm, White
<a_211><b_35><c_7> :: ids=[2157] :: fam=3d_filament :: eSUN 3D 1.75mm PETG Blue Filament 1kg (2.2lb), PETG 3D Printer Filament, 1.75mm Semi-Transparent Blue
<a_226><b_148><c_116> :: ids=[2333] :: fam=3d_filament :: eSUN 3D Printer CLEANING Filament 1.75mm Natural 0.1kg for all 1.75mm FDM 3D Printers, 1.75mm Cleaning",,
lost_vs_v2,v2_on_p05,4081,3d_filament,2721,"3D Solutech Navy Blue 3D Printer PLA Filament 1.75MM Filament, Dimensional Accuracy +/- 0.03 mm, 2.2 LBS (1.0KG)",<a_77><b_180><c_32>,50.0,10.0,l2_routing_miss_after_l1_hit,1,5,"<a_178><b_14><c_6> :: ids=[2909, 3494] :: fam=3d_filament :: 3D Solutech Silver Metal 3D Printer PLA Filament 1.75MM Filament, Dimensional Accuracy +/- 0.03 mm, 2.2 LBS (1.0KG) - PLA175TCMS / 3D Solutech Real Yellow 3D Pr
<a_178><b_14><c_135> :: ids=[2993] :: fam=3d_filament :: 3D Solutech Blue 3D Printer Ultra PLA Filament 1.75MM Filament, Dimensional Accuracy +/- 0.03 mm, 2.2 LBS (1.0KG)
<a_178><b_14><c_107> :: ids=[2161] :: fam=3d_filament :: 3D Solutech Natural Clear 1.75mm 3D Printer PLA Filament, Dimensional Accuracy +/- 0.03 mm, 2.2 LBS (1.0KG)
<a_178><b_14><c_94> :: ids=[3112] :: fam=3d_filament :: 3D Solutech Real Black 3D Printer PLA Filament 1.75MM Filament, Dimensional Accuracy +/- 0.03 mm, 2.2 LBS (1.0KG) - PLA175RBLK
<a_178><b_14><c_26> :: ids=[3442] :: fam=3d_filament :: 3D Solutech Real Purple 3D Printer PLA Filament 1.75MM Filament, Dimensional Accuracy +/- 0.03 mm, 2.2 LBS (1.0KG)","<a_112><b_122><c_3> :: ids=[2161] :: fam=3d_filament :: 3D Solutech Natural Clear 1.75mm 3D Printer PLA Filament, Dimensional Accuracy +/- 0.03 mm, 2.2 LBS (1.0KG)
<a_112><b_122><c_79> :: ids=[2697] :: fam=3d_filament :: 3D Solutech Real White 3D Printer PLA Filament 1.75MM Filament, Dimensional Accuracy +/- 0.03 mm, 2.2 LBS (1.0KG)
<a_112><b_122><c_163> :: ids=[2993] :: fam=3d_filament :: 3D Solutech Blue 3D Printer Ultra PLA Filament 1.75MM Filament, Dimensional Accuracy +/- 0.03 mm, 2.2 LBS (1.0KG)
<a_112><b_122><c_17> :: ids=[3494] :: fam=3d_filament :: 3D Solutech Real Yellow 3D Printer PLA Filament 1.75MM Filament, Dimensional Accuracy +/- 0.03 mm, 2.2 LBS (1.0KG)
<a_112><b_122><c_20> :: ids=[3522] :: fam=3d_filament :: 3D Solutech Real Blue 3D Printer PLA Filament 1.75MM Filament, Dimensional Accuracy +/- 0.03 mm, 2.2 LBS (1.0KG) - ST176BLPLA",,
lost_vs_v2,v2_on_p05,4122,3d_filament,3522,"3D Solutech Real Blue 3D Printer PLA Filament 1.75MM Filament, Dimensional Accuracy +/- 0.03 mm, 2.2 LBS (1.0KG) - ST176BLPLA",<a_178><b_14><c_183>,28.0,7.0,leaf_or_ranking_miss_after_l2_hit,1,2,"<a_178><b_14><c_6> :: ids=[2909, 3494] :: fam=3d_filament :: 3D Solutech Silver Metal 3D Printer PLA Filament 1.75MM Filament, Dimensional Accuracy +/- 0.03 mm, 2.2 LBS (1.0KG) - PLA175TCMS / 3D Solutech Real Yellow 3D Pr
<a_178><b_14><c_94> :: ids=[3112] :: fam=3d_filament :: 3D Solutech Real Black 3D Printer PLA Filament 1.75MM Filament, Dimensional Accuracy +/- 0.03 mm, 2.2 LBS (1.0KG) - PLA175RBLK
<a_178><b_14><c_107> :: ids=[2161] :: fam=3d_filament :: 3D Solutech Natural Clear 1.75mm 3D Printer PLA Filament, Dimensional Accuracy +/- 0.03 mm, 2.2 LBS (1.0KG)
<a_178><b_14><c_135> :: ids=[2993] :: fam=3d_filament :: 3D Solutech Blue 3D Printer Ultra PLA Filament 1.75MM Filament, Dimensional Accuracy +/- 0.03 mm, 2.2 LBS (1.0KG)
<a_178><b_14><c_75> :: ids=[2697] :: fam=3d_filament :: 3D Solutech Real White 3D Printer PLA Filament 1.75MM Filament, Dimensional Accuracy +/- 0.03 mm, 2.2 LBS (1.0KG)","<a_22><b_122><c_191> :: ids=[2909] :: fam=3d_filament :: 3D Solutech Silver Metal 3D Printer PLA Filament 1.75MM Filament, Dimensional Accuracy +/- 0.03 mm, 2.2 LBS (1.0KG) - PLA175TCMS
<a_112><b_122><c_79> :: ids=[2697] :: fam=3d_filament :: 3D Solutech Real White 3D Printer PLA Filament 1.75MM Filament, Dimensional Accuracy +/- 0.03 mm, 2.2 LBS (1.0KG)
<a_112><b_122><c_213> :: ids=[3475] :: fam=3d_filament :: 3D Solutech Real Orange 3D Printer PLA Filament 1.75MM Filament, Dimensional Accuracy +/- 0.03 mm, 2.2 LBS (1.0KG)
<a_112><b_122><c_3> :: ids=[2161] :: fam=3d_filament :: 3D Solutech Natural Clear 1.75mm 3D Printer PLA Filament, Dimensional Accuracy +/- 0.03 mm, 2.2 LBS (1.0KG)
<a_112><b_65><c_53> :: ids=[1850] :: fam=3d_filament :: HATCHBOX PLA 3D Printer Filament, Dimensional Accuracy +/- 0.03 mm, 1 kg Spool, 1.75 mm, Red",,
lost_vs_v2,v2_on_p05,4144,connector_fitting,2302,"HBD Thermoid NBR/PVC SAE30R6 Fuel Line Hose, 5/16"" x 25' Length, 0.3125"" ID, Black",<a_0><b_87><c_143>,25.0,1.0,l2_routing_miss_after_l1_hit,1,1,"<a_0><b_176><c_5> :: ids=[850] :: fam=connector_fitting :: HBD Thermoid NBR/PVC SAE30R6 Fuel Line Hose, 3/8"" x 25' Length, 0.375"" ID, Black
<a_190><b_64><c_29> :: ids=[819] :: fam=3d_filament :: Inkbird ITC-1000 Dual Stage Digital Temperature Controller Fahrenheit  Celsius Thermostat with Sensor for 3D Printer,Freezer,Fridge,Hatching ect (12 Volt)
<a_115><b_56><c_2> :: ids=[170] :: fam=other :: URBEST 328 Pcs Assorted Heat Shrink Tube 5 Colors 8 Sizes Tubing Wrap Sleeve Set Combo (328PCS)
<a_31><b_155><c_192> :: ids=[168] :: fam=tape :: Scotch Super 33+ Vinyl Electrical Tape, 3/4 in x 66 ft
<a_209><b_196><c_135> :: ids=[42] :: fam=connector_fitting :: Precision Brand M6S Micro Seal, Miniature All Stainless Worm Gear Hose Clamp, 5/16"" - 7/8"" (Pack of 10)","<a_161><b_133><c_114> :: ids=[2302] :: fam=connector_fitting :: HBD Thermoid NBR/PVC SAE30R6 Fuel Line Hose, 5/16"" x 25' Length, 0.3125"" ID, Black
<a_83><b_83><c_33> :: ids=[170] :: fam=other :: URBEST 328 Pcs Assorted Heat Shrink Tube 5 Colors 8 Sizes Tubing Wrap Sleeve Set Combo (328PCS)
<a_248><b_109><c_145> :: ids=[42] :: fam=connector_fitting :: Precision Brand M6S Micro Seal, Miniature All Stainless Worm Gear Hose Clamp, 5/16"" - 7/8"" (Pack of 10)
<a_161><b_203><c_20> :: ids=[416] :: fam=connector_fitting :: PRO 1 Fuel Line Hose 1/4 Inch Inside Diameter X 25 Feet Length NRB/PVCC SAE30R6
<a_161><b_140><c_199> :: ids=[36] :: fam=connector_fitting :: Neiko 50463A SAE Hydraulic Grease Fitting Kit, 110 Piece | Straight and Angled | 1/4"", 1/8",,
lost_vs_v2,v2_on_p05,4152,3d_filament,3475,"3D Solutech Real Orange 3D Printer PLA Filament 1.75MM Filament, Dimensional Accuracy +/- 0.03 mm, 2.2 LBS (1.0KG)",<a_178><b_14><c_7>,11.0,6.0,leaf_or_ranking_miss_after_l2_hit,1,4,"<a_178><b_14><c_6> :: ids=[2909, 3494] :: fam=3d_filament :: 3D Solutech Silver Metal 3D Printer PLA Filament 1.75MM Filament, Dimensional Accuracy +/- 0.03 mm, 2.2 LBS (1.0KG) - PLA175TCMS / 3D Solutech Real Yellow 3D Pr
<a_178><b_14><c_135> :: ids=[2993] :: fam=3d_filament :: 3D Solutech Blue 3D Printer Ultra PLA Filament 1.75MM Filament, Dimensional Accuracy +/- 0.03 mm, 2.2 LBS (1.0KG)
<a_178><b_14><c_26> :: ids=[3442] :: fam=3d_filament :: 3D Solutech Real Purple 3D Printer PLA Filament 1.75MM Filament, Dimensional Accuracy +/- 0.03 mm, 2.2 LBS (1.0KG)
<a_178><b_14><c_107> :: ids=[2161] :: fam=3d_filament :: 3D Solutech Natural Clear 1.75mm 3D Printer PLA Filament, Dimensional Accuracy +/- 0.03 mm, 2.2 LBS (1.0KG)
<a_178><b_14><c_150> :: ids=[3466] :: fam=3d_filament :: 3D Solutech Real Red 3D Printer PLA Filament 1.75MM, Dimensional Accuracy +/- 0.03 mm, 2.2 LBS (1.0KG) - RA-I00I-DQUY","<a_22><b_122><c_191> :: ids=[2909] :: fam=3d_filament :: 3D Solutech Silver Metal 3D Printer PLA Filament 1.75MM Filament, Dimensional Accuracy +/- 0.03 mm, 2.2 LBS (1.0KG) - PLA175TCMS
<a_112><b_122><c_17> :: ids=[3494] :: fam=3d_filament :: 3D Solutech Real Yellow 3D Printer PLA Filament 1.75MM Filament, Dimensional Accuracy +/- 0.03 mm, 2.2 LBS (1.0KG)
<a_112><b_122><c_79> :: ids=[2697] :: fam=3d_filament :: 3D Solutech Real White 3D Printer PLA Filament 1.75MM Filament, Dimensional Accuracy +/- 0.03 mm, 2.2 LBS (1.0KG)
<a_112><b_122><c_3> :: ids=[2161] :: fam=3d_filament :: 3D Solutech Natural Clear 1.75mm 3D Printer PLA Filament, Dimensional Accuracy +/- 0.03 mm, 2.2 LBS (1.0KG)
<a_112><b_122><c_8> :: ids=[1552] :: fam=3d_filament :: 3D Solutech Teal Blue 3D Printer PLA Filament 1.75MM Filament, Dimensional Accuracy +/- 0.03 mm, 2.2 LBS (1.0KG)",,
lost_vs_v2,v2_on_p05,4249,3d_filament,2583,"HATCHBOX ABS 3D Printer Filament, Dimensional Accuracy +/- 0.05 mm, 1 kg Spool, 1.75 mm, Green",<a_178><b_154><c_31>,35.0,6.0,leaf_or_ranking_miss_after_l2_hit,1,2,"<a_178><b_154><c_141> :: ids=[2472] :: fam=3d_filament :: HATCHBOX ABS 3D Printer Filament, Dimensional Accuracy +/- 0.03 mm, 1 kg Spool, 1.75 mm, Black
<a_178><b_150><c_117> :: ids=[2544] :: fam=3d_filament :: SainSmart Clear Flexible TPU 3D Printing Filament, 1.75 mm, 0.8 kg, Dimensional Accuracy +/- 0.05 mm
<a_178><b_150><c_186> :: ids=[2714] :: fam=3d_filament :: NinjaFlex TPU 3D Printing Filament - 1.75mm .50kg - SAPPHIRE
<a_178><b_154><c_50> :: ids=[444] :: fam=3d_filament :: HATCHBOX ABS 3D Printer Filament, Dimensional Accuracy +/- 0.03 mm, 1 kg Spool, 1.75 mm, White
<a_178><b_166><c_183> :: ids=[2477] :: fam=3d_filament :: BAMtack! 1.75mm Black PLA 3D Printer Filament - 1kg (2.2 lbs) - Dimensional Accuracy +/- 0.03mm","<a_112><b_65><c_53> :: ids=[1850] :: fam=3d_filament :: HATCHBOX PLA 3D Printer Filament, Dimensional Accuracy +/- 0.03 mm, 1 kg Spool, 1.75 mm, Red
<a_112><b_65><c_32> :: ids=[2507] :: fam=3d_filament :: HATCHBOX PLA 3D Printer Filament, Dimensional Accuracy +/- 0.03 mm, 1 kg Spool, 1.75 mm, Silver
<a_112><b_249><c_241> :: ids=[3016] :: fam=3d_filament :: HATCHBOX 3D Printer Filament, Dimensional Accuracy +/- 0.03mm, 1.75 mm, 1 kg Spool, Wood
<a_45><b_249><c_244> :: ids=[1847] :: fam=3d_filament :: HATCHBOX PLA 3D Printer Filament, Dimensional Accuracy +/- 0.03 mm, 1 kg Spool, 1.75 mm, White
<a_112><b_39><c_35> :: ids=[2715, 3480] :: fam=3d_filament :: HATCHBOX ABS 3D Printer Filament, Dimensional Accuracy +/- 0.03mm, 1 kg Spool, 1.75 mm, Transparent Black / HATCHBOX ABS 3D Printer Filament, Dimensional Accura",,
r693a_miss_top1_history_repeat,,0,3d_filament,3681,3D Solutech Real Orange 1.75mm ABS 3D Printer Filament 2.2 LBS (1.0KG),<a_178><b_14><c_203>,,,l2_routing_miss_after_l1_hit,1,2,"<a_178><b_150><c_117> :: ids=[2544] :: fam=3d_filament :: SainSmart Clear Flexible TPU 3D Printing Filament, 1.75 mm, 0.8 kg, Dimensional Accuracy +/- 0.05 mm
<a_178><b_150><c_186> :: ids=[2714] :: fam=3d_filament :: NinjaFlex TPU 3D Printing Filament - 1.75mm .50kg - SAPPHIRE
<a_178><b_230><c_5> :: ids=[3016] :: fam=3d_filament :: HATCHBOX 3D Printer Filament, Dimensional Accuracy +/- 0.03mm, 1.75 mm, 1 kg Spool, Wood
<a_178><b_154><c_135> :: ids=[1851] :: fam=3d_filament :: HATCHBOX PLA 3D Printer Filament, Dimensional Accuracy +/- 0.03 mm, 1 kg Spool, 1.75 mm, Yellow
<a_178><b_166><c_183> :: ids=[2477] :: fam=3d_filament :: BAMtack! 1.75mm Black PLA 3D Printer Filament - 1kg (2.2 lbs) - Dimensional Accuracy +/- 0.03mm",,,
r693a_miss_top1_history_repeat,,51,3d_filament,3468,"3D Solutech Real Green 3D Printer PLA Filament 1.75MM Filament, Dimensional Accuracy +/- 0.03 mm, 2.2 LBS (1.0KG)",<a_77><b_180><c_59>,18.0,,l1_routing_miss,1,3,"<a_178><b_14><c_6> :: ids=[2909, 3494] :: fam=3d_filament :: 3D Solutech Silver Metal 3D Printer PLA Filament 1.75MM Filament, Dimensional Accuracy +/- 0.03 mm, 2.2 LBS (1.0KG) - PLA175TCMS / 3D Solutech Real Yellow 3D Pr
<a_178><b_14><c_135> :: ids=[2993] :: fam=3d_filament :: 3D Solutech Blue 3D Printer Ultra PLA Filament 1.75MM Filament, Dimensional Accuracy +/- 0.03 mm, 2.2 LBS (1.0KG)
<a_178><b_14><c_107> :: ids=[2161] :: fam=3d_filament :: 3D Solutech Natural Clear 1.75mm 3D Printer PLA Filament, Dimensional Accuracy +/- 0.03 mm, 2.2 LBS (1.0KG)
<a_178><b_14><c_94> :: ids=[3112] :: fam=3d_filament :: 3D Solutech Real Black 3D Printer PLA Filament 1.75MM Filament, Dimensional Accuracy +/- 0.03 mm, 2.2 LBS (1.0KG) - PLA175RBLK
<a_178><b_14><c_75> :: ids=[2697] :: fam=3d_filament :: 3D Solutech Real White 3D Printer PLA Filament 1.75MM Filament, Dimensional Accuracy +/- 0.03 mm, 2.2 LBS (1.0KG)",,,
r693a_miss_top1_history_repeat,,67,3d_filament,2703,"eSUN 3D 1.75mm PETG Black Filament 1kg (2.2lb), PETG 3D Printer Filament, 1.75mm Solid Opaque Black",<a_178><b_156><c_59>,,,l1_routing_miss,1,2,"<a_134><b_242><c_131> :: ids=[3085] :: fam=other :: JOYSA 5PCS 0.4mm Drill Bits for 3D MakerBot Printer Nozzle Cleaning Kit BY JOYSA US Registered Brand
<a_72><b_200><c_0> :: ids=[366] :: fam=other :: Lisle 52750 Stethoscope Kit
<a_134><b_254><c_47> :: ids=[145] :: fam=other :: Marrywindix 6pcs ESD Precision Anti-Static Tweezers, Tweezers Stainless Steel Tweezers with a Bag for Electronics Jewelry-Making Repairing
<a_138><b_9><c_137> :: ids=[395] :: fam=other :: Arctic Silver 5 AS5-3.5G Thermal Paste
<a_8><b_42><c_93> :: ids=[476] :: fam=gauge_meter :: Primacare DL-9325 Reusable LED Penlight with Pupil Gauge - Batteries Included",,,
r693a_miss_top1_history_repeat,,122,3d_filament,1554,Inland 1.75mm Peak Green PLA 3D Printer Filament - 1kg Spool (2.2 lbs),<a_220><b_114><c_24>,,,leaf_or_ranking_miss_after_l2_hit,1,1,"<a_220><b_114><c_145> :: ids=[2932] :: fam=3d_filament :: Inland 1.75mm Blue PLA 3D Printer Filament - 1kg Spool (2.2 lbs)
<a_178><b_150><c_117> :: ids=[2544] :: fam=3d_filament :: SainSmart Clear Flexible TPU 3D Printing Filament, 1.75 mm, 0.8 kg, Dimensional Accuracy +/- 0.05 mm
<a_178><b_150><c_186> :: ids=[2714] :: fam=3d_filament :: NinjaFlex TPU 3D Printing Filament - 1.75mm .50kg - SAPPHIRE
<a_178><b_14><c_6> :: ids=[2909, 3494] :: fam=3d_filament :: 3D Solutech Silver Metal 3D Printer PLA Filament 1.75MM Filament, Dimensional Accuracy +/- 0.03 mm, 2.2 LBS (1.0KG) - PLA175TCMS / 3D Solutech Real Yellow 3D Pr
<a_178><b_166><c_183> :: ids=[2477] :: fam=3d_filament :: BAMtack! 1.75mm Black PLA 3D Printer Filament - 1kg (2.2 lbs) - Dimensional Accuracy +/- 0.03mm",,,
r693a_miss_top1_history_repeat,,123,3d_filament,3113,Inland 1.75mm Silver PLA 3D Printer Filament - 1kg Spool (2.2 lbs),<a_220><b_114><c_153>,,,leaf_or_ranking_miss_after_l2_hit,1,1,"<a_220><b_114><c_145> :: ids=[2932] :: fam=3d_filament :: Inland 1.75mm Blue PLA 3D Printer Filament - 1kg Spool (2.2 lbs)
<a_178><b_150><c_117> :: ids=[2544] :: fam=3d_filament :: SainSmart Clear Flexible TPU 3D Printing Filament, 1.75 mm, 0.8 kg, Dimensional Accuracy +/- 0.05 mm
<a_178><b_150><c_186> :: ids=[2714] :: fam=3d_filament :: NinjaFlex TPU 3D Printing Filament - 1.75mm .50kg - SAPPHIRE
<a_178><b_14><c_6> :: ids=[2909, 3494] :: fam=3d_filament :: 3D Solutech Silver Metal 3D Printer PLA Filament 1.75MM Filament, Dimensional Accuracy +/- 0.03 mm, 2.2 LBS (1.0KG) - PLA175TCMS / 3D Solutech Real Yellow 3D Pr
<a_178><b_166><c_183> :: ids=[2477] :: fam=3d_filament :: BAMtack! 1.75mm Black PLA 3D Printer Filament - 1kg (2.2 lbs) - Dimensional Accuracy +/- 0.03mm",,,
r693a_miss_top1_history_repeat,,124,3d_filament,2739,1.75mm Black PLA 3D Printer Filament - 1kg Spool (2.2 lbs) - Dimensional Accuracy +/- 0.03mm,<a_220><b_17><c_135>,,,l2_routing_miss_after_l1_hit,1,1,"<a_220><b_114><c_145> :: ids=[2932] :: fam=3d_filament :: Inland 1.75mm Blue PLA 3D Printer Filament - 1kg Spool (2.2 lbs)
<a_220><b_114><c_156> :: ids=[2934] :: fam=3d_filament :: Inland 1.75mm Yellow PLA 3D Printer Filament - 1kg Spool (2.2 lbs)
<a_212><b_17><c_91> :: ids=[2926] :: fam=3d_filament :: HICTOP 5 Pieces 3D Printer Extruder Hotend 1.75mm Nozzle Throat for Reprap Prusa I3
<a_220><b_114><c_53> :: ids=[2734] :: fam=3d_filament :: Inland 1.75mm White PLA 3D Printer Filament - 1kg Spool (2.2 lbs)
<a_178><b_150><c_117> :: ids=[2544] :: fam=3d_filament :: SainSmart Clear Flexible TPU 3D Printing Filament, 1.75 mm, 0.8 kg, Dimensional Accuracy +/- 0.05 mm",,,
r693a_miss_top1_history_repeat,,125,3d_filament,3598,1.75mm Red PLA 3D Printer Filament - 1kg Spool (2.2 lbs) - Dimensional Accuracy +/- 0.03mm,<a_220><b_17><c_20>,,,l2_routing_miss_after_l1_hit,1,1,"<a_220><b_114><c_145> :: ids=[2932] :: fam=3d_filament :: Inland 1.75mm Blue PLA 3D Printer Filament - 1kg Spool (2.2 lbs)
<a_220><b_114><c_156> :: ids=[2934] :: fam=3d_filament :: Inland 1.75mm Yellow PLA 3D Printer Filament - 1kg Spool (2.2 lbs)
<a_212><b_17><c_91> :: ids=[2926] :: fam=3d_filament :: HICTOP 5 Pieces 3D Printer Extruder Hotend 1.75mm Nozzle Throat for Reprap Prusa I3
<a_220><b_114><c_53> :: ids=[2734] :: fam=3d_filament :: Inland 1.75mm White PLA 3D Printer Filament - 1kg Spool (2.2 lbs)
<a_220><b_114><c_224> :: ids=[2979] :: fam=3d_filament :: Inland 1.75mm Gray PLA 3D Printer Filament - 1kg Spool (2.2 lbs)",,,
r693a_miss_top1_history_repeat,,164,3d_filament,2419,"HATCHBOX 3D ABS-1KG1.75-BLU ABS 3D Printer Filament, Dimensional Accuracy +/- 0.03 mm, 1 kg Spool, 1.75 mm, Blue",<a_178><b_154><c_1>,12.0,,leaf_or_ranking_miss_after_l2_hit,1,3,"<a_178><b_154><c_141> :: ids=[2472] :: fam=3d_filament :: HATCHBOX ABS 3D Printer Filament, Dimensional Accuracy +/- 0.03 mm, 1 kg Spool, 1.75 mm, Black
<a_178><b_154><c_50> :: ids=[444] :: fam=3d_filament :: HATCHBOX ABS 3D Printer Filament, Dimensional Accuracy +/- 0.03 mm, 1 kg Spool, 1.75 mm, White
<a_178><b_150><c_117> :: ids=[2544] :: fam=3d_filament :: SainSmart Clear Flexible TPU 3D Printing Filament, 1.75 mm, 0.8 kg, Dimensional Accuracy +/- 0.05 mm
<a_178><b_46><c_65> :: ids=[2333] :: fam=3d_filament :: eSUN 3D Printer CLEANING Filament 1.75mm Natural 0.1kg for all 1.75mm FDM 3D Printers, 1.75mm Cleaning
<a_178><b_154><c_88> :: ids=[3488] :: fam=3d_filament :: HATCHBOX ABS 3D Printer Filament, Dimensional Accuracy +/- 0.03 mm, 1 kg Spool, 1.75 mm, Transparent Red",,,
r693a_miss_top1_history_repeat,,173,3d_filament,1107,"HATCHBOX PLA 3D Printer Filament, Dimensional Accuracy +/- 0.03 mm, 1 kg Spool, 1.75 mm, Glow in the Dark",<a_178><b_165><c_4>,,,l1_routing_miss,1,2,"<a_151><b_237><c_119> :: ids=[66] :: fam=other :: Brown & Sharpe 599-792-30 Adjustable Spring Tensioned Tap Guide
<a_129><b_68><c_172> :: ids=[54] :: fam=metadata_placeholder :: Industrial & Scientific"" />
<a_197><b_173><c_161> :: ids=[84] :: fam=gauge_meter :: Neiko 01409A Electronic Digital Caliper with Extra Large LCD Screen | 0 - 12 Inches | Inch/Fractions/Millimeter Conversion
<a_243><b_224><c_0> :: ids=[1041] :: fam=gauge_meter :: Buna-N O-Ring Kit, 70A Durometer, 382 Pieces, 30 Sizes
<a_189><b_209><c_30> :: ids=[75] :: fam=other :: Jumbo 51pc Drum Sanding Kit - Fits Dremel - Includes Rubber Drum Mandrels - 1/2, 3/8 & 1/4",,,
r693a_miss_top1_history_repeat,,179,3d_filament,1222,"XFasten Transparent Filament Duct Tape, 2 Inches x 30 Yards",<a_31><b_29><c_84>,,,l2_routing_miss_after_l1_hit,1,2,"<a_40><b_72><c_127> :: ids=[201] :: fam=connector_fitting :: ColorConnex Coupler & Plug Kit (7 Piece), Industrial Type D, 1/4 in. NPT, Red - A73457D
<a_190><b_103><c_0> :: ids=[181, 182] :: fam=gauge_meter :: AcuRite 00613 Humidity Monitor with Indoor Thermometer, Digital Hygrometer and Humidity Gauge Indicator / AcuRite 00613 Humidity Monitor with Indoor Thermometer
<a_109><b_7><c_247> :: ids=[1972] :: fam=other :: Hy-Ko Plastic Sign White 9"" X 12"" Protected By Video Surveillance Polystyrene
<a_40><b_18><c_9> :: ids=[521] :: fam=connector_fitting :: Gardner Bender 19-001 WireGard Screw-On Wire Connectors, 22-16 AWG, Electrical Wire Nut, 14 pk, Grey
<a_190><b_185><c_201> :: ids=[159] :: fam=gauge_meter :: Etekcity Lasergrip 774 Non-contact Digital Laser Infrared Thermometer Temperature Gun -58~ 716 (-50 ~ 380), Yellow and Black",,,
r693a_miss_top1_history_repeat,,195,3d_filament,2932,Inland 1.75mm Blue PLA 3D Printer Filament - 1kg Spool (2.2 lbs),<a_220><b_114><c_145>,14.0,,l1_routing_miss,1,1,"<a_178><b_46><c_65> :: ids=[2333] :: fam=3d_filament :: eSUN 3D Printer CLEANING Filament 1.75mm Natural 0.1kg for all 1.75mm FDM 3D Printers, 1.75mm Cleaning
<a_178><b_156><c_58> :: ids=[2157] :: fam=3d_filament :: eSUN 3D 1.75mm PETG Blue Filament 1kg (2.2lb), PETG 3D Printer Filament, 1.75mm Semi-Transparent Blue
<a_178><b_156><c_59> :: ids=[2703] :: fam=3d_filament :: eSUN 3D 1.75mm PETG Black Filament 1kg (2.2lb), PETG 3D Printer Filament, 1.75mm Solid Opaque Black
<a_178><b_199><c_186> :: ids=[3267] :: fam=3d_filament :: Filabot TB1 Taulman BRIDGE Filament, 1.75 mm, White
<a_178><b_200><c_161> :: ids=[3521] :: fam=3d_filament :: Cutequeen 3D-PLA-1.75mm-1KG 3D Printer Filament,1.75 mm Diameter,Dimensional Accuracy +/- 0.05mm,1000g Spool,White",,,
r693a_miss_top1_history_repeat,,196,3d_filament,3470,SCStyle 5 Meters GT2 2mm Pitch 6mm Wide Timing Belt for 3D Printer CNC,<a_151><b_93><c_4>,,,l1_routing_miss,1,2,"<a_178><b_154><c_141> :: ids=[2472] :: fam=3d_filament :: HATCHBOX ABS 3D Printer Filament, Dimensional Accuracy +/- 0.03 mm, 1 kg Spool, 1.75 mm, Black
<a_178><b_252><c_162> :: ids=[1847] :: fam=3d_filament :: HATCHBOX PLA 3D Printer Filament, Dimensional Accuracy +/- 0.03 mm, 1 kg Spool, 1.75 mm, White
<a_178><b_165><c_148> :: ids=[2507] :: fam=3d_filament :: HATCHBOX PLA 3D Printer Filament, Dimensional Accuracy +/- 0.03 mm, 1 kg Spool, 1.75 mm, Silver
<a_178><b_154><c_50> :: ids=[444] :: fam=3d_filament :: HATCHBOX ABS 3D Printer Filament, Dimensional Accuracy +/- 0.03 mm, 1 kg Spool, 1.75 mm, White
<a_178><b_165><c_53> :: ids=[50] :: fam=3d_filament :: HATCHBOX PLA 3D Printer Filament, Dimensional Accuracy +/- 0.03 mm, 1 kg Spool, 1.75 mm, Blue",,,
r693a_miss_top1_history_repeat,,211,3d_filament,2145,"ROBO 3D R1 Plus 10x9x8-Inch ABS/PLA 3D Printer, White (A1-0002-000)",<a_152><b_168><c_1>,,,l1_routing_miss,1,2,"<a_178><b_71><c_26> :: ids=[3601] :: fam=3d_filament :: Smartbuy 1.75mm Green PLA 3D Printer Filament - 1kg Spool/Roll (2.2 lbs) - Dimensional Accuracy +/- 0.05mm
<a_178><b_71><c_32> :: ids=[3537] :: fam=3d_filament :: Smartbuy 1.75mm Yellow PLA 3D Printer Filament - 1kg Spool/Roll (2.2 lbs) - Dimensional Accuracy +/- 0.05mm
<a_178><b_71><c_177> :: ids=[2994] :: fam=3d_filament :: Smartbuy 1.75mm Black PLA 3D Printer Filament - 1kg Spool/Roll (2.2 lbs) - Dimensional Accuracy +/- 0.05mm
<a_178><b_71><c_82> :: ids=[3663] :: fam=3d_filament :: Smartbuy 1.75mm Red PLA 3D Printer Filament - 1kg Spool/Roll (2.2 lbs) - Dimensional Accuracy +/- 0.05mm
<a_178><b_71><c_15> :: ids=[2758] :: fam=3d_filament :: Smartbuy 1.75mm Orange PLA 3D Printer Filament - 1kg Spool/Roll (2.2 lbs) - Dimensional Accuracy +/- 0.05mm",,,
r693a_miss_top1_history_repeat,,220,3d_filament,3112,"3D Solutech Real Black 3D Printer PLA Filament 1.75MM Filament, Dimensional Accuracy +/- 0.03 mm, 2.2 LBS (1.0KG) - PLA175RBLK",<a_178><b_14><c_94>,36.0,,leaf_or_ranking_miss_after_l2_hit,1,2,"<a_178><b_166><c_183> :: ids=[2477] :: fam=3d_filament :: BAMtack! 1.75mm Black PLA 3D Printer Filament - 1kg (2.2 lbs) - Dimensional Accuracy +/- 0.03mm
<a_178><b_165><c_148> :: ids=[2507] :: fam=3d_filament :: HATCHBOX PLA 3D Printer Filament, Dimensional Accuracy +/- 0.03 mm, 1 kg Spool, 1.75 mm, Silver
<a_178><b_165><c_53> :: ids=[50] :: fam=3d_filament :: HATCHBOX PLA 3D Printer Filament, Dimensional Accuracy +/- 0.03 mm, 1 kg Spool, 1.75 mm, Blue
<a_178><b_150><c_117> :: ids=[2544] :: fam=3d_filament :: SainSmart Clear Flexible TPU 3D Printing Filament, 1.75 mm, 0.8 kg, Dimensional Accuracy +/- 0.05 mm
<a_178><b_165><c_4> :: ids=[1107] :: fam=3d_filament :: HATCHBOX PLA 3D Printer Filament, Dimensional Accuracy +/- 0.03 mm, 1 kg Spool, 1.75 mm, Glow in the Dark",,,
r693a_miss_top1_history_repeat,,234,3d_filament,2474,BIQU MK10 M7 0.4mm Extruder Brass Nozzle Print Head for Makerbot 2 RepRap 1.75mm Filament 3D Printer (Pack of 5pcs),<a_212><b_206><c_45>,,,l1_routing_miss,1,1,"<a_178><b_71><c_26> :: ids=[3601] :: fam=3d_filament :: Smartbuy 1.75mm Green PLA 3D Printer Filament - 1kg Spool/Roll (2.2 lbs) - Dimensional Accuracy +/- 0.05mm
<a_178><b_71><c_32> :: ids=[3537] :: fam=3d_filament :: Smartbuy 1.75mm Yellow PLA 3D Printer Filament - 1kg Spool/Roll (2.2 lbs) - Dimensional Accuracy +/- 0.05mm
<a_178><b_71><c_177> :: ids=[2994] :: fam=3d_filament :: Smartbuy 1.75mm Black PLA 3D Printer Filament - 1kg Spool/Roll (2.2 lbs) - Dimensional Accuracy +/- 0.05mm
<a_178><b_71><c_15> :: ids=[2758] :: fam=3d_filament :: Smartbuy 1.75mm Orange PLA 3D Printer Filament - 1kg Spool/Roll (2.2 lbs) - Dimensional Accuracy +/- 0.05mm
<a_130><b_181><c_74> :: ids=[665] :: fam=other :: 608 ZZ Skateboard Bearings, Double Shielded, Silver (Pack of 8)",,,
r693a_miss_top1_history_repeat,,235,3d_filament,1703,"Inkbird ITC-1000 Dual Stage Digital Temperature Controller Fahrenheit  Celsius Thermostat with Sensor for 3D Printer,Freezer,Fridge,Hatching ect (110 Volt)",<a_190><b_64><c_116>,,,l2_routing_miss_after_l1_hit,1,1,"<a_62><b_112><c_104> :: ids=[65] :: fam=other :: Shop-Vac 9197000 2.5-Inch Gutter Cleaning Kit
<a_190><b_103><c_0> :: ids=[181, 182] :: fam=gauge_meter :: AcuRite 00613 Humidity Monitor with Indoor Thermometer, Digital Hygrometer and Humidity Gauge Indicator / AcuRite 00613 Humidity Monitor with Indoor Thermometer
<a_31><b_179><c_201> :: ids=[467] :: fam=tape :: 3M Utility Duct Tape 2929 Silver, 1.88 in x 50 yd 5.8 mils (Pack of 1)
<a_211><b_154><c_68> :: ids=[513] :: fam=other :: Kimberly-Clark Professional Kimtech Science KimWipes Delicate Task Wipers, 4.4 x 8.4 in. 1-ply
<a_31><b_208><c_1> :: ids=[991] :: fam=tape :: Pro Gaffer Gaffers Tape, 2 in x 55 yd, Black",,,
r693a_miss_top1_history_repeat,,244,3d_filament,2059,"MG Chemicals Wood 3D Printer Filament, 1.75mm, 0.5 Kg (1.1 lbs.) - Wood",<a_178><b_227><c_65>,32.0,,l2_routing_miss_after_l1_hit,1,1,"<a_178><b_14><c_6> :: ids=[2909, 3494] :: fam=3d_filament :: 3D Solutech Silver Metal 3D Printer PLA Filament 1.75MM Filament, Dimensional Accuracy +/- 0.03 mm, 2.2 LBS (1.0KG) - PLA175TCMS / 3D Solutech Real Yellow 3D Pr
<a_178><b_150><c_117> :: ids=[2544] :: fam=3d_filament :: SainSmart Clear Flexible TPU 3D Printing Filament, 1.75 mm, 0.8 kg, Dimensional Accuracy +/- 0.05 mm
<a_178><b_14><c_107> :: ids=[2161] :: fam=3d_filament :: 3D Solutech Natural Clear 1.75mm 3D Printer PLA Filament, Dimensional Accuracy +/- 0.03 mm, 2.2 LBS (1.0KG)
<a_178><b_14><c_94> :: ids=[3112] :: fam=3d_filament :: 3D Solutech Real Black 3D Printer PLA Filament 1.75MM Filament, Dimensional Accuracy +/- 0.03 mm, 2.2 LBS (1.0KG) - PLA175RBLK
<a_178><b_14><c_75> :: ids=[2697] :: fam=3d_filament :: 3D Solutech Real White 3D Printer PLA Filament 1.75MM Filament, Dimensional Accuracy +/- 0.03 mm, 2.2 LBS (1.0KG)",,,
r693a_miss_top1_history_repeat,,291,3d_filament,3454,Wangdd22 3D Printer J-head Hotend with Fan for 1.75mm 12v V6 Direct Filament Wade Extruder 0.4mm Nozzle+Volcano kit,<a_212><b_150><c_251>,,,l1_routing_miss,1,2,"<a_109><b_17><c_165> :: ids=[500] :: fam=other :: HDPE (High Density Polyethylene) Sheet, Opaque Off-White, Standard Tolerance, ASTM D4976-245, 0.250"" Thickness, 12"" Width, 12"" Length
<a_109><b_17><c_3> :: ids=[1205] :: fam=other :: PEI (Polyetherimide) Sheet, Opaque Off-White, Standard Tolerance, ASTM D5205 PEI0113, 0.03"" Thickness, 12"" Width, 24"" Length
<a_109><b_17><c_59> :: ids=[108] :: fam=other :: Polycarbonate (PC) Sheet, Transparent Clear, Standard Tolerance, ASTM D3935, 0.08"" Thickness, 12"" Width, 24"" Length
<a_178><b_14><c_6> :: ids=[2909, 3494] :: fam=3d_filament :: 3D Solutech Silver Metal 3D Printer PLA Filament 1.75MM Filament, Dimensional Accuracy +/- 0.03 mm, 2.2 LBS (1.0KG) - PLA175TCMS / 3D Solutech Real Yellow 3D Pr
<a_193><b_130><c_174> :: ids=[926] :: fam=other :: Dap 00272 Original Contact Cement Qt Raw Building Material, Tan",,,
r693a_miss_top1_history_repeat,,319,3d_filament,164,"HATCHBOX PLA 3D Printer Filament, Dimensional Accuracy +/- 0.03 mm, 1 kg Spool, 1.75 mm, Green",<a_178><b_252><c_96>,,,l2_routing_miss_after_l1_hit,1,1,"<a_178><b_12><c_24> :: ids=[162] :: fam=3d_filament :: USAFilament 9800429 ABS 3D Printing Filament, 2.2 lb, 1.75 mm, White Spool
<a_178><b_154><c_141> :: ids=[2472] :: fam=3d_filament :: HATCHBOX ABS 3D Printer Filament, Dimensional Accuracy +/- 0.03 mm, 1 kg Spool, 1.75 mm, Black
<a_178><b_154><c_50> :: ids=[444] :: fam=3d_filament :: HATCHBOX ABS 3D Printer Filament, Dimensional Accuracy +/- 0.03 mm, 1 kg Spool, 1.75 mm, White
<a_178><b_12><c_3> :: ids=[892] :: fam=3d_filament :: Filament Outlet Black PLA 1.75mm 3D Printer Filament 1kg (2.2lbs) spool USA
<a_178><b_12><c_11> :: ids=[1845] :: fam=3d_filament :: Filament Outlet Blue PLA 1.75mm 3D Printer Filament 1kg (2.2lbs) spool USA",,,
r693a_miss_top1_history_repeat,,334,3d_filament,2736,Signswise 2 Pack 5mm 40T Extruder Driver Feeder Gear Bore for Makerbot Mk7 Mk8 3D Printer,<a_209><b_42><c_198>,,,l1_routing_miss,1,1,"<a_115><b_121><c_201> :: ids=[3055] :: fam=other :: TEMCo 18 AWG Copper Magnet Wire - 4 oz 50 ft 200&deg;C Magnetic Coil Winding
<a_115><b_121><c_191> :: ids=[1911] :: fam=gauge_meter :: uxcell 1 Meter 65 Flat width 40mm Dia Ratio 2:1 Heat Shrinkable Shrinking Tube Black
<a_190><b_64><c_29> :: ids=[819] :: fam=3d_filament :: Inkbird ITC-1000 Dual Stage Digital Temperature Controller Fahrenheit  Celsius Thermostat with Sensor for 3D Printer,Freezer,Fridge,Hatching ect (12 Volt)
<a_115><b_213><c_222> :: ids=[399] :: fam=other :: Anytime Tools 48 pc HEAT SHRINK TUBING WRAP SLEEVES ASSORTED SIZES
<a_115><b_121><c_72> :: ids=[613] :: fam=gauge_meter :: Remington Industries 22SNSP 22 AWG Magnet Wire, Enameled Copper Wire, 1.0 lb, 0.0263"" Diameter, 507' Length, Red",,,
r693a_miss_top1_history_repeat,,335,3d_filament,1758,Signswise 200x200mm 12V 220W Silicone Rubber Heating Heater for 3D Printer Heated Beds,<a_157><b_221><c_43>,,,l1_routing_miss,1,2,"<a_178><b_150><c_117> :: ids=[2544] :: fam=3d_filament :: SainSmart Clear Flexible TPU 3D Printing Filament, 1.75 mm, 0.8 kg, Dimensional Accuracy +/- 0.05 mm
<a_178><b_150><c_186> :: ids=[2714] :: fam=3d_filament :: NinjaFlex TPU 3D Printing Filament - 1.75mm .50kg - SAPPHIRE
<a_212><b_17><c_91> :: ids=[2926] :: fam=3d_filament :: HICTOP 5 Pieces 3D Printer Extruder Hotend 1.75mm Nozzle Throat for Reprap Prusa I3
<a_212><b_168><c_133> :: ids=[1848] :: fam=3d_filament :: Kamo 5PCS 3D Printer 0.4mm Extruder Brass Nozzle Print Head for MK8 1.75mm ABS PLA Printer
<a_220><b_70><c_16> :: ids=[2731] :: fam=other :: BuildTak 3D Printing Build Surface, 8"" x 8"" Square, Black (Pack of 3)",,,
r693a_miss_top1_history_repeat,,447,3d_filament,2544,"SainSmart Clear Flexible TPU 3D Printing Filament, 1.75 mm, 0.8 kg, Dimensional Accuracy +/- 0.05 mm",<a_178><b_150><c_117>,24.0,,l1_routing_miss,1,1,"<a_31><b_149><c_71> :: ids=[2467] :: fam=tape :: 1/8 inch x 55 yds Copper Foil Tape - (3mm x 50m) - EMI Shielding Conductive Adhesive
<a_31><b_149><c_156> :: ids=[2543] :: fam=tape :: TapeCase CFL-5CA Conductive Copper Foil 3/4"" x 6yds (1 Roll)
<a_197><b_173><c_161> :: ids=[84] :: fam=gauge_meter :: Neiko 01409A Electronic Digital Caliper with Extra Large LCD Screen | 0 - 12 Inches | Inch/Fractions/Millimeter Conversion
<a_31><b_155><c_192> :: ids=[168] :: fam=tape :: Scotch Super 33+ Vinyl Electrical Tape, 3/4 in x 66 ft
<a_138><b_9><c_137> :: ids=[395] :: fam=other :: Arctic Silver 5 AS5-3.5G Thermal Paste",,,
r693a_miss_top1_history_repeat,,448,3d_filament,1206,"eSUN 1.75mm Black PLA PRO (PLA+) 3D Printer Filament 1KG Spool (2.2lbs), Black",<a_220><b_17><c_237>,49.0,,l1_routing_miss,1,1,"<a_178><b_150><c_117> :: ids=[2544] :: fam=3d_filament :: SainSmart Clear Flexible TPU 3D Printing Filament, 1.75 mm, 0.8 kg, Dimensional Accuracy +/- 0.05 mm
<a_178><b_150><c_186> :: ids=[2714] :: fam=3d_filament :: NinjaFlex TPU 3D Printing Filament - 1.75mm .50kg - SAPPHIRE
<a_178><b_166><c_183> :: ids=[2477] :: fam=3d_filament :: BAMtack! 1.75mm Black PLA 3D Printer Filament - 1kg (2.2 lbs) - Dimensional Accuracy +/- 0.03mm
<a_178><b_20><c_140> :: ids=[1794] :: fam=3d_filament :: Filabot 910175 Taulman 910 Alloy, 1.75"" Filament Diameter, Natural
<a_212><b_17><c_91> :: ids=[2926] :: fam=3d_filament :: HICTOP 5 Pieces 3D Printer Extruder Hotend 1.75mm Nozzle Throat for Reprap Prusa I3",,,
r693a_miss_top1_history_repeat,,458,3d_filament,2472,"HATCHBOX ABS 3D Printer Filament, Dimensional Accuracy +/- 0.03 mm, 1 kg Spool, 1.75 mm, Black",<a_178><b_154><c_141>,,,l1_routing_miss,1,1,"<a_189><b_24><c_151> :: ids=[1457] :: fam=other :: Vacuum Pump - 12V
<a_190><b_103><c_0> :: ids=[181, 182] :: fam=gauge_meter :: AcuRite 00613 Humidity Monitor with Indoor Thermometer, Digital Hygrometer and Humidity Gauge Indicator / AcuRite 00613 Humidity Monitor with Indoor Thermometer
<a_211><b_154><c_68> :: ids=[513] :: fam=other :: Kimberly-Clark Professional Kimtech Science KimWipes Delicate Task Wipers, 4.4 x 8.4 in. 1-ply
<a_231><b_198><c_94> :: ids=[800] :: fam=connector_fitting :: Anderson Metals 57001-0402 Brass Hose Fitting, Adapter, 1/4"" Barb x 1/8"" NPT Male Pipe
<a_209><b_196><c_135> :: ids=[42] :: fam=connector_fitting :: Precision Brand M6S Micro Seal, Miniature All Stainless Worm Gear Hose Clamp, 5/16"" - 7/8"" (Pack of 10)",,,
r693a_miss_top1_history_repeat,,461,3d_filament,3655,"eSUN 1.75mm Brown PLA PRO (PLA+) 3D Printer Filament 1KG Spool (2.2lbs), Brown",<a_178><b_101><c_25>,,,l2_routing_miss_after_l1_hit,1,2,"<a_178><b_14><c_6> :: ids=[2909, 3494] :: fam=3d_filament :: 3D Solutech Silver Metal 3D Printer PLA Filament 1.75MM Filament, Dimensional Accuracy +/- 0.03 mm, 2.2 LBS (1.0KG) - PLA175TCMS / 3D Solutech Real Yellow 3D Pr
<a_178><b_14><c_107> :: ids=[2161] :: fam=3d_filament :: 3D Solutech Natural Clear 1.75mm 3D Printer PLA Filament, Dimensional Accuracy +/- 0.03 mm, 2.2 LBS (1.0KG)
<a_178><b_14><c_135> :: ids=[2993] :: fam=3d_filament :: 3D Solutech Blue 3D Printer Ultra PLA Filament 1.75MM Filament, Dimensional Accuracy +/- 0.03 mm, 2.2 LBS (1.0KG)
<a_178><b_14><c_26> :: ids=[3442] :: fam=3d_filament :: 3D Solutech Real Purple 3D Printer PLA Filament 1.75MM Filament, Dimensional Accuracy +/- 0.03 mm, 2.2 LBS (1.0KG)
<a_178><b_14><c_150> :: ids=[3466] :: fam=3d_filament :: 3D Solutech Real Red 3D Printer PLA Filament 1.75MM, Dimensional Accuracy +/- 0.03 mm, 2.2 LBS (1.0KG) - RA-I00I-DQUY",,,
r693a_miss_top1_history_repeat,,465,3d_filament,164,"HATCHBOX PLA 3D Printer Filament, Dimensional Accuracy +/- 0.03 mm, 1 kg Spool, 1.75 mm, Green",<a_178><b_252><c_96>,,,l2_routing_miss_after_l1_hit,1,1,"<a_178><b_71><c_26> :: ids=[3601] :: fam=3d_filament :: Smartbuy 1.75mm Green PLA 3D Printer Filament - 1kg Spool/Roll (2.2 lbs) - Dimensional Accuracy +/- 0.05mm
<a_178><b_71><c_177> :: ids=[2994] :: fam=3d_filament :: Smartbuy 1.75mm Black PLA 3D Printer Filament - 1kg Spool/Roll (2.2 lbs) - Dimensional Accuracy +/- 0.05mm
<a_178><b_71><c_32> :: ids=[3537] :: fam=3d_filament :: Smartbuy 1.75mm Yellow PLA 3D Printer Filament - 1kg Spool/Roll (2.2 lbs) - Dimensional Accuracy +/- 0.05mm
<a_178><b_71><c_15> :: ids=[2758] :: fam=3d_filament :: Smartbuy 1.75mm Orange PLA 3D Printer Filament - 1kg Spool/Roll (2.2 lbs) - Dimensional Accuracy +/- 0.05mm
<a_178><b_71><c_82> :: ids=[3663] :: fam=3d_filament :: Smartbuy 1.75mm Red PLA 3D Printer Filament - 1kg Spool/Roll (2.2 lbs) - Dimensional Accuracy +/- 0.05mm",,,
r693a_miss_top1_history_repeat,,473,3d_filament,2707,"eSUN 1.75mm Orange PLA PRO (PLA+) 3D Printer Filament 1KG Spool (2.2lbs), Orange",<a_178><b_101><c_224>,,,l2_routing_miss_after_l1_hit,1,3,"<a_178><b_150><c_117> :: ids=[2544] :: fam=3d_filament :: SainSmart Clear Flexible TPU 3D Printing Filament, 1.75 mm, 0.8 kg, Dimensional Accuracy +/- 0.05 mm
<a_178><b_165><c_148> :: ids=[2507] :: fam=3d_filament :: HATCHBOX PLA 3D Printer Filament, Dimensional Accuracy +/- 0.03 mm, 1 kg Spool, 1.75 mm, Silver
<a_178><b_150><c_186> :: ids=[2714] :: fam=3d_filament :: NinjaFlex TPU 3D Printing Filament - 1.75mm .50kg - SAPPHIRE
<a_178><b_20><c_140> :: ids=[1794] :: fam=3d_filament :: Filabot 910175 Taulman 910 Alloy, 1.75"" Filament Diameter, Natural
<a_178><b_230><c_5> :: ids=[3016] :: fam=3d_filament :: HATCHBOX 3D Printer Filament, Dimensional Accuracy +/- 0.03mm, 1.75 mm, 1 kg Spool, Wood",,,
r693a_miss_top1_history_repeat,,475,3d_filament,2912,Inland 1.75mm Black PLA 3D Printer Filament - 1kg Spool (2.2 lbs),<a_220><b_114><c_173>,,,l1_routing_miss,1,2,"<a_178><b_14><c_6> :: ids=[2909, 3494] :: fam=3d_filament :: 3D Solutech Silver Metal 3D Printer PLA Filament 1.75MM Filament, Dimensional Accuracy +/- 0.03 mm, 2.2 LBS (1.0KG) - PLA175TCMS / 3D Solutech Real Yellow 3D Pr
<a_178><b_14><c_107> :: ids=[2161] :: fam=3d_filament :: 3D Solutech Natural Clear 1.75mm 3D Printer PLA Filament, Dimensional Accuracy +/- 0.03 mm, 2.2 LBS (1.0KG)
<a_178><b_14><c_94> :: ids=[3112] :: fam=3d_filament :: 3D Solutech Real Black 3D Printer PLA Filament 1.75MM Filament, Dimensional Accuracy +/- 0.03 mm, 2.2 LBS (1.0KG) - PLA175RBLK
<a_178><b_14><c_7> :: ids=[3475] :: fam=3d_filament :: 3D Solutech Real Orange 3D Printer PLA Filament 1.75MM Filament, Dimensional Accuracy +/- 0.03 mm, 2.2 LBS (1.0KG)
<a_178><b_14><c_135> :: ids=[2993] :: fam=3d_filament :: 3D Solutech Blue 3D Printer Ultra PLA Filament 1.75MM Filament, Dimensional Accuracy +/- 0.03 mm, 2.2 LBS (1.0KG)",,,
r693a_miss_top1_history_repeat,,498,3d_filament,1888,"3D Solutech Hot Pink 3D Printer PLA Filament 1.75MM Filament, Dimensional Accuracy +/- 0.03 mm, 2.2 LBS (1.0KG)",<a_178><b_14><c_4>,,,leaf_or_ranking_miss_after_l2_hit,1,2,"<a_193><b_228><c_165> :: ids=[2475] :: fam=other :: Gizmo Dorks 3D Print Removal Tool, 5-inch Blade
<a_178><b_150><c_117> :: ids=[2544] :: fam=3d_filament :: SainSmart Clear Flexible TPU 3D Printing Filament, 1.75 mm, 0.8 kg, Dimensional Accuracy +/- 0.05 mm
<a_82><b_180><c_246> :: ids=[3154] :: fam=3d_filament :: TwoUp 3D Printer Kit 7"" x 7"" x 5"" Build Dimensions 50 Micron 1.75mm PLA Filament
<a_178><b_166><c_183> :: ids=[2477] :: fam=3d_filament :: BAMtack! 1.75mm Black PLA 3D Printer Filament - 1kg (2.2 lbs) - Dimensional Accuracy +/- 0.03mm
<a_178><b_150><c_186> :: ids=[2714] :: fam=3d_filament :: NinjaFlex TPU 3D Printing Filament - 1.75mm .50kg - SAPPHIRE",,,
r693a_miss_top1_history_repeat,,534,3d_filament,2726,ANYCUBIC 3D Printer Heating Controller MKS MOSFET for Heatbed Extruder MOS Module,<a_212><b_74><c_180>,11.0,,l2_routing_miss_after_l1_hit,1,1,"<a_178><b_166><c_183> :: ids=[2477] :: fam=3d_filament :: BAMtack! 1.75mm Black PLA 3D Printer Filament - 1kg (2.2 lbs) - Dimensional Accuracy +/- 0.03mm
<a_178><b_150><c_117> :: ids=[2544] :: fam=3d_filament :: SainSmart Clear Flexible TPU 3D Printing Filament, 1.75 mm, 0.8 kg, Dimensional Accuracy +/- 0.05 mm
<a_178><b_150><c_186> :: ids=[2714] :: fam=3d_filament :: NinjaFlex TPU 3D Printing Filament - 1.75mm .50kg - SAPPHIRE
<a_212><b_163><c_79> :: ids=[3406] :: fam=other :: High Lubricity Wear Resistant Nozzle Upgrade MK10 0.4 mm (For FlashForge, Wanhao D4 and i3, Dremel)
<a_178><b_20><c_140> :: ids=[1794] :: fam=3d_filament :: Filabot 910175 Taulman 910 Alloy, 1.75"" Filament Diameter, Natural",,,
r693a_miss_top1_history_repeat,,570,3d_filament,1007,"6"" Cup Brush, Nylon Filament, 5/8""-11 Thread, 2500 max.RPM",<a_243><b_71><c_117>,,,l1_routing_miss,1,2,"<a_32><b_253><c_135> :: ids=[1184] :: fam=other :: Keeper Foot x 2 Inch 02612 6' x 2"" Lift Sling
<a_32><b_253><c_152> :: ids=[1246] :: fam=other :: Keeper (02604 6' x 1"" Lift Sling, 1 Ply
<a_32><b_253><c_58> :: ids=[3483] :: fam=other :: Keeper Foot x 2 Inch 02626 10' x 2"" Lift Sling
<a_238><b_232><c_129> :: ids=[335] :: fam=other :: Dewalt DW8061B5 4 x 0.045 Inch Metal and Stainless Steel Cutting Wheels , 4 Inch by 0.045-Inch
<a_32><b_246><c_233> :: ids=[1065] :: fam=other :: JawayTool Rubber Grommets Kit & Plug Wire Ring Assortment Set Electrical Gasket Tools - 180 - Pieces",,,
r693a_miss_top1_history_repeat,,592,3d_filament,2088,"ELEGOO Stepstick Stepper Motor Driver Module A4988 + Heat Sink for 3D Printer Reprap, CNC Machine or Robotics(Pack of 5)",<a_134><b_236><c_58>,,,l1_routing_miss,1,2,"<a_178><b_150><c_117> :: ids=[2544] :: fam=3d_filament :: SainSmart Clear Flexible TPU 3D Printing Filament, 1.75 mm, 0.8 kg, Dimensional Accuracy +/- 0.05 mm
<a_178><b_154><c_135> :: ids=[1851] :: fam=3d_filament :: HATCHBOX PLA 3D Printer Filament, Dimensional Accuracy +/- 0.03 mm, 1 kg Spool, 1.75 mm, Yellow
<a_178><b_150><c_186> :: ids=[2714] :: fam=3d_filament :: NinjaFlex TPU 3D Printing Filament - 1.75mm .50kg - SAPPHIRE
<a_178><b_165><c_148> :: ids=[2507] :: fam=3d_filament :: HATCHBOX PLA 3D Printer Filament, Dimensional Accuracy +/- 0.03 mm, 1 kg Spool, 1.75 mm, Silver
<a_178><b_154><c_50> :: ids=[444] :: fam=3d_filament :: HATCHBOX ABS 3D Printer Filament, Dimensional Accuracy +/- 0.03 mm, 1 kg Spool, 1.75 mm, White",,,
r693a_miss_top1_history_repeat,,619,3d_filament,3529,"SIENOC 3D PLA 1KG 1.75mm PLA 3D Printer Filament, Dimensional Accuracy+/- 0.05mm 1 kg(2.2 lbs) Spool White",<a_178><b_219><c_172>,,,l2_routing_miss_after_l1_hit,1,2,"<a_220><b_114><c_145> :: ids=[2932] :: fam=3d_filament :: Inland 1.75mm Blue PLA 3D Printer Filament - 1kg Spool (2.2 lbs)
<a_220><b_114><c_53> :: ids=[2734] :: fam=3d_filament :: Inland 1.75mm White PLA 3D Printer Filament - 1kg Spool (2.2 lbs)
<a_220><b_114><c_156> :: ids=[2934] :: fam=3d_filament :: Inland 1.75mm Yellow PLA 3D Printer Filament - 1kg Spool (2.2 lbs)
<a_220><b_114><c_221> :: ids=[2485] :: fam=3d_filament :: Inland 1.75mm Gold PLA 3D Printer Filament - 1kg Spool (2.2 lbs)
<a_220><b_114><c_224> :: ids=[2979] :: fam=3d_filament :: Inland 1.75mm Gray PLA 3D Printer Filament - 1kg Spool (2.2 lbs)",,,
r693a_miss_top1_history_repeat,,625,3d_filament,2161,"3D Solutech Natural Clear 1.75mm 3D Printer PLA Filament, Dimensional Accuracy +/- 0.03 mm, 2.2 LBS (1.0KG)",<a_178><b_14><c_107>,,,l1_routing_miss,1,1,"<a_73><b_218><c_123> :: ids=[1922] :: fam=other :: 5 Inch 1500 Grit High Performance Hook and Loop Wet / Dry Film Sanding Discs, 10 Pack
<a_190><b_103><c_0> :: ids=[181, 182] :: fam=gauge_meter :: AcuRite 00613 Humidity Monitor with Indoor Thermometer, Digital Hygrometer and Humidity Gauge Indicator / AcuRite 00613 Humidity Monitor with Indoor Thermometer
<a_31><b_179><c_201> :: ids=[467] :: fam=tape :: 3M Utility Duct Tape 2929 Silver, 1.88 in x 50 yd 5.8 mils (Pack of 1)
<a_197><b_173><c_161> :: ids=[84] :: fam=gauge_meter :: Neiko 01409A Electronic Digital Caliper with Extra Large LCD Screen | 0 - 12 Inches | Inch/Fractions/Millimeter Conversion
<a_185><b_2><c_12> :: ids=[123] :: fam=other :: Red Devil 0325 Steel Wool, 2 Medium Course, 8 Pads",,,
r693a_miss_top1_history_repeat,,632,3d_filament,3440,HICTOP 5 Pieces 3D Printer Endstops/ Limit Switch/ Mechanical Switch for Reprap Prusa I3,<a_212><b_45><c_195>,,,l1_routing_miss,1,3,"<a_178><b_14><c_6> :: ids=[2909, 3494] :: fam=3d_filament :: 3D Solutech Silver Metal 3D Printer PLA Filament 1.75MM Filament, Dimensional Accuracy +/- 0.03 mm, 2.2 LBS (1.0KG) - PLA175TCMS / 3D Solutech Real Yellow 3D Pr
<a_178><b_14><c_94> :: ids=[3112] :: fam=3d_filament :: 3D Solutech Real Black 3D Printer PLA Filament 1.75MM Filament, Dimensional Accuracy +/- 0.03 mm, 2.2 LBS (1.0KG) - PLA175RBLK
<a_178><b_14><c_107> :: ids=[2161] :: fam=3d_filament :: 3D Solutech Natural Clear 1.75mm 3D Printer PLA Filament, Dimensional Accuracy +/- 0.03 mm, 2.2 LBS (1.0KG)
<a_178><b_14><c_135> :: ids=[2993] :: fam=3d_filament :: 3D Solutech Blue 3D Printer Ultra PLA Filament 1.75MM Filament, Dimensional Accuracy +/- 0.03 mm, 2.2 LBS (1.0KG)
<a_178><b_14><c_253> :: ids=[3453] :: fam=3d_filament :: 3D Solutech Real Gold 3D Printer PLA Filament 1.75MM Filament, Dimensional Accuracy +/- 0.03 mm, 2.2 LBS (1.0KG)",,,
r693a_miss_top1_history_repeat,,634,3d_filament,2204,"Proto-pasta CFP11705 The Original Carbon Fiber Spool , PLA 1.75 mm, 500 g , Black",<a_178><b_199><c_45>,,,l2_routing_miss_after_l1_hit,1,1,"<a_178><b_150><c_117> :: ids=[2544] :: fam=3d_filament :: SainSmart Clear Flexible TPU 3D Printing Filament, 1.75 mm, 0.8 kg, Dimensional Accuracy +/- 0.05 mm
<a_178><b_150><c_186> :: ids=[2714] :: fam=3d_filament :: NinjaFlex TPU 3D Printing Filament - 1.75mm .50kg - SAPPHIRE
<a_178><b_154><c_135> :: ids=[1851] :: fam=3d_filament :: HATCHBOX PLA 3D Printer Filament, Dimensional Accuracy +/- 0.03 mm, 1 kg Spool, 1.75 mm, Yellow
<a_178><b_165><c_148> :: ids=[2507] :: fam=3d_filament :: HATCHBOX PLA 3D Printer Filament, Dimensional Accuracy +/- 0.03 mm, 1 kg Spool, 1.75 mm, Silver
<a_178><b_252><c_162> :: ids=[1847] :: fam=3d_filament :: HATCHBOX PLA 3D Printer Filament, Dimensional Accuracy +/- 0.03 mm, 1 kg Spool, 1.75 mm, White",,,
r693a_miss_top1_history_repeat,,735,3d_filament,3610,Platform Sticker for QIDI TECH I 3D Printer: 5 pcs kit,<a_193><b_133><c_224>,,,l1_routing_miss,1,1,"<a_178><b_150><c_117> :: ids=[2544] :: fam=3d_filament :: SainSmart Clear Flexible TPU 3D Printing Filament, 1.75 mm, 0.8 kg, Dimensional Accuracy +/- 0.05 mm
<a_178><b_150><c_186> :: ids=[2714] :: fam=3d_filament :: NinjaFlex TPU 3D Printing Filament - 1.75mm .50kg - SAPPHIRE
<a_212><b_17><c_91> :: ids=[2926] :: fam=3d_filament :: HICTOP 5 Pieces 3D Printer Extruder Hotend 1.75mm Nozzle Throat for Reprap Prusa I3
<a_178><b_166><c_183> :: ids=[2477] :: fam=3d_filament :: BAMtack! 1.75mm Black PLA 3D Printer Filament - 1kg (2.2 lbs) - Dimensional Accuracy +/- 0.03mm
<a_220><b_17><c_106> :: ids=[3654] :: fam=3d_filament :: 1.75mm Orange PLA 3D Printer Filament - 1kg Spool (2.2 lbs) - Dimensional Accuracy +/- 0.03mm",,,
r693a_miss_top1_history_repeat,,746,3d_filament,2714,NinjaFlex TPU 3D Printing Filament - 1.75mm .50kg - SAPPHIRE,<a_178><b_150><c_186>,15.0,,leaf_or_ranking_miss_after_l2_hit,1,2,"<a_178><b_46><c_65> :: ids=[2333] :: fam=3d_filament :: eSUN 3D Printer CLEANING Filament 1.75mm Natural 0.1kg for all 1.75mm FDM 3D Printers, 1.75mm Cleaning
<a_193><b_104><c_187> :: ids=[2738] :: fam=other :: XTC-3D High Performance 3D Print Coating, 6.4 Oz
<a_178><b_150><c_117> :: ids=[2544] :: fam=3d_filament :: SainSmart Clear Flexible TPU 3D Printing Filament, 1.75 mm, 0.8 kg, Dimensional Accuracy +/- 0.05 mm
<a_178><b_156><c_58> :: ids=[2157] :: fam=3d_filament :: eSUN 3D 1.75mm PETG Blue Filament 1kg (2.2lb), PETG 3D Printer Filament, 1.75mm Semi-Transparent Blue
<a_82><b_180><c_246> :: ids=[3154] :: fam=3d_filament :: TwoUp 3D Printer Kit 7"" x 7"" x 5"" Build Dimensions 50 Micron 1.75mm PLA Filament",,,
r693a_miss_top1_history_repeat,,749,3d_filament,2696,HICTOP 3 Pcs 3D Printer Extruder 0.4mm Brass Nozzle + 3 Pcs Extruder 1.75mm Tube for Reprap Prusa I3,<a_212><b_175><c_196>,,,l1_routing_miss,1,3,"<a_178><b_14><c_6> :: ids=[2909, 3494] :: fam=3d_filament :: 3D Solutech Silver Metal 3D Printer PLA Filament 1.75MM Filament, Dimensional Accuracy +/- 0.03 mm, 2.2 LBS (1.0KG) - PLA175TCMS / 3D Solutech Real Yellow 3D Pr
<a_178><b_150><c_117> :: ids=[2544] :: fam=3d_filament :: SainSmart Clear Flexible TPU 3D Printing Filament, 1.75 mm, 0.8 kg, Dimensional Accuracy +/- 0.05 mm
<a_178><b_14><c_94> :: ids=[3112] :: fam=3d_filament :: 3D Solutech Real Black 3D Printer PLA Filament 1.75MM Filament, Dimensional Accuracy +/- 0.03 mm, 2.2 LBS (1.0KG) - PLA175RBLK
<a_178><b_14><c_107> :: ids=[2161] :: fam=3d_filament :: 3D Solutech Natural Clear 1.75mm 3D Printer PLA Filament, Dimensional Accuracy +/- 0.03 mm, 2.2 LBS (1.0KG)
<a_178><b_14><c_135> :: ids=[2993] :: fam=3d_filament :: 3D Solutech Blue 3D Printer Ultra PLA Filament 1.75MM Filament, Dimensional Accuracy +/- 0.03 mm, 2.2 LBS (1.0KG)",,,
r693a_miss_top1_history_repeat,,751,3d_filament,1888,"3D Solutech Hot Pink 3D Printer PLA Filament 1.75MM Filament, Dimensional Accuracy +/- 0.03 mm, 2.2 LBS (1.0KG)",<a_178><b_14><c_4>,,,leaf_or_ranking_miss_after_l2_hit,1,1,"<a_178><b_165><c_148> :: ids=[2507] :: fam=3d_filament :: HATCHBOX PLA 3D Printer Filament, Dimensional Accuracy +/- 0.03 mm, 1 kg Spool, 1.75 mm, Silver
<a_178><b_14><c_6> :: ids=[2909, 3494] :: fam=3d_filament :: 3D Solutech Silver Metal 3D Printer PLA Filament 1.75MM Filament, Dimensional Accuracy +/- 0.03 mm, 2.2 LBS (1.0KG) - PLA175TCMS / 3D Solutech Real Yellow 3D Pr
<a_178><b_165><c_53> :: ids=[50] :: fam=3d_filament :: HATCHBOX PLA 3D Printer Filament, Dimensional Accuracy +/- 0.03 mm, 1 kg Spool, 1.75 mm, Blue
<a_178><b_165><c_4> :: ids=[1107] :: fam=3d_filament :: HATCHBOX PLA 3D Printer Filament, Dimensional Accuracy +/- 0.03 mm, 1 kg Spool, 1.75 mm, Glow in the Dark
<a_178><b_154><c_135> :: ids=[1851] :: fam=3d_filament :: HATCHBOX PLA 3D Printer Filament, Dimensional Accuracy +/- 0.03 mm, 1 kg Spool, 1.75 mm, Yellow",,,
r693a_miss_top1_history_repeat,,752,3d_filament,1552,"3D Solutech Teal Blue 3D Printer PLA Filament 1.75MM Filament, Dimensional Accuracy +/- 0.03 mm, 2.2 LBS (1.0KG)",<a_178><b_14><c_115>,30.0,,leaf_or_ranking_miss_after_l2_hit,1,1,"<a_178><b_165><c_148> :: ids=[2507] :: fam=3d_filament :: HATCHBOX PLA 3D Printer Filament, Dimensional Accuracy +/- 0.03 mm, 1 kg Spool, 1.75 mm, Silver
<a_178><b_14><c_6> :: ids=[2909, 3494] :: fam=3d_filament :: 3D Solutech Silver Metal 3D Printer PLA Filament 1.75MM Filament, Dimensional Accuracy +/- 0.03 mm, 2.2 LBS (1.0KG) - PLA175TCMS / 3D Solutech Real Yellow 3D Pr
<a_178><b_154><c_135> :: ids=[1851] :: fam=3d_filament :: HATCHBOX PLA 3D Printer Filament, Dimensional Accuracy +/- 0.03 mm, 1 kg Spool, 1.75 mm, Yellow
<a_178><b_150><c_117> :: ids=[2544] :: fam=3d_filament :: SainSmart Clear Flexible TPU 3D Printing Filament, 1.75 mm, 0.8 kg, Dimensional Accuracy +/- 0.05 mm
<a_178><b_14><c_107> :: ids=[2161] :: fam=3d_filament :: 3D Solutech Natural Clear 1.75mm 3D Printer PLA Filament, Dimensional Accuracy +/- 0.03 mm, 2.2 LBS (1.0KG)",,,
r693a_miss_top1_history_repeat,,766,3d_filament,2726,ANYCUBIC 3D Printer Heating Controller MKS MOSFET for Heatbed Extruder MOS Module,<a_212><b_74><c_180>,,,l1_routing_miss,1,3,"<a_115><b_6><c_4> :: ids=[883] :: fam=adhesive_epoxy :: Ancor Marine Grade Electrical Heat Activated Adhesive Lined Shrink Tubing
<a_134><b_146><c_0> :: ids=[216, 217] :: fam=other :: Ancor Tinned Copper Lugs 8 AWG - 4/0 AWG / Ancor Tinned Copper Lugs 8 AWG - 4/0 AWG
<a_115><b_213><c_222> :: ids=[399] :: fam=other :: Anytime Tools 48 pc HEAT SHRINK TUBING WRAP SLEEVES ASSORTED SIZES
<a_115><b_64><c_216> :: ids=[1034] :: fam=connector_fitting :: Forney 54825 Connector, Heat Shrink, 10-12 AWG
<a_32><b_193><c_41> :: ids=[951] :: fam=connector_fitting :: Install Bay RVBC 22/18-Gauge Vinyl Connector, Red (100-Bag)",,,
r693a_miss_top1_history_repeat,,775,3d_filament,2533,Longruner A4988 Stepstick Stepper Motor Driver Module + Heat Sink for 3d Printer Reprap (Pack of 5 Pcs),<a_134><b_236><c_16>,,,l2_routing_miss_after_l1_hit,1,2,"<a_190><b_64><c_29> :: ids=[819] :: fam=3d_filament :: Inkbird ITC-1000 Dual Stage Digital Temperature Controller Fahrenheit  Celsius Thermostat with Sensor for 3D Printer,Freezer,Fridge,Hatching ect (12 Volt)
<a_190><b_64><c_116> :: ids=[1703] :: fam=3d_filament :: Inkbird ITC-1000 Dual Stage Digital Temperature Controller Fahrenheit  Celsius Thermostat with Sensor for 3D Printer,Freezer,Fridge,Hatching ect (110 Volt)
<a_190><b_64><c_108> :: ids=[2383] :: fam=other :: Inkbird All-Purpose Digital Temperature Controller Fahrenheit &Centigrade Thermostat w Sensor 2 Relays ITC-1000
<a_138><b_9><c_137> :: ids=[395] :: fam=other :: Arctic Silver 5 AS5-3.5G Thermal Paste
<a_118><b_59><c_100> :: ids=[281] :: fam=other :: SE TL10 10-Piece Test Lead Set with Alligator Clips",,,
r693a_miss_top1_history_repeat,,776,3d_filament,2161,"3D Solutech Natural Clear 1.75mm 3D Printer PLA Filament, Dimensional Accuracy +/- 0.03 mm, 2.2 LBS (1.0KG)",<a_178><b_14><c_107>,,,l1_routing_miss,1,1,"<a_225><b_221><c_61> :: ids=[1350] :: fam=other :: Bluecell Pack of 9 PCS AA / AAA Battery Storage Hard Case Box
<a_190><b_103><c_0> :: ids=[181, 182] :: fam=gauge_meter :: AcuRite 00613 Humidity Monitor with Indoor Thermometer, Digital Hygrometer and Humidity Gauge Indicator / AcuRite 00613 Humidity Monitor with Indoor Thermometer
<a_225><b_186><c_26> :: ids=[2049] :: fam=other :: 500 qty 3/8"" Inch Steel Shot Slingshot Ammo Balls
<a_81><b_167><c_6> :: ids=[148] :: fam=other :: Plastic Transfer Pipettes 3ml, Graduated, Pack of 100
<a_197><b_173><c_161> :: ids=[84] :: fam=gauge_meter :: Neiko 01409A Electronic Digital Caliper with Extra Large LCD Screen | 0 - 12 Inches | Inch/Fractions/Millimeter Conversion",,,
r693a_miss_top1_history_repeat,,800,3d_filament,3443,Inland 1.75mm Translucent Magenta PETG 3D Printer Filament - 1kg Spool (2.2 Lbs),<a_220><b_114><c_34>,,,l1_routing_miss,1,4,"<a_193><b_228><c_165> :: ids=[2475] :: fam=other :: Gizmo Dorks 3D Print Removal Tool, 5-inch Blade
<a_178><b_14><c_6> :: ids=[2909, 3494] :: fam=3d_filament :: 3D Solutech Silver Metal 3D Printer PLA Filament 1.75MM Filament, Dimensional Accuracy +/- 0.03 mm, 2.2 LBS (1.0KG) - PLA175TCMS / 3D Solutech Real Yellow 3D Pr
<a_178><b_150><c_117> :: ids=[2544] :: fam=3d_filament :: SainSmart Clear Flexible TPU 3D Printing Filament, 1.75 mm, 0.8 kg, Dimensional Accuracy +/- 0.05 mm
<a_178><b_14><c_94> :: ids=[3112] :: fam=3d_filament :: 3D Solutech Real Black 3D Printer PLA Filament 1.75MM Filament, Dimensional Accuracy +/- 0.03 mm, 2.2 LBS (1.0KG) - PLA175RBLK
<a_178><b_150><c_186> :: ids=[2714] :: fam=3d_filament :: NinjaFlex TPU 3D Printing Filament - 1.75mm .50kg - SAPPHIRE",,,
r693a_miss_top1_history_repeat,,808,3d_filament,2993,"3D Solutech Blue 3D Printer Ultra PLA Filament 1.75MM Filament, Dimensional Accuracy +/- 0.03 mm, 2.2 LBS (1.0KG)",<a_178><b_14><c_135>,,,l1_routing_miss,1,1,"<a_197><b_173><c_161> :: ids=[84] :: fam=gauge_meter :: Neiko 01409A Electronic Digital Caliper with Extra Large LCD Screen | 0 - 12 Inches | Inch/Fractions/Millimeter Conversion
<a_197><b_173><c_237> :: ids=[2501] :: fam=gauge_meter :: TruePower 04-0446 Stainless Steel Digital Vernier Caliper with Inch Fractions/Decimal SAE/Metric Unit Display & Conversion, 6
<a_197><b_248><c_161> :: ids=[85] :: fam=other :: TEKTON 7169 0-1-Inch Dial Indicator
<a_151><b_40><c_94> :: ids=[78] :: fam=other :: PSI LCENTLT2 No. 2MT Heavy Duty Live Tailstock Center
<a_80><b_233><c_186> :: ids=[87] :: fam=other :: Wixey WR510 Digital Planer Readout with Fractions",,,
r693a_miss_top1_history_repeat,,820,3d_filament,3435,3D Solutech Real Black 1.75mm Flexible 3D Printer Filament 2.2 LBS (1.0KG),<a_178><b_179><c_94>,,,l2_routing_miss_after_l1_hit,1,3,"<a_178><b_14><c_6> :: ids=[2909, 3494] :: fam=3d_filament :: 3D Solutech Silver Metal 3D Printer PLA Filament 1.75MM Filament, Dimensional Accuracy +/- 0.03 mm, 2.2 LBS (1.0KG) - PLA175TCMS / 3D Solutech Real Yellow 3D Pr
<a_77><b_48><c_99> :: ids=[3613] :: fam=3d_filament :: iXCC Basic Series PLA 3D Printer Filament 1.75mm Diameter (Dimensional Accuracy +/- 0.05mm) - 1kg Spool (Approximately 2.2 lbs) [Red]
<a_178><b_14><c_94> :: ids=[3112] :: fam=3d_filament :: 3D Solutech Real Black 3D Printer PLA Filament 1.75MM Filament, Dimensional Accuracy +/- 0.03 mm, 2.2 LBS (1.0KG) - PLA175RBLK
<a_178><b_14><c_135> :: ids=[2993] :: fam=3d_filament :: 3D Solutech Blue 3D Printer Ultra PLA Filament 1.75MM Filament, Dimensional Accuracy +/- 0.03 mm, 2.2 LBS (1.0KG)
<a_178><b_14><c_107> :: ids=[2161] :: fam=3d_filament :: 3D Solutech Natural Clear 1.75mm 3D Printer PLA Filament, Dimensional Accuracy +/- 0.03 mm, 2.2 LBS (1.0KG)",,,
r693a_miss_top1_history_repeat,,876,3d_filament,562,"HATCHBOX PLA 3D Printer Filament, Dimensional Accuracy +/- 0.03 mm, 1 kg Spool, 1.75 mm, Black",<a_178><b_165><c_16>,,,l1_routing_miss,1,3,"<a_92><b_200><c_192> :: ids=[341] :: fam=other :: Neiko 11108A 4.5&rdquo; x 7/8-Inch Aluminum Oxide Flap Disc, 80 Grit | Flat Type #27 | 10-Pack
<a_8><b_254><c_51> :: ids=[138] :: fam=ventilation_fan :: Fantronics 7mm Android Endoscope OTG Micro USB Endoscope Waterproof Borescopes Inspection Camera with 6 LED and 3.5M Cable
<a_8><b_110><c_16> :: ids=[1308] :: fam=other :: ULLK2 - Ullman Devices Corp Rectangular Inspection Mirror
<a_185><b_2><c_12> :: ids=[123] :: fam=other :: Red Devil 0325 Steel Wool, 2 Medium Course, 8 Pads
<a_8><b_24><c_150> :: ids=[825] :: fam=other :: TEKTON 7608 Telescoping Inspection Mirror",,,
r693a_miss_top1_history_repeat,,880,3d_filament,3112,"3D Solutech Real Black 3D Printer PLA Filament 1.75MM Filament, Dimensional Accuracy +/- 0.03 mm, 2.2 LBS (1.0KG) - PLA175RBLK",<a_178><b_14><c_94>,,,l2_routing_miss_after_l1_hit,1,1,"<a_82><b_114><c_250> :: ids=[2188] :: fam=3d_filament :: Dremel Digilab 3D20 3D Printer, Idea Builder for Brand New Hobbyists and Tinkerers
<a_82><b_114><c_110> :: ids=[2192] :: fam=3d_filament :: Dremel Digilab 3D40 Award Winning 3D Printer, Idea Builder with semi automated leveling, print PLA at 100 micron resolution
<a_178><b_154><c_141> :: ids=[2472] :: fam=3d_filament :: HATCHBOX ABS 3D Printer Filament, Dimensional Accuracy +/- 0.03 mm, 1 kg Spool, 1.75 mm, Black
<a_178><b_143><c_111> :: ids=[3558] :: fam=3d_filament :: Professional Black 1.75mm PLA 3D Printer Filament, 1kg (2.2lb) Filament Weight, 0.05mm Tolerance, by ProMolt 3D
<a_178><b_154><c_24> :: ids=[2582] :: fam=3d_filament :: HATCHBOX ABS 3D Printer Filament, Dimensional Accuracy +/- 0.03 mm, 1 kg Spool, 1.75 mm, Orange",,,
r693a_miss_top1_history_repeat,,914,3d_filament,2152,"HATCHBOX PLA 3D Printer Filament, Dimensional Accuracy +/- 0.03 mm, 1 kg Spool, 1.75 mm, Gold",<a_178><b_165><c_9>,,,l2_routing_miss_after_l1_hit,1,3,"<a_178><b_166><c_183> :: ids=[2477] :: fam=3d_filament :: BAMtack! 1.75mm Black PLA 3D Printer Filament - 1kg (2.2 lbs) - Dimensional Accuracy +/- 0.03mm
<a_212><b_17><c_91> :: ids=[2926] :: fam=3d_filament :: HICTOP 5 Pieces 3D Printer Extruder Hotend 1.75mm Nozzle Throat for Reprap Prusa I3
<a_220><b_114><c_145> :: ids=[2932] :: fam=3d_filament :: Inland 1.75mm Blue PLA 3D Printer Filament - 1kg Spool (2.2 lbs)
<a_193><b_46><c_91> :: ids=[563] :: fam=3d_filament :: Foreasy 3D Printer Tool 3D Print Removal Tool Enhanced Version Set of 2
<a_178><b_150><c_117> :: ids=[2544] :: fam=3d_filament :: SainSmart Clear Flexible TPU 3D Printing Filament, 1.75 mm, 0.8 kg, Dimensional Accuracy +/- 0.05 mm",,,
r693a_miss_top1_history_repeat,,915,3d_filament,2739,1.75mm Black PLA 3D Printer Filament - 1kg Spool (2.2 lbs) - Dimensional Accuracy +/- 0.03mm,<a_220><b_17><c_135>,,,l2_routing_miss_after_l1_hit,1,2,"<a_178><b_166><c_183> :: ids=[2477] :: fam=3d_filament :: BAMtack! 1.75mm Black PLA 3D Printer Filament - 1kg (2.2 lbs) - Dimensional Accuracy +/- 0.03mm
<a_212><b_17><c_91> :: ids=[2926] :: fam=3d_filament :: HICTOP 5 Pieces 3D Printer Extruder Hotend 1.75mm Nozzle Throat for Reprap Prusa I3
<a_178><b_230><c_5> :: ids=[3016] :: fam=3d_filament :: HATCHBOX 3D Printer Filament, Dimensional Accuracy +/- 0.03mm, 1.75 mm, 1 kg Spool, Wood
<a_178><b_252><c_162> :: ids=[1847] :: fam=3d_filament :: HATCHBOX PLA 3D Printer Filament, Dimensional Accuracy +/- 0.03 mm, 1 kg Spool, 1.75 mm, White
<a_178><b_150><c_117> :: ids=[2544] :: fam=3d_filament :: SainSmart Clear Flexible TPU 3D Printing Filament, 1.75 mm, 0.8 kg, Dimensional Accuracy +/- 0.05 mm",,,
r693a_miss_top1_history_repeat,,919,3d_filament,858,AST Labs Test Lead Alligator Clip Heavy Duty to Alligator Clip Heavy Duty 39,<a_63><b_130><c_129>,,,l1_routing_miss,1,1,"<a_206><b_100><c_104> :: ids=[2416] :: fam=gauge_meter :: DE-5000 Handheld LCR Meter with accessories
<a_118><b_59><c_100> :: ids=[281] :: fam=other :: SE TL10 10-Piece Test Lead Set with Alligator Clips
<a_80><b_159><c_31> :: ids=[1657] :: fam=other :: AmScope 25pc Assorted Specimen Collection of Prepared Microscope Slides Glass Slide with Storage Case
<a_134><b_254><c_47> :: ids=[145] :: fam=other :: Marrywindix 6pcs ESD Precision Anti-Static Tweezers, Tweezers Stainless Steel Tweezers with a Bag for Electronics Jewelry-Making Repairing
<a_211><b_154><c_68> :: ids=[513] :: fam=other :: Kimberly-Clark Professional Kimtech Science KimWipes Delicate Task Wipers, 4.4 x 8.4 in. 1-ply",,,
r693a_miss_top1_history_repeat,,941,3d_filament,2679,"eSUN 1.75mm Yellow ABS 3D Printer filament 1kg Spool (2.2lbs), Yellow",<a_178><b_110><c_113>,,,l2_routing_miss_after_l1_hit,1,2,"<a_109><b_17><c_3> :: ids=[1205] :: fam=other :: PEI (Polyetherimide) Sheet, Opaque Off-White, Standard Tolerance, ASTM D5205 PEI0113, 0.03"" Thickness, 12"" Width, 24"" Length
<a_178><b_12><c_24> :: ids=[162] :: fam=3d_filament :: USAFilament 9800429 ABS 3D Printing Filament, 2.2 lb, 1.75 mm, White Spool
<a_31><b_34><c_13> :: ids=[2871] :: fam=tape :: 3M 468MP Adhesive Transfer Tape, 4"" width x 5yd length (1 roll)
<a_178><b_12><c_11> :: ids=[1845] :: fam=3d_filament :: Filament Outlet Blue PLA 1.75mm 3D Printer Filament 1kg (2.2lbs) spool USA
<a_109><b_17><c_59> :: ids=[108] :: fam=other :: Polycarbonate (PC) Sheet, Transparent Clear, Standard Tolerance, ASTM D3935, 0.08"" Thickness, 12"" Width, 24"" Length",,,
r693a_miss_top1_history_repeat,,970,3d_filament,3059,Filabot ABS 3D Printing Smoothing Pen,<a_193><b_58><c_86>,,,l1_routing_miss,1,1,"<a_178><b_165><c_148> :: ids=[2507] :: fam=3d_filament :: HATCHBOX PLA 3D Printer Filament, Dimensional Accuracy +/- 0.03 mm, 1 kg Spool, 1.75 mm, Silver
<a_178><b_150><c_117> :: ids=[2544] :: fam=3d_filament :: SainSmart Clear Flexible TPU 3D Printing Filament, 1.75 mm, 0.8 kg, Dimensional Accuracy +/- 0.05 mm
<a_178><b_154><c_135> :: ids=[1851] :: fam=3d_filament :: HATCHBOX PLA 3D Printer Filament, Dimensional Accuracy +/- 0.03 mm, 1 kg Spool, 1.75 mm, Yellow
<a_178><b_14><c_6> :: ids=[2909, 3494] :: fam=3d_filament :: 3D Solutech Silver Metal 3D Printer PLA Filament 1.75MM Filament, Dimensional Accuracy +/- 0.03 mm, 2.2 LBS (1.0KG) - PLA175TCMS / 3D Solutech Real Yellow 3D Pr
<a_178><b_150><c_186> :: ids=[2714] :: fam=3d_filament :: NinjaFlex TPU 3D Printing Filament - 1.75mm .50kg - SAPPHIRE",,,
r693a_miss_top1_history_repeat,,971,3d_filament,3112,"3D Solutech Real Black 3D Printer PLA Filament 1.75MM Filament, Dimensional Accuracy +/- 0.03 mm, 2.2 LBS (1.0KG) - PLA175RBLK",<a_178><b_14><c_94>,,,l2_routing_miss_after_l1_hit,1,1,"<a_178><b_150><c_117> :: ids=[2544] :: fam=3d_filament :: SainSmart Clear Flexible TPU 3D Printing Filament, 1.75 mm, 0.8 kg, Dimensional Accuracy +/- 0.05 mm
<a_178><b_150><c_186> :: ids=[2714] :: fam=3d_filament :: NinjaFlex TPU 3D Printing Filament - 1.75mm .50kg - SAPPHIRE
<a_178><b_20><c_140> :: ids=[1794] :: fam=3d_filament :: Filabot 910175 Taulman 910 Alloy, 1.75"" Filament Diameter, Natural
<a_193><b_46><c_91> :: ids=[563] :: fam=3d_filament :: Foreasy 3D Printer Tool 3D Print Removal Tool Enhanced Version Set of 2
<a_178><b_230><c_5> :: ids=[3016] :: fam=3d_filament :: HATCHBOX 3D Printer Filament, Dimensional Accuracy +/- 0.03mm, 1.75 mm, 1 kg Spool, Wood",,,
r693a_miss_top1_history_repeat,,973,3d_filament,2912,Inland 1.75mm Black PLA 3D Printer Filament - 1kg Spool (2.2 lbs),<a_220><b_114><c_173>,,,l1_routing_miss,1,2,"<a_178><b_150><c_117> :: ids=[2544] :: fam=3d_filament :: SainSmart Clear Flexible TPU 3D Printing Filament, 1.75 mm, 0.8 kg, Dimensional Accuracy +/- 0.05 mm
<a_178><b_150><c_186> :: ids=[2714] :: fam=3d_filament :: NinjaFlex TPU 3D Printing Filament - 1.75mm .50kg - SAPPHIRE
<a_178><b_14><c_6> :: ids=[2909, 3494] :: fam=3d_filament :: 3D Solutech Silver Metal 3D Printer PLA Filament 1.75MM Filament, Dimensional Accuracy +/- 0.03 mm, 2.2 LBS (1.0KG) - PLA175TCMS / 3D Solutech Real Yellow 3D Pr
<a_178><b_166><c_183> :: ids=[2477] :: fam=3d_filament :: BAMtack! 1.75mm Black PLA 3D Printer Filament - 1kg (2.2 lbs) - Dimensional Accuracy +/- 0.03mm
<a_178><b_20><c_140> :: ids=[1794] :: fam=3d_filament :: Filabot 910175 Taulman 910 Alloy, 1.75"" Filament Diameter, Natural",,,
r693a_miss_top1_history_repeat,,974,3d_filament,2734,Inland 1.75mm White PLA 3D Printer Filament - 1kg Spool (2.2 lbs),<a_220><b_114><c_53>,15.0,,leaf_or_ranking_miss_after_l2_hit,1,1,"<a_178><b_150><c_117> :: ids=[2544] :: fam=3d_filament :: SainSmart Clear Flexible TPU 3D Printing Filament, 1.75 mm, 0.8 kg, Dimensional Accuracy +/- 0.05 mm
<a_178><b_150><c_186> :: ids=[2714] :: fam=3d_filament :: NinjaFlex TPU 3D Printing Filament - 1.75mm .50kg - SAPPHIRE
<a_220><b_114><c_145> :: ids=[2932] :: fam=3d_filament :: Inland 1.75mm Blue PLA 3D Printer Filament - 1kg Spool (2.2 lbs)
<a_178><b_166><c_183> :: ids=[2477] :: fam=3d_filament :: BAMtack! 1.75mm Black PLA 3D Printer Filament - 1kg (2.2 lbs) - Dimensional Accuracy +/- 0.03mm
<a_178><b_230><c_5> :: ids=[3016] :: fam=3d_filament :: HATCHBOX 3D Printer Filament, Dimensional Accuracy +/- 0.03mm, 1.75 mm, 1 kg Spool, Wood",,,
r693a_miss_top1_history_repeat,,975,3d_filament,2979,Inland 1.75mm Gray PLA 3D Printer Filament - 1kg Spool (2.2 lbs),<a_220><b_114><c_224>,37.0,,leaf_or_ranking_miss_after_l2_hit,1,2,"<a_178><b_150><c_117> :: ids=[2544] :: fam=3d_filament :: SainSmart Clear Flexible TPU 3D Printing Filament, 1.75 mm, 0.8 kg, Dimensional Accuracy +/- 0.05 mm
<a_178><b_150><c_186> :: ids=[2714] :: fam=3d_filament :: NinjaFlex TPU 3D Printing Filament - 1.75mm .50kg - SAPPHIRE
<a_220><b_114><c_145> :: ids=[2932] :: fam=3d_filament :: Inland 1.75mm Blue PLA 3D Printer Filament - 1kg Spool (2.2 lbs)
<a_212><b_17><c_91> :: ids=[2926] :: fam=3d_filament :: HICTOP 5 Pieces 3D Printer Extruder Hotend 1.75mm Nozzle Throat for Reprap Prusa I3
<a_178><b_166><c_183> :: ids=[2477] :: fam=3d_filament :: BAMtack! 1.75mm Black PLA 3D Printer Filament - 1kg (2.2 lbs) - Dimensional Accuracy +/- 0.03mm",,,
r693a_miss_top1_history_repeat,,1018,3d_filament,3522,"3D Solutech Real Blue 3D Printer PLA Filament 1.75MM Filament, Dimensional Accuracy +/- 0.03 mm, 2.2 LBS (1.0KG) - ST176BLPLA",<a_178><b_14><c_183>,,,l2_routing_miss_after_l1_hit,1,3,"<a_178><b_166><c_183> :: ids=[2477] :: fam=3d_filament :: BAMtack! 1.75mm Black PLA 3D Printer Filament - 1kg (2.2 lbs) - Dimensional Accuracy +/- 0.03mm
<a_220><b_114><c_145> :: ids=[2932] :: fam=3d_filament :: Inland 1.75mm Blue PLA 3D Printer Filament - 1kg Spool (2.2 lbs)
<a_220><b_114><c_53> :: ids=[2734] :: fam=3d_filament :: Inland 1.75mm White PLA 3D Printer Filament - 1kg Spool (2.2 lbs)
<a_178><b_200><c_161> :: ids=[3521] :: fam=3d_filament :: Cutequeen 3D-PLA-1.75mm-1KG 3D Printer Filament,1.75 mm Diameter,Dimensional Accuracy +/- 0.05mm,1000g Spool,White
<a_220><b_114><c_156> :: ids=[2934] :: fam=3d_filament :: Inland 1.75mm Yellow PLA 3D Printer Filament - 1kg Spool (2.2 lbs)",,,
r693a_miss_top1_history_repeat,,1029,3d_filament,562,"HATCHBOX PLA 3D Printer Filament, Dimensional Accuracy +/- 0.03 mm, 1 kg Spool, 1.75 mm, Black",<a_178><b_165><c_16>,,,leaf_or_ranking_miss_after_l2_hit,1,1,"<a_178><b_252><c_162> :: ids=[1847] :: fam=3d_filament :: HATCHBOX PLA 3D Printer Filament, Dimensional Accuracy +/- 0.03 mm, 1 kg Spool, 1.75 mm, White
<a_178><b_165><c_148> :: ids=[2507] :: fam=3d_filament :: HATCHBOX PLA 3D Printer Filament, Dimensional Accuracy +/- 0.03 mm, 1 kg Spool, 1.75 mm, Silver
<a_178><b_165><c_53> :: ids=[50] :: fam=3d_filament :: HATCHBOX PLA 3D Printer Filament, Dimensional Accuracy +/- 0.03 mm, 1 kg Spool, 1.75 mm, Blue
<a_178><b_150><c_117> :: ids=[2544] :: fam=3d_filament :: SainSmart Clear Flexible TPU 3D Printing Filament, 1.75 mm, 0.8 kg, Dimensional Accuracy +/- 0.05 mm
<a_178><b_154><c_141> :: ids=[2472] :: fam=3d_filament :: HATCHBOX ABS 3D Printer Filament, Dimensional Accuracy +/- 0.03 mm, 1 kg Spool, 1.75 mm, Black",,,
r693a_miss_top1_history_repeat,,1034,3d_filament,3468,"3D Solutech Real Green 3D Printer PLA Filament 1.75MM Filament, Dimensional Accuracy +/- 0.03 mm, 2.2 LBS (1.0KG)",<a_77><b_180><c_59>,18.0,,l1_routing_miss,1,3,"<a_178><b_14><c_6> :: ids=[2909, 3494] :: fam=3d_filament :: 3D Solutech Silver Metal 3D Printer PLA Filament 1.75MM Filament, Dimensional Accuracy +/- 0.03 mm, 2.2 LBS (1.0KG) - PLA175TCMS / 3D Solutech Real Yellow 3D Pr
<a_178><b_14><c_135> :: ids=[2993] :: fam=3d_filament :: 3D Solutech Blue 3D Printer Ultra PLA Filament 1.75MM Filament, Dimensional Accuracy +/- 0.03 mm, 2.2 LBS (1.0KG)
<a_178><b_14><c_107> :: ids=[2161] :: fam=3d_filament :: 3D Solutech Natural Clear 1.75mm 3D Printer PLA Filament, Dimensional Accuracy +/- 0.03 mm, 2.2 LBS (1.0KG)
<a_178><b_14><c_94> :: ids=[3112] :: fam=3d_filament :: 3D Solutech Real Black 3D Printer PLA Filament 1.75MM Filament, Dimensional Accuracy +/- 0.03 mm, 2.2 LBS (1.0KG) - PLA175RBLK
<a_178><b_14><c_26> :: ids=[3442] :: fam=3d_filament :: 3D Solutech Real Purple 3D Printer PLA Filament 1.75MM Filament, Dimensional Accuracy +/- 0.03 mm, 2.2 LBS (1.0KG)",,,
r693a_miss_top1_history_repeat,,1035,3d_filament,2721,"3D Solutech Navy Blue 3D Printer PLA Filament 1.75MM Filament, Dimensional Accuracy +/- 0.03 mm, 2.2 LBS (1.0KG)",<a_77><b_180><c_32>,38.0,,l2_routing_miss_after_l1_hit,1,3,"<a_178><b_14><c_6> :: ids=[2909, 3494] :: fam=3d_filament :: 3D Solutech Silver Metal 3D Printer PLA Filament 1.75MM Filament, Dimensional Accuracy +/- 0.03 mm, 2.2 LBS (1.0KG) - PLA175TCMS / 3D Solutech Real Yellow 3D Pr
<a_77><b_48><c_99> :: ids=[3613] :: fam=3d_filament :: iXCC Basic Series PLA 3D Printer Filament 1.75mm Diameter (Dimensional Accuracy +/- 0.05mm) - 1kg Spool (Approximately 2.2 lbs) [Red]
<a_178><b_14><c_107> :: ids=[2161] :: fam=3d_filament :: 3D Solutech Natural Clear 1.75mm 3D Printer PLA Filament, Dimensional Accuracy +/- 0.03 mm, 2.2 LBS (1.0KG)
<a_178><b_14><c_94> :: ids=[3112] :: fam=3d_filament :: 3D Solutech Real Black 3D Printer PLA Filament 1.75MM Filament, Dimensional Accuracy +/- 0.03 mm, 2.2 LBS (1.0KG) - PLA175RBLK
<a_178><b_14><c_135> :: ids=[2993] :: fam=3d_filament :: 3D Solutech Blue 3D Printer Ultra PLA Filament 1.75MM Filament, Dimensional Accuracy +/- 0.03 mm, 2.2 LBS (1.0KG)",,,
r693a_miss_top1_history_repeat,,1039,3d_filament,2151,Signstek 3D Printer MK2 MK3 Heated Bed Tempered Borosilicate Glass Plate 213x200x3mm,<a_167><b_69><c_233>,,,l1_routing_miss,1,1,"<a_197><b_173><c_161> :: ids=[84] :: fam=gauge_meter :: Neiko 01409A Electronic Digital Caliper with Extra Large LCD Screen | 0 - 12 Inches | Inch/Fractions/Millimeter Conversion
<a_197><b_173><c_237> :: ids=[2501] :: fam=gauge_meter :: TruePower 04-0446 Stainless Steel Digital Vernier Caliper with Inch Fractions/Decimal SAE/Metric Unit Display & Conversion, 6
<a_197><b_248><c_161> :: ids=[85] :: fam=other :: TEKTON 7169 0-1-Inch Dial Indicator
<a_151><b_40><c_94> :: ids=[78] :: fam=other :: PSI LCENTLT2 No. 2MT Heavy Duty Live Tailstock Center
<a_80><b_233><c_186> :: ids=[87] :: fam=other :: Wixey WR510 Digital Planer Readout with Fractions",,,
r693a_miss_top1_history_repeat,,1041,3d_filament,2726,ANYCUBIC 3D Printer Heating Controller MKS MOSFET for Heatbed Extruder MOS Module,<a_212><b_74><c_180>,24.0,,l1_routing_miss,1,2,"<a_167><b_69><c_233> :: ids=[2151] :: fam=3d_filament :: Signstek 3D Printer MK2 MK3 Heated Bed Tempered Borosilicate Glass Plate 213x200x3mm
<a_130><b_181><c_74> :: ids=[665] :: fam=other :: 608 ZZ Skateboard Bearings, Double Shielded, Silver (Pack of 8)
<a_178><b_154><c_50> :: ids=[444] :: fam=3d_filament :: HATCHBOX ABS 3D Printer Filament, Dimensional Accuracy +/- 0.03 mm, 1 kg Spool, 1.75 mm, White
<a_178><b_150><c_186> :: ids=[2714] :: fam=3d_filament :: NinjaFlex TPU 3D Printing Filament - 1.75mm .50kg - SAPPHIRE
<a_178><b_150><c_117> :: ids=[2544] :: fam=3d_filament :: SainSmart Clear Flexible TPU 3D Printing Filament, 1.75 mm, 0.8 kg, Dimensional Accuracy +/- 0.05 mm",,,
r693a_miss_top1_history_repeat,,1045,3d_filament,2752,"Gizmo Dorks 3mm (2.85mm) ABS Filament 1kg / 2.2lb for 3D Printers, Gray",<a_178><b_45><c_234>,,,leaf_or_ranking_miss_after_l2_hit,1,1,"<a_193><b_228><c_165> :: ids=[2475] :: fam=other :: Gizmo Dorks 3D Print Removal Tool, 5-inch Blade
<a_178><b_143><c_111> :: ids=[3558] :: fam=3d_filament :: Professional Black 1.75mm PLA 3D Printer Filament, 1kg (2.2lb) Filament Weight, 0.05mm Tolerance, by ProMolt 3D
<a_82><b_180><c_246> :: ids=[3154] :: fam=3d_filament :: TwoUp 3D Printer Kit 7"" x 7"" x 5"" Build Dimensions 50 Micron 1.75mm PLA Filament
<a_178><b_150><c_117> :: ids=[2544] :: fam=3d_filament :: SainSmart Clear Flexible TPU 3D Printing Filament, 1.75 mm, 0.8 kg, Dimensional Accuracy +/- 0.05 mm
<a_109><b_17><c_3> :: ids=[1205] :: fam=other :: PEI (Polyetherimide) Sheet, Opaque Off-White, Standard Tolerance, ASTM D5205 PEI0113, 0.03"" Thickness, 12"" Width, 24"" Length",,,
r693a_miss_top1_history_repeat,,1071,3d_filament,2477,BAMtack! 1.75mm Black PLA 3D Printer Filament - 1kg (2.2 lbs) - Dimensional Accuracy +/- 0.03mm,<a_178><b_166><c_183>,,,l1_routing_miss,1,3,"<a_162><b_228><c_221> :: ids=[1158] :: fam=gauge_meter :: 6061 Aluminum Round Rod, Unpolished (Mill) Finish, Extruded, T6511 Temper, ASTM B221, 1/2"" Diameter, 24"" Length
<a_162><b_228><c_177> :: ids=[1157] :: fam=gauge_meter :: 6061 Aluminum Round Rod, Unpolished (Mill) Finish, Extruded, T6511 Temper, ASTM B221, 2"" Diameter, 12"" Length
<a_162><b_228><c_133> :: ids=[1156] :: fam=gauge_meter :: 6061 Aluminum Round Rod, Unpolished (Mill) Finish, Extruded, T6511 Temper, ASTM B221, 1-5/8"" Diameter, 24"" Length
<a_243><b_159><c_162> :: ids=[1125] :: fam=gauge_meter :: 304 Stainless Steel Round Rod, Unpolished (Mill) Finish, Annealed, AMS 5639/ASTM A276/AMS QQ-S 763/ASTM A276, 0.625"" Diameter, 60"" Length
<a_81><b_167><c_6> :: ids=[148] :: fam=other :: Plastic Transfer Pipettes 3ml, Graduated, Pack of 100",,,
r693a_miss_top1_history_repeat,,1073,3d_filament,2933,"FlashForge Finder 3D Printers with Cloud, Wi-Fi, USB cable and Flash drive connectivity",<a_152><b_28><c_85>,,,l1_routing_miss,1,1,"<a_134><b_254><c_47> :: ids=[145] :: fam=other :: Marrywindix 6pcs ESD Precision Anti-Static Tweezers, Tweezers Stainless Steel Tweezers with a Bag for Electronics Jewelry-Making Repairing
<a_134><b_254><c_249> :: ids=[1074] :: fam=other :: iFixit Pro ESD Tweezer Set with precision extra fine, blunt, and grooved tips Model: IF145-060-2
<a_197><b_173><c_161> :: ids=[84] :: fam=gauge_meter :: Neiko 01409A Electronic Digital Caliper with Extra Large LCD Screen | 0 - 12 Inches | Inch/Fractions/Millimeter Conversion
<a_126><b_186><c_222> :: ids=[285] :: fam=other :: Z&T Solderless Flexible Breadboard Jumper Wires M/M 100pcs
<a_115><b_56><c_4> :: ids=[392] :: fam=other :: SummitLink Pack of 328 Pcs Assorted Heat Shrink Tube 5 Colors 8 Sizes Tubing Wrap Sleeve Set Combo",,,
r693a_miss_top1_history_repeat,,1104,3d_filament,3465,"eSUN 1.75mm Cool White PLA PRO (PLA+) 3D Printer Filament 1KG Spool (2.2lbs), Cool White",<a_178><b_101><c_36>,,,l2_routing_miss_after_l1_hit,1,2,"<a_178><b_166><c_183> :: ids=[2477] :: fam=3d_filament :: BAMtack! 1.75mm Black PLA 3D Printer Filament - 1kg (2.2 lbs) - Dimensional Accuracy +/- 0.03mm
<a_178><b_165><c_148> :: ids=[2507] :: fam=3d_filament :: HATCHBOX PLA 3D Printer Filament, Dimensional Accuracy +/- 0.03 mm, 1 kg Spool, 1.75 mm, Silver
<a_178><b_14><c_6> :: ids=[2909, 3494] :: fam=3d_filament :: 3D Solutech Silver Metal 3D Printer PLA Filament 1.75MM Filament, Dimensional Accuracy +/- 0.03 mm, 2.2 LBS (1.0KG) - PLA175TCMS / 3D Solutech Real Yellow 3D Pr
<a_178><b_150><c_117> :: ids=[2544] :: fam=3d_filament :: SainSmart Clear Flexible TPU 3D Printing Filament, 1.75 mm, 0.8 kg, Dimensional Accuracy +/- 0.05 mm
<a_178><b_230><c_5> :: ids=[3016] :: fam=3d_filament :: HATCHBOX 3D Printer Filament, Dimensional Accuracy +/- 0.03mm, 1.75 mm, 1 kg Spool, Wood",,,
r693a_miss_top1_history_repeat,,1171,3d_filament,1552,"3D Solutech Teal Blue 3D Printer PLA Filament 1.75MM Filament, Dimensional Accuracy +/- 0.03 mm, 2.2 LBS (1.0KG)",<a_178><b_14><c_115>,11.0,,leaf_or_ranking_miss_after_l2_hit,1,2,"<a_178><b_14><c_6> :: ids=[2909, 3494] :: fam=3d_filament :: 3D Solutech Silver Metal 3D Printer PLA Filament 1.75MM Filament, Dimensional Accuracy +/- 0.03 mm, 2.2 LBS (1.0KG) - PLA175TCMS / 3D Solutech Real Yellow 3D Pr
<a_178><b_14><c_94> :: ids=[3112] :: fam=3d_filament :: 3D Solutech Real Black 3D Printer PLA Filament 1.75MM Filament, Dimensional Accuracy +/- 0.03 mm, 2.2 LBS (1.0KG) - PLA175RBLK
<a_178><b_14><c_107> :: ids=[2161] :: fam=3d_filament :: 3D Solutech Natural Clear 1.75mm 3D Printer PLA Filament, Dimensional Accuracy +/- 0.03 mm, 2.2 LBS (1.0KG)
<a_178><b_14><c_135> :: ids=[2993] :: fam=3d_filament :: 3D Solutech Blue 3D Printer Ultra PLA Filament 1.75MM Filament, Dimensional Accuracy +/- 0.03 mm, 2.2 LBS (1.0KG)
<a_178><b_14><c_75> :: ids=[2697] :: fam=3d_filament :: 3D Solutech Real White 3D Printer PLA Filament 1.75MM Filament, Dimensional Accuracy +/- 0.03 mm, 2.2 LBS (1.0KG)",,,
r693a_miss_top1_history_repeat,,1206,3d_filament,3049,Stronghero3d 1.75mm PLA 3D Printer Filament Metal GREY- 1kg Spool (2.2 lbs) - Dimensional Accuracy +/- 0.03mm,<a_178><b_200><c_16>,,,l2_routing_miss_after_l1_hit,1,1,"<a_178><b_255><c_168> :: ids=[2748] :: fam=3d_filament :: HATCHBOX PETG 3D Printer Filament, Dimensional Accuracy +/- 0.03 mm, 1 kg Spool, 1.75 mm, Green
<a_178><b_150><c_117> :: ids=[2544] :: fam=3d_filament :: SainSmart Clear Flexible TPU 3D Printing Filament, 1.75 mm, 0.8 kg, Dimensional Accuracy +/- 0.05 mm
<a_178><b_255><c_19> :: ids=[3405] :: fam=3d_filament :: HATCHBOX PETG 3D Printer Filament, Dimensional Accuracy +/- 0.03 mm, 1 kg Spool, 1.75 mm, Black
<a_212><b_17><c_91> :: ids=[2926] :: fam=3d_filament :: HICTOP 5 Pieces 3D Printer Extruder Hotend 1.75mm Nozzle Throat for Reprap Prusa I3
<a_178><b_255><c_116> :: ids=[2747] :: fam=3d_filament :: HATCHBOX PETG 3D Printer Filament, Dimensional Accuracy +/- 0.03 mm, 1 kg Spool, 1.75 mm, Sliver",,,
r693a_miss_top1_history_repeat,,1211,3d_filament,562,"HATCHBOX PLA 3D Printer Filament, Dimensional Accuracy +/- 0.03 mm, 1 kg Spool, 1.75 mm, Black",<a_178><b_165><c_16>,,,l1_routing_miss,1,2,"<a_197><b_173><c_161> :: ids=[84] :: fam=gauge_meter :: Neiko 01409A Electronic Digital Caliper with Extra Large LCD Screen | 0 - 12 Inches | Inch/Fractions/Millimeter Conversion
<a_190><b_103><c_0> :: ids=[181, 182] :: fam=gauge_meter :: AcuRite 00613 Humidity Monitor with Indoor Thermometer, Digital Hygrometer and Humidity Gauge Indicator / AcuRite 00613 Humidity Monitor with Indoor Thermometer
<a_197><b_14><c_131> :: ids=[1368] :: fam=gauge_meter :: Oshlun MTDC-06 6-Inch Stainless Steel Decimal Dial Caliper
<a_151><b_40><c_94> :: ids=[78] :: fam=other :: PSI LCENTLT2 No. 2MT Heavy Duty Live Tailstock Center
<a_209><b_14><c_27> :: ids=[3303] :: fam=other :: 5 Pcs 50mm x 50mm Right Angle Stainless Steel Corner Bracket",,,
r693a_miss_top1_history_repeat,,1226,3d_filament,3405,"HATCHBOX PETG 3D Printer Filament, Dimensional Accuracy +/- 0.03 mm, 1 kg Spool, 1.75 mm, Black",<a_178><b_255><c_19>,,,l2_routing_miss_after_l1_hit,1,3,"<a_178><b_150><c_117> :: ids=[2544] :: fam=3d_filament :: SainSmart Clear Flexible TPU 3D Printing Filament, 1.75 mm, 0.8 kg, Dimensional Accuracy +/- 0.05 mm
<a_178><b_150><c_186> :: ids=[2714] :: fam=3d_filament :: NinjaFlex TPU 3D Printing Filament - 1.75mm .50kg - SAPPHIRE
<a_178><b_165><c_148> :: ids=[2507] :: fam=3d_filament :: HATCHBOX PLA 3D Printer Filament, Dimensional Accuracy +/- 0.03 mm, 1 kg Spool, 1.75 mm, Silver
<a_178><b_165><c_53> :: ids=[50] :: fam=3d_filament :: HATCHBOX PLA 3D Printer Filament, Dimensional Accuracy +/- 0.03 mm, 1 kg Spool, 1.75 mm, Blue
<a_178><b_154><c_141> :: ids=[2472] :: fam=3d_filament :: HATCHBOX ABS 3D Printer Filament, Dimensional Accuracy +/- 0.03 mm, 1 kg Spool, 1.75 mm, Black",,,
r693a_miss_top1_history_repeat,,1341,3d_filament,2909,"3D Solutech Silver Metal 3D Printer PLA Filament 1.75MM Filament, Dimensional Accuracy +/- 0.03 mm, 2.2 LBS (1.0KG) - PLA175TCMS",<a_178><b_14><c_6>,,,l1_routing_miss,1,2,"<a_148><b_162><c_3> :: ids=[385] :: fam=other :: Eclectic Supply B36-24 Cobalt Glass Bottles with Glass Eye Dropper, 1 oz Capacity, Blue (Pack of 24)
<a_93><b_83><c_8> :: ids=[2410] :: fam=other :: Heathrow Scientific HD15909 Spatula with Flat End and Spoon End, 9"" Overall Length
<a_211><b_154><c_68> :: ids=[513] :: fam=other :: Kimberly-Clark Professional Kimtech Science KimWipes Delicate Task Wipers, 4.4 x 8.4 in. 1-ply
<a_190><b_103><c_0> :: ids=[181, 182] :: fam=gauge_meter :: AcuRite 00613 Humidity Monitor with Indoor Thermometer, Digital Hygrometer and Humidity Gauge Indicator / AcuRite 00613 Humidity Monitor with Indoor Thermometer
<a_159><b_181><c_184> :: ids=[240] :: fam=other :: Plant Therapy 2 ml (5/8 dram) Amber Glass Essential Oil Bottle with Orifice Reducer and cap- 12 pack",,,
r693a_miss_top1_history_repeat,,1344,3d_filament,162,"USAFilament 9800429 ABS 3D Printing Filament, 2.2 lb, 1.75 mm, White Spool",<a_178><b_12><c_24>,,,l2_routing_miss_after_l1_hit,1,1,"<a_178><b_14><c_6> :: ids=[2909, 3494] :: fam=3d_filament :: 3D Solutech Silver Metal 3D Printer PLA Filament 1.75MM Filament, Dimensional Accuracy +/- 0.03 mm, 2.2 LBS (1.0KG) - PLA175TCMS / 3D Solutech Real Yellow 3D Pr
<a_109><b_17><c_3> :: ids=[1205] :: fam=other :: PEI (Polyetherimide) Sheet, Opaque Off-White, Standard Tolerance, ASTM D5205 PEI0113, 0.03"" Thickness, 12"" Width, 24"" Length
<a_178><b_14><c_107> :: ids=[2161] :: fam=3d_filament :: 3D Solutech Natural Clear 1.75mm 3D Printer PLA Filament, Dimensional Accuracy +/- 0.03 mm, 2.2 LBS (1.0KG)
<a_178><b_14><c_94> :: ids=[3112] :: fam=3d_filament :: 3D Solutech Real Black 3D Printer PLA Filament 1.75MM Filament, Dimensional Accuracy +/- 0.03 mm, 2.2 LBS (1.0KG) - PLA175RBLK
<a_178><b_14><c_75> :: ids=[2697] :: fam=3d_filament :: 3D Solutech Real White 3D Printer PLA Filament 1.75MM Filament, Dimensional Accuracy +/- 0.03 mm, 2.2 LBS (1.0KG)",,,
r693a_miss_top1_history_repeat,,1345,3d_filament,2742,1.75mm Dark Blue PLA 3D Printer Filament - 1kg Spool (2.2 lbs) - Dimensional Accuracy +/- 0.03mm,<a_220><b_17><c_71>,,,l1_routing_miss,1,2,"<a_178><b_12><c_24> :: ids=[162] :: fam=3d_filament :: USAFilament 9800429 ABS 3D Printing Filament, 2.2 lb, 1.75 mm, White Spool
<a_109><b_17><c_3> :: ids=[1205] :: fam=other :: PEI (Polyetherimide) Sheet, Opaque Off-White, Standard Tolerance, ASTM D5205 PEI0113, 0.03"" Thickness, 12"" Width, 24"" Length
<a_178><b_14><c_6> :: ids=[2909, 3494] :: fam=3d_filament :: 3D Solutech Silver Metal 3D Printer PLA Filament 1.75MM Filament, Dimensional Accuracy +/- 0.03 mm, 2.2 LBS (1.0KG) - PLA175TCMS / 3D Solutech Real Yellow 3D Pr
<a_178><b_150><c_117> :: ids=[2544] :: fam=3d_filament :: SainSmart Clear Flexible TPU 3D Printing Filament, 1.75 mm, 0.8 kg, Dimensional Accuracy +/- 0.05 mm
<a_178><b_150><c_186> :: ids=[2714] :: fam=3d_filament :: NinjaFlex TPU 3D Printing Filament - 1.75mm .50kg - SAPPHIRE",,,
r693a_miss_top1_history_repeat,,1346,3d_filament,2911,V6 3D Printer J-head Hotend with Single Cooling Fan for 1.75mm/3.0mm Direct Filament Wade Extruder 0.3mm/0.4mm/0.5mm Nozzle,<a_220><b_233><c_135>,,,l1_routing_miss,1,2,"<a_178><b_12><c_24> :: ids=[162] :: fam=3d_filament :: USAFilament 9800429 ABS 3D Printing Filament, 2.2 lb, 1.75 mm, White Spool
<a_178><b_150><c_117> :: ids=[2544] :: fam=3d_filament :: SainSmart Clear Flexible TPU 3D Printing Filament, 1.75 mm, 0.8 kg, Dimensional Accuracy +/- 0.05 mm
<a_178><b_14><c_6> :: ids=[2909, 3494] :: fam=3d_filament :: 3D Solutech Silver Metal 3D Printer PLA Filament 1.75MM Filament, Dimensional Accuracy +/- 0.03 mm, 2.2 LBS (1.0KG) - PLA175TCMS / 3D Solutech Real Yellow 3D Pr
<a_178><b_150><c_186> :: ids=[2714] :: fam=3d_filament :: NinjaFlex TPU 3D Printing Filament - 1.75mm .50kg - SAPPHIRE
<a_178><b_165><c_148> :: ids=[2507] :: fam=3d_filament :: HATCHBOX PLA 3D Printer Filament, Dimensional Accuracy +/- 0.03 mm, 1 kg Spool, 1.75 mm, Silver",,,
r693a_miss_top1_history_repeat,,1354,3d_filament,562,"HATCHBOX PLA 3D Printer Filament, Dimensional Accuracy +/- 0.03 mm, 1 kg Spool, 1.75 mm, Black",<a_178><b_165><c_16>,,,l1_routing_miss,1,2,"<a_180><b_177><c_10> :: ids=[2761] :: fam=adhesive_epoxy :: Two Little Fishies ATLCF2 Coraffix Cyanoacrylate Adhesive, 2-Ounce
<a_162><b_6><c_3> :: ids=[1358] :: fam=other :: RMP .249 3003 H14 Aluminum Sheet, 12"" x 12
<a_109><b_17><c_3> :: ids=[1205] :: fam=other :: PEI (Polyetherimide) Sheet, Opaque Off-White, Standard Tolerance, ASTM D5205 PEI0113, 0.03"" Thickness, 12"" Width, 24"" Length
<a_162><b_6><c_7> :: ids=[1305] :: fam=other :: RMP .125 3003 H14 Aluminum Sheet 12"" x 12
<a_197><b_173><c_161> :: ids=[84] :: fam=gauge_meter :: Neiko 01409A Electronic Digital Caliper with Extra Large LCD Screen | 0 - 12 Inches | Inch/Fractions/Millimeter Conversion",,,
r693a_miss_top1_history_repeat,,1377,3d_filament,3443,Inland 1.75mm Translucent Magenta PETG 3D Printer Filament - 1kg Spool (2.2 Lbs),<a_220><b_114><c_34>,16.0,,leaf_or_ranking_miss_after_l2_hit,1,4,"<a_220><b_114><c_145> :: ids=[2932] :: fam=3d_filament :: Inland 1.75mm Blue PLA 3D Printer Filament - 1kg Spool (2.2 lbs)
<a_220><b_114><c_156> :: ids=[2934] :: fam=3d_filament :: Inland 1.75mm Yellow PLA 3D Printer Filament - 1kg Spool (2.2 lbs)
<a_220><b_114><c_53> :: ids=[2734] :: fam=3d_filament :: Inland 1.75mm White PLA 3D Printer Filament - 1kg Spool (2.2 lbs)
<a_220><b_114><c_224> :: ids=[2979] :: fam=3d_filament :: Inland 1.75mm Gray PLA 3D Printer Filament - 1kg Spool (2.2 lbs)
<a_220><b_114><c_221> :: ids=[2485] :: fam=3d_filament :: Inland 1.75mm Gold PLA 3D Printer Filament - 1kg Spool (2.2 lbs)",,,
r693a_miss_top1_history_repeat,,1404,3d_filament,3216,"3D Printer Head(6PCS),6PCS 3D Printer 0.4mm Extruder Brass Nozzle Print Head for MK8 1.75mm ABS PLA Printer(0.4mm)",<a_212><b_69><c_91>,,,l1_routing_miss,1,1,"<a_178><b_154><c_141> :: ids=[2472] :: fam=3d_filament :: HATCHBOX ABS 3D Printer Filament, Dimensional Accuracy +/- 0.03 mm, 1 kg Spool, 1.75 mm, Black
<a_178><b_154><c_50> :: ids=[444] :: fam=3d_filament :: HATCHBOX ABS 3D Printer Filament, Dimensional Accuracy +/- 0.03 mm, 1 kg Spool, 1.75 mm, White
<a_178><b_154><c_1> :: ids=[2419] :: fam=3d_filament :: HATCHBOX 3D ABS-1KG1.75-BLU ABS 3D Printer Filament, Dimensional Accuracy +/- 0.03 mm, 1 kg Spool, 1.75 mm, Blue
<a_178><b_154><c_24> :: ids=[2582] :: fam=3d_filament :: HATCHBOX ABS 3D Printer Filament, Dimensional Accuracy +/- 0.03 mm, 1 kg Spool, 1.75 mm, Orange
<a_178><b_154><c_42> :: ids=[2604] :: fam=3d_filament :: HATCHBOX ABS 3D Printer Filament, Dimensional Accuracy +/- 0.03 mm, 1 kg Spool, 1.75 mm, Transparent Green",,,
r693a_miss_top1_history_repeat,,1407,3d_filament,2771,HATCHBOX 2 Spool 3D Printer Filament Tabletop Wall Mount Rack,<a_212><b_30><c_43>,40.0,,l1_routing_miss,1,4,"<a_178><b_14><c_6> :: ids=[2909, 3494] :: fam=3d_filament :: 3D Solutech Silver Metal 3D Printer PLA Filament 1.75MM Filament, Dimensional Accuracy +/- 0.03 mm, 2.2 LBS (1.0KG) - PLA175TCMS / 3D Solutech Real Yellow 3D Pr
<a_178><b_14><c_135> :: ids=[2993] :: fam=3d_filament :: 3D Solutech Blue 3D Printer Ultra PLA Filament 1.75MM Filament, Dimensional Accuracy +/- 0.03 mm, 2.2 LBS (1.0KG)
<a_178><b_14><c_107> :: ids=[2161] :: fam=3d_filament :: 3D Solutech Natural Clear 1.75mm 3D Printer PLA Filament, Dimensional Accuracy +/- 0.03 mm, 2.2 LBS (1.0KG)
<a_178><b_14><c_94> :: ids=[3112] :: fam=3d_filament :: 3D Solutech Real Black 3D Printer PLA Filament 1.75MM Filament, Dimensional Accuracy +/- 0.03 mm, 2.2 LBS (1.0KG) - PLA175RBLK
<a_178><b_14><c_150> :: ids=[3466] :: fam=3d_filament :: 3D Solutech Real Red 3D Printer PLA Filament 1.75MM, Dimensional Accuracy +/- 0.03 mm, 2.2 LBS (1.0KG) - RA-I00I-DQUY",,,
