case_type,idx,family,item_id,target_title,original_rank,r693_rank,r693_failure_type,r693_top1_history_repeat,r693_top10_history_repeat_count,original_top5,r693_top5
r693_lost_vs_original_at10,124,3d_filament,2739,1.75mm Black PLA 3D Printer Filament - 1kg Spool (2.2 lbs) - Dimensional Accuracy +/- 0.03mm,8.0,,L2_miss_after_L1_hit,1,1,"<a_158><b_72><c_88> :: ids=[2979] :: fam=3d_filament :: Inland 1.75mm Gray PLA 3D Printer Filament - 1kg Spool (2.2 lbs)
<a_158><b_72><c_76> :: ids=[3546] :: fam=3d_filament :: Inland 1.75mm Orange PLA 3D Printer Filament - 1kg Spool (2.2 lbs)
<a_158><b_72><c_6> :: ids=[2485] :: fam=3d_filament :: Inland 1.75mm Gold PLA 3D Printer Filament - 1kg Spool (2.2 lbs)
<a_158><b_72><c_70> :: ids=[2934] :: fam=3d_filament :: Inland 1.75mm Yellow PLA 3D Printer Filament - 1kg Spool (2.2 lbs)
<a_158><b_245><c_180> :: ids=[1206] :: fam=3d_filament :: eSUN 1.75mm Black PLA PRO (PLA+) 3D Printer Filament 1KG Spool (2.2lbs), Black","<a_220><b_114><c_145> :: ids=[2932] :: fam=3d_filament :: Inland 1.75mm Blue PLA 3D Printer Filament - 1kg Spool (2.2 lbs)
<a_220><b_114><c_156> :: ids=[2934] :: fam=3d_filament :: Inland 1.75mm Yellow PLA 3D Printer Filament - 1kg Spool (2.2 lbs)
<a_212><b_17><c_91> :: ids=[2926] :: fam=3d_filament :: HICTOP 5 Pieces 3D Printer Extruder Hotend 1.75mm Nozzle Throat for Reprap Prusa I3
<a_220><b_114><c_53> :: ids=[2734] :: fam=3d_filament :: Inland 1.75mm White PLA 3D Printer Filament - 1kg Spool (2.2 lbs)
<a_178><b_150><c_117> :: ids=[2544] :: fam=3d_filament :: SainSmart Clear Flexible TPU 3D Printing Filament, 1.75 mm, 0.8 kg, Dimensional Accuracy +/- 0.05 mm"
r693_lost_vs_original_at10,220,3d_filament,3112,"3D Solutech Real Black 3D Printer PLA Filament 1.75MM Filament, Dimensional Accuracy +/- 0.03 mm, 2.2 LBS (1.0KG) - PLA175RBLK",2.0,36.0,leaf_or_rank_miss_after_L2_hit,1,2,"<a_223><b_160><c_251> :: ids=[2477] :: fam=3d_filament :: BAMtack! 1.75mm Black PLA 3D Printer Filament - 1kg (2.2 lbs) - Dimensional Accuracy +/- 0.03mm
<a_223><b_80><c_3> :: ids=[3112, 3493] :: fam=3d_filament :: 3D Solutech Real Black 3D Printer PLA Filament 1.75MM Filament, Dimensional Accuracy +/- 0.03 mm, 2.2 LBS (1.0KG) - PLA175RBLK / 3D Solutech Printer Filament, Real Blue PLA, 1.75MM
<a_223><b_80><c_0> :: ids=[2659, 3557, 3631] :: fam=3d_filament :: 3D Solutech Apple Green 3D Printer PLA Filament 1.75MM Filament, Dimensional Accuracy +/- 0.03 mm, 2.2 LBS (1.0KG) / 3D Solutech Chocolate Brown 3D Printer PLA Filament 1.75MM Fila
<a_223><b_80><c_84> :: ids=[2909] :: fam=3d_filament :: 3D Solutech Silver Metal 3D Printer PLA Filament 1.75MM Filament, Dimensional Accuracy +/- 0.03 mm, 2.2 LBS (1.0KG) - PLA175TCMS
<a_223><b_198><c_6> :: ids=[2472] :: fam=3d_filament :: HATCHBOX ABS 3D Printer Filament, Dimensional Accuracy +/- 0.03 mm, 1 kg Spool, 1.75 mm, Black","<a_178><b_166><c_183> :: ids=[2477] :: fam=3d_filament :: BAMtack! 1.75mm Black PLA 3D Printer Filament - 1kg (2.2 lbs) - Dimensional Accuracy +/- 0.03mm
<a_178><b_165><c_148> :: ids=[2507] :: fam=3d_filament :: HATCHBOX PLA 3D Printer Filament, Dimensional Accuracy +/- 0.03 mm, 1 kg Spool, 1.75 mm, Silver
<a_178><b_165><c_53> :: ids=[50] :: fam=3d_filament :: HATCHBOX PLA 3D Printer Filament, Dimensional Accuracy +/- 0.03 mm, 1 kg Spool, 1.75 mm, Blue
<a_178><b_150><c_117> :: ids=[2544] :: fam=3d_filament :: SainSmart Clear Flexible TPU 3D Printing Filament, 1.75 mm, 0.8 kg, Dimensional Accuracy +/- 0.05 mm
<a_178><b_165><c_4> :: ids=[1107] :: fam=3d_filament :: HATCHBOX PLA 3D Printer Filament, Dimensional Accuracy +/- 0.03 mm, 1 kg Spool, 1.75 mm, Glow in the Dark"
r693_lost_vs_original_at10,634,3d_filament,2204,"Proto-pasta CFP11705 The Original Carbon Fiber Spool , PLA 1.75 mm, 500 g , Black",9.0,,L2_miss_after_L1_hit,1,1,"<a_223><b_86><c_176> :: ids=[2544] :: fam=3d_filament :: SainSmart Clear Flexible TPU 3D Printing Filament, 1.75 mm, 0.8 kg, Dimensional Accuracy +/- 0.05 mm
<a_223><b_160><c_251> :: ids=[2477] :: fam=3d_filament :: BAMtack! 1.75mm Black PLA 3D Printer Filament - 1kg (2.2 lbs) - Dimensional Accuracy +/- 0.03mm
<a_91><b_105><c_64> :: ids=[2926] :: fam=3d_filament :: HICTOP 5 Pieces 3D Printer Extruder Hotend 1.75mm Nozzle Throat for Reprap Prusa I3
<a_223><b_89><c_224> :: ids=[3165] :: fam=3d_filament :: SainSmart 1.75mm PLA Filament 1kg/2.2lb for 3D Printers Reprap, MakerBot (Fluorescein Green)
<a_223><b_172><c_97> :: ids=[3558] :: fam=3d_filament :: Professional Black 1.75mm PLA 3D Printer Filament, 1kg (2.2lb) Filament Weight, 0.05mm Tolerance, by ProMolt 3D","<a_178><b_150><c_117> :: ids=[2544] :: fam=3d_filament :: SainSmart Clear Flexible TPU 3D Printing Filament, 1.75 mm, 0.8 kg, Dimensional Accuracy +/- 0.05 mm
<a_178><b_150><c_186> :: ids=[2714] :: fam=3d_filament :: NinjaFlex TPU 3D Printing Filament - 1.75mm .50kg - SAPPHIRE
<a_178><b_154><c_135> :: ids=[1851] :: fam=3d_filament :: HATCHBOX PLA 3D Printer Filament, Dimensional Accuracy +/- 0.03 mm, 1 kg Spool, 1.75 mm, Yellow
<a_178><b_165><c_148> :: ids=[2507] :: fam=3d_filament :: HATCHBOX PLA 3D Printer Filament, Dimensional Accuracy +/- 0.03 mm, 1 kg Spool, 1.75 mm, Silver
<a_178><b_252><c_162> :: ids=[1847] :: fam=3d_filament :: HATCHBOX PLA 3D Printer Filament, Dimensional Accuracy +/- 0.03 mm, 1 kg Spool, 1.75 mm, White"
r693_lost_vs_original_at10,974,3d_filament,2734,Inland 1.75mm White PLA 3D Printer Filament - 1kg Spool (2.2 lbs),9.0,15.0,leaf_or_rank_miss_after_L2_hit,1,1,"<a_158><b_72><c_88> :: ids=[2979] :: fam=3d_filament :: Inland 1.75mm Gray PLA 3D Printer Filament - 1kg Spool (2.2 lbs)
<a_223><b_160><c_251> :: ids=[2477] :: fam=3d_filament :: BAMtack! 1.75mm Black PLA 3D Printer Filament - 1kg (2.2 lbs) - Dimensional Accuracy +/- 0.03mm
<a_223><b_72><c_76> :: ids=[3670] :: fam=3d_filament :: HATCHBOX PETG 3D Printer Filament, Dimensional Accuracy +/- 0.03 mm, 1 kg Spool, 1.75 mm, Red
<a_223><b_86><c_176> :: ids=[2544] :: fam=3d_filament :: SainSmart Clear Flexible TPU 3D Printing Filament, 1.75 mm, 0.8 kg, Dimensional Accuracy +/- 0.05 mm
<a_158><b_72><c_191> :: ids=[1553] :: fam=3d_filament :: Inland 1.75mm Red PLA 3D Printer Filament - 1kg Spool (2.2 lbs)","<a_178><b_150><c_117> :: ids=[2544] :: fam=3d_filament :: SainSmart Clear Flexible TPU 3D Printing Filament, 1.75 mm, 0.8 kg, Dimensional Accuracy +/- 0.05 mm
<a_178><b_150><c_186> :: ids=[2714] :: fam=3d_filament :: NinjaFlex TPU 3D Printing Filament - 1.75mm .50kg - SAPPHIRE
<a_220><b_114><c_145> :: ids=[2932] :: fam=3d_filament :: Inland 1.75mm Blue PLA 3D Printer Filament - 1kg Spool (2.2 lbs)
<a_178><b_166><c_183> :: ids=[2477] :: fam=3d_filament :: BAMtack! 1.75mm Black PLA 3D Printer Filament - 1kg (2.2 lbs) - Dimensional Accuracy +/- 0.03mm
<a_178><b_230><c_5> :: ids=[3016] :: fam=3d_filament :: HATCHBOX 3D Printer Filament, Dimensional Accuracy +/- 0.03mm, 1.75 mm, 1 kg Spool, Wood"
r693_lost_vs_original_at10,975,3d_filament,2979,Inland 1.75mm Gray PLA 3D Printer Filament - 1kg Spool (2.2 lbs),1.0,37.0,leaf_or_rank_miss_after_L2_hit,1,2,"<a_158><b_72><c_88> :: ids=[2979] :: fam=3d_filament :: Inland 1.75mm Gray PLA 3D Printer Filament - 1kg Spool (2.2 lbs)
<a_158><b_72><c_232> :: ids=[2734] :: fam=3d_filament :: Inland 1.75mm White PLA 3D Printer Filament - 1kg Spool (2.2 lbs)
<a_158><b_72><c_76> :: ids=[3546] :: fam=3d_filament :: Inland 1.75mm Orange PLA 3D Printer Filament - 1kg Spool (2.2 lbs)
<a_158><b_72><c_219> :: ids=[2932] :: fam=3d_filament :: Inland 1.75mm Blue PLA 3D Printer Filament - 1kg Spool (2.2 lbs)
<a_223><b_72><c_76> :: ids=[3670] :: fam=3d_filament :: HATCHBOX PETG 3D Printer Filament, Dimensional Accuracy +/- 0.03 mm, 1 kg Spool, 1.75 mm, Red","<a_178><b_150><c_117> :: ids=[2544] :: fam=3d_filament :: SainSmart Clear Flexible TPU 3D Printing Filament, 1.75 mm, 0.8 kg, Dimensional Accuracy +/- 0.05 mm
<a_178><b_150><c_186> :: ids=[2714] :: fam=3d_filament :: NinjaFlex TPU 3D Printing Filament - 1.75mm .50kg - SAPPHIRE
<a_220><b_114><c_145> :: ids=[2932] :: fam=3d_filament :: Inland 1.75mm Blue PLA 3D Printer Filament - 1kg Spool (2.2 lbs)
<a_212><b_17><c_91> :: ids=[2926] :: fam=3d_filament :: HICTOP 5 Pieces 3D Printer Extruder Hotend 1.75mm Nozzle Throat for Reprap Prusa I3
<a_178><b_166><c_183> :: ids=[2477] :: fam=3d_filament :: BAMtack! 1.75mm Black PLA 3D Printer Filament - 1kg (2.2 lbs) - Dimensional Accuracy +/- 0.03mm"
r693_lost_vs_original_at10,1035,3d_filament,2721,"3D Solutech Navy Blue 3D Printer PLA Filament 1.75MM Filament, Dimensional Accuracy +/- 0.03 mm, 2.2 LBS (1.0KG)",3.0,38.0,L2_miss_after_L1_hit,1,3,"<a_223><b_246><c_0> :: ids=[3468] :: fam=3d_filament :: 3D Solutech Real Green 3D Printer PLA Filament 1.75MM Filament, Dimensional Accuracy +/- 0.03 mm, 2.2 LBS (1.0KG)
<a_223><b_80><c_0> :: ids=[2659, 3557, 3631] :: fam=3d_filament :: 3D Solutech Apple Green 3D Printer PLA Filament 1.75MM Filament, Dimensional Accuracy +/- 0.03 mm, 2.2 LBS (1.0KG) / 3D Solutech Chocolate Brown 3D Printer PLA Filament 1.75MM Fila
<a_223><b_246><c_2> :: ids=[2721] :: fam=3d_filament :: 3D Solutech Navy Blue 3D Printer PLA Filament 1.75MM Filament, Dimensional Accuracy +/- 0.03 mm, 2.2 LBS (1.0KG)
<a_223><b_80><c_101> :: ids=[3494] :: fam=3d_filament :: 3D Solutech Real Yellow 3D Printer PLA Filament 1.75MM Filament, Dimensional Accuracy +/- 0.03 mm, 2.2 LBS (1.0KG)
<a_223><b_80><c_3> :: ids=[3112, 3493] :: fam=3d_filament :: 3D Solutech Real Black 3D Printer PLA Filament 1.75MM Filament, Dimensional Accuracy +/- 0.03 mm, 2.2 LBS (1.0KG) - PLA175RBLK / 3D Solutech Printer Filament, Real Blue PLA, 1.75MM","<a_178><b_14><c_6> :: ids=[2909, 3494] :: fam=3d_filament :: 3D Solutech Silver Metal 3D Printer PLA Filament 1.75MM Filament, Dimensional Accuracy +/- 0.03 mm, 2.2 LBS (1.0KG) - PLA175TCMS / 3D Solutech Real Yellow 3D Printer PLA Filament 1
<a_77><b_48><c_99> :: ids=[3613] :: fam=3d_filament :: iXCC Basic Series PLA 3D Printer Filament 1.75mm Diameter (Dimensional Accuracy +/- 0.05mm) - 1kg Spool (Approximately 2.2 lbs) [Red]
<a_178><b_14><c_107> :: ids=[2161] :: fam=3d_filament :: 3D Solutech Natural Clear 1.75mm 3D Printer PLA Filament, Dimensional Accuracy +/- 0.03 mm, 2.2 LBS (1.0KG)
<a_178><b_14><c_94> :: ids=[3112] :: fam=3d_filament :: 3D Solutech Real Black 3D Printer PLA Filament 1.75MM Filament, Dimensional Accuracy +/- 0.03 mm, 2.2 LBS (1.0KG) - PLA175RBLK
<a_178><b_14><c_135> :: ids=[2993] :: fam=3d_filament :: 3D Solutech Blue 3D Printer Ultra PLA Filament 1.75MM Filament, Dimensional Accuracy +/- 0.03 mm, 2.2 LBS (1.0KG)"
r693_lost_vs_original_at10,1171,3d_filament,1552,"3D Solutech Teal Blue 3D Printer PLA Filament 1.75MM Filament, Dimensional Accuracy +/- 0.03 mm, 2.2 LBS (1.0KG)",9.0,11.0,leaf_or_rank_miss_after_L2_hit,1,2,"<a_223><b_80><c_0> :: ids=[2659, 3557, 3631] :: fam=3d_filament :: 3D Solutech Apple Green 3D Printer PLA Filament 1.75MM Filament, Dimensional Accuracy +/- 0.03 mm, 2.2 LBS (1.0KG) / 3D Solutech Chocolate Brown 3D Printer PLA Filament 1.75MM Fila
<a_223><b_80><c_84> :: ids=[2909] :: fam=3d_filament :: 3D Solutech Silver Metal 3D Printer PLA Filament 1.75MM Filament, Dimensional Accuracy +/- 0.03 mm, 2.2 LBS (1.0KG) - PLA175TCMS
<a_223><b_80><c_101> :: ids=[3494] :: fam=3d_filament :: 3D Solutech Real Yellow 3D Printer PLA Filament 1.75MM Filament, Dimensional Accuracy +/- 0.03 mm, 2.2 LBS (1.0KG)
<a_223><b_80><c_3> :: ids=[3112, 3493] :: fam=3d_filament :: 3D Solutech Real Black 3D Printer PLA Filament 1.75MM Filament, Dimensional Accuracy +/- 0.03 mm, 2.2 LBS (1.0KG) - PLA175RBLK / 3D Solutech Printer Filament, Real Blue PLA, 1.75MM
<a_223><b_80><c_158> :: ids=[2660] :: fam=3d_filament :: 3D Solutech Real Grey 3D Printer PLA Filament 1.75MM Filament, Dimensional Accuracy +/- 0.03 mm, 2.2 LBS (1.0KG)","<a_178><b_14><c_6> :: ids=[2909, 3494] :: fam=3d_filament :: 3D Solutech Silver Metal 3D Printer PLA Filament 1.75MM Filament, Dimensional Accuracy +/- 0.03 mm, 2.2 LBS (1.0KG) - PLA175TCMS / 3D Solutech Real Yellow 3D Printer PLA Filament 1
<a_178><b_14><c_94> :: ids=[3112] :: fam=3d_filament :: 3D Solutech Real Black 3D Printer PLA Filament 1.75MM Filament, Dimensional Accuracy +/- 0.03 mm, 2.2 LBS (1.0KG) - PLA175RBLK
<a_178><b_14><c_107> :: ids=[2161] :: fam=3d_filament :: 3D Solutech Natural Clear 1.75mm 3D Printer PLA Filament, Dimensional Accuracy +/- 0.03 mm, 2.2 LBS (1.0KG)
<a_178><b_14><c_135> :: ids=[2993] :: fam=3d_filament :: 3D Solutech Blue 3D Printer Ultra PLA Filament 1.75MM Filament, Dimensional Accuracy +/- 0.03 mm, 2.2 LBS (1.0KG)
<a_178><b_14><c_75> :: ids=[2697] :: fam=3d_filament :: 3D Solutech Real White 3D Printer PLA Filament 1.75MM Filament, Dimensional Accuracy +/- 0.03 mm, 2.2 LBS (1.0KG)"
r693_lost_vs_original_at10,1377,3d_filament,3443,Inland 1.75mm Translucent Magenta PETG 3D Printer Filament - 1kg Spool (2.2 Lbs),8.0,16.0,leaf_or_rank_miss_after_L2_hit,1,4,"<a_158><b_72><c_88> :: ids=[2979] :: fam=3d_filament :: Inland 1.75mm Gray PLA 3D Printer Filament - 1kg Spool (2.2 lbs)
<a_158><b_72><c_232> :: ids=[2734] :: fam=3d_filament :: Inland 1.75mm White PLA 3D Printer Filament - 1kg Spool (2.2 lbs)
<a_158><b_72><c_70> :: ids=[2934] :: fam=3d_filament :: Inland 1.75mm Yellow PLA 3D Printer Filament - 1kg Spool (2.2 lbs)
<a_158><b_72><c_76> :: ids=[3546] :: fam=3d_filament :: Inland 1.75mm Orange PLA 3D Printer Filament - 1kg Spool (2.2 lbs)
<a_158><b_72><c_213> :: ids=[3114] :: fam=3d_filament :: Inland 1.75mm Purple PLA 3D Printer Filament - 1kg Spool (2.2 lbs)","<a_220><b_114><c_145> :: ids=[2932] :: fam=3d_filament :: Inland 1.75mm Blue PLA 3D Printer Filament - 1kg Spool (2.2 lbs)
<a_220><b_114><c_156> :: ids=[2934] :: fam=3d_filament :: Inland 1.75mm Yellow PLA 3D Printer Filament - 1kg Spool (2.2 lbs)
<a_220><b_114><c_53> :: ids=[2734] :: fam=3d_filament :: Inland 1.75mm White PLA 3D Printer Filament - 1kg Spool (2.2 lbs)
<a_220><b_114><c_224> :: ids=[2979] :: fam=3d_filament :: Inland 1.75mm Gray PLA 3D Printer Filament - 1kg Spool (2.2 lbs)
<a_220><b_114><c_221> :: ids=[2485] :: fam=3d_filament :: Inland 1.75mm Gold PLA 3D Printer Filament - 1kg Spool (2.2 lbs)"
r693_lost_vs_original_at10,1475,3d_filament,2909,"3D Solutech Silver Metal 3D Printer PLA Filament 1.75MM Filament, Dimensional Accuracy +/- 0.03 mm, 2.2 LBS (1.0KG) - PLA175TCMS",6.0,28.0,L2_miss_after_L1_hit,1,1,"<a_223><b_96><c_140> :: ids=[3537] :: fam=3d_filament :: Smartbuy 1.75mm Yellow PLA 3D Printer Filament - 1kg Spool/Roll (2.2 lbs) - Dimensional Accuracy +/- 0.05mm
<a_223><b_96><c_109> :: ids=[3613] :: fam=3d_filament :: iXCC Basic Series PLA 3D Printer Filament 1.75mm Diameter (Dimensional Accuracy +/- 0.05mm) - 1kg Spool (Approximately 2.2 lbs) [Red]
<a_223><b_86><c_176> :: ids=[2544] :: fam=3d_filament :: SainSmart Clear Flexible TPU 3D Printing Filament, 1.75 mm, 0.8 kg, Dimensional Accuracy +/- 0.05 mm
<a_223><b_160><c_251> :: ids=[2477] :: fam=3d_filament :: BAMtack! 1.75mm Black PLA 3D Printer Filament - 1kg (2.2 lbs) - Dimensional Accuracy +/- 0.03mm
<a_223><b_80><c_140> :: ids=[2161] :: fam=3d_filament :: 3D Solutech Natural Clear 1.75mm 3D Printer PLA Filament, Dimensional Accuracy +/- 0.03 mm, 2.2 LBS (1.0KG)","<a_193><b_228><c_165> :: ids=[2475] :: fam=other :: Gizmo Dorks 3D Print Removal Tool, 5-inch Blade
<a_178><b_150><c_117> :: ids=[2544] :: fam=3d_filament :: SainSmart Clear Flexible TPU 3D Printing Filament, 1.75 mm, 0.8 kg, Dimensional Accuracy +/- 0.05 mm
<a_77><b_48><c_99> :: ids=[3613] :: fam=3d_filament :: iXCC Basic Series PLA 3D Printer Filament 1.75mm Diameter (Dimensional Accuracy +/- 0.05mm) - 1kg Spool (Approximately 2.2 lbs) [Red]
<a_178><b_154><c_135> :: ids=[1851] :: fam=3d_filament :: HATCHBOX PLA 3D Printer Filament, Dimensional Accuracy +/- 0.03 mm, 1 kg Spool, 1.75 mm, Yellow
<a_178><b_165><c_148> :: ids=[2507] :: fam=3d_filament :: HATCHBOX PLA 3D Printer Filament, Dimensional Accuracy +/- 0.03 mm, 1 kg Spool, 1.75 mm, Silver"
r693_lost_vs_original_at10,1583,3d_filament,2157,"eSUN 3D 1.75mm PETG Blue Filament 1kg (2.2lb), PETG 3D Printer Filament, 1.75mm Semi-Transparent Blue",6.0,43.0,L2_miss_after_L1_hit,1,1,"<a_197><b_62><c_112> :: ids=[2145] :: fam=3d_filament :: ROBO 3D R1 Plus 10x9x8-Inch ABS/PLA 3D Printer, White (A1-0002-000)
<a_223><b_78><c_126> :: ids=[297] :: fam=3d_filament :: XYZprinting ABS Plastic Filament Cartridge, 1.75 mm Diameter, 600g, Black
<a_223><b_80><c_140> :: ids=[2161] :: fam=3d_filament :: 3D Solutech Natural Clear 1.75mm 3D Printer PLA Filament, Dimensional Accuracy +/- 0.03 mm, 2.2 LBS (1.0KG)
<a_223><b_160><c_251> :: ids=[2477] :: fam=3d_filament :: BAMtack! 1.75mm Black PLA 3D Printer Filament - 1kg (2.2 lbs) - Dimensional Accuracy +/- 0.03mm
<a_223><b_80><c_84> :: ids=[2909] :: fam=3d_filament :: 3D Solutech Silver Metal 3D Printer PLA Filament 1.75MM Filament, Dimensional Accuracy +/- 0.03 mm, 2.2 LBS (1.0KG) - PLA175TCMS","<a_152><b_168><c_1> :: ids=[2145] :: fam=3d_filament :: ROBO 3D R1 Plus 10x9x8-Inch ABS/PLA 3D Printer, White (A1-0002-000)
<a_178><b_154><c_24> :: ids=[2582] :: fam=3d_filament :: HATCHBOX ABS 3D Printer Filament, Dimensional Accuracy +/- 0.03 mm, 1 kg Spool, 1.75 mm, Orange
<a_178><b_154><c_141> :: ids=[2472] :: fam=3d_filament :: HATCHBOX ABS 3D Printer Filament, Dimensional Accuracy +/- 0.03 mm, 1 kg Spool, 1.75 mm, Black
<a_178><b_154><c_135> :: ids=[1851] :: fam=3d_filament :: HATCHBOX PLA 3D Printer Filament, Dimensional Accuracy +/- 0.03 mm, 1 kg Spool, 1.75 mm, Yellow
<a_178><b_14><c_6> :: ids=[2909, 3494] :: fam=3d_filament :: 3D Solutech Silver Metal 3D Printer PLA Filament 1.75MM Filament, Dimensional Accuracy +/- 0.03 mm, 2.2 LBS (1.0KG) - PLA175TCMS / 3D Solutech Real Yellow 3D Printer PLA Filament 1"
r693_lost_vs_original_at10,2204,3d_filament,3112,"3D Solutech Real Black 3D Printer PLA Filament 1.75MM Filament, Dimensional Accuracy +/- 0.03 mm, 2.2 LBS (1.0KG) - PLA175RBLK",3.0,14.0,leaf_or_rank_miss_after_L2_hit,1,2,"<a_223><b_160><c_251> :: ids=[2477] :: fam=3d_filament :: BAMtack! 1.75mm Black PLA 3D Printer Filament - 1kg (2.2 lbs) - Dimensional Accuracy +/- 0.03mm
<a_223><b_212><c_130> :: ids=[2060] :: fam=3d_filament :: Antique Bronze Metallic PLA - 3D Printing Filament (1.75mm 0.5 kg) Made in the USA
<a_223><b_80><c_3> :: ids=[3112, 3493] :: fam=3d_filament :: 3D Solutech Real Black 3D Printer PLA Filament 1.75MM Filament, Dimensional Accuracy +/- 0.03 mm, 2.2 LBS (1.0KG) - PLA175RBLK / 3D Solutech Printer Filament, Real Blue PLA, 1.75MM
<a_223><b_80><c_84> :: ids=[2909] :: fam=3d_filament :: 3D Solutech Silver Metal 3D Printer PLA Filament 1.75MM Filament, Dimensional Accuracy +/- 0.03 mm, 2.2 LBS (1.0KG) - PLA175TCMS
<a_223><b_187><c_125> :: ids=[3474] :: fam=3d_filament :: 3D Solutech See Through Red 1.75mm PETG 3D Printer Filament 2.2 LBS (1.0KG)","<a_178><b_14><c_6> :: ids=[2909, 3494] :: fam=3d_filament :: 3D Solutech Silver Metal 3D Printer PLA Filament 1.75MM Filament, Dimensional Accuracy +/- 0.03 mm, 2.2 LBS (1.0KG) - PLA175TCMS / 3D Solutech Real Yellow 3D Printer PLA Filament 1
<a_178><b_165><c_148> :: ids=[2507] :: fam=3d_filament :: HATCHBOX PLA 3D Printer Filament, Dimensional Accuracy +/- 0.03 mm, 1 kg Spool, 1.75 mm, Silver
<a_178><b_14><c_107> :: ids=[2161] :: fam=3d_filament :: 3D Solutech Natural Clear 1.75mm 3D Printer PLA Filament, Dimensional Accuracy +/- 0.03 mm, 2.2 LBS (1.0KG)
<a_178><b_150><c_117> :: ids=[2544] :: fam=3d_filament :: SainSmart Clear Flexible TPU 3D Printing Filament, 1.75 mm, 0.8 kg, Dimensional Accuracy +/- 0.05 mm
<a_178><b_143><c_111> :: ids=[3558] :: fam=3d_filament :: Professional Black 1.75mm PLA 3D Printer Filament, 1kg (2.2lb) Filament Weight, 0.05mm Tolerance, by ProMolt 3D"
r693_lost_vs_original_at10,2497,3d_filament,3475,"3D Solutech Real Orange 3D Printer PLA Filament 1.75MM Filament, Dimensional Accuracy +/- 0.03 mm, 2.2 LBS (1.0KG)",8.0,21.0,leaf_or_rank_miss_after_L2_hit,1,3,"<a_223><b_80><c_0> :: ids=[2659, 3557, 3631] :: fam=3d_filament :: 3D Solutech Apple Green 3D Printer PLA Filament 1.75MM Filament, Dimensional Accuracy +/- 0.03 mm, 2.2 LBS (1.0KG) / 3D Solutech Chocolate Brown 3D Printer PLA Filament 1.75MM Fila
<a_223><b_80><c_84> :: ids=[2909] :: fam=3d_filament :: 3D Solutech Silver Metal 3D Printer PLA Filament 1.75MM Filament, Dimensional Accuracy +/- 0.03 mm, 2.2 LBS (1.0KG) - PLA175TCMS
<a_223><b_80><c_91> :: ids=[3453] :: fam=3d_filament :: 3D Solutech Real Gold 3D Printer PLA Filament 1.75MM Filament, Dimensional Accuracy +/- 0.03 mm, 2.2 LBS (1.0KG)
<a_223><b_80><c_101> :: ids=[3494] :: fam=3d_filament :: 3D Solutech Real Yellow 3D Printer PLA Filament 1.75MM Filament, Dimensional Accuracy +/- 0.03 mm, 2.2 LBS (1.0KG)
<a_223><b_80><c_3> :: ids=[3112, 3493] :: fam=3d_filament :: 3D Solutech Real Black 3D Printer PLA Filament 1.75MM Filament, Dimensional Accuracy +/- 0.03 mm, 2.2 LBS (1.0KG) - PLA175RBLK / 3D Solutech Printer Filament, Real Blue PLA, 1.75MM","<a_178><b_14><c_6> :: ids=[2909, 3494] :: fam=3d_filament :: 3D Solutech Silver Metal 3D Printer PLA Filament 1.75MM Filament, Dimensional Accuracy +/- 0.03 mm, 2.2 LBS (1.0KG) - PLA175TCMS / 3D Solutech Real Yellow 3D Printer PLA Filament 1
<a_178><b_46><c_65> :: ids=[2333] :: fam=3d_filament :: eSUN 3D Printer CLEANING Filament 1.75mm Natural 0.1kg for all 1.75mm FDM 3D Printers, 1.75mm Cleaning
<a_178><b_166><c_183> :: ids=[2477] :: fam=3d_filament :: BAMtack! 1.75mm Black PLA 3D Printer Filament - 1kg (2.2 lbs) - Dimensional Accuracy +/- 0.03mm
<a_178><b_14><c_94> :: ids=[3112] :: fam=3d_filament :: 3D Solutech Real Black 3D Printer PLA Filament 1.75MM Filament, Dimensional Accuracy +/- 0.03 mm, 2.2 LBS (1.0KG) - PLA175RBLK
<a_178><b_20><c_140> :: ids=[1794] :: fam=3d_filament :: Filabot 910175 Taulman 910 Alloy, 1.75"" Filament Diameter, Natural"
r693_lost_vs_original_at10,2844,3d_filament,1552,"3D Solutech Teal Blue 3D Printer PLA Filament 1.75MM Filament, Dimensional Accuracy +/- 0.03 mm, 2.2 LBS (1.0KG)",9.0,14.0,leaf_or_rank_miss_after_L2_hit,1,1,"<a_223><b_80><c_84> :: ids=[2909] :: fam=3d_filament :: 3D Solutech Silver Metal 3D Printer PLA Filament 1.75MM Filament, Dimensional Accuracy +/- 0.03 mm, 2.2 LBS (1.0KG) - PLA175TCMS
<a_223><b_80><c_3> :: ids=[3112, 3493] :: fam=3d_filament :: 3D Solutech Real Black 3D Printer PLA Filament 1.75MM Filament, Dimensional Accuracy +/- 0.03 mm, 2.2 LBS (1.0KG) - PLA175RBLK / 3D Solutech Printer Filament, Real Blue PLA, 1.75MM
<a_223><b_80><c_0> :: ids=[2659, 3557, 3631] :: fam=3d_filament :: 3D Solutech Apple Green 3D Printer PLA Filament 1.75MM Filament, Dimensional Accuracy +/- 0.03 mm, 2.2 LBS (1.0KG) / 3D Solutech Chocolate Brown 3D Printer PLA Filament 1.75MM Fila
<a_223><b_80><c_159> :: ids=[2697] :: fam=3d_filament :: 3D Solutech Real White 3D Printer PLA Filament 1.75MM Filament, Dimensional Accuracy +/- 0.03 mm, 2.2 LBS (1.0KG)
<a_223><b_80><c_91> :: ids=[3453] :: fam=3d_filament :: 3D Solutech Real Gold 3D Printer PLA Filament 1.75MM Filament, Dimensional Accuracy +/- 0.03 mm, 2.2 LBS (1.0KG)","<a_178><b_14><c_6> :: ids=[2909, 3494] :: fam=3d_filament :: 3D Solutech Silver Metal 3D Printer PLA Filament 1.75MM Filament, Dimensional Accuracy +/- 0.03 mm, 2.2 LBS (1.0KG) - PLA175TCMS / 3D Solutech Real Yellow 3D Printer PLA Filament 1
<a_178><b_14><c_94> :: ids=[3112] :: fam=3d_filament :: 3D Solutech Real Black 3D Printer PLA Filament 1.75MM Filament, Dimensional Accuracy +/- 0.03 mm, 2.2 LBS (1.0KG) - PLA175RBLK
<a_178><b_14><c_107> :: ids=[2161] :: fam=3d_filament :: 3D Solutech Natural Clear 1.75mm 3D Printer PLA Filament, Dimensional Accuracy +/- 0.03 mm, 2.2 LBS (1.0KG)
<a_178><b_14><c_75> :: ids=[2697] :: fam=3d_filament :: 3D Solutech Real White 3D Printer PLA Filament 1.75MM Filament, Dimensional Accuracy +/- 0.03 mm, 2.2 LBS (1.0KG)
<a_178><b_14><c_253> :: ids=[3453] :: fam=3d_filament :: 3D Solutech Real Gold 3D Printer PLA Filament 1.75MM Filament, Dimensional Accuracy +/- 0.03 mm, 2.2 LBS (1.0KG)"
r693_lost_vs_original_at10,2965,3d_filament,2979,Inland 1.75mm Gray PLA 3D Printer Filament - 1kg Spool (2.2 lbs),9.0,,leaf_or_rank_miss_after_L2_hit,1,2,"<a_158><b_245><c_180> :: ids=[1206] :: fam=3d_filament :: eSUN 1.75mm Black PLA PRO (PLA+) 3D Printer Filament 1KG Spool (2.2lbs), Black
<a_158><b_211><c_119> :: ids=[3151] :: fam=3d_filament :: Anycubic Pulley Version Unassemble Delta Rostock 3D Printer Kossel Kit Large Print Size with Heatbed and Power Supply
<a_158><b_217><c_2> :: ids=[3444] :: fam=3d_filament :: RepRap Champion Metal J-Head V6 Hot End for RepRap 3D Printer 1.75mm Filament Direct Feed Extruder 0.4mm Nozzle
<a_91><b_105><c_64> :: ids=[2926] :: fam=3d_filament :: HICTOP 5 Pieces 3D Printer Extruder Hotend 1.75mm Nozzle Throat for Reprap Prusa I3
<a_223><b_160><c_251> :: ids=[2477] :: fam=3d_filament :: BAMtack! 1.75mm Black PLA 3D Printer Filament - 1kg (2.2 lbs) - Dimensional Accuracy +/- 0.03mm","<a_82><b_183><c_36> :: ids=[2969] :: fam=3d_filament :: BLTouch : Auto Bed Leveling Sensor / To be a Premium 3D Printer
<a_82><b_180><c_246> :: ids=[3154] :: fam=3d_filament :: TwoUp 3D Printer Kit 7"" x 7"" x 5"" Build Dimensions 50 Micron 1.75mm PLA Filament
<a_193><b_46><c_91> :: ids=[563] :: fam=3d_filament :: Foreasy 3D Printer Tool 3D Print Removal Tool Enhanced Version Set of 2
<a_178><b_150><c_186> :: ids=[2714] :: fam=3d_filament :: NinjaFlex TPU 3D Printing Filament - 1.75mm .50kg - SAPPHIRE
<a_178><b_150><c_117> :: ids=[2544] :: fam=3d_filament :: SainSmart Clear Flexible TPU 3D Printing Filament, 1.75 mm, 0.8 kg, Dimensional Accuracy +/- 0.05 mm"
r693_lost_vs_original_at10,3218,3d_filament,1850,"HATCHBOX PLA 3D Printer Filament, Dimensional Accuracy +/- 0.03 mm, 1 kg Spool, 1.75 mm, Red",3.0,30.0,leaf_or_rank_miss_after_L2_hit,1,3,"<a_223><b_86><c_176> :: ids=[2544] :: fam=3d_filament :: SainSmart Clear Flexible TPU 3D Printing Filament, 1.75 mm, 0.8 kg, Dimensional Accuracy +/- 0.05 mm
<a_223><b_198><c_36> :: ids=[50] :: fam=3d_filament :: HATCHBOX PLA 3D Printer Filament, Dimensional Accuracy +/- 0.03 mm, 1 kg Spool, 1.75 mm, Blue
<a_223><b_198><c_182> :: ids=[1850] :: fam=3d_filament :: HATCHBOX PLA 3D Printer Filament, Dimensional Accuracy +/- 0.03 mm, 1 kg Spool, 1.75 mm, Red
<a_223><b_198><c_230> :: ids=[1107] :: fam=3d_filament :: HATCHBOX PLA 3D Printer Filament, Dimensional Accuracy +/- 0.03 mm, 1 kg Spool, 1.75 mm, Glow in the Dark
<a_223><b_198><c_6> :: ids=[2472] :: fam=3d_filament :: HATCHBOX ABS 3D Printer Filament, Dimensional Accuracy +/- 0.03 mm, 1 kg Spool, 1.75 mm, Black","<a_178><b_150><c_117> :: ids=[2544] :: fam=3d_filament :: SainSmart Clear Flexible TPU 3D Printing Filament, 1.75 mm, 0.8 kg, Dimensional Accuracy +/- 0.05 mm
<a_178><b_150><c_186> :: ids=[2714] :: fam=3d_filament :: NinjaFlex TPU 3D Printing Filament - 1.75mm .50kg - SAPPHIRE
<a_178><b_154><c_141> :: ids=[2472] :: fam=3d_filament :: HATCHBOX ABS 3D Printer Filament, Dimensional Accuracy +/- 0.03 mm, 1 kg Spool, 1.75 mm, Black
<a_178><b_154><c_50> :: ids=[444] :: fam=3d_filament :: HATCHBOX ABS 3D Printer Filament, Dimensional Accuracy +/- 0.03 mm, 1 kg Spool, 1.75 mm, White
<a_178><b_154><c_24> :: ids=[2582] :: fam=3d_filament :: HATCHBOX ABS 3D Printer Filament, Dimensional Accuracy +/- 0.03 mm, 1 kg Spool, 1.75 mm, Orange"
r693_lost_vs_original_at10,3311,3d_filament,3631,3D Solutech Skin 3D Printer PLA Filament 1.75MM Filament 2.2 LBS (1.0KG),2.0,18.0,leaf_or_rank_miss_after_L2_hit,1,4,"<a_223><b_246><c_0> :: ids=[3468] :: fam=3d_filament :: 3D Solutech Real Green 3D Printer PLA Filament 1.75MM Filament, Dimensional Accuracy +/- 0.03 mm, 2.2 LBS (1.0KG)
<a_223><b_80><c_0> :: ids=[2659, 3557, 3631] :: fam=3d_filament :: 3D Solutech Apple Green 3D Printer PLA Filament 1.75MM Filament, Dimensional Accuracy +/- 0.03 mm, 2.2 LBS (1.0KG) / 3D Solutech Chocolate Brown 3D Printer PLA Filament 1.75MM Fila
<a_223><b_246><c_2> :: ids=[2721] :: fam=3d_filament :: 3D Solutech Navy Blue 3D Printer PLA Filament 1.75MM Filament, Dimensional Accuracy +/- 0.03 mm, 2.2 LBS (1.0KG)
<a_223><b_80><c_3> :: ids=[3112, 3493] :: fam=3d_filament :: 3D Solutech Real Black 3D Printer PLA Filament 1.75MM Filament, Dimensional Accuracy +/- 0.03 mm, 2.2 LBS (1.0KG) - PLA175RBLK / 3D Solutech Printer Filament, Real Blue PLA, 1.75MM
<a_223><b_80><c_101> :: ids=[3494] :: fam=3d_filament :: 3D Solutech Real Yellow 3D Printer PLA Filament 1.75MM Filament, Dimensional Accuracy +/- 0.03 mm, 2.2 LBS (1.0KG)","<a_178><b_14><c_6> :: ids=[2909, 3494] :: fam=3d_filament :: 3D Solutech Silver Metal 3D Printer PLA Filament 1.75MM Filament, Dimensional Accuracy +/- 0.03 mm, 2.2 LBS (1.0KG) - PLA175TCMS / 3D Solutech Real Yellow 3D Printer PLA Filament 1
<a_77><b_48><c_99> :: ids=[3613] :: fam=3d_filament :: iXCC Basic Series PLA 3D Printer Filament 1.75mm Diameter (Dimensional Accuracy +/- 0.05mm) - 1kg Spool (Approximately 2.2 lbs) [Red]
<a_178><b_14><c_107> :: ids=[2161] :: fam=3d_filament :: 3D Solutech Natural Clear 1.75mm 3D Printer PLA Filament, Dimensional Accuracy +/- 0.03 mm, 2.2 LBS (1.0KG)
<a_178><b_14><c_94> :: ids=[3112] :: fam=3d_filament :: 3D Solutech Real Black 3D Printer PLA Filament 1.75MM Filament, Dimensional Accuracy +/- 0.03 mm, 2.2 LBS (1.0KG) - PLA175RBLK
<a_178><b_14><c_135> :: ids=[2993] :: fam=3d_filament :: 3D Solutech Blue 3D Printer Ultra PLA Filament 1.75MM Filament, Dimensional Accuracy +/- 0.03 mm, 2.2 LBS (1.0KG)"
r693_lost_vs_original_at10,4005,3d_filament,2912,Inland 1.75mm Black PLA 3D Printer Filament - 1kg Spool (2.2 lbs),7.0,11.0,leaf_or_rank_miss_after_L2_hit,1,1,"<a_158><b_72><c_88> :: ids=[2979] :: fam=3d_filament :: Inland 1.75mm Gray PLA 3D Printer Filament - 1kg Spool (2.2 lbs)
<a_223><b_246><c_2> :: ids=[2721] :: fam=3d_filament :: 3D Solutech Navy Blue 3D Printer PLA Filament 1.75MM Filament, Dimensional Accuracy +/- 0.03 mm, 2.2 LBS (1.0KG)
<a_223><b_246><c_0> :: ids=[3468] :: fam=3d_filament :: 3D Solutech Real Green 3D Printer PLA Filament 1.75MM Filament, Dimensional Accuracy +/- 0.03 mm, 2.2 LBS (1.0KG)
<a_223><b_80><c_84> :: ids=[2909] :: fam=3d_filament :: 3D Solutech Silver Metal 3D Printer PLA Filament 1.75MM Filament, Dimensional Accuracy +/- 0.03 mm, 2.2 LBS (1.0KG) - PLA175TCMS
<a_158><b_72><c_220> :: ids=[2718] :: fam=3d_filament :: Inland 1.75mm Pink PLA 3D Printer Filament - 1kg Spool (2.2 lbs)","<a_220><b_114><c_145> :: ids=[2932] :: fam=3d_filament :: Inland 1.75mm Blue PLA 3D Printer Filament - 1kg Spool (2.2 lbs)
<a_178><b_150><c_117> :: ids=[2544] :: fam=3d_filament :: SainSmart Clear Flexible TPU 3D Printing Filament, 1.75 mm, 0.8 kg, Dimensional Accuracy +/- 0.05 mm
<a_220><b_114><c_53> :: ids=[2734] :: fam=3d_filament :: Inland 1.75mm White PLA 3D Printer Filament - 1kg Spool (2.2 lbs)
<a_77><b_48><c_99> :: ids=[3613] :: fam=3d_filament :: iXCC Basic Series PLA 3D Printer Filament 1.75mm Diameter (Dimensional Accuracy +/- 0.05mm) - 1kg Spool (Approximately 2.2 lbs) [Red]
<a_178><b_150><c_186> :: ids=[2714] :: fam=3d_filament :: NinjaFlex TPU 3D Printing Filament - 1.75mm .50kg - SAPPHIRE"
r693_lost_vs_original_at10,4046,3d_filament,2158,"eSUN 3D 1.75mm PETG Green Filament 1kg (2.2lb), PETG 3D Printer Filament, Semi-Transparent 1.75mm Green",4.0,27.0,leaf_or_rank_miss_after_L2_hit,1,2,"<a_223><b_126><c_0> :: ids=[2703] :: fam=3d_filament :: eSUN 3D 1.75mm PETG Black Filament 1kg (2.2lb), PETG 3D Printer Filament, 1.75mm Solid Opaque Black
<a_158><b_245><c_180> :: ids=[1206] :: fam=3d_filament :: eSUN 1.75mm Black PLA PRO (PLA+) 3D Printer Filament 1KG Spool (2.2lbs), Black
<a_91><b_162><c_93> :: ids=[2333] :: fam=3d_filament :: eSUN 3D Printer CLEANING Filament 1.75mm Natural 0.1kg for all 1.75mm FDM 3D Printers, 1.75mm Cleaning
<a_223><b_126><c_115> :: ids=[2158] :: fam=3d_filament :: eSUN 3D 1.75mm PETG Green Filament 1kg (2.2lb), PETG 3D Printer Filament, Semi-Transparent 1.75mm Green
<a_223><b_126><c_16> :: ids=[2157] :: fam=3d_filament :: eSUN 3D 1.75mm PETG Blue Filament 1kg (2.2lb), PETG 3D Printer Filament, 1.75mm Semi-Transparent Blue","<a_193><b_58><c_86> :: ids=[3059] :: fam=3d_filament :: Filabot ABS 3D Printing Smoothing Pen
<a_220><b_114><c_145> :: ids=[2932] :: fam=3d_filament :: Inland 1.75mm Blue PLA 3D Printer Filament - 1kg Spool (2.2 lbs)
<a_178><b_156><c_58> :: ids=[2157] :: fam=3d_filament :: eSUN 3D 1.75mm PETG Blue Filament 1kg (2.2lb), PETG 3D Printer Filament, 1.75mm Semi-Transparent Blue
<a_178><b_156><c_135> :: ids=[2893] :: fam=3d_filament :: eSUN 3D 1.75mm PETG White Filament 1kg (2.2lb), PETG 3D Printer Filament, 1.75mm Solid Opaque White
<a_178><b_156><c_59> :: ids=[2703] :: fam=3d_filament :: eSUN 3D 1.75mm PETG Black Filament 1kg (2.2lb), PETG 3D Printer Filament, 1.75mm Solid Opaque Black"
r693_lost_vs_original_at10,4492,3d_filament,2718,Inland 1.75mm Pink PLA 3D Printer Filament - 1kg Spool (2.2 lbs),6.0,40.0,leaf_or_rank_miss_after_L2_hit,1,2,"<a_158><b_72><c_88> :: ids=[2979] :: fam=3d_filament :: Inland 1.75mm Gray PLA 3D Printer Filament - 1kg Spool (2.2 lbs)
<a_158><b_72><c_232> :: ids=[2734] :: fam=3d_filament :: Inland 1.75mm White PLA 3D Printer Filament - 1kg Spool (2.2 lbs)
<a_158><b_72><c_76> :: ids=[3546] :: fam=3d_filament :: Inland 1.75mm Orange PLA 3D Printer Filament - 1kg Spool (2.2 lbs)
<a_158><b_72><c_70> :: ids=[2934] :: fam=3d_filament :: Inland 1.75mm Yellow PLA 3D Printer Filament - 1kg Spool (2.2 lbs)
<a_158><b_72><c_213> :: ids=[3114] :: fam=3d_filament :: Inland 1.75mm Purple PLA 3D Printer Filament - 1kg Spool (2.2 lbs)","<a_220><b_114><c_145> :: ids=[2932] :: fam=3d_filament :: Inland 1.75mm Blue PLA 3D Printer Filament - 1kg Spool (2.2 lbs)
<a_212><b_17><c_91> :: ids=[2926] :: fam=3d_filament :: HICTOP 5 Pieces 3D Printer Extruder Hotend 1.75mm Nozzle Throat for Reprap Prusa I3
<a_178><b_165><c_148> :: ids=[2507] :: fam=3d_filament :: HATCHBOX PLA 3D Printer Filament, Dimensional Accuracy +/- 0.03 mm, 1 kg Spool, 1.75 mm, Silver
<a_178><b_154><c_135> :: ids=[1851] :: fam=3d_filament :: HATCHBOX PLA 3D Printer Filament, Dimensional Accuracy +/- 0.03 mm, 1 kg Spool, 1.75 mm, Yellow
<a_220><b_114><c_156> :: ids=[2934] :: fam=3d_filament :: Inland 1.75mm Yellow PLA 3D Printer Filament - 1kg Spool (2.2 lbs)"
r693_lost_vs_original_at10,32,3d_filament,2909,"3D Solutech Silver Metal 3D Printer PLA Filament 1.75MM Filament, Dimensional Accuracy +/- 0.03 mm, 2.2 LBS (1.0KG) - PLA175TCMS",10.0,29.0,L2_miss_after_L1_hit,0,0,"<a_158><b_138><c_227> :: ids=[2513] :: fam=3d_filament :: 2 Meters PTFE Teflon Bowden Tube 1.75 Filament 3D printer RepRap Rostock Kossel
<a_91><b_105><c_64> :: ids=[2926] :: fam=3d_filament :: HICTOP 5 Pieces 3D Printer Extruder Hotend 1.75mm Nozzle Throat for Reprap Prusa I3
<a_223><b_86><c_176> :: ids=[2544] :: fam=3d_filament :: SainSmart Clear Flexible TPU 3D Printing Filament, 1.75 mm, 0.8 kg, Dimensional Accuracy +/- 0.05 mm
<a_158><b_72><c_88> :: ids=[2979] :: fam=3d_filament :: Inland 1.75mm Gray PLA 3D Printer Filament - 1kg Spool (2.2 lbs)
<a_223><b_242><c_216> :: ids=[2714] :: fam=3d_filament :: NinjaFlex TPU 3D Printing Filament - 1.75mm .50kg - SAPPHIRE","<a_178><b_150><c_117> :: ids=[2544] :: fam=3d_filament :: SainSmart Clear Flexible TPU 3D Printing Filament, 1.75 mm, 0.8 kg, Dimensional Accuracy +/- 0.05 mm
<a_220><b_114><c_145> :: ids=[2932] :: fam=3d_filament :: Inland 1.75mm Blue PLA 3D Printer Filament - 1kg Spool (2.2 lbs)
<a_178><b_150><c_186> :: ids=[2714] :: fam=3d_filament :: NinjaFlex TPU 3D Printing Filament - 1.75mm .50kg - SAPPHIRE
<a_178><b_154><c_50> :: ids=[444] :: fam=3d_filament :: HATCHBOX ABS 3D Printer Filament, Dimensional Accuracy +/- 0.03 mm, 1 kg Spool, 1.75 mm, White
<a_178><b_154><c_141> :: ids=[2472] :: fam=3d_filament :: HATCHBOX ABS 3D Printer Filament, Dimensional Accuracy +/- 0.03 mm, 1 kg Spool, 1.75 mm, Black"
r693_lost_vs_original_at10,78,3d_filament,2697,"3D Solutech Real White 3D Printer PLA Filament 1.75MM Filament, Dimensional Accuracy +/- 0.03 mm, 2.2 LBS (1.0KG)",9.0,26.0,leaf_or_rank_miss_after_L2_hit,0,1,"<a_223><b_80><c_0> :: ids=[2659, 3557, 3631] :: fam=3d_filament :: 3D Solutech Apple Green 3D Printer PLA Filament 1.75MM Filament, Dimensional Accuracy +/- 0.03 mm, 2.2 LBS (1.0KG) / 3D Solutech Chocolate Brown 3D Printer PLA Filament 1.75MM Fila
<a_223><b_80><c_3> :: ids=[3112, 3493] :: fam=3d_filament :: 3D Solutech Real Black 3D Printer PLA Filament 1.75MM Filament, Dimensional Accuracy +/- 0.03 mm, 2.2 LBS (1.0KG) - PLA175RBLK / 3D Solutech Printer Filament, Real Blue PLA, 1.75MM
<a_223><b_80><c_91> :: ids=[3453] :: fam=3d_filament :: 3D Solutech Real Gold 3D Printer PLA Filament 1.75MM Filament, Dimensional Accuracy +/- 0.03 mm, 2.2 LBS (1.0KG)
<a_223><b_80><c_101> :: ids=[3494] :: fam=3d_filament :: 3D Solutech Real Yellow 3D Printer PLA Filament 1.75MM Filament, Dimensional Accuracy +/- 0.03 mm, 2.2 LBS (1.0KG)
<a_223><b_198><c_230> :: ids=[1107] :: fam=3d_filament :: HATCHBOX PLA 3D Printer Filament, Dimensional Accuracy +/- 0.03 mm, 1 kg Spool, 1.75 mm, Glow in the Dark","<a_178><b_165><c_148> :: ids=[2507] :: fam=3d_filament :: HATCHBOX PLA 3D Printer Filament, Dimensional Accuracy +/- 0.03 mm, 1 kg Spool, 1.75 mm, Silver
<a_178><b_14><c_6> :: ids=[2909, 3494] :: fam=3d_filament :: 3D Solutech Silver Metal 3D Printer PLA Filament 1.75MM Filament, Dimensional Accuracy +/- 0.03 mm, 2.2 LBS (1.0KG) - PLA175TCMS / 3D Solutech Real Yellow 3D Printer PLA Filament 1
<a_178><b_150><c_117> :: ids=[2544] :: fam=3d_filament :: SainSmart Clear Flexible TPU 3D Printing Filament, 1.75 mm, 0.8 kg, Dimensional Accuracy +/- 0.05 mm
<a_178><b_14><c_107> :: ids=[2161] :: fam=3d_filament :: 3D Solutech Natural Clear 1.75mm 3D Printer PLA Filament, Dimensional Accuracy +/- 0.03 mm, 2.2 LBS (1.0KG)
<a_178><b_154><c_135> :: ids=[1851] :: fam=3d_filament :: HATCHBOX PLA 3D Printer Filament, Dimensional Accuracy +/- 0.03 mm, 1 kg Spool, 1.75 mm, Yellow"
r693_lost_vs_original_at10,143,3d_filament,2660,"3D Solutech Real Grey 3D Printer PLA Filament 1.75MM Filament, Dimensional Accuracy +/- 0.03 mm, 2.2 LBS (1.0KG)",4.0,21.0,leaf_or_rank_miss_after_L2_hit,0,1,"<a_223><b_80><c_84> :: ids=[2909] :: fam=3d_filament :: 3D Solutech Silver Metal 3D Printer PLA Filament 1.75MM Filament, Dimensional Accuracy +/- 0.03 mm, 2.2 LBS (1.0KG) - PLA175TCMS
<a_223><b_80><c_3> :: ids=[3112, 3493] :: fam=3d_filament :: 3D Solutech Real Black 3D Printer PLA Filament 1.75MM Filament, Dimensional Accuracy +/- 0.03 mm, 2.2 LBS (1.0KG) - PLA175RBLK / 3D Solutech Printer Filament, Real Blue PLA, 1.75MM
<a_223><b_80><c_0> :: ids=[2659, 3557, 3631] :: fam=3d_filament :: 3D Solutech Apple Green 3D Printer PLA Filament 1.75MM Filament, Dimensional Accuracy +/- 0.03 mm, 2.2 LBS (1.0KG) / 3D Solutech Chocolate Brown 3D Printer PLA Filament 1.75MM Fila
<a_223><b_80><c_158> :: ids=[2660] :: fam=3d_filament :: 3D Solutech Real Grey 3D Printer PLA Filament 1.75MM Filament, Dimensional Accuracy +/- 0.03 mm, 2.2 LBS (1.0KG)
<a_223><b_80><c_159> :: ids=[2697] :: fam=3d_filament :: 3D Solutech Real White 3D Printer PLA Filament 1.75MM Filament, Dimensional Accuracy +/- 0.03 mm, 2.2 LBS (1.0KG)","<a_178><b_14><c_6> :: ids=[2909, 3494] :: fam=3d_filament :: 3D Solutech Silver Metal 3D Printer PLA Filament 1.75MM Filament, Dimensional Accuracy +/- 0.03 mm, 2.2 LBS (1.0KG) - PLA175TCMS / 3D Solutech Real Yellow 3D Printer PLA Filament 1
<a_178><b_14><c_94> :: ids=[3112] :: fam=3d_filament :: 3D Solutech Real Black 3D Printer PLA Filament 1.75MM Filament, Dimensional Accuracy +/- 0.03 mm, 2.2 LBS (1.0KG) - PLA175RBLK
<a_178><b_14><c_107> :: ids=[2161] :: fam=3d_filament :: 3D Solutech Natural Clear 1.75mm 3D Printer PLA Filament, Dimensional Accuracy +/- 0.03 mm, 2.2 LBS (1.0KG)
<a_178><b_14><c_75> :: ids=[2697] :: fam=3d_filament :: 3D Solutech Real White 3D Printer PLA Filament 1.75MM Filament, Dimensional Accuracy +/- 0.03 mm, 2.2 LBS (1.0KG)
<a_178><b_14><c_135> :: ids=[2993] :: fam=3d_filament :: 3D Solutech Blue 3D Printer Ultra PLA Filament 1.75MM Filament, Dimensional Accuracy +/- 0.03 mm, 2.2 LBS (1.0KG)"
r693_lost_vs_original_at10,145,3d_filament,2721,"3D Solutech Navy Blue 3D Printer PLA Filament 1.75MM Filament, Dimensional Accuracy +/- 0.03 mm, 2.2 LBS (1.0KG)",2.0,,L2_miss_after_L1_hit,0,1,"<a_223><b_246><c_0> :: ids=[3468] :: fam=3d_filament :: 3D Solutech Real Green 3D Printer PLA Filament 1.75MM Filament, Dimensional Accuracy +/- 0.03 mm, 2.2 LBS (1.0KG)
<a_223><b_246><c_2> :: ids=[2721] :: fam=3d_filament :: 3D Solutech Navy Blue 3D Printer PLA Filament 1.75MM Filament, Dimensional Accuracy +/- 0.03 mm, 2.2 LBS (1.0KG)
<a_223><b_80><c_158> :: ids=[2660] :: fam=3d_filament :: 3D Solutech Real Grey 3D Printer PLA Filament 1.75MM Filament, Dimensional Accuracy +/- 0.03 mm, 2.2 LBS (1.0KG)
<a_223><b_80><c_0> :: ids=[2659, 3557, 3631] :: fam=3d_filament :: 3D Solutech Apple Green 3D Printer PLA Filament 1.75MM Filament, Dimensional Accuracy +/- 0.03 mm, 2.2 LBS (1.0KG) / 3D Solutech Chocolate Brown 3D Printer PLA Filament 1.75MM Fila
<a_223><b_80><c_84> :: ids=[2909] :: fam=3d_filament :: 3D Solutech Silver Metal 3D Printer PLA Filament 1.75MM Filament, Dimensional Accuracy +/- 0.03 mm, 2.2 LBS (1.0KG) - PLA175TCMS","<a_178><b_14><c_6> :: ids=[2909, 3494] :: fam=3d_filament :: 3D Solutech Silver Metal 3D Printer PLA Filament 1.75MM Filament, Dimensional Accuracy +/- 0.03 mm, 2.2 LBS (1.0KG) - PLA175TCMS / 3D Solutech Real Yellow 3D Printer PLA Filament 1
<a_77><b_48><c_99> :: ids=[3613] :: fam=3d_filament :: iXCC Basic Series PLA 3D Printer Filament 1.75mm Diameter (Dimensional Accuracy +/- 0.05mm) - 1kg Spool (Approximately 2.2 lbs) [Red]
<a_178><b_14><c_94> :: ids=[3112] :: fam=3d_filament :: 3D Solutech Real Black 3D Printer PLA Filament 1.75MM Filament, Dimensional Accuracy +/- 0.03 mm, 2.2 LBS (1.0KG) - PLA175RBLK
<a_178><b_14><c_107> :: ids=[2161] :: fam=3d_filament :: 3D Solutech Natural Clear 1.75mm 3D Printer PLA Filament, Dimensional Accuracy +/- 0.03 mm, 2.2 LBS (1.0KG)
<a_178><b_14><c_75> :: ids=[2697] :: fam=3d_filament :: 3D Solutech Real White 3D Printer PLA Filament 1.75MM Filament, Dimensional Accuracy +/- 0.03 mm, 2.2 LBS (1.0KG)"
r693_lost_vs_original_at10,172,3d_filament,2333,"eSUN 3D Printer CLEANING Filament 1.75mm Natural 0.1kg for all 1.75mm FDM 3D Printers, 1.75mm Cleaning",10.0,24.0,L2_miss_after_L1_hit,0,0,"<a_223><b_242><c_216> :: ids=[2714] :: fam=3d_filament :: NinjaFlex TPU 3D Printing Filament - 1.75mm .50kg - SAPPHIRE
<a_158><b_72><c_88> :: ids=[2979] :: fam=3d_filament :: Inland 1.75mm Gray PLA 3D Printer Filament - 1kg Spool (2.2 lbs)
<a_223><b_212><c_0> :: ids=[3302, 3459] :: fam=3d_filament :: PLA Glow in the Dark Cosmic Blue 3D Printing Filament, 1.75 mm / PLA Glow in the Dark Cosmic Blue 3D Printing Filament, 1.75 mm
<a_223><b_160><c_251> :: ids=[2477] :: fam=3d_filament :: BAMtack! 1.75mm Black PLA 3D Printer Filament - 1kg (2.2 lbs) - Dimensional Accuracy +/- 0.03mm
<a_158><b_206><c_223> :: ids=[2719] :: fam=3d_filament :: MeltInk3D Silver PLA 3D Printer Filament &Oslash; 1.75mm, 1Kg (2.2 Lb), MADE in U.S.A, Dimensional Accuracy: &plusmn; 0.05mm","<a_220><b_114><c_145> :: ids=[2932] :: fam=3d_filament :: Inland 1.75mm Blue PLA 3D Printer Filament - 1kg Spool (2.2 lbs)
<a_178><b_150><c_117> :: ids=[2544] :: fam=3d_filament :: SainSmart Clear Flexible TPU 3D Printing Filament, 1.75 mm, 0.8 kg, Dimensional Accuracy +/- 0.05 mm
<a_193><b_46><c_91> :: ids=[563] :: fam=3d_filament :: Foreasy 3D Printer Tool 3D Print Removal Tool Enhanced Version Set of 2
<a_178><b_166><c_183> :: ids=[2477] :: fam=3d_filament :: BAMtack! 1.75mm Black PLA 3D Printer Filament - 1kg (2.2 lbs) - Dimensional Accuracy +/- 0.03mm
<a_178><b_230><c_5> :: ids=[3016] :: fam=3d_filament :: HATCHBOX 3D Printer Filament, Dimensional Accuracy +/- 0.03mm, 1.75 mm, 1 kg Spool, Wood"
r693_lost_vs_original_at10,209,3d_filament,3466,"3D Solutech Real Red 3D Printer PLA Filament 1.75MM, Dimensional Accuracy +/- 0.03 mm, 2.2 LBS (1.0KG) - RA-I00I-DQUY",9.0,24.0,leaf_or_rank_miss_after_L2_hit,0,0,"<a_223><b_80><c_3> :: ids=[3112, 3493] :: fam=3d_filament :: 3D Solutech Real Black 3D Printer PLA Filament 1.75MM Filament, Dimensional Accuracy +/- 0.03 mm, 2.2 LBS (1.0KG) - PLA175RBLK / 3D Solutech Printer Filament, Real Blue PLA, 1.75MM
<a_223><b_80><c_84> :: ids=[2909] :: fam=3d_filament :: 3D Solutech Silver Metal 3D Printer PLA Filament 1.75MM Filament, Dimensional Accuracy +/- 0.03 mm, 2.2 LBS (1.0KG) - PLA175TCMS
<a_223><b_80><c_0> :: ids=[2659, 3557, 3631] :: fam=3d_filament :: 3D Solutech Apple Green 3D Printer PLA Filament 1.75MM Filament, Dimensional Accuracy +/- 0.03 mm, 2.2 LBS (1.0KG) / 3D Solutech Chocolate Brown 3D Printer PLA Filament 1.75MM Fila
<a_223><b_80><c_159> :: ids=[2697] :: fam=3d_filament :: 3D Solutech Real White 3D Printer PLA Filament 1.75MM Filament, Dimensional Accuracy +/- 0.03 mm, 2.2 LBS (1.0KG)
<a_223><b_80><c_158> :: ids=[2660] :: fam=3d_filament :: 3D Solutech Real Grey 3D Printer PLA Filament 1.75MM Filament, Dimensional Accuracy +/- 0.03 mm, 2.2 LBS (1.0KG)","<a_178><b_150><c_117> :: ids=[2544] :: fam=3d_filament :: SainSmart Clear Flexible TPU 3D Printing Filament, 1.75 mm, 0.8 kg, Dimensional Accuracy +/- 0.05 mm
<a_178><b_150><c_186> :: ids=[2714] :: fam=3d_filament :: NinjaFlex TPU 3D Printing Filament - 1.75mm .50kg - SAPPHIRE
<a_178><b_14><c_6> :: ids=[2909, 3494] :: fam=3d_filament :: 3D Solutech Silver Metal 3D Printer PLA Filament 1.75MM Filament, Dimensional Accuracy +/- 0.03 mm, 2.2 LBS (1.0KG) - PLA175TCMS / 3D Solutech Real Yellow 3D Printer PLA Filament 1
<a_178><b_166><c_183> :: ids=[2477] :: fam=3d_filament :: BAMtack! 1.75mm Black PLA 3D Printer Filament - 1kg (2.2 lbs) - Dimensional Accuracy +/- 0.03mm
<a_212><b_17><c_91> :: ids=[2926] :: fam=3d_filament :: HICTOP 5 Pieces 3D Printer Extruder Hotend 1.75mm Nozzle Throat for Reprap Prusa I3"
r693_lost_vs_original_at10,360,3d_filament,2912,Inland 1.75mm Black PLA 3D Printer Filament - 1kg Spool (2.2 lbs),8.0,48.0,L1_miss,0,2,"<a_158><b_245><c_180> :: ids=[1206] :: fam=3d_filament :: eSUN 1.75mm Black PLA PRO (PLA+) 3D Printer Filament 1KG Spool (2.2lbs), Black
<a_158><b_72><c_88> :: ids=[2979] :: fam=3d_filament :: Inland 1.75mm Gray PLA 3D Printer Filament - 1kg Spool (2.2 lbs)
<a_158><b_217><c_2> :: ids=[3444] :: fam=3d_filament :: RepRap Champion Metal J-Head V6 Hot End for RepRap 3D Printer 1.75mm Filament Direct Feed Extruder 0.4mm Nozzle
<a_17><b_14><c_32> :: ids=[145] :: fam=other :: Marrywindix 6pcs ESD Precision Anti-Static Tweezers, Tweezers Stainless Steel Tweezers with a Bag for Electronics Jewelry-Making Repairing
<a_91><b_162><c_93> :: ids=[2333] :: fam=3d_filament :: eSUN 3D Printer CLEANING Filament 1.75mm Natural 0.1kg for all 1.75mm FDM 3D Printers, 1.75mm Cleaning","<a_178><b_150><c_117> :: ids=[2544] :: fam=3d_filament :: SainSmart Clear Flexible TPU 3D Printing Filament, 1.75 mm, 0.8 kg, Dimensional Accuracy +/- 0.05 mm
<a_193><b_133><c_224> :: ids=[3610] :: fam=3d_filament :: Platform Sticker for QIDI TECH I 3D Printer: 5 pcs kit
<a_193><b_46><c_91> :: ids=[563] :: fam=3d_filament :: Foreasy 3D Printer Tool 3D Print Removal Tool Enhanced Version Set of 2
<a_178><b_127><c_132> :: ids=[3629] :: fam=3d_filament :: [STAR] Alchement - PLA Series, 3D Filament, 1.75mm, 1kg (Transparent)
<a_212><b_17><c_91> :: ids=[2926] :: fam=3d_filament :: HICTOP 5 Pieces 3D Printer Extruder Hotend 1.75mm Nozzle Throat for Reprap Prusa I3"
r693_lost_vs_original_at10,541,3d_filament,1553,Inland 1.75mm Red PLA 3D Printer Filament - 1kg Spool (2.2 lbs),6.0,,leaf_or_rank_miss_after_L2_hit,0,0,"<a_158><b_72><c_88> :: ids=[2979] :: fam=3d_filament :: Inland 1.75mm Gray PLA 3D Printer Filament - 1kg Spool (2.2 lbs)
<a_158><b_72><c_219> :: ids=[2932] :: fam=3d_filament :: Inland 1.75mm Blue PLA 3D Printer Filament - 1kg Spool (2.2 lbs)
<a_158><b_72><c_220> :: ids=[2718] :: fam=3d_filament :: Inland 1.75mm Pink PLA 3D Printer Filament - 1kg Spool (2.2 lbs)
<a_158><b_72><c_232> :: ids=[2734] :: fam=3d_filament :: Inland 1.75mm White PLA 3D Printer Filament - 1kg Spool (2.2 lbs)
<a_158><b_72><c_76> :: ids=[3546] :: fam=3d_filament :: Inland 1.75mm Orange PLA 3D Printer Filament - 1kg Spool (2.2 lbs)","<a_178><b_154><c_135> :: ids=[1851] :: fam=3d_filament :: HATCHBOX PLA 3D Printer Filament, Dimensional Accuracy +/- 0.03 mm, 1 kg Spool, 1.75 mm, Yellow
<a_178><b_230><c_5> :: ids=[3016] :: fam=3d_filament :: HATCHBOX 3D Printer Filament, Dimensional Accuracy +/- 0.03mm, 1.75 mm, 1 kg Spool, Wood
<a_178><b_150><c_117> :: ids=[2544] :: fam=3d_filament :: SainSmart Clear Flexible TPU 3D Printing Filament, 1.75 mm, 0.8 kg, Dimensional Accuracy +/- 0.05 mm
<a_220><b_114><c_145> :: ids=[2932] :: fam=3d_filament :: Inland 1.75mm Blue PLA 3D Printer Filament - 1kg Spool (2.2 lbs)
<a_178><b_165><c_148> :: ids=[2507] :: fam=3d_filament :: HATCHBOX PLA 3D Printer Filament, Dimensional Accuracy +/- 0.03 mm, 1 kg Spool, 1.75 mm, Silver"
r693_lost_vs_original_at10,631,3d_filament,3462,"Gizmo Dorks 3mm (2.85mm) ABS Filament 1kg / 2.2lb for 3D Printers, White",7.0,48.0,leaf_or_rank_miss_after_L2_hit,0,1,"<a_223><b_159><c_152> :: ids=[3514] :: fam=3d_filament :: Gizmo Dorks 1.75mm PLA Filament 1kg / 2.2lb for 3D Printers, Grey
<a_223><b_30><c_160> :: ids=[2750] :: fam=3d_filament :: LulzBot Mini Desktop 3D Printer
<a_223><b_31><c_151> :: ids=[892] :: fam=3d_filament :: Filament Outlet Black PLA 1.75mm 3D Printer Filament 1kg (2.2lbs) spool USA
<a_66><b_38><c_249> :: ids=[3356] :: fam=other :: PURE Potassium Hydroxide Flakes - 2 LB (Caustic Potash Anhydrous KOH Dry)
<a_223><b_159><c_191> :: ids=[3554] :: fam=3d_filament :: Gizmo Dorks 1.75mm ABS Filament 1kg / 2.2lb for 3D Printers, White","<a_82><b_180><c_246> :: ids=[3154] :: fam=3d_filament :: TwoUp 3D Printer Kit 7"" x 7"" x 5"" Build Dimensions 50 Micron 1.75mm PLA Filament
<a_178><b_45><c_173> :: ids=[3526] :: fam=3d_filament :: Gizmo Dorks 3mm (2.85mm) ABS Filament 1kg / 2.2lb for 3D Printers, Green
<a_178><b_45><c_132> :: ids=[1791] :: fam=3d_filament :: Gizmo Dorks 1.75mm PLA Filament 1kg / 2.2lb for 3D Printers, Translucent Green
<a_82><b_114><c_250> :: ids=[2188] :: fam=3d_filament :: Dremel Digilab 3D20 3D Printer, Idea Builder for Brand New Hobbyists and Tinkerers
<a_178><b_150><c_117> :: ids=[2544] :: fam=3d_filament :: SainSmart Clear Flexible TPU 3D Printing Filament, 1.75 mm, 0.8 kg, Dimensional Accuracy +/- 0.05 mm"
r693_lost_vs_original_at10,738,3d_filament,3546,Inland 1.75mm Orange PLA 3D Printer Filament - 1kg Spool (2.2 lbs),10.0,,leaf_or_rank_miss_after_L2_hit,0,0,"<a_158><b_72><c_88> :: ids=[2979] :: fam=3d_filament :: Inland 1.75mm Gray PLA 3D Printer Filament - 1kg Spool (2.2 lbs)
<a_223><b_198><c_36> :: ids=[50] :: fam=3d_filament :: HATCHBOX PLA 3D Printer Filament, Dimensional Accuracy +/- 0.03 mm, 1 kg Spool, 1.75 mm, Blue
<a_223><b_160><c_251> :: ids=[2477] :: fam=3d_filament :: BAMtack! 1.75mm Black PLA 3D Printer Filament - 1kg (2.2 lbs) - Dimensional Accuracy +/- 0.03mm
<a_158><b_72><c_220> :: ids=[2718] :: fam=3d_filament :: Inland 1.75mm Pink PLA 3D Printer Filament - 1kg Spool (2.2 lbs)
<a_223><b_72><c_76> :: ids=[3670] :: fam=3d_filament :: HATCHBOX PETG 3D Printer Filament, Dimensional Accuracy +/- 0.03 mm, 1 kg Spool, 1.75 mm, Red","<a_178><b_154><c_135> :: ids=[1851] :: fam=3d_filament :: HATCHBOX PLA 3D Printer Filament, Dimensional Accuracy +/- 0.03 mm, 1 kg Spool, 1.75 mm, Yellow
<a_178><b_165><c_148> :: ids=[2507] :: fam=3d_filament :: HATCHBOX PLA 3D Printer Filament, Dimensional Accuracy +/- 0.03 mm, 1 kg Spool, 1.75 mm, Silver
<a_220><b_114><c_145> :: ids=[2932] :: fam=3d_filament :: Inland 1.75mm Blue PLA 3D Printer Filament - 1kg Spool (2.2 lbs)
<a_178><b_154><c_141> :: ids=[2472] :: fam=3d_filament :: HATCHBOX ABS 3D Printer Filament, Dimensional Accuracy +/- 0.03 mm, 1 kg Spool, 1.75 mm, Black
<a_178><b_154><c_50> :: ids=[444] :: fam=3d_filament :: HATCHBOX ABS 3D Printer Filament, Dimensional Accuracy +/- 0.03 mm, 1 kg Spool, 1.75 mm, White"
r693_lost_vs_original_at10,802,3d_filament,3453,"3D Solutech Real Gold 3D Printer PLA Filament 1.75MM Filament, Dimensional Accuracy +/- 0.03 mm, 2.2 LBS (1.0KG)",9.0,47.0,leaf_or_rank_miss_after_L2_hit,0,1,"<a_223><b_80><c_84> :: ids=[2909] :: fam=3d_filament :: 3D Solutech Silver Metal 3D Printer PLA Filament 1.75MM Filament, Dimensional Accuracy +/- 0.03 mm, 2.2 LBS (1.0KG) - PLA175TCMS
<a_223><b_80><c_0> :: ids=[2659, 3557, 3631] :: fam=3d_filament :: 3D Solutech Apple Green 3D Printer PLA Filament 1.75MM Filament, Dimensional Accuracy +/- 0.03 mm, 2.2 LBS (1.0KG) / 3D Solutech Chocolate Brown 3D Printer PLA Filament 1.75MM Fila
<a_223><b_80><c_158> :: ids=[2660] :: fam=3d_filament :: 3D Solutech Real Grey 3D Printer PLA Filament 1.75MM Filament, Dimensional Accuracy +/- 0.03 mm, 2.2 LBS (1.0KG)
<a_223><b_160><c_251> :: ids=[2477] :: fam=3d_filament :: BAMtack! 1.75mm Black PLA 3D Printer Filament - 1kg (2.2 lbs) - Dimensional Accuracy +/- 0.03mm
<a_223><b_80><c_3> :: ids=[3112, 3493] :: fam=3d_filament :: 3D Solutech Real Black 3D Printer PLA Filament 1.75MM Filament, Dimensional Accuracy +/- 0.03 mm, 2.2 LBS (1.0KG) - PLA175RBLK / 3D Solutech Printer Filament, Real Blue PLA, 1.75MM","<a_178><b_150><c_117> :: ids=[2544] :: fam=3d_filament :: SainSmart Clear Flexible TPU 3D Printing Filament, 1.75 mm, 0.8 kg, Dimensional Accuracy +/- 0.05 mm
<a_178><b_150><c_186> :: ids=[2714] :: fam=3d_filament :: NinjaFlex TPU 3D Printing Filament - 1.75mm .50kg - SAPPHIRE
<a_82><b_180><c_246> :: ids=[3154] :: fam=3d_filament :: TwoUp 3D Printer Kit 7"" x 7"" x 5"" Build Dimensions 50 Micron 1.75mm PLA Filament
<a_178><b_199><c_186> :: ids=[3267] :: fam=3d_filament :: Filabot TB1 Taulman BRIDGE Filament, 1.75 mm, White
<a_178><b_166><c_183> :: ids=[2477] :: fam=3d_filament :: BAMtack! 1.75mm Black PLA 3D Printer Filament - 1kg (2.2 lbs) - Dimensional Accuracy +/- 0.03mm"
r693_lost_vs_original_at10,816,3d_filament,1850,"HATCHBOX PLA 3D Printer Filament, Dimensional Accuracy +/- 0.03 mm, 1 kg Spool, 1.75 mm, Red",7.0,15.0,leaf_or_rank_miss_after_L2_hit,0,0,"<a_223><b_198><c_230> :: ids=[1107] :: fam=3d_filament :: HATCHBOX PLA 3D Printer Filament, Dimensional Accuracy +/- 0.03 mm, 1 kg Spool, 1.75 mm, Glow in the Dark
<a_223><b_198><c_36> :: ids=[50] :: fam=3d_filament :: HATCHBOX PLA 3D Printer Filament, Dimensional Accuracy +/- 0.03 mm, 1 kg Spool, 1.75 mm, Blue
<a_223><b_198><c_9> :: ids=[1851] :: fam=3d_filament :: HATCHBOX PLA 3D Printer Filament, Dimensional Accuracy +/- 0.03 mm, 1 kg Spool, 1.75 mm, Yellow
<a_223><b_20><c_170> :: ids=[1847] :: fam=3d_filament :: HATCHBOX PLA 3D Printer Filament, Dimensional Accuracy +/- 0.03 mm, 1 kg Spool, 1.75 mm, White
<a_223><b_198><c_234> :: ids=[3308] :: fam=3d_filament :: HATCHBOX ABS 3D Printer Filament, Dimensional Accuracy +/- 0.03 mm, 1 kg Spool, 1.75 mm, Yellow","<a_178><b_154><c_135> :: ids=[1851] :: fam=3d_filament :: HATCHBOX PLA 3D Printer Filament, Dimensional Accuracy +/- 0.03 mm, 1 kg Spool, 1.75 mm, Yellow
<a_178><b_252><c_162> :: ids=[1847] :: fam=3d_filament :: HATCHBOX PLA 3D Printer Filament, Dimensional Accuracy +/- 0.03 mm, 1 kg Spool, 1.75 mm, White
<a_178><b_165><c_148> :: ids=[2507] :: fam=3d_filament :: HATCHBOX PLA 3D Printer Filament, Dimensional Accuracy +/- 0.03 mm, 1 kg Spool, 1.75 mm, Silver
<a_178><b_154><c_50> :: ids=[444] :: fam=3d_filament :: HATCHBOX ABS 3D Printer Filament, Dimensional Accuracy +/- 0.03 mm, 1 kg Spool, 1.75 mm, White
<a_178><b_154><c_141> :: ids=[2472] :: fam=3d_filament :: HATCHBOX ABS 3D Printer Filament, Dimensional Accuracy +/- 0.03 mm, 1 kg Spool, 1.75 mm, Black"
r693_lost_vs_original_at10,881,3d_filament,2697,"3D Solutech Real White 3D Printer PLA Filament 1.75MM Filament, Dimensional Accuracy +/- 0.03 mm, 2.2 LBS (1.0KG)",5.0,11.0,leaf_or_rank_miss_after_L2_hit,0,2,"<a_223><b_80><c_84> :: ids=[2909] :: fam=3d_filament :: 3D Solutech Silver Metal 3D Printer PLA Filament 1.75MM Filament, Dimensional Accuracy +/- 0.03 mm, 2.2 LBS (1.0KG) - PLA175TCMS
<a_223><b_80><c_3> :: ids=[3112, 3493] :: fam=3d_filament :: 3D Solutech Real Black 3D Printer PLA Filament 1.75MM Filament, Dimensional Accuracy +/- 0.03 mm, 2.2 LBS (1.0KG) - PLA175RBLK / 3D Solutech Printer Filament, Real Blue PLA, 1.75MM
<a_223><b_80><c_0> :: ids=[2659, 3557, 3631] :: fam=3d_filament :: 3D Solutech Apple Green 3D Printer PLA Filament 1.75MM Filament, Dimensional Accuracy +/- 0.03 mm, 2.2 LBS (1.0KG) / 3D Solutech Chocolate Brown 3D Printer PLA Filament 1.75MM Fila
<a_223><b_80><c_158> :: ids=[2660] :: fam=3d_filament :: 3D Solutech Real Grey 3D Printer PLA Filament 1.75MM Filament, Dimensional Accuracy +/- 0.03 mm, 2.2 LBS (1.0KG)
<a_223><b_80><c_159> :: ids=[2697] :: fam=3d_filament :: 3D Solutech Real White 3D Printer PLA Filament 1.75MM Filament, Dimensional Accuracy +/- 0.03 mm, 2.2 LBS (1.0KG)","<a_178><b_14><c_6> :: ids=[2909, 3494] :: fam=3d_filament :: 3D Solutech Silver Metal 3D Printer PLA Filament 1.75MM Filament, Dimensional Accuracy +/- 0.03 mm, 2.2 LBS (1.0KG) - PLA175TCMS / 3D Solutech Real Yellow 3D Printer PLA Filament 1
<a_178><b_150><c_117> :: ids=[2544] :: fam=3d_filament :: SainSmart Clear Flexible TPU 3D Printing Filament, 1.75 mm, 0.8 kg, Dimensional Accuracy +/- 0.05 mm
<a_82><b_114><c_250> :: ids=[2188] :: fam=3d_filament :: Dremel Digilab 3D20 3D Printer, Idea Builder for Brand New Hobbyists and Tinkerers
<a_82><b_114><c_110> :: ids=[2192] :: fam=3d_filament :: Dremel Digilab 3D40 Award Winning 3D Printer, Idea Builder with semi automated leveling, print PLA at 100 micron resolution
<a_178><b_143><c_111> :: ids=[3558] :: fam=3d_filament :: Professional Black 1.75mm PLA 3D Printer Filament, 1kg (2.2lb) Filament Weight, 0.05mm Tolerance, by ProMolt 3D"
r693_lost_vs_original_at10,906,3d_filament,2979,Inland 1.75mm Gray PLA 3D Printer Filament - 1kg Spool (2.2 lbs),1.0,21.0,leaf_or_rank_miss_after_L2_hit,0,1,"<a_158><b_72><c_88> :: ids=[2979] :: fam=3d_filament :: Inland 1.75mm Gray PLA 3D Printer Filament - 1kg Spool (2.2 lbs)
<a_158><b_72><c_232> :: ids=[2734] :: fam=3d_filament :: Inland 1.75mm White PLA 3D Printer Filament - 1kg Spool (2.2 lbs)
<a_158><b_72><c_76> :: ids=[3546] :: fam=3d_filament :: Inland 1.75mm Orange PLA 3D Printer Filament - 1kg Spool (2.2 lbs)
<a_158><b_72><c_70> :: ids=[2934] :: fam=3d_filament :: Inland 1.75mm Yellow PLA 3D Printer Filament - 1kg Spool (2.2 lbs)
<a_158><b_72><c_220> :: ids=[2718] :: fam=3d_filament :: Inland 1.75mm Pink PLA 3D Printer Filament - 1kg Spool (2.2 lbs)","<a_220><b_114><c_145> :: ids=[2932] :: fam=3d_filament :: Inland 1.75mm Blue PLA 3D Printer Filament - 1kg Spool (2.2 lbs)
<a_212><b_17><c_91> :: ids=[2926] :: fam=3d_filament :: HICTOP 5 Pieces 3D Printer Extruder Hotend 1.75mm Nozzle Throat for Reprap Prusa I3
<a_178><b_154><c_135> :: ids=[1851] :: fam=3d_filament :: HATCHBOX PLA 3D Printer Filament, Dimensional Accuracy +/- 0.03 mm, 1 kg Spool, 1.75 mm, Yellow
<a_178><b_165><c_148> :: ids=[2507] :: fam=3d_filament :: HATCHBOX PLA 3D Printer Filament, Dimensional Accuracy +/- 0.03 mm, 1 kg Spool, 1.75 mm, Silver
<a_178><b_230><c_5> :: ids=[3016] :: fam=3d_filament :: HATCHBOX 3D Printer Filament, Dimensional Accuracy +/- 0.03mm, 1.75 mm, 1 kg Spool, Wood"
r693_lost_vs_original_at10,1031,3d_filament,3016,"HATCHBOX 3D Printer Filament, Dimensional Accuracy +/- 0.03mm, 1.75 mm, 1 kg Spool, Wood",10.0,14.0,L2_miss_after_L1_hit,0,1,"<a_223><b_160><c_251> :: ids=[2477] :: fam=3d_filament :: BAMtack! 1.75mm Black PLA 3D Printer Filament - 1kg (2.2 lbs) - Dimensional Accuracy +/- 0.03mm
<a_223><b_198><c_182> :: ids=[1850] :: fam=3d_filament :: HATCHBOX PLA 3D Printer Filament, Dimensional Accuracy +/- 0.03 mm, 1 kg Spool, 1.75 mm, Red
<a_223><b_198><c_230> :: ids=[1107] :: fam=3d_filament :: HATCHBOX PLA 3D Printer Filament, Dimensional Accuracy +/- 0.03 mm, 1 kg Spool, 1.75 mm, Glow in the Dark
<a_223><b_198><c_214> :: ids=[1573] :: fam=3d_filament :: HATCHBOX PLA 3D Printer Filament, Dimensional Accuracy +/- 0.03 mm, 1 kg Spool, 1.75 mm, Orange
<a_223><b_198><c_114> :: ids=[444] :: fam=3d_filament :: HATCHBOX ABS 3D Printer Filament, Dimensional Accuracy +/- 0.03 mm, 1 kg Spool, 1.75 mm, White","<a_178><b_165><c_148> :: ids=[2507] :: fam=3d_filament :: HATCHBOX PLA 3D Printer Filament, Dimensional Accuracy +/- 0.03 mm, 1 kg Spool, 1.75 mm, Silver
<a_178><b_150><c_117> :: ids=[2544] :: fam=3d_filament :: SainSmart Clear Flexible TPU 3D Printing Filament, 1.75 mm, 0.8 kg, Dimensional Accuracy +/- 0.05 mm
<a_178><b_252><c_162> :: ids=[1847] :: fam=3d_filament :: HATCHBOX PLA 3D Printer Filament, Dimensional Accuracy +/- 0.03 mm, 1 kg Spool, 1.75 mm, White
<a_178><b_46><c_65> :: ids=[2333] :: fam=3d_filament :: eSUN 3D Printer CLEANING Filament 1.75mm Natural 0.1kg for all 1.75mm FDM 3D Printers, 1.75mm Cleaning
<a_178><b_165><c_53> :: ids=[50] :: fam=3d_filament :: HATCHBOX PLA 3D Printer Filament, Dimensional Accuracy +/- 0.03 mm, 1 kg Spool, 1.75 mm, Blue"
r693_lost_vs_original_at10,1067,3d_filament,563,Foreasy 3D Printer Tool 3D Print Removal Tool Enhanced Version Set of 2,6.0,16.0,L1_miss,0,1,"<a_158><b_245><c_180> :: ids=[1206] :: fam=3d_filament :: eSUN 1.75mm Black PLA PRO (PLA+) 3D Printer Filament 1KG Spool (2.2lbs), Black
<a_223><b_201><c_101> :: ids=[3016] :: fam=3d_filament :: HATCHBOX 3D Printer Filament, Dimensional Accuracy +/- 0.03mm, 1.75 mm, 1 kg Spool, Wood
<a_91><b_162><c_93> :: ids=[2333] :: fam=3d_filament :: eSUN 3D Printer CLEANING Filament 1.75mm Natural 0.1kg for all 1.75mm FDM 3D Printers, 1.75mm Cleaning
<a_223><b_86><c_176> :: ids=[2544] :: fam=3d_filament :: SainSmart Clear Flexible TPU 3D Printing Filament, 1.75 mm, 0.8 kg, Dimensional Accuracy +/- 0.05 mm
<a_223><b_160><c_251> :: ids=[2477] :: fam=3d_filament :: BAMtack! 1.75mm Black PLA 3D Printer Filament - 1kg (2.2 lbs) - Dimensional Accuracy +/- 0.03mm","<a_178><b_156><c_135> :: ids=[2893] :: fam=3d_filament :: eSUN 3D 1.75mm PETG White Filament 1kg (2.2lb), PETG 3D Printer Filament, 1.75mm Solid Opaque White
<a_178><b_156><c_59> :: ids=[2703] :: fam=3d_filament :: eSUN 3D 1.75mm PETG Black Filament 1kg (2.2lb), PETG 3D Printer Filament, 1.75mm Solid Opaque Black
<a_109><b_17><c_3> :: ids=[1205] :: fam=other :: PEI (Polyetherimide) Sheet, Opaque Off-White, Standard Tolerance, ASTM D5205 PEI0113, 0.03"" Thickness, 12"" Width, 24"" Length
<a_212><b_168><c_133> :: ids=[1848] :: fam=3d_filament :: Kamo 5PCS 3D Printer 0.4mm Extruder Brass Nozzle Print Head for MK8 1.75mm ABS PLA Printer
<a_212><b_17><c_91> :: ids=[2926] :: fam=3d_filament :: HICTOP 5 Pieces 3D Printer Extruder Hotend 1.75mm Nozzle Throat for Reprap Prusa I3"
r693_lost_vs_original_at10,1083,3d_filament,2979,Inland 1.75mm Gray PLA 3D Printer Filament - 1kg Spool (2.2 lbs),1.0,12.0,leaf_or_rank_miss_after_L2_hit,0,0,"<a_158><b_72><c_88> :: ids=[2979] :: fam=3d_filament :: Inland 1.75mm Gray PLA 3D Printer Filament - 1kg Spool (2.2 lbs)
<a_158><b_72><c_220> :: ids=[2718] :: fam=3d_filament :: Inland 1.75mm Pink PLA 3D Printer Filament - 1kg Spool (2.2 lbs)
<a_158><b_72><c_76> :: ids=[3546] :: fam=3d_filament :: Inland 1.75mm Orange PLA 3D Printer Filament - 1kg Spool (2.2 lbs)
<a_158><b_72><c_70> :: ids=[2934] :: fam=3d_filament :: Inland 1.75mm Yellow PLA 3D Printer Filament - 1kg Spool (2.2 lbs)
<a_158><b_72><c_232> :: ids=[2734] :: fam=3d_filament :: Inland 1.75mm White PLA 3D Printer Filament - 1kg Spool (2.2 lbs)","<a_220><b_114><c_145> :: ids=[2932] :: fam=3d_filament :: Inland 1.75mm Blue PLA 3D Printer Filament - 1kg Spool (2.2 lbs)
<a_220><b_114><c_53> :: ids=[2734] :: fam=3d_filament :: Inland 1.75mm White PLA 3D Printer Filament - 1kg Spool (2.2 lbs)
<a_220><b_114><c_156> :: ids=[2934] :: fam=3d_filament :: Inland 1.75mm Yellow PLA 3D Printer Filament - 1kg Spool (2.2 lbs)
<a_220><b_114><c_96> :: ids=[3114] :: fam=3d_filament :: Inland 1.75mm Purple PLA 3D Printer Filament - 1kg Spool (2.2 lbs)
<a_220><b_114><c_173> :: ids=[2912] :: fam=3d_filament :: Inland 1.75mm Black PLA 3D Printer Filament - 1kg Spool (2.2 lbs)"
r693_lost_vs_original_at10,1085,3d_filament,3546,Inland 1.75mm Orange PLA 3D Printer Filament - 1kg Spool (2.2 lbs),3.0,11.0,leaf_or_rank_miss_after_L2_hit,0,2,"<a_158><b_72><c_88> :: ids=[2979] :: fam=3d_filament :: Inland 1.75mm Gray PLA 3D Printer Filament - 1kg Spool (2.2 lbs)
<a_158><b_72><c_70> :: ids=[2934] :: fam=3d_filament :: Inland 1.75mm Yellow PLA 3D Printer Filament - 1kg Spool (2.2 lbs)
<a_158><b_72><c_76> :: ids=[3546] :: fam=3d_filament :: Inland 1.75mm Orange PLA 3D Printer Filament - 1kg Spool (2.2 lbs)
<a_158><b_72><c_232> :: ids=[2734] :: fam=3d_filament :: Inland 1.75mm White PLA 3D Printer Filament - 1kg Spool (2.2 lbs)
<a_158><b_72><c_213> :: ids=[3114] :: fam=3d_filament :: Inland 1.75mm Purple PLA 3D Printer Filament - 1kg Spool (2.2 lbs)","<a_220><b_114><c_145> :: ids=[2932] :: fam=3d_filament :: Inland 1.75mm Blue PLA 3D Printer Filament - 1kg Spool (2.2 lbs)
<a_220><b_114><c_156> :: ids=[2934] :: fam=3d_filament :: Inland 1.75mm Yellow PLA 3D Printer Filament - 1kg Spool (2.2 lbs)
<a_220><b_114><c_53> :: ids=[2734] :: fam=3d_filament :: Inland 1.75mm White PLA 3D Printer Filament - 1kg Spool (2.2 lbs)
<a_220><b_114><c_221> :: ids=[2485] :: fam=3d_filament :: Inland 1.75mm Gold PLA 3D Printer Filament - 1kg Spool (2.2 lbs)
<a_220><b_114><c_96> :: ids=[3114] :: fam=3d_filament :: Inland 1.75mm Purple PLA 3D Printer Filament - 1kg Spool (2.2 lbs)"
r693_lost_vs_original_at10,1146,3d_filament,2697,"3D Solutech Real White 3D Printer PLA Filament 1.75MM Filament, Dimensional Accuracy +/- 0.03 mm, 2.2 LBS (1.0KG)",4.0,,L2_miss_after_L1_hit,0,0,"<a_223><b_80><c_0> :: ids=[2659, 3557, 3631] :: fam=3d_filament :: 3D Solutech Apple Green 3D Printer PLA Filament 1.75MM Filament, Dimensional Accuracy +/- 0.03 mm, 2.2 LBS (1.0KG) / 3D Solutech Chocolate Brown 3D Printer PLA Filament 1.75MM Fila
<a_223><b_80><c_3> :: ids=[3112, 3493] :: fam=3d_filament :: 3D Solutech Real Black 3D Printer PLA Filament 1.75MM Filament, Dimensional Accuracy +/- 0.03 mm, 2.2 LBS (1.0KG) - PLA175RBLK / 3D Solutech Printer Filament, Real Blue PLA, 1.75MM
<a_223><b_80><c_84> :: ids=[2909] :: fam=3d_filament :: 3D Solutech Silver Metal 3D Printer PLA Filament 1.75MM Filament, Dimensional Accuracy +/- 0.03 mm, 2.2 LBS (1.0KG) - PLA175TCMS
<a_223><b_80><c_159> :: ids=[2697] :: fam=3d_filament :: 3D Solutech Real White 3D Printer PLA Filament 1.75MM Filament, Dimensional Accuracy +/- 0.03 mm, 2.2 LBS (1.0KG)
<a_223><b_198><c_36> :: ids=[50] :: fam=3d_filament :: HATCHBOX PLA 3D Printer Filament, Dimensional Accuracy +/- 0.03 mm, 1 kg Spool, 1.75 mm, Blue","<a_178><b_165><c_148> :: ids=[2507] :: fam=3d_filament :: HATCHBOX PLA 3D Printer Filament, Dimensional Accuracy +/- 0.03 mm, 1 kg Spool, 1.75 mm, Silver
<a_178><b_150><c_117> :: ids=[2544] :: fam=3d_filament :: SainSmart Clear Flexible TPU 3D Printing Filament, 1.75 mm, 0.8 kg, Dimensional Accuracy +/- 0.05 mm
<a_178><b_165><c_53> :: ids=[50] :: fam=3d_filament :: HATCHBOX PLA 3D Printer Filament, Dimensional Accuracy +/- 0.03 mm, 1 kg Spool, 1.75 mm, Blue
<a_178><b_154><c_141> :: ids=[2472] :: fam=3d_filament :: HATCHBOX ABS 3D Printer Filament, Dimensional Accuracy +/- 0.03 mm, 1 kg Spool, 1.75 mm, Black
<a_178><b_150><c_186> :: ids=[2714] :: fam=3d_filament :: NinjaFlex TPU 3D Printing Filament - 1.75mm .50kg - SAPPHIRE"
r693_lost_vs_original_at10,1147,3d_filament,2660,"3D Solutech Real Grey 3D Printer PLA Filament 1.75MM Filament, Dimensional Accuracy +/- 0.03 mm, 2.2 LBS (1.0KG)",7.0,,leaf_or_rank_miss_after_L2_hit,0,0,"<a_223><b_80><c_0> :: ids=[2659, 3557, 3631] :: fam=3d_filament :: 3D Solutech Apple Green 3D Printer PLA Filament 1.75MM Filament, Dimensional Accuracy +/- 0.03 mm, 2.2 LBS (1.0KG) / 3D Solutech Chocolate Brown 3D Printer PLA Filament 1.75MM Fila
<a_223><b_80><c_84> :: ids=[2909] :: fam=3d_filament :: 3D Solutech Silver Metal 3D Printer PLA Filament 1.75MM Filament, Dimensional Accuracy +/- 0.03 mm, 2.2 LBS (1.0KG) - PLA175TCMS
<a_223><b_80><c_3> :: ids=[3112, 3493] :: fam=3d_filament :: 3D Solutech Real Black 3D Printer PLA Filament 1.75MM Filament, Dimensional Accuracy +/- 0.03 mm, 2.2 LBS (1.0KG) - PLA175RBLK / 3D Solutech Printer Filament, Real Blue PLA, 1.75MM
<a_223><b_80><c_91> :: ids=[3453] :: fam=3d_filament :: 3D Solutech Real Gold 3D Printer PLA Filament 1.75MM Filament, Dimensional Accuracy +/- 0.03 mm, 2.2 LBS (1.0KG)
<a_223><b_80><c_101> :: ids=[3494] :: fam=3d_filament :: 3D Solutech Real Yellow 3D Printer PLA Filament 1.75MM Filament, Dimensional Accuracy +/- 0.03 mm, 2.2 LBS (1.0KG)","<a_178><b_165><c_148> :: ids=[2507] :: fam=3d_filament :: HATCHBOX PLA 3D Printer Filament, Dimensional Accuracy +/- 0.03 mm, 1 kg Spool, 1.75 mm, Silver
<a_178><b_150><c_117> :: ids=[2544] :: fam=3d_filament :: SainSmart Clear Flexible TPU 3D Printing Filament, 1.75 mm, 0.8 kg, Dimensional Accuracy +/- 0.05 mm
<a_178><b_165><c_53> :: ids=[50] :: fam=3d_filament :: HATCHBOX PLA 3D Printer Filament, Dimensional Accuracy +/- 0.03 mm, 1 kg Spool, 1.75 mm, Blue
<a_178><b_14><c_6> :: ids=[2909, 3494] :: fam=3d_filament :: 3D Solutech Silver Metal 3D Printer PLA Filament 1.75MM Filament, Dimensional Accuracy +/- 0.03 mm, 2.2 LBS (1.0KG) - PLA175TCMS / 3D Solutech Real Yellow 3D Printer PLA Filament 1
<a_178><b_150><c_186> :: ids=[2714] :: fam=3d_filament :: NinjaFlex TPU 3D Printing Filament - 1.75mm .50kg - SAPPHIRE"
r693_lost_vs_original_at10,1237,3d_filament,1206,"eSUN 1.75mm Black PLA PRO (PLA+) 3D Printer Filament 1KG Spool (2.2lbs), Black",3.0,50.0,L1_miss,0,2,"<a_223><b_160><c_251> :: ids=[2477] :: fam=3d_filament :: BAMtack! 1.75mm Black PLA 3D Printer Filament - 1kg (2.2 lbs) - Dimensional Accuracy +/- 0.03mm
<a_107><b_93><c_0> :: ids=[181, 182] :: fam=gauge_meter :: AcuRite 00613 Humidity Monitor with Indoor Thermometer, Digital Hygrometer and Humidity Gauge Indicator / AcuRite 00613 Humidity Monitor with Indoor Thermometer, Digital Hygrometer
<a_158><b_245><c_180> :: ids=[1206] :: fam=3d_filament :: eSUN 1.75mm Black PLA PRO (PLA+) 3D Printer Filament 1KG Spool (2.2lbs), Black
<a_91><b_162><c_93> :: ids=[2333] :: fam=3d_filament :: eSUN 3D Printer CLEANING Filament 1.75mm Natural 0.1kg for all 1.75mm FDM 3D Printers, 1.75mm Cleaning
<a_202><b_62><c_182> :: ids=[116] :: fam=tape :: Rescue Tape RT1000201202USCO","<a_109><b_17><c_3> :: ids=[1205] :: fam=other :: PEI (Polyetherimide) Sheet, Opaque Off-White, Standard Tolerance, ASTM D5205 PEI0113, 0.03"" Thickness, 12"" Width, 24"" Length
<a_178><b_150><c_186> :: ids=[2714] :: fam=3d_filament :: NinjaFlex TPU 3D Printing Filament - 1.75mm .50kg - SAPPHIRE
<a_178><b_150><c_117> :: ids=[2544] :: fam=3d_filament :: SainSmart Clear Flexible TPU 3D Printing Filament, 1.75 mm, 0.8 kg, Dimensional Accuracy +/- 0.05 mm
<a_197><b_173><c_161> :: ids=[84] :: fam=gauge_meter :: Neiko 01409A Electronic Digital Caliper with Extra Large LCD Screen | 0 - 12 Inches | Inch/Fractions/Millimeter Conversion
<a_193><b_228><c_165> :: ids=[2475] :: fam=other :: Gizmo Dorks 3D Print Removal Tool, 5-inch Blade"
r693_lost_vs_original_at10,1376,3d_filament,2158,"eSUN 3D 1.75mm PETG Green Filament 1kg (2.2lb), PETG 3D Printer Filament, Semi-Transparent 1.75mm Green",2.0,19.0,leaf_or_rank_miss_after_L2_hit,0,1,"<a_223><b_126><c_0> :: ids=[2703] :: fam=3d_filament :: eSUN 3D 1.75mm PETG Black Filament 1kg (2.2lb), PETG 3D Printer Filament, 1.75mm Solid Opaque Black
<a_223><b_126><c_115> :: ids=[2158] :: fam=3d_filament :: eSUN 3D 1.75mm PETG Green Filament 1kg (2.2lb), PETG 3D Printer Filament, Semi-Transparent 1.75mm Green
<a_223><b_126><c_247> :: ids=[3509] :: fam=3d_filament :: MG Chemicals Blue PETG 3D Printer Filament, 1.75 mm, 1 kg Spool
<a_223><b_126><c_13> :: ids=[3098] :: fam=3d_filament :: SainSmart PETG-1KG1.75 PETG 3D Printers Filament, 1 kg/2.2 lb.
<a_223><b_126><c_21> :: ids=[3133] :: fam=3d_filament :: MG Chemicals PETG 3D Printer Filament, 1.75 mm, 0.5 kg, White","<a_178><b_156><c_135> :: ids=[2893] :: fam=3d_filament :: eSUN 3D 1.75mm PETG White Filament 1kg (2.2lb), PETG 3D Printer Filament, 1.75mm Solid Opaque White
<a_178><b_156><c_58> :: ids=[2157] :: fam=3d_filament :: eSUN 3D 1.75mm PETG Blue Filament 1kg (2.2lb), PETG 3D Printer Filament, 1.75mm Semi-Transparent Blue
<a_178><b_156><c_59> :: ids=[2703] :: fam=3d_filament :: eSUN 3D 1.75mm PETG Black Filament 1kg (2.2lb), PETG 3D Printer Filament, 1.75mm Solid Opaque Black
<a_178><b_20><c_140> :: ids=[1794] :: fam=3d_filament :: Filabot 910175 Taulman 910 Alloy, 1.75"" Filament Diameter, Natural
<a_178><b_156><c_72> :: ids=[3648] :: fam=3d_filament :: eSUN 3D 1.75mm PETG Orange Filament 1kg (2.2lb), PETG 3D Printer Filament, Semi-Transparent 1.75mm Orange"
r693_lost_vs_original_at10,1673,3d_filament,2660,"3D Solutech Real Grey 3D Printer PLA Filament 1.75MM Filament, Dimensional Accuracy +/- 0.03 mm, 2.2 LBS (1.0KG)",5.0,41.0,leaf_or_rank_miss_after_L2_hit,0,1,"<a_223><b_80><c_0> :: ids=[2659, 3557, 3631] :: fam=3d_filament :: 3D Solutech Apple Green 3D Printer PLA Filament 1.75MM Filament, Dimensional Accuracy +/- 0.03 mm, 2.2 LBS (1.0KG) / 3D Solutech Chocolate Brown 3D Printer PLA Filament 1.75MM Fila
<a_223><b_80><c_3> :: ids=[3112, 3493] :: fam=3d_filament :: 3D Solutech Real Black 3D Printer PLA Filament 1.75MM Filament, Dimensional Accuracy +/- 0.03 mm, 2.2 LBS (1.0KG) - PLA175RBLK / 3D Solutech Printer Filament, Real Blue PLA, 1.75MM
<a_223><b_80><c_101> :: ids=[3494] :: fam=3d_filament :: 3D Solutech Real Yellow 3D Printer PLA Filament 1.75MM Filament, Dimensional Accuracy +/- 0.03 mm, 2.2 LBS (1.0KG)
<a_223><b_80><c_84> :: ids=[2909] :: fam=3d_filament :: 3D Solutech Silver Metal 3D Printer PLA Filament 1.75MM Filament, Dimensional Accuracy +/- 0.03 mm, 2.2 LBS (1.0KG) - PLA175TCMS
<a_223><b_80><c_158> :: ids=[2660] :: fam=3d_filament :: 3D Solutech Real Grey 3D Printer PLA Filament 1.75MM Filament, Dimensional Accuracy +/- 0.03 mm, 2.2 LBS (1.0KG)","<a_178><b_14><c_6> :: ids=[2909, 3494] :: fam=3d_filament :: 3D Solutech Silver Metal 3D Printer PLA Filament 1.75MM Filament, Dimensional Accuracy +/- 0.03 mm, 2.2 LBS (1.0KG) - PLA175TCMS / 3D Solutech Real Yellow 3D Printer PLA Filament 1
<a_178><b_165><c_148> :: ids=[2507] :: fam=3d_filament :: HATCHBOX PLA 3D Printer Filament, Dimensional Accuracy +/- 0.03 mm, 1 kg Spool, 1.75 mm, Silver
<a_178><b_14><c_107> :: ids=[2161] :: fam=3d_filament :: 3D Solutech Natural Clear 1.75mm 3D Printer PLA Filament, Dimensional Accuracy +/- 0.03 mm, 2.2 LBS (1.0KG)
<a_178><b_165><c_4> :: ids=[1107] :: fam=3d_filament :: HATCHBOX PLA 3D Printer Filament, Dimensional Accuracy +/- 0.03 mm, 1 kg Spool, 1.75 mm, Glow in the Dark
<a_178><b_154><c_135> :: ids=[1851] :: fam=3d_filament :: HATCHBOX PLA 3D Printer Filament, Dimensional Accuracy +/- 0.03 mm, 1 kg Spool, 1.75 mm, Yellow"
r693_lost_vs_original_at10,1772,3d_filament,1850,"HATCHBOX PLA 3D Printer Filament, Dimensional Accuracy +/- 0.03 mm, 1 kg Spool, 1.75 mm, Red",6.0,15.0,leaf_or_rank_miss_after_L2_hit,0,0,"<a_223><b_198><c_230> :: ids=[1107] :: fam=3d_filament :: HATCHBOX PLA 3D Printer Filament, Dimensional Accuracy +/- 0.03 mm, 1 kg Spool, 1.75 mm, Glow in the Dark
<a_223><b_198><c_36> :: ids=[50] :: fam=3d_filament :: HATCHBOX PLA 3D Printer Filament, Dimensional Accuracy +/- 0.03 mm, 1 kg Spool, 1.75 mm, Blue
<a_223><b_198><c_9> :: ids=[1851] :: fam=3d_filament :: HATCHBOX PLA 3D Printer Filament, Dimensional Accuracy +/- 0.03 mm, 1 kg Spool, 1.75 mm, Yellow
<a_223><b_20><c_170> :: ids=[1847] :: fam=3d_filament :: HATCHBOX PLA 3D Printer Filament, Dimensional Accuracy +/- 0.03 mm, 1 kg Spool, 1.75 mm, White
<a_223><b_198><c_234> :: ids=[3308] :: fam=3d_filament :: HATCHBOX ABS 3D Printer Filament, Dimensional Accuracy +/- 0.03 mm, 1 kg Spool, 1.75 mm, Yellow","<a_178><b_154><c_135> :: ids=[1851] :: fam=3d_filament :: HATCHBOX PLA 3D Printer Filament, Dimensional Accuracy +/- 0.03 mm, 1 kg Spool, 1.75 mm, Yellow
<a_178><b_252><c_162> :: ids=[1847] :: fam=3d_filament :: HATCHBOX PLA 3D Printer Filament, Dimensional Accuracy +/- 0.03 mm, 1 kg Spool, 1.75 mm, White
<a_178><b_165><c_148> :: ids=[2507] :: fam=3d_filament :: HATCHBOX PLA 3D Printer Filament, Dimensional Accuracy +/- 0.03 mm, 1 kg Spool, 1.75 mm, Silver
<a_178><b_154><c_50> :: ids=[444] :: fam=3d_filament :: HATCHBOX ABS 3D Printer Filament, Dimensional Accuracy +/- 0.03 mm, 1 kg Spool, 1.75 mm, White
<a_178><b_154><c_141> :: ids=[2472] :: fam=3d_filament :: HATCHBOX ABS 3D Printer Filament, Dimensional Accuracy +/- 0.03 mm, 1 kg Spool, 1.75 mm, Black"
r693_lost_vs_original_at10,1794,3d_filament,50,"HATCHBOX PLA 3D Printer Filament, Dimensional Accuracy +/- 0.03 mm, 1 kg Spool, 1.75 mm, Blue",2.0,21.0,L2_miss_after_L1_hit,0,0,"<a_107><b_93><c_0> :: ids=[181, 182] :: fam=gauge_meter :: AcuRite 00613 Humidity Monitor with Indoor Thermometer, Digital Hygrometer and Humidity Gauge Indicator / AcuRite 00613 Humidity Monitor with Indoor Thermometer, Digital Hygrometer
<a_223><b_198><c_36> :: ids=[50] :: fam=3d_filament :: HATCHBOX PLA 3D Printer Filament, Dimensional Accuracy +/- 0.03 mm, 1 kg Spool, 1.75 mm, Blue
<a_158><b_91><c_208> :: ids=[2807] :: fam=ventilation_fan :: VIVOSUN 6 Inch 440 CFM Inline Duct Ventilation Fan with Variable Speed Controller
<a_223><b_198><c_114> :: ids=[444] :: fam=3d_filament :: HATCHBOX ABS 3D Printer Filament, Dimensional Accuracy +/- 0.03 mm, 1 kg Spool, 1.75 mm, White
<a_197><b_170><c_216> :: ids=[2933] :: fam=3d_filament :: FlashForge Finder 3D Printers with Cloud, Wi-Fi, USB cable and Flash drive connectivity","<a_193><b_46><c_91> :: ids=[563] :: fam=3d_filament :: Foreasy 3D Printer Tool 3D Print Removal Tool Enhanced Version Set of 2
<a_108><b_5><c_155> :: ids=[894] :: fam=3d_filament :: Gizmo Dorks Kapton Tape for 3D Printers 6.25"" x 100'
<a_178><b_154><c_135> :: ids=[1851] :: fam=3d_filament :: HATCHBOX PLA 3D Printer Filament, Dimensional Accuracy +/- 0.03 mm, 1 kg Spool, 1.75 mm, Yellow
<a_108><b_178><c_51> :: ids=[3070] :: fam=tape :: MakerBot MP06077 Build Plate Tape, Replicator 5th Generation
<a_178><b_154><c_50> :: ids=[444] :: fam=3d_filament :: HATCHBOX ABS 3D Printer Filament, Dimensional Accuracy +/- 0.03 mm, 1 kg Spool, 1.75 mm, White"
r693_lost_vs_original_at10,1889,3d_filament,2659,"3D Solutech Apple Green 3D Printer PLA Filament 1.75MM Filament, Dimensional Accuracy +/- 0.03 mm, 2.2 LBS (1.0KG)",1.0,18.0,leaf_or_rank_miss_after_L2_hit,0,1,"<a_223><b_80><c_0> :: ids=[2659, 3557, 3631] :: fam=3d_filament :: 3D Solutech Apple Green 3D Printer PLA Filament 1.75MM Filament, Dimensional Accuracy +/- 0.03 mm, 2.2 LBS (1.0KG) / 3D Solutech Chocolate Brown 3D Printer PLA Filament 1.75MM Fila
<a_223><b_80><c_84> :: ids=[2909] :: fam=3d_filament :: 3D Solutech Silver Metal 3D Printer PLA Filament 1.75MM Filament, Dimensional Accuracy +/- 0.03 mm, 2.2 LBS (1.0KG) - PLA175TCMS
<a_223><b_80><c_3> :: ids=[3112, 3493] :: fam=3d_filament :: 3D Solutech Real Black 3D Printer PLA Filament 1.75MM Filament, Dimensional Accuracy +/- 0.03 mm, 2.2 LBS (1.0KG) - PLA175RBLK / 3D Solutech Printer Filament, Real Blue PLA, 1.75MM
<a_223><b_80><c_159> :: ids=[2697] :: fam=3d_filament :: 3D Solutech Real White 3D Printer PLA Filament 1.75MM Filament, Dimensional Accuracy +/- 0.03 mm, 2.2 LBS (1.0KG)
<a_223><b_80><c_91> :: ids=[3453] :: fam=3d_filament :: 3D Solutech Real Gold 3D Printer PLA Filament 1.75MM Filament, Dimensional Accuracy +/- 0.03 mm, 2.2 LBS (1.0KG)","<a_178><b_14><c_6> :: ids=[2909, 3494] :: fam=3d_filament :: 3D Solutech Silver Metal 3D Printer PLA Filament 1.75MM Filament, Dimensional Accuracy +/- 0.03 mm, 2.2 LBS (1.0KG) - PLA175TCMS / 3D Solutech Real Yellow 3D Printer PLA Filament 1
<a_178><b_14><c_94> :: ids=[3112] :: fam=3d_filament :: 3D Solutech Real Black 3D Printer PLA Filament 1.75MM Filament, Dimensional Accuracy +/- 0.03 mm, 2.2 LBS (1.0KG) - PLA175RBLK
<a_178><b_14><c_107> :: ids=[2161] :: fam=3d_filament :: 3D Solutech Natural Clear 1.75mm 3D Printer PLA Filament, Dimensional Accuracy +/- 0.03 mm, 2.2 LBS (1.0KG)
<a_178><b_14><c_75> :: ids=[2697] :: fam=3d_filament :: 3D Solutech Real White 3D Printer PLA Filament 1.75MM Filament, Dimensional Accuracy +/- 0.03 mm, 2.2 LBS (1.0KG)
<a_178><b_14><c_135> :: ids=[2993] :: fam=3d_filament :: 3D Solutech Blue 3D Printer Ultra PLA Filament 1.75MM Filament, Dimensional Accuracy +/- 0.03 mm, 2.2 LBS (1.0KG)"
r693_lost_vs_original_at10,1942,3d_filament,444,"HATCHBOX ABS 3D Printer Filament, Dimensional Accuracy +/- 0.03 mm, 1 kg Spool, 1.75 mm, White",3.0,14.0,leaf_or_rank_miss_after_L2_hit,0,1,"<a_223><b_198><c_230> :: ids=[1107] :: fam=3d_filament :: HATCHBOX PLA 3D Printer Filament, Dimensional Accuracy +/- 0.03 mm, 1 kg Spool, 1.75 mm, Glow in the Dark
<a_223><b_160><c_251> :: ids=[2477] :: fam=3d_filament :: BAMtack! 1.75mm Black PLA 3D Printer Filament - 1kg (2.2 lbs) - Dimensional Accuracy +/- 0.03mm
<a_223><b_198><c_114> :: ids=[444] :: fam=3d_filament :: HATCHBOX ABS 3D Printer Filament, Dimensional Accuracy +/- 0.03 mm, 1 kg Spool, 1.75 mm, White
<a_223><b_198><c_6> :: ids=[2472] :: fam=3d_filament :: HATCHBOX ABS 3D Printer Filament, Dimensional Accuracy +/- 0.03 mm, 1 kg Spool, 1.75 mm, Black
<a_223><b_198><c_182> :: ids=[1850] :: fam=3d_filament :: HATCHBOX PLA 3D Printer Filament, Dimensional Accuracy +/- 0.03 mm, 1 kg Spool, 1.75 mm, Red","<a_178><b_165><c_148> :: ids=[2507] :: fam=3d_filament :: HATCHBOX PLA 3D Printer Filament, Dimensional Accuracy +/- 0.03 mm, 1 kg Spool, 1.75 mm, Silver
<a_178><b_165><c_53> :: ids=[50] :: fam=3d_filament :: HATCHBOX PLA 3D Printer Filament, Dimensional Accuracy +/- 0.03 mm, 1 kg Spool, 1.75 mm, Blue
<a_178><b_252><c_162> :: ids=[1847] :: fam=3d_filament :: HATCHBOX PLA 3D Printer Filament, Dimensional Accuracy +/- 0.03 mm, 1 kg Spool, 1.75 mm, White
<a_178><b_154><c_135> :: ids=[1851] :: fam=3d_filament :: HATCHBOX PLA 3D Printer Filament, Dimensional Accuracy +/- 0.03 mm, 1 kg Spool, 1.75 mm, Yellow
<a_178><b_150><c_117> :: ids=[2544] :: fam=3d_filament :: SainSmart Clear Flexible TPU 3D Printing Filament, 1.75 mm, 0.8 kg, Dimensional Accuracy +/- 0.05 mm"
r693_lost_vs_original_at10,2227,3d_filament,2660,"3D Solutech Real Grey 3D Printer PLA Filament 1.75MM Filament, Dimensional Accuracy +/- 0.03 mm, 2.2 LBS (1.0KG)",5.0,,leaf_or_rank_miss_after_L2_hit,0,0,"<a_223><b_80><c_3> :: ids=[3112, 3493] :: fam=3d_filament :: 3D Solutech Real Black 3D Printer PLA Filament 1.75MM Filament, Dimensional Accuracy +/- 0.03 mm, 2.2 LBS (1.0KG) - PLA175RBLK / 3D Solutech Printer Filament, Real Blue PLA, 1.75MM
<a_223><b_80><c_159> :: ids=[2697] :: fam=3d_filament :: 3D Solutech Real White 3D Printer PLA Filament 1.75MM Filament, Dimensional Accuracy +/- 0.03 mm, 2.2 LBS (1.0KG)
<a_223><b_80><c_84> :: ids=[2909] :: fam=3d_filament :: 3D Solutech Silver Metal 3D Printer PLA Filament 1.75MM Filament, Dimensional Accuracy +/- 0.03 mm, 2.2 LBS (1.0KG) - PLA175TCMS
<a_223><b_80><c_0> :: ids=[2659, 3557, 3631] :: fam=3d_filament :: 3D Solutech Apple Green 3D Printer PLA Filament 1.75MM Filament, Dimensional Accuracy +/- 0.03 mm, 2.2 LBS (1.0KG) / 3D Solutech Chocolate Brown 3D Printer PLA Filament 1.75MM Fila
<a_223><b_80><c_158> :: ids=[2660] :: fam=3d_filament :: 3D Solutech Real Grey 3D Printer PLA Filament 1.75MM Filament, Dimensional Accuracy +/- 0.03 mm, 2.2 LBS (1.0KG)","<a_115><b_235><c_9> :: ids=[407] :: fam=gauge_meter :: Lucksender 100 Feet /30 Meter 1/4inch / 6mm I.D Polyolefin 2:1 Heat Shrink Tubing
<a_109><b_17><c_3> :: ids=[1205] :: fam=other :: PEI (Polyetherimide) Sheet, Opaque Off-White, Standard Tolerance, ASTM D5205 PEI0113, 0.03"" Thickness, 12"" Width, 24"" Length
<a_178><b_14><c_6> :: ids=[2909, 3494] :: fam=3d_filament :: 3D Solutech Silver Metal 3D Printer PLA Filament 1.75MM Filament, Dimensional Accuracy +/- 0.03 mm, 2.2 LBS (1.0KG) - PLA175TCMS / 3D Solutech Real Yellow 3D Printer PLA Filament 1
<a_134><b_254><c_47> :: ids=[145] :: fam=other :: Marrywindix 6pcs ESD Precision Anti-Static Tweezers, Tweezers Stainless Steel Tweezers with a Bag for Electronics Jewelry-Making Repairing
<a_193><b_46><c_91> :: ids=[563] :: fam=3d_filament :: Foreasy 3D Printer Tool 3D Print Removal Tool Enhanced Version Set of 2"
r693_lost_vs_original_at10,2259,3d_filament,2660,"3D Solutech Real Grey 3D Printer PLA Filament 1.75MM Filament, Dimensional Accuracy +/- 0.03 mm, 2.2 LBS (1.0KG)",6.0,17.0,leaf_or_rank_miss_after_L2_hit,0,1,"<a_223><b_80><c_101> :: ids=[3494] :: fam=3d_filament :: 3D Solutech Real Yellow 3D Printer PLA Filament 1.75MM Filament, Dimensional Accuracy +/- 0.03 mm, 2.2 LBS (1.0KG)
<a_223><b_80><c_0> :: ids=[2659, 3557, 3631] :: fam=3d_filament :: 3D Solutech Apple Green 3D Printer PLA Filament 1.75MM Filament, Dimensional Accuracy +/- 0.03 mm, 2.2 LBS (1.0KG) / 3D Solutech Chocolate Brown 3D Printer PLA Filament 1.75MM Fila
<a_223><b_80><c_3> :: ids=[3112, 3493] :: fam=3d_filament :: 3D Solutech Real Black 3D Printer PLA Filament 1.75MM Filament, Dimensional Accuracy +/- 0.03 mm, 2.2 LBS (1.0KG) - PLA175RBLK / 3D Solutech Printer Filament, Real Blue PLA, 1.75MM
<a_223><b_80><c_84> :: ids=[2909] :: fam=3d_filament :: 3D Solutech Silver Metal 3D Printer PLA Filament 1.75MM Filament, Dimensional Accuracy +/- 0.03 mm, 2.2 LBS (1.0KG) - PLA175TCMS
<a_223><b_80><c_159> :: ids=[2697] :: fam=3d_filament :: 3D Solutech Real White 3D Printer PLA Filament 1.75MM Filament, Dimensional Accuracy +/- 0.03 mm, 2.2 LBS (1.0KG)","<a_178><b_14><c_6> :: ids=[2909, 3494] :: fam=3d_filament :: 3D Solutech Silver Metal 3D Printer PLA Filament 1.75MM Filament, Dimensional Accuracy +/- 0.03 mm, 2.2 LBS (1.0KG) - PLA175TCMS / 3D Solutech Real Yellow 3D Printer PLA Filament 1
<a_178><b_14><c_107> :: ids=[2161] :: fam=3d_filament :: 3D Solutech Natural Clear 1.75mm 3D Printer PLA Filament, Dimensional Accuracy +/- 0.03 mm, 2.2 LBS (1.0KG)
<a_178><b_14><c_94> :: ids=[3112] :: fam=3d_filament :: 3D Solutech Real Black 3D Printer PLA Filament 1.75MM Filament, Dimensional Accuracy +/- 0.03 mm, 2.2 LBS (1.0KG) - PLA175RBLK
<a_178><b_14><c_135> :: ids=[2993] :: fam=3d_filament :: 3D Solutech Blue 3D Printer Ultra PLA Filament 1.75MM Filament, Dimensional Accuracy +/- 0.03 mm, 2.2 LBS (1.0KG)
<a_178><b_14><c_75> :: ids=[2697] :: fam=3d_filament :: 3D Solutech Real White 3D Printer PLA Filament 1.75MM Filament, Dimensional Accuracy +/- 0.03 mm, 2.2 LBS (1.0KG)"
r693_lost_vs_original_at10,2342,3d_filament,2659,"3D Solutech Apple Green 3D Printer PLA Filament 1.75MM Filament, Dimensional Accuracy +/- 0.03 mm, 2.2 LBS (1.0KG)",1.0,13.0,leaf_or_rank_miss_after_L2_hit,0,2,"<a_223><b_80><c_0> :: ids=[2659, 3557, 3631] :: fam=3d_filament :: 3D Solutech Apple Green 3D Printer PLA Filament 1.75MM Filament, Dimensional Accuracy +/- 0.03 mm, 2.2 LBS (1.0KG) / 3D Solutech Chocolate Brown 3D Printer PLA Filament 1.75MM Fila
<a_223><b_80><c_101> :: ids=[3494] :: fam=3d_filament :: 3D Solutech Real Yellow 3D Printer PLA Filament 1.75MM Filament, Dimensional Accuracy +/- 0.03 mm, 2.2 LBS (1.0KG)
<a_223><b_80><c_3> :: ids=[3112, 3493] :: fam=3d_filament :: 3D Solutech Real Black 3D Printer PLA Filament 1.75MM Filament, Dimensional Accuracy +/- 0.03 mm, 2.2 LBS (1.0KG) - PLA175RBLK / 3D Solutech Printer Filament, Real Blue PLA, 1.75MM
<a_223><b_80><c_84> :: ids=[2909] :: fam=3d_filament :: 3D Solutech Silver Metal 3D Printer PLA Filament 1.75MM Filament, Dimensional Accuracy +/- 0.03 mm, 2.2 LBS (1.0KG) - PLA175TCMS
<a_223><b_80><c_140> :: ids=[2161] :: fam=3d_filament :: 3D Solutech Natural Clear 1.75mm 3D Printer PLA Filament, Dimensional Accuracy +/- 0.03 mm, 2.2 LBS (1.0KG)","<a_178><b_14><c_6> :: ids=[2909, 3494] :: fam=3d_filament :: 3D Solutech Silver Metal 3D Printer PLA Filament 1.75MM Filament, Dimensional Accuracy +/- 0.03 mm, 2.2 LBS (1.0KG) - PLA175TCMS / 3D Solutech Real Yellow 3D Printer PLA Filament 1
<a_178><b_14><c_94> :: ids=[3112] :: fam=3d_filament :: 3D Solutech Real Black 3D Printer PLA Filament 1.75MM Filament, Dimensional Accuracy +/- 0.03 mm, 2.2 LBS (1.0KG) - PLA175RBLK
<a_178><b_14><c_135> :: ids=[2993] :: fam=3d_filament :: 3D Solutech Blue 3D Printer Ultra PLA Filament 1.75MM Filament, Dimensional Accuracy +/- 0.03 mm, 2.2 LBS (1.0KG)
<a_178><b_14><c_107> :: ids=[2161] :: fam=3d_filament :: 3D Solutech Natural Clear 1.75mm 3D Printer PLA Filament, Dimensional Accuracy +/- 0.03 mm, 2.2 LBS (1.0KG)
<a_178><b_14><c_75> :: ids=[2697] :: fam=3d_filament :: 3D Solutech Real White 3D Printer PLA Filament 1.75MM Filament, Dimensional Accuracy +/- 0.03 mm, 2.2 LBS (1.0KG)"
r693_lost_vs_original_at10,2385,3d_filament,2660,"3D Solutech Real Grey 3D Printer PLA Filament 1.75MM Filament, Dimensional Accuracy +/- 0.03 mm, 2.2 LBS (1.0KG)",4.0,34.0,leaf_or_rank_miss_after_L2_hit,0,1,"<a_223><b_80><c_84> :: ids=[2909] :: fam=3d_filament :: 3D Solutech Silver Metal 3D Printer PLA Filament 1.75MM Filament, Dimensional Accuracy +/- 0.03 mm, 2.2 LBS (1.0KG) - PLA175TCMS
<a_223><b_80><c_3> :: ids=[3112, 3493] :: fam=3d_filament :: 3D Solutech Real Black 3D Printer PLA Filament 1.75MM Filament, Dimensional Accuracy +/- 0.03 mm, 2.2 LBS (1.0KG) - PLA175RBLK / 3D Solutech Printer Filament, Real Blue PLA, 1.75MM
<a_223><b_80><c_0> :: ids=[2659, 3557, 3631] :: fam=3d_filament :: 3D Solutech Apple Green 3D Printer PLA Filament 1.75MM Filament, Dimensional Accuracy +/- 0.03 mm, 2.2 LBS (1.0KG) / 3D Solutech Chocolate Brown 3D Printer PLA Filament 1.75MM Fila
<a_223><b_80><c_158> :: ids=[2660] :: fam=3d_filament :: 3D Solutech Real Grey 3D Printer PLA Filament 1.75MM Filament, Dimensional Accuracy +/- 0.03 mm, 2.2 LBS (1.0KG)
<a_223><b_80><c_159> :: ids=[2697] :: fam=3d_filament :: 3D Solutech Real White 3D Printer PLA Filament 1.75MM Filament, Dimensional Accuracy +/- 0.03 mm, 2.2 LBS (1.0KG)","<a_178><b_14><c_6> :: ids=[2909, 3494] :: fam=3d_filament :: 3D Solutech Silver Metal 3D Printer PLA Filament 1.75MM Filament, Dimensional Accuracy +/- 0.03 mm, 2.2 LBS (1.0KG) - PLA175TCMS / 3D Solutech Real Yellow 3D Printer PLA Filament 1
<a_178><b_14><c_107> :: ids=[2161] :: fam=3d_filament :: 3D Solutech Natural Clear 1.75mm 3D Printer PLA Filament, Dimensional Accuracy +/- 0.03 mm, 2.2 LBS (1.0KG)
<a_178><b_14><c_94> :: ids=[3112] :: fam=3d_filament :: 3D Solutech Real Black 3D Printer PLA Filament 1.75MM Filament, Dimensional Accuracy +/- 0.03 mm, 2.2 LBS (1.0KG) - PLA175RBLK
<a_82><b_180><c_246> :: ids=[3154] :: fam=3d_filament :: TwoUp 3D Printer Kit 7"" x 7"" x 5"" Build Dimensions 50 Micron 1.75mm PLA Filament
<a_178><b_14><c_135> :: ids=[2993] :: fam=3d_filament :: 3D Solutech Blue 3D Printer Ultra PLA Filament 1.75MM Filament, Dimensional Accuracy +/- 0.03 mm, 2.2 LBS (1.0KG)"
r693_lost_vs_original_at10,2416,3d_filament,1850,"HATCHBOX PLA 3D Printer Filament, Dimensional Accuracy +/- 0.03 mm, 1 kg Spool, 1.75 mm, Red",1.0,18.0,leaf_or_rank_miss_after_L2_hit,0,1,"<a_223><b_198><c_182> :: ids=[1850] :: fam=3d_filament :: HATCHBOX PLA 3D Printer Filament, Dimensional Accuracy +/- 0.03 mm, 1 kg Spool, 1.75 mm, Red
<a_223><b_198><c_114> :: ids=[444] :: fam=3d_filament :: HATCHBOX ABS 3D Printer Filament, Dimensional Accuracy +/- 0.03 mm, 1 kg Spool, 1.75 mm, White
<a_223><b_198><c_230> :: ids=[1107] :: fam=3d_filament :: HATCHBOX PLA 3D Printer Filament, Dimensional Accuracy +/- 0.03 mm, 1 kg Spool, 1.75 mm, Glow in the Dark
<a_223><b_198><c_214> :: ids=[1573] :: fam=3d_filament :: HATCHBOX PLA 3D Printer Filament, Dimensional Accuracy +/- 0.03 mm, 1 kg Spool, 1.75 mm, Orange
<a_223><b_198><c_36> :: ids=[50] :: fam=3d_filament :: HATCHBOX PLA 3D Printer Filament, Dimensional Accuracy +/- 0.03 mm, 1 kg Spool, 1.75 mm, Blue","<a_178><b_252><c_162> :: ids=[1847] :: fam=3d_filament :: HATCHBOX PLA 3D Printer Filament, Dimensional Accuracy +/- 0.03 mm, 1 kg Spool, 1.75 mm, White
<a_178><b_165><c_148> :: ids=[2507] :: fam=3d_filament :: HATCHBOX PLA 3D Printer Filament, Dimensional Accuracy +/- 0.03 mm, 1 kg Spool, 1.75 mm, Silver
<a_109><b_17><c_3> :: ids=[1205] :: fam=other :: PEI (Polyetherimide) Sheet, Opaque Off-White, Standard Tolerance, ASTM D5205 PEI0113, 0.03"" Thickness, 12"" Width, 24"" Length
<a_178><b_154><c_141> :: ids=[2472] :: fam=3d_filament :: HATCHBOX ABS 3D Printer Filament, Dimensional Accuracy +/- 0.03 mm, 1 kg Spool, 1.75 mm, Black
<a_178><b_154><c_50> :: ids=[444] :: fam=3d_filament :: HATCHBOX ABS 3D Printer Filament, Dimensional Accuracy +/- 0.03 mm, 1 kg Spool, 1.75 mm, White"
r693_lost_vs_original_at10,3041,3d_filament,2697,"3D Solutech Real White 3D Printer PLA Filament 1.75MM Filament, Dimensional Accuracy +/- 0.03 mm, 2.2 LBS (1.0KG)",4.0,41.0,leaf_or_rank_miss_after_L2_hit,0,0,"<a_223><b_80><c_3> :: ids=[3112, 3493] :: fam=3d_filament :: 3D Solutech Real Black 3D Printer PLA Filament 1.75MM Filament, Dimensional Accuracy +/- 0.03 mm, 2.2 LBS (1.0KG) - PLA175RBLK / 3D Solutech Printer Filament, Real Blue PLA, 1.75MM
<a_223><b_80><c_158> :: ids=[2660] :: fam=3d_filament :: 3D Solutech Real Grey 3D Printer PLA Filament 1.75MM Filament, Dimensional Accuracy +/- 0.03 mm, 2.2 LBS (1.0KG)
<a_223><b_80><c_0> :: ids=[2659, 3557, 3631] :: fam=3d_filament :: 3D Solutech Apple Green 3D Printer PLA Filament 1.75MM Filament, Dimensional Accuracy +/- 0.03 mm, 2.2 LBS (1.0KG) / 3D Solutech Chocolate Brown 3D Printer PLA Filament 1.75MM Fila
<a_223><b_80><c_159> :: ids=[2697] :: fam=3d_filament :: 3D Solutech Real White 3D Printer PLA Filament 1.75MM Filament, Dimensional Accuracy +/- 0.03 mm, 2.2 LBS (1.0KG)
<a_223><b_80><c_84> :: ids=[2909] :: fam=3d_filament :: 3D Solutech Silver Metal 3D Printer PLA Filament 1.75MM Filament, Dimensional Accuracy +/- 0.03 mm, 2.2 LBS (1.0KG) - PLA175TCMS","<a_178><b_150><c_117> :: ids=[2544] :: fam=3d_filament :: SainSmart Clear Flexible TPU 3D Printing Filament, 1.75 mm, 0.8 kg, Dimensional Accuracy +/- 0.05 mm
<a_178><b_165><c_148> :: ids=[2507] :: fam=3d_filament :: HATCHBOX PLA 3D Printer Filament, Dimensional Accuracy +/- 0.03 mm, 1 kg Spool, 1.75 mm, Silver
<a_212><b_69><c_91> :: ids=[3216] :: fam=3d_filament :: 3D Printer Head(6PCS),6PCS 3D Printer 0.4mm Extruder Brass Nozzle Print Head for MK8 1.75mm ABS PLA Printer(0.4mm)
<a_178><b_14><c_6> :: ids=[2909, 3494] :: fam=3d_filament :: 3D Solutech Silver Metal 3D Printer PLA Filament 1.75MM Filament, Dimensional Accuracy +/- 0.03 mm, 2.2 LBS (1.0KG) - PLA175TCMS / 3D Solutech Real Yellow 3D Printer PLA Filament 1
<a_193><b_46><c_91> :: ids=[563] :: fam=3d_filament :: Foreasy 3D Printer Tool 3D Print Removal Tool Enhanced Version Set of 2"
r693_lost_vs_original_at10,3058,3d_filament,3151,Anycubic Pulley Version Unassemble Delta Rostock 3D Printer Kossel Kit Large Print Size with Heatbed and Power Supply,2.0,,L2_miss_after_L1_hit,0,2,"<a_158><b_245><c_180> :: ids=[1206] :: fam=3d_filament :: eSUN 1.75mm Black PLA PRO (PLA+) 3D Printer Filament 1KG Spool (2.2lbs), Black
<a_158><b_211><c_119> :: ids=[3151] :: fam=3d_filament :: Anycubic Pulley Version Unassemble Delta Rostock 3D Printer Kossel Kit Large Print Size with Heatbed and Power Supply
<a_158><b_79><c_187> :: ids=[2940] :: fam=3d_filament :: [REPRAPGURU] RAMPS 1.4 Controller Board for RepRap 3D Printer
<a_158><b_42><c_223> :: ids=[2385] :: fam=3d_filament :: [3D CAM] 2 PCS Flexible Couplings 5mm to 8mm NEMA 17 Shaft for RepRap 3D Printer or CNC Machine
<a_158><b_206><c_223> :: ids=[2719] :: fam=3d_filament :: MeltInk3D Silver PLA 3D Printer Filament &Oslash; 1.75mm, 1Kg (2.2 Lb), MADE in U.S.A, Dimensional Accuracy: &plusmn; 0.05mm","<a_178><b_150><c_117> :: ids=[2544] :: fam=3d_filament :: SainSmart Clear Flexible TPU 3D Printing Filament, 1.75 mm, 0.8 kg, Dimensional Accuracy +/- 0.05 mm
<a_220><b_114><c_145> :: ids=[2932] :: fam=3d_filament :: Inland 1.75mm Blue PLA 3D Printer Filament - 1kg Spool (2.2 lbs)
<a_178><b_150><c_186> :: ids=[2714] :: fam=3d_filament :: NinjaFlex TPU 3D Printing Filament - 1.75mm .50kg - SAPPHIRE
<a_178><b_165><c_148> :: ids=[2507] :: fam=3d_filament :: HATCHBOX PLA 3D Printer Filament, Dimensional Accuracy +/- 0.03 mm, 1 kg Spool, 1.75 mm, Silver
<a_178><b_46><c_65> :: ids=[2333] :: fam=3d_filament :: eSUN 3D Printer CLEANING Filament 1.75mm Natural 0.1kg for all 1.75mm FDM 3D Printers, 1.75mm Cleaning"
r693_lost_vs_original_at10,3141,3d_filament,3557,3D Solutech Chocolate Brown 3D Printer PLA Filament 1.75MM Filament 2.2 LBS (1.0KG),3.0,21.0,leaf_or_rank_miss_after_L2_hit,0,0,"<a_223><b_80><c_158> :: ids=[2660] :: fam=3d_filament :: 3D Solutech Real Grey 3D Printer PLA Filament 1.75MM Filament, Dimensional Accuracy +/- 0.03 mm, 2.2 LBS (1.0KG)
<a_223><b_80><c_3> :: ids=[3112, 3493] :: fam=3d_filament :: 3D Solutech Real Black 3D Printer PLA Filament 1.75MM Filament, Dimensional Accuracy +/- 0.03 mm, 2.2 LBS (1.0KG) - PLA175RBLK / 3D Solutech Printer Filament, Real Blue PLA, 1.75MM
<a_223><b_80><c_0> :: ids=[2659, 3557, 3631] :: fam=3d_filament :: 3D Solutech Apple Green 3D Printer PLA Filament 1.75MM Filament, Dimensional Accuracy +/- 0.03 mm, 2.2 LBS (1.0KG) / 3D Solutech Chocolate Brown 3D Printer PLA Filament 1.75MM Fila
<a_223><b_80><c_84> :: ids=[2909] :: fam=3d_filament :: 3D Solutech Silver Metal 3D Printer PLA Filament 1.75MM Filament, Dimensional Accuracy +/- 0.03 mm, 2.2 LBS (1.0KG) - PLA175TCMS
<a_223><b_80><c_101> :: ids=[3494] :: fam=3d_filament :: 3D Solutech Real Yellow 3D Printer PLA Filament 1.75MM Filament, Dimensional Accuracy +/- 0.03 mm, 2.2 LBS (1.0KG)","<a_178><b_14><c_6> :: ids=[2909, 3494] :: fam=3d_filament :: 3D Solutech Silver Metal 3D Printer PLA Filament 1.75MM Filament, Dimensional Accuracy +/- 0.03 mm, 2.2 LBS (1.0KG) - PLA175TCMS / 3D Solutech Real Yellow 3D Printer PLA Filament 1
<a_109><b_17><c_3> :: ids=[1205] :: fam=other :: PEI (Polyetherimide) Sheet, Opaque Off-White, Standard Tolerance, ASTM D5205 PEI0113, 0.03"" Thickness, 12"" Width, 24"" Length
<a_193><b_228><c_165> :: ids=[2475] :: fam=other :: Gizmo Dorks 3D Print Removal Tool, 5-inch Blade
<a_197><b_173><c_161> :: ids=[84] :: fam=gauge_meter :: Neiko 01409A Electronic Digital Caliper with Extra Large LCD Screen | 0 - 12 Inches | Inch/Fractions/Millimeter Conversion
<a_178><b_14><c_107> :: ids=[2161] :: fam=3d_filament :: 3D Solutech Natural Clear 1.75mm 3D Printer PLA Filament, Dimensional Accuracy +/- 0.03 mm, 2.2 LBS (1.0KG)"
r693_lost_vs_original_at10,3159,3d_filament,1850,"HATCHBOX PLA 3D Printer Filament, Dimensional Accuracy +/- 0.03 mm, 1 kg Spool, 1.75 mm, Red",3.0,12.0,leaf_or_rank_miss_after_L2_hit,0,0,"<a_223><b_198><c_230> :: ids=[1107] :: fam=3d_filament :: HATCHBOX PLA 3D Printer Filament, Dimensional Accuracy +/- 0.03 mm, 1 kg Spool, 1.75 mm, Glow in the Dark
<a_223><b_198><c_36> :: ids=[50] :: fam=3d_filament :: HATCHBOX PLA 3D Printer Filament, Dimensional Accuracy +/- 0.03 mm, 1 kg Spool, 1.75 mm, Blue
<a_223><b_198><c_182> :: ids=[1850] :: fam=3d_filament :: HATCHBOX PLA 3D Printer Filament, Dimensional Accuracy +/- 0.03 mm, 1 kg Spool, 1.75 mm, Red
<a_223><b_198><c_9> :: ids=[1851] :: fam=3d_filament :: HATCHBOX PLA 3D Printer Filament, Dimensional Accuracy +/- 0.03 mm, 1 kg Spool, 1.75 mm, Yellow
<a_223><b_198><c_114> :: ids=[444] :: fam=3d_filament :: HATCHBOX ABS 3D Printer Filament, Dimensional Accuracy +/- 0.03 mm, 1 kg Spool, 1.75 mm, White","<a_178><b_252><c_162> :: ids=[1847] :: fam=3d_filament :: HATCHBOX PLA 3D Printer Filament, Dimensional Accuracy +/- 0.03 mm, 1 kg Spool, 1.75 mm, White
<a_178><b_154><c_135> :: ids=[1851] :: fam=3d_filament :: HATCHBOX PLA 3D Printer Filament, Dimensional Accuracy +/- 0.03 mm, 1 kg Spool, 1.75 mm, Yellow
<a_178><b_165><c_148> :: ids=[2507] :: fam=3d_filament :: HATCHBOX PLA 3D Printer Filament, Dimensional Accuracy +/- 0.03 mm, 1 kg Spool, 1.75 mm, Silver
<a_178><b_154><c_141> :: ids=[2472] :: fam=3d_filament :: HATCHBOX ABS 3D Printer Filament, Dimensional Accuracy +/- 0.03 mm, 1 kg Spool, 1.75 mm, Black
<a_178><b_165><c_53> :: ids=[50] :: fam=3d_filament :: HATCHBOX PLA 3D Printer Filament, Dimensional Accuracy +/- 0.03 mm, 1 kg Spool, 1.75 mm, Blue"
r693_lost_vs_original_at10,3225,3d_filament,2161,"3D Solutech Natural Clear 1.75mm 3D Printer PLA Filament, Dimensional Accuracy +/- 0.03 mm, 2.2 LBS (1.0KG)",8.0,24.0,leaf_or_rank_miss_after_L2_hit,0,2,"<a_223><b_80><c_84> :: ids=[2909] :: fam=3d_filament :: 3D Solutech Silver Metal 3D Printer PLA Filament 1.75MM Filament, Dimensional Accuracy +/- 0.03 mm, 2.2 LBS (1.0KG) - PLA175TCMS
<a_223><b_80><c_3> :: ids=[3112, 3493] :: fam=3d_filament :: 3D Solutech Real Black 3D Printer PLA Filament 1.75MM Filament, Dimensional Accuracy +/- 0.03 mm, 2.2 LBS (1.0KG) - PLA175RBLK / 3D Solutech Printer Filament, Real Blue PLA, 1.75MM
<a_223><b_80><c_101> :: ids=[3494] :: fam=3d_filament :: 3D Solutech Real Yellow 3D Printer PLA Filament 1.75MM Filament, Dimensional Accuracy +/- 0.03 mm, 2.2 LBS (1.0KG)
<a_223><b_96><c_140> :: ids=[3537] :: fam=3d_filament :: Smartbuy 1.75mm Yellow PLA 3D Printer Filament - 1kg Spool/Roll (2.2 lbs) - Dimensional Accuracy +/- 0.05mm
<a_223><b_160><c_251> :: ids=[2477] :: fam=3d_filament :: BAMtack! 1.75mm Black PLA 3D Printer Filament - 1kg (2.2 lbs) - Dimensional Accuracy +/- 0.03mm","<a_77><b_48><c_99> :: ids=[3613] :: fam=3d_filament :: iXCC Basic Series PLA 3D Printer Filament 1.75mm Diameter (Dimensional Accuracy +/- 0.05mm) - 1kg Spool (Approximately 2.2 lbs) [Red]
<a_178><b_150><c_117> :: ids=[2544] :: fam=3d_filament :: SainSmart Clear Flexible TPU 3D Printing Filament, 1.75 mm, 0.8 kg, Dimensional Accuracy +/- 0.05 mm
<a_193><b_228><c_165> :: ids=[2475] :: fam=other :: Gizmo Dorks 3D Print Removal Tool, 5-inch Blade
<a_178><b_165><c_148> :: ids=[2507] :: fam=3d_filament :: HATCHBOX PLA 3D Printer Filament, Dimensional Accuracy +/- 0.03 mm, 1 kg Spool, 1.75 mm, Silver
<a_178><b_14><c_6> :: ids=[2909, 3494] :: fam=3d_filament :: 3D Solutech Silver Metal 3D Printer PLA Filament 1.75MM Filament, Dimensional Accuracy +/- 0.03 mm, 2.2 LBS (1.0KG) - PLA175TCMS / 3D Solutech Real Yellow 3D Printer PLA Filament 1"
r693_lost_vs_original_at10,3345,3d_filament,1850,"HATCHBOX PLA 3D Printer Filament, Dimensional Accuracy +/- 0.03 mm, 1 kg Spool, 1.75 mm, Red",2.0,12.0,leaf_or_rank_miss_after_L2_hit,0,0,"<a_223><b_198><c_230> :: ids=[1107] :: fam=3d_filament :: HATCHBOX PLA 3D Printer Filament, Dimensional Accuracy +/- 0.03 mm, 1 kg Spool, 1.75 mm, Glow in the Dark
<a_223><b_198><c_182> :: ids=[1850] :: fam=3d_filament :: HATCHBOX PLA 3D Printer Filament, Dimensional Accuracy +/- 0.03 mm, 1 kg Spool, 1.75 mm, Red
<a_223><b_198><c_36> :: ids=[50] :: fam=3d_filament :: HATCHBOX PLA 3D Printer Filament, Dimensional Accuracy +/- 0.03 mm, 1 kg Spool, 1.75 mm, Blue
<a_223><b_198><c_9> :: ids=[1851] :: fam=3d_filament :: HATCHBOX PLA 3D Printer Filament, Dimensional Accuracy +/- 0.03 mm, 1 kg Spool, 1.75 mm, Yellow
<a_223><b_198><c_114> :: ids=[444] :: fam=3d_filament :: HATCHBOX ABS 3D Printer Filament, Dimensional Accuracy +/- 0.03 mm, 1 kg Spool, 1.75 mm, White","<a_178><b_154><c_135> :: ids=[1851] :: fam=3d_filament :: HATCHBOX PLA 3D Printer Filament, Dimensional Accuracy +/- 0.03 mm, 1 kg Spool, 1.75 mm, Yellow
<a_178><b_252><c_162> :: ids=[1847] :: fam=3d_filament :: HATCHBOX PLA 3D Printer Filament, Dimensional Accuracy +/- 0.03 mm, 1 kg Spool, 1.75 mm, White
<a_178><b_165><c_148> :: ids=[2507] :: fam=3d_filament :: HATCHBOX PLA 3D Printer Filament, Dimensional Accuracy +/- 0.03 mm, 1 kg Spool, 1.75 mm, Silver
<a_178><b_154><c_141> :: ids=[2472] :: fam=3d_filament :: HATCHBOX ABS 3D Printer Filament, Dimensional Accuracy +/- 0.03 mm, 1 kg Spool, 1.75 mm, Black
<a_178><b_165><c_53> :: ids=[50] :: fam=3d_filament :: HATCHBOX PLA 3D Printer Filament, Dimensional Accuracy +/- 0.03 mm, 1 kg Spool, 1.75 mm, Blue"
r693_lost_vs_original_at10,3368,3d_filament,2156,"Monoprice ABS 3D Printer Filament - White - 1kg Spool, 1.75mm Thick | For All ABS Compatible Printers",4.0,33.0,leaf_or_rank_miss_after_L2_hit,0,0,"<a_223><b_78><c_41> :: ids=[2716] :: fam=3d_filament :: 3D printer Filament 1.75 ABS Red 1kg 2.2lb 100% USA
<a_223><b_20><c_170> :: ids=[1847] :: fam=3d_filament :: HATCHBOX PLA 3D Printer Filament, Dimensional Accuracy +/- 0.03 mm, 1 kg Spool, 1.75 mm, White
<a_223><b_78><c_126> :: ids=[297] :: fam=3d_filament :: XYZprinting ABS Plastic Filament Cartridge, 1.75 mm Diameter, 600g, Black
<a_223><b_78><c_229> :: ids=[2156] :: fam=3d_filament :: Monoprice ABS 3D Printer Filament - White - 1kg Spool, 1.75mm Thick | For All ABS Compatible Printers
<a_223><b_242><c_216> :: ids=[2714] :: fam=3d_filament :: NinjaFlex TPU 3D Printing Filament - 1.75mm .50kg - SAPPHIRE","<a_178><b_12><c_24> :: ids=[162] :: fam=3d_filament :: USAFilament 9800429 ABS 3D Printing Filament, 2.2 lb, 1.75 mm, White Spool
<a_178><b_12><c_11> :: ids=[1845] :: fam=3d_filament :: Filament Outlet Blue PLA 1.75mm 3D Printer Filament 1kg (2.2lbs) spool USA
<a_178><b_154><c_141> :: ids=[2472] :: fam=3d_filament :: HATCHBOX ABS 3D Printer Filament, Dimensional Accuracy +/- 0.03 mm, 1 kg Spool, 1.75 mm, Black
<a_178><b_154><c_24> :: ids=[2582] :: fam=3d_filament :: HATCHBOX ABS 3D Printer Filament, Dimensional Accuracy +/- 0.03 mm, 1 kg Spool, 1.75 mm, Orange
<a_178><b_154><c_50> :: ids=[444] :: fam=3d_filament :: HATCHBOX ABS 3D Printer Filament, Dimensional Accuracy +/- 0.03 mm, 1 kg Spool, 1.75 mm, White"
r693_lost_vs_original_at10,3602,3d_filament,1553,Inland 1.75mm Red PLA 3D Printer Filament - 1kg Spool (2.2 lbs),4.0,,leaf_or_rank_miss_after_L2_hit,0,1,"<a_158><b_72><c_88> :: ids=[2979] :: fam=3d_filament :: Inland 1.75mm Gray PLA 3D Printer Filament - 1kg Spool (2.2 lbs)
<a_158><b_72><c_232> :: ids=[2734] :: fam=3d_filament :: Inland 1.75mm White PLA 3D Printer Filament - 1kg Spool (2.2 lbs)
<a_158><b_72><c_219> :: ids=[2932] :: fam=3d_filament :: Inland 1.75mm Blue PLA 3D Printer Filament - 1kg Spool (2.2 lbs)
<a_158><b_72><c_191> :: ids=[1553] :: fam=3d_filament :: Inland 1.75mm Red PLA 3D Printer Filament - 1kg Spool (2.2 lbs)
<a_158><b_72><c_220> :: ids=[2718] :: fam=3d_filament :: Inland 1.75mm Pink PLA 3D Printer Filament - 1kg Spool (2.2 lbs)","<a_109><b_17><c_3> :: ids=[1205] :: fam=other :: PEI (Polyetherimide) Sheet, Opaque Off-White, Standard Tolerance, ASTM D5205 PEI0113, 0.03"" Thickness, 12"" Width, 24"" Length
<a_109><b_114><c_135> :: ids=[176] :: fam=other :: URBEST 530 Pcs 2:1 Heat Shrink Tubing Tube Sleeving Wrap Cable Wire 5 Color 8 Size
<a_243><b_5><c_253> :: ids=[1826] :: fam=other :: Stainless Steel 316L Seamless Round Tubing, 1/8"" OD, 0.027"" ID, 0.049"" Wall, 12"" Length
<a_243><b_159><c_162> :: ids=[1125] :: fam=gauge_meter :: 304 Stainless Steel Round Rod, Unpolished (Mill) Finish, Annealed, AMS 5639/ASTM A276/AMS QQ-S 763/ASTM A276, 0.625"" Diameter, 60"" Length
<a_243><b_239><c_131> :: ids=[3538] :: fam=3d_filament :: [3D CAM] 5 PCS PC4-M6 Pneumatic Straight Fitting for 4mm OD RepRap 3D Printer Bowden Tubing or other use"
r693_lost_vs_original_at10,3618,3d_filament,3414,"eSUN 1.75mm White ABS+ 3D Printer filament 1kg Spool (2.2lbs), White",2.0,11.0,L2_miss_after_L1_hit,0,0,"<a_223><b_198><c_114> :: ids=[444] :: fam=3d_filament :: HATCHBOX ABS 3D Printer Filament, Dimensional Accuracy +/- 0.03 mm, 1 kg Spool, 1.75 mm, White
<a_223><b_232><c_186> :: ids=[3414] :: fam=3d_filament :: eSUN 1.75mm White ABS+ 3D Printer filament 1kg Spool (2.2lbs), White
<a_223><b_126><c_0> :: ids=[2703] :: fam=3d_filament :: eSUN 3D 1.75mm PETG Black Filament 1kg (2.2lb), PETG 3D Printer Filament, 1.75mm Solid Opaque Black
<a_223><b_20><c_170> :: ids=[1847] :: fam=3d_filament :: HATCHBOX PLA 3D Printer Filament, Dimensional Accuracy +/- 0.03 mm, 1 kg Spool, 1.75 mm, White
<a_223><b_198><c_230> :: ids=[1107] :: fam=3d_filament :: HATCHBOX PLA 3D Printer Filament, Dimensional Accuracy +/- 0.03 mm, 1 kg Spool, 1.75 mm, Glow in the Dark","<a_178><b_46><c_65> :: ids=[2333] :: fam=3d_filament :: eSUN 3D Printer CLEANING Filament 1.75mm Natural 0.1kg for all 1.75mm FDM 3D Printers, 1.75mm Cleaning
<a_178><b_154><c_141> :: ids=[2472] :: fam=3d_filament :: HATCHBOX ABS 3D Printer Filament, Dimensional Accuracy +/- 0.03 mm, 1 kg Spool, 1.75 mm, Black
<a_178><b_156><c_58> :: ids=[2157] :: fam=3d_filament :: eSUN 3D 1.75mm PETG Blue Filament 1kg (2.2lb), PETG 3D Printer Filament, 1.75mm Semi-Transparent Blue
<a_178><b_12><c_24> :: ids=[162] :: fam=3d_filament :: USAFilament 9800429 ABS 3D Printing Filament, 2.2 lb, 1.75 mm, White Spool
<a_178><b_154><c_50> :: ids=[444] :: fam=3d_filament :: HATCHBOX ABS 3D Printer Filament, Dimensional Accuracy +/- 0.03 mm, 1 kg Spool, 1.75 mm, White"
r693_lost_vs_original_at10,3778,3d_filament,3151,Anycubic Pulley Version Unassemble Delta Rostock 3D Printer Kossel Kit Large Print Size with Heatbed and Power Supply,10.0,,L2_miss_after_L1_hit,0,0,"<a_251><b_198><c_140> :: ids=[1153] :: fam=gauge_meter :: 6061 Aluminum Round Rod, Unpolished (Mill) Finish, Extruded, T6511 Temper, ASTM B221, 2-1/4"" Diameter, 12"" Length
<a_251><b_164><c_181> :: ids=[3593] :: fam=other :: Linear Motion 8 mm Shaft, 30"" Length, Chrome Plated, Case Hardened, Metric
<a_91><b_10><c_71> :: ids=[2500] :: fam=other :: Micro Swiss MK10 All Metal Hotend Kit .4mm Nozzle WANHAO, FlashForge, Dremel Idea Builder
<a_251><b_202><c_191> :: ids=[3351] :: fam=gauge_meter :: 211 Silicone O-Ring, 70A Durometer, Red, 13/16"" ID, 1-1/16"" OD, 1/8"" Width (Pack of 5)
<a_251><b_228><c_214> :: ids=[613] :: fam=gauge_meter :: Remington Industries 22SNSP 22 AWG Magnet Wire, Enameled Copper Wire, 1.0 lb, 0.0263"" Diameter, 507' Length, Red","<a_220><b_114><c_145> :: ids=[2932] :: fam=3d_filament :: Inland 1.75mm Blue PLA 3D Printer Filament - 1kg Spool (2.2 lbs)
<a_220><b_114><c_53> :: ids=[2734] :: fam=3d_filament :: Inland 1.75mm White PLA 3D Printer Filament - 1kg Spool (2.2 lbs)
<a_220><b_114><c_165> :: ids=[3579] :: fam=3d_filament :: Inland 1.75mm Natural PETG 3D Printer Filament - 1kg Spool (2.2 Lbs)
<a_220><b_114><c_224> :: ids=[2979] :: fam=3d_filament :: Inland 1.75mm Gray PLA 3D Printer Filament - 1kg Spool (2.2 lbs)
<a_212><b_17><c_91> :: ids=[2926] :: fam=3d_filament :: HICTOP 5 Pieces 3D Printer Extruder Hotend 1.75mm Nozzle Throat for Reprap Prusa I3"
r693_lost_vs_original_at10,3792,3d_filament,3112,"3D Solutech Real Black 3D Printer PLA Filament 1.75MM Filament, Dimensional Accuracy +/- 0.03 mm, 2.2 LBS (1.0KG) - PLA175RBLK",2.0,46.0,L2_miss_after_L1_hit,0,1,"<a_223><b_198><c_100> :: ids=[2152] :: fam=3d_filament :: HATCHBOX PLA 3D Printer Filament, Dimensional Accuracy +/- 0.03 mm, 1 kg Spool, 1.75 mm, Gold
<a_223><b_80><c_3> :: ids=[3112, 3493] :: fam=3d_filament :: 3D Solutech Real Black 3D Printer PLA Filament 1.75MM Filament, Dimensional Accuracy +/- 0.03 mm, 2.2 LBS (1.0KG) - PLA175RBLK / 3D Solutech Printer Filament, Real Blue PLA, 1.75MM
<a_223><b_198><c_182> :: ids=[1850] :: fam=3d_filament :: HATCHBOX PLA 3D Printer Filament, Dimensional Accuracy +/- 0.03 mm, 1 kg Spool, 1.75 mm, Red
<a_223><b_198><c_114> :: ids=[444] :: fam=3d_filament :: HATCHBOX ABS 3D Printer Filament, Dimensional Accuracy +/- 0.03 mm, 1 kg Spool, 1.75 mm, White
<a_223><b_160><c_251> :: ids=[2477] :: fam=3d_filament :: BAMtack! 1.75mm Black PLA 3D Printer Filament - 1kg (2.2 lbs) - Dimensional Accuracy +/- 0.03mm","<a_178><b_165><c_148> :: ids=[2507] :: fam=3d_filament :: HATCHBOX PLA 3D Printer Filament, Dimensional Accuracy +/- 0.03 mm, 1 kg Spool, 1.75 mm, Silver
<a_178><b_150><c_117> :: ids=[2544] :: fam=3d_filament :: SainSmart Clear Flexible TPU 3D Printing Filament, 1.75 mm, 0.8 kg, Dimensional Accuracy +/- 0.05 mm
<a_178><b_165><c_53> :: ids=[50] :: fam=3d_filament :: HATCHBOX PLA 3D Printer Filament, Dimensional Accuracy +/- 0.03 mm, 1 kg Spool, 1.75 mm, Blue
<a_178><b_165><c_9> :: ids=[2152] :: fam=3d_filament :: HATCHBOX PLA 3D Printer Filament, Dimensional Accuracy +/- 0.03 mm, 1 kg Spool, 1.75 mm, Gold
<a_178><b_165><c_4> :: ids=[1107] :: fam=3d_filament :: HATCHBOX PLA 3D Printer Filament, Dimensional Accuracy +/- 0.03 mm, 1 kg Spool, 1.75 mm, Glow in the Dark"
r693_lost_vs_original_at10,3824,3d_filament,3557,3D Solutech Chocolate Brown 3D Printer PLA Filament 1.75MM Filament 2.2 LBS (1.0KG),5.0,15.0,leaf_or_rank_miss_after_L2_hit,0,1,"<a_223><b_246><c_0> :: ids=[3468] :: fam=3d_filament :: 3D Solutech Real Green 3D Printer PLA Filament 1.75MM Filament, Dimensional Accuracy +/- 0.03 mm, 2.2 LBS (1.0KG)
<a_223><b_246><c_2> :: ids=[2721] :: fam=3d_filament :: 3D Solutech Navy Blue 3D Printer PLA Filament 1.75MM Filament, Dimensional Accuracy +/- 0.03 mm, 2.2 LBS (1.0KG)
<a_223><b_80><c_84> :: ids=[2909] :: fam=3d_filament :: 3D Solutech Silver Metal 3D Printer PLA Filament 1.75MM Filament, Dimensional Accuracy +/- 0.03 mm, 2.2 LBS (1.0KG) - PLA175TCMS
<a_223><b_80><c_159> :: ids=[2697] :: fam=3d_filament :: 3D Solutech Real White 3D Printer PLA Filament 1.75MM Filament, Dimensional Accuracy +/- 0.03 mm, 2.2 LBS (1.0KG)
<a_223><b_80><c_0> :: ids=[2659, 3557, 3631] :: fam=3d_filament :: 3D Solutech Apple Green 3D Printer PLA Filament 1.75MM Filament, Dimensional Accuracy +/- 0.03 mm, 2.2 LBS (1.0KG) / 3D Solutech Chocolate Brown 3D Printer PLA Filament 1.75MM Fila","<a_178><b_14><c_6> :: ids=[2909, 3494] :: fam=3d_filament :: 3D Solutech Silver Metal 3D Printer PLA Filament 1.75MM Filament, Dimensional Accuracy +/- 0.03 mm, 2.2 LBS (1.0KG) - PLA175TCMS / 3D Solutech Real Yellow 3D Printer PLA Filament 1
<a_77><b_48><c_99> :: ids=[3613] :: fam=3d_filament :: iXCC Basic Series PLA 3D Printer Filament 1.75mm Diameter (Dimensional Accuracy +/- 0.05mm) - 1kg Spool (Approximately 2.2 lbs) [Red]
<a_178><b_14><c_94> :: ids=[3112] :: fam=3d_filament :: 3D Solutech Real Black 3D Printer PLA Filament 1.75MM Filament, Dimensional Accuracy +/- 0.03 mm, 2.2 LBS (1.0KG) - PLA175RBLK
<a_178><b_150><c_186> :: ids=[2714] :: fam=3d_filament :: NinjaFlex TPU 3D Printing Filament - 1.75mm .50kg - SAPPHIRE
<a_178><b_14><c_107> :: ids=[2161] :: fam=3d_filament :: 3D Solutech Natural Clear 1.75mm 3D Printer PLA Filament, Dimensional Accuracy +/- 0.03 mm, 2.2 LBS (1.0KG)"
r693_lost_vs_original_at10,3825,3d_filament,2660,"3D Solutech Real Grey 3D Printer PLA Filament 1.75MM Filament, Dimensional Accuracy +/- 0.03 mm, 2.2 LBS (1.0KG)",6.0,26.0,leaf_or_rank_miss_after_L2_hit,0,1,"<a_223><b_80><c_0> :: ids=[2659, 3557, 3631] :: fam=3d_filament :: 3D Solutech Apple Green 3D Printer PLA Filament 1.75MM Filament, Dimensional Accuracy +/- 0.03 mm, 2.2 LBS (1.0KG) / 3D Solutech Chocolate Brown 3D Printer PLA Filament 1.75MM Fila
<a_223><b_80><c_84> :: ids=[2909] :: fam=3d_filament :: 3D Solutech Silver Metal 3D Printer PLA Filament 1.75MM Filament, Dimensional Accuracy +/- 0.03 mm, 2.2 LBS (1.0KG) - PLA175TCMS
<a_223><b_80><c_140> :: ids=[2161] :: fam=3d_filament :: 3D Solutech Natural Clear 1.75mm 3D Printer PLA Filament, Dimensional Accuracy +/- 0.03 mm, 2.2 LBS (1.0KG)
<a_223><b_80><c_3> :: ids=[3112, 3493] :: fam=3d_filament :: 3D Solutech Real Black 3D Printer PLA Filament 1.75MM Filament, Dimensional Accuracy +/- 0.03 mm, 2.2 LBS (1.0KG) - PLA175RBLK / 3D Solutech Printer Filament, Real Blue PLA, 1.75MM
<a_223><b_80><c_159> :: ids=[2697] :: fam=3d_filament :: 3D Solutech Real White 3D Printer PLA Filament 1.75MM Filament, Dimensional Accuracy +/- 0.03 mm, 2.2 LBS (1.0KG)","<a_178><b_14><c_6> :: ids=[2909, 3494] :: fam=3d_filament :: 3D Solutech Silver Metal 3D Printer PLA Filament 1.75MM Filament, Dimensional Accuracy +/- 0.03 mm, 2.2 LBS (1.0KG) - PLA175TCMS / 3D Solutech Real Yellow 3D Printer PLA Filament 1
<a_77><b_48><c_99> :: ids=[3613] :: fam=3d_filament :: iXCC Basic Series PLA 3D Printer Filament 1.75mm Diameter (Dimensional Accuracy +/- 0.05mm) - 1kg Spool (Approximately 2.2 lbs) [Red]
<a_178><b_14><c_94> :: ids=[3112] :: fam=3d_filament :: 3D Solutech Real Black 3D Printer PLA Filament 1.75MM Filament, Dimensional Accuracy +/- 0.03 mm, 2.2 LBS (1.0KG) - PLA175RBLK
<a_178><b_14><c_107> :: ids=[2161] :: fam=3d_filament :: 3D Solutech Natural Clear 1.75mm 3D Printer PLA Filament, Dimensional Accuracy +/- 0.03 mm, 2.2 LBS (1.0KG)
<a_178><b_14><c_135> :: ids=[2993] :: fam=3d_filament :: 3D Solutech Blue 3D Printer Ultra PLA Filament 1.75MM Filament, Dimensional Accuracy +/- 0.03 mm, 2.2 LBS (1.0KG)"
r693_lost_vs_original_at10,3832,3d_filament,1850,"HATCHBOX PLA 3D Printer Filament, Dimensional Accuracy +/- 0.03 mm, 1 kg Spool, 1.75 mm, Red",2.0,18.0,leaf_or_rank_miss_after_L2_hit,0,0,"<a_223><b_198><c_36> :: ids=[50] :: fam=3d_filament :: HATCHBOX PLA 3D Printer Filament, Dimensional Accuracy +/- 0.03 mm, 1 kg Spool, 1.75 mm, Blue
<a_223><b_198><c_182> :: ids=[1850] :: fam=3d_filament :: HATCHBOX PLA 3D Printer Filament, Dimensional Accuracy +/- 0.03 mm, 1 kg Spool, 1.75 mm, Red
<a_91><b_162><c_93> :: ids=[2333] :: fam=3d_filament :: eSUN 3D Printer CLEANING Filament 1.75mm Natural 0.1kg for all 1.75mm FDM 3D Printers, 1.75mm Cleaning
<a_36><b_200><c_165> :: ids=[1522] :: fam=gauge_meter :: Yosoo GM328 Lcd Display Transistor Tester ESR Meter Cymometer Square Wave Generator
<a_223><b_20><c_170> :: ids=[1847] :: fam=3d_filament :: HATCHBOX PLA 3D Printer Filament, Dimensional Accuracy +/- 0.03 mm, 1 kg Spool, 1.75 mm, White","<a_178><b_252><c_162> :: ids=[1847] :: fam=3d_filament :: HATCHBOX PLA 3D Printer Filament, Dimensional Accuracy +/- 0.03 mm, 1 kg Spool, 1.75 mm, White
<a_178><b_165><c_148> :: ids=[2507] :: fam=3d_filament :: HATCHBOX PLA 3D Printer Filament, Dimensional Accuracy +/- 0.03 mm, 1 kg Spool, 1.75 mm, Silver
<a_193><b_46><c_91> :: ids=[563] :: fam=3d_filament :: Foreasy 3D Printer Tool 3D Print Removal Tool Enhanced Version Set of 2
<a_178><b_165><c_53> :: ids=[50] :: fam=3d_filament :: HATCHBOX PLA 3D Printer Filament, Dimensional Accuracy +/- 0.03 mm, 1 kg Spool, 1.75 mm, Blue
<a_178><b_154><c_50> :: ids=[444] :: fam=3d_filament :: HATCHBOX ABS 3D Printer Filament, Dimensional Accuracy +/- 0.03 mm, 1 kg Spool, 1.75 mm, White"
r693_lost_vs_original_at10,3915,3d_filament,1107,"HATCHBOX PLA 3D Printer Filament, Dimensional Accuracy +/- 0.03 mm, 1 kg Spool, 1.75 mm, Glow in the Dark",2.0,11.0,leaf_or_rank_miss_after_L2_hit,0,1,"<a_223><b_198><c_36> :: ids=[50] :: fam=3d_filament :: HATCHBOX PLA 3D Printer Filament, Dimensional Accuracy +/- 0.03 mm, 1 kg Spool, 1.75 mm, Blue
<a_223><b_198><c_230> :: ids=[1107] :: fam=3d_filament :: HATCHBOX PLA 3D Printer Filament, Dimensional Accuracy +/- 0.03 mm, 1 kg Spool, 1.75 mm, Glow in the Dark
<a_223><b_20><c_170> :: ids=[1847] :: fam=3d_filament :: HATCHBOX PLA 3D Printer Filament, Dimensional Accuracy +/- 0.03 mm, 1 kg Spool, 1.75 mm, White
<a_223><b_198><c_114> :: ids=[444] :: fam=3d_filament :: HATCHBOX ABS 3D Printer Filament, Dimensional Accuracy +/- 0.03 mm, 1 kg Spool, 1.75 mm, White
<a_223><b_198><c_182> :: ids=[1850] :: fam=3d_filament :: HATCHBOX PLA 3D Printer Filament, Dimensional Accuracy +/- 0.03 mm, 1 kg Spool, 1.75 mm, Red","<a_178><b_154><c_141> :: ids=[2472] :: fam=3d_filament :: HATCHBOX ABS 3D Printer Filament, Dimensional Accuracy +/- 0.03 mm, 1 kg Spool, 1.75 mm, Black
<a_178><b_252><c_162> :: ids=[1847] :: fam=3d_filament :: HATCHBOX PLA 3D Printer Filament, Dimensional Accuracy +/- 0.03 mm, 1 kg Spool, 1.75 mm, White
<a_178><b_154><c_50> :: ids=[444] :: fam=3d_filament :: HATCHBOX ABS 3D Printer Filament, Dimensional Accuracy +/- 0.03 mm, 1 kg Spool, 1.75 mm, White
<a_178><b_165><c_148> :: ids=[2507] :: fam=3d_filament :: HATCHBOX PLA 3D Printer Filament, Dimensional Accuracy +/- 0.03 mm, 1 kg Spool, 1.75 mm, Silver
<a_178><b_165><c_53> :: ids=[50] :: fam=3d_filament :: HATCHBOX PLA 3D Printer Filament, Dimensional Accuracy +/- 0.03 mm, 1 kg Spool, 1.75 mm, Blue"
r693_lost_vs_original_at10,4016,3d_filament,3557,3D Solutech Chocolate Brown 3D Printer PLA Filament 1.75MM Filament 2.2 LBS (1.0KG),4.0,34.0,leaf_or_rank_miss_after_L2_hit,0,0,"<a_223><b_80><c_3> :: ids=[3112, 3493] :: fam=3d_filament :: 3D Solutech Real Black 3D Printer PLA Filament 1.75MM Filament, Dimensional Accuracy +/- 0.03 mm, 2.2 LBS (1.0KG) - PLA175RBLK / 3D Solutech Printer Filament, Real Blue PLA, 1.75MM
<a_223><b_198><c_36> :: ids=[50] :: fam=3d_filament :: HATCHBOX PLA 3D Printer Filament, Dimensional Accuracy +/- 0.03 mm, 1 kg Spool, 1.75 mm, Blue
<a_223><b_29><c_58> :: ids=[51] :: fam=3d_filament :: HATCHBOX 1 Spool 3D Printer Filament Tabletop Wall Mount Rack
<a_223><b_80><c_0> :: ids=[2659, 3557, 3631] :: fam=3d_filament :: 3D Solutech Apple Green 3D Printer PLA Filament 1.75MM Filament, Dimensional Accuracy +/- 0.03 mm, 2.2 LBS (1.0KG) / 3D Solutech Chocolate Brown 3D Printer PLA Filament 1.75MM Fila
<a_223><b_86><c_176> :: ids=[2544] :: fam=3d_filament :: SainSmart Clear Flexible TPU 3D Printing Filament, 1.75 mm, 0.8 kg, Dimensional Accuracy +/- 0.05 mm","<a_178><b_154><c_141> :: ids=[2472] :: fam=3d_filament :: HATCHBOX ABS 3D Printer Filament, Dimensional Accuracy +/- 0.03 mm, 1 kg Spool, 1.75 mm, Black
<a_178><b_14><c_6> :: ids=[2909, 3494] :: fam=3d_filament :: 3D Solutech Silver Metal 3D Printer PLA Filament 1.75MM Filament, Dimensional Accuracy +/- 0.03 mm, 2.2 LBS (1.0KG) - PLA175TCMS / 3D Solutech Real Yellow 3D Printer PLA Filament 1
<a_178><b_165><c_53> :: ids=[50] :: fam=3d_filament :: HATCHBOX PLA 3D Printer Filament, Dimensional Accuracy +/- 0.03 mm, 1 kg Spool, 1.75 mm, Blue
<a_178><b_154><c_50> :: ids=[444] :: fam=3d_filament :: HATCHBOX ABS 3D Printer Filament, Dimensional Accuracy +/- 0.03 mm, 1 kg Spool, 1.75 mm, White
<a_178><b_154><c_24> :: ids=[2582] :: fam=3d_filament :: HATCHBOX ABS 3D Printer Filament, Dimensional Accuracy +/- 0.03 mm, 1 kg Spool, 1.75 mm, Orange"
r693_lost_vs_original_at10,4138,3d_filament,3112,"3D Solutech Real Black 3D Printer PLA Filament 1.75MM Filament, Dimensional Accuracy +/- 0.03 mm, 2.2 LBS (1.0KG) - PLA175RBLK",3.0,16.0,leaf_or_rank_miss_after_L2_hit,0,0,"<a_223><b_198><c_173> :: ids=[2507] :: fam=3d_filament :: HATCHBOX PLA 3D Printer Filament, Dimensional Accuracy +/- 0.03 mm, 1 kg Spool, 1.75 mm, Silver
<a_223><b_80><c_0> :: ids=[2659, 3557, 3631] :: fam=3d_filament :: 3D Solutech Apple Green 3D Printer PLA Filament 1.75MM Filament, Dimensional Accuracy +/- 0.03 mm, 2.2 LBS (1.0KG) / 3D Solutech Chocolate Brown 3D Printer PLA Filament 1.75MM Fila
<a_223><b_80><c_3> :: ids=[3112, 3493] :: fam=3d_filament :: 3D Solutech Real Black 3D Printer PLA Filament 1.75MM Filament, Dimensional Accuracy +/- 0.03 mm, 2.2 LBS (1.0KG) - PLA175RBLK / 3D Solutech Printer Filament, Real Blue PLA, 1.75MM
<a_223><b_80><c_84> :: ids=[2909] :: fam=3d_filament :: 3D Solutech Silver Metal 3D Printer PLA Filament 1.75MM Filament, Dimensional Accuracy +/- 0.03 mm, 2.2 LBS (1.0KG) - PLA175TCMS
<a_223><b_198><c_100> :: ids=[2152] :: fam=3d_filament :: HATCHBOX PLA 3D Printer Filament, Dimensional Accuracy +/- 0.03 mm, 1 kg Spool, 1.75 mm, Gold","<a_178><b_165><c_148> :: ids=[2507] :: fam=3d_filament :: HATCHBOX PLA 3D Printer Filament, Dimensional Accuracy +/- 0.03 mm, 1 kg Spool, 1.75 mm, Silver
<a_178><b_14><c_6> :: ids=[2909, 3494] :: fam=3d_filament :: 3D Solutech Silver Metal 3D Printer PLA Filament 1.75MM Filament, Dimensional Accuracy +/- 0.03 mm, 2.2 LBS (1.0KG) - PLA175TCMS / 3D Solutech Real Yellow 3D Printer PLA Filament 1
<a_193><b_46><c_91> :: ids=[563] :: fam=3d_filament :: Foreasy 3D Printer Tool 3D Print Removal Tool Enhanced Version Set of 2
<a_178><b_154><c_135> :: ids=[1851] :: fam=3d_filament :: HATCHBOX PLA 3D Printer Filament, Dimensional Accuracy +/- 0.03 mm, 1 kg Spool, 1.75 mm, Yellow
<a_178><b_150><c_117> :: ids=[2544] :: fam=3d_filament :: SainSmart Clear Flexible TPU 3D Printing Filament, 1.75 mm, 0.8 kg, Dimensional Accuracy +/- 0.05 mm"
r693_lost_vs_original_at10,4195,3d_filament,2204,"Proto-pasta CFP11705 The Original Carbon Fiber Spool , PLA 1.75 mm, 500 g , Black",2.0,,L2_miss_after_L1_hit,0,1,"<a_158><b_72><c_88> :: ids=[2979] :: fam=3d_filament :: Inland 1.75mm Gray PLA 3D Printer Filament - 1kg Spool (2.2 lbs)
<a_223><b_89><c_223> :: ids=[2204] :: fam=3d_filament :: Proto-pasta CFP11705 The Original Carbon Fiber Spool , PLA 1.75 mm, 500 g , Black
<a_251><b_128><c_154> :: ids=[2966] :: fam=3d_filament :: Sprite Science 12 pcs LM8UU Linear Bearings for 3D Printer 8mm x 15mm x 24mm
<a_223><b_96><c_140> :: ids=[3537] :: fam=3d_filament :: Smartbuy 1.75mm Yellow PLA 3D Printer Filament - 1kg Spool/Roll (2.2 lbs) - Dimensional Accuracy +/- 0.05mm
<a_158><b_72><c_220> :: ids=[2718] :: fam=3d_filament :: Inland 1.75mm Pink PLA 3D Printer Filament - 1kg Spool (2.2 lbs)","<a_178><b_71><c_26> :: ids=[3601] :: fam=3d_filament :: Smartbuy 1.75mm Green PLA 3D Printer Filament - 1kg Spool/Roll (2.2 lbs) - Dimensional Accuracy +/- 0.05mm
<a_178><b_143><c_111> :: ids=[3558] :: fam=3d_filament :: Professional Black 1.75mm PLA 3D Printer Filament, 1kg (2.2lb) Filament Weight, 0.05mm Tolerance, by ProMolt 3D
<a_212><b_114><c_79> :: ids=[3600] :: fam=other :: Micro-Swiss HW-NOZ-MK10-04 Plated Brass Wear Resistant Nozzles, 1.75 mm, MK10 (Flash Forge/Dremel/Wanhao) 0.4 mm, Bright Nickel
<a_178><b_71><c_177> :: ids=[2994] :: fam=3d_filament :: Smartbuy 1.75mm Black PLA 3D Printer Filament - 1kg Spool/Roll (2.2 lbs) - Dimensional Accuracy +/- 0.05mm
<a_178><b_71><c_32> :: ids=[3537] :: fam=3d_filament :: Smartbuy 1.75mm Yellow PLA 3D Printer Filament - 1kg Spool/Roll (2.2 lbs) - Dimensional Accuracy +/- 0.05mm"
r693_lost_vs_original_at10,4211,3d_filament,1850,"HATCHBOX PLA 3D Printer Filament, Dimensional Accuracy +/- 0.03 mm, 1 kg Spool, 1.75 mm, Red",2.0,21.0,leaf_or_rank_miss_after_L2_hit,0,2,"<a_223><b_198><c_114> :: ids=[444] :: fam=3d_filament :: HATCHBOX ABS 3D Printer Filament, Dimensional Accuracy +/- 0.03 mm, 1 kg Spool, 1.75 mm, White
<a_223><b_198><c_182> :: ids=[1850] :: fam=3d_filament :: HATCHBOX PLA 3D Printer Filament, Dimensional Accuracy +/- 0.03 mm, 1 kg Spool, 1.75 mm, Red
<a_223><b_198><c_230> :: ids=[1107] :: fam=3d_filament :: HATCHBOX PLA 3D Printer Filament, Dimensional Accuracy +/- 0.03 mm, 1 kg Spool, 1.75 mm, Glow in the Dark
<a_223><b_198><c_36> :: ids=[50] :: fam=3d_filament :: HATCHBOX PLA 3D Printer Filament, Dimensional Accuracy +/- 0.03 mm, 1 kg Spool, 1.75 mm, Blue
<a_223><b_20><c_170> :: ids=[1847] :: fam=3d_filament :: HATCHBOX PLA 3D Printer Filament, Dimensional Accuracy +/- 0.03 mm, 1 kg Spool, 1.75 mm, White","<a_178><b_165><c_148> :: ids=[2507] :: fam=3d_filament :: HATCHBOX PLA 3D Printer Filament, Dimensional Accuracy +/- 0.03 mm, 1 kg Spool, 1.75 mm, Silver
<a_178><b_150><c_117> :: ids=[2544] :: fam=3d_filament :: SainSmart Clear Flexible TPU 3D Printing Filament, 1.75 mm, 0.8 kg, Dimensional Accuracy +/- 0.05 mm
<a_178><b_154><c_135> :: ids=[1851] :: fam=3d_filament :: HATCHBOX PLA 3D Printer Filament, Dimensional Accuracy +/- 0.03 mm, 1 kg Spool, 1.75 mm, Yellow
<a_178><b_165><c_53> :: ids=[50] :: fam=3d_filament :: HATCHBOX PLA 3D Printer Filament, Dimensional Accuracy +/- 0.03 mm, 1 kg Spool, 1.75 mm, Blue
<a_178><b_165><c_4> :: ids=[1107] :: fam=3d_filament :: HATCHBOX PLA 3D Printer Filament, Dimensional Accuracy +/- 0.03 mm, 1 kg Spool, 1.75 mm, Glow in the Dark"
r693_lost_vs_original_at10,4236,3d_filament,3631,3D Solutech Skin 3D Printer PLA Filament 1.75MM Filament 2.2 LBS (1.0KG),6.0,,leaf_or_rank_miss_after_L2_hit,0,1,"<a_158><b_72><c_88> :: ids=[2979] :: fam=3d_filament :: Inland 1.75mm Gray PLA 3D Printer Filament - 1kg Spool (2.2 lbs)
<a_158><b_72><c_232> :: ids=[2734] :: fam=3d_filament :: Inland 1.75mm White PLA 3D Printer Filament - 1kg Spool (2.2 lbs)
<a_158><b_72><c_191> :: ids=[1553] :: fam=3d_filament :: Inland 1.75mm Red PLA 3D Printer Filament - 1kg Spool (2.2 lbs)
<a_223><b_80><c_3> :: ids=[3112, 3493] :: fam=3d_filament :: 3D Solutech Real Black 3D Printer PLA Filament 1.75MM Filament, Dimensional Accuracy +/- 0.03 mm, 2.2 LBS (1.0KG) - PLA175RBLK / 3D Solutech Printer Filament, Real Blue PLA, 1.75MM
<a_223><b_80><c_84> :: ids=[2909] :: fam=3d_filament :: 3D Solutech Silver Metal 3D Printer PLA Filament 1.75MM Filament, Dimensional Accuracy +/- 0.03 mm, 2.2 LBS (1.0KG) - PLA175TCMS","<a_220><b_114><c_145> :: ids=[2932] :: fam=3d_filament :: Inland 1.75mm Blue PLA 3D Printer Filament - 1kg Spool (2.2 lbs)
<a_178><b_150><c_117> :: ids=[2544] :: fam=3d_filament :: SainSmart Clear Flexible TPU 3D Printing Filament, 1.75 mm, 0.8 kg, Dimensional Accuracy +/- 0.05 mm
<a_178><b_150><c_186> :: ids=[2714] :: fam=3d_filament :: NinjaFlex TPU 3D Printing Filament - 1.75mm .50kg - SAPPHIRE
<a_178><b_14><c_6> :: ids=[2909, 3494] :: fam=3d_filament :: 3D Solutech Silver Metal 3D Printer PLA Filament 1.75MM Filament, Dimensional Accuracy +/- 0.03 mm, 2.2 LBS (1.0KG) - PLA175TCMS / 3D Solutech Real Yellow 3D Printer PLA Filament 1
<a_178><b_166><c_183> :: ids=[2477] :: fam=3d_filament :: BAMtack! 1.75mm Black PLA 3D Printer Filament - 1kg (2.2 lbs) - Dimensional Accuracy +/- 0.03mm"
r693_lost_vs_original_at10,4278,3d_filament,3631,3D Solutech Skin 3D Printer PLA Filament 1.75MM Filament 2.2 LBS (1.0KG),2.0,16.0,leaf_or_rank_miss_after_L2_hit,0,2,"<a_223><b_80><c_101> :: ids=[3494] :: fam=3d_filament :: 3D Solutech Real Yellow 3D Printer PLA Filament 1.75MM Filament, Dimensional Accuracy +/- 0.03 mm, 2.2 LBS (1.0KG)
<a_223><b_80><c_0> :: ids=[2659, 3557, 3631] :: fam=3d_filament :: 3D Solutech Apple Green 3D Printer PLA Filament 1.75MM Filament, Dimensional Accuracy +/- 0.03 mm, 2.2 LBS (1.0KG) / 3D Solutech Chocolate Brown 3D Printer PLA Filament 1.75MM Fila
<a_223><b_80><c_3> :: ids=[3112, 3493] :: fam=3d_filament :: 3D Solutech Real Black 3D Printer PLA Filament 1.75MM Filament, Dimensional Accuracy +/- 0.03 mm, 2.2 LBS (1.0KG) - PLA175RBLK / 3D Solutech Printer Filament, Real Blue PLA, 1.75MM
<a_223><b_80><c_84> :: ids=[2909] :: fam=3d_filament :: 3D Solutech Silver Metal 3D Printer PLA Filament 1.75MM Filament, Dimensional Accuracy +/- 0.03 mm, 2.2 LBS (1.0KG) - PLA175TCMS
<a_158><b_206><c_223> :: ids=[2719] :: fam=3d_filament :: MeltInk3D Silver PLA 3D Printer Filament &Oslash; 1.75mm, 1Kg (2.2 Lb), MADE in U.S.A, Dimensional Accuracy: &plusmn; 0.05mm","<a_178><b_14><c_6> :: ids=[2909, 3494] :: fam=3d_filament :: 3D Solutech Silver Metal 3D Printer PLA Filament 1.75MM Filament, Dimensional Accuracy +/- 0.03 mm, 2.2 LBS (1.0KG) - PLA175TCMS / 3D Solutech Real Yellow 3D Printer PLA Filament 1
<a_178><b_14><c_107> :: ids=[2161] :: fam=3d_filament :: 3D Solutech Natural Clear 1.75mm 3D Printer PLA Filament, Dimensional Accuracy +/- 0.03 mm, 2.2 LBS (1.0KG)
<a_178><b_14><c_135> :: ids=[2993] :: fam=3d_filament :: 3D Solutech Blue 3D Printer Ultra PLA Filament 1.75MM Filament, Dimensional Accuracy +/- 0.03 mm, 2.2 LBS (1.0KG)
<a_178><b_14><c_94> :: ids=[3112] :: fam=3d_filament :: 3D Solutech Real Black 3D Printer PLA Filament 1.75MM Filament, Dimensional Accuracy +/- 0.03 mm, 2.2 LBS (1.0KG) - PLA175RBLK
<a_178><b_14><c_75> :: ids=[2697] :: fam=3d_filament :: 3D Solutech Real White 3D Printer PLA Filament 1.75MM Filament, Dimensional Accuracy +/- 0.03 mm, 2.2 LBS (1.0KG)"
r693_lost_vs_original_at10,4336,3d_filament,2732,PTFE Teflon Bowden Tube for 1.75 Filament (2.0mm ID/4.0mm OD) &ndash; WhiteConnector Tubing for 3D Printer - 1.5 Meters,7.0,,L1_miss,0,3,"<a_223><b_160><c_251> :: ids=[2477] :: fam=3d_filament :: BAMtack! 1.75mm Black PLA 3D Printer Filament - 1kg (2.2 lbs) - Dimensional Accuracy +/- 0.03mm
<a_223><b_86><c_176> :: ids=[2544] :: fam=3d_filament :: SainSmart Clear Flexible TPU 3D Printing Filament, 1.75 mm, 0.8 kg, Dimensional Accuracy +/- 0.05 mm
<a_91><b_162><c_93> :: ids=[2333] :: fam=3d_filament :: eSUN 3D Printer CLEANING Filament 1.75mm Natural 0.1kg for all 1.75mm FDM 3D Printers, 1.75mm Cleaning
<a_91><b_127><c_177> :: ids=[2920] :: fam=other :: BuildTak BT30185 Spatula
<a_158><b_245><c_180> :: ids=[1206] :: fam=3d_filament :: eSUN 1.75mm Black PLA PRO (PLA+) 3D Printer Filament 1KG Spool (2.2lbs), Black","<a_178><b_46><c_65> :: ids=[2333] :: fam=3d_filament :: eSUN 3D Printer CLEANING Filament 1.75mm Natural 0.1kg for all 1.75mm FDM 3D Printers, 1.75mm Cleaning
<a_178><b_230><c_5> :: ids=[3016] :: fam=3d_filament :: HATCHBOX 3D Printer Filament, Dimensional Accuracy +/- 0.03mm, 1.75 mm, 1 kg Spool, Wood
<a_178><b_150><c_117> :: ids=[2544] :: fam=3d_filament :: SainSmart Clear Flexible TPU 3D Printing Filament, 1.75 mm, 0.8 kg, Dimensional Accuracy +/- 0.05 mm
<a_178><b_165><c_148> :: ids=[2507] :: fam=3d_filament :: HATCHBOX PLA 3D Printer Filament, Dimensional Accuracy +/- 0.03 mm, 1 kg Spool, 1.75 mm, Silver
<a_193><b_50><c_165> :: ids=[2920] :: fam=other :: BuildTak BT30185 Spatula"
r693_lost_vs_original_at10,4433,3d_filament,2718,Inland 1.75mm Pink PLA 3D Printer Filament - 1kg Spool (2.2 lbs),3.0,28.0,leaf_or_rank_miss_after_L2_hit,0,1,"<a_158><b_72><c_88> :: ids=[2979] :: fam=3d_filament :: Inland 1.75mm Gray PLA 3D Printer Filament - 1kg Spool (2.2 lbs)
<a_158><b_72><c_76> :: ids=[3546] :: fam=3d_filament :: Inland 1.75mm Orange PLA 3D Printer Filament - 1kg Spool (2.2 lbs)
<a_158><b_72><c_220> :: ids=[2718] :: fam=3d_filament :: Inland 1.75mm Pink PLA 3D Printer Filament - 1kg Spool (2.2 lbs)
<a_158><b_72><c_141> :: ids=[2912] :: fam=3d_filament :: Inland 1.75mm Black PLA 3D Printer Filament - 1kg Spool (2.2 lbs)
<a_158><b_72><c_70> :: ids=[2934] :: fam=3d_filament :: Inland 1.75mm Yellow PLA 3D Printer Filament - 1kg Spool (2.2 lbs)","<a_220><b_114><c_145> :: ids=[2932] :: fam=3d_filament :: Inland 1.75mm Blue PLA 3D Printer Filament - 1kg Spool (2.2 lbs)
<a_220><b_114><c_53> :: ids=[2734] :: fam=3d_filament :: Inland 1.75mm White PLA 3D Printer Filament - 1kg Spool (2.2 lbs)
<a_220><b_114><c_156> :: ids=[2934] :: fam=3d_filament :: Inland 1.75mm Yellow PLA 3D Printer Filament - 1kg Spool (2.2 lbs)
<a_220><b_114><c_96> :: ids=[3114] :: fam=3d_filament :: Inland 1.75mm Purple PLA 3D Printer Filament - 1kg Spool (2.2 lbs)
<a_178><b_150><c_117> :: ids=[2544] :: fam=3d_filament :: SainSmart Clear Flexible TPU 3D Printing Filament, 1.75 mm, 0.8 kg, Dimensional Accuracy +/- 0.05 mm"
r693_lost_vs_original_at10,4454,3d_filament,51,HATCHBOX 1 Spool 3D Printer Filament Tabletop Wall Mount Rack,1.0,29.0,L2_miss_after_L1_hit,0,0,"<a_223><b_29><c_58> :: ids=[51] :: fam=3d_filament :: HATCHBOX 1 Spool 3D Printer Filament Tabletop Wall Mount Rack
<a_223><b_20><c_170> :: ids=[1847] :: fam=3d_filament :: HATCHBOX PLA 3D Printer Filament, Dimensional Accuracy +/- 0.03 mm, 1 kg Spool, 1.75 mm, White
<a_223><b_198><c_114> :: ids=[444] :: fam=3d_filament :: HATCHBOX ABS 3D Printer Filament, Dimensional Accuracy +/- 0.03 mm, 1 kg Spool, 1.75 mm, White
<a_223><b_198><c_230> :: ids=[1107] :: fam=3d_filament :: HATCHBOX PLA 3D Printer Filament, Dimensional Accuracy +/- 0.03 mm, 1 kg Spool, 1.75 mm, Glow in the Dark
<a_223><b_198><c_182> :: ids=[1850] :: fam=3d_filament :: HATCHBOX PLA 3D Printer Filament, Dimensional Accuracy +/- 0.03 mm, 1 kg Spool, 1.75 mm, Red","<a_178><b_154><c_135> :: ids=[1851] :: fam=3d_filament :: HATCHBOX PLA 3D Printer Filament, Dimensional Accuracy +/- 0.03 mm, 1 kg Spool, 1.75 mm, Yellow
<a_178><b_165><c_148> :: ids=[2507] :: fam=3d_filament :: HATCHBOX PLA 3D Printer Filament, Dimensional Accuracy +/- 0.03 mm, 1 kg Spool, 1.75 mm, Silver
<a_178><b_252><c_162> :: ids=[1847] :: fam=3d_filament :: HATCHBOX PLA 3D Printer Filament, Dimensional Accuracy +/- 0.03 mm, 1 kg Spool, 1.75 mm, White
<a_193><b_46><c_91> :: ids=[563] :: fam=3d_filament :: Foreasy 3D Printer Tool 3D Print Removal Tool Enhanced Version Set of 2
<a_178><b_165><c_53> :: ids=[50] :: fam=3d_filament :: HATCHBOX PLA 3D Printer Filament, Dimensional Accuracy +/- 0.03 mm, 1 kg Spool, 1.75 mm, Blue"
r693_lost_vs_original_at10,4457,3d_filament,2718,Inland 1.75mm Pink PLA 3D Printer Filament - 1kg Spool (2.2 lbs),4.0,37.0,leaf_or_rank_miss_after_L2_hit,0,1,"<a_158><b_72><c_88> :: ids=[2979] :: fam=3d_filament :: Inland 1.75mm Gray PLA 3D Printer Filament - 1kg Spool (2.2 lbs)
<a_158><b_245><c_180> :: ids=[1206] :: fam=3d_filament :: eSUN 1.75mm Black PLA PRO (PLA+) 3D Printer Filament 1KG Spool (2.2lbs), Black
<a_158><b_72><c_76> :: ids=[3546] :: fam=3d_filament :: Inland 1.75mm Orange PLA 3D Printer Filament - 1kg Spool (2.2 lbs)
<a_158><b_72><c_220> :: ids=[2718] :: fam=3d_filament :: Inland 1.75mm Pink PLA 3D Printer Filament - 1kg Spool (2.2 lbs)
<a_158><b_72><c_232> :: ids=[2734] :: fam=3d_filament :: Inland 1.75mm White PLA 3D Printer Filament - 1kg Spool (2.2 lbs)","<a_220><b_114><c_145> :: ids=[2932] :: fam=3d_filament :: Inland 1.75mm Blue PLA 3D Printer Filament - 1kg Spool (2.2 lbs)
<a_178><b_150><c_117> :: ids=[2544] :: fam=3d_filament :: SainSmart Clear Flexible TPU 3D Printing Filament, 1.75 mm, 0.8 kg, Dimensional Accuracy +/- 0.05 mm
<a_178><b_150><c_186> :: ids=[2714] :: fam=3d_filament :: NinjaFlex TPU 3D Printing Filament - 1.75mm .50kg - SAPPHIRE
<a_178><b_230><c_5> :: ids=[3016] :: fam=3d_filament :: HATCHBOX 3D Printer Filament, Dimensional Accuracy +/- 0.03mm, 1.75 mm, 1 kg Spool, Wood
<a_212><b_17><c_91> :: ids=[2926] :: fam=3d_filament :: HICTOP 5 Pieces 3D Printer Extruder Hotend 1.75mm Nozzle Throat for Reprap Prusa I3"
r693_lost_vs_original_at10,4489,3d_filament,2912,Inland 1.75mm Black PLA 3D Printer Filament - 1kg Spool (2.2 lbs),3.0,,leaf_or_rank_miss_after_L2_hit,0,1,"<a_158><b_72><c_88> :: ids=[2979] :: fam=3d_filament :: Inland 1.75mm Gray PLA 3D Printer Filament - 1kg Spool (2.2 lbs)
<a_158><b_245><c_180> :: ids=[1206] :: fam=3d_filament :: eSUN 1.75mm Black PLA PRO (PLA+) 3D Printer Filament 1KG Spool (2.2lbs), Black
<a_158><b_72><c_141> :: ids=[2912] :: fam=3d_filament :: Inland 1.75mm Black PLA 3D Printer Filament - 1kg Spool (2.2 lbs)
<a_158><b_217><c_2> :: ids=[3444] :: fam=3d_filament :: RepRap Champion Metal J-Head V6 Hot End for RepRap 3D Printer 1.75mm Filament Direct Feed Extruder 0.4mm Nozzle
<a_158><b_72><c_76> :: ids=[3546] :: fam=3d_filament :: Inland 1.75mm Orange PLA 3D Printer Filament - 1kg Spool (2.2 lbs)","<a_178><b_165><c_148> :: ids=[2507] :: fam=3d_filament :: HATCHBOX PLA 3D Printer Filament, Dimensional Accuracy +/- 0.03 mm, 1 kg Spool, 1.75 mm, Silver
<a_178><b_154><c_135> :: ids=[1851] :: fam=3d_filament :: HATCHBOX PLA 3D Printer Filament, Dimensional Accuracy +/- 0.03 mm, 1 kg Spool, 1.75 mm, Yellow
<a_178><b_154><c_141> :: ids=[2472] :: fam=3d_filament :: HATCHBOX ABS 3D Printer Filament, Dimensional Accuracy +/- 0.03 mm, 1 kg Spool, 1.75 mm, Black
<a_212><b_17><c_91> :: ids=[2926] :: fam=3d_filament :: HICTOP 5 Pieces 3D Printer Extruder Hotend 1.75mm Nozzle Throat for Reprap Prusa I3
<a_178><b_230><c_5> :: ids=[3016] :: fam=3d_filament :: HATCHBOX 3D Printer Filament, Dimensional Accuracy +/- 0.03mm, 1.75 mm, 1 kg Spool, Wood"
r693_lost_vs_original_at10,4490,3d_filament,2734,Inland 1.75mm White PLA 3D Printer Filament - 1kg Spool (2.2 lbs),7.0,20.0,leaf_or_rank_miss_after_L2_hit,0,0,"<a_158><b_72><c_88> :: ids=[2979] :: fam=3d_filament :: Inland 1.75mm Gray PLA 3D Printer Filament - 1kg Spool (2.2 lbs)
<a_158><b_72><c_6> :: ids=[2485] :: fam=3d_filament :: Inland 1.75mm Gold PLA 3D Printer Filament - 1kg Spool (2.2 lbs)
<a_158><b_72><c_141> :: ids=[2912] :: fam=3d_filament :: Inland 1.75mm Black PLA 3D Printer Filament - 1kg Spool (2.2 lbs)
<a_158><b_72><c_191> :: ids=[1553] :: fam=3d_filament :: Inland 1.75mm Red PLA 3D Printer Filament - 1kg Spool (2.2 lbs)
<a_158><b_72><c_76> :: ids=[3546] :: fam=3d_filament :: Inland 1.75mm Orange PLA 3D Printer Filament - 1kg Spool (2.2 lbs)","<a_178><b_154><c_135> :: ids=[1851] :: fam=3d_filament :: HATCHBOX PLA 3D Printer Filament, Dimensional Accuracy +/- 0.03 mm, 1 kg Spool, 1.75 mm, Yellow
<a_178><b_165><c_148> :: ids=[2507] :: fam=3d_filament :: HATCHBOX PLA 3D Printer Filament, Dimensional Accuracy +/- 0.03 mm, 1 kg Spool, 1.75 mm, Silver
<a_220><b_114><c_145> :: ids=[2932] :: fam=3d_filament :: Inland 1.75mm Blue PLA 3D Printer Filament - 1kg Spool (2.2 lbs)
<a_212><b_17><c_91> :: ids=[2926] :: fam=3d_filament :: HICTOP 5 Pieces 3D Printer Extruder Hotend 1.75mm Nozzle Throat for Reprap Prusa I3
<a_178><b_230><c_5> :: ids=[3016] :: fam=3d_filament :: HATCHBOX 3D Printer Filament, Dimensional Accuracy +/- 0.03mm, 1.75 mm, 1 kg Spool, Wood"
r693_lost_vs_original_at10,4499,3d_filament,2742,1.75mm Dark Blue PLA 3D Printer Filament - 1kg Spool (2.2 lbs) - Dimensional Accuracy +/- 0.03mm,8.0,,leaf_or_rank_miss_after_L2_hit,0,0,"<a_158><b_245><c_180> :: ids=[1206] :: fam=3d_filament :: eSUN 1.75mm Black PLA PRO (PLA+) 3D Printer Filament 1KG Spool (2.2lbs), Black
<a_158><b_206><c_223> :: ids=[2719] :: fam=3d_filament :: MeltInk3D Silver PLA 3D Printer Filament &Oslash; 1.75mm, 1Kg (2.2 Lb), MADE in U.S.A, Dimensional Accuracy: &plusmn; 0.05mm
<a_158><b_72><c_88> :: ids=[2979] :: fam=3d_filament :: Inland 1.75mm Gray PLA 3D Printer Filament - 1kg Spool (2.2 lbs)
<a_158><b_206><c_3> :: ids=[2739] :: fam=3d_filament :: 1.75mm Black PLA 3D Printer Filament - 1kg Spool (2.2 lbs) - Dimensional Accuracy +/- 0.03mm
<a_158><b_217><c_2> :: ids=[3444] :: fam=3d_filament :: RepRap Champion Metal J-Head V6 Hot End for RepRap 3D Printer 1.75mm Filament Direct Feed Extruder 0.4mm Nozzle","<a_178><b_71><c_26> :: ids=[3601] :: fam=3d_filament :: Smartbuy 1.75mm Green PLA 3D Printer Filament - 1kg Spool/Roll (2.2 lbs) - Dimensional Accuracy +/- 0.05mm
<a_212><b_17><c_91> :: ids=[2926] :: fam=3d_filament :: HICTOP 5 Pieces 3D Printer Extruder Hotend 1.75mm Nozzle Throat for Reprap Prusa I3
<a_220><b_114><c_145> :: ids=[2932] :: fam=3d_filament :: Inland 1.75mm Blue PLA 3D Printer Filament - 1kg Spool (2.2 lbs)
<a_220><b_17><c_155> :: ids=[2719] :: fam=3d_filament :: MeltInk3D Silver PLA 3D Printer Filament &Oslash; 1.75mm, 1Kg (2.2 Lb), MADE in U.S.A, Dimensional Accuracy: &plusmn; 0.05mm
<a_178><b_110><c_0> :: ids=[3414] :: fam=3d_filament :: eSUN 1.75mm White ABS+ 3D Printer filament 1kg Spool (2.2lbs), White"
r693_lost_vs_original_at10,119,gauge_meter,1887,"Bare Copper Wire, Bright, 12 AWG, 0.08"" Diameter, 50' Length (Pack of 1)",3.0,44.0,leaf_or_rank_miss_after_L2_hit,1,2,"<a_228><b_85><c_0> :: ids=[1863] :: fam=gauge_meter :: Bare Copper Wire, Bright, 10 AWG, 0.1"" Diameter, 32' Length (Pack of 1)
<a_228><b_85><c_75> :: ids=[1839] :: fam=gauge_meter :: Bare Copper Wire, Bright, 14 AWG, 0.064"" Diameter, 80' Length (Pack of 1)
<a_228><b_85><c_197> :: ids=[1887] :: fam=gauge_meter :: Bare Copper Wire, Bright, 12 AWG, 0.08"" Diameter, 50' Length (Pack of 1)
<a_107><b_93><c_0> :: ids=[181, 182] :: fam=gauge_meter :: AcuRite 00613 Humidity Monitor with Indoor Thermometer, Digital Hygrometer and Humidity Gauge Indicator / AcuRite 00613 Humidity Monitor with Indoor Thermometer, Digital Hygrometer
<a_71><b_242><c_21> :: ids=[42] :: fam=connector_fitting :: Precision Brand M6S Micro Seal, Miniature All Stainless Worm Gear Hose Clamp, 5/16"" - 7/8"" (Pack of 10)","<a_115><b_155><c_242> :: ids=[1839] :: fam=gauge_meter :: Bare Copper Wire, Bright, 14 AWG, 0.064"" Diameter, 80' Length (Pack of 1)
<a_115><b_72><c_221> :: ids=[2867] :: fam=gauge_meter :: Bare Copper Wire, Bright, 16 AWG, 0.05"" Diameter, 125' Length (Pack of 1)
<a_115><b_72><c_252> :: ids=[1863] :: fam=gauge_meter :: Bare Copper Wire, Bright, 10 AWG, 0.1"" Diameter, 32' Length (Pack of 1)
<a_31><b_155><c_192> :: ids=[168] :: fam=tape :: Scotch Super 33+ Vinyl Electrical Tape, 3/4 in x 66 ft
<a_115><b_28><c_193> :: ids=[3120] :: fam=connector_fitting :: Well Pump Wire Splice Kit, Submersible 3M Dual Wall Heat Shrink Tubing and Copper Connector for 4 Wires, 10#12#14 AWG."
r693_lost_vs_original_at10,128,gauge_meter,181,"AcuRite 00613 Humidity Monitor with Indoor Thermometer, Digital Hygrometer and Humidity Gauge Indicator",2.0,,L1_miss,1,1,"<a_153><b_238><c_242> :: ids=[1257] :: fam=gauge_meter :: The Ghost Meter EMF Sensor
<a_107><b_93><c_0> :: ids=[181, 182] :: fam=gauge_meter :: AcuRite 00613 Humidity Monitor with Indoor Thermometer, Digital Hygrometer and Humidity Gauge Indicator / AcuRite 00613 Humidity Monitor with Indoor Thermometer, Digital Hygrometer
<a_36><b_157><c_248> :: ids=[900] :: fam=gauge_meter :: Cell Sensor EMF Detection Meter
<a_36><b_64><c_122> :: ids=[1466] :: fam=other :: Seek Thermal Compact Imager for iOS-Apple
<a_107><b_42><c_17> :: ids=[769] :: fam=gauge_meter :: Nubee Temperature Gun Non-contact Digital Laser Infrared IR Thermometer","<a_114><b_225><c_11> :: ids=[1257] :: fam=gauge_meter :: The Ghost Meter EMF Sensor
<a_114><b_127><c_11> :: ids=[900] :: fam=gauge_meter :: Cell Sensor EMF Detection Meter
<a_114><b_10><c_113> :: ids=[2857] :: fam=gauge_meter :: Lutron 822-A Fully Digital EMF Meter (Wide Range, High Resolution)
<a_114><b_117><c_245> :: ids=[1466] :: fam=other :: Seek Thermal Compact Imager for iOS-Apple
<a_114><b_10><c_11> :: ids=[899] :: fam=gauge_meter :: Extech 480823 Extremely Low Frequency Electromagnetic Field Meter"
r693_lost_vs_original_at10,677,gauge_meter,181,"AcuRite 00613 Humidity Monitor with Indoor Thermometer, Digital Hygrometer and Humidity Gauge Indicator",7.0,23.0,L1_miss,1,2,"<a_202><b_198><c_218> :: ids=[950] :: fam=tape :: X-Treme Tape TPE-XZLCLR Silicone Rubber Self Fusing Tape, 1"" x 10', Triangular, Clear
<a_202><b_62><c_182> :: ids=[116] :: fam=tape :: Rescue Tape RT1000201202USCO
<a_244><b_59><c_105> :: ids=[517] :: fam=other :: Dap 18370 Self-Leveling Concrete 3.0 Sealant 9.0-Ounce
<a_202><b_198><c_76> :: ids=[1373] :: fam=tape :: X-Treme Tape TPE-XZLBRD Silicone Rubber Self Fusing Tape, 1"" x 10', Triangular, Bright Red
<a_244><b_185><c_140> :: ids=[1432] :: fam=other :: Sashco Pre-Caulking Filler Rope Backer Rod Roll, 100' Length x 3/8"" Width, Grey","<a_31><b_171><c_120> :: ids=[950] :: fam=tape :: X-Treme Tape TPE-XZLCLR Silicone Rubber Self Fusing Tape, 1"" x 10', Triangular, Clear
<a_31><b_171><c_89> :: ids=[2596] :: fam=tape :: X-Treme Tape TPE-XZLYEL Silicone Rubber Self Fusing Tape, 1"" x 10', Triangular, Yellow
<a_31><b_171><c_9> :: ids=[450] :: fam=tape :: X-Treme Tape TPE-X36ZLB Silicone Rubber Self Fusing Tape, 1"" x 36', Triangular, Black
<a_31><b_171><c_67> :: ids=[1373] :: fam=tape :: X-Treme Tape TPE-XZLBRD Silicone Rubber Self Fusing Tape, 1"" x 10', Triangular, Bright Red
<a_31><b_171><c_232> :: ids=[975] :: fam=tape :: X-Treme Tape TPE-XZLB Silicone Rubber Self Fusing Tape, 1"" x 10', Triangular, Black"
r693_lost_vs_original_at10,826,gauge_meter,181,"AcuRite 00613 Humidity Monitor with Indoor Thermometer, Digital Hygrometer and Humidity Gauge Indicator",5.0,19.0,L1_miss,1,1,"<a_193><b_104><c_2> :: ids=[534] :: fam=other :: Century Drill and Tool 76221 Coarse Drill Cup Wire Brush, 2-3/4-Inch
<a_193><b_104><c_0> :: ids=[907] :: fam=other :: Century Drill and Tool 76423 Fine Drill Radial Wire Brush, 2-1/2-Inch
<a_159><b_169><c_154> :: ids=[2180] :: fam=other :: Jonard Tools Mid Span Slitter (1.2mm-3.3mm)
<a_71><b_106><c_76> :: ids=[245] :: fam=other :: Master Lock Strap, 12 ft. Long Lashing Strap, 3060DAT (Pack of 2)
<a_107><b_93><c_0> :: ids=[181, 182] :: fam=gauge_meter :: AcuRite 00613 Humidity Monitor with Indoor Thermometer, Digital Hygrometer and Humidity Gauge Indicator / AcuRite 00613 Humidity Monitor with Indoor Thermometer, Digital Hygrometer","<a_238><b_46><c_23> :: ids=[534] :: fam=other :: Century Drill and Tool 76221 Coarse Drill Cup Wire Brush, 2-3/4-Inch
<a_92><b_200><c_192> :: ids=[341] :: fam=other :: Neiko 11108A 4.5&rdquo; x 7/8-Inch Aluminum Oxide Flap Disc, 80 Grit | Flat Type #27 | 10-Pack
<a_238><b_232><c_129> :: ids=[335] :: fam=other :: Dewalt DW8061B5 4 x 0.045 Inch Metal and Stainless Steel Cutting Wheels , 4 Inch by 0.045-Inch
<a_31><b_155><c_192> :: ids=[168] :: fam=tape :: Scotch Super 33+ Vinyl Electrical Tape, 3/4 in x 66 ft
<a_238><b_57><c_66> :: ids=[333] :: fam=other :: DEWALT DW4930 4-Inch by 5/8-Inch-11 Full Cable Twist Wire Wheel/Carbon Steel .020-Inch"
r693_lost_vs_original_at10,1001,gauge_meter,339,"Drill America DWT Series Qualtech High-Speed Steel Round Adjustable Threading Die, 1-1/2"" Diameter, 11/16""-18 Size (Pack of 1)",1.0,,leaf_or_rank_miss_after_L2_hit,1,1,"<a_224><b_188><c_21> :: ids=[339] :: fam=gauge_meter :: Drill America DWT Series Qualtech High-Speed Steel Round Adjustable Threading Die, 1-1/2"" Diameter, 11/16""-18 Size (Pack of 1)
<a_73><b_231><c_56> :: ids=[734] :: fam=other :: microtivity IL188 5mm Assorted Clear LED w/Resistors (8 Colors, Pack of 80)
<a_73><b_58><c_117> :: ids=[2229] :: fam=other :: Uxcell a11093000ux0385 10x 8 Pin DIP IC Sockets Adaptor Solder Type Socket
<a_73><b_110><c_3> :: ids=[1824] :: fam=other :: DTOL 10 X Mini Laser Dot Diode Module Head WL Red 650nm 6mm 5V 5mW Pack of 10
<a_17><b_80><c_8> :: ids=[176] :: fam=other :: URBEST 530 Pcs 2:1 Heat Shrink Tubing Tube Sleeving Wrap Cable Wire 5 Color 8 Size","<a_7><b_134><c_167> :: ids=[1171] :: fam=other :: Drill America DWTSMT15X1.5 HSS Metric Tap, Special Size, M15 x 1.5
<a_197><b_173><c_161> :: ids=[84] :: fam=gauge_meter :: Neiko 01409A Electronic Digital Caliper with Extra Large LCD Screen | 0 - 12 Inches | Inch/Fractions/Millimeter Conversion
<a_92><b_110><c_254> :: ids=[1042] :: fam=other :: uxcell Mandrel Mounted White Conical Felt Point Polishing Tool
<a_7><b_110><c_167> :: ids=[1152] :: fam=other :: Irwin Tools 2629- 3 Piece High Carbon Steel- Tap 5/16"" - 24 NF
<a_7><b_91><c_0> :: ids=[663] :: fam=other :: Anytime Tools 1-2-3 Blocks Matched Pair Hardened Steel 1 Hole (1""x2""x3"") 123 Set Precision Machinist Milling"
r693_lost_vs_original_at10,1532,gauge_meter,181,"AcuRite 00613 Humidity Monitor with Indoor Thermometer, Digital Hygrometer and Humidity Gauge Indicator",3.0,42.0,L1_miss,1,2,"<a_44><b_12><c_201> :: ids=[3240] :: fam=other :: C-Clear 44 Lens Cleaning Cleaner Solution, 1 Gallon Capacity
<a_44><b_9><c_168> :: ids=[283] :: fam=other :: Nitrile Exam Glove (non-latex) PF Medium Blue 100/BX
<a_107><b_93><c_0> :: ids=[181, 182] :: fam=gauge_meter :: AcuRite 00613 Humidity Monitor with Indoor Thermometer, Digital Hygrometer and Humidity Gauge Indicator / AcuRite 00613 Humidity Monitor with Indoor Thermometer, Digital Hygrometer
<a_210><b_12><c_10> :: ids=[513] :: fam=other :: Kimberly-Clark Professional Kimtech Science KimWipes Delicate Task Wipers, 4.4 x 8.4 in. 1-ply
<a_44><b_9><c_196> :: ids=[780] :: fam=other :: Dynarex 2513 SafeTouch Nitrile Exam Gloves, Non-Latex, Powder Free, Large, Blue (Pack of 100)","<a_214><b_200><c_245> :: ids=[3240] :: fam=other :: C-Clear 44 Lens Cleaning Cleaner Solution, 1 Gallon Capacity
<a_62><b_124><c_12> :: ids=[207] :: fam=other :: iRobot Roomba 880 Robot Vacuum
<a_211><b_154><c_68> :: ids=[513] :: fam=other :: Kimberly-Clark Professional Kimtech Science KimWipes Delicate Task Wipers, 4.4 x 8.4 in. 1-ply
<a_214><b_77><c_172> :: ids=[515] :: fam=other :: Chemical Guys ACC_121.32HD Chemical Resistant Heavy Duty Bottle and Sprayer (32 oz)
<a_62><b_146><c_118> :: ids=[3145] :: fam=other :: Dirt Devil Vacuum Cleaner Pro Power Bagless Corded Upright Vacuum UD70172"
r693_lost_vs_original_at10,2804,gauge_meter,266,"iGaging ABSOLUTE ORIGIN 0-6"" Digital Electronic Caliper - IP54 Protection/Extreme Accuracy",9.0,,L1_miss,1,4,"<a_251><b_198><c_188> :: ids=[1158] :: fam=gauge_meter :: 6061 Aluminum Round Rod, Unpolished (Mill) Finish, Extruded, T6511 Temper, ASTM B221, 1/2"" Diameter, 24"" Length
<a_17><b_217><c_0> :: ids=[216, 217] :: fam=other :: Ancor Tinned Copper Lugs 8 AWG - 4/0 AWG / Ancor Tinned Copper Lugs 8 AWG - 4/0 AWG
<a_15><b_206><c_230> :: ids=[54] :: fam=metadata_placeholder :: Industrial & Scientific"" />
<a_104><b_186><c_66> :: ids=[84] :: fam=gauge_meter :: Neiko 01409A Electronic Digital Caliper with Extra Large LCD Screen | 0 - 12 Inches | Inch/Fractions/Millimeter Conversion
<a_224><b_153><c_5> :: ids=[2733] :: fam=fastener :: Hilitchi 210pcs M3 Stainless Steel Hex Socket Head Cap Screws Nuts Assortment Kit with Box (M3)","<a_162><b_228><c_221> :: ids=[1158] :: fam=gauge_meter :: 6061 Aluminum Round Rod, Unpolished (Mill) Finish, Extruded, T6511 Temper, ASTM B221, 1/2"" Diameter, 24"" Length
<a_162><b_228><c_177> :: ids=[1157] :: fam=gauge_meter :: 6061 Aluminum Round Rod, Unpolished (Mill) Finish, Extruded, T6511 Temper, ASTM B221, 2"" Diameter, 12"" Length
<a_162><b_228><c_133> :: ids=[1156] :: fam=gauge_meter :: 6061 Aluminum Round Rod, Unpolished (Mill) Finish, Extruded, T6511 Temper, ASTM B221, 1-5/8"" Diameter, 24"" Length
<a_243><b_159><c_162> :: ids=[1125] :: fam=gauge_meter :: 304 Stainless Steel Round Rod, Unpolished (Mill) Finish, Annealed, AMS 5639/ASTM A276/AMS QQ-S 763/ASTM A276, 0.625"" Diameter, 60"" Length
<a_81><b_167><c_6> :: ids=[148] :: fam=other :: Plastic Transfer Pipettes 3ml, Graduated, Pack of 100"
r693_lost_vs_original_at10,3590,gauge_meter,338,"Etekcity Lasergrip 1080 Non-Contact Digital Laser Infrared Thermometer Temperature Gun -58~1022 (-50550), Yellow and Black",9.0,,L1_miss,1,2,"<a_107><b_93><c_0> :: ids=[181, 182] :: fam=gauge_meter :: AcuRite 00613 Humidity Monitor with Indoor Thermometer, Digital Hygrometer and Humidity Gauge Indicator / AcuRite 00613 Humidity Monitor with Indoor Thermometer, Digital Hygrometer
<a_109><b_74><c_57> :: ids=[218] :: fam=ventilation_fan :: Phresh Duct Silencer 8 in x 24 in
<a_94><b_35><c_31> :: ids=[148] :: fam=other :: Plastic Transfer Pipettes 3ml, Graduated, Pack of 100
<a_229><b_166><c_248> :: ids=[1834] :: fam=other :: General Hydroponics Ph 7.0 Calibration Solution - 8 Ounces, 1 bottle
<a_229><b_95><c_66> :: ids=[1499] :: fam=other :: Smart Weigh CW-500G Carbon Steel 500g OIML Class M1: &plusmn; 25 mg Calibration Weight with Chrome Finish","<a_153><b_222><c_166> :: ids=[1834] :: fam=other :: General Hydroponics Ph 7.0 Calibration Solution - 8 Ounces, 1 bottle
<a_35><b_170><c_107> :: ids=[218] :: fam=ventilation_fan :: Phresh Duct Silencer 8 in x 24 in
<a_153><b_36><c_53> :: ids=[2774] :: fam=other :: HM Digital PH-80 pH HydroTester, 0-14 pH Range, 1 pH Resolution, 2% Readout Accuracy
<a_153><b_36><c_55> :: ids=[1946] :: fam=gauge_meter :: New Mini Digital Pen Type PH Meter PH-009 I Multimeter Tester Hydro
<a_153><b_36><c_155> :: ids=[821] :: fam=other :: Apera Instruments AI209 PH20 Value Waterproof pH Pocket Tester, &plusmn;0.1 pH Accuracy, 0-14.0 pH Range, Complete Kit"
r693_lost_vs_original_at10,3595,gauge_meter,2929,"Install Bay 3MHST34 3M Heat Shrink Tubing 3/4"" Diameter 4G 4-Ft",8.0,32.0,L2_miss_after_L1_hit,1,1,"<a_228><b_153><c_0> :: ids=[3019] :: fam=other :: Install Bay Heat Shrink 3/8 Inch x 4 Feet
<a_228><b_137><c_88> :: ids=[1911] :: fam=gauge_meter :: uxcell 1 Meter 65 Flat width 40mm Dia Ratio 2:1 Heat Shrinkable Shrinking Tube Black
<a_228><b_153><c_146> :: ids=[1293] :: fam=other :: Install Bay Heat Shrink 1/8 Inch x 4 Feet
<a_107><b_93><c_0> :: ids=[181, 182] :: fam=gauge_meter :: AcuRite 00613 Humidity Monitor with Indoor Thermometer, Digital Hygrometer and Humidity Gauge Indicator / AcuRite 00613 Humidity Monitor with Indoor Thermometer, Digital Hygrometer
<a_228><b_187><c_137> :: ids=[399] :: fam=other :: Anytime Tools 48 pc HEAT SHRINK TUBING WRAP SLEEVES ASSORTED SIZES","<a_115><b_179><c_232> :: ids=[3397] :: fam=gauge_meter :: Install Bay 3MHST1 Heat Shrink 1 Inch (diameter) x 4 Foot
<a_109><b_114><c_135> :: ids=[176] :: fam=other :: URBEST 530 Pcs 2:1 Heat Shrink Tubing Tube Sleeving Wrap Cable Wire 5 Color 8 Size
<a_115><b_155><c_242> :: ids=[1839] :: fam=gauge_meter :: Bare Copper Wire, Bright, 14 AWG, 0.064"" Diameter, 80' Length (Pack of 1)
<a_115><b_213><c_222> :: ids=[399] :: fam=other :: Anytime Tools 48 pc HEAT SHRINK TUBING WRAP SLEEVES ASSORTED SIZES
<a_31><b_155><c_192> :: ids=[168] :: fam=tape :: Scotch Super 33+ Vinyl Electrical Tape, 3/4 in x 66 ft"
r693_lost_vs_original_at10,3803,gauge_meter,182,"AcuRite 00613 Humidity Monitor with Indoor Thermometer, Digital Hygrometer and Humidity Gauge Indicator",8.0,42.0,L1_miss,1,2,"<a_108><b_93><c_55> :: ids=[1314] :: fam=other :: Kerick Valve MA052 PVC Mini Float Valve, Tank Mount, Adjustable Arm, 1.5 gpm at 60 psi, 1/2"" NPT Male
<a_108><b_201><c_3> :: ids=[1421] :: fam=connector_fitting :: Banjo HB075 Polypropylene Hose Fitting, Adapter, 3/4"" NPT Male x 3/4"" Barbed
<a_108><b_3><c_204> :: ids=[980] :: fam=connector_fitting :: Anderson Metals Brass Pipe Fitting, Adapter, 1/8"" Male Pipe x 1/8"" Female Pipe
<a_108><b_42><c_9> :: ids=[101] :: fam=connector_fitting :: Stainless Steel 304/304L Pipe Fitting, Nipple, Schedule 40 Welded, 4"" X 6"" NPT Male by Merit Brass
<a_108><b_49><c_206> :: ids=[2005] :: fam=connector_fitting :: Thogus Polypropylene Tube Fitting, Tee, Black, 3/4"" x 3/4"" x 1/2"" Barbed (Pack of 10)","<a_231><b_44><c_73> :: ids=[1421] :: fam=connector_fitting :: Banjo HB075 Polypropylene Hose Fitting, Adapter, 3/4"" NPT Male x 3/4"" Barbed
<a_231><b_44><c_28> :: ids=[2529] :: fam=connector_fitting :: Dixon TCF73 Nylon Tuff-Lite Fitting, Short Shank Coupling, 3/4"" GHT Female x 3/8"" Hose ID Barbed
<a_181><b_82><c_28> :: ids=[742] :: fam=other :: Kingston KMBVM Series Brass Mini Ball Valve, Lever, 1/4"" NPT Male x NPT Female
<a_181><b_246><c_255> :: ids=[1772] :: fam=connector_fitting :: Dixon Valve HHP2M Brass Fitting, Hex Head Plug, 1/4"" NPT Male
<a_231><b_44><c_48> :: ids=[3339] :: fam=connector_fitting :: Eaton Weatherhead 3220X12X8 Brass CA360 Fitting, Bushing, 1/2"" NPT Female x 3/4"" NPT Male"
r693_lost_vs_original_at10,4183,gauge_meter,338,"Etekcity Lasergrip 1080 Non-Contact Digital Laser Infrared Thermometer Temperature Gun -58~1022 (-50550), Yellow and Black",10.0,39.0,L2_miss_after_L1_hit,1,1,"<a_180><b_226><c_0> :: ids=[2956, 2957] :: fam=other :: DBPOWER 2 MP 15M Tube USB Waterproof Hd 6-led Borescope Endoscope Inspection Camera(Silver Head) / DBPOWER 2 MP 15M Tube USB Waterproof Hd 6-led Borescope Endoscope Inspection Came
<a_210><b_156><c_39> :: ids=[119] :: fam=other :: Rubbermaid Commercial BRUTE Heavy-Duty Round Waste/Utility Container with Venting Channels, 20-gallon, Gray (FG262000GRAY)
<a_236><b_71><c_179> :: ids=[2706] :: fam=other :: Uxcell a11090800ux0200 Key Lock on/off Switch Red Mushroom Push Button Station
<a_210><b_156><c_215> :: ids=[526] :: fam=ventilation_fan :: Rubbermaid Commercial Products FG263100GRAY Rubbermaid Commercial Round Brute Container Lid, Gray, 32G
<a_236><b_106><c_37> :: ids=[869] :: fam=connector_fitting :: Gardner Bender GSW-16  Heavy-Duty Electrical Toggle Switch, DPDT, ON-(OFF)-ON, 20 A/125V AC, Screw Terminal","<a_8><b_182><c_0> :: ids=[2956, 2957] :: fam=other :: DBPOWER 2 MP 15M Tube USB Waterproof Hd 6-led Borescope Endoscope Inspection Camera(Silver Head) / DBPOWER 2 MP 15M Tube USB Waterproof Hd 6-led Borescope Endoscope Inspection Came
<a_134><b_254><c_47> :: ids=[145] :: fam=other :: Marrywindix 6pcs ESD Precision Anti-Static Tweezers, Tweezers Stainless Steel Tweezers with a Bag for Electronics Jewelry-Making Repairing
<a_190><b_185><c_201> :: ids=[159] :: fam=gauge_meter :: Etekcity Lasergrip 774 Non-contact Digital Laser Infrared Thermometer Temperature Gun -58~ 716 (-50 ~ 380), Yellow and Black
<a_190><b_26><c_155> :: ids=[2670] :: fam=other :: FLIR ONE Thermal Imager for iOS
<a_190><b_26><c_4> :: ids=[263] :: fam=other :: FLIR ONE Thermal Imager for Android"
r693_lost_vs_original_at10,702,gauge_meter,181,"AcuRite 00613 Humidity Monitor with Indoor Thermometer, Digital Hygrometer and Humidity Gauge Indicator",2.0,29.0,L1_miss,0,0,"<a_150><b_224><c_58> :: ids=[3431] :: fam=fastener :: 1/4 Dram AMBER Glass Vial - Screw Cap w/ Orifice Reducer - Pack of 24
<a_107><b_93><c_0> :: ids=[181, 182] :: fam=gauge_meter :: AcuRite 00613 Humidity Monitor with Indoor Thermometer, Digital Hygrometer and Humidity Gauge Indicator / AcuRite 00613 Humidity Monitor with Indoor Thermometer, Digital Hygrometer
<a_150><b_14><c_0> :: ids=[385] :: fam=other :: Eclectic Supply B36-24 Cobalt Glass Bottles with Glass Eye Dropper, 1 oz Capacity, Blue (Pack of 24)
<a_107><b_90><c_50> :: ids=[338] :: fam=gauge_meter :: Etekcity Lasergrip 1080 Non-Contact Digital Laser Infrared Thermometer Temperature Gun -58~1022 (-50550), Yellow and Black
<a_107><b_90><c_68> :: ids=[159] :: fam=gauge_meter :: Etekcity Lasergrip 774 Non-contact Digital Laser Infrared Thermometer Temperature Gun -58~ 716 (-50 ~ 380), Yellow and Black","<a_148><b_162><c_3> :: ids=[385] :: fam=other :: Eclectic Supply B36-24 Cobalt Glass Bottles with Glass Eye Dropper, 1 oz Capacity, Blue (Pack of 24)
<a_89><b_47><c_141> :: ids=[2688] :: fam=other :: Forney 70487 Tube Brush, Nylon with Wire Loop Handle, 15-1/2-Inch-by-1-1/4-Inch
<a_211><b_154><c_68> :: ids=[513] :: fam=other :: Kimberly-Clark Professional Kimtech Science KimWipes Delicate Task Wipers, 4.4 x 8.4 in. 1-ply
<a_159><b_181><c_184> :: ids=[240] :: fam=other :: Plant Therapy 2 ml (5/8 dram) Amber Glass Essential Oil Bottle with Orifice Reducer and cap- 12 pack
<a_81><b_167><c_6> :: ids=[148] :: fam=other :: Plastic Transfer Pipettes 3ml, Graduated, Pack of 100"
r693_lost_vs_original_at10,942,gauge_meter,181,"AcuRite 00613 Humidity Monitor with Indoor Thermometer, Digital Hygrometer and Humidity Gauge Indicator",2.0,19.0,L1_miss,0,0,"<a_165><b_59><c_69> :: ids=[675] :: fam=adhesive_epoxy :: J-B Weld 8265S Original Cold-Weld Steel Reinforced Epoxy - 2 oz.
<a_107><b_93><c_0> :: ids=[181, 182] :: fam=gauge_meter :: AcuRite 00613 Humidity Monitor with Indoor Thermometer, Digital Hygrometer and Humidity Gauge Indicator / AcuRite 00613 Humidity Monitor with Indoor Thermometer, Digital Hygrometer
<a_165><b_107><c_20> :: ids=[257] :: fam=adhesive_epoxy :: Gorilla 5000408  Original Gorilla Glue, Waterproof Polyurethane Glue, 4 ounce Bottle, Brown
<a_165><b_247><c_68> :: ids=[57] :: fam=adhesive_epoxy :: Gorilla 2 Part Epoxy, 5 Minute Set, .85 ounce Syringe, Clear
<a_165><b_234><c_74> :: ids=[2600] :: fam=adhesive_epoxy :: PC Products 80115 PC-11 Two-Part Marine Grade Epoxy Adhesive Paste, 1/2 lb in Two Cans, Off White","<a_180><b_43><c_250> :: ids=[3259] :: fam=adhesive_epoxy :: System Three 1-Quart SculpWood Moldable Epoxy Putty, 90301
<a_180><b_137><c_100> :: ids=[749] :: fam=other :: BSI Bob Smith 152 Insta Set Accelerator, 8 oz.
<a_180><b_49><c_141> :: ids=[1721] :: fam=adhesive_epoxy :: Bob Smith 206 Slow-Cure 9oz Epoxy
<a_180><b_213><c_37> :: ids=[958] :: fam=other :: Bob Smith Industries BSI-109 Insta-Cure Gap Filling, 8 oz.
<a_180><b_169><c_217> :: ids=[2370] :: fam=adhesive_epoxy :: K & R S-320 E-Z Bond Thick Big Gap Filling Instant Glue, 2 oz Bottle"
r693_lost_vs_original_at10,994,gauge_meter,181,"AcuRite 00613 Humidity Monitor with Indoor Thermometer, Digital Hygrometer and Humidity Gauge Indicator",9.0,29.0,L1_miss,0,1,"<a_44><b_124><c_167> :: ids=[2793] :: fam=other :: First Aid Only Splinter Out, 10 Per Box
<a_44><b_131><c_6> :: ids=[3001] :: fam=other :: Waterjel 2421 Water-Jel Unit Dose Burn Gel, 3.5 gm Packet (Pack of 6)
<a_44><b_98><c_14> :: ids=[787] :: fam=other :: Covidien 6818 Webcol Alcohol Prep, Sterile, Medium, 2-Ply (Pack of 200)
<a_44><b_131><c_128> :: ids=[1442] :: fam=other :: First Aid Only 4"" X 4"" Water Jel Burn Dressing, Sterile (Pack of 3)
<a_210><b_156><c_39> :: ids=[119] :: fam=other :: Rubbermaid Commercial BRUTE Heavy-Duty Round Waste/Utility Container with Venting Channels, 20-gallon, Gray (FG262000GRAY)","<a_17><b_5><c_140> :: ids=[1532] :: fam=other :: First Voice TS-3183 Sterile Self-Adherent Stretch Sensi-Wrap Bandage, 5 yds Length x 3"" Width (Pack of 10)
<a_31><b_50><c_138> :: ids=[116] :: fam=tape :: Rescue Tape RT1000201202USCO
<a_214><b_77><c_172> :: ids=[515] :: fam=other :: Chemical Guys ACC_121.32HD Chemical Resistant Heavy Duty Bottle and Sprayer (32 oz)
<a_144><b_91><c_251> :: ids=[2793] :: fam=other :: First Aid Only Splinter Out, 10 Per Box
<a_133><b_157><c_200> :: ids=[2328] :: fam=other :: iMBAPrice iMBA-100-4x6 Reclosable Bags"
r693_lost_vs_original_at10,1112,gauge_meter,2278,"GREX P6/35L 23 Gauge 1-3/8-Inch Length Headless Pins (10,000 per box)",1.0,,L1_miss,0,1,"<a_42><b_117><c_0> :: ids=[2278] :: fam=gauge_meter :: GREX P6/35L 23 Gauge 1-3/8-Inch Length Headless Pins (10,000 per box)
<a_173><b_93><c_124> :: ids=[40] :: fam=other :: Forney 20859 Cutting Fluid, Industrial Pro Tap Magic, 1-Gallon
<a_173><b_93><c_136> :: ids=[74] :: fam=other :: Hot Max 27050 Tap Magic Cutting Fluid, 4 oz.
<a_42><b_117><c_237> :: ids=[92] :: fam=gauge_meter :: GREX P6/MP-3 23 Gauge Multi-Pack Headless Pins (3,000 per box)
<a_193><b_113><c_101> :: ids=[265] :: fam=other :: ZJchao 10 pieces Tungsten Carbide Rotary Burr SET 1/8"" shank [Misc.]","<a_185><b_83><c_203> :: ids=[457] :: fam=other :: CRC 03400 16oz Truetap Cutting Fluid Heavy Duty Bottle
<a_185><b_22><c_219> :: ids=[40] :: fam=other :: Forney 20859 Cutting Fluid, Industrial Pro Tap Magic, 1-Gallon
<a_209><b_33><c_25> :: ids=[577] :: fam=other :: Neiko 50458A Snap Ring Shop Assortment, 300 Count | 18 Sizes (1/8"" - 1-1/4"") | Hardened Steel
<a_185><b_2><c_12> :: ids=[123] :: fam=other :: Red Devil 0325 Steel Wool, 2 Medium Course, 8 Pads
<a_109><b_114><c_135> :: ids=[176] :: fam=other :: URBEST 530 Pcs 2:1 Heat Shrink Tubing Tube Sleeving Wrap Cable Wire 5 Color 8 Size"
r693_lost_vs_original_at10,1923,gauge_meter,2278,"GREX P6/35L 23 Gauge 1-3/8-Inch Length Headless Pins (10,000 per box)",2.0,,L2_miss_after_L1_hit,0,1,"<a_42><b_117><c_237> :: ids=[92] :: fam=gauge_meter :: GREX P6/MP-3 23 Gauge Multi-Pack Headless Pins (3,000 per box)
<a_42><b_117><c_0> :: ids=[2278] :: fam=gauge_meter :: GREX P6/35L 23 Gauge 1-3/8-Inch Length Headless Pins (10,000 per box)
<a_42><b_117><c_14> :: ids=[2277] :: fam=gauge_meter :: GREX P6/20L 23 Gauge 3/4-Inch Length Headless Pins (10,000 per box)
<a_42><b_117><c_6> :: ids=[3307] :: fam=gauge_meter :: GREX P6/12L 23 Gauge 1/2-Inch Length Headless Pins (10,000 per box)
<a_15><b_155><c_49> :: ids=[98] :: fam=metadata_placeholder :: Industrial & Scientific"" />","<a_100><b_87><c_24> :: ids=[659] :: fam=other :: Stanley MR100CG Contractor Grade Riveter
<a_100><b_170><c_136> :: ids=[2277] :: fam=gauge_meter :: GREX P6/20L 23 Gauge 3/4-Inch Length Headless Pins (10,000 per box)
<a_124><b_153><c_37> :: ids=[675] :: fam=adhesive_epoxy :: J-B Weld 8265S Original Cold-Weld Steel Reinforced Epoxy - 2 oz.
<a_78><b_171><c_172> :: ids=[114] :: fam=adhesive_epoxy :: Super Glue 15187 Super Glue, 12-Pack
<a_78><b_165><c_1> :: ids=[202] :: fam=adhesive_epoxy :: Loctite Liquid Professional Super Glue  20-Gram Bottle (1365882)"
r693_lost_vs_original_at10,2303,gauge_meter,181,"AcuRite 00613 Humidity Monitor with Indoor Thermometer, Digital Hygrometer and Humidity Gauge Indicator",7.0,16.0,L1_miss,0,1,"<a_52><b_156><c_106> :: ids=[1667] :: fam=other :: CloSYS Trial Size Intro Kit TSA Compliant
<a_193><b_203><c_191> :: ids=[1255] :: fam=other :: SE 82331TF 30-Piece Set of Titanium-Coated Diamond Burrs, Grits 120-150
<a_193><b_37><c_133> :: ids=[1415] :: fam=other :: SE 8436MVC 3"" Universal Table Vise
<a_71><b_127><c_119> :: ids=[516] :: fam=other :: 100pc 1/4"" Grommets Eyelets for Clothes, Leather, Canvas - Self-Backing
<a_193><b_113><c_248> :: ids=[1030] :: fam=other :: SE DT220R 180 Grit Diamond Burr Set with 1/8"" Shank, 20-Piece","<a_92><b_168><c_225> :: ids=[1255] :: fam=other :: SE 82331TF 30-Piece Set of Titanium-Coated Diamond Burrs, Grits 120-150
<a_209><b_171><c_16> :: ids=[516] :: fam=other :: 100pc 1/4"" Grommets Eyelets for Clothes, Leather, Canvas - Self-Backing
<a_197><b_173><c_161> :: ids=[84] :: fam=gauge_meter :: Neiko 01409A Electronic Digital Caliper with Extra Large LCD Screen | 0 - 12 Inches | Inch/Fractions/Millimeter Conversion
<a_92><b_110><c_254> :: ids=[1042] :: fam=other :: uxcell Mandrel Mounted White Conical Felt Point Polishing Tool
<a_118><b_59><c_100> :: ids=[281] :: fam=other :: SE TL10 10-Piece Test Lead Set with Alligator Clips"
r693_lost_vs_original_at10,2576,gauge_meter,1411,"DEWALT DCS16250 2-1/2-Inch by 16 Gauge Finish Nail (2,500 per Box)",5.0,,leaf_or_rank_miss_after_L2_hit,0,0,"<a_42><b_33><c_21> :: ids=[447] :: fam=gauge_meter :: DEWALT DCS16200 2-Inch by 16 Gauge Finish Nail (2,500 per Box)
<a_42><b_67><c_20> :: ids=[354] :: fam=gauge_meter :: DEWALT DBN18150 Heavy Duty 18-Gauge1-1/2-Inch Brad Nail (5000-Pack)
<a_42><b_33><c_28> :: ids=[230] :: fam=gauge_meter :: DEWALT DBN18125 Heavy Duty 18 Gauge, 1-1/4-Inch Brad Nail (5000-Pack)
<a_42><b_33><c_191> :: ids=[446] :: fam=gauge_meter :: DEWALT DCS16150 1-1/2-Inch by 16 Gauge Finish Nail (2,500 per Box)
<a_42><b_33><c_16> :: ids=[1411] :: fam=gauge_meter :: DEWALT DCS16250 2-1/2-Inch by 16 Gauge Finish Nail (2,500 per Box)","<a_69><b_246><c_141> :: ids=[363] :: fam=gauge_meter :: BOSTITCH BT1350B-1M 2-Inch 18-Gauge Brads, 1000 per Box, Coated
<a_118><b_138><c_12> :: ids=[2029] :: fam=other :: EATON 604-SP 660-Watt 250-volt Medium Base Ceiling Receptacle Lamp Holder, Porcelain, White
<a_69><b_237><c_104> :: ids=[447] :: fam=gauge_meter :: DEWALT DCS16200 2-Inch by 16 Gauge Finish Nail (2,500 per Box)
<a_69><b_237><c_152> :: ids=[1450] :: fam=gauge_meter :: DEWALT DCS16125 1-1/4-Inch by 16 Gauge Finish Nail (2,500 per Box)
<a_197><b_173><c_161> :: ids=[84] :: fam=gauge_meter :: Neiko 01409A Electronic Digital Caliper with Extra Large LCD Screen | 0 - 12 Inches | Inch/Fractions/Millimeter Conversion"
r693_lost_vs_original_at10,3170,gauge_meter,809,"Loos Cableware AN100-C4 Stainless Steel Thimble for 3/32"" and 1/8"" Diameter Wire Rope (10 Piece)",2.0,11.0,leaf_or_rank_miss_after_L2_hit,0,1,"<a_67><b_249><c_16> :: ids=[1521] :: fam=gauge_meter :: Aluminum Crimping Loop Sleeve for 1/8"" Diameter Wire Rope and Cable, (Pack of 100)
<a_67><b_108><c_20> :: ids=[809] :: fam=gauge_meter :: Loos Cableware AN100-C4 Stainless Steel Thimble for 3/32"" and 1/8"" Diameter Wire Rope (10 Piece)
<a_67><b_108><c_30> :: ids=[808] :: fam=gauge_meter :: Loos Cableware SL1-2 Aluminum Duplex Oval Crimping Sleeve Set for 1/16"" Diameter Wire Rope (50 Piece)
<a_71><b_106><c_76> :: ids=[245] :: fam=other :: Master Lock Strap, 12 ft. Long Lashing Strap, 3060DAT (Pack of 2)
<a_71><b_201><c_34> :: ids=[1286] :: fam=other :: Accessbuy 180-Piece Rubber Grommet Shop Assortment","<a_32><b_193><c_205> :: ids=[3301] :: fam=gauge_meter :: Aluminum Crimping Loop Sleeve for 3/16"" Diameter Wire Rope and Cable, (Pack of 25)
<a_32><b_193><c_134> :: ids=[1521] :: fam=gauge_meter :: Aluminum Crimping Loop Sleeve for 1/8"" Diameter Wire Rope and Cable, (Pack of 100)
<a_32><b_152><c_219> :: ids=[1193] :: fam=other :: Forney 70451 Wire Rope, Vinyl Coated Aircraft Cable, 250-Feet-by 3/32-Inch thru 3/16-Inch
<a_106><b_130><c_111> :: ids=[1220] :: fam=other :: Uxcell a11052800ux0091 PG7 Black Plastic Waterproof Cable Wire Glands Joints (Pack of 10)
<a_134><b_215><c_252> :: ids=[649] :: fam=other :: BQLZR M4 Stainless Steel 304 Hook & Eye Turnbuckle Wire Rope Tension Pack Of 5"
r693_lost_vs_original_at10,3356,gauge_meter,338,"Etekcity Lasergrip 1080 Non-Contact Digital Laser Infrared Thermometer Temperature Gun -58~1022 (-50550), Yellow and Black",7.0,,L1_miss,0,1,"<a_202><b_170><c_66> :: ids=[1174] :: fam=tape :: Nashua 2280 Polyethylene Coated Cloth Multi-Purpose Duct Tape, 55m Length x 48mm Width, Tan
<a_244><b_136><c_142> :: ids=[609] :: fam=other :: Dap 7079812343 Drydex 5.5 Oz 6Pk Raw Building Material, 5.5-Ounce, Pink/White
<a_202><b_52><c_171> :: ids=[130] :: fam=tape :: Gorilla Tape, Black Duct Tape, 1.88"" x 35 yd, Black, (Pack of 1)
<a_202><b_172><c_180> :: ids=[288] :: fam=tape :: Scotch Fingerprint Lifting Tape 8004 Clear, 2 in x 10 yd, Conveniently Packaged (Pack of 6)
<a_202><b_198><c_218> :: ids=[950] :: fam=tape :: X-Treme Tape TPE-XZLCLR Silicone Rubber Self Fusing Tape, 1"" x 10', Triangular, Clear","<a_78><b_228><c_74> :: ids=[172] :: fam=adhesive_epoxy :: Gorilla Super Glue Gel, 15 Gram, Clear
<a_78><b_165><c_1> :: ids=[202] :: fam=adhesive_epoxy :: Loctite Liquid Professional Super Glue  20-Gram Bottle (1365882)
<a_31><b_208><c_41> :: ids=[125] :: fam=tape :: Gorilla 6100101 Tape Handy Roll, 1-Pack, Black
<a_31><b_89><c_252> :: ids=[130] :: fam=tape :: Gorilla Tape, Black Duct Tape, 1.88"" x 35 yd, Black, (Pack of 1)
<a_78><b_171><c_172> :: ids=[114] :: fam=adhesive_epoxy :: Super Glue 15187 Super Glue, 12-Pack"
r693_lost_vs_original_at10,3475,gauge_meter,356,"PORTER-CABLE PNS18075 3/4-Inch, 18 Gauge Narrow Crown (1/4-Inch) Staple (5000-Pack)",1.0,31.0,leaf_or_rank_miss_after_L2_hit,0,0,"<a_42><b_226><c_0> :: ids=[356] :: fam=gauge_meter :: PORTER-CABLE PNS18075 3/4-Inch, 18 Gauge Narrow Crown (1/4-Inch) Staple (5000-Pack)
<a_42><b_226><c_185> :: ids=[20] :: fam=gauge_meter :: PORTER-CABLE (PBN18075-1) 18 Gauge Brad Nails, 3/4-Inch, 1000-Pack
<a_42><b_9><c_185> :: ids=[346] :: fam=gauge_meter :: BOSTITCH BT1300B 5/8-Inch 18-Gauge Brad Nails, 3000 per Box
<a_42><b_226><c_3> :: ids=[358] :: fam=gauge_meter :: PORTER-CABLE PNS18100-1 1-Inch 18 Gauge Narrow Crown Staple, 1000-Pack
<a_42><b_226><c_233> :: ids=[897] :: fam=gauge_meter :: PORTER-CABLE NS18Pp 18 Gauge Narrow Crown Staple Project Pack, 900 Count, Various Sizes","<a_69><b_94><c_27> :: ids=[897] :: fam=gauge_meter :: PORTER-CABLE NS18Pp 18 Gauge Narrow Crown Staple Project Pack, 900 Count, Various Sizes
<a_190><b_103><c_0> :: ids=[181, 182] :: fam=gauge_meter :: AcuRite 00613 Humidity Monitor with Indoor Thermometer, Digital Hygrometer and Humidity Gauge Indicator / AcuRite 00613 Humidity Monitor with Indoor Thermometer, Digital Hygrometer
<a_235><b_8><c_102> :: ids=[359] :: fam=fastener :: Kreg SK03 Pocket-Hole Screw Kit in 5 Sizes
<a_209><b_33><c_25> :: ids=[577] :: fam=other :: Neiko 50458A Snap Ring Shop Assortment, 300 Count | 18 Sizes (1/8"" - 1-1/4"") | Hardened Steel
<a_7><b_141><c_102> :: ids=[1395] :: fam=fastener :: KREG Tools SSW Kreg Screw Selector Wheel. Woodworking"
r693_lost_vs_original_at10,3477,gauge_meter,355,"PORTER-CABLE PBN18100-1 1-Inch 18 Gauge Brad Nails, 1000-Pack",7.0,,L2_miss_after_L1_hit,0,1,"<a_42><b_226><c_3> :: ids=[358] :: fam=gauge_meter :: PORTER-CABLE PNS18100-1 1-Inch 18 Gauge Narrow Crown Staple, 1000-Pack
<a_42><b_226><c_0> :: ids=[356] :: fam=gauge_meter :: PORTER-CABLE PNS18075 3/4-Inch, 18 Gauge Narrow Crown (1/4-Inch) Staple (5000-Pack)
<a_42><b_9><c_185> :: ids=[346] :: fam=gauge_meter :: BOSTITCH BT1300B 5/8-Inch 18-Gauge Brad Nails, 3000 per Box
<a_42><b_133><c_0> :: ids=[710] :: fam=other :: PORTER-CABLE PBN18200-1 2-Inch, 18 ga. brad nails (1000-Pack)
<a_42><b_226><c_233> :: ids=[897] :: fam=gauge_meter :: PORTER-CABLE NS18Pp 18 Gauge Narrow Crown Staple Project Pack, 900 Count, Various Sizes","<a_69><b_94><c_27> :: ids=[897] :: fam=gauge_meter :: PORTER-CABLE NS18Pp 18 Gauge Narrow Crown Staple Project Pack, 900 Count, Various Sizes
<a_69><b_94><c_1> :: ids=[358] :: fam=gauge_meter :: PORTER-CABLE PNS18100-1 1-Inch 18 Gauge Narrow Crown Staple, 1000-Pack
<a_235><b_8><c_102> :: ids=[359] :: fam=fastener :: Kreg SK03 Pocket-Hole Screw Kit in 5 Sizes
<a_69><b_94><c_91> :: ids=[356] :: fam=gauge_meter :: PORTER-CABLE PNS18075 3/4-Inch, 18 Gauge Narrow Crown (1/4-Inch) Staple (5000-Pack)
<a_7><b_141><c_102> :: ids=[1395] :: fam=fastener :: KREG Tools SSW Kreg Screw Selector Wheel. Woodworking"
r693_lost_vs_original_at10,56,other,507,"Stainless Flat Washers 1/4 Inch, 304 Stainless Steel, 100 pieces (1/4 Flat Washer) by ""Chenango Supply Co., Inc.",2.0,,L1_miss,1,2,"<a_251><b_54><c_150> :: ids=[728] :: fam=other :: Cold Rolled Steel A513 Drawn Over Mandrel Round Tubing, ASTM A513, 1-1/4"" OD, 1.01"" ID, 0.12"" Wall, 72"" Length
<a_108><b_76><c_55> :: ids=[507] :: fam=other :: Stainless Flat Washers 1/4 Inch, 304 Stainless Steel, 100 pieces (1/4 Flat Washer) by ""Chenango Supply Co., Inc.
<a_193><b_76><c_133> :: ids=[822] :: fam=other :: Anytime Tools 24 pc Wire Brush Wheel & Cup - Brass & Stainless Steel 1/8"" Shank for Rotary Tools
<a_193><b_226><c_166> :: ids=[239] :: fam=other :: Cal Hawk Tools CZCW45B Metal Cut-Off Wheel (50 Pack), 4-1/2
<a_224><b_76><c_250> :: ids=[658] :: fam=other :: Stanley R120 Rivet Pack Assortment","<a_162><b_155><c_123> :: ids=[728] :: fam=other :: Cold Rolled Steel A513 Drawn Over Mandrel Round Tubing, ASTM A513, 1-1/4"" OD, 1.01"" ID, 0.12"" Wall, 72"" Length
<a_235><b_239><c_31> :: ids=[506] :: fam=fastener :: Stainless 1/4-20 Hex Nuts, USS Coarse Thread, 304 Stainless Steel, 100 pieces (1/4 Hex Nuts)
<a_109><b_114><c_135> :: ids=[176] :: fam=other :: URBEST 530 Pcs 2:1 Heat Shrink Tubing Tube Sleeving Wrap Cable Wire 5 Color 8 Size
<a_31><b_155><c_192> :: ids=[168] :: fam=tape :: Scotch Super 33+ Vinyl Electrical Tape, 3/4 in x 66 ft
<a_231><b_198><c_94> :: ids=[800] :: fam=connector_fitting :: Anderson Metals 57001-0402 Brass Hose Fitting, Adapter, 1/4"" Barb x 1/8"" NPT Male Pipe"
r693_lost_vs_original_at10,483,other,281,SE TL10 10-Piece Test Lead Set with Alligator Clips,7.0,,L1_miss,1,3,"<a_108><b_154><c_173> :: ids=[2266] :: fam=other :: Supco BPV31 Bullet Piercing Valve
<a_79><b_101><c_91> :: ids=[3363] :: fam=other :: Rotometals Kilo Bismuth Metal 99.99% Premium Grade
<a_15><b_155><c_49> :: ids=[98] :: fam=metadata_placeholder :: Industrial & Scientific"" />
<a_104><b_60><c_152> :: ids=[266] :: fam=gauge_meter :: iGaging ABSOLUTE ORIGIN 0-6"" Digital Electronic Caliper - IP54 Protection/Extreme Accuracy
<a_71><b_242><c_21> :: ids=[42] :: fam=connector_fitting :: Precision Brand M6S Micro Seal, Miniature All Stainless Worm Gear Hose Clamp, 5/16"" - 7/8"" (Pack of 10)","<a_197><b_176><c_141> :: ids=[62] :: fam=gauge_meter :: Anytime Tools Dial Caliper 6"" / 150mm DUAL Reading Scale METRIC SAE Standard INCH MM
<a_231><b_198><c_94> :: ids=[800] :: fam=connector_fitting :: Anderson Metals 57001-0402 Brass Hose Fitting, Adapter, 1/4"" Barb x 1/8"" NPT Male Pipe
<a_209><b_196><c_135> :: ids=[42] :: fam=connector_fitting :: Precision Brand M6S Micro Seal, Miniature All Stainless Worm Gear Hose Clamp, 5/16"" - 7/8"" (Pack of 10)
<a_197><b_173><c_161> :: ids=[84] :: fam=gauge_meter :: Neiko 01409A Electronic Digital Caliper with Extra Large LCD Screen | 0 - 12 Inches | Inch/Fractions/Millimeter Conversion
<a_80><b_233><c_186> :: ids=[87] :: fam=other :: Wixey WR510 Digital Planer Readout with Fractions"
r693_lost_vs_original_at10,767,other,178,"Neiko 10194A Titanium Step Drill Bit, High Speed Steel | 1/4"" to 1-3/8"" | Total 10 Step Sizes",7.0,20.0,L1_miss,1,1,"<a_228><b_158><c_11> :: ids=[94] :: fam=other :: White SiliconeTubing, 3/16""ID, 1/4""OD, 1/32"" Wall, 10' Length
<a_94><b_195><c_193> :: ids=[2223] :: fam=other :: 250ml Narrow Mouth Erlenmeyer Flask with Rubber Stoppers, Karter Scientific 213G20 (Pack of 8)
<a_228><b_113><c_68> :: ids=[152] :: fam=connector_fitting :: Camco 4ft TastePURE Drinking Water Hose - Lead and BPA Free, Reinforced for Maximum Kink Resistance,  1/2""Inner Diameter (22763)
<a_94><b_35><c_31> :: ids=[148] :: fam=other :: Plastic Transfer Pipettes 3ml, Graduated, Pack of 100
<a_107><b_93><c_0> :: ids=[181, 182] :: fam=gauge_meter :: AcuRite 00613 Humidity Monitor with Indoor Thermometer, Digital Hygrometer and Humidity Gauge Indicator / AcuRite 00613 Humidity Monitor with Indoor Thermometer, Digital Hygrometer","<a_0><b_41><c_40> :: ids=[93] :: fam=other :: White SiliconeTubing, 1/2""ID, 3/4""OD, 1/8""Wall, 25' Length
<a_190><b_64><c_29> :: ids=[819] :: fam=3d_filament :: Inkbird ITC-1000 Dual Stage Digital Temperature Controller Fahrenheit  Celsius Thermostat with Sensor for 3D Printer,Freezer,Fridge,Hatching ect (12 Volt)
<a_209><b_196><c_135> :: ids=[42] :: fam=connector_fitting :: Precision Brand M6S Micro Seal, Miniature All Stainless Worm Gear Hose Clamp, 5/16"" - 7/8"" (Pack of 10)
<a_190><b_103><c_0> :: ids=[181, 182] :: fam=gauge_meter :: AcuRite 00613 Humidity Monitor with Indoor Thermometer, Digital Hygrometer and Humidity Gauge Indicator / AcuRite 00613 Humidity Monitor with Indoor Thermometer, Digital Hygrometer
<a_231><b_198><c_94> :: ids=[800] :: fam=connector_fitting :: Anderson Metals 57001-0402 Brass Hose Fitting, Adapter, 1/4"" Barb x 1/8"" NPT Male Pipe"
r693_lost_vs_original_at10,1386,other,33,Bessey BV-NVJ Multi-Purpose Vise Jaws (Jaws Only),6.0,12.0,L1_miss,1,2,"<a_15><b_206><c_230> :: ids=[54] :: fam=metadata_placeholder :: Industrial & Scientific"" />
<a_193><b_64><c_16> :: ids=[1042] :: fam=other :: uxcell Mandrel Mounted White Conical Felt Point Polishing Tool
<a_193><b_76><c_133> :: ids=[822] :: fam=other :: Anytime Tools 24 pc Wire Brush Wheel & Cup - Brass & Stainless Steel 1/8"" Shank for Rotary Tools
<a_150><b_61><c_87> :: ids=[284] :: fam=other :: Silica Gel Desiccants 2-1/4 x 1 1/2 Inches - 25 Silica Gel Packets of 10 Grams Each by Dry-Packs
<a_173><b_93><c_124> :: ids=[40] :: fam=other :: Forney 20859 Cutting Fluid, Industrial Pro Tap Magic, 1-Gallon","<a_129><b_68><c_172> :: ids=[54] :: fam=metadata_placeholder :: Industrial & Scientific"" />
<a_92><b_110><c_254> :: ids=[1042] :: fam=other :: uxcell Mandrel Mounted White Conical Felt Point Polishing Tool
<a_129><b_163><c_0> :: ids=[431, 1006] :: fam=metadata_placeholder :: Industrial & Scientific"" /> / Industrial & Scientific"" />
<a_154><b_254><c_212> :: ids=[98] :: fam=metadata_placeholder :: Industrial & Scientific"" />
<a_185><b_83><c_203> :: ids=[457] :: fam=other :: CRC 03400 16oz Truetap Cutting Fluid Heavy Duty Bottle"
r693_lost_vs_original_at10,1619,other,140,DuPont Teflon Silicone Lubricant,2.0,27.0,L2_miss_after_L1_hit,1,2,"<a_165><b_59><c_69> :: ids=[675] :: fam=adhesive_epoxy :: J-B Weld 8265S Original Cold-Weld Steel Reinforced Epoxy - 2 oz.
<a_173><b_201><c_145> :: ids=[140] :: fam=other :: DuPont Teflon Silicone Lubricant
<a_244><b_1><c_199> :: ids=[919] :: fam=other :: Flex Seal Spray Rubber Sealant Coating, 14-oz, Clear
<a_165><b_59><c_20> :: ids=[326] :: fam=adhesive_epoxy :: J-B Weld 8276 KwikWeld Quick Setting Steel Reinforced Epoxy - 2 oz.
<a_197><b_204><c_0> :: ids=[139, 774] :: fam=other :: DuPont Teflon Non-Stick / DuPont Teflon Non-Stick","<a_77><b_45><c_0> :: ids=[139, 774] :: fam=other :: DuPont Teflon Non-Stick / DuPont Teflon Non-Stick
<a_65><b_145><c_139> :: ids=[2237] :: fam=adhesive_epoxy :: Flex Shot Rubber Adhesive Sealant Caulk, 8-oz, Clear (2 Pack)
<a_65><b_145><c_246> :: ids=[682] :: fam=other :: Pro Flex Super Flexible Elastomeric Sealant Acrylic Clear Paintable 10 Oz
<a_78><b_165><c_1> :: ids=[202] :: fam=adhesive_epoxy :: Loctite Liquid Professional Super Glue  20-Gram Bottle (1365882)
<a_124><b_153><c_37> :: ids=[675] :: fam=adhesive_epoxy :: J-B Weld 8265S Original Cold-Weld Steel Reinforced Epoxy - 2 oz."
r693_lost_vs_original_at10,1643,other,1559,"Hakko CHP 7-SA Stainless Steel Non-Magnetic Precision Tweezers with Very-Fine Point Curved Tips, 4-1/2"" Length",6.0,44.0,leaf_or_rank_miss_after_L2_hit,1,3,"<a_211><b_100><c_25> :: ids=[281] :: fam=other :: SE TL10 10-Piece Test Lead Set with Alligator Clips
<a_15><b_155><c_49> :: ids=[98] :: fam=metadata_placeholder :: Industrial & Scientific"" />
<a_73><b_8><c_168> :: ids=[285] :: fam=other :: Z&T Solderless Flexible Breadboard Jumper Wires M/M 100pcs
<a_104><b_186><c_66> :: ids=[84] :: fam=gauge_meter :: Neiko 01409A Electronic Digital Caliper with Extra Large LCD Screen | 0 - 12 Inches | Inch/Fractions/Millimeter Conversion
<a_73><b_231><c_56> :: ids=[734] :: fam=other :: microtivity IL188 5mm Assorted Clear LED w/Resistors (8 Colors, Pack of 80)","<a_118><b_59><c_100> :: ids=[281] :: fam=other :: SE TL10 10-Piece Test Lead Set with Alligator Clips
<a_197><b_173><c_161> :: ids=[84] :: fam=gauge_meter :: Neiko 01409A Electronic Digital Caliper with Extra Large LCD Screen | 0 - 12 Inches | Inch/Fractions/Millimeter Conversion
<a_59><b_232><c_37> :: ids=[2754] :: fam=other :: Hakko CHP 3-SA Stainless Steel Non-Magnetic Precision Tweezers with Very Fine Point Tips for Microelectronics Applications, 4-3/4"" Length
<a_92><b_200><c_192> :: ids=[341] :: fam=other :: Neiko 11108A 4.5&rdquo; x 7/8-Inch Aluminum Oxide Flap Disc, 80 Grit | Flat Type #27 | 10-Pack
<a_134><b_254><c_47> :: ids=[145] :: fam=other :: Marrywindix 6pcs ESD Precision Anti-Static Tweezers, Tweezers Stainless Steel Tweezers with a Bag for Electronics Jewelry-Making Repairing"
r693_lost_vs_original_at10,1660,other,821,"Apera Instruments AI209 PH20 Value Waterproof pH Pocket Tester, &plusmn;0.1 pH Accuracy, 0-14.0 pH Range, Complete Kit",9.0,30.0,L1_miss,1,1,"<a_107><b_93><c_0> :: ids=[181, 182] :: fam=gauge_meter :: AcuRite 00613 Humidity Monitor with Indoor Thermometer, Digital Hygrometer and Humidity Gauge Indicator / AcuRite 00613 Humidity Monitor with Indoor Thermometer, Digital Hygrometer
<a_107><b_90><c_50> :: ids=[338] :: fam=gauge_meter :: Etekcity Lasergrip 1080 Non-Contact Digital Laser Infrared Thermometer Temperature Gun -58~1022 (-50550), Yellow and Black
<a_107><b_133><c_57> :: ids=[620] :: fam=gauge_meter :: Nubee Non-Contact Digital Laser Infrared Thermometer Temperature Gun -58 &deg;F - 1022&deg;F(-50&deg;C - 550&deg;C) MAX Display, EMS Adjustable Function, Orange
<a_109><b_74><c_57> :: ids=[218] :: fam=ventilation_fan :: Phresh Duct Silencer 8 in x 24 in
<a_107><b_90><c_68> :: ids=[159] :: fam=gauge_meter :: Etekcity Lasergrip 774 Non-contact Digital Laser Infrared Thermometer Temperature Gun -58~ 716 (-50 ~ 380), Yellow and Black","<a_190><b_103><c_0> :: ids=[181, 182] :: fam=gauge_meter :: AcuRite 00613 Humidity Monitor with Indoor Thermometer, Digital Hygrometer and Humidity Gauge Indicator / AcuRite 00613 Humidity Monitor with Indoor Thermometer, Digital Hygrometer
<a_190><b_185><c_201> :: ids=[159] :: fam=gauge_meter :: Etekcity Lasergrip 774 Non-contact Digital Laser Infrared Thermometer Temperature Gun -58~ 716 (-50 ~ 380), Yellow and Black
<a_190><b_173><c_203> :: ids=[338] :: fam=gauge_meter :: Etekcity Lasergrip 1080 Non-Contact Digital Laser Infrared Thermometer Temperature Gun -58~1022 (-50550), Yellow and Black
<a_190><b_237><c_54> :: ids=[1070] :: fam=other :: Fluke VT04 Infrared Imager with Soft Carrying Case
<a_190><b_64><c_29> :: ids=[819] :: fam=3d_filament :: Inkbird ITC-1000 Dual Stage Digital Temperature Controller Fahrenheit  Celsius Thermostat with Sensor for 3D Printer,Freezer,Fridge,Hatching ect (12 Volt)"
r693_lost_vs_original_at10,1704,other,1376,"Century Drill and Tool 97205 Plug Hand Pipe Tap, 3/4-14 NPT",6.0,31.0,L1_miss,1,2,"<a_71><b_36><c_171> :: ids=[1663] :: fam=ventilation_fan :: Prime-Line Products P 7645 Screen Retainer Spline, .250-in, 25-ft, Gray
<a_71><b_242><c_21> :: ids=[42] :: fam=connector_fitting :: Precision Brand M6S Micro Seal, Miniature All Stainless Worm Gear Hose Clamp, 5/16"" - 7/8"" (Pack of 10)
<a_71><b_8><c_31> :: ids=[2885] :: fam=connector_fitting :: Ansen Tools AN 112 Hose Clamp Assortment, 40 Piece
<a_104><b_186><c_66> :: ids=[84] :: fam=gauge_meter :: Neiko 01409A Electronic Digital Caliper with Extra Large LCD Screen | 0 - 12 Inches | Inch/Fractions/Millimeter Conversion
<a_71><b_93><c_169> :: ids=[1184] :: fam=other :: Keeper Foot x 2 Inch 02612 6' x 2"" Lift Sling","<a_197><b_173><c_161> :: ids=[84] :: fam=gauge_meter :: Neiko 01409A Electronic Digital Caliper with Extra Large LCD Screen | 0 - 12 Inches | Inch/Fractions/Millimeter Conversion
<a_31><b_51><c_218> :: ids=[856] :: fam=tape :: Tesa  Wire Loom Harness Tape Used By Mercedes BMW VW Audi
<a_209><b_33><c_25> :: ids=[577] :: fam=other :: Neiko 50458A Snap Ring Shop Assortment, 300 Count | 18 Sizes (1/8"" - 1-1/4"") | Hardened Steel
<a_31><b_155><c_192> :: ids=[168] :: fam=tape :: Scotch Super 33+ Vinyl Electrical Tape, 3/4 in x 66 ft
<a_80><b_233><c_186> :: ids=[87] :: fam=other :: Wixey WR510 Digital Planer Readout with Fractions"
r693_lost_vs_original_at10,2335,other,699,"POWERTEC 15501 1/2"" Arbor 60-Grit Silicon Carbide Grinding Wheel, 6"" by 3/4",4.0,,L2_miss_after_L1_hit,1,1,"<a_193><b_177><c_105> :: ids=[1115] :: fam=other :: TEKTON 8-Inch Swivel Bench Vise | 54008
<a_193><b_177><c_45> :: ids=[2093] :: fam=other :: Shop Fox D3249 Bench Vise with Swivel Base, 5-Inch
<a_107><b_93><c_0> :: ids=[181, 182] :: fam=gauge_meter :: AcuRite 00613 Humidity Monitor with Indoor Thermometer, Digital Hygrometer and Humidity Gauge Indicator / AcuRite 00613 Humidity Monitor with Indoor Thermometer, Digital Hygrometer
<a_193><b_177><c_173> :: ids=[699] :: fam=other :: POWERTEC 15501 1/2"" Arbor 60-Grit Silicon Carbide Grinding Wheel, 6"" by 3/4
<a_193><b_157><c_133> :: ids=[425] :: fam=other :: FREUD 10 In. Calibration &","<a_190><b_103><c_0> :: ids=[181, 182] :: fam=gauge_meter :: AcuRite 00613 Humidity Monitor with Indoor Thermometer, Digital Hygrometer and Humidity Gauge Indicator / AcuRite 00613 Humidity Monitor with Indoor Thermometer, Digital Hygrometer
<a_190><b_185><c_201> :: ids=[159] :: fam=gauge_meter :: Etekcity Lasergrip 774 Non-contact Digital Laser Infrared Thermometer Temperature Gun -58~ 716 (-50 ~ 380), Yellow and Black
<a_190><b_173><c_203> :: ids=[338] :: fam=gauge_meter :: Etekcity Lasergrip 1080 Non-Contact Digital Laser Infrared Thermometer Temperature Gun -58~1022 (-50550), Yellow and Black
<a_190><b_64><c_29> :: ids=[819] :: fam=3d_filament :: Inkbird ITC-1000 Dual Stage Digital Temperature Controller Fahrenheit  Celsius Thermostat with Sensor for 3D Printer,Freezer,Fridge,Hatching ect (12 Volt)
<a_190><b_173><c_201> :: ids=[1853] :: fam=gauge_meter :: Fluke 62 MAX Infrared Thermometer, AA Battery, -20 to +932 Degree F Range with a NIST-Traceable Calibration Certificate with Data"
r693_lost_vs_original_at10,2457,other,2869,"13cm Dia. (5.1"") Filter Funnel, Buchner Style - 2 Parts, Polypropylene, Designed for 11-12.5cm Filter Paper",2.0,,L2_miss_after_L1_hit,1,1,"<a_94><b_93><c_171> :: ids=[183] :: fam=other :: SEOH GLASS FUNNEL Neutral glass 100 mm 100 mm stem
<a_94><b_93><c_57> :: ids=[2869] :: fam=other :: 13cm Dia. (5.1"") Filter Funnel, Buchner Style - 2 Parts, Polypropylene, Designed for 11-12.5cm Filter Paper
<a_107><b_93><c_0> :: ids=[181, 182] :: fam=gauge_meter :: AcuRite 00613 Humidity Monitor with Indoor Thermometer, Digital Hygrometer and Humidity Gauge Indicator / AcuRite 00613 Humidity Monitor with Indoor Thermometer, Digital Hygrometer
<a_94><b_26><c_15> :: ids=[1956] :: fam=other :: Karter Scientific Glass Flask 5 Piece Set, Narrow Mouth Erlenmeyer, Borosilicate 3.3 Glass - 50ml, 150ml, 250ml, 500ml, 1L, 213B2
<a_94><b_181><c_22> :: ids=[3199] :: fam=gauge_meter :: cnsdistributing 6809 Proof and Tralle or% Alcohol Hydrometer Alcoholmeter Spiritometer for Moonshine Still, Spirits, Distilled","<a_138><b_9><c_137> :: ids=[395] :: fam=other :: Arctic Silver 5 AS5-3.5G Thermal Paste
<a_190><b_185><c_201> :: ids=[159] :: fam=gauge_meter :: Etekcity Lasergrip 774 Non-contact Digital Laser Infrared Thermometer Temperature Gun -58~ 716 (-50 ~ 380), Yellow and Black
<a_219><b_130><c_190> :: ids=[2597] :: fam=other :: Karter Scientific 206D2 Plastic Petri Dishes, 60 mm x 15 mm, 3 Vents, Sterile (Pack of 10)
<a_81><b_167><c_6> :: ids=[148] :: fam=other :: Plastic Transfer Pipettes 3ml, Graduated, Pack of 100
<a_190><b_64><c_29> :: ids=[819] :: fam=3d_filament :: Inkbird ITC-1000 Dual Stage Digital Temperature Controller Fahrenheit  Celsius Thermostat with Sensor for 3D Printer,Freezer,Fridge,Hatching ect (12 Volt)"
r693_lost_vs_original_at10,2722,other,140,DuPont Teflon Silicone Lubricant,2.0,17.0,L2_miss_after_L1_hit,1,2,"<a_107><b_93><c_0> :: ids=[181, 182] :: fam=gauge_meter :: AcuRite 00613 Humidity Monitor with Indoor Thermometer, Digital Hygrometer and Humidity Gauge Indicator / AcuRite 00613 Humidity Monitor with Indoor Thermometer, Digital Hygrometer
<a_173><b_201><c_145> :: ids=[140] :: fam=other :: DuPont Teflon Silicone Lubricant
<a_197><b_204><c_0> :: ids=[139, 774] :: fam=other :: DuPont Teflon Non-Stick / DuPont Teflon Non-Stick
<a_165><b_59><c_20> :: ids=[326] :: fam=adhesive_epoxy :: J-B Weld 8276 KwikWeld Quick Setting Steel Reinforced Epoxy - 2 oz.
<a_173><b_60><c_25> :: ids=[1182] :: fam=other :: Super Lube 51004 Synthetic Oil with PTFE, High Viscosity, 4 oz Bottle","<a_190><b_103><c_0> :: ids=[181, 182] :: fam=gauge_meter :: AcuRite 00613 Humidity Monitor with Indoor Thermometer, Digital Hygrometer and Humidity Gauge Indicator / AcuRite 00613 Humidity Monitor with Indoor Thermometer, Digital Hygrometer
<a_77><b_45><c_0> :: ids=[139, 774] :: fam=other :: DuPont Teflon Non-Stick / DuPont Teflon Non-Stick
<a_190><b_185><c_201> :: ids=[159] :: fam=gauge_meter :: Etekcity Lasergrip 774 Non-contact Digital Laser Infrared Thermometer Temperature Gun -58~ 716 (-50 ~ 380), Yellow and Black
<a_190><b_64><c_29> :: ids=[819] :: fam=3d_filament :: Inkbird ITC-1000 Dual Stage Digital Temperature Controller Fahrenheit  Celsius Thermostat with Sensor for 3D Printer,Freezer,Fridge,Hatching ect (12 Volt)
<a_35><b_170><c_107> :: ids=[218] :: fam=ventilation_fan :: Phresh Duct Silencer 8 in x 24 in"
r693_lost_vs_original_at10,3686,other,2745,HM Digital 1000ppm TDS Calibration Solution,2.0,18.0,L2_miss_after_L1_hit,1,1,"<a_107><b_93><c_0> :: ids=[181, 182] :: fam=gauge_meter :: AcuRite 00613 Humidity Monitor with Indoor Thermometer, Digital Hygrometer and Humidity Gauge Indicator / AcuRite 00613 Humidity Monitor with Indoor Thermometer, Digital Hygrometer
<a_107><b_135><c_157> :: ids=[2745] :: fam=other :: HM Digital 1000ppm TDS Calibration Solution
<a_107><b_133><c_57> :: ids=[620] :: fam=gauge_meter :: Nubee Non-Contact Digital Laser Infrared Thermometer Temperature Gun -58 &deg;F - 1022&deg;F(-50&deg;C - 550&deg;C) MAX Display, EMS Adjustable Function, Orange
<a_109><b_74><c_57> :: ids=[218] :: fam=ventilation_fan :: Phresh Duct Silencer 8 in x 24 in
<a_107><b_183><c_251> :: ids=[2321] :: fam=other :: HM Digital C342 TDS and EC Calibration Solution, 342 ppm (NaCl), 90 ml Volume","<a_190><b_103><c_0> :: ids=[181, 182] :: fam=gauge_meter :: AcuRite 00613 Humidity Monitor with Indoor Thermometer, Digital Hygrometer and Humidity Gauge Indicator / AcuRite 00613 Humidity Monitor with Indoor Thermometer, Digital Hygrometer
<a_190><b_185><c_201> :: ids=[159] :: fam=gauge_meter :: Etekcity Lasergrip 774 Non-contact Digital Laser Infrared Thermometer Temperature Gun -58~ 716 (-50 ~ 380), Yellow and Black
<a_35><b_170><c_107> :: ids=[218] :: fam=ventilation_fan :: Phresh Duct Silencer 8 in x 24 in
<a_35><b_85><c_71> :: ids=[2938] :: fam=ventilation_fan :: VenTech VT DUCT-6 VTD625 Aluminum Duct for Ventilation Ducting, 6''
<a_190><b_64><c_29> :: ids=[819] :: fam=3d_filament :: Inkbird ITC-1000 Dual Stage Digital Temperature Controller Fahrenheit  Celsius Thermostat with Sensor for 3D Printer,Freezer,Fridge,Hatching ect (12 Volt)"
r693_lost_vs_original_at10,3814,other,1546,BreakFree CLP-PS Precision Shooter,5.0,45.0,L1_miss,1,3,"<a_165><b_107><c_20> :: ids=[257] :: fam=adhesive_epoxy :: Gorilla 5000408  Original Gorilla Glue, Waterproof Polyurethane Glue, 4 ounce Bottle, Brown
<a_173><b_23><c_0> :: ids=[340] :: fam=other :: Break-Free CLP-4 Cleaner Lubricant Preservative Squeeze Bottle (4 -Fluid Ounce)
<a_165><b_15><c_16> :: ids=[202] :: fam=adhesive_epoxy :: Loctite Liquid Professional Super Glue  20-Gram Bottle (1365882)
<a_165><b_107><c_21> :: ids=[272] :: fam=adhesive_epoxy :: Gorilla Original Gorilla Glue, Waterproof Polyurethane Glue, 2 ounce Bottle, Brown
<a_173><b_100><c_244> :: ids=[1546] :: fam=other :: BreakFree CLP-PS Precision Shooter","<a_78><b_228><c_74> :: ids=[172] :: fam=adhesive_epoxy :: Gorilla Super Glue Gel, 15 Gram, Clear
<a_31><b_208><c_41> :: ids=[125] :: fam=tape :: Gorilla 6100101 Tape Handy Roll, 1-Pack, Black
<a_168><b_127><c_130> :: ids=[340] :: fam=other :: Break-Free CLP-4 Cleaner Lubricant Preservative Squeeze Bottle (4 -Fluid Ounce)
<a_78><b_165><c_1> :: ids=[202] :: fam=adhesive_epoxy :: Loctite Liquid Professional Super Glue  20-Gram Bottle (1365882)
<a_31><b_89><c_252> :: ids=[130] :: fam=tape :: Gorilla Tape, Black Duct Tape, 1.88"" x 35 yd, Black, (Pack of 1)"
r693_lost_vs_original_at10,4034,other,2564,20 Pieces LM386N-1 LM386N LM386 Low Voltage Audio Power Amplifier,8.0,,L1_miss,1,1,"<a_73><b_108><c_83> :: ids=[1881] :: fam=other :: Phantom YoYo 170 Points Mini Breadboard for Arduino Proto Shield (6 PCS)
<a_30><b_229><c_164> :: ids=[1602] :: fam=other :: STMicroelectronics L7805CV 5V 1.5A Positive Voltage Regulator, 5 Pieces
<a_73><b_58><c_117> :: ids=[2229] :: fam=other :: Uxcell a11093000ux0385 10x 8 Pin DIP IC Sockets Adaptor Solder Type Socket
<a_73><b_231><c_56> :: ids=[734] :: fam=other :: microtivity IL188 5mm Assorted Clear LED w/Resistors (8 Colors, Pack of 80)
<a_30><b_191><c_20> :: ids=[635] :: fam=other :: Texas Instruments NE555N NE555 NE555P General Purpose Single Bipolar Timer DIP8 50 Pack","<a_63><b_188><c_213> :: ids=[1881] :: fam=other :: Phantom YoYo 170 Points Mini Breadboard for Arduino Proto Shield (6 PCS)
<a_126><b_141><c_197> :: ids=[2631] :: fam=other :: Addicore 1 Pack ATmega328P-PU DIP-28 Chip with Arduino Uno Bootloader and Addicore Pinout Sticker
<a_106><b_160><c_222> :: ids=[1753] :: fam=other :: 5pcs 6x8cm Double-Side Prototype PCB Universal Printed Circuit Board
<a_126><b_162><c_235> :: ids=[1820] :: fam=other :: Uxcell a14041800ux1143 25Pcs Double Sided Protoboard Prototyping Pcb Board 4cm x 6cm
<a_134><b_254><c_47> :: ids=[145] :: fam=other :: Marrywindix 6pcs ESD Precision Anti-Static Tweezers, Tweezers Stainless Steel Tweezers with a Bag for Electronics Jewelry-Making Repairing"
r693_lost_vs_original_at10,4232,other,176,URBEST 530 Pcs 2:1 Heat Shrink Tubing Tube Sleeving Wrap Cable Wire 5 Color 8 Size,10.0,34.0,L1_miss,1,2,"<a_224><b_77><c_43> :: ids=[914] :: fam=fastener :: The Hillman Group 591518 Small Machine Screws with Nuts Assortment, 195-Pack
<a_224><b_114><c_148> :: ids=[603] :: fam=fastener :: The Hillman Group 591519 Small Small Wood Screw Assortment, 195-Pack
<a_122><b_57><c_206> :: ids=[2326] :: fam=tape :: Hypafix Dressing Retention Tape: 2"" X 10 Yds Each
<a_165><b_107><c_20> :: ids=[257] :: fam=adhesive_epoxy :: Gorilla 5000408  Original Gorilla Glue, Waterproof Polyurethane Glue, 4 ounce Bottle, Brown
<a_228><b_113><c_68> :: ids=[152] :: fam=connector_fitting :: Camco 4ft TastePURE Drinking Water Hose - Lead and BPA Free, Reinforced for Maximum Kink Resistance,  1/2""Inner Diameter (22763)","<a_185><b_83><c_203> :: ids=[457] :: fam=other :: CRC 03400 16oz Truetap Cutting Fluid Heavy Duty Bottle
<a_185><b_2><c_12> :: ids=[123] :: fam=other :: Red Devil 0325 Steel Wool, 2 Medium Course, 8 Pads
<a_185><b_254><c_5> :: ids=[1546] :: fam=other :: BreakFree CLP-PS Precision Shooter
<a_185><b_22><c_219> :: ids=[40] :: fam=other :: Forney 20859 Cutting Fluid, Industrial Pro Tap Magic, 1-Gallon
<a_185><b_87><c_30> :: ids=[986] :: fam=other :: Stanley 93-301 14-Inch Yellow Panel Carry Handle"
r693_lost_vs_original_at10,135,other,3011,Little Giant 10940 Retrofit Wheel Kit,1.0,13.0,L1_miss,0,3,"<a_87><b_158><c_26> :: ids=[3011] :: fam=other :: Little Giant 10940 Retrofit Wheel Kit
<a_107><b_93><c_0> :: ids=[181, 182] :: fam=gauge_meter :: AcuRite 00613 Humidity Monitor with Indoor Thermometer, Digital Hygrometer and Humidity Gauge Indicator / AcuRite 00613 Humidity Monitor with Indoor Thermometer, Digital Hygrometer
<a_202><b_52><c_132> :: ids=[377] :: fam=tape :: Gorilla Tape, Black Tough & Wide Duct Tape, 2.88"" x 30 yd, Black, (Pack of 1)
<a_165><b_107><c_20> :: ids=[257] :: fam=adhesive_epoxy :: Gorilla 5000408  Original Gorilla Glue, Waterproof Polyurethane Glue, 4 ounce Bottle, Brown
<a_202><b_52><c_97> :: ids=[175] :: fam=tape :: Gorilla Crystal Clear Duct Tape, 1.88&rdquo; x 9 yd, Clear, (Pack of 1)","<a_190><b_103><c_0> :: ids=[181, 182] :: fam=gauge_meter :: AcuRite 00613 Humidity Monitor with Indoor Thermometer, Digital Hygrometer and Humidity Gauge Indicator / AcuRite 00613 Humidity Monitor with Indoor Thermometer, Digital Hygrometer
<a_31><b_89><c_252> :: ids=[130] :: fam=tape :: Gorilla Tape, Black Duct Tape, 1.88"" x 35 yd, Black, (Pack of 1)
<a_78><b_228><c_74> :: ids=[172] :: fam=adhesive_epoxy :: Gorilla Super Glue Gel, 15 Gram, Clear
<a_31><b_208><c_41> :: ids=[125] :: fam=tape :: Gorilla 6100101 Tape Handy Roll, 1-Pack, Black
<a_31><b_208><c_1> :: ids=[991] :: fam=tape :: Pro Gaffer Gaffers Tape, 2 in x 55 yd, Black"
r693_lost_vs_original_at10,290,other,824,"213C2 Karter Scientific Glass Graduated Cylinder 3 Piece Set 10, 50 & 100ml",7.0,,L1_miss,0,0,"<a_108><b_42><c_61> :: ids=[2014] :: fam=connector_fitting :: Red Brass Pipe Fitting, Nipple, Schedule 40 Seamless, 1/4"" NPT Male X 1-1/2"" Length
<a_108><b_107><c_125> :: ids=[1768] :: fam=connector_fitting :: Anderson Metals Brass Pipe Fitting, Barstock Street Tee, 1/8"" Female Pipe x 1/8"" Male Pipe x 1/8"" Female Pipe
<a_108><b_42><c_3> :: ids=[2830] :: fam=connector_fitting :: Stainless Steel 316/316L Pipe Fitting, Nipple, Schedule 40, Seamless, 1"" X 5-1/2"" NPT Male by Merit Brass
<a_108><b_42><c_9> :: ids=[101] :: fam=connector_fitting :: Stainless Steel 304/304L Pipe Fitting, Nipple, Schedule 40 Welded, 4"" X 6"" NPT Male by Merit Brass
<a_108><b_42><c_246> :: ids=[3314] :: fam=connector_fitting :: Stainless Steel 316/316L Pipe Fitting, Nipple, Schedule 40 Welded, 3/4"" X 2-1/2"" NPT Male","<a_166><b_31><c_194> :: ids=[3345] :: fam=connector_fitting :: Red Brass Pipe Fitting, Nipple, Schedule 40 Seamless, 1/4"" NPT Male X 3"" Length
<a_166><b_31><c_9> :: ids=[101] :: fam=connector_fitting :: Stainless Steel 304/304L Pipe Fitting, Nipple, Schedule 40 Welded, 4"" X 6"" NPT Male by Merit Brass
<a_166><b_31><c_107> :: ids=[3314] :: fam=connector_fitting :: Stainless Steel 316/316L Pipe Fitting, Nipple, Schedule 40 Welded, 3/4"" X 2-1/2"" NPT Male
<a_231><b_198><c_94> :: ids=[800] :: fam=connector_fitting :: Anderson Metals 57001-0402 Brass Hose Fitting, Adapter, 1/4"" Barb x 1/8"" NPT Male Pipe
<a_166><b_31><c_0> :: ids=[2014] :: fam=connector_fitting :: Red Brass Pipe Fitting, Nipple, Schedule 40 Seamless, 1/4"" NPT Male X 1-1/2"" Length"
r693_lost_vs_original_at10,577,other,2869,"13cm Dia. (5.1"") Filter Funnel, Buchner Style - 2 Parts, Polypropylene, Designed for 11-12.5cm Filter Paper",3.0,,L1_miss,0,0,"<a_94><b_93><c_171> :: ids=[183] :: fam=other :: SEOH GLASS FUNNEL Neutral glass 100 mm 100 mm stem
<a_94><b_26><c_15> :: ids=[1956] :: fam=other :: Karter Scientific Glass Flask 5 Piece Set, Narrow Mouth Erlenmeyer, Borosilicate 3.3 Glass - 50ml, 150ml, 250ml, 500ml, 1L, 213B2
<a_94><b_93><c_57> :: ids=[2869] :: fam=other :: 13cm Dia. (5.1"") Filter Funnel, Buchner Style - 2 Parts, Polypropylene, Designed for 11-12.5cm Filter Paper
<a_107><b_93><c_0> :: ids=[181, 182] :: fam=gauge_meter :: AcuRite 00613 Humidity Monitor with Indoor Thermometer, Digital Hygrometer and Humidity Gauge Indicator / AcuRite 00613 Humidity Monitor with Indoor Thermometer, Digital Hygrometer
<a_94><b_166><c_155> :: ids=[560] :: fam=test_strip :: Litmus pH Test Strips, Universal Application (pH 1-14), 2 Packs of 100 Strips","<a_81><b_154><c_60> :: ids=[1835] :: fam=other :: Karter Scientific 214T2, 3.3 Boro, Griffin Low Form, Glass Beaker Set - 3 Sizes - 50ml, 100ml, 250ml
<a_81><b_59><c_141> :: ids=[824] :: fam=other :: 213C2 Karter Scientific Glass Graduated Cylinder 3 Piece Set 10, 50 & 100ml
<a_81><b_251><c_126> :: ids=[2254] :: fam=other :: Glass Erlenmeyer Flask Set - 3 Sizes - 50, 150 and 250ml, Karter Scientific 214U2
<a_148><b_99><c_29> :: ids=[1956] :: fam=other :: Karter Scientific Glass Flask 5 Piece Set, Narrow Mouth Erlenmeyer, Borosilicate 3.3 Glass - 50ml, 150ml, 250ml, 500ml, 1L, 213B2
<a_81><b_169><c_254> :: ids=[232] :: fam=other :: Karter Scientific 213A2 Borosilicate Glass Low Form Glass Beaker, 50/100/250/500/1000 mL (Pack of 5)"
r693_lost_vs_original_at10,587,other,1824,DTOL 10 X Mini Laser Dot Diode Module Head WL Red 650nm 6mm 5V 5mW Pack of 10,4.0,31.0,L1_miss,0,0,"<a_30><b_191><c_20> :: ids=[635] :: fam=other :: Texas Instruments NE555N NE555 NE555P General Purpose Single Bipolar Timer DIP8 50 Pack
<a_73><b_231><c_56> :: ids=[734] :: fam=other :: microtivity IL188 5mm Assorted Clear LED w/Resistors (8 Colors, Pack of 80)
<a_73><b_100><c_205> :: ids=[3324] :: fam=other :: Aketek 3x Solderless BreadBoard, 400 tie-points, 4 power rails, 3.3 x 2.1 x 0.3in (84 x 54 x 9mm)
<a_73><b_110><c_3> :: ids=[1824] :: fam=other :: DTOL 10 X Mini Laser Dot Diode Module Head WL Red 650nm 6mm 5V 5mW Pack of 10
<a_73><b_223><c_251> :: ids=[2036] :: fam=other :: 3mm and 5mm LED Lights Emitting Diodes Assortment Set Kit for Arduino Bright White Red Blue Green Yellow, 300-Pack","<a_118><b_59><c_100> :: ids=[281] :: fam=other :: SE TL10 10-Piece Test Lead Set with Alligator Clips
<a_134><b_254><c_47> :: ids=[145] :: fam=other :: Marrywindix 6pcs ESD Precision Anti-Static Tweezers, Tweezers Stainless Steel Tweezers with a Bag for Electronics Jewelry-Making Repairing
<a_209><b_37><c_167> :: ids=[1562] :: fam=gauge_meter :: Uxcell a13041000ux0023 Metal 6 mm Knurled Shaft Insert Dia. Potentiometer Control Knobs, 10 Piece, Black
<a_75><b_225><c_91> :: ids=[2627] :: fam=other :: Uxcell a11090300ux0244 30 Pcs 16 Pin 2.54mm DIP IC Socket Solder Type Adaptors.
<a_115><b_56><c_4> :: ids=[392] :: fam=other :: SummitLink Pack of 328 Pcs Assorted Heat Shrink Tube 5 Colors 8 Sizes Tubing Wrap Sleeve Set Combo"
r693_gain_vs_original_at10,113,3d_filament,3016,"HATCHBOX 3D Printer Filament, Dimensional Accuracy +/- 0.03mm, 1.75 mm, 1 kg Spool, Wood",46.0,10.0,hit@10,1,1,"<a_223><b_80><c_3> :: ids=[3112, 3493] :: fam=3d_filament :: 3D Solutech Real Black 3D Printer PLA Filament 1.75MM Filament, Dimensional Accuracy +/- 0.03 mm, 2.2 LBS (1.0KG) - PLA175RBLK / 3D Solutech Printer Filament, Real Blue PLA, 1.75MM
<a_223><b_160><c_251> :: ids=[2477] :: fam=3d_filament :: BAMtack! 1.75mm Black PLA 3D Printer Filament - 1kg (2.2 lbs) - Dimensional Accuracy +/- 0.03mm
<a_223><b_80><c_84> :: ids=[2909] :: fam=3d_filament :: 3D Solutech Silver Metal 3D Printer PLA Filament 1.75MM Filament, Dimensional Accuracy +/- 0.03 mm, 2.2 LBS (1.0KG) - PLA175TCMS
<a_223><b_80><c_0> :: ids=[2659, 3557, 3631] :: fam=3d_filament :: 3D Solutech Apple Green 3D Printer PLA Filament 1.75MM Filament, Dimensional Accuracy +/- 0.03 mm, 2.2 LBS (1.0KG) / 3D Solutech Chocolate Brown 3D Printer PLA Filament 1.75MM Fila
<a_223><b_80><c_158> :: ids=[2660] :: fam=3d_filament :: 3D Solutech Real Grey 3D Printer PLA Filament 1.75MM Filament, Dimensional Accuracy +/- 0.03 mm, 2.2 LBS (1.0KG)","<a_193><b_46><c_91> :: ids=[563] :: fam=3d_filament :: Foreasy 3D Printer Tool 3D Print Removal Tool Enhanced Version Set of 2
<a_178><b_165><c_148> :: ids=[2507] :: fam=3d_filament :: HATCHBOX PLA 3D Printer Filament, Dimensional Accuracy +/- 0.03 mm, 1 kg Spool, 1.75 mm, Silver
<a_178><b_150><c_117> :: ids=[2544] :: fam=3d_filament :: SainSmart Clear Flexible TPU 3D Printing Filament, 1.75 mm, 0.8 kg, Dimensional Accuracy +/- 0.05 mm
<a_178><b_165><c_53> :: ids=[50] :: fam=3d_filament :: HATCHBOX PLA 3D Printer Filament, Dimensional Accuracy +/- 0.03 mm, 1 kg Spool, 1.75 mm, Blue
<a_178><b_46><c_65> :: ids=[2333] :: fam=3d_filament :: eSUN 3D Printer CLEANING Filament 1.75mm Natural 0.1kg for all 1.75mm FDM 3D Printers, 1.75mm Cleaning"
r693_gain_vs_original_at10,618,3d_filament,2912,Inland 1.75mm Black PLA 3D Printer Filament - 1kg Spool (2.2 lbs),13.0,9.0,hit@10,1,1,"<a_158><b_206><c_223> :: ids=[2719] :: fam=3d_filament :: MeltInk3D Silver PLA 3D Printer Filament &Oslash; 1.75mm, 1Kg (2.2 Lb), MADE in U.S.A, Dimensional Accuracy: &plusmn; 0.05mm
<a_158><b_72><c_88> :: ids=[2979] :: fam=3d_filament :: Inland 1.75mm Gray PLA 3D Printer Filament - 1kg Spool (2.2 lbs)
<a_158><b_245><c_180> :: ids=[1206] :: fam=3d_filament :: eSUN 1.75mm Black PLA PRO (PLA+) 3D Printer Filament 1KG Spool (2.2lbs), Black
<a_158><b_206><c_3> :: ids=[2739] :: fam=3d_filament :: 1.75mm Black PLA 3D Printer Filament - 1kg Spool (2.2 lbs) - Dimensional Accuracy +/- 0.03mm
<a_251><b_128><c_154> :: ids=[2966] :: fam=3d_filament :: Sprite Science 12 pcs LM8UU Linear Bearings for 3D Printer 8mm x 15mm x 24mm","<a_220><b_114><c_145> :: ids=[2932] :: fam=3d_filament :: Inland 1.75mm Blue PLA 3D Printer Filament - 1kg Spool (2.2 lbs)
<a_220><b_114><c_53> :: ids=[2734] :: fam=3d_filament :: Inland 1.75mm White PLA 3D Printer Filament - 1kg Spool (2.2 lbs)
<a_220><b_114><c_156> :: ids=[2934] :: fam=3d_filament :: Inland 1.75mm Yellow PLA 3D Printer Filament - 1kg Spool (2.2 lbs)
<a_220><b_114><c_221> :: ids=[2485] :: fam=3d_filament :: Inland 1.75mm Gold PLA 3D Printer Filament - 1kg Spool (2.2 lbs)
<a_220><b_114><c_224> :: ids=[2979] :: fam=3d_filament :: Inland 1.75mm Gray PLA 3D Printer Filament - 1kg Spool (2.2 lbs)"
r693_gain_vs_original_at10,1046,3d_filament,3526,"Gizmo Dorks 3mm (2.85mm) ABS Filament 1kg / 2.2lb for 3D Printers, Green",,6.0,hit@10,1,1,"<a_223><b_86><c_176> :: ids=[2544] :: fam=3d_filament :: SainSmart Clear Flexible TPU 3D Printing Filament, 1.75 mm, 0.8 kg, Dimensional Accuracy +/- 0.05 mm
<a_158><b_206><c_223> :: ids=[2719] :: fam=3d_filament :: MeltInk3D Silver PLA 3D Printer Filament &Oslash; 1.75mm, 1Kg (2.2 Lb), MADE in U.S.A, Dimensional Accuracy: &plusmn; 0.05mm
<a_223><b_206><c_84> :: ids=[3556] :: fam=3d_filament :: MeltInk3D PLA-1K175GLD05 Gold PLA 3D Printer Filament &Atilde;&tilde; 1.75mm, 1Kg (2.2 Lb), MADE in USA, Dimensional Accuracy: &Acirc;&plusmn; 0.05mm
<a_223><b_242><c_216> :: ids=[2714] :: fam=3d_filament :: NinjaFlex TPU 3D Printing Filament - 1.75mm .50kg - SAPPHIRE
<a_223><b_198><c_214> :: ids=[1573] :: fam=3d_filament :: HATCHBOX PLA 3D Printer Filament, Dimensional Accuracy +/- 0.03 mm, 1 kg Spool, 1.75 mm, Orange","<a_193><b_228><c_165> :: ids=[2475] :: fam=other :: Gizmo Dorks 3D Print Removal Tool, 5-inch Blade
<a_178><b_45><c_132> :: ids=[1791] :: fam=3d_filament :: Gizmo Dorks 1.75mm PLA Filament 1kg / 2.2lb for 3D Printers, Translucent Green
<a_178><b_150><c_117> :: ids=[2544] :: fam=3d_filament :: SainSmart Clear Flexible TPU 3D Printing Filament, 1.75 mm, 0.8 kg, Dimensional Accuracy +/- 0.05 mm
<a_178><b_143><c_111> :: ids=[3558] :: fam=3d_filament :: Professional Black 1.75mm PLA 3D Printer Filament, 1kg (2.2lb) Filament Weight, 0.05mm Tolerance, by ProMolt 3D
<a_82><b_180><c_246> :: ids=[3154] :: fam=3d_filament :: TwoUp 3D Printer Kit 7"" x 7"" x 5"" Build Dimensions 50 Micron 1.75mm PLA Filament"
r693_gain_vs_original_at10,1149,3d_filament,1847,"HATCHBOX PLA 3D Printer Filament, Dimensional Accuracy +/- 0.03 mm, 1 kg Spool, 1.75 mm, White",21.0,9.0,hit@10,1,2,"<a_223><b_80><c_3> :: ids=[3112, 3493] :: fam=3d_filament :: 3D Solutech Real Black 3D Printer PLA Filament 1.75MM Filament, Dimensional Accuracy +/- 0.03 mm, 2.2 LBS (1.0KG) - PLA175RBLK / 3D Solutech Printer Filament, Real Blue PLA, 1.75MM
<a_223><b_80><c_0> :: ids=[2659, 3557, 3631] :: fam=3d_filament :: 3D Solutech Apple Green 3D Printer PLA Filament 1.75MM Filament, Dimensional Accuracy +/- 0.03 mm, 2.2 LBS (1.0KG) / 3D Solutech Chocolate Brown 3D Printer PLA Filament 1.75MM Fila
<a_223><b_80><c_84> :: ids=[2909] :: fam=3d_filament :: 3D Solutech Silver Metal 3D Printer PLA Filament 1.75MM Filament, Dimensional Accuracy +/- 0.03 mm, 2.2 LBS (1.0KG) - PLA175TCMS
<a_223><b_198><c_114> :: ids=[444] :: fam=3d_filament :: HATCHBOX ABS 3D Printer Filament, Dimensional Accuracy +/- 0.03 mm, 1 kg Spool, 1.75 mm, White
<a_223><b_198><c_230> :: ids=[1107] :: fam=3d_filament :: HATCHBOX PLA 3D Printer Filament, Dimensional Accuracy +/- 0.03 mm, 1 kg Spool, 1.75 mm, Glow in the Dark","<a_178><b_14><c_6> :: ids=[2909, 3494] :: fam=3d_filament :: 3D Solutech Silver Metal 3D Printer PLA Filament 1.75MM Filament, Dimensional Accuracy +/- 0.03 mm, 2.2 LBS (1.0KG) - PLA175TCMS / 3D Solutech Real Yellow 3D Printer PLA Filament 1
<a_178><b_165><c_148> :: ids=[2507] :: fam=3d_filament :: HATCHBOX PLA 3D Printer Filament, Dimensional Accuracy +/- 0.03 mm, 1 kg Spool, 1.75 mm, Silver
<a_178><b_150><c_117> :: ids=[2544] :: fam=3d_filament :: SainSmart Clear Flexible TPU 3D Printing Filament, 1.75 mm, 0.8 kg, Dimensional Accuracy +/- 0.05 mm
<a_178><b_165><c_53> :: ids=[50] :: fam=3d_filament :: HATCHBOX PLA 3D Printer Filament, Dimensional Accuracy +/- 0.03 mm, 1 kg Spool, 1.75 mm, Blue
<a_178><b_154><c_135> :: ids=[1851] :: fam=3d_filament :: HATCHBOX PLA 3D Printer Filament, Dimensional Accuracy +/- 0.03 mm, 1 kg Spool, 1.75 mm, Yellow"
r693_gain_vs_original_at10,1229,3d_filament,1848,Kamo 5PCS 3D Printer 0.4mm Extruder Brass Nozzle Print Head for MK8 1.75mm ABS PLA Printer,,9.0,hit@10,1,2,"<a_158><b_72><c_88> :: ids=[2979] :: fam=3d_filament :: Inland 1.75mm Gray PLA 3D Printer Filament - 1kg Spool (2.2 lbs)
<a_158><b_245><c_180> :: ids=[1206] :: fam=3d_filament :: eSUN 1.75mm Black PLA PRO (PLA+) 3D Printer Filament 1KG Spool (2.2lbs), Black
<a_223><b_160><c_251> :: ids=[2477] :: fam=3d_filament :: BAMtack! 1.75mm Black PLA 3D Printer Filament - 1kg (2.2 lbs) - Dimensional Accuracy +/- 0.03mm
<a_158><b_72><c_220> :: ids=[2718] :: fam=3d_filament :: Inland 1.75mm Pink PLA 3D Printer Filament - 1kg Spool (2.2 lbs)
<a_223><b_86><c_176> :: ids=[2544] :: fam=3d_filament :: SainSmart Clear Flexible TPU 3D Printing Filament, 1.75 mm, 0.8 kg, Dimensional Accuracy +/- 0.05 mm","<a_178><b_150><c_117> :: ids=[2544] :: fam=3d_filament :: SainSmart Clear Flexible TPU 3D Printing Filament, 1.75 mm, 0.8 kg, Dimensional Accuracy +/- 0.05 mm
<a_178><b_150><c_186> :: ids=[2714] :: fam=3d_filament :: NinjaFlex TPU 3D Printing Filament - 1.75mm .50kg - SAPPHIRE
<a_212><b_17><c_91> :: ids=[2926] :: fam=3d_filament :: HICTOP 5 Pieces 3D Printer Extruder Hotend 1.75mm Nozzle Throat for Reprap Prusa I3
<a_193><b_133><c_224> :: ids=[3610] :: fam=3d_filament :: Platform Sticker for QIDI TECH I 3D Printer: 5 pcs kit
<a_178><b_166><c_183> :: ids=[2477] :: fam=3d_filament :: BAMtack! 1.75mm Black PLA 3D Printer Filament - 1kg (2.2 lbs) - Dimensional Accuracy +/- 0.03mm"
r693_gain_vs_original_at10,1277,3d_filament,300,"XYZprinting RFPLCXUS00B da Vinci Jr. & mini Series Filament, PLA (NFC), 600 g, Nature",,2.0,hit@10,1,1,"<a_94><b_35><c_31> :: ids=[148] :: fam=other :: Plastic Transfer Pipettes 3ml, Graduated, Pack of 100
<a_107><b_93><c_0> :: ids=[181, 182] :: fam=gauge_meter :: AcuRite 00613 Humidity Monitor with Indoor Thermometer, Digital Hygrometer and Humidity Gauge Indicator / AcuRite 00613 Humidity Monitor with Indoor Thermometer, Digital Hygrometer
<a_206><b_99><c_1> :: ids=[1657] :: fam=other :: AmScope 25pc Assorted Specimen Collection of Prepared Microscope Slides Glass Slide with Storage Case
<a_223><b_155><c_21> :: ids=[1132] :: fam=3d_filament :: XYZprinting ABS Filament Refill, 1.75 mm Diameter, 600 g, Nature
<a_223><b_78><c_126> :: ids=[297] :: fam=3d_filament :: XYZprinting ABS Plastic Filament Cartridge, 1.75 mm Diameter, 600g, Black","<a_178><b_129><c_31> :: ids=[1132] :: fam=3d_filament :: XYZprinting ABS Filament Refill, 1.75 mm Diameter, 600 g, Nature
<a_178><b_178><c_231> :: ids=[300] :: fam=3d_filament :: XYZprinting RFPLCXUS00B da Vinci Jr. & mini Series Filament, PLA (NFC), 600 g, Nature
<a_178><b_131><c_35> :: ids=[297] :: fam=3d_filament :: XYZprinting ABS Plastic Filament Cartridge, 1.75 mm Diameter, 600g, Black
<a_82><b_178><c_48> :: ids=[1130] :: fam=3d_filament :: [Open Resin] XYZprinting Nobel 1.0 SLA 3D Printer (Included FREE Resin, FREE Printing Platform & Tank)
<a_77><b_48><c_99> :: ids=[3613] :: fam=3d_filament :: iXCC Basic Series PLA 3D Printer Filament 1.75mm Diameter (Dimensional Accuracy +/- 0.05mm) - 1kg Spool (Approximately 2.2 lbs) [Red]"
r693_gain_vs_original_at10,1584,3d_filament,2477,BAMtack! 1.75mm Black PLA 3D Printer Filament - 1kg (2.2 lbs) - Dimensional Accuracy +/- 0.03mm,17.0,9.0,hit@10,1,1,"<a_223><b_126><c_0> :: ids=[2703] :: fam=3d_filament :: eSUN 3D 1.75mm PETG Black Filament 1kg (2.2lb), PETG 3D Printer Filament, 1.75mm Solid Opaque Black
<a_223><b_201><c_101> :: ids=[3016] :: fam=3d_filament :: HATCHBOX 3D Printer Filament, Dimensional Accuracy +/- 0.03mm, 1.75 mm, 1 kg Spool, Wood
<a_223><b_126><c_115> :: ids=[2158] :: fam=3d_filament :: eSUN 3D 1.75mm PETG Green Filament 1kg (2.2lb), PETG 3D Printer Filament, Semi-Transparent 1.75mm Green
<a_223><b_126><c_21> :: ids=[3133] :: fam=3d_filament :: MG Chemicals PETG 3D Printer Filament, 1.75 mm, 0.5 kg, White
<a_223><b_126><c_16> :: ids=[2157] :: fam=3d_filament :: eSUN 3D 1.75mm PETG Blue Filament 1kg (2.2lb), PETG 3D Printer Filament, 1.75mm Semi-Transparent Blue","<a_178><b_156><c_58> :: ids=[2157] :: fam=3d_filament :: eSUN 3D 1.75mm PETG Blue Filament 1kg (2.2lb), PETG 3D Printer Filament, 1.75mm Semi-Transparent Blue
<a_178><b_20><c_140> :: ids=[1794] :: fam=3d_filament :: Filabot 910175 Taulman 910 Alloy, 1.75"" Filament Diameter, Natural
<a_178><b_156><c_135> :: ids=[2893] :: fam=3d_filament :: eSUN 3D 1.75mm PETG White Filament 1kg (2.2lb), PETG 3D Printer Filament, 1.75mm Solid Opaque White
<a_178><b_156><c_59> :: ids=[2703] :: fam=3d_filament :: eSUN 3D 1.75mm PETG Black Filament 1kg (2.2lb), PETG 3D Printer Filament, 1.75mm Solid Opaque Black
<a_178><b_230><c_5> :: ids=[3016] :: fam=3d_filament :: HATCHBOX 3D Printer Filament, Dimensional Accuracy +/- 0.03mm, 1.75 mm, 1 kg Spool, Wood"
r693_gain_vs_original_at10,2347,3d_filament,3453,"3D Solutech Real Gold 3D Printer PLA Filament 1.75MM Filament, Dimensional Accuracy +/- 0.03 mm, 2.2 LBS (1.0KG)",15.0,8.0,hit@10,1,4,"<a_223><b_80><c_101> :: ids=[3494] :: fam=3d_filament :: 3D Solutech Real Yellow 3D Printer PLA Filament 1.75MM Filament, Dimensional Accuracy +/- 0.03 mm, 2.2 LBS (1.0KG)
<a_223><b_80><c_128> :: ids=[2993] :: fam=3d_filament :: 3D Solutech Blue 3D Printer Ultra PLA Filament 1.75MM Filament, Dimensional Accuracy +/- 0.03 mm, 2.2 LBS (1.0KG)
<a_223><b_80><c_114> :: ids=[1552] :: fam=3d_filament :: 3D Solutech Teal Blue 3D Printer PLA Filament 1.75MM Filament, Dimensional Accuracy +/- 0.03 mm, 2.2 LBS (1.0KG)
<a_223><b_80><c_0> :: ids=[2659, 3557, 3631] :: fam=3d_filament :: 3D Solutech Apple Green 3D Printer PLA Filament 1.75MM Filament, Dimensional Accuracy +/- 0.03 mm, 2.2 LBS (1.0KG) / 3D Solutech Chocolate Brown 3D Printer PLA Filament 1.75MM Fila
<a_223><b_80><c_159> :: ids=[2697] :: fam=3d_filament :: 3D Solutech Real White 3D Printer PLA Filament 1.75MM Filament, Dimensional Accuracy +/- 0.03 mm, 2.2 LBS (1.0KG)","<a_178><b_14><c_6> :: ids=[2909, 3494] :: fam=3d_filament :: 3D Solutech Silver Metal 3D Printer PLA Filament 1.75MM Filament, Dimensional Accuracy +/- 0.03 mm, 2.2 LBS (1.0KG) - PLA175TCMS / 3D Solutech Real Yellow 3D Printer PLA Filament 1
<a_178><b_14><c_135> :: ids=[2993] :: fam=3d_filament :: 3D Solutech Blue 3D Printer Ultra PLA Filament 1.75MM Filament, Dimensional Accuracy +/- 0.03 mm, 2.2 LBS (1.0KG)
<a_178><b_14><c_107> :: ids=[2161] :: fam=3d_filament :: 3D Solutech Natural Clear 1.75mm 3D Printer PLA Filament, Dimensional Accuracy +/- 0.03 mm, 2.2 LBS (1.0KG)
<a_178><b_14><c_26> :: ids=[3442] :: fam=3d_filament :: 3D Solutech Real Purple 3D Printer PLA Filament 1.75MM Filament, Dimensional Accuracy +/- 0.03 mm, 2.2 LBS (1.0KG)
<a_178><b_14><c_150> :: ids=[3466] :: fam=3d_filament :: 3D Solutech Real Red 3D Printer PLA Filament 1.75MM, Dimensional Accuracy +/- 0.03 mm, 2.2 LBS (1.0KG) - RA-I00I-DQUY"
r693_gain_vs_original_at10,2357,3d_filament,3442,"3D Solutech Real Purple 3D Printer PLA Filament 1.75MM Filament, Dimensional Accuracy +/- 0.03 mm, 2.2 LBS (1.0KG)",17.0,3.0,hit@10,1,5,"<a_223><b_80><c_128> :: ids=[2993] :: fam=3d_filament :: 3D Solutech Blue 3D Printer Ultra PLA Filament 1.75MM Filament, Dimensional Accuracy +/- 0.03 mm, 2.2 LBS (1.0KG)
<a_223><b_80><c_101> :: ids=[3494] :: fam=3d_filament :: 3D Solutech Real Yellow 3D Printer PLA Filament 1.75MM Filament, Dimensional Accuracy +/- 0.03 mm, 2.2 LBS (1.0KG)
<a_223><b_80><c_3> :: ids=[3112, 3493] :: fam=3d_filament :: 3D Solutech Real Black 3D Printer PLA Filament 1.75MM Filament, Dimensional Accuracy +/- 0.03 mm, 2.2 LBS (1.0KG) - PLA175RBLK / 3D Solutech Printer Filament, Real Blue PLA, 1.75MM
<a_223><b_80><c_84> :: ids=[2909] :: fam=3d_filament :: 3D Solutech Silver Metal 3D Printer PLA Filament 1.75MM Filament, Dimensional Accuracy +/- 0.03 mm, 2.2 LBS (1.0KG) - PLA175TCMS
<a_158><b_206><c_223> :: ids=[2719] :: fam=3d_filament :: MeltInk3D Silver PLA 3D Printer Filament &Oslash; 1.75mm, 1Kg (2.2 Lb), MADE in U.S.A, Dimensional Accuracy: &plusmn; 0.05mm","<a_178><b_14><c_6> :: ids=[2909, 3494] :: fam=3d_filament :: 3D Solutech Silver Metal 3D Printer PLA Filament 1.75MM Filament, Dimensional Accuracy +/- 0.03 mm, 2.2 LBS (1.0KG) - PLA175TCMS / 3D Solutech Real Yellow 3D Printer PLA Filament 1
<a_178><b_14><c_135> :: ids=[2993] :: fam=3d_filament :: 3D Solutech Blue 3D Printer Ultra PLA Filament 1.75MM Filament, Dimensional Accuracy +/- 0.03 mm, 2.2 LBS (1.0KG)
<a_178><b_14><c_26> :: ids=[3442] :: fam=3d_filament :: 3D Solutech Real Purple 3D Printer PLA Filament 1.75MM Filament, Dimensional Accuracy +/- 0.03 mm, 2.2 LBS (1.0KG)
<a_178><b_14><c_107> :: ids=[2161] :: fam=3d_filament :: 3D Solutech Natural Clear 1.75mm 3D Printer PLA Filament, Dimensional Accuracy +/- 0.03 mm, 2.2 LBS (1.0KG)
<a_178><b_14><c_150> :: ids=[3466] :: fam=3d_filament :: 3D Solutech Real Red 3D Printer PLA Filament 1.75MM, Dimensional Accuracy +/- 0.03 mm, 2.2 LBS (1.0KG) - RA-I00I-DQUY"
r693_gain_vs_original_at10,2498,3d_filament,3442,"3D Solutech Real Purple 3D Printer PLA Filament 1.75MM Filament, Dimensional Accuracy +/- 0.03 mm, 2.2 LBS (1.0KG)",15.0,5.0,hit@10,1,2,"<a_223><b_80><c_3> :: ids=[3112, 3493] :: fam=3d_filament :: 3D Solutech Real Black 3D Printer PLA Filament 1.75MM Filament, Dimensional Accuracy +/- 0.03 mm, 2.2 LBS (1.0KG) - PLA175RBLK / 3D Solutech Printer Filament, Real Blue PLA, 1.75MM
<a_223><b_80><c_0> :: ids=[2659, 3557, 3631] :: fam=3d_filament :: 3D Solutech Apple Green 3D Printer PLA Filament 1.75MM Filament, Dimensional Accuracy +/- 0.03 mm, 2.2 LBS (1.0KG) / 3D Solutech Chocolate Brown 3D Printer PLA Filament 1.75MM Fila
<a_223><b_80><c_101> :: ids=[3494] :: fam=3d_filament :: 3D Solutech Real Yellow 3D Printer PLA Filament 1.75MM Filament, Dimensional Accuracy +/- 0.03 mm, 2.2 LBS (1.0KG)
<a_223><b_80><c_84> :: ids=[2909] :: fam=3d_filament :: 3D Solutech Silver Metal 3D Printer PLA Filament 1.75MM Filament, Dimensional Accuracy +/- 0.03 mm, 2.2 LBS (1.0KG) - PLA175TCMS
<a_223><b_80><c_140> :: ids=[2161] :: fam=3d_filament :: 3D Solutech Natural Clear 1.75mm 3D Printer PLA Filament, Dimensional Accuracy +/- 0.03 mm, 2.2 LBS (1.0KG)","<a_178><b_14><c_6> :: ids=[2909, 3494] :: fam=3d_filament :: 3D Solutech Silver Metal 3D Printer PLA Filament 1.75MM Filament, Dimensional Accuracy +/- 0.03 mm, 2.2 LBS (1.0KG) - PLA175TCMS / 3D Solutech Real Yellow 3D Printer PLA Filament 1
<a_178><b_14><c_107> :: ids=[2161] :: fam=3d_filament :: 3D Solutech Natural Clear 1.75mm 3D Printer PLA Filament, Dimensional Accuracy +/- 0.03 mm, 2.2 LBS (1.0KG)
<a_178><b_14><c_94> :: ids=[3112] :: fam=3d_filament :: 3D Solutech Real Black 3D Printer PLA Filament 1.75MM Filament, Dimensional Accuracy +/- 0.03 mm, 2.2 LBS (1.0KG) - PLA175RBLK
<a_178><b_14><c_135> :: ids=[2993] :: fam=3d_filament :: 3D Solutech Blue 3D Printer Ultra PLA Filament 1.75MM Filament, Dimensional Accuracy +/- 0.03 mm, 2.2 LBS (1.0KG)
<a_178><b_14><c_26> :: ids=[3442] :: fam=3d_filament :: 3D Solutech Real Purple 3D Printer PLA Filament 1.75MM Filament, Dimensional Accuracy +/- 0.03 mm, 2.2 LBS (1.0KG)"
r693_gain_vs_original_at10,2585,3d_filament,2932,Inland 1.75mm Blue PLA 3D Printer Filament - 1kg Spool (2.2 lbs),,6.0,hit@10,1,1,"<a_91><b_105><c_64> :: ids=[2926] :: fam=3d_filament :: HICTOP 5 Pieces 3D Printer Extruder Hotend 1.75mm Nozzle Throat for Reprap Prusa I3
<a_223><b_80><c_3> :: ids=[3112, 3493] :: fam=3d_filament :: 3D Solutech Real Black 3D Printer PLA Filament 1.75MM Filament, Dimensional Accuracy +/- 0.03 mm, 2.2 LBS (1.0KG) - PLA175RBLK / 3D Solutech Printer Filament, Real Blue PLA, 1.75MM
<a_223><b_160><c_251> :: ids=[2477] :: fam=3d_filament :: BAMtack! 1.75mm Black PLA 3D Printer Filament - 1kg (2.2 lbs) - Dimensional Accuracy +/- 0.03mm
<a_223><b_80><c_84> :: ids=[2909] :: fam=3d_filament :: 3D Solutech Silver Metal 3D Printer PLA Filament 1.75MM Filament, Dimensional Accuracy +/- 0.03 mm, 2.2 LBS (1.0KG) - PLA175TCMS
<a_158><b_72><c_88> :: ids=[2979] :: fam=3d_filament :: Inland 1.75mm Gray PLA 3D Printer Filament - 1kg Spool (2.2 lbs)","<a_178><b_150><c_117> :: ids=[2544] :: fam=3d_filament :: SainSmart Clear Flexible TPU 3D Printing Filament, 1.75 mm, 0.8 kg, Dimensional Accuracy +/- 0.05 mm
<a_178><b_230><c_5> :: ids=[3016] :: fam=3d_filament :: HATCHBOX 3D Printer Filament, Dimensional Accuracy +/- 0.03mm, 1.75 mm, 1 kg Spool, Wood
<a_178><b_150><c_186> :: ids=[2714] :: fam=3d_filament :: NinjaFlex TPU 3D Printing Filament - 1.75mm .50kg - SAPPHIRE
<a_178><b_165><c_148> :: ids=[2507] :: fam=3d_filament :: HATCHBOX PLA 3D Printer Filament, Dimensional Accuracy +/- 0.03 mm, 1 kg Spool, 1.75 mm, Silver
<a_178><b_166><c_183> :: ids=[2477] :: fam=3d_filament :: BAMtack! 1.75mm Black PLA 3D Printer Filament - 1kg (2.2 lbs) - Dimensional Accuracy +/- 0.03mm"
r693_gain_vs_original_at10,2955,3d_filament,2932,Inland 1.75mm Blue PLA 3D Printer Filament - 1kg Spool (2.2 lbs),,4.0,hit@10,1,1,"<a_223><b_96><c_140> :: ids=[3537] :: fam=3d_filament :: Smartbuy 1.75mm Yellow PLA 3D Printer Filament - 1kg Spool/Roll (2.2 lbs) - Dimensional Accuracy +/- 0.05mm
<a_91><b_96><c_90> :: ids=[3600] :: fam=other :: Micro-Swiss HW-NOZ-MK10-04 Plated Brass Wear Resistant Nozzles, 1.75 mm, MK10 (Flash Forge/Dremel/Wanhao) 0.4 mm, Bright Nickel
<a_223><b_198><c_114> :: ids=[444] :: fam=3d_filament :: HATCHBOX ABS 3D Printer Filament, Dimensional Accuracy +/- 0.03 mm, 1 kg Spool, 1.75 mm, White
<a_223><b_96><c_3> :: ids=[2994] :: fam=3d_filament :: Smartbuy 1.75mm Black PLA 3D Printer Filament - 1kg Spool/Roll (2.2 lbs) - Dimensional Accuracy +/- 0.05mm
<a_223><b_198><c_36> :: ids=[50] :: fam=3d_filament :: HATCHBOX PLA 3D Printer Filament, Dimensional Accuracy +/- 0.03 mm, 1 kg Spool, 1.75 mm, Blue","<a_212><b_114><c_79> :: ids=[3600] :: fam=other :: Micro-Swiss HW-NOZ-MK10-04 Plated Brass Wear Resistant Nozzles, 1.75 mm, MK10 (Flash Forge/Dremel/Wanhao) 0.4 mm, Bright Nickel
<a_178><b_150><c_117> :: ids=[2544] :: fam=3d_filament :: SainSmart Clear Flexible TPU 3D Printing Filament, 1.75 mm, 0.8 kg, Dimensional Accuracy +/- 0.05 mm
<a_193><b_46><c_91> :: ids=[563] :: fam=3d_filament :: Foreasy 3D Printer Tool 3D Print Removal Tool Enhanced Version Set of 2
<a_220><b_114><c_145> :: ids=[2932] :: fam=3d_filament :: Inland 1.75mm Blue PLA 3D Printer Filament - 1kg Spool (2.2 lbs)
<a_178><b_150><c_186> :: ids=[2714] :: fam=3d_filament :: NinjaFlex TPU 3D Printing Filament - 1.75mm .50kg - SAPPHIRE"
r693_gain_vs_original_at10,3473,3d_filament,3466,"3D Solutech Real Red 3D Printer PLA Filament 1.75MM, Dimensional Accuracy +/- 0.03 mm, 2.2 LBS (1.0KG) - RA-I00I-DQUY",41.0,6.0,hit@10,1,2,"<a_223><b_80><c_0> :: ids=[2659, 3557, 3631] :: fam=3d_filament :: 3D Solutech Apple Green 3D Printer PLA Filament 1.75MM Filament, Dimensional Accuracy +/- 0.03 mm, 2.2 LBS (1.0KG) / 3D Solutech Chocolate Brown 3D Printer PLA Filament 1.75MM Fila
<a_223><b_80><c_3> :: ids=[3112, 3493] :: fam=3d_filament :: 3D Solutech Real Black 3D Printer PLA Filament 1.75MM Filament, Dimensional Accuracy +/- 0.03 mm, 2.2 LBS (1.0KG) - PLA175RBLK / 3D Solutech Printer Filament, Real Blue PLA, 1.75MM
<a_223><b_80><c_101> :: ids=[3494] :: fam=3d_filament :: 3D Solutech Real Yellow 3D Printer PLA Filament 1.75MM Filament, Dimensional Accuracy +/- 0.03 mm, 2.2 LBS (1.0KG)
<a_223><b_80><c_4> :: ids=[3442] :: fam=3d_filament :: 3D Solutech Real Purple 3D Printer PLA Filament 1.75MM Filament, Dimensional Accuracy +/- 0.03 mm, 2.2 LBS (1.0KG)
<a_158><b_72><c_88> :: ids=[2979] :: fam=3d_filament :: Inland 1.75mm Gray PLA 3D Printer Filament - 1kg Spool (2.2 lbs)","<a_178><b_14><c_6> :: ids=[2909, 3494] :: fam=3d_filament :: 3D Solutech Silver Metal 3D Printer PLA Filament 1.75MM Filament, Dimensional Accuracy +/- 0.03 mm, 2.2 LBS (1.0KG) - PLA175TCMS / 3D Solutech Real Yellow 3D Printer PLA Filament 1
<a_178><b_14><c_107> :: ids=[2161] :: fam=3d_filament :: 3D Solutech Natural Clear 1.75mm 3D Printer PLA Filament, Dimensional Accuracy +/- 0.03 mm, 2.2 LBS (1.0KG)
<a_178><b_14><c_94> :: ids=[3112] :: fam=3d_filament :: 3D Solutech Real Black 3D Printer PLA Filament 1.75MM Filament, Dimensional Accuracy +/- 0.03 mm, 2.2 LBS (1.0KG) - PLA175RBLK
<a_178><b_14><c_135> :: ids=[2993] :: fam=3d_filament :: 3D Solutech Blue 3D Printer Ultra PLA Filament 1.75MM Filament, Dimensional Accuracy +/- 0.03 mm, 2.2 LBS (1.0KG)
<a_220><b_114><c_145> :: ids=[2932] :: fam=3d_filament :: Inland 1.75mm Blue PLA 3D Printer Filament - 1kg Spool (2.2 lbs)"
r693_gain_vs_original_at10,3785,3d_filament,3016,"HATCHBOX 3D Printer Filament, Dimensional Accuracy +/- 0.03mm, 1.75 mm, 1 kg Spool, Wood",21.0,2.0,hit@10,1,2,"<a_223><b_80><c_84> :: ids=[2909] :: fam=3d_filament :: 3D Solutech Silver Metal 3D Printer PLA Filament 1.75MM Filament, Dimensional Accuracy +/- 0.03 mm, 2.2 LBS (1.0KG) - PLA175TCMS
<a_223><b_198><c_230> :: ids=[1107] :: fam=3d_filament :: HATCHBOX PLA 3D Printer Filament, Dimensional Accuracy +/- 0.03 mm, 1 kg Spool, 1.75 mm, Glow in the Dark
<a_223><b_160><c_251> :: ids=[2477] :: fam=3d_filament :: BAMtack! 1.75mm Black PLA 3D Printer Filament - 1kg (2.2 lbs) - Dimensional Accuracy +/- 0.03mm
<a_223><b_80><c_3> :: ids=[3112, 3493] :: fam=3d_filament :: 3D Solutech Real Black 3D Printer PLA Filament 1.75MM Filament, Dimensional Accuracy +/- 0.03 mm, 2.2 LBS (1.0KG) - PLA175RBLK / 3D Solutech Printer Filament, Real Blue PLA, 1.75MM
<a_223><b_86><c_176> :: ids=[2544] :: fam=3d_filament :: SainSmart Clear Flexible TPU 3D Printing Filament, 1.75 mm, 0.8 kg, Dimensional Accuracy +/- 0.05 mm","<a_193><b_58><c_86> :: ids=[3059] :: fam=3d_filament :: Filabot ABS 3D Printing Smoothing Pen
<a_178><b_230><c_5> :: ids=[3016] :: fam=3d_filament :: HATCHBOX 3D Printer Filament, Dimensional Accuracy +/- 0.03mm, 1.75 mm, 1 kg Spool, Wood
<a_178><b_150><c_117> :: ids=[2544] :: fam=3d_filament :: SainSmart Clear Flexible TPU 3D Printing Filament, 1.75 mm, 0.8 kg, Dimensional Accuracy +/- 0.05 mm
<a_178><b_165><c_148> :: ids=[2507] :: fam=3d_filament :: HATCHBOX PLA 3D Printer Filament, Dimensional Accuracy +/- 0.03 mm, 1 kg Spool, 1.75 mm, Silver
<a_178><b_46><c_65> :: ids=[2333] :: fam=3d_filament :: eSUN 3D Printer CLEANING Filament 1.75mm Natural 0.1kg for all 1.75mm FDM 3D Printers, 1.75mm Cleaning"
r693_gain_vs_original_at10,4123,3d_filament,3466,"3D Solutech Real Red 3D Printer PLA Filament 1.75MM, Dimensional Accuracy +/- 0.03 mm, 2.2 LBS (1.0KG) - RA-I00I-DQUY",14.0,5.0,hit@10,1,2,"<a_223><b_80><c_3> :: ids=[3112, 3493] :: fam=3d_filament :: 3D Solutech Real Black 3D Printer PLA Filament 1.75MM Filament, Dimensional Accuracy +/- 0.03 mm, 2.2 LBS (1.0KG) - PLA175RBLK / 3D Solutech Printer Filament, Real Blue PLA, 1.75MM
<a_223><b_80><c_84> :: ids=[2909] :: fam=3d_filament :: 3D Solutech Silver Metal 3D Printer PLA Filament 1.75MM Filament, Dimensional Accuracy +/- 0.03 mm, 2.2 LBS (1.0KG) - PLA175TCMS
<a_223><b_80><c_101> :: ids=[3494] :: fam=3d_filament :: 3D Solutech Real Yellow 3D Printer PLA Filament 1.75MM Filament, Dimensional Accuracy +/- 0.03 mm, 2.2 LBS (1.0KG)
<a_223><b_80><c_140> :: ids=[2161] :: fam=3d_filament :: 3D Solutech Natural Clear 1.75mm 3D Printer PLA Filament, Dimensional Accuracy +/- 0.03 mm, 2.2 LBS (1.0KG)
<a_223><b_80><c_158> :: ids=[2660] :: fam=3d_filament :: 3D Solutech Real Grey 3D Printer PLA Filament 1.75MM Filament, Dimensional Accuracy +/- 0.03 mm, 2.2 LBS (1.0KG)","<a_178><b_14><c_6> :: ids=[2909, 3494] :: fam=3d_filament :: 3D Solutech Silver Metal 3D Printer PLA Filament 1.75MM Filament, Dimensional Accuracy +/- 0.03 mm, 2.2 LBS (1.0KG) - PLA175TCMS / 3D Solutech Real Yellow 3D Printer PLA Filament 1
<a_178><b_14><c_135> :: ids=[2993] :: fam=3d_filament :: 3D Solutech Blue 3D Printer Ultra PLA Filament 1.75MM Filament, Dimensional Accuracy +/- 0.03 mm, 2.2 LBS (1.0KG)
<a_178><b_14><c_94> :: ids=[3112] :: fam=3d_filament :: 3D Solutech Real Black 3D Printer PLA Filament 1.75MM Filament, Dimensional Accuracy +/- 0.03 mm, 2.2 LBS (1.0KG) - PLA175RBLK
<a_178><b_14><c_107> :: ids=[2161] :: fam=3d_filament :: 3D Solutech Natural Clear 1.75mm 3D Printer PLA Filament, Dimensional Accuracy +/- 0.03 mm, 2.2 LBS (1.0KG)
<a_178><b_14><c_150> :: ids=[3466] :: fam=3d_filament :: 3D Solutech Real Red 3D Printer PLA Filament 1.75MM, Dimensional Accuracy +/- 0.03 mm, 2.2 LBS (1.0KG) - RA-I00I-DQUY"
r693_gain_vs_original_at10,4150,3d_filament,3466,"3D Solutech Real Red 3D Printer PLA Filament 1.75MM, Dimensional Accuracy +/- 0.03 mm, 2.2 LBS (1.0KG) - RA-I00I-DQUY",11.0,8.0,hit@10,1,3,"<a_223><b_80><c_140> :: ids=[2161] :: fam=3d_filament :: 3D Solutech Natural Clear 1.75mm 3D Printer PLA Filament, Dimensional Accuracy +/- 0.03 mm, 2.2 LBS (1.0KG)
<a_223><b_80><c_101> :: ids=[3494] :: fam=3d_filament :: 3D Solutech Real Yellow 3D Printer PLA Filament 1.75MM Filament, Dimensional Accuracy +/- 0.03 mm, 2.2 LBS (1.0KG)
<a_223><b_80><c_91> :: ids=[3453] :: fam=3d_filament :: 3D Solutech Real Gold 3D Printer PLA Filament 1.75MM Filament, Dimensional Accuracy +/- 0.03 mm, 2.2 LBS (1.0KG)
<a_223><b_80><c_23> :: ids=[3475] :: fam=3d_filament :: 3D Solutech Real Orange 3D Printer PLA Filament 1.75MM Filament, Dimensional Accuracy +/- 0.03 mm, 2.2 LBS (1.0KG)
<a_223><b_80><c_0> :: ids=[2659, 3557, 3631] :: fam=3d_filament :: 3D Solutech Apple Green 3D Printer PLA Filament 1.75MM Filament, Dimensional Accuracy +/- 0.03 mm, 2.2 LBS (1.0KG) / 3D Solutech Chocolate Brown 3D Printer PLA Filament 1.75MM Fila","<a_178><b_14><c_6> :: ids=[2909, 3494] :: fam=3d_filament :: 3D Solutech Silver Metal 3D Printer PLA Filament 1.75MM Filament, Dimensional Accuracy +/- 0.03 mm, 2.2 LBS (1.0KG) - PLA175TCMS / 3D Solutech Real Yellow 3D Printer PLA Filament 1
<a_178><b_14><c_94> :: ids=[3112] :: fam=3d_filament :: 3D Solutech Real Black 3D Printer PLA Filament 1.75MM Filament, Dimensional Accuracy +/- 0.03 mm, 2.2 LBS (1.0KG) - PLA175RBLK
<a_178><b_14><c_135> :: ids=[2993] :: fam=3d_filament :: 3D Solutech Blue 3D Printer Ultra PLA Filament 1.75MM Filament, Dimensional Accuracy +/- 0.03 mm, 2.2 LBS (1.0KG)
<a_178><b_14><c_107> :: ids=[2161] :: fam=3d_filament :: 3D Solutech Natural Clear 1.75mm 3D Printer PLA Filament, Dimensional Accuracy +/- 0.03 mm, 2.2 LBS (1.0KG)
<a_178><b_14><c_75> :: ids=[2697] :: fam=3d_filament :: 3D Solutech Real White 3D Printer PLA Filament 1.75MM Filament, Dimensional Accuracy +/- 0.03 mm, 2.2 LBS (1.0KG)"
r693_gain_vs_original_at10,4430,3d_filament,2333,"eSUN 3D Printer CLEANING Filament 1.75mm Natural 0.1kg for all 1.75mm FDM 3D Printers, 1.75mm Cleaning",,9.0,hit@10,1,2,"<a_223><b_80><c_3> :: ids=[3112, 3493] :: fam=3d_filament :: 3D Solutech Real Black 3D Printer PLA Filament 1.75MM Filament, Dimensional Accuracy +/- 0.03 mm, 2.2 LBS (1.0KG) - PLA175RBLK / 3D Solutech Printer Filament, Real Blue PLA, 1.75MM
<a_223><b_198><c_182> :: ids=[1850] :: fam=3d_filament :: HATCHBOX PLA 3D Printer Filament, Dimensional Accuracy +/- 0.03 mm, 1 kg Spool, 1.75 mm, Red
<a_223><b_198><c_114> :: ids=[444] :: fam=3d_filament :: HATCHBOX ABS 3D Printer Filament, Dimensional Accuracy +/- 0.03 mm, 1 kg Spool, 1.75 mm, White
<a_223><b_80><c_0> :: ids=[2659, 3557, 3631] :: fam=3d_filament :: 3D Solutech Apple Green 3D Printer PLA Filament 1.75MM Filament, Dimensional Accuracy +/- 0.03 mm, 2.2 LBS (1.0KG) / 3D Solutech Chocolate Brown 3D Printer PLA Filament 1.75MM Fila
<a_223><b_80><c_158> :: ids=[2660] :: fam=3d_filament :: 3D Solutech Real Grey 3D Printer PLA Filament 1.75MM Filament, Dimensional Accuracy +/- 0.03 mm, 2.2 LBS (1.0KG)","<a_178><b_165><c_148> :: ids=[2507] :: fam=3d_filament :: HATCHBOX PLA 3D Printer Filament, Dimensional Accuracy +/- 0.03 mm, 1 kg Spool, 1.75 mm, Silver
<a_178><b_14><c_6> :: ids=[2909, 3494] :: fam=3d_filament :: 3D Solutech Silver Metal 3D Printer PLA Filament 1.75MM Filament, Dimensional Accuracy +/- 0.03 mm, 2.2 LBS (1.0KG) - PLA175TCMS / 3D Solutech Real Yellow 3D Printer PLA Filament 1
<a_178><b_200><c_161> :: ids=[3521] :: fam=3d_filament :: Cutequeen 3D-PLA-1.75mm-1KG 3D Printer Filament,1.75 mm Diameter,Dimensional Accuracy +/- 0.05mm,1000g Spool,White
<a_178><b_154><c_141> :: ids=[2472] :: fam=3d_filament :: HATCHBOX ABS 3D Printer Filament, Dimensional Accuracy +/- 0.03 mm, 1 kg Spool, 1.75 mm, Black
<a_178><b_165><c_53> :: ids=[50] :: fam=3d_filament :: HATCHBOX PLA 3D Printer Filament, Dimensional Accuracy +/- 0.03 mm, 1 kg Spool, 1.75 mm, Blue"
r693_gain_vs_original_at10,49,3d_filament,3475,"3D Solutech Real Orange 3D Printer PLA Filament 1.75MM Filament, Dimensional Accuracy +/- 0.03 mm, 2.2 LBS (1.0KG)",14.0,9.0,hit@10,0,2,"<a_223><b_80><c_84> :: ids=[2909] :: fam=3d_filament :: 3D Solutech Silver Metal 3D Printer PLA Filament 1.75MM Filament, Dimensional Accuracy +/- 0.03 mm, 2.2 LBS (1.0KG) - PLA175TCMS
<a_223><b_80><c_3> :: ids=[3112, 3493] :: fam=3d_filament :: 3D Solutech Real Black 3D Printer PLA Filament 1.75MM Filament, Dimensional Accuracy +/- 0.03 mm, 2.2 LBS (1.0KG) - PLA175RBLK / 3D Solutech Printer Filament, Real Blue PLA, 1.75MM
<a_223><b_80><c_0> :: ids=[2659, 3557, 3631] :: fam=3d_filament :: 3D Solutech Apple Green 3D Printer PLA Filament 1.75MM Filament, Dimensional Accuracy +/- 0.03 mm, 2.2 LBS (1.0KG) / 3D Solutech Chocolate Brown 3D Printer PLA Filament 1.75MM Fila
<a_223><b_80><c_159> :: ids=[2697] :: fam=3d_filament :: 3D Solutech Real White 3D Printer PLA Filament 1.75MM Filament, Dimensional Accuracy +/- 0.03 mm, 2.2 LBS (1.0KG)
<a_223><b_80><c_101> :: ids=[3494] :: fam=3d_filament :: 3D Solutech Real Yellow 3D Printer PLA Filament 1.75MM Filament, Dimensional Accuracy +/- 0.03 mm, 2.2 LBS (1.0KG)","<a_178><b_14><c_6> :: ids=[2909, 3494] :: fam=3d_filament :: 3D Solutech Silver Metal 3D Printer PLA Filament 1.75MM Filament, Dimensional Accuracy +/- 0.03 mm, 2.2 LBS (1.0KG) - PLA175TCMS / 3D Solutech Real Yellow 3D Printer PLA Filament 1
<a_178><b_14><c_107> :: ids=[2161] :: fam=3d_filament :: 3D Solutech Natural Clear 1.75mm 3D Printer PLA Filament, Dimensional Accuracy +/- 0.03 mm, 2.2 LBS (1.0KG)
<a_178><b_14><c_94> :: ids=[3112] :: fam=3d_filament :: 3D Solutech Real Black 3D Printer PLA Filament 1.75MM Filament, Dimensional Accuracy +/- 0.03 mm, 2.2 LBS (1.0KG) - PLA175RBLK
<a_178><b_14><c_135> :: ids=[2993] :: fam=3d_filament :: 3D Solutech Blue 3D Printer Ultra PLA Filament 1.75MM Filament, Dimensional Accuracy +/- 0.03 mm, 2.2 LBS (1.0KG)
<a_178><b_14><c_75> :: ids=[2697] :: fam=3d_filament :: 3D Solutech Real White 3D Printer PLA Filament 1.75MM Filament, Dimensional Accuracy +/- 0.03 mm, 2.2 LBS (1.0KG)"
r693_gain_vs_original_at10,79,3d_filament,3016,"HATCHBOX 3D Printer Filament, Dimensional Accuracy +/- 0.03mm, 1.75 mm, 1 kg Spool, Wood",,8.0,hit@10,0,2,"<a_223><b_80><c_0> :: ids=[2659, 3557, 3631] :: fam=3d_filament :: 3D Solutech Apple Green 3D Printer PLA Filament 1.75MM Filament, Dimensional Accuracy +/- 0.03 mm, 2.2 LBS (1.0KG) / 3D Solutech Chocolate Brown 3D Printer PLA Filament 1.75MM Fila
<a_223><b_80><c_3> :: ids=[3112, 3493] :: fam=3d_filament :: 3D Solutech Real Black 3D Printer PLA Filament 1.75MM Filament, Dimensional Accuracy +/- 0.03 mm, 2.2 LBS (1.0KG) - PLA175RBLK / 3D Solutech Printer Filament, Real Blue PLA, 1.75MM
<a_223><b_80><c_91> :: ids=[3453] :: fam=3d_filament :: 3D Solutech Real Gold 3D Printer PLA Filament 1.75MM Filament, Dimensional Accuracy +/- 0.03 mm, 2.2 LBS (1.0KG)
<a_223><b_80><c_101> :: ids=[3494] :: fam=3d_filament :: 3D Solutech Real Yellow 3D Printer PLA Filament 1.75MM Filament, Dimensional Accuracy +/- 0.03 mm, 2.2 LBS (1.0KG)
<a_223><b_80><c_84> :: ids=[2909] :: fam=3d_filament :: 3D Solutech Silver Metal 3D Printer PLA Filament 1.75MM Filament, Dimensional Accuracy +/- 0.03 mm, 2.2 LBS (1.0KG) - PLA175TCMS","<a_178><b_14><c_6> :: ids=[2909, 3494] :: fam=3d_filament :: 3D Solutech Silver Metal 3D Printer PLA Filament 1.75MM Filament, Dimensional Accuracy +/- 0.03 mm, 2.2 LBS (1.0KG) - PLA175TCMS / 3D Solutech Real Yellow 3D Printer PLA Filament 1
<a_178><b_165><c_148> :: ids=[2507] :: fam=3d_filament :: HATCHBOX PLA 3D Printer Filament, Dimensional Accuracy +/- 0.03 mm, 1 kg Spool, 1.75 mm, Silver
<a_178><b_14><c_107> :: ids=[2161] :: fam=3d_filament :: 3D Solutech Natural Clear 1.75mm 3D Printer PLA Filament, Dimensional Accuracy +/- 0.03 mm, 2.2 LBS (1.0KG)
<a_178><b_14><c_135> :: ids=[2993] :: fam=3d_filament :: 3D Solutech Blue 3D Printer Ultra PLA Filament 1.75MM Filament, Dimensional Accuracy +/- 0.03 mm, 2.2 LBS (1.0KG)
<a_178><b_14><c_94> :: ids=[3112] :: fam=3d_filament :: 3D Solutech Real Black 3D Printer PLA Filament 1.75MM Filament, Dimensional Accuracy +/- 0.03 mm, 2.2 LBS (1.0KG) - PLA175RBLK"
r693_gain_vs_original_at10,197,3d_filament,2152,"HATCHBOX PLA 3D Printer Filament, Dimensional Accuracy +/- 0.03 mm, 1 kg Spool, 1.75 mm, Gold",33.0,7.0,hit@10,0,2,"<a_223><b_198><c_114> :: ids=[444] :: fam=3d_filament :: HATCHBOX ABS 3D Printer Filament, Dimensional Accuracy +/- 0.03 mm, 1 kg Spool, 1.75 mm, White
<a_223><b_198><c_165> :: ids=[2583] :: fam=3d_filament :: HATCHBOX ABS 3D Printer Filament, Dimensional Accuracy +/- 0.05 mm, 1 kg Spool, 1.75 mm, Green
<a_223><b_198><c_36> :: ids=[50] :: fam=3d_filament :: HATCHBOX PLA 3D Printer Filament, Dimensional Accuracy +/- 0.03 mm, 1 kg Spool, 1.75 mm, Blue
<a_223><b_198><c_6> :: ids=[2472] :: fam=3d_filament :: HATCHBOX ABS 3D Printer Filament, Dimensional Accuracy +/- 0.03 mm, 1 kg Spool, 1.75 mm, Black
<a_223><b_198><c_230> :: ids=[1107] :: fam=3d_filament :: HATCHBOX PLA 3D Printer Filament, Dimensional Accuracy +/- 0.03 mm, 1 kg Spool, 1.75 mm, Glow in the Dark","<a_178><b_165><c_148> :: ids=[2507] :: fam=3d_filament :: HATCHBOX PLA 3D Printer Filament, Dimensional Accuracy +/- 0.03 mm, 1 kg Spool, 1.75 mm, Silver
<a_178><b_252><c_162> :: ids=[1847] :: fam=3d_filament :: HATCHBOX PLA 3D Printer Filament, Dimensional Accuracy +/- 0.03 mm, 1 kg Spool, 1.75 mm, White
<a_178><b_165><c_53> :: ids=[50] :: fam=3d_filament :: HATCHBOX PLA 3D Printer Filament, Dimensional Accuracy +/- 0.03 mm, 1 kg Spool, 1.75 mm, Blue
<a_178><b_154><c_141> :: ids=[2472] :: fam=3d_filament :: HATCHBOX ABS 3D Printer Filament, Dimensional Accuracy +/- 0.03 mm, 1 kg Spool, 1.75 mm, Black
<a_178><b_165><c_4> :: ids=[1107] :: fam=3d_filament :: HATCHBOX PLA 3D Printer Filament, Dimensional Accuracy +/- 0.03 mm, 1 kg Spool, 1.75 mm, Glow in the Dark"
r693_gain_vs_original_at10,604,3d_filament,2507,"HATCHBOX PLA 3D Printer Filament, Dimensional Accuracy +/- 0.03 mm, 1 kg Spool, 1.75 mm, Silver",,3.0,hit@10,0,0,"<a_158><b_211><c_119> :: ids=[3151] :: fam=3d_filament :: Anycubic Pulley Version Unassemble Delta Rostock 3D Printer Kossel Kit Large Print Size with Heatbed and Power Supply
<a_73><b_110><c_3> :: ids=[1824] :: fam=other :: DTOL 10 X Mini Laser Dot Diode Module Head WL Red 650nm 6mm 5V 5mW Pack of 10
<a_30><b_191><c_20> :: ids=[635] :: fam=other :: Texas Instruments NE555N NE555 NE555P General Purpose Single Bipolar Timer DIP8 50 Pack
<a_223><b_198><c_114> :: ids=[444] :: fam=3d_filament :: HATCHBOX ABS 3D Printer Filament, Dimensional Accuracy +/- 0.03 mm, 1 kg Spool, 1.75 mm, White
<a_73><b_8><c_168> :: ids=[285] :: fam=other :: Z&T Solderless Flexible Breadboard Jumper Wires M/M 100pcs","<a_212><b_17><c_91> :: ids=[2926] :: fam=3d_filament :: HICTOP 5 Pieces 3D Printer Extruder Hotend 1.75mm Nozzle Throat for Reprap Prusa I3
<a_63><b_201><c_247> :: ids=[3541] :: fam=3d_filament :: 5PCS Nema 17 Stepper Motor Bipolar 2A 84oz.in 48mm 4-lead for 3D Printer/CNC
<a_178><b_165><c_148> :: ids=[2507] :: fam=3d_filament :: HATCHBOX PLA 3D Printer Filament, Dimensional Accuracy +/- 0.03 mm, 1 kg Spool, 1.75 mm, Silver
<a_178><b_154><c_135> :: ids=[1851] :: fam=3d_filament :: HATCHBOX PLA 3D Printer Filament, Dimensional Accuracy +/- 0.03 mm, 1 kg Spool, 1.75 mm, Yellow
<a_178><b_165><c_53> :: ids=[50] :: fam=3d_filament :: HATCHBOX PLA 3D Printer Filament, Dimensional Accuracy +/- 0.03 mm, 1 kg Spool, 1.75 mm, Blue"
r693_gain_vs_original_at10,1059,3d_filament,3114,Inland 1.75mm Purple PLA 3D Printer Filament - 1kg Spool (2.2 lbs),16.0,9.0,hit@10,0,0,"<a_158><b_72><c_88> :: ids=[2979] :: fam=3d_filament :: Inland 1.75mm Gray PLA 3D Printer Filament - 1kg Spool (2.2 lbs)
<a_223><b_206><c_84> :: ids=[3556] :: fam=3d_filament :: MeltInk3D PLA-1K175GLD05 Gold PLA 3D Printer Filament &Atilde;&tilde; 1.75mm, 1Kg (2.2 Lb), MADE in USA, Dimensional Accuracy: &Acirc;&plusmn; 0.05mm
<a_158><b_245><c_180> :: ids=[1206] :: fam=3d_filament :: eSUN 1.75mm Black PLA PRO (PLA+) 3D Printer Filament 1KG Spool (2.2lbs), Black
<a_223><b_80><c_91> :: ids=[3453] :: fam=3d_filament :: 3D Solutech Real Gold 3D Printer PLA Filament 1.75MM Filament, Dimensional Accuracy +/- 0.03 mm, 2.2 LBS (1.0KG)
<a_158><b_72><c_70> :: ids=[2934] :: fam=3d_filament :: Inland 1.75mm Yellow PLA 3D Printer Filament - 1kg Spool (2.2 lbs)","<a_220><b_114><c_145> :: ids=[2932] :: fam=3d_filament :: Inland 1.75mm Blue PLA 3D Printer Filament - 1kg Spool (2.2 lbs)
<a_178><b_150><c_117> :: ids=[2544] :: fam=3d_filament :: SainSmart Clear Flexible TPU 3D Printing Filament, 1.75 mm, 0.8 kg, Dimensional Accuracy +/- 0.05 mm
<a_220><b_114><c_53> :: ids=[2734] :: fam=3d_filament :: Inland 1.75mm White PLA 3D Printer Filament - 1kg Spool (2.2 lbs)
<a_220><b_114><c_156> :: ids=[2934] :: fam=3d_filament :: Inland 1.75mm Yellow PLA 3D Printer Filament - 1kg Spool (2.2 lbs)
<a_212><b_17><c_91> :: ids=[2926] :: fam=3d_filament :: HICTOP 5 Pieces 3D Printer Extruder Hotend 1.75mm Nozzle Throat for Reprap Prusa I3"
r693_gain_vs_original_at10,1148,3d_filament,2714,NinjaFlex TPU 3D Printing Filament - 1.75mm .50kg - SAPPHIRE,31.0,7.0,hit@10,0,0,"<a_223><b_198><c_182> :: ids=[1850] :: fam=3d_filament :: HATCHBOX PLA 3D Printer Filament, Dimensional Accuracy +/- 0.03 mm, 1 kg Spool, 1.75 mm, Red
<a_223><b_198><c_114> :: ids=[444] :: fam=3d_filament :: HATCHBOX ABS 3D Printer Filament, Dimensional Accuracy +/- 0.03 mm, 1 kg Spool, 1.75 mm, White
<a_223><b_198><c_36> :: ids=[50] :: fam=3d_filament :: HATCHBOX PLA 3D Printer Filament, Dimensional Accuracy +/- 0.03 mm, 1 kg Spool, 1.75 mm, Blue
<a_223><b_86><c_176> :: ids=[2544] :: fam=3d_filament :: SainSmart Clear Flexible TPU 3D Printing Filament, 1.75 mm, 0.8 kg, Dimensional Accuracy +/- 0.05 mm
<a_91><b_176><c_178> :: ids=[1575] :: fam=3d_filament :: ROBO 3D R1 Fully Assembled 3D Printer, 8"" x 9"" x 10"" (Discontinued)","<a_178><b_165><c_148> :: ids=[2507] :: fam=3d_filament :: HATCHBOX PLA 3D Printer Filament, Dimensional Accuracy +/- 0.03 mm, 1 kg Spool, 1.75 mm, Silver
<a_178><b_150><c_117> :: ids=[2544] :: fam=3d_filament :: SainSmart Clear Flexible TPU 3D Printing Filament, 1.75 mm, 0.8 kg, Dimensional Accuracy +/- 0.05 mm
<a_178><b_154><c_135> :: ids=[1851] :: fam=3d_filament :: HATCHBOX PLA 3D Printer Filament, Dimensional Accuracy +/- 0.03 mm, 1 kg Spool, 1.75 mm, Yellow
<a_178><b_230><c_5> :: ids=[3016] :: fam=3d_filament :: HATCHBOX 3D Printer Filament, Dimensional Accuracy +/- 0.03mm, 1.75 mm, 1 kg Spool, Wood
<a_178><b_252><c_162> :: ids=[1847] :: fam=3d_filament :: HATCHBOX PLA 3D Printer Filament, Dimensional Accuracy +/- 0.03 mm, 1 kg Spool, 1.75 mm, White"
r693_gain_vs_original_at10,1199,3d_filament,3649,"[3D CAM] 5 PCS DRV8825 StepStick Stepper Motor Drivers for 3D Printer Electronics, CNC Machine or Robotics",,2.0,hit@10,0,0,"<a_158><b_211><c_119> :: ids=[3151] :: fam=3d_filament :: Anycubic Pulley Version Unassemble Delta Rostock 3D Printer Kossel Kit Large Print Size with Heatbed and Power Supply
<a_30><b_192><c_4> :: ids=[3576] :: fam=connector_fitting :: 5PCS Nema17 Stepper Motor 2A 64oz.in 40mm Body 4-lead 1m Cable W/Connector DIY CNC
<a_158><b_245><c_180> :: ids=[1206] :: fam=3d_filament :: eSUN 1.75mm Black PLA PRO (PLA+) 3D Printer Filament 1KG Spool (2.2lbs), Black
<a_30><b_192><c_3> :: ids=[3541] :: fam=3d_filament :: 5PCS Nema 17 Stepper Motor Bipolar 2A 84oz.in 48mm 4-lead for 3D Printer/CNC
<a_158><b_217><c_2> :: ids=[3444] :: fam=3d_filament :: RepRap Champion Metal J-Head V6 Hot End for RepRap 3D Printer 1.75mm Filament Direct Feed Extruder 0.4mm Nozzle","<a_220><b_17><c_106> :: ids=[3654] :: fam=3d_filament :: 1.75mm Orange PLA 3D Printer Filament - 1kg Spool (2.2 lbs) - Dimensional Accuracy +/- 0.03mm
<a_134><b_236><c_37> :: ids=[3649] :: fam=3d_filament :: [3D CAM] 5 PCS DRV8825 StepStick Stepper Motor Drivers for 3D Printer Electronics, CNC Machine or Robotics
<a_212><b_17><c_91> :: ids=[2926] :: fam=3d_filament :: HICTOP 5 Pieces 3D Printer Extruder Hotend 1.75mm Nozzle Throat for Reprap Prusa I3
<a_220><b_213><c_164> :: ids=[3444] :: fam=3d_filament :: RepRap Champion Metal J-Head V6 Hot End for RepRap 3D Printer 1.75mm Filament Direct Feed Extruder 0.4mm Nozzle
<a_63><b_201><c_247> :: ids=[3541] :: fam=3d_filament :: 5PCS Nema 17 Stepper Motor Bipolar 2A 84oz.in 48mm 4-lead for 3D Printer/CNC"
r693_gain_vs_original_at10,1227,3d_filament,162,"USAFilament 9800429 ABS 3D Printing Filament, 2.2 lb, 1.75 mm, White Spool",,1.0,hit@10,0,0,"<a_223><b_78><c_41> :: ids=[2716] :: fam=3d_filament :: 3D printer Filament 1.75 ABS Red 1kg 2.2lb 100% USA
<a_158><b_217><c_2> :: ids=[3444] :: fam=3d_filament :: RepRap Champion Metal J-Head V6 Hot End for RepRap 3D Printer 1.75mm Filament Direct Feed Extruder 0.4mm Nozzle
<a_91><b_79><c_147> :: ids=[3653] :: fam=3d_filament :: BIQU MKS-BASE V1.5 Plate Controller Board for 3D Printer Ramps 1.4
<a_251><b_128><c_154> :: ids=[2966] :: fam=3d_filament :: Sprite Science 12 pcs LM8UU Linear Bearings for 3D Printer 8mm x 15mm x 24mm
<a_251><b_207><c_124> :: ids=[2386] :: fam=other :: uxcell a13061400ux0831 10 Pcs 625ZZ 5mm x 16mm x 5mm Shielded Deep Groove Radial Ball Bearing","<a_178><b_12><c_24> :: ids=[162] :: fam=3d_filament :: USAFilament 9800429 ABS 3D Printing Filament, 2.2 lb, 1.75 mm, White Spool
<a_220><b_213><c_164> :: ids=[3444] :: fam=3d_filament :: RepRap Champion Metal J-Head V6 Hot End for RepRap 3D Printer 1.75mm Filament Direct Feed Extruder 0.4mm Nozzle
<a_178><b_165><c_148> :: ids=[2507] :: fam=3d_filament :: HATCHBOX PLA 3D Printer Filament, Dimensional Accuracy +/- 0.03 mm, 1 kg Spool, 1.75 mm, Silver
<a_178><b_154><c_141> :: ids=[2472] :: fam=3d_filament :: HATCHBOX ABS 3D Printer Filament, Dimensional Accuracy +/- 0.03 mm, 1 kg Spool, 1.75 mm, Black
<a_178><b_154><c_135> :: ids=[1851] :: fam=3d_filament :: HATCHBOX PLA 3D Printer Filament, Dimensional Accuracy +/- 0.03 mm, 1 kg Spool, 1.75 mm, Yellow"
r693_gain_vs_original_at10,1403,3d_filament,2472,"HATCHBOX ABS 3D Printer Filament, Dimensional Accuracy +/- 0.03 mm, 1 kg Spool, 1.75 mm, Black",13.0,1.0,hit@10,0,0,"<a_223><b_198><c_114> :: ids=[444] :: fam=3d_filament :: HATCHBOX ABS 3D Printer Filament, Dimensional Accuracy +/- 0.03 mm, 1 kg Spool, 1.75 mm, White
<a_223><b_20><c_170> :: ids=[1847] :: fam=3d_filament :: HATCHBOX PLA 3D Printer Filament, Dimensional Accuracy +/- 0.03 mm, 1 kg Spool, 1.75 mm, White
<a_223><b_198><c_36> :: ids=[50] :: fam=3d_filament :: HATCHBOX PLA 3D Printer Filament, Dimensional Accuracy +/- 0.03 mm, 1 kg Spool, 1.75 mm, Blue
<a_223><b_198><c_182> :: ids=[1850] :: fam=3d_filament :: HATCHBOX PLA 3D Printer Filament, Dimensional Accuracy +/- 0.03 mm, 1 kg Spool, 1.75 mm, Red
<a_223><b_29><c_58> :: ids=[51] :: fam=3d_filament :: HATCHBOX 1 Spool 3D Printer Filament Tabletop Wall Mount Rack","<a_178><b_154><c_141> :: ids=[2472] :: fam=3d_filament :: HATCHBOX ABS 3D Printer Filament, Dimensional Accuracy +/- 0.03 mm, 1 kg Spool, 1.75 mm, Black
<a_178><b_154><c_50> :: ids=[444] :: fam=3d_filament :: HATCHBOX ABS 3D Printer Filament, Dimensional Accuracy +/- 0.03 mm, 1 kg Spool, 1.75 mm, White
<a_178><b_154><c_1> :: ids=[2419] :: fam=3d_filament :: HATCHBOX 3D ABS-1KG1.75-BLU ABS 3D Printer Filament, Dimensional Accuracy +/- 0.03 mm, 1 kg Spool, 1.75 mm, Blue
<a_178><b_154><c_24> :: ids=[2582] :: fam=3d_filament :: HATCHBOX ABS 3D Printer Filament, Dimensional Accuracy +/- 0.03 mm, 1 kg Spool, 1.75 mm, Orange
<a_148><b_162><c_3> :: ids=[385] :: fam=other :: Eclectic Supply B36-24 Cobalt Glass Bottles with Glass Eye Dropper, 1 oz Capacity, Blue (Pack of 24)"
r693_gain_vs_original_at10,1531,3d_filament,2507,"HATCHBOX PLA 3D Printer Filament, Dimensional Accuracy +/- 0.03 mm, 1 kg Spool, 1.75 mm, Silver",17.0,8.0,hit@10,0,1,"<a_223><b_29><c_58> :: ids=[51] :: fam=3d_filament :: HATCHBOX 1 Spool 3D Printer Filament Tabletop Wall Mount Rack
<a_223><b_198><c_36> :: ids=[50] :: fam=3d_filament :: HATCHBOX PLA 3D Printer Filament, Dimensional Accuracy +/- 0.03 mm, 1 kg Spool, 1.75 mm, Blue
<a_223><b_80><c_3> :: ids=[3112, 3493] :: fam=3d_filament :: 3D Solutech Real Black 3D Printer PLA Filament 1.75MM Filament, Dimensional Accuracy +/- 0.03 mm, 2.2 LBS (1.0KG) - PLA175RBLK / 3D Solutech Printer Filament, Real Blue PLA, 1.75MM
<a_223><b_198><c_182> :: ids=[1850] :: fam=3d_filament :: HATCHBOX PLA 3D Printer Filament, Dimensional Accuracy +/- 0.03 mm, 1 kg Spool, 1.75 mm, Red
<a_223><b_20><c_170> :: ids=[1847] :: fam=3d_filament :: HATCHBOX PLA 3D Printer Filament, Dimensional Accuracy +/- 0.03 mm, 1 kg Spool, 1.75 mm, White","<a_178><b_14><c_6> :: ids=[2909, 3494] :: fam=3d_filament :: 3D Solutech Silver Metal 3D Printer PLA Filament 1.75MM Filament, Dimensional Accuracy +/- 0.03 mm, 2.2 LBS (1.0KG) - PLA175TCMS / 3D Solutech Real Yellow 3D Printer PLA Filament 1
<a_178><b_150><c_117> :: ids=[2544] :: fam=3d_filament :: SainSmart Clear Flexible TPU 3D Printing Filament, 1.75 mm, 0.8 kg, Dimensional Accuracy +/- 0.05 mm
<a_178><b_150><c_186> :: ids=[2714] :: fam=3d_filament :: NinjaFlex TPU 3D Printing Filament - 1.75mm .50kg - SAPPHIRE
<a_178><b_154><c_141> :: ids=[2472] :: fam=3d_filament :: HATCHBOX ABS 3D Printer Filament, Dimensional Accuracy +/- 0.03 mm, 1 kg Spool, 1.75 mm, Black
<a_178><b_166><c_183> :: ids=[2477] :: fam=3d_filament :: BAMtack! 1.75mm Black PLA 3D Printer Filament - 1kg (2.2 lbs) - Dimensional Accuracy +/- 0.03mm"
r693_gain_vs_original_at10,1749,3d_filament,819,"Inkbird ITC-1000 Dual Stage Digital Temperature Controller Fahrenheit  Celsius Thermostat with Sensor for 3D Printer,Freezer,Fridge,Hatching ect (12 Volt)",,6.0,hit@10,0,1,"<a_202><b_198><c_76> :: ids=[1373] :: fam=tape :: X-Treme Tape TPE-XZLBRD Silicone Rubber Self Fusing Tape, 1"" x 10', Triangular, Bright Red
<a_202><b_198><c_77> :: ids=[975] :: fam=tape :: X-Treme Tape TPE-XZLB Silicone Rubber Self Fusing Tape, 1"" x 10', Triangular, Black
<a_202><b_198><c_218> :: ids=[950] :: fam=tape :: X-Treme Tape TPE-XZLCLR Silicone Rubber Self Fusing Tape, 1"" x 10', Triangular, Clear
<a_202><b_198><c_80> :: ids=[450] :: fam=tape :: X-Treme Tape TPE-X36ZLB Silicone Rubber Self Fusing Tape, 1"" x 36', Triangular, Black
<a_107><b_93><c_0> :: ids=[181, 182] :: fam=gauge_meter :: AcuRite 00613 Humidity Monitor with Indoor Thermometer, Digital Hygrometer and Humidity Gauge Indicator / AcuRite 00613 Humidity Monitor with Indoor Thermometer, Digital Hygrometer","<a_31><b_171><c_9> :: ids=[450] :: fam=tape :: X-Treme Tape TPE-X36ZLB Silicone Rubber Self Fusing Tape, 1"" x 36', Triangular, Black
<a_31><b_171><c_67> :: ids=[1373] :: fam=tape :: X-Treme Tape TPE-XZLBRD Silicone Rubber Self Fusing Tape, 1"" x 10', Triangular, Bright Red
<a_31><b_171><c_232> :: ids=[975] :: fam=tape :: X-Treme Tape TPE-XZLB Silicone Rubber Self Fusing Tape, 1"" x 10', Triangular, Black
<a_78><b_171><c_172> :: ids=[114] :: fam=adhesive_epoxy :: Super Glue 15187 Super Glue, 12-Pack
<a_31><b_171><c_120> :: ids=[950] :: fam=tape :: X-Treme Tape TPE-XZLCLR Silicone Rubber Self Fusing Tape, 1"" x 10', Triangular, Clear"
r693_gain_vs_original_at10,1875,3d_filament,2333,"eSUN 3D Printer CLEANING Filament 1.75mm Natural 0.1kg for all 1.75mm FDM 3D Printers, 1.75mm Cleaning",44.0,3.0,hit@10,0,2,"<a_223><b_198><c_182> :: ids=[1850] :: fam=3d_filament :: HATCHBOX PLA 3D Printer Filament, Dimensional Accuracy +/- 0.03 mm, 1 kg Spool, 1.75 mm, Red
<a_223><b_198><c_114> :: ids=[444] :: fam=3d_filament :: HATCHBOX ABS 3D Printer Filament, Dimensional Accuracy +/- 0.03 mm, 1 kg Spool, 1.75 mm, White
<a_223><b_198><c_230> :: ids=[1107] :: fam=3d_filament :: HATCHBOX PLA 3D Printer Filament, Dimensional Accuracy +/- 0.03 mm, 1 kg Spool, 1.75 mm, Glow in the Dark
<a_223><b_198><c_214> :: ids=[1573] :: fam=3d_filament :: HATCHBOX PLA 3D Printer Filament, Dimensional Accuracy +/- 0.03 mm, 1 kg Spool, 1.75 mm, Orange
<a_223><b_198><c_100> :: ids=[2152] :: fam=3d_filament :: HATCHBOX PLA 3D Printer Filament, Dimensional Accuracy +/- 0.03 mm, 1 kg Spool, 1.75 mm, Gold","<a_178><b_165><c_148> :: ids=[2507] :: fam=3d_filament :: HATCHBOX PLA 3D Printer Filament, Dimensional Accuracy +/- 0.03 mm, 1 kg Spool, 1.75 mm, Silver
<a_178><b_150><c_117> :: ids=[2544] :: fam=3d_filament :: SainSmart Clear Flexible TPU 3D Printing Filament, 1.75 mm, 0.8 kg, Dimensional Accuracy +/- 0.05 mm
<a_178><b_46><c_65> :: ids=[2333] :: fam=3d_filament :: eSUN 3D Printer CLEANING Filament 1.75mm Natural 0.1kg for all 1.75mm FDM 3D Printers, 1.75mm Cleaning
<a_178><b_154><c_135> :: ids=[1851] :: fam=3d_filament :: HATCHBOX PLA 3D Printer Filament, Dimensional Accuracy +/- 0.03 mm, 1 kg Spool, 1.75 mm, Yellow
<a_193><b_46><c_91> :: ids=[563] :: fam=3d_filament :: Foreasy 3D Printer Tool 3D Print Removal Tool Enhanced Version Set of 2"
r693_gain_vs_original_at10,2019,3d_filament,563,Foreasy 3D Printer Tool 3D Print Removal Tool Enhanced Version Set of 2,,6.0,hit@10,0,0,"<a_223><b_232><c_186> :: ids=[3414] :: fam=3d_filament :: eSUN 1.75mm White ABS+ 3D Printer filament 1kg Spool (2.2lbs), White
<a_223><b_126><c_0> :: ids=[2703] :: fam=3d_filament :: eSUN 3D 1.75mm PETG Black Filament 1kg (2.2lb), PETG 3D Printer Filament, 1.75mm Solid Opaque Black
<a_223><b_201><c_101> :: ids=[3016] :: fam=3d_filament :: HATCHBOX 3D Printer Filament, Dimensional Accuracy +/- 0.03mm, 1.75 mm, 1 kg Spool, Wood
<a_223><b_193><c_59> :: ids=[3450] :: fam=3d_filament :: eSUN 1.75mm White PLA 3D Printer filament 1kg Spool (2.2lbs), White
<a_223><b_66><c_158> :: ids=[2717] :: fam=3d_filament :: SainSmart PLA-151 PLA Filament (Red)","<a_178><b_46><c_65> :: ids=[2333] :: fam=3d_filament :: eSUN 3D Printer CLEANING Filament 1.75mm Natural 0.1kg for all 1.75mm FDM 3D Printers, 1.75mm Cleaning
<a_82><b_180><c_246> :: ids=[3154] :: fam=3d_filament :: TwoUp 3D Printer Kit 7"" x 7"" x 5"" Build Dimensions 50 Micron 1.75mm PLA Filament
<a_178><b_156><c_59> :: ids=[2703] :: fam=3d_filament :: eSUN 3D 1.75mm PETG Black Filament 1kg (2.2lb), PETG 3D Printer Filament, 1.75mm Solid Opaque Black
<a_178><b_101><c_6> :: ids=[3619] :: fam=3d_filament :: eSUN 1.75mm Red PLA PRO (PLA+) 3D Printer Filament 1KG Spool (2.2lbs), Red, (Pantone 485C)
<a_178><b_20><c_140> :: ids=[1794] :: fam=3d_filament :: Filabot 910175 Taulman 910 Alloy, 1.75"" Filament Diameter, Natural"
r693_gain_vs_original_at10,2258,3d_filament,3475,"3D Solutech Real Orange 3D Printer PLA Filament 1.75MM Filament, Dimensional Accuracy +/- 0.03 mm, 2.2 LBS (1.0KG)",11.0,8.0,hit@10,0,0,"<a_223><b_80><c_84> :: ids=[2909] :: fam=3d_filament :: 3D Solutech Silver Metal 3D Printer PLA Filament 1.75MM Filament, Dimensional Accuracy +/- 0.03 mm, 2.2 LBS (1.0KG) - PLA175TCMS
<a_223><b_80><c_0> :: ids=[2659, 3557, 3631] :: fam=3d_filament :: 3D Solutech Apple Green 3D Printer PLA Filament 1.75MM Filament, Dimensional Accuracy +/- 0.03 mm, 2.2 LBS (1.0KG) / 3D Solutech Chocolate Brown 3D Printer PLA Filament 1.75MM Fila
<a_223><b_80><c_3> :: ids=[3112, 3493] :: fam=3d_filament :: 3D Solutech Real Black 3D Printer PLA Filament 1.75MM Filament, Dimensional Accuracy +/- 0.03 mm, 2.2 LBS (1.0KG) - PLA175RBLK / 3D Solutech Printer Filament, Real Blue PLA, 1.75MM
<a_223><b_80><c_159> :: ids=[2697] :: fam=3d_filament :: 3D Solutech Real White 3D Printer PLA Filament 1.75MM Filament, Dimensional Accuracy +/- 0.03 mm, 2.2 LBS (1.0KG)
<a_223><b_80><c_165> :: ids=[3466] :: fam=3d_filament :: 3D Solutech Real Red 3D Printer PLA Filament 1.75MM, Dimensional Accuracy +/- 0.03 mm, 2.2 LBS (1.0KG) - RA-I00I-DQUY","<a_178><b_14><c_6> :: ids=[2909, 3494] :: fam=3d_filament :: 3D Solutech Silver Metal 3D Printer PLA Filament 1.75MM Filament, Dimensional Accuracy +/- 0.03 mm, 2.2 LBS (1.0KG) - PLA175TCMS / 3D Solutech Real Yellow 3D Printer PLA Filament 1
<a_178><b_14><c_94> :: ids=[3112] :: fam=3d_filament :: 3D Solutech Real Black 3D Printer PLA Filament 1.75MM Filament, Dimensional Accuracy +/- 0.03 mm, 2.2 LBS (1.0KG) - PLA175RBLK
<a_178><b_14><c_107> :: ids=[2161] :: fam=3d_filament :: 3D Solutech Natural Clear 1.75mm 3D Printer PLA Filament, Dimensional Accuracy +/- 0.03 mm, 2.2 LBS (1.0KG)
<a_178><b_14><c_75> :: ids=[2697] :: fam=3d_filament :: 3D Solutech Real White 3D Printer PLA Filament 1.75MM Filament, Dimensional Accuracy +/- 0.03 mm, 2.2 LBS (1.0KG)
<a_178><b_14><c_135> :: ids=[2993] :: fam=3d_filament :: 3D Solutech Blue 3D Printer Ultra PLA Filament 1.75MM Filament, Dimensional Accuracy +/- 0.03 mm, 2.2 LBS (1.0KG)"
r693_gain_vs_original_at10,2260,3d_filament,3442,"3D Solutech Real Purple 3D Printer PLA Filament 1.75MM Filament, Dimensional Accuracy +/- 0.03 mm, 2.2 LBS (1.0KG)",13.0,8.0,hit@10,0,1,"<a_223><b_80><c_101> :: ids=[3494] :: fam=3d_filament :: 3D Solutech Real Yellow 3D Printer PLA Filament 1.75MM Filament, Dimensional Accuracy +/- 0.03 mm, 2.2 LBS (1.0KG)
<a_223><b_80><c_0> :: ids=[2659, 3557, 3631] :: fam=3d_filament :: 3D Solutech Apple Green 3D Printer PLA Filament 1.75MM Filament, Dimensional Accuracy +/- 0.03 mm, 2.2 LBS (1.0KG) / 3D Solutech Chocolate Brown 3D Printer PLA Filament 1.75MM Fila
<a_223><b_80><c_3> :: ids=[3112, 3493] :: fam=3d_filament :: 3D Solutech Real Black 3D Printer PLA Filament 1.75MM Filament, Dimensional Accuracy +/- 0.03 mm, 2.2 LBS (1.0KG) - PLA175RBLK / 3D Solutech Printer Filament, Real Blue PLA, 1.75MM
<a_223><b_80><c_158> :: ids=[2660] :: fam=3d_filament :: 3D Solutech Real Grey 3D Printer PLA Filament 1.75MM Filament, Dimensional Accuracy +/- 0.03 mm, 2.2 LBS (1.0KG)
<a_223><b_80><c_159> :: ids=[2697] :: fam=3d_filament :: 3D Solutech Real White 3D Printer PLA Filament 1.75MM Filament, Dimensional Accuracy +/- 0.03 mm, 2.2 LBS (1.0KG)","<a_178><b_14><c_6> :: ids=[2909, 3494] :: fam=3d_filament :: 3D Solutech Silver Metal 3D Printer PLA Filament 1.75MM Filament, Dimensional Accuracy +/- 0.03 mm, 2.2 LBS (1.0KG) - PLA175TCMS / 3D Solutech Real Yellow 3D Printer PLA Filament 1
<a_178><b_14><c_94> :: ids=[3112] :: fam=3d_filament :: 3D Solutech Real Black 3D Printer PLA Filament 1.75MM Filament, Dimensional Accuracy +/- 0.03 mm, 2.2 LBS (1.0KG) - PLA175RBLK
<a_178><b_14><c_135> :: ids=[2993] :: fam=3d_filament :: 3D Solutech Blue 3D Printer Ultra PLA Filament 1.75MM Filament, Dimensional Accuracy +/- 0.03 mm, 2.2 LBS (1.0KG)
<a_178><b_14><c_107> :: ids=[2161] :: fam=3d_filament :: 3D Solutech Natural Clear 1.75mm 3D Printer PLA Filament, Dimensional Accuracy +/- 0.03 mm, 2.2 LBS (1.0KG)
<a_178><b_14><c_75> :: ids=[2697] :: fam=3d_filament :: 3D Solutech Real White 3D Printer PLA Filament 1.75MM Filament, Dimensional Accuracy +/- 0.03 mm, 2.2 LBS (1.0KG)"
r693_gain_vs_original_at10,2261,3d_filament,1552,"3D Solutech Teal Blue 3D Printer PLA Filament 1.75MM Filament, Dimensional Accuracy +/- 0.03 mm, 2.2 LBS (1.0KG)",12.0,10.0,hit@10,0,1,"<a_223><b_80><c_0> :: ids=[2659, 3557, 3631] :: fam=3d_filament :: 3D Solutech Apple Green 3D Printer PLA Filament 1.75MM Filament, Dimensional Accuracy +/- 0.03 mm, 2.2 LBS (1.0KG) / 3D Solutech Chocolate Brown 3D Printer PLA Filament 1.75MM Fila
<a_223><b_80><c_128> :: ids=[2993] :: fam=3d_filament :: 3D Solutech Blue 3D Printer Ultra PLA Filament 1.75MM Filament, Dimensional Accuracy +/- 0.03 mm, 2.2 LBS (1.0KG)
<a_223><b_80><c_84> :: ids=[2909] :: fam=3d_filament :: 3D Solutech Silver Metal 3D Printer PLA Filament 1.75MM Filament, Dimensional Accuracy +/- 0.03 mm, 2.2 LBS (1.0KG) - PLA175TCMS
<a_223><b_80><c_3> :: ids=[3112, 3493] :: fam=3d_filament :: 3D Solutech Real Black 3D Printer PLA Filament 1.75MM Filament, Dimensional Accuracy +/- 0.03 mm, 2.2 LBS (1.0KG) - PLA175RBLK / 3D Solutech Printer Filament, Real Blue PLA, 1.75MM
<a_223><b_80><c_140> :: ids=[2161] :: fam=3d_filament :: 3D Solutech Natural Clear 1.75mm 3D Printer PLA Filament, Dimensional Accuracy +/- 0.03 mm, 2.2 LBS (1.0KG)","<a_178><b_14><c_6> :: ids=[2909, 3494] :: fam=3d_filament :: 3D Solutech Silver Metal 3D Printer PLA Filament 1.75MM Filament, Dimensional Accuracy +/- 0.03 mm, 2.2 LBS (1.0KG) - PLA175TCMS / 3D Solutech Real Yellow 3D Printer PLA Filament 1
<a_178><b_14><c_135> :: ids=[2993] :: fam=3d_filament :: 3D Solutech Blue 3D Printer Ultra PLA Filament 1.75MM Filament, Dimensional Accuracy +/- 0.03 mm, 2.2 LBS (1.0KG)
<a_178><b_14><c_107> :: ids=[2161] :: fam=3d_filament :: 3D Solutech Natural Clear 1.75mm 3D Printer PLA Filament, Dimensional Accuracy +/- 0.03 mm, 2.2 LBS (1.0KG)
<a_178><b_14><c_94> :: ids=[3112] :: fam=3d_filament :: 3D Solutech Real Black 3D Printer PLA Filament 1.75MM Filament, Dimensional Accuracy +/- 0.03 mm, 2.2 LBS (1.0KG) - PLA175RBLK
<a_178><b_14><c_26> :: ids=[3442] :: fam=3d_filament :: 3D Solutech Real Purple 3D Printer PLA Filament 1.75MM Filament, Dimensional Accuracy +/- 0.03 mm, 2.2 LBS (1.0KG)"
r693_gain_vs_original_at10,2352,3d_filament,3475,"3D Solutech Real Orange 3D Printer PLA Filament 1.75MM Filament, Dimensional Accuracy +/- 0.03 mm, 2.2 LBS (1.0KG)",11.0,9.0,hit@10,0,3,"<a_223><b_80><c_101> :: ids=[3494] :: fam=3d_filament :: 3D Solutech Real Yellow 3D Printer PLA Filament 1.75MM Filament, Dimensional Accuracy +/- 0.03 mm, 2.2 LBS (1.0KG)
<a_223><b_80><c_84> :: ids=[2909] :: fam=3d_filament :: 3D Solutech Silver Metal 3D Printer PLA Filament 1.75MM Filament, Dimensional Accuracy +/- 0.03 mm, 2.2 LBS (1.0KG) - PLA175TCMS
<a_223><b_80><c_3> :: ids=[3112, 3493] :: fam=3d_filament :: 3D Solutech Real Black 3D Printer PLA Filament 1.75MM Filament, Dimensional Accuracy +/- 0.03 mm, 2.2 LBS (1.0KG) - PLA175RBLK / 3D Solutech Printer Filament, Real Blue PLA, 1.75MM
<a_223><b_80><c_0> :: ids=[2659, 3557, 3631] :: fam=3d_filament :: 3D Solutech Apple Green 3D Printer PLA Filament 1.75MM Filament, Dimensional Accuracy +/- 0.03 mm, 2.2 LBS (1.0KG) / 3D Solutech Chocolate Brown 3D Printer PLA Filament 1.75MM Fila
<a_223><b_80><c_159> :: ids=[2697] :: fam=3d_filament :: 3D Solutech Real White 3D Printer PLA Filament 1.75MM Filament, Dimensional Accuracy +/- 0.03 mm, 2.2 LBS (1.0KG)","<a_178><b_14><c_6> :: ids=[2909, 3494] :: fam=3d_filament :: 3D Solutech Silver Metal 3D Printer PLA Filament 1.75MM Filament, Dimensional Accuracy +/- 0.03 mm, 2.2 LBS (1.0KG) - PLA175TCMS / 3D Solutech Real Yellow 3D Printer PLA Filament 1
<a_178><b_14><c_94> :: ids=[3112] :: fam=3d_filament :: 3D Solutech Real Black 3D Printer PLA Filament 1.75MM Filament, Dimensional Accuracy +/- 0.03 mm, 2.2 LBS (1.0KG) - PLA175RBLK
<a_178><b_14><c_107> :: ids=[2161] :: fam=3d_filament :: 3D Solutech Natural Clear 1.75mm 3D Printer PLA Filament, Dimensional Accuracy +/- 0.03 mm, 2.2 LBS (1.0KG)
<a_178><b_14><c_135> :: ids=[2993] :: fam=3d_filament :: 3D Solutech Blue 3D Printer Ultra PLA Filament 1.75MM Filament, Dimensional Accuracy +/- 0.03 mm, 2.2 LBS (1.0KG)
<a_178><b_14><c_75> :: ids=[2697] :: fam=3d_filament :: 3D Solutech Real White 3D Printer PLA Filament 1.75MM Filament, Dimensional Accuracy +/- 0.03 mm, 2.2 LBS (1.0KG)"
r693_gain_vs_original_at10,2364,3d_filament,3475,"3D Solutech Real Orange 3D Printer PLA Filament 1.75MM Filament, Dimensional Accuracy +/- 0.03 mm, 2.2 LBS (1.0KG)",11.0,10.0,hit@10,0,1,"<a_223><b_80><c_101> :: ids=[3494] :: fam=3d_filament :: 3D Solutech Real Yellow 3D Printer PLA Filament 1.75MM Filament, Dimensional Accuracy +/- 0.03 mm, 2.2 LBS (1.0KG)
<a_223><b_80><c_3> :: ids=[3112, 3493] :: fam=3d_filament :: 3D Solutech Real Black 3D Printer PLA Filament 1.75MM Filament, Dimensional Accuracy +/- 0.03 mm, 2.2 LBS (1.0KG) - PLA175RBLK / 3D Solutech Printer Filament, Real Blue PLA, 1.75MM
<a_223><b_80><c_84> :: ids=[2909] :: fam=3d_filament :: 3D Solutech Silver Metal 3D Printer PLA Filament 1.75MM Filament, Dimensional Accuracy +/- 0.03 mm, 2.2 LBS (1.0KG) - PLA175TCMS
<a_223><b_80><c_0> :: ids=[2659, 3557, 3631] :: fam=3d_filament :: 3D Solutech Apple Green 3D Printer PLA Filament 1.75MM Filament, Dimensional Accuracy +/- 0.03 mm, 2.2 LBS (1.0KG) / 3D Solutech Chocolate Brown 3D Printer PLA Filament 1.75MM Fila
<a_223><b_80><c_159> :: ids=[2697] :: fam=3d_filament :: 3D Solutech Real White 3D Printer PLA Filament 1.75MM Filament, Dimensional Accuracy +/- 0.03 mm, 2.2 LBS (1.0KG)","<a_178><b_14><c_6> :: ids=[2909, 3494] :: fam=3d_filament :: 3D Solutech Silver Metal 3D Printer PLA Filament 1.75MM Filament, Dimensional Accuracy +/- 0.03 mm, 2.2 LBS (1.0KG) - PLA175TCMS / 3D Solutech Real Yellow 3D Printer PLA Filament 1
<a_178><b_14><c_107> :: ids=[2161] :: fam=3d_filament :: 3D Solutech Natural Clear 1.75mm 3D Printer PLA Filament, Dimensional Accuracy +/- 0.03 mm, 2.2 LBS (1.0KG)
<a_178><b_14><c_94> :: ids=[3112] :: fam=3d_filament :: 3D Solutech Real Black 3D Printer PLA Filament 1.75MM Filament, Dimensional Accuracy +/- 0.03 mm, 2.2 LBS (1.0KG) - PLA175RBLK
<a_178><b_14><c_135> :: ids=[2993] :: fam=3d_filament :: 3D Solutech Blue 3D Printer Ultra PLA Filament 1.75MM Filament, Dimensional Accuracy +/- 0.03 mm, 2.2 LBS (1.0KG)
<a_178><b_14><c_75> :: ids=[2697] :: fam=3d_filament :: 3D Solutech Real White 3D Printer PLA Filament 1.75MM Filament, Dimensional Accuracy +/- 0.03 mm, 2.2 LBS (1.0KG)"
r693_gain_vs_original_at10,2704,3d_filament,2932,Inland 1.75mm Blue PLA 3D Printer Filament - 1kg Spool (2.2 lbs),,1.0,hit@10,0,0,"<a_158><b_200><c_184> :: ids=[2927] :: fam=3d_filament :: Barbariol 3 PCS NTC3950 Thermistors for RepRap 3D Printer Extruder or Heated Bed pre-wired with Teflon Insulated Wiring
<a_17><b_200><c_1> :: ids=[246] :: fam=gauge_meter :: 304 Stainless Steel Sheet, #4 Brushed Finish, Annealed, ASTM A240/ASME SA240, 0.048"" Thickness, 36"" Width, 36"" Length, 18 Gauge
<a_223><b_20><c_170> :: ids=[1847] :: fam=3d_filament :: HATCHBOX PLA 3D Printer Filament, Dimensional Accuracy +/- 0.03 mm, 1 kg Spool, 1.75 mm, White
<a_73><b_8><c_168> :: ids=[285] :: fam=other :: Z&T Solderless Flexible Breadboard Jumper Wires M/M 100pcs
<a_224><b_153><c_5> :: ids=[2733] :: fam=fastener :: Hilitchi 210pcs M3 Stainless Steel Hex Socket Head Cap Screws Nuts Assortment Kit with Box (M3)","<a_220><b_114><c_145> :: ids=[2932] :: fam=3d_filament :: Inland 1.75mm Blue PLA 3D Printer Filament - 1kg Spool (2.2 lbs)
<a_109><b_17><c_3> :: ids=[1205] :: fam=other :: PEI (Polyetherimide) Sheet, Opaque Off-White, Standard Tolerance, ASTM D5205 PEI0113, 0.03"" Thickness, 12"" Width, 24"" Length
<a_178><b_166><c_183> :: ids=[2477] :: fam=3d_filament :: BAMtack! 1.75mm Black PLA 3D Printer Filament - 1kg (2.2 lbs) - Dimensional Accuracy +/- 0.03mm
<a_178><b_46><c_65> :: ids=[2333] :: fam=3d_filament :: eSUN 3D Printer CLEANING Filament 1.75mm Natural 0.1kg for all 1.75mm FDM 3D Printers, 1.75mm Cleaning
<a_193><b_46><c_91> :: ids=[563] :: fam=3d_filament :: Foreasy 3D Printer Tool 3D Print Removal Tool Enhanced Version Set of 2"
r693_gain_vs_original_at10,2778,3d_filament,1851,"HATCHBOX PLA 3D Printer Filament, Dimensional Accuracy +/- 0.03 mm, 1 kg Spool, 1.75 mm, Yellow",21.0,9.0,hit@10,0,1,"<a_223><b_86><c_176> :: ids=[2544] :: fam=3d_filament :: SainSmart Clear Flexible TPU 3D Printing Filament, 1.75 mm, 0.8 kg, Dimensional Accuracy +/- 0.05 mm
<a_223><b_198><c_230> :: ids=[1107] :: fam=3d_filament :: HATCHBOX PLA 3D Printer Filament, Dimensional Accuracy +/- 0.03 mm, 1 kg Spool, 1.75 mm, Glow in the Dark
<a_223><b_20><c_170> :: ids=[1847] :: fam=3d_filament :: HATCHBOX PLA 3D Printer Filament, Dimensional Accuracy +/- 0.03 mm, 1 kg Spool, 1.75 mm, White
<a_251><b_132><c_252> :: ids=[654] :: fam=gauge_meter :: CMS Magnets Powerful Rare Earth Neodymium Cup Magnet 249 LB Pull Power 0.59"" Thick x 2.36"" Diameter - 1 Ct.
<a_223><b_29><c_58> :: ids=[51] :: fam=3d_filament :: HATCHBOX 1 Spool 3D Printer Filament Tabletop Wall Mount Rack","<a_109><b_17><c_3> :: ids=[1205] :: fam=other :: PEI (Polyetherimide) Sheet, Opaque Off-White, Standard Tolerance, ASTM D5205 PEI0113, 0.03"" Thickness, 12"" Width, 24"" Length
<a_8><b_254><c_51> :: ids=[138] :: fam=ventilation_fan :: Fantronics 7mm Android Endoscope OTG Micro USB Endoscope Waterproof Borescopes Inspection Camera with 6 LED and 3.5M Cable
<a_178><b_252><c_162> :: ids=[1847] :: fam=3d_filament :: HATCHBOX PLA 3D Printer Filament, Dimensional Accuracy +/- 0.03 mm, 1 kg Spool, 1.75 mm, White
<a_193><b_46><c_91> :: ids=[563] :: fam=3d_filament :: Foreasy 3D Printer Tool 3D Print Removal Tool Enhanced Version Set of 2
<a_193><b_58><c_86> :: ids=[3059] :: fam=3d_filament :: Filabot ABS 3D Printing Smoothing Pen"
r693_gain_vs_original_at10,2825,3d_filament,2734,Inland 1.75mm White PLA 3D Printer Filament - 1kg Spool (2.2 lbs),46.0,3.0,hit@10,0,2,"<a_158><b_211><c_119> :: ids=[3151] :: fam=3d_filament :: Anycubic Pulley Version Unassemble Delta Rostock 3D Printer Kossel Kit Large Print Size with Heatbed and Power Supply
<a_223><b_80><c_84> :: ids=[2909] :: fam=3d_filament :: 3D Solutech Silver Metal 3D Printer PLA Filament 1.75MM Filament, Dimensional Accuracy +/- 0.03 mm, 2.2 LBS (1.0KG) - PLA175TCMS
<a_223><b_105><c_148> :: ids=[3446] :: fam=3d_filament :: Anycubic 1.75mm Skin Color PLA 3D Printer Filament - 1kg Spool (2.2 lbs) - Dimensional Accuracy +/- 0.05mm
<a_223><b_206><c_84> :: ids=[3556] :: fam=3d_filament :: MeltInk3D PLA-1K175GLD05 Gold PLA 3D Printer Filament &Atilde;&tilde; 1.75mm, 1Kg (2.2 Lb), MADE in USA, Dimensional Accuracy: &Acirc;&plusmn; 0.05mm
<a_91><b_105><c_64> :: ids=[2926] :: fam=3d_filament :: HICTOP 5 Pieces 3D Printer Extruder Hotend 1.75mm Nozzle Throat for Reprap Prusa I3","<a_220><b_114><c_145> :: ids=[2932] :: fam=3d_filament :: Inland 1.75mm Blue PLA 3D Printer Filament - 1kg Spool (2.2 lbs)
<a_178><b_200><c_161> :: ids=[3521] :: fam=3d_filament :: Cutequeen 3D-PLA-1.75mm-1KG 3D Printer Filament,1.75 mm Diameter,Dimensional Accuracy +/- 0.05mm,1000g Spool,White
<a_220><b_114><c_53> :: ids=[2734] :: fam=3d_filament :: Inland 1.75mm White PLA 3D Printer Filament - 1kg Spool (2.2 lbs)
<a_220><b_114><c_156> :: ids=[2934] :: fam=3d_filament :: Inland 1.75mm Yellow PLA 3D Printer Filament - 1kg Spool (2.2 lbs)
<a_220><b_114><c_165> :: ids=[3579] :: fam=3d_filament :: Inland 1.75mm Natural PETG 3D Printer Filament - 1kg Spool (2.2 Lbs)"
r693_gain_vs_original_at10,3030,3d_filament,2703,"eSUN 3D 1.75mm PETG Black Filament 1kg (2.2lb), PETG 3D Printer Filament, 1.75mm Solid Opaque Black",,3.0,hit@10,0,1,"<a_223><b_198><c_114> :: ids=[444] :: fam=3d_filament :: HATCHBOX ABS 3D Printer Filament, Dimensional Accuracy +/- 0.03 mm, 1 kg Spool, 1.75 mm, White
<a_223><b_198><c_214> :: ids=[1573] :: fam=3d_filament :: HATCHBOX PLA 3D Printer Filament, Dimensional Accuracy +/- 0.03 mm, 1 kg Spool, 1.75 mm, Orange
<a_158><b_217><c_2> :: ids=[3444] :: fam=3d_filament :: RepRap Champion Metal J-Head V6 Hot End for RepRap 3D Printer 1.75mm Filament Direct Feed Extruder 0.4mm Nozzle
<a_158><b_245><c_180> :: ids=[1206] :: fam=3d_filament :: eSUN 1.75mm Black PLA PRO (PLA+) 3D Printer Filament 1KG Spool (2.2lbs), Black
<a_223><b_29><c_58> :: ids=[51] :: fam=3d_filament :: HATCHBOX 1 Spool 3D Printer Filament Tabletop Wall Mount Rack","<a_178><b_110><c_0> :: ids=[3414] :: fam=3d_filament :: eSUN 1.75mm White ABS+ 3D Printer filament 1kg Spool (2.2lbs), White
<a_178><b_46><c_65> :: ids=[2333] :: fam=3d_filament :: eSUN 3D Printer CLEANING Filament 1.75mm Natural 0.1kg for all 1.75mm FDM 3D Printers, 1.75mm Cleaning
<a_178><b_156><c_59> :: ids=[2703] :: fam=3d_filament :: eSUN 3D 1.75mm PETG Black Filament 1kg (2.2lb), PETG 3D Printer Filament, 1.75mm Solid Opaque Black
<a_178><b_200><c_161> :: ids=[3521] :: fam=3d_filament :: Cutequeen 3D-PLA-1.75mm-1KG 3D Printer Filament,1.75 mm Diameter,Dimensional Accuracy +/- 0.05mm,1000g Spool,White
<a_178><b_110><c_82> :: ids=[2678] :: fam=3d_filament :: eSUN 1.75mm White ABS 3D Printer filament 1kg Spool (2.2lbs), White"
r693_gain_vs_original_at10,3163,3d_filament,3016,"HATCHBOX 3D Printer Filament, Dimensional Accuracy +/- 0.03mm, 1.75 mm, 1 kg Spool, Wood",11.0,7.0,hit@10,0,2,"<a_223><b_198><c_36> :: ids=[50] :: fam=3d_filament :: HATCHBOX PLA 3D Printer Filament, Dimensional Accuracy +/- 0.03 mm, 1 kg Spool, 1.75 mm, Blue
<a_223><b_198><c_114> :: ids=[444] :: fam=3d_filament :: HATCHBOX ABS 3D Printer Filament, Dimensional Accuracy +/- 0.03 mm, 1 kg Spool, 1.75 mm, White
<a_223><b_198><c_230> :: ids=[1107] :: fam=3d_filament :: HATCHBOX PLA 3D Printer Filament, Dimensional Accuracy +/- 0.03 mm, 1 kg Spool, 1.75 mm, Glow in the Dark
<a_223><b_198><c_234> :: ids=[3308] :: fam=3d_filament :: HATCHBOX ABS 3D Printer Filament, Dimensional Accuracy +/- 0.03 mm, 1 kg Spool, 1.75 mm, Yellow
<a_223><b_86><c_176> :: ids=[2544] :: fam=3d_filament :: SainSmart Clear Flexible TPU 3D Printing Filament, 1.75 mm, 0.8 kg, Dimensional Accuracy +/- 0.05 mm","<a_178><b_165><c_148> :: ids=[2507] :: fam=3d_filament :: HATCHBOX PLA 3D Printer Filament, Dimensional Accuracy +/- 0.03 mm, 1 kg Spool, 1.75 mm, Silver
<a_178><b_165><c_53> :: ids=[50] :: fam=3d_filament :: HATCHBOX PLA 3D Printer Filament, Dimensional Accuracy +/- 0.03 mm, 1 kg Spool, 1.75 mm, Blue
<a_178><b_46><c_65> :: ids=[2333] :: fam=3d_filament :: eSUN 3D Printer CLEANING Filament 1.75mm Natural 0.1kg for all 1.75mm FDM 3D Printers, 1.75mm Cleaning
<a_178><b_165><c_9> :: ids=[2152] :: fam=3d_filament :: HATCHBOX PLA 3D Printer Filament, Dimensional Accuracy +/- 0.03 mm, 1 kg Spool, 1.75 mm, Gold
<a_178><b_165><c_4> :: ids=[1107] :: fam=3d_filament :: HATCHBOX PLA 3D Printer Filament, Dimensional Accuracy +/- 0.03 mm, 1 kg Spool, 1.75 mm, Glow in the Dark"
r693_gain_vs_original_at10,3266,3d_filament,2472,"HATCHBOX ABS 3D Printer Filament, Dimensional Accuracy +/- 0.03 mm, 1 kg Spool, 1.75 mm, Black",15.0,3.0,hit@10,0,0,"<a_223><b_198><c_36> :: ids=[50] :: fam=3d_filament :: HATCHBOX PLA 3D Printer Filament, Dimensional Accuracy +/- 0.03 mm, 1 kg Spool, 1.75 mm, Blue
<a_223><b_198><c_9> :: ids=[1851] :: fam=3d_filament :: HATCHBOX PLA 3D Printer Filament, Dimensional Accuracy +/- 0.03 mm, 1 kg Spool, 1.75 mm, Yellow
<a_223><b_198><c_114> :: ids=[444] :: fam=3d_filament :: HATCHBOX ABS 3D Printer Filament, Dimensional Accuracy +/- 0.03 mm, 1 kg Spool, 1.75 mm, White
<a_223><b_121><c_15> :: ids=[1695] :: fam=3d_filament :: HATCHBOX ABS 3D Printer Filament, Dimensional Accuracy +/- 0.03 mm, 1 kg Spool, 1.75 mm, Red
<a_223><b_20><c_170> :: ids=[1847] :: fam=3d_filament :: HATCHBOX PLA 3D Printer Filament, Dimensional Accuracy +/- 0.03 mm, 1 kg Spool, 1.75 mm, White","<a_178><b_154><c_135> :: ids=[1851] :: fam=3d_filament :: HATCHBOX PLA 3D Printer Filament, Dimensional Accuracy +/- 0.03 mm, 1 kg Spool, 1.75 mm, Yellow
<a_178><b_252><c_162> :: ids=[1847] :: fam=3d_filament :: HATCHBOX PLA 3D Printer Filament, Dimensional Accuracy +/- 0.03 mm, 1 kg Spool, 1.75 mm, White
<a_178><b_154><c_141> :: ids=[2472] :: fam=3d_filament :: HATCHBOX ABS 3D Printer Filament, Dimensional Accuracy +/- 0.03 mm, 1 kg Spool, 1.75 mm, Black
<a_178><b_165><c_148> :: ids=[2507] :: fam=3d_filament :: HATCHBOX PLA 3D Printer Filament, Dimensional Accuracy +/- 0.03 mm, 1 kg Spool, 1.75 mm, Silver
<a_178><b_165><c_53> :: ids=[50] :: fam=3d_filament :: HATCHBOX PLA 3D Printer Filament, Dimensional Accuracy +/- 0.03 mm, 1 kg Spool, 1.75 mm, Blue"
r693_gain_vs_original_at10,3360,3d_filament,2544,"SainSmart Clear Flexible TPU 3D Printing Filament, 1.75 mm, 0.8 kg, Dimensional Accuracy +/- 0.05 mm",23.0,4.0,hit@10,0,0,"<a_223><b_80><c_3> :: ids=[3112, 3493] :: fam=3d_filament :: 3D Solutech Real Black 3D Printer PLA Filament 1.75MM Filament, Dimensional Accuracy +/- 0.03 mm, 2.2 LBS (1.0KG) - PLA175RBLK / 3D Solutech Printer Filament, Real Blue PLA, 1.75MM
<a_223><b_80><c_0> :: ids=[2659, 3557, 3631] :: fam=3d_filament :: 3D Solutech Apple Green 3D Printer PLA Filament 1.75MM Filament, Dimensional Accuracy +/- 0.03 mm, 2.2 LBS (1.0KG) / 3D Solutech Chocolate Brown 3D Printer PLA Filament 1.75MM Fila
<a_223><b_198><c_6> :: ids=[2472] :: fam=3d_filament :: HATCHBOX ABS 3D Printer Filament, Dimensional Accuracy +/- 0.03 mm, 1 kg Spool, 1.75 mm, Black
<a_223><b_198><c_244> :: ids=[52] :: fam=3d_filament :: HATCHBOX Glow in the Dark PLA 3D Printer Filament, Dimension Accuracy +/-0.03 mm, 1 kg Spool, 1.75 mm - Blue
<a_223><b_198><c_114> :: ids=[444] :: fam=3d_filament :: HATCHBOX ABS 3D Printer Filament, Dimensional Accuracy +/- 0.03 mm, 1 kg Spool, 1.75 mm, White","<a_178><b_14><c_6> :: ids=[2909, 3494] :: fam=3d_filament :: 3D Solutech Silver Metal 3D Printer PLA Filament 1.75MM Filament, Dimensional Accuracy +/- 0.03 mm, 2.2 LBS (1.0KG) - PLA175TCMS / 3D Solutech Real Yellow 3D Printer PLA Filament 1
<a_178><b_14><c_94> :: ids=[3112] :: fam=3d_filament :: 3D Solutech Real Black 3D Printer PLA Filament 1.75MM Filament, Dimensional Accuracy +/- 0.03 mm, 2.2 LBS (1.0KG) - PLA175RBLK
<a_178><b_14><c_107> :: ids=[2161] :: fam=3d_filament :: 3D Solutech Natural Clear 1.75mm 3D Printer PLA Filament, Dimensional Accuracy +/- 0.03 mm, 2.2 LBS (1.0KG)
<a_178><b_150><c_117> :: ids=[2544] :: fam=3d_filament :: SainSmart Clear Flexible TPU 3D Printing Filament, 1.75 mm, 0.8 kg, Dimensional Accuracy +/- 0.05 mm
<a_178><b_14><c_75> :: ids=[2697] :: fam=3d_filament :: 3D Solutech Real White 3D Printer PLA Filament 1.75MM Filament, Dimensional Accuracy +/- 0.03 mm, 2.2 LBS (1.0KG)"
r693_gain_vs_original_at10,3760,3d_filament,2932,Inland 1.75mm Blue PLA 3D Printer Filament - 1kg Spool (2.2 lbs),14.0,2.0,hit@10,0,1,"<a_158><b_72><c_88> :: ids=[2979] :: fam=3d_filament :: Inland 1.75mm Gray PLA 3D Printer Filament - 1kg Spool (2.2 lbs)
<a_158><b_72><c_141> :: ids=[2912] :: fam=3d_filament :: Inland 1.75mm Black PLA 3D Printer Filament - 1kg Spool (2.2 lbs)
<a_158><b_72><c_220> :: ids=[2718] :: fam=3d_filament :: Inland 1.75mm Pink PLA 3D Printer Filament - 1kg Spool (2.2 lbs)
<a_223><b_160><c_251> :: ids=[2477] :: fam=3d_filament :: BAMtack! 1.75mm Black PLA 3D Printer Filament - 1kg (2.2 lbs) - Dimensional Accuracy +/- 0.03mm
<a_158><b_72><c_191> :: ids=[1553] :: fam=3d_filament :: Inland 1.75mm Red PLA 3D Printer Filament - 1kg Spool (2.2 lbs)","<a_178><b_154><c_141> :: ids=[2472] :: fam=3d_filament :: HATCHBOX ABS 3D Printer Filament, Dimensional Accuracy +/- 0.03 mm, 1 kg Spool, 1.75 mm, Black
<a_220><b_114><c_145> :: ids=[2932] :: fam=3d_filament :: Inland 1.75mm Blue PLA 3D Printer Filament - 1kg Spool (2.2 lbs)
<a_178><b_154><c_50> :: ids=[444] :: fam=3d_filament :: HATCHBOX ABS 3D Printer Filament, Dimensional Accuracy +/- 0.03 mm, 1 kg Spool, 1.75 mm, White
<a_178><b_150><c_117> :: ids=[2544] :: fam=3d_filament :: SainSmart Clear Flexible TPU 3D Printing Filament, 1.75 mm, 0.8 kg, Dimensional Accuracy +/- 0.05 mm
<a_178><b_154><c_1> :: ids=[2419] :: fam=3d_filament :: HATCHBOX 3D ABS-1KG1.75-BLU ABS 3D Printer Filament, Dimensional Accuracy +/- 0.03 mm, 1 kg Spool, 1.75 mm, Blue"
r693_gain_vs_original_at10,3791,3d_filament,1847,"HATCHBOX PLA 3D Printer Filament, Dimensional Accuracy +/- 0.03 mm, 1 kg Spool, 1.75 mm, White",15.0,10.0,hit@10,0,0,"<a_223><b_80><c_3> :: ids=[3112, 3493] :: fam=3d_filament :: 3D Solutech Real Black 3D Printer PLA Filament 1.75MM Filament, Dimensional Accuracy +/- 0.03 mm, 2.2 LBS (1.0KG) - PLA175RBLK / 3D Solutech Printer Filament, Real Blue PLA, 1.75MM
<a_223><b_198><c_114> :: ids=[444] :: fam=3d_filament :: HATCHBOX ABS 3D Printer Filament, Dimensional Accuracy +/- 0.03 mm, 1 kg Spool, 1.75 mm, White
<a_223><b_198><c_182> :: ids=[1850] :: fam=3d_filament :: HATCHBOX PLA 3D Printer Filament, Dimensional Accuracy +/- 0.03 mm, 1 kg Spool, 1.75 mm, Red
<a_223><b_160><c_251> :: ids=[2477] :: fam=3d_filament :: BAMtack! 1.75mm Black PLA 3D Printer Filament - 1kg (2.2 lbs) - Dimensional Accuracy +/- 0.03mm
<a_223><b_198><c_100> :: ids=[2152] :: fam=3d_filament :: HATCHBOX PLA 3D Printer Filament, Dimensional Accuracy +/- 0.03 mm, 1 kg Spool, 1.75 mm, Gold","<a_178><b_165><c_148> :: ids=[2507] :: fam=3d_filament :: HATCHBOX PLA 3D Printer Filament, Dimensional Accuracy +/- 0.03 mm, 1 kg Spool, 1.75 mm, Silver
<a_212><b_168><c_133> :: ids=[1848] :: fam=3d_filament :: Kamo 5PCS 3D Printer 0.4mm Extruder Brass Nozzle Print Head for MK8 1.75mm ABS PLA Printer
<a_178><b_165><c_53> :: ids=[50] :: fam=3d_filament :: HATCHBOX PLA 3D Printer Filament, Dimensional Accuracy +/- 0.03 mm, 1 kg Spool, 1.75 mm, Blue
<a_178><b_165><c_4> :: ids=[1107] :: fam=3d_filament :: HATCHBOX PLA 3D Printer Filament, Dimensional Accuracy +/- 0.03 mm, 1 kg Spool, 1.75 mm, Glow in the Dark
<a_178><b_165><c_9> :: ids=[2152] :: fam=3d_filament :: HATCHBOX PLA 3D Printer Filament, Dimensional Accuracy +/- 0.03 mm, 1 kg Spool, 1.75 mm, Gold"
r693_gain_vs_original_at10,3871,3d_filament,3016,"HATCHBOX 3D Printer Filament, Dimensional Accuracy +/- 0.03mm, 1.75 mm, 1 kg Spool, Wood",17.0,6.0,hit@10,0,0,"<a_223><b_147><c_138> :: ids=[2732] :: fam=3d_filament :: PTFE Teflon Bowden Tube for 1.75 Filament (2.0mm ID/4.0mm OD) &ndash; WhiteConnector Tubing for 3D Printer - 1.5 Meters
<a_223><b_80><c_84> :: ids=[2909] :: fam=3d_filament :: 3D Solutech Silver Metal 3D Printer PLA Filament 1.75MM Filament, Dimensional Accuracy +/- 0.03 mm, 2.2 LBS (1.0KG) - PLA175TCMS
<a_158><b_211><c_119> :: ids=[3151] :: fam=3d_filament :: Anycubic Pulley Version Unassemble Delta Rostock 3D Printer Kossel Kit Large Print Size with Heatbed and Power Supply
<a_223><b_160><c_251> :: ids=[2477] :: fam=3d_filament :: BAMtack! 1.75mm Black PLA 3D Printer Filament - 1kg (2.2 lbs) - Dimensional Accuracy +/- 0.03mm
<a_66><b_92><c_236> :: ids=[3106] :: fam=other :: Rust-Oleum 214382Heavy-Duty Degreaser, 32-Ounce","<a_178><b_150><c_117> :: ids=[2544] :: fam=3d_filament :: SainSmart Clear Flexible TPU 3D Printing Filament, 1.75 mm, 0.8 kg, Dimensional Accuracy +/- 0.05 mm
<a_178><b_166><c_183> :: ids=[2477] :: fam=3d_filament :: BAMtack! 1.75mm Black PLA 3D Printer Filament - 1kg (2.2 lbs) - Dimensional Accuracy +/- 0.03mm
<a_193><b_46><c_91> :: ids=[563] :: fam=3d_filament :: Foreasy 3D Printer Tool 3D Print Removal Tool Enhanced Version Set of 2
<a_178><b_14><c_6> :: ids=[2909, 3494] :: fam=3d_filament :: 3D Solutech Silver Metal 3D Printer PLA Filament 1.75MM Filament, Dimensional Accuracy +/- 0.03 mm, 2.2 LBS (1.0KG) - PLA175TCMS / 3D Solutech Real Yellow 3D Printer PLA Filament 1
<a_178><b_150><c_186> :: ids=[2714] :: fam=3d_filament :: NinjaFlex TPU 3D Printing Filament - 1.75mm .50kg - SAPPHIRE"
r693_gain_vs_original_at10,3919,3d_filament,1107,"HATCHBOX PLA 3D Printer Filament, Dimensional Accuracy +/- 0.03 mm, 1 kg Spool, 1.75 mm, Glow in the Dark",19.0,10.0,hit@10,0,2,"<a_223><b_201><c_101> :: ids=[3016] :: fam=3d_filament :: HATCHBOX 3D Printer Filament, Dimensional Accuracy +/- 0.03mm, 1.75 mm, 1 kg Spool, Wood
<a_223><b_86><c_176> :: ids=[2544] :: fam=3d_filament :: SainSmart Clear Flexible TPU 3D Printing Filament, 1.75 mm, 0.8 kg, Dimensional Accuracy +/- 0.05 mm
<a_158><b_245><c_180> :: ids=[1206] :: fam=3d_filament :: eSUN 1.75mm Black PLA PRO (PLA+) 3D Printer Filament 1KG Spool (2.2lbs), Black
<a_223><b_126><c_99> :: ids=[3648] :: fam=3d_filament :: eSUN 3D 1.75mm PETG Orange Filament 1kg (2.2lb), PETG 3D Printer Filament, Semi-Transparent 1.75mm Orange
<a_158><b_72><c_88> :: ids=[2979] :: fam=3d_filament :: Inland 1.75mm Gray PLA 3D Printer Filament - 1kg Spool (2.2 lbs)","<a_178><b_165><c_148> :: ids=[2507] :: fam=3d_filament :: HATCHBOX PLA 3D Printer Filament, Dimensional Accuracy +/- 0.03 mm, 1 kg Spool, 1.75 mm, Silver
<a_178><b_230><c_5> :: ids=[3016] :: fam=3d_filament :: HATCHBOX 3D Printer Filament, Dimensional Accuracy +/- 0.03mm, 1.75 mm, 1 kg Spool, Wood
<a_178><b_150><c_117> :: ids=[2544] :: fam=3d_filament :: SainSmart Clear Flexible TPU 3D Printing Filament, 1.75 mm, 0.8 kg, Dimensional Accuracy +/- 0.05 mm
<a_178><b_156><c_72> :: ids=[3648] :: fam=3d_filament :: eSUN 3D 1.75mm PETG Orange Filament 1kg (2.2lb), PETG 3D Printer Filament, Semi-Transparent 1.75mm Orange
<a_178><b_156><c_135> :: ids=[2893] :: fam=3d_filament :: eSUN 3D 1.75mm PETG White Filament 1kg (2.2lb), PETG 3D Printer Filament, 1.75mm Solid Opaque White"
r693_gain_vs_original_at10,4039,3d_filament,3466,"3D Solutech Real Red 3D Printer PLA Filament 1.75MM, Dimensional Accuracy +/- 0.03 mm, 2.2 LBS (1.0KG) - RA-I00I-DQUY",21.0,9.0,hit@10,0,2,"<a_223><b_80><c_0> :: ids=[2659, 3557, 3631] :: fam=3d_filament :: 3D Solutech Apple Green 3D Printer PLA Filament 1.75MM Filament, Dimensional Accuracy +/- 0.03 mm, 2.2 LBS (1.0KG) / 3D Solutech Chocolate Brown 3D Printer PLA Filament 1.75MM Fila
<a_223><b_80><c_140> :: ids=[2161] :: fam=3d_filament :: 3D Solutech Natural Clear 1.75mm 3D Printer PLA Filament, Dimensional Accuracy +/- 0.03 mm, 2.2 LBS (1.0KG)
<a_223><b_80><c_84> :: ids=[2909] :: fam=3d_filament :: 3D Solutech Silver Metal 3D Printer PLA Filament 1.75MM Filament, Dimensional Accuracy +/- 0.03 mm, 2.2 LBS (1.0KG) - PLA175TCMS
<a_223><b_80><c_101> :: ids=[3494] :: fam=3d_filament :: 3D Solutech Real Yellow 3D Printer PLA Filament 1.75MM Filament, Dimensional Accuracy +/- 0.03 mm, 2.2 LBS (1.0KG)
<a_223><b_80><c_158> :: ids=[2660] :: fam=3d_filament :: 3D Solutech Real Grey 3D Printer PLA Filament 1.75MM Filament, Dimensional Accuracy +/- 0.03 mm, 2.2 LBS (1.0KG)","<a_178><b_14><c_6> :: ids=[2909, 3494] :: fam=3d_filament :: 3D Solutech Silver Metal 3D Printer PLA Filament 1.75MM Filament, Dimensional Accuracy +/- 0.03 mm, 2.2 LBS (1.0KG) - PLA175TCMS / 3D Solutech Real Yellow 3D Printer PLA Filament 1
<a_178><b_14><c_107> :: ids=[2161] :: fam=3d_filament :: 3D Solutech Natural Clear 1.75mm 3D Printer PLA Filament, Dimensional Accuracy +/- 0.03 mm, 2.2 LBS (1.0KG)
<a_178><b_14><c_94> :: ids=[3112] :: fam=3d_filament :: 3D Solutech Real Black 3D Printer PLA Filament 1.75MM Filament, Dimensional Accuracy +/- 0.03 mm, 2.2 LBS (1.0KG) - PLA175RBLK
<a_178><b_14><c_135> :: ids=[2993] :: fam=3d_filament :: 3D Solutech Blue 3D Printer Ultra PLA Filament 1.75MM Filament, Dimensional Accuracy +/- 0.03 mm, 2.2 LBS (1.0KG)
<a_77><b_48><c_99> :: ids=[3613] :: fam=3d_filament :: iXCC Basic Series PLA 3D Printer Filament 1.75mm Diameter (Dimensional Accuracy +/- 0.05mm) - 1kg Spool (Approximately 2.2 lbs) [Red]"
r693_gain_vs_original_at10,4077,3d_filament,2993,"3D Solutech Blue 3D Printer Ultra PLA Filament 1.75MM Filament, Dimensional Accuracy +/- 0.03 mm, 2.2 LBS (1.0KG)",14.0,5.0,hit@10,0,2,"<a_223><b_80><c_84> :: ids=[2909] :: fam=3d_filament :: 3D Solutech Silver Metal 3D Printer PLA Filament 1.75MM Filament, Dimensional Accuracy +/- 0.03 mm, 2.2 LBS (1.0KG) - PLA175TCMS
<a_223><b_246><c_0> :: ids=[3468] :: fam=3d_filament :: 3D Solutech Real Green 3D Printer PLA Filament 1.75MM Filament, Dimensional Accuracy +/- 0.03 mm, 2.2 LBS (1.0KG)
<a_223><b_80><c_0> :: ids=[2659, 3557, 3631] :: fam=3d_filament :: 3D Solutech Apple Green 3D Printer PLA Filament 1.75MM Filament, Dimensional Accuracy +/- 0.03 mm, 2.2 LBS (1.0KG) / 3D Solutech Chocolate Brown 3D Printer PLA Filament 1.75MM Fila
<a_223><b_80><c_101> :: ids=[3494] :: fam=3d_filament :: 3D Solutech Real Yellow 3D Printer PLA Filament 1.75MM Filament, Dimensional Accuracy +/- 0.03 mm, 2.2 LBS (1.0KG)
<a_223><b_246><c_2> :: ids=[2721] :: fam=3d_filament :: 3D Solutech Navy Blue 3D Printer PLA Filament 1.75MM Filament, Dimensional Accuracy +/- 0.03 mm, 2.2 LBS (1.0KG)","<a_77><b_48><c_99> :: ids=[3613] :: fam=3d_filament :: iXCC Basic Series PLA 3D Printer Filament 1.75mm Diameter (Dimensional Accuracy +/- 0.05mm) - 1kg Spool (Approximately 2.2 lbs) [Red]
<a_178><b_14><c_6> :: ids=[2909, 3494] :: fam=3d_filament :: 3D Solutech Silver Metal 3D Printer PLA Filament 1.75MM Filament, Dimensional Accuracy +/- 0.03 mm, 2.2 LBS (1.0KG) - PLA175TCMS / 3D Solutech Real Yellow 3D Printer PLA Filament 1
<a_178><b_14><c_94> :: ids=[3112] :: fam=3d_filament :: 3D Solutech Real Black 3D Printer PLA Filament 1.75MM Filament, Dimensional Accuracy +/- 0.03 mm, 2.2 LBS (1.0KG) - PLA175RBLK
<a_178><b_14><c_107> :: ids=[2161] :: fam=3d_filament :: 3D Solutech Natural Clear 1.75mm 3D Printer PLA Filament, Dimensional Accuracy +/- 0.03 mm, 2.2 LBS (1.0KG)
<a_178><b_14><c_135> :: ids=[2993] :: fam=3d_filament :: 3D Solutech Blue 3D Printer Ultra PLA Filament 1.75MM Filament, Dimensional Accuracy +/- 0.03 mm, 2.2 LBS (1.0KG)"
r693_gain_vs_original_at10,4078,3d_filament,3466,"3D Solutech Real Red 3D Printer PLA Filament 1.75MM, Dimensional Accuracy +/- 0.03 mm, 2.2 LBS (1.0KG) - RA-I00I-DQUY",16.0,8.0,hit@10,0,3,"<a_223><b_80><c_128> :: ids=[2993] :: fam=3d_filament :: 3D Solutech Blue 3D Printer Ultra PLA Filament 1.75MM Filament, Dimensional Accuracy +/- 0.03 mm, 2.2 LBS (1.0KG)
<a_223><b_80><c_0> :: ids=[2659, 3557, 3631] :: fam=3d_filament :: 3D Solutech Apple Green 3D Printer PLA Filament 1.75MM Filament, Dimensional Accuracy +/- 0.03 mm, 2.2 LBS (1.0KG) / 3D Solutech Chocolate Brown 3D Printer PLA Filament 1.75MM Fila
<a_223><b_80><c_84> :: ids=[2909] :: fam=3d_filament :: 3D Solutech Silver Metal 3D Printer PLA Filament 1.75MM Filament, Dimensional Accuracy +/- 0.03 mm, 2.2 LBS (1.0KG) - PLA175TCMS
<a_223><b_246><c_0> :: ids=[3468] :: fam=3d_filament :: 3D Solutech Real Green 3D Printer PLA Filament 1.75MM Filament, Dimensional Accuracy +/- 0.03 mm, 2.2 LBS (1.0KG)
<a_223><b_246><c_2> :: ids=[2721] :: fam=3d_filament :: 3D Solutech Navy Blue 3D Printer PLA Filament 1.75MM Filament, Dimensional Accuracy +/- 0.03 mm, 2.2 LBS (1.0KG)","<a_178><b_14><c_6> :: ids=[2909, 3494] :: fam=3d_filament :: 3D Solutech Silver Metal 3D Printer PLA Filament 1.75MM Filament, Dimensional Accuracy +/- 0.03 mm, 2.2 LBS (1.0KG) - PLA175TCMS / 3D Solutech Real Yellow 3D Printer PLA Filament 1
<a_77><b_48><c_99> :: ids=[3613] :: fam=3d_filament :: iXCC Basic Series PLA 3D Printer Filament 1.75mm Diameter (Dimensional Accuracy +/- 0.05mm) - 1kg Spool (Approximately 2.2 lbs) [Red]
<a_178><b_14><c_107> :: ids=[2161] :: fam=3d_filament :: 3D Solutech Natural Clear 1.75mm 3D Printer PLA Filament, Dimensional Accuracy +/- 0.03 mm, 2.2 LBS (1.0KG)
<a_178><b_14><c_94> :: ids=[3112] :: fam=3d_filament :: 3D Solutech Real Black 3D Printer PLA Filament 1.75MM Filament, Dimensional Accuracy +/- 0.03 mm, 2.2 LBS (1.0KG) - PLA175RBLK
<a_178><b_14><c_135> :: ids=[2993] :: fam=3d_filament :: 3D Solutech Blue 3D Printer Ultra PLA Filament 1.75MM Filament, Dimensional Accuracy +/- 0.03 mm, 2.2 LBS (1.0KG)"
r693_gain_vs_original_at10,4133,3d_filament,2544,"SainSmart Clear Flexible TPU 3D Printing Filament, 1.75 mm, 0.8 kg, Dimensional Accuracy +/- 0.05 mm",11.0,4.0,hit@10,0,0,"<a_158><b_245><c_180> :: ids=[1206] :: fam=3d_filament :: eSUN 1.75mm Black PLA PRO (PLA+) 3D Printer Filament 1KG Spool (2.2lbs), Black
<a_223><b_160><c_251> :: ids=[2477] :: fam=3d_filament :: BAMtack! 1.75mm Black PLA 3D Printer Filament - 1kg (2.2 lbs) - Dimensional Accuracy +/- 0.03mm
<a_223><b_126><c_0> :: ids=[2703] :: fam=3d_filament :: eSUN 3D 1.75mm PETG Black Filament 1kg (2.2lb), PETG 3D Printer Filament, 1.75mm Solid Opaque Black
<a_223><b_232><c_186> :: ids=[3414] :: fam=3d_filament :: eSUN 1.75mm White ABS+ 3D Printer filament 1kg Spool (2.2lbs), White
<a_251><b_128><c_154> :: ids=[2966] :: fam=3d_filament :: Sprite Science 12 pcs LM8UU Linear Bearings for 3D Printer 8mm x 15mm x 24mm","<a_178><b_110><c_0> :: ids=[3414] :: fam=3d_filament :: eSUN 1.75mm White ABS+ 3D Printer filament 1kg Spool (2.2lbs), White
<a_178><b_46><c_65> :: ids=[2333] :: fam=3d_filament :: eSUN 3D Printer CLEANING Filament 1.75mm Natural 0.1kg for all 1.75mm FDM 3D Printers, 1.75mm Cleaning
<a_178><b_12><c_24> :: ids=[162] :: fam=3d_filament :: USAFilament 9800429 ABS 3D Printing Filament, 2.2 lb, 1.75 mm, White Spool
<a_178><b_150><c_117> :: ids=[2544] :: fam=3d_filament :: SainSmart Clear Flexible TPU 3D Printing Filament, 1.75 mm, 0.8 kg, Dimensional Accuracy +/- 0.05 mm
<a_178><b_156><c_58> :: ids=[2157] :: fam=3d_filament :: eSUN 3D 1.75mm PETG Blue Filament 1kg (2.2lb), PETG 3D Printer Filament, 1.75mm Semi-Transparent Blue"
r693_gain_vs_original_at10,4275,3d_filament,2697,"3D Solutech Real White 3D Printer PLA Filament 1.75MM Filament, Dimensional Accuracy +/- 0.03 mm, 2.2 LBS (1.0KG)",18.0,9.0,hit@10,0,1,"<a_223><b_80><c_0> :: ids=[2659, 3557, 3631] :: fam=3d_filament :: 3D Solutech Apple Green 3D Printer PLA Filament 1.75MM Filament, Dimensional Accuracy +/- 0.03 mm, 2.2 LBS (1.0KG) / 3D Solutech Chocolate Brown 3D Printer PLA Filament 1.75MM Fila
<a_223><b_80><c_3> :: ids=[3112, 3493] :: fam=3d_filament :: 3D Solutech Real Black 3D Printer PLA Filament 1.75MM Filament, Dimensional Accuracy +/- 0.03 mm, 2.2 LBS (1.0KG) - PLA175RBLK / 3D Solutech Printer Filament, Real Blue PLA, 1.75MM
<a_223><b_80><c_84> :: ids=[2909] :: fam=3d_filament :: 3D Solutech Silver Metal 3D Printer PLA Filament 1.75MM Filament, Dimensional Accuracy +/- 0.03 mm, 2.2 LBS (1.0KG) - PLA175TCMS
<a_223><b_105><c_148> :: ids=[3446] :: fam=3d_filament :: Anycubic 1.75mm Skin Color PLA 3D Printer Filament - 1kg Spool (2.2 lbs) - Dimensional Accuracy +/- 0.05mm
<a_223><b_242><c_216> :: ids=[2714] :: fam=3d_filament :: NinjaFlex TPU 3D Printing Filament - 1.75mm .50kg - SAPPHIRE","<a_178><b_200><c_161> :: ids=[3521] :: fam=3d_filament :: Cutequeen 3D-PLA-1.75mm-1KG 3D Printer Filament,1.75 mm Diameter,Dimensional Accuracy +/- 0.05mm,1000g Spool,White
<a_178><b_200><c_50> :: ids=[2641] :: fam=3d_filament :: eSUN 3mm Black ABS 3D Printer filament 1kg Spool (2.2lbs), Black
<a_178><b_14><c_6> :: ids=[2909, 3494] :: fam=3d_filament :: 3D Solutech Silver Metal 3D Printer PLA Filament 1.75MM Filament, Dimensional Accuracy +/- 0.03 mm, 2.2 LBS (1.0KG) - PLA175TCMS / 3D Solutech Real Yellow 3D Printer PLA Filament 1
<a_178><b_166><c_183> :: ids=[2477] :: fam=3d_filament :: BAMtack! 1.75mm Black PLA 3D Printer Filament - 1kg (2.2 lbs) - Dimensional Accuracy +/- 0.03mm
<a_178><b_14><c_94> :: ids=[3112] :: fam=3d_filament :: 3D Solutech Real Black 3D Printer PLA Filament 1.75MM Filament, Dimensional Accuracy +/- 0.03 mm, 2.2 LBS (1.0KG) - PLA175RBLK"
r693_gain_vs_original_at10,4370,3d_filament,2544,"SainSmart Clear Flexible TPU 3D Printing Filament, 1.75 mm, 0.8 kg, Dimensional Accuracy +/- 0.05 mm",,2.0,hit@10,0,1,"<a_158><b_72><c_88> :: ids=[2979] :: fam=3d_filament :: Inland 1.75mm Gray PLA 3D Printer Filament - 1kg Spool (2.2 lbs)
<a_158><b_72><c_232> :: ids=[2734] :: fam=3d_filament :: Inland 1.75mm White PLA 3D Printer Filament - 1kg Spool (2.2 lbs)
<a_158><b_72><c_76> :: ids=[3546] :: fam=3d_filament :: Inland 1.75mm Orange PLA 3D Printer Filament - 1kg Spool (2.2 lbs)
<a_158><b_72><c_220> :: ids=[2718] :: fam=3d_filament :: Inland 1.75mm Pink PLA 3D Printer Filament - 1kg Spool (2.2 lbs)
<a_158><b_72><c_70> :: ids=[2934] :: fam=3d_filament :: Inland 1.75mm Yellow PLA 3D Printer Filament - 1kg Spool (2.2 lbs)","<a_220><b_114><c_145> :: ids=[2932] :: fam=3d_filament :: Inland 1.75mm Blue PLA 3D Printer Filament - 1kg Spool (2.2 lbs)
<a_178><b_150><c_117> :: ids=[2544] :: fam=3d_filament :: SainSmart Clear Flexible TPU 3D Printing Filament, 1.75 mm, 0.8 kg, Dimensional Accuracy +/- 0.05 mm
<a_212><b_17><c_91> :: ids=[2926] :: fam=3d_filament :: HICTOP 5 Pieces 3D Printer Extruder Hotend 1.75mm Nozzle Throat for Reprap Prusa I3
<a_178><b_154><c_141> :: ids=[2472] :: fam=3d_filament :: HATCHBOX ABS 3D Printer Filament, Dimensional Accuracy +/- 0.03 mm, 1 kg Spool, 1.75 mm, Black
<a_178><b_150><c_186> :: ids=[2714] :: fam=3d_filament :: NinjaFlex TPU 3D Printing Filament - 1.75mm .50kg - SAPPHIRE"
r693_gain_vs_original_at10,4392,3d_filament,2703,"eSUN 3D 1.75mm PETG Black Filament 1kg (2.2lb), PETG 3D Printer Filament, 1.75mm Solid Opaque Black",28.0,2.0,hit@10,0,1,"<a_158><b_245><c_180> :: ids=[1206] :: fam=3d_filament :: eSUN 1.75mm Black PLA PRO (PLA+) 3D Printer Filament 1KG Spool (2.2lbs), Black
<a_223><b_232><c_186> :: ids=[3414] :: fam=3d_filament :: eSUN 1.75mm White ABS+ 3D Printer filament 1kg Spool (2.2lbs), White
<a_158><b_217><c_8> :: ids=[2332] :: fam=3d_filament :: Metal J-head V6 Hotend 1.75mm Filament 0.4mm Bowden Extruder Reprap 3D Printer with 1 Meter Tubing
<a_158><b_217><c_2> :: ids=[3444] :: fam=3d_filament :: RepRap Champion Metal J-Head V6 Hot End for RepRap 3D Printer 1.75mm Filament Direct Feed Extruder 0.4mm Nozzle
<a_223><b_126><c_99> :: ids=[3648] :: fam=3d_filament :: eSUN 3D 1.75mm PETG Orange Filament 1kg (2.2lb), PETG 3D Printer Filament, Semi-Transparent 1.75mm Orange","<a_178><b_156><c_135> :: ids=[2893] :: fam=3d_filament :: eSUN 3D 1.75mm PETG White Filament 1kg (2.2lb), PETG 3D Printer Filament, 1.75mm Solid Opaque White
<a_178><b_156><c_59> :: ids=[2703] :: fam=3d_filament :: eSUN 3D 1.75mm PETG Black Filament 1kg (2.2lb), PETG 3D Printer Filament, 1.75mm Solid Opaque Black
<a_178><b_150><c_117> :: ids=[2544] :: fam=3d_filament :: SainSmart Clear Flexible TPU 3D Printing Filament, 1.75 mm, 0.8 kg, Dimensional Accuracy +/- 0.05 mm
<a_178><b_230><c_5> :: ids=[3016] :: fam=3d_filament :: HATCHBOX 3D Printer Filament, Dimensional Accuracy +/- 0.03mm, 1.75 mm, 1 kg Spool, Wood
<a_178><b_156><c_72> :: ids=[3648] :: fam=3d_filament :: eSUN 3D 1.75mm PETG Orange Filament 1kg (2.2lb), PETG 3D Printer Filament, Semi-Transparent 1.75mm Orange"
r693_gain_vs_original_at10,425,gauge_meter,181,"AcuRite 00613 Humidity Monitor with Indoor Thermometer, Digital Hygrometer and Humidity Gauge Indicator",11.0,5.0,hit@10,1,3,"<a_66><b_107><c_142> :: ids=[2172] :: fam=other :: Star brite Outdoor Furniture Cleaner (51932) All-Surface Cleaner Spray - 32 oz
<a_66><b_52><c_56> :: ids=[2267] :: fam=other :: Crest Pro-Health Clinical Gum Protection Invigorating Clean Mint Toothpaste 4 Oz (Pack of 2)
<a_66><b_11><c_11> :: ids=[2163] :: fam=other :: Performacide 102000 Disinfectant for Hard Non-Porous Surfaces Gallon Kit
<a_66><b_78><c_36> :: ids=[150] :: fam=other :: Colgate Cavity Protection Toothpaste with Fluoride - 1 ounce (24 Pack)
<a_66><b_60><c_74> :: ids=[2299] :: fam=other :: Zep Commercial Acidic Toilet Bowl Cleaner, 32 Ounce","<a_214><b_30><c_36> :: ids=[2172] :: fam=other :: Star brite Outdoor Furniture Cleaner (51932) All-Surface Cleaner Spray - 32 oz
<a_117><b_238><c_11> :: ids=[269] :: fam=other :: Philips Sonicare HealthyWhite+ electric rechargeable toothbrush, HX8911
<a_62><b_124><c_12> :: ids=[207] :: fam=other :: iRobot Roomba 880 Robot Vacuum
<a_117><b_35><c_3> :: ids=[946] :: fam=other :: Crest Cavity Protection Toothpaste, 6.4 Ounce (Pack of 6)
<a_190><b_103><c_0> :: ids=[181, 182] :: fam=gauge_meter :: AcuRite 00613 Humidity Monitor with Indoor Thermometer, Digital Hygrometer and Humidity Gauge Indicator / AcuRite 00613 Humidity Monitor with Indoor Thermometer, Digital Hygrometer"
r693_gain_vs_original_at10,1100,gauge_meter,84,Neiko 01409A Electronic Digital Caliper with Extra Large LCD Screen | 0 - 12 Inches | Inch/Fractions/Millimeter Conversion,,6.0,hit@10,1,1,"<a_210><b_171><c_210> :: ids=[39] :: fam=other :: Augbunny 100% Cotton 5- by 7-Inch Muslin Bags with Drawstring, 12-Pack
<a_107><b_93><c_0> :: ids=[181, 182] :: fam=gauge_meter :: AcuRite 00613 Humidity Monitor with Indoor Thermometer, Digital Hygrometer and Humidity Gauge Indicator / AcuRite 00613 Humidity Monitor with Indoor Thermometer, Digital Hygrometer
<a_210><b_171><c_62> :: ids=[2607] :: fam=other :: Muslin Bags 10 Count
<a_107><b_90><c_50> :: ids=[338] :: fam=gauge_meter :: Etekcity Lasergrip 1080 Non-Contact Digital Laser Infrared Thermometer Temperature Gun -58~1022 (-50550), Yellow and Black
<a_165><b_107><c_20> :: ids=[257] :: fam=adhesive_epoxy :: Gorilla 5000408  Original Gorilla Glue, Waterproof Polyurethane Glue, 4 ounce Bottle, Brown","<a_171><b_41><c_133> :: ids=[39] :: fam=other :: Augbunny 100% Cotton 5- by 7-Inch Muslin Bags with Drawstring, 12-Pack
<a_171><b_161><c_0> :: ids=[7, 8] :: fam=other :: UltraSource 192033 Hamburger Patty Paper, 5.5"" x 5.5"" (Pack of 1000) / UltraSource 192033 Hamburger Patty Paper, 5.5"" x 5.5"" (Pack of 1000)
<a_190><b_64><c_29> :: ids=[819] :: fam=3d_filament :: Inkbird ITC-1000 Dual Stage Digital Temperature Controller Fahrenheit  Celsius Thermostat with Sensor for 3D Printer,Freezer,Fridge,Hatching ect (12 Volt)
<a_190><b_103><c_0> :: ids=[181, 182] :: fam=gauge_meter :: AcuRite 00613 Humidity Monitor with Indoor Thermometer, Digital Hygrometer and Humidity Gauge Indicator / AcuRite 00613 Humidity Monitor with Indoor Thermometer, Digital Hygrometer
<a_190><b_185><c_201> :: ids=[159] :: fam=gauge_meter :: Etekcity Lasergrip 774 Non-contact Digital Laser Infrared Thermometer Temperature Gun -58~ 716 (-50 ~ 380), Yellow and Black"
r693_gain_vs_original_at10,1103,gauge_meter,159,"Etekcity Lasergrip 774 Non-contact Digital Laser Infrared Thermometer Temperature Gun -58~ 716 (-50 ~ 380), Yellow and Black",34.0,2.0,hit@10,1,1,"<a_107><b_93><c_0> :: ids=[181, 182] :: fam=gauge_meter :: AcuRite 00613 Humidity Monitor with Indoor Thermometer, Digital Hygrometer and Humidity Gauge Indicator / AcuRite 00613 Humidity Monitor with Indoor Thermometer, Digital Hygrometer
<a_94><b_35><c_31> :: ids=[148] :: fam=other :: Plastic Transfer Pipettes 3ml, Graduated, Pack of 100
<a_94><b_166><c_155> :: ids=[560] :: fam=test_strip :: Litmus pH Test Strips, Universal Application (pH 1-14), 2 Packs of 100 Strips
<a_229><b_95><c_222> :: ids=[805] :: fam=other :: American Weigh Scales 200WGT Carbon Steel 200gm Calibration Weight Scale with Chrome Finish
<a_107><b_135><c_157> :: ids=[2745] :: fam=other :: HM Digital 1000ppm TDS Calibration Solution","<a_190><b_103><c_0> :: ids=[181, 182] :: fam=gauge_meter :: AcuRite 00613 Humidity Monitor with Indoor Thermometer, Digital Hygrometer and Humidity Gauge Indicator / AcuRite 00613 Humidity Monitor with Indoor Thermometer, Digital Hygrometer
<a_190><b_185><c_201> :: ids=[159] :: fam=gauge_meter :: Etekcity Lasergrip 774 Non-contact Digital Laser Infrared Thermometer Temperature Gun -58~ 716 (-50 ~ 380), Yellow and Black
<a_35><b_170><c_107> :: ids=[218] :: fam=ventilation_fan :: Phresh Duct Silencer 8 in x 24 in
<a_190><b_64><c_29> :: ids=[819] :: fam=3d_filament :: Inkbird ITC-1000 Dual Stage Digital Temperature Controller Fahrenheit  Celsius Thermostat with Sensor for 3D Printer,Freezer,Fridge,Hatching ect (12 Volt)
<a_190><b_185><c_237> :: ids=[769] :: fam=gauge_meter :: Nubee Temperature Gun Non-contact Digital Laser Infrared IR Thermometer"
r693_gain_vs_original_at10,1115,gauge_meter,181,"AcuRite 00613 Humidity Monitor with Indoor Thermometer, Digital Hygrometer and Humidity Gauge Indicator",13.0,6.0,hit@10,1,2,"<a_173><b_201><c_145> :: ids=[140] :: fam=other :: DuPont Teflon Silicone Lubricant
<a_173><b_93><c_124> :: ids=[40] :: fam=other :: Forney 20859 Cutting Fluid, Industrial Pro Tap Magic, 1-Gallon
<a_173><b_224><c_249> :: ids=[1620] :: fam=other :: Krytox GPL 205 Grease, Pure PFPE/PTFE, 2 oz Tube
<a_67><b_156><c_55> :: ids=[214] :: fam=connector_fitting :: 520 Piece Electrical Terminal Assortment with Storage Box
<a_197><b_204><c_0> :: ids=[139, 774] :: fam=other :: DuPont Teflon Non-Stick / DuPont Teflon Non-Stick","<a_77><b_45><c_0> :: ids=[139, 774] :: fam=other :: DuPont Teflon Non-Stick / DuPont Teflon Non-Stick
<a_168><b_85><c_176> :: ids=[140] :: fam=other :: DuPont Teflon Silicone Lubricant
<a_109><b_114><c_135> :: ids=[176] :: fam=other :: URBEST 530 Pcs 2:1 Heat Shrink Tubing Tube Sleeving Wrap Cable Wire 5 Color 8 Size
<a_109><b_35><c_254> :: ids=[568] :: fam=tape :: Strenco 1"" Self Adhesive Black Hook and Loop 5 yards Sticky Back Tape Fastener 15 feet - Light Weight
<a_40><b_18><c_9> :: ids=[521] :: fam=connector_fitting :: Gardner Bender 19-001 WireGard Screw-On Wire Connectors, 22-16 AWG, Electrical Wire Nut, 14 pk, Grey"
r693_gain_vs_original_at10,1210,gauge_meter,84,Neiko 01409A Electronic Digital Caliper with Extra Large LCD Screen | 0 - 12 Inches | Inch/Fractions/Millimeter Conversion,12.0,4.0,hit@10,1,1,"<a_71><b_46><c_148> :: ids=[997] :: fam=other :: The Hillman Group 4839 1/8 Wire Rope Clip, 10-Pack
<a_71><b_244><c_200> :: ids=[1065] :: fam=other :: JawayTool Rubber Grommets Kit & Plug Wire Ring Assortment Set Electrical Gasket Tools - 180 - Pieces
<a_71><b_242><c_21> :: ids=[42] :: fam=connector_fitting :: Precision Brand M6S Micro Seal, Miniature All Stainless Worm Gear Hose Clamp, 5/16"" - 7/8"" (Pack of 10)
<a_71><b_201><c_34> :: ids=[1286] :: fam=other :: Accessbuy 180-Piece Rubber Grommet Shop Assortment
<a_71><b_34><c_83> :: ids=[784] :: fam=other :: National Hardware N100-792 15 Bar Holder in Zinc plated,","<a_209><b_14><c_27> :: ids=[3303] :: fam=other :: 5 Pcs 50mm x 50mm Right Angle Stainless Steel Corner Bracket
<a_190><b_103><c_0> :: ids=[181, 182] :: fam=gauge_meter :: AcuRite 00613 Humidity Monitor with Indoor Thermometer, Digital Hygrometer and Humidity Gauge Indicator / AcuRite 00613 Humidity Monitor with Indoor Thermometer, Digital Hygrometer
<a_209><b_14><c_211> :: ids=[2593] :: fam=gauge_meter :: Master Magnetics Round Base Magnet Fastener with Knob,Chrome,1.43"" Diameter, 0.98"" Total Height with 1"" Diameter Knob/16 Pounds,(Box of 4), HMKR-45X4
<a_197><b_173><c_161> :: ids=[84] :: fam=gauge_meter :: Neiko 01409A Electronic Digital Caliper with Extra Large LCD Screen | 0 - 12 Inches | Inch/Fractions/Millimeter Conversion
<a_209><b_200><c_227> :: ids=[352] :: fam=other :: General Tools 1261-4 1/2-Inch Grommet Refill with 24 Grommets"
r693_gain_vs_original_at10,1426,gauge_meter,159,"Etekcity Lasergrip 774 Non-contact Digital Laser Infrared Thermometer Temperature Gun -58~ 716 (-50 ~ 380), Yellow and Black",,2.0,hit@10,1,2,"<a_150><b_61><c_87> :: ids=[284] :: fam=other :: Silica Gel Desiccants 2-1/4 x 1 1/2 Inches - 25 Silica Gel Packets of 10 Grams Each by Dry-Packs
<a_150><b_61><c_78> :: ids=[501] :: fam=other :: Dry-Packs Silica Gel Desiccant, 40gm
<a_107><b_93><c_0> :: ids=[181, 182] :: fam=gauge_meter :: AcuRite 00613 Humidity Monitor with Indoor Thermometer, Digital Hygrometer and Humidity Gauge Indicator / AcuRite 00613 Humidity Monitor with Indoor Thermometer, Digital Hygrometer
<a_150><b_182><c_50> :: ids=[559] :: fam=other :: Racers Edge 3000 1/2-Ounce Bottle W Needle Tip
<a_150><b_9><c_27> :: ids=[448] :: fam=other :: SG-40 Silica Gel Dehumidifier Desiccant 40 Gram Orange/Green No Cobalt (II) Chloride","<a_190><b_103><c_0> :: ids=[181, 182] :: fam=gauge_meter :: AcuRite 00613 Humidity Monitor with Indoor Thermometer, Digital Hygrometer and Humidity Gauge Indicator / AcuRite 00613 Humidity Monitor with Indoor Thermometer, Digital Hygrometer
<a_190><b_185><c_201> :: ids=[159] :: fam=gauge_meter :: Etekcity Lasergrip 774 Non-contact Digital Laser Infrared Thermometer Temperature Gun -58~ 716 (-50 ~ 380), Yellow and Black
<a_190><b_173><c_203> :: ids=[338] :: fam=gauge_meter :: Etekcity Lasergrip 1080 Non-Contact Digital Laser Infrared Thermometer Temperature Gun -58~1022 (-50550), Yellow and Black
<a_17><b_49><c_23> :: ids=[448] :: fam=other :: SG-40 Silica Gel Dehumidifier Desiccant 40 Gram Orange/Green No Cobalt (II) Chloride
<a_190><b_64><c_29> :: ids=[819] :: fam=3d_filament :: Inkbird ITC-1000 Dual Stage Digital Temperature Controller Fahrenheit  Celsius Thermostat with Sensor for 3D Printer,Freezer,Fridge,Hatching ect (12 Volt)"
r693_gain_vs_original_at10,1641,gauge_meter,84,Neiko 01409A Electronic Digital Caliper with Extra Large LCD Screen | 0 - 12 Inches | Inch/Fractions/Millimeter Conversion,,7.0,hit@10,1,2,"<a_211><b_100><c_25> :: ids=[281] :: fam=other :: SE TL10 10-Piece Test Lead Set with Alligator Clips
<a_73><b_8><c_168> :: ids=[285] :: fam=other :: Z&T Solderless Flexible Breadboard Jumper Wires M/M 100pcs
<a_73><b_231><c_56> :: ids=[734] :: fam=other :: microtivity IL188 5mm Assorted Clear LED w/Resistors (8 Colors, Pack of 80)
<a_228><b_45><c_18> :: ids=[392] :: fam=other :: SummitLink Pack of 328 Pcs Assorted Heat Shrink Tube 5 Colors 8 Sizes Tubing Wrap Sleeve Set Combo
<a_107><b_93><c_0> :: ids=[181, 182] :: fam=gauge_meter :: AcuRite 00613 Humidity Monitor with Indoor Thermometer, Digital Hygrometer and Humidity Gauge Indicator / AcuRite 00613 Humidity Monitor with Indoor Thermometer, Digital Hygrometer","<a_118><b_59><c_100> :: ids=[281] :: fam=other :: SE TL10 10-Piece Test Lead Set with Alligator Clips
<a_109><b_114><c_135> :: ids=[176] :: fam=other :: URBEST 530 Pcs 2:1 Heat Shrink Tubing Tube Sleeving Wrap Cable Wire 5 Color 8 Size
<a_138><b_9><c_137> :: ids=[395] :: fam=other :: Arctic Silver 5 AS5-3.5G Thermal Paste
<a_75><b_107><c_134> :: ids=[734] :: fam=other :: microtivity IL188 5mm Assorted Clear LED w/Resistors (8 Colors, Pack of 80)
<a_190><b_103><c_0> :: ids=[181, 182] :: fam=gauge_meter :: AcuRite 00613 Humidity Monitor with Indoor Thermometer, Digital Hygrometer and Humidity Gauge Indicator / AcuRite 00613 Humidity Monitor with Indoor Thermometer, Digital Hygrometer"
r693_gain_vs_original_at10,2216,gauge_meter,84,Neiko 01409A Electronic Digital Caliper with Extra Large LCD Screen | 0 - 12 Inches | Inch/Fractions/Millimeter Conversion,,4.0,hit@10,1,2,"<a_73><b_8><c_168> :: ids=[285] :: fam=other :: Z&T Solderless Flexible Breadboard Jumper Wires M/M 100pcs
<a_107><b_93><c_0> :: ids=[181, 182] :: fam=gauge_meter :: AcuRite 00613 Humidity Monitor with Indoor Thermometer, Digital Hygrometer and Humidity Gauge Indicator / AcuRite 00613 Humidity Monitor with Indoor Thermometer, Digital Hygrometer
<a_173><b_194><c_0> :: ids=[1354] :: fam=other :: Red Devil Available 3332 Steel Wool Multi-Grade Pack
<a_71><b_242><c_21> :: ids=[42] :: fam=connector_fitting :: Precision Brand M6S Micro Seal, Miniature All Stainless Worm Gear Hose Clamp, 5/16"" - 7/8"" (Pack of 10)
<a_17><b_14><c_32> :: ids=[145] :: fam=other :: Marrywindix 6pcs ESD Precision Anti-Static Tweezers, Tweezers Stainless Steel Tweezers with a Bag for Electronics Jewelry-Making Repairing","<a_185><b_2><c_12> :: ids=[123] :: fam=other :: Red Devil 0325 Steel Wool, 2 Medium Course, 8 Pads
<a_185><b_211><c_122> :: ids=[1354] :: fam=other :: Red Devil Available 3332 Steel Wool Multi-Grade Pack
<a_185><b_254><c_5> :: ids=[1546] :: fam=other :: BreakFree CLP-PS Precision Shooter
<a_197><b_173><c_161> :: ids=[84] :: fam=gauge_meter :: Neiko 01409A Electronic Digital Caliper with Extra Large LCD Screen | 0 - 12 Inches | Inch/Fractions/Millimeter Conversion
<a_211><b_154><c_68> :: ids=[513] :: fam=other :: Kimberly-Clark Professional Kimtech Science KimWipes Delicate Task Wipers, 4.4 x 8.4 in. 1-ply"
r693_gain_vs_original_at10,2524,gauge_meter,769,Nubee Temperature Gun Non-contact Digital Laser Infrared IR Thermometer,17.0,7.0,hit@10,1,1,"<a_107><b_93><c_0> :: ids=[181, 182] :: fam=gauge_meter :: AcuRite 00613 Humidity Monitor with Indoor Thermometer, Digital Hygrometer and Humidity Gauge Indicator / AcuRite 00613 Humidity Monitor with Indoor Thermometer, Digital Hygrometer
<a_109><b_74><c_57> :: ids=[218] :: fam=ventilation_fan :: Phresh Duct Silencer 8 in x 24 in
<a_107><b_135><c_157> :: ids=[2745] :: fam=other :: HM Digital 1000ppm TDS Calibration Solution
<a_229><b_166><c_29> :: ids=[2368] :: fam=other :: Hydrion S/r Dispenser 0.0-6.0 Ph Range 96 - 15 Ft Roll w/ Color Chart/ Dispenser
<a_229><b_95><c_222> :: ids=[805] :: fam=other :: American Weigh Scales 200WGT Carbon Steel 200gm Calibration Weight Scale with Chrome Finish","<a_190><b_103><c_0> :: ids=[181, 182] :: fam=gauge_meter :: AcuRite 00613 Humidity Monitor with Indoor Thermometer, Digital Hygrometer and Humidity Gauge Indicator / AcuRite 00613 Humidity Monitor with Indoor Thermometer, Digital Hygrometer
<a_190><b_185><c_201> :: ids=[159] :: fam=gauge_meter :: Etekcity Lasergrip 774 Non-contact Digital Laser Infrared Thermometer Temperature Gun -58~ 716 (-50 ~ 380), Yellow and Black
<a_35><b_85><c_71> :: ids=[2938] :: fam=ventilation_fan :: VenTech VT DUCT-6 VTD625 Aluminum Duct for Ventilation Ducting, 6''
<a_190><b_64><c_29> :: ids=[819] :: fam=3d_filament :: Inkbird ITC-1000 Dual Stage Digital Temperature Controller Fahrenheit  Celsius Thermostat with Sensor for 3D Printer,Freezer,Fridge,Hatching ect (12 Volt)
<a_35><b_170><c_107> :: ids=[218] :: fam=ventilation_fan :: Phresh Duct Silencer 8 in x 24 in"
r693_gain_vs_original_at10,2987,gauge_meter,181,"AcuRite 00613 Humidity Monitor with Indoor Thermometer, Digital Hygrometer and Humidity Gauge Indicator",19.0,10.0,hit@10,1,1,"<a_104><b_186><c_66> :: ids=[84] :: fam=gauge_meter :: Neiko 01409A Electronic Digital Caliper with Extra Large LCD Screen | 0 - 12 Inches | Inch/Fractions/Millimeter Conversion
<a_15><b_155><c_49> :: ids=[98] :: fam=metadata_placeholder :: Industrial & Scientific"" />
<a_193><b_97><c_87> :: ids=[33] :: fam=other :: Bessey BV-NVJ Multi-Purpose Vise Jaws (Jaws Only)
<a_193><b_203><c_191> :: ids=[1255] :: fam=other :: SE 82331TF 30-Piece Set of Titanium-Coated Diamond Burrs, Grits 120-150
<a_193><b_5><c_106> :: ids=[341] :: fam=other :: Neiko 11108A 4.5&rdquo; x 7/8-Inch Aluminum Oxide Flap Disc, 80 Grit | Flat Type #27 | 10-Pack","<a_197><b_173><c_161> :: ids=[84] :: fam=gauge_meter :: Neiko 01409A Electronic Digital Caliper with Extra Large LCD Screen | 0 - 12 Inches | Inch/Fractions/Millimeter Conversion
<a_197><b_173><c_237> :: ids=[2501] :: fam=gauge_meter :: TruePower 04-0446 Stainless Steel Digital Vernier Caliper with Inch Fractions/Decimal SAE/Metric Unit Display & Conversion, 6
<a_197><b_248><c_161> :: ids=[85] :: fam=other :: TEKTON 7169 0-1-Inch Dial Indicator
<a_151><b_40><c_94> :: ids=[78] :: fam=other :: PSI LCENTLT2 No. 2MT Heavy Duty Live Tailstock Center
<a_80><b_233><c_186> :: ids=[87] :: fam=other :: Wixey WR510 Digital Planer Readout with Fractions"
r693_gain_vs_original_at10,3103,gauge_meter,181,"AcuRite 00613 Humidity Monitor with Indoor Thermometer, Digital Hygrometer and Humidity Gauge Indicator",11.0,10.0,hit@10,1,2,"<a_210><b_156><c_39> :: ids=[119] :: fam=other :: Rubbermaid Commercial BRUTE Heavy-Duty Round Waste/Utility Container with Venting Channels, 20-gallon, Gray (FG262000GRAY)
<a_210><b_148><c_205> :: ids=[3409] :: fam=ventilation_fan :: Rubbermaid Commercial Products BRUTE Heavy-Duty Round Waste/Utility Lid for 20-Gallon Container, White (FG261960WHT)
<a_210><b_156><c_215> :: ids=[526] :: fam=ventilation_fan :: Rubbermaid Commercial Products FG263100GRAY Rubbermaid Commercial Round Brute Container Lid, Gray, 32G
<a_210><b_156><c_143> :: ids=[2089] :: fam=ventilation_fan :: Rubbermaid Commercial Products 1779699 BRUTE Heavy-Duty Round Trash/Garbage Can, 10-Gallon, Blue
<a_210><b_156><c_68> :: ids=[2905] :: fam=other :: Rubbermaid Commercial Vented BRUTE Trash&nbsp; Can Lid, 10 Gallon, Gray","<a_90><b_109><c_185> :: ids=[119] :: fam=other :: Rubbermaid Commercial BRUTE Heavy-Duty Round Waste/Utility Container with Venting Channels, 20-gallon, Gray (FG262000GRAY)
<a_90><b_109><c_107> :: ids=[1607] :: fam=ventilation_fan :: Rubbermaid Commercial Products Slim Jim Trash Can Waste Receptacle with Venting Channels, 23 Gallons, Gray (FG354060GRAY)
<a_90><b_241><c_8> :: ids=[3409] :: fam=ventilation_fan :: Rubbermaid Commercial Products BRUTE Heavy-Duty Round Waste/Utility Lid for 20-Gallon Container, White (FG261960WHT)
<a_90><b_241><c_3> :: ids=[526] :: fam=ventilation_fan :: Rubbermaid Commercial Products FG263100GRAY Rubbermaid Commercial Round Brute Container Lid, Gray, 32G
<a_90><b_109><c_212> :: ids=[2089] :: fam=ventilation_fan :: Rubbermaid Commercial Products 1779699 BRUTE Heavy-Duty Round Trash/Garbage Can, 10-Gallon, Blue"
r693_gain_vs_original_at10,3211,gauge_meter,181,"AcuRite 00613 Humidity Monitor with Indoor Thermometer, Digital Hygrometer and Humidity Gauge Indicator",11.0,4.0,hit@10,1,2,"<a_104><b_251><c_25> :: ids=[415] :: fam=other :: Miller Electric 229895 Gage, Wire Metal Sizes
<a_15><b_155><c_49> :: ids=[98] :: fam=metadata_placeholder :: Industrial & Scientific"" />
<a_165><b_59><c_69> :: ids=[675] :: fam=adhesive_epoxy :: J-B Weld 8265S Original Cold-Weld Steel Reinforced Epoxy - 2 oz.
<a_24><b_132><c_34> :: ids=[570] :: fam=other :: Bissell 9595A CleanView Bagless Vacuum with OnePass
<a_15><b_206><c_230> :: ids=[54] :: fam=metadata_placeholder :: Industrial & Scientific"" />","<a_197><b_130><c_6> :: ids=[415] :: fam=other :: Miller Electric 229895 Gage, Wire Metal Sizes
<a_197><b_173><c_161> :: ids=[84] :: fam=gauge_meter :: Neiko 01409A Electronic Digital Caliper with Extra Large LCD Screen | 0 - 12 Inches | Inch/Fractions/Millimeter Conversion
<a_31><b_235><c_13> :: ids=[1210] :: fam=tape :: Sparco Sealing Tape Transparent Heavy Duty, 48mm x 50m, 6 Rolls (60041)
<a_190><b_103><c_0> :: ids=[181, 182] :: fam=gauge_meter :: AcuRite 00613 Humidity Monitor with Indoor Thermometer, Digital Hygrometer and Humidity Gauge Indicator / AcuRite 00613 Humidity Monitor with Indoor Thermometer, Digital Hygrometer
<a_92><b_110><c_254> :: ids=[1042] :: fam=other :: uxcell Mandrel Mounted White Conical Felt Point Polishing Tool"
r693_gain_vs_original_at10,3491,gauge_meter,159,"Etekcity Lasergrip 774 Non-contact Digital Laser Infrared Thermometer Temperature Gun -58~ 716 (-50 ~ 380), Yellow and Black",20.0,2.0,hit@10,1,1,"<a_107><b_93><c_0> :: ids=[181, 182] :: fam=gauge_meter :: AcuRite 00613 Humidity Monitor with Indoor Thermometer, Digital Hygrometer and Humidity Gauge Indicator / AcuRite 00613 Humidity Monitor with Indoor Thermometer, Digital Hygrometer
<a_109><b_74><c_57> :: ids=[218] :: fam=ventilation_fan :: Phresh Duct Silencer 8 in x 24 in
<a_107><b_135><c_157> :: ids=[2745] :: fam=other :: HM Digital 1000ppm TDS Calibration Solution
<a_229><b_166><c_29> :: ids=[2368] :: fam=other :: Hydrion S/r Dispenser 0.0-6.0 Ph Range 96 - 15 Ft Roll w/ Color Chart/ Dispenser
<a_229><b_95><c_222> :: ids=[805] :: fam=other :: American Weigh Scales 200WGT Carbon Steel 200gm Calibration Weight Scale with Chrome Finish","<a_190><b_103><c_0> :: ids=[181, 182] :: fam=gauge_meter :: AcuRite 00613 Humidity Monitor with Indoor Thermometer, Digital Hygrometer and Humidity Gauge Indicator / AcuRite 00613 Humidity Monitor with Indoor Thermometer, Digital Hygrometer
<a_190><b_185><c_201> :: ids=[159] :: fam=gauge_meter :: Etekcity Lasergrip 774 Non-contact Digital Laser Infrared Thermometer Temperature Gun -58~ 716 (-50 ~ 380), Yellow and Black
<a_35><b_85><c_71> :: ids=[2938] :: fam=ventilation_fan :: VenTech VT DUCT-6 VTD625 Aluminum Duct for Ventilation Ducting, 6''
<a_190><b_64><c_29> :: ids=[819] :: fam=3d_filament :: Inkbird ITC-1000 Dual Stage Digital Temperature Controller Fahrenheit  Celsius Thermostat with Sensor for 3D Printer,Freezer,Fridge,Hatching ect (12 Volt)
<a_35><b_170><c_107> :: ids=[218] :: fam=ventilation_fan :: Phresh Duct Silencer 8 in x 24 in"
r693_gain_vs_original_at10,89,gauge_meter,181,"AcuRite 00613 Humidity Monitor with Indoor Thermometer, Digital Hygrometer and Humidity Gauge Indicator",24.0,2.0,hit@10,0,0,"<a_71><b_81><c_211> :: ids=[512] :: fam=other :: Highland (9002900) Fat Strap Bungee Cord Assortment - 6 Piece
<a_71><b_225><c_89> :: ids=[794] :: fam=other :: Keeper (07512) Koastal 12' x 1-1/2"" Lashing Strap with Protective Cover, (Pack of 2)
<a_71><b_44><c_232> :: ids=[1619] :: fam=fastener :: Round Spacer, Aluminum, Plain Finish, #10 Screw Size, 3/8"" OD, 0.192"" ID, 1/8"" Length, Made in US (Pack of 10)
<a_224><b_81><c_180> :: ids=[37] :: fam=other :: The Hillman Group 591521 Small Flat and Lock Washer Assortment, 270-Pack
<a_71><b_69><c_199> :: ids=[495] :: fam=other :: National Hardware S819-841 CD8377 51 Piece Peg Board Hook Kit in Zinc","<a_32><b_152><c_219> :: ids=[1193] :: fam=other :: Forney 70451 Wire Rope, Vinyl Coated Aircraft Cable, 250-Feet-by 3/32-Inch thru 3/16-Inch
<a_190><b_103><c_0> :: ids=[181, 182] :: fam=gauge_meter :: AcuRite 00613 Humidity Monitor with Indoor Thermometer, Digital Hygrometer and Humidity Gauge Indicator / AcuRite 00613 Humidity Monitor with Indoor Thermometer, Digital Hygrometer
<a_32><b_253><c_135> :: ids=[1184] :: fam=other :: Keeper Foot x 2 Inch 02612 6' x 2"" Lift Sling
<a_197><b_173><c_161> :: ids=[84] :: fam=gauge_meter :: Neiko 01409A Electronic Digital Caliper with Extra Large LCD Screen | 0 - 12 Inches | Inch/Fractions/Millimeter Conversion
<a_209><b_200><c_227> :: ids=[352] :: fam=other :: General Tools 1261-4 1/2-Inch Grommet Refill with 24 Grommets"
r693_gain_vs_original_at10,406,gauge_meter,84,Neiko 01409A Electronic Digital Caliper with Extra Large LCD Screen | 0 - 12 Inches | Inch/Fractions/Millimeter Conversion,,7.0,hit@10,0,2,"<a_107><b_93><c_0> :: ids=[181, 182] :: fam=gauge_meter :: AcuRite 00613 Humidity Monitor with Indoor Thermometer, Digital Hygrometer and Humidity Gauge Indicator / AcuRite 00613 Humidity Monitor with Indoor Thermometer, Digital Hygrometer
<a_107><b_42><c_17> :: ids=[769] :: fam=gauge_meter :: Nubee Temperature Gun Non-contact Digital Laser Infrared IR Thermometer
<a_228><b_113><c_68> :: ids=[152] :: fam=connector_fitting :: Camco 4ft TastePURE Drinking Water Hose - Lead and BPA Free, Reinforced for Maximum Kink Resistance,  1/2""Inner Diameter (22763)
<a_165><b_59><c_69> :: ids=[675] :: fam=adhesive_epoxy :: J-B Weld 8265S Original Cold-Weld Steel Reinforced Epoxy - 2 oz.
<a_107><b_90><c_50> :: ids=[338] :: fam=gauge_meter :: Etekcity Lasergrip 1080 Non-Contact Digital Laser Infrared Thermometer Temperature Gun -58~1022 (-50550), Yellow and Black","<a_190><b_103><c_0> :: ids=[181, 182] :: fam=gauge_meter :: AcuRite 00613 Humidity Monitor with Indoor Thermometer, Digital Hygrometer and Humidity Gauge Indicator / AcuRite 00613 Humidity Monitor with Indoor Thermometer, Digital Hygrometer
<a_193><b_130><c_174> :: ids=[926] :: fam=other :: Dap 00272 Original Contact Cement Qt Raw Building Material, Tan
<a_185><b_2><c_12> :: ids=[123] :: fam=other :: Red Devil 0325 Steel Wool, 2 Medium Course, 8 Pads
<a_124><b_153><c_37> :: ids=[675] :: fam=adhesive_epoxy :: J-B Weld 8265S Original Cold-Weld Steel Reinforced Epoxy - 2 oz.
<a_78><b_228><c_74> :: ids=[172] :: fam=adhesive_epoxy :: Gorilla Super Glue Gel, 15 Gram, Clear"
r693_gain_vs_original_at10,928,gauge_meter,84,Neiko 01409A Electronic Digital Caliper with Extra Large LCD Screen | 0 - 12 Inches | Inch/Fractions/Millimeter Conversion,,4.0,hit@10,0,0,"<a_244><b_55><c_46> :: ids=[561] :: fam=other :: GREAT STUFF Gaps & Cracks 20 oz Insulating Foam Sealant
<a_67><b_156><c_55> :: ids=[214] :: fam=connector_fitting :: 520 Piece Electrical Terminal Assortment with Storage Box
<a_244><b_112><c_232> :: ids=[926] :: fam=other :: Dap 00272 Original Contact Cement Qt Raw Building Material, Tan
<a_244><b_177><c_9> :: ids=[624] :: fam=other :: Red Devil 0637 12 Pack 10.1 oz. Blacktop Acrylic Repair Sealant, Black
<a_71><b_201><c_34> :: ids=[1286] :: fam=other :: Accessbuy 180-Piece Rubber Grommet Shop Assortment","<a_190><b_103><c_0> :: ids=[181, 182] :: fam=gauge_meter :: AcuRite 00613 Humidity Monitor with Indoor Thermometer, Digital Hygrometer and Humidity Gauge Indicator / AcuRite 00613 Humidity Monitor with Indoor Thermometer, Digital Hygrometer
<a_109><b_114><c_135> :: ids=[176] :: fam=other :: URBEST 530 Pcs 2:1 Heat Shrink Tubing Tube Sleeving Wrap Cable Wire 5 Color 8 Size
<a_40><b_18><c_9> :: ids=[521] :: fam=connector_fitting :: Gardner Bender 19-001 WireGard Screw-On Wire Connectors, 22-16 AWG, Electrical Wire Nut, 14 pk, Grey
<a_197><b_173><c_161> :: ids=[84] :: fam=gauge_meter :: Neiko 01409A Electronic Digital Caliper with Extra Large LCD Screen | 0 - 12 Inches | Inch/Fractions/Millimeter Conversion
<a_31><b_28><c_220> :: ids=[711] :: fam=tape :: 3M Scotch #35 Electrical Tape Value Pack (10457NA)"
r693_gain_vs_original_at10,1411,gauge_meter,84,Neiko 01409A Electronic Digital Caliper with Extra Large LCD Screen | 0 - 12 Inches | Inch/Fractions/Millimeter Conversion,,3.0,hit@10,0,1,"<a_107><b_93><c_0> :: ids=[181, 182] :: fam=gauge_meter :: AcuRite 00613 Humidity Monitor with Indoor Thermometer, Digital Hygrometer and Humidity Gauge Indicator / AcuRite 00613 Humidity Monitor with Indoor Thermometer, Digital Hygrometer
<a_15><b_155><c_49> :: ids=[98] :: fam=metadata_placeholder :: Industrial & Scientific"" />
<a_87><b_238><c_111> :: ids=[1345] :: fam=other :: POWERTEC 17000 Workbench Caster Kit (Pack of 4)
<a_71><b_242><c_21> :: ids=[42] :: fam=connector_fitting :: Precision Brand M6S Micro Seal, Miniature All Stainless Worm Gear Hose Clamp, 5/16"" - 7/8"" (Pack of 10)
<a_202><b_82><c_207> :: ids=[2871] :: fam=tape :: 3M 468MP Adhesive Transfer Tape, 4"" width x 5yd length (1 roll)","<a_90><b_21><c_8> :: ids=[847] :: fam=other :: Hi-Lift Jack ORB Off-Road Base
<a_190><b_103><c_0> :: ids=[181, 182] :: fam=gauge_meter :: AcuRite 00613 Humidity Monitor with Indoor Thermometer, Digital Hygrometer and Humidity Gauge Indicator / AcuRite 00613 Humidity Monitor with Indoor Thermometer, Digital Hygrometer
<a_197><b_173><c_161> :: ids=[84] :: fam=gauge_meter :: Neiko 01409A Electronic Digital Caliper with Extra Large LCD Screen | 0 - 12 Inches | Inch/Fractions/Millimeter Conversion
<a_90><b_183><c_3> :: ids=[56] :: fam=other :: RhinoGear 11909ABMI RhinoRamps Vehicle Ramp - Set of 2 (12,000lb. GVW Capacity)
<a_90><b_5><c_229> :: ids=[1345] :: fam=other :: POWERTEC 17000 Workbench Caster Kit (Pack of 4)"
r693_gain_vs_original_at10,2177,gauge_meter,181,"AcuRite 00613 Humidity Monitor with Indoor Thermometer, Digital Hygrometer and Humidity Gauge Indicator",,2.0,hit@10,0,1,"<a_17><b_57><c_0> :: ids=[1243] :: fam=other :: Parafilm M Roll, 125' Length x 4"" Width
<a_206><b_57><c_46> :: ids=[149] :: fam=other :: Syrtenty TENS Unit Electrodes Pads 2x2 20 Pcs Replacement Pads Electrode Patches For Electrotherapy
<a_206><b_145><c_160> :: ids=[1365] :: fam=other :: Karter Scientific 210P2 Safety Wash Bottle, Narrow Mouth, 500 mL Capacity, Polypropylene/Plastic (Pack of 6)
<a_94><b_35><c_31> :: ids=[148] :: fam=other :: Plastic Transfer Pipettes 3ml, Graduated, Pack of 100
<a_94><b_166><c_155> :: ids=[560] :: fam=test_strip :: Litmus pH Test Strips, Universal Application (pH 1-14), 2 Packs of 100 Strips","<a_148><b_162><c_3> :: ids=[385] :: fam=other :: Eclectic Supply B36-24 Cobalt Glass Bottles with Glass Eye Dropper, 1 oz Capacity, Blue (Pack of 24)
<a_190><b_103><c_0> :: ids=[181, 182] :: fam=gauge_meter :: AcuRite 00613 Humidity Monitor with Indoor Thermometer, Digital Hygrometer and Humidity Gauge Indicator / AcuRite 00613 Humidity Monitor with Indoor Thermometer, Digital Hygrometer
<a_190><b_185><c_201> :: ids=[159] :: fam=gauge_meter :: Etekcity Lasergrip 774 Non-contact Digital Laser Infrared Thermometer Temperature Gun -58~ 716 (-50 ~ 380), Yellow and Black
<a_190><b_64><c_29> :: ids=[819] :: fam=3d_filament :: Inkbird ITC-1000 Dual Stage Digital Temperature Controller Fahrenheit  Celsius Thermostat with Sensor for 3D Printer,Freezer,Fridge,Hatching ect (12 Volt)
<a_31><b_208><c_41> :: ids=[125] :: fam=tape :: Gorilla 6100101 Tape Handy Roll, 1-Pack, Black"
r693_gain_vs_original_at10,2235,gauge_meter,266,"iGaging ABSOLUTE ORIGIN 0-6"" Digital Electronic Caliper - IP54 Protection/Extreme Accuracy",,8.0,hit@10,0,1,"<a_193><b_53><c_235> :: ids=[1069] :: fam=other :: Wilton 11694 4-Inch Cross Slide Drill Press Vise
<a_193><b_53><c_14> :: ids=[1068] :: fam=other :: Wilton 11744 4-Inch Low Profile Drill Press Vise
<a_193><b_53><c_255> :: ids=[441] :: fam=other :: Wilton 69997 4-Inch Drill Press Vise With Stationary Base, 1 -Pack
<a_173><b_93><c_124> :: ids=[40] :: fam=other :: Forney 20859 Cutting Fluid, Industrial Pro Tap Magic, 1-Gallon
<a_193><b_5><c_106> :: ids=[341] :: fam=other :: Neiko 11108A 4.5&rdquo; x 7/8-Inch Aluminum Oxide Flap Disc, 80 Grit | Flat Type #27 | 10-Pack","<a_197><b_173><c_161> :: ids=[84] :: fam=gauge_meter :: Neiko 01409A Electronic Digital Caliper with Extra Large LCD Screen | 0 - 12 Inches | Inch/Fractions/Millimeter Conversion
<a_73><b_149><c_248> :: ids=[766] :: fam=other :: 3M 05539 Roloc 2"" Disc Pad Assembly
<a_151><b_243><c_1> :: ids=[1069] :: fam=other :: Wilton 11694 4-Inch Cross Slide Drill Press Vise
<a_151><b_40><c_94> :: ids=[78] :: fam=other :: PSI LCENTLT2 No. 2MT Heavy Duty Live Tailstock Center
<a_197><b_153><c_111> :: ids=[86] :: fam=gauge_meter :: Science Purchase 0604CAL6$ Stainless Steel Electronic LCD Digital Vernier Caliper Gauge Micrometer with Carrying Case, 6"", Silver"
r693_gain_vs_original_at10,3002,gauge_meter,181,"AcuRite 00613 Humidity Monitor with Indoor Thermometer, Digital Hygrometer and Humidity Gauge Indicator",20.0,3.0,hit@10,0,0,"<a_206><b_120><c_196> :: ids=[72] :: fam=gauge_meter :: Eagle 1654 Yellow Blow-Molded HDPE Salvage Drum with Metal Ring Lever-Lock Lid, 20 gallon Capacity, 21"" Height, 21"" Diameter
<a_224><b_104><c_4> :: ids=[1862] :: fam=other :: The Hillman Group 370326 Ribbed Plastic Anchor, 4-6-8 X 7/8-Inch, Yellow, 100-Pack
<a_224><b_104><c_43> :: ids=[569] :: fam=fastener :: Ribbed Plastic Drywall Anchor Kit with Screws and Masonry Drill Bit, #10-12 x 1
<a_173><b_93><c_124> :: ids=[40] :: fam=other :: Forney 20859 Cutting Fluid, Industrial Pro Tap Magic, 1-Gallon
<a_193><b_203><c_191> :: ids=[1255] :: fam=other :: SE 82331TF 30-Piece Set of Titanium-Coated Diamond Burrs, Grits 120-150","<a_235><b_219><c_51> :: ids=[914] :: fam=fastener :: The Hillman Group 591518 Small Machine Screws with Nuts Assortment, 195-Pack
<a_211><b_154><c_68> :: ids=[513] :: fam=other :: Kimberly-Clark Professional Kimtech Science KimWipes Delicate Task Wipers, 4.4 x 8.4 in. 1-ply
<a_190><b_103><c_0> :: ids=[181, 182] :: fam=gauge_meter :: AcuRite 00613 Humidity Monitor with Indoor Thermometer, Digital Hygrometer and Humidity Gauge Indicator / AcuRite 00613 Humidity Monitor with Indoor Thermometer, Digital Hygrometer
<a_209><b_33><c_25> :: ids=[577] :: fam=other :: Neiko 50458A Snap Ring Shop Assortment, 300 Count | 18 Sizes (1/8"" - 1-1/4"") | Hardened Steel
<a_70><b_161><c_73> :: ids=[2084] :: fam=gauge_meter :: Eagle 1610MB Blue High Density Polyethylene Lab Pack Drum with Metal Lever-lock Lid, 14 gallon Capacity, 26.5"" Height, 15"" Diameter"
r693_gain_vs_original_at10,3999,gauge_meter,266,"iGaging ABSOLUTE ORIGIN 0-6"" Digital Electronic Caliper - IP54 Protection/Extreme Accuracy",,10.0,hit@10,0,0,"<a_17><b_180><c_0> :: ids=[2094] :: fam=gauge_meter :: Fowler 54-101-150-2 Xtra-Value Cal Electronic Caliper, Stainless Steel, 0 to 6""/0 to 150mm Measuring Range, 0.0005""/0.01mm Resolution, LCD
<a_153><b_68><c_107> :: ids=[306] :: fam=other :: RADEX RD1212 Advanced Radiation Detector/Geiger Counter with Online Software
<a_153><b_61><c_214> :: ids=[3300] :: fam=other :: Lightobject ETC-JLD612-A Dual Display PID Temperature Controller
<a_36><b_64><c_122> :: ids=[1466] :: fam=other :: Seek Thermal Compact Imager for iOS-Apple
<a_153><b_115><c_7> :: ids=[963] :: fam=other :: Yellow Jacket 78060 Complete Test Kit, 0-35"" W.C","<a_243><b_59><c_133> :: ids=[876] :: fam=gauge_meter :: Mitutoyo 500-196-30 Advanced Onsite Sensor (AOS) Absolute Scale Digital Caliper, 0 to 6""/0 to 150mm Measuring Range, 0.0005""/0.01mm Resolution, LCD
<a_197><b_173><c_161> :: ids=[84] :: fam=gauge_meter :: Neiko 01409A Electronic Digital Caliper with Extra Large LCD Screen | 0 - 12 Inches | Inch/Fractions/Millimeter Conversion
<a_190><b_64><c_29> :: ids=[819] :: fam=3d_filament :: Inkbird ITC-1000 Dual Stage Digital Temperature Controller Fahrenheit  Celsius Thermostat with Sensor for 3D Printer,Freezer,Fridge,Hatching ect (12 Volt)
<a_243><b_59><c_20> :: ids=[961] :: fam=other :: Fluke TL71 Premium Test Lead Set, Right Angle
<a_31><b_155><c_192> :: ids=[168] :: fam=tape :: Scotch Super 33+ Vinyl Electrical Tape, 3/4 in x 66 ft"
r693_gain_vs_original_at10,84,other,959,"American Weigh Scales Calibration Weight Kit WGHTKIT, Class M2",11.0,8.0,hit@10,1,2,"<a_107><b_93><c_0> :: ids=[181, 182] :: fam=gauge_meter :: AcuRite 00613 Humidity Monitor with Indoor Thermometer, Digital Hygrometer and Humidity Gauge Indicator / AcuRite 00613 Humidity Monitor with Indoor Thermometer, Digital Hygrometer
<a_109><b_74><c_57> :: ids=[218] :: fam=ventilation_fan :: Phresh Duct Silencer 8 in x 24 in
<a_107><b_90><c_50> :: ids=[338] :: fam=gauge_meter :: Etekcity Lasergrip 1080 Non-Contact Digital Laser Infrared Thermometer Temperature Gun -58~1022 (-50550), Yellow and Black
<a_229><b_95><c_222> :: ids=[805] :: fam=other :: American Weigh Scales 200WGT Carbon Steel 200gm Calibration Weight Scale with Chrome Finish
<a_228><b_79><c_40> :: ids=[2938] :: fam=ventilation_fan :: VenTech VT DUCT-6 VTD625 Aluminum Duct for Ventilation Ducting, 6''","<a_190><b_103><c_0> :: ids=[181, 182] :: fam=gauge_meter :: AcuRite 00613 Humidity Monitor with Indoor Thermometer, Digital Hygrometer and Humidity Gauge Indicator / AcuRite 00613 Humidity Monitor with Indoor Thermometer, Digital Hygrometer
<a_190><b_185><c_201> :: ids=[159] :: fam=gauge_meter :: Etekcity Lasergrip 774 Non-contact Digital Laser Infrared Thermometer Temperature Gun -58~ 716 (-50 ~ 380), Yellow and Black
<a_35><b_170><c_107> :: ids=[218] :: fam=ventilation_fan :: Phresh Duct Silencer 8 in x 24 in
<a_35><b_85><c_71> :: ids=[2938] :: fam=ventilation_fan :: VenTech VT DUCT-6 VTD625 Aluminum Duct for Ventilation Ducting, 6''
<a_153><b_222><c_166> :: ids=[1834] :: fam=other :: General Hydroponics Ph 7.0 Calibration Solution - 8 Ounces, 1 bottle"
r693_gain_vs_original_at10,102,other,2907,RotoMetals GA100 Gallium 100 Grams,,9.0,hit@10,1,2,"<a_14><b_182><c_228> :: ids=[475] :: fam=other :: Learning Resources Skeleton Model
<a_180><b_218><c_166> :: ids=[342] :: fam=other :: Omron Sprague Rappaport Stethoscope, Black
<a_180><b_226><c_22> :: ids=[1686] :: fam=other :: econoLED 10M 30ft USB Waterproof Endoscope Borescope Inspection Camera Pibe Locator
<a_229><b_238><c_126> :: ids=[959] :: fam=other :: American Weigh Scales Calibration Weight Kit WGHTKIT, Class M2
<a_180><b_41><c_58> :: ids=[1531] :: fam=other :: Prestige Medical Fluoride Scissor, Black, 7 1/2 Inch","<a_102><b_136><c_47> :: ids=[475] :: fam=other :: Learning Resources Skeleton Model
<a_225><b_59><c_100> :: ids=[342] :: fam=other :: Omron Sprague Rappaport Stethoscope, Black
<a_17><b_5><c_140> :: ids=[1532] :: fam=other :: First Voice TS-3183 Sterile Self-Adherent Stretch Sensi-Wrap Bandage, 5 yds Length x 3"" Width (Pack of 10)
<a_225><b_186><c_26> :: ids=[2049] :: fam=other :: 500 qty 3/8"" Inch Steel Shot Slingshot Ammo Balls
<a_211><b_154><c_68> :: ids=[513] :: fam=other :: Kimberly-Clark Professional Kimtech Science KimWipes Delicate Task Wipers, 4.4 x 8.4 in. 1-ply"
r693_gain_vs_original_at10,661,other,406,"Hillman 830502 Flat Washer, Stainless-Steel",,4.0,hit@10,1,2,"<a_224><b_81><c_180> :: ids=[37] :: fam=other :: The Hillman Group 591521 Small Flat and Lock Washer Assortment, 270-Pack
<a_108><b_76><c_55> :: ids=[507] :: fam=other :: Stainless Flat Washers 1/4 Inch, 304 Stainless Steel, 100 pieces (1/4 Flat Washer) by ""Chenango Supply Co., Inc.
<a_224><b_77><c_43> :: ids=[914] :: fam=fastener :: The Hillman Group 591518 Small Machine Screws with Nuts Assortment, 195-Pack
<a_224><b_195><c_115> :: ids=[506] :: fam=fastener :: Stainless 1/4-20 Hex Nuts, USS Coarse Thread, 304 Stainless Steel, 100 pieces (1/4 Hex Nuts)
<a_224><b_81><c_234> :: ids=[571] :: fam=fastener :: The Hillman Group 591516 Small Anchors with Screws Assortment, 95-Pack","<a_235><b_239><c_31> :: ids=[506] :: fam=fastener :: Stainless 1/4-20 Hex Nuts, USS Coarse Thread, 304 Stainless Steel, 100 pieces (1/4 Hex Nuts)
<a_68><b_5><c_24> :: ids=[37] :: fam=other :: The Hillman Group 591521 Small Flat and Lock Washer Assortment, 270-Pack
<a_68><b_85><c_138> :: ids=[3229] :: fam=other :: 100 qty 1/4"" Stainless Steel Flat Washers (18-8 Stainless)
<a_68><b_231><c_185> :: ids=[406] :: fam=other :: Hillman 830502 Flat Washer, Stainless-Steel
<a_68><b_85><c_58> :: ids=[841] :: fam=other :: Stainlesstown K18FWC Stainless Steel Flat Washer Assortment Kit"
r693_gain_vs_original_at10,864,other,176,URBEST 530 Pcs 2:1 Heat Shrink Tubing Tube Sleeving Wrap Cable Wire 5 Color 8 Size,,9.0,hit@10,1,2,"<a_107><b_93><c_0> :: ids=[181, 182] :: fam=gauge_meter :: AcuRite 00613 Humidity Monitor with Indoor Thermometer, Digital Hygrometer and Humidity Gauge Indicator / AcuRite 00613 Humidity Monitor with Indoor Thermometer, Digital Hygrometer
<a_107><b_135><c_157> :: ids=[2745] :: fam=other :: HM Digital 1000ppm TDS Calibration Solution
<a_107><b_133><c_57> :: ids=[620] :: fam=gauge_meter :: Nubee Non-Contact Digital Laser Infrared Thermometer Temperature Gun -58 &deg;F - 1022&deg;F(-50&deg;C - 550&deg;C) MAX Display, EMS Adjustable Function, Orange
<a_109><b_74><c_57> :: ids=[218] :: fam=ventilation_fan :: Phresh Duct Silencer 8 in x 24 in
<a_107><b_183><c_251> :: ids=[2321] :: fam=other :: HM Digital C342 TDS and EC Calibration Solution, 342 ppm (NaCl), 90 ml Volume","<a_190><b_103><c_0> :: ids=[181, 182] :: fam=gauge_meter :: AcuRite 00613 Humidity Monitor with Indoor Thermometer, Digital Hygrometer and Humidity Gauge Indicator / AcuRite 00613 Humidity Monitor with Indoor Thermometer, Digital Hygrometer
<a_190><b_185><c_201> :: ids=[159] :: fam=gauge_meter :: Etekcity Lasergrip 774 Non-contact Digital Laser Infrared Thermometer Temperature Gun -58~ 716 (-50 ~ 380), Yellow and Black
<a_35><b_170><c_107> :: ids=[218] :: fam=ventilation_fan :: Phresh Duct Silencer 8 in x 24 in
<a_193><b_49><c_201> :: ids=[1957] :: fam=adhesive_epoxy :: Devcon Epoxy Bathtub Repair Kit (Almond & White)
<a_35><b_85><c_71> :: ids=[2938] :: fam=ventilation_fan :: VenTech VT DUCT-6 VTD625 Aluminum Duct for Ventilation Ducting, 6''"
r693_gain_vs_original_at10,960,other,513,"Kimberly-Clark Professional Kimtech Science KimWipes Delicate Task Wipers, 4.4 x 8.4 in. 1-ply",,10.0,hit@10,1,1,"<a_94><b_189><c_188> :: ids=[2254] :: fam=other :: Glass Erlenmeyer Flask Set - 3 Sizes - 50, 150 and 250ml, Karter Scientific 214U2
<a_94><b_173><c_215> :: ids=[2289] :: fam=other :: 60 Tube - 16x150mm Clear Plastic Test Tube Set with Caps and Rack
<a_94><b_35><c_31> :: ids=[148] :: fam=other :: Plastic Transfer Pipettes 3ml, Graduated, Pack of 100
<a_94><b_36><c_130> :: ids=[2323] :: fam=other :: 10 Pack - 20x150mm Pyrex Glass Test Tubes with Rubber Stoppers New
<a_94><b_166><c_155> :: ids=[560] :: fam=test_strip :: Litmus pH Test Strips, Universal Application (pH 1-14), 2 Packs of 100 Strips","<a_153><b_27><c_240> :: ids=[560] :: fam=test_strip :: Litmus pH Test Strips, Universal Application (pH 1-14), 2 Packs of 100 Strips
<a_81><b_167><c_6> :: ids=[148] :: fam=other :: Plastic Transfer Pipettes 3ml, Graduated, Pack of 100
<a_148><b_99><c_29> :: ids=[1956] :: fam=other :: Karter Scientific Glass Flask 5 Piece Set, Narrow Mouth Erlenmeyer, Borosilicate 3.3 Glass - 50ml, 150ml, 250ml, 500ml, 1L, 213B2
<a_81><b_169><c_254> :: ids=[232] :: fam=other :: Karter Scientific 213A2 Borosilicate Glass Low Form Glass Beaker, 50/100/250/500/1000 mL (Pack of 5)
<a_81><b_251><c_126> :: ids=[2254] :: fam=other :: Glass Erlenmeyer Flask Set - 3 Sizes - 50, 150 and 250ml, Karter Scientific 214U2"
r693_gain_vs_original_at10,984,other,1820,Uxcell a14041800ux1143 25Pcs Double Sided Protoboard Prototyping Pcb Board 4cm x 6cm,,4.0,hit@10,1,1,"<a_30><b_229><c_164> :: ids=[1602] :: fam=other :: STMicroelectronics L7805CV 5V 1.5A Positive Voltage Regulator, 5 Pieces
<a_223><b_160><c_251> :: ids=[2477] :: fam=3d_filament :: BAMtack! 1.75mm Black PLA 3D Printer Filament - 1kg (2.2 lbs) - Dimensional Accuracy +/- 0.03mm
<a_223><b_59><c_60> :: ids=[563] :: fam=3d_filament :: Foreasy 3D Printer Tool 3D Print Removal Tool Enhanced Version Set of 2
<a_73><b_58><c_117> :: ids=[2229] :: fam=other :: Uxcell a11093000ux0385 10x 8 Pin DIP IC Sockets Adaptor Solder Type Socket
<a_30><b_149><c_83> :: ids=[3415] :: fam=other :: Function Generator DIY KIT by JYE Tech FG085","<a_193><b_46><c_91> :: ids=[563] :: fam=3d_filament :: Foreasy 3D Printer Tool 3D Print Removal Tool Enhanced Version Set of 2
<a_126><b_141><c_197> :: ids=[2631] :: fam=other :: Addicore 1 Pack ATmega328P-PU DIP-28 Chip with Arduino Uno Bootloader and Addicore Pinout Sticker
<a_134><b_254><c_47> :: ids=[145] :: fam=other :: Marrywindix 6pcs ESD Precision Anti-Static Tweezers, Tweezers Stainless Steel Tweezers with a Bag for Electronics Jewelry-Making Repairing
<a_126><b_162><c_235> :: ids=[1820] :: fam=other :: Uxcell a14041800ux1143 25Pcs Double Sided Protoboard Prototyping Pcb Board 4cm x 6cm
<a_109><b_17><c_3> :: ids=[1205] :: fam=other :: PEI (Polyetherimide) Sheet, Opaque Off-White, Standard Tolerance, ASTM D5205 PEI0113, 0.03"" Thickness, 12"" Width, 24"" Length"
r693_gain_vs_original_at10,1417,other,582,"Forney 72757 Wire Cup Brush, Knotted with 5/8-Inch-11 Threaded Arbor, 2-3/4-Inch-by-.020-Inch",34.0,8.0,hit@10,1,1,"<a_193><b_42><c_1> :: ids=[831] :: fam=other :: DEWALT DW8062B5 4-1/2-Inch by 0.045-Inch Metal and Stainless Cutting Wheel, 7/8-Inch Arbor, 5-Pack
<a_193><b_178><c_200> :: ids=[1022] :: fam=other :: Forney 72747 Wire Bench Wheel Brush, Fine Crimped with 1/2-Inch and 5/8-Inch Arbor, 6-Inch-by-.008-Inch
<a_193><b_104><c_2> :: ids=[534] :: fam=other :: Century Drill and Tool 76221 Coarse Drill Cup Wire Brush, 2-3/4-Inch
<a_193><b_177><c_105> :: ids=[1115] :: fam=other :: TEKTON 8-Inch Swivel Bench Vise | 54008
<a_193><b_104><c_1> :: ids=[802] :: fam=other :: 4.5"" x 7/8"" Premium Zirconia Flap Discs Grinding Wheels 60 Grit Type 27-10 Pack","<a_243><b_180><c_74> :: ids=[460] :: fam=other :: 4.5"" x 7/8"" Premium Zirconia Flap Disc Grinding Wheel 60 Grit Type 29-10 Pack
<a_238><b_232><c_129> :: ids=[335] :: fam=other :: Dewalt DW8061B5 4 x 0.045 Inch Metal and Stainless Steel Cutting Wheels , 4 Inch by 0.045-Inch
<a_243><b_119><c_238> :: ids=[67] :: fam=gauge_meter :: W1 Tool Steel Round Rod, Polished Finish, Precision Ground, Annealed, 0.0625"" Diameter, 36"" Length
<a_92><b_200><c_192> :: ids=[341] :: fam=other :: Neiko 11108A 4.5&rdquo; x 7/8-Inch Aluminum Oxide Flap Disc, 80 Grit | Flat Type #27 | 10-Pack
<a_238><b_214><c_7> :: ids=[328] :: fam=other :: DEWALT DW4528 4-1/2-Inch by 1/8-Inch by 7/8-Inch Concrete/Masonry Cutting Wheel"
r693_gain_vs_original_at10,1882,other,2793,"First Aid Only Splinter Out, 10 Per Box",,7.0,hit@10,1,1,"<a_150><b_14><c_0> :: ids=[385] :: fam=other :: Eclectic Supply B36-24 Cobalt Glass Bottles with Glass Eye Dropper, 1 oz Capacity, Blue (Pack of 24)
<a_24><b_132><c_34> :: ids=[570] :: fam=other :: Bissell 9595A CleanView Bagless Vacuum with OnePass
<a_107><b_93><c_0> :: ids=[181, 182] :: fam=gauge_meter :: AcuRite 00613 Humidity Monitor with Indoor Thermometer, Digital Hygrometer and Humidity Gauge Indicator / AcuRite 00613 Humidity Monitor with Indoor Thermometer, Digital Hygrometer
<a_165><b_59><c_69> :: ids=[675] :: fam=adhesive_epoxy :: J-B Weld 8265S Original Cold-Weld Steel Reinforced Epoxy - 2 oz.
<a_165><b_107><c_20> :: ids=[257] :: fam=adhesive_epoxy :: Gorilla 5000408  Original Gorilla Glue, Waterproof Polyurethane Glue, 4 ounce Bottle, Brown","<a_17><b_89><c_34> :: ids=[192] :: fam=adhesive_epoxy :: 3M Vetbond Tissue Adhesive, 3ml Bottles w/MSDS
<a_102><b_172><c_248> :: ids=[2827] :: fam=gauge_meter :: Pac-Kit by First Aid Only 21-770 Disposable Thermometer (Box of 10)
<a_190><b_103><c_0> :: ids=[181, 182] :: fam=gauge_meter :: AcuRite 00613 Humidity Monitor with Indoor Thermometer, Digital Hygrometer and Humidity Gauge Indicator / AcuRite 00613 Humidity Monitor with Indoor Thermometer, Digital Hygrometer
<a_138><b_29><c_56> :: ids=[2785] :: fam=other :: Pac-Kit by First Aid Only 13-125 First Aid/Burn Cream, 0.9 gm Packet (Box of 25)
<a_31><b_208><c_41> :: ids=[125] :: fam=tape :: Gorilla 6100101 Tape Handy Roll, 1-Pack, Black"
r693_gain_vs_original_at10,1885,other,2576,"First Aid Only 13-040 First Aid Burn Spray, 4oz Pump Bottle",20.0,6.0,hit@10,1,3,"<a_44><b_200><c_179> :: ids=[2827] :: fam=gauge_meter :: Pac-Kit by First Aid Only 21-770 Disposable Thermometer (Box of 10)
<a_44><b_124><c_167> :: ids=[2793] :: fam=other :: First Aid Only Splinter Out, 10 Per Box
<a_44><b_38><c_230> :: ids=[2404] :: fam=other :: Pac-Kit by First Aid Only 90358 Pour Woundseal Blood Clotting Powder Pack (Box of 2)
<a_122><b_11><c_238> :: ids=[1532] :: fam=other :: First Voice TS-3183 Sterile Self-Adherent Stretch Sensi-Wrap Bandage, 5 yds Length x 3"" Width (Pack of 10)
<a_44><b_128><c_75> :: ids=[1399] :: fam=other :: Ambu Res-Cue Key CPR Mask with Mini Keychain Pouch, Red (Pack of 5)","<a_144><b_91><c_251> :: ids=[2793] :: fam=other :: First Aid Only Splinter Out, 10 Per Box
<a_102><b_172><c_248> :: ids=[2827] :: fam=gauge_meter :: Pac-Kit by First Aid Only 21-770 Disposable Thermometer (Box of 10)
<a_37><b_57><c_235> :: ids=[2406] :: fam=other :: 5 PIECES SCISSORS FORCEPS HEMOSTATS NEEDLE HOLDERS DDP INSTRUMENTS
<a_17><b_89><c_34> :: ids=[192] :: fam=adhesive_epoxy :: 3M Vetbond Tissue Adhesive, 3ml Bottles w/MSDS
<a_37><b_188><c_255> :: ids=[2530] :: fam=other :: Think Safe 1095TS 7"" Trauma Shear"
r693_gain_vs_original_at10,2410,other,281,SE TL10 10-Piece Test Lead Set with Alligator Clips,,5.0,hit@10,1,3,"<a_107><b_93><c_0> :: ids=[181, 182] :: fam=gauge_meter :: AcuRite 00613 Humidity Monitor with Indoor Thermometer, Digital Hygrometer and Humidity Gauge Indicator / AcuRite 00613 Humidity Monitor with Indoor Thermometer, Digital Hygrometer
<a_44><b_200><c_179> :: ids=[2827] :: fam=gauge_meter :: Pac-Kit by First Aid Only 21-770 Disposable Thermometer (Box of 10)
<a_107><b_135><c_157> :: ids=[2745] :: fam=other :: HM Digital 1000ppm TDS Calibration Solution
<a_107><b_133><c_57> :: ids=[620] :: fam=gauge_meter :: Nubee Non-Contact Digital Laser Infrared Thermometer Temperature Gun -58 &deg;F - 1022&deg;F(-50&deg;C - 550&deg;C) MAX Display, EMS Adjustable Function, Orange
<a_44><b_38><c_230> :: ids=[2404] :: fam=other :: Pac-Kit by First Aid Only 90358 Pour Woundseal Blood Clotting Powder Pack (Box of 2)","<a_190><b_103><c_0> :: ids=[181, 182] :: fam=gauge_meter :: AcuRite 00613 Humidity Monitor with Indoor Thermometer, Digital Hygrometer and Humidity Gauge Indicator / AcuRite 00613 Humidity Monitor with Indoor Thermometer, Digital Hygrometer
<a_190><b_185><c_201> :: ids=[159] :: fam=gauge_meter :: Etekcity Lasergrip 774 Non-contact Digital Laser Infrared Thermometer Temperature Gun -58~ 716 (-50 ~ 380), Yellow and Black
<a_109><b_114><c_135> :: ids=[176] :: fam=other :: URBEST 530 Pcs 2:1 Heat Shrink Tubing Tube Sleeving Wrap Cable Wire 5 Color 8 Size
<a_190><b_173><c_203> :: ids=[338] :: fam=gauge_meter :: Etekcity Lasergrip 1080 Non-Contact Digital Laser Infrared Thermometer Temperature Gun -58~1022 (-50550), Yellow and Black
<a_118><b_59><c_100> :: ids=[281] :: fam=other :: SE TL10 10-Piece Test Lead Set with Alligator Clips"
r693_gain_vs_original_at10,3121,other,7,"UltraSource 192033 Hamburger Patty Paper, 5.5"" x 5.5"" (Pack of 1000)",,3.0,hit@10,1,2,"<a_14><b_233><c_0> :: ids=[1249, 1250] :: fam=other :: T-fal C51402 Excite Nonstick Thermo-Spot Dishwasher Safe Oven Safe PFOA Free Fry Pan Cookware, 8-Inch, Red / T-fal C51402 Excite Nonstick Thermo-Spot Dishwasher Safe Oven Safe PFOA
<a_206><b_233><c_23> :: ids=[1009] :: fam=other :: Scott Kimberly-Clark 75190 Shop Towels, 10"" x 12"", Blue
<a_210><b_12><c_10> :: ids=[513] :: fam=other :: Kimberly-Clark Professional Kimtech Science KimWipes Delicate Task Wipers, 4.4 x 8.4 in. 1-ply
<a_180><b_233><c_123> :: ids=[366] :: fam=other :: Lisle 52750 Stethoscope Kit
<a_107><b_93><c_0> :: ids=[181, 182] :: fam=gauge_meter :: AcuRite 00613 Humidity Monitor with Indoor Thermometer, Digital Hygrometer and Humidity Gauge Indicator / AcuRite 00613 Humidity Monitor with Indoor Thermometer, Digital Hygrometer","<a_93><b_19><c_0> :: ids=[1249, 1250] :: fam=other :: T-fal C51402 Excite Nonstick Thermo-Spot Dishwasher Safe Oven Safe PFOA Free Fry Pan Cookware, 8-Inch, Red / T-fal C51402 Excite Nonstick Thermo-Spot Dishwasher Safe Oven Safe PFOA
<a_93><b_19><c_177> :: ids=[1248] :: fam=other :: T-fal C51407 Excite Nonstick Thermo-Spot Dishwasher Safe Oven Safe PFOA Free Fry Pan Cookware, 12-Inch, Red
<a_171><b_161><c_0> :: ids=[7, 8] :: fam=other :: UltraSource 192033 Hamburger Patty Paper, 5.5"" x 5.5"" (Pack of 1000) / UltraSource 192033 Hamburger Patty Paper, 5.5"" x 5.5"" (Pack of 1000)
<a_77><b_20><c_245> :: ids=[2030] :: fam=other :: The Texas Waffle Maker
<a_93><b_41><c_131> :: ids=[1100] :: fam=other :: Trinity TLS-0201 EcoStorage NSF, 48-Inch Stainless Steel Utility Table"
r693_gain_vs_original_at10,3221,other,2793,"First Aid Only Splinter Out, 10 Per Box",,5.0,hit@10,1,2,"<a_165><b_59><c_69> :: ids=[675] :: fam=adhesive_epoxy :: J-B Weld 8265S Original Cold-Weld Steel Reinforced Epoxy - 2 oz.
<a_150><b_14><c_0> :: ids=[385] :: fam=other :: Eclectic Supply B36-24 Cobalt Glass Bottles with Glass Eye Dropper, 1 oz Capacity, Blue (Pack of 24)
<a_24><b_132><c_34> :: ids=[570] :: fam=other :: Bissell 9595A CleanView Bagless Vacuum with OnePass
<a_165><b_107><c_20> :: ids=[257] :: fam=adhesive_epoxy :: Gorilla 5000408  Original Gorilla Glue, Waterproof Polyurethane Glue, 4 ounce Bottle, Brown
<a_165><b_15><c_16> :: ids=[202] :: fam=adhesive_epoxy :: Loctite Liquid Professional Super Glue  20-Gram Bottle (1365882)","<a_77><b_165><c_34> :: ids=[2588] :: fam=other :: Pac-Kit by First Aid Only 4-007 Non-Woven Triangular Bandage with 2 Fastening Hooks, 56"" Length x 40"" Width
<a_17><b_89><c_34> :: ids=[192] :: fam=adhesive_epoxy :: 3M Vetbond Tissue Adhesive, 3ml Bottles w/MSDS
<a_17><b_5><c_140> :: ids=[1532] :: fam=other :: First Voice TS-3183 Sterile Self-Adherent Stretch Sensi-Wrap Bandage, 5 yds Length x 3"" Width (Pack of 10)
<a_102><b_172><c_248> :: ids=[2827] :: fam=gauge_meter :: Pac-Kit by First Aid Only 21-770 Disposable Thermometer (Box of 10)
<a_144><b_91><c_251> :: ids=[2793] :: fam=other :: First Aid Only Splinter Out, 10 Per Box"
r693_gain_vs_original_at10,3570,other,40,"Forney 20859 Cutting Fluid, Industrial Pro Tap Magic, 1-Gallon",,7.0,hit@10,1,3,"<a_251><b_198><c_188> :: ids=[1158] :: fam=gauge_meter :: 6061 Aluminum Round Rod, Unpolished (Mill) Finish, Extruded, T6511 Temper, ASTM B221, 1/2"" Diameter, 24"" Length
<a_17><b_217><c_0> :: ids=[216, 217] :: fam=other :: Ancor Tinned Copper Lugs 8 AWG - 4/0 AWG / Ancor Tinned Copper Lugs 8 AWG - 4/0 AWG
<a_15><b_206><c_230> :: ids=[54] :: fam=metadata_placeholder :: Industrial & Scientific"" />
<a_104><b_186><c_66> :: ids=[84] :: fam=gauge_meter :: Neiko 01409A Electronic Digital Caliper with Extra Large LCD Screen | 0 - 12 Inches | Inch/Fractions/Millimeter Conversion
<a_224><b_153><c_5> :: ids=[2733] :: fam=fastener :: Hilitchi 210pcs M3 Stainless Steel Hex Socket Head Cap Screws Nuts Assortment Kit with Box (M3)","<a_162><b_228><c_221> :: ids=[1158] :: fam=gauge_meter :: 6061 Aluminum Round Rod, Unpolished (Mill) Finish, Extruded, T6511 Temper, ASTM B221, 1/2"" Diameter, 24"" Length
<a_162><b_228><c_177> :: ids=[1157] :: fam=gauge_meter :: 6061 Aluminum Round Rod, Unpolished (Mill) Finish, Extruded, T6511 Temper, ASTM B221, 2"" Diameter, 12"" Length
<a_162><b_228><c_133> :: ids=[1156] :: fam=gauge_meter :: 6061 Aluminum Round Rod, Unpolished (Mill) Finish, Extruded, T6511 Temper, ASTM B221, 1-5/8"" Diameter, 24"" Length
<a_243><b_159><c_162> :: ids=[1125] :: fam=gauge_meter :: 304 Stainless Steel Round Rod, Unpolished (Mill) Finish, Annealed, AMS 5639/ASTM A276/AMS QQ-S 763/ASTM A276, 0.625"" Diameter, 60"" Length
<a_81><b_167><c_6> :: ids=[148] :: fam=other :: Plastic Transfer Pipettes 3ml, Graduated, Pack of 100"
r693_gain_vs_original_at10,293,other,216,Ancor Tinned Copper Lugs 8 AWG - 4/0 AWG,,9.0,hit@10,0,0,"<a_71><b_119><c_9> :: ids=[1193] :: fam=other :: Forney 70451 Wire Rope, Vinyl Coated Aircraft Cable, 250-Feet-by 3/32-Inch thru 3/16-Inch
<a_23><b_245><c_211> :: ids=[368] :: fam=other :: Nilight GA0005 Holder TAP Adapter Mini ATM APM Blade Fuse Holder-10 Pack
<a_67><b_251><c_182> :: ids=[2389] :: fam=connector_fitting :: Ideal 2006S Crimp Connector (Pack of 100)
<a_228><b_113><c_68> :: ids=[152] :: fam=connector_fitting :: Camco 4ft TastePURE Drinking Water Hose - Lead and BPA Free, Reinforced for Maximum Kink Resistance,  1/2""Inner Diameter (22763)
<a_17><b_14><c_32> :: ids=[145] :: fam=other :: Marrywindix 6pcs ESD Precision Anti-Static Tweezers, Tweezers Stainless Steel Tweezers with a Bag for Electronics Jewelry-Making Repairing","<a_32><b_152><c_219> :: ids=[1193] :: fam=other :: Forney 70451 Wire Rope, Vinyl Coated Aircraft Cable, 250-Feet-by 3/32-Inch thru 3/16-Inch
<a_134><b_254><c_47> :: ids=[145] :: fam=other :: Marrywindix 6pcs ESD Precision Anti-Static Tweezers, Tweezers Stainless Steel Tweezers with a Bag for Electronics Jewelry-Making Repairing
<a_32><b_136><c_230> :: ids=[997] :: fam=other :: The Hillman Group 4839 1/8 Wire Rope Clip, 10-Pack
<a_40><b_18><c_9> :: ids=[521] :: fam=connector_fitting :: Gardner Bender 19-001 WireGard Screw-On Wire Connectors, 22-16 AWG, Electrical Wire Nut, 14 pk, Grey
<a_134><b_159><c_34> :: ids=[2484] :: fam=connector_fitting :: LHI XT-60 XT60 Male Female Bullet Connectors Plugs for RC Lipo Battery"
r693_gain_vs_original_at10,410,other,2866,Innovating Science Gram's Stain Kit,,4.0,hit@10,0,1,"<a_14><b_246><c_237> :: ids=[1711] :: fam=other :: Heathrow Scientific HD15994G Black Cork Lined 100 Place Microscope Slide Box, 8.25"" Length x 7"" Width x 1.3"" Height
<a_94><b_26><c_15> :: ids=[1956] :: fam=other :: Karter Scientific Glass Flask 5 Piece Set, Narrow Mouth Erlenmeyer, Borosilicate 3.3 Glass - 50ml, 150ml, 250ml, 500ml, 1L, 213B2
<a_94><b_40><c_0> :: ids=[1955, 3038] :: fam=other :: SEOH 5 Pack Glass Borosilicate Graduated Beakers 50 100 250 600 and 1000ml / SEOH 5 Pack Glass Borosilicate Graduated Beakers 50 100 250 600 and 1000ml
<a_94><b_150><c_121> :: ids=[3195] :: fam=other :: ETA hand2mind Graduated Measuring Cylinders, Polypropylene (Set of 7)
<a_94><b_35><c_31> :: ids=[148] :: fam=other :: Plastic Transfer Pipettes 3ml, Graduated, Pack of 100","<a_211><b_154><c_68> :: ids=[513] :: fam=other :: Kimberly-Clark Professional Kimtech Science KimWipes Delicate Task Wipers, 4.4 x 8.4 in. 1-ply
<a_219><b_150><c_131> :: ids=[1711] :: fam=other :: Heathrow Scientific HD15994G Black Cork Lined 100 Place Microscope Slide Box, 8.25"" Length x 7"" Width x 1.3"" Height
<a_148><b_162><c_3> :: ids=[385] :: fam=other :: Eclectic Supply B36-24 Cobalt Glass Bottles with Glass Eye Dropper, 1 oz Capacity, Blue (Pack of 24)
<a_102><b_225><c_17> :: ids=[2866] :: fam=other :: Innovating Science Gram's Stain Kit
<a_31><b_208><c_41> :: ids=[125] :: fam=tape :: Gorilla 6100101 Tape Handy Roll, 1-Pack, Black"
r693_gain_vs_original_at10,529,other,1184,"Keeper Foot x 2 Inch 02612 6' x 2"" Lift Sling",12.0,1.0,hit@10,0,1,"<a_107><b_93><c_0> :: ids=[181, 182] :: fam=gauge_meter :: AcuRite 00613 Humidity Monitor with Indoor Thermometer, Digital Hygrometer and Humidity Gauge Indicator / AcuRite 00613 Humidity Monitor with Indoor Thermometer, Digital Hygrometer
<a_71><b_28><c_190> :: ids=[1246] :: fam=other :: Keeper (02604 6' x 1"" Lift Sling, 1 Ply
<a_71><b_93><c_177> :: ids=[3483] :: fam=other :: Keeper Foot x 2 Inch 02626 10' x 2"" Lift Sling
<a_71><b_242><c_21> :: ids=[42] :: fam=connector_fitting :: Precision Brand M6S Micro Seal, Miniature All Stainless Worm Gear Hose Clamp, 5/16"" - 7/8"" (Pack of 10)
<a_24><b_174><c_64> :: ids=[1268] :: fam=other :: Vacmaster 4 Gallon, 5 Peak HP with 2-Stage Industrial Motor Wet/Dry Floor Vacuum, VF408","<a_32><b_253><c_135> :: ids=[1184] :: fam=other :: Keeper Foot x 2 Inch 02612 6' x 2"" Lift Sling
<a_190><b_103><c_0> :: ids=[181, 182] :: fam=gauge_meter :: AcuRite 00613 Humidity Monitor with Indoor Thermometer, Digital Hygrometer and Humidity Gauge Indicator / AcuRite 00613 Humidity Monitor with Indoor Thermometer, Digital Hygrometer
<a_32><b_253><c_152> :: ids=[1246] :: fam=other :: Keeper (02604 6' x 1"" Lift Sling, 1 Ply
<a_211><b_154><c_68> :: ids=[513] :: fam=other :: Kimberly-Clark Professional Kimtech Science KimWipes Delicate Task Wipers, 4.4 x 8.4 in. 1-ply
<a_32><b_253><c_58> :: ids=[3483] :: fam=other :: Keeper Foot x 2 Inch 02626 10' x 2"" Lift Sling"
r693_gain_vs_original_at10,594,other,139,DuPont Teflon Non-Stick,,2.0,hit@10,0,1,"<a_173><b_25><c_194> :: ids=[889] :: fam=other :: Hornady 9991 One Shot Spray Case Lube with DynaGlide Plus (5 fl Oz Aerosol)
<a_173><b_209><c_251> :: ids=[55] :: fam=other :: CRC 5037 White Lithium Grease - 10 Wt Oz.
<a_173><b_197><c_47> :: ids=[280] :: fam=ventilation_fan :: WD-40 Multi-Use Product with SMART STRAW&nbsp;SPRAYS 2 WAYS 8 OZ
<a_173><b_194><c_0> :: ids=[1354] :: fam=other :: Red Devil Available 3332 Steel Wool Multi-Grade Pack
<a_107><b_93><c_0> :: ids=[181, 182] :: fam=gauge_meter :: AcuRite 00613 Humidity Monitor with Indoor Thermometer, Digital Hygrometer and Humidity Gauge Indicator / AcuRite 00613 Humidity Monitor with Indoor Thermometer, Digital Hygrometer","<a_168><b_218><c_172> :: ids=[3390] :: fam=other :: CRC 03084 11oz Dry Moly Lubricant Aerosol Spray
<a_77><b_45><c_0> :: ids=[139, 774] :: fam=other :: DuPont Teflon Non-Stick / DuPont Teflon Non-Stick
<a_168><b_218><c_90> :: ids=[889] :: fam=other :: Hornady 9991 One Shot Spray Case Lube with DynaGlide Plus (5 fl Oz Aerosol)
<a_168><b_218><c_143> :: ids=[2424] :: fam=other :: CRC 3-36 Technical Grade Multi-Purpose Precision Lubricant, 11 oz Aerosol Can, Amber
<a_211><b_154><c_68> :: ids=[513] :: fam=other :: Kimberly-Clark Professional Kimtech Science KimWipes Delicate Task Wipers, 4.4 x 8.4 in. 1-ply"
r693_gain_vs_original_at10,595,other,513,"Kimberly-Clark Professional Kimtech Science KimWipes Delicate Task Wipers, 4.4 x 8.4 in. 1-ply",,10.0,hit@10,0,1,"<a_173><b_201><c_145> :: ids=[140] :: fam=other :: DuPont Teflon Silicone Lubricant
<a_173><b_25><c_194> :: ids=[889] :: fam=other :: Hornady 9991 One Shot Spray Case Lube with DynaGlide Plus (5 fl Oz Aerosol)
<a_197><b_204><c_0> :: ids=[139, 774] :: fam=other :: DuPont Teflon Non-Stick / DuPont Teflon Non-Stick
<a_202><b_62><c_182> :: ids=[116] :: fam=tape :: Rescue Tape RT1000201202USCO
<a_173><b_194><c_4> :: ids=[123] :: fam=other :: Red Devil 0325 Steel Wool, 2 Medium Course, 8 Pads","<a_168><b_85><c_176> :: ids=[140] :: fam=other :: DuPont Teflon Silicone Lubricant
<a_77><b_45><c_0> :: ids=[139, 774] :: fam=other :: DuPont Teflon Non-Stick / DuPont Teflon Non-Stick
<a_168><b_218><c_172> :: ids=[3390] :: fam=other :: CRC 03084 11oz Dry Moly Lubricant Aerosol Spray
<a_31><b_179><c_201> :: ids=[467] :: fam=tape :: 3M Utility Duct Tape 2929 Silver, 1.88 in x 50 yd 5.8 mils (Pack of 1)
<a_168><b_127><c_130> :: ids=[340] :: fam=other :: Break-Free CLP-4 Cleaner Lubricant Preservative Squeeze Bottle (4 -Fluid Ounce)"
r693_gain_vs_original_at10,648,other,232,"Karter Scientific 213A2 Borosilicate Glass Low Form Glass Beaker, 50/100/250/500/1000 mL (Pack of 5)",35.0,7.0,hit@10,0,0,"<a_94><b_35><c_31> :: ids=[148] :: fam=other :: Plastic Transfer Pipettes 3ml, Graduated, Pack of 100
<a_107><b_93><c_0> :: ids=[181, 182] :: fam=gauge_meter :: AcuRite 00613 Humidity Monitor with Indoor Thermometer, Digital Hygrometer and Humidity Gauge Indicator / AcuRite 00613 Humidity Monitor with Indoor Thermometer, Digital Hygrometer
<a_94><b_189><c_188> :: ids=[2254] :: fam=other :: Glass Erlenmeyer Flask Set - 3 Sizes - 50, 150 and 250ml, Karter Scientific 214U2
<a_180><b_221><c_238> :: ids=[2410] :: fam=other :: Heathrow Scientific HD15909 Spatula with Flat End and Spoon End, 9"" Overall Length
<a_94><b_26><c_15> :: ids=[1956] :: fam=other :: Karter Scientific Glass Flask 5 Piece Set, Narrow Mouth Erlenmeyer, Borosilicate 3.3 Glass - 50ml, 150ml, 250ml, 500ml, 1L, 213B2","<a_148><b_162><c_3> :: ids=[385] :: fam=other :: Eclectic Supply B36-24 Cobalt Glass Bottles with Glass Eye Dropper, 1 oz Capacity, Blue (Pack of 24)
<a_159><b_181><c_184> :: ids=[240] :: fam=other :: Plant Therapy 2 ml (5/8 dram) Amber Glass Essential Oil Bottle with Orifice Reducer and cap- 12 pack
<a_31><b_208><c_41> :: ids=[125] :: fam=tape :: Gorilla 6100101 Tape Handy Roll, 1-Pack, Black
<a_81><b_154><c_60> :: ids=[1835] :: fam=other :: Karter Scientific 214T2, 3.3 Boro, Griffin Low Form, Glass Beaker Set - 3 Sizes - 50ml, 100ml, 250ml
<a_81><b_167><c_6> :: ids=[148] :: fam=other :: Plastic Transfer Pipettes 3ml, Graduated, Pack of 100"
r693_gain_vs_original_at10,1613,other,1809,"UHMW (Ultra High Molecular Weight Polyethylene) Sheet, Opaque White, Standard Tolerance, ASTM D4020, 1/8"" Thickness, 12"" Width, 24"" Length",11.0,4.0,hit@10,0,0,"<a_17><b_62><c_1> :: ids=[108] :: fam=other :: Polycarbonate (PC) Sheet, Transparent Clear, Standard Tolerance, ASTM D3935, 0.08"" Thickness, 12"" Width, 24"" Length
<a_17><b_180><c_0> :: ids=[2094] :: fam=gauge_meter :: Fowler 54-101-150-2 Xtra-Value Cal Electronic Caliper, Stainless Steel, 0 to 6""/0 to 150mm Measuring Range, 0.0005""/0.01mm Resolution, LCD
<a_71><b_70><c_16> :: ids=[433] :: fam=other :: Lord & Hodge 1073A-0 1/4"" Handi Grommet KIT
<a_202><b_82><c_207> :: ids=[2871] :: fam=tape :: 3M 468MP Adhesive Transfer Tape, 4"" width x 5yd length (1 roll)
<a_17><b_62><c_227> :: ids=[1205] :: fam=other :: PEI (Polyetherimide) Sheet, Opaque Off-White, Standard Tolerance, ASTM D5205 PEI0113, 0.03"" Thickness, 12"" Width, 24"" Length","<a_109><b_17><c_59> :: ids=[108] :: fam=other :: Polycarbonate (PC) Sheet, Transparent Clear, Standard Tolerance, ASTM D3935, 0.08"" Thickness, 12"" Width, 24"" Length
<a_109><b_17><c_3> :: ids=[1205] :: fam=other :: PEI (Polyetherimide) Sheet, Opaque Off-White, Standard Tolerance, ASTM D5205 PEI0113, 0.03"" Thickness, 12"" Width, 24"" Length
<a_31><b_34><c_13> :: ids=[2871] :: fam=tape :: 3M 468MP Adhesive Transfer Tape, 4"" width x 5yd length (1 roll)
<a_162><b_206><c_152> :: ids=[1809] :: fam=other :: UHMW (Ultra High Molecular Weight Polyethylene) Sheet, Opaque White, Standard Tolerance, ASTM D4020, 1/8"" Thickness, 12"" Width, 24"" Length
<a_197><b_173><c_161> :: ids=[84] :: fam=gauge_meter :: Neiko 01409A Electronic Digital Caliper with Extra Large LCD Screen | 0 - 12 Inches | Inch/Fractions/Millimeter Conversion"
r693_gain_vs_original_at10,1640,other,281,SE TL10 10-Piece Test Lead Set with Alligator Clips,,5.0,hit@10,0,1,"<a_165><b_107><c_20> :: ids=[257] :: fam=adhesive_epoxy :: Gorilla 5000408  Original Gorilla Glue, Waterproof Polyurethane Glue, 4 ounce Bottle, Brown
<a_107><b_93><c_0> :: ids=[181, 182] :: fam=gauge_meter :: AcuRite 00613 Humidity Monitor with Indoor Thermometer, Digital Hygrometer and Humidity Gauge Indicator / AcuRite 00613 Humidity Monitor with Indoor Thermometer, Digital Hygrometer
<a_79><b_24><c_40> :: ids=[395] :: fam=other :: Arctic Silver 5 AS5-3.5G Thermal Paste
<a_197><b_33><c_216> :: ids=[725] :: fam=other :: Bissell Zing Bagged Canister Vacuum, Maroon, 4122 - Corded
<a_180><b_119><c_222> :: ids=[519] :: fam=other :: EastVita&reg; Watch Repair Magnifier Loupe 20X Glasses With LED Light","<a_109><b_114><c_135> :: ids=[176] :: fam=other :: URBEST 530 Pcs 2:1 Heat Shrink Tubing Tube Sleeving Wrap Cable Wire 5 Color 8 Size
<a_190><b_103><c_0> :: ids=[181, 182] :: fam=gauge_meter :: AcuRite 00613 Humidity Monitor with Indoor Thermometer, Digital Hygrometer and Humidity Gauge Indicator / AcuRite 00613 Humidity Monitor with Indoor Thermometer, Digital Hygrometer
<a_197><b_173><c_161> :: ids=[84] :: fam=gauge_meter :: Neiko 01409A Electronic Digital Caliper with Extra Large LCD Screen | 0 - 12 Inches | Inch/Fractions/Millimeter Conversion
<a_138><b_9><c_137> :: ids=[395] :: fam=other :: Arctic Silver 5 AS5-3.5G Thermal Paste
<a_118><b_59><c_100> :: ids=[281] :: fam=other :: SE TL10 10-Piece Test Lead Set with Alligator Clips"
r693_gain_vs_original_at10,1739,other,1184,"Keeper Foot x 2 Inch 02612 6' x 2"" Lift Sling",13.0,3.0,hit@10,0,0,"<a_71><b_28><c_190> :: ids=[1246] :: fam=other :: Keeper (02604 6' x 1"" Lift Sling, 1 Ply
<a_202><b_160><c_244> :: ids=[154] :: fam=tape :: 3M Multi-Use Duct Tape, 2930-C, 1.88 Inches by 30 Yards
<a_165><b_107><c_20> :: ids=[257] :: fam=adhesive_epoxy :: Gorilla 5000408  Original Gorilla Glue, Waterproof Polyurethane Glue, 4 ounce Bottle, Brown
<a_107><b_93><c_0> :: ids=[181, 182] :: fam=gauge_meter :: AcuRite 00613 Humidity Monitor with Indoor Thermometer, Digital Hygrometer and Humidity Gauge Indicator / AcuRite 00613 Humidity Monitor with Indoor Thermometer, Digital Hygrometer
<a_173><b_93><c_124> :: ids=[40] :: fam=other :: Forney 20859 Cutting Fluid, Industrial Pro Tap Magic, 1-Gallon","<a_31><b_179><c_201> :: ids=[467] :: fam=tape :: 3M Utility Duct Tape 2929 Silver, 1.88 in x 50 yd 5.8 mils (Pack of 1)
<a_31><b_179><c_156> :: ids=[1673] :: fam=tape :: 3M Vinyl Duct Tape, Red, 2-Inch by 50-Yard
<a_32><b_253><c_135> :: ids=[1184] :: fam=other :: Keeper Foot x 2 Inch 02612 6' x 2"" Lift Sling
<a_31><b_179><c_128> :: ids=[553] :: fam=tape :: 3M  Pro Strength Duct Tape, 1260-A, 1.88  Inches by 60 Yards
<a_31><b_179><c_234> :: ids=[528] :: fam=tape :: ProTapes Pro Duct 100 PE-Coated Cloth Economy Duct Tape, 60 yds Length x 2"" Width, Silver (Pack of 1)"
r693_gain_vs_original_at10,1995,other,176,URBEST 530 Pcs 2:1 Heat Shrink Tubing Tube Sleeving Wrap Cable Wire 5 Color 8 Size,30.0,6.0,hit@10,0,1,"<a_67><b_133><c_6> :: ids=[751] :: fam=connector_fitting :: Install Bay CC2218 Crimp Cap Nylon Connector 22/18 Gauge (100-Pack)
<a_173><b_60><c_25> :: ids=[1182] :: fam=other :: Super Lube 51004 Synthetic Oil with PTFE, High Viscosity, 4 oz Bottle
<a_173><b_11><c_0> :: ids=[1588] :: fam=other :: Super Lube 41160/UV Synthetic UV Grease (NLGI 2), 14.1 oz Canister, Translucent White
<a_173><b_11><c_28> :: ids=[1670] :: fam=other :: Super Lube 41160 Synthetic Grease (NLGI 2), 14.1 oz Canister, Translucent White
<a_173><b_128><c_25> :: ids=[2174] :: fam=other :: Schaeffer Manufacturing 02937590-012S Supreme Gear Lube SAE 75W-90, 1 quart","<a_40><b_126><c_8> :: ids=[751] :: fam=connector_fitting :: Install Bay CC2218 Crimp Cap Nylon Connector 22/18 Gauge (100-Pack)
<a_40><b_126><c_24> :: ids=[1561] :: fam=connector_fitting :: Install Bay CC1210 Crimp Cap Nylon Connector 12/10 Gauge (100-Pack)
<a_40><b_126><c_3> :: ids=[1481] :: fam=connector_fitting :: Install Bay CCL1614 Crimp Cap Nylon Connector 16/14 Gauge Long Neck -100-Pack
<a_209><b_33><c_25> :: ids=[577] :: fam=other :: Neiko 50458A Snap Ring Shop Assortment, 300 Count | 18 Sizes (1/8"" - 1-1/4"") | Hardened Steel
<a_168><b_76><c_143> :: ids=[1670] :: fam=other :: Super Lube 41160 Synthetic Grease (NLGI 2), 14.1 oz Canister, Translucent White"
r693_gain_vs_original_at10,2547,other,1317,"RMP .125 6061 T6 Aluminum Sheet 12"" x 12",,3.0,hit@10,0,1,"<a_228><b_23><c_98> :: ids=[1159] :: fam=connector_fitting :: Loc-Line Coolant Hose Assembly Pliers, for 1/2"" Coolant Hose System
<a_67><b_177><c_254> :: ids=[1422] :: fam=connector_fitting :: Gardner Bender TK-175 Electrical Solderless Terminal Kit
<a_228><b_23><c_31> :: ids=[2202] :: fam=connector_fitting :: Loc-Line Coolant Hose Assembly Kit, Acetal Copolymer, 7 Piece, 1/4"" Coolant Hose ID
<a_228><b_70><c_54> :: ids=[3082] :: fam=connector_fitting :: Loc-Line Coolant Hose Component, Acetal Copolymer, Wye Connector, 1/2"" Hose ID (Pack of 2)
<a_73><b_58><c_117> :: ids=[2229] :: fam=other :: Uxcell a11093000ux0385 10x 8 Pin DIP IC Sockets Adaptor Solder Type Socket","<a_231><b_163><c_152> :: ids=[1159] :: fam=connector_fitting :: Loc-Line Coolant Hose Assembly Pliers, for 1/2"" Coolant Hose System
<a_162><b_6><c_7> :: ids=[1305] :: fam=other :: RMP .125 3003 H14 Aluminum Sheet 12"" x 12
<a_162><b_6><c_225> :: ids=[1317] :: fam=other :: RMP .125 6061 T6 Aluminum Sheet 12"" x 12
<a_162><b_6><c_3> :: ids=[1358] :: fam=other :: RMP .249 3003 H14 Aluminum Sheet, 12"" x 12
<a_109><b_114><c_135> :: ids=[176] :: fam=other :: URBEST 530 Pcs 2:1 Heat Shrink Tubing Tube Sleeving Wrap Cable Wire 5 Color 8 Size"
r693_gain_vs_original_at10,2693,other,2383,Inkbird All-Purpose Digital Temperature Controller Fahrenheit &Centigrade Thermostat w Sensor 2 Relays ITC-1000,,3.0,hit@10,0,0,"<a_107><b_183><c_251> :: ids=[2321] :: fam=other :: HM Digital C342 TDS and EC Calibration Solution, 342 ppm (NaCl), 90 ml Volume
<a_193><b_104><c_1> :: ids=[802] :: fam=other :: 4.5"" x 7/8"" Premium Zirconia Flap Discs Grinding Wheels 60 Grit Type 27-10 Pack
<a_73><b_8><c_168> :: ids=[285] :: fam=other :: Z&T Solderless Flexible Breadboard Jumper Wires M/M 100pcs
<a_236><b_116><c_203> :: ids=[68] :: fam=other :: MLCS 9080 Billy Pedal Foot Switch, Deadman Style
<a_107><b_42><c_17> :: ids=[769] :: fam=gauge_meter :: Nubee Temperature Gun Non-contact Digital Laser Infrared IR Thermometer","<a_190><b_64><c_29> :: ids=[819] :: fam=3d_filament :: Inkbird ITC-1000 Dual Stage Digital Temperature Controller Fahrenheit  Celsius Thermostat with Sensor for 3D Printer,Freezer,Fridge,Hatching ect (12 Volt)
<a_7><b_173><c_190> :: ids=[248] :: fam=other :: Neiko 10197A Titanium Step Drill Bit Set, High Speed Steel | 5-Piece Set | Total 50 Sizes
<a_190><b_64><c_108> :: ids=[2383] :: fam=other :: Inkbird All-Purpose Digital Temperature Controller Fahrenheit &Centigrade Thermostat w Sensor 2 Relays ITC-1000
<a_153><b_100><c_149> :: ids=[2321] :: fam=other :: HM Digital C342 TDS and EC Calibration Solution, 342 ppm (NaCl), 90 ml Volume
<a_40><b_86><c_152> :: ids=[502] :: fam=connector_fitting :: Uxcell a10073000ux0031 2 Pcs 8 Position Double Row Screw Terminal Covered Barrier Strip 600V 25A"
r693_gain_vs_original_at10,2794,other,1956,"Karter Scientific Glass Flask 5 Piece Set, Narrow Mouth Erlenmeyer, Borosilicate 3.3 Glass - 50ml, 150ml, 250ml, 500ml, 1L, 213B2",31.0,4.0,hit@10,0,1,"<a_94><b_75><c_129> :: ids=[824] :: fam=other :: 213C2 Karter Scientific Glass Graduated Cylinder 3 Piece Set 10, 50 & 100ml
<a_229><b_238><c_126> :: ids=[959] :: fam=other :: American Weigh Scales Calibration Weight Kit WGHTKIT, Class M2
<a_94><b_163><c_50> :: ids=[232] :: fam=other :: Karter Scientific 213A2 Borosilicate Glass Low Form Glass Beaker, 50/100/250/500/1000 mL (Pack of 5)
<a_94><b_35><c_31> :: ids=[148] :: fam=other :: Plastic Transfer Pipettes 3ml, Graduated, Pack of 100
<a_94><b_40><c_0> :: ids=[1955, 3038] :: fam=other :: SEOH 5 Pack Glass Borosilicate Graduated Beakers 50 100 250 600 and 1000ml / SEOH 5 Pack Glass Borosilicate Graduated Beakers 50 100 250 600 and 1000ml","<a_81><b_59><c_141> :: ids=[824] :: fam=other :: 213C2 Karter Scientific Glass Graduated Cylinder 3 Piece Set 10, 50 & 100ml
<a_81><b_169><c_254> :: ids=[232] :: fam=other :: Karter Scientific 213A2 Borosilicate Glass Low Form Glass Beaker, 50/100/250/500/1000 mL (Pack of 5)
<a_190><b_185><c_201> :: ids=[159] :: fam=gauge_meter :: Etekcity Lasergrip 774 Non-contact Digital Laser Infrared Thermometer Temperature Gun -58~ 716 (-50 ~ 380), Yellow and Black
<a_148><b_99><c_29> :: ids=[1956] :: fam=other :: Karter Scientific Glass Flask 5 Piece Set, Narrow Mouth Erlenmeyer, Borosilicate 3.3 Glass - 50ml, 150ml, 250ml, 500ml, 1L, 213B2
<a_81><b_251><c_126> :: ids=[2254] :: fam=other :: Glass Erlenmeyer Flask Set - 3 Sizes - 50, 150 and 250ml, Karter Scientific 214U2"
r693_gain_vs_original_at10,2896,other,3333,"E-Z Lok Threaded Insert, Brass, Knife Thread, 3/8""-16 Internal Threads, 0.625"" Length (Pack of 10)",,9.0,hit@10,0,2,"<a_236><b_116><c_203> :: ids=[68] :: fam=other :: MLCS 9080 Billy Pedal Foot Switch, Deadman Style
<a_224><b_133><c_6> :: ids=[1064] :: fam=other :: E-Z Lok Threaded Insert, Brass, Knife Thread, M3-0.5 Internal Threads, 9.52mm Length (Pack of 10)
<a_71><b_70><c_16> :: ids=[433] :: fam=other :: Lord & Hodge 1073A-0 1/4"" Handi Grommet KIT
<a_224><b_133><c_16> :: ids=[2413] :: fam=other :: E-Z Lok Threaded Insert, Brass, Knife Thread, #8-32 Internal Threads, 0.375"" Length (Pack of 25)
<a_236><b_7><c_56> :: ids=[1347] :: fam=other :: Woodstock D4160 110-Volt Paddle Switch","<a_231><b_198><c_94> :: ids=[800] :: fam=connector_fitting :: Anderson Metals 57001-0402 Brass Hose Fitting, Adapter, 1/4"" Barb x 1/8"" NPT Male Pipe
<a_209><b_232><c_3> :: ids=[2448] :: fam=other :: Innovative Components AN4C-5S221 1.38"" Star knob thru hole 1/4-20 steel zinc insert black pp (Pack of 10)
<a_235><b_197><c_74> :: ids=[1064] :: fam=other :: E-Z Lok Threaded Insert, Brass, Knife Thread, M3-0.5 Internal Threads, 9.52mm Length (Pack of 10)
<a_197><b_173><c_161> :: ids=[84] :: fam=gauge_meter :: Neiko 01409A Electronic Digital Caliper with Extra Large LCD Screen | 0 - 12 Inches | Inch/Fractions/Millimeter Conversion
<a_190><b_103><c_0> :: ids=[181, 182] :: fam=gauge_meter :: AcuRite 00613 Humidity Monitor with Indoor Thermometer, Digital Hygrometer and Humidity Gauge Indicator / AcuRite 00613 Humidity Monitor with Indoor Thermometer, Digital Hygrometer"
r693_gain_vs_original_at10,3071,other,1042,uxcell Mandrel Mounted White Conical Felt Point Polishing Tool,,5.0,hit@10,0,3,"<a_44><b_9><c_168> :: ids=[283] :: fam=other :: Nitrile Exam Glove (non-latex) PF Medium Blue 100/BX
<a_44><b_165><c_136> :: ids=[146] :: fam=other :: Dynarex 2201 Medical Surgical Face Masks (Pack of 50)
<a_44><b_98><c_14> :: ids=[787] :: fam=other :: Covidien 6818 Webcol Alcohol Prep, Sterile, Medium, 2-Ply (Pack of 200)
<a_66><b_251><c_227> :: ids=[2615] :: fam=other :: MG Chemicals433-4L  d-Limonene (Pure Grade) Cleaner Degreaser and 3-D Printing Chemical, 1 Gallon Can , Clear
<a_24><b_21><c_233> :: ids=[2455] :: fam=other :: Millrose 62850 Power-Deuce Brushing Tool Set","<a_115><b_56><c_2> :: ids=[170] :: fam=other :: URBEST 328 Pcs Assorted Heat Shrink Tube 5 Colors 8 Sizes Tubing Wrap Sleeve Set Combo (328PCS)
<a_238><b_232><c_129> :: ids=[335] :: fam=other :: Dewalt DW8061B5 4 x 0.045 Inch Metal and Stainless Steel Cutting Wheels , 4 Inch by 0.045-Inch
<a_73><b_93><c_221> :: ids=[783] :: fam=other :: 3M 90128-00001, 18"" Professional Quality Non Reflective  Safety Cone, 1-Pack,3M,90128-00001"" />
<a_73><b_125><c_212> :: ids=[1076] :: fam=other :: Green Chrome Oxide Compound, 6 oz.
<a_92><b_110><c_254> :: ids=[1042] :: fam=other :: uxcell Mandrel Mounted White Conical Felt Point Polishing Tool"
r693_gain_vs_original_at10,3521,other,946,"Crest Cavity Protection Toothpaste, 6.4 Ounce (Pack of 6)",,6.0,hit@10,0,1,"<a_66><b_78><c_36> :: ids=[150] :: fam=other :: Colgate Cavity Protection Toothpaste with Fluoride - 1 ounce (24 Pack)
<a_173><b_16><c_141> :: ids=[982] :: fam=other :: Schaeffer Manufacturing Co. 0190-011S Penetro 90, 13 oz.
<a_197><b_91><c_69> :: ids=[22] :: fam=other :: Eye-Vac EVPRO Tuxedo Black Touchless Stationary Vacuum &ndash; 1400 Watts Professional Vacuum with HEPA Filtration, Bag-less Canister. Floor Care
<a_173><b_168><c_64> :: ids=[2193] :: fam=other :: Schaeffer Manufacturing Co. 0131-021S Neutra Fuel Stabilizer, 12 oz
<a_173><b_11><c_28> :: ids=[1670] :: fam=other :: Super Lube 41160 Synthetic Grease (NLGI 2), 14.1 oz Canister, Translucent White","<a_62><b_124><c_12> :: ids=[207] :: fam=other :: iRobot Roomba 880 Robot Vacuum
<a_65><b_158><c_137> :: ids=[989] :: fam=other :: Weldon 10167 Aqua Blue 725 Medium-Bodied Wet 'R Dry Pvc Professional Industrial-Grade Cement Extremely Fast-Setting Low-Voc, 1/2 pint, Aqua Blue
<a_65><b_194><c_214> :: ids=[531] :: fam=other :: General Electric GE360 Kitchen and Bath  Silicone I Caulk, 2.8-Ounce, Clear
<a_31><b_128><c_98> :: ids=[278] :: fam=tape :: T-Rex 241309 Shurtech Ferociously Strong Tape, 12 Yd L X 1.88 in W, 1-Roll, 12 Yards, Gunmetal Gray
<a_211><b_154><c_68> :: ids=[513] :: fam=other :: Kimberly-Clark Professional Kimtech Science KimWipes Delicate Task Wipers, 4.4 x 8.4 in. 1-ply"
r693_gain_vs_original_at10,4010,other,2500,"Micro Swiss MK10 All Metal Hotend Kit .4mm Nozzle WANHAO, FlashForge, Dremel Idea Builder",46.0,7.0,hit@10,0,0,"<a_223><b_212><c_0> :: ids=[3302, 3459] :: fam=3d_filament :: PLA Glow in the Dark Cosmic Blue 3D Printing Filament, 1.75 mm / PLA Glow in the Dark Cosmic Blue 3D Printing Filament, 1.75 mm
<a_223><b_187><c_125> :: ids=[3474] :: fam=3d_filament :: 3D Solutech See Through Red 1.75mm PETG 3D Printer Filament 2.2 LBS (1.0KG)
<a_223><b_80><c_0> :: ids=[2659, 3557, 3631] :: fam=3d_filament :: 3D Solutech Apple Green 3D Printer PLA Filament 1.75MM Filament, Dimensional Accuracy +/- 0.03 mm, 2.2 LBS (1.0KG) / 3D Solutech Chocolate Brown 3D Printer PLA Filament 1.75MM Fila
<a_223><b_212><c_130> :: ids=[2060] :: fam=3d_filament :: Antique Bronze Metallic PLA - 3D Printing Filament (1.75mm 0.5 kg) Made in the USA
<a_223><b_160><c_251> :: ids=[2477] :: fam=3d_filament :: BAMtack! 1.75mm Black PLA 3D Printer Filament - 1kg (2.2 lbs) - Dimensional Accuracy +/- 0.03mm","<a_178><b_143><c_111> :: ids=[3558] :: fam=3d_filament :: Professional Black 1.75mm PLA 3D Printer Filament, 1kg (2.2lb) Filament Weight, 0.05mm Tolerance, by ProMolt 3D
<a_178><b_14><c_6> :: ids=[2909, 3494] :: fam=3d_filament :: 3D Solutech Silver Metal 3D Printer PLA Filament 1.75MM Filament, Dimensional Accuracy +/- 0.03 mm, 2.2 LBS (1.0KG) - PLA175TCMS / 3D Solutech Real Yellow 3D Printer PLA Filament 1
<a_220><b_114><c_145> :: ids=[2932] :: fam=3d_filament :: Inland 1.75mm Blue PLA 3D Printer Filament - 1kg Spool (2.2 lbs)
<a_212><b_17><c_91> :: ids=[2926] :: fam=3d_filament :: HICTOP 5 Pieces 3D Printer Extruder Hotend 1.75mm Nozzle Throat for Reprap Prusa I3
<a_178><b_14><c_107> :: ids=[2161] :: fam=3d_filament :: 3D Solutech Natural Clear 1.75mm 3D Printer PLA Filament, Dimensional Accuracy +/- 0.03 mm, 2.2 LBS (1.0KG)"
r693_gain_vs_original_at10,262,connector_fitting,1035,"Anderson Metals Brass Pipe Fitting, 90 Degree Barstock Street Elbow, 3/8"" Male Pipe x 3/8"" Female Pipe",,7.0,hit@10,1,3,"<a_67><b_13><c_246> :: ids=[1032] :: fam=connector_fitting :: 100pcs Male & Female Insulated Wire Bullet Crimp Connector Terminal.
<a_67><b_23><c_3> :: ids=[2430] :: fam=connector_fitting :: Yueton 100pcs Red 22/18- Gauge Nylon Male Fully-Insulated Quick Disconnects Wiring Spade Wire Crimp Terminal
<a_67><b_13><c_33> :: ids=[1033] :: fam=connector_fitting :: SOLOOP 50pcs Female & Male Fully Insulated Wire Terminals Connector Nylon Spade Connectors Blue
<a_67><b_23><c_20> :: ids=[2617] :: fam=connector_fitting :: Yueton&reg; 100pcs Yellow 12/10-Gauge Economy Nylon Male Fully-Insulated Quick Disconnects Wiring Spade Wire Crimp Terminal
<a_67><b_13><c_174> :: ids=[1454] :: fam=connector_fitting :: SOLOOP 100pcs Red Assorted Insulated Female&Male Bullet Butt Connector wire Crimp Terminals","<a_40><b_5><c_186> :: ids=[2430] :: fam=connector_fitting :: Yueton 100pcs Red 22/18- Gauge Nylon Male Fully-Insulated Quick Disconnects Wiring Spade Wire Crimp Terminal
<a_40><b_5><c_52> :: ids=[2617] :: fam=connector_fitting :: Yueton&reg; 100pcs Yellow 12/10-Gauge Economy Nylon Male Fully-Insulated Quick Disconnects Wiring Spade Wire Crimp Terminal
<a_185><b_83><c_203> :: ids=[457] :: fam=other :: CRC 03400 16oz Truetap Cutting Fluid Heavy Duty Bottle
<a_109><b_114><c_135> :: ids=[176] :: fam=other :: URBEST 530 Pcs 2:1 Heat Shrink Tubing Tube Sleeving Wrap Cable Wire 5 Color 8 Size
<a_185><b_2><c_12> :: ids=[123] :: fam=other :: Red Devil 0325 Steel Wool, 2 Medium Course, 8 Pads"
r693_gain_vs_original_at10,296,connector_fitting,3209,Ancor Heat Shrink Ring Terminals,,10.0,hit@10,1,2,"<a_17><b_217><c_0> :: ids=[216, 217] :: fam=other :: Ancor Tinned Copper Lugs 8 AWG - 4/0 AWG / Ancor Tinned Copper Lugs 8 AWG - 4/0 AWG
<a_228><b_127><c_107> :: ids=[883] :: fam=adhesive_epoxy :: Ancor Marine Grade Electrical Heat Activated Adhesive Lined Shrink Tubing
<a_67><b_46><c_209> :: ids=[1057] :: fam=connector_fitting :: 50pcs Premium Brass 18-22 (RED) Gauge Male-Female Solderless Crimp Bullet Plug Connectors
<a_67><b_13><c_246> :: ids=[1032] :: fam=connector_fitting :: 100pcs Male & Female Insulated Wire Bullet Crimp Connector Terminal.
<a_67><b_13><c_33> :: ids=[1033] :: fam=connector_fitting :: SOLOOP 50pcs Female & Male Fully Insulated Wire Terminals Connector Nylon Spade Connectors Blue","<a_134><b_146><c_0> :: ids=[216, 217] :: fam=other :: Ancor Tinned Copper Lugs 8 AWG - 4/0 AWG / Ancor Tinned Copper Lugs 8 AWG - 4/0 AWG
<a_115><b_6><c_4> :: ids=[883] :: fam=adhesive_epoxy :: Ancor Marine Grade Electrical Heat Activated Adhesive Lined Shrink Tubing
<a_115><b_56><c_2> :: ids=[170] :: fam=other :: URBEST 328 Pcs Assorted Heat Shrink Tube 5 Colors 8 Sizes Tubing Wrap Sleeve Set Combo (328PCS)
<a_115><b_213><c_222> :: ids=[399] :: fam=other :: Anytime Tools 48 pc HEAT SHRINK TUBING WRAP SLEEVES ASSORTED SIZES
<a_63><b_33><c_100> :: ids=[368] :: fam=other :: Nilight GA0005 Holder TAP Adapter Mini ATM APM Blade Fuse Holder-10 Pack"
r693_gain_vs_original_at10,2862,connector_fitting,1772,"Dixon Valve HHP2M Brass Fitting, Hex Head Plug, 1/4"" NPT Male",,5.0,hit@10,1,1,"<a_202><b_221><c_59> :: ids=[648] :: fam=tape :: 3M Foil Tape 3381 Silver, 1.88 in x 50 yd 2.7 mil (Pack of 1)
<a_210><b_156><c_39> :: ids=[119] :: fam=other :: Rubbermaid Commercial BRUTE Heavy-Duty Round Waste/Utility Container with Venting Channels, 20-gallon, Gray (FG262000GRAY)
<a_180><b_221><c_238> :: ids=[2410] :: fam=other :: Heathrow Scientific HD15909 Spatula with Flat End and Spoon End, 9"" Overall Length
<a_108><b_107><c_125> :: ids=[1768] :: fam=connector_fitting :: Anderson Metals Brass Pipe Fitting, Barstock Street Tee, 1/8"" Female Pipe x 1/8"" Male Pipe x 1/8"" Female Pipe
<a_71><b_242><c_21> :: ids=[42] :: fam=connector_fitting :: Precision Brand M6S Micro Seal, Miniature All Stainless Worm Gear Hose Clamp, 5/16"" - 7/8"" (Pack of 10)","<a_90><b_109><c_185> :: ids=[119] :: fam=other :: Rubbermaid Commercial BRUTE Heavy-Duty Round Waste/Utility Container with Venting Channels, 20-gallon, Gray (FG262000GRAY)
<a_166><b_67><c_9> :: ids=[1768] :: fam=connector_fitting :: Anderson Metals Brass Pipe Fitting, Barstock Street Tee, 1/8"" Female Pipe x 1/8"" Male Pipe x 1/8"" Female Pipe
<a_166><b_130><c_26> :: ids=[1035] :: fam=connector_fitting :: Anderson Metals Brass Pipe Fitting, 90 Degree Barstock Street Elbow, 3/8"" Male Pipe x 3/8"" Female Pipe
<a_166><b_31><c_194> :: ids=[3345] :: fam=connector_fitting :: Red Brass Pipe Fitting, Nipple, Schedule 40 Seamless, 1/4"" NPT Male X 3"" Length
<a_181><b_246><c_255> :: ids=[1772] :: fam=connector_fitting :: Dixon Valve HHP2M Brass Fitting, Hex Head Plug, 1/4"" NPT Male"
r693_gain_vs_original_at10,754,connector_fitting,1481,Install Bay CCL1614 Crimp Cap Nylon Connector 16/14 Gauge Long Neck -100-Pack,,6.0,hit@10,0,0,"<a_67><b_204><c_49> :: ids=[2047] :: fam=connector_fitting :: Ginsco 160pcs Nylon Fully Insulated Male / Female Spade Wire Crimp Quick Disconnects Wire Terminals Connector Set
<a_71><b_242><c_21> :: ids=[42] :: fam=connector_fitting :: Precision Brand M6S Micro Seal, Miniature All Stainless Worm Gear Hose Clamp, 5/16"" - 7/8"" (Pack of 10)
<a_108><b_146><c_214> :: ids=[2861] :: fam=connector_fitting :: Stainless Steel 304 Cast Pipe Fitting, Hex Bushing, Class 150, 1"" NPT Male X 1/2"" NPT Female
<a_108><b_146><c_77> :: ids=[3433] :: fam=connector_fitting :: Stainless Steel 304 Cast Pipe Fitting, Hex Locknut, MSS SP-114, 1/2"" NPT Female
<a_108><b_42><c_193> :: ids=[3345] :: fam=connector_fitting :: Red Brass Pipe Fitting, Nipple, Schedule 40 Seamless, 1/4"" NPT Male X 3"" Length","<a_166><b_31><c_194> :: ids=[3345] :: fam=connector_fitting :: Red Brass Pipe Fitting, Nipple, Schedule 40 Seamless, 1/4"" NPT Male X 3"" Length
<a_166><b_31><c_9> :: ids=[101] :: fam=connector_fitting :: Stainless Steel 304/304L Pipe Fitting, Nipple, Schedule 40 Welded, 4"" X 6"" NPT Male by Merit Brass
<a_109><b_114><c_135> :: ids=[176] :: fam=other :: URBEST 530 Pcs 2:1 Heat Shrink Tubing Tube Sleeving Wrap Cable Wire 5 Color 8 Size
<a_40><b_107><c_46> :: ids=[1265] :: fam=connector_fitting :: Gardner Bender 10-104 100PK Ring Terminal, 100 Pack, Blue
<a_40><b_18><c_9> :: ids=[521] :: fam=connector_fitting :: Gardner Bender 19-001 WireGard Screw-On Wire Connectors, 22-16 AWG, Electrical Wire Nut, 14 pk, Grey"
r693_gain_vs_original_at10,925,connector_fitting,42,"Precision Brand M6S Micro Seal, Miniature All Stainless Worm Gear Hose Clamp, 5/16"" - 7/8"" (Pack of 10)",20.0,8.0,hit@10,0,3,"<a_108><b_215><c_36> :: ids=[1772] :: fam=connector_fitting :: Dixon Valve HHP2M Brass Fitting, Hex Head Plug, 1/4"" NPT Male
<a_108><b_42><c_61> :: ids=[2014] :: fam=connector_fitting :: Red Brass Pipe Fitting, Nipple, Schedule 40 Seamless, 1/4"" NPT Male X 1-1/2"" Length
<a_108><b_42><c_193> :: ids=[3345] :: fam=connector_fitting :: Red Brass Pipe Fitting, Nipple, Schedule 40 Seamless, 1/4"" NPT Male X 3"" Length
<a_108><b_42><c_9> :: ids=[101] :: fam=connector_fitting :: Stainless Steel 304/304L Pipe Fitting, Nipple, Schedule 40 Welded, 4"" X 6"" NPT Male by Merit Brass
<a_170><b_10><c_12> :: ids=[350] :: fam=tape :: Mill-Rose 70887 Blue Monster PTFE Pipe Thread Sealant Tape, 1-Inch x 1429-Inches, Blue","<a_181><b_139><c_99> :: ids=[152] :: fam=connector_fitting :: Camco 4ft TastePURE Drinking Water Hose - Lead and BPA Free, Reinforced for Maximum Kink Resistance,  1/2""Inner Diameter (22763)
<a_190><b_64><c_29> :: ids=[819] :: fam=3d_filament :: Inkbird ITC-1000 Dual Stage Digital Temperature Controller Fahrenheit  Celsius Thermostat with Sensor for 3D Printer,Freezer,Fridge,Hatching ect (12 Volt)
<a_157><b_13><c_203> :: ids=[350] :: fam=tape :: Mill-Rose 70887 Blue Monster PTFE Pipe Thread Sealant Tape, 1-Inch x 1429-Inches, Blue
<a_138><b_9><c_137> :: ids=[395] :: fam=other :: Arctic Silver 5 AS5-3.5G Thermal Paste
<a_181><b_246><c_255> :: ids=[1772] :: fam=connector_fitting :: Dixon Valve HHP2M Brass Fitting, Hex Head Plug, 1/4"" NPT Male"
r693_gain_vs_original_at10,1990,connector_fitting,152,"Camco 4ft TastePURE Drinking Water Hose - Lead and BPA Free, Reinforced for Maximum Kink Resistance,  1/2""Inner Diameter (22763)",14.0,10.0,hit@10,0,2,"<a_44><b_217><c_50> :: ids=[303] :: fam=other :: AMMEX - AINPF46100 - Medical Nitrile Gloves - Disposable, Powder Free, Exam Grade, 3 mil, Large, Indigo (Case of 1000)
<a_44><b_9><c_196> :: ids=[780] :: fam=other :: Dynarex 2513 SafeTouch Nitrile Exam Gloves, Non-Latex, Powder Free, Large, Blue (Pack of 100)
<a_44><b_9><c_168> :: ids=[283] :: fam=other :: Nitrile Exam Glove (non-latex) PF Medium Blue 100/BX
<a_210><b_156><c_39> :: ids=[119] :: fam=other :: Rubbermaid Commercial BRUTE Heavy-Duty Round Waste/Utility Container with Venting Channels, 20-gallon, Gray (FG262000GRAY)
<a_107><b_93><c_0> :: ids=[181, 182] :: fam=gauge_meter :: AcuRite 00613 Humidity Monitor with Indoor Thermometer, Digital Hygrometer and Humidity Gauge Indicator / AcuRite 00613 Humidity Monitor with Indoor Thermometer, Digital Hygrometer","<a_31><b_179><c_201> :: ids=[467] :: fam=tape :: 3M Utility Duct Tape 2929 Silver, 1.88 in x 50 yd 5.8 mils (Pack of 1)
<a_190><b_103><c_0> :: ids=[181, 182] :: fam=gauge_meter :: AcuRite 00613 Humidity Monitor with Indoor Thermometer, Digital Hygrometer and Humidity Gauge Indicator / AcuRite 00613 Humidity Monitor with Indoor Thermometer, Digital Hygrometer
<a_138><b_9><c_137> :: ids=[395] :: fam=other :: Arctic Silver 5 AS5-3.5G Thermal Paste
<a_211><b_154><c_68> :: ids=[513] :: fam=other :: Kimberly-Clark Professional Kimtech Science KimWipes Delicate Task Wipers, 4.4 x 8.4 in. 1-ply
<a_9><b_170><c_21> :: ids=[1230] :: fam=other :: Dynarex Safe-Touch Nitrile Exam Gloves, Powder-Free, X-Large, 100 Count Box"
r693_gain_vs_original_at10,3152,connector_fitting,42,"Precision Brand M6S Micro Seal, Miniature All Stainless Worm Gear Hose Clamp, 5/16"" - 7/8"" (Pack of 10)",22.0,9.0,hit@10,0,0,"<a_193><b_58><c_115> :: ids=[814] :: fam=other :: DEWALT DW4902 1-Inch by 1/4-Inch High Performance Carbon Knot Wire End Brush, 0.020-Inch Wire
<a_193><b_36><c_63> :: ids=[32] :: fam=other :: 4-1/2"" Cut-off Wheels for Metal, for Cutting All Ferrous Metals and Stainless Steel
<a_193><b_64><c_16> :: ids=[1042] :: fam=other :: uxcell Mandrel Mounted White Conical Felt Point Polishing Tool
<a_193><b_58><c_166> :: ids=[333] :: fam=other :: DEWALT DW4930 4-Inch by 5/8-Inch-11 Full Cable Twist Wire Wheel/Carbon Steel .020-Inch
<a_193><b_5><c_106> :: ids=[341] :: fam=other :: Neiko 11108A 4.5&rdquo; x 7/8-Inch Aluminum Oxide Flap Disc, 80 Grit | Flat Type #27 | 10-Pack","<a_31><b_179><c_201> :: ids=[467] :: fam=tape :: 3M Utility Duct Tape 2929 Silver, 1.88 in x 50 yd 5.8 mils (Pack of 1)
<a_238><b_232><c_129> :: ids=[335] :: fam=other :: Dewalt DW8061B5 4 x 0.045 Inch Metal and Stainless Steel Cutting Wheels , 4 Inch by 0.045-Inch
<a_190><b_103><c_0> :: ids=[181, 182] :: fam=gauge_meter :: AcuRite 00613 Humidity Monitor with Indoor Thermometer, Digital Hygrometer and Humidity Gauge Indicator / AcuRite 00613 Humidity Monitor with Indoor Thermometer, Digital Hygrometer
<a_238><b_214><c_7> :: ids=[328] :: fam=other :: DEWALT DW4528 4-1/2-Inch by 1/8-Inch by 7/8-Inch Concrete/Masonry Cutting Wheel
<a_31><b_155><c_192> :: ids=[168] :: fam=tape :: Scotch Super 33+ Vinyl Electrical Tape, 3/4 in x 66 ft"
r693_gain_vs_original_at10,3228,connector_fitting,2104,"Anderson Metals Brass Garden Hose Fitting, Connector, 3/4"" Barb x 3/4"" Male Hose",,1.0,hit@10,0,1,"<a_228><b_113><c_68> :: ids=[152] :: fam=connector_fitting :: Camco 4ft TastePURE Drinking Water Hose - Lead and BPA Free, Reinforced for Maximum Kink Resistance,  1/2""Inner Diameter (22763)
<a_108><b_107><c_125> :: ids=[1768] :: fam=connector_fitting :: Anderson Metals Brass Pipe Fitting, Barstock Street Tee, 1/8"" Female Pipe x 1/8"" Male Pipe x 1/8"" Female Pipe
<a_108><b_215><c_36> :: ids=[1772] :: fam=connector_fitting :: Dixon Valve HHP2M Brass Fitting, Hex Head Plug, 1/4"" NPT Male
<a_108><b_88><c_41> :: ids=[225] :: fam=connector_fitting :: Anderson Metals Brass Hose Fitting, Connector, 5/16"" Barb x 3/8"" Male Pipe
<a_108><b_83><c_114> :: ids=[857] :: fam=other :: Dixon FBVG100 Brass Ball Valve, 1"" NPT Female","<a_231><b_193><c_118> :: ids=[2104] :: fam=connector_fitting :: Anderson Metals Brass Garden Hose Fitting, Connector, 3/4"" Barb x 3/4"" Male Hose
<a_231><b_193><c_110> :: ids=[225] :: fam=connector_fitting :: Anderson Metals Brass Hose Fitting, Connector, 5/16"" Barb x 3/8"" Male Pipe
<a_231><b_33><c_21> :: ids=[689] :: fam=connector_fitting :: Anderson Metals Brass Garden Hose Swivel Fitting, Connector, 1/2"" Barb x 3/4"" Female Hose
<a_231><b_198><c_94> :: ids=[800] :: fam=connector_fitting :: Anderson Metals 57001-0402 Brass Hose Fitting, Adapter, 1/4"" Barb x 1/8"" NPT Male Pipe
<a_231><b_198><c_251> :: ids=[226] :: fam=connector_fitting :: Anderson Metals Brass Hose Fitting, Connector, 3/4"" Barb x 3/4"" Male Pipe"
r693_gain_vs_original_at10,3420,connector_fitting,2561,"Uxcell a11102000ux0355 2N3906 General Purpose 3 Terminals PNP Transistors, 100 Piece",,6.0,hit@10,0,1,"<a_30><b_229><c_164> :: ids=[1602] :: fam=other :: STMicroelectronics L7805CV 5V 1.5A Positive Voltage Regulator, 5 Pieces
<a_73><b_231><c_56> :: ids=[734] :: fam=other :: microtivity IL188 5mm Assorted Clear LED w/Resistors (8 Colors, Pack of 80)
<a_30><b_191><c_20> :: ids=[635] :: fam=other :: Texas Instruments NE555N NE555 NE555P General Purpose Single Bipolar Timer DIP8 50 Pack
<a_30><b_38><c_253> :: ids=[2958] :: fam=other :: 50 Pcs 16.000MHz AT49S 20PF DIP Quartz Crystal Oscillator
<a_30><b_186><c_132> :: ids=[2446] :: fam=other :: 100x 1N4007 Diode 1A 1000V Rectifier Diodes Arduino Motor Snubber Flyback","<a_75><b_169><c_59> :: ids=[2983] :: fam=other :: E-Projects EPC-105 16 Value Resistor Kit, 10 Ohm - 1M Ohm, 1/2 Watt (Pack of 400)
<a_75><b_169><c_4> :: ids=[1601] :: fam=other :: E-Projects EPC-103 16 Value Resistor Kit, 10 Ohm - 1M Ohm (Pack of 400)
<a_134><b_254><c_47> :: ids=[145] :: fam=other :: Marrywindix 6pcs ESD Precision Anti-Static Tweezers, Tweezers Stainless Steel Tweezers with a Bag for Electronics Jewelry-Making Repairing
<a_126><b_162><c_235> :: ids=[1820] :: fam=other :: Uxcell a14041800ux1143 25Pcs Double Sided Protoboard Prototyping Pcb Board 4cm x 6cm
<a_75><b_214><c_15> :: ids=[633] :: fam=other :: 100 x 2N2222 NPN TO-92 Plastic-Encapsulate Power Transistors 75V 600mA"
r693_gain_vs_original_at10,3189,tape,1373,"X-Treme Tape TPE-XZLBRD Silicone Rubber Self Fusing Tape, 1"" x 10', Triangular, Bright Red",41.0,4.0,hit@10,1,3,"<a_173><b_93><c_124> :: ids=[40] :: fam=other :: Forney 20859 Cutting Fluid, Industrial Pro Tap Magic, 1-Gallon
<a_202><b_198><c_218> :: ids=[950] :: fam=tape :: X-Treme Tape TPE-XZLCLR Silicone Rubber Self Fusing Tape, 1"" x 10', Triangular, Clear
<a_173><b_201><c_145> :: ids=[140] :: fam=other :: DuPont Teflon Silicone Lubricant
<a_197><b_204><c_0> :: ids=[139, 774] :: fam=other :: DuPont Teflon Non-Stick / DuPont Teflon Non-Stick
<a_173><b_224><c_249> :: ids=[1620] :: fam=other :: Krytox GPL 205 Grease, Pure PFPE/PTFE, 2 oz Tube","<a_168><b_85><c_176> :: ids=[140] :: fam=other :: DuPont Teflon Silicone Lubricant
<a_31><b_171><c_9> :: ids=[450] :: fam=tape :: X-Treme Tape TPE-X36ZLB Silicone Rubber Self Fusing Tape, 1"" x 36', Triangular, Black
<a_190><b_103><c_0> :: ids=[181, 182] :: fam=gauge_meter :: AcuRite 00613 Humidity Monitor with Indoor Thermometer, Digital Hygrometer and Humidity Gauge Indicator / AcuRite 00613 Humidity Monitor with Indoor Thermometer, Digital Hygrometer
<a_31><b_171><c_67> :: ids=[1373] :: fam=tape :: X-Treme Tape TPE-XZLBRD Silicone Rubber Self Fusing Tape, 1"" x 10', Triangular, Bright Red
<a_77><b_45><c_0> :: ids=[139, 774] :: fam=other :: DuPont Teflon Non-Stick / DuPont Teflon Non-Stick"
r693_gain_vs_original_at10,3731,tape,165,"Duck Brand 299006 3/4-Inch by 60 Feet Utility Vinyl Electrical Tape with Single Roll, Black, 3/4 Inch x Economy",,9.0,hit@10,1,2,"<a_233><b_239><c_74> :: ids=[856] :: fam=tape :: Tesa  Wire Loom Harness Tape Used By Mercedes BMW VW Audi
<a_108><b_75><c_97> :: ids=[419] :: fam=gauge_meter :: Bostitch BTFP72326 Regulator and Gauge Kit with 1/4-Inch NPT Thread
<a_108><b_250><c_52> :: ids=[1360] :: fam=connector_fitting :: 4"" to 2-1/2"" - Y - DUST COLLECTION HOSE FITTING By Peachtree Woodworking - PW416
<a_108><b_83><c_114> :: ids=[857] :: fam=other :: Dixon FBVG100 Brass Ball Valve, 1"" NPT Female
<a_71><b_245><c_231> :: ids=[3403] :: fam=other :: Nite Ize LSBM-01-2R3 S-Biner MicroLock Stainless Steel, 2-Pack, Black","<a_31><b_51><c_218> :: ids=[856] :: fam=tape :: Tesa  Wire Loom Harness Tape Used By Mercedes BMW VW Audi
<a_190><b_103><c_0> :: ids=[181, 182] :: fam=gauge_meter :: AcuRite 00613 Humidity Monitor with Indoor Thermometer, Digital Hygrometer and Humidity Gauge Indicator / AcuRite 00613 Humidity Monitor with Indoor Thermometer, Digital Hygrometer
<a_31><b_50><c_138> :: ids=[116] :: fam=tape :: Rescue Tape RT1000201202USCO
<a_40><b_72><c_127> :: ids=[201] :: fam=connector_fitting :: ColorConnex Coupler & Plug Kit (7 Piece), Industrial Type D, 1/4 in. NPT, Red - A73457D
<a_31><b_155><c_192> :: ids=[168] :: fam=tape :: Scotch Super 33+ Vinyl Electrical Tape, 3/4 in x 66 ft"
r693_gain_vs_original_at10,4337,tape,1827,"X-Treme Tape TPE-XZLG Silicone Rubber Self Fusing Tape, 1"" x 10', Triangular, Gray",25.0,8.0,hit@10,1,3,"<a_202><b_198><c_218> :: ids=[950] :: fam=tape :: X-Treme Tape TPE-XZLCLR Silicone Rubber Self Fusing Tape, 1"" x 10', Triangular, Clear
<a_202><b_198><c_182> :: ids=[2596] :: fam=tape :: X-Treme Tape TPE-XZLYEL Silicone Rubber Self Fusing Tape, 1"" x 10', Triangular, Yellow
<a_165><b_59><c_69> :: ids=[675] :: fam=adhesive_epoxy :: J-B Weld 8265S Original Cold-Weld Steel Reinforced Epoxy - 2 oz.
<a_15><b_155><c_49> :: ids=[98] :: fam=metadata_placeholder :: Industrial & Scientific"" />
<a_202><b_198><c_76> :: ids=[1373] :: fam=tape :: X-Treme Tape TPE-XZLBRD Silicone Rubber Self Fusing Tape, 1"" x 10', Triangular, Bright Red","<a_31><b_171><c_89> :: ids=[2596] :: fam=tape :: X-Treme Tape TPE-XZLYEL Silicone Rubber Self Fusing Tape, 1"" x 10', Triangular, Yellow
<a_31><b_171><c_67> :: ids=[1373] :: fam=tape :: X-Treme Tape TPE-XZLBRD Silicone Rubber Self Fusing Tape, 1"" x 10', Triangular, Bright Red
<a_31><b_171><c_120> :: ids=[950] :: fam=tape :: X-Treme Tape TPE-XZLCLR Silicone Rubber Self Fusing Tape, 1"" x 10', Triangular, Clear
<a_31><b_171><c_9> :: ids=[450] :: fam=tape :: X-Treme Tape TPE-X36ZLB Silicone Rubber Self Fusing Tape, 1"" x 36', Triangular, Black
<a_31><b_171><c_232> :: ids=[975] :: fam=tape :: X-Treme Tape TPE-XZLB Silicone Rubber Self Fusing Tape, 1"" x 10', Triangular, Black"
r693_gain_vs_original_at10,11,tape,450,"X-Treme Tape TPE-X36ZLB Silicone Rubber Self Fusing Tape, 1"" x 36', Triangular, Black",,2.0,hit@10,0,2,"<a_173><b_93><c_136> :: ids=[74] :: fam=other :: Hot Max 27050 Tap Magic Cutting Fluid, 4 oz.
<a_173><b_93><c_124> :: ids=[40] :: fam=other :: Forney 20859 Cutting Fluid, Industrial Pro Tap Magic, 1-Gallon
<a_107><b_93><c_0> :: ids=[181, 182] :: fam=gauge_meter :: AcuRite 00613 Humidity Monitor with Indoor Thermometer, Digital Hygrometer and Humidity Gauge Indicator / AcuRite 00613 Humidity Monitor with Indoor Thermometer, Digital Hygrometer
<a_173><b_23><c_3> :: ids=[141] :: fam=other :: Break-Free CLP-2 Cleaner Lubricant Preservative 4 oz (113.4 gram) Aerosol
<a_173><b_23><c_0> :: ids=[340] :: fam=other :: Break-Free CLP-4 Cleaner Lubricant Preservative Squeeze Bottle (4 -Fluid Ounce)","<a_185><b_83><c_203> :: ids=[457] :: fam=other :: CRC 03400 16oz Truetap Cutting Fluid Heavy Duty Bottle
<a_31><b_171><c_9> :: ids=[450] :: fam=tape :: X-Treme Tape TPE-X36ZLB Silicone Rubber Self Fusing Tape, 1"" x 36', Triangular, Black
<a_185><b_2><c_12> :: ids=[123] :: fam=other :: Red Devil 0325 Steel Wool, 2 Medium Course, 8 Pads
<a_185><b_22><c_219> :: ids=[40] :: fam=other :: Forney 20859 Cutting Fluid, Industrial Pro Tap Magic, 1-Gallon
<a_31><b_171><c_67> :: ids=[1373] :: fam=tape :: X-Treme Tape TPE-XZLBRD Silicone Rubber Self Fusing Tape, 1"" x 10', Triangular, Bright Red"
r693_gain_vs_original_at10,2031,tape,450,"X-Treme Tape TPE-X36ZLB Silicone Rubber Self Fusing Tape, 1"" x 36', Triangular, Black",,1.0,hit@10,0,2,"<a_202><b_198><c_218> :: ids=[950] :: fam=tape :: X-Treme Tape TPE-XZLCLR Silicone Rubber Self Fusing Tape, 1"" x 10', Triangular, Clear
<a_107><b_93><c_0> :: ids=[181, 182] :: fam=gauge_meter :: AcuRite 00613 Humidity Monitor with Indoor Thermometer, Digital Hygrometer and Humidity Gauge Indicator / AcuRite 00613 Humidity Monitor with Indoor Thermometer, Digital Hygrometer
<a_202><b_100><c_73> :: ids=[23] :: fam=tape :: Gardner Bender 07315001126 LTB-400 Liquid Electrical Tape, Easy-on, Waterproof, Indoor/Outdoor Use, 4 Oz. Jar, Black, Bottle
<a_202><b_62><c_182> :: ids=[116] :: fam=tape :: Rescue Tape RT1000201202USCO
<a_104><b_175><c_76> :: ids=[1867] :: fam=tape :: CyberTech Reflective Tape for Optical and Laser Non-Contact Digital Photo Tachometers Tach RPM- 10 strips","<a_31><b_171><c_9> :: ids=[450] :: fam=tape :: X-Treme Tape TPE-X36ZLB Silicone Rubber Self Fusing Tape, 1"" x 36', Triangular, Black
<a_31><b_171><c_67> :: ids=[1373] :: fam=tape :: X-Treme Tape TPE-XZLBRD Silicone Rubber Self Fusing Tape, 1"" x 10', Triangular, Bright Red
<a_31><b_171><c_120> :: ids=[950] :: fam=tape :: X-Treme Tape TPE-XZLCLR Silicone Rubber Self Fusing Tape, 1"" x 10', Triangular, Clear
<a_31><b_171><c_89> :: ids=[2596] :: fam=tape :: X-Treme Tape TPE-XZLYEL Silicone Rubber Self Fusing Tape, 1"" x 10', Triangular, Yellow
<a_31><b_171><c_232> :: ids=[975] :: fam=tape :: X-Treme Tape TPE-XZLB Silicone Rubber Self Fusing Tape, 1"" x 10', Triangular, Black"
r693_gain_vs_original_at10,2403,tape,1827,"X-Treme Tape TPE-XZLG Silicone Rubber Self Fusing Tape, 1"" x 10', Triangular, Gray",42.0,5.0,hit@10,0,5,"<a_202><b_198><c_77> :: ids=[975] :: fam=tape :: X-Treme Tape TPE-XZLB Silicone Rubber Self Fusing Tape, 1"" x 10', Triangular, Black
<a_202><b_198><c_218> :: ids=[950] :: fam=tape :: X-Treme Tape TPE-XZLCLR Silicone Rubber Self Fusing Tape, 1"" x 10', Triangular, Clear
<a_202><b_198><c_76> :: ids=[1373] :: fam=tape :: X-Treme Tape TPE-XZLBRD Silicone Rubber Self Fusing Tape, 1"" x 10', Triangular, Bright Red
<a_202><b_198><c_139> :: ids=[1665] :: fam=tape :: X-Treme Tape TPE-XZLW Silicone Rubber Self Fusing Tape, 1"" x 10', Triangular, White
<a_202><b_198><c_10> :: ids=[2045] :: fam=tape :: X-Treme Tape TPE-XR1510ZLB Silicone Rubber Self Fusing Tape, 1.5"" x 10', Rectangular, Black","<a_31><b_171><c_89> :: ids=[2596] :: fam=tape :: X-Treme Tape TPE-XZLYEL Silicone Rubber Self Fusing Tape, 1"" x 10', Triangular, Yellow
<a_31><b_171><c_120> :: ids=[950] :: fam=tape :: X-Treme Tape TPE-XZLCLR Silicone Rubber Self Fusing Tape, 1"" x 10', Triangular, Clear
<a_31><b_171><c_232> :: ids=[975] :: fam=tape :: X-Treme Tape TPE-XZLB Silicone Rubber Self Fusing Tape, 1"" x 10', Triangular, Black
<a_31><b_171><c_67> :: ids=[1373] :: fam=tape :: X-Treme Tape TPE-XZLBRD Silicone Rubber Self Fusing Tape, 1"" x 10', Triangular, Bright Red
<a_31><b_171><c_168> :: ids=[1827] :: fam=tape :: X-Treme Tape TPE-XZLG Silicone Rubber Self Fusing Tape, 1"" x 10', Triangular, Gray"
r693_gain_vs_original_at10,2882,tape,130,"Gorilla Tape, Black Duct Tape, 1.88"" x 35 yd, Black, (Pack of 1)",,3.0,hit@10,0,2,"<a_228><b_75><c_44> :: ids=[416] :: fam=connector_fitting :: PRO 1 Fuel Line Hose 1/4 Inch Inside Diameter X 25 Feet Length NRB/PVCC SAE30R6
<a_107><b_93><c_0> :: ids=[181, 182] :: fam=gauge_meter :: AcuRite 00613 Humidity Monitor with Indoor Thermometer, Digital Hygrometer and Humidity Gauge Indicator / AcuRite 00613 Humidity Monitor with Indoor Thermometer, Digital Hygrometer
<a_202><b_52><c_97> :: ids=[175] :: fam=tape :: Gorilla Crystal Clear Duct Tape, 1.88&rdquo; x 9 yd, Clear, (Pack of 1)
<a_165><b_107><c_20> :: ids=[257] :: fam=adhesive_epoxy :: Gorilla 5000408  Original Gorilla Glue, Waterproof Polyurethane Glue, 4 ounce Bottle, Brown
<a_165><b_59><c_69> :: ids=[675] :: fam=adhesive_epoxy :: J-B Weld 8265S Original Cold-Weld Steel Reinforced Epoxy - 2 oz.","<a_31><b_208><c_41> :: ids=[125] :: fam=tape :: Gorilla 6100101 Tape Handy Roll, 1-Pack, Black
<a_31><b_155><c_192> :: ids=[168] :: fam=tape :: Scotch Super 33+ Vinyl Electrical Tape, 3/4 in x 66 ft
<a_31><b_89><c_252> :: ids=[130] :: fam=tape :: Gorilla Tape, Black Duct Tape, 1.88"" x 35 yd, Black, (Pack of 1)
<a_190><b_103><c_0> :: ids=[181, 182] :: fam=gauge_meter :: AcuRite 00613 Humidity Monitor with Indoor Thermometer, Digital Hygrometer and Humidity Gauge Indicator / AcuRite 00613 Humidity Monitor with Indoor Thermometer, Digital Hygrometer
<a_31><b_179><c_201> :: ids=[467] :: fam=tape :: 3M Utility Duct Tape 2929 Silver, 1.88 in x 50 yd 5.8 mils (Pack of 1)"
r693_lost_vs_original_at1,420,3d_filament,444,"HATCHBOX ABS 3D Printer Filament, Dimensional Accuracy +/- 0.03 mm, 1 kg Spool, 1.75 mm, White",1.0,6.0,hit@10,1,2,"<a_223><b_198><c_114> :: ids=[444] :: fam=3d_filament :: HATCHBOX ABS 3D Printer Filament, Dimensional Accuracy +/- 0.03 mm, 1 kg Spool, 1.75 mm, White
<a_223><b_198><c_36> :: ids=[50] :: fam=3d_filament :: HATCHBOX PLA 3D Printer Filament, Dimensional Accuracy +/- 0.03 mm, 1 kg Spool, 1.75 mm, Blue
<a_223><b_20><c_170> :: ids=[1847] :: fam=3d_filament :: HATCHBOX PLA 3D Printer Filament, Dimensional Accuracy +/- 0.03 mm, 1 kg Spool, 1.75 mm, White
<a_223><b_198><c_230> :: ids=[1107] :: fam=3d_filament :: HATCHBOX PLA 3D Printer Filament, Dimensional Accuracy +/- 0.03 mm, 1 kg Spool, 1.75 mm, Glow in the Dark
<a_223><b_198><c_234> :: ids=[3308] :: fam=3d_filament :: HATCHBOX ABS 3D Printer Filament, Dimensional Accuracy +/- 0.03 mm, 1 kg Spool, 1.75 mm, Yellow","<a_178><b_166><c_183> :: ids=[2477] :: fam=3d_filament :: BAMtack! 1.75mm Black PLA 3D Printer Filament - 1kg (2.2 lbs) - Dimensional Accuracy +/- 0.03mm
<a_178><b_150><c_117> :: ids=[2544] :: fam=3d_filament :: SainSmart Clear Flexible TPU 3D Printing Filament, 1.75 mm, 0.8 kg, Dimensional Accuracy +/- 0.05 mm
<a_178><b_150><c_186> :: ids=[2714] :: fam=3d_filament :: NinjaFlex TPU 3D Printing Filament - 1.75mm .50kg - SAPPHIRE
<a_178><b_154><c_141> :: ids=[2472] :: fam=3d_filament :: HATCHBOX ABS 3D Printer Filament, Dimensional Accuracy +/- 0.03 mm, 1 kg Spool, 1.75 mm, Black
<a_178><b_252><c_162> :: ids=[1847] :: fam=3d_filament :: HATCHBOX PLA 3D Printer Filament, Dimensional Accuracy +/- 0.03 mm, 1 kg Spool, 1.75 mm, White"
r693_lost_vs_original_at1,975,3d_filament,2979,Inland 1.75mm Gray PLA 3D Printer Filament - 1kg Spool (2.2 lbs),1.0,37.0,leaf_or_rank_miss_after_L2_hit,1,2,"<a_158><b_72><c_88> :: ids=[2979] :: fam=3d_filament :: Inland 1.75mm Gray PLA 3D Printer Filament - 1kg Spool (2.2 lbs)
<a_158><b_72><c_232> :: ids=[2734] :: fam=3d_filament :: Inland 1.75mm White PLA 3D Printer Filament - 1kg Spool (2.2 lbs)
<a_158><b_72><c_76> :: ids=[3546] :: fam=3d_filament :: Inland 1.75mm Orange PLA 3D Printer Filament - 1kg Spool (2.2 lbs)
<a_158><b_72><c_219> :: ids=[2932] :: fam=3d_filament :: Inland 1.75mm Blue PLA 3D Printer Filament - 1kg Spool (2.2 lbs)
<a_223><b_72><c_76> :: ids=[3670] :: fam=3d_filament :: HATCHBOX PETG 3D Printer Filament, Dimensional Accuracy +/- 0.03 mm, 1 kg Spool, 1.75 mm, Red","<a_178><b_150><c_117> :: ids=[2544] :: fam=3d_filament :: SainSmart Clear Flexible TPU 3D Printing Filament, 1.75 mm, 0.8 kg, Dimensional Accuracy +/- 0.05 mm
<a_178><b_150><c_186> :: ids=[2714] :: fam=3d_filament :: NinjaFlex TPU 3D Printing Filament - 1.75mm .50kg - SAPPHIRE
<a_220><b_114><c_145> :: ids=[2932] :: fam=3d_filament :: Inland 1.75mm Blue PLA 3D Printer Filament - 1kg Spool (2.2 lbs)
<a_212><b_17><c_91> :: ids=[2926] :: fam=3d_filament :: HICTOP 5 Pieces 3D Printer Extruder Hotend 1.75mm Nozzle Throat for Reprap Prusa I3
<a_178><b_166><c_183> :: ids=[2477] :: fam=3d_filament :: BAMtack! 1.75mm Black PLA 3D Printer Filament - 1kg (2.2 lbs) - Dimensional Accuracy +/- 0.03mm"
r693_lost_vs_original_at1,1260,3d_filament,2161,"3D Solutech Natural Clear 1.75mm 3D Printer PLA Filament, Dimensional Accuracy +/- 0.03 mm, 2.2 LBS (1.0KG)",1.0,2.0,hit@10,1,6,"<a_223><b_80><c_140> :: ids=[2161] :: fam=3d_filament :: 3D Solutech Natural Clear 1.75mm 3D Printer PLA Filament, Dimensional Accuracy +/- 0.03 mm, 2.2 LBS (1.0KG)
<a_223><b_80><c_3> :: ids=[3112, 3493] :: fam=3d_filament :: 3D Solutech Real Black 3D Printer PLA Filament 1.75MM Filament, Dimensional Accuracy +/- 0.03 mm, 2.2 LBS (1.0KG) - PLA175RBLK / 3D Solutech Printer Filament, Real Blue PLA, 1.75MM
<a_223><b_80><c_128> :: ids=[2993] :: fam=3d_filament :: 3D Solutech Blue 3D Printer Ultra PLA Filament 1.75MM Filament, Dimensional Accuracy +/- 0.03 mm, 2.2 LBS (1.0KG)
<a_223><b_80><c_0> :: ids=[2659, 3557, 3631] :: fam=3d_filament :: 3D Solutech Apple Green 3D Printer PLA Filament 1.75MM Filament, Dimensional Accuracy +/- 0.03 mm, 2.2 LBS (1.0KG) / 3D Solutech Chocolate Brown 3D Printer PLA Filament 1.75MM Fila
<a_223><b_80><c_84> :: ids=[2909] :: fam=3d_filament :: 3D Solutech Silver Metal 3D Printer PLA Filament 1.75MM Filament, Dimensional Accuracy +/- 0.03 mm, 2.2 LBS (1.0KG) - PLA175TCMS","<a_178><b_14><c_6> :: ids=[2909, 3494] :: fam=3d_filament :: 3D Solutech Silver Metal 3D Printer PLA Filament 1.75MM Filament, Dimensional Accuracy +/- 0.03 mm, 2.2 LBS (1.0KG) - PLA175TCMS / 3D Solutech Real Yellow 3D Printer PLA Filament 1
<a_178><b_14><c_107> :: ids=[2161] :: fam=3d_filament :: 3D Solutech Natural Clear 1.75mm 3D Printer PLA Filament, Dimensional Accuracy +/- 0.03 mm, 2.2 LBS (1.0KG)
<a_178><b_14><c_26> :: ids=[3442] :: fam=3d_filament :: 3D Solutech Real Purple 3D Printer PLA Filament 1.75MM Filament, Dimensional Accuracy +/- 0.03 mm, 2.2 LBS (1.0KG)
<a_178><b_14><c_135> :: ids=[2993] :: fam=3d_filament :: 3D Solutech Blue 3D Printer Ultra PLA Filament 1.75MM Filament, Dimensional Accuracy +/- 0.03 mm, 2.2 LBS (1.0KG)
<a_178><b_14><c_150> :: ids=[3466] :: fam=3d_filament :: 3D Solutech Real Red 3D Printer PLA Filament 1.75MM, Dimensional Accuracy +/- 0.03 mm, 2.2 LBS (1.0KG) - RA-I00I-DQUY"
r693_lost_vs_original_at1,2042,3d_filament,2909,"3D Solutech Silver Metal 3D Printer PLA Filament 1.75MM Filament, Dimensional Accuracy +/- 0.03 mm, 2.2 LBS (1.0KG) - PLA175TCMS",1.0,5.0,hit@10,1,1,"<a_223><b_80><c_84> :: ids=[2909] :: fam=3d_filament :: 3D Solutech Silver Metal 3D Printer PLA Filament 1.75MM Filament, Dimensional Accuracy +/- 0.03 mm, 2.2 LBS (1.0KG) - PLA175TCMS
<a_223><b_80><c_0> :: ids=[2659, 3557, 3631] :: fam=3d_filament :: 3D Solutech Apple Green 3D Printer PLA Filament 1.75MM Filament, Dimensional Accuracy +/- 0.03 mm, 2.2 LBS (1.0KG) / 3D Solutech Chocolate Brown 3D Printer PLA Filament 1.75MM Fila
<a_223><b_80><c_3> :: ids=[3112, 3493] :: fam=3d_filament :: 3D Solutech Real Black 3D Printer PLA Filament 1.75MM Filament, Dimensional Accuracy +/- 0.03 mm, 2.2 LBS (1.0KG) - PLA175RBLK / 3D Solutech Printer Filament, Real Blue PLA, 1.75MM
<a_223><b_80><c_159> :: ids=[2697] :: fam=3d_filament :: 3D Solutech Real White 3D Printer PLA Filament 1.75MM Filament, Dimensional Accuracy +/- 0.03 mm, 2.2 LBS (1.0KG)
<a_223><b_80><c_140> :: ids=[2161] :: fam=3d_filament :: 3D Solutech Natural Clear 1.75mm 3D Printer PLA Filament, Dimensional Accuracy +/- 0.03 mm, 2.2 LBS (1.0KG)","<a_178><b_165><c_148> :: ids=[2507] :: fam=3d_filament :: HATCHBOX PLA 3D Printer Filament, Dimensional Accuracy +/- 0.03 mm, 1 kg Spool, 1.75 mm, Silver
<a_178><b_154><c_135> :: ids=[1851] :: fam=3d_filament :: HATCHBOX PLA 3D Printer Filament, Dimensional Accuracy +/- 0.03 mm, 1 kg Spool, 1.75 mm, Yellow
<a_178><b_165><c_53> :: ids=[50] :: fam=3d_filament :: HATCHBOX PLA 3D Printer Filament, Dimensional Accuracy +/- 0.03 mm, 1 kg Spool, 1.75 mm, Blue
<a_178><b_165><c_4> :: ids=[1107] :: fam=3d_filament :: HATCHBOX PLA 3D Printer Filament, Dimensional Accuracy +/- 0.03 mm, 1 kg Spool, 1.75 mm, Glow in the Dark
<a_178><b_14><c_6> :: ids=[2909, 3494] :: fam=3d_filament :: 3D Solutech Silver Metal 3D Printer PLA Filament 1.75MM Filament, Dimensional Accuracy +/- 0.03 mm, 2.2 LBS (1.0KG) - PLA175TCMS / 3D Solutech Real Yellow 3D Printer PLA Filament 1"
r693_lost_vs_original_at1,2230,3d_filament,1847,"HATCHBOX PLA 3D Printer Filament, Dimensional Accuracy +/- 0.03 mm, 1 kg Spool, 1.75 mm, White",1.0,3.0,hit@10,1,1,"<a_223><b_20><c_170> :: ids=[1847] :: fam=3d_filament :: HATCHBOX PLA 3D Printer Filament, Dimensional Accuracy +/- 0.03 mm, 1 kg Spool, 1.75 mm, White
<a_223><b_86><c_176> :: ids=[2544] :: fam=3d_filament :: SainSmart Clear Flexible TPU 3D Printing Filament, 1.75 mm, 0.8 kg, Dimensional Accuracy +/- 0.05 mm
<a_223><b_198><c_114> :: ids=[444] :: fam=3d_filament :: HATCHBOX ABS 3D Printer Filament, Dimensional Accuracy +/- 0.03 mm, 1 kg Spool, 1.75 mm, White
<a_223><b_198><c_61> :: ids=[2476] :: fam=3d_filament :: HATCHBOX ABS 3D Printer Filament, Dimensional Accuracy +/- 0.03 mm, 1 kg Spool, 1.75 mm, Transparent White
<a_223><b_198><c_182> :: ids=[1850] :: fam=3d_filament :: HATCHBOX PLA 3D Printer Filament, Dimensional Accuracy +/- 0.03 mm, 1 kg Spool, 1.75 mm, Red","<a_178><b_154><c_141> :: ids=[2472] :: fam=3d_filament :: HATCHBOX ABS 3D Printer Filament, Dimensional Accuracy +/- 0.03 mm, 1 kg Spool, 1.75 mm, Black
<a_178><b_165><c_148> :: ids=[2507] :: fam=3d_filament :: HATCHBOX PLA 3D Printer Filament, Dimensional Accuracy +/- 0.03 mm, 1 kg Spool, 1.75 mm, Silver
<a_178><b_252><c_162> :: ids=[1847] :: fam=3d_filament :: HATCHBOX PLA 3D Printer Filament, Dimensional Accuracy +/- 0.03 mm, 1 kg Spool, 1.75 mm, White
<a_178><b_150><c_117> :: ids=[2544] :: fam=3d_filament :: SainSmart Clear Flexible TPU 3D Printing Filament, 1.75 mm, 0.8 kg, Dimensional Accuracy +/- 0.05 mm
<a_178><b_165><c_53> :: ids=[50] :: fam=3d_filament :: HATCHBOX PLA 3D Printer Filament, Dimensional Accuracy +/- 0.03 mm, 1 kg Spool, 1.75 mm, Blue"
r693_lost_vs_original_at1,2539,3d_filament,2703,"eSUN 3D 1.75mm PETG Black Filament 1kg (2.2lb), PETG 3D Printer Filament, 1.75mm Solid Opaque Black",1.0,2.0,hit@10,1,1,"<a_223><b_126><c_0> :: ids=[2703] :: fam=3d_filament :: eSUN 3D 1.75mm PETG Black Filament 1kg (2.2lb), PETG 3D Printer Filament, 1.75mm Solid Opaque Black
<a_223><b_126><c_115> :: ids=[2158] :: fam=3d_filament :: eSUN 3D 1.75mm PETG Green Filament 1kg (2.2lb), PETG 3D Printer Filament, Semi-Transparent 1.75mm Green
<a_223><b_126><c_16> :: ids=[2157] :: fam=3d_filament :: eSUN 3D 1.75mm PETG Blue Filament 1kg (2.2lb), PETG 3D Printer Filament, 1.75mm Semi-Transparent Blue
<a_158><b_245><c_180> :: ids=[1206] :: fam=3d_filament :: eSUN 1.75mm Black PLA PRO (PLA+) 3D Printer Filament 1KG Spool (2.2lbs), Black
<a_223><b_232><c_186> :: ids=[3414] :: fam=3d_filament :: eSUN 1.75mm White ABS+ 3D Printer filament 1kg Spool (2.2lbs), White","<a_178><b_156><c_135> :: ids=[2893] :: fam=3d_filament :: eSUN 3D 1.75mm PETG White Filament 1kg (2.2lb), PETG 3D Printer Filament, 1.75mm Solid Opaque White
<a_178><b_156><c_59> :: ids=[2703] :: fam=3d_filament :: eSUN 3D 1.75mm PETG Black Filament 1kg (2.2lb), PETG 3D Printer Filament, 1.75mm Solid Opaque Black
<a_220><b_114><c_145> :: ids=[2932] :: fam=3d_filament :: Inland 1.75mm Blue PLA 3D Printer Filament - 1kg Spool (2.2 lbs)
<a_178><b_156><c_58> :: ids=[2157] :: fam=3d_filament :: eSUN 3D 1.75mm PETG Blue Filament 1kg (2.2lb), PETG 3D Printer Filament, 1.75mm Semi-Transparent Blue
<a_178><b_20><c_140> :: ids=[1794] :: fam=3d_filament :: Filabot 910175 Taulman 910 Alloy, 1.75"" Filament Diameter, Natural"
r693_lost_vs_original_at1,3763,3d_filament,2979,Inland 1.75mm Gray PLA 3D Printer Filament - 1kg Spool (2.2 lbs),1.0,8.0,hit@10,1,3,"<a_158><b_72><c_88> :: ids=[2979] :: fam=3d_filament :: Inland 1.75mm Gray PLA 3D Printer Filament - 1kg Spool (2.2 lbs)
<a_158><b_72><c_70> :: ids=[2934] :: fam=3d_filament :: Inland 1.75mm Yellow PLA 3D Printer Filament - 1kg Spool (2.2 lbs)
<a_158><b_72><c_220> :: ids=[2718] :: fam=3d_filament :: Inland 1.75mm Pink PLA 3D Printer Filament - 1kg Spool (2.2 lbs)
<a_158><b_72><c_76> :: ids=[3546] :: fam=3d_filament :: Inland 1.75mm Orange PLA 3D Printer Filament - 1kg Spool (2.2 lbs)
<a_158><b_72><c_6> :: ids=[2485] :: fam=3d_filament :: Inland 1.75mm Gold PLA 3D Printer Filament - 1kg Spool (2.2 lbs)","<a_220><b_114><c_145> :: ids=[2932] :: fam=3d_filament :: Inland 1.75mm Blue PLA 3D Printer Filament - 1kg Spool (2.2 lbs)
<a_178><b_154><c_141> :: ids=[2472] :: fam=3d_filament :: HATCHBOX ABS 3D Printer Filament, Dimensional Accuracy +/- 0.03 mm, 1 kg Spool, 1.75 mm, Black
<a_220><b_114><c_53> :: ids=[2734] :: fam=3d_filament :: Inland 1.75mm White PLA 3D Printer Filament - 1kg Spool (2.2 lbs)
<a_220><b_114><c_156> :: ids=[2934] :: fam=3d_filament :: Inland 1.75mm Yellow PLA 3D Printer Filament - 1kg Spool (2.2 lbs)
<a_212><b_17><c_91> :: ids=[2926] :: fam=3d_filament :: HICTOP 5 Pieces 3D Printer Extruder Hotend 1.75mm Nozzle Throat for Reprap Prusa I3"
r693_lost_vs_original_at1,4002,3d_filament,3112,"3D Solutech Real Black 3D Printer PLA Filament 1.75MM Filament, Dimensional Accuracy +/- 0.03 mm, 2.2 LBS (1.0KG) - PLA175RBLK",1.0,3.0,hit@10,1,2,"<a_223><b_80><c_3> :: ids=[3112, 3493] :: fam=3d_filament :: 3D Solutech Real Black 3D Printer PLA Filament 1.75MM Filament, Dimensional Accuracy +/- 0.03 mm, 2.2 LBS (1.0KG) - PLA175RBLK / 3D Solutech Printer Filament, Real Blue PLA, 1.75MM
<a_223><b_80><c_0> :: ids=[2659, 3557, 3631] :: fam=3d_filament :: 3D Solutech Apple Green 3D Printer PLA Filament 1.75MM Filament, Dimensional Accuracy +/- 0.03 mm, 2.2 LBS (1.0KG) / 3D Solutech Chocolate Brown 3D Printer PLA Filament 1.75MM Fila
<a_223><b_80><c_84> :: ids=[2909] :: fam=3d_filament :: 3D Solutech Silver Metal 3D Printer PLA Filament 1.75MM Filament, Dimensional Accuracy +/- 0.03 mm, 2.2 LBS (1.0KG) - PLA175TCMS
<a_223><b_80><c_101> :: ids=[3494] :: fam=3d_filament :: 3D Solutech Real Yellow 3D Printer PLA Filament 1.75MM Filament, Dimensional Accuracy +/- 0.03 mm, 2.2 LBS (1.0KG)
<a_223><b_80><c_140> :: ids=[2161] :: fam=3d_filament :: 3D Solutech Natural Clear 1.75mm 3D Printer PLA Filament, Dimensional Accuracy +/- 0.03 mm, 2.2 LBS (1.0KG)","<a_178><b_14><c_6> :: ids=[2909, 3494] :: fam=3d_filament :: 3D Solutech Silver Metal 3D Printer PLA Filament 1.75MM Filament, Dimensional Accuracy +/- 0.03 mm, 2.2 LBS (1.0KG) - PLA175TCMS / 3D Solutech Real Yellow 3D Printer PLA Filament 1
<a_178><b_14><c_107> :: ids=[2161] :: fam=3d_filament :: 3D Solutech Natural Clear 1.75mm 3D Printer PLA Filament, Dimensional Accuracy +/- 0.03 mm, 2.2 LBS (1.0KG)
<a_178><b_14><c_94> :: ids=[3112] :: fam=3d_filament :: 3D Solutech Real Black 3D Printer PLA Filament 1.75MM Filament, Dimensional Accuracy +/- 0.03 mm, 2.2 LBS (1.0KG) - PLA175RBLK
<a_178><b_14><c_75> :: ids=[2697] :: fam=3d_filament :: 3D Solutech Real White 3D Printer PLA Filament 1.75MM Filament, Dimensional Accuracy +/- 0.03 mm, 2.2 LBS (1.0KG)
<a_178><b_14><c_135> :: ids=[2993] :: fam=3d_filament :: 3D Solutech Blue 3D Printer Ultra PLA Filament 1.75MM Filament, Dimensional Accuracy +/- 0.03 mm, 2.2 LBS (1.0KG)"
r693_lost_vs_original_at1,4121,3d_filament,3112,"3D Solutech Real Black 3D Printer PLA Filament 1.75MM Filament, Dimensional Accuracy +/- 0.03 mm, 2.2 LBS (1.0KG) - PLA175RBLK",1.0,2.0,hit@10,1,1,"<a_223><b_80><c_3> :: ids=[3112, 3493] :: fam=3d_filament :: 3D Solutech Real Black 3D Printer PLA Filament 1.75MM Filament, Dimensional Accuracy +/- 0.03 mm, 2.2 LBS (1.0KG) - PLA175RBLK / 3D Solutech Printer Filament, Real Blue PLA, 1.75MM
<a_223><b_80><c_0> :: ids=[2659, 3557, 3631] :: fam=3d_filament :: 3D Solutech Apple Green 3D Printer PLA Filament 1.75MM Filament, Dimensional Accuracy +/- 0.03 mm, 2.2 LBS (1.0KG) / 3D Solutech Chocolate Brown 3D Printer PLA Filament 1.75MM Fila
<a_223><b_80><c_84> :: ids=[2909] :: fam=3d_filament :: 3D Solutech Silver Metal 3D Printer PLA Filament 1.75MM Filament, Dimensional Accuracy +/- 0.03 mm, 2.2 LBS (1.0KG) - PLA175TCMS
<a_223><b_80><c_158> :: ids=[2660] :: fam=3d_filament :: 3D Solutech Real Grey 3D Printer PLA Filament 1.75MM Filament, Dimensional Accuracy +/- 0.03 mm, 2.2 LBS (1.0KG)
<a_223><b_80><c_101> :: ids=[3494] :: fam=3d_filament :: 3D Solutech Real Yellow 3D Printer PLA Filament 1.75MM Filament, Dimensional Accuracy +/- 0.03 mm, 2.2 LBS (1.0KG)","<a_178><b_14><c_6> :: ids=[2909, 3494] :: fam=3d_filament :: 3D Solutech Silver Metal 3D Printer PLA Filament 1.75MM Filament, Dimensional Accuracy +/- 0.03 mm, 2.2 LBS (1.0KG) - PLA175TCMS / 3D Solutech Real Yellow 3D Printer PLA Filament 1
<a_178><b_14><c_94> :: ids=[3112] :: fam=3d_filament :: 3D Solutech Real Black 3D Printer PLA Filament 1.75MM Filament, Dimensional Accuracy +/- 0.03 mm, 2.2 LBS (1.0KG) - PLA175RBLK
<a_178><b_14><c_107> :: ids=[2161] :: fam=3d_filament :: 3D Solutech Natural Clear 1.75mm 3D Printer PLA Filament, Dimensional Accuracy +/- 0.03 mm, 2.2 LBS (1.0KG)
<a_178><b_14><c_75> :: ids=[2697] :: fam=3d_filament :: 3D Solutech Real White 3D Printer PLA Filament 1.75MM Filament, Dimensional Accuracy +/- 0.03 mm, 2.2 LBS (1.0KG)
<a_197><b_173><c_161> :: ids=[84] :: fam=gauge_meter :: Neiko 01409A Electronic Digital Caliper with Extra Large LCD Screen | 0 - 12 Inches | Inch/Fractions/Millimeter Conversion"
r693_lost_vs_original_at1,906,3d_filament,2979,Inland 1.75mm Gray PLA 3D Printer Filament - 1kg Spool (2.2 lbs),1.0,21.0,leaf_or_rank_miss_after_L2_hit,0,1,"<a_158><b_72><c_88> :: ids=[2979] :: fam=3d_filament :: Inland 1.75mm Gray PLA 3D Printer Filament - 1kg Spool (2.2 lbs)
<a_158><b_72><c_232> :: ids=[2734] :: fam=3d_filament :: Inland 1.75mm White PLA 3D Printer Filament - 1kg Spool (2.2 lbs)
<a_158><b_72><c_76> :: ids=[3546] :: fam=3d_filament :: Inland 1.75mm Orange PLA 3D Printer Filament - 1kg Spool (2.2 lbs)
<a_158><b_72><c_70> :: ids=[2934] :: fam=3d_filament :: Inland 1.75mm Yellow PLA 3D Printer Filament - 1kg Spool (2.2 lbs)
<a_158><b_72><c_220> :: ids=[2718] :: fam=3d_filament :: Inland 1.75mm Pink PLA 3D Printer Filament - 1kg Spool (2.2 lbs)","<a_220><b_114><c_145> :: ids=[2932] :: fam=3d_filament :: Inland 1.75mm Blue PLA 3D Printer Filament - 1kg Spool (2.2 lbs)
<a_212><b_17><c_91> :: ids=[2926] :: fam=3d_filament :: HICTOP 5 Pieces 3D Printer Extruder Hotend 1.75mm Nozzle Throat for Reprap Prusa I3
<a_178><b_154><c_135> :: ids=[1851] :: fam=3d_filament :: HATCHBOX PLA 3D Printer Filament, Dimensional Accuracy +/- 0.03 mm, 1 kg Spool, 1.75 mm, Yellow
<a_178><b_165><c_148> :: ids=[2507] :: fam=3d_filament :: HATCHBOX PLA 3D Printer Filament, Dimensional Accuracy +/- 0.03 mm, 1 kg Spool, 1.75 mm, Silver
<a_178><b_230><c_5> :: ids=[3016] :: fam=3d_filament :: HATCHBOX 3D Printer Filament, Dimensional Accuracy +/- 0.03mm, 1.75 mm, 1 kg Spool, Wood"
r693_lost_vs_original_at1,1083,3d_filament,2979,Inland 1.75mm Gray PLA 3D Printer Filament - 1kg Spool (2.2 lbs),1.0,12.0,leaf_or_rank_miss_after_L2_hit,0,0,"<a_158><b_72><c_88> :: ids=[2979] :: fam=3d_filament :: Inland 1.75mm Gray PLA 3D Printer Filament - 1kg Spool (2.2 lbs)
<a_158><b_72><c_220> :: ids=[2718] :: fam=3d_filament :: Inland 1.75mm Pink PLA 3D Printer Filament - 1kg Spool (2.2 lbs)
<a_158><b_72><c_76> :: ids=[3546] :: fam=3d_filament :: Inland 1.75mm Orange PLA 3D Printer Filament - 1kg Spool (2.2 lbs)
<a_158><b_72><c_70> :: ids=[2934] :: fam=3d_filament :: Inland 1.75mm Yellow PLA 3D Printer Filament - 1kg Spool (2.2 lbs)
<a_158><b_72><c_232> :: ids=[2734] :: fam=3d_filament :: Inland 1.75mm White PLA 3D Printer Filament - 1kg Spool (2.2 lbs)","<a_220><b_114><c_145> :: ids=[2932] :: fam=3d_filament :: Inland 1.75mm Blue PLA 3D Printer Filament - 1kg Spool (2.2 lbs)
<a_220><b_114><c_53> :: ids=[2734] :: fam=3d_filament :: Inland 1.75mm White PLA 3D Printer Filament - 1kg Spool (2.2 lbs)
<a_220><b_114><c_156> :: ids=[2934] :: fam=3d_filament :: Inland 1.75mm Yellow PLA 3D Printer Filament - 1kg Spool (2.2 lbs)
<a_220><b_114><c_96> :: ids=[3114] :: fam=3d_filament :: Inland 1.75mm Purple PLA 3D Printer Filament - 1kg Spool (2.2 lbs)
<a_220><b_114><c_173> :: ids=[2912] :: fam=3d_filament :: Inland 1.75mm Black PLA 3D Printer Filament - 1kg Spool (2.2 lbs)"
r693_lost_vs_original_at1,1215,3d_filament,50,"HATCHBOX PLA 3D Printer Filament, Dimensional Accuracy +/- 0.03 mm, 1 kg Spool, 1.75 mm, Blue",1.0,3.0,hit@10,0,1,"<a_223><b_198><c_36> :: ids=[50] :: fam=3d_filament :: HATCHBOX PLA 3D Printer Filament, Dimensional Accuracy +/- 0.03 mm, 1 kg Spool, 1.75 mm, Blue
<a_223><b_198><c_114> :: ids=[444] :: fam=3d_filament :: HATCHBOX ABS 3D Printer Filament, Dimensional Accuracy +/- 0.03 mm, 1 kg Spool, 1.75 mm, White
<a_223><b_198><c_230> :: ids=[1107] :: fam=3d_filament :: HATCHBOX PLA 3D Printer Filament, Dimensional Accuracy +/- 0.03 mm, 1 kg Spool, 1.75 mm, Glow in the Dark
<a_223><b_20><c_170> :: ids=[1847] :: fam=3d_filament :: HATCHBOX PLA 3D Printer Filament, Dimensional Accuracy +/- 0.03 mm, 1 kg Spool, 1.75 mm, White
<a_223><b_78><c_41> :: ids=[2716] :: fam=3d_filament :: 3D printer Filament 1.75 ABS Red 1kg 2.2lb 100% USA","<a_178><b_165><c_148> :: ids=[2507] :: fam=3d_filament :: HATCHBOX PLA 3D Printer Filament, Dimensional Accuracy +/- 0.03 mm, 1 kg Spool, 1.75 mm, Silver
<a_178><b_154><c_141> :: ids=[2472] :: fam=3d_filament :: HATCHBOX ABS 3D Printer Filament, Dimensional Accuracy +/- 0.03 mm, 1 kg Spool, 1.75 mm, Black
<a_178><b_165><c_53> :: ids=[50] :: fam=3d_filament :: HATCHBOX PLA 3D Printer Filament, Dimensional Accuracy +/- 0.03 mm, 1 kg Spool, 1.75 mm, Blue
<a_178><b_252><c_162> :: ids=[1847] :: fam=3d_filament :: HATCHBOX PLA 3D Printer Filament, Dimensional Accuracy +/- 0.03 mm, 1 kg Spool, 1.75 mm, White
<a_178><b_154><c_50> :: ids=[444] :: fam=3d_filament :: HATCHBOX ABS 3D Printer Filament, Dimensional Accuracy +/- 0.03 mm, 1 kg Spool, 1.75 mm, White"
r693_lost_vs_original_at1,1293,3d_filament,50,"HATCHBOX PLA 3D Printer Filament, Dimensional Accuracy +/- 0.03 mm, 1 kg Spool, 1.75 mm, Blue",1.0,2.0,hit@10,0,1,"<a_223><b_198><c_36> :: ids=[50] :: fam=3d_filament :: HATCHBOX PLA 3D Printer Filament, Dimensional Accuracy +/- 0.03 mm, 1 kg Spool, 1.75 mm, Blue
<a_223><b_198><c_230> :: ids=[1107] :: fam=3d_filament :: HATCHBOX PLA 3D Printer Filament, Dimensional Accuracy +/- 0.03 mm, 1 kg Spool, 1.75 mm, Glow in the Dark
<a_223><b_198><c_114> :: ids=[444] :: fam=3d_filament :: HATCHBOX ABS 3D Printer Filament, Dimensional Accuracy +/- 0.03 mm, 1 kg Spool, 1.75 mm, White
<a_223><b_198><c_24> :: ids=[3075] :: fam=3d_filament :: HATCHBOX ABS 3D Printer Filament, Dimensional Accuracy +/- 0.03 mm, 1 kg Spool, 1.75 mm, Glow in the Dark
<a_223><b_20><c_170> :: ids=[1847] :: fam=3d_filament :: HATCHBOX PLA 3D Printer Filament, Dimensional Accuracy +/- 0.03 mm, 1 kg Spool, 1.75 mm, White","<a_178><b_165><c_148> :: ids=[2507] :: fam=3d_filament :: HATCHBOX PLA 3D Printer Filament, Dimensional Accuracy +/- 0.03 mm, 1 kg Spool, 1.75 mm, Silver
<a_178><b_165><c_53> :: ids=[50] :: fam=3d_filament :: HATCHBOX PLA 3D Printer Filament, Dimensional Accuracy +/- 0.03 mm, 1 kg Spool, 1.75 mm, Blue
<a_178><b_252><c_162> :: ids=[1847] :: fam=3d_filament :: HATCHBOX PLA 3D Printer Filament, Dimensional Accuracy +/- 0.03 mm, 1 kg Spool, 1.75 mm, White
<a_178><b_154><c_141> :: ids=[2472] :: fam=3d_filament :: HATCHBOX ABS 3D Printer Filament, Dimensional Accuracy +/- 0.03 mm, 1 kg Spool, 1.75 mm, Black
<a_178><b_165><c_4> :: ids=[1107] :: fam=3d_filament :: HATCHBOX PLA 3D Printer Filament, Dimensional Accuracy +/- 0.03 mm, 1 kg Spool, 1.75 mm, Glow in the Dark"
r693_lost_vs_original_at1,1773,3d_filament,50,"HATCHBOX PLA 3D Printer Filament, Dimensional Accuracy +/- 0.03 mm, 1 kg Spool, 1.75 mm, Blue",1.0,6.0,hit@10,0,0,"<a_223><b_198><c_36> :: ids=[50] :: fam=3d_filament :: HATCHBOX PLA 3D Printer Filament, Dimensional Accuracy +/- 0.03 mm, 1 kg Spool, 1.75 mm, Blue
<a_223><b_198><c_9> :: ids=[1851] :: fam=3d_filament :: HATCHBOX PLA 3D Printer Filament, Dimensional Accuracy +/- 0.03 mm, 1 kg Spool, 1.75 mm, Yellow
<a_223><b_198><c_234> :: ids=[3308] :: fam=3d_filament :: HATCHBOX ABS 3D Printer Filament, Dimensional Accuracy +/- 0.03 mm, 1 kg Spool, 1.75 mm, Yellow
<a_223><b_198><c_230> :: ids=[1107] :: fam=3d_filament :: HATCHBOX PLA 3D Printer Filament, Dimensional Accuracy +/- 0.03 mm, 1 kg Spool, 1.75 mm, Glow in the Dark
<a_223><b_20><c_170> :: ids=[1847] :: fam=3d_filament :: HATCHBOX PLA 3D Printer Filament, Dimensional Accuracy +/- 0.03 mm, 1 kg Spool, 1.75 mm, White","<a_178><b_154><c_135> :: ids=[1851] :: fam=3d_filament :: HATCHBOX PLA 3D Printer Filament, Dimensional Accuracy +/- 0.03 mm, 1 kg Spool, 1.75 mm, Yellow
<a_178><b_252><c_162> :: ids=[1847] :: fam=3d_filament :: HATCHBOX PLA 3D Printer Filament, Dimensional Accuracy +/- 0.03 mm, 1 kg Spool, 1.75 mm, White
<a_178><b_165><c_148> :: ids=[2507] :: fam=3d_filament :: HATCHBOX PLA 3D Printer Filament, Dimensional Accuracy +/- 0.03 mm, 1 kg Spool, 1.75 mm, Silver
<a_178><b_154><c_50> :: ids=[444] :: fam=3d_filament :: HATCHBOX ABS 3D Printer Filament, Dimensional Accuracy +/- 0.03 mm, 1 kg Spool, 1.75 mm, White
<a_178><b_154><c_141> :: ids=[2472] :: fam=3d_filament :: HATCHBOX ABS 3D Printer Filament, Dimensional Accuracy +/- 0.03 mm, 1 kg Spool, 1.75 mm, Black"
r693_lost_vs_original_at1,1889,3d_filament,2659,"3D Solutech Apple Green 3D Printer PLA Filament 1.75MM Filament, Dimensional Accuracy +/- 0.03 mm, 2.2 LBS (1.0KG)",1.0,18.0,leaf_or_rank_miss_after_L2_hit,0,1,"<a_223><b_80><c_0> :: ids=[2659, 3557, 3631] :: fam=3d_filament :: 3D Solutech Apple Green 3D Printer PLA Filament 1.75MM Filament, Dimensional Accuracy +/- 0.03 mm, 2.2 LBS (1.0KG) / 3D Solutech Chocolate Brown 3D Printer PLA Filament 1.75MM Fila
<a_223><b_80><c_84> :: ids=[2909] :: fam=3d_filament :: 3D Solutech Silver Metal 3D Printer PLA Filament 1.75MM Filament, Dimensional Accuracy +/- 0.03 mm, 2.2 LBS (1.0KG) - PLA175TCMS
<a_223><b_80><c_3> :: ids=[3112, 3493] :: fam=3d_filament :: 3D Solutech Real Black 3D Printer PLA Filament 1.75MM Filament, Dimensional Accuracy +/- 0.03 mm, 2.2 LBS (1.0KG) - PLA175RBLK / 3D Solutech Printer Filament, Real Blue PLA, 1.75MM
<a_223><b_80><c_159> :: ids=[2697] :: fam=3d_filament :: 3D Solutech Real White 3D Printer PLA Filament 1.75MM Filament, Dimensional Accuracy +/- 0.03 mm, 2.2 LBS (1.0KG)
<a_223><b_80><c_91> :: ids=[3453] :: fam=3d_filament :: 3D Solutech Real Gold 3D Printer PLA Filament 1.75MM Filament, Dimensional Accuracy +/- 0.03 mm, 2.2 LBS (1.0KG)","<a_178><b_14><c_6> :: ids=[2909, 3494] :: fam=3d_filament :: 3D Solutech Silver Metal 3D Printer PLA Filament 1.75MM Filament, Dimensional Accuracy +/- 0.03 mm, 2.2 LBS (1.0KG) - PLA175TCMS / 3D Solutech Real Yellow 3D Printer PLA Filament 1
<a_178><b_14><c_94> :: ids=[3112] :: fam=3d_filament :: 3D Solutech Real Black 3D Printer PLA Filament 1.75MM Filament, Dimensional Accuracy +/- 0.03 mm, 2.2 LBS (1.0KG) - PLA175RBLK
<a_178><b_14><c_107> :: ids=[2161] :: fam=3d_filament :: 3D Solutech Natural Clear 1.75mm 3D Printer PLA Filament, Dimensional Accuracy +/- 0.03 mm, 2.2 LBS (1.0KG)
<a_178><b_14><c_75> :: ids=[2697] :: fam=3d_filament :: 3D Solutech Real White 3D Printer PLA Filament 1.75MM Filament, Dimensional Accuracy +/- 0.03 mm, 2.2 LBS (1.0KG)
<a_178><b_14><c_135> :: ids=[2993] :: fam=3d_filament :: 3D Solutech Blue 3D Printer Ultra PLA Filament 1.75MM Filament, Dimensional Accuracy +/- 0.03 mm, 2.2 LBS (1.0KG)"
r693_lost_vs_original_at1,2342,3d_filament,2659,"3D Solutech Apple Green 3D Printer PLA Filament 1.75MM Filament, Dimensional Accuracy +/- 0.03 mm, 2.2 LBS (1.0KG)",1.0,13.0,leaf_or_rank_miss_after_L2_hit,0,2,"<a_223><b_80><c_0> :: ids=[2659, 3557, 3631] :: fam=3d_filament :: 3D Solutech Apple Green 3D Printer PLA Filament 1.75MM Filament, Dimensional Accuracy +/- 0.03 mm, 2.2 LBS (1.0KG) / 3D Solutech Chocolate Brown 3D Printer PLA Filament 1.75MM Fila
<a_223><b_80><c_101> :: ids=[3494] :: fam=3d_filament :: 3D Solutech Real Yellow 3D Printer PLA Filament 1.75MM Filament, Dimensional Accuracy +/- 0.03 mm, 2.2 LBS (1.0KG)
<a_223><b_80><c_3> :: ids=[3112, 3493] :: fam=3d_filament :: 3D Solutech Real Black 3D Printer PLA Filament 1.75MM Filament, Dimensional Accuracy +/- 0.03 mm, 2.2 LBS (1.0KG) - PLA175RBLK / 3D Solutech Printer Filament, Real Blue PLA, 1.75MM
<a_223><b_80><c_84> :: ids=[2909] :: fam=3d_filament :: 3D Solutech Silver Metal 3D Printer PLA Filament 1.75MM Filament, Dimensional Accuracy +/- 0.03 mm, 2.2 LBS (1.0KG) - PLA175TCMS
<a_223><b_80><c_140> :: ids=[2161] :: fam=3d_filament :: 3D Solutech Natural Clear 1.75mm 3D Printer PLA Filament, Dimensional Accuracy +/- 0.03 mm, 2.2 LBS (1.0KG)","<a_178><b_14><c_6> :: ids=[2909, 3494] :: fam=3d_filament :: 3D Solutech Silver Metal 3D Printer PLA Filament 1.75MM Filament, Dimensional Accuracy +/- 0.03 mm, 2.2 LBS (1.0KG) - PLA175TCMS / 3D Solutech Real Yellow 3D Printer PLA Filament 1
<a_178><b_14><c_94> :: ids=[3112] :: fam=3d_filament :: 3D Solutech Real Black 3D Printer PLA Filament 1.75MM Filament, Dimensional Accuracy +/- 0.03 mm, 2.2 LBS (1.0KG) - PLA175RBLK
<a_178><b_14><c_135> :: ids=[2993] :: fam=3d_filament :: 3D Solutech Blue 3D Printer Ultra PLA Filament 1.75MM Filament, Dimensional Accuracy +/- 0.03 mm, 2.2 LBS (1.0KG)
<a_178><b_14><c_107> :: ids=[2161] :: fam=3d_filament :: 3D Solutech Natural Clear 1.75mm 3D Printer PLA Filament, Dimensional Accuracy +/- 0.03 mm, 2.2 LBS (1.0KG)
<a_178><b_14><c_75> :: ids=[2697] :: fam=3d_filament :: 3D Solutech Real White 3D Printer PLA Filament 1.75MM Filament, Dimensional Accuracy +/- 0.03 mm, 2.2 LBS (1.0KG)"
r693_lost_vs_original_at1,2416,3d_filament,1850,"HATCHBOX PLA 3D Printer Filament, Dimensional Accuracy +/- 0.03 mm, 1 kg Spool, 1.75 mm, Red",1.0,18.0,leaf_or_rank_miss_after_L2_hit,0,1,"<a_223><b_198><c_182> :: ids=[1850] :: fam=3d_filament :: HATCHBOX PLA 3D Printer Filament, Dimensional Accuracy +/- 0.03 mm, 1 kg Spool, 1.75 mm, Red
<a_223><b_198><c_114> :: ids=[444] :: fam=3d_filament :: HATCHBOX ABS 3D Printer Filament, Dimensional Accuracy +/- 0.03 mm, 1 kg Spool, 1.75 mm, White
<a_223><b_198><c_230> :: ids=[1107] :: fam=3d_filament :: HATCHBOX PLA 3D Printer Filament, Dimensional Accuracy +/- 0.03 mm, 1 kg Spool, 1.75 mm, Glow in the Dark
<a_223><b_198><c_214> :: ids=[1573] :: fam=3d_filament :: HATCHBOX PLA 3D Printer Filament, Dimensional Accuracy +/- 0.03 mm, 1 kg Spool, 1.75 mm, Orange
<a_223><b_198><c_36> :: ids=[50] :: fam=3d_filament :: HATCHBOX PLA 3D Printer Filament, Dimensional Accuracy +/- 0.03 mm, 1 kg Spool, 1.75 mm, Blue","<a_178><b_252><c_162> :: ids=[1847] :: fam=3d_filament :: HATCHBOX PLA 3D Printer Filament, Dimensional Accuracy +/- 0.03 mm, 1 kg Spool, 1.75 mm, White
<a_178><b_165><c_148> :: ids=[2507] :: fam=3d_filament :: HATCHBOX PLA 3D Printer Filament, Dimensional Accuracy +/- 0.03 mm, 1 kg Spool, 1.75 mm, Silver
<a_109><b_17><c_3> :: ids=[1205] :: fam=other :: PEI (Polyetherimide) Sheet, Opaque Off-White, Standard Tolerance, ASTM D5205 PEI0113, 0.03"" Thickness, 12"" Width, 24"" Length
<a_178><b_154><c_141> :: ids=[2472] :: fam=3d_filament :: HATCHBOX ABS 3D Printer Filament, Dimensional Accuracy +/- 0.03 mm, 1 kg Spool, 1.75 mm, Black
<a_178><b_154><c_50> :: ids=[444] :: fam=3d_filament :: HATCHBOX ABS 3D Printer Filament, Dimensional Accuracy +/- 0.03 mm, 1 kg Spool, 1.75 mm, White"
r693_lost_vs_original_at1,3302,3d_filament,50,"HATCHBOX PLA 3D Printer Filament, Dimensional Accuracy +/- 0.03 mm, 1 kg Spool, 1.75 mm, Blue",1.0,5.0,hit@10,0,1,"<a_223><b_198><c_36> :: ids=[50] :: fam=3d_filament :: HATCHBOX PLA 3D Printer Filament, Dimensional Accuracy +/- 0.03 mm, 1 kg Spool, 1.75 mm, Blue
<a_223><b_198><c_114> :: ids=[444] :: fam=3d_filament :: HATCHBOX ABS 3D Printer Filament, Dimensional Accuracy +/- 0.03 mm, 1 kg Spool, 1.75 mm, White
<a_223><b_20><c_170> :: ids=[1847] :: fam=3d_filament :: HATCHBOX PLA 3D Printer Filament, Dimensional Accuracy +/- 0.03 mm, 1 kg Spool, 1.75 mm, White
<a_223><b_198><c_230> :: ids=[1107] :: fam=3d_filament :: HATCHBOX PLA 3D Printer Filament, Dimensional Accuracy +/- 0.03 mm, 1 kg Spool, 1.75 mm, Glow in the Dark
<a_223><b_121><c_15> :: ids=[1695] :: fam=3d_filament :: HATCHBOX ABS 3D Printer Filament, Dimensional Accuracy +/- 0.03 mm, 1 kg Spool, 1.75 mm, Red","<a_178><b_154><c_141> :: ids=[2472] :: fam=3d_filament :: HATCHBOX ABS 3D Printer Filament, Dimensional Accuracy +/- 0.03 mm, 1 kg Spool, 1.75 mm, Black
<a_178><b_252><c_162> :: ids=[1847] :: fam=3d_filament :: HATCHBOX PLA 3D Printer Filament, Dimensional Accuracy +/- 0.03 mm, 1 kg Spool, 1.75 mm, White
<a_178><b_154><c_50> :: ids=[444] :: fam=3d_filament :: HATCHBOX ABS 3D Printer Filament, Dimensional Accuracy +/- 0.03 mm, 1 kg Spool, 1.75 mm, White
<a_178><b_165><c_148> :: ids=[2507] :: fam=3d_filament :: HATCHBOX PLA 3D Printer Filament, Dimensional Accuracy +/- 0.03 mm, 1 kg Spool, 1.75 mm, Silver
<a_178><b_165><c_53> :: ids=[50] :: fam=3d_filament :: HATCHBOX PLA 3D Printer Filament, Dimensional Accuracy +/- 0.03 mm, 1 kg Spool, 1.75 mm, Blue"
r693_lost_vs_original_at1,3833,3d_filament,50,"HATCHBOX PLA 3D Printer Filament, Dimensional Accuracy +/- 0.03 mm, 1 kg Spool, 1.75 mm, Blue",1.0,6.0,hit@10,0,0,"<a_223><b_198><c_36> :: ids=[50] :: fam=3d_filament :: HATCHBOX PLA 3D Printer Filament, Dimensional Accuracy +/- 0.03 mm, 1 kg Spool, 1.75 mm, Blue
<a_223><b_20><c_170> :: ids=[1847] :: fam=3d_filament :: HATCHBOX PLA 3D Printer Filament, Dimensional Accuracy +/- 0.03 mm, 1 kg Spool, 1.75 mm, White
<a_91><b_162><c_93> :: ids=[2333] :: fam=3d_filament :: eSUN 3D Printer CLEANING Filament 1.75mm Natural 0.1kg for all 1.75mm FDM 3D Printers, 1.75mm Cleaning
<a_223><b_86><c_176> :: ids=[2544] :: fam=3d_filament :: SainSmart Clear Flexible TPU 3D Printing Filament, 1.75 mm, 0.8 kg, Dimensional Accuracy +/- 0.05 mm
<a_223><b_198><c_114> :: ids=[444] :: fam=3d_filament :: HATCHBOX ABS 3D Printer Filament, Dimensional Accuracy +/- 0.03 mm, 1 kg Spool, 1.75 mm, White","<a_178><b_252><c_162> :: ids=[1847] :: fam=3d_filament :: HATCHBOX PLA 3D Printer Filament, Dimensional Accuracy +/- 0.03 mm, 1 kg Spool, 1.75 mm, White
<a_178><b_154><c_135> :: ids=[1851] :: fam=3d_filament :: HATCHBOX PLA 3D Printer Filament, Dimensional Accuracy +/- 0.03 mm, 1 kg Spool, 1.75 mm, Yellow
<a_178><b_165><c_148> :: ids=[2507] :: fam=3d_filament :: HATCHBOX PLA 3D Printer Filament, Dimensional Accuracy +/- 0.03 mm, 1 kg Spool, 1.75 mm, Silver
<a_178><b_154><c_50> :: ids=[444] :: fam=3d_filament :: HATCHBOX ABS 3D Printer Filament, Dimensional Accuracy +/- 0.03 mm, 1 kg Spool, 1.75 mm, White
<a_178><b_154><c_141> :: ids=[2472] :: fam=3d_filament :: HATCHBOX ABS 3D Printer Filament, Dimensional Accuracy +/- 0.03 mm, 1 kg Spool, 1.75 mm, Black"
r693_lost_vs_original_at1,3983,3d_filament,50,"HATCHBOX PLA 3D Printer Filament, Dimensional Accuracy +/- 0.03 mm, 1 kg Spool, 1.75 mm, Blue",1.0,5.0,hit@10,0,1,"<a_223><b_198><c_36> :: ids=[50] :: fam=3d_filament :: HATCHBOX PLA 3D Printer Filament, Dimensional Accuracy +/- 0.03 mm, 1 kg Spool, 1.75 mm, Blue
<a_223><b_20><c_170> :: ids=[1847] :: fam=3d_filament :: HATCHBOX PLA 3D Printer Filament, Dimensional Accuracy +/- 0.03 mm, 1 kg Spool, 1.75 mm, White
<a_223><b_198><c_230> :: ids=[1107] :: fam=3d_filament :: HATCHBOX PLA 3D Printer Filament, Dimensional Accuracy +/- 0.03 mm, 1 kg Spool, 1.75 mm, Glow in the Dark
<a_223><b_198><c_114> :: ids=[444] :: fam=3d_filament :: HATCHBOX ABS 3D Printer Filament, Dimensional Accuracy +/- 0.03 mm, 1 kg Spool, 1.75 mm, White
<a_223><b_86><c_176> :: ids=[2544] :: fam=3d_filament :: SainSmart Clear Flexible TPU 3D Printing Filament, 1.75 mm, 0.8 kg, Dimensional Accuracy +/- 0.05 mm","<a_178><b_165><c_148> :: ids=[2507] :: fam=3d_filament :: HATCHBOX PLA 3D Printer Filament, Dimensional Accuracy +/- 0.03 mm, 1 kg Spool, 1.75 mm, Silver
<a_178><b_154><c_141> :: ids=[2472] :: fam=3d_filament :: HATCHBOX ABS 3D Printer Filament, Dimensional Accuracy +/- 0.03 mm, 1 kg Spool, 1.75 mm, Black
<a_178><b_252><c_162> :: ids=[1847] :: fam=3d_filament :: HATCHBOX PLA 3D Printer Filament, Dimensional Accuracy +/- 0.03 mm, 1 kg Spool, 1.75 mm, White
<a_178><b_154><c_50> :: ids=[444] :: fam=3d_filament :: HATCHBOX ABS 3D Printer Filament, Dimensional Accuracy +/- 0.03 mm, 1 kg Spool, 1.75 mm, White
<a_178><b_165><c_53> :: ids=[50] :: fam=3d_filament :: HATCHBOX PLA 3D Printer Filament, Dimensional Accuracy +/- 0.03 mm, 1 kg Spool, 1.75 mm, Blue"
r693_lost_vs_original_at1,4212,3d_filament,50,"HATCHBOX PLA 3D Printer Filament, Dimensional Accuracy +/- 0.03 mm, 1 kg Spool, 1.75 mm, Blue",1.0,6.0,hit@10,0,2,"<a_223><b_198><c_36> :: ids=[50] :: fam=3d_filament :: HATCHBOX PLA 3D Printer Filament, Dimensional Accuracy +/- 0.03 mm, 1 kg Spool, 1.75 mm, Blue
<a_223><b_198><c_114> :: ids=[444] :: fam=3d_filament :: HATCHBOX ABS 3D Printer Filament, Dimensional Accuracy +/- 0.03 mm, 1 kg Spool, 1.75 mm, White
<a_223><b_198><c_9> :: ids=[1851] :: fam=3d_filament :: HATCHBOX PLA 3D Printer Filament, Dimensional Accuracy +/- 0.03 mm, 1 kg Spool, 1.75 mm, Yellow
<a_223><b_198><c_234> :: ids=[3308] :: fam=3d_filament :: HATCHBOX ABS 3D Printer Filament, Dimensional Accuracy +/- 0.03 mm, 1 kg Spool, 1.75 mm, Yellow
<a_223><b_198><c_230> :: ids=[1107] :: fam=3d_filament :: HATCHBOX PLA 3D Printer Filament, Dimensional Accuracy +/- 0.03 mm, 1 kg Spool, 1.75 mm, Glow in the Dark","<a_178><b_165><c_148> :: ids=[2507] :: fam=3d_filament :: HATCHBOX PLA 3D Printer Filament, Dimensional Accuracy +/- 0.03 mm, 1 kg Spool, 1.75 mm, Silver
<a_178><b_154><c_135> :: ids=[1851] :: fam=3d_filament :: HATCHBOX PLA 3D Printer Filament, Dimensional Accuracy +/- 0.03 mm, 1 kg Spool, 1.75 mm, Yellow
<a_178><b_150><c_117> :: ids=[2544] :: fam=3d_filament :: SainSmart Clear Flexible TPU 3D Printing Filament, 1.75 mm, 0.8 kg, Dimensional Accuracy +/- 0.05 mm
<a_178><b_252><c_162> :: ids=[1847] :: fam=3d_filament :: HATCHBOX PLA 3D Printer Filament, Dimensional Accuracy +/- 0.03 mm, 1 kg Spool, 1.75 mm, White
<a_178><b_165><c_4> :: ids=[1107] :: fam=3d_filament :: HATCHBOX PLA 3D Printer Filament, Dimensional Accuracy +/- 0.03 mm, 1 kg Spool, 1.75 mm, Glow in the Dark"
r693_lost_vs_original_at1,4341,3d_filament,50,"HATCHBOX PLA 3D Printer Filament, Dimensional Accuracy +/- 0.03 mm, 1 kg Spool, 1.75 mm, Blue",1.0,5.0,hit@10,0,1,"<a_223><b_198><c_36> :: ids=[50] :: fam=3d_filament :: HATCHBOX PLA 3D Printer Filament, Dimensional Accuracy +/- 0.03 mm, 1 kg Spool, 1.75 mm, Blue
<a_223><b_20><c_170> :: ids=[1847] :: fam=3d_filament :: HATCHBOX PLA 3D Printer Filament, Dimensional Accuracy +/- 0.03 mm, 1 kg Spool, 1.75 mm, White
<a_223><b_198><c_230> :: ids=[1107] :: fam=3d_filament :: HATCHBOX PLA 3D Printer Filament, Dimensional Accuracy +/- 0.03 mm, 1 kg Spool, 1.75 mm, Glow in the Dark
<a_223><b_198><c_114> :: ids=[444] :: fam=3d_filament :: HATCHBOX ABS 3D Printer Filament, Dimensional Accuracy +/- 0.03 mm, 1 kg Spool, 1.75 mm, White
<a_223><b_198><c_182> :: ids=[1850] :: fam=3d_filament :: HATCHBOX PLA 3D Printer Filament, Dimensional Accuracy +/- 0.03 mm, 1 kg Spool, 1.75 mm, Red","<a_178><b_154><c_141> :: ids=[2472] :: fam=3d_filament :: HATCHBOX ABS 3D Printer Filament, Dimensional Accuracy +/- 0.03 mm, 1 kg Spool, 1.75 mm, Black
<a_178><b_154><c_50> :: ids=[444] :: fam=3d_filament :: HATCHBOX ABS 3D Printer Filament, Dimensional Accuracy +/- 0.03 mm, 1 kg Spool, 1.75 mm, White
<a_178><b_252><c_162> :: ids=[1847] :: fam=3d_filament :: HATCHBOX PLA 3D Printer Filament, Dimensional Accuracy +/- 0.03 mm, 1 kg Spool, 1.75 mm, White
<a_178><b_165><c_148> :: ids=[2507] :: fam=3d_filament :: HATCHBOX PLA 3D Printer Filament, Dimensional Accuracy +/- 0.03 mm, 1 kg Spool, 1.75 mm, Silver
<a_178><b_165><c_53> :: ids=[50] :: fam=3d_filament :: HATCHBOX PLA 3D Printer Filament, Dimensional Accuracy +/- 0.03 mm, 1 kg Spool, 1.75 mm, Blue"
r693_lost_vs_original_at1,4454,3d_filament,51,HATCHBOX 1 Spool 3D Printer Filament Tabletop Wall Mount Rack,1.0,29.0,L2_miss_after_L1_hit,0,0,"<a_223><b_29><c_58> :: ids=[51] :: fam=3d_filament :: HATCHBOX 1 Spool 3D Printer Filament Tabletop Wall Mount Rack
<a_223><b_20><c_170> :: ids=[1847] :: fam=3d_filament :: HATCHBOX PLA 3D Printer Filament, Dimensional Accuracy +/- 0.03 mm, 1 kg Spool, 1.75 mm, White
<a_223><b_198><c_114> :: ids=[444] :: fam=3d_filament :: HATCHBOX ABS 3D Printer Filament, Dimensional Accuracy +/- 0.03 mm, 1 kg Spool, 1.75 mm, White
<a_223><b_198><c_230> :: ids=[1107] :: fam=3d_filament :: HATCHBOX PLA 3D Printer Filament, Dimensional Accuracy +/- 0.03 mm, 1 kg Spool, 1.75 mm, Glow in the Dark
<a_223><b_198><c_182> :: ids=[1850] :: fam=3d_filament :: HATCHBOX PLA 3D Printer Filament, Dimensional Accuracy +/- 0.03 mm, 1 kg Spool, 1.75 mm, Red","<a_178><b_154><c_135> :: ids=[1851] :: fam=3d_filament :: HATCHBOX PLA 3D Printer Filament, Dimensional Accuracy +/- 0.03 mm, 1 kg Spool, 1.75 mm, Yellow
<a_178><b_165><c_148> :: ids=[2507] :: fam=3d_filament :: HATCHBOX PLA 3D Printer Filament, Dimensional Accuracy +/- 0.03 mm, 1 kg Spool, 1.75 mm, Silver
<a_178><b_252><c_162> :: ids=[1847] :: fam=3d_filament :: HATCHBOX PLA 3D Printer Filament, Dimensional Accuracy +/- 0.03 mm, 1 kg Spool, 1.75 mm, White
<a_193><b_46><c_91> :: ids=[563] :: fam=3d_filament :: Foreasy 3D Printer Tool 3D Print Removal Tool Enhanced Version Set of 2
<a_178><b_165><c_53> :: ids=[50] :: fam=3d_filament :: HATCHBOX PLA 3D Printer Filament, Dimensional Accuracy +/- 0.03 mm, 1 kg Spool, 1.75 mm, Blue"
r693_lost_vs_original_at1,100,gauge_meter,181,"AcuRite 00613 Humidity Monitor with Indoor Thermometer, Digital Hygrometer and Humidity Gauge Indicator",1.0,4.0,hit@10,1,3,"<a_107><b_93><c_0> :: ids=[181, 182] :: fam=gauge_meter :: AcuRite 00613 Humidity Monitor with Indoor Thermometer, Digital Hygrometer and Humidity Gauge Indicator / AcuRite 00613 Humidity Monitor with Indoor Thermometer, Digital Hygrometer
<a_99><b_132><c_123> :: ids=[1199] :: fam=other :: System Three Resins Rotfix Wood Restoration Rot Repair, 24-Ounce
<a_165><b_132><c_128> :: ids=[1660] :: fam=adhesive_epoxy :: System Three Resins 1-Quart SculpWood Epoxy Paste Kit
<a_109><b_106><c_6> :: ids=[1653] :: fam=other :: Seville Classics Commercial NSF Stainless Steel Top Worktable 49 x 24 inches
<a_165><b_6><c_142> :: ids=[3259] :: fam=adhesive_epoxy :: System Three 1-Quart SculpWood Moldable Epoxy Putty, 90301","<a_180><b_43><c_250> :: ids=[3259] :: fam=adhesive_epoxy :: System Three 1-Quart SculpWood Moldable Epoxy Putty, 90301
<a_180><b_200><c_176> :: ids=[1660] :: fam=adhesive_epoxy :: System Three Resins 1-Quart SculpWood Epoxy Paste Kit
<a_180><b_128><c_201> :: ids=[1199] :: fam=other :: System Three Resins Rotfix Wood Restoration Rot Repair, 24-Ounce
<a_190><b_103><c_0> :: ids=[181, 182] :: fam=gauge_meter :: AcuRite 00613 Humidity Monitor with Indoor Thermometer, Digital Hygrometer and Humidity Gauge Indicator / AcuRite 00613 Humidity Monitor with Indoor Thermometer, Digital Hygrometer
<a_180><b_127><c_149> :: ids=[1138] :: fam=other :: Insta-cure gap filling 2oz Bob Smith Ind."
r693_lost_vs_original_at1,1001,gauge_meter,339,"Drill America DWT Series Qualtech High-Speed Steel Round Adjustable Threading Die, 1-1/2"" Diameter, 11/16""-18 Size (Pack of 1)",1.0,,leaf_or_rank_miss_after_L2_hit,1,1,"<a_224><b_188><c_21> :: ids=[339] :: fam=gauge_meter :: Drill America DWT Series Qualtech High-Speed Steel Round Adjustable Threading Die, 1-1/2"" Diameter, 11/16""-18 Size (Pack of 1)
<a_73><b_231><c_56> :: ids=[734] :: fam=other :: microtivity IL188 5mm Assorted Clear LED w/Resistors (8 Colors, Pack of 80)
<a_73><b_58><c_117> :: ids=[2229] :: fam=other :: Uxcell a11093000ux0385 10x 8 Pin DIP IC Sockets Adaptor Solder Type Socket
<a_73><b_110><c_3> :: ids=[1824] :: fam=other :: DTOL 10 X Mini Laser Dot Diode Module Head WL Red 650nm 6mm 5V 5mW Pack of 10
<a_17><b_80><c_8> :: ids=[176] :: fam=other :: URBEST 530 Pcs 2:1 Heat Shrink Tubing Tube Sleeving Wrap Cable Wire 5 Color 8 Size","<a_7><b_134><c_167> :: ids=[1171] :: fam=other :: Drill America DWTSMT15X1.5 HSS Metric Tap, Special Size, M15 x 1.5
<a_197><b_173><c_161> :: ids=[84] :: fam=gauge_meter :: Neiko 01409A Electronic Digital Caliper with Extra Large LCD Screen | 0 - 12 Inches | Inch/Fractions/Millimeter Conversion
<a_92><b_110><c_254> :: ids=[1042] :: fam=other :: uxcell Mandrel Mounted White Conical Felt Point Polishing Tool
<a_7><b_110><c_167> :: ids=[1152] :: fam=other :: Irwin Tools 2629- 3 Piece High Carbon Steel- Tap 5/16"" - 24 NF
<a_7><b_91><c_0> :: ids=[663] :: fam=other :: Anytime Tools 1-2-3 Blocks Matched Pair Hardened Steel 1 Hole (1""x2""x3"") 123 Set Precision Machinist Milling"
r693_lost_vs_original_at1,1261,gauge_meter,1154,"6061 Aluminum Round Rod, Unpolished (Mill) Finish, Extruded, T6511 Temper, ASTM B221, 1/4"" Diameter, 60"" Length",1.0,2.0,hit@10,1,1,"<a_251><b_198><c_114> :: ids=[1154] :: fam=gauge_meter :: 6061 Aluminum Round Rod, Unpolished (Mill) Finish, Extruded, T6511 Temper, ASTM B221, 1/4"" Diameter, 60"" Length
<a_251><b_198><c_140> :: ids=[1153] :: fam=gauge_meter :: 6061 Aluminum Round Rod, Unpolished (Mill) Finish, Extruded, T6511 Temper, ASTM B221, 2-1/4"" Diameter, 12"" Length
<a_251><b_198><c_0> :: ids=[2453] :: fam=gauge_meter :: 6061 Aluminum Round Rod, Unpolished (Mill) Finish, Extruded, T6511 Temper, ASTM B221, 1/4"" Diameter, 12"" Length
<a_251><b_198><c_159> :: ids=[2454] :: fam=gauge_meter :: 6061 Aluminum Round Rod, Unpolished (Mill) Finish, Extruded, T6511 Temper, ASTM B221, 1/2"" Diameter, 72"" Length
<a_251><b_198><c_238> :: ids=[1157] :: fam=gauge_meter :: 6061 Aluminum Round Rod, Unpolished (Mill) Finish, Extruded, T6511 Temper, ASTM B221, 2"" Diameter, 12"" Length","<a_162><b_228><c_174> :: ids=[1153] :: fam=gauge_meter :: 6061 Aluminum Round Rod, Unpolished (Mill) Finish, Extruded, T6511 Temper, ASTM B221, 2-1/4"" Diameter, 12"" Length
<a_162><b_228><c_7> :: ids=[1154] :: fam=gauge_meter :: 6061 Aluminum Round Rod, Unpolished (Mill) Finish, Extruded, T6511 Temper, ASTM B221, 1/4"" Diameter, 60"" Length
<a_162><b_228><c_121> :: ids=[2453] :: fam=gauge_meter :: 6061 Aluminum Round Rod, Unpolished (Mill) Finish, Extruded, T6511 Temper, ASTM B221, 1/4"" Diameter, 12"" Length
<a_109><b_17><c_165> :: ids=[500] :: fam=other :: HDPE (High Density Polyethylene) Sheet, Opaque Off-White, Standard Tolerance, ASTM D4976-245, 0.250"" Thickness, 12"" Width, 12"" Length
<a_162><b_228><c_3> :: ids=[1155] :: fam=gauge_meter :: 6061 Aluminum Round Rod, Unpolished (Mill) Finish, Extruded, T6511 Temper, ASTM B221, 0.5"" Diameter, 96"" Length"
r693_lost_vs_original_at1,1263,gauge_meter,1156,"6061 Aluminum Round Rod, Unpolished (Mill) Finish, Extruded, T6511 Temper, ASTM B221, 1-5/8"" Diameter, 24"" Length",1.0,2.0,hit@10,1,3,"<a_251><b_198><c_132> :: ids=[1156] :: fam=gauge_meter :: 6061 Aluminum Round Rod, Unpolished (Mill) Finish, Extruded, T6511 Temper, ASTM B221, 1-5/8"" Diameter, 24"" Length
<a_251><b_198><c_9> :: ids=[1155] :: fam=gauge_meter :: 6061 Aluminum Round Rod, Unpolished (Mill) Finish, Extruded, T6511 Temper, ASTM B221, 0.5"" Diameter, 96"" Length
<a_251><b_198><c_0> :: ids=[2453] :: fam=gauge_meter :: 6061 Aluminum Round Rod, Unpolished (Mill) Finish, Extruded, T6511 Temper, ASTM B221, 1/4"" Diameter, 12"" Length
<a_251><b_198><c_114> :: ids=[1154] :: fam=gauge_meter :: 6061 Aluminum Round Rod, Unpolished (Mill) Finish, Extruded, T6511 Temper, ASTM B221, 1/4"" Diameter, 60"" Length
<a_251><b_198><c_238> :: ids=[1157] :: fam=gauge_meter :: 6061 Aluminum Round Rod, Unpolished (Mill) Finish, Extruded, T6511 Temper, ASTM B221, 2"" Diameter, 12"" Length","<a_162><b_228><c_3> :: ids=[1155] :: fam=gauge_meter :: 6061 Aluminum Round Rod, Unpolished (Mill) Finish, Extruded, T6511 Temper, ASTM B221, 0.5"" Diameter, 96"" Length
<a_162><b_228><c_133> :: ids=[1156] :: fam=gauge_meter :: 6061 Aluminum Round Rod, Unpolished (Mill) Finish, Extruded, T6511 Temper, ASTM B221, 1-5/8"" Diameter, 24"" Length
<a_162><b_228><c_121> :: ids=[2453] :: fam=gauge_meter :: 6061 Aluminum Round Rod, Unpolished (Mill) Finish, Extruded, T6511 Temper, ASTM B221, 1/4"" Diameter, 12"" Length
<a_162><b_228><c_174> :: ids=[1153] :: fam=gauge_meter :: 6061 Aluminum Round Rod, Unpolished (Mill) Finish, Extruded, T6511 Temper, ASTM B221, 2-1/4"" Diameter, 12"" Length
<a_162><b_228><c_7> :: ids=[1154] :: fam=gauge_meter :: 6061 Aluminum Round Rod, Unpolished (Mill) Finish, Extruded, T6511 Temper, ASTM B221, 1/4"" Diameter, 60"" Length"
r693_lost_vs_original_at1,1564,gauge_meter,1154,"6061 Aluminum Round Rod, Unpolished (Mill) Finish, Extruded, T6511 Temper, ASTM B221, 1/4"" Diameter, 60"" Length",1.0,2.0,hit@10,1,1,"<a_251><b_198><c_114> :: ids=[1154] :: fam=gauge_meter :: 6061 Aluminum Round Rod, Unpolished (Mill) Finish, Extruded, T6511 Temper, ASTM B221, 1/4"" Diameter, 60"" Length
<a_251><b_198><c_140> :: ids=[1153] :: fam=gauge_meter :: 6061 Aluminum Round Rod, Unpolished (Mill) Finish, Extruded, T6511 Temper, ASTM B221, 2-1/4"" Diameter, 12"" Length
<a_251><b_198><c_0> :: ids=[2453] :: fam=gauge_meter :: 6061 Aluminum Round Rod, Unpolished (Mill) Finish, Extruded, T6511 Temper, ASTM B221, 1/4"" Diameter, 12"" Length
<a_251><b_198><c_159> :: ids=[2454] :: fam=gauge_meter :: 6061 Aluminum Round Rod, Unpolished (Mill) Finish, Extruded, T6511 Temper, ASTM B221, 1/2"" Diameter, 72"" Length
<a_251><b_198><c_238> :: ids=[1157] :: fam=gauge_meter :: 6061 Aluminum Round Rod, Unpolished (Mill) Finish, Extruded, T6511 Temper, ASTM B221, 2"" Diameter, 12"" Length","<a_162><b_228><c_174> :: ids=[1153] :: fam=gauge_meter :: 6061 Aluminum Round Rod, Unpolished (Mill) Finish, Extruded, T6511 Temper, ASTM B221, 2-1/4"" Diameter, 12"" Length
<a_162><b_228><c_7> :: ids=[1154] :: fam=gauge_meter :: 6061 Aluminum Round Rod, Unpolished (Mill) Finish, Extruded, T6511 Temper, ASTM B221, 1/4"" Diameter, 60"" Length
<a_162><b_228><c_121> :: ids=[2453] :: fam=gauge_meter :: 6061 Aluminum Round Rod, Unpolished (Mill) Finish, Extruded, T6511 Temper, ASTM B221, 1/4"" Diameter, 12"" Length
<a_109><b_17><c_165> :: ids=[500] :: fam=other :: HDPE (High Density Polyethylene) Sheet, Opaque Off-White, Standard Tolerance, ASTM D4976-245, 0.250"" Thickness, 12"" Width, 12"" Length
<a_162><b_228><c_3> :: ids=[1155] :: fam=gauge_meter :: 6061 Aluminum Round Rod, Unpolished (Mill) Finish, Extruded, T6511 Temper, ASTM B221, 0.5"" Diameter, 96"" Length"
r693_lost_vs_original_at1,1566,gauge_meter,1156,"6061 Aluminum Round Rod, Unpolished (Mill) Finish, Extruded, T6511 Temper, ASTM B221, 1-5/8"" Diameter, 24"" Length",1.0,2.0,hit@10,1,3,"<a_251><b_198><c_132> :: ids=[1156] :: fam=gauge_meter :: 6061 Aluminum Round Rod, Unpolished (Mill) Finish, Extruded, T6511 Temper, ASTM B221, 1-5/8"" Diameter, 24"" Length
<a_251><b_198><c_9> :: ids=[1155] :: fam=gauge_meter :: 6061 Aluminum Round Rod, Unpolished (Mill) Finish, Extruded, T6511 Temper, ASTM B221, 0.5"" Diameter, 96"" Length
<a_251><b_198><c_0> :: ids=[2453] :: fam=gauge_meter :: 6061 Aluminum Round Rod, Unpolished (Mill) Finish, Extruded, T6511 Temper, ASTM B221, 1/4"" Diameter, 12"" Length
<a_251><b_198><c_114> :: ids=[1154] :: fam=gauge_meter :: 6061 Aluminum Round Rod, Unpolished (Mill) Finish, Extruded, T6511 Temper, ASTM B221, 1/4"" Diameter, 60"" Length
<a_251><b_198><c_238> :: ids=[1157] :: fam=gauge_meter :: 6061 Aluminum Round Rod, Unpolished (Mill) Finish, Extruded, T6511 Temper, ASTM B221, 2"" Diameter, 12"" Length","<a_162><b_228><c_3> :: ids=[1155] :: fam=gauge_meter :: 6061 Aluminum Round Rod, Unpolished (Mill) Finish, Extruded, T6511 Temper, ASTM B221, 0.5"" Diameter, 96"" Length
<a_162><b_228><c_133> :: ids=[1156] :: fam=gauge_meter :: 6061 Aluminum Round Rod, Unpolished (Mill) Finish, Extruded, T6511 Temper, ASTM B221, 1-5/8"" Diameter, 24"" Length
<a_162><b_228><c_121> :: ids=[2453] :: fam=gauge_meter :: 6061 Aluminum Round Rod, Unpolished (Mill) Finish, Extruded, T6511 Temper, ASTM B221, 1/4"" Diameter, 12"" Length
<a_162><b_228><c_174> :: ids=[1153] :: fam=gauge_meter :: 6061 Aluminum Round Rod, Unpolished (Mill) Finish, Extruded, T6511 Temper, ASTM B221, 2-1/4"" Diameter, 12"" Length
<a_162><b_228><c_7> :: ids=[1154] :: fam=gauge_meter :: 6061 Aluminum Round Rod, Unpolished (Mill) Finish, Extruded, T6511 Temper, ASTM B221, 1/4"" Diameter, 60"" Length"
r693_lost_vs_original_at1,1852,gauge_meter,1154,"6061 Aluminum Round Rod, Unpolished (Mill) Finish, Extruded, T6511 Temper, ASTM B221, 1/4"" Diameter, 60"" Length",1.0,2.0,hit@10,1,1,"<a_251><b_198><c_114> :: ids=[1154] :: fam=gauge_meter :: 6061 Aluminum Round Rod, Unpolished (Mill) Finish, Extruded, T6511 Temper, ASTM B221, 1/4"" Diameter, 60"" Length
<a_251><b_198><c_140> :: ids=[1153] :: fam=gauge_meter :: 6061 Aluminum Round Rod, Unpolished (Mill) Finish, Extruded, T6511 Temper, ASTM B221, 2-1/4"" Diameter, 12"" Length
<a_251><b_198><c_0> :: ids=[2453] :: fam=gauge_meter :: 6061 Aluminum Round Rod, Unpolished (Mill) Finish, Extruded, T6511 Temper, ASTM B221, 1/4"" Diameter, 12"" Length
<a_251><b_198><c_159> :: ids=[2454] :: fam=gauge_meter :: 6061 Aluminum Round Rod, Unpolished (Mill) Finish, Extruded, T6511 Temper, ASTM B221, 1/2"" Diameter, 72"" Length
<a_251><b_198><c_238> :: ids=[1157] :: fam=gauge_meter :: 6061 Aluminum Round Rod, Unpolished (Mill) Finish, Extruded, T6511 Temper, ASTM B221, 2"" Diameter, 12"" Length","<a_162><b_228><c_174> :: ids=[1153] :: fam=gauge_meter :: 6061 Aluminum Round Rod, Unpolished (Mill) Finish, Extruded, T6511 Temper, ASTM B221, 2-1/4"" Diameter, 12"" Length
<a_162><b_228><c_7> :: ids=[1154] :: fam=gauge_meter :: 6061 Aluminum Round Rod, Unpolished (Mill) Finish, Extruded, T6511 Temper, ASTM B221, 1/4"" Diameter, 60"" Length
<a_162><b_228><c_121> :: ids=[2453] :: fam=gauge_meter :: 6061 Aluminum Round Rod, Unpolished (Mill) Finish, Extruded, T6511 Temper, ASTM B221, 1/4"" Diameter, 12"" Length
<a_109><b_17><c_165> :: ids=[500] :: fam=other :: HDPE (High Density Polyethylene) Sheet, Opaque Off-White, Standard Tolerance, ASTM D4976-245, 0.250"" Thickness, 12"" Width, 12"" Length
<a_162><b_228><c_3> :: ids=[1155] :: fam=gauge_meter :: 6061 Aluminum Round Rod, Unpolished (Mill) Finish, Extruded, T6511 Temper, ASTM B221, 0.5"" Diameter, 96"" Length"
r693_lost_vs_original_at1,1854,gauge_meter,1156,"6061 Aluminum Round Rod, Unpolished (Mill) Finish, Extruded, T6511 Temper, ASTM B221, 1-5/8"" Diameter, 24"" Length",1.0,2.0,hit@10,1,3,"<a_251><b_198><c_132> :: ids=[1156] :: fam=gauge_meter :: 6061 Aluminum Round Rod, Unpolished (Mill) Finish, Extruded, T6511 Temper, ASTM B221, 1-5/8"" Diameter, 24"" Length
<a_251><b_198><c_9> :: ids=[1155] :: fam=gauge_meter :: 6061 Aluminum Round Rod, Unpolished (Mill) Finish, Extruded, T6511 Temper, ASTM B221, 0.5"" Diameter, 96"" Length
<a_251><b_198><c_0> :: ids=[2453] :: fam=gauge_meter :: 6061 Aluminum Round Rod, Unpolished (Mill) Finish, Extruded, T6511 Temper, ASTM B221, 1/4"" Diameter, 12"" Length
<a_251><b_198><c_114> :: ids=[1154] :: fam=gauge_meter :: 6061 Aluminum Round Rod, Unpolished (Mill) Finish, Extruded, T6511 Temper, ASTM B221, 1/4"" Diameter, 60"" Length
<a_251><b_198><c_238> :: ids=[1157] :: fam=gauge_meter :: 6061 Aluminum Round Rod, Unpolished (Mill) Finish, Extruded, T6511 Temper, ASTM B221, 2"" Diameter, 12"" Length","<a_162><b_228><c_3> :: ids=[1155] :: fam=gauge_meter :: 6061 Aluminum Round Rod, Unpolished (Mill) Finish, Extruded, T6511 Temper, ASTM B221, 0.5"" Diameter, 96"" Length
<a_162><b_228><c_133> :: ids=[1156] :: fam=gauge_meter :: 6061 Aluminum Round Rod, Unpolished (Mill) Finish, Extruded, T6511 Temper, ASTM B221, 1-5/8"" Diameter, 24"" Length
<a_162><b_228><c_121> :: ids=[2453] :: fam=gauge_meter :: 6061 Aluminum Round Rod, Unpolished (Mill) Finish, Extruded, T6511 Temper, ASTM B221, 1/4"" Diameter, 12"" Length
<a_162><b_228><c_174> :: ids=[1153] :: fam=gauge_meter :: 6061 Aluminum Round Rod, Unpolished (Mill) Finish, Extruded, T6511 Temper, ASTM B221, 2-1/4"" Diameter, 12"" Length
<a_162><b_228><c_7> :: ids=[1154] :: fam=gauge_meter :: 6061 Aluminum Round Rod, Unpolished (Mill) Finish, Extruded, T6511 Temper, ASTM B221, 1/4"" Diameter, 60"" Length"
r693_lost_vs_original_at1,2108,gauge_meter,1155,"6061 Aluminum Round Rod, Unpolished (Mill) Finish, Extruded, T6511 Temper, ASTM B221, 0.5"" Diameter, 96"" Length",1.0,2.0,hit@10,1,2,"<a_251><b_198><c_9> :: ids=[1155] :: fam=gauge_meter :: 6061 Aluminum Round Rod, Unpolished (Mill) Finish, Extruded, T6511 Temper, ASTM B221, 0.5"" Diameter, 96"" Length
<a_251><b_198><c_114> :: ids=[1154] :: fam=gauge_meter :: 6061 Aluminum Round Rod, Unpolished (Mill) Finish, Extruded, T6511 Temper, ASTM B221, 1/4"" Diameter, 60"" Length
<a_251><b_198><c_0> :: ids=[2453] :: fam=gauge_meter :: 6061 Aluminum Round Rod, Unpolished (Mill) Finish, Extruded, T6511 Temper, ASTM B221, 1/4"" Diameter, 12"" Length
<a_17><b_217><c_0> :: ids=[216, 217] :: fam=other :: Ancor Tinned Copper Lugs 8 AWG - 4/0 AWG / Ancor Tinned Copper Lugs 8 AWG - 4/0 AWG
<a_15><b_206><c_230> :: ids=[54] :: fam=metadata_placeholder :: Industrial & Scientific"" />","<a_162><b_228><c_174> :: ids=[1153] :: fam=gauge_meter :: 6061 Aluminum Round Rod, Unpolished (Mill) Finish, Extruded, T6511 Temper, ASTM B221, 2-1/4"" Diameter, 12"" Length
<a_162><b_228><c_3> :: ids=[1155] :: fam=gauge_meter :: 6061 Aluminum Round Rod, Unpolished (Mill) Finish, Extruded, T6511 Temper, ASTM B221, 0.5"" Diameter, 96"" Length
<a_162><b_228><c_7> :: ids=[1154] :: fam=gauge_meter :: 6061 Aluminum Round Rod, Unpolished (Mill) Finish, Extruded, T6511 Temper, ASTM B221, 1/4"" Diameter, 60"" Length
<a_162><b_228><c_121> :: ids=[2453] :: fam=gauge_meter :: 6061 Aluminum Round Rod, Unpolished (Mill) Finish, Extruded, T6511 Temper, ASTM B221, 1/4"" Diameter, 12"" Length
<a_162><b_228><c_113> :: ids=[2454] :: fam=gauge_meter :: 6061 Aluminum Round Rod, Unpolished (Mill) Finish, Extruded, T6511 Temper, ASTM B221, 1/2"" Diameter, 72"" Length"
r693_lost_vs_original_at1,2109,gauge_meter,1156,"6061 Aluminum Round Rod, Unpolished (Mill) Finish, Extruded, T6511 Temper, ASTM B221, 1-5/8"" Diameter, 24"" Length",1.0,2.0,hit@10,1,3,"<a_251><b_198><c_132> :: ids=[1156] :: fam=gauge_meter :: 6061 Aluminum Round Rod, Unpolished (Mill) Finish, Extruded, T6511 Temper, ASTM B221, 1-5/8"" Diameter, 24"" Length
<a_251><b_198><c_9> :: ids=[1155] :: fam=gauge_meter :: 6061 Aluminum Round Rod, Unpolished (Mill) Finish, Extruded, T6511 Temper, ASTM B221, 0.5"" Diameter, 96"" Length
<a_251><b_198><c_0> :: ids=[2453] :: fam=gauge_meter :: 6061 Aluminum Round Rod, Unpolished (Mill) Finish, Extruded, T6511 Temper, ASTM B221, 1/4"" Diameter, 12"" Length
<a_17><b_217><c_0> :: ids=[216, 217] :: fam=other :: Ancor Tinned Copper Lugs 8 AWG - 4/0 AWG / Ancor Tinned Copper Lugs 8 AWG - 4/0 AWG
<a_251><b_198><c_114> :: ids=[1154] :: fam=gauge_meter :: 6061 Aluminum Round Rod, Unpolished (Mill) Finish, Extruded, T6511 Temper, ASTM B221, 1/4"" Diameter, 60"" Length","<a_162><b_228><c_3> :: ids=[1155] :: fam=gauge_meter :: 6061 Aluminum Round Rod, Unpolished (Mill) Finish, Extruded, T6511 Temper, ASTM B221, 0.5"" Diameter, 96"" Length
<a_162><b_228><c_133> :: ids=[1156] :: fam=gauge_meter :: 6061 Aluminum Round Rod, Unpolished (Mill) Finish, Extruded, T6511 Temper, ASTM B221, 1-5/8"" Diameter, 24"" Length
<a_162><b_228><c_121> :: ids=[2453] :: fam=gauge_meter :: 6061 Aluminum Round Rod, Unpolished (Mill) Finish, Extruded, T6511 Temper, ASTM B221, 1/4"" Diameter, 12"" Length
<a_162><b_228><c_174> :: ids=[1153] :: fam=gauge_meter :: 6061 Aluminum Round Rod, Unpolished (Mill) Finish, Extruded, T6511 Temper, ASTM B221, 2-1/4"" Diameter, 12"" Length
<a_162><b_228><c_7> :: ids=[1154] :: fam=gauge_meter :: 6061 Aluminum Round Rod, Unpolished (Mill) Finish, Extruded, T6511 Temper, ASTM B221, 1/4"" Diameter, 60"" Length"
r693_lost_vs_original_at1,201,gauge_meter,181,"AcuRite 00613 Humidity Monitor with Indoor Thermometer, Digital Hygrometer and Humidity Gauge Indicator",1.0,5.0,hit@10,0,1,"<a_107><b_93><c_0> :: ids=[181, 182] :: fam=gauge_meter :: AcuRite 00613 Humidity Monitor with Indoor Thermometer, Digital Hygrometer and Humidity Gauge Indicator / AcuRite 00613 Humidity Monitor with Indoor Thermometer, Digital Hygrometer
<a_94><b_35><c_31> :: ids=[148] :: fam=other :: Plastic Transfer Pipettes 3ml, Graduated, Pack of 100
<a_79><b_135><c_73> :: ids=[768] :: fam=other :: Oil Slick Sheet Labratory Grade PTFE Roll Solvent Resistant Alternative to Parchment Paper, 48x16
<a_107><b_183><c_251> :: ids=[2321] :: fam=other :: HM Digital C342 TDS and EC Calibration Solution, 342 ppm (NaCl), 90 ml Volume
<a_94><b_183><c_53> :: ids=[2709] :: fam=other :: PASSION Glass Graduated Droppers Pipettes 5 ml pack of 3","<a_153><b_100><c_149> :: ids=[2321] :: fam=other :: HM Digital C342 TDS and EC Calibration Solution, 342 ppm (NaCl), 90 ml Volume
<a_153><b_247><c_69> :: ids=[944] :: fam=test_strip :: General Hydroponics PH Test Kit, 1-Ounce
<a_153><b_222><c_166> :: ids=[1834] :: fam=other :: General Hydroponics Ph 7.0 Calibration Solution - 8 Ounces, 1 bottle
<a_35><b_170><c_107> :: ids=[218] :: fam=ventilation_fan :: Phresh Duct Silencer 8 in x 24 in
<a_190><b_103><c_0> :: ids=[181, 182] :: fam=gauge_meter :: AcuRite 00613 Humidity Monitor with Indoor Thermometer, Digital Hygrometer and Humidity Gauge Indicator / AcuRite 00613 Humidity Monitor with Indoor Thermometer, Digital Hygrometer"
r693_lost_vs_original_at1,678,gauge_meter,181,"AcuRite 00613 Humidity Monitor with Indoor Thermometer, Digital Hygrometer and Humidity Gauge Indicator",1.0,4.0,hit@10,0,3,"<a_107><b_93><c_0> :: ids=[181, 182] :: fam=gauge_meter :: AcuRite 00613 Humidity Monitor with Indoor Thermometer, Digital Hygrometer and Humidity Gauge Indicator / AcuRite 00613 Humidity Monitor with Indoor Thermometer, Digital Hygrometer
<a_202><b_62><c_182> :: ids=[116] :: fam=tape :: Rescue Tape RT1000201202USCO
<a_202><b_198><c_218> :: ids=[950] :: fam=tape :: X-Treme Tape TPE-XZLCLR Silicone Rubber Self Fusing Tape, 1"" x 10', Triangular, Clear
<a_165><b_59><c_20> :: ids=[326] :: fam=adhesive_epoxy :: J-B Weld 8276 KwikWeld Quick Setting Steel Reinforced Epoxy - 2 oz.
<a_165><b_59><c_69> :: ids=[675] :: fam=adhesive_epoxy :: J-B Weld 8265S Original Cold-Weld Steel Reinforced Epoxy - 2 oz.","<a_31><b_171><c_9> :: ids=[450] :: fam=tape :: X-Treme Tape TPE-X36ZLB Silicone Rubber Self Fusing Tape, 1"" x 36', Triangular, Black
<a_31><b_171><c_120> :: ids=[950] :: fam=tape :: X-Treme Tape TPE-XZLCLR Silicone Rubber Self Fusing Tape, 1"" x 10', Triangular, Clear
<a_31><b_171><c_89> :: ids=[2596] :: fam=tape :: X-Treme Tape TPE-XZLYEL Silicone Rubber Self Fusing Tape, 1"" x 10', Triangular, Yellow
<a_190><b_103><c_0> :: ids=[181, 182] :: fam=gauge_meter :: AcuRite 00613 Humidity Monitor with Indoor Thermometer, Digital Hygrometer and Humidity Gauge Indicator / AcuRite 00613 Humidity Monitor with Indoor Thermometer, Digital Hygrometer
<a_31><b_171><c_67> :: ids=[1373] :: fam=tape :: X-Treme Tape TPE-XZLBRD Silicone Rubber Self Fusing Tape, 1"" x 10', Triangular, Bright Red"
r693_lost_vs_original_at1,1112,gauge_meter,2278,"GREX P6/35L 23 Gauge 1-3/8-Inch Length Headless Pins (10,000 per box)",1.0,,L1_miss,0,1,"<a_42><b_117><c_0> :: ids=[2278] :: fam=gauge_meter :: GREX P6/35L 23 Gauge 1-3/8-Inch Length Headless Pins (10,000 per box)
<a_173><b_93><c_124> :: ids=[40] :: fam=other :: Forney 20859 Cutting Fluid, Industrial Pro Tap Magic, 1-Gallon
<a_173><b_93><c_136> :: ids=[74] :: fam=other :: Hot Max 27050 Tap Magic Cutting Fluid, 4 oz.
<a_42><b_117><c_237> :: ids=[92] :: fam=gauge_meter :: GREX P6/MP-3 23 Gauge Multi-Pack Headless Pins (3,000 per box)
<a_193><b_113><c_101> :: ids=[265] :: fam=other :: ZJchao 10 pieces Tungsten Carbide Rotary Burr SET 1/8"" shank [Misc.]","<a_185><b_83><c_203> :: ids=[457] :: fam=other :: CRC 03400 16oz Truetap Cutting Fluid Heavy Duty Bottle
<a_185><b_22><c_219> :: ids=[40] :: fam=other :: Forney 20859 Cutting Fluid, Industrial Pro Tap Magic, 1-Gallon
<a_209><b_33><c_25> :: ids=[577] :: fam=other :: Neiko 50458A Snap Ring Shop Assortment, 300 Count | 18 Sizes (1/8"" - 1-1/4"") | Hardened Steel
<a_185><b_2><c_12> :: ids=[123] :: fam=other :: Red Devil 0325 Steel Wool, 2 Medium Course, 8 Pads
<a_109><b_114><c_135> :: ids=[176] :: fam=other :: URBEST 530 Pcs 2:1 Heat Shrink Tubing Tube Sleeving Wrap Cable Wire 5 Color 8 Size"
r693_lost_vs_original_at1,1348,gauge_meter,181,"AcuRite 00613 Humidity Monitor with Indoor Thermometer, Digital Hygrometer and Humidity Gauge Indicator",1.0,2.0,hit@10,0,0,"<a_107><b_93><c_0> :: ids=[181, 182] :: fam=gauge_meter :: AcuRite 00613 Humidity Monitor with Indoor Thermometer, Digital Hygrometer and Humidity Gauge Indicator / AcuRite 00613 Humidity Monitor with Indoor Thermometer, Digital Hygrometer
<a_158><b_91><c_208> :: ids=[2807] :: fam=ventilation_fan :: VIVOSUN 6 Inch 440 CFM Inline Duct Ventilation Fan with Variable Speed Controller
<a_68><b_112><c_219> :: ids=[2889] :: fam=other :: GROW1 Panda Film, 10' x 25', Poly 5.5 mil, Black/White
<a_107><b_90><c_50> :: ids=[338] :: fam=gauge_meter :: Etekcity Lasergrip 1080 Non-Contact Digital Laser Infrared Thermometer Temperature Gun -58~1022 (-50550), Yellow and Black
<a_223><b_20><c_170> :: ids=[1847] :: fam=3d_filament :: HATCHBOX PLA 3D Printer Filament, Dimensional Accuracy +/- 0.03 mm, 1 kg Spool, 1.75 mm, White","<a_31><b_208><c_41> :: ids=[125] :: fam=tape :: Gorilla 6100101 Tape Handy Roll, 1-Pack, Black
<a_190><b_103><c_0> :: ids=[181, 182] :: fam=gauge_meter :: AcuRite 00613 Humidity Monitor with Indoor Thermometer, Digital Hygrometer and Humidity Gauge Indicator / AcuRite 00613 Humidity Monitor with Indoor Thermometer, Digital Hygrometer
<a_31><b_171><c_9> :: ids=[450] :: fam=tape :: X-Treme Tape TPE-X36ZLB Silicone Rubber Self Fusing Tape, 1"" x 36', Triangular, Black
<a_197><b_173><c_161> :: ids=[84] :: fam=gauge_meter :: Neiko 01409A Electronic Digital Caliper with Extra Large LCD Screen | 0 - 12 Inches | Inch/Fractions/Millimeter Conversion
<a_157><b_43><c_151> :: ids=[995] :: fam=other :: TRM Manufacturing 61025C Weatherall Visqueen Plastic Sheeting, Drop Cloth 10' Wide x 25' Length x 6.0 mil Thickness, Opaque/Translucent"
r693_lost_vs_original_at1,2133,gauge_meter,181,"AcuRite 00613 Humidity Monitor with Indoor Thermometer, Digital Hygrometer and Humidity Gauge Indicator",1.0,2.0,hit@10,0,1,"<a_107><b_93><c_0> :: ids=[181, 182] :: fam=gauge_meter :: AcuRite 00613 Humidity Monitor with Indoor Thermometer, Digital Hygrometer and Humidity Gauge Indicator / AcuRite 00613 Humidity Monitor with Indoor Thermometer, Digital Hygrometer
<a_30><b_191><c_20> :: ids=[635] :: fam=other :: Texas Instruments NE555N NE555 NE555P General Purpose Single Bipolar Timer DIP8 50 Pack
<a_73><b_58><c_117> :: ids=[2229] :: fam=other :: Uxcell a11093000ux0385 10x 8 Pin DIP IC Sockets Adaptor Solder Type Socket
<a_30><b_229><c_164> :: ids=[1602] :: fam=other :: STMicroelectronics L7805CV 5V 1.5A Positive Voltage Regulator, 5 Pieces
<a_36><b_188><c_124> :: ids=[1722] :: fam=other :: Signstek 2PCS P6100 100 MHz Oscilloscope Probe for Rigol Atten Owon Siglent","<a_134><b_254><c_47> :: ids=[145] :: fam=other :: Marrywindix 6pcs ESD Precision Anti-Static Tweezers, Tweezers Stainless Steel Tweezers with a Bag for Electronics Jewelry-Making Repairing
<a_190><b_103><c_0> :: ids=[181, 182] :: fam=gauge_meter :: AcuRite 00613 Humidity Monitor with Indoor Thermometer, Digital Hygrometer and Humidity Gauge Indicator / AcuRite 00613 Humidity Monitor with Indoor Thermometer, Digital Hygrometer
<a_75><b_225><c_91> :: ids=[2627] :: fam=other :: Uxcell a11090300ux0244 30 Pcs 16 Pin 2.54mm DIP IC Socket Solder Type Adaptors.
<a_75><b_251><c_9> :: ids=[1545] :: fam=other :: Top-cofrLD 1/4w Resistors Pack 164 values x 10pcs = 1640pcs 0-22M Metal Film Full range resistors Assortment Kits
<a_75><b_107><c_134> :: ids=[734] :: fam=other :: microtivity IL188 5mm Assorted Clear LED w/Resistors (8 Colors, Pack of 80)"
r693_lost_vs_original_at1,2488,gauge_meter,954,"Remington Industries 22UL1007STRRED UL1007 22 AWG Gauge Stranded Hook-Up Wire, 300V, 0.0253"" Diameter, 100' Length, Red",1.0,6.0,hit@10,0,1,"<a_67><b_152><c_189> :: ids=[954] :: fam=gauge_meter :: Remington Industries 22UL1007STRRED UL1007 22 AWG Gauge Stranded Hook-Up Wire, 300V, 0.0253"" Diameter, 100' Length, Red
<a_73><b_58><c_117> :: ids=[2229] :: fam=other :: Uxcell a11093000ux0385 10x 8 Pin DIP IC Sockets Adaptor Solder Type Socket
<a_73><b_36><c_154> :: ids=[3076] :: fam=other :: 10Pcs 5 x 7 cm DIY Prototype Paper PCB Universal Board New
<a_30><b_191><c_20> :: ids=[635] :: fam=other :: Texas Instruments NE555N NE555 NE555P General Purpose Single Bipolar Timer DIP8 50 Pack
<a_73><b_231><c_56> :: ids=[734] :: fam=other :: microtivity IL188 5mm Assorted Clear LED w/Resistors (8 Colors, Pack of 80)","<a_115><b_217><c_122> :: ids=[3060] :: fam=gauge_meter :: Remington Industries 22UL1007STRKIT UL1007 22 AWG Gauge Stranded Hook-Up Wire Kit, 300V, 0.0253"" Diameter, 25' Length
<a_106><b_160><c_222> :: ids=[1753] :: fam=other :: 5pcs 6x8cm Double-Side Prototype PCB Universal Printed Circuit Board
<a_126><b_162><c_235> :: ids=[1820] :: fam=other :: Uxcell a14041800ux1143 25Pcs Double Sided Protoboard Prototyping Pcb Board 4cm x 6cm
<a_126><b_186><c_222> :: ids=[285] :: fam=other :: Z&T Solderless Flexible Breadboard Jumper Wires M/M 100pcs
<a_75><b_107><c_134> :: ids=[734] :: fam=other :: microtivity IL188 5mm Assorted Clear LED w/Resistors (8 Colors, Pack of 80)"
r693_lost_vs_original_at1,3475,gauge_meter,356,"PORTER-CABLE PNS18075 3/4-Inch, 18 Gauge Narrow Crown (1/4-Inch) Staple (5000-Pack)",1.0,31.0,leaf_or_rank_miss_after_L2_hit,0,0,"<a_42><b_226><c_0> :: ids=[356] :: fam=gauge_meter :: PORTER-CABLE PNS18075 3/4-Inch, 18 Gauge Narrow Crown (1/4-Inch) Staple (5000-Pack)
<a_42><b_226><c_185> :: ids=[20] :: fam=gauge_meter :: PORTER-CABLE (PBN18075-1) 18 Gauge Brad Nails, 3/4-Inch, 1000-Pack
<a_42><b_9><c_185> :: ids=[346] :: fam=gauge_meter :: BOSTITCH BT1300B 5/8-Inch 18-Gauge Brad Nails, 3000 per Box
<a_42><b_226><c_3> :: ids=[358] :: fam=gauge_meter :: PORTER-CABLE PNS18100-1 1-Inch 18 Gauge Narrow Crown Staple, 1000-Pack
<a_42><b_226><c_233> :: ids=[897] :: fam=gauge_meter :: PORTER-CABLE NS18Pp 18 Gauge Narrow Crown Staple Project Pack, 900 Count, Various Sizes","<a_69><b_94><c_27> :: ids=[897] :: fam=gauge_meter :: PORTER-CABLE NS18Pp 18 Gauge Narrow Crown Staple Project Pack, 900 Count, Various Sizes
<a_190><b_103><c_0> :: ids=[181, 182] :: fam=gauge_meter :: AcuRite 00613 Humidity Monitor with Indoor Thermometer, Digital Hygrometer and Humidity Gauge Indicator / AcuRite 00613 Humidity Monitor with Indoor Thermometer, Digital Hygrometer
<a_235><b_8><c_102> :: ids=[359] :: fam=fastener :: Kreg SK03 Pocket-Hole Screw Kit in 5 Sizes
<a_209><b_33><c_25> :: ids=[577] :: fam=other :: Neiko 50458A Snap Ring Shop Assortment, 300 Count | 18 Sizes (1/8"" - 1-1/4"") | Hardened Steel
<a_7><b_141><c_102> :: ids=[1395] :: fam=fastener :: KREG Tools SSW Kreg Screw Selector Wheel. Woodworking"
r693_lost_vs_original_at1,3586,gauge_meter,181,"AcuRite 00613 Humidity Monitor with Indoor Thermometer, Digital Hygrometer and Humidity Gauge Indicator",1.0,8.0,hit@10,0,3,"<a_107><b_93><c_0> :: ids=[181, 182] :: fam=gauge_meter :: AcuRite 00613 Humidity Monitor with Indoor Thermometer, Digital Hygrometer and Humidity Gauge Indicator / AcuRite 00613 Humidity Monitor with Indoor Thermometer, Digital Hygrometer
<a_30><b_191><c_20> :: ids=[635] :: fam=other :: Texas Instruments NE555N NE555 NE555P General Purpose Single Bipolar Timer DIP8 50 Pack
<a_73><b_58><c_117> :: ids=[2229] :: fam=other :: Uxcell a11093000ux0385 10x 8 Pin DIP IC Sockets Adaptor Solder Type Socket
<a_107><b_42><c_17> :: ids=[769] :: fam=gauge_meter :: Nubee Temperature Gun Non-contact Digital Laser Infrared IR Thermometer
<a_73><b_183><c_142> :: ids=[1545] :: fam=other :: Top-cofrLD 1/4w Resistors Pack 164 values x 10pcs = 1640pcs 0-22M Metal Film Full range resistors Assortment Kits","<a_126><b_88><c_131> :: ids=[2561] :: fam=connector_fitting :: Uxcell a11102000ux0355 2N3906 General Purpose 3 Terminals PNP Transistors, 100 Piece
<a_75><b_107><c_134> :: ids=[734] :: fam=other :: microtivity IL188 5mm Assorted Clear LED w/Resistors (8 Colors, Pack of 80)
<a_75><b_169><c_59> :: ids=[2983] :: fam=other :: E-Projects EPC-105 16 Value Resistor Kit, 10 Ohm - 1M Ohm, 1/2 Watt (Pack of 400)
<a_126><b_186><c_222> :: ids=[285] :: fam=other :: Z&T Solderless Flexible Breadboard Jumper Wires M/M 100pcs
<a_126><b_162><c_235> :: ids=[1820] :: fam=other :: Uxcell a14041800ux1143 25Pcs Double Sided Protoboard Prototyping Pcb Board 4cm x 6cm"
r693_lost_vs_original_at1,3607,gauge_meter,181,"AcuRite 00613 Humidity Monitor with Indoor Thermometer, Digital Hygrometer and Humidity Gauge Indicator",1.0,3.0,hit@10,0,0,"<a_107><b_93><c_0> :: ids=[181, 182] :: fam=gauge_meter :: AcuRite 00613 Humidity Monitor with Indoor Thermometer, Digital Hygrometer and Humidity Gauge Indicator / AcuRite 00613 Humidity Monitor with Indoor Thermometer, Digital Hygrometer
<a_24><b_132><c_34> :: ids=[570] :: fam=other :: Bissell 9595A CleanView Bagless Vacuum with OnePass
<a_24><b_29><c_6> :: ids=[714] :: fam=other :: Shop-Vac 9067200 Type I 10-14-Gallon High Efficiency Disposable Collection Filter Bag 2-Pack
<a_107><b_90><c_50> :: ids=[338] :: fam=gauge_meter :: Etekcity Lasergrip 1080 Non-Contact Digital Laser Infrared Thermometer Temperature Gun -58~1022 (-50550), Yellow and Black
<a_24><b_91><c_61> :: ids=[207] :: fam=other :: iRobot Roomba 880 Robot Vacuum","<a_60><b_209><c_16> :: ids=[1084] :: fam=gauge_meter :: 3M Hookit Film Disc 375L, Aluminum Oxide, 5"" Diameter, P180 Grade  (Pack of 50)
<a_31><b_218><c_247> :: ids=[274] :: fam=tape :: 3M Vinyl Tape 471 Blue, 3/4 in x 36 yd, Conveniently Packaged (Pack of 1)
<a_190><b_103><c_0> :: ids=[181, 182] :: fam=gauge_meter :: AcuRite 00613 Humidity Monitor with Indoor Thermometer, Digital Hygrometer and Humidity Gauge Indicator / AcuRite 00613 Humidity Monitor with Indoor Thermometer, Digital Hygrometer
<a_211><b_154><c_68> :: ids=[513] :: fam=other :: Kimberly-Clark Professional Kimtech Science KimWipes Delicate Task Wipers, 4.4 x 8.4 in. 1-ply
<a_138><b_9><c_137> :: ids=[395] :: fam=other :: Arctic Silver 5 AS5-3.5G Thermal Paste"
r693_lost_vs_original_at1,133,other,2083,Applied Magnets Strong N52 Neodymium Magnet 1 inch Cube,1.0,3.0,hit@10,1,2,"<a_251><b_212><c_39> :: ids=[2083] :: fam=other :: Applied Magnets Strong N52 Neodymium Magnet 1 inch Cube
<a_251><b_212><c_99> :: ids=[3400] :: fam=other :: CMS Magnetics Super Strong 1&rdquo; Neodymium Cube Magnet &ndash; Storage Box Included for Added Safety
<a_251><b_211><c_0> :: ids=[375] :: fam=other :: BYKES 50 Neodymium Super Strong Extremely Powerful Rare Earth Refrigerator Magnets 1/8 x 1/8 inch Cylinder N48
<a_251><b_39><c_100> :: ids=[1877] :: fam=gauge_meter :: 464 Brass Round Rod, Unpolished (Mill) Finish, H02 Temper, ASTM B21, 9/16"" Diameter, 12"" Length
<a_251><b_198><c_140> :: ids=[1153] :: fam=gauge_meter :: 6061 Aluminum Round Rod, Unpolished (Mill) Finish, Extruded, T6511 Temper, ASTM B221, 2-1/4"" Diameter, 12"" Length","<a_190><b_103><c_0> :: ids=[181, 182] :: fam=gauge_meter :: AcuRite 00613 Humidity Monitor with Indoor Thermometer, Digital Hygrometer and Humidity Gauge Indicator / AcuRite 00613 Humidity Monitor with Indoor Thermometer, Digital Hygrometer
<a_190><b_185><c_201> :: ids=[159] :: fam=gauge_meter :: Etekcity Lasergrip 774 Non-contact Digital Laser Infrared Thermometer Temperature Gun -58~ 716 (-50 ~ 380), Yellow and Black
<a_106><b_23><c_156> :: ids=[2083] :: fam=other :: Applied Magnets Strong N52 Neodymium Magnet 1 inch Cube
<a_106><b_23><c_46> :: ids=[2849] :: fam=other :: BYKES 100 Neodymium Strong Powerful Rare Earth Magnets 1/8"" x 1/16"" Disc N48
<a_190><b_173><c_203> :: ids=[338] :: fam=gauge_meter :: Etekcity Lasergrip 1080 Non-Contact Digital Laser Infrared Thermometer Temperature Gun -58~1022 (-50550), Yellow and Black"
r693_lost_vs_original_at1,1251,other,140,DuPont Teflon Silicone Lubricant,1.0,3.0,hit@10,1,1,"<a_173><b_201><c_145> :: ids=[140] :: fam=other :: DuPont Teflon Silicone Lubricant
<a_197><b_204><c_0> :: ids=[139, 774] :: fam=other :: DuPont Teflon Non-Stick / DuPont Teflon Non-Stick
<a_173><b_60><c_25> :: ids=[1182] :: fam=other :: Super Lube 51004 Synthetic Oil with PTFE, High Viscosity, 4 oz Bottle
<a_173><b_93><c_124> :: ids=[40] :: fam=other :: Forney 20859 Cutting Fluid, Industrial Pro Tap Magic, 1-Gallon
<a_107><b_90><c_50> :: ids=[338] :: fam=gauge_meter :: Etekcity Lasergrip 1080 Non-Contact Digital Laser Infrared Thermometer Temperature Gun -58~1022 (-50550), Yellow and Black","<a_77><b_45><c_0> :: ids=[139, 774] :: fam=other :: DuPont Teflon Non-Stick / DuPont Teflon Non-Stick
<a_190><b_103><c_0> :: ids=[181, 182] :: fam=gauge_meter :: AcuRite 00613 Humidity Monitor with Indoor Thermometer, Digital Hygrometer and Humidity Gauge Indicator / AcuRite 00613 Humidity Monitor with Indoor Thermometer, Digital Hygrometer
<a_168><b_85><c_176> :: ids=[140] :: fam=other :: DuPont Teflon Silicone Lubricant
<a_197><b_173><c_161> :: ids=[84] :: fam=gauge_meter :: Neiko 01409A Electronic Digital Caliper with Extra Large LCD Screen | 0 - 12 Inches | Inch/Fractions/Millimeter Conversion
<a_31><b_179><c_201> :: ids=[467] :: fam=tape :: 3M Utility Duct Tape 2929 Silver, 1.88 in x 50 yd 5.8 mils (Pack of 1)"
r693_lost_vs_original_at1,1873,other,1354,Red Devil Available 3332 Steel Wool Multi-Grade Pack,1.0,2.0,hit@10,1,1,"<a_173><b_194><c_0> :: ids=[1354] :: fam=other :: Red Devil Available 3332 Steel Wool Multi-Grade Pack
<a_107><b_93><c_0> :: ids=[181, 182] :: fam=gauge_meter :: AcuRite 00613 Humidity Monitor with Indoor Thermometer, Digital Hygrometer and Humidity Gauge Indicator / AcuRite 00613 Humidity Monitor with Indoor Thermometer, Digital Hygrometer
<a_71><b_242><c_21> :: ids=[42] :: fam=connector_fitting :: Precision Brand M6S Micro Seal, Miniature All Stainless Worm Gear Hose Clamp, 5/16"" - 7/8"" (Pack of 10)
<a_17><b_14><c_32> :: ids=[145] :: fam=other :: Marrywindix 6pcs ESD Precision Anti-Static Tweezers, Tweezers Stainless Steel Tweezers with a Bag for Electronics Jewelry-Making Repairing
<a_73><b_8><c_168> :: ids=[285] :: fam=other :: Z&T Solderless Flexible Breadboard Jumper Wires M/M 100pcs","<a_185><b_2><c_12> :: ids=[123] :: fam=other :: Red Devil 0325 Steel Wool, 2 Medium Course, 8 Pads
<a_185><b_211><c_122> :: ids=[1354] :: fam=other :: Red Devil Available 3332 Steel Wool Multi-Grade Pack
<a_185><b_254><c_5> :: ids=[1546] :: fam=other :: BreakFree CLP-PS Precision Shooter
<a_190><b_103><c_0> :: ids=[181, 182] :: fam=gauge_meter :: AcuRite 00613 Humidity Monitor with Indoor Thermometer, Digital Hygrometer and Humidity Gauge Indicator / AcuRite 00613 Humidity Monitor with Indoor Thermometer, Digital Hygrometer
<a_197><b_173><c_161> :: ids=[84] :: fam=gauge_meter :: Neiko 01409A Electronic Digital Caliper with Extra Large LCD Screen | 0 - 12 Inches | Inch/Fractions/Millimeter Conversion"
r693_lost_vs_original_at1,2721,other,774,DuPont Teflon Non-Stick,1.0,3.0,hit@10,1,2,"<a_197><b_204><c_0> :: ids=[139, 774] :: fam=other :: DuPont Teflon Non-Stick / DuPont Teflon Non-Stick
<a_173><b_201><c_145> :: ids=[140] :: fam=other :: DuPont Teflon Silicone Lubricant
<a_107><b_93><c_0> :: ids=[181, 182] :: fam=gauge_meter :: AcuRite 00613 Humidity Monitor with Indoor Thermometer, Digital Hygrometer and Humidity Gauge Indicator / AcuRite 00613 Humidity Monitor with Indoor Thermometer, Digital Hygrometer
<a_202><b_62><c_182> :: ids=[116] :: fam=tape :: Rescue Tape RT1000201202USCO
<a_173><b_60><c_25> :: ids=[1182] :: fam=other :: Super Lube 51004 Synthetic Oil with PTFE, High Viscosity, 4 oz Bottle","<a_190><b_103><c_0> :: ids=[181, 182] :: fam=gauge_meter :: AcuRite 00613 Humidity Monitor with Indoor Thermometer, Digital Hygrometer and Humidity Gauge Indicator / AcuRite 00613 Humidity Monitor with Indoor Thermometer, Digital Hygrometer
<a_190><b_185><c_201> :: ids=[159] :: fam=gauge_meter :: Etekcity Lasergrip 774 Non-contact Digital Laser Infrared Thermometer Temperature Gun -58~ 716 (-50 ~ 380), Yellow and Black
<a_77><b_45><c_0> :: ids=[139, 774] :: fam=other :: DuPont Teflon Non-Stick / DuPont Teflon Non-Stick
<a_190><b_64><c_29> :: ids=[819] :: fam=3d_filament :: Inkbird ITC-1000 Dual Stage Digital Temperature Controller Fahrenheit  Celsius Thermostat with Sensor for 3D Printer,Freezer,Fridge,Hatching ect (12 Volt)
<a_190><b_64><c_116> :: ids=[1703] :: fam=3d_filament :: Inkbird ITC-1000 Dual Stage Digital Temperature Controller Fahrenheit  Celsius Thermostat with Sensor for 3D Printer,Freezer,Fridge,Hatching ect (110 Volt)"
r693_lost_vs_original_at1,135,other,3011,Little Giant 10940 Retrofit Wheel Kit,1.0,13.0,L1_miss,0,3,"<a_87><b_158><c_26> :: ids=[3011] :: fam=other :: Little Giant 10940 Retrofit Wheel Kit
<a_107><b_93><c_0> :: ids=[181, 182] :: fam=gauge_meter :: AcuRite 00613 Humidity Monitor with Indoor Thermometer, Digital Hygrometer and Humidity Gauge Indicator / AcuRite 00613 Humidity Monitor with Indoor Thermometer, Digital Hygrometer
<a_202><b_52><c_132> :: ids=[377] :: fam=tape :: Gorilla Tape, Black Tough & Wide Duct Tape, 2.88"" x 30 yd, Black, (Pack of 1)
<a_165><b_107><c_20> :: ids=[257] :: fam=adhesive_epoxy :: Gorilla 5000408  Original Gorilla Glue, Waterproof Polyurethane Glue, 4 ounce Bottle, Brown
<a_202><b_52><c_97> :: ids=[175] :: fam=tape :: Gorilla Crystal Clear Duct Tape, 1.88&rdquo; x 9 yd, Clear, (Pack of 1)","<a_190><b_103><c_0> :: ids=[181, 182] :: fam=gauge_meter :: AcuRite 00613 Humidity Monitor with Indoor Thermometer, Digital Hygrometer and Humidity Gauge Indicator / AcuRite 00613 Humidity Monitor with Indoor Thermometer, Digital Hygrometer
<a_31><b_89><c_252> :: ids=[130] :: fam=tape :: Gorilla Tape, Black Duct Tape, 1.88"" x 35 yd, Black, (Pack of 1)
<a_78><b_228><c_74> :: ids=[172] :: fam=adhesive_epoxy :: Gorilla Super Glue Gel, 15 Gram, Clear
<a_31><b_208><c_41> :: ids=[125] :: fam=tape :: Gorilla 6100101 Tape Handy Roll, 1-Pack, Black
<a_31><b_208><c_1> :: ids=[991] :: fam=tape :: Pro Gaffer Gaffers Tape, 2 in x 55 yd, Black"
r693_lost_vs_original_at1,693,other,22,"Eye-Vac EVPRO Tuxedo Black Touchless Stationary Vacuum &ndash; 1400 Watts Professional Vacuum with HEPA Filtration, Bag-less Canister. Floor Care",1.0,,L1_miss,0,0,"<a_197><b_91><c_69> :: ids=[22] :: fam=other :: Eye-Vac EVPRO Tuxedo Black Touchless Stationary Vacuum &ndash; 1400 Watts Professional Vacuum with HEPA Filtration, Bag-less Canister. Floor Care
<a_109><b_58><c_144> :: ids=[396] :: fam=other :: Westek SW103CT Outdoor Swivel Photo Control
<a_107><b_90><c_50> :: ids=[338] :: fam=gauge_meter :: Etekcity Lasergrip 1080 Non-Contact Digital Laser Infrared Thermometer Temperature Gun -58~1022 (-50550), Yellow and Black
<a_109><b_156><c_89> :: ids=[2181] :: fam=ventilation_fan :: Rubbermaid Commercial Products 1955228 Microburst 3000 CST Dispenser with LumeCel Technology, Black
<a_173><b_93><c_124> :: ids=[40] :: fam=other :: Forney 20859 Cutting Fluid, Industrial Pro Tap Magic, 1-Gallon","<a_209><b_254><c_10> :: ids=[76] :: fam=other :: 10pcs Mini Cabinet Drawer Butt Hinge
<a_185><b_254><c_5> :: ids=[1546] :: fam=other :: BreakFree CLP-PS Precision Shooter
<a_190><b_103><c_0> :: ids=[181, 182] :: fam=gauge_meter :: AcuRite 00613 Humidity Monitor with Indoor Thermometer, Digital Hygrometer and Humidity Gauge Indicator / AcuRite 00613 Humidity Monitor with Indoor Thermometer, Digital Hygrometer
<a_235><b_219><c_51> :: ids=[914] :: fam=fastener :: The Hillman Group 591518 Small Machine Screws with Nuts Assortment, 195-Pack
<a_134><b_254><c_47> :: ids=[145] :: fam=other :: Marrywindix 6pcs ESD Precision Anti-Static Tweezers, Tweezers Stainless Steel Tweezers with a Bag for Electronics Jewelry-Making Repairing"
r693_lost_vs_original_at1,998,other,1359,"Big Gator Tools V-Tap Guide, Standard sizes 0-80 to 5/8",1.0,2.0,hit@10,0,4,"<a_224><b_75><c_97> :: ids=[1359] :: fam=other :: Big Gator Tools V-Tap Guide, Standard sizes 0-80 to 5/8
<a_15><b_206><c_230> :: ids=[54] :: fam=metadata_placeholder :: Industrial & Scientific"" />
<a_173><b_93><c_124> :: ids=[40] :: fam=other :: Forney 20859 Cutting Fluid, Industrial Pro Tap Magic, 1-Gallon
<a_193><b_97><c_87> :: ids=[33] :: fam=other :: Bessey BV-NVJ Multi-Purpose Vise Jaws (Jaws Only)
<a_107><b_93><c_0> :: ids=[181, 182] :: fam=gauge_meter :: AcuRite 00613 Humidity Monitor with Indoor Thermometer, Digital Hygrometer and Humidity Gauge Indicator / AcuRite 00613 Humidity Monitor with Indoor Thermometer, Digital Hygrometer","<a_185><b_83><c_203> :: ids=[457] :: fam=other :: CRC 03400 16oz Truetap Cutting Fluid Heavy Duty Bottle
<a_7><b_186><c_117> :: ids=[1359] :: fam=other :: Big Gator Tools V-Tap Guide, Standard sizes 0-80 to 5/8
<a_185><b_114><c_91> :: ids=[860] :: fam=other :: Oatey 30203 Dark Cutting Oil, Speed Threading, 16-Ounce
<a_185><b_87><c_30> :: ids=[986] :: fam=other :: Stanley 93-301 14-Inch Yellow Panel Carry Handle
<a_185><b_125><c_175> :: ids=[1917] :: fam=other :: Jancy Slugger 10208W 1 Gallon Water Soluable Cutting Fluid"
r693_lost_vs_original_at1,1738,other,1246,"Keeper (02604 6' x 1"" Lift Sling, 1 Ply",1.0,49.0,leaf_or_rank_miss_after_L2_hit,0,1,"<a_71><b_28><c_190> :: ids=[1246] :: fam=other :: Keeper (02604 6' x 1"" Lift Sling, 1 Ply
<a_202><b_160><c_244> :: ids=[154] :: fam=tape :: 3M Multi-Use Duct Tape, 2930-C, 1.88 Inches by 30 Yards
<a_107><b_93><c_0> :: ids=[181, 182] :: fam=gauge_meter :: AcuRite 00613 Humidity Monitor with Indoor Thermometer, Digital Hygrometer and Humidity Gauge Indicator / AcuRite 00613 Humidity Monitor with Indoor Thermometer, Digital Hygrometer
<a_202><b_160><c_184> :: ids=[467] :: fam=tape :: 3M Utility Duct Tape 2929 Silver, 1.88 in x 50 yd 5.8 mils (Pack of 1)
<a_165><b_107><c_20> :: ids=[257] :: fam=adhesive_epoxy :: Gorilla 5000408  Original Gorilla Glue, Waterproof Polyurethane Glue, 4 ounce Bottle, Brown","<a_31><b_179><c_201> :: ids=[467] :: fam=tape :: 3M Utility Duct Tape 2929 Silver, 1.88 in x 50 yd 5.8 mils (Pack of 1)
<a_31><b_179><c_156> :: ids=[1673] :: fam=tape :: 3M Vinyl Duct Tape, Red, 2-Inch by 50-Yard
<a_31><b_179><c_128> :: ids=[553] :: fam=tape :: 3M  Pro Strength Duct Tape, 1260-A, 1.88  Inches by 60 Yards
<a_32><b_253><c_135> :: ids=[1184] :: fam=other :: Keeper Foot x 2 Inch 02612 6' x 2"" Lift Sling
<a_31><b_179><c_234> :: ids=[528] :: fam=tape :: ProTapes Pro Duct 100 PE-Coated Cloth Economy Duct Tape, 60 yds Length x 2"" Width, Silver (Pack of 1)"
r693_lost_vs_original_at1,2238,other,814,"DEWALT DW4902 1-Inch by 1/4-Inch High Performance Carbon Knot Wire End Brush, 0.020-Inch Wire",1.0,23.0,L2_miss_after_L1_hit,0,0,"<a_193><b_58><c_115> :: ids=[814] :: fam=other :: DEWALT DW4902 1-Inch by 1/4-Inch High Performance Carbon Knot Wire End Brush, 0.020-Inch Wire
<a_193><b_201><c_150> :: ids=[969] :: fam=other :: DEWALT DW4901 1-Inch Crimped End Wire Brush
<a_193><b_58><c_166> :: ids=[333] :: fam=other :: DEWALT DW4930 4-Inch by 5/8-Inch-11 Full Cable Twist Wire Wheel/Carbon Steel .020-Inch
<a_193><b_236><c_163> :: ids=[1326] :: fam=other :: 2pc 1/8""-Shank Mandrel Set - For 1/8"" & 1/4"" Wheel Disc Arbor Holes - Fits Dremel
<a_193><b_42><c_1> :: ids=[831] :: fam=other :: DEWALT DW8062B5 4-1/2-Inch by 0.045-Inch Metal and Stainless Cutting Wheel, 7/8-Inch Arbor, 5-Pack","<a_7><b_141><c_102> :: ids=[1395] :: fam=fastener :: KREG Tools SSW Kreg Screw Selector Wheel. Woodworking
<a_92><b_200><c_192> :: ids=[341] :: fam=other :: Neiko 11108A 4.5&rdquo; x 7/8-Inch Aluminum Oxide Flap Disc, 80 Grit | Flat Type #27 | 10-Pack
<a_151><b_87><c_234> :: ids=[1067] :: fam=other :: Grizzly H5608 V-Block Pair with Clamps 1-5/8-Inch
<a_151><b_40><c_94> :: ids=[78] :: fam=other :: PSI LCENTLT2 No. 2MT Heavy Duty Live Tailstock Center
<a_238><b_232><c_129> :: ids=[335] :: fam=other :: Dewalt DW8061B5 4 x 0.045 Inch Metal and Stainless Steel Cutting Wheels , 4 Inch by 0.045-Inch"
r693_lost_vs_original_at1,2391,other,635,Texas Instruments NE555N NE555 NE555P General Purpose Single Bipolar Timer DIP8 50 Pack,1.0,7.0,hit@10,0,3,"<a_30><b_191><c_20> :: ids=[635] :: fam=other :: Texas Instruments NE555N NE555 NE555P General Purpose Single Bipolar Timer DIP8 50 Pack
<a_159><b_63><c_34> :: ids=[75] :: fam=other :: Jumbo 51pc Drum Sanding Kit - Fits Dremel - Includes Rubber Drum Mandrels - 1/2, 3/8 & 1/4
<a_73><b_58><c_117> :: ids=[2229] :: fam=other :: Uxcell a11093000ux0385 10x 8 Pin DIP IC Sockets Adaptor Solder Type Socket
<a_30><b_1><c_196> :: ids=[3564] :: fam=other :: ATMEL ATTINY85-20PU MCU, 8BIT, ATTINY, 20MHZ, DIP-8 (10 pieces)
<a_73><b_183><c_142> :: ids=[1545] :: fam=other :: Top-cofrLD 1/4w Resistors Pack 164 values x 10pcs = 1640pcs 0-22M Metal Film Full range resistors Assortment Kits","<a_134><b_254><c_47> :: ids=[145] :: fam=other :: Marrywindix 6pcs ESD Precision Anti-Static Tweezers, Tweezers Stainless Steel Tweezers with a Bag for Electronics Jewelry-Making Repairing
<a_118><b_59><c_100> :: ids=[281] :: fam=other :: SE TL10 10-Piece Test Lead Set with Alligator Clips
<a_75><b_251><c_9> :: ids=[1545] :: fam=other :: Top-cofrLD 1/4w Resistors Pack 164 values x 10pcs = 1640pcs 0-22M Metal Film Full range resistors Assortment Kits
<a_115><b_56><c_4> :: ids=[392] :: fam=other :: SummitLink Pack of 328 Pcs Assorted Heat Shrink Tube 5 Colors 8 Sizes Tubing Wrap Sleeve Set Combo
<a_115><b_56><c_2> :: ids=[170] :: fam=other :: URBEST 328 Pcs Assorted Heat Shrink Tube 5 Colors 8 Sizes Tubing Wrap Sleeve Set Combo (328PCS)"
r693_lost_vs_original_at1,2520,other,1666,"ATP Vinyl-Flex PVC Food Grade Plastic Tubing, Clear, 1/2"" ID x 5/8"" OD, 100 feet Length",1.0,,L2_miss_after_L1_hit,0,0,"<a_228><b_40><c_163> :: ids=[1666] :: fam=other :: ATP Vinyl-Flex PVC Food Grade Plastic Tubing, Clear, 1/2"" ID x 5/8"" OD, 100 feet Length
<a_244><b_136><c_142> :: ids=[609] :: fam=other :: Dap 7079812343 Drydex 5.5 Oz 6Pk Raw Building Material, 5.5-Ounce, Pink/White
<a_165><b_59><c_20> :: ids=[326] :: fam=adhesive_epoxy :: J-B Weld 8276 KwikWeld Quick Setting Steel Reinforced Epoxy - 2 oz.
<a_228><b_40><c_13> :: ids=[2606] :: fam=other :: ATP Vinyl-Flex PVC Food Grade Plastic Tubing, Clear, 3/16"" ID x 5/16"" OD, 100 feet Length
<a_165><b_59><c_69> :: ids=[675] :: fam=adhesive_epoxy :: J-B Weld 8265S Original Cold-Weld Steel Reinforced Epoxy - 2 oz.","<a_31><b_208><c_41> :: ids=[125] :: fam=tape :: Gorilla 6100101 Tape Handy Roll, 1-Pack, Black
<a_31><b_179><c_201> :: ids=[467] :: fam=tape :: 3M Utility Duct Tape 2929 Silver, 1.88 in x 50 yd 5.8 mils (Pack of 1)
<a_65><b_97><c_210> :: ids=[1211] :: fam=other :: Rectorseal 25790 1-3/4-Ounce Tube No.5&nbsp;Pipe Thread Sealant
<a_0><b_183><c_0> :: ids=[862] :: fam=gauge_meter :: Watts SVGE10 Pre-Cut 3/8-Inch Diameter by 1/4-Inch Clear Vinyl Tubing, 10-Foot Length
<a_138><b_9><c_137> :: ids=[395] :: fam=other :: Arctic Silver 5 AS5-3.5G Thermal Paste"
r693_lost_vs_original_at1,2606,other,1193,"Forney 70451 Wire Rope, Vinyl Coated Aircraft Cable, 250-Feet-by 3/32-Inch thru 3/16-Inch",1.0,3.0,hit@10,0,1,"<a_71><b_119><c_9> :: ids=[1193] :: fam=other :: Forney 70451 Wire Rope, Vinyl Coated Aircraft Cable, 250-Feet-by 3/32-Inch thru 3/16-Inch
<a_228><b_198><c_1> :: ids=[3232] :: fam=adhesive_epoxy :: TEMCo 3/8"" Marine Heat Shrink Tube 3:1 Adhesive Glue Lined 4 ft BLACK
<a_73><b_231><c_56> :: ids=[734] :: fam=other :: microtivity IL188 5mm Assorted Clear LED w/Resistors (8 Colors, Pack of 80)
<a_73><b_8><c_168> :: ids=[285] :: fam=other :: Z&T Solderless Flexible Breadboard Jumper Wires M/M 100pcs
<a_228><b_198><c_25> :: ids=[3312] :: fam=adhesive_epoxy :: TEMCo 3/4"" Marine Heat Shrink Tube 3:1 Adhesive Glue Lined 4 ft BLACK","<a_32><b_136><c_230> :: ids=[997] :: fam=other :: The Hillman Group 4839 1/8 Wire Rope Clip, 10-Pack
<a_115><b_208><c_43> :: ids=[3232] :: fam=adhesive_epoxy :: TEMCo 3/8"" Marine Heat Shrink Tube 3:1 Adhesive Glue Lined 4 ft BLACK
<a_32><b_152><c_219> :: ids=[1193] :: fam=other :: Forney 70451 Wire Rope, Vinyl Coated Aircraft Cable, 250-Feet-by 3/32-Inch thru 3/16-Inch
<a_115><b_208><c_18> :: ids=[2103] :: fam=adhesive_epoxy :: TEMCo 1/2"" Marine Heat Shrink Tube 3:1 Adhesive Glue Lined 4 ft RED
<a_32><b_193><c_205> :: ids=[3301] :: fam=gauge_meter :: Aluminum Crimping Loop Sleeve for 3/16"" Diameter Wire Rope and Cable, (Pack of 25)"
r693_lost_vs_original_at1,2750,other,734,"microtivity IL188 5mm Assorted Clear LED w/Resistors (8 Colors, Pack of 80)",1.0,15.0,L2_miss_after_L1_hit,0,2,"<a_73><b_231><c_56> :: ids=[734] :: fam=other :: microtivity IL188 5mm Assorted Clear LED w/Resistors (8 Colors, Pack of 80)
<a_30><b_191><c_20> :: ids=[635] :: fam=other :: Texas Instruments NE555N NE555 NE555P General Purpose Single Bipolar Timer DIP8 50 Pack
<a_30><b_229><c_164> :: ids=[1602] :: fam=other :: STMicroelectronics L7805CV 5V 1.5A Positive Voltage Regulator, 5 Pieces
<a_30><b_38><c_253> :: ids=[2958] :: fam=other :: 50 Pcs 16.000MHz AT49S 20PF DIP Quartz Crystal Oscillator
<a_73><b_8><c_168> :: ids=[285] :: fam=other :: Z&T Solderless Flexible Breadboard Jumper Wires M/M 100pcs","<a_106><b_160><c_222> :: ids=[1753] :: fam=other :: 5pcs 6x8cm Double-Side Prototype PCB Universal Printed Circuit Board
<a_115><b_56><c_2> :: ids=[170] :: fam=other :: URBEST 328 Pcs Assorted Heat Shrink Tube 5 Colors 8 Sizes Tubing Wrap Sleeve Set Combo (328PCS)
<a_190><b_140><c_249> :: ids=[635] :: fam=other :: Texas Instruments NE555N NE555 NE555P General Purpose Single Bipolar Timer DIP8 50 Pack
<a_134><b_254><c_47> :: ids=[145] :: fam=other :: Marrywindix 6pcs ESD Precision Anti-Static Tweezers, Tweezers Stainless Steel Tweezers with a Bag for Electronics Jewelry-Making Repairing
<a_75><b_251><c_9> :: ids=[1545] :: fam=other :: Top-cofrLD 1/4w Resistors Pack 164 values x 10pcs = 1640pcs 0-22M Metal Film Full range resistors Assortment Kits"
r693_lost_vs_original_at1,2783,other,148,"Plastic Transfer Pipettes 3ml, Graduated, Pack of 100",1.0,3.0,hit@10,0,0,"<a_94><b_35><c_31> :: ids=[148] :: fam=other :: Plastic Transfer Pipettes 3ml, Graduated, Pack of 100
<a_94><b_211><c_155> :: ids=[3192] :: fam=other :: Macherey-Nagel 92110 0-14 pH Indicator Strips 100/Box
<a_94><b_40><c_0> :: ids=[1955, 3038] :: fam=other :: SEOH 5 Pack Glass Borosilicate Graduated Beakers 50 100 250 600 and 1000ml / SEOH 5 Pack Glass Borosilicate Graduated Beakers 50 100 250 600 and 1000ml
<a_94><b_210><c_233> :: ids=[2362] :: fam=other :: Graduated Bomex Beaker Set 50 100 250 600 and 1000ml glass
<a_94><b_252><c_36> :: ids=[3393] :: fam=other :: Corning Pyrex Borosilicate Glass Flat Bottom Boiling Flask, 250mL Capacity","<a_148><b_162><c_3> :: ids=[385] :: fam=other :: Eclectic Supply B36-24 Cobalt Glass Bottles with Glass Eye Dropper, 1 oz Capacity, Blue (Pack of 24)
<a_159><b_181><c_184> :: ids=[240] :: fam=other :: Plant Therapy 2 ml (5/8 dram) Amber Glass Essential Oil Bottle with Orifice Reducer and cap- 12 pack
<a_81><b_167><c_6> :: ids=[148] :: fam=other :: Plastic Transfer Pipettes 3ml, Graduated, Pack of 100
<a_81><b_169><c_254> :: ids=[232] :: fam=other :: Karter Scientific 213A2 Borosilicate Glass Low Form Glass Beaker, 50/100/250/500/1000 mL (Pack of 5)
<a_81><b_167><c_203> :: ids=[3272] :: fam=other :: Uxcell a12073000ux0897 Plastic 5.3"" Liquid Dropper Pasteur Pipette"
r693_lost_vs_original_at1,3187,other,140,DuPont Teflon Silicone Lubricant,1.0,10.0,hit@10,0,3,"<a_173><b_201><c_145> :: ids=[140] :: fam=other :: DuPont Teflon Silicone Lubricant
<a_197><b_204><c_0> :: ids=[139, 774] :: fam=other :: DuPont Teflon Non-Stick / DuPont Teflon Non-Stick
<a_107><b_73><c_114> :: ids=[1853] :: fam=gauge_meter :: Fluke 62 MAX Infrared Thermometer, AA Battery, -20 to +932 Degree F Range with a NIST-Traceable Calibration Certificate with Data
<a_36><b_176><c_70> :: ids=[1216] :: fam=gauge_meter :: Fluke 323 True-RMS Clamp Meter
<a_107><b_68><c_91> :: ids=[263] :: fam=other :: FLIR ONE Thermal Imager for Android","<a_190><b_103><c_0> :: ids=[181, 182] :: fam=gauge_meter :: AcuRite 00613 Humidity Monitor with Indoor Thermometer, Digital Hygrometer and Humidity Gauge Indicator / AcuRite 00613 Humidity Monitor with Indoor Thermometer, Digital Hygrometer
<a_77><b_45><c_0> :: ids=[139, 774] :: fam=other :: DuPont Teflon Non-Stick / DuPont Teflon Non-Stick
<a_130><b_113><c_247> :: ids=[801] :: fam=other :: Pro Series 1400750340 6"" Caster
<a_190><b_173><c_201> :: ids=[1853] :: fam=gauge_meter :: Fluke 62 MAX Infrared Thermometer, AA Battery, -20 to +932 Degree F Range with a NIST-Traceable Calibration Certificate with Data
<a_134><b_254><c_47> :: ids=[145] :: fam=other :: Marrywindix 6pcs ESD Precision Anti-Static Tweezers, Tweezers Stainless Steel Tweezers with a Bag for Electronics Jewelry-Making Repairing"
r693_lost_vs_original_at1,3317,other,2586,10 Assorted Kelly Locking Hemostat Forceps 5.5,1.0,17.0,L2_miss_after_L1_hit,0,2,"<a_42><b_143><c_169> :: ids=[2586] :: fam=other :: 10 Assorted Kelly Locking Hemostat Forceps 5.5
<a_42><b_97><c_83> :: ids=[2788] :: fam=other :: Aven 18400 Curved Serrated Tweezers with Lock, Stainless Steel, 6"" Length, 1-5/8"" Tip Length
<a_42><b_102><c_46> :: ids=[2011] :: fam=gauge_meter :: PORTER-CABLE FN16PP 16 Gauge Finish Nail Project Pack
<a_42><b_154><c_206> :: ids=[3321] :: fam=other :: SE 70778696 Alligator Forceps, 6.5
<a_42><b_135><c_116> :: ids=[76] :: fam=other :: 10pcs Mini Cabinet Drawer Butt Hinge","<a_197><b_173><c_161> :: ids=[84] :: fam=gauge_meter :: Neiko 01409A Electronic Digital Caliper with Extra Large LCD Screen | 0 - 12 Inches | Inch/Fractions/Millimeter Conversion
<a_59><b_14><c_253> :: ids=[310] :: fam=other :: SE 612FS 12"" Stainless Steel Self-Locking Straight Forceps
<a_190><b_103><c_0> :: ids=[181, 182] :: fam=gauge_meter :: AcuRite 00613 Humidity Monitor with Indoor Thermometer, Digital Hygrometer and Humidity Gauge Indicator / AcuRite 00613 Humidity Monitor with Indoor Thermometer, Digital Hygrometer
<a_138><b_9><c_137> :: ids=[395] :: fam=other :: Arctic Silver 5 AS5-3.5G Thermal Paste
<a_59><b_200><c_21> :: ids=[1654] :: fam=other :: IIT 78000 Mini Table Vice"
r693_lost_vs_original_at1,3335,other,140,DuPont Teflon Silicone Lubricant,1.0,2.0,hit@10,0,2,"<a_173><b_201><c_145> :: ids=[140] :: fam=other :: DuPont Teflon Silicone Lubricant
<a_202><b_198><c_218> :: ids=[950] :: fam=tape :: X-Treme Tape TPE-XZLCLR Silicone Rubber Self Fusing Tape, 1"" x 10', Triangular, Clear
<a_202><b_52><c_171> :: ids=[130] :: fam=tape :: Gorilla Tape, Black Duct Tape, 1.88"" x 35 yd, Black, (Pack of 1)
<a_68><b_98><c_239> :: ids=[151] :: fam=tape :: Monoprice Hook & Loop Fastening Tape 5 yard/roll, 0.75-inch - Blue (105830)
<a_202><b_52><c_122> :: ids=[125] :: fam=tape :: Gorilla 6100101 Tape Handy Roll, 1-Pack, Black","<a_31><b_208><c_41> :: ids=[125] :: fam=tape :: Gorilla 6100101 Tape Handy Roll, 1-Pack, Black
<a_168><b_85><c_176> :: ids=[140] :: fam=other :: DuPont Teflon Silicone Lubricant
<a_77><b_45><c_0> :: ids=[139, 774] :: fam=other :: DuPont Teflon Non-Stick / DuPont Teflon Non-Stick
<a_31><b_89><c_252> :: ids=[130] :: fam=tape :: Gorilla Tape, Black Duct Tape, 1.88"" x 35 yd, Black, (Pack of 1)
<a_168><b_92><c_170> :: ids=[280] :: fam=ventilation_fan :: WD-40 Multi-Use Product with SMART STRAW&nbsp;SPRAYS 2 WAYS 8 OZ"
r693_lost_vs_original_at1,3363,other,2569,Powerbuilt 640405 Heavy Duty 2-Ton Bottle Jack,1.0,,L2_miss_after_L1_hit,0,1,"<a_87><b_159><c_235> :: ids=[2569] :: fam=other :: Powerbuilt 640405 Heavy Duty 2-Ton Bottle Jack
<a_94><b_75><c_129> :: ids=[824] :: fam=other :: 213C2 Karter Scientific Glass Graduated Cylinder 3 Piece Set 10, 50 & 100ml
<a_94><b_163><c_50> :: ids=[232] :: fam=other :: Karter Scientific 213A2 Borosilicate Glass Low Form Glass Beaker, 50/100/250/500/1000 mL (Pack of 5)
<a_94><b_235><c_20> :: ids=[3130] :: fam=other :: 100ml Graduated Cylinder, Borosilicate 3.3 Glass, Single Metric Scale, Karter Scientific 213I12 (Single)
<a_87><b_159><c_106> :: ids=[2568] :: fam=other :: Powerbuilt 647501 Heavy Duty 12-Ton Bottle Jack","<a_81><b_59><c_141> :: ids=[824] :: fam=other :: 213C2 Karter Scientific Glass Graduated Cylinder 3 Piece Set 10, 50 & 100ml
<a_90><b_151><c_35> :: ids=[295] :: fam=other :: American Educational 7-G15-A Cast Iron Support Ring Stand with Acid Resistant Finish, 8"" Length x 5"" Width Base Size
<a_81><b_169><c_254> :: ids=[232] :: fam=other :: Karter Scientific 213A2 Borosilicate Glass Low Form Glass Beaker, 50/100/250/500/1000 mL (Pack of 5)
<a_81><b_251><c_126> :: ids=[2254] :: fam=other :: Glass Erlenmeyer Flask Set - 3 Sizes - 50, 150 and 250ml, Karter Scientific 214U2
<a_81><b_53><c_0> :: ids=[1955, 3038] :: fam=other :: SEOH 5 Pack Glass Borosilicate Graduated Beakers 50 100 250 600 and 1000ml / SEOH 5 Pack Glass Borosilicate Graduated Beakers 50 100 250 600 and 1000ml"
r693_lost_vs_original_at1,3462,other,646,"Red Devil 0405 DuraGuard Kitchen and Bath Siliconized Acrylic Caulk, 5.5 Oz, Squeeze Tube, Paste, White",1.0,3.0,hit@10,0,3,"<a_244><b_58><c_6> :: ids=[646] :: fam=other :: Red Devil 0405 DuraGuard Kitchen and Bath Siliconized Acrylic Caulk, 5.5 Oz, Squeeze Tube, Paste, White
<a_244><b_24><c_246> :: ids=[367] :: fam=adhesive_epoxy :: J-B Weld 31314 Red High Temperature RTV Silicone Gasket Maker and Sealant - 3 oz.
<a_244><b_112><c_232> :: ids=[926] :: fam=other :: Dap 00272 Original Contact Cement Qt Raw Building Material, Tan
<a_244><b_185><c_140> :: ids=[1432] :: fam=other :: Sashco Pre-Caulking Filler Rope Backer Rod Roll, 100' Length x 3/8"" Width, Grey
<a_244><b_59><c_105> :: ids=[517] :: fam=other :: Dap 18370 Self-Leveling Concrete 3.0 Sealant 9.0-Ounce","<a_65><b_213><c_198> :: ids=[1941] :: fam=other :: Red Devil 077020 Lifetime Ultra Premium Elastomeric Acrylic Latex Sealant, 10.1-Ounce, Almond
<a_124><b_187><c_16> :: ids=[2050] :: fam=adhesive_epoxy :: E6000 230022 Medium Viscosity Auto/Industrial Adhesive, 3.7 fl oz
<a_65><b_213><c_213> :: ids=[646] :: fam=other :: Red Devil 0405 DuraGuard Kitchen and Bath Siliconized Acrylic Caulk, 5.5 Oz, Squeeze Tube, Paste, White
<a_65><b_206><c_149> :: ids=[644] :: fam=other :: Red Devil 0406 Kitchen and Bath Siliconized Acrylic Caulk, 10.1 oz, White
<a_65><b_233><c_62> :: ids=[674] :: fam=other :: Dap 08781 10.8-Ounce Clear Silicon Plus Premium Silicone Rubber Sealant"
r693_lost_vs_original_at1,572,connector_fitting,1452,American Terminal E-FMR250N-100 22/18-Gauge Economy Nylon Fully-Insulated Male Quick Disconnects,1.0,3.0,hit@10,0,2,"<a_67><b_56><c_9> :: ids=[1452] :: fam=connector_fitting :: American Terminal E-FMR250N-100 22/18-Gauge Economy Nylon Fully-Insulated Male Quick Disconnects
<a_67><b_56><c_2> :: ids=[417] :: fam=connector_fitting :: American Terminal E-FFB250N-100 16/14-Gauge Economy Nylon Fully-Insulated Female Quick Disconnects
<a_67><b_56><c_196> :: ids=[2900] :: fam=connector_fitting :: American Terminal E-BCRN-100 22/18-Gauge Economy Nylon Butt Connectors
<a_67><b_56><c_202> :: ids=[1697] :: fam=connector_fitting :: American Terminal E-FMY250N-100 12/10-Gauge Economy Nylon Fully-Insulated Male Quick Disconnects
<a_67><b_56><c_0> :: ids=[418] :: fam=connector_fitting :: American Terminal E-FMB250N-100 16/14-Gauge Economy Nylon Fully-Insulated Male Quick Disconnects","<a_40><b_88><c_58> :: ids=[418] :: fam=connector_fitting :: American Terminal E-FMB250N-100 16/14-Gauge Economy Nylon Fully-Insulated Male Quick Disconnects
<a_40><b_88><c_91> :: ids=[417] :: fam=connector_fitting :: American Terminal E-FFB250N-100 16/14-Gauge Economy Nylon Fully-Insulated Female Quick Disconnects
<a_40><b_88><c_162> :: ids=[1452] :: fam=connector_fitting :: American Terminal E-FMR250N-100 22/18-Gauge Economy Nylon Fully-Insulated Male Quick Disconnects
<a_40><b_88><c_214> :: ids=[1678] :: fam=connector_fitting :: American Terminal E-BCBN-100 16/14-Gauge Economy Nylon Butt Connectors
<a_40><b_88><c_149> :: ids=[1377] :: fam=connector_fitting :: American Terminal E-FFY250N-100 12/10-Gauge Economy Nylon Fully-Insulated Female Quick Disconnects"
r693_lost_vs_original_at1,1580,connector_fitting,416,PRO 1 Fuel Line Hose 1/4 Inch Inside Diameter X 25 Feet Length NRB/PVCC SAE30R6,1.0,10.0,hit@10,0,0,"<a_228><b_75><c_44> :: ids=[416] :: fam=connector_fitting :: PRO 1 Fuel Line Hose 1/4 Inch Inside Diameter X 25 Feet Length NRB/PVCC SAE30R6
<a_107><b_93><c_0> :: ids=[181, 182] :: fam=gauge_meter :: AcuRite 00613 Humidity Monitor with Indoor Thermometer, Digital Hygrometer and Humidity Gauge Indicator / AcuRite 00613 Humidity Monitor with Indoor Thermometer, Digital Hygrometer
<a_109><b_58><c_144> :: ids=[396] :: fam=other :: Westek SW103CT Outdoor Swivel Photo Control
<a_107><b_113><c_86> :: ids=[2971] :: fam=ventilation_fan :: Taylor Precision Products Digital Panel Mount Thermometer (-40- to 300-Degrees Fahrenheit, -40- to 150-Degrees Celsius)
<a_107><b_90><c_50> :: ids=[338] :: fam=gauge_meter :: Etekcity Lasergrip 1080 Non-Contact Digital Laser Infrared Thermometer Temperature Gun -58~1022 (-50550), Yellow and Black","<a_190><b_64><c_29> :: ids=[819] :: fam=3d_filament :: Inkbird ITC-1000 Dual Stage Digital Temperature Controller Fahrenheit  Celsius Thermostat with Sensor for 3D Printer,Freezer,Fridge,Hatching ect (12 Volt)
<a_231><b_198><c_94> :: ids=[800] :: fam=connector_fitting :: Anderson Metals 57001-0402 Brass Hose Fitting, Adapter, 1/4"" Barb x 1/8"" NPT Male Pipe
<a_190><b_103><c_0> :: ids=[181, 182] :: fam=gauge_meter :: AcuRite 00613 Humidity Monitor with Indoor Thermometer, Digital Hygrometer and Humidity Gauge Indicator / AcuRite 00613 Humidity Monitor with Indoor Thermometer, Digital Hygrometer
<a_181><b_246><c_255> :: ids=[1772] :: fam=connector_fitting :: Dixon Valve HHP2M Brass Fitting, Hex Head Plug, 1/4"" NPT Male
<a_138><b_9><c_137> :: ids=[395] :: fam=other :: Arctic Silver 5 AS5-3.5G Thermal Paste"
r693_lost_vs_original_at1,1759,connector_fitting,416,PRO 1 Fuel Line Hose 1/4 Inch Inside Diameter X 25 Feet Length NRB/PVCC SAE30R6,1.0,10.0,hit@10,0,1,"<a_228><b_75><c_44> :: ids=[416] :: fam=connector_fitting :: PRO 1 Fuel Line Hose 1/4 Inch Inside Diameter X 25 Feet Length NRB/PVCC SAE30R6
<a_228><b_75><c_4> :: ids=[798] :: fam=connector_fitting :: PRO 1 Fuel Line Hose 5/16 Inch Inside Diameter X 25 Feet Length NRB/PVCC SAE30R6
<a_17><b_80><c_8> :: ids=[176] :: fam=other :: URBEST 530 Pcs 2:1 Heat Shrink Tubing Tube Sleeving Wrap Cable Wire 5 Color 8 Size
<a_158><b_79><c_187> :: ids=[2940] :: fam=3d_filament :: [REPRAPGURU] RAMPS 1.4 Controller Board for RepRap 3D Printer
<a_73><b_8><c_168> :: ids=[285] :: fam=other :: Z&T Solderless Flexible Breadboard Jumper Wires M/M 100pcs","<a_81><b_59><c_141> :: ids=[824] :: fam=other :: 213C2 Karter Scientific Glass Graduated Cylinder 3 Piece Set 10, 50 & 100ml
<a_209><b_196><c_135> :: ids=[42] :: fam=connector_fitting :: Precision Brand M6S Micro Seal, Miniature All Stainless Worm Gear Hose Clamp, 5/16"" - 7/8"" (Pack of 10)
<a_81><b_167><c_6> :: ids=[148] :: fam=other :: Plastic Transfer Pipettes 3ml, Graduated, Pack of 100
<a_81><b_53><c_0> :: ids=[1955, 3038] :: fam=other :: SEOH 5 Pack Glass Borosilicate Graduated Beakers 50 100 250 600 and 1000ml / SEOH 5 Pack Glass Borosilicate Graduated Beakers 50 100 250 600 and 1000ml
<a_0><b_176><c_5> :: ids=[850] :: fam=connector_fitting :: HBD Thermoid NBR/PVC SAE30R6 Fuel Line Hose, 3/8"" x 25' Length, 0.375"" ID, Black"
r693_lost_vs_original_at1,3956,tape,1198,TapeCase 3432 1in X 50yd Red Reflective Tape (1 Roll),1.0,3.0,hit@10,1,1,"<a_68><b_121><c_7> :: ids=[1198] :: fam=tape :: TapeCase 3432 1in X 50yd Red Reflective Tape (1 Roll)
<a_68><b_121><c_117> :: ids=[1840] :: fam=tape :: TapeCase 3430 0.75in X 5yd White Reflective Tape (1 Roll)
<a_68><b_121><c_203> :: ids=[1227] :: fam=tape :: TapeCase 3431 0.75in X 5yd Yellow Reflective Tape (1 Roll)
<a_68><b_121><c_4> :: ids=[1197] :: fam=tape :: TapeCase 3432 1in X 5yd Red Reflective Tape (1 Roll)
<a_107><b_93><c_0> :: ids=[181, 182] :: fam=gauge_meter :: AcuRite 00613 Humidity Monitor with Indoor Thermometer, Digital Hygrometer and Humidity Gauge Indicator / AcuRite 00613 Humidity Monitor with Indoor Thermometer, Digital Hygrometer","<a_31><b_66><c_43> :: ids=[1197] :: fam=tape :: TapeCase 3432 1in X 5yd Red Reflective Tape (1 Roll)
<a_31><b_66><c_18> :: ids=[1039] :: fam=tape :: Comfitwear PT-100 Caution Barricade Tape, Yellow
<a_31><b_66><c_194> :: ids=[1198] :: fam=tape :: TapeCase 3432 1in X 50yd Red Reflective Tape (1 Roll)
<a_31><b_34><c_201> :: ids=[1840] :: fam=tape :: TapeCase 3430 0.75in X 5yd White Reflective Tape (1 Roll)
<a_31><b_66><c_42> :: ids=[1475] :: fam=tape :: JVCC HZ-8 Hazard Warning Tape: 2 in. x 18 yds. (Red with White stripes)"
r693_lost_vs_original_at1,166,tape,2251,"3M  Pro Strength Duct Tape, 1230-C, 1.88 Inches by 30 Yards",1.0,2.0,hit@10,0,2,"<a_202><b_160><c_28> :: ids=[2251] :: fam=tape :: 3M  Pro Strength Duct Tape, 1230-C, 1.88 Inches by 30 Yards
<a_107><b_93><c_0> :: ids=[181, 182] :: fam=gauge_meter :: AcuRite 00613 Humidity Monitor with Indoor Thermometer, Digital Hygrometer and Humidity Gauge Indicator / AcuRite 00613 Humidity Monitor with Indoor Thermometer, Digital Hygrometer
<a_107><b_90><c_50> :: ids=[338] :: fam=gauge_meter :: Etekcity Lasergrip 1080 Non-Contact Digital Laser Infrared Thermometer Temperature Gun -58~1022 (-50550), Yellow and Black
<a_107><b_90><c_68> :: ids=[159] :: fam=gauge_meter :: Etekcity Lasergrip 774 Non-contact Digital Laser Infrared Thermometer Temperature Gun -58~ 716 (-50 ~ 380), Yellow and Black
<a_165><b_59><c_69> :: ids=[675] :: fam=adhesive_epoxy :: J-B Weld 8265S Original Cold-Weld Steel Reinforced Epoxy - 2 oz.","<a_31><b_135><c_226> :: ids=[555] :: fam=tape :: 3M 3920-BK Duct Tape Black, 1.88 Inches by 20 Yards
<a_31><b_135><c_248> :: ids=[2251] :: fam=tape :: 3M  Pro Strength Duct Tape, 1230-C, 1.88 Inches by 30 Yards
<a_31><b_135><c_79> :: ids=[154] :: fam=tape :: 3M Multi-Use Duct Tape, 2930-C, 1.88 Inches by 30 Yards
<a_31><b_135><c_91> :: ids=[3253] :: fam=tape :: 3M 3960-RD Red Duct Tape, 1.88 Inches by 60 Yards
<a_31><b_135><c_18> :: ids=[1596] :: fam=tape :: Scotch 1110-C Multi Use Duct Tape, 10-Yards"
r693_lost_vs_original_at1,2822,tape,130,"Gorilla Tape, Black Duct Tape, 1.88"" x 35 yd, Black, (Pack of 1)",1.0,,L2_miss_after_L1_hit,0,2,"<a_202><b_52><c_171> :: ids=[130] :: fam=tape :: Gorilla Tape, Black Duct Tape, 1.88"" x 35 yd, Black, (Pack of 1)
<a_202><b_52><c_122> :: ids=[125] :: fam=tape :: Gorilla 6100101 Tape Handy Roll, 1-Pack, Black
<a_165><b_52><c_74> :: ids=[172] :: fam=adhesive_epoxy :: Gorilla Super Glue Gel, 15 Gram, Clear
<a_17><b_204><c_8> :: ids=[240] :: fam=other :: Plant Therapy 2 ml (5/8 dram) Amber Glass Essential Oil Bottle with Orifice Reducer and cap- 12 pack
<a_165><b_107><c_20> :: ids=[257] :: fam=adhesive_epoxy :: Gorilla 5000408  Original Gorilla Glue, Waterproof Polyurethane Glue, 4 ounce Bottle, Brown","<a_148><b_162><c_3> :: ids=[385] :: fam=other :: Eclectic Supply B36-24 Cobalt Glass Bottles with Glass Eye Dropper, 1 oz Capacity, Blue (Pack of 24)
<a_159><b_181><c_184> :: ids=[240] :: fam=other :: Plant Therapy 2 ml (5/8 dram) Amber Glass Essential Oil Bottle with Orifice Reducer and cap- 12 pack
<a_31><b_208><c_41> :: ids=[125] :: fam=tape :: Gorilla 6100101 Tape Handy Roll, 1-Pack, Black
<a_81><b_167><c_6> :: ids=[148] :: fam=other :: Plastic Transfer Pipettes 3ml, Graduated, Pack of 100
<a_81><b_169><c_254> :: ids=[232] :: fam=other :: Karter Scientific 213A2 Borosilicate Glass Low Form Glass Beaker, 50/100/250/500/1000 mL (Pack of 5)"
r693_lost_vs_original_at1,1829,adhesive_epoxy,3232,"TEMCo 3/8"" Marine Heat Shrink Tube 3:1 Adhesive Glue Lined 4 ft BLACK",1.0,2.0,hit@10,1,1,"<a_228><b_198><c_1> :: ids=[3232] :: fam=adhesive_epoxy :: TEMCo 3/8"" Marine Heat Shrink Tube 3:1 Adhesive Glue Lined 4 ft BLACK
<a_228><b_72><c_189> :: ids=[2103] :: fam=adhesive_epoxy :: TEMCo 1/2"" Marine Heat Shrink Tube 3:1 Adhesive Glue Lined 4 ft RED
<a_228><b_198><c_0> :: ids=[2313] :: fam=adhesive_epoxy :: TEMCo 1"" Marine Heat Shrink Tube 3:1 Adhesive Glue Lined 4 ft BLACK
<a_67><b_230><c_156> :: ids=[1414] :: fam=connector_fitting :: Temco Terminal Lug Tinned Copper Uninsulated Gauge AWG
<a_228><b_198><c_109> :: ids=[2102] :: fam=adhesive_epoxy :: TEMCo 3/8"" Marine Heat Shrink Tube 3:1 Adhesive Glue Lined 4 ft RED","<a_40><b_13><c_165> :: ids=[1414] :: fam=connector_fitting :: Temco Terminal Lug Tinned Copper Uninsulated Gauge AWG
<a_115><b_208><c_43> :: ids=[3232] :: fam=adhesive_epoxy :: TEMCo 3/8"" Marine Heat Shrink Tube 3:1 Adhesive Glue Lined 4 ft BLACK
<a_115><b_208><c_18> :: ids=[2103] :: fam=adhesive_epoxy :: TEMCo 1/2"" Marine Heat Shrink Tube 3:1 Adhesive Glue Lined 4 ft RED
<a_40><b_13><c_45> :: ids=[2132] :: fam=connector_fitting :: Temco 10 Lot 4 AWG 5/16 Hole Ring Terminal Lug Bare Copper Uninsulated Gauge
<a_109><b_114><c_135> :: ids=[176] :: fam=other :: URBEST 530 Pcs 2:1 Heat Shrink Tubing Tube Sleeving Wrap Cable Wire 5 Color 8 Size"
r693_lost_vs_original_at1,3443,adhesive_epoxy,273,"Gorilla Original Gorilla Glue, Waterproof Polyurethane Glue, 2 ounce Bottle, Brown, (Pack of 4)",1.0,,leaf_or_rank_miss_after_L2_hit,1,2,"<a_165><b_107><c_4> :: ids=[273] :: fam=adhesive_epoxy :: Gorilla Original Gorilla Glue, Waterproof Polyurethane Glue, 2 ounce Bottle, Brown, (Pack of 4)
<a_165><b_107><c_21> :: ids=[272] :: fam=adhesive_epoxy :: Gorilla Original Gorilla Glue, Waterproof Polyurethane Glue, 2 ounce Bottle, Brown
<a_99><b_52><c_240> :: ids=[203] :: fam=adhesive_epoxy :: Gorilla 7500101 07221000673 Glue Brush & Nozzle, 1-Pack, Clear
<a_165><b_107><c_20> :: ids=[257] :: fam=adhesive_epoxy :: Gorilla 5000408  Original Gorilla Glue, Waterproof Polyurethane Glue, 4 ounce Bottle, Brown
<a_107><b_93><c_0> :: ids=[181, 182] :: fam=gauge_meter :: AcuRite 00613 Humidity Monitor with Indoor Thermometer, Digital Hygrometer and Humidity Gauge Indicator / AcuRite 00613 Humidity Monitor with Indoor Thermometer, Digital Hygrometer","<a_78><b_228><c_74> :: ids=[172] :: fam=adhesive_epoxy :: Gorilla Super Glue Gel, 15 Gram, Clear
<a_190><b_103><c_0> :: ids=[181, 182] :: fam=gauge_meter :: AcuRite 00613 Humidity Monitor with Indoor Thermometer, Digital Hygrometer and Humidity Gauge Indicator / AcuRite 00613 Humidity Monitor with Indoor Thermometer, Digital Hygrometer
<a_65><b_60><c_28> :: ids=[609] :: fam=other :: Dap 7079812343 Drydex 5.5 Oz 6Pk Raw Building Material, 5.5-Ounce, Pink/White
<a_78><b_165><c_1> :: ids=[202] :: fam=adhesive_epoxy :: Loctite Liquid Professional Super Glue  20-Gram Bottle (1365882)
<a_78><b_181><c_16> :: ids=[257] :: fam=adhesive_epoxy :: Gorilla 5000408  Original Gorilla Glue, Waterproof Polyurethane Glue, 4 ounce Bottle, Brown"
r693_lost_vs_original_at1,1520,adhesive_epoxy,273,"Gorilla Original Gorilla Glue, Waterproof Polyurethane Glue, 2 ounce Bottle, Brown, (Pack of 4)",1.0,,L2_miss_after_L1_hit,0,0,"<a_165><b_107><c_4> :: ids=[273] :: fam=adhesive_epoxy :: Gorilla Original Gorilla Glue, Waterproof Polyurethane Glue, 2 ounce Bottle, Brown, (Pack of 4)
<a_165><b_52><c_74> :: ids=[172] :: fam=adhesive_epoxy :: Gorilla Super Glue Gel, 15 Gram, Clear
<a_122><b_52><c_0> :: ids=[1382, 1788] :: fam=adhesive_epoxy :: Shoe GOO&reg; Adhesive, 3.7 fl oz / Shoe GOO&reg; Adhesive, 3.7 fl oz
<a_202><b_52><c_171> :: ids=[130] :: fam=tape :: Gorilla Tape, Black Duct Tape, 1.88"" x 35 yd, Black, (Pack of 1)
<a_202><b_52><c_122> :: ids=[125] :: fam=tape :: Gorilla 6100101 Tape Handy Roll, 1-Pack, Black","<a_65><b_60><c_28> :: ids=[609] :: fam=other :: Dap 7079812343 Drydex 5.5 Oz 6Pk Raw Building Material, 5.5-Ounce, Pink/White
<a_31><b_208><c_41> :: ids=[125] :: fam=tape :: Gorilla 6100101 Tape Handy Roll, 1-Pack, Black
<a_181><b_139><c_99> :: ids=[152] :: fam=connector_fitting :: Camco 4ft TastePURE Drinking Water Hose - Lead and BPA Free, Reinforced for Maximum Kink Resistance,  1/2""Inner Diameter (22763)
<a_31><b_179><c_201> :: ids=[467] :: fam=tape :: 3M Utility Duct Tape 2929 Silver, 1.88 in x 50 yd 5.8 mils (Pack of 1)
<a_90><b_109><c_185> :: ids=[119] :: fam=other :: Rubbermaid Commercial BRUTE Heavy-Duty Round Waste/Utility Container with Venting Channels, 20-gallon, Gray (FG262000GRAY)"
r693_lost_vs_original_at1,3288,adhesive_epoxy,273,"Gorilla Original Gorilla Glue, Waterproof Polyurethane Glue, 2 ounce Bottle, Brown, (Pack of 4)",1.0,,leaf_or_rank_miss_after_L2_hit,0,0,"<a_165><b_107><c_4> :: ids=[273] :: fam=adhesive_epoxy :: Gorilla Original Gorilla Glue, Waterproof Polyurethane Glue, 2 ounce Bottle, Brown, (Pack of 4)
<a_244><b_112><c_252> :: ids=[260] :: fam=other :: Dap 18120 Alex Plus Brown (18112) Raw Building Material
<a_165><b_159><c_154> :: ids=[1098] :: fam=adhesive_epoxy :: J-B Weld 50112 ClearWeld Quick-Setting Epoxy Syringe - Dries Clear - 25 ml
<a_165><b_52><c_74> :: ids=[172] :: fam=adhesive_epoxy :: Gorilla Super Glue Gel, 15 Gram, Clear
<a_165><b_59><c_69> :: ids=[675] :: fam=adhesive_epoxy :: J-B Weld 8265S Original Cold-Weld Steel Reinforced Epoxy - 2 oz.","<a_124><b_153><c_37> :: ids=[675] :: fam=adhesive_epoxy :: J-B Weld 8265S Original Cold-Weld Steel Reinforced Epoxy - 2 oz.
<a_78><b_228><c_74> :: ids=[172] :: fam=adhesive_epoxy :: Gorilla Super Glue Gel, 15 Gram, Clear
<a_78><b_181><c_16> :: ids=[257] :: fam=adhesive_epoxy :: Gorilla 5000408  Original Gorilla Glue, Waterproof Polyurethane Glue, 4 ounce Bottle, Brown
<a_124><b_153><c_0> :: ids=[2946] :: fam=adhesive_epoxy :: J-B Weld 8270 KwikWeld Industrial Professional Size - 10 oz.
<a_31><b_89><c_252> :: ids=[130] :: fam=tape :: Gorilla Tape, Black Duct Tape, 1.88"" x 35 yd, Black, (Pack of 1)"
r693_lost_vs_original_at1,3612,fastener,1886,"Arrow Fastener 256 Genuine T25 3/8-Inch Staples, 1,000-Pack",1.0,13.0,L1_miss,1,1,"<a_42><b_251><c_149> :: ids=[1886] :: fam=fastener :: Arrow Fastener 256 Genuine T25 3/8-Inch Staples, 1,000-Pack
<a_107><b_93><c_0> :: ids=[181, 182] :: fam=gauge_meter :: AcuRite 00613 Humidity Monitor with Indoor Thermometer, Digital Hygrometer and Humidity Gauge Indicator / AcuRite 00613 Humidity Monitor with Indoor Thermometer, Digital Hygrometer
<a_42><b_251><c_65> :: ids=[428] :: fam=fastener :: Arrow Fastener 508IP Genuine T50 1/2-Inch Staples, 5,000-Pack
<a_165><b_59><c_20> :: ids=[326] :: fam=adhesive_epoxy :: J-B Weld 8276 KwikWeld Quick Setting Steel Reinforced Epoxy - 2 oz.
<a_165><b_59><c_69> :: ids=[675] :: fam=adhesive_epoxy :: J-B Weld 8265S Original Cold-Weld Steel Reinforced Epoxy - 2 oz.","<a_190><b_103><c_0> :: ids=[181, 182] :: fam=gauge_meter :: AcuRite 00613 Humidity Monitor with Indoor Thermometer, Digital Hygrometer and Humidity Gauge Indicator / AcuRite 00613 Humidity Monitor with Indoor Thermometer, Digital Hygrometer
<a_190><b_185><c_201> :: ids=[159] :: fam=gauge_meter :: Etekcity Lasergrip 774 Non-contact Digital Laser Infrared Thermometer Temperature Gun -58~ 716 (-50 ~ 380), Yellow and Black
<a_190><b_64><c_29> :: ids=[819] :: fam=3d_filament :: Inkbird ITC-1000 Dual Stage Digital Temperature Controller Fahrenheit  Celsius Thermostat with Sensor for 3D Printer,Freezer,Fridge,Hatching ect (12 Volt)
<a_190><b_173><c_203> :: ids=[338] :: fam=gauge_meter :: Etekcity Lasergrip 1080 Non-Contact Digital Laser Infrared Thermometer Temperature Gun -58~1022 (-50550), Yellow and Black
<a_190><b_173><c_201> :: ids=[1853] :: fam=gauge_meter :: Fluke 62 MAX Infrared Thermometer, AA Battery, -20 to +932 Degree F Range with a NIST-Traceable Calibration Certificate with Data"
r693_lost_vs_original_at1,506,ventilation_fan,461,"Hy-Ko Products TSR-100 Posted Private Property Tyvek Sign Roll 11"" x 11"" Yellow, 100 Pieces",1.0,2.0,hit@10,1,3,"<a_68><b_179><c_229> :: ids=[461] :: fam=ventilation_fan :: Hy-Ko Products TSR-100 Posted Private Property Tyvek Sign Roll 11"" x 11"" Yellow, 100 Pieces
<a_108><b_244><c_7> :: ids=[2693] :: fam=connector_fitting :: Anderson Metals Brass Hose Fitting, Tee, 5/16"" x 5/16"" x 5/16"" Barb
<a_71><b_242><c_21> :: ids=[42] :: fam=connector_fitting :: Precision Brand M6S Micro Seal, Miniature All Stainless Worm Gear Hose Clamp, 5/16"" - 7/8"" (Pack of 10)
<a_108><b_244><c_1> :: ids=[1918] :: fam=connector_fitting :: Anderson Metals Brass Hose Fitting, Union, 3/16"" x 3/16"" Barb
<a_108><b_244><c_216> :: ids=[226] :: fam=connector_fitting :: Anderson Metals Brass Hose Fitting, Connector, 3/4"" Barb x 3/4"" Male Pipe","<a_231><b_198><c_251> :: ids=[226] :: fam=connector_fitting :: Anderson Metals Brass Hose Fitting, Connector, 3/4"" Barb x 3/4"" Male Pipe
<a_157><b_152><c_125> :: ids=[461] :: fam=ventilation_fan :: Hy-Ko Products TSR-100 Posted Private Property Tyvek Sign Roll 11"" x 11"" Yellow, 100 Pieces
<a_231><b_193><c_118> :: ids=[2104] :: fam=connector_fitting :: Anderson Metals Brass Garden Hose Fitting, Connector, 3/4"" Barb x 3/4"" Male Hose
<a_209><b_196><c_135> :: ids=[42] :: fam=connector_fitting :: Precision Brand M6S Micro Seal, Miniature All Stainless Worm Gear Hose Clamp, 5/16"" - 7/8"" (Pack of 10)
<a_231><b_198><c_94> :: ids=[800] :: fam=connector_fitting :: Anderson Metals 57001-0402 Brass Hose Fitting, Adapter, 1/4"" Barb x 1/8"" NPT Male Pipe"
r693_lost_vs_original_at1,176,test_strip,560,"Litmus pH Test Strips, Universal Application (pH 1-14), 2 Packs of 100 Strips",1.0,10.0,hit@10,0,1,"<a_94><b_166><c_155> :: ids=[560] :: fam=test_strip :: Litmus pH Test Strips, Universal Application (pH 1-14), 2 Packs of 100 Strips
<a_107><b_93><c_0> :: ids=[181, 182] :: fam=gauge_meter :: AcuRite 00613 Humidity Monitor with Indoor Thermometer, Digital Hygrometer and Humidity Gauge Indicator / AcuRite 00613 Humidity Monitor with Indoor Thermometer, Digital Hygrometer
<a_94><b_35><c_31> :: ids=[148] :: fam=other :: Plastic Transfer Pipettes 3ml, Graduated, Pack of 100
<a_94><b_166><c_10> :: ids=[911] :: fam=test_strip :: PH 1-14 Test Paper Litmus Strips Tester, Universal Application for Saliva Urine Water Soil Testing, 80pcs
<a_107><b_26><c_118> :: ids=[1989] :: fam=gauge_meter :: Automatic Temperature Compensation 0-32% Brix Refractometer Beer Wine CNC Fruit by Ade Advanced Optics","<a_190><b_103><c_0> :: ids=[181, 182] :: fam=gauge_meter :: AcuRite 00613 Humidity Monitor with Indoor Thermometer, Digital Hygrometer and Humidity Gauge Indicator / AcuRite 00613 Humidity Monitor with Indoor Thermometer, Digital Hygrometer
<a_153><b_43><c_62> :: ids=[3192] :: fam=other :: Macherey-Nagel 92110 0-14 pH Indicator Strips 100/Box
<a_35><b_170><c_107> :: ids=[218] :: fam=ventilation_fan :: Phresh Duct Silencer 8 in x 24 in
<a_190><b_64><c_29> :: ids=[819] :: fam=3d_filament :: Inkbird ITC-1000 Dual Stage Digital Temperature Controller Fahrenheit  Celsius Thermostat with Sensor for 3D Printer,Freezer,Fridge,Hatching ect (12 Volt)
<a_153><b_247><c_69> :: ids=[944] :: fam=test_strip :: General Hydroponics PH Test Kit, 1-Ounce"
r693_gain_vs_original_at1,1809,3d_filament,3494,"3D Solutech Real Yellow 3D Printer PLA Filament 1.75MM Filament, Dimensional Accuracy +/- 0.03 mm, 2.2 LBS (1.0KG)",6.0,1.0,hit@10,1,4,"<a_223><b_80><c_140> :: ids=[2161] :: fam=3d_filament :: 3D Solutech Natural Clear 1.75mm 3D Printer PLA Filament, Dimensional Accuracy +/- 0.03 mm, 2.2 LBS (1.0KG)
<a_223><b_80><c_84> :: ids=[2909] :: fam=3d_filament :: 3D Solutech Silver Metal 3D Printer PLA Filament 1.75MM Filament, Dimensional Accuracy +/- 0.03 mm, 2.2 LBS (1.0KG) - PLA175TCMS
<a_223><b_80><c_128> :: ids=[2993] :: fam=3d_filament :: 3D Solutech Blue 3D Printer Ultra PLA Filament 1.75MM Filament, Dimensional Accuracy +/- 0.03 mm, 2.2 LBS (1.0KG)
<a_197><b_62><c_112> :: ids=[2145] :: fam=3d_filament :: ROBO 3D R1 Plus 10x9x8-Inch ABS/PLA 3D Printer, White (A1-0002-000)
<a_91><b_162><c_93> :: ids=[2333] :: fam=3d_filament :: eSUN 3D Printer CLEANING Filament 1.75mm Natural 0.1kg for all 1.75mm FDM 3D Printers, 1.75mm Cleaning","<a_178><b_14><c_6> :: ids=[2909, 3494] :: fam=3d_filament :: 3D Solutech Silver Metal 3D Printer PLA Filament 1.75MM Filament, Dimensional Accuracy +/- 0.03 mm, 2.2 LBS (1.0KG) - PLA175TCMS / 3D Solutech Real Yellow 3D Printer PLA Filament 1
<a_178><b_14><c_107> :: ids=[2161] :: fam=3d_filament :: 3D Solutech Natural Clear 1.75mm 3D Printer PLA Filament, Dimensional Accuracy +/- 0.03 mm, 2.2 LBS (1.0KG)
<a_178><b_14><c_94> :: ids=[3112] :: fam=3d_filament :: 3D Solutech Real Black 3D Printer PLA Filament 1.75MM Filament, Dimensional Accuracy +/- 0.03 mm, 2.2 LBS (1.0KG) - PLA175RBLK
<a_178><b_14><c_135> :: ids=[2993] :: fam=3d_filament :: 3D Solutech Blue 3D Printer Ultra PLA Filament 1.75MM Filament, Dimensional Accuracy +/- 0.03 mm, 2.2 LBS (1.0KG)
<a_178><b_14><c_75> :: ids=[2697] :: fam=3d_filament :: 3D Solutech Real White 3D Printer PLA Filament 1.75MM Filament, Dimensional Accuracy +/- 0.03 mm, 2.2 LBS (1.0KG)"
r693_gain_vs_original_at1,3098,3d_filament,2909,"3D Solutech Silver Metal 3D Printer PLA Filament 1.75MM Filament, Dimensional Accuracy +/- 0.03 mm, 2.2 LBS (1.0KG) - PLA175TCMS",4.0,1.0,hit@10,1,3,"<a_223><b_80><c_0> :: ids=[2659, 3557, 3631] :: fam=3d_filament :: 3D Solutech Apple Green 3D Printer PLA Filament 1.75MM Filament, Dimensional Accuracy +/- 0.03 mm, 2.2 LBS (1.0KG) / 3D Solutech Chocolate Brown 3D Printer PLA Filament 1.75MM Fila
<a_223><b_80><c_128> :: ids=[2993] :: fam=3d_filament :: 3D Solutech Blue 3D Printer Ultra PLA Filament 1.75MM Filament, Dimensional Accuracy +/- 0.03 mm, 2.2 LBS (1.0KG)
<a_223><b_80><c_3> :: ids=[3112, 3493] :: fam=3d_filament :: 3D Solutech Real Black 3D Printer PLA Filament 1.75MM Filament, Dimensional Accuracy +/- 0.03 mm, 2.2 LBS (1.0KG) - PLA175RBLK / 3D Solutech Printer Filament, Real Blue PLA, 1.75MM
<a_223><b_80><c_84> :: ids=[2909] :: fam=3d_filament :: 3D Solutech Silver Metal 3D Printer PLA Filament 1.75MM Filament, Dimensional Accuracy +/- 0.03 mm, 2.2 LBS (1.0KG) - PLA175TCMS
<a_223><b_80><c_4> :: ids=[3442] :: fam=3d_filament :: 3D Solutech Real Purple 3D Printer PLA Filament 1.75MM Filament, Dimensional Accuracy +/- 0.03 mm, 2.2 LBS (1.0KG)","<a_178><b_14><c_6> :: ids=[2909, 3494] :: fam=3d_filament :: 3D Solutech Silver Metal 3D Printer PLA Filament 1.75MM Filament, Dimensional Accuracy +/- 0.03 mm, 2.2 LBS (1.0KG) - PLA175TCMS / 3D Solutech Real Yellow 3D Printer PLA Filament 1
<a_178><b_14><c_135> :: ids=[2993] :: fam=3d_filament :: 3D Solutech Blue 3D Printer Ultra PLA Filament 1.75MM Filament, Dimensional Accuracy +/- 0.03 mm, 2.2 LBS (1.0KG)
<a_178><b_14><c_26> :: ids=[3442] :: fam=3d_filament :: 3D Solutech Real Purple 3D Printer PLA Filament 1.75MM Filament, Dimensional Accuracy +/- 0.03 mm, 2.2 LBS (1.0KG)
<a_178><b_14><c_94> :: ids=[3112] :: fam=3d_filament :: 3D Solutech Real Black 3D Printer PLA Filament 1.75MM Filament, Dimensional Accuracy +/- 0.03 mm, 2.2 LBS (1.0KG) - PLA175RBLK
<a_178><b_14><c_107> :: ids=[2161] :: fam=3d_filament :: 3D Solutech Natural Clear 1.75mm 3D Printer PLA Filament, Dimensional Accuracy +/- 0.03 mm, 2.2 LBS (1.0KG)"
r693_gain_vs_original_at1,50,3d_filament,2909,"3D Solutech Silver Metal 3D Printer PLA Filament 1.75MM Filament, Dimensional Accuracy +/- 0.03 mm, 2.2 LBS (1.0KG) - PLA175TCMS",4.0,1.0,hit@10,0,3,"<a_223><b_80><c_101> :: ids=[3494] :: fam=3d_filament :: 3D Solutech Real Yellow 3D Printer PLA Filament 1.75MM Filament, Dimensional Accuracy +/- 0.03 mm, 2.2 LBS (1.0KG)
<a_223><b_80><c_3> :: ids=[3112, 3493] :: fam=3d_filament :: 3D Solutech Real Black 3D Printer PLA Filament 1.75MM Filament, Dimensional Accuracy +/- 0.03 mm, 2.2 LBS (1.0KG) - PLA175RBLK / 3D Solutech Printer Filament, Real Blue PLA, 1.75MM
<a_223><b_80><c_0> :: ids=[2659, 3557, 3631] :: fam=3d_filament :: 3D Solutech Apple Green 3D Printer PLA Filament 1.75MM Filament, Dimensional Accuracy +/- 0.03 mm, 2.2 LBS (1.0KG) / 3D Solutech Chocolate Brown 3D Printer PLA Filament 1.75MM Fila
<a_223><b_80><c_84> :: ids=[2909] :: fam=3d_filament :: 3D Solutech Silver Metal 3D Printer PLA Filament 1.75MM Filament, Dimensional Accuracy +/- 0.03 mm, 2.2 LBS (1.0KG) - PLA175TCMS
<a_223><b_80><c_158> :: ids=[2660] :: fam=3d_filament :: 3D Solutech Real Grey 3D Printer PLA Filament 1.75MM Filament, Dimensional Accuracy +/- 0.03 mm, 2.2 LBS (1.0KG)","<a_178><b_14><c_6> :: ids=[2909, 3494] :: fam=3d_filament :: 3D Solutech Silver Metal 3D Printer PLA Filament 1.75MM Filament, Dimensional Accuracy +/- 0.03 mm, 2.2 LBS (1.0KG) - PLA175TCMS / 3D Solutech Real Yellow 3D Printer PLA Filament 1
<a_178><b_14><c_94> :: ids=[3112] :: fam=3d_filament :: 3D Solutech Real Black 3D Printer PLA Filament 1.75MM Filament, Dimensional Accuracy +/- 0.03 mm, 2.2 LBS (1.0KG) - PLA175RBLK
<a_178><b_14><c_107> :: ids=[2161] :: fam=3d_filament :: 3D Solutech Natural Clear 1.75mm 3D Printer PLA Filament, Dimensional Accuracy +/- 0.03 mm, 2.2 LBS (1.0KG)
<a_178><b_14><c_135> :: ids=[2993] :: fam=3d_filament :: 3D Solutech Blue 3D Printer Ultra PLA Filament 1.75MM Filament, Dimensional Accuracy +/- 0.03 mm, 2.2 LBS (1.0KG)
<a_178><b_14><c_75> :: ids=[2697] :: fam=3d_filament :: 3D Solutech Real White 3D Printer PLA Filament 1.75MM Filament, Dimensional Accuracy +/- 0.03 mm, 2.2 LBS (1.0KG)"
r693_gain_vs_original_at1,364,3d_filament,1847,"HATCHBOX PLA 3D Printer Filament, Dimensional Accuracy +/- 0.03 mm, 1 kg Spool, 1.75 mm, White",8.0,1.0,hit@10,0,0,"<a_223><b_198><c_230> :: ids=[1107] :: fam=3d_filament :: HATCHBOX PLA 3D Printer Filament, Dimensional Accuracy +/- 0.03 mm, 1 kg Spool, 1.75 mm, Glow in the Dark
<a_73><b_110><c_3> :: ids=[1824] :: fam=other :: DTOL 10 X Mini Laser Dot Diode Module Head WL Red 650nm 6mm 5V 5mW Pack of 10
<a_223><b_86><c_176> :: ids=[2544] :: fam=3d_filament :: SainSmart Clear Flexible TPU 3D Printing Filament, 1.75 mm, 0.8 kg, Dimensional Accuracy +/- 0.05 mm
<a_223><b_198><c_114> :: ids=[444] :: fam=3d_filament :: HATCHBOX ABS 3D Printer Filament, Dimensional Accuracy +/- 0.03 mm, 1 kg Spool, 1.75 mm, White
<a_223><b_198><c_36> :: ids=[50] :: fam=3d_filament :: HATCHBOX PLA 3D Printer Filament, Dimensional Accuracy +/- 0.03 mm, 1 kg Spool, 1.75 mm, Blue","<a_178><b_252><c_162> :: ids=[1847] :: fam=3d_filament :: HATCHBOX PLA 3D Printer Filament, Dimensional Accuracy +/- 0.03 mm, 1 kg Spool, 1.75 mm, White
<a_178><b_154><c_135> :: ids=[1851] :: fam=3d_filament :: HATCHBOX PLA 3D Printer Filament, Dimensional Accuracy +/- 0.03 mm, 1 kg Spool, 1.75 mm, Yellow
<a_212><b_17><c_91> :: ids=[2926] :: fam=3d_filament :: HICTOP 5 Pieces 3D Printer Extruder Hotend 1.75mm Nozzle Throat for Reprap Prusa I3
<a_126><b_64><c_16> :: ids=[2960] :: fam=other :: Uxcell a11090300ux0241 IC Sockets Adaptor Solder Type Socket (Pack of 17)
<a_178><b_165><c_148> :: ids=[2507] :: fam=3d_filament :: HATCHBOX PLA 3D Printer Filament, Dimensional Accuracy +/- 0.03 mm, 1 kg Spool, 1.75 mm, Silver"
r693_gain_vs_original_at1,474,3d_filament,2909,"3D Solutech Silver Metal 3D Printer PLA Filament 1.75MM Filament, Dimensional Accuracy +/- 0.03 mm, 2.2 LBS (1.0KG) - PLA175TCMS",2.0,1.0,hit@10,0,1,"<a_223><b_80><c_3> :: ids=[3112, 3493] :: fam=3d_filament :: 3D Solutech Real Black 3D Printer PLA Filament 1.75MM Filament, Dimensional Accuracy +/- 0.03 mm, 2.2 LBS (1.0KG) - PLA175RBLK / 3D Solutech Printer Filament, Real Blue PLA, 1.75MM
<a_223><b_80><c_84> :: ids=[2909] :: fam=3d_filament :: 3D Solutech Silver Metal 3D Printer PLA Filament 1.75MM Filament, Dimensional Accuracy +/- 0.03 mm, 2.2 LBS (1.0KG) - PLA175TCMS
<a_223><b_80><c_158> :: ids=[2660] :: fam=3d_filament :: 3D Solutech Real Grey 3D Printer PLA Filament 1.75MM Filament, Dimensional Accuracy +/- 0.03 mm, 2.2 LBS (1.0KG)
<a_223><b_80><c_0> :: ids=[2659, 3557, 3631] :: fam=3d_filament :: 3D Solutech Apple Green 3D Printer PLA Filament 1.75MM Filament, Dimensional Accuracy +/- 0.03 mm, 2.2 LBS (1.0KG) / 3D Solutech Chocolate Brown 3D Printer PLA Filament 1.75MM Fila
<a_223><b_80><c_159> :: ids=[2697] :: fam=3d_filament :: 3D Solutech Real White 3D Printer PLA Filament 1.75MM Filament, Dimensional Accuracy +/- 0.03 mm, 2.2 LBS (1.0KG)","<a_178><b_14><c_6> :: ids=[2909, 3494] :: fam=3d_filament :: 3D Solutech Silver Metal 3D Printer PLA Filament 1.75MM Filament, Dimensional Accuracy +/- 0.03 mm, 2.2 LBS (1.0KG) - PLA175TCMS / 3D Solutech Real Yellow 3D Printer PLA Filament 1
<a_178><b_14><c_94> :: ids=[3112] :: fam=3d_filament :: 3D Solutech Real Black 3D Printer PLA Filament 1.75MM Filament, Dimensional Accuracy +/- 0.03 mm, 2.2 LBS (1.0KG) - PLA175RBLK
<a_178><b_14><c_107> :: ids=[2161] :: fam=3d_filament :: 3D Solutech Natural Clear 1.75mm 3D Printer PLA Filament, Dimensional Accuracy +/- 0.03 mm, 2.2 LBS (1.0KG)
<a_178><b_14><c_75> :: ids=[2697] :: fam=3d_filament :: 3D Solutech Real White 3D Printer PLA Filament 1.75MM Filament, Dimensional Accuracy +/- 0.03 mm, 2.2 LBS (1.0KG)
<a_197><b_173><c_161> :: ids=[84] :: fam=gauge_meter :: Neiko 01409A Electronic Digital Caliper with Extra Large LCD Screen | 0 - 12 Inches | Inch/Fractions/Millimeter Conversion"
r693_gain_vs_original_at1,817,3d_filament,1851,"HATCHBOX PLA 3D Printer Filament, Dimensional Accuracy +/- 0.03 mm, 1 kg Spool, 1.75 mm, Yellow",2.0,1.0,hit@10,0,0,"<a_223><b_198><c_36> :: ids=[50] :: fam=3d_filament :: HATCHBOX PLA 3D Printer Filament, Dimensional Accuracy +/- 0.03 mm, 1 kg Spool, 1.75 mm, Blue
<a_223><b_198><c_9> :: ids=[1851] :: fam=3d_filament :: HATCHBOX PLA 3D Printer Filament, Dimensional Accuracy +/- 0.03 mm, 1 kg Spool, 1.75 mm, Yellow
<a_223><b_198><c_234> :: ids=[3308] :: fam=3d_filament :: HATCHBOX ABS 3D Printer Filament, Dimensional Accuracy +/- 0.03 mm, 1 kg Spool, 1.75 mm, Yellow
<a_223><b_198><c_230> :: ids=[1107] :: fam=3d_filament :: HATCHBOX PLA 3D Printer Filament, Dimensional Accuracy +/- 0.03 mm, 1 kg Spool, 1.75 mm, Glow in the Dark
<a_223><b_20><c_170> :: ids=[1847] :: fam=3d_filament :: HATCHBOX PLA 3D Printer Filament, Dimensional Accuracy +/- 0.03 mm, 1 kg Spool, 1.75 mm, White","<a_178><b_154><c_135> :: ids=[1851] :: fam=3d_filament :: HATCHBOX PLA 3D Printer Filament, Dimensional Accuracy +/- 0.03 mm, 1 kg Spool, 1.75 mm, Yellow
<a_178><b_252><c_162> :: ids=[1847] :: fam=3d_filament :: HATCHBOX PLA 3D Printer Filament, Dimensional Accuracy +/- 0.03 mm, 1 kg Spool, 1.75 mm, White
<a_178><b_165><c_148> :: ids=[2507] :: fam=3d_filament :: HATCHBOX PLA 3D Printer Filament, Dimensional Accuracy +/- 0.03 mm, 1 kg Spool, 1.75 mm, Silver
<a_178><b_154><c_141> :: ids=[2472] :: fam=3d_filament :: HATCHBOX ABS 3D Printer Filament, Dimensional Accuracy +/- 0.03 mm, 1 kg Spool, 1.75 mm, Black
<a_178><b_154><c_50> :: ids=[444] :: fam=3d_filament :: HATCHBOX ABS 3D Printer Filament, Dimensional Accuracy +/- 0.03 mm, 1 kg Spool, 1.75 mm, White"
r693_gain_vs_original_at1,882,3d_filament,2909,"3D Solutech Silver Metal 3D Printer PLA Filament 1.75MM Filament, Dimensional Accuracy +/- 0.03 mm, 2.2 LBS (1.0KG) - PLA175TCMS",3.0,1.0,hit@10,0,2,"<a_223><b_80><c_0> :: ids=[2659, 3557, 3631] :: fam=3d_filament :: 3D Solutech Apple Green 3D Printer PLA Filament 1.75MM Filament, Dimensional Accuracy +/- 0.03 mm, 2.2 LBS (1.0KG) / 3D Solutech Chocolate Brown 3D Printer PLA Filament 1.75MM Fila
<a_223><b_80><c_3> :: ids=[3112, 3493] :: fam=3d_filament :: 3D Solutech Real Black 3D Printer PLA Filament 1.75MM Filament, Dimensional Accuracy +/- 0.03 mm, 2.2 LBS (1.0KG) - PLA175RBLK / 3D Solutech Printer Filament, Real Blue PLA, 1.75MM
<a_223><b_80><c_84> :: ids=[2909] :: fam=3d_filament :: 3D Solutech Silver Metal 3D Printer PLA Filament 1.75MM Filament, Dimensional Accuracy +/- 0.03 mm, 2.2 LBS (1.0KG) - PLA175TCMS
<a_223><b_80><c_159> :: ids=[2697] :: fam=3d_filament :: 3D Solutech Real White 3D Printer PLA Filament 1.75MM Filament, Dimensional Accuracy +/- 0.03 mm, 2.2 LBS (1.0KG)
<a_223><b_80><c_101> :: ids=[3494] :: fam=3d_filament :: 3D Solutech Real Yellow 3D Printer PLA Filament 1.75MM Filament, Dimensional Accuracy +/- 0.03 mm, 2.2 LBS (1.0KG)","<a_178><b_14><c_6> :: ids=[2909, 3494] :: fam=3d_filament :: 3D Solutech Silver Metal 3D Printer PLA Filament 1.75MM Filament, Dimensional Accuracy +/- 0.03 mm, 2.2 LBS (1.0KG) - PLA175TCMS / 3D Solutech Real Yellow 3D Printer PLA Filament 1
<a_178><b_14><c_107> :: ids=[2161] :: fam=3d_filament :: 3D Solutech Natural Clear 1.75mm 3D Printer PLA Filament, Dimensional Accuracy +/- 0.03 mm, 2.2 LBS (1.0KG)
<a_178><b_14><c_135> :: ids=[2993] :: fam=3d_filament :: 3D Solutech Blue 3D Printer Ultra PLA Filament 1.75MM Filament, Dimensional Accuracy +/- 0.03 mm, 2.2 LBS (1.0KG)
<a_178><b_14><c_94> :: ids=[3112] :: fam=3d_filament :: 3D Solutech Real Black 3D Printer PLA Filament 1.75MM Filament, Dimensional Accuracy +/- 0.03 mm, 2.2 LBS (1.0KG) - PLA175RBLK
<a_178><b_14><c_75> :: ids=[2697] :: fam=3d_filament :: 3D Solutech Real White 3D Printer PLA Filament 1.75MM Filament, Dimensional Accuracy +/- 0.03 mm, 2.2 LBS (1.0KG)"
r693_gain_vs_original_at1,1033,3d_filament,2909,"3D Solutech Silver Metal 3D Printer PLA Filament 1.75MM Filament, Dimensional Accuracy +/- 0.03 mm, 2.2 LBS (1.0KG) - PLA175TCMS",5.0,1.0,hit@10,0,2,"<a_223><b_80><c_0> :: ids=[2659, 3557, 3631] :: fam=3d_filament :: 3D Solutech Apple Green 3D Printer PLA Filament 1.75MM Filament, Dimensional Accuracy +/- 0.03 mm, 2.2 LBS (1.0KG) / 3D Solutech Chocolate Brown 3D Printer PLA Filament 1.75MM Fila
<a_223><b_80><c_3> :: ids=[3112, 3493] :: fam=3d_filament :: 3D Solutech Real Black 3D Printer PLA Filament 1.75MM Filament, Dimensional Accuracy +/- 0.03 mm, 2.2 LBS (1.0KG) - PLA175RBLK / 3D Solutech Printer Filament, Real Blue PLA, 1.75MM
<a_223><b_80><c_101> :: ids=[3494] :: fam=3d_filament :: 3D Solutech Real Yellow 3D Printer PLA Filament 1.75MM Filament, Dimensional Accuracy +/- 0.03 mm, 2.2 LBS (1.0KG)
<a_223><b_80><c_91> :: ids=[3453] :: fam=3d_filament :: 3D Solutech Real Gold 3D Printer PLA Filament 1.75MM Filament, Dimensional Accuracy +/- 0.03 mm, 2.2 LBS (1.0KG)
<a_223><b_80><c_84> :: ids=[2909] :: fam=3d_filament :: 3D Solutech Silver Metal 3D Printer PLA Filament 1.75MM Filament, Dimensional Accuracy +/- 0.03 mm, 2.2 LBS (1.0KG) - PLA175TCMS","<a_178><b_14><c_6> :: ids=[2909, 3494] :: fam=3d_filament :: 3D Solutech Silver Metal 3D Printer PLA Filament 1.75MM Filament, Dimensional Accuracy +/- 0.03 mm, 2.2 LBS (1.0KG) - PLA175TCMS / 3D Solutech Real Yellow 3D Printer PLA Filament 1
<a_178><b_14><c_94> :: ids=[3112] :: fam=3d_filament :: 3D Solutech Real Black 3D Printer PLA Filament 1.75MM Filament, Dimensional Accuracy +/- 0.03 mm, 2.2 LBS (1.0KG) - PLA175RBLK
<a_178><b_14><c_135> :: ids=[2993] :: fam=3d_filament :: 3D Solutech Blue 3D Printer Ultra PLA Filament 1.75MM Filament, Dimensional Accuracy +/- 0.03 mm, 2.2 LBS (1.0KG)
<a_178><b_14><c_107> :: ids=[2161] :: fam=3d_filament :: 3D Solutech Natural Clear 1.75mm 3D Printer PLA Filament, Dimensional Accuracy +/- 0.03 mm, 2.2 LBS (1.0KG)
<a_178><b_14><c_26> :: ids=[3442] :: fam=3d_filament :: 3D Solutech Real Purple 3D Printer PLA Filament 1.75MM Filament, Dimensional Accuracy +/- 0.03 mm, 2.2 LBS (1.0KG)"
r693_gain_vs_original_at1,1108,3d_filament,2909,"3D Solutech Silver Metal 3D Printer PLA Filament 1.75MM Filament, Dimensional Accuracy +/- 0.03 mm, 2.2 LBS (1.0KG) - PLA175TCMS",2.0,1.0,hit@10,0,3,"<a_223><b_80><c_101> :: ids=[3494] :: fam=3d_filament :: 3D Solutech Real Yellow 3D Printer PLA Filament 1.75MM Filament, Dimensional Accuracy +/- 0.03 mm, 2.2 LBS (1.0KG)
<a_223><b_80><c_84> :: ids=[2909] :: fam=3d_filament :: 3D Solutech Silver Metal 3D Printer PLA Filament 1.75MM Filament, Dimensional Accuracy +/- 0.03 mm, 2.2 LBS (1.0KG) - PLA175TCMS
<a_223><b_80><c_3> :: ids=[3112, 3493] :: fam=3d_filament :: 3D Solutech Real Black 3D Printer PLA Filament 1.75MM Filament, Dimensional Accuracy +/- 0.03 mm, 2.2 LBS (1.0KG) - PLA175RBLK / 3D Solutech Printer Filament, Real Blue PLA, 1.75MM
<a_223><b_80><c_0> :: ids=[2659, 3557, 3631] :: fam=3d_filament :: 3D Solutech Apple Green 3D Printer PLA Filament 1.75MM Filament, Dimensional Accuracy +/- 0.03 mm, 2.2 LBS (1.0KG) / 3D Solutech Chocolate Brown 3D Printer PLA Filament 1.75MM Fila
<a_223><b_80><c_159> :: ids=[2697] :: fam=3d_filament :: 3D Solutech Real White 3D Printer PLA Filament 1.75MM Filament, Dimensional Accuracy +/- 0.03 mm, 2.2 LBS (1.0KG)","<a_178><b_14><c_6> :: ids=[2909, 3494] :: fam=3d_filament :: 3D Solutech Silver Metal 3D Printer PLA Filament 1.75MM Filament, Dimensional Accuracy +/- 0.03 mm, 2.2 LBS (1.0KG) - PLA175TCMS / 3D Solutech Real Yellow 3D Printer PLA Filament 1
<a_178><b_14><c_94> :: ids=[3112] :: fam=3d_filament :: 3D Solutech Real Black 3D Printer PLA Filament 1.75MM Filament, Dimensional Accuracy +/- 0.03 mm, 2.2 LBS (1.0KG) - PLA175RBLK
<a_178><b_14><c_107> :: ids=[2161] :: fam=3d_filament :: 3D Solutech Natural Clear 1.75mm 3D Printer PLA Filament, Dimensional Accuracy +/- 0.03 mm, 2.2 LBS (1.0KG)
<a_178><b_14><c_135> :: ids=[2993] :: fam=3d_filament :: 3D Solutech Blue 3D Printer Ultra PLA Filament 1.75MM Filament, Dimensional Accuracy +/- 0.03 mm, 2.2 LBS (1.0KG)
<a_178><b_14><c_75> :: ids=[2697] :: fam=3d_filament :: 3D Solutech Real White 3D Printer PLA Filament 1.75MM Filament, Dimensional Accuracy +/- 0.03 mm, 2.2 LBS (1.0KG)"
r693_gain_vs_original_at1,1213,3d_filament,1851,"HATCHBOX PLA 3D Printer Filament, Dimensional Accuracy +/- 0.03 mm, 1 kg Spool, 1.75 mm, Yellow",6.0,1.0,hit@10,0,0,"<a_223><b_20><c_170> :: ids=[1847] :: fam=3d_filament :: HATCHBOX PLA 3D Printer Filament, Dimensional Accuracy +/- 0.03 mm, 1 kg Spool, 1.75 mm, White
<a_223><b_198><c_36> :: ids=[50] :: fam=3d_filament :: HATCHBOX PLA 3D Printer Filament, Dimensional Accuracy +/- 0.03 mm, 1 kg Spool, 1.75 mm, Blue
<a_223><b_29><c_58> :: ids=[51] :: fam=3d_filament :: HATCHBOX 1 Spool 3D Printer Filament Tabletop Wall Mount Rack
<a_223><b_198><c_230> :: ids=[1107] :: fam=3d_filament :: HATCHBOX PLA 3D Printer Filament, Dimensional Accuracy +/- 0.03 mm, 1 kg Spool, 1.75 mm, Glow in the Dark
<a_223><b_198><c_234> :: ids=[3308] :: fam=3d_filament :: HATCHBOX ABS 3D Printer Filament, Dimensional Accuracy +/- 0.03 mm, 1 kg Spool, 1.75 mm, Yellow","<a_178><b_154><c_135> :: ids=[1851] :: fam=3d_filament :: HATCHBOX PLA 3D Printer Filament, Dimensional Accuracy +/- 0.03 mm, 1 kg Spool, 1.75 mm, Yellow
<a_178><b_252><c_162> :: ids=[1847] :: fam=3d_filament :: HATCHBOX PLA 3D Printer Filament, Dimensional Accuracy +/- 0.03 mm, 1 kg Spool, 1.75 mm, White
<a_178><b_165><c_148> :: ids=[2507] :: fam=3d_filament :: HATCHBOX PLA 3D Printer Filament, Dimensional Accuracy +/- 0.03 mm, 1 kg Spool, 1.75 mm, Silver
<a_178><b_154><c_50> :: ids=[444] :: fam=3d_filament :: HATCHBOX ABS 3D Printer Filament, Dimensional Accuracy +/- 0.03 mm, 1 kg Spool, 1.75 mm, White
<a_178><b_154><c_141> :: ids=[2472] :: fam=3d_filament :: HATCHBOX ABS 3D Printer Filament, Dimensional Accuracy +/- 0.03 mm, 1 kg Spool, 1.75 mm, Black"
r693_gain_vs_original_at1,1218,3d_filament,2507,"HATCHBOX PLA 3D Printer Filament, Dimensional Accuracy +/- 0.03 mm, 1 kg Spool, 1.75 mm, Silver",10.0,1.0,hit@10,0,3,"<a_223><b_198><c_114> :: ids=[444] :: fam=3d_filament :: HATCHBOX ABS 3D Printer Filament, Dimensional Accuracy +/- 0.03 mm, 1 kg Spool, 1.75 mm, White
<a_223><b_198><c_165> :: ids=[2583] :: fam=3d_filament :: HATCHBOX ABS 3D Printer Filament, Dimensional Accuracy +/- 0.05 mm, 1 kg Spool, 1.75 mm, Green
<a_223><b_198><c_230> :: ids=[1107] :: fam=3d_filament :: HATCHBOX PLA 3D Printer Filament, Dimensional Accuracy +/- 0.03 mm, 1 kg Spool, 1.75 mm, Glow in the Dark
<a_223><b_198><c_100> :: ids=[2152] :: fam=3d_filament :: HATCHBOX PLA 3D Printer Filament, Dimensional Accuracy +/- 0.03 mm, 1 kg Spool, 1.75 mm, Gold
<a_223><b_198><c_61> :: ids=[2476] :: fam=3d_filament :: HATCHBOX ABS 3D Printer Filament, Dimensional Accuracy +/- 0.03 mm, 1 kg Spool, 1.75 mm, Transparent White","<a_178><b_165><c_148> :: ids=[2507] :: fam=3d_filament :: HATCHBOX PLA 3D Printer Filament, Dimensional Accuracy +/- 0.03 mm, 1 kg Spool, 1.75 mm, Silver
<a_178><b_252><c_162> :: ids=[1847] :: fam=3d_filament :: HATCHBOX PLA 3D Printer Filament, Dimensional Accuracy +/- 0.03 mm, 1 kg Spool, 1.75 mm, White
<a_178><b_165><c_9> :: ids=[2152] :: fam=3d_filament :: HATCHBOX PLA 3D Printer Filament, Dimensional Accuracy +/- 0.03 mm, 1 kg Spool, 1.75 mm, Gold
<a_178><b_165><c_53> :: ids=[50] :: fam=3d_filament :: HATCHBOX PLA 3D Printer Filament, Dimensional Accuracy +/- 0.03 mm, 1 kg Spool, 1.75 mm, Blue
<a_178><b_154><c_141> :: ids=[2472] :: fam=3d_filament :: HATCHBOX ABS 3D Printer Filament, Dimensional Accuracy +/- 0.03 mm, 1 kg Spool, 1.75 mm, Black"
r693_gain_vs_original_at1,1227,3d_filament,162,"USAFilament 9800429 ABS 3D Printing Filament, 2.2 lb, 1.75 mm, White Spool",,1.0,hit@10,0,0,"<a_223><b_78><c_41> :: ids=[2716] :: fam=3d_filament :: 3D printer Filament 1.75 ABS Red 1kg 2.2lb 100% USA
<a_158><b_217><c_2> :: ids=[3444] :: fam=3d_filament :: RepRap Champion Metal J-Head V6 Hot End for RepRap 3D Printer 1.75mm Filament Direct Feed Extruder 0.4mm Nozzle
<a_91><b_79><c_147> :: ids=[3653] :: fam=3d_filament :: BIQU MKS-BASE V1.5 Plate Controller Board for 3D Printer Ramps 1.4
<a_251><b_128><c_154> :: ids=[2966] :: fam=3d_filament :: Sprite Science 12 pcs LM8UU Linear Bearings for 3D Printer 8mm x 15mm x 24mm
<a_251><b_207><c_124> :: ids=[2386] :: fam=other :: uxcell a13061400ux0831 10 Pcs 625ZZ 5mm x 16mm x 5mm Shielded Deep Groove Radial Ball Bearing","<a_178><b_12><c_24> :: ids=[162] :: fam=3d_filament :: USAFilament 9800429 ABS 3D Printing Filament, 2.2 lb, 1.75 mm, White Spool
<a_220><b_213><c_164> :: ids=[3444] :: fam=3d_filament :: RepRap Champion Metal J-Head V6 Hot End for RepRap 3D Printer 1.75mm Filament Direct Feed Extruder 0.4mm Nozzle
<a_178><b_165><c_148> :: ids=[2507] :: fam=3d_filament :: HATCHBOX PLA 3D Printer Filament, Dimensional Accuracy +/- 0.03 mm, 1 kg Spool, 1.75 mm, Silver
<a_178><b_154><c_141> :: ids=[2472] :: fam=3d_filament :: HATCHBOX ABS 3D Printer Filament, Dimensional Accuracy +/- 0.03 mm, 1 kg Spool, 1.75 mm, Black
<a_178><b_154><c_135> :: ids=[1851] :: fam=3d_filament :: HATCHBOX PLA 3D Printer Filament, Dimensional Accuracy +/- 0.03 mm, 1 kg Spool, 1.75 mm, Yellow"
r693_gain_vs_original_at1,1291,3d_filament,1851,"HATCHBOX PLA 3D Printer Filament, Dimensional Accuracy +/- 0.03 mm, 1 kg Spool, 1.75 mm, Yellow",3.0,1.0,hit@10,0,0,"<a_223><b_198><c_230> :: ids=[1107] :: fam=3d_filament :: HATCHBOX PLA 3D Printer Filament, Dimensional Accuracy +/- 0.03 mm, 1 kg Spool, 1.75 mm, Glow in the Dark
<a_223><b_198><c_36> :: ids=[50] :: fam=3d_filament :: HATCHBOX PLA 3D Printer Filament, Dimensional Accuracy +/- 0.03 mm, 1 kg Spool, 1.75 mm, Blue
<a_223><b_198><c_9> :: ids=[1851] :: fam=3d_filament :: HATCHBOX PLA 3D Printer Filament, Dimensional Accuracy +/- 0.03 mm, 1 kg Spool, 1.75 mm, Yellow
<a_223><b_20><c_170> :: ids=[1847] :: fam=3d_filament :: HATCHBOX PLA 3D Printer Filament, Dimensional Accuracy +/- 0.03 mm, 1 kg Spool, 1.75 mm, White
<a_223><b_198><c_234> :: ids=[3308] :: fam=3d_filament :: HATCHBOX ABS 3D Printer Filament, Dimensional Accuracy +/- 0.03 mm, 1 kg Spool, 1.75 mm, Yellow","<a_178><b_154><c_135> :: ids=[1851] :: fam=3d_filament :: HATCHBOX PLA 3D Printer Filament, Dimensional Accuracy +/- 0.03 mm, 1 kg Spool, 1.75 mm, Yellow
<a_178><b_252><c_162> :: ids=[1847] :: fam=3d_filament :: HATCHBOX PLA 3D Printer Filament, Dimensional Accuracy +/- 0.03 mm, 1 kg Spool, 1.75 mm, White
<a_178><b_165><c_148> :: ids=[2507] :: fam=3d_filament :: HATCHBOX PLA 3D Printer Filament, Dimensional Accuracy +/- 0.03 mm, 1 kg Spool, 1.75 mm, Silver
<a_178><b_154><c_50> :: ids=[444] :: fam=3d_filament :: HATCHBOX ABS 3D Printer Filament, Dimensional Accuracy +/- 0.03 mm, 1 kg Spool, 1.75 mm, White
<a_178><b_154><c_141> :: ids=[2472] :: fam=3d_filament :: HATCHBOX ABS 3D Printer Filament, Dimensional Accuracy +/- 0.03 mm, 1 kg Spool, 1.75 mm, Black"
r693_gain_vs_original_at1,1403,3d_filament,2472,"HATCHBOX ABS 3D Printer Filament, Dimensional Accuracy +/- 0.03 mm, 1 kg Spool, 1.75 mm, Black",13.0,1.0,hit@10,0,0,"<a_223><b_198><c_114> :: ids=[444] :: fam=3d_filament :: HATCHBOX ABS 3D Printer Filament, Dimensional Accuracy +/- 0.03 mm, 1 kg Spool, 1.75 mm, White
<a_223><b_20><c_170> :: ids=[1847] :: fam=3d_filament :: HATCHBOX PLA 3D Printer Filament, Dimensional Accuracy +/- 0.03 mm, 1 kg Spool, 1.75 mm, White
<a_223><b_198><c_36> :: ids=[50] :: fam=3d_filament :: HATCHBOX PLA 3D Printer Filament, Dimensional Accuracy +/- 0.03 mm, 1 kg Spool, 1.75 mm, Blue
<a_223><b_198><c_182> :: ids=[1850] :: fam=3d_filament :: HATCHBOX PLA 3D Printer Filament, Dimensional Accuracy +/- 0.03 mm, 1 kg Spool, 1.75 mm, Red
<a_223><b_29><c_58> :: ids=[51] :: fam=3d_filament :: HATCHBOX 1 Spool 3D Printer Filament Tabletop Wall Mount Rack","<a_178><b_154><c_141> :: ids=[2472] :: fam=3d_filament :: HATCHBOX ABS 3D Printer Filament, Dimensional Accuracy +/- 0.03 mm, 1 kg Spool, 1.75 mm, Black
<a_178><b_154><c_50> :: ids=[444] :: fam=3d_filament :: HATCHBOX ABS 3D Printer Filament, Dimensional Accuracy +/- 0.03 mm, 1 kg Spool, 1.75 mm, White
<a_178><b_154><c_1> :: ids=[2419] :: fam=3d_filament :: HATCHBOX 3D ABS-1KG1.75-BLU ABS 3D Printer Filament, Dimensional Accuracy +/- 0.03 mm, 1 kg Spool, 1.75 mm, Blue
<a_178><b_154><c_24> :: ids=[2582] :: fam=3d_filament :: HATCHBOX ABS 3D Printer Filament, Dimensional Accuracy +/- 0.03 mm, 1 kg Spool, 1.75 mm, Orange
<a_148><b_162><c_3> :: ids=[385] :: fam=other :: Eclectic Supply B36-24 Cobalt Glass Bottles with Glass Eye Dropper, 1 oz Capacity, Blue (Pack of 24)"
r693_gain_vs_original_at1,1591,3d_filament,2909,"3D Solutech Silver Metal 3D Printer PLA Filament 1.75MM Filament, Dimensional Accuracy +/- 0.03 mm, 2.2 LBS (1.0KG) - PLA175TCMS",2.0,1.0,hit@10,0,1,"<a_223><b_80><c_3> :: ids=[3112, 3493] :: fam=3d_filament :: 3D Solutech Real Black 3D Printer PLA Filament 1.75MM Filament, Dimensional Accuracy +/- 0.03 mm, 2.2 LBS (1.0KG) - PLA175RBLK / 3D Solutech Printer Filament, Real Blue PLA, 1.75MM
<a_223><b_80><c_84> :: ids=[2909] :: fam=3d_filament :: 3D Solutech Silver Metal 3D Printer PLA Filament 1.75MM Filament, Dimensional Accuracy +/- 0.03 mm, 2.2 LBS (1.0KG) - PLA175TCMS
<a_223><b_80><c_0> :: ids=[2659, 3557, 3631] :: fam=3d_filament :: 3D Solutech Apple Green 3D Printer PLA Filament 1.75MM Filament, Dimensional Accuracy +/- 0.03 mm, 2.2 LBS (1.0KG) / 3D Solutech Chocolate Brown 3D Printer PLA Filament 1.75MM Fila
<a_223><b_80><c_158> :: ids=[2660] :: fam=3d_filament :: 3D Solutech Real Grey 3D Printer PLA Filament 1.75MM Filament, Dimensional Accuracy +/- 0.03 mm, 2.2 LBS (1.0KG)
<a_44><b_217><c_235> :: ids=[625] :: fam=other :: AMMEX - ABNPF48100-BX - Medical Nitrile Gloves - Disposable, Powder Free, Exam Grade, 4 mil, XLarge, Black (Box of 100)","<a_178><b_14><c_6> :: ids=[2909, 3494] :: fam=3d_filament :: 3D Solutech Silver Metal 3D Printer PLA Filament 1.75MM Filament, Dimensional Accuracy +/- 0.03 mm, 2.2 LBS (1.0KG) - PLA175TCMS / 3D Solutech Real Yellow 3D Printer PLA Filament 1
<a_178><b_150><c_186> :: ids=[2714] :: fam=3d_filament :: NinjaFlex TPU 3D Printing Filament - 1.75mm .50kg - SAPPHIRE
<a_178><b_150><c_117> :: ids=[2544] :: fam=3d_filament :: SainSmart Clear Flexible TPU 3D Printing Filament, 1.75 mm, 0.8 kg, Dimensional Accuracy +/- 0.05 mm
<a_178><b_14><c_107> :: ids=[2161] :: fam=3d_filament :: 3D Solutech Natural Clear 1.75mm 3D Printer PLA Filament, Dimensional Accuracy +/- 0.03 mm, 2.2 LBS (1.0KG)
<a_197><b_173><c_161> :: ids=[84] :: fam=gauge_meter :: Neiko 01409A Electronic Digital Caliper with Extra Large LCD Screen | 0 - 12 Inches | Inch/Fractions/Millimeter Conversion"
r693_gain_vs_original_at1,1752,3d_filament,2932,Inland 1.75mm Blue PLA 3D Printer Filament - 1kg Spool (2.2 lbs),6.0,1.0,hit@10,0,2,"<a_158><b_72><c_88> :: ids=[2979] :: fam=3d_filament :: Inland 1.75mm Gray PLA 3D Printer Filament - 1kg Spool (2.2 lbs)
<a_158><b_72><c_76> :: ids=[3546] :: fam=3d_filament :: Inland 1.75mm Orange PLA 3D Printer Filament - 1kg Spool (2.2 lbs)
<a_158><b_72><c_232> :: ids=[2734] :: fam=3d_filament :: Inland 1.75mm White PLA 3D Printer Filament - 1kg Spool (2.2 lbs)
<a_158><b_72><c_70> :: ids=[2934] :: fam=3d_filament :: Inland 1.75mm Yellow PLA 3D Printer Filament - 1kg Spool (2.2 lbs)
<a_158><b_72><c_213> :: ids=[3114] :: fam=3d_filament :: Inland 1.75mm Purple PLA 3D Printer Filament - 1kg Spool (2.2 lbs)","<a_220><b_114><c_145> :: ids=[2932] :: fam=3d_filament :: Inland 1.75mm Blue PLA 3D Printer Filament - 1kg Spool (2.2 lbs)
<a_212><b_17><c_91> :: ids=[2926] :: fam=3d_filament :: HICTOP 5 Pieces 3D Printer Extruder Hotend 1.75mm Nozzle Throat for Reprap Prusa I3
<a_220><b_114><c_53> :: ids=[2734] :: fam=3d_filament :: Inland 1.75mm White PLA 3D Printer Filament - 1kg Spool (2.2 lbs)
<a_220><b_114><c_156> :: ids=[2934] :: fam=3d_filament :: Inland 1.75mm Yellow PLA 3D Printer Filament - 1kg Spool (2.2 lbs)
<a_220><b_114><c_224> :: ids=[2979] :: fam=3d_filament :: Inland 1.75mm Gray PLA 3D Printer Filament - 1kg Spool (2.2 lbs)"
r693_gain_vs_original_at1,1808,3d_filament,2909,"3D Solutech Silver Metal 3D Printer PLA Filament 1.75MM Filament, Dimensional Accuracy +/- 0.03 mm, 2.2 LBS (1.0KG) - PLA175TCMS",2.0,1.0,hit@10,0,3,"<a_223><b_80><c_3> :: ids=[3112, 3493] :: fam=3d_filament :: 3D Solutech Real Black 3D Printer PLA Filament 1.75MM Filament, Dimensional Accuracy +/- 0.03 mm, 2.2 LBS (1.0KG) - PLA175RBLK / 3D Solutech Printer Filament, Real Blue PLA, 1.75MM
<a_223><b_80><c_84> :: ids=[2909] :: fam=3d_filament :: 3D Solutech Silver Metal 3D Printer PLA Filament 1.75MM Filament, Dimensional Accuracy +/- 0.03 mm, 2.2 LBS (1.0KG) - PLA175TCMS
<a_91><b_162><c_93> :: ids=[2333] :: fam=3d_filament :: eSUN 3D Printer CLEANING Filament 1.75mm Natural 0.1kg for all 1.75mm FDM 3D Printers, 1.75mm Cleaning
<a_223><b_80><c_101> :: ids=[3494] :: fam=3d_filament :: 3D Solutech Real Yellow 3D Printer PLA Filament 1.75MM Filament, Dimensional Accuracy +/- 0.03 mm, 2.2 LBS (1.0KG)
<a_91><b_105><c_64> :: ids=[2926] :: fam=3d_filament :: HICTOP 5 Pieces 3D Printer Extruder Hotend 1.75mm Nozzle Throat for Reprap Prusa I3","<a_178><b_14><c_6> :: ids=[2909, 3494] :: fam=3d_filament :: 3D Solutech Silver Metal 3D Printer PLA Filament 1.75MM Filament, Dimensional Accuracy +/- 0.03 mm, 2.2 LBS (1.0KG) - PLA175TCMS / 3D Solutech Real Yellow 3D Printer PLA Filament 1
<a_178><b_14><c_107> :: ids=[2161] :: fam=3d_filament :: 3D Solutech Natural Clear 1.75mm 3D Printer PLA Filament, Dimensional Accuracy +/- 0.03 mm, 2.2 LBS (1.0KG)
<a_178><b_14><c_135> :: ids=[2993] :: fam=3d_filament :: 3D Solutech Blue 3D Printer Ultra PLA Filament 1.75MM Filament, Dimensional Accuracy +/- 0.03 mm, 2.2 LBS (1.0KG)
<a_178><b_14><c_94> :: ids=[3112] :: fam=3d_filament :: 3D Solutech Real Black 3D Printer PLA Filament 1.75MM Filament, Dimensional Accuracy +/- 0.03 mm, 2.2 LBS (1.0KG) - PLA175RBLK
<a_178><b_14><c_75> :: ids=[2697] :: fam=3d_filament :: 3D Solutech Real White 3D Printer PLA Filament 1.75MM Filament, Dimensional Accuracy +/- 0.03 mm, 2.2 LBS (1.0KG)"
r693_gain_vs_original_at1,1891,3d_filament,2909,"3D Solutech Silver Metal 3D Printer PLA Filament 1.75MM Filament, Dimensional Accuracy +/- 0.03 mm, 2.2 LBS (1.0KG) - PLA175TCMS",2.0,1.0,hit@10,0,2,"<a_223><b_80><c_101> :: ids=[3494] :: fam=3d_filament :: 3D Solutech Real Yellow 3D Printer PLA Filament 1.75MM Filament, Dimensional Accuracy +/- 0.03 mm, 2.2 LBS (1.0KG)
<a_223><b_80><c_84> :: ids=[2909] :: fam=3d_filament :: 3D Solutech Silver Metal 3D Printer PLA Filament 1.75MM Filament, Dimensional Accuracy +/- 0.03 mm, 2.2 LBS (1.0KG) - PLA175TCMS
<a_223><b_80><c_140> :: ids=[2161] :: fam=3d_filament :: 3D Solutech Natural Clear 1.75mm 3D Printer PLA Filament, Dimensional Accuracy +/- 0.03 mm, 2.2 LBS (1.0KG)
<a_223><b_80><c_159> :: ids=[2697] :: fam=3d_filament :: 3D Solutech Real White 3D Printer PLA Filament 1.75MM Filament, Dimensional Accuracy +/- 0.03 mm, 2.2 LBS (1.0KG)
<a_223><b_80><c_3> :: ids=[3112, 3493] :: fam=3d_filament :: 3D Solutech Real Black 3D Printer PLA Filament 1.75MM Filament, Dimensional Accuracy +/- 0.03 mm, 2.2 LBS (1.0KG) - PLA175RBLK / 3D Solutech Printer Filament, Real Blue PLA, 1.75MM","<a_178><b_14><c_6> :: ids=[2909, 3494] :: fam=3d_filament :: 3D Solutech Silver Metal 3D Printer PLA Filament 1.75MM Filament, Dimensional Accuracy +/- 0.03 mm, 2.2 LBS (1.0KG) - PLA175TCMS / 3D Solutech Real Yellow 3D Printer PLA Filament 1
<a_178><b_14><c_94> :: ids=[3112] :: fam=3d_filament :: 3D Solutech Real Black 3D Printer PLA Filament 1.75MM Filament, Dimensional Accuracy +/- 0.03 mm, 2.2 LBS (1.0KG) - PLA175RBLK
<a_178><b_14><c_135> :: ids=[2993] :: fam=3d_filament :: 3D Solutech Blue 3D Printer Ultra PLA Filament 1.75MM Filament, Dimensional Accuracy +/- 0.03 mm, 2.2 LBS (1.0KG)
<a_178><b_14><c_107> :: ids=[2161] :: fam=3d_filament :: 3D Solutech Natural Clear 1.75mm 3D Printer PLA Filament, Dimensional Accuracy +/- 0.03 mm, 2.2 LBS (1.0KG)
<a_178><b_14><c_75> :: ids=[2697] :: fam=3d_filament :: 3D Solutech Real White 3D Printer PLA Filament 1.75MM Filament, Dimensional Accuracy +/- 0.03 mm, 2.2 LBS (1.0KG)"
r693_gain_vs_original_at1,2344,3d_filament,2909,"3D Solutech Silver Metal 3D Printer PLA Filament 1.75MM Filament, Dimensional Accuracy +/- 0.03 mm, 2.2 LBS (1.0KG) - PLA175TCMS",2.0,1.0,hit@10,0,3,"<a_223><b_80><c_0> :: ids=[2659, 3557, 3631] :: fam=3d_filament :: 3D Solutech Apple Green 3D Printer PLA Filament 1.75MM Filament, Dimensional Accuracy +/- 0.03 mm, 2.2 LBS (1.0KG) / 3D Solutech Chocolate Brown 3D Printer PLA Filament 1.75MM Fila
<a_223><b_80><c_84> :: ids=[2909] :: fam=3d_filament :: 3D Solutech Silver Metal 3D Printer PLA Filament 1.75MM Filament, Dimensional Accuracy +/- 0.03 mm, 2.2 LBS (1.0KG) - PLA175TCMS
<a_223><b_80><c_140> :: ids=[2161] :: fam=3d_filament :: 3D Solutech Natural Clear 1.75mm 3D Printer PLA Filament, Dimensional Accuracy +/- 0.03 mm, 2.2 LBS (1.0KG)
<a_223><b_80><c_101> :: ids=[3494] :: fam=3d_filament :: 3D Solutech Real Yellow 3D Printer PLA Filament 1.75MM Filament, Dimensional Accuracy +/- 0.03 mm, 2.2 LBS (1.0KG)
<a_223><b_80><c_3> :: ids=[3112, 3493] :: fam=3d_filament :: 3D Solutech Real Black 3D Printer PLA Filament 1.75MM Filament, Dimensional Accuracy +/- 0.03 mm, 2.2 LBS (1.0KG) - PLA175RBLK / 3D Solutech Printer Filament, Real Blue PLA, 1.75MM","<a_178><b_14><c_6> :: ids=[2909, 3494] :: fam=3d_filament :: 3D Solutech Silver Metal 3D Printer PLA Filament 1.75MM Filament, Dimensional Accuracy +/- 0.03 mm, 2.2 LBS (1.0KG) - PLA175TCMS / 3D Solutech Real Yellow 3D Printer PLA Filament 1
<a_178><b_14><c_26> :: ids=[3442] :: fam=3d_filament :: 3D Solutech Real Purple 3D Printer PLA Filament 1.75MM Filament, Dimensional Accuracy +/- 0.03 mm, 2.2 LBS (1.0KG)
<a_178><b_14><c_107> :: ids=[2161] :: fam=3d_filament :: 3D Solutech Natural Clear 1.75mm 3D Printer PLA Filament, Dimensional Accuracy +/- 0.03 mm, 2.2 LBS (1.0KG)
<a_178><b_14><c_135> :: ids=[2993] :: fam=3d_filament :: 3D Solutech Blue 3D Printer Ultra PLA Filament 1.75MM Filament, Dimensional Accuracy +/- 0.03 mm, 2.2 LBS (1.0KG)
<a_178><b_14><c_94> :: ids=[3112] :: fam=3d_filament :: 3D Solutech Real Black 3D Printer PLA Filament 1.75MM Filament, Dimensional Accuracy +/- 0.03 mm, 2.2 LBS (1.0KG) - PLA175RBLK"
r693_gain_vs_original_at1,2353,3d_filament,2909,"3D Solutech Silver Metal 3D Printer PLA Filament 1.75MM Filament, Dimensional Accuracy +/- 0.03 mm, 2.2 LBS (1.0KG) - PLA175TCMS",6.0,1.0,hit@10,0,3,"<a_223><b_80><c_101> :: ids=[3494] :: fam=3d_filament :: 3D Solutech Real Yellow 3D Printer PLA Filament 1.75MM Filament, Dimensional Accuracy +/- 0.03 mm, 2.2 LBS (1.0KG)
<a_223><b_80><c_0> :: ids=[2659, 3557, 3631] :: fam=3d_filament :: 3D Solutech Apple Green 3D Printer PLA Filament 1.75MM Filament, Dimensional Accuracy +/- 0.03 mm, 2.2 LBS (1.0KG) / 3D Solutech Chocolate Brown 3D Printer PLA Filament 1.75MM Fila
<a_223><b_80><c_3> :: ids=[3112, 3493] :: fam=3d_filament :: 3D Solutech Real Black 3D Printer PLA Filament 1.75MM Filament, Dimensional Accuracy +/- 0.03 mm, 2.2 LBS (1.0KG) - PLA175RBLK / 3D Solutech Printer Filament, Real Blue PLA, 1.75MM
<a_223><b_80><c_140> :: ids=[2161] :: fam=3d_filament :: 3D Solutech Natural Clear 1.75mm 3D Printer PLA Filament, Dimensional Accuracy +/- 0.03 mm, 2.2 LBS (1.0KG)
<a_223><b_80><c_158> :: ids=[2660] :: fam=3d_filament :: 3D Solutech Real Grey 3D Printer PLA Filament 1.75MM Filament, Dimensional Accuracy +/- 0.03 mm, 2.2 LBS (1.0KG)","<a_178><b_14><c_6> :: ids=[2909, 3494] :: fam=3d_filament :: 3D Solutech Silver Metal 3D Printer PLA Filament 1.75MM Filament, Dimensional Accuracy +/- 0.03 mm, 2.2 LBS (1.0KG) - PLA175TCMS / 3D Solutech Real Yellow 3D Printer PLA Filament 1
<a_178><b_14><c_135> :: ids=[2993] :: fam=3d_filament :: 3D Solutech Blue 3D Printer Ultra PLA Filament 1.75MM Filament, Dimensional Accuracy +/- 0.03 mm, 2.2 LBS (1.0KG)
<a_178><b_14><c_107> :: ids=[2161] :: fam=3d_filament :: 3D Solutech Natural Clear 1.75mm 3D Printer PLA Filament, Dimensional Accuracy +/- 0.03 mm, 2.2 LBS (1.0KG)
<a_178><b_14><c_94> :: ids=[3112] :: fam=3d_filament :: 3D Solutech Real Black 3D Printer PLA Filament 1.75MM Filament, Dimensional Accuracy +/- 0.03 mm, 2.2 LBS (1.0KG) - PLA175RBLK
<a_178><b_14><c_150> :: ids=[3466] :: fam=3d_filament :: 3D Solutech Real Red 3D Printer PLA Filament 1.75MM, Dimensional Accuracy +/- 0.03 mm, 2.2 LBS (1.0KG) - RA-I00I-DQUY"
r693_gain_vs_original_at1,2639,3d_filament,3494,"3D Solutech Real Yellow 3D Printer PLA Filament 1.75MM Filament, Dimensional Accuracy +/- 0.03 mm, 2.2 LBS (1.0KG)",4.0,1.0,hit@10,0,1,"<a_223><b_80><c_84> :: ids=[2909] :: fam=3d_filament :: 3D Solutech Silver Metal 3D Printer PLA Filament 1.75MM Filament, Dimensional Accuracy +/- 0.03 mm, 2.2 LBS (1.0KG) - PLA175TCMS
<a_223><b_80><c_0> :: ids=[2659, 3557, 3631] :: fam=3d_filament :: 3D Solutech Apple Green 3D Printer PLA Filament 1.75MM Filament, Dimensional Accuracy +/- 0.03 mm, 2.2 LBS (1.0KG) / 3D Solutech Chocolate Brown 3D Printer PLA Filament 1.75MM Fila
<a_223><b_80><c_159> :: ids=[2697] :: fam=3d_filament :: 3D Solutech Real White 3D Printer PLA Filament 1.75MM Filament, Dimensional Accuracy +/- 0.03 mm, 2.2 LBS (1.0KG)
<a_223><b_80><c_101> :: ids=[3494] :: fam=3d_filament :: 3D Solutech Real Yellow 3D Printer PLA Filament 1.75MM Filament, Dimensional Accuracy +/- 0.03 mm, 2.2 LBS (1.0KG)
<a_223><b_80><c_3> :: ids=[3112, 3493] :: fam=3d_filament :: 3D Solutech Real Black 3D Printer PLA Filament 1.75MM Filament, Dimensional Accuracy +/- 0.03 mm, 2.2 LBS (1.0KG) - PLA175RBLK / 3D Solutech Printer Filament, Real Blue PLA, 1.75MM","<a_178><b_14><c_6> :: ids=[2909, 3494] :: fam=3d_filament :: 3D Solutech Silver Metal 3D Printer PLA Filament 1.75MM Filament, Dimensional Accuracy +/- 0.03 mm, 2.2 LBS (1.0KG) - PLA175TCMS / 3D Solutech Real Yellow 3D Printer PLA Filament 1
<a_178><b_14><c_94> :: ids=[3112] :: fam=3d_filament :: 3D Solutech Real Black 3D Printer PLA Filament 1.75MM Filament, Dimensional Accuracy +/- 0.03 mm, 2.2 LBS (1.0KG) - PLA175RBLK
<a_178><b_14><c_107> :: ids=[2161] :: fam=3d_filament :: 3D Solutech Natural Clear 1.75mm 3D Printer PLA Filament, Dimensional Accuracy +/- 0.03 mm, 2.2 LBS (1.0KG)
<a_178><b_14><c_135> :: ids=[2993] :: fam=3d_filament :: 3D Solutech Blue 3D Printer Ultra PLA Filament 1.75MM Filament, Dimensional Accuracy +/- 0.03 mm, 2.2 LBS (1.0KG)
<a_178><b_14><c_75> :: ids=[2697] :: fam=3d_filament :: 3D Solutech Real White 3D Printer PLA Filament 1.75MM Filament, Dimensional Accuracy +/- 0.03 mm, 2.2 LBS (1.0KG)"
r693_gain_vs_original_at1,2701,3d_filament,3494,"3D Solutech Real Yellow 3D Printer PLA Filament 1.75MM Filament, Dimensional Accuracy +/- 0.03 mm, 2.2 LBS (1.0KG)",3.0,1.0,hit@10,0,1,"<a_223><b_80><c_84> :: ids=[2909] :: fam=3d_filament :: 3D Solutech Silver Metal 3D Printer PLA Filament 1.75MM Filament, Dimensional Accuracy +/- 0.03 mm, 2.2 LBS (1.0KG) - PLA175TCMS
<a_223><b_80><c_3> :: ids=[3112, 3493] :: fam=3d_filament :: 3D Solutech Real Black 3D Printer PLA Filament 1.75MM Filament, Dimensional Accuracy +/- 0.03 mm, 2.2 LBS (1.0KG) - PLA175RBLK / 3D Solutech Printer Filament, Real Blue PLA, 1.75MM
<a_223><b_80><c_101> :: ids=[3494] :: fam=3d_filament :: 3D Solutech Real Yellow 3D Printer PLA Filament 1.75MM Filament, Dimensional Accuracy +/- 0.03 mm, 2.2 LBS (1.0KG)
<a_223><b_80><c_159> :: ids=[2697] :: fam=3d_filament :: 3D Solutech Real White 3D Printer PLA Filament 1.75MM Filament, Dimensional Accuracy +/- 0.03 mm, 2.2 LBS (1.0KG)
<a_223><b_80><c_0> :: ids=[2659, 3557, 3631] :: fam=3d_filament :: 3D Solutech Apple Green 3D Printer PLA Filament 1.75MM Filament, Dimensional Accuracy +/- 0.03 mm, 2.2 LBS (1.0KG) / 3D Solutech Chocolate Brown 3D Printer PLA Filament 1.75MM Fila","<a_178><b_14><c_6> :: ids=[2909, 3494] :: fam=3d_filament :: 3D Solutech Silver Metal 3D Printer PLA Filament 1.75MM Filament, Dimensional Accuracy +/- 0.03 mm, 2.2 LBS (1.0KG) - PLA175TCMS / 3D Solutech Real Yellow 3D Printer PLA Filament 1
<a_178><b_14><c_94> :: ids=[3112] :: fam=3d_filament :: 3D Solutech Real Black 3D Printer PLA Filament 1.75MM Filament, Dimensional Accuracy +/- 0.03 mm, 2.2 LBS (1.0KG) - PLA175RBLK
<a_178><b_14><c_135> :: ids=[2993] :: fam=3d_filament :: 3D Solutech Blue 3D Printer Ultra PLA Filament 1.75MM Filament, Dimensional Accuracy +/- 0.03 mm, 2.2 LBS (1.0KG)
<a_178><b_14><c_107> :: ids=[2161] :: fam=3d_filament :: 3D Solutech Natural Clear 1.75mm 3D Printer PLA Filament, Dimensional Accuracy +/- 0.03 mm, 2.2 LBS (1.0KG)
<a_178><b_14><c_75> :: ids=[2697] :: fam=3d_filament :: 3D Solutech Real White 3D Printer PLA Filament 1.75MM Filament, Dimensional Accuracy +/- 0.03 mm, 2.2 LBS (1.0KG)"
r693_gain_vs_original_at1,2704,3d_filament,2932,Inland 1.75mm Blue PLA 3D Printer Filament - 1kg Spool (2.2 lbs),,1.0,hit@10,0,0,"<a_158><b_200><c_184> :: ids=[2927] :: fam=3d_filament :: Barbariol 3 PCS NTC3950 Thermistors for RepRap 3D Printer Extruder or Heated Bed pre-wired with Teflon Insulated Wiring
<a_17><b_200><c_1> :: ids=[246] :: fam=gauge_meter :: 304 Stainless Steel Sheet, #4 Brushed Finish, Annealed, ASTM A240/ASME SA240, 0.048"" Thickness, 36"" Width, 36"" Length, 18 Gauge
<a_223><b_20><c_170> :: ids=[1847] :: fam=3d_filament :: HATCHBOX PLA 3D Printer Filament, Dimensional Accuracy +/- 0.03 mm, 1 kg Spool, 1.75 mm, White
<a_73><b_8><c_168> :: ids=[285] :: fam=other :: Z&T Solderless Flexible Breadboard Jumper Wires M/M 100pcs
<a_224><b_153><c_5> :: ids=[2733] :: fam=fastener :: Hilitchi 210pcs M3 Stainless Steel Hex Socket Head Cap Screws Nuts Assortment Kit with Box (M3)","<a_220><b_114><c_145> :: ids=[2932] :: fam=3d_filament :: Inland 1.75mm Blue PLA 3D Printer Filament - 1kg Spool (2.2 lbs)
<a_109><b_17><c_3> :: ids=[1205] :: fam=other :: PEI (Polyetherimide) Sheet, Opaque Off-White, Standard Tolerance, ASTM D5205 PEI0113, 0.03"" Thickness, 12"" Width, 24"" Length
<a_178><b_166><c_183> :: ids=[2477] :: fam=3d_filament :: BAMtack! 1.75mm Black PLA 3D Printer Filament - 1kg (2.2 lbs) - Dimensional Accuracy +/- 0.03mm
<a_178><b_46><c_65> :: ids=[2333] :: fam=3d_filament :: eSUN 3D Printer CLEANING Filament 1.75mm Natural 0.1kg for all 1.75mm FDM 3D Printers, 1.75mm Cleaning
<a_193><b_46><c_91> :: ids=[563] :: fam=3d_filament :: Foreasy 3D Printer Tool 3D Print Removal Tool Enhanced Version Set of 2"
r693_gain_vs_original_at1,3160,3d_filament,1851,"HATCHBOX PLA 3D Printer Filament, Dimensional Accuracy +/- 0.03 mm, 1 kg Spool, 1.75 mm, Yellow",4.0,1.0,hit@10,0,0,"<a_223><b_198><c_36> :: ids=[50] :: fam=3d_filament :: HATCHBOX PLA 3D Printer Filament, Dimensional Accuracy +/- 0.03 mm, 1 kg Spool, 1.75 mm, Blue
<a_223><b_198><c_230> :: ids=[1107] :: fam=3d_filament :: HATCHBOX PLA 3D Printer Filament, Dimensional Accuracy +/- 0.03 mm, 1 kg Spool, 1.75 mm, Glow in the Dark
<a_223><b_198><c_234> :: ids=[3308] :: fam=3d_filament :: HATCHBOX ABS 3D Printer Filament, Dimensional Accuracy +/- 0.03 mm, 1 kg Spool, 1.75 mm, Yellow
<a_223><b_198><c_9> :: ids=[1851] :: fam=3d_filament :: HATCHBOX PLA 3D Printer Filament, Dimensional Accuracy +/- 0.03 mm, 1 kg Spool, 1.75 mm, Yellow
<a_223><b_20><c_170> :: ids=[1847] :: fam=3d_filament :: HATCHBOX PLA 3D Printer Filament, Dimensional Accuracy +/- 0.03 mm, 1 kg Spool, 1.75 mm, White","<a_178><b_154><c_135> :: ids=[1851] :: fam=3d_filament :: HATCHBOX PLA 3D Printer Filament, Dimensional Accuracy +/- 0.03 mm, 1 kg Spool, 1.75 mm, Yellow
<a_178><b_252><c_162> :: ids=[1847] :: fam=3d_filament :: HATCHBOX PLA 3D Printer Filament, Dimensional Accuracy +/- 0.03 mm, 1 kg Spool, 1.75 mm, White
<a_178><b_165><c_148> :: ids=[2507] :: fam=3d_filament :: HATCHBOX PLA 3D Printer Filament, Dimensional Accuracy +/- 0.03 mm, 1 kg Spool, 1.75 mm, Silver
<a_178><b_154><c_50> :: ids=[444] :: fam=3d_filament :: HATCHBOX ABS 3D Printer Filament, Dimensional Accuracy +/- 0.03 mm, 1 kg Spool, 1.75 mm, White
<a_178><b_154><c_141> :: ids=[2472] :: fam=3d_filament :: HATCHBOX ABS 3D Printer Filament, Dimensional Accuracy +/- 0.03 mm, 1 kg Spool, 1.75 mm, Black"
r693_gain_vs_original_at1,3301,3d_filament,1851,"HATCHBOX PLA 3D Printer Filament, Dimensional Accuracy +/- 0.03 mm, 1 kg Spool, 1.75 mm, Yellow",4.0,1.0,hit@10,0,0,"<a_223><b_198><c_36> :: ids=[50] :: fam=3d_filament :: HATCHBOX PLA 3D Printer Filament, Dimensional Accuracy +/- 0.03 mm, 1 kg Spool, 1.75 mm, Blue
<a_223><b_198><c_230> :: ids=[1107] :: fam=3d_filament :: HATCHBOX PLA 3D Printer Filament, Dimensional Accuracy +/- 0.03 mm, 1 kg Spool, 1.75 mm, Glow in the Dark
<a_223><b_198><c_234> :: ids=[3308] :: fam=3d_filament :: HATCHBOX ABS 3D Printer Filament, Dimensional Accuracy +/- 0.03 mm, 1 kg Spool, 1.75 mm, Yellow
<a_223><b_198><c_9> :: ids=[1851] :: fam=3d_filament :: HATCHBOX PLA 3D Printer Filament, Dimensional Accuracy +/- 0.03 mm, 1 kg Spool, 1.75 mm, Yellow
<a_223><b_20><c_170> :: ids=[1847] :: fam=3d_filament :: HATCHBOX PLA 3D Printer Filament, Dimensional Accuracy +/- 0.03 mm, 1 kg Spool, 1.75 mm, White","<a_178><b_154><c_135> :: ids=[1851] :: fam=3d_filament :: HATCHBOX PLA 3D Printer Filament, Dimensional Accuracy +/- 0.03 mm, 1 kg Spool, 1.75 mm, Yellow
<a_178><b_252><c_162> :: ids=[1847] :: fam=3d_filament :: HATCHBOX PLA 3D Printer Filament, Dimensional Accuracy +/- 0.03 mm, 1 kg Spool, 1.75 mm, White
<a_178><b_165><c_148> :: ids=[2507] :: fam=3d_filament :: HATCHBOX PLA 3D Printer Filament, Dimensional Accuracy +/- 0.03 mm, 1 kg Spool, 1.75 mm, Silver
<a_178><b_154><c_141> :: ids=[2472] :: fam=3d_filament :: HATCHBOX ABS 3D Printer Filament, Dimensional Accuracy +/- 0.03 mm, 1 kg Spool, 1.75 mm, Black
<a_178><b_154><c_50> :: ids=[444] :: fam=3d_filament :: HATCHBOX ABS 3D Printer Filament, Dimensional Accuracy +/- 0.03 mm, 1 kg Spool, 1.75 mm, White"
r693_gain_vs_original_at1,3303,3d_filament,1847,"HATCHBOX PLA 3D Printer Filament, Dimensional Accuracy +/- 0.03 mm, 1 kg Spool, 1.75 mm, White",3.0,1.0,hit@10,0,2,"<a_223><b_198><c_230> :: ids=[1107] :: fam=3d_filament :: HATCHBOX PLA 3D Printer Filament, Dimensional Accuracy +/- 0.03 mm, 1 kg Spool, 1.75 mm, Glow in the Dark
<a_223><b_198><c_114> :: ids=[444] :: fam=3d_filament :: HATCHBOX ABS 3D Printer Filament, Dimensional Accuracy +/- 0.03 mm, 1 kg Spool, 1.75 mm, White
<a_223><b_20><c_170> :: ids=[1847] :: fam=3d_filament :: HATCHBOX PLA 3D Printer Filament, Dimensional Accuracy +/- 0.03 mm, 1 kg Spool, 1.75 mm, White
<a_223><b_198><c_6> :: ids=[2472] :: fam=3d_filament :: HATCHBOX ABS 3D Printer Filament, Dimensional Accuracy +/- 0.03 mm, 1 kg Spool, 1.75 mm, Black
<a_223><b_198><c_61> :: ids=[2476] :: fam=3d_filament :: HATCHBOX ABS 3D Printer Filament, Dimensional Accuracy +/- 0.03 mm, 1 kg Spool, 1.75 mm, Transparent White","<a_178><b_252><c_162> :: ids=[1847] :: fam=3d_filament :: HATCHBOX PLA 3D Printer Filament, Dimensional Accuracy +/- 0.03 mm, 1 kg Spool, 1.75 mm, White
<a_178><b_165><c_148> :: ids=[2507] :: fam=3d_filament :: HATCHBOX PLA 3D Printer Filament, Dimensional Accuracy +/- 0.03 mm, 1 kg Spool, 1.75 mm, Silver
<a_178><b_154><c_141> :: ids=[2472] :: fam=3d_filament :: HATCHBOX ABS 3D Printer Filament, Dimensional Accuracy +/- 0.03 mm, 1 kg Spool, 1.75 mm, Black
<a_178><b_154><c_50> :: ids=[444] :: fam=3d_filament :: HATCHBOX ABS 3D Printer Filament, Dimensional Accuracy +/- 0.03 mm, 1 kg Spool, 1.75 mm, White
<a_178><b_165><c_53> :: ids=[50] :: fam=3d_filament :: HATCHBOX PLA 3D Printer Filament, Dimensional Accuracy +/- 0.03 mm, 1 kg Spool, 1.75 mm, Blue"
r693_gain_vs_original_at1,3309,3d_filament,2909,"3D Solutech Silver Metal 3D Printer PLA Filament 1.75MM Filament, Dimensional Accuracy +/- 0.03 mm, 2.2 LBS (1.0KG) - PLA175TCMS",2.0,1.0,hit@10,0,3,"<a_223><b_80><c_0> :: ids=[2659, 3557, 3631] :: fam=3d_filament :: 3D Solutech Apple Green 3D Printer PLA Filament 1.75MM Filament, Dimensional Accuracy +/- 0.03 mm, 2.2 LBS (1.0KG) / 3D Solutech Chocolate Brown 3D Printer PLA Filament 1.75MM Fila
<a_223><b_80><c_84> :: ids=[2909] :: fam=3d_filament :: 3D Solutech Silver Metal 3D Printer PLA Filament 1.75MM Filament, Dimensional Accuracy +/- 0.03 mm, 2.2 LBS (1.0KG) - PLA175TCMS
<a_223><b_80><c_3> :: ids=[3112, 3493] :: fam=3d_filament :: 3D Solutech Real Black 3D Printer PLA Filament 1.75MM Filament, Dimensional Accuracy +/- 0.03 mm, 2.2 LBS (1.0KG) - PLA175RBLK / 3D Solutech Printer Filament, Real Blue PLA, 1.75MM
<a_223><b_80><c_101> :: ids=[3494] :: fam=3d_filament :: 3D Solutech Real Yellow 3D Printer PLA Filament 1.75MM Filament, Dimensional Accuracy +/- 0.03 mm, 2.2 LBS (1.0KG)
<a_223><b_80><c_159> :: ids=[2697] :: fam=3d_filament :: 3D Solutech Real White 3D Printer PLA Filament 1.75MM Filament, Dimensional Accuracy +/- 0.03 mm, 2.2 LBS (1.0KG)","<a_178><b_14><c_6> :: ids=[2909, 3494] :: fam=3d_filament :: 3D Solutech Silver Metal 3D Printer PLA Filament 1.75MM Filament, Dimensional Accuracy +/- 0.03 mm, 2.2 LBS (1.0KG) - PLA175TCMS / 3D Solutech Real Yellow 3D Printer PLA Filament 1
<a_178><b_14><c_107> :: ids=[2161] :: fam=3d_filament :: 3D Solutech Natural Clear 1.75mm 3D Printer PLA Filament, Dimensional Accuracy +/- 0.03 mm, 2.2 LBS (1.0KG)
<a_178><b_14><c_94> :: ids=[3112] :: fam=3d_filament :: 3D Solutech Real Black 3D Printer PLA Filament 1.75MM Filament, Dimensional Accuracy +/- 0.03 mm, 2.2 LBS (1.0KG) - PLA175RBLK
<a_178><b_14><c_135> :: ids=[2993] :: fam=3d_filament :: 3D Solutech Blue 3D Printer Ultra PLA Filament 1.75MM Filament, Dimensional Accuracy +/- 0.03 mm, 2.2 LBS (1.0KG)
<a_178><b_14><c_26> :: ids=[3442] :: fam=3d_filament :: 3D Solutech Real Purple 3D Printer PLA Filament 1.75MM Filament, Dimensional Accuracy +/- 0.03 mm, 2.2 LBS (1.0KG)"
r693_gain_vs_original_at1,3346,3d_filament,1851,"HATCHBOX PLA 3D Printer Filament, Dimensional Accuracy +/- 0.03 mm, 1 kg Spool, 1.75 mm, Yellow",5.0,1.0,hit@10,0,0,"<a_223><b_198><c_36> :: ids=[50] :: fam=3d_filament :: HATCHBOX PLA 3D Printer Filament, Dimensional Accuracy +/- 0.03 mm, 1 kg Spool, 1.75 mm, Blue
<a_223><b_198><c_230> :: ids=[1107] :: fam=3d_filament :: HATCHBOX PLA 3D Printer Filament, Dimensional Accuracy +/- 0.03 mm, 1 kg Spool, 1.75 mm, Glow in the Dark
<a_223><b_198><c_234> :: ids=[3308] :: fam=3d_filament :: HATCHBOX ABS 3D Printer Filament, Dimensional Accuracy +/- 0.03 mm, 1 kg Spool, 1.75 mm, Yellow
<a_223><b_20><c_170> :: ids=[1847] :: fam=3d_filament :: HATCHBOX PLA 3D Printer Filament, Dimensional Accuracy +/- 0.03 mm, 1 kg Spool, 1.75 mm, White
<a_223><b_198><c_9> :: ids=[1851] :: fam=3d_filament :: HATCHBOX PLA 3D Printer Filament, Dimensional Accuracy +/- 0.03 mm, 1 kg Spool, 1.75 mm, Yellow","<a_178><b_154><c_135> :: ids=[1851] :: fam=3d_filament :: HATCHBOX PLA 3D Printer Filament, Dimensional Accuracy +/- 0.03 mm, 1 kg Spool, 1.75 mm, Yellow
<a_178><b_252><c_162> :: ids=[1847] :: fam=3d_filament :: HATCHBOX PLA 3D Printer Filament, Dimensional Accuracy +/- 0.03 mm, 1 kg Spool, 1.75 mm, White
<a_178><b_165><c_148> :: ids=[2507] :: fam=3d_filament :: HATCHBOX PLA 3D Printer Filament, Dimensional Accuracy +/- 0.03 mm, 1 kg Spool, 1.75 mm, Silver
<a_178><b_154><c_50> :: ids=[444] :: fam=3d_filament :: HATCHBOX ABS 3D Printer Filament, Dimensional Accuracy +/- 0.03 mm, 1 kg Spool, 1.75 mm, White
<a_178><b_154><c_141> :: ids=[2472] :: fam=3d_filament :: HATCHBOX ABS 3D Printer Filament, Dimensional Accuracy +/- 0.03 mm, 1 kg Spool, 1.75 mm, Black"
r693_gain_vs_original_at1,3555,3d_filament,2932,Inland 1.75mm Blue PLA 3D Printer Filament - 1kg Spool (2.2 lbs),8.0,1.0,hit@10,0,1,"<a_158><b_72><c_88> :: ids=[2979] :: fam=3d_filament :: Inland 1.75mm Gray PLA 3D Printer Filament - 1kg Spool (2.2 lbs)
<a_158><b_72><c_191> :: ids=[1553] :: fam=3d_filament :: Inland 1.75mm Red PLA 3D Printer Filament - 1kg Spool (2.2 lbs)
<a_158><b_72><c_220> :: ids=[2718] :: fam=3d_filament :: Inland 1.75mm Pink PLA 3D Printer Filament - 1kg Spool (2.2 lbs)
<a_158><b_72><c_141> :: ids=[2912] :: fam=3d_filament :: Inland 1.75mm Black PLA 3D Printer Filament - 1kg Spool (2.2 lbs)
<a_158><b_72><c_76> :: ids=[3546] :: fam=3d_filament :: Inland 1.75mm Orange PLA 3D Printer Filament - 1kg Spool (2.2 lbs)","<a_220><b_114><c_145> :: ids=[2932] :: fam=3d_filament :: Inland 1.75mm Blue PLA 3D Printer Filament - 1kg Spool (2.2 lbs)
<a_220><b_114><c_53> :: ids=[2734] :: fam=3d_filament :: Inland 1.75mm White PLA 3D Printer Filament - 1kg Spool (2.2 lbs)
<a_220><b_114><c_96> :: ids=[3114] :: fam=3d_filament :: Inland 1.75mm Purple PLA 3D Printer Filament - 1kg Spool (2.2 lbs)
<a_220><b_114><c_173> :: ids=[2912] :: fam=3d_filament :: Inland 1.75mm Black PLA 3D Printer Filament - 1kg Spool (2.2 lbs)
<a_220><b_114><c_156> :: ids=[2934] :: fam=3d_filament :: Inland 1.75mm Yellow PLA 3D Printer Filament - 1kg Spool (2.2 lbs)"
r693_gain_vs_original_at1,3757,3d_filament,1851,"HATCHBOX PLA 3D Printer Filament, Dimensional Accuracy +/- 0.03 mm, 1 kg Spool, 1.75 mm, Yellow",9.0,1.0,hit@10,0,1,"<a_223><b_20><c_170> :: ids=[1847] :: fam=3d_filament :: HATCHBOX PLA 3D Printer Filament, Dimensional Accuracy +/- 0.03 mm, 1 kg Spool, 1.75 mm, White
<a_223><b_198><c_230> :: ids=[1107] :: fam=3d_filament :: HATCHBOX PLA 3D Printer Filament, Dimensional Accuracy +/- 0.03 mm, 1 kg Spool, 1.75 mm, Glow in the Dark
<a_223><b_29><c_58> :: ids=[51] :: fam=3d_filament :: HATCHBOX 1 Spool 3D Printer Filament Tabletop Wall Mount Rack
<a_223><b_198><c_36> :: ids=[50] :: fam=3d_filament :: HATCHBOX PLA 3D Printer Filament, Dimensional Accuracy +/- 0.03 mm, 1 kg Spool, 1.75 mm, Blue
<a_73><b_223><c_251> :: ids=[2036] :: fam=other :: 3mm and 5mm LED Lights Emitting Diodes Assortment Set Kit for Arduino Bright White Red Blue Green Yellow, 300-Pack","<a_178><b_154><c_135> :: ids=[1851] :: fam=3d_filament :: HATCHBOX PLA 3D Printer Filament, Dimensional Accuracy +/- 0.03 mm, 1 kg Spool, 1.75 mm, Yellow
<a_178><b_252><c_162> :: ids=[1847] :: fam=3d_filament :: HATCHBOX PLA 3D Printer Filament, Dimensional Accuracy +/- 0.03 mm, 1 kg Spool, 1.75 mm, White
<a_178><b_165><c_148> :: ids=[2507] :: fam=3d_filament :: HATCHBOX PLA 3D Printer Filament, Dimensional Accuracy +/- 0.03 mm, 1 kg Spool, 1.75 mm, Silver
<a_178><b_154><c_50> :: ids=[444] :: fam=3d_filament :: HATCHBOX ABS 3D Printer Filament, Dimensional Accuracy +/- 0.03 mm, 1 kg Spool, 1.75 mm, White
<a_178><b_165><c_53> :: ids=[50] :: fam=3d_filament :: HATCHBOX PLA 3D Printer Filament, Dimensional Accuracy +/- 0.03 mm, 1 kg Spool, 1.75 mm, Blue"
r693_gain_vs_original_at1,3781,3d_filament,1847,"HATCHBOX PLA 3D Printer Filament, Dimensional Accuracy +/- 0.03 mm, 1 kg Spool, 1.75 mm, White",7.0,1.0,hit@10,0,0,"<a_223><b_198><c_230> :: ids=[1107] :: fam=3d_filament :: HATCHBOX PLA 3D Printer Filament, Dimensional Accuracy +/- 0.03 mm, 1 kg Spool, 1.75 mm, Glow in the Dark
<a_223><b_198><c_182> :: ids=[1850] :: fam=3d_filament :: HATCHBOX PLA 3D Printer Filament, Dimensional Accuracy +/- 0.03 mm, 1 kg Spool, 1.75 mm, Red
<a_223><b_198><c_9> :: ids=[1851] :: fam=3d_filament :: HATCHBOX PLA 3D Printer Filament, Dimensional Accuracy +/- 0.03 mm, 1 kg Spool, 1.75 mm, Yellow
<a_223><b_198><c_36> :: ids=[50] :: fam=3d_filament :: HATCHBOX PLA 3D Printer Filament, Dimensional Accuracy +/- 0.03 mm, 1 kg Spool, 1.75 mm, Blue
<a_223><b_198><c_114> :: ids=[444] :: fam=3d_filament :: HATCHBOX ABS 3D Printer Filament, Dimensional Accuracy +/- 0.03 mm, 1 kg Spool, 1.75 mm, White","<a_178><b_252><c_162> :: ids=[1847] :: fam=3d_filament :: HATCHBOX PLA 3D Printer Filament, Dimensional Accuracy +/- 0.03 mm, 1 kg Spool, 1.75 mm, White
<a_178><b_154><c_135> :: ids=[1851] :: fam=3d_filament :: HATCHBOX PLA 3D Printer Filament, Dimensional Accuracy +/- 0.03 mm, 1 kg Spool, 1.75 mm, Yellow
<a_178><b_165><c_148> :: ids=[2507] :: fam=3d_filament :: HATCHBOX PLA 3D Printer Filament, Dimensional Accuracy +/- 0.03 mm, 1 kg Spool, 1.75 mm, Silver
<a_178><b_154><c_141> :: ids=[2472] :: fam=3d_filament :: HATCHBOX ABS 3D Printer Filament, Dimensional Accuracy +/- 0.03 mm, 1 kg Spool, 1.75 mm, Black
<a_178><b_165><c_53> :: ids=[50] :: fam=3d_filament :: HATCHBOX PLA 3D Printer Filament, Dimensional Accuracy +/- 0.03 mm, 1 kg Spool, 1.75 mm, Blue"
r693_gain_vs_original_at1,3839,3d_filament,2909,"3D Solutech Silver Metal 3D Printer PLA Filament 1.75MM Filament, Dimensional Accuracy +/- 0.03 mm, 2.2 LBS (1.0KG) - PLA175TCMS",2.0,1.0,hit@10,0,3,"<a_223><b_80><c_101> :: ids=[3494] :: fam=3d_filament :: 3D Solutech Real Yellow 3D Printer PLA Filament 1.75MM Filament, Dimensional Accuracy +/- 0.03 mm, 2.2 LBS (1.0KG)
<a_223><b_80><c_84> :: ids=[2909] :: fam=3d_filament :: 3D Solutech Silver Metal 3D Printer PLA Filament 1.75MM Filament, Dimensional Accuracy +/- 0.03 mm, 2.2 LBS (1.0KG) - PLA175TCMS
<a_223><b_80><c_3> :: ids=[3112, 3493] :: fam=3d_filament :: 3D Solutech Real Black 3D Printer PLA Filament 1.75MM Filament, Dimensional Accuracy +/- 0.03 mm, 2.2 LBS (1.0KG) - PLA175RBLK / 3D Solutech Printer Filament, Real Blue PLA, 1.75MM
<a_223><b_80><c_0> :: ids=[2659, 3557, 3631] :: fam=3d_filament :: 3D Solutech Apple Green 3D Printer PLA Filament 1.75MM Filament, Dimensional Accuracy +/- 0.03 mm, 2.2 LBS (1.0KG) / 3D Solutech Chocolate Brown 3D Printer PLA Filament 1.75MM Fila
<a_223><b_80><c_159> :: ids=[2697] :: fam=3d_filament :: 3D Solutech Real White 3D Printer PLA Filament 1.75MM Filament, Dimensional Accuracy +/- 0.03 mm, 2.2 LBS (1.0KG)","<a_178><b_14><c_6> :: ids=[2909, 3494] :: fam=3d_filament :: 3D Solutech Silver Metal 3D Printer PLA Filament 1.75MM Filament, Dimensional Accuracy +/- 0.03 mm, 2.2 LBS (1.0KG) - PLA175TCMS / 3D Solutech Real Yellow 3D Printer PLA Filament 1
<a_178><b_14><c_94> :: ids=[3112] :: fam=3d_filament :: 3D Solutech Real Black 3D Printer PLA Filament 1.75MM Filament, Dimensional Accuracy +/- 0.03 mm, 2.2 LBS (1.0KG) - PLA175RBLK
<a_178><b_14><c_107> :: ids=[2161] :: fam=3d_filament :: 3D Solutech Natural Clear 1.75mm 3D Printer PLA Filament, Dimensional Accuracy +/- 0.03 mm, 2.2 LBS (1.0KG)
<a_178><b_14><c_135> :: ids=[2993] :: fam=3d_filament :: 3D Solutech Blue 3D Printer Ultra PLA Filament 1.75MM Filament, Dimensional Accuracy +/- 0.03 mm, 2.2 LBS (1.0KG)
<a_178><b_14><c_75> :: ids=[2697] :: fam=3d_filament :: 3D Solutech Real White 3D Printer PLA Filament 1.75MM Filament, Dimensional Accuracy +/- 0.03 mm, 2.2 LBS (1.0KG)"
r693_gain_vs_original_at1,4040,3d_filament,3494,"3D Solutech Real Yellow 3D Printer PLA Filament 1.75MM Filament, Dimensional Accuracy +/- 0.03 mm, 2.2 LBS (1.0KG)",5.0,1.0,hit@10,0,3,"<a_223><b_80><c_0> :: ids=[2659, 3557, 3631] :: fam=3d_filament :: 3D Solutech Apple Green 3D Printer PLA Filament 1.75MM Filament, Dimensional Accuracy +/- 0.03 mm, 2.2 LBS (1.0KG) / 3D Solutech Chocolate Brown 3D Printer PLA Filament 1.75MM Fila
<a_223><b_80><c_114> :: ids=[1552] :: fam=3d_filament :: 3D Solutech Teal Blue 3D Printer PLA Filament 1.75MM Filament, Dimensional Accuracy +/- 0.03 mm, 2.2 LBS (1.0KG)
<a_223><b_80><c_140> :: ids=[2161] :: fam=3d_filament :: 3D Solutech Natural Clear 1.75mm 3D Printer PLA Filament, Dimensional Accuracy +/- 0.03 mm, 2.2 LBS (1.0KG)
<a_223><b_80><c_128> :: ids=[2993] :: fam=3d_filament :: 3D Solutech Blue 3D Printer Ultra PLA Filament 1.75MM Filament, Dimensional Accuracy +/- 0.03 mm, 2.2 LBS (1.0KG)
<a_223><b_80><c_101> :: ids=[3494] :: fam=3d_filament :: 3D Solutech Real Yellow 3D Printer PLA Filament 1.75MM Filament, Dimensional Accuracy +/- 0.03 mm, 2.2 LBS (1.0KG)","<a_178><b_14><c_6> :: ids=[2909, 3494] :: fam=3d_filament :: 3D Solutech Silver Metal 3D Printer PLA Filament 1.75MM Filament, Dimensional Accuracy +/- 0.03 mm, 2.2 LBS (1.0KG) - PLA175TCMS / 3D Solutech Real Yellow 3D Printer PLA Filament 1
<a_77><b_48><c_99> :: ids=[3613] :: fam=3d_filament :: iXCC Basic Series PLA 3D Printer Filament 1.75mm Diameter (Dimensional Accuracy +/- 0.05mm) - 1kg Spool (Approximately 2.2 lbs) [Red]
<a_178><b_14><c_107> :: ids=[2161] :: fam=3d_filament :: 3D Solutech Natural Clear 1.75mm 3D Printer PLA Filament, Dimensional Accuracy +/- 0.03 mm, 2.2 LBS (1.0KG)
<a_178><b_14><c_94> :: ids=[3112] :: fam=3d_filament :: 3D Solutech Real Black 3D Printer PLA Filament 1.75MM Filament, Dimensional Accuracy +/- 0.03 mm, 2.2 LBS (1.0KG) - PLA175RBLK
<a_178><b_14><c_135> :: ids=[2993] :: fam=3d_filament :: 3D Solutech Blue 3D Printer Ultra PLA Filament 1.75MM Filament, Dimensional Accuracy +/- 0.03 mm, 2.2 LBS (1.0KG)"
r693_gain_vs_original_at1,4079,3d_filament,3494,"3D Solutech Real Yellow 3D Printer PLA Filament 1.75MM Filament, Dimensional Accuracy +/- 0.03 mm, 2.2 LBS (1.0KG)",4.0,1.0,hit@10,0,4,"<a_223><b_80><c_0> :: ids=[2659, 3557, 3631] :: fam=3d_filament :: 3D Solutech Apple Green 3D Printer PLA Filament 1.75MM Filament, Dimensional Accuracy +/- 0.03 mm, 2.2 LBS (1.0KG) / 3D Solutech Chocolate Brown 3D Printer PLA Filament 1.75MM Fila
<a_223><b_246><c_0> :: ids=[3468] :: fam=3d_filament :: 3D Solutech Real Green 3D Printer PLA Filament 1.75MM Filament, Dimensional Accuracy +/- 0.03 mm, 2.2 LBS (1.0KG)
<a_223><b_246><c_2> :: ids=[2721] :: fam=3d_filament :: 3D Solutech Navy Blue 3D Printer PLA Filament 1.75MM Filament, Dimensional Accuracy +/- 0.03 mm, 2.2 LBS (1.0KG)
<a_223><b_80><c_101> :: ids=[3494] :: fam=3d_filament :: 3D Solutech Real Yellow 3D Printer PLA Filament 1.75MM Filament, Dimensional Accuracy +/- 0.03 mm, 2.2 LBS (1.0KG)
<a_223><b_80><c_4> :: ids=[3442] :: fam=3d_filament :: 3D Solutech Real Purple 3D Printer PLA Filament 1.75MM Filament, Dimensional Accuracy +/- 0.03 mm, 2.2 LBS (1.0KG)","<a_178><b_14><c_6> :: ids=[2909, 3494] :: fam=3d_filament :: 3D Solutech Silver Metal 3D Printer PLA Filament 1.75MM Filament, Dimensional Accuracy +/- 0.03 mm, 2.2 LBS (1.0KG) - PLA175TCMS / 3D Solutech Real Yellow 3D Printer PLA Filament 1
<a_77><b_48><c_99> :: ids=[3613] :: fam=3d_filament :: iXCC Basic Series PLA 3D Printer Filament 1.75mm Diameter (Dimensional Accuracy +/- 0.05mm) - 1kg Spool (Approximately 2.2 lbs) [Red]
<a_178><b_14><c_107> :: ids=[2161] :: fam=3d_filament :: 3D Solutech Natural Clear 1.75mm 3D Printer PLA Filament, Dimensional Accuracy +/- 0.03 mm, 2.2 LBS (1.0KG)
<a_178><b_14><c_135> :: ids=[2993] :: fam=3d_filament :: 3D Solutech Blue 3D Printer Ultra PLA Filament 1.75MM Filament, Dimensional Accuracy +/- 0.03 mm, 2.2 LBS (1.0KG)
<a_178><b_14><c_94> :: ids=[3112] :: fam=3d_filament :: 3D Solutech Real Black 3D Printer PLA Filament 1.75MM Filament, Dimensional Accuracy +/- 0.03 mm, 2.2 LBS (1.0KG) - PLA175RBLK"
r693_gain_vs_original_at1,4208,3d_filament,1847,"HATCHBOX PLA 3D Printer Filament, Dimensional Accuracy +/- 0.03 mm, 1 kg Spool, 1.75 mm, White",7.0,1.0,hit@10,0,0,"<a_223><b_198><c_230> :: ids=[1107] :: fam=3d_filament :: HATCHBOX PLA 3D Printer Filament, Dimensional Accuracy +/- 0.03 mm, 1 kg Spool, 1.75 mm, Glow in the Dark
<a_223><b_198><c_182> :: ids=[1850] :: fam=3d_filament :: HATCHBOX PLA 3D Printer Filament, Dimensional Accuracy +/- 0.03 mm, 1 kg Spool, 1.75 mm, Red
<a_223><b_198><c_36> :: ids=[50] :: fam=3d_filament :: HATCHBOX PLA 3D Printer Filament, Dimensional Accuracy +/- 0.03 mm, 1 kg Spool, 1.75 mm, Blue
<a_223><b_198><c_9> :: ids=[1851] :: fam=3d_filament :: HATCHBOX PLA 3D Printer Filament, Dimensional Accuracy +/- 0.03 mm, 1 kg Spool, 1.75 mm, Yellow
<a_223><b_198><c_114> :: ids=[444] :: fam=3d_filament :: HATCHBOX ABS 3D Printer Filament, Dimensional Accuracy +/- 0.03 mm, 1 kg Spool, 1.75 mm, White","<a_178><b_252><c_162> :: ids=[1847] :: fam=3d_filament :: HATCHBOX PLA 3D Printer Filament, Dimensional Accuracy +/- 0.03 mm, 1 kg Spool, 1.75 mm, White
<a_178><b_154><c_135> :: ids=[1851] :: fam=3d_filament :: HATCHBOX PLA 3D Printer Filament, Dimensional Accuracy +/- 0.03 mm, 1 kg Spool, 1.75 mm, Yellow
<a_178><b_165><c_148> :: ids=[2507] :: fam=3d_filament :: HATCHBOX PLA 3D Printer Filament, Dimensional Accuracy +/- 0.03 mm, 1 kg Spool, 1.75 mm, Silver
<a_178><b_154><c_141> :: ids=[2472] :: fam=3d_filament :: HATCHBOX ABS 3D Printer Filament, Dimensional Accuracy +/- 0.03 mm, 1 kg Spool, 1.75 mm, Black
<a_178><b_165><c_53> :: ids=[50] :: fam=3d_filament :: HATCHBOX PLA 3D Printer Filament, Dimensional Accuracy +/- 0.03 mm, 1 kg Spool, 1.75 mm, Blue"
r693_gain_vs_original_at1,4340,3d_filament,1851,"HATCHBOX PLA 3D Printer Filament, Dimensional Accuracy +/- 0.03 mm, 1 kg Spool, 1.75 mm, Yellow",6.0,1.0,hit@10,0,1,"<a_223><b_20><c_170> :: ids=[1847] :: fam=3d_filament :: HATCHBOX PLA 3D Printer Filament, Dimensional Accuracy +/- 0.03 mm, 1 kg Spool, 1.75 mm, White
<a_223><b_198><c_36> :: ids=[50] :: fam=3d_filament :: HATCHBOX PLA 3D Printer Filament, Dimensional Accuracy +/- 0.03 mm, 1 kg Spool, 1.75 mm, Blue
<a_223><b_198><c_230> :: ids=[1107] :: fam=3d_filament :: HATCHBOX PLA 3D Printer Filament, Dimensional Accuracy +/- 0.03 mm, 1 kg Spool, 1.75 mm, Glow in the Dark
<a_223><b_198><c_234> :: ids=[3308] :: fam=3d_filament :: HATCHBOX ABS 3D Printer Filament, Dimensional Accuracy +/- 0.03 mm, 1 kg Spool, 1.75 mm, Yellow
<a_223><b_86><c_176> :: ids=[2544] :: fam=3d_filament :: SainSmart Clear Flexible TPU 3D Printing Filament, 1.75 mm, 0.8 kg, Dimensional Accuracy +/- 0.05 mm","<a_178><b_154><c_135> :: ids=[1851] :: fam=3d_filament :: HATCHBOX PLA 3D Printer Filament, Dimensional Accuracy +/- 0.03 mm, 1 kg Spool, 1.75 mm, Yellow
<a_178><b_252><c_162> :: ids=[1847] :: fam=3d_filament :: HATCHBOX PLA 3D Printer Filament, Dimensional Accuracy +/- 0.03 mm, 1 kg Spool, 1.75 mm, White
<a_178><b_165><c_148> :: ids=[2507] :: fam=3d_filament :: HATCHBOX PLA 3D Printer Filament, Dimensional Accuracy +/- 0.03 mm, 1 kg Spool, 1.75 mm, Silver
<a_178><b_154><c_141> :: ids=[2472] :: fam=3d_filament :: HATCHBOX ABS 3D Printer Filament, Dimensional Accuracy +/- 0.03 mm, 1 kg Spool, 1.75 mm, Black
<a_178><b_154><c_50> :: ids=[444] :: fam=3d_filament :: HATCHBOX ABS 3D Printer Filament, Dimensional Accuracy +/- 0.03 mm, 1 kg Spool, 1.75 mm, White"
r693_gain_vs_original_at1,4342,3d_filament,1847,"HATCHBOX PLA 3D Printer Filament, Dimensional Accuracy +/- 0.03 mm, 1 kg Spool, 1.75 mm, White",2.0,1.0,hit@10,0,2,"<a_223><b_198><c_114> :: ids=[444] :: fam=3d_filament :: HATCHBOX ABS 3D Printer Filament, Dimensional Accuracy +/- 0.03 mm, 1 kg Spool, 1.75 mm, White
<a_223><b_20><c_170> :: ids=[1847] :: fam=3d_filament :: HATCHBOX PLA 3D Printer Filament, Dimensional Accuracy +/- 0.03 mm, 1 kg Spool, 1.75 mm, White
<a_223><b_198><c_230> :: ids=[1107] :: fam=3d_filament :: HATCHBOX PLA 3D Printer Filament, Dimensional Accuracy +/- 0.03 mm, 1 kg Spool, 1.75 mm, Glow in the Dark
<a_223><b_198><c_6> :: ids=[2472] :: fam=3d_filament :: HATCHBOX ABS 3D Printer Filament, Dimensional Accuracy +/- 0.03 mm, 1 kg Spool, 1.75 mm, Black
<a_223><b_198><c_61> :: ids=[2476] :: fam=3d_filament :: HATCHBOX ABS 3D Printer Filament, Dimensional Accuracy +/- 0.03 mm, 1 kg Spool, 1.75 mm, Transparent White","<a_178><b_252><c_162> :: ids=[1847] :: fam=3d_filament :: HATCHBOX PLA 3D Printer Filament, Dimensional Accuracy +/- 0.03 mm, 1 kg Spool, 1.75 mm, White
<a_178><b_154><c_141> :: ids=[2472] :: fam=3d_filament :: HATCHBOX ABS 3D Printer Filament, Dimensional Accuracy +/- 0.03 mm, 1 kg Spool, 1.75 mm, Black
<a_178><b_154><c_50> :: ids=[444] :: fam=3d_filament :: HATCHBOX ABS 3D Printer Filament, Dimensional Accuracy +/- 0.03 mm, 1 kg Spool, 1.75 mm, White
<a_178><b_165><c_148> :: ids=[2507] :: fam=3d_filament :: HATCHBOX PLA 3D Printer Filament, Dimensional Accuracy +/- 0.03 mm, 1 kg Spool, 1.75 mm, Silver
<a_178><b_165><c_53> :: ids=[50] :: fam=3d_filament :: HATCHBOX PLA 3D Printer Filament, Dimensional Accuracy +/- 0.03 mm, 1 kg Spool, 1.75 mm, Blue"
r693_gain_vs_original_at1,4491,3d_filament,2932,Inland 1.75mm Blue PLA 3D Printer Filament - 1kg Spool (2.2 lbs),7.0,1.0,hit@10,0,1,"<a_158><b_72><c_88> :: ids=[2979] :: fam=3d_filament :: Inland 1.75mm Gray PLA 3D Printer Filament - 1kg Spool (2.2 lbs)
<a_158><b_72><c_232> :: ids=[2734] :: fam=3d_filament :: Inland 1.75mm White PLA 3D Printer Filament - 1kg Spool (2.2 lbs)
<a_158><b_72><c_76> :: ids=[3546] :: fam=3d_filament :: Inland 1.75mm Orange PLA 3D Printer Filament - 1kg Spool (2.2 lbs)
<a_158><b_72><c_220> :: ids=[2718] :: fam=3d_filament :: Inland 1.75mm Pink PLA 3D Printer Filament - 1kg Spool (2.2 lbs)
<a_158><b_72><c_70> :: ids=[2934] :: fam=3d_filament :: Inland 1.75mm Yellow PLA 3D Printer Filament - 1kg Spool (2.2 lbs)","<a_220><b_114><c_145> :: ids=[2932] :: fam=3d_filament :: Inland 1.75mm Blue PLA 3D Printer Filament - 1kg Spool (2.2 lbs)
<a_212><b_17><c_91> :: ids=[2926] :: fam=3d_filament :: HICTOP 5 Pieces 3D Printer Extruder Hotend 1.75mm Nozzle Throat for Reprap Prusa I3
<a_178><b_165><c_148> :: ids=[2507] :: fam=3d_filament :: HATCHBOX PLA 3D Printer Filament, Dimensional Accuracy +/- 0.03 mm, 1 kg Spool, 1.75 mm, Silver
<a_178><b_154><c_135> :: ids=[1851] :: fam=3d_filament :: HATCHBOX PLA 3D Printer Filament, Dimensional Accuracy +/- 0.03 mm, 1 kg Spool, 1.75 mm, Yellow
<a_178><b_230><c_5> :: ids=[3016] :: fam=3d_filament :: HATCHBOX 3D Printer Filament, Dimensional Accuracy +/- 0.03mm, 1.75 mm, 1 kg Spool, Wood"
r693_gain_vs_original_at1,426,gauge_meter,181,"AcuRite 00613 Humidity Monitor with Indoor Thermometer, Digital Hygrometer and Humidity Gauge Indicator",2.0,1.0,hit@10,1,2,"<a_66><b_107><c_142> :: ids=[2172] :: fam=other :: Star brite Outdoor Furniture Cleaner (51932) All-Surface Cleaner Spray - 32 oz
<a_107><b_93><c_0> :: ids=[181, 182] :: fam=gauge_meter :: AcuRite 00613 Humidity Monitor with Indoor Thermometer, Digital Hygrometer and Humidity Gauge Indicator / AcuRite 00613 Humidity Monitor with Indoor Thermometer, Digital Hygrometer
<a_66><b_52><c_56> :: ids=[2267] :: fam=other :: Crest Pro-Health Clinical Gum Protection Invigorating Clean Mint Toothpaste 4 Oz (Pack of 2)
<a_66><b_60><c_74> :: ids=[2299] :: fam=other :: Zep Commercial Acidic Toilet Bowl Cleaner, 32 Ounce
<a_66><b_78><c_36> :: ids=[150] :: fam=other :: Colgate Cavity Protection Toothpaste with Fluoride - 1 ounce (24 Pack)","<a_190><b_103><c_0> :: ids=[181, 182] :: fam=gauge_meter :: AcuRite 00613 Humidity Monitor with Indoor Thermometer, Digital Hygrometer and Humidity Gauge Indicator / AcuRite 00613 Humidity Monitor with Indoor Thermometer, Digital Hygrometer
<a_65><b_6><c_195> :: ids=[45] :: fam=adhesive_epoxy :: Permatex 80050 Clear RTV Silicone Adhesive Sealant, 3 oz
<a_65><b_65><c_103> :: ids=[2153] :: fam=other :: Caulk Gun, ProTouch 0574 A Better caulking System for homeowners. Includes 2 oz. Tube of White siliconized Acrylic Caulk, White_Silicone
<a_77><b_45><c_0> :: ids=[139, 774] :: fam=other :: DuPont Teflon Non-Stick / DuPont Teflon Non-Stick
<a_168><b_92><c_170> :: ids=[280] :: fam=ventilation_fan :: WD-40 Multi-Use Product with SMART STRAW&nbsp;SPRAYS 2 WAYS 8 OZ"
r693_gain_vs_original_at1,1998,gauge_meter,181,"AcuRite 00613 Humidity Monitor with Indoor Thermometer, Digital Hygrometer and Humidity Gauge Indicator",3.0,1.0,hit@10,1,3,"<a_223><b_102><c_158> :: ids=[2063] :: fam=other :: 3Doodler Create 3D Pen with 50 Plastic Strands, No Mess, Non-Toxic -
<a_223><b_132><c_123> :: ids=[3059] :: fam=3d_filament :: Filabot ABS 3D Printing Smoothing Pen
<a_107><b_93><c_0> :: ids=[181, 182] :: fam=gauge_meter :: AcuRite 00613 Humidity Monitor with Indoor Thermometer, Digital Hygrometer and Humidity Gauge Indicator / AcuRite 00613 Humidity Monitor with Indoor Thermometer, Digital Hygrometer
<a_91><b_115><c_103> :: ids=[2151] :: fam=3d_filament :: Signstek 3D Printer MK2 MK3 Heated Bed Tempered Borosilicate Glass Plate 213x200x3mm
<a_223><b_159><c_191> :: ids=[3554] :: fam=3d_filament :: Gizmo Dorks 1.75mm ABS Filament 1kg / 2.2lb for 3D Printers, White","<a_190><b_103><c_0> :: ids=[181, 182] :: fam=gauge_meter :: AcuRite 00613 Humidity Monitor with Indoor Thermometer, Digital Hygrometer and Humidity Gauge Indicator / AcuRite 00613 Humidity Monitor with Indoor Thermometer, Digital Hygrometer
<a_167><b_69><c_233> :: ids=[2151] :: fam=3d_filament :: Signstek 3D Printer MK2 MK3 Heated Bed Tempered Borosilicate Glass Plate 213x200x3mm
<a_190><b_185><c_201> :: ids=[159] :: fam=gauge_meter :: Etekcity Lasergrip 774 Non-contact Digital Laser Infrared Thermometer Temperature Gun -58~ 716 (-50 ~ 380), Yellow and Black
<a_31><b_179><c_201> :: ids=[467] :: fam=tape :: 3M Utility Duct Tape 2929 Silver, 1.88 in x 50 yd 5.8 mils (Pack of 1)
<a_65><b_60><c_28> :: ids=[609] :: fam=other :: Dap 7079812343 Drydex 5.5 Oz 6Pk Raw Building Material, 5.5-Ounce, Pink/White"
r693_gain_vs_original_at1,2004,gauge_meter,1801,"Loos Cableware MS20664C2 Stainless Steel Single Shank Ball for 1/16"" Diameter Wire Rope",4.0,1.0,hit@10,1,1,"<a_224><b_215><c_102> :: ids=[1021] :: fam=tape :: GAVAN M14 x 1.5 Metric Taper and Plug Tap 14mm
<a_104><b_60><c_152> :: ids=[266] :: fam=gauge_meter :: iGaging ABSOLUTE ORIGIN 0-6"" Digital Electronic Caliper - IP54 Protection/Extreme Accuracy
<a_104><b_7><c_204> :: ids=[1870] :: fam=gauge_meter :: iGaging 100-D68 Caliper Depth Base T-Bar Attachment for Dial/Digital/Vernier Calipers, 4"", 6"", 8"", 12
<a_71><b_251><c_254> :: ids=[1801] :: fam=gauge_meter :: Loos Cableware MS20664C2 Stainless Steel Single Shank Ball for 1/16"" Diameter Wire Rope
<a_15><b_215><c_156> :: ids=[2865] :: fam=gauge_meter :: Accugage Rubber Gauge Cover","<a_32><b_115><c_8> :: ids=[1801] :: fam=gauge_meter :: Loos Cableware MS20664C2 Stainless Steel Single Shank Ball for 1/16"" Diameter Wire Rope
<a_32><b_44><c_69> :: ids=[810] :: fam=other :: Koch 002023 1/16 by 500-Feet 7 by 7 Cable, Galvanized
<a_197><b_57><c_113> :: ids=[1870] :: fam=gauge_meter :: iGaging 100-D68 Caliper Depth Base T-Bar Attachment for Dial/Digital/Vernier Calipers, 4"", 6"", 8"", 12
<a_80><b_233><c_186> :: ids=[87] :: fam=other :: Wixey WR510 Digital Planer Readout with Fractions
<a_190><b_103><c_0> :: ids=[181, 182] :: fam=gauge_meter :: AcuRite 00613 Humidity Monitor with Indoor Thermometer, Digital Hygrometer and Humidity Gauge Indicator / AcuRite 00613 Humidity Monitor with Indoor Thermometer, Digital Hygrometer"
r693_gain_vs_original_at1,64,gauge_meter,181,"AcuRite 00613 Humidity Monitor with Indoor Thermometer, Digital Hygrometer and Humidity Gauge Indicator",6.0,1.0,hit@10,0,2,"<a_150><b_137><c_84> :: ids=[853] :: fam=other :: Rubbermaid Professional Plus Heavy-Duty Spray Bottle,32 fl OZ (946ml), (FG6C13PR06)
<a_150><b_14><c_0> :: ids=[385] :: fam=other :: Eclectic Supply B36-24 Cobalt Glass Bottles with Glass Eye Dropper, 1 oz Capacity, Blue (Pack of 24)
<a_17><b_14><c_32> :: ids=[145] :: fam=other :: Marrywindix 6pcs ESD Precision Anti-Static Tweezers, Tweezers Stainless Steel Tweezers with a Bag for Electronics Jewelry-Making Repairing
<a_150><b_137><c_127> :: ids=[2652] :: fam=other :: Member's Mark Commercial Spray Bottles - 32oz 6 pk.
<a_150><b_132><c_2> :: ids=[515] :: fam=other :: Chemical Guys ACC_121.32HD Chemical Resistant Heavy Duty Bottle and Sprayer (32 oz)","<a_190><b_103><c_0> :: ids=[181, 182] :: fam=gauge_meter :: AcuRite 00613 Humidity Monitor with Indoor Thermometer, Digital Hygrometer and Humidity Gauge Indicator / AcuRite 00613 Humidity Monitor with Indoor Thermometer, Digital Hygrometer
<a_69><b_223><c_106> :: ids=[1700] :: fam=gauge_meter :: TS-836A Plug Power Meter Energy Voltage Amps Electricity Usage Monitor,Reduce Your Energy Costs
<a_211><b_154><c_68> :: ids=[513] :: fam=other :: Kimberly-Clark Professional Kimtech Science KimWipes Delicate Task Wipers, 4.4 x 8.4 in. 1-ply
<a_31><b_179><c_201> :: ids=[467] :: fam=tape :: 3M Utility Duct Tape 2929 Silver, 1.88 in x 50 yd 5.8 mils (Pack of 1)
<a_190><b_185><c_201> :: ids=[159] :: fam=gauge_meter :: Etekcity Lasergrip 774 Non-contact Digital Laser Infrared Thermometer Temperature Gun -58~ 716 (-50 ~ 380), Yellow and Black"
r693_gain_vs_original_at1,1020,gauge_meter,181,"AcuRite 00613 Humidity Monitor with Indoor Thermometer, Digital Hygrometer and Humidity Gauge Indicator",4.0,1.0,hit@10,0,0,"<a_197><b_91><c_69> :: ids=[22] :: fam=other :: Eye-Vac EVPRO Tuxedo Black Touchless Stationary Vacuum &ndash; 1400 Watts Professional Vacuum with HEPA Filtration, Bag-less Canister. Floor Care
<a_107><b_90><c_50> :: ids=[338] :: fam=gauge_meter :: Etekcity Lasergrip 1080 Non-Contact Digital Laser Infrared Thermometer Temperature Gun -58~1022 (-50550), Yellow and Black
<a_107><b_90><c_68> :: ids=[159] :: fam=gauge_meter :: Etekcity Lasergrip 774 Non-contact Digital Laser Infrared Thermometer Temperature Gun -58~ 716 (-50 ~ 380), Yellow and Black
<a_107><b_93><c_0> :: ids=[181, 182] :: fam=gauge_meter :: AcuRite 00613 Humidity Monitor with Indoor Thermometer, Digital Hygrometer and Humidity Gauge Indicator / AcuRite 00613 Humidity Monitor with Indoor Thermometer, Digital Hygrometer
<a_24><b_91><c_61> :: ids=[207] :: fam=other :: iRobot Roomba 880 Robot Vacuum","<a_190><b_103><c_0> :: ids=[181, 182] :: fam=gauge_meter :: AcuRite 00613 Humidity Monitor with Indoor Thermometer, Digital Hygrometer and Humidity Gauge Indicator / AcuRite 00613 Humidity Monitor with Indoor Thermometer, Digital Hygrometer
<a_211><b_154><c_68> :: ids=[513] :: fam=other :: Kimberly-Clark Professional Kimtech Science KimWipes Delicate Task Wipers, 4.4 x 8.4 in. 1-ply
<a_114><b_55><c_47> :: ids=[725] :: fam=other :: Bissell Zing Bagged Canister Vacuum, Maroon, 4122 - Corded
<a_190><b_185><c_201> :: ids=[159] :: fam=gauge_meter :: Etekcity Lasergrip 774 Non-contact Digital Laser Infrared Thermometer Temperature Gun -58~ 716 (-50 ~ 380), Yellow and Black
<a_62><b_189><c_33> :: ids=[2572] :: fam=other :: Hoover WindTunnel 3 Pro Pet Bagless Upright Vacuum Cleaner, UH70937"
r693_gain_vs_original_at1,1910,gauge_meter,181,"AcuRite 00613 Humidity Monitor with Indoor Thermometer, Digital Hygrometer and Humidity Gauge Indicator",3.0,1.0,hit@10,0,0,"<a_94><b_166><c_155> :: ids=[560] :: fam=test_strip :: Litmus pH Test Strips, Universal Application (pH 1-14), 2 Packs of 100 Strips
<a_94><b_40><c_0> :: ids=[1955, 3038] :: fam=other :: SEOH 5 Pack Glass Borosilicate Graduated Beakers 50 100 250 600 and 1000ml / SEOH 5 Pack Glass Borosilicate Graduated Beakers 50 100 250 600 and 1000ml
<a_107><b_93><c_0> :: ids=[181, 182] :: fam=gauge_meter :: AcuRite 00613 Humidity Monitor with Indoor Thermometer, Digital Hygrometer and Humidity Gauge Indicator / AcuRite 00613 Humidity Monitor with Indoor Thermometer, Digital Hygrometer
<a_150><b_98><c_251> :: ids=[1482] :: fam=other :: Propylene Glycol 1 Quart - USP - KOSHER - PURE
<a_94><b_235><c_41> :: ids=[1717] :: fam=other :: 250ml Graduated Cylinder, Borosilicate 3.3 Glass, Single Metric Scale, Karter Scientific 213I13 (Single)","<a_190><b_103><c_0> :: ids=[181, 182] :: fam=gauge_meter :: AcuRite 00613 Humidity Monitor with Indoor Thermometer, Digital Hygrometer and Humidity Gauge Indicator / AcuRite 00613 Humidity Monitor with Indoor Thermometer, Digital Hygrometer
<a_190><b_64><c_29> :: ids=[819] :: fam=3d_filament :: Inkbird ITC-1000 Dual Stage Digital Temperature Controller Fahrenheit  Celsius Thermostat with Sensor for 3D Printer,Freezer,Fridge,Hatching ect (12 Volt)
<a_190><b_185><c_201> :: ids=[159] :: fam=gauge_meter :: Etekcity Lasergrip 774 Non-contact Digital Laser Infrared Thermometer Temperature Gun -58~ 716 (-50 ~ 380), Yellow and Black
<a_211><b_154><c_68> :: ids=[513] :: fam=other :: Kimberly-Clark Professional Kimtech Science KimWipes Delicate Task Wipers, 4.4 x 8.4 in. 1-ply
<a_81><b_59><c_141> :: ids=[824] :: fam=other :: 213C2 Karter Scientific Glass Graduated Cylinder 3 Piece Set 10, 50 & 100ml"
r693_gain_vs_original_at1,73,other,1385,ARM & HAMMER Spinbrush Classic Clean Battery Toothbrush,6.0,1.0,hit@10,1,2,"<a_122><b_126><c_5> :: ids=[1568] :: fam=tape :: FiberFix 1"" Repair Tape Wrap - Fix Anything with Permanent Waterproof Repair Tape 100X Stronger than Duct Tape
<a_165><b_59><c_69> :: ids=[675] :: fam=adhesive_epoxy :: J-B Weld 8265S Original Cold-Weld Steel Reinforced Epoxy - 2 oz.
<a_224><b_114><c_148> :: ids=[603] :: fam=fastener :: The Hillman Group 591519 Small Small Wood Screw Assortment, 195-Pack
<a_17><b_91><c_139> :: ids=[220] :: fam=other :: Tach-It B-1 Single Edge Industrial Razor Blade (Pack of 100)
<a_224><b_63><c_1> :: ids=[2046] :: fam=fastener :: Qualihome Drywall and Hollow-wall Anchor Assortment Kit, Anchors, Screws, Wall Anchor Hooks, and Hollow-door Toggle, 112 Pieces","<a_89><b_238><c_216> :: ids=[1385] :: fam=other :: ARM & HAMMER Spinbrush Classic Clean Battery Toothbrush
<a_124><b_153><c_37> :: ids=[675] :: fam=adhesive_epoxy :: J-B Weld 8265S Original Cold-Weld Steel Reinforced Epoxy - 2 oz.
<a_78><b_165><c_1> :: ids=[202] :: fam=adhesive_epoxy :: Loctite Liquid Professional Super Glue  20-Gram Bottle (1365882)
<a_78><b_228><c_74> :: ids=[172] :: fam=adhesive_epoxy :: Gorilla Super Glue Gel, 15 Gram, Clear
<a_190><b_103><c_0> :: ids=[181, 182] :: fam=gauge_meter :: AcuRite 00613 Humidity Monitor with Indoor Thermometer, Digital Hygrometer and Humidity Gauge Indicator / AcuRite 00613 Humidity Monitor with Indoor Thermometer, Digital Hygrometer"
r693_gain_vs_original_at1,303,other,513,"Kimberly-Clark Professional Kimtech Science KimWipes Delicate Task Wipers, 4.4 x 8.4 in. 1-ply",3.0,1.0,hit@10,1,4,"<a_202><b_198><c_218> :: ids=[950] :: fam=tape :: X-Treme Tape TPE-XZLCLR Silicone Rubber Self Fusing Tape, 1"" x 10', Triangular, Clear
<a_202><b_198><c_77> :: ids=[975] :: fam=tape :: X-Treme Tape TPE-XZLB Silicone Rubber Self Fusing Tape, 1"" x 10', Triangular, Black
<a_210><b_12><c_10> :: ids=[513] :: fam=other :: Kimberly-Clark Professional Kimtech Science KimWipes Delicate Task Wipers, 4.4 x 8.4 in. 1-ply
<a_107><b_93><c_0> :: ids=[181, 182] :: fam=gauge_meter :: AcuRite 00613 Humidity Monitor with Indoor Thermometer, Digital Hygrometer and Humidity Gauge Indicator / AcuRite 00613 Humidity Monitor with Indoor Thermometer, Digital Hygrometer
<a_202><b_198><c_76> :: ids=[1373] :: fam=tape :: X-Treme Tape TPE-XZLBRD Silicone Rubber Self Fusing Tape, 1"" x 10', Triangular, Bright Red","<a_211><b_154><c_68> :: ids=[513] :: fam=other :: Kimberly-Clark Professional Kimtech Science KimWipes Delicate Task Wipers, 4.4 x 8.4 in. 1-ply
<a_31><b_171><c_89> :: ids=[2596] :: fam=tape :: X-Treme Tape TPE-XZLYEL Silicone Rubber Self Fusing Tape, 1"" x 10', Triangular, Yellow
<a_31><b_171><c_120> :: ids=[950] :: fam=tape :: X-Treme Tape TPE-XZLCLR Silicone Rubber Self Fusing Tape, 1"" x 10', Triangular, Clear
<a_31><b_171><c_9> :: ids=[450] :: fam=tape :: X-Treme Tape TPE-X36ZLB Silicone Rubber Self Fusing Tape, 1"" x 36', Triangular, Black
<a_31><b_171><c_67> :: ids=[1373] :: fam=tape :: X-Treme Tape TPE-XZLBRD Silicone Rubber Self Fusing Tape, 1"" x 10', Triangular, Bright Red"
r693_gain_vs_original_at1,375,other,1657,AmScope 25pc Assorted Specimen Collection of Prepared Microscope Slides Glass Slide with Storage Case,4.0,1.0,hit@10,0,1,"<a_14><b_246><c_237> :: ids=[1711] :: fam=other :: Heathrow Scientific HD15994G Black Cork Lined 100 Place Microscope Slide Box, 8.25"" Length x 7"" Width x 1.3"" Height
<a_94><b_35><c_31> :: ids=[148] :: fam=other :: Plastic Transfer Pipettes 3ml, Graduated, Pack of 100
<a_236><b_116><c_203> :: ids=[68] :: fam=other :: MLCS 9080 Billy Pedal Foot Switch, Deadman Style
<a_206><b_99><c_1> :: ids=[1657] :: fam=other :: AmScope 25pc Assorted Specimen Collection of Prepared Microscope Slides Glass Slide with Storage Case
<a_17><b_80><c_8> :: ids=[176] :: fam=other :: URBEST 530 Pcs 2:1 Heat Shrink Tubing Tube Sleeving Wrap Cable Wire 5 Color 8 Size","<a_80><b_159><c_31> :: ids=[1657] :: fam=other :: AmScope 25pc Assorted Specimen Collection of Prepared Microscope Slides Glass Slide with Storage Case
<a_118><b_59><c_100> :: ids=[281] :: fam=other :: SE TL10 10-Piece Test Lead Set with Alligator Clips
<a_109><b_114><c_135> :: ids=[176] :: fam=other :: URBEST 530 Pcs 2:1 Heat Shrink Tubing Tube Sleeving Wrap Cable Wire 5 Color 8 Size
<a_115><b_56><c_2> :: ids=[170] :: fam=other :: URBEST 328 Pcs Assorted Heat Shrink Tube 5 Colors 8 Sizes Tubing Wrap Sleeve Set Combo (328PCS)
<a_190><b_185><c_201> :: ids=[159] :: fam=gauge_meter :: Etekcity Lasergrip 774 Non-contact Digital Laser Infrared Thermometer Temperature Gun -58~ 716 (-50 ~ 380), Yellow and Black"
r693_gain_vs_original_at1,495,other,1739,"Aluminum 6061-T6 Seamless Round Tubing, WW-T 700/6, 1/2"" OD, 0.26"" ID, 0.125"" Wall, 24"" Length",2.0,1.0,hit@10,0,1,"<a_228><b_227><c_144> :: ids=[1299] :: fam=adhesive_epoxy :: Uxcell Dual-Wall 3:1 Adhesive Lined Heat Shrink Tubing Sleeving, 4', 3/4
<a_251><b_0><c_39> :: ids=[1739] :: fam=other :: Aluminum 6061-T6 Seamless Round Tubing, WW-T 700/6, 1/2"" OD, 0.26"" ID, 0.125"" Wall, 24"" Length
<a_107><b_93><c_0> :: ids=[181, 182] :: fam=gauge_meter :: AcuRite 00613 Humidity Monitor with Indoor Thermometer, Digital Hygrometer and Humidity Gauge Indicator / AcuRite 00613 Humidity Monitor with Indoor Thermometer, Digital Hygrometer
<a_79><b_185><c_147> :: ids=[1796] :: fam=other :: Ceramic Insulation 1"" x 12"" Piece Improves Performance of Your Hotend
<a_251><b_204><c_255> :: ids=[1318] :: fam=gauge_meter :: Acetal Copolymer Round Rod, Opaque Black, Standard Tolerance, ASTM D6100, 5/8"" Diameter, 1' Length","<a_162><b_112><c_70> :: ids=[1739] :: fam=other :: Aluminum 6061-T6 Seamless Round Tubing, WW-T 700/6, 1/2"" OD, 0.26"" ID, 0.125"" Wall, 24"" Length
<a_166><b_31><c_194> :: ids=[3345] :: fam=connector_fitting :: Red Brass Pipe Fitting, Nipple, Schedule 40 Seamless, 1/4"" NPT Male X 3"" Length
<a_109><b_114><c_135> :: ids=[176] :: fam=other :: URBEST 530 Pcs 2:1 Heat Shrink Tubing Tube Sleeving Wrap Cable Wire 5 Color 8 Size
<a_166><b_31><c_9> :: ids=[101] :: fam=connector_fitting :: Stainless Steel 304/304L Pipe Fitting, Nipple, Schedule 40 Welded, 4"" X 6"" NPT Male by Merit Brass
<a_231><b_198><c_94> :: ids=[800] :: fam=connector_fitting :: Anderson Metals 57001-0402 Brass Hose Fitting, Adapter, 1/4"" Barb x 1/8"" NPT Male Pipe"
r693_gain_vs_original_at1,529,other,1184,"Keeper Foot x 2 Inch 02612 6' x 2"" Lift Sling",12.0,1.0,hit@10,0,1,"<a_107><b_93><c_0> :: ids=[181, 182] :: fam=gauge_meter :: AcuRite 00613 Humidity Monitor with Indoor Thermometer, Digital Hygrometer and Humidity Gauge Indicator / AcuRite 00613 Humidity Monitor with Indoor Thermometer, Digital Hygrometer
<a_71><b_28><c_190> :: ids=[1246] :: fam=other :: Keeper (02604 6' x 1"" Lift Sling, 1 Ply
<a_71><b_93><c_177> :: ids=[3483] :: fam=other :: Keeper Foot x 2 Inch 02626 10' x 2"" Lift Sling
<a_71><b_242><c_21> :: ids=[42] :: fam=connector_fitting :: Precision Brand M6S Micro Seal, Miniature All Stainless Worm Gear Hose Clamp, 5/16"" - 7/8"" (Pack of 10)
<a_24><b_174><c_64> :: ids=[1268] :: fam=other :: Vacmaster 4 Gallon, 5 Peak HP with 2-Stage Industrial Motor Wet/Dry Floor Vacuum, VF408","<a_32><b_253><c_135> :: ids=[1184] :: fam=other :: Keeper Foot x 2 Inch 02612 6' x 2"" Lift Sling
<a_190><b_103><c_0> :: ids=[181, 182] :: fam=gauge_meter :: AcuRite 00613 Humidity Monitor with Indoor Thermometer, Digital Hygrometer and Humidity Gauge Indicator / AcuRite 00613 Humidity Monitor with Indoor Thermometer, Digital Hygrometer
<a_32><b_253><c_152> :: ids=[1246] :: fam=other :: Keeper (02604 6' x 1"" Lift Sling, 1 Ply
<a_211><b_154><c_68> :: ids=[513] :: fam=other :: Kimberly-Clark Professional Kimtech Science KimWipes Delicate Task Wipers, 4.4 x 8.4 in. 1-ply
<a_32><b_253><c_58> :: ids=[3483] :: fam=other :: Keeper Foot x 2 Inch 02626 10' x 2"" Lift Sling"
r693_gain_vs_original_at1,860,other,1255,"SE 82331TF 30-Piece Set of Titanium-Coated Diamond Burrs, Grits 120-150",7.0,1.0,hit@10,0,2,"<a_193><b_113><c_248> :: ids=[1030] :: fam=other :: SE DT220R 180 Grit Diamond Burr Set with 1/8"" Shank, 20-Piece
<a_193><b_30><c_68> :: ids=[1650] :: fam=other :: Tojwi 10X Solid Carbide Carbide Burrs for Rotary Drill Die Grinder Carving Bit Model: 62934
<a_17><b_145><c_1> :: ids=[1056] :: fam=3d_filament :: American Labs BS-144P-200S-22-A 144 Blank Microscope Slides and 200 Cover Glass Pre Cleaned - 2 Packs Ground Edges
<a_193><b_113><c_101> :: ids=[265] :: fam=other :: ZJchao 10 pieces Tungsten Carbide Rotary Burr SET 1/8"" shank [Misc.]
<a_206><b_99><c_1> :: ids=[1657] :: fam=other :: AmScope 25pc Assorted Specimen Collection of Prepared Microscope Slides Glass Slide with Storage Case","<a_92><b_168><c_225> :: ids=[1255] :: fam=other :: SE 82331TF 30-Piece Set of Titanium-Coated Diamond Burrs, Grits 120-150
<a_80><b_159><c_31> :: ids=[1657] :: fam=other :: AmScope 25pc Assorted Specimen Collection of Prepared Microscope Slides Glass Slide with Storage Case
<a_197><b_173><c_161> :: ids=[84] :: fam=gauge_meter :: Neiko 01409A Electronic Digital Caliper with Extra Large LCD Screen | 0 - 12 Inches | Inch/Fractions/Millimeter Conversion
<a_243><b_159><c_162> :: ids=[1125] :: fam=gauge_meter :: 304 Stainless Steel Round Rod, Unpolished (Mill) Finish, Annealed, AMS 5639/ASTM A276/AMS QQ-S 763/ASTM A276, 0.625"" Diameter, 60"" Length
<a_129><b_68><c_172> :: ids=[54] :: fam=metadata_placeholder :: Industrial & Scientific"" />"
r693_gain_vs_original_at1,3687,other,2321,"HM Digital C342 TDS and EC Calibration Solution, 342 ppm (NaCl), 90 ml Volume",2.0,1.0,hit@10,0,2,"<a_107><b_135><c_157> :: ids=[2745] :: fam=other :: HM Digital 1000ppm TDS Calibration Solution
<a_107><b_183><c_251> :: ids=[2321] :: fam=other :: HM Digital C342 TDS and EC Calibration Solution, 342 ppm (NaCl), 90 ml Volume
<a_107><b_93><c_0> :: ids=[181, 182] :: fam=gauge_meter :: AcuRite 00613 Humidity Monitor with Indoor Thermometer, Digital Hygrometer and Humidity Gauge Indicator / AcuRite 00613 Humidity Monitor with Indoor Thermometer, Digital Hygrometer
<a_109><b_74><c_57> :: ids=[218] :: fam=ventilation_fan :: Phresh Duct Silencer 8 in x 24 in
<a_107><b_133><c_57> :: ids=[620] :: fam=gauge_meter :: Nubee Non-Contact Digital Laser Infrared Thermometer Temperature Gun -58 &deg;F - 1022&deg;F(-50&deg;C - 550&deg;C) MAX Display, EMS Adjustable Function, Orange","<a_153><b_100><c_149> :: ids=[2321] :: fam=other :: HM Digital C342 TDS and EC Calibration Solution, 342 ppm (NaCl), 90 ml Volume
<a_190><b_103><c_0> :: ids=[181, 182] :: fam=gauge_meter :: AcuRite 00613 Humidity Monitor with Indoor Thermometer, Digital Hygrometer and Humidity Gauge Indicator / AcuRite 00613 Humidity Monitor with Indoor Thermometer, Digital Hygrometer
<a_35><b_170><c_107> :: ids=[218] :: fam=ventilation_fan :: Phresh Duct Silencer 8 in x 24 in
<a_35><b_85><c_71> :: ids=[2938] :: fam=ventilation_fan :: VenTech VT DUCT-6 VTD625 Aluminum Duct for Ventilation Ducting, 6''
<a_153><b_222><c_166> :: ids=[1834] :: fam=other :: General Hydroponics Ph 7.0 Calibration Solution - 8 Ounces, 1 bottle"
r693_gain_vs_original_at1,343,connector_fitting,226,"Anderson Metals Brass Hose Fitting, Connector, 3/4"" Barb x 3/4"" Male Pipe",2.0,1.0,hit@10,0,2,"<a_107><b_93><c_0> :: ids=[181, 182] :: fam=gauge_meter :: AcuRite 00613 Humidity Monitor with Indoor Thermometer, Digital Hygrometer and Humidity Gauge Indicator / AcuRite 00613 Humidity Monitor with Indoor Thermometer, Digital Hygrometer
<a_108><b_244><c_216> :: ids=[226] :: fam=connector_fitting :: Anderson Metals Brass Hose Fitting, Connector, 3/4"" Barb x 3/4"" Male Pipe
<a_107><b_135><c_157> :: ids=[2745] :: fam=other :: HM Digital 1000ppm TDS Calibration Solution
<a_107><b_133><c_57> :: ids=[620] :: fam=gauge_meter :: Nubee Non-Contact Digital Laser Infrared Thermometer Temperature Gun -58 &deg;F - 1022&deg;F(-50&deg;C - 550&deg;C) MAX Display, EMS Adjustable Function, Orange
<a_108><b_88><c_113> :: ids=[800] :: fam=connector_fitting :: Anderson Metals 57001-0402 Brass Hose Fitting, Adapter, 1/4"" Barb x 1/8"" NPT Male Pipe","<a_231><b_198><c_251> :: ids=[226] :: fam=connector_fitting :: Anderson Metals Brass Hose Fitting, Connector, 3/4"" Barb x 3/4"" Male Pipe
<a_190><b_103><c_0> :: ids=[181, 182] :: fam=gauge_meter :: AcuRite 00613 Humidity Monitor with Indoor Thermometer, Digital Hygrometer and Humidity Gauge Indicator / AcuRite 00613 Humidity Monitor with Indoor Thermometer, Digital Hygrometer
<a_231><b_198><c_94> :: ids=[800] :: fam=connector_fitting :: Anderson Metals 57001-0402 Brass Hose Fitting, Adapter, 1/4"" Barb x 1/8"" NPT Male Pipe
<a_209><b_196><c_135> :: ids=[42] :: fam=connector_fitting :: Precision Brand M6S Micro Seal, Miniature All Stainless Worm Gear Hose Clamp, 5/16"" - 7/8"" (Pack of 10)
<a_181><b_246><c_255> :: ids=[1772] :: fam=connector_fitting :: Dixon Valve HHP2M Brass Fitting, Hex Head Plug, 1/4"" NPT Male"
r693_gain_vs_original_at1,3228,connector_fitting,2104,"Anderson Metals Brass Garden Hose Fitting, Connector, 3/4"" Barb x 3/4"" Male Hose",,1.0,hit@10,0,1,"<a_228><b_113><c_68> :: ids=[152] :: fam=connector_fitting :: Camco 4ft TastePURE Drinking Water Hose - Lead and BPA Free, Reinforced for Maximum Kink Resistance,  1/2""Inner Diameter (22763)
<a_108><b_107><c_125> :: ids=[1768] :: fam=connector_fitting :: Anderson Metals Brass Pipe Fitting, Barstock Street Tee, 1/8"" Female Pipe x 1/8"" Male Pipe x 1/8"" Female Pipe
<a_108><b_215><c_36> :: ids=[1772] :: fam=connector_fitting :: Dixon Valve HHP2M Brass Fitting, Hex Head Plug, 1/4"" NPT Male
<a_108><b_88><c_41> :: ids=[225] :: fam=connector_fitting :: Anderson Metals Brass Hose Fitting, Connector, 5/16"" Barb x 3/8"" Male Pipe
<a_108><b_83><c_114> :: ids=[857] :: fam=other :: Dixon FBVG100 Brass Ball Valve, 1"" NPT Female","<a_231><b_193><c_118> :: ids=[2104] :: fam=connector_fitting :: Anderson Metals Brass Garden Hose Fitting, Connector, 3/4"" Barb x 3/4"" Male Hose
<a_231><b_193><c_110> :: ids=[225] :: fam=connector_fitting :: Anderson Metals Brass Hose Fitting, Connector, 5/16"" Barb x 3/8"" Male Pipe
<a_231><b_33><c_21> :: ids=[689] :: fam=connector_fitting :: Anderson Metals Brass Garden Hose Swivel Fitting, Connector, 1/2"" Barb x 3/4"" Female Hose
<a_231><b_198><c_94> :: ids=[800] :: fam=connector_fitting :: Anderson Metals 57001-0402 Brass Hose Fitting, Adapter, 1/4"" Barb x 1/8"" NPT Male Pipe
<a_231><b_198><c_251> :: ids=[226] :: fam=connector_fitting :: Anderson Metals Brass Hose Fitting, Connector, 3/4"" Barb x 3/4"" Male Pipe"
r693_gain_vs_original_at1,2031,tape,450,"X-Treme Tape TPE-X36ZLB Silicone Rubber Self Fusing Tape, 1"" x 36', Triangular, Black",,1.0,hit@10,0,2,"<a_202><b_198><c_218> :: ids=[950] :: fam=tape :: X-Treme Tape TPE-XZLCLR Silicone Rubber Self Fusing Tape, 1"" x 10', Triangular, Clear
<a_107><b_93><c_0> :: ids=[181, 182] :: fam=gauge_meter :: AcuRite 00613 Humidity Monitor with Indoor Thermometer, Digital Hygrometer and Humidity Gauge Indicator / AcuRite 00613 Humidity Monitor with Indoor Thermometer, Digital Hygrometer
<a_202><b_100><c_73> :: ids=[23] :: fam=tape :: Gardner Bender 07315001126 LTB-400 Liquid Electrical Tape, Easy-on, Waterproof, Indoor/Outdoor Use, 4 Oz. Jar, Black, Bottle
<a_202><b_62><c_182> :: ids=[116] :: fam=tape :: Rescue Tape RT1000201202USCO
<a_104><b_175><c_76> :: ids=[1867] :: fam=tape :: CyberTech Reflective Tape for Optical and Laser Non-Contact Digital Photo Tachometers Tach RPM- 10 strips","<a_31><b_171><c_9> :: ids=[450] :: fam=tape :: X-Treme Tape TPE-X36ZLB Silicone Rubber Self Fusing Tape, 1"" x 36', Triangular, Black
<a_31><b_171><c_67> :: ids=[1373] :: fam=tape :: X-Treme Tape TPE-XZLBRD Silicone Rubber Self Fusing Tape, 1"" x 10', Triangular, Bright Red
<a_31><b_171><c_120> :: ids=[950] :: fam=tape :: X-Treme Tape TPE-XZLCLR Silicone Rubber Self Fusing Tape, 1"" x 10', Triangular, Clear
<a_31><b_171><c_89> :: ids=[2596] :: fam=tape :: X-Treme Tape TPE-XZLYEL Silicone Rubber Self Fusing Tape, 1"" x 10', Triangular, Yellow
<a_31><b_171><c_232> :: ids=[975] :: fam=tape :: X-Treme Tape TPE-XZLB Silicone Rubber Self Fusing Tape, 1"" x 10', Triangular, Black"
r693_gain_vs_original_at1,536,adhesive_epoxy,172,"Gorilla Super Glue Gel, 15 Gram, Clear",16.0,1.0,hit@10,0,1,"<a_165><b_107><c_4> :: ids=[273] :: fam=adhesive_epoxy :: Gorilla Original Gorilla Glue, Waterproof Polyurethane Glue, 2 ounce Bottle, Brown, (Pack of 4)
<a_165><b_107><c_21> :: ids=[272] :: fam=adhesive_epoxy :: Gorilla Original Gorilla Glue, Waterproof Polyurethane Glue, 2 ounce Bottle, Brown
<a_165><b_107><c_20> :: ids=[257] :: fam=adhesive_epoxy :: Gorilla 5000408  Original Gorilla Glue, Waterproof Polyurethane Glue, 4 ounce Bottle, Brown
<a_202><b_52><c_171> :: ids=[130] :: fam=tape :: Gorilla Tape, Black Duct Tape, 1.88"" x 35 yd, Black, (Pack of 1)
<a_122><b_52><c_0> :: ids=[1382, 1788] :: fam=adhesive_epoxy :: Shoe GOO&reg; Adhesive, 3.7 fl oz / Shoe GOO&reg; Adhesive, 3.7 fl oz","<a_78><b_228><c_74> :: ids=[172] :: fam=adhesive_epoxy :: Gorilla Super Glue Gel, 15 Gram, Clear
<a_31><b_89><c_252> :: ids=[130] :: fam=tape :: Gorilla Tape, Black Duct Tape, 1.88"" x 35 yd, Black, (Pack of 1)
<a_78><b_181><c_16> :: ids=[257] :: fam=adhesive_epoxy :: Gorilla 5000408  Original Gorilla Glue, Waterproof Polyurethane Glue, 4 ounce Bottle, Brown
<a_31><b_208><c_41> :: ids=[125] :: fam=tape :: Gorilla 6100101 Tape Handy Roll, 1-Pack, Black
<a_78><b_165><c_1> :: ids=[202] :: fam=adhesive_epoxy :: Loctite Liquid Professional Super Glue  20-Gram Bottle (1365882)"
r693_gain_vs_original_at1,3745,adhesive_epoxy,172,"Gorilla Super Glue Gel, 15 Gram, Clear",5.0,1.0,hit@10,0,0,"<a_165><b_210><c_215> :: ids=[924] :: fam=adhesive_epoxy :: Loctite 234796-6 Super Glue Liquid, 10g Longneck Bottles (Case of 6)
<a_165><b_15><c_16> :: ids=[202] :: fam=adhesive_epoxy :: Loctite Liquid Professional Super Glue  20-Gram Bottle (1365882)
<a_15><b_155><c_49> :: ids=[98] :: fam=metadata_placeholder :: Industrial & Scientific"" />
<a_165><b_59><c_69> :: ids=[675] :: fam=adhesive_epoxy :: J-B Weld 8265S Original Cold-Weld Steel Reinforced Epoxy - 2 oz.
<a_165><b_52><c_74> :: ids=[172] :: fam=adhesive_epoxy :: Gorilla Super Glue Gel, 15 Gram, Clear","<a_78><b_228><c_74> :: ids=[172] :: fam=adhesive_epoxy :: Gorilla Super Glue Gel, 15 Gram, Clear
<a_78><b_165><c_1> :: ids=[202] :: fam=adhesive_epoxy :: Loctite Liquid Professional Super Glue  20-Gram Bottle (1365882)
<a_197><b_173><c_161> :: ids=[84] :: fam=gauge_meter :: Neiko 01409A Electronic Digital Caliper with Extra Large LCD Screen | 0 - 12 Inches | Inch/Fractions/Millimeter Conversion
<a_7><b_141><c_102> :: ids=[1395] :: fam=fastener :: KREG Tools SSW Kreg Screw Selector Wheel. Woodworking
<a_190><b_103><c_0> :: ids=[181, 182] :: fam=gauge_meter :: AcuRite 00613 Humidity Monitor with Indoor Thermometer, Digital Hygrometer and Humidity Gauge Indicator / AcuRite 00613 Humidity Monitor with Indoor Thermometer, Digital Hygrometer"
