variant,l1,size,dominant_family,family_purity,brand_purity,family_counts,sample_titles
original,<a_236>,84,other,0.40476190476190477,0.4166666666666667,other:34; connector_fitting:23; gauge_meter:17; adhesive_epoxy:5; fastener:4; ventilation_fan:1,"SUPCO SPP6 Relay/Capacitor Hard Start Kit with 500% Increase Starting Torque || MLCS 9080 Billy Pedal Foot Switch, Deadman Style || Packard C230B 2 Pole 30 Amp Contactor, 120 Voltage Coil || Georgia-Pacific 53010 Automated Soap and Sanitizer Dispenser, Black (WxDxH) 5.680"" x 5.250"" x 10.750"" (1 Each) || Gardner Bender GSW-17  Electrical Toggle Switch, SPST, ON-OFF, 6 A/120V AC,  Screw Terminal"
original,<a_42>,100,gauge_meter,0.47,0.12,gauge_meter:47; other:30; fastener:19; adhesive_epoxy:4,"Stanley TRA708T Sharpshooter 1/2-Inch Leg Length Staples, Steel (1000 Count) || Stanley TRA708SST 1/2-Inch HD Stainless Steel Narrow Crown Staple || BOSTITCH BT1335B-1M 1-3/8-Inch 18-Gauge Brads, 1000 per Box || BOSTITCH BT1309B-1M 1-Inch 18-Gauge Brads, 1000 per Box || PORTER-CABLE (PBN18075-1) 18 Gauge Brad Nails, 3/4-Inch, 1000-Pack"
original,<a_224>,191,fastener,0.6178010471204188,0.1256544502617801,fastener:118; gauge_meter:39; other:24; connector_fitting:7; adhesive_epoxy:2; 3d_filament:1,"Kreg SML-C125-500 1-1/4-Inch #8 Coarse Pocket Hole Screws with Washer-Head, 500-Pack || Kreg SML-C2-250 Pocket Screws 2-Inch, 8 Coarse, Washer Head, 250 Count || Swordfish 32051 Brass Plated Wood Screw Assortment, 500 Piece || The Hillman Group 591521 Small Flat and Lock Washer Assortment, 270-Pack || Brass Wood Screw, Plain Finish, Flat Head, Slotted Drive, 3/8"" Length, #6 Threads (Pack of 100)"
original,<a_24>,119,other,0.6890756302521008,0.10084033613445378,other:82; gauge_meter:15; fastener:13; adhesive_epoxy:7; connector_fitting:2,"Dico 541-774-21/2 Nyalox Cup Brush 21/2-Inch Grey 80 Grit || Shop-Vac 9064900 2-1/2-to-1-1/2-Inch Conversion Unit || Shark Navigator Lift-Away Professional NV356E || SharkNinja Rocket DeluxePro Ultra-Light Upright Corded Stick Vacuum, Bordeaux || Shop-Vac 2030100 1.5-Gallon 2.0 Peak HP Wet Dry Vacuum, Small, Red/Black"
original,<a_165>,72,adhesive_epoxy,0.875,0.2361111111111111,adhesive_epoxy:63; tape:5; other:2; fastener:1; 3d_filament:1,"Hot Stuff Super T Medium Instant CA Glue, 2oz HST-4 || Loctite 1329837 243 Blue Medium Strength Threadlockers, 0.34 oz., 10 mL, 3/4"" Thread || Gorilla 2 Part Epoxy, 5 Minute Set, .85 ounce Syringe, Clear || Loctite Ultra Gel Control Super Glue 4-Gram (1363589) || Super Glue 15187 Super Glue, 12-Pack"
original,<a_193>,133,other,0.6090225563909775,0.10526315789473684,other:81; gauge_meter:33; adhesive_epoxy:13; fastener:4; tape:1; connector_fitting:1,"PORTER-CABLE 740000801 4 1/2-Inch x 10yd 80 Grit Adhesive-Backed Sanding Roll || Eclipse Quick Release Woodworking Vise, Gray Cast Iron, 9"" Size || PORTER-CABLE 740001201 4 1/2-Inch by 10yd 120 Grit Adhesive-Backed Sanding Roll || Set of Rubber Magnetic Vise Jaws. Protection for your Projects || 4-1/2"" Cut-off Wheels for Metal, for Cutting All Ferrous Metals and Stainless Steel"
original,<a_210>,95,other,0.8210526315789474,0.25263157894736843,other:78; gauge_meter:7; adhesive_epoxy:5; connector_fitting:2; fastener:2; 3d_filament:1,"UltraSource 192033 Hamburger Patty Paper, 5.5"" x 5.5"" (Pack of 1000) || UltraSource 192033 Hamburger Patty Paper, 5.5"" x 5.5"" (Pack of 1000) || Augbunny 100% Cotton 5- by 7-Inch Muslin Bags with Drawstring, 12-Pack || WEN 73002 500-Pound Capacity Service Cart || Rubbermaid Commercial BRUTE Heavy-Duty Round Waste/Utility Container with Venting Channels, 20-gallon, Gray (FG262000GRA"
original,<a_108>,143,connector_fitting,0.45454545454545453,0.18181818181818182,connector_fitting:65; gauge_meter:51; adhesive_epoxy:11; other:10; fastener:4; 3d_filament:2,"Anderson Metals Brass Tube Fitting, Half-Union, 3/8"" Flare x 1/8"" Male Pipe || Neiko 50463A SAE Hydraulic Grease Fitting Kit, 110 Piece | Straight and Angled | 1/4"", 1/8 || Woodstock W1038 4-Inch Quick Connect and Disconnect || Dixon BCN100 Brass Fitting, Hex Nipple, 1"" NPT Male || Stainless Steel 304/304L Pipe Fitting, Nipple, Schedule 40 Welded, 4"" X 6"" NPT Male by Merit Brass"
original,<a_202>,117,tape,0.9401709401709402,0.2222222222222222,tape:110; 3d_filament:7,"Scotch Foil Tape, 2-Inch by 50-Yard || Gardner Bender 07315001126 LTB-400 Liquid Electrical Tape, Easy-on, Waterproof, Indoor/Outdoor Use, 4 Oz. Jar, Black, Bo || Scotch Heavy Duty Shipping Packaging Tape, 3"" Core, 1.88"" x 54.6 Yards, 6-Rolls (3850-6) || Rescue Tape RT1000201202USCO || Gorilla 6100101 Tape Handy Roll, 1-Pack, Black"
original,<a_104>,60,gauge_meter,0.9,0.08333333333333333,gauge_meter:54; other:2; adhesive_epoxy:1; tape:1; fastener:1; 3d_filament:1,"T&Uuml;RLEN DIAL INDICATOR 0-1"" AGD SPEC 0.001"" w/LUG BACK || Wixey WR300 Digital Angle Gauge || T&uuml;rlen Precision TEST DIAL INDICATOR 7 JEWELS .0005"" 0-15-0 || Anytime Tools Dial Caliper 6"" / 150mm DUAL Reading Scale METRIC SAE Standard INCH MM || Brown & Sharpe 599-792-30 Adjustable Spring Tensioned Tap Guide"
original,<a_211>,45,gauge_meter,0.4888888888888889,0.26666666666666666,gauge_meter:22; other:13; connector_fitting:8; adhesive_epoxy:2,"Amprobe TL36A Test Leads with Alligator Clips, 1000V || SE TL10 10-Piece Test Lead Set with Alligator Clips || Fluke TP1 Slim-Reach Flat Blade Test Probe with Stainless Steel Tip, 1000V Voltage, 10A Current || Vktech 5pcs 2M Waterproof Digital Temperature Temp Sensor Probe DS18b20 || VicTsing RJ45 RJ11 Cable Tester Network LAN Ethernet Phone Telephone Cable Tester Wire Tracker Scanning Device Wire Meas"
original,<a_180>,81,other,0.6049382716049383,0.06172839506172839,other:49; gauge_meter:27; fastener:2; connector_fitting:1; adhesive_epoxy:1; tape:1,"Titan Tools 11185 Telescoping Inspection Mirror || Osborn International 75116SP Steel File Card, 3-3/4"" Brush Area Length || Fantronics 7mm Android Endoscope OTG Micro USB Endoscope Waterproof Borescopes Inspection Camera with 6 LED and 3.5M Cab || First Aid Only Scissors & Metal Forcep Pack || Solar Eclipse SE001CAM Wall and Pipe Inspection Camera with 2.4"" Color LCD Monitor"
original,<a_197>,60,gauge_meter,0.31666666666666665,0.06666666666666667,gauge_meter:19; other:14; adhesive_epoxy:12; fastener:7; 3d_filament:4; tape:2,"Eye-Vac EVPRO Tuxedo Black Touchless Stationary Vacuum &ndash; 1400 Watts Professional Vacuum with HEPA Filtration, Bag- || Wixey WR510 Digital Planer Readout with Fractions || Bercom BER-2520-CT INC 6PK Handy 2520-CT Paint Pail Liners, 6-Count, Clear || DuPont Teflon Non-Stick || Gorilla Glue Adhesive, 2-Ounces #50001"
original,<a_150>,116,other,0.6293103448275862,0.06896551724137931,other:73; gauge_meter:16; fastener:15; adhesive_epoxy:11; connector_fitting:1,"Wine Yeast Red Star Premier Classique Formerly Montrachet For Wine Making x10 || A World Of Deals 1 oz. Non-Sterile Graduated Plastic Medicine Cups, 100 Piece || Bentonite - 8 oz. || Science Purchase Disposable Luer-Slip Tip 3mL Syringe, Sterile without Needle, 100 Count || 5 Ml Amber Glass Bottle W/euro Dropper. Black Cap. 12 Pack"
original,<a_23>,50,other,0.38,0.36,other:19; connector_fitting:11; gauge_meter:11; fastener:5; adhesive_epoxy:3; 3d_filament:1,"Uxcell a11060700ux0191 RG6 F-Type Coax Coaxial Cable RF Connector Male (Pack of 5) || Uxcell a14092200ux1053 LED Pilot Light Panel Indicator (Pack of 3) || kingsmart Anti Static ESD Wrist Strap Discharge Band Grounding || Nilight GA0005 Holder TAP Adapter Mini ATM APM Blade Fuse Holder-10 Pack || Koch 015021 Cable, 7 by 7 Construction, Trade Size 1/16 by 125 Feet, Stainless Steel"
original,<a_99>,32,adhesive_epoxy,0.6875,0.21875,adhesive_epoxy:22; other:9; fastener:1,"System Three 1100K16 T-88 Kit, 1 quart Bottle, Amber || 3M Vetbond Tissue Adhesive, 3ml Bottles w/MSDS || Gorilla 7500101 07221000673 Glue Brush & Nozzle, 1-Pack, Clear || Rockler Silicone Mini Glue Brush, 2-Pack || 3M 08946 Clear Silicone Paste - 8 oz."
original,<a_159>,52,other,0.4807692307692308,0.09615384615384616,other:25; fastener:10; gauge_meter:9; connector_fitting:4; adhesive_epoxy:4,"Ludell 11604 High Grade Steel Splitting Wedge, 4lb || Jumbo 51pc Drum Sanding Kit - Fits Dremel - Includes Rubber Drum Mandrels - 1/2, 3/8 & 1/4 || PSI LCENTLT2 No. 2MT Heavy Duty Live Tailstock Center || 25-Pack 7/64"" Stainless Steel Screw Eye Rings || Bulldog 131525 Multi-Screwdriver Holder Peg Hook"
original,<a_206>,60,other,0.4166666666666667,0.05,other:25; tape:12; gauge_meter:10; adhesive_epoxy:8; fastener:2; connector_fitting:2,"Racor LDL-1B Ladder Lift || Eagle 1654 Yellow Blow-Molded HDPE Salvage Drum with Metal Ring Lever-Lock Lid, 20 gallon Capacity, 21"" Height, 21"" Diam || RapidFix Dual Adhesive System, 25 mL,Boss Products USA,RFX7121100,RFX7121101"" /> || Gorilla Gripper 44010 Panel Carrier || High Temperature Heat Resistant Tape Sublimation Tape Koptan Tape 2 Rolls 10mm X 33m 100ft"
original,<a_173>,64,other,0.609375,0.15625,other:39; gauge_meter:8; adhesive_epoxy:8; fastener:7; connector_fitting:2,"Forney 20859 Cutting Fluid, Industrial Pro Tap Magic, 1-Gallon || POR-15 40204 Metal Prep - 1 quart || CRC 5037 White Lithium Grease - 10 Wt Oz. || Hot Max 27050 Tap Magic Cutting Fluid, 4 oz. || Rust Bullet MB24SP Metal Blast Rust Treatment and Rust Remover, 24 oz. Spray Bottle, Clear Liquid"
original,<a_71>,118,other,0.5169491525423728,0.0847457627118644,other:61; fastener:26; gauge_meter:21; adhesive_epoxy:8; connector_fitting:2,"Precision Brand M6S Micro Seal, Miniature All Stainless Worm Gear Hose Clamp, 5/16"" - 7/8"" (Pack of 10) || South Main Hardware 810180, 12'/1"""", Silver Lashing Strap (2 Pack) || Master Lock Strap, 12 ft. Long Lashing Strap, 3060DAT (Pack of 2) || ZING 6063 RecycLockout Mini Lockout Station - Stocked || KNAPE & VOGT 208TI550 Hardware Brackets"
original,<a_87>,71,other,0.5211267605633803,0.07042253521126761,other:37; gauge_meter:17; fastener:10; adhesive_epoxy:4; connector_fitting:3,"4 Pack Caster Wheels Swivel Plate Stem Brake Casters On Red Polyurethane Wheels (4 inch with brake) || RhinoGear 11909ABMI RhinoRamps Vehicle Ramp - Set of 2 (12,000lb. GVW Capacity) || Vestil FWD-1824-3R Fiberwood Dolly with 3"" Rubber Casters, 800 lbs Capacity, 23-3/4"" Length x 17-7/8"" Width x 4-11/16"" H || MegaDeal AC201710300001 12 Pack 2"" Swivel Caster Wheels Rubber Base with Top Plate & Bearing Heavy Duty || Alltrade 640912 Black 3 Ton,All-in-One Bottle Jack"
original,<a_244>,72,adhesive_epoxy,0.7777777777777778,0.2361111111111111,adhesive_epoxy:56; tape:7; other:5; fastener:2; gauge_meter:1; 3d_filament:1,"Permatex 51813 Anaerobic Gasket Maker, 50 ml Tube || Permatex 80050 Clear RTV Silicone Adhesive Sealant, 3 oz || Loctite 2-In-1 All Purpose Adhesive Caulk, 10 Ounce Cartridge, Clear (1936462) || Oatey 30246 PVC Regular Cement and 4-Ounce NSF Purple Primer Handy Pack, 4 oz || Rutland Products 76C 500-Degree RTV High Heat Silicone Seal, 10.3-Ounce Cartridge, Clear"
original,<a_158>,109,other,0.44036697247706424,0.1651376146788991,other:48; 3d_filament:40; gauge_meter:9; connector_fitting:7; ventilation_fan:3; fastener:2,"New 12V 5A 12V 19mm Red LED Momentary Push Button Metal Switch Car Boat Speakers Bells Horn || Caster Classics 2-inch Low Profile HD Rubber Wheel Plate Casters - 4-Pack || Workbench Caster Kit 4 Pack || VIVOSUN 4 inch Inline Duct Booster Fan 100 CFM, Low Noise & Extra Long 5.5' Grounded Power Cord || HDE RJ45 RJ11 RJ12 Cat5 Cat6 UTP Network Cable Tester for LAN Phone Wire Test Tool"
original,<a_91>,72,3d_filament,0.4583333333333333,0.08333333333333333,3d_filament:33; other:27; gauge_meter:5; adhesive_epoxy:3; connector_fitting:2; fastener:1,"Geeetech I3 Pro C, Dual Extruder,double Head,reprap Pursa I3 3d Printer,two-color Printing, High Resolution || XYZprinting da Vinci 1.0 AiO All-in-One 3D Printer (Scan/Edit/Print) || Octave Tool Kit A for 3D Printer || da Vinci 1.0 3D Printer - 7.8"" x 7.8"" x 7.8"" Built Volume (Fully Enclosed Design for ABS/PLA/Flexible Material) || [Open Resin] XYZprinting Nobel 1.0 SLA 3D Printer (Included FREE Resin, FREE Printing Platform & Tank)"
original,<a_223>,247,3d_filament,0.9473684210526315,0.2631578947368421,3d_filament:234; other:6; fastener:4; gauge_meter:2; tape:1,"HATCHBOX PLA 3D Printer Filament, Dimensional Accuracy +/- 0.03 mm, 1 kg Spool, 1.75 mm, Blue || HATCHBOX 1 Spool 3D Printer Filament Tabletop Wall Mount Rack || HATCHBOX Glow in the Dark PLA 3D Printer Filament, Dimension Accuracy +/-0.03 mm, 1 kg Spool, 1.75 mm - Blue || USAFilament 9800429 ABS 3D Printing Filament, 2.2 lb, 1.75 mm, White Spool || HATCHBOX PLA 3D Printer Filament, Dimensional Accuracy +/- 0.03 mm, 1 kg Spool, 1.75 mm, Green"
original,<a_15>,31,gauge_meter,0.5161290322580645,0.0967741935483871,gauge_meter:16; other:9; fastener:5; 3d_filament:1,"Industrial & Scientific"" /> || Industrial & Scientific"" /> || Industrial & Scientific"" /> || Industrial & Scientific"" /> || Industrial & Scientific"" />"
original,<a_67>,119,gauge_meter,0.5126050420168067,0.15126050420168066,gauge_meter:61; connector_fitting:42; adhesive_epoxy:13; fastener:1; tape:1; other:1,"American Terminal E-FFR250N-100 22/18-Gauge Economy Nylon Fully-Insulated Female Quick Disconnects || Wago Wire Connector 600 V Clear 4 Conductor 100 / Box || Arlington LPCG50-1 Low-Profile Strain Relief Cord Connector, 1/2 Inch || HOODDEAL 50pcs Waterproof Solder Seal Heat Shrink Butt Connectors with Soldering Sleeve || Yueton 100pcs Female Fully Insulated Wire Crimp Terminal Nylon Quick Connectors Wiring Spade"
original,<a_36>,54,gauge_meter,0.5740740740740741,0.09259259259259259,gauge_meter:31; other:9; connector_fitting:7; 3d_filament:4; fastener:2; adhesive_epoxy:1,"B&K Precision 879B Dual Display Handheld Deluxe Universal LCR Meter with Backlit Display || Fluke 1AC-A1-II VoltAlert Non-Contact Voltage Tester || URBEST Digital PH Meter, Black || Honeytek A6013L Capacitor Tester || Uni-T B4Q094 UT210E True RMS AC/DC Current Mini Clamp M W Capacitance Tester"
original,<a_17>,99,other,0.5656565656565656,0.24242424242424243,other:56; gauge_meter:29; fastener:7; connector_fitting:3; tape:1; adhesive_epoxy:1,"W1 Tool Steel Round Rod, Polished Finish, Precision Ground, Annealed, 0.0625"" Diameter, 36"" Length || Metronic 12 inch Impulse Bag Sealer Poly Bag Sealing Machine Heat Seal Closer with Repair Kit(12 inch) || Wixey WR300 Type 2 Digital Angle Gauge with Backlight&hellip; || Stainless Steel Tumbling Media Pins - 0.047"" Diameter, 0.255"" Length (5 lb Pack) || Polycarbonate (PC) Sheet, Transparent Clear, Standard Tolerance, ASTM D3935, 0.093"" Thickness, 12"" Width, 24"" Length"
original,<a_44>,65,other,0.8153846153846154,0.16923076923076924,other:53; gauge_meter:6; adhesive_epoxy:4; fastener:2,"Spectra 360 Electrode Gel - Parker Laboratories - 60g (2oz) Tube - (Pack of 3) || SafeTouch Nitrile Exam Gloves, Non Latex, Powder Free, Small, 100/Box || Dynarex 2201 Medical Surgical Face Masks (Pack of 50) || Nitrile Exam Glove (non-latex) PF Medium Blue 100/BX || PhysiciansCare by First Aid Only by First Aid Only 90293 First Aid Titanium Non Stick Bandage Shears, 7"" Bent, Blue"
original,<a_228>,96,gauge_meter,0.6041666666666666,0.125,gauge_meter:58; other:22; adhesive_epoxy:10; connector_fitting:4; tape:2,"White SiliconeTubing, 1/2""ID, 3/4""OD, 1/8""Wall, 25' Length || White SiliconeTubing, 3/16""ID, 1/4""OD, 1/32"" Wall, 10' Length || LDR Industries 516 B1210 Nylon Tubing, 1/2"" x 10', Clear || Camco 4ft TastePURE Drinking Water Hose - Lead and BPA Free, Reinforced for Maximum Kink Resistance,  1/2""Inner Diameter || URBEST 328 Pcs Assorted Heat Shrink Tube 5 Colors 8 Sizes Tubing Wrap Sleeve Set Combo (328PCS)"
original,<a_73>,114,other,0.5,0.32456140350877194,other:57; connector_fitting:24; gauge_meter:19; fastener:7; adhesive_epoxy:6; 3d_filament:1,"uxcell 5 Pcs Dual Row 4 Position Covered Screw Terminal Strip 600V 25A || LEDMart(tm) 50w LED Flood Light (2) Cool White Lamp Landscape Outdoor Waterproof 90-240v, 120 Degree Beam Angle (2) || SA180 Adhesive Standoffs, 24 Pack, 0.180"" Height, Offset 0.6x0.6"" Base, Fits 0.125"" PCB Hole || Z&T Solderless Flexible Breadboard Jumper Wires M/M 100pcs || Uxcell a10073000ux0031 2 Pcs 8 Position Double Row Screw Terminal Covered Barrier Strip 600V 25A"
original,<a_94>,111,other,0.6486486486486487,0.22522522522522523,other:72; gauge_meter:29; test_strip:5; adhesive_epoxy:2; fastener:2; connector_fitting:1,"1 X Hydrometer - Triple Scale || Plastic Transfer Pipettes 3ml, Graduated, Pack of 100 || Plastic Transfer Pipettes 3ml Graduated Pack of 100 || SEOH GLASS FUNNEL Neutral glass 100 mm 100 mm stem || Karter Scientific 213A2 Borosilicate Glass Low Form Glass Beaker, 50/100/250/500/1000 mL (Pack of 5)"
original,<a_251>,92,gauge_meter,0.5543478260869565,0.2826086956521739,gauge_meter:51; other:36; adhesive_epoxy:3; fastener:2,"Stainless Steel 304L Welded Round Tubing, 2"" OD, 1.93"" ID, 0.035"" Wall, 36"" Length || Applied Magnets 2-pc, 1.5"" Strong NdFeB Neodymium Cup Magnet with Countersunk Hole. || 110 Copper Rectangular Bar, Unpolished (Mill) Finish, H04 Temper, ASTM B187, 1/4"" Thickness, 2"" Width, 36"" Length || 6061 Aluminum Rectangular Bar, Unpolished (Mill) Finish, Extruded, T6511 Temper, ASTM B221, 1/8"" Thickness, 1"" Width, 36 || 6101 Aluminum Rectangular Bar, Unpolished (Mill) Finish, T61 Temper, ASTM B317, 1/4"" Thickness, 2"" Width, 12"" Length"
original,<a_14>,39,other,0.6666666666666666,0.07692307692307693,other:26; gauge_meter:5; fastener:5; connector_fitting:2; 3d_filament:1,"#10 Solid Rubber Stopper || Polar Ice PI125200CT 125 Count Plastic Jello Shot Cups with Lids, 2-Ounce || Learning Resources Skeleton Model || 5 Gallon Plastic Hedpack with cap || CB 7101S1 72-Pieces Blank Microscope Slides & 100-Pieces Square Cover Glass"
original,<a_79>,60,other,0.38333333333333336,0.15,other:23; tape:17; adhesive_epoxy:13; 3d_filament:3; gauge_meter:2; fastener:2,"Mist Coolant Lubrication Spray System For 8mm Air Pipe CNC Lathe Milling Drill || 3M High Temperature Flue Tape, 15-Foot Roll || LASCO 11-1033 PTFE Pipe Sealant Tape, 1/2-Inch x 100-Inch, White || MG Chemicals Liquid Tin, 475 ml Bottle || KYDEX V Sheet - 0.028"" Thick, Black, 12&rdquo;x12&rdquo; Nominal"
original,<a_233>,20,tape,0.5,0.1,tape:10; adhesive_epoxy:8; fastener:1; 3d_filament:1,"Industrial & Scientific"" /> || RH Adhesives HH-66 Industrial Strength Vinyl Cement Glue with Brush, 8 oz, Clear || RH Adhesives Br, HH-66 PVC 4 oz Vinyl Cement Glue with Brush || Hosa GFT-450BK BULK 3"" x 180' Gaffer Tape, Black || 3M Tape Primer 94 1/2 Pint 8oz For Vinyl Di-Noc"
original,<a_229>,36,gauge_meter,0.5,0.1388888888888889,gauge_meter:18; other:15; adhesive_epoxy:2; 3d_filament:1,"Vintage Shop PW-COIA-QACH Hydrometer 12"" Test Jar with Removable Base || PneumaticPlus PSL15-160 Pressure Gauge, Lower Mount, 1-1/2"" Dial, 0-160 PSI, 1/8"" NPT || Marine Sextant, Davis || American Weigh Scales 200WGT Carbon Steel 200gm Calibration Weight Scale with Chrome Finish || E-Z Red S102 Anti-Freeze Hydrometer"
original,<a_107>,66,gauge_meter,0.803030303030303,0.12121212121212122,gauge_meter:53; other:7; adhesive_epoxy:2; fastener:2; connector_fitting:1; test_strip:1,"Magnum Media DUAL SCALE 0-32% Brix and 1.000-1.130SG Wort Refractometer RSG-100ATC Beer Home Brew || Etekcity Lasergrip 774 Non-contact Digital Laser Infrared Thermometer Temperature Gun -58~ 716 (-50 ~ 380), Yellow and B || Masione Temperature Gun Non-contact Digital Laser Infrared Ir Thermometer -58&deg;f to 716&deg;f (-50 ~ 380) Instant-rea || AcuRite 00613 Humidity Monitor with Indoor Thermometer, Digital Hygrometer and Humidity Gauge Indicator || AcuRite 00613 Humidity Monitor with Indoor Thermometer, Digital Hygrometer and Humidity Gauge Indicator"
original,<a_52>,28,other,0.6428571428571429,0.10714285714285714,other:18; gauge_meter:7; connector_fitting:1; adhesive_epoxy:1; fastener:1,"Enkay 150 Carded Polishing Compound Kit, 4 Piece || Graham Conderser Kit || Medline DYND70102H Enema Bag Sets || 5lb co2 Tank- New Aluminum Cylinder with CGA320 Valve || Pro Series 1400750340 6"" Caster"
original,<a_122>,35,tape,0.4,0.11428571428571428,tape:14; adhesive_epoxy:10; other:7; 3d_filament:3; gauge_meter:1,"GT-5000 (3 strips) Grip Tape for guns, cell phones, cameras, knives, tools - makes anything""Grippy"". || Shoreline Marine GOOP, 3.7-Ounce, Clear || Rothco Duct Tape || Angel Premium TENS/EMS Unit 40 Electrode Pads 2""x2"" in. Reusable Self Stick Gel Carbon Electrodes || Rust-Oleum 278146 NeverWet 11-Ounce Outdoor Fabric Spray, Clear"
original,<a_68>,67,other,0.40298507462686567,0.16417910447761194,other:27; tape:17; adhesive_epoxy:11; fastener:7; gauge_meter:5,"3M Dual Lock Reclosable Fastener TB3561/TB3562 400/170 Clear 1 in x 10 ft (1 Mated Strip/Bag) || Monoprice Hook & Loop Fastening Tape 5 yard/roll, 0.75-inch - Blue (105830) || Avery Shipping Tags, Reinforced Hole, Manila, 4.75 x 2.375 Inches, Pack of 100 (11011) || 3M Safety Stripe Tape 5702 Black/Yellow, 1 in x 36 yd 5.4 mil, Conveniently Packaged (Pack of 1) || 3M Dual Lock Reclosable Fastener TB3551/TB3552 400/170 Black 1 in x 10 ft (1 Mated Strip/Bag)"
original,<a_66>,40,other,0.775,0.25,other:31; fastener:3; adhesive_epoxy:3; gauge_meter:2; test_strip:1,"Colgate Cavity Protection Toothpaste with Fluoride - 1 ounce (24 Pack) || Colgate Optic White Whitening Toothpaste, Sparkling White - 0.85 ounce (Case of 24) || Colgate Optic White Whitening Toothpaste, Sparkling Mint - 5 ounce (6 Pack) || Arm & Hammer Peroxicare Deep Clean Toothpaste, 6 oz (Packaging May Vary) || ECO-DENT DailyCare Original Mint Toothpowder"
original,<a_153>,17,gauge_meter,0.5882352941176471,0.17647058823529413,gauge_meter:10; other:5; fastener:2,"RADEX RD1503+ w/o dosimeter: High accuracy Geiger counter, radiation detector (English) || Uranium Ore || RADEX RD1212 Advanced Radiation Detector/Geiger Counter with Online Software || DEFRSMVT - SATE-LITE RSMVT Slow-Moving Vehicle Triangle || RADEX RD1503+ Safety PRO with Dosimeter: high accuracy geiger counter, radiation detector"
original,<a_109>,40,other,0.425,0.05,other:17; fastener:9; adhesive_epoxy:5; ventilation_fan:5; gauge_meter:4,"Phresh Duct Silencer 8 in x 24 in || Genie 34107R.S Screw Drive Carriage || Westek SW103CT Outdoor Swivel Photo Control || Replacement Filter Fits Shop Vac 90304 || KitchenAid KSM8990WH 8-Quart Commercial Countertop Mixer, 10-Speed, Gear-Driven, White"
original,<a_170>,25,other,0.56,0.12,other:14; tape:4; adhesive_epoxy:3; gauge_meter:2; connector_fitting:1; fastener:1,"Mill-Rose 70887 Blue Monster PTFE Pipe Thread Sealant Tape, 1-Inch x 1429-Inches, Blue || Millrose 70660 Monster Roll PTFE Thread Seal Tape, 1/2-Inch x 260-Inch, Blue || Dicor BT-1834-1 1/8"" x 3/4"" x 30' Butyl Seal Tape || Sponge Neoprene 1/8"" Thick X 54"" Wide X 1&#39; || LA-CO Plumbset Professional Plumbers' Putty, 5 lbs"
original,<a_30>,68,other,0.6470588235294118,0.10294117647058823,other:44; gauge_meter:11; connector_fitting:4; 3d_filament:4; fastener:4; tape:1,"Texas Instruments NE555N NE555 NE555P General Purpose Single Bipolar Timer DIP8 50 Pack || Parts Express 3A Variable Transformer AC Power 0-130 VAC || DAOKI 10PCS Digital DC 5V Amplifier Board Class D 23W USB Power Mini PAM8403 Audio Module || KORAD KA3005P - Programmable Precision Variable Adjustable 30V, 5A DC Linear Power Supply Digital Regulated Lab Grade || AKOAK 15amp Diode Axial Schottky Blocking Diodes for Solar Cells Panel,15SQ045 Schottky(20Pcs)"
original,<a_117>,1,adhesive_epoxy,1.0,1.0,adhesive_epoxy:1,Devcon Epoxy Bathtub Repair Kit (Almond & White)
l3_collab,<a_176>,33,gauge_meter,0.42424242424242425,0.15151515151515152,gauge_meter:14; other:13; fastener:3; adhesive_epoxy:2; ventilation_fan:1,"SUPCO SPP6 Relay/Capacitor Hard Start Kit with 500% Increase Starting Torque || Fantronics 7mm Android Endoscope OTG Micro USB Endoscope Waterproof Borescopes Inspection Camera with 6 LED and 3.5M Cab || Solar Eclipse SE001CAM Wall and Pipe Inspection Camera with 2.4"" Color LCD Monitor || Westek SW103CT Outdoor Swivel Photo Control || GCA 5.5mm Diameter USB Waterproof 6 Led Endoscope Borescope Inspection Wire"
l3_collab,<a_14>,40,fastener,0.5,0.15,fastener:20; gauge_meter:11; other:8; adhesive_epoxy:1,"Stanley TRA708T Sharpshooter 1/2-Inch Leg Length Staples, Steel (1000 Count) || GREX P6/MP-3 23 Gauge Multi-Pack Headless Pins (3,000 per box) || Stanley TRA700BN Heavy-Duty Staple & Brad Assortment, 2500-Pack || General Tools 1261-4 1/2-Inch Grommet Refill with 24 Grommets || Arrow Fastener 508IP Genuine T50 1/2-Inch Staples, 5,000-Pack"
l3_collab,<a_125>,104,gauge_meter,0.4807692307692308,0.125,gauge_meter:50; fastener:40; other:10; adhesive_epoxy:3; 3d_filament:1,"Stanley TRA708SST 1/2-Inch HD Stainless Steel Narrow Crown Staple || Kreg SML-C125-500 1-1/4-Inch #8 Coarse Pocket Hole Screws with Washer-Head, 500-Pack || Kreg SML-C2-250 Pocket Screws 2-Inch, 8 Coarse, Washer Head, 250 Count || BOSTITCH BT1335B-1M 1-3/8-Inch 18-Gauge Brads, 1000 per Box || BOSTITCH BT1309B-1M 1-Inch 18-Gauge Brads, 1000 per Box"
l3_collab,<a_112>,58,other,0.5862068965517241,0.15517241379310345,other:34; gauge_meter:14; adhesive_epoxy:7; fastener:2; connector_fitting:1,"Dico 541-774-21/2 Nyalox Cup Brush 21/2-Inch Grey 80 Grit || Brush Research FLEX-HONE Cylinder Hone, GB Series, Silicon Carbide Abrasive, 3-1/4"" (83 mm) Diameter, 240 Grit Size || Red Devil 0325 Steel Wool, 2 Medium Course, 8 Pads || Rubbermaid Commercial Sanded Wood Handle with TapeRed Tip, 60-Inch Length, Natural (FG636200NAT) || Carlisle 3621962414 Sweep Complete Aluminum Handle Floor Sweep with Squeegee, Plastic Bristles, 24"" Length, 3"" Bristle T"
l3_collab,<a_160>,60,adhesive_epoxy,0.8666666666666667,0.18333333333333332,adhesive_epoxy:52; tape:5; fastener:1; 3d_filament:1; other:1,"Hot Stuff Super T Medium Instant CA Glue, 2oz HST-4 || Gorilla 2 Part Epoxy, 5 Minute Set, .85 ounce Syringe, Clear || Loctite Ultra Gel Control Super Glue 4-Gram (1363589) || Super Glue 15187 Super Glue, 12-Pack || Gorilla Original Gorilla Glue, Waterproof Polyurethane Glue, 8 ounce Bottle, Brown"
l3_collab,<a_65>,62,other,0.6129032258064516,0.20967741935483872,other:38; gauge_meter:12; adhesive_epoxy:9; fastener:2; connector_fitting:1,"PORTER-CABLE 740000801 4 1/2-Inch x 10yd 80 Grit Adhesive-Backed Sanding Roll || PORTER-CABLE 740001201 4 1/2-Inch by 10yd 120 Grit Adhesive-Backed Sanding Roll || 4-1/2"" Cut-off Wheels for Metal, for Cutting All Ferrous Metals and Stainless Steel || Dremel EZ407SA EZ Drum Sanding Band and Mandrel || United Abrasives-SAIT 20063 Type 27 4-1/2-Inch x 1/4-Inch x 7/8-Inch Grade A24R Long Life Depressed Center Grinding Whee"
l3_collab,<a_171>,48,other,0.9791666666666666,0.22916666666666666,other:47; gauge_meter:1,"UltraSource 192033 Hamburger Patty Paper, 5.5"" x 5.5"" (Pack of 1000) || UltraSource 192033 Hamburger Patty Paper, 5.5"" x 5.5"" (Pack of 1000) || Augbunny 100% Cotton 5- by 7-Inch Muslin Bags with Drawstring, 12-Pack || Silica Gel Desiccants 2-1/4 x 1 1/2 Inches - 25 Silica Gel Packets of 10 Grams Each by Dry-Packs || Ultrasac Platinum ULP 013009065 &ndash; Single Kitchen Drawstring Trash Bags, 13 gal, Tall (Pack of 65)"
l3_collab,<a_131>,73,connector_fitting,0.6164383561643836,0.3561643835616438,connector_fitting:45; gauge_meter:22; other:4; adhesive_epoxy:2,"Anderson Metals Brass Tube Fitting, Half-Union, 3/8"" Flare x 1/8"" Male Pipe || Dixon BCN100 Brass Fitting, Hex Nipple, 1"" NPT Male || Stainless Steel 304/304L Pipe Fitting, Nipple, Schedule 40 Welded, 4"" X 6"" NPT Male by Merit Brass || Spears 1407 Series PVC Tube Fitting, 90 Degree Elbow, Schedule 40, Gray, 1-1/4"" Barbed x NPT Female || Anderson Metals Brass Hose Fitting, Connector, 5/16"" Barb x 3/8"" Male Pipe"
l3_collab,<a_39>,56,tape,0.9642857142857143,0.17857142857142858,tape:54; adhesive_epoxy:2,"Scotch Foil Tape, 2-Inch by 50-Yard || Gardner Bender 07315001126 LTB-400 Liquid Electrical Tape, Easy-on, Waterproof, Indoor/Outdoor Use, 4 Oz. Jar, Black, Bo || Rescue Tape RT1000201202USCO || Morris 60202 Black Commercial Grade Vinyl Electrical Tape, 8.5 mil, 66' Length, 2"" Width || JVCC EL7566-AW Synthetic Rubber Electrical Tape, 3 in. x 66 ft. (72mm x 20m), Black"
l3_collab,<a_148>,41,gauge_meter,0.9024390243902439,0.12195121951219512,gauge_meter:37; other:2; adhesive_epoxy:1; 3d_filament:1,"T&Uuml;RLEN DIAL INDICATOR 0-1"" AGD SPEC 0.001"" w/LUG BACK || Wixey WR300 Digital Angle Gauge || T&uuml;rlen Precision TEST DIAL INDICATOR 7 JEWELS .0005"" 0-15-0 || Anytime Tools Dial Caliper 6"" / 150mm DUAL Reading Scale METRIC SAE Standard INCH MM || Neiko 01409A Electronic Digital Caliper with Extra Large LCD Screen | 0 - 12 Inches | Inch/Fractions/Millimeter Conversi"
l3_collab,<a_86>,45,other,0.5555555555555556,0.1111111111111111,other:25; gauge_meter:13; fastener:3; adhesive_epoxy:3; tape:1,"Eclipse Quick Release Woodworking Vise, Gray Cast Iron, 9"" Size || Set of Rubber Magnetic Vise Jaws. Protection for your Projects || Bessey BV-NVJ Multi-Purpose Vise Jaws (Jaws Only) || Olympia Tools 38-644 5-Inch Open End Multi-Purpose Vise || Wilton 11106 Wilton Bench Vise, Jaw Width 6-Inch, Jaw Opening 6-Inch"
l3_collab,<a_190>,28,gauge_meter,0.6428571428571429,0.25,gauge_meter:18; connector_fitting:5; fastener:2; other:2; adhesive_epoxy:1,"Amprobe TL36A Test Leads with Alligator Clips, 1000V || Fluke 1AC-A1-II VoltAlert Non-Contact Voltage Tester || Fluke TP1 Slim-Reach Flat Blade Test Probe with Stainless Steel Tip, 1000V Voltage, 10A Current || Uni-T B4Q094 UT210E True RMS AC/DC Current Mini Clamp M W Capacitance Tester || Amprobe TL35B Test Leads with Alligator Clips"
l3_collab,<a_150>,22,other,0.5454545454545454,0.13636363636363635,other:12; gauge_meter:7; connector_fitting:1; tape:1; fastener:1,"Titan Tools 11185 Telescoping Inspection Mirror || General Tools 80560 Telescoping LED Lighted Inspection Mirror, 360 Swivel  for Extra Viewing || Carson MagniFlip 3X Flip-Open Pocket Magnifiers with Built-in Case for Reading, Inspection, Crafts, Hobby and Tasks (GN- || Ullman C-2 Circular Telescopic Inspection Mirror, Mirror diameter 2 1/4"", Length 10 inches || Carson Multi-Power LED Lighted Pocket Magnifiers for Reading, Inspection, Low Vision, Crafts, Hobby and Tasks (PM-33, PM"
l3_collab,<a_89>,41,other,0.7317073170731707,0.34146341463414637,other:30; adhesive_epoxy:4; gauge_meter:3; connector_fitting:2; fastener:2,"Shop-Vac 9064900 2-1/2-to-1-1/2-Inch Conversion Unit || Shop-Vac 2030100 1.5-Gallon 2.0 Peak HP Wet Dry Vacuum, Small, Red/Black || Shop-Vac 9068400 2.5-Inch by 40-Inch Extension Wands || Shop-Vac 9197000 2.5-Inch Gutter Cleaning Kit || Stanley Wet/Dry Vacuum with Wall Mount, 1 Gallon, 1.5 Horsepower"
l3_collab,<a_163>,68,fastener,0.7205882352941176,0.16176470588235295,fastener:49; gauge_meter:13; other:5; connector_fitting:1,"Swordfish 32051 Brass Plated Wood Screw Assortment, 500 Piece || Hilitchi 260pcs M3/4/5/6/8 Allen Head Socket Hex Grub Screw Set Assortment Kit with Plastic Box 12.9 Class Black Alloy S || Woodstock D4158 4-84 Screw Pitch-Gauge || Neiko 50484A Internal Hex/Allen Socket-Head Set Screw Assortment, (200 Piece), 5/32"" x 3/16""/1/4"" x 3/8 || M14 x 1.0 Metric Left hand Thread Die"
l3_collab,<a_146>,33,gauge_meter,0.2727272727272727,0.12121212121212122,gauge_meter:9; adhesive_epoxy:6; fastener:6; other:6; 3d_filament:4; ventilation_fan:1,"Eye-Vac EVPRO Tuxedo Black Touchless Stationary Vacuum &ndash; 1400 Watts Professional Vacuum with HEPA Filtration, Bag- || Racor LDL-1B Ladder Lift || Wixey WR510 Digital Planer Readout with Fractions || TPI Corporation CE24-DS Direct Drive Exhaust Fan, Shutter Mounted, Single Phase, 24"" Diameter, 120 Volt || Panasonic NN-H765BF 1.6 Cubic Foot Countertop Microwave Oven with Inverter Technology, Black"
l3_collab,<a_172>,35,other,0.5714285714285714,0.17142857142857143,other:20; fastener:6; adhesive_epoxy:4; gauge_meter:3; connector_fitting:1; test_strip:1,"Wine Yeast Red Star Premier Classique Formerly Montrachet For Wine Making x10 || MG Chemicals 824-1L 99.9% Isopropyl Alcohol Liquid Cleaner, Clear , 945 mL (1 US Quart) || PhysiciansCare by First Aid Only 24-101 Eye Flush Solution, 16 oz Bottle || Resolve Easy Clean Pro Carpet Cleaner Gadget & Foam Spray Refill, Clean & Fresh 22 oz Can, Carpet Shampooer System || Propylene Glycol 1 Quart - USP - KOSHER - PURE"
l3_collab,<a_38>,72,other,0.7777777777777778,0.1527777777777778,other:56; fastener:8; gauge_meter:5; adhesive_epoxy:3,"Shark Navigator Lift-Away Professional NV356E || SharkNinja Rocket DeluxePro Ultra-Light Upright Corded Stick Vacuum, Bordeaux || Colgate Cavity Protection Toothpaste with Fluoride - 1 ounce (24 Pack) || Oral-B Deep Sweep Toothbrush || iRobot Roomba 880 Robot Vacuum"
l3_collab,<a_96>,26,other,0.46153846153846156,0.3076923076923077,other:12; gauge_meter:7; connector_fitting:6; adhesive_epoxy:1,Uxcell a11060700ux0191 RG6 F-Type Coax Coaxial Cable RF Connector Male (Pack of 5) || SE TL10 10-Piece Test Lead Set with Alligator Clips || MotoBatt MBCL5 5' 18AWG Cable Lead Extension || Tonor TM RJ45 RJ11 RJ12 CAT5 CAT 6 UTP Network Lan Cable Tester Test Tool || VicTsing RJ45 RJ11 Cable Tester Network LAN Ethernet Phone Telephone Cable Tester Wire Tracker Scanning Device Wire Meas
l3_collab,<a_156>,19,other,0.5263157894736842,0.15789473684210525,other:10; gauge_meter:4; adhesive_epoxy:3; fastener:1; connector_fitting:1,"A World Of Deals 1 oz. Non-Sterile Graduated Plastic Medicine Cups, 100 Piece || Polar Ice PI125200CT 125 Count Plastic Jello Shot Cups with Lids, 2-Ounce || SG-40 Silica Gel Dehumidifier Desiccant 40 Gram Orange/Green No Cobalt (II) Chloride || ACM Economy Wash Bottle, LDPE, Squeeze Bottle Medical Label Tattoo (500ml / 16oz / 1 Bottle) || Brew in a Bag Straining Bag, 24"" x 26"
l3_collab,<a_130>,45,adhesive_epoxy,0.9111111111111111,0.2,adhesive_epoxy:41; other:3; fastener:1,"System Three 1100K16 T-88 Kit, 1 quart Bottle, Amber || Loctite 1329837 243 Blue Medium Strength Threadlockers, 0.34 oz., 10 mL, 3/4"" Thread || Permatex 51813 Anaerobic Gasket Maker, 50 ml Tube || BSI BSI-202 Quick-Cure 5Min Epoxy Bob Smith Ind, 9 oz. || J-B Weld 50133 Plastic Bonder Structural Adhesive Syringe - Dries Tan - 25 ml"
l3_collab,<a_93>,11,other,0.9090909090909091,0.2727272727272727,other:10; fastener:1,"Ludell 11604 High Grade Steel Splitting Wedge, 4lb || Osborn International 75116SP Steel File Card, 3-3/4"" Brush Area Length || Enkay 150 Carded Polishing Compound Kit, 4 Piece || Tradespro 836357 Fiber Washer Assortment, 600-Piece || BreakFree CLP-PS Precision Shooter"
l3_collab,<a_250>,50,connector_fitting,0.38,0.06,connector_fitting:19; gauge_meter:13; other:7; adhesive_epoxy:6; fastener:4; 3d_filament:1,"Neiko 50463A SAE Hydraulic Grease Fitting Kit, 110 Piece | Straight and Angled | 1/4"", 1/8 || Precision Brand M6S Micro Seal, Miniature All Stainless Worm Gear Hose Clamp, 5/16"" - 7/8"" (Pack of 10) || Woodstock W1038 4-Inch Quick Connect and Disconnect || ColorConnex Coupler & Plug Kit (7 Piece), Industrial Type D, 1/4 in. NPT, Red - A73457D || Thogus Polyethylene Tube Fitting, 90 Degree Elbow, Black, 3/8"" Barbed (Pack of 10)"
l3_collab,<a_196>,42,fastener,0.5238095238095238,0.30952380952380953,fastener:22; gauge_meter:8; other:8; adhesive_epoxy:4,"The Hillman Group 591521 Small Flat and Lock Washer Assortment, 270-Pack || 18-8 Stainless Steel Flat Washer, Plain Finish, #10 Hole Size, 13/64"" ID, 7/16"" OD, 0.03"" Nominal Thickness (Pack of 100 || Hillman 830504 Stainless Steel 5/16-Inch Flat Washers, 100-Pack, 1 Pack || DANCO Assorted Flat Washer PRO Set, Black, 100-Piece (34441) || Crown Bolt 30092 3/4 Inch Zinc-Plated SAE Flat Washers, 25-Count"
l3_collab,<a_12>,54,other,0.5925925925925926,0.18518518518518517,other:32; gauge_meter:8; fastener:7; adhesive_epoxy:5; connector_fitting:2,"Forney 20859 Cutting Fluid, Industrial Pro Tap Magic, 1-Gallon || POR-15 40204 Metal Prep - 1 quart || CRC 5037 White Lithium Grease - 10 Wt Oz. || Hot Max 27050 Tap Magic Cutting Fluid, 4 oz. || Rust Bullet MB24SP Metal Blast Rust Treatment and Rust Remover, 24 oz. Spray Bottle, Clear Liquid"
l3_collab,<a_74>,54,other,0.5740740740740741,0.09259259259259259,other:31; gauge_meter:9; fastener:7; connector_fitting:4; adhesive_epoxy:3,"4 Pack Caster Wheels Swivel Plate Stem Brake Casters On Red Polyurethane Wheels (4 inch with brake) || RhinoGear 11909ABMI RhinoRamps Vehicle Ramp - Set of 2 (12,000lb. GVW Capacity) || WEN 73002 500-Pound Capacity Service Cart || Vestil FWD-1824-3R Fiberwood Dolly with 3"" Rubber Casters, 800 lbs Capacity, 23-3/4"" Length x 17-7/8"" Width x 4-11/16"" H || MegaDeal AC201710300001 12 Pack 2"" Swivel Caster Wheels Rubber Base with Top Plate & Bearing Heavy Duty"
l3_collab,<a_106>,35,adhesive_epoxy,0.9142857142857143,0.14285714285714285,adhesive_epoxy:32; other:3,"Permatex 80050 Clear RTV Silicone Adhesive Sealant, 3 oz || Rutland Products 76C 500-Degree RTV High Heat Silicone Seal, 10.3-Ounce Cartridge, Clear || GE Silicone 2+ Window & Door Caulk, 10.1 Oz. Tube, Clear, GE5000 || J-B Weld 31314 Red High Temperature RTV Silicone Gasket Maker and Sealant - 3 oz. || Silicone RTV 4500 FDA Grade High Strength Silicone Sealant, Clear (2.8 fl.oz)"
l3_collab,<a_175>,91,other,0.5054945054945055,0.06593406593406594,other:46; gauge_meter:30; 3d_filament:8; connector_fitting:4; ventilation_fan:3,"New 12V 5A 12V 19mm Red LED Momentary Push Button Metal Switch Car Boat Speakers Bells Horn || Wixey WR300 Type 2 Digital Angle Gauge with Backlight&hellip; || Stainless Steel Tumbling Media Pins - 0.047"" Diameter, 0.255"" Length (5 lb Pack) || 110 Copper Round Rod, Unpolished (Mill) Finish, H04 Temper, ASTM B187, 0.25"" Diameter, 24"" Length || Ancor Tinned Copper Lugs 8 AWG - 4/0 AWG"
l3_collab,<a_58>,26,3d_filament,0.46153846153846156,0.2692307692307692,3d_filament:12; other:11; adhesive_epoxy:1; gauge_meter:1; fastener:1,"Geeetech I3 Pro C, Dual Extruder,double Head,reprap Pursa I3 3d Printer,two-color Printing, High Resolution || XYZprinting da Vinci 1.0 AiO All-in-One 3D Printer (Scan/Edit/Print) || XYZprinting RFPLCXUS00B da Vinci Jr. & mini Series Filament, PLA (NFC), 600 g, Nature || da Vinci 1.0 3D Printer - 7.8"" x 7.8"" x 7.8"" Built Volume (Fully Enclosed Design for ABS/PLA/Flexible Material) || [Open Resin] XYZprinting Nobel 1.0 SLA 3D Printer (Included FREE Resin, FREE Printing Platform & Tank)"
l3_collab,<a_254>,212,3d_filament,0.9952830188679245,0.29245283018867924,3d_filament:211; other:1,"HATCHBOX PLA 3D Printer Filament, Dimensional Accuracy +/- 0.03 mm, 1 kg Spool, 1.75 mm, Blue || HATCHBOX Glow in the Dark PLA 3D Printer Filament, Dimension Accuracy +/-0.03 mm, 1 kg Spool, 1.75 mm - Blue || USAFilament 9800429 ABS 3D Printing Filament, 2.2 lb, 1.75 mm, White Spool || HATCHBOX PLA 3D Printer Filament, Dimensional Accuracy +/- 0.03 mm, 1 kg Spool, 1.75 mm, Green || UP! ABS Plastic Filament, 1.75 mm Diameter, 1.54 lbs Spool, Black"
l3_collab,<a_88>,43,3d_filament,0.6744186046511628,0.16279069767441862,3d_filament:29; other:12; gauge_meter:1; tape:1,"HATCHBOX 1 Spool 3D Printer Filament Tabletop Wall Mount Rack || Foreasy 3D Printer Tool 3D Print Removal Tool Enhanced Version Set of 2 || Octave Tool Kit A for 3D Printer || BuildTak 3D Printing Build Surface, 4.5"" x 4.5"" Square, Black (Pack of 3) || Filabot TCBL1 Taulman Clear t-glase Filament, 1.75 mm, Black"
l3_collab,<a_239>,25,gauge_meter,0.48,0.08,gauge_meter:12; fastener:6; other:6; adhesive_epoxy:1,"Industrial & Scientific"" /> || Industrial & Scientific"" /> || Industrial & Scientific"" /> || Industrial & Scientific"" /> || Industrial & Scientific"" />"
l3_collab,<a_174>,30,gauge_meter,0.5333333333333333,0.3,gauge_meter:16; connector_fitting:9; other:4; adhesive_epoxy:1,"American Terminal E-FFR250N-100 22/18-Gauge Economy Nylon Fully-Insulated Female Quick Disconnects || American Terminal E-FFB250N-100 16/14-Gauge Economy Nylon Fully-Insulated Female Quick Disconnects || American Terminal E-FMB250N-100 16/14-Gauge Economy Nylon Fully-Insulated Male Quick Disconnects || Apache 44048748Female Metric x 3/8"" Quick Disconnect Socket/Plug Pressure Washer Adapter Set || Parts Express Cable TV In-Line Coaxial Surge Protector"
l3_collab,<a_78>,14,gauge_meter,0.7857142857142857,0.21428571428571427,gauge_meter:11; other:2; fastener:1,"B&K Precision 879B Dual Display Handheld Deluxe Universal LCR Meter with Backlit Display || RADEX RD1503+ w/o dosimeter: High accuracy Geiger counter, radiation detector (English) || RADEX RD1212 Advanced Radiation Detector/Geiger Counter with Online Software || RADEX RD1503+ Safety PRO with Dosimeter: high accuracy geiger counter, radiation detector || Marine Sextant, Davis"
l3_collab,<a_22>,27,gauge_meter,0.5185185185185185,0.1111111111111111,gauge_meter:14; other:10; fastener:2; 3d_filament:1,"Brown & Sharpe 599-792-30 Adjustable Spring Tensioned Tap Guide || HHIP 6 X 3-1/8 X 3-1/2 INCH CAST IRON V BLOCK SET (3402-1006) || PSI LCENTLT2 No. 2MT Heavy Duty Live Tailstock Center || Drill America DWT Series Qualtech High-Speed Steel Round Adjustable Threading Die, 1-1/2"" Diameter, 11/16""-18 Size (Pack || Miller Electric 229895 Gage, Wire Metal Sizes"
l3_collab,<a_247>,61,other,0.4262295081967213,0.16393442622950818,other:26; gauge_meter:17; fastener:9; adhesive_epoxy:5; connector_fitting:3; 3d_filament:1,"W1 Tool Steel Round Rod, Polished Finish, Precision Ground, Annealed, 0.0625"" Diameter, 36"" Length || Gorilla Gripper 44010 Panel Carrier || Marrywindix 6pcs ESD Precision Anti-Static Tweezers, Tweezers Stainless Steel Tweezers with a Bag for Electronics Jewelr || Spears 497 Series PVC Pipe Fitting, Union with EPDM O-Ring, Schedule 40, 1"" Socket || Tach-It B-1 Single Edge Industrial Razor Blade (Pack of 100)"
l3_collab,<a_149>,50,other,0.36,0.48,other:18; connector_fitting:16; gauge_meter:12; fastener:3; adhesive_epoxy:1,"MLCS 9080 Billy Pedal Foot Switch, Deadman Style || Packard C230B 2 Pole 30 Amp Contactor, 120 Voltage Coil || Gardner Bender GSW-17  Electrical Toggle Switch, SPST, ON-OFF, 6 A/120V AC,  Screw Terminal || Gardner Bender GSW-20  Electrical Toggle Switch Covers, EDPM Rubber Cover, Moisture, Dust and Dirt Resistant, Pack of 2, || Gardner Bender GSW-16  Heavy-Duty Electrical Toggle Switch, DPDT, ON-(OFF)-ON, 20 A/125V AC, Screw Terminal"
l3_collab,<a_111>,12,other,0.5833333333333334,0.16666666666666666,other:7; adhesive_epoxy:4; tape:1,"Spectra 360 Electrode Gel - Parker Laboratories - 60g (2oz) Tube - (Pack of 3) || GT-5000 (3 strips) Grip Tape for guns, cell phones, cameras, knives, tools - makes anything""Grippy"". || IIT 90690 Super Glue, 3 Grams Each, 5-Pack || Tensive Parker Labs Conductive Adhesive Gel, 50 Gram || 2-P10KIT Available 2-P10 Adhesive Kit, Clear"
l3_collab,<a_34>,88,other,0.4090909090909091,0.20454545454545456,other:36; 3d_filament:32; tape:9; connector_fitting:4; gauge_meter:3; adhesive_epoxy:2,"Metronic 12 inch Impulse Bag Sealer Poly Bag Sealing Machine Heat Seal Closer with Repair Kit(12 inch) || Polycarbonate (PC) Sheet, Transparent Clear, Standard Tolerance, ASTM D3935, 0.093"" Thickness, 12"" Width, 24"" Length || Polycarbonate (PC) Sheet, Transparent Clear, Standard Tolerance, ASTM D3935, 0.08"" Thickness, 12"" Width, 24"" Length || High Temperature Heat Resistant Tape Sublimation Tape Koptan Tape 2 Rolls 10mm X 33m 100ft || Syrtenty TENS Unit Electrodes Pads 2x2 20 Pcs Replacement Pads Electrode Patches For Electrotherapy"
l3_collab,<a_158>,46,other,0.5217391304347826,0.06521739130434782,other:24; adhesive_epoxy:8; gauge_meter:6; tape:6; 3d_filament:1; fastener:1,"Eagle 1654 Yellow Blow-Molded HDPE Salvage Drum with Metal Ring Lever-Lock Lid, 20 gallon Capacity, 21"" Height, 21"" Diam || RapidFix Dual Adhesive System, 25 mL,Boss Products USA,RFX7121100,RFX7121101"" /> || Bercom BER-2520-CT INC 6PK Handy 2520-CT Paint Pail Liners, 6-Count, Clear || DuPont Teflon Non-Stick || 3M Scotch 2120-A Tough Transparent Duct Tape, 1.8-Inch, 20 yds"
l3_collab,<a_100>,18,other,0.7777777777777778,0.2222222222222222,other:14; fastener:3; adhesive_epoxy:1,"Jumbo 51pc Drum Sanding Kit - Fits Dremel - Includes Rubber Drum Mandrels - 1/2, 3/8 & 1/4 || 25-Pack 7/64"" Stainless Steel Screw Eye Rings || First Aid Only Scissors & Metal Forcep Pack || Skin Staple Remover Kit || Premiere 9411 Disposable Scalpels with #11 High-Carbon Steel Blades, Plastic Handle, Sterile, Individually Foil Wrapped,"
l3_collab,<a_218>,37,other,0.7027027027027027,0.1891891891891892,other:26; fastener:5; gauge_meter:5; connector_fitting:1,"10pcs Mini Cabinet Drawer Butt Hinge || South Main Hardware 810180, 12'/1"""", Silver Lashing Strap (2 Pack) || Master Lock Strap, 12 ft. Long Lashing Strap, 3060DAT (Pack of 2) || Koch 7640040 Roller Chain Offset Link, 4-Pack, 40 || Highland (9002900) Fat Strap Bungee Cord Assortment - 6 Piece"
l3_collab,<a_132>,86,tape,0.8837209302325582,0.18604651162790697,tape:76; 3d_filament:8; other:1; adhesive_epoxy:1,"Scotch Heavy Duty Shipping Packaging Tape, 3"" Core, 1.88"" x 54.6 Yards, 6-Rolls (3850-6) || Gorilla 6100101 Tape Handy Roll, 1-Pack, Black || Gorilla Tape, Black Duct Tape, 1.88"" x 35 yd, Black, (Pack of 1) || 3M Multi-Use Duct Tape, 2930-C, 1.88 Inches by 30 Yards || 3M Contractor Grade Pro Strength Duct Tape 3979 Silver, 1.88 in x 60 yd 8.0 mil, Individually Wrapped, Conveniently Pack"
l3_collab,<a_72>,39,other,0.8205128205128205,0.20512820512820512,other:32; adhesive_epoxy:5; gauge_meter:1; fastener:1,"SafeTouch Nitrile Exam Gloves, Non Latex, Powder Free, Small, 100/Box || Nitrile Exam Glove (non-latex) PF Medium Blue 100/BX || AMMEX - AINPF46100 - Medical Nitrile Gloves - Disposable, Powder Free, Exam Grade, 3 mil, Large, Indigo (Case of 1000) || Kimberly-Clark Professional Kimtech Science KimWipes Delicate Task Wipers, 4.4 x 8.4 in. 1-ply || Dynarex Nitrile Exam Gloves, Black, X-Large, 100 Count"
l3_collab,<a_54>,58,gauge_meter,0.46551724137931033,0.1206896551724138,gauge_meter:27; other:12; tape:9; adhesive_epoxy:9; connector_fitting:1,"White SiliconeTubing, 1/2""ID, 3/4""OD, 1/8""Wall, 25' Length || White SiliconeTubing, 3/16""ID, 1/4""OD, 1/32"" Wall, 10' Length || 3M High Temperature Flue Tape, 15-Foot Roll || LDR Industries 516 B1210 Nylon Tubing, 1/2"" x 10', Clear || Camco 4ft TastePURE Drinking Water Hose - Lead and BPA Free, Reinforced for Maximum Kink Resistance,  1/2""Inner Diameter"
l3_collab,<a_143>,30,connector_fitting,0.8333333333333334,0.5666666666666667,connector_fitting:25; gauge_meter:3; other:1; fastener:1,uxcell 5 Pcs Dual Row 4 Position Covered Screw Terminal Strip 600V 25A || 520 Piece Electrical Terminal Assortment with Storage Box || Uxcell a14092200ux1053 LED Pilot Light Panel Indicator (Pack of 3) || Nilight GA0005 Holder TAP Adapter Mini ATM APM Blade Fuse Holder-10 Pack || Uxcell a10073000ux0031 2 Pcs 8 Position Double Row Screw Terminal Covered Barrier Strip 600V 25A
l3_collab,<a_121>,23,gauge_meter,0.8260869565217391,0.17391304347826086,gauge_meter:19; adhesive_epoxy:2; other:2,"1 X Hydrometer - Triple Scale || Vintage Shop PW-COIA-QACH Hydrometer 12"" Test Jar with Removable Base || Magnum Media DUAL SCALE 0-32% Brix and 1.000-1.130SG Wort Refractometer RSG-100ATC Beer Home Brew || AcuRite 00613 Humidity Monitor with Indoor Thermometer, Digital Hygrometer and Humidity Gauge Indicator || AcuRite 00613 Humidity Monitor with Indoor Thermometer, Digital Hygrometer and Humidity Gauge Indicator"
l3_collab,<a_21>,63,other,0.5555555555555556,0.5238095238095238,other:35; gauge_meter:24; adhesive_epoxy:2; 3d_filament:1; fastener:1,"Stainless Steel 304L Welded Round Tubing, 2"" OD, 1.93"" ID, 0.035"" Wall, 36"" Length || Applied Magnets 2-pc, 1.5"" Strong NdFeB Neodymium Cup Magnet with Countersunk Hole. || 110 Copper Rectangular Bar, Unpolished (Mill) Finish, H04 Temper, ASTM B187, 1/4"" Thickness, 2"" Width, 36"" Length || 6061 Aluminum Rectangular Bar, Unpolished (Mill) Finish, Extruded, T6511 Temper, ASTM B221, 1/8"" Thickness, 1"" Width, 36 || 6101 Aluminum Rectangular Bar, Unpolished (Mill) Finish, T61 Temper, ASTM B317, 1/4"" Thickness, 2"" Width, 12"" Length"
l3_collab,<a_251>,43,other,0.46511627906976744,0.09302325581395349,other:20; gauge_meter:10; adhesive_epoxy:6; fastener:6; connector_fitting:1,"#10 Solid Rubber Stopper || Science Purchase Disposable Luer-Slip Tip 3mL Syringe, Sterile without Needle, 100 Count || SEOH 4 inch Glass Pipette Droppers (pack of 12) || Eagle F-15 HDPE 10"" Poly Funnel For Metal Type I Safety Cans, 4"" Height, 8"" Width, 9"" Length || Racers Edge 3000 1/2-Ounce Bottle W Needle Tip"
l3_collab,<a_240>,25,other,0.6,0.16,other:15; fastener:6; gauge_meter:3; 3d_filament:1,"Mist Coolant Lubrication Spray System For 8mm Air Pipe CNC Lathe Milling Drill || MG Chemicals Liquid Tin, 475 ml Bottle || Chemical Guys ACC_121.32HD Chemical Resistant Heavy Duty Bottle and Sprayer (32 oz) || 24 Oz. Sprayer Bottles, Pack Of 3 || VACTRA OIL NO.2, 1 QUART(32OZ)EXPEDITED DELIVERY NOT AVAILABLE"
l3_collab,<a_20>,95,gauge_meter,0.5473684210526316,0.18947368421052632,gauge_meter:52; connector_fitting:31; adhesive_epoxy:11; tape:1,"Wago Wire Connector 600 V Clear 4 Conductor 100 / Box || Arlington LPCG50-1 Low-Profile Strain Relief Cord Connector, 1/2 Inch || HOODDEAL 50pcs Waterproof Solder Seal Heat Shrink Butt Connectors with Soldering Sleeve || Yueton 100pcs Female Fully Insulated Wire Crimp Terminal Nylon Quick Connectors Wiring Spade || Loos Cableware ST2-4 Copper Crimping Stop Sleeve Set for 1/8"" Diameter Wire Rope (50 Piece)"
l3_collab,<a_101>,32,other,0.84375,0.21875,other:27; gauge_meter:3; fastener:1; adhesive_epoxy:1,"LEDMart(tm) 50w LED Flood Light (2) Cool White Lamp Landscape Outdoor Waterproof 90-240v, 120 Degree Beam Angle (2) || SUNKEE 20pcs Photo Light Sensitive Resistor Photoresistor Optoresistor 5mm GM5539 5539 || microtivity IL188 5mm Assorted Clear LED w/Resistors (8 Colors, Pack of 80) || CB 7101S1 72-Pieces Blank Microscope Slides & 100-Pieces Square Cover Glass || Uxcell a14041500ux1277 10Pairs Black Red 13cm JST SM 2Pins Jack Male to F (Pack of 20)"
l3_collab,<a_189>,39,other,0.48717948717948717,0.5128205128205128,other:19; gauge_meter:11; fastener:4; adhesive_epoxy:3; connector_fitting:2,"Rubbermaid Commercial BRUTE Heavy-Duty Round Waste/Utility Container with Venting Channels, 20-gallon, Gray (FG262000GRA || Torin Big Red Hydraulic Bottle Jack, 50 Ton Capacity || Vestil LID-STL-LL Steel Lever Lock Pail Lid, for 5 gallon, Black || Vestil PAIL-STL-RI Steel Open Head Pail with Handle, 5 gallon Capacity, Black || Rubbermaid Commercial Products FG263100GRAY Rubbermaid Commercial Round Brute Container Lid, Gray, 32G"
l3_collab,<a_238>,30,tape,0.5333333333333333,0.3333333333333333,tape:16; adhesive_epoxy:6; fastener:5; other:3,"3M Dual Lock Reclosable Fastener TB3561/TB3562 400/170 Clear 1 in x 10 ft (1 Mated Strip/Bag) || Monoprice Hook & Loop Fastening Tape 5 yard/roll, 0.75-inch - Blue (105830) || 3M Dual Lock Reclosable Fastener TB3551/TB3552 400/170 Black 1 in x 10 ft (1 Mated Strip/Bag) || M-D Building Products 2758 High Density Foam Tape, White || 3M Company #RF6731 2PR 1x3 Re-Close Strip"
l3_collab,<a_18>,23,other,0.6521739130434783,0.5217391304347826,other:15; tape:4; gauge_meter:2; adhesive_epoxy:1; 3d_filament:1,"Dynarex 2201 Medical Surgical Face Masks (Pack of 50) || 3M Vetbond Tissue Adhesive, 3ml Bottles w/MSDS || PhysiciansCare by First Aid Only by First Aid Only 90293 First Aid Titanium Non Stick Bandage Shears, 7"" Bent, Blue || Pac-Kit by First Aid Only 5-600 Sterile Stretch Gauze Bandage, 4 yds Length x 2"" Width || Waterjel 2120 Bacitracin Zinc Triple Antibiotic Ointment, 0.5gm Packet (Pack of 144)"
l3_collab,<a_2>,15,other,0.4666666666666667,0.06666666666666667,other:7; tape:3; fastener:2; gauge_meter:2; adhesive_epoxy:1,"Bentonite - 8 oz. || Uranium Ore || 3M Virtua CCS Protective Eyewear 11872-00000-20, Foam Gasket, Anti Fog Lens, Clear || Cyalume Military Grade Combat Light Shield Device, 6-3/4"" Length x 1"" Width, For 6"" ChemLight and 6"" SnapLight Lightstic || Duda Energy borp1 Fine Powder Boric Acid H3BO3 99, 1 lb. (Packaging may vary)"
l3_collab,<a_48>,92,other,0.717391304347826,0.2717391304347826,other:66; gauge_meter:21; fastener:3; connector_fitting:1; adhesive_epoxy:1,"Plastic Transfer Pipettes 3ml, Graduated, Pack of 100 || Plastic Transfer Pipettes 3ml Graduated Pack of 100 || SEOH GLASS FUNNEL Neutral glass 100 mm 100 mm stem || Karter Scientific 213A2 Borosilicate Glass Low Form Glass Beaker, 50/100/250/500/1000 mL (Pack of 5) || 17 X 100mm Graduated Plastic Test Tubes with Caps, 25 Pack"
l3_collab,<a_84>,25,gauge_meter,0.96,0.2,gauge_meter:24; adhesive_epoxy:1,"Etekcity Lasergrip 774 Non-contact Digital Laser Infrared Thermometer Temperature Gun -58~ 716 (-50 ~ 380), Yellow and B || Masione Temperature Gun Non-contact Digital Laser Infrared Ir Thermometer -58&deg;f to 716&deg;f (-50 ~ 380) Instant-rea || Nubee Temperature Gun Non-contact Digital Laser Infrared IR Thermometer || Etekcity Lasergrip 1080 Non-Contact Digital Laser Infrared Thermometer Temperature Gun -58~1022 (-50550), Yellow and Bla || Nubee Temperature Gun Non-contact Infrared Thermometer MAX Display & EMS Adjustable"
l3_collab,<a_224>,11,other,0.45454545454545453,0.09090909090909091,other:5; gauge_meter:3; 3d_filament:1; fastener:1; adhesive_epoxy:1,"SA180 Adhesive Standoffs, 24 Pack, 0.180"" Height, Offset 0.6x0.6"" Base, Fits 0.125"" PCB Hole || Learning Resources Skeleton Model || Primacare DL-9325 Reusable LED Penlight with Pupil Gauge - Batteries Included || Hammond 1551KBK Black ABS Plastic Project Box -- Inches (3.15"" x 1.58"" x 0.79"") mm (80mm x 40mm x 20mm) || MakerBeam Regular Starter Kit Black anodized including beams (10x10mm in diameter), brackets, nuts and bolts"
l3_collab,<a_210>,42,other,0.5238095238095238,0.07142857142857142,other:22; tape:8; adhesive_epoxy:6; gauge_meter:3; 3d_filament:2; fastener:1,"Pratt PRA0017 100% Recycled Corrugated Cardboard Box, 8"" Length x 6"" Width x 6"" Height, Kraft || KYDEX V Sheet - 0.028"" Thick, Black, 12&rdquo;x12&rdquo; Nominal || Accuform MATR901VA Aluminum Safety Sign, Legend ""NO TRESPASSING VIOLATORS WILL BE PROSECUTED"", 7"" Length x 10"" Width, Re || LASCO 02-1048E Rubber Sheet, 6-Inches X 6-Inches and 1/16-Inch Thick || Durable Heavy Duty Aluminum Foil Roll, 18 Width x 1000' Length"
l3_collab,<a_233>,55,fastener,0.43636363636363634,0.10909090909090909,fastener:24; other:18; gauge_meter:10; adhesive_epoxy:3,"ARROW 160455 Drywall Drill Bit, Screw and Anchor Kit || Wall Control ASM-SH-1606 R Deep Pegboard Shelf Assembly for Wall Control Pegboard Only, 6"", Red || Bulldog 131525 Multi-Screwdriver Holder Peg Hook || Storehouse 67543 220 Piece Wall Anchor Assortment || Best Quality Plastic Self Drilling Drywall Anchors with Screws Kit, 100 Pieces All Together, Anchors Made in USA"
l3_collab,<a_225>,70,gauge_meter,0.6285714285714286,0.11428571428571428,gauge_meter:44; other:22; connector_fitting:3; adhesive_epoxy:1,"URBEST 328 Pcs Assorted Heat Shrink Tube 5 Colors 8 Sizes Tubing Wrap Sleeve Set Combo (328PCS) || Vktech 280Pcs 2:1 Heat Shrink Tubing Tube Sleeving Wrap Cable Wire 5 Color 8 Size (5 Color) || Avery Shipping Tags, Reinforced Hole, Manila, 4.75 x 2.375 Inches, Pack of 100 (11011) || Koch 015021 Cable, 7 by 7 Construction, Trade Size 1/16 by 125 Feet, Stainless Steel || Stainless Steel 316 Wire Rope on Reel, 7x7 Strand Core, 1/8"" Bare OD, 250' Length, 340 lbs Breaking Strength"
l3_collab,<a_245>,14,other,0.8571428571428571,0.07142857142857142,other:12; fastener:1; 3d_filament:1,"KIM41455 - WypAll X70 WorkHorse Manufactured Rags in a Pop Up Box || Rust-Oleum 278146 NeverWet 11-Ounce Outdoor Fabric Spray, Clear || NoTrax T30 General Purpose Rubber Competitor Safety/Anti-Fatigue Mat, for Wet Areas, 3' Width x 3' Length x 1/2"" Thickne || Deft Interior Clear Wood Finish Gloss Lacquer, 12.25-Ounce Aerosol Spray || Georgia-Pacific 56620 Chrome Combination C-Fold/ Multifold Paper Towel Dispenser, 11.25"" Width x 4.438"" Depth"
l3_collab,<a_1>,23,adhesive_epoxy,0.5652173913043478,0.17391304347826086,adhesive_epoxy:13; other:6; gauge_meter:2; 3d_filament:1; fastener:1,"Oatey 30246 PVC Regular Cement and 4-Ounce NSF Purple Primer Handy Pack, 4 oz || Oatey 30821 Cement, 8-Ounce, Milky-Clear || 5lb co2 Tank- New Aluminum Cylinder with CGA320 Valve || Rectorseal 74026 3-Ounce C-Flux || MEECO'S RED DEVIL 121 Furnace Cement and Fireplace Mortar"
l3_collab,<a_25>,66,gauge_meter,0.5909090909090909,0.12121212121212122,gauge_meter:39; other:11; adhesive_epoxy:7; connector_fitting:6; 3d_filament:2; fastener:1,"Hydro Flow 747058 Premium Barbed Ball Valve, 1/2-Inch || VXB UCP202-10 Ball Bearing Pillow Block, 2 Bolt Holes, Setscrew Locking Collar, 5/8"" Bore Diameter, Cast Iron, Inch || PneumaticPlus PSL15-160 Pressure Gauge, Lower Mount, 1-1/2"" Dial, 0-160 PSI, 1/8"" NPT || 608 ZZ Skateboard Bearings, Double Shielded, Silver (Pack of 8) || SharkBite 22223-0000LFA Ball Valve 1 Inch x 1 Inch, Water Valve Shut Off, Push-to-Connect, PEX, Copper, CPVC, PE-RT"
l3_collab,<a_92>,23,adhesive_epoxy,0.8260869565217391,0.5217391304347826,adhesive_epoxy:19; other:2; gauge_meter:1; tape:1,"Shoreline Marine GOOP, 3.7-Ounce, Clear || Dap 18120 Alex Plus Brown (18112) Raw Building Material || Dap 18370 Self-Leveling Concrete 3.0 Sealant 9.0-Ounce || DAP INC 18152 10.1oz White Alex Plus Acrylic Latex Caulk with Silicone || 3M 08946 Clear Silicone Paste - 8 oz."
l3_collab,<a_236>,29,other,0.3793103448275862,0.10344827586206896,other:11; gauge_meter:8; ventilation_fan:4; adhesive_epoxy:3; connector_fitting:2; fastener:1,"Phresh Duct Silencer 8 in x 24 in || Graham Conderser Kit || Zoeller 30-0181 PVC Plastic Check Valve, 1-1/2 Inch || PRO 1 Fuel Line Hose 1/4 Inch Inside Diameter X 25 Feet Length NRB/PVCC SAE30R6 || PRO 1 Fuel Line Hose 5/16 Inch Inside Diameter X 25 Feet Length NRB/PVCC SAE30R6"
l3_collab,<a_237>,34,other,0.5,0.11764705882352941,other:17; gauge_meter:15; fastener:1; adhesive_epoxy:1,"American Educational Double Burette Clamp with Rubber-Coated Rotating Jaws, 3/8"" - 1-3/8"" Holding Size || EISCO CH0688 Labs Clamp Retort, 3 PVC Coated Prongs (opens to 90mm in dia.) with Boss Head || Omron Sprague Rappaport Stethoscope, Black || Lisle 52750 Stethoscope Kit || MDF Acoustica Deluxe Lightweight Dual Head Stethoscope - All Black (MDF747XP-BO)"
l3_collab,<a_208>,20,other,0.5,0.2,other:10; gauge_meter:5; fastener:5,"American Educational Cast Iron Support Ring Stand with Triangular Base, 7-3/4"" Legs, 7/16"" Diameter x 23"" Length Rod Siz || American Educational 7-G15-A Cast Iron Support Ring Stand with Acid Resistant Finish, 8"" Length x 5"" Width Base Size || Trinity TLS-0201 EcoStorage NSF, 48-Inch Stainless Steel Utility Table || T-fal C51407 Excite Nonstick Thermo-Spot Dishwasher Safe Oven Safe PFOA Free Fry Pan Cookware, 12-Inch, Red || T-fal C51402 Excite Nonstick Thermo-Spot Dishwasher Safe Oven Safe PFOA Free Fry Pan Cookware, 8-Inch, Red"
l3_collab,<a_52>,37,other,0.7027027027027027,0.13513513513513514,other:26; gauge_meter:8; fastener:3,"5 Ml Amber Glass Bottle W/euro Dropper. Black Cap. 12 Pack || 12, Amber,15 ml (1/2 oz) Glass Bottles, with Glass Eye Dropper by Premium Vials || Eclectic Supply B36-24 Cobalt Glass Bottles with Glass Eye Dropper, 1 oz Capacity, Blue (Pack of 24) || 4 oz Amber Glass Boston Round Bottles With Black Ribbed Cap - 12 Pack || Soft 'n Style BMX-8031 Plastic Clear Spray Bottle, 16 fl.oz. Capacity"
l3_collab,<a_81>,10,other,0.7,0.3,other:7; tape:1; gauge_meter:1; adhesive_epoxy:1,"Rothco Duct Tape || DEFRSMVT - SATE-LITE RSMVT Slow-Moving Vehicle Triangle || Copper Sheet Metal - 12"" x 12 || RMP .125 3003 H14 Aluminum Sheet 12"" x 12 || RMP .125 6061 T6 Aluminum Sheet 12"" x 12"
l3_collab,<a_241>,13,other,0.5384615384615384,0.6153846153846154,other:7; gauge_meter:5; adhesive_epoxy:1,FLIR ONE Thermal Imager for Android || FLIR TG54 Spot Infrared Thermometer || FLIR C2 Compact Thermal Imaging System || Fluke VT04 Infrared Imager with Soft Carrying Case || FLIR TG165 Spot Thermal Camera
l3_collab,<a_246>,39,other,0.3333333333333333,0.3333333333333333,other:13; connector_fitting:12; fastener:6; adhesive_epoxy:4; gauge_meter:3; 3d_filament:1,"Z&T Solderless Flexible Breadboard Jumper Wires M/M 100pcs || TEKTRUM EXTERNALLY POWERED SOLDERLESS 1660 TIE-POINTS EXPERIMENT PLUG-IN BREADBOARD WITH ALUMINUM BACK PLATE AND JUMPER  || SUNKEE 28-pin ZIF Socket || microtivity IM414 Double-sided Prototyping Board (4x6cm, Pack of 5) || SUNKEE 100PCS Dupont Jumper Wire Cable Male Pin Connector 2.54mm"
l3_collab,<a_42>,14,other,0.9285714285714286,0.07142857142857142,other:13; gauge_meter:1,"3M 1860 N95 RESPIRATOR AND SURGICAL MASK Box of 20 || Halyard Health Face Masks with Earloops, 47117, Yellow (Box of 50) || Ambu Res-Cue Key CPR Mask with Mini Keychain Pouch, Red (Pack of 5) || Premium Vials Clear Perforated Shrink Bands (250, 38 X 28 mm) || 10 pcs New A3144 A3144E OH3144E 3144 Hall Effect Sensor"
l3_collab,<a_15>,4,other,1.0,0.5,other:4,"Georgia-Pacific 53010 Automated Soap and Sanitizer Dispenser, Black (WxDxH) 5.680"" x 5.250"" x 10.750"" (1 Each) || Dynarex Tongue Depressor Senior, Sterile, 6 Inches, 100 Count || Dynarex Tongue Depressor, Senior, 6 Inches, Non-Sterile, 500 Count || Tongue Depressors, Sterile, Adult, Wood, 6""x0.6875"", 100/BX"
l3_collab,<a_17>,12,other,0.5833333333333334,0.25,other:7; adhesive_epoxy:2; gauge_meter:2; 3d_filament:1,"ZING 6063 RecycLockout Mini Lockout Station - Stocked || kingsmart Anti Static ESD Wrist Strap Discharge Band Grounding || Angel Premium TENS/EMS Unit 40 Electrode Pads 2""x2"" in. Reusable Self Stick Gel Carbon Electrodes || Ajax Scientific Battery Holder with Lead Wire, 1x AA Cell (Pack of 10) || ZING 7119 RecycLockout Lockout Tagout Kit, 11 Component, General Application"
l3_collab,<a_29>,31,other,0.8709677419354839,0.1935483870967742,other:27; fastener:2; adhesive_epoxy:1; gauge_meter:1,"SE 612FS 12"" Stainless Steel Self-Locking Straight Forceps || Tach-It Model-T Ultra-Rugged Retractable Snap Off Blade Utility Knife (Pack of 12) || MABIS Stainless Steel Tweezers, Thumb Dressing Forceps, Serrated Forceps, Silver || TWEEZERS w/Cross Locking Action, Straight Tips & FIBER HANDLES || Aven 12002 Stainless Steel Hemostat, Curved Serrated Jaws, Ratchet Lock, 3-1/2"" Length"
l3_collab,<a_198>,21,gauge_meter,0.38095238095238093,0.3333333333333333,gauge_meter:8; fastener:6; other:3; adhesive_epoxy:2; connector_fitting:2,"Genie 34107R.S Screw Drive Carriage || HHIP 1012-2528 1/4-28NF H3 4 Flute HSS Taper Hand Tap || Uxcell a13041000ux0023 Metal 6 mm Knurled Shaft Insert Dia. Potentiometer Control Knobs, 10 Piece, Black || Genie Screw & Trac Drive Garage Door Opener Replacement Limit Switch 20113R || Uxcell a15032300ux0532 Potentiometer Volume Control Knob Cap with 100 Piece, Knurled Shaft 6 mm Diameter"
l3_collab,<a_252>,23,other,0.34782608695652173,0.30434782608695654,other:8; fastener:6; adhesive_epoxy:5; gauge_meter:3; connector_fitting:1,"KNAPE & VOGT 208TI550 Hardware Brackets || NATIONAL MFG CO #N104-349 #10SGL Box Rail Bracket Galvanized || Shepherd Hardware 9435 Wedge-It White Plastic Shims || EZ-SHIM JS500BP 4-Count Bath Fixture Shims || National Hardware N199-810 3214BC Fixed Double Pulleys in Zinc, 1-1/2"
l3_collab,<a_49>,10,other,0.8,0.2,other:8; gauge_meter:2,"Medline DYND70102H Enema Bag Sets || Tach-It SWTH Stretch Wrap Cups with Tension Control || Bag-N-Seal Impulse - Cellophane Bag Sealer with Extra Heating Element & Teflon Sheet, 300mm || Signswise 200x200mm 12V 220W Silicone Rubber Heating Heater for 3D Printer Heated Beds || BCW 1-T-QTR New Coin Tubes - Quarter"
l3_collab,<a_76>,15,gauge_meter,0.4,0.26666666666666666,gauge_meter:6; fastener:4; connector_fitting:3; other:2,"uxcell Metal Nut LED Mounting Holder Panel w 3mm 50 Pieces Black || IIT 16736 Safety PTO Pin Assortment, 5-Piece || 3M 05539 Roloc 2"" Disc Pad Assembly || STEREN Grip-Clip Single Coaxial Cable Mounting Fastener Clips, 100ct Black || Uxcell a13052700ux0220 6mm to 8mm Bore Rigid Copper Motor Coupling Coupler W Tight Screws, Rubber"
l3_collab,<a_235>,26,3d_filament,0.3076923076923077,0.15384615384615385,3d_filament:8; tape:8; other:5; adhesive_epoxy:5,"Arctic Silver 5 AS5-3.5G Thermal Paste || Gizmo Dorks Kapton Tape for 3D Printers 6.25"" x 100' || Low Cost, Low Volume Resist., Electrically Conductive Silver Epoxy Adhesive, AA-DUCT 906 , 2.5gm kit || Arctic Silver Arctic Alumina Thermal Adhesive 5 Gram 3.5cc RoHS Compliant Two Tube Set with Mixing Wand || 1 Mil Kapton Tape (Polyimide) - 1"" x 36 yds"
l3_collab,<a_115>,33,gauge_meter,0.5454545454545454,0.24242424242424243,gauge_meter:18; other:7; test_strip:6; connector_fitting:1; fastener:1,"URBEST Digital PH Meter, Black || Vktech New Universal 160 Full Range 1-14 pH Test Paper Strips Litmus Testing Kit N || HM Digital DM-1 In-Line Dual TDS Monitor, 0-9990 ppm Range, +/- 2% Readout Accuracy || Litmus pH Test Strips, Universal Application (pH 1-14), 2 Packs of 100 Strips || Industrial Test Systems WaterWorks 481108 Total Hardness Test Strip, 3 Second Test Time, 0-1000ppm Range (Pack of 30)"
l3_collab,<a_73>,6,other,0.8333333333333334,0.16666666666666666,other:5; tape:1,"Generic 1800088 Taylor Percussion Reflex Hammer || Pro Series 1400750340 6"" Caster || Uriah Products UV001970 17-1/2"", Vinyl Battery Carrier Strap || Bluecell Pack of 9 PCS AA / AAA Battery Storage Hard Case Box || Premium Life 5.5"" KELLY Hemostat FORCEPS (Straight)"
l3_collab,<a_177>,25,other,0.6,0.12,other:15; gauge_meter:8; fastener:1; adhesive_epoxy:1,"Nicholson File and Rasp Cleaner, 10"" Length (Pack of 1) || Nicholson 06706N Axe File, 8-Inch || Stanley 21-106 8-Inch Mill Bastard File || Nicholson 4 Piece Thread Repair File Set, Single Cut, Square Shape, Fine, 8-3/8"" Length || Dophee 10Pcs 240 Grit Flap Sanding Wheel Head Grinding Disc & 3mm Arbor for Rotary Tool"
l3_collab,<a_51>,16,other,0.8125,0.125,other:13; fastener:2; ventilation_fan:1,"Wesco 272018 Deheader with Plastic Hand Grip, For Steel Drums || Bellows Hand Duster BHD001 by Anteater || KitchenAid KSM8990WH 8-Quart Commercial Countertop Mixer, 10-Speed, Gear-Driven, White || WORKSHOP WS1625AM Air Mover Fan & Carpet Dryer, High Velocity Blower Fan/Floor Dryer with Collapsible Handle & Wheels || PowerSmith PAVC101 10 Amp Ash Vacuum"
l3_collab,<a_191>,41,gauge_meter,0.6097560975609756,0.24390243902439024,gauge_meter:25; other:9; connector_fitting:2; fastener:2; adhesive_epoxy:2; 3d_filament:1,"Vktech 5pcs 2M Waterproof Digital Temperature Temp Sensor Probe DS18b20 || Docooler&reg; Digital Temperature Controller Thermocouple with Sensor (-58~194&deg;F) 10A 110V || Inkbird ITC-1000 Dual Stage Digital Temperature Controller Fahrenheit  Celsius Thermostat with Sensor for 3D Printer,Fre || Uxcell -100-1250C 13 mm Thread 5mm Probe K Type Thermocouple Temperature Sensor || RioRand 12V DC Digital Cooling/Heating Thermostat Temp Control -50-110 &deg;c Temperature Controller 10A Relay With Wate"
l3_collab,<a_4>,59,other,0.7457627118644068,0.22033898305084745,other:44; gauge_meter:5; connector_fitting:4; fastener:4; adhesive_epoxy:1; tape:1,"100 x 2N2222 NPN TO-92 Plastic-Encapsulate Power Transistors 75V 600mA || E-Projects EPC-102 43 Value Resistor Kit, 1 Ohm - 10M Ohm (Pack of 1075) || Top-cofrLD 1/4w Resistors Pack 164 values x 10pcs = 1640pcs 0-22M Metal Film Full range resistors Assortment Kits || Electronics-Salon 0.47uF to 1000uF Electrolytic Capacitors Assortment Kit, 13 Values, Total 200 Pieces || uxcell 1N60P Germanium Detector Diode FM AM TV Radio Detection 60 Pcs"
l3_collab,<a_136>,24,gauge_meter,0.375,0.16666666666666666,gauge_meter:9; other:7; connector_fitting:4; 3d_filament:4,"Texas Instruments NE555N NE555 NE555P General Purpose Single Bipolar Timer DIP8 50 Pack || Honeytek A6013L Capacitor Tester || Hantek DSO5072P Digital Oscilloscope, 70 MHz Bandwidth, 1 GSa/s, 7.0"" Display || Rigol DS1054Z Digital Oscilloscopes - Bandwidth: 50 Mhz, Channels: 4 || Yosoo GM328 Lcd Display Transistor Tester ESR Meter Cymometer Square Wave Generator"
l3_collab,<a_202>,4,other,1.0,0.25,other:4,"HUMCO HOLDING GROUP 303950303963 Boric Acid Powder, 6 oz. || CloSYS Trial Size Intro Kit TSA Compliant || Purex Sta-Flo Liquid Starch, 64 Ounce || Corn Sugar 4lb"
l3_collab,<a_128>,39,other,0.6410256410256411,0.10256410256410256,other:25; gauge_meter:6; connector_fitting:4; 3d_filament:3; fastener:1,"Parts Express 3A Variable Transformer AC Power 0-130 VAC || FiiO D3 (D03K) Digital to Analog Audio Converter With Micca 6ft Optical Toslink Cable - 192kHz/24bit Optical and Coaxial || Orei DA21X Premium Optical SPDIF/Coaxial Digital to RCA L/R Analog Audio Converter with 3.5mm Jack Support Headphone/Spe || DAOKI 10PCS Digital DC 5V Amplifier Board Class D 23W USB Power Mini PAM8403 Audio Module || KORAD KA3005P - Programmable Precision Variable Adjustable 30V, 5A DC Linear Power Supply Digital Regulated Lab Grade"
l3_collab,<a_181>,12,other,0.6666666666666666,0.25,other:8; gauge_meter:4,"Science Purchase INSTANT Single Panel Drug Test Kit - Test For THC (marijuana) - 10 pk || Acid Test Kit Gold 10K 14K 18K 22K Silver Platinum Testing Stone Jewelers Tool || LabExact 1200158 W33 Cellulose Weighing Paper Sheet, Nitrogen Free, Non-Absorbing, High-Gloss, 3 x 3 Inches (Pack of 500 || Filter Paper, Qualitative, Medium, 11cm || Diffraction Grating Slides-Linear 1000 Line/mm"
l3_collab,<a_77>,6,other,0.5,0.16666666666666666,other:3; adhesive_epoxy:2; tape:1,"SIMMONS MFG 1350 Torque Arrestor || Devcon Epoxy Bathtub Repair Kit (Almond & White) || Dap 18172 10.1 Oz Ant Whi Alex Plus Acrylic Latex Caulk Plus Silicone || 100% Authentic Czech Pipe Tool - Tobacco Pipe Reamer Tamper Pokers Tool || Du-Bro 916 Electric Flyer Hinge Tape (1 roll, 15 ft)"
l3_collab,<a_31>,24,3d_filament,0.3333333333333333,0.25,3d_filament:8; other:8; gauge_meter:3; adhesive_epoxy:2; connector_fitting:2; fastener:1,"XCSOURCE 3D Printer MK8 Extruder Aluminum Frame Block DIY Kit Reprap i3 All Metal BI090 || Kamo 5PCS 3D Printer 0.4mm Extruder Brass Nozzle Print Head for MK8 1.75mm ABS PLA Printer || Anycubic All Metal Right Hand MK8 Extruder Aluminum Frame Block DIY Kit for Reprap i3 3D Printer || RioRand(TM) RepRap Mega 2560(Arduino compatible),RAMPS 1.4,Stepstick Pololu A4988 Stepper Driver for 3D Printer,Prusa Me || HICTOP 3 Pcs 3D Printer Extruder 0.4mm Brass Nozzle + 3 Pcs Extruder 1.75mm Tube for Reprap Prusa I3"
l3_collab,<a_137>,2,other,0.5,0.5,other:1; gauge_meter:1,PhysiciansCare by First Aid Only 90423 Handheld Portable Crank Radio with Flashlight || DE-5000 Handheld LCR Meter with accessories
l2_multihop_ranking,<a_196>,34,other,0.5,0.08823529411764706,other:17; connector_fitting:7; adhesive_epoxy:4; gauge_meter:4; ventilation_fan:1; fastener:1,"SUPCO SPP6 Relay/Capacitor Hard Start Kit with 500% Increase Starting Torque || Packard C230B 2 Pole 30 Amp Contactor, 120 Voltage Coil || MotoBatt MBCL5 5' 18AWG Cable Lead Extension || EATON 667-SP 660-Watt 125-volt Medium Base Ceiling Receptacle Lamp Holder with Pull Chain, Porcelain, White || Enerlites HET06A-White 1-5-10-15-20-30 Minutes Preset In-Wall Countdown Timer Switch, w Decorator Wall Plate, White"
l2_multihop_ranking,<a_98>,50,other,0.62,0.12,other:31; fastener:15; gauge_meter:3; adhesive_epoxy:1,"Stanley TRA708T Sharpshooter 1/2-Inch Leg Length Staples, Steel (1000 Count) || Stanley TRA708SST 1/2-Inch HD Stainless Steel Narrow Crown Staple || First Aid Only Scissors & Metal Forcep Pack || SE 612FS 12"" Stainless Steel Self-Locking Straight Forceps || Stanley TRA700BN Heavy-Duty Staple & Brad Assortment, 2500-Pack"
l2_multihop_ranking,<a_186>,61,gauge_meter,0.7704918032786885,0.21311475409836064,gauge_meter:47; fastener:11; adhesive_epoxy:3,"Kreg SML-C125-500 1-1/4-Inch #8 Coarse Pocket Hole Screws with Washer-Head, 500-Pack || Kreg SML-C2-250 Pocket Screws 2-Inch, 8 Coarse, Washer Head, 250 Count || BOSTITCH BT1335B-1M 1-3/8-Inch 18-Gauge Brads, 1000 per Box || BOSTITCH BT1309B-1M 1-Inch 18-Gauge Brads, 1000 per Box || PORTER-CABLE (PBN18075-1) 18 Gauge Brad Nails, 3/4-Inch, 1000-Pack"
l2_multihop_ranking,<a_2>,42,other,0.5714285714285714,0.23809523809523808,other:24; gauge_meter:15; adhesive_epoxy:2; connector_fitting:1,"Dico 541-774-21/2 Nyalox Cup Brush 21/2-Inch Grey 80 Grit || Brush Research FLEX-HONE Cylinder Hone, GB Series, Silicon Carbide Abrasive, 3-1/4"" (83 mm) Diameter, 240 Grit Size || United Abrasives-SAIT 20063 Type 27 4-1/2-Inch x 1/4-Inch x 7/8-Inch Grade A24R Long Life Depressed Center Grinding Whee || Dico 541-786-21/2 Nyalox Cup Brush 21/2-Inch Blue 240 Grit || Century Drill and Tool 76221 Coarse Drill Cup Wire Brush, 2-3/4-Inch"
l2_multihop_ranking,<a_210>,71,adhesive_epoxy,0.8873239436619719,0.22535211267605634,adhesive_epoxy:63; tape:5; other:2; 3d_filament:1,"Hot Stuff Super T Medium Instant CA Glue, 2oz HST-4 || Loctite 1329837 243 Blue Medium Strength Threadlockers, 0.34 oz., 10 mL, 3/4"" Thread || Gorilla 2 Part Epoxy, 5 Minute Set, .85 ounce Syringe, Clear || Loctite Ultra Gel Control Super Glue 4-Gram (1363589) || Super Glue 15187 Super Glue, 12-Pack"
l2_multihop_ranking,<a_34>,64,other,0.625,0.21875,other:40; gauge_meter:13; adhesive_epoxy:8; fastener:2; connector_fitting:1,"PORTER-CABLE 740000801 4 1/2-Inch x 10yd 80 Grit Adhesive-Backed Sanding Roll || PORTER-CABLE 740001201 4 1/2-Inch by 10yd 120 Grit Adhesive-Backed Sanding Roll || 4-1/2"" Cut-off Wheels for Metal, for Cutting All Ferrous Metals and Stainless Steel || Jumbo 51pc Drum Sanding Kit - Fits Dremel - Includes Rubber Drum Mandrels - 1/2, 3/8 & 1/4 || Dremel EZ407SA EZ Drum Sanding Band and Mandrel"
l2_multihop_ranking,<a_5>,57,other,0.8245614035087719,0.19298245614035087,other:47; gauge_meter:6; adhesive_epoxy:3; connector_fitting:1,"UltraSource 192033 Hamburger Patty Paper, 5.5"" x 5.5"" (Pack of 1000) || UltraSource 192033 Hamburger Patty Paper, 5.5"" x 5.5"" (Pack of 1000) || Augbunny 100% Cotton 5- by 7-Inch Muslin Bags with Drawstring, 12-Pack || Silica Gel Desiccants 2-1/4 x 1 1/2 Inches - 25 Silica Gel Packets of 10 Grams Each by Dry-Packs || SG-40 Silica Gel Dehumidifier Desiccant 40 Gram Orange/Green No Cobalt (II) Chloride"
l2_multihop_ranking,<a_238>,79,connector_fitting,0.4050632911392405,0.22784810126582278,connector_fitting:32; gauge_meter:32; fastener:9; adhesive_epoxy:3; other:3,"Anderson Metals Brass Tube Fitting, Half-Union, 3/8"" Flare x 1/8"" Male Pipe || The Hillman Group 591521 Small Flat and Lock Washer Assortment, 270-Pack || 18-8 Stainless Steel Flat Washer, Plain Finish, #10 Hole Size, 13/64"" ID, 7/16"" OD, 0.03"" Nominal Thickness (Pack of 100 || Dixon BCN100 Brass Fitting, Hex Nipple, 1"" NPT Male || Stainless Steel 304/304L Pipe Fitting, Nipple, Schedule 40 Welded, 4"" X 6"" NPT Male by Merit Brass"
l2_multihop_ranking,<a_74>,24,tape,0.875,0.2916666666666667,tape:21; other:2; adhesive_epoxy:1,"Scotch Foil Tape, 2-Inch by 50-Yard || M-D Building Products 2758 High Density Foam Tape, White || 3M Construction Seaming Tape 8087 Red, 72 mm x 50M, 2 13/16 in x 55 yd (Pack of 1) || Intertape Polymer Group 5936USW Sheathing Tape, 2-1/2 in. x 55 yd, White || M-D Building Products 2733 Tape, White"
l2_multihop_ranking,<a_165>,65,gauge_meter,0.4307692307692308,0.07692307692307693,gauge_meter:28; other:26; fastener:8; adhesive_epoxy:2; tape:1,"T&Uuml;RLEN DIAL INDICATOR 0-1"" AGD SPEC 0.001"" w/LUG BACK || Eclipse Quick Release Woodworking Vise, Gray Cast Iron, 9"" Size || Set of Rubber Magnetic Vise Jaws. Protection for your Projects || Bessey BV-NVJ Multi-Purpose Vise Jaws (Jaws Only) || T&uuml;rlen Precision TEST DIAL INDICATOR 7 JEWELS .0005"" 0-15-0"
l2_multihop_ranking,<a_239>,75,gauge_meter,0.8,0.06666666666666667,gauge_meter:60; other:8; connector_fitting:3; 3d_filament:2; adhesive_epoxy:1; tape:1,"Amprobe TL36A Test Leads with Alligator Clips, 1000V || Wixey WR300 Digital Angle Gauge || B&K Precision 879B Dual Display Handheld Deluxe Universal LCR Meter with Backlit Display || Anytime Tools Dial Caliper 6"" / 150mm DUAL Reading Scale METRIC SAE Standard INCH MM || Neiko 01409A Electronic Digital Caliper with Extra Large LCD Screen | 0 - 12 Inches | Inch/Fractions/Millimeter Conversi"
l2_multihop_ranking,<a_114>,49,other,0.4897959183673469,0.08163265306122448,other:24; gauge_meter:22; connector_fitting:2; tape:1,"Titan Tools 11185 Telescoping Inspection Mirror || Fantronics 7mm Android Endoscope OTG Micro USB Endoscope Waterproof Borescopes Inspection Camera with 6 LED and 3.5M Cab || Solar Eclipse SE001CAM Wall and Pipe Inspection Camera with 2.4"" Color LCD Monitor || General Tools 80560 Telescoping LED Lighted Inspection Mirror, 360 Swivel  for Extra Viewing || Carson MagniFlip 3X Flip-Open Pocket Magnifiers with Built-in Case for Reading, Inspection, Crafts, Hobby and Tasks (GN-"
l2_multihop_ranking,<a_69>,52,other,0.7115384615384616,0.2692307692307692,other:37; gauge_meter:4; adhesive_epoxy:4; fastener:4; connector_fitting:2; ventilation_fan:1,"Shop-Vac 9064900 2-1/2-to-1-1/2-Inch Conversion Unit || Shark Navigator Lift-Away Professional NV356E || SharkNinja Rocket DeluxePro Ultra-Light Upright Corded Stick Vacuum, Bordeaux || Shop-Vac 2030100 1.5-Gallon 2.0 Peak HP Wet Dry Vacuum, Small, Red/Black || Shop-Vac 9068400 2.5-Inch by 40-Inch Extension Wands"
l2_multihop_ranking,<a_112>,77,fastener,0.8441558441558441,0.16883116883116883,fastener:65; gauge_meter:11; connector_fitting:1,"Swordfish 32051 Brass Plated Wood Screw Assortment, 500 Piece || Brass Wood Screw, Plain Finish, Flat Head, Slotted Drive, 3/8"" Length, #6 Threads (Pack of 100) || Hilitchi 260pcs M3/4/5/6/8 Allen Head Socket Hex Grub Screw Set Assortment Kit with Plastic Box 12.9 Class Black Alloy S || Swordfish 31930 Stainless Steel Screw Assortment, 420 Piece || Stainless Steel Phillips Flat Machine Screw Kit #K18MPF"
l2_multihop_ranking,<a_65>,99,gauge_meter,0.46464646464646464,0.13131313131313133,gauge_meter:46; adhesive_epoxy:16; other:13; fastener:9; tape:6; 3d_filament:5,"Eye-Vac EVPRO Tuxedo Black Touchless Stationary Vacuum &ndash; 1400 Watts Professional Vacuum with HEPA Filtration, Bag- || Racor LDL-1B Ladder Lift || W1 Tool Steel Round Rod, Polished Finish, Precision Ground, Annealed, 0.0625"" Diameter, 36"" Length || Eagle 1654 Yellow Blow-Molded HDPE Salvage Drum with Metal Ring Lever-Lock Lid, 20 gallon Capacity, 21"" Height, 21"" Diam || RapidFix Dual Adhesive System, 25 mL,Boss Products USA,RFX7121100,RFX7121101"" />"
l2_multihop_ranking,<a_223>,71,tape,1.0,0.22535211267605634,tape:71,"Gardner Bender 07315001126 LTB-400 Liquid Electrical Tape, Easy-on, Waterproof, Indoor/Outdoor Use, 4 Oz. Jar, Black, Bo || Morris 60202 Black Commercial Grade Vinyl Electrical Tape, 8.5 mil, 66' Length, 2"" Width || 3M High Temperature Flue Tape, 15-Foot Roll || 3M Multi-Use Duct Tape, 2930-C, 1.88 Inches by 30 Yards || JVCC EL7566-AW Synthetic Rubber Electrical Tape, 3 in. x 66 ft. (72mm x 20m), Black"
l2_multihop_ranking,<a_177>,59,other,0.5932203389830508,0.1694915254237288,other:35; gauge_meter:11; fastener:6; adhesive_epoxy:5; connector_fitting:2,"Wine Yeast Red Star Premier Classique Formerly Montrachet For Wine Making x10 || 1 X Hydrometer - Triple Scale || Magnum Media DUAL SCALE 0-32% Brix and 1.000-1.130SG Wort Refractometer RSG-100ATC Beer Home Brew || Colgate Cavity Protection Toothpaste with Fluoride - 1 ounce (24 Pack) || Colgate Optic White Whitening Toothpaste, Sparkling White - 0.85 ounce (Case of 24)"
l2_multihop_ranking,<a_8>,50,connector_fitting,0.54,0.16,connector_fitting:27; gauge_meter:10; other:7; adhesive_epoxy:4; tape:1; fastener:1,Uxcell a11060700ux0191 RG6 F-Type Coax Coaxial Cable RF Connector Male (Pack of 5) || Yueton 100pcs Female Fully Insulated Wire Crimp Terminal Nylon Quick Connectors Wiring Spade || 520 Piece Electrical Terminal Assortment with Storage Box || Z&T Solderless Flexible Breadboard Jumper Wires M/M 100pcs || Storehouse 67520 158 Pc Wire Connector Assortment
l2_multihop_ranking,<a_241>,58,other,0.6379310344827587,0.1896551724137931,other:37; gauge_meter:11; fastener:10,"A World Of Deals 1 oz. Non-Sterile Graduated Plastic Medicine Cups, 100 Piece || Plastic Transfer Pipettes 3ml, Graduated, Pack of 100 || Plastic Transfer Pipettes 3ml Graduated Pack of 100 || Science Purchase Disposable Luer-Slip Tip 3mL Syringe, Sterile without Needle, 100 Count || Medline DYND70102H Enema Bag Sets"
l2_multihop_ranking,<a_174>,22,adhesive_epoxy,0.8636363636363636,0.36363636363636365,adhesive_epoxy:19; fastener:1; gauge_meter:1; other:1,"System Three 1100K16 T-88 Kit, 1 quart Bottle, Amber || Blue Magic 16002TRI QuikSteel Steel Reinforced Epoxy Putty Repair, Blister Pack - 2 oz. || Rectorseal 97606 4-Ounce Ep-400 Epoxy Putty || Dap 18120 Alex Plus Brown (18112) Raw Building Material || Dap 18370 Self-Leveling Concrete 3.0 Sealant 9.0-Ounce"
l2_multihop_ranking,<a_122>,11,other,0.8181818181818182,0.18181818181818182,other:9; gauge_meter:2,"Ludell 11604 High Grade Steel Splitting Wedge, 4lb || Shepherd Hardware 9435 Wedge-It White Plastic Shims || EZ-SHIM JS500BP 4-Count Bath Fixture Shims || Moen LR2352DBN Toilet Paper Holder with Grab Bar, Brushed Nickel || Wedge-It - The Ultimate Door Stop - Black"
l2_multihop_ranking,<a_178>,19,other,0.3684210526315789,0.2631578947368421,other:7; gauge_meter:6; fastener:5; adhesive_epoxy:1,"Olympia Tools 38-644 5-Inch Open End Multi-Purpose Vise || American Educational Cast Iron Support Ring Stand with Triangular Base, 7-3/4"" Legs, 7/16"" Diameter x 23"" Length Rod Siz || American Educational 7-G15-A Cast Iron Support Ring Stand with Acid Resistant Finish, 8"" Length x 5"" Width Base Size || 3000 Pentagon Tools Professional Quality Foot Lifter For Drywall And Sheetrock Panels Amazing Mini-Lifter || Trinity TLS-0201 EcoStorage NSF, 48-Inch Stainless Steel Utility Table"
l2_multihop_ranking,<a_82>,20,other,0.3,0.15,other:6; gauge_meter:6; connector_fitting:4; adhesive_epoxy:3; 3d_filament:1,"Neiko 50463A SAE Hydraulic Grease Fitting Kit, 110 Piece | Straight and Angled | 1/4"", 1/8 || Zoeller 30-0181 PVC Plastic Check Valve, 1-1/2 Inch || Yellow Jacket 93842 Mini Ball Valve (3 Pack) || Webstone 44443WPR 3/4-Inch IPS Isolator EXP E2 Tankless Water Heater Service Valve Kit with Clean Brass Construction || Watts 0009257 25AUB-Z3, 3/4"", bronz"
l2_multihop_ranking,<a_237>,58,other,0.5,0.1724137931034483,other:29; gauge_meter:16; fastener:7; adhesive_epoxy:3; connector_fitting:3,"Forney 20859 Cutting Fluid, Industrial Pro Tap Magic, 1-Gallon || CRC 5037 White Lithium Grease - 10 Wt Oz. || Hot Max 27050 Tap Magic Cutting Fluid, 4 oz. || Mist Coolant Lubrication Spray System For 8mm Air Pipe CNC Lathe Milling Drill || DuPont Teflon Silicone Lubricant"
l2_multihop_ranking,<a_146>,25,fastener,0.4,0.12,fastener:10; gauge_meter:8; other:5; connector_fitting:2,"Precision Brand M6S Micro Seal, Miniature All Stainless Worm Gear Hose Clamp, 5/16"" - 7/8"" (Pack of 10) || Pro Tie 33201 SAE Size 6 Range 7/16-Inch-11/16-Inch Mini All Stainless Hose Clamp, 10-Pack || Pro Tie 33101 SAE Size 12 Range 5/8-Inch-1-1/4-Inch SS Turn Key All Stainless Hose Clamp, 10-Pack || Cambridge Hose Clamps SAE Size 16, 10 Pcs. || Neiko 50458A Snap Ring Shop Assortment, 300 Count | 18 Sizes (1/8"" - 1-1/4"") | Hardened Steel"
l2_multihop_ranking,<a_15>,67,gauge_meter,0.43283582089552236,0.23880597014925373,gauge_meter:29; other:25; adhesive_epoxy:6; connector_fitting:4; fastener:3,"4 Pack Caster Wheels Swivel Plate Stem Brake Casters On Red Polyurethane Wheels (4 inch with brake) || RhinoGear 11909ABMI RhinoRamps Vehicle Ramp - Set of 2 (12,000lb. GVW Capacity) || Vestil FWD-1824-3R Fiberwood Dolly with 3"" Rubber Casters, 800 lbs Capacity, 23-3/4"" Length x 17-7/8"" Width x 4-11/16"" H || MegaDeal AC201710300001 12 Pack 2"" Swivel Caster Wheels Rubber Base with Top Plate & Bearing Heavy Duty || Reliable Hardware Company RH-9005-SET-A Casters Swivel Top Plate 2-Inch Wheel Diameter Zinc, Set of 4"
l2_multihop_ranking,<a_145>,23,adhesive_epoxy,0.6521739130434783,0.17391304347826086,adhesive_epoxy:15; other:6; 3d_filament:1; fastener:1,"Permatex 51813 Anaerobic Gasket Maker, 50 ml Tube || Oatey 30246 PVC Regular Cement and 4-Ounce NSF Purple Primer Handy Pack, 4 oz || Oatey 30821 Cement, 8-Ounce, Milky-Clear || Rectorseal 74026 3-Ounce C-Flux || MEECO'S RED DEVIL 121 Furnace Cement and Fireplace Mortar"
l2_multihop_ranking,<a_76>,41,adhesive_epoxy,0.926829268292683,0.21951219512195122,adhesive_epoxy:38; other:2; tape:1,"Permatex 80050 Clear RTV Silicone Adhesive Sealant, 3 oz || Rutland Products 76C 500-Degree RTV High Heat Silicone Seal, 10.3-Ounce Cartridge, Clear || GE Silicone 2+ Window & Door Caulk, 10.1 Oz. Tube, Clear, GE5000 || J-B Weld 31314 Red High Temperature RTV Silicone Gasket Maker and Sealant - 3 oz. || Silicone RTV 4500 FDA Grade High Strength Silicone Sealant, Clear (2.8 fl.oz)"
l2_multihop_ranking,<a_44>,24,other,0.7916666666666666,0.125,other:19; adhesive_epoxy:3; fastener:1; gauge_meter:1,"POR-15 40204 Metal Prep - 1 quart || Osborn International 75116SP Steel File Card, 3-3/4"" Brush Area Length || Rust Bullet MB24SP Metal Blast Rust Treatment and Rust Remover, 24 oz. Spray Bottle, Clear Liquid || Rubbermaid Commercial FG636400LAC Lacquered-Wood Handle with Threaded Metal Tip, Natural || Nicholson File and Rasp Cleaner, 10"" Length (Pack of 1)"
l2_multihop_ranking,<a_38>,88,other,0.5454545454545454,0.06818181818181818,other:48; 3d_filament:24; gauge_meter:12; connector_fitting:3; fastener:1,"New 12V 5A 12V 19mm Red LED Momentary Push Button Metal Switch Car Boat Speakers Bells Horn || Wixey WR300 Type 2 Digital Angle Gauge with Backlight&hellip; || CO-Z 5pcs Hss Cobalt Multiple Hole 50 Sizes Step Drill Bit Set with Aluminum Case || HDE RJ45 RJ11 RJ12 Cat5 Cat6 UTP Network Cable Tester for LAN Phone Wire Test Tool || Dr.meter 30V/5A DC Bench Power Supply Single-Output 110V/220V Switchable with Alligator Clip included, US 3-prong Cable,"
l2_multihop_ranking,<a_200>,39,3d_filament,0.4358974358974359,0.1282051282051282,3d_filament:17; other:17; fastener:2; adhesive_epoxy:1; gauge_meter:1; tape:1,"Geeetech I3 Pro C, Dual Extruder,double Head,reprap Pursa I3 3d Printer,two-color Printing, High Resolution || XYZprinting da Vinci 1.0 AiO All-in-One 3D Printer (Scan/Edit/Print) || Foreasy 3D Printer Tool 3D Print Removal Tool Enhanced Version Set of 2 || Octave Tool Kit A for 3D Printer || da Vinci 1.0 3D Printer - 7.8"" x 7.8"" x 7.8"" Built Volume (Fully Enclosed Design for ABS/PLA/Flexible Material)"
l2_multihop_ranking,<a_195>,166,3d_filament,0.9939759036144579,0.37349397590361444,3d_filament:165; tape:1,"HATCHBOX PLA 3D Printer Filament, Dimensional Accuracy +/- 0.03 mm, 1 kg Spool, 1.75 mm, Blue || HATCHBOX Glow in the Dark PLA 3D Printer Filament, Dimension Accuracy +/-0.03 mm, 1 kg Spool, 1.75 mm - Blue || Gorilla 6100101 Tape Handy Roll, 1-Pack, Black || HATCHBOX PLA 3D Printer Filament, Dimensional Accuracy +/- 0.03 mm, 1 kg Spool, 1.75 mm, Green || UP! ABS Plastic Filament, 1.75 mm Diameter, 1.54 lbs Spool, Black"
l2_multihop_ranking,<a_158>,72,3d_filament,0.9305555555555556,0.16666666666666666,3d_filament:67; other:5,"HATCHBOX 1 Spool 3D Printer Filament Tabletop Wall Mount Rack || USAFilament 9800429 ABS 3D Printing Filament, 2.2 lb, 1.75 mm, White Spool || Gizmo Dorks 1.75mm PLA Filament 1kg / 2.2lb for 3D Printers, Black || Gizmo Dorks 1.75mm PLA Filament 1kg / 2.2lb for 3D Printers, Translucent Green || Gizmo Dorks 1.75mm PLA Filament 1kg / 2.2lb for 3D Printers, White"
l2_multihop_ranking,<a_227>,30,gauge_meter,0.5333333333333333,0.1,gauge_meter:16; fastener:6; other:6; adhesive_epoxy:2,"Industrial & Scientific"" /> || Industrial & Scientific"" /> || Industrial & Scientific"" /> || Industrial & Scientific"" /> || Industrial & Scientific"" />"
l2_multihop_ranking,<a_59>,82,gauge_meter,0.7073170731707317,0.23170731707317074,gauge_meter:58; connector_fitting:17; adhesive_epoxy:5; other:2,"American Terminal E-FFR250N-100 22/18-Gauge Economy Nylon Fully-Insulated Female Quick Disconnects || Wago Wire Connector 600 V Clear 4 Conductor 100 / Box || Arlington LPCG50-1 Low-Profile Strain Relief Cord Connector, 1/2 Inch || Loos Cableware ST2-4 Copper Crimping Stop Sleeve Set for 1/8"" Diameter Wire Rope (50 Piece) || Koch 015021 Cable, 7 by 7 Construction, Trade Size 1/16 by 125 Feet, Stainless Steel"
l2_multihop_ranking,<a_19>,42,other,0.6904761904761905,0.5238095238095238,other:29; gauge_meter:6; fastener:3; adhesive_epoxy:2; connector_fitting:2,"WEN 73002 500-Pound Capacity Service Cart || Rubbermaid Commercial BRUTE Heavy-Duty Round Waste/Utility Container with Venting Channels, 20-gallon, Gray (FG262000GRA || Sparco Folding Platform Truck, 660 lbs, 24-3/4 x 36 x 29-1/2 Inches, Blue (SPR02040) || Best Choice Products 4-Wheel Foldable Rolling Warehouse Moving Flatbed Platform Dolly Push Cart w/ 330lb Capacity, Non-S || Vestil LID-STL-LL Steel Lever Lock Pail Lid, for 5 gallon, Black"
l2_multihop_ranking,<a_95>,27,gauge_meter,0.4444444444444444,0.07407407407407407,gauge_meter:12; other:10; fastener:3; adhesive_epoxy:2,"MLCS 9080 Billy Pedal Foot Switch, Deadman Style || Genie 34107R.S Screw Drive Carriage || Westek SW103CT Outdoor Swivel Photo Control || Honeytek A6013L Capacitor Tester || HFS (R) Magnetic Base Indicator Back holder For AGD2 1"" Dial Indicator"
l2_multihop_ranking,<a_118>,44,other,0.8181818181818182,0.18181818181818182,other:36; adhesive_epoxy:5; gauge_meter:2; fastener:1,"Spectra 360 Electrode Gel - Parker Laboratories - 60g (2oz) Tube - (Pack of 3) || SafeTouch Nitrile Exam Gloves, Non Latex, Powder Free, Small, 100/Box || Dynarex 2201 Medical Surgical Face Masks (Pack of 50) || 3M Vetbond Tissue Adhesive, 3ml Bottles w/MSDS || Nitrile Exam Glove (non-latex) PF Medium Blue 100/BX"
l2_multihop_ranking,<a_193>,77,other,0.5324675324675324,0.23376623376623376,other:41; 3d_filament:18; connector_fitting:7; gauge_meter:5; tape:3; adhesive_epoxy:1,"Metronic 12 inch Impulse Bag Sealer Poly Bag Sealing Machine Heat Seal Closer with Repair Kit(12 inch) || Polycarbonate (PC) Sheet, Transparent Clear, Standard Tolerance, ASTM D3935, 0.093"" Thickness, 12"" Width, 24"" Length || Polycarbonate (PC) Sheet, Transparent Clear, Standard Tolerance, ASTM D3935, 0.08"" Thickness, 12"" Width, 24"" Length || High Temperature Heat Resistant Tape Sublimation Tape Koptan Tape 2 Rolls 10mm X 33m 100ft || Marrywindix 6pcs ESD Precision Anti-Static Tweezers, Tweezers Stainless Steel Tweezers with a Bag for Electronics Jewelr"
l2_multihop_ranking,<a_41>,42,other,0.40476190476190477,0.11904761904761904,other:17; fastener:16; gauge_meter:6; adhesive_epoxy:3,"10pcs Mini Cabinet Drawer Butt Hinge || ARROW 160455 Drywall Drill Bit, Screw and Anchor Kit || Wall Control ASM-SH-1606 R Deep Pegboard Shelf Assembly for Wall Control Pegboard Only, 6"", Red || Bulldog 131525 Multi-Screwdriver Holder Peg Hook || Storehouse 67543 220 Piece Wall Anchor Assortment"
l2_multihop_ranking,<a_130>,31,tape,0.6774193548387096,0.2903225806451613,tape:21; other:7; gauge_meter:3,"Scotch Heavy Duty Shipping Packaging Tape, 3"" Core, 1.88"" x 54.6 Yards, 6-Rolls (3850-6) || Scotch Fingerprint Lifting Tape 8004 Clear, 2 in x 10 yd, Conveniently Packaged (Pack of 6) || Avery Shipping Tags, Reinforced Hole, Manila, 4.75 x 2.375 Inches, Pack of 100 (11011) || 3M Safety Stripe Tape 5702 Black/Yellow, 1 in x 36 yd 5.4 mil, Conveniently Packaged (Pack of 1) || Durable Heavy Duty Aluminum Foil Roll, 18 Width x 1000' Length"
l2_multihop_ranking,<a_12>,46,other,0.5,0.13043478260869565,other:23; gauge_meter:18; fastener:4; adhesive_epoxy:1,"PSI LCENTLT2 No. 2MT Heavy Duty Live Tailstock Center || Neiko 10194A Titanium Step Drill Bit, High Speed Steel | 1/4"" to 1-3/8"" | Total 10 Step Sizes || Neiko 10197A Titanium Step Drill Bit Set, High Speed Steel | 5-Piece Set | Total 50 Sizes || Drill America DWT Series Qualtech High-Speed Steel Round Adjustable Threading Die, 1-1/2"" Diameter, 11/16""-18 Size (Pack || Miller Electric 229895 Gage, Wire Metal Sizes"
l2_multihop_ranking,<a_217>,17,fastener,0.5882352941176471,0.11764705882352941,fastener:10; gauge_meter:4; other:1; adhesive_epoxy:1; connector_fitting:1,"25-Pack 7/64"" Stainless Steel Screw Eye Rings || IIT 16736 Safety PTO Pin Assortment, 5-Piece || 3M 05539 Roloc 2"" Disc Pad Assembly || Lifegard Aquatics 3/4-Inch Double Threaded Bulkhead || 315 Pieces Roll Pin Assortment Kit Set - SAE"
l2_multihop_ranking,<a_246>,48,connector_fitting,0.5625,0.25,connector_fitting:27; gauge_meter:11; adhesive_epoxy:7; fastener:2; 3d_filament:1,"Woodstock W1038 4-Inch Quick Connect and Disconnect || ColorConnex Coupler & Plug Kit (7 Piece), Industrial Type D, 1/4 in. NPT, Red - A73457D || Anderson Metals Brass Hose Fitting, Connector, 5/16"" Barb x 3/8"" Male Pipe || Anderson Metals Brass Hose Fitting, Connector, 3/4"" Barb x 3/4"" Male Pipe || Thogus Polyethylene Tube Fitting, 90 Degree Elbow, Black, 3/8"" Barbed (Pack of 10)"
l2_multihop_ranking,<a_175>,36,gauge_meter,0.4444444444444444,0.2777777777777778,gauge_meter:16; other:10; connector_fitting:8; fastener:1; adhesive_epoxy:1,"GREX P6/MP-3 23 Gauge Multi-Pack Headless Pins (3,000 per box) || SE TL10 10-Piece Test Lead Set with Alligator Clips || Tonor TM RJ45 RJ11 RJ12 CAT5 CAT 6 UTP Network Lan Cable Tester Test Tool || VicTsing RJ45 RJ11 Cable Tester Network LAN Ethernet Phone Telephone Cable Tester Wire Tracker Scanning Device Wire Meas || Push-On Alligator Clips for Test Leads"
l2_multihop_ranking,<a_54>,64,gauge_meter,0.546875,0.234375,gauge_meter:35; other:20; tape:8; connector_fitting:1,"White SiliconeTubing, 1/2""ID, 3/4""OD, 1/8""Wall, 25' Length || White SiliconeTubing, 3/16""ID, 1/4""OD, 1/32"" Wall, 10' Length || Stainless Steel 304L Welded Round Tubing, 2"" OD, 1.93"" ID, 0.035"" Wall, 36"" Length || LDR Industries 516 B1210 Nylon Tubing, 1/2"" x 10', Clear || Camco 4ft TastePURE Drinking Water Hose - Lead and BPA Free, Reinforced for Maximum Kink Resistance,  1/2""Inner Diameter"
l2_multihop_ranking,<a_109>,36,connector_fitting,0.6666666666666666,0.7222222222222222,connector_fitting:24; other:6; gauge_meter:4; fastener:1; adhesive_epoxy:1,"uxcell 5 Pcs Dual Row 4 Position Covered Screw Terminal Strip 600V 25A || SA180 Adhesive Standoffs, 24 Pack, 0.180"" Height, Offset 0.6x0.6"" Base, Fits 0.125"" PCB Hole || Uxcell a14092200ux1053 LED Pilot Light Panel Indicator (Pack of 3) || Nilight GA0005 Holder TAP Adapter Mini ATM APM Blade Fuse Holder-10 Pack || Uxcell a10073000ux0031 2 Pcs 8 Position Double Row Screw Terminal Covered Barrier Strip 600V 25A"
l2_multihop_ranking,<a_153>,38,other,0.5,0.13157894736842105,other:19; fastener:7; tape:6; gauge_meter:5; adhesive_epoxy:1,"Stainless Steel Tumbling Media Pins - 0.047"" Diameter, 0.255"" Length (5 lb Pack) || 110 Copper Round Rod, Unpolished (Mill) Finish, H04 Temper, ASTM B187, 0.25"" Diameter, 24"" Length || Caster Classics 2-inch Low Profile HD Rubber Wheel Plate Casters - 4-Pack || Workbench Caster Kit 4 Pack || 4.5"" x 7/8"" Premium Zirconia Flap Disc Grinding Wheel 60 Grit Type 29-10 Pack"
l2_multihop_ranking,<a_26>,20,other,0.6,0.1,other:12; gauge_meter:5; connector_fitting:1; fastener:1; adhesive_epoxy:1,#10 Solid Rubber Stopper || 5 Gallon Plastic Hedpack with cap || CB 7101S1 72-Pieces Blank Microscope Slides & 100-Pieces Square Cover Glass || RiteBrew Rubber Stopper - Size 10 - Drilled || AmScope 50pc Pre-Cleaned Blank Ground Edge Glass Microscope Slides and 100pc Pre-Cleaned Square Glass Cover Slips Covers
l2_multihop_ranking,<a_36>,40,other,0.7,0.2,other:28; fastener:5; gauge_meter:4; adhesive_epoxy:1; connector_fitting:1; tape:1,"LEDMart(tm) 50w LED Flood Light (2) Cool White Lamp Landscape Outdoor Waterproof 90-240v, 120 Degree Beam Angle (2) || uxcell Metal Nut LED Mounting Holder Panel w 3mm 50 Pieces Black || 100 x 2N2222 NPN TO-92 Plastic-Encapsulate Power Transistors 75V 600mA || SUNKEE 20pcs Photo Light Sensitive Resistor Photoresistor Optoresistor 5mm GM5539 5539 || microtivity IL188 5mm Assorted Clear LED w/Resistors (8 Colors, Pack of 80)"
l2_multihop_ranking,<a_100>,13,tape,0.6153846153846154,0.07692307692307693,tape:8; adhesive_epoxy:3; other:2,"Rescue Tape RT1000201202USCO || GT-5000 (3 strips) Grip Tape for guns, cell phones, cameras, knives, tools - makes anything""Grippy"". || Phresh Duct Silencer 8 in x 24 in || Rothco Duct Tape || DEFRSMVT - SATE-LITE RSMVT Slow-Moving Vehicle Triangle"
l2_multihop_ranking,<a_105>,61,gauge_meter,0.5901639344262295,0.09836065573770492,gauge_meter:36; other:18; test_strip:6; adhesive_epoxy:1,"Vintage Shop PW-COIA-QACH Hydrometer 12"" Test Jar with Removable Base || URBEST Digital PH Meter, Black || Vktech New Universal 160 Full Range 1-14 pH Test Paper Strips Litmus Testing Kit N || Litmus pH Test Strips, Universal Application (pH 1-14), 2 Packs of 100 Strips || Industrial Test Systems WaterWorks 481108 Total Hardness Test Strip, 3 Second Test Time, 0-1000ppm Range (Pack of 30)"
l2_multihop_ranking,<a_89>,31,other,0.6451612903225806,0.12903225806451613,other:20; adhesive_epoxy:6; fastener:5,"Red Devil 0325 Steel Wool, 2 Medium Course, 8 Pads || Rubbermaid Commercial Sanded Wood Handle with TapeRed Tip, 60-Inch Length, Natural (FG636200NAT) || Carlisle 3621962414 Sweep Complete Aluminum Handle Floor Sweep with Squeegee, Plastic Bristles, 24"" Length, 3"" Bristle T || 3M Garnet Sandpaper, 9-Inch by 11-Inch, Assorted-Grit, 5-Sheet - 9040NA || Rust-Oleum 278146 NeverWet 11-Ounce Outdoor Fabric Spray, Clear"
l2_multihop_ranking,<a_123>,9,other,0.7777777777777778,0.2222222222222222,other:7; adhesive_epoxy:1; fastener:1,"Enkay 150 Carded Polishing Compound Kit, 4 Piece || Wesco 272018 Deheader with Plastic Hand Grip, For Steel Drums || Stanley 21-106 8-Inch Mill Bastard File || Forney 72391 Replacement Cutters for Bench Grinding Wheel Dresser || Enkay 140-BL  1-Pound Black Emery Compound, Carded"
l2_multihop_ranking,<a_48>,52,other,0.6346153846153846,0.1346153846153846,other:33; gauge_meter:11; fastener:6; adhesive_epoxy:2,"Applied Magnets 2-pc, 1.5"" Strong NdFeB Neodymium Cup Magnet with Countersunk Hole. || South Main Hardware 810180, 12'/1"""", Silver Lashing Strap (2 Pack) || Master Lock Strap, 12 ft. Long Lashing Strap, 3060DAT (Pack of 2) || Stainless Steel 316 Wire Rope on Reel, 7x7 Strand Core, 1/8"" Bare OD, 250' Length, 340 lbs Breaking Strength || BYKES 50 Neodymium Super Strong Extremely Powerful Rare Earth Refrigerator Magnets 1/8 x 1/8 inch Cylinder N48"
l2_multihop_ranking,<a_23>,44,tape,0.6363636363636364,0.18181818181818182,tape:28; adhesive_epoxy:9; 3d_filament:7,"Gorilla Tape, Black Duct Tape, 1.88"" x 35 yd, Black, (Pack of 1) || Gorilla Crystal Clear Duct Tape, 1.88&rdquo; x 9 yd, Clear, (Pack of 1) || RH Adhesives HH-66 Industrial Strength Vinyl Cement Glue with Brush, 8 oz, Clear || RH Adhesives Br, HH-66 PVC 4 oz Vinyl Cement Glue with Brush || Duck Brand 442055 Wrap-Fix Repair Tape, 1-Inch by 10 Feet, Single Roll, Black"
l2_multihop_ranking,<a_254>,32,other,0.625,0.4375,other:20; gauge_meter:5; adhesive_epoxy:4; 3d_filament:3,"110 Copper Rectangular Bar, Unpolished (Mill) Finish, H04 Temper, ASTM B187, 1/4"" Thickness, 2"" Width, 36"" Length || Pratt PRA0017 100% Recycled Corrugated Cardboard Box, 8"" Length x 6"" Width x 6"" Height, Kraft || KYDEX V Sheet - 0.028"" Thick, Black, 12&rdquo;x12&rdquo; Nominal || LASCO 02-1048E Rubber Sheet, 6-Inches X 6-Inches and 1/16-Inch Thick || HDPE (High Density Polyethylene) Sheet, Opaque Off-White, Standard Tolerance, ASTM D4976-245, 0.125"" Thickness, 12"" Widt"
l2_multihop_ranking,<a_235>,68,gauge_meter,0.5,0.14705882352941177,gauge_meter:34; adhesive_epoxy:15; other:11; connector_fitting:5; tape:3,"HOODDEAL 50pcs Waterproof Solder Seal Heat Shrink Butt Connectors with Soldering Sleeve || Duck Brand 299006 3/4-Inch by 60 Feet Utility Vinyl Electrical Tape with Single Roll, Black, 3/4 Inch x Economy || URBEST 328 Pcs Assorted Heat Shrink Tube 5 Colors 8 Sizes Tubing Wrap Sleeve Set Combo (328PCS) || Vktech 280Pcs 2:1 Heat Shrink Tubing Tube Sleeving Wrap Cable Wire 5 Color 8 Size (5 Color) || SummitLink Pack of 328 Pcs Assorted Heat Shrink Tube 5 Colors 8 Sizes Tubing Wrap Sleeve Set Combo"
l2_multihop_ranking,<a_173>,28,other,0.75,0.10714285714285714,other:21; ventilation_fan:3; adhesive_epoxy:3; 3d_filament:1,"DuPont Teflon Non-Stick || VIVOSUN 4 inch Inline Duct Booster Fan 100 CFM, Low Noise & Extra Long 5.5' Grounded Power Cord || DuPont Teflon Non-Stick || 3M Aqua-Pure Whole House Replacement Water Filter &ndash; Model AP810 || Ajent Citric Acid 100% Pure Food Grade Non-GMO (Approved for Organic Foods) 5 Pound"
l2_multihop_ranking,<a_99>,19,adhesive_epoxy,0.5263157894736842,0.5789473684210527,adhesive_epoxy:10; fastener:6; other:2; tape:1,"3M Dual Lock Reclosable Fastener TB3561/TB3562 400/170 Clear 1 in x 10 ft (1 Mated Strip/Bag) || Monoprice Hook & Loop Fastening Tape 5 yard/roll, 0.75-inch - Blue (105830) || 3M Dual Lock Reclosable Fastener TB3551/TB3552 400/170 Black 1 in x 10 ft (1 Mated Strip/Bag) || 3M Company #RF6731 2PR 1x3 Re-Close Strip || 3M 08946 Clear Silicone Paste - 8 oz."
l2_multihop_ranking,<a_72>,40,other,0.65,0.15,other:26; fastener:5; gauge_meter:4; adhesive_epoxy:4; test_strip:1,"Bentonite - 8 oz. || MG Chemicals Liquid Tin, 475 ml Bottle || Eclectic Supply B36-24 Cobalt Glass Bottles with Glass Eye Dropper, 1 oz Capacity, Blue (Pack of 24) || Chemical Guys ACC_121.32HD Chemical Resistant Heavy Duty Bottle and Sprayer (32 oz) || 24 Oz. Sprayer Bottles, Pack Of 3"
l2_multihop_ranking,<a_140>,81,other,0.5185185185185185,0.13580246913580246,other:42; gauge_meter:22; fastener:7; adhesive_epoxy:4; 3d_filament:4; connector_fitting:2,"Etekcity Lasergrip 774 Non-contact Digital Laser Infrared Thermometer Temperature Gun -58~ 716 (-50 ~ 380), Yellow and B || Masione Temperature Gun Non-contact Digital Laser Infrared Ir Thermometer -58&deg;f to 716&deg;f (-50 ~ 380) Instant-rea || RADEX RD1503+ w/o dosimeter: High accuracy Geiger counter, radiation detector (English) || Oral-B Deep Sweep Toothbrush || iRobot Roomba 880 Robot Vacuum"
l2_multihop_ranking,<a_226>,64,other,0.765625,0.28125,other:49; gauge_meter:13; connector_fitting:1; fastener:1,"SEOH GLASS FUNNEL Neutral glass 100 mm 100 mm stem || Karter Scientific 213A2 Borosilicate Glass Low Form Glass Beaker, 50/100/250/500/1000 mL (Pack of 5) || 5 Ml Amber Glass Bottle W/euro Dropper. Black Cap. 12 Pack || 12, Amber,15 ml (1/2 oz) Glass Bottles, with Glass Eye Dropper by Premium Vials || 4 oz Amber Glass Boston Round Bottles With Black Ribbed Cap - 12 Pack"
l2_multihop_ranking,<a_255>,27,other,0.8518518518518519,0.18518518518518517,other:23; adhesive_epoxy:3; 3d_filament:1,"KIM41455 - WypAll X70 WorkHorse Manufactured Rags in a Pop Up Box || Polar Ice PI125200CT 125 Count Plastic Jello Shot Cups with Lids, 2-Ounce || Kimberly-Clark Professional Kimtech Science KimWipes Delicate Task Wipers, 4.4 x 8.4 in. 1-ply || Kimtech Science KimWipes Delicate Task Wipers 1-ply 280 count (Pack of 2) || Personalized Office Name Plate With Wall or Desk Holder - 2x8 - CUSTOMIZE"
l2_multihop_ranking,<a_14>,50,other,0.38,0.1,other:19; 3d_filament:17; adhesive_epoxy:9; gauge_meter:5,"Gorilla 7500101 07221000673 Glue Brush & Nozzle, 1-Pack, Clear || Arctic Silver 5 AS5-3.5G Thermal Paste || Racers Edge 3000 1/2-Ounce Bottle W Needle Tip || Applicator Bottle with Stainless Steel Needle - 3 Pack || 2 Needle Tip Bottle Liquid Flux Dispenser Oil Solvent Applicator Dropper 0.7 Oz"
l2_multihop_ranking,<a_209>,20,gauge_meter,0.6,0.1,gauge_meter:12; other:4; fastener:2; adhesive_epoxy:1; 3d_filament:1,"American Educational Double Burette Clamp with Rubber-Coated Rotating Jaws, 3/8"" - 1-3/8"" Holding Size || Lisle 52750 Stethoscope Kit || Dixie EMS Blood Pressure and Sprague Stethoscope Kit, Burgundy || Eagle F-15 HDPE 10"" Poly Funnel For Metal Type I Safety Cans, 4"" Height, 8"" Width, 9"" Length || 5lb co2 Tank- New Aluminum Cylinder with CGA320 Valve"
l2_multihop_ranking,<a_119>,4,other,0.75,0.25,other:3; fastener:1,"Uranium Ore || GUM Proxabrush Go-Betweens Cleaners 8 ct - Ultratight Pack of (3) || HUMCO HOLDING GROUP 303950303963 Boric Acid Powder, 6 oz. || CloSYS Trial Size Intro Kit TSA Compliant"
l2_multihop_ranking,<a_247>,15,other,0.8666666666666667,0.4,other:13; fastener:2,"PhysiciansCare by First Aid Only by First Aid Only 90293 First Aid Titanium Non Stick Bandage Shears, 7"" Bent, Blue || Skin Staple Remover Kit || Premiere 9411 Disposable Scalpels with #11 High-Carbon Steel Blades, Plastic Handle, Sterile, Individually Foil Wrapped, || Dynarex Tongue Depressor Senior, Sterile, 6 Inches, 100 Count || Dynarex Tongue Depressor, Senior, 6 Inches, Non-Sterile, 500 Count"
l2_multihop_ranking,<a_120>,11,other,0.5454545454545454,0.18181818181818182,other:6; gauge_meter:2; connector_fitting:1; fastener:1; adhesive_epoxy:1,"Graham Conderser Kit || Omron Sprague Rappaport Stethoscope, Black || Generic 1800088 Taylor Percussion Reflex Hammer || Signswise 200x200mm 12V 220W Silicone Rubber Heating Heater for 3D Printer Heated Beds || Genie- 100% OEM Genie/WD Corp OEM: Genie 20414R Carriage for Screw Drive Operators"
l2_multihop_ranking,<a_128>,14,other,0.6428571428571429,0.2857142857142857,other:9; gauge_meter:5,"EISCO CH0688 Labs Clamp Retort, 3 PVC Coated Prongs (opens to 90mm in dia.) with Boss Head || LEE PRECISION Lead Ladle || SEOH INOCULATING LOOP 3wire w/loop 8 handle 3pk || SEOH Plastic Square Weigh Boats Medium Dish 100pk || EISCO Premium Lab Metalware Set"
l2_multihop_ranking,<a_194>,16,other,0.875,0.3125,other:14; gauge_meter:1; fastener:1,"Georgia-Pacific 53010 Automated Soap and Sanitizer Dispenser, Black (WxDxH) 5.680"" x 5.250"" x 10.750"" (1 Each) || Covidien 6818 Webcol Alcohol Prep, Sterile, Medium, 2-Ply (Pack of 200) || Covidien 5750 Curity Alcohol Prep, Sterile, Medium, 2-ply (Pack of 200) || PhysiciansCare by First Aid Only 24-101 Eye Flush Solution, 16 oz Bottle || First Aid Only 4"" X 4"" Water Jel Burn Dressing, Sterile (Pack of 3)"
l2_multihop_ranking,<a_183>,32,other,0.46875,0.125,other:15; gauge_meter:8; fastener:5; adhesive_epoxy:3; connector_fitting:1,"ZING 6063 RecycLockout Mini Lockout Station - Stocked || KNAPE & VOGT 208TI550 Hardware Brackets || Forney 70445 Wire Rope, Galvanized Aircraft Cable, 500-Feet-by-1/16-Inch || NATIONAL MFG CO #N104-349 #10SGL Box Rail Bracket Galvanized || Malin - MS20995C Stainless Steel Safety Wire / Lockwire | .032"" Dia , Can"
l2_multihop_ranking,<a_104>,11,other,0.6363636363636364,0.18181818181818182,other:7; gauge_meter:3; fastener:1,"Ultrasac Platinum ULP 013009065 &ndash; Single Kitchen Drawstring Trash Bags, 13 gal, Tall (Pack of 65) || Cyalume Military Grade Combat Light Shield Device, 6-3/4"" Length x 1"" Width, For 6"" ChemLight and 6"" SnapLight Lightstic || LabExact 1200158 W33 Cellulose Weighing Paper Sheet, Nitrogen Free, Non-Absorbing, High-Gloss, 3 x 3 Inches (Pack of 500 || Brew in a Bag Straining Bag, 24"" x 26 || Georgia-Pacific ADS200B Cormatic Automated Designer Series Towel Dispenser"
l2_multihop_ranking,<a_66>,18,other,0.3888888888888889,0.16666666666666666,other:7; tape:6; 3d_filament:2; adhesive_epoxy:2; gauge_meter:1,"kingsmart Anti Static ESD Wrist Strap Discharge Band Grounding || Angel Premium TENS/EMS Unit 40 Electrode Pads 2""x2"" in. Reusable Self Stick Gel Carbon Electrodes || Pac-Kit by First Aid Only 5-600 Sterile Stretch Gauze Bandage, 4 yds Length x 2"" Width || Gear Aid Tenacious Tape Patches || Tesa  Wire Loom Harness Tape Used By Mercedes BMW VW Audi"
l2_multihop_ranking,<a_236>,51,gauge_meter,0.37254901960784315,0.21568627450980393,gauge_meter:19; other:19; connector_fitting:9; fastener:2; adhesive_epoxy:2,"M14 x 1.0 Metric Left hand Thread Die || Century Drill and Tool 95107 Coarse Plug Hand Tap, 3/8-16 || HHIP 1012-2528 1/4-28NF H3 4 Flute HSS Taper Hand Tap || Bostitch BTFP72326 Regulator and Gauge Kit with 1/4-Inch NPT Thread || 5/16"" - 36 HSS Right hand Thread Tap with 7.3mm Drill bit"
l2_multihop_ranking,<a_160>,26,tape,0.46153846153846156,0.11538461538461539,tape:12; other:10; 3d_filament:1; adhesive_epoxy:1; gauge_meter:1; fastener:1,"Accuform MATR901VA Aluminum Safety Sign, Legend ""NO TRESPASSING VIOLATORS WILL BE PROSECUTED"", 7"" Length x 10"" Width, Re || Hy-Ko Products TSR-100 Posted Private Property Tyvek Sign Roll 11"" x 11"" Yellow, 100 Pieces || Tear-Aid Repair Type B Vinyl Kit || 3M 90128-00001, 18"" Professional Quality Non Reflective  Safety Cone, 1-Pack,3M,90128-00001"" /> || Comfitwear PT-100 Caution Barricade Tape, Yellow"
l2_multihop_ranking,<a_170>,19,other,0.42105263157894735,0.15789473684210525,other:8; fastener:7; gauge_meter:3; adhesive_epoxy:1,"General Tools 1261-4 1/2-Inch Grommet Refill with 24 Grommets || Lord & Hodge 1073A-0 1/4"" Handi Grommet KIT || 100pc 1/4"" Grommets Eyelets for Clothes, Leather, Canvas - Self-Backing || Stanley R120 Rivet Pack Assortment || The Hillman Group 58528 1/4 x 2-Inch Round Loop Wire Lock Pin, 4-Pack"
l2_multihop_ranking,<a_13>,36,fastener,0.6111111111111112,0.1111111111111111,fastener:22; other:5; gauge_meter:5; adhesive_epoxy:2; 3d_filament:1; connector_fitting:1,"National Hardware N179-804 4005BC Smooth Rods in Zinc, 1/2"" x 36 || Best Quality Plastic Self Drilling Drywall Anchors with Screws Kit, 100 Pieces All Together, Anchors Made in USA || Hillman 4277 Diameter #8 Screw Eye (1-5/8"" Overall Length | 1/2"" Eye Inner Dimension), 10-Pack || Vestil AS-383-4PK Concrete Anchor Four Bolt Kit, 3/8"" Diameter x 3"" Length || TOGGLER SnapSkru Self-Drilling Drywall Anchor, Pack of 20"
l2_multihop_ranking,<a_232>,6,other,1.0,0.16666666666666666,other:6,"Learning Resources Skeleton Model || Maasdam Pow'R Pull PP100, Post Pull'R || Frogg Toggs 647484919185 Chilly Pad Cooling Towel, 33"" Length x 13"" Width, Sand || The Texas Waffle Maker || Hy-Ko Products 848 Private Property No Trespassing Aluminum Sign 9.25"" x 14""  Orange/Black, 1 Piece"
l2_multihop_ranking,<a_32>,14,other,0.6428571428571429,0.14285714285714285,other:9; adhesive_epoxy:2; gauge_meter:1; ventilation_fan:1; fastener:1,"VACTRA OIL NO.2, 1 QUART(32OZ)EXPEDITED DELIVERY NOT AVAILABLE || Norwesco 45223 35 Gallon Horizontal Water Tank || Carter P60504 In-Line Electric Fuel Pump || BreakFree CLP-PS Precision Shooter || Eagle UI-50-FS Red Galvanized Steel Type I Gasoline Safety Can with Funnel, 5 Gallon Capacity, 13.5"" Height, 12.5"" Diame"
l2_multihop_ranking,<a_29>,46,connector_fitting,0.32608695652173914,0.6304347826086957,connector_fitting:15; other:14; gauge_meter:13; fastener:4,"Gardner Bender GSW-17  Electrical Toggle Switch, SPST, ON-OFF, 6 A/120V AC,  Screw Terminal || Gardner Bender GSW-20  Electrical Toggle Switch Covers, EDPM Rubber Cover, Moisture, Dust and Dirt Resistant, Pack of 2, || Gardner Bender GSW-16  Heavy-Duty Electrical Toggle Switch, DPDT, ON-(OFF)-ON, 20 A/125V AC, Screw Terminal || Gardner Bender GSW-111  Electrical Long Bat Handle Toggle Switch, SPST, ON-OFF, 20 A/125V AC,  Screw Terminal || uxcell AC 600V 10A Red Mushroom Emergency Stop Push Button Switch 22mm NO NC"
l2_multihop_ranking,<a_18>,66,other,0.42424242424242425,0.09090909090909091,other:28; gauge_meter:21; connector_fitting:8; fastener:5; 3d_filament:4,"Vktech 5pcs 2M Waterproof Digital Temperature Temp Sensor Probe DS18b20 || Docooler&reg; Digital Temperature Controller Thermocouple with Sensor (-58~194&deg;F) 10A 110V || Texas Instruments NE555N NE555 NE555P General Purpose Single Bipolar Timer DIP8 50 Pack || Inkbird ITC-1000 Dual Stage Digital Temperature Controller Fahrenheit  Celsius Thermostat with Sensor for 3D Printer,Fre || FiiO D3 (D03K) Digital to Analog Audio Converter With Micca 6ft Optical Toslink Cable - 192kHz/24bit Optical and Coaxial"
l2_multihop_ranking,<a_172>,74,other,0.6216216216216216,0.1891891891891892,other:46; gauge_meter:15; adhesive_epoxy:6; connector_fitting:4; fastener:2; 3d_filament:1,"TEKTRUM EXTERNALLY POWERED SOLDERLESS 1660 TIE-POINTS EXPERIMENT PLUG-IN BREADBOARD WITH ALUMINUM BACK PLATE AND JUMPER  || E-Projects EPC-102 43 Value Resistor Kit, 1 Ohm - 10M Ohm (Pack of 1075) || Uxcell a13081500ux0353 20 Piece 50-100K Ohm Photoresistor Photo Resistors Light-Dependent Resistance || Top-cofrLD 1/4w Resistors Pack 164 values x 10pcs = 1640pcs 0-22M Metal Film Full range resistors Assortment Kits || microtivity IM414 Double-sided Prototyping Board (4x6cm, Pack of 5)"
l2_multihop_ranking,<a_24>,18,adhesive_epoxy,0.6666666666666666,0.3888888888888889,adhesive_epoxy:12; other:5; 3d_filament:1,"IIT 90690 Super Glue, 3 Grams Each, 5-Pack || BSI Bob Smith 152 Insta Set Accelerator, 8 oz. || Bob Smith Industries BSI-109 Insta-Cure Gap Filling, 8 oz. || Insta-cure gap filling 2oz Bob Smith Ind. || Bob Smith Industries BSI-135H Maxi-Cure Extra Thick Super Glue, 1 oz."
l2_multihop_ranking,<a_117>,16,other,0.4375,0.125,other:7; gauge_meter:3; ventilation_fan:3; fastener:2; adhesive_epoxy:1,"Pro Series 1400750340 6"" Caster || Noga MC1700 Mini-Cool KIT (1) || Pentek 151122 OR-100 Buna-N O-ring for Big Blue Housings || Vacuum Pump - 12V || Pentek 150578 MC-1A Bracket for 3/4"" 3G Filter Housings"
l2_multihop_ranking,<a_51>,16,other,0.6875,0.125,other:11; 3d_filament:1; adhesive_epoxy:1; gauge_meter:1; tape:1; fastener:1,"Uriah Products UV001970 17-1/2"", Vinyl Battery Carrier Strap || Bluecell Pack of 9 PCS AA / AAA Battery Storage Hard Case Box || Tach-It SWTH Stretch Wrap Cups with Tension Control || Hammond 1551KBK Black ABS Plastic Project Box -- Inches (3.15"" x 1.58"" x 0.79"") mm (80mm x 40mm x 20mm) || Uxcell a15032300ux0532 Potentiometer Volume Control Knob Cap with 100 Piece, Knurled Shaft 6 mm Diameter"
l2_multihop_ranking,<a_53>,3,fastener,0.3333333333333333,0.3333333333333333,fastener:1; other:1; gauge_meter:1,"Tradespro 836357 Fiber Washer Assortment, 600-Piece || IIT 82965 Rubber Grommet Assortment || Xuron 2193 Wire Shear"
l2_multihop_ranking,<a_187>,3,other,1.0,0.3333333333333333,other:3,"SIMMONS MFG 1350 Torque Arrestor || Enkay 140-R  1-Pound Red Rouge, Carded || Delta 561T-DST Compel Single Lever Handle Bathroom Faucet with Touch2O. Technology, Chrome"
