item_id,item_title,family,target_sid,target_l1,target_l2,eval_count,hit1_rate,hit10_rate,mean_rank,top1_same_family,top1_history_repeat,l1_bucket_size,l2_bucket_size
562,"HATCHBOX PLA 3D Printer Filament, Dimensional Accuracy +/- 0.03 mm, 1 kg Spool, 1.75 mm, Black",3d_filament,<a_223><b_198><c_37>,<a_223>,<a_223><b_198>,29,0.0,0.0,999.0,0.5517241379310345,0.3448275862068966,247,47
2058,"HATCHBOX PLA 3D Printer Filament, Dimensional Accuracy +/- 0.03 mm, 1 kg Spool, 1.75 mm, Gray",3d_filament,<a_223><b_198><c_34>,<a_223>,<a_223><b_198>,25,0.0,0.0,999.0,0.88,0.12,247,47
1959,"Gorilla Super Glue Gel, 20 Gram, Clear",adhesive_epoxy,<a_165><b_210><c_108>,<a_165>,<a_165><b_210>,22,0.0,0.0,999.0,0.22727272727272727,0.4090909090909091,72,2
84,Neiko 01409A Electronic Digital Caliper with Extra Large LCD Screen | 0 - 12 Inches | Inch/Fractions/Millimeter Conversion,gauge_meter,<a_104><b_186><c_66>,<a_104>,<a_104><b_186>,18,0.0,0.0,836.7777777777778,0.2222222222222222,0.4444444444444444,60,2
57,"Gorilla 2 Part Epoxy, 5 Minute Set, .85 ounce Syringe, Clear",adhesive_epoxy,<a_165><b_247><c_68>,<a_165>,<a_165><b_247>,16,0.0,0.0,694.0625,0.3125,0.5,72,1
159,"Etekcity Lasergrip 774 Non-contact Digital Laser Infrared Thermometer Temperature Gun -58~ 716 (-50 ~ 380), Yellow and Black",gauge_meter,<a_107><b_90><c_68>,<a_107>,<a_107><b_90>,14,0.0,0.0,584.8571428571429,0.2857142857142857,0.35714285714285715,66,2
3522,"3D Solutech Real Blue 3D Printer PLA Filament 1.75MM Filament, Dimensional Accuracy +/- 0.03 mm, 2.2 LBS (1.0KG) - ST176BLPLA",3d_filament,<a_223><b_80><c_11>,<a_223>,<a_223><b_80>,14,0.0,0.0,368.7142857142857,1.0,0.21428571428571427,247,24
59,Loctite Ultra Gel Control Super Glue 4-Gram (1363589),adhesive_epoxy,<a_165><b_214><c_30>,<a_165>,<a_165><b_214>,12,0.0,0.0,918.0,0.0,0.4166666666666667,72,2
114,"Super Glue 15187 Super Glue, 12-Pack",adhesive_epoxy,<a_165><b_214><c_252>,<a_165>,<a_165><b_214>,12,0.0,0.0,837.4166666666666,0.08333333333333333,0.75,72,2
164,"HATCHBOX PLA 3D Printer Filament, Dimensional Accuracy +/- 0.03 mm, 1 kg Spool, 1.75 mm, Green",3d_filament,<a_223><b_20><c_165>,<a_223>,<a_223><b_20>,12,0.0,0.0,999.0,1.0,0.16666666666666666,247,5
2151,Signstek 3D Printer MK2 MK3 Heated Bed Tempered Borosilicate Glass Plate 213x200x3mm,3d_filament,<a_91><b_115><c_103>,<a_91>,<a_91><b_115>,12,0.0,0.0,919.6666666666666,0.6666666666666666,0.16666666666666666,72,2
2210,"HHIP 8000-0001 2 Flute High Speed Steel End Mill Set, 6 Piece, 3/8"" Shank",other,<a_193><b_215><c_181>,<a_193>,<a_193><b_215>,11,0.0,0.0,999.0,0.6363636363636364,0.5454545454545454,133,1
3468,"3D Solutech Real Green 3D Printer PLA Filament 1.75MM Filament, Dimensional Accuracy +/- 0.03 mm, 2.2 LBS (1.0KG)",3d_filament,<a_223><b_246><c_0>,<a_223>,<a_223><b_246>,11,0.0,0.0,198.63636363636363,1.0,0.18181818181818182,247,2
139,DuPont Teflon Non-Stick,other,<a_197><b_204><c_0>,<a_197>,<a_197><b_204>,10,0.0,0.0,708.1,0.4,0.8,60,2
1755,BIQU GT2 20Teeth 5mm Bore Aluminum Timing Belt Idler Pulley for 3D Printer 6mm Width Timing Belt (Pack of 5pcs),3d_filament,<a_159><b_251><c_245>,<a_159>,<a_159><b_251>,10,0.0,0.0,999.0,0.9,0.1,52,1
2402,Elegoo EL-CP-003 3pcs MB-102 Breadboard 830 Point Solderless Prototype PCB Board Kit for Arduino Proto Shield Distribution Connecting Blocks,adhesive_epoxy,<a_73><b_185><c_122>,<a_73>,<a_73><b_185>,10,0.0,0.0,709.0,0.0,0.4,114,1
2730,PTFE Teflon Bowden Tube for 1.75 Filament (2.0mm ID/4.0mm OD) &ndash; White Connector Tubing for 3D Printer - 2.0 Meters,3d_filament,<a_223><b_147><c_197>,<a_223>,<a_223><b_147>,10,0.0,0.0,999.0,0.8,0.2,247,2
83,Wixey WR300 Type 2 Digital Angle Gauge with Backlight&hellip;,gauge_meter,<a_17><b_20><c_23>,<a_17>,<a_17><b_20>,9,0.0,0.0,999.0,0.1111111111111111,0.5555555555555556,99,1
656,Uni-T B4Q094 UT210E True RMS AC/DC Current Mini Clamp M W Capacitance Tester,gauge_meter,<a_36><b_235><c_249>,<a_36>,<a_36><b_235>,9,0.0,0.0,999.0,0.1111111111111111,0.5555555555555556,54,2
1163,"AUTOTOOLHOME 1/8"" 3/16"" 1/4"" 5/16"" 3/8"" 1/2""high Speed Steel HSS 4 Flute Straight End Mill Cutter Set of 6",other,<a_193><b_19><c_2>,<a_193>,<a_193><b_19>,9,0.0,0.0,999.0,0.6666666666666666,0.5555555555555556,133,6
1466,Seek Thermal Compact Imager for iOS-Apple,other,<a_36><b_64><c_122>,<a_36>,<a_36><b_64>,9,0.0,0.0,890.1111111111111,0.5555555555555556,0.8888888888888888,54,1
1923,POWERTEC 71007 110/220V Paddle Switch,other,<a_236><b_233><c_16>,<a_236>,<a_236><b_233>,9,0.0,0.0,999.0,0.4444444444444444,0.4444444444444444,84,1
2044,"Gorilla 100 Percent Silicone Sealant Caulk, 2.8 ounce Squeeze Tube, Clear",3d_filament,<a_244><b_52><c_0>,<a_244>,<a_244><b_52>,9,0.0,0.0,999.0,0.0,0.3333333333333333,72,1
201,"ColorConnex Coupler & Plug Kit (7 Piece), Industrial Type D, 1/4 in. NPT, Red - A73457D",connector_fitting,<a_67><b_185><c_54>,<a_67>,<a_67><b_185>,8,0.0,0.0,877.625,0.25,0.375,119,1
278,"T-Rex 241309 Shurtech Ferociously Strong Tape, 12 Yd L X 1.88 in W, 1-Roll, 12 Yards, Gunmetal Gray",tape,<a_202><b_118><c_74>,<a_202>,<a_202><b_118>,8,0.0,0.0,999.0,0.25,0.75,117,1
415,"Miller Electric 229895 Gage, Wire Metal Sizes",other,<a_104><b_251><c_25>,<a_104>,<a_104><b_251>,8,0.0,0.0,876.5,0.375,0.75,60,1
469,CO-Z 5pcs Hss Cobalt Multiple Hole 50 Sizes Step Drill Bit Set with Aluminum Case,other,<a_17><b_234><c_26>,<a_17>,<a_17><b_234>,8,0.0,0.0,999.0,0.5,0.25,99,1
476,Primacare DL-9325 Reusable LED Penlight with Pupil Gauge - Batteries Included,other,<a_180><b_128><c_50>,<a_180>,<a_180><b_128>,8,0.0,0.0,999.0,0.5,0.5,81,1
1554,Inland 1.75mm Peak Green PLA 3D Printer Filament - 1kg Spool (2.2 lbs),3d_filament,<a_158><b_72><c_243>,<a_158>,<a_158><b_72>,8,0.0,0.0,510.125,0.875,0.25,109,19
2969,BLTouch : Auto Bed Leveling Sensor / To be a Premium 3D Printer,3d_filament,<a_91><b_212><c_140>,<a_91>,<a_91><b_212>,8,0.0,0.0,875.625,0.875,0.125,72,1
3547,3D Solutech See Through Blue 1.75mm PETG 3D Printer Filament 2.2 LBS (1.0KG),3d_filament,<a_223><b_187><c_18>,<a_223>,<a_223><b_187>,8,0.0,0.0,877.5,0.875,0.25,247,4
54,"Industrial & Scientific"" />",metadata_placeholder,<a_15><b_206><c_230>,<a_15>,<a_15><b_206>,7,0.0,0.0,582.2857142857143,0.0,0.5714285714285714,31,1
151,"Monoprice Hook & Loop Fastening Tape 5 yard/roll, 0.75-inch - Blue (105830)",tape,<a_68><b_98><c_239>,<a_68>,<a_68><b_98>,7,0.0,0.0,999.0,0.0,0.2857142857142857,67,1
220,Tach-It B-1 Single Edge Industrial Razor Blade (Pack of 100),other,<a_17><b_91><c_139>,<a_17>,<a_17><b_91>,7,0.0,0.0,999.0,0.0,0.42857142857142855,99,3
303,"AMMEX - AINPF46100 - Medical Nitrile Gloves - Disposable, Powder Free, Exam Grade, 3 mil, Large, Indigo (Case of 1000)",other,<a_44><b_217><c_50>,<a_44>,<a_44><b_217>,7,0.0,0.0,862.8571428571429,0.5714285714285714,0.42857142857142855,65,4
680,O-Cedar Multi-Use Scrunge Scrub Sponge (Pack of 6),other,<a_24><b_38><c_244>,<a_24>,<a_24><b_38>,7,0.0,0.0,999.0,0.2857142857142857,0.8571428571428571,119,2
697,Waterpik Sensonic Professional Toothbrush (SR-3000),other,<a_24><b_165><c_166>,<a_24>,<a_24><b_165>,7,0.0,0.0,860.5714285714286,0.42857142857142855,0.5714285714285714,119,1
803,Koehler Enterprises KE20BX 10 Piece Hose Clamp Box (Size SAE 20),connector_fitting,<a_71><b_204><c_57>,<a_71>,<a_71><b_204>,7,0.0,0.0,999.0,0.2857142857142857,0.42857142857142855,118,1
1012,"4.5"" x 7/8"" Premium High Density Jumbo Zirconia Type 29 Flap Disc 40 Grit - 10 Pack",other,<a_17><b_220><c_3>,<a_17>,<a_17><b_220>,7,0.0,0.0,999.0,0.2857142857142857,0.5714285714285714,99,2
1248,"T-fal C51407 Excite Nonstick Thermo-Spot Dishwasher Safe Oven Safe PFOA Free Fry Pan Cookware, 12-Inch, Red",fastener,<a_14><b_233><c_185>,<a_14>,<a_14><b_233>,7,0.0,0.0,999.0,0.0,0.8571428571428571,39,3
1305,"RMP .125 3003 H14 Aluminum Sheet 12"" x 12",other,<a_251><b_111><c_10>,<a_251>,<a_251><b_111>,7,0.0,0.0,999.0,0.42857142857142855,0.2857142857142857,92,2
1346,"Aluminum Tape/Aluminum Foil Tape - 1.9 inch x 150 feet (3.4 mil) - Good for HVAC, Ducts, Insulation and More",adhesive_epoxy,<a_202><b_232><c_168>,<a_202>,<a_202><b_232>,7,0.0,0.0,999.0,0.2857142857142857,0.7142857142857143,117,2
1402,Heat High Temperature Resistant Adhesive Gold Tape for Electric Task 30m 12mm,adhesive_epoxy,<a_206><b_219><c_143>,<a_206>,<a_206><b_219>,7,0.0,0.0,999.0,0.0,0.0,60,1
1879,"Ozark Trail TT-57 Xi-26-D 76064P, Utility Strap With Quick-Release Buckle, 72"" L, Black, 4 Piece",other,<a_71><b_177><c_211>,<a_71>,<a_71><b_177>,7,0.0,0.0,999.0,0.2857142857142857,0.42857142857142855,118,1
1888,"3D Solutech Hot Pink 3D Printer PLA Filament 1.75MM Filament, Dimensional Accuracy +/- 0.03 mm, 2.2 LBS (1.0KG)",3d_filament,<a_223><b_80><c_25>,<a_223>,<a_223><b_80>,7,0.0,0.0,999.0,0.8571428571428571,0.14285714285714285,247,24
2059,"MG Chemicals Wood 3D Printer Filament, 1.75mm, 0.5 Kg (1.1 lbs.) - Wood",3d_filament,<a_223><b_179><c_190>,<a_223>,<a_223><b_179>,7,0.0,0.0,724.1428571428571,0.8571428571428571,0.14285714285714285,247,1
2743,OctagonStar Flexible Couplings 5mm to 8mm NEMA 17 Shaft for RepRap 3D Printer or CNC Machine2PCS,3d_filament,<a_159><b_179><c_39>,<a_159>,<a_159><b_179>,7,0.0,0.0,999.0,1.0,0.0,52,2
3155,"HATCHBOX PETG 3D Printer Filament, Dimensional Accuracy +/- 0.03 mm, 1 kg Spool, 1.75 mm, Orange",3d_filament,<a_223><b_72><c_23>,<a_223>,<a_223><b_72>,7,0.0,0.0,999.0,0.7142857142857143,0.14285714285714285,247,10
3176,"Philips Sonicare 2 Series plaque control rechargeable electric toothbrush, HX6211/04",other,<a_24><b_20><c_2>,<a_24>,<a_24><b_20>,7,0.0,0.0,999.0,0.42857142857142855,0.5714285714285714,119,8
3254,ETA hand2mind Dual-Dial Analog Platform Scale - Simple Enough for Kids and Great with Kitchen Food,fastener,<a_229><b_105><c_188>,<a_229>,<a_229><b_105>,7,0.0,0.0,999.0,0.14285714285714285,0.42857142857142855,36,1
3598,1.75mm Red PLA 3D Printer Filament - 1kg Spool (2.2 lbs) - Dimensional Accuracy +/- 0.03mm,3d_filament,<a_158><b_72><c_151>,<a_158>,<a_158><b_72>,7,0.0,0.0,999.0,1.0,0.0,109,19
7,"UltraSource 192033 Hamburger Patty Paper, 5.5"" x 5.5"" (Pack of 1000)",other,<a_210><b_231><c_0>,<a_210>,<a_210><b_231>,6,0.0,0.0,836.0,0.16666666666666666,0.6666666666666666,95,2
32,"4-1/2"" Cut-off Wheels for Metal, for Cutting All Ferrous Metals and Stainless Steel",other,<a_193><b_36><c_63>,<a_193>,<a_193><b_36>,6,0.0,0.0,836.5,0.3333333333333333,0.5,133,1
43,4 Pack Caster Wheels Swivel Plate Stem Brake Casters On Red Polyurethane Wheels (4 inch with brake),other,<a_87><b_0><c_203>,<a_87>,<a_87><b_0>,6,0.0,0.0,999.0,0.3333333333333333,0.5,71,2
56,"RhinoGear 11909ABMI RhinoRamps Vehicle Ramp - Set of 2 (12,000lb. GVW Capacity)",other,<a_87><b_242><c_131>,<a_87>,<a_87><b_242>,6,0.0,0.0,999.0,0.3333333333333333,0.6666666666666666,71,3
350,"Mill-Rose 70887 Blue Monster PTFE Pipe Thread Sealant Tape, 1-Inch x 1429-Inches, Blue",adhesive_epoxy,<a_170><b_10><c_12>,<a_170>,<a_170><b_10>,6,0.0,0.0,999.0,0.0,0.5,25,1
723,"4"" x 6"" 4 Mil (Heavy Duty) Plymor Brand Zipper Reclosable Storage Bags, DispenserBag Pack of 100",other,<a_210><b_219><c_140>,<a_210>,<a_210><b_219>,6,0.0,0.0,999.0,0.16666666666666666,0.3333333333333333,95,10
1008,"3M Virtua CCS Protective Eyewear 11872-00000-20, Foam Gasket, Anti Fog Lens, Clear",other,<a_180><b_11><c_69>,<a_180>,<a_180><b_11>,6,0.0,0.0,999.0,0.5,0.16666666666666666,81,1
1128,Loctite Heavy Duty Epoxy Quick Set 8-Fluid Ounce Bottle (1365736),adhesive_epoxy,<a_165><b_35><c_57>,<a_165>,<a_165><b_35>,6,0.0,0.0,999.0,0.16666666666666666,0.6666666666666666,72,3
1151,HFS (R) 1 PAIR 123 BLOCKS 1-2-3 ULTRA PRECISION .0002 HARDENED 23 HOLES 0.0002,other,<a_159><b_83><c_167>,<a_159>,<a_159><b_83>,6,0.0,0.0,999.0,0.5,0.5,52,1
1232,"Harris Professional Spray Bottle 32oz (3-Pack), All-Purpose with Clear Finish, Pressurized Sprayer, Adjustable Nozzle and Measurements",3d_filament,<a_206><b_255><c_63>,<a_206>,<a_206><b_255>,6,0.0,0.0,999.0,0.16666666666666666,0.6666666666666666,60,1
1724,"Keynice Digital Thermometer, Temperature Sensor USB Power Supply, Fahrenheit degree and Degrees Celsius color LCD Display, High Accurate-Black",gauge_meter,<a_15><b_97><c_149>,<a_15>,<a_15><b_97>,6,0.0,0.0,999.0,0.16666666666666666,0.6666666666666666,31,1
1733,"Bob Smith Industries BSI-151H Insta-Set Super Glue Accelerator, 2 fl. oz.",adhesive_epoxy,<a_99><b_13><c_36>,<a_99>,<a_99><b_13>,6,0.0,0.0,999.0,0.16666666666666666,0.5,32,2
1807,RioRand&trade; Upgraded 6V-90V 15A DC Motor Pump Speed Controller,other,<a_30><b_6><c_120>,<a_30>,<a_30><b_6>,6,0.0,0.0,999.0,0.6666666666666666,0.8333333333333334,68,1
1830,"MedPride Powder-Free Nitrile Exam Gloves, Medium, Box/100",other,<a_44><b_218><c_40>,<a_44>,<a_44><b_218>,6,0.0,0.0,999.0,0.3333333333333333,0.5,65,3
2047,Ginsco 160pcs Nylon Fully Insulated Male / Female Spade Wire Crimp Quick Disconnects Wire Terminals Connector Set,connector_fitting,<a_67><b_204><c_49>,<a_67>,<a_67><b_204>,6,0.0,0.0,999.0,0.6666666666666666,0.3333333333333333,119,1
2145,"ROBO 3D R1 Plus 10x9x8-Inch ABS/PLA 3D Printer, White (A1-0002-000)",3d_filament,<a_197><b_62><c_112>,<a_197>,<a_197><b_62>,6,0.0,0.0,515.1666666666666,1.0,0.0,60,1
2200,"ZING 1885S Zing Safety Sign, Fire Extinguisher with Arrow, 14"" Height x 3.25"" Width, Recycled Polystyrene SelfAdhesive, Red on White",adhesive_epoxy,<a_68><b_12><c_64>,<a_68>,<a_68><b_12>,6,0.0,0.0,999.0,0.16666666666666666,0.5,67,2
2727,Micro Swiss All Metal Hotend with SLOTTED Cooling Block for Wanhao i3,3d_filament,<a_91><b_195><c_227>,<a_91>,<a_91><b_195>,6,0.0,0.0,519.1666666666666,1.0,0.0,72,1
2736,Signswise 2 Pack 5mm 40T Extruder Driver Feeder Gear Bore for Makerbot Mk7 Mk8 3D Printer,3d_filament,<a_159><b_19><c_56>,<a_159>,<a_159><b_19>,6,0.0,0.0,999.0,0.8333333333333334,0.0,52,1
2740,1.75mm White PLA 3D Printer Filament - 1kg Spool (2.2 lbs) - Dimensional Accuracy +/- 0.03mm,3d_filament,<a_158><b_206><c_184>,<a_158>,<a_158><b_206>,6,0.0,0.0,999.0,0.8333333333333334,0.16666666666666666,109,9
2744,BIQU Heat Bed Power Module Expansion Hot Bed MOS Tube for 3D Printer,3d_filament,<a_158><b_232><c_28>,<a_158>,<a_158><b_232>,6,0.0,0.0,999.0,1.0,0.3333333333333333,109,1
3171,Signstek 10 PCS Reprap 12V 40W 620 Ceramic Cartridge Heater for 3D Printer Prusa Mendel,3d_filament,<a_158><b_172><c_147>,<a_158>,<a_158><b_172>,6,0.0,0.0,838.3333333333334,0.8333333333333334,0.16666666666666666,109,2
3440,HICTOP 5 Pieces 3D Printer Endstops/ Limit Switch/ Mechanical Switch for Reprap Prusa I3,3d_filament,<a_91><b_89><c_10>,<a_91>,<a_91><b_89>,6,0.0,0.0,999.0,1.0,0.3333333333333333,72,2
3441,TOPINSTOCK 2020 Drop in Post Assembly M4 T-nut for 20 x 20 Aluminum Extrusion Pack of 100,fastener,<a_224><b_190><c_133>,<a_224>,<a_224><b_190>,6,0.0,0.0,999.0,0.0,0.16666666666666666,191,1
3454,Wangdd22 3D Printer J-head Hotend with Fan for 1.75mm 12v V6 Direct Filament Wade Extruder 0.4mm Nozzle+Volcano kit,3d_filament,<a_91><b_54><c_58>,<a_91>,<a_91><b_54>,6,0.0,0.0,999.0,0.6666666666666666,0.16666666666666666,72,1
3470,SCStyle 5 Meters GT2 2mm Pitch 6mm Wide Timing Belt for 3D Printer CNC,3d_filament,<a_23><b_192><c_221>,<a_23>,<a_23><b_192>,6,0.0,0.0,835.6666666666666,0.8333333333333334,0.16666666666666666,50,1
3532,Mercurry 10 Meters GT2 timing belt width 6mm Fit for RepRap Mendel Rostock Prusa GT2-6mm Belt,3d_filament,<a_23><b_101><c_96>,<a_23>,<a_23><b_101>,6,0.0,0.0,999.0,0.8333333333333334,0.16666666666666666,50,1
77,"Scotch Heavy Duty Shipping Packaging Tape, 3"" Core, 1.88"" x 54.6 Yards, 6-Rolls (3850-6)",tape,<a_202><b_162><c_47>,<a_202>,<a_202><b_162>,5,0.0,0.0,803.4,0.0,0.6,117,1
98,"Industrial & Scientific"" />",metadata_placeholder,<a_15><b_155><c_49>,<a_15>,<a_15><b_155>,5,0.0,0.0,412.2,0.0,0.4,31,1
123,"Red Devil 0325 Steel Wool, 2 Medium Course, 8 Pads",adhesive_epoxy,<a_173><b_194><c_4>,<a_173>,<a_173><b_194>,5,0.0,0.0,801.8,0.2,0.6,64,2
153,"Alltrade 640912 Black 3 Ton,All-in-One Bottle Jack",other,<a_87><b_245><c_245>,<a_87>,<a_87><b_245>,5,0.0,0.0,999.0,0.6,0.8,71,1
160,"LASCO 11-1033 PTFE Pipe Sealant Tape, 1/2-Inch x 100-Inch, White",adhesive_epoxy,<a_79><b_87><c_179>,<a_79>,<a_79><b_87>,5,0.0,0.0,999.0,0.4,0.2,60,2
406,"Hillman 830502 Flat Washer, Stainless-Steel",fastener,<a_224><b_209><c_0>,<a_224>,<a_224><b_209>,5,0.0,0.0,999.0,0.4,0.6,191,10
509,GemRed 82413 Digital Protractor Angle Finder Gauge Inclinometer with Backlight and Magnetic Base IP65,other,<a_17><b_203><c_23>,<a_17>,<a_17><b_203>,5,0.0,0.0,999.0,0.2,0.2,99,1
529,"Gorilla Heavy Duty Construction Adhesive, 9 ounce Cartridge, White",3d_filament,<a_165><b_107><c_28>,<a_165>,<a_165><b_107>,5,0.0,0.0,999.0,0.2,0.4,72,5
569,"Ribbed Plastic Drywall Anchor Kit with Screws and Masonry Drill Bit, #10-12 x 1",fastener,<a_224><b_104><c_43>,<a_224>,<a_224><b_104>,5,0.0,0.0,999.0,0.2,0.2,191,3
745,"Rockler Cyanoacrylate Quick-Set Medium Adhesive, 4.5 oz Bottle",adhesive_epoxy,<a_165><b_187><c_171>,<a_165>,<a_165><b_187>,5,0.0,0.0,999.0,0.2,0.6,72,1
793,"Yost MU360 Universal Jaw Cover, 6",other,<a_193><b_60><c_154>,<a_193>,<a_193><b_60>,5,0.0,0.0,999.0,0.4,0.6,133,1
798,PRO 1 Fuel Line Hose 5/16 Inch Inside Diameter X 25 Feet Length NRB/PVCC SAE30R6,connector_fitting,<a_228><b_75><c_4>,<a_228>,<a_228><b_75>,5,0.0,0.0,999.0,0.4,0.0,96,2
850,"HBD Thermoid NBR/PVC SAE30R6 Fuel Line Hose, 3/8"" x 25' Length, 0.375"" ID, Black",connector_fitting,<a_79><b_169><c_0>,<a_79>,<a_79><b_169>,5,0.0,0.0,999.0,0.0,0.4,60,2
970,Wixey WR25 Mini Digital Height Gauge,other,<a_104><b_25><c_13>,<a_104>,<a_104><b_25>,5,0.0,0.0,608.2,0.2,0.8,60,1
1043,"Adenna DLG675 Dark Light 9 mil Nitrile Powder Free Exam Gloves (Black, Medium) Box of 100",other,<a_44><b_71><c_57>,<a_44>,<a_44><b_71>,5,0.0,0.0,999.0,0.4,0.8,65,1
1271,"Tape-Me Duct Tape Silver, 1.88 in x 55 yd (Pack of 3)",tape,<a_202><b_191><c_237>,<a_202>,<a_202><b_191>,5,0.0,0.0,999.0,0.4,1.0,117,1
1281,Barge All Purpose Cement,adhesive_epoxy,<a_206><b_20><c_124>,<a_206>,<a_206><b_20>,5,0.0,0.0,999.0,0.0,0.6,60,2
1324,RiteBrew Rubber Stopper - Size 10 - Drilled,other,<a_14><b_216><c_46>,<a_14>,<a_14><b_216>,5,0.0,0.0,999.0,0.2,0.2,39,1
1344,Bearing 608ZZ Shielded 8x22x7 Miniature Ball Bearings(Pack of 10),tape,<a_251><b_44><c_87>,<a_251>,<a_251><b_44>,5,0.0,0.0,613.6,0.0,0.2,92,3
1374,HHIP 4401-0811 Mini Universal Magnetic Base with Fine,other,<a_104><b_85><c_106>,<a_104>,<a_104><b_85>,5,0.0,0.0,999.0,1.0,0.2,60,1
1435,"Rigol DS1054Z Digital Oscilloscopes - Bandwidth: 50 Mhz, Channels: 4",other,<a_36><b_186><c_16>,<a_36>,<a_36><b_186>,5,0.0,0.0,805.8,0.8,0.2,54,3
1568,"FiberFix 1"" Repair Tape Wrap - Fix Anything with Permanent Waterproof Repair Tape 100X Stronger than Duct Tape",tape,<a_122><b_126><c_5>,<a_122>,<a_122><b_126>,5,0.0,0.0,804.4,0.6,0.6,35,1
1744,270 PCS Heat Shrink Wire Connector Kit Electrical Insulated Crimp Marine Automotive Terminals Set,connector_fitting,<a_17><b_96><c_187>,<a_17>,<a_17><b_96>,5,0.0,0.0,999.0,0.2,0.8,99,3
2075,"ETA hand2mind Plastic Rainbow Fraction Tiles, Math Manipulative (Set of 51)",other,<a_14><b_175><c_144>,<a_14>,<a_14><b_175>,5,0.0,0.0,999.0,0.6,0.8,39,2
2076,"ETA hand2mind 42188 Rainbow Fraction and Decimal Tiles, Plastic (Set of 51)",other,<a_14><b_175><c_121>,<a_14>,<a_14><b_175>,5,0.0,0.0,999.0,0.8,0.8,39,2
2077,"Flex Shot 30804 Rubber Adhesive Sealant Caulk, 8-oz, Almond (Mildew Resistant), 1 Pack",adhesive_epoxy,<a_244><b_107><c_224>,<a_244>,<a_244><b_107>,5,0.0,0.0,999.0,0.4,0.4,72,1
2088,"ELEGOO Stepstick Stepper Motor Driver Module A4988 + Heat Sink for 3D Printer Reprap, CNC Machine or Robotics(Pack of 5)",3d_filament,<a_158><b_89><c_164>,<a_158>,<a_158><b_89>,5,0.0,0.0,999.0,0.8,0.4,109,4
2096,Bob Smith Industries BSI-157H Maxi Cure/Insta-Set Combo Pack (3 oz. Combined),adhesive_epoxy,<a_99><b_13><c_12>,<a_99>,<a_99><b_13>,5,0.0,0.0,999.0,0.2,0.2,32,2
2176,"FLIR E8: Compact Thermal Imaging Camera with 320 x 240 IR Resolution, MSX and Wi-Fi",other,<a_107><b_68><c_141>,<a_107>,<a_107><b_68>,5,0.0,0.0,999.0,0.6,0.8,66,5
2196,"ZING 7100 RecycLockout Lockout Tagout, Large Plug Lockout, Recycled Plastic",other,<a_71><b_135><c_19>,<a_71>,<a_71><b_135>,5,0.0,0.0,999.0,1.0,0.2,118,3
2290,uxcell 5Pcs 2 Rows 12P Wire Connector Screw Terminal Barrier Block 300V 20A,connector_fitting,<a_73><b_87><c_68>,<a_73>,<a_73><b_87>,5,0.0,0.0,999.0,0.2,0.6,114,5
2325,"SPACECARE 4 Pack of 2"" Swivel Caster Blue Polyurethane Wheels Base with Brake Top Plate Double Ball",fastener,<a_87><b_47><c_119>,<a_87>,<a_87><b_47>,5,0.0,0.0,999.0,0.4,0.4,71,1
2651,"Red White Honeycombo reflective tape 2""X25'-Waterproof self-adhesive trailer reflector tape-reflective tape for trucks,trailers,car,Warning Caution Conspicuity Tape Cinta reflectante",adhesive_epoxy,<a_68><b_25><c_84>,<a_68>,<a_68><b_25>,5,0.0,0.0,999.0,0.4,0.6,67,4
2726,ANYCUBIC 3D Printer Heating Controller MKS MOSFET for Heatbed Extruder MOS Module,3d_filament,<a_91><b_242><c_202>,<a_91>,<a_91><b_242>,5,0.0,0.0,809.0,0.8,0.4,72,2
2738,"XTC-3D High Performance 3D Print Coating, 6.4 Oz",other,<a_223><b_201><c_2>,<a_223>,<a_223><b_201>,5,0.0,0.0,999.0,0.0,0.2,247,3
2741,1.75mm Yellow PLA 3D Printer Filament - 1kg Spool (2.2 lbs) - Dimensional Accuracy +/- 0.03mm,3d_filament,<a_158><b_206><c_9>,<a_158>,<a_158><b_206>,5,0.0,0.0,999.0,1.0,0.2,109,9
2797,"WD-40&nbsp;Multi-Use Product Non-Aerosol Trigger Pro, 20 OZ [12 Pack]",adhesive_epoxy,<a_173><b_94><c_100>,<a_173>,<a_173><b_94>,5,0.0,0.0,999.0,0.0,0.6,64,3
2881,yueton 10 Pcs AC 125V 6A Amps ON/ON 6 Terminals 2 Position DPDT Toggle Switch,other,<a_236><b_39><c_136>,<a_236>,<a_236><b_39>,5,0.0,0.0,999.0,0.4,0.4,84,2
2887,"Triton 1"" Dial Indicator 0.001"" Graduation Travel Lug Back White Face",other,<a_104><b_119><c_227>,<a_104>,<a_104><b_119>,5,0.0,0.0,999.0,0.2,0.0,60,1
2893,"eSUN 3D 1.75mm PETG White Filament 1kg (2.2lb), PETG 3D Printer Filament, 1.75mm Solid Opaque White",3d_filament,<a_223><b_126><c_20>,<a_223>,<a_223><b_126>,5,0.0,0.0,999.0,0.8,0.0,247,10
2913,"Madison Supply, Premium Quality Fluoride Coated Medical Scissors, EMT and Trauma Shears 2 pack",tape,<a_180><b_248><c_208>,<a_180>,<a_180><b_248>,5,0.0,0.0,999.0,0.0,0.2,81,1
2933,"FlashForge Finder 3D Printers with Cloud, Wi-Fi, USB cable and Flash drive connectivity",3d_filament,<a_197><b_170><c_216>,<a_197>,<a_197><b_170>,5,0.0,0.0,999.0,0.6,0.2,60,1
3113,Inland 1.75mm Silver PLA 3D Printer Filament - 1kg Spool (2.2 lbs),3d_filament,<a_158><b_72><c_139>,<a_158>,<a_158><b_72>,5,0.0,0.0,418.8,1.0,0.2,109,19
3115,"eSUN 1.75mm Gray PLA PRO (PLA+) 3D Printer Filament 1KG Spool (2.2lbs), Gray",3d_filament,<a_223><b_144><c_17>,<a_223>,<a_223><b_144>,5,0.0,0.0,999.0,1.0,0.4,247,12
3331,3DDPLUS 1.75mm PLA 3D Printer Filament Black- 1kg Spool (2.2 lbs) - Dimensional Accuracy +/- 0.03mm (Plain Black),3d_filament,<a_223><b_105><c_244>,<a_223>,<a_223><b_105>,5,0.0,0.0,999.0,0.8,0.2,247,3
3367,Mercurry GT2 Timing Belt Torsion Spring For 3D Printer 6mm Width Belt Pack of 10,3d_filament,<a_23><b_158><c_111>,<a_23>,<a_23><b_158>,5,0.0,0.0,999.0,0.6,0.2,50,1
3405,"HATCHBOX PETG 3D Printer Filament, Dimensional Accuracy +/- 0.03 mm, 1 kg Spool, 1.75 mm, Black",3d_filament,<a_223><b_72><c_209>,<a_223>,<a_223><b_72>,5,0.0,0.0,409.2,1.0,0.2,247,10
3432,"3D Solutech PETG175YLW 3D Printer Filament, Yellow, 1.75mm, 2.2 LBS (1.0KG)",3d_filament,<a_223><b_187><c_54>,<a_223>,<a_223><b_187>,5,0.0,0.0,607.6,0.8,0.4,247,4
68,"MLCS 9080 Billy Pedal Foot Switch, Deadman Style",other,<a_236><b_116><c_203>,<a_236>,<a_236><b_116>,4,0.0,0.0,999.0,0.75,0.75,84,2
93,"White SiliconeTubing, 1/2""ID, 3/4""OD, 1/8""Wall, 25' Length",connector_fitting,<a_228><b_158><c_82>,<a_228>,<a_228><b_158>,4,0.0,0.0,999.0,0.5,0.5,96,2
128,"MegaDeal AC201710300001 12 Pack 2"" Swivel Caster Wheels Rubber Base with Top Plate & Bearing Heavy Duty",other,<a_87><b_74><c_149>,<a_87>,<a_87><b_74>,4,0.0,0.0,999.0,0.75,0.75,71,3
141,Break-Free CLP-2 Cleaner Lubricant Preservative 4 oz (113.4 gram) Aerosol,other,<a_173><b_23><c_3>,<a_173>,<a_173><b_23>,4,0.0,0.0,510.0,0.75,0.5,64,2
162,"USAFilament 9800429 ABS 3D Printing Filament, 2.2 lb, 1.75 mm, White Spool",3d_filament,<a_223><b_66><c_168>,<a_223>,<a_223><b_66>,4,0.0,0.0,999.0,0.75,0.25,247,4
232,"Karter Scientific 213A2 Borosilicate Glass Low Form Glass Beaker, 50/100/250/500/1000 mL (Pack of 5)",other,<a_94><b_163><c_50>,<a_94>,<a_94><b_163>,4,0.0,0.0,758.0,0.5,0.25,111,1
257,"Gorilla 5000408  Original Gorilla Glue, Waterproof Polyurethane Glue, 4 ounce Bottle, Brown",3d_filament,<a_165><b_107><c_20>,<a_165>,<a_165><b_107>,4,0.0,0.0,753.5,0.0,0.75,72,5
270,"Gorilla Carts GOR6PS Heavy-Duty Poly Yard Dump Cart with 2-In-1 Convertible Handle, 1,200-Pound Capacity, Black",other,<a_87><b_135><c_129>,<a_87>,<a_87><b_135>,4,0.0,0.0,999.0,0.75,0.75,71,1
310,"SE 612FS 12"" Stainless Steel Self-Locking Straight Forceps",other,<a_42><b_225><c_133>,<a_42>,<a_42><b_225>,4,0.0,0.0,999.0,0.25,0.25,100,1
331,"Stanley TRA700BN Heavy-Duty Staple & Brad Assortment, 2500-Pack",fastener,<a_42><b_112><c_143>,<a_42>,<a_42><b_112>,4,0.0,0.0,755.5,0.75,0.5,100,1
340,Break-Free CLP-4 Cleaner Lubricant Preservative Squeeze Bottle (4 -Fluid Ounce),other,<a_173><b_23><c_0>,<a_173>,<a_173><b_23>,4,0.0,0.0,999.0,0.5,0.5,64,2
410,"Century Drill and Tool 95107 Coarse Plug Hand Tap, 3/8-16",other,<a_224><b_88><c_0>,<a_224>,<a_224><b_88>,4,0.0,0.0,999.0,0.5,0.75,191,3
450,"X-Treme Tape TPE-X36ZLB Silicone Rubber Self Fusing Tape, 1"" x 36', Triangular, Black",tape,<a_202><b_198><c_80>,<a_202>,<a_202><b_198>,4,0.0,0.0,999.0,0.25,0.0,117,10
451,"Gorilla Tape, White Duct Tape, 1.88"" x 30 yd, White, (Pack of 1)",adhesive_epoxy,<a_202><b_52><c_151>,<a_202>,<a_202><b_52>,4,0.0,0.0,756.25,0.0,0.25,117,8
499,"HDPE (High Density Polyethylene) Sheet, Opaque Off-White, Standard Tolerance, ASTM D4976-245, 0.125"" Thickness, 12"" Width, 24"" Length",other,<a_79><b_114><c_225>,<a_79>,<a_79><b_114>,4,0.0,0.0,999.0,0.5,0.25,60,4
568,"Strenco 1"" Self Adhesive Black Hook and Loop 5 yards Sticky Back Tape Fastener 15 feet - Light Weight",adhesive_epoxy,<a_206><b_0><c_144>,<a_206>,<a_206><b_0>,4,0.0,0.0,755.25,0.25,0.0,60,3
631,"Dap 18001 Kwik Seal Caulk with 5.5-Ounce Tube, White",adhesive_epoxy,<a_244><b_197><c_136>,<a_244>,<a_244><b_197>,4,0.0,0.0,999.0,0.0,0.0,72,1
724,"Duck Brand EZ Start Packing Tape With Dispenser, 1.88 Inch x 22.2 Yard, Clear, 1 Roll (393185)",adhesive_epoxy,<a_202><b_55><c_251>,<a_202>,<a_202><b_55>,4,0.0,0.0,999.0,0.25,0.5,117,2
726,5 Gallon Plastic Hedpack with cap,connector_fitting,<a_14><b_137><c_79>,<a_14>,<a_14><b_137>,4,0.0,0.0,999.0,0.5,1.0,39,1
742,"Kingston KMBVM Series Brass Mini Ball Valve, Lever, 1/4"" NPT Male x NPT Female",tape,<a_108><b_114><c_7>,<a_108>,<a_108><b_114>,4,0.0,0.0,999.0,0.0,0.5,143,2
785,"Enerlites HET06A-White 1-5-10-15-20-30 Minutes Preset In-Wall Countdown Timer Switch, w Decorator Wall Plate, White",ventilation_fan,<a_236><b_6><c_219>,<a_236>,<a_236><b_6>,4,0.0,0.0,999.0,0.0,0.5,84,1
839,CB 7101S1 72-Pieces Blank Microscope Slides & 100-Pieces Square Cover Glass,other,<a_14><b_75><c_236>,<a_14>,<a_14><b_75>,4,0.0,0.0,999.0,0.75,0.75,39,1
944,"General Hydroponics PH Test Kit, 1-Ounce",other,<a_94><b_166><c_170>,<a_94>,<a_94><b_166>,4,0.0,0.0,999.0,0.5,0.5,111,5
1086,"Gems Sensors A2012-S150 Solenoid Valve, 24 V, 60 Hz AC, 125 PSI",other,<a_236><b_21><c_16>,<a_236>,<a_236><b_21>,4,0.0,0.0,999.0,0.5,0.75,84,1
1114,2 Needle Tip Bottle Liquid Flux Dispenser Oil Solvent Applicator Dropper 0.7 Oz,other,<a_150><b_110><c_152>,<a_150>,<a_150><b_110>,4,0.0,0.0,999.0,0.75,0.25,116,3
1123,Smooth-On XTC-3D High Performance 3D Print Coating - 24oz. Unit,other,<a_223><b_197><c_42>,<a_223>,<a_223><b_197>,4,0.0,0.0,999.0,0.0,0.0,247,1
1138,Insta-cure gap filling 2oz Bob Smith Ind.,adhesive_epoxy,<a_99><b_219><c_2>,<a_99>,<a_99><b_219>,4,0.0,0.0,999.0,0.0,0.5,32,2
1177,"Anderson Metals 56110 Brass Pipe Fitting, Hex Bushing, 1/2"" NPT Male Pipe x 3/8"" NPT Female Pipe",tape,<a_108><b_133><c_2>,<a_108>,<a_108><b_133>,4,0.0,0.0,999.0,0.25,0.5,143,3
1184,"Keeper Foot x 2 Inch 02612 6' x 2"" Lift Sling",other,<a_71><b_93><c_169>,<a_71>,<a_71><b_93>,4,0.0,0.0,505.75,0.25,0.25,118,3
1239,Uxcell A13122300UX0934 LED Light Mounting Holders Panel (Pack of 50),other,<a_23><b_223><c_190>,<a_23>,<a_23><b_223>,4,0.0,0.0,999.0,0.25,0.25,50,1
1245,"Keeper Foot x 1 Inch 02606 10' x 1"" Lift Sling, 1 Ply",other,<a_71><b_93><c_255>,<a_71>,<a_71><b_93>,4,0.0,0.0,999.0,0.0,0.75,118,3
1320,"ACM Economy Wash Bottle, LDPE, Squeeze Bottle Medical Label Tattoo (500ml / 16oz / 1 Bottle)",3d_filament,<a_150><b_136><c_216>,<a_150>,<a_150><b_136>,4,0.0,0.0,999.0,0.0,0.5,116,1
1345,POWERTEC 17000 Workbench Caster Kit (Pack of 4),other,<a_87><b_238><c_111>,<a_87>,<a_87><b_238>,4,0.0,0.0,999.0,0.5,0.5,71,1
1406,"Yonisun Sound Dampening Door Bumpers, 1/2"" Diameter, Sheet of 100",other,<a_17><b_33><c_172>,<a_17>,<a_17><b_33>,4,0.0,0.0,999.0,0.25,0.5,99,1
1418,"NoTrax 109 Brush Step Entrance Mat, for Lobbies and Indoor Entranceways, 3' Width x 10' Length x 3/8"" Thickness, Red/Black",fastener,<a_68><b_34><c_0>,<a_68>,<a_68><b_34>,4,0.0,0.0,999.0,0.0,0.75,67,2
1513,Thermal Grizzly Conductonaut Thermal Grease Paste - 1.0 Gram,other,<a_79><b_232><c_126>,<a_79>,<a_79><b_232>,4,0.0,0.0,999.0,0.25,0.25,60,1
1522,Yosoo GM328 Lcd Display Transistor Tester ESR Meter Cymometer Square Wave Generator,other,<a_36><b_200><c_165>,<a_36>,<a_36><b_200>,4,0.0,0.0,999.0,0.75,0.25,54,1
1527,"XFasten Professional Aluminum Foil Tape, 3.6 mil, 2 Inches x 55 Yards HVAC Tape",adhesive_epoxy,<a_202><b_232><c_177>,<a_202>,<a_202><b_232>,4,0.0,0.0,999.0,0.0,0.25,117,2
1533,"Dealmed Brand Nitrile Medical Grade Exam Gloves, Disposable, Latex-Free, 200 Count, Size Large",other,<a_206><b_243><c_53>,<a_206>,<a_206><b_243>,4,0.0,0.0,999.0,0.5,0.25,60,1
1545,Top-cofrLD 1/4w Resistors Pack 164 values x 10pcs = 1640pcs 0-22M Metal Film Full range resistors Assortment Kits,other,<a_73><b_183><c_142>,<a_73>,<a_73><b_183>,4,0.0,0.0,759.75,0.5,0.5,114,3
1643,"2 PACK- Milrose 70885 Blue Monster 1/2"" x 1429' Blue Teflon Tape",tape,<a_170><b_221><c_60>,<a_170>,<a_170><b_221>,4,0.0,0.0,999.0,0.0,0.25,25,1
1684,3M VHB Tape RP32 0.5 in width x 5 yd length (1 Roll),tape,<a_202><b_227><c_88>,<a_202>,<a_202><b_227>,4,0.0,0.0,999.0,0.25,0.75,117,2
1695,"HATCHBOX ABS 3D Printer Filament, Dimensional Accuracy +/- 0.03 mm, 1 kg Spool, 1.75 mm, Red",3d_filament,<a_223><b_121><c_15>,<a_223>,<a_223><b_121>,4,0.0,0.0,274.5,1.0,0.25,247,1
1758,Signswise 200x200mm 12V 220W Silicone Rubber Heating Heater for 3D Printer Heated Beds,3d_filament,<a_79><b_182><c_24>,<a_79>,<a_79><b_182>,4,0.0,0.0,999.0,0.75,0.75,60,2
1836,"VIVOSUN 6 inch Inline Duct Booster Fan 240 CFM, Low Noise & Extra Long 5.5' Grounded Power Cord",ventilation_fan,<a_158><b_198><c_158>,<a_158>,<a_158><b_198>,4,0.0,0.0,999.0,0.0,0.5,109,2
1927,"3M Silver Foil Tape 3340, 2-1/2"" x 50 yd, 4.0 mil",adhesive_epoxy,<a_202><b_10><c_240>,<a_202>,<a_202><b_10>,4,0.0,0.0,999.0,0.0,0.5,117,4
1953,"Funnel, Regular stem, glass, 50 OD x 50mm stem",other,<a_94><b_221><c_88>,<a_94>,<a_94><b_221>,4,0.0,0.0,512.5,0.5,0.75,111,1
1999,Ginsco 120 Pcs/60 Pairs Quick Splice Wire Terminals T-Tap Self-stripping with Nylon Fully Insulated Male Quick Disconnects Kit,connector_fitting,<a_67><b_31><c_121>,<a_67>,<a_67><b_31>,4,0.0,0.0,999.0,0.0,0.75,119,1
2036,"3mm and 5mm LED Lights Emitting Diodes Assortment Set Kit for Arduino Bright White Red Blue Green Yellow, 300-Pack",other,<a_73><b_223><c_251>,<a_73>,<a_73><b_223>,4,0.0,0.0,999.0,0.75,0.5,114,2
2070,"CLR Pro CL-4Pro Calcium, Lime and Rust Remover, 1 Gallon Bottle",adhesive_epoxy,<a_66><b_16><c_196>,<a_66>,<a_66><b_16>,4,0.0,0.0,999.0,0.25,1.0,40,1
2084,"Eagle 1610MB Blue High Density Polyethylene Lab Pack Drum with Metal Lever-lock Lid, 14 gallon Capacity, 26.5"" Height, 15"" Diameter",other,<a_206><b_120><c_108>,<a_206>,<a_206><b_120>,4,0.0,0.0,999.0,0.25,0.75,60,3
2106,"Noga NG8150 Heavy Duty Deburr Tool, with 10 S10 blades",other,<a_193><b_113><c_174>,<a_193>,<a_193><b_113>,4,0.0,0.0,999.0,0.75,0.5,133,5
2215,J-B Weld 50172 MarineWeld Marine Adhesive Epoxy Syringe - Dries White - 25ml,adhesive_epoxy,<a_165><b_174><c_33>,<a_165>,<a_165><b_174>,4,0.0,0.0,999.0,0.25,0.75,72,1
2330,"SIENOC 3D PLA 1KG 1.75mm PLA 3D Printer Filament, Dimensional Accuracy+/- 0.05mm 1 kg(2.2 lbs) Spool (Orange)",3d_filament,<a_223><b_220><c_22>,<a_223>,<a_223><b_220>,4,0.0,0.0,999.0,1.0,0.0,247,4
2356,Inkbird Dual Stage 12V(DC) Digital Temperature Controller Fahrenheit Thermostat,gauge_meter,<a_107><b_35><c_141>,<a_107>,<a_107><b_35>,4,0.0,0.0,999.0,0.25,0.25,66,7
2357,Diymall Bme280 Pressure Temperature Sensor Module with IIC I2c for Arduino,other,<a_211><b_112><c_224>,<a_211>,<a_211><b_112>,4,0.0,0.0,999.0,0.25,0.75,45,1
2419,"HATCHBOX 3D ABS-1KG1.75-BLU ABS 3D Printer Filament, Dimensional Accuracy +/- 0.03 mm, 1 kg Spool, 1.75 mm, Blue",3d_filament,<a_223><b_198><c_3>,<a_223>,<a_223><b_198>,4,0.0,0.0,756.25,0.5,0.75,247,47
2513,2 Meters PTFE Teflon Bowden Tube 1.75 Filament 3D printer RepRap Rostock Kossel,3d_filament,<a_158><b_138><c_227>,<a_158>,<a_158><b_138>,4,0.0,0.0,753.25,0.75,0.0,109,1
2679,"eSUN 1.75mm Yellow ABS 3D Printer filament 1kg Spool (2.2lbs), Yellow",3d_filament,<a_223><b_217><c_1>,<a_223>,<a_223><b_217>,4,0.0,0.0,999.0,0.75,0.5,247,6
2689,"Loctite 22221 Purple 222MS Low Strength Thread Locker, 10 mL Bottle",adhesive_epoxy,<a_165><b_151><c_102>,<a_165>,<a_165><b_151>,4,0.0,0.0,999.0,0.0,0.25,72,3
2737,"HATCHBOX PETG 3D Printer Filament, Dimensional Accuracy +/- 0.05 mm, 1 kg Spool, 1.75 mm, White",3d_filament,<a_223><b_72><c_114>,<a_223>,<a_223><b_72>,4,0.0,0.0,999.0,1.0,0.0,247,10
2820,American Educational Clear Borosilicate Glass 1000mL Bomex Filtering Flask,other,<a_94><b_242><c_43>,<a_94>,<a_94><b_242>,4,0.0,0.0,508.0,0.5,0.25,111,1
2845,Telescoping LED Lighted Flexible Inspection Mirror 360 Swivel for Extra Viewing,other,<a_180><b_238><c_237>,<a_180>,<a_180><b_238>,4,0.0,0.0,999.0,0.5,1.0,81,2
2870,"Hanson 1903ZR Tap 1/4""-18Npt Taper, for Tap Die Extraction",tape,<a_224><b_3><c_251>,<a_224>,<a_224><b_3>,4,0.0,0.0,999.0,0.0,0.75,191,1
2899,"Dynatex 49582 Industrial Copper Anti-Seize and Lubricating Compound Paste, 8 oz Brush Top Bottle, Dark Copper",connector_fitting,<a_173><b_86><c_176>,<a_173>,<a_173><b_86>,4,0.0,0.0,999.0,0.25,0.5,64,1
2917,Genuine E3D V6 Extra Nozzle - 1.75mm x 0.40mm (V6-NOZZLE-175-400),3d_filament,<a_91><b_86><c_74>,<a_91>,<a_91><b_86>,4,0.0,0.0,999.0,1.0,0.25,72,1
2920,BuildTak BT30185 Spatula,other,<a_91><b_127><c_177>,<a_91>,<a_91><b_127>,4,0.0,0.0,999.0,0.0,0.25,72,1
2924,"Hilitchi 635 Pcs 40 Pin 2.54mm Pitch Single Row Pin Headers,Dupont Connector Housing Female,Dupont Male/Female Pin Connector Kit",connector_fitting,<a_73><b_244><c_79>,<a_73>,<a_73><b_244>,4,0.0,0.0,999.0,0.0,0.25,114,1
3049,Stronghero3d 1.75mm PLA 3D Printer Filament Metal GREY- 1kg Spool (2.2 lbs) - Dimensional Accuracy +/- 0.03mm,3d_filament,<a_223><b_96><c_193>,<a_223>,<a_223><b_96>,4,0.0,0.0,999.0,1.0,0.5,247,8
3088,6PCS x Custom Machined All Metal Heatbreak for V6 RepRap 3D Printer Hotend 1.75mm and Clones,3d_filament,<a_91><b_129><c_159>,<a_91>,<a_91><b_129>,4,0.0,0.0,999.0,1.0,0.25,72,2
3123,"Gorilla Tape, Silver Duct Tape, 1.88"" x 35 yd, Silver, (Pack of 1)",adhesive_epoxy,<a_202><b_52><c_146>,<a_202>,<a_202><b_52>,4,0.0,0.0,999.0,0.5,0.25,117,8
3137,"3M Dual Lock Reclosable Fastener SJ3560 250 Clear, 1 in x 6 Ft",adhesive_epoxy,<a_68><b_32><c_134>,<a_68>,<a_68><b_32>,4,0.0,0.0,999.0,0.25,0.25,67,5
3172,BIQU Aluminum Heater Block Specialized for MK7 MK8 3D Printer Extruder(Pack of 5pcs),3d_filament,<a_23><b_93><c_170>,<a_23>,<a_23><b_93>,4,0.0,0.0,999.0,0.5,0.25,50,4
3287,Pomona 1296 BNC (M) Binding Posts,other,<a_170><b_226><c_111>,<a_170>,<a_170><b_226>,4,0.0,0.0,999.0,0.75,0.75,25,1
3304,URBESTAC 250V 5A SPDT 1NO 1NC Momentary Hinge Roller Lever Micro Switches 3 Pins 10 Pcs,fastener,<a_236><b_33><c_2>,<a_236>,<a_236><b_33>,4,0.0,0.0,999.0,0.0,0.5,84,2
3469,"3D Solutech Real Pink 3D Printer PLA Filament 1.75MM Filament, Dimensional Accuracy +/- 0.03 mm, 2.2 LBS (1.0KG)",3d_filament,<a_223><b_80><c_9>,<a_223>,<a_223><b_80>,4,0.0,0.0,758.25,1.0,0.0,247,24
3474,3D Solutech See Through Red 1.75mm PETG 3D Printer Filament 2.2 LBS (1.0KG),3d_filament,<a_223><b_187><c_125>,<a_223>,<a_223><b_187>,4,0.0,0.0,999.0,0.75,0.25,247,4
3599,"3D Solutech Aqua Blue 3D Printer PLA Filament 1.75MM Filament, Dimensional Accuracy +/- 0.03 mm, 2.2 LBS (1.0KG)",3d_filament,<a_223><b_80><c_2>,<a_223>,<a_223><b_80>,4,0.0,0.0,508.5,1.0,0.5,247,24
3655,"eSUN 1.75mm Brown PLA PRO (PLA+) 3D Printer Filament 1KG Spool (2.2lbs), Brown",3d_filament,<a_223><b_144><c_9>,<a_223>,<a_223><b_144>,4,0.0,0.0,999.0,1.0,0.25,247,12
3683,"3D Solutech Purple 3D Printer PLA Filament 1.75MM Filament, Dimensional Accuracy +/- 0.03 mm, 2.2 LBS (1.0KG)",3d_filament,<a_223><b_80><c_155>,<a_223>,<a_223><b_80>,4,0.0,0.0,272.25,1.0,0.5,247,24
45,"Permatex 80050 Clear RTV Silicone Adhesive Sealant, 3 oz",adhesive_epoxy,<a_244><b_4><c_183>,<a_244>,<a_244><b_4>,3,0.0,0.0,999.0,0.3333333333333333,0.0,72,1
63,WEN 73002 500-Pound Capacity Service Cart,other,<a_210><b_90><c_53>,<a_210>,<a_210><b_90>,3,0.0,0.0,999.0,0.0,0.3333333333333333,95,2
75,"Jumbo 51pc Drum Sanding Kit - Fits Dremel - Includes Rubber Drum Mandrels - 1/2, 3/8 & 1/4",other,<a_159><b_63><c_34>,<a_159>,<a_159><b_63>,3,0.0,0.0,999.0,0.3333333333333333,0.3333333333333333,52,1
87,Wixey WR510 Digital Planer Readout with Fractions,gauge_meter,<a_197><b_220><c_95>,<a_197>,<a_197><b_220>,3,0.0,0.0,999.0,0.0,0.6666666666666666,60,2
105,Mist Coolant Lubrication Spray System For 8mm Air Pipe CNC Lathe Milling Drill,connector_fitting,<a_79><b_154><c_105>,<a_79>,<a_79><b_154>,3,0.0,0.0,999.0,0.0,1.0,60,1
129,Hilitchi 260pcs M3/4/5/6/8 Allen Head Socket Hex Grub Screw Set Assortment Kit with Plastic Box 12.9 Class Black Alloy Steel,fastener,<a_224><b_153><c_243>,<a_224>,<a_224><b_153>,3,0.0,0.0,999.0,0.0,0.3333333333333333,191,5
133,"3M High Temperature Flue Tape, 15-Foot Roll",tape,<a_79><b_9><c_126>,<a_79>,<a_79><b_9>,3,0.0,0.0,999.0,0.0,1.0,60,3
156,"3M Contractor Grade Pro Strength Duct Tape 3979 Silver, 1.88 in x 60 yd 8.0 mil, Individually Wrapped, Conveniently Packaged",adhesive_epoxy,<a_202><b_160><c_168>,<a_202>,<a_202><b_160>,3,0.0,0.0,999.0,0.0,0.6666666666666666,117,7
165,"Duck Brand 299006 3/4-Inch by 60 Feet Utility Vinyl Electrical Tape with Single Roll, Black, 3/4 Inch x Economy",tape,<a_202><b_209><c_236>,<a_202>,<a_202><b_209>,3,0.0,0.0,999.0,0.3333333333333333,0.6666666666666666,117,1
192,"3M Vetbond Tissue Adhesive, 3ml Bottles w/MSDS",adhesive_epoxy,<a_99><b_241><c_165>,<a_99>,<a_99><b_241>,3,0.0,0.0,999.0,0.0,1.0,32,1
203,"Gorilla 7500101 07221000673 Glue Brush & Nozzle, 1-Pack, Clear",3d_filament,<a_99><b_52><c_240>,<a_99>,<a_99><b_52>,3,0.0,0.0,678.3333333333334,0.0,0.6666666666666666,32,1
206,Fluke 1AC-A1-II VoltAlert Non-Contact Voltage Tester,other,<a_36><b_4><c_7>,<a_36>,<a_36><b_4>,3,0.0,0.0,999.0,0.0,0.6666666666666666,54,1
216,Ancor Tinned Copper Lugs 8 AWG - 4/0 AWG,other,<a_17><b_217><c_0>,<a_17>,<a_17><b_217>,3,0.0,0.0,999.0,0.3333333333333333,0.0,99,4
259,"GE Silicone 2+ Window & Door Caulk, 10.1 Oz. Tube, Clear, GE5000",adhesive_epoxy,<a_244><b_218><c_141>,<a_244>,<a_244><b_218>,3,0.0,0.0,999.0,0.0,1.0,72,1
272,"Gorilla Original Gorilla Glue, Waterproof Polyurethane Glue, 2 ounce Bottle, Brown",3d_filament,<a_165><b_107><c_21>,<a_165>,<a_165><b_107>,3,0.0,0.0,670.6666666666666,0.0,0.3333333333333333,72,5
333,DEWALT DW4930 4-Inch by 5/8-Inch-11 Full Cable Twist Wire Wheel/Carbon Steel .020-Inch,other,<a_193><b_58><c_166>,<a_193>,<a_193><b_58>,3,0.0,0.0,999.0,0.3333333333333333,0.3333333333333333,133,2
353,"Scotch Aluminum Foil Tape 3311 Silver, 2 in x 10 yd 3.6 mil (Pack of 1)",adhesive_epoxy,<a_202><b_10><c_78>,<a_202>,<a_202><b_10>,3,0.0,0.0,672.6666666666666,0.0,0.6666666666666666,117,4
459,"50 Pack - 4.5""x.040""x7/8"" Quality Thin Cut Off Wheels Metal & Stainless Steel",other,<a_193><b_106><c_86>,<a_193>,<a_193><b_106>,3,0.0,0.0,999.0,0.6666666666666666,0.3333333333333333,133,1
487,"VIVOSUN 4 inch Inline Duct Booster Fan 100 CFM, Low Noise & Extra Long 5.5' Grounded Power Cord",ventilation_fan,<a_158><b_198><c_79>,<a_158>,<a_158><b_198>,3,0.0,0.0,999.0,0.0,0.3333333333333333,109,2
511,"Nicholson 06706N Axe File, 8-Inch",other,<a_193><b_240><c_215>,<a_193>,<a_193><b_240>,3,0.0,0.0,999.0,0.3333333333333333,0.0,133,3
525,"WD-40 Specialist&nbsp; Spray and Stay Gel Lubricant No-Drip Formula with SMART STRAW&nbsp;SPRAYS 2 WAYS, 10 OZ",other,<a_173><b_98><c_193>,<a_173>,<a_173><b_98>,3,0.0,0.0,999.0,0.3333333333333333,1.0,64,1
561,GREAT STUFF Gaps & Cracks 20 oz Insulating Foam Sealant,adhesive_epoxy,<a_244><b_55><c_46>,<a_244>,<a_244><b_55>,3,0.0,0.0,999.0,0.0,1.0,72,1
605,Loctite Clear Silicone Waterproof Sealant 2.7-Ounce Tube (908570),adhesive_epoxy,<a_165><b_190><c_62>,<a_165>,<a_165><b_190>,3,0.0,0.0,999.0,0.0,1.0,72,1
626,"XFasten Double Sided Tape Carpet Tape, Removable, 2 Inches x 20 Yards",tape,<a_206><b_187><c_180>,<a_206>,<a_206><b_187>,3,0.0,0.0,999.0,0.3333333333333333,0.6666666666666666,60,3
643,Craftsman 100 Piece drilling and driving kit,fastener,<a_159><b_33><c_241>,<a_159>,<a_159><b_33>,3,0.0,0.0,999.0,0.0,0.6666666666666666,52,1
658,Stanley R120 Rivet Pack Assortment,fastener,<a_224><b_76><c_250>,<a_224>,<a_224><b_76>,3,0.0,0.0,999.0,0.3333333333333333,0.3333333333333333,191,1
695,"MABIS Stainless Steel Tweezers, Thumb Dressing Forceps, Serrated Forceps, Silver",other,<a_42><b_97><c_72>,<a_42>,<a_42><b_97>,3,0.0,0.0,999.0,0.6666666666666666,0.3333333333333333,100,3
703,"Duck Brand 240200 Double-Sided Duct Tape, 1.4-Inch by 12-Yards, Single Roll",adhesive_epoxy,<a_202><b_69><c_11>,<a_202>,<a_202><b_69>,3,0.0,0.0,999.0,0.0,0.3333333333333333,117,1
725,"Bissell Zing Bagged Canister Vacuum, Maroon, 4122 - Corded",3d_filament,<a_197><b_33><c_216>,<a_197>,<a_197><b_33>,3,0.0,0.0,999.0,0.0,0.3333333333333333,60,1
731,"ARROW 160376 1-1/4"" Cup Hooks (Pack of 18), Rubbed Bronze",other,<a_71><b_174><c_31>,<a_71>,<a_71><b_174>,3,0.0,0.0,999.0,0.0,0.3333333333333333,118,2
771,LOW ODOR DMSO Glass 8 oz Bottle 99.995% Pharma Grade Dimethyl Sulfoxide,other,<a_150><b_188><c_0>,<a_150>,<a_150><b_188>,3,0.0,0.0,999.0,0.3333333333333333,0.6666666666666666,116,1
789,"Everflow 811-5 PTFE Thread Seal Tape for Plumbers, White 1/2 Inch x 520 Inch (Pack of 5 Rolls)",adhesive_epoxy,<a_79><b_61><c_4>,<a_79>,<a_79><b_61>,3,0.0,0.0,999.0,0.0,0.6666666666666666,60,2
812,ShipGuard 600 Ziplock Bags 6 Assorted Sizes Clear 2MIL baggies1.5x2 2x2 2x3 3x3 3x4 3x5,other,<a_210><b_239><c_121>,<a_210>,<a_210><b_239>,3,0.0,0.0,999.0,0.3333333333333333,1.0,95,1
828,Liquid Nails LN903 10-Ounce Heavy-Duty Liquid Nails Construction Adhesive,adhesive_epoxy,<a_165><b_244><c_4>,<a_165>,<a_165><b_244>,3,0.0,0.0,999.0,0.0,0.6666666666666666,72,3
833,WallPeg 43 Pc. Peg Board Storage System - Pegboard Hook Assortment Organizer Bins Y/B # AM 302- 2,other,<a_42><b_87><c_11>,<a_42>,<a_42><b_87>,3,0.0,0.0,999.0,0.0,0.6666666666666666,100,3
849,Neiko 53100A 4-Inch Pegboard Hooks and Organizer Assortment | 50-Piece Value Pack,other,<a_71><b_2><c_237>,<a_71>,<a_71><b_2>,3,0.0,0.0,999.0,0.3333333333333333,0.3333333333333333,118,2
858,AST Labs Test Lead Alligator Clip Heavy Duty to Alligator Clip Heavy Duty 39,other,<a_211><b_84><c_116>,<a_211>,<a_211><b_84>,3,0.0,0.0,999.0,0.3333333333333333,0.3333333333333333,45,1
861,"SCIGRIP 16 10315 Acrylic Cement, Low-VOC, Medium bodied, 5 Ounce Tube, Clear",adhesive_epoxy,<a_165><b_219><c_10>,<a_165>,<a_165><b_219>,3,0.0,0.0,999.0,0.0,0.6666666666666666,72,5
875,Big Horn 19053C 3 Pieces 8-Inch Spring Caliper / Divider Set,other,<a_104><b_248><c_2>,<a_104>,<a_104><b_248>,3,0.0,0.0,999.0,1.0,0.3333333333333333,60,1
881,"Cast Acrylic Sheet, Clear, 12"" x 12"" x 0.118"" Size",other,<a_79><b_194><c_92>,<a_79>,<a_79><b_194>,3,0.0,0.0,999.0,0.3333333333333333,0.6666666666666666,60,1
889,Hornady 9991 One Shot Spray Case Lube with DynaGlide Plus (5 fl Oz Aerosol),other,<a_173><b_25><c_194>,<a_173>,<a_173><b_25>,3,0.0,0.0,999.0,0.6666666666666666,0.0,64,1
924,"Loctite 234796-6 Super Glue Liquid, 10g Longneck Bottles (Case of 6)",3d_filament,<a_165><b_210><c_215>,<a_165>,<a_165><b_210>,3,0.0,0.0,999.0,0.0,0.3333333333333333,72,2
939,Dophee 10Pcs 240 Grit Flap Sanding Wheel Head Grinding Disc & 3mm Arbor for Rotary Tool,other,<a_193><b_47><c_54>,<a_193>,<a_193><b_47>,3,0.0,0.0,999.0,0.6666666666666666,0.3333333333333333,133,1
953,"Remington Industries 22UL1007STRBLA UL1007 22 AWG Gauge Stranded Hook-Up Wire, 300V, 0.0253"" Diameter, 100' Length, Black",other,<a_67><b_152><c_11>,<a_67>,<a_67><b_152>,3,0.0,0.0,681.0,1.0,0.3333333333333333,119,11
959,"American Weigh Scales Calibration Weight Kit WGHTKIT, Class M2",other,<a_229><b_238><c_126>,<a_229>,<a_229><b_238>,3,0.0,0.0,669.6666666666666,0.3333333333333333,0.6666666666666666,36,1
977,"Uriah Products UV001970 17-1/2"", Vinyl Battery Carrier Strap",other,<a_23><b_84><c_163>,<a_23>,<a_23><b_84>,3,0.0,0.0,999.0,0.3333333333333333,0.3333333333333333,50,1
987,wall26 Reflective Student Driver Magnetic Car Signs(Set of 3) Safety Caution Sign,other,<a_206><b_62><c_23>,<a_206>,<a_206><b_62>,3,0.0,0.0,999.0,0.0,0.6666666666666666,60,3
1022,"Forney 72747 Wire Bench Wheel Brush, Fine Crimped with 1/2-Inch and 5/8-Inch Arbor, 6-Inch-by-.008-Inch",other,<a_193><b_178><c_200>,<a_193>,<a_193><b_178>,3,0.0,0.0,999.0,0.3333333333333333,0.6666666666666666,133,7
1030,"SE DT220R 180 Grit Diamond Burr Set with 1/8"" Shank, 20-Piece",other,<a_193><b_113><c_248>,<a_193>,<a_193><b_113>,3,0.0,0.0,675.6666666666666,0.3333333333333333,0.3333333333333333,133,5
1042,uxcell Mandrel Mounted White Conical Felt Point Polishing Tool,other,<a_193><b_64><c_16>,<a_193>,<a_193><b_64>,3,0.0,0.0,999.0,0.6666666666666666,0.6666666666666666,133,1
1171,"Drill America DWTSMT15X1.5 HSS Metric Tap, Special Size, M15 x 1.5",other,<a_224><b_109><c_0>,<a_224>,<a_224><b_109>,3,0.0,0.0,682.3333333333334,0.6666666666666666,0.0,191,2
1187,Parts Express Cable TV In-Line Coaxial Surge Protector,other,<a_23><b_236><c_34>,<a_23>,<a_23><b_236>,3,0.0,0.0,999.0,0.3333333333333333,0.6666666666666666,50,1
1203,"eSUN 3D 1.75mm PETG Natural Filament 1kg (2.2lb), PETG 3D Printer Filament, Semi-Transparent 1.75mm Natural",3d_filament,<a_223><b_126><c_7>,<a_223>,<a_223><b_126>,3,0.0,0.0,671.3333333333334,0.6666666666666666,0.3333333333333333,247,10
1218,"POWERTEC 15505 White Aluminum Oxide Grinding Wheel, 8-Inch by 1-Inch, 5/8-Inch Arbor, 120 Grit",other,<a_193><b_5><c_255>,<a_193>,<a_193><b_5>,3,0.0,0.0,999.0,0.3333333333333333,0.3333333333333333,133,4
1222,"XFasten Transparent Filament Duct Tape, 2 Inches x 30 Yards",3d_filament,<a_202><b_13><c_5>,<a_202>,<a_202><b_13>,3,0.0,0.0,999.0,0.0,0.3333333333333333,117,1
1336,"STEREN Grip-Clip Single Coaxial Cable Mounting Fastener Clips, 100ct Black",fastener,<a_67><b_55><c_40>,<a_67>,<a_67><b_55>,3,0.0,0.0,999.0,0.0,1.0,119,1
1343,"Shark Welding 26-6M Shark 3-Inch by 1/32-Inch by 3/8-Inch Cut-Off Wheel with Mandrel, 6-Pack.",other,<a_193><b_233><c_195>,<a_193>,<a_193><b_233>,3,0.0,0.0,999.0,0.0,0.6666666666666666,133,1
1384,"RJ45 Tester, Continuity Tester, Coax Tester, LAN Scout Jr. Continuity Tester Klein Tools VDV526-052",fastener,<a_211><b_233><c_231>,<a_211>,<a_211><b_233>,3,0.0,0.0,999.0,0.6666666666666666,0.3333333333333333,45,2
1387,"Uxcell a13052700ux0220 6mm to 8mm Bore Rigid Copper Motor Coupling Coupler W Tight Screws, Rubber",connector_fitting,<a_23><b_238><c_129>,<a_23>,<a_23><b_238>,3,0.0,0.0,999.0,0.3333333333333333,0.3333333333333333,50,1
1392,Pomona 4970 Bnc (M) with 20 Awg Leads,connector_fitting,<a_170><b_228><c_53>,<a_170>,<a_170><b_228>,3,0.0,0.0,999.0,0.0,0.6666666666666666,25,1
1420,"HYDROMETER - ALCOHOL, 0-200 PROOF and Tralle by Bellwether",gauge_meter,<a_94><b_254><c_113>,<a_94>,<a_94><b_254>,3,0.0,0.0,999.0,0.0,0.0,111,2
1424,"AKOAK 15amp Diode Axial Schottky Blocking Diodes for Solar Cells Panel,15SQ045 Schottky(20Pcs)",other,<a_30><b_60><c_170>,<a_30>,<a_30><b_60>,3,0.0,0.0,999.0,0.0,0.6666666666666666,68,1
1428,"Groom Industries Solvent Free Sprayer, Flairosol",other,<a_66><b_71><c_107>,<a_66>,<a_66><b_71>,3,0.0,0.0,999.0,0.6666666666666666,1.0,40,2
1447,"Remington Industries 18UL1007STRKIT UL1007 18 AWG Gauge Stranded Hook-Up Wire Kit, 300V, 0.0403"" Diameter, 25' Length Each",other,<a_67><b_152><c_234>,<a_67>,<a_67><b_152>,3,0.0,0.0,999.0,0.0,0.6666666666666666,119,11
1480,"Tekpower TP3005T Variable Linear DC Power Supply, 0-30V @ 0-5A with Alligator Test Leads",other,<a_158><b_99><c_223>,<a_158>,<a_158><b_99>,3,0.0,0.0,680.3333333333334,1.0,0.3333333333333333,109,3
1593,5 Gallon White Bucket & Gamma Seal Lid - Food Grade Plastic Pail & Gamma2 Screw Seal Tight Lid (Red),fastener,<a_14><b_11><c_4>,<a_14>,<a_14><b_11>,3,0.0,0.0,999.0,0.0,0.3333333333333333,39,1
1604,HONBAY 20 Pcs 1.2inch Thread Green & Red Cap SPST Latching Type Push Button Switch OFF-ON,other,<a_236><b_252><c_214>,<a_236>,<a_236><b_252>,3,0.0,0.0,999.0,0.6666666666666666,0.3333333333333333,84,1
1808,"UHMW (Ultra High Molecular Weight Polyethylene) Sheet, Opaque White, Standard Tolerance, ASTM D4020, 3/4"" Thickness, 12"" Width, 24"" Length",other,<a_17><b_62><c_84>,<a_17>,<a_17><b_62>,3,0.0,0.0,999.0,0.6666666666666666,0.3333333333333333,99,5
1826,"Stainless Steel 316L Seamless Round Tubing, 1/8"" OD, 0.027"" ID, 0.049"" Wall, 12"" Length",connector_fitting,<a_17><b_120><c_201>,<a_17>,<a_17><b_120>,3,0.0,0.0,999.0,0.0,0.0,99,5
1835,"Karter Scientific 214T2, 3.3 Boro, Griffin Low Form, Glass Beaker Set - 3 Sizes - 50ml, 100ml, 250ml",other,<a_94><b_144><c_130>,<a_94>,<a_94><b_144>,3,0.0,0.0,999.0,0.3333333333333333,0.6666666666666666,111,3
1853,"Fluke 62 MAX Infrared Thermometer, AA Battery, -20 to +932 Degree F Range with a NIST-Traceable Calibration Certificate with Data",gauge_meter,<a_107><b_73><c_114>,<a_107>,<a_107><b_73>,3,0.0,0.0,999.0,0.3333333333333333,0.0,66,1
1901,"PneumaticPlus PPR2-N02BG-2 Miniature Air Pressure Regulator 1/4"" NPT - Gauge, Bracket, Instrument Pressure (3-30 PSI)",connector_fitting,<a_108><b_22><c_141>,<a_108>,<a_108><b_22>,3,0.0,0.0,999.0,0.0,0.6666666666666666,143,3
1938,"The Hillman Group The Hillman Group 852143 18"" Winding Rod - For Torsion Springs 2-Pack",other,<a_71><b_250><c_211>,<a_71>,<a_71><b_250>,3,0.0,0.0,999.0,0.3333333333333333,1.0,118,2
1981,"ARROW 160375 1-1/4"" Vinyl Coated Cup Hooks (Pack of 36)",other,<a_71><b_174><c_9>,<a_71>,<a_71><b_174>,3,0.0,0.0,999.0,0.6666666666666666,0.3333333333333333,118,2
1995,"Spectra PAR12-02 Parker Laboratories 360 Electrode Gel, 2 oz. Tube",other,<a_44><b_4><c_61>,<a_44>,<a_44><b_4>,3,0.0,0.0,999.0,0.3333333333333333,0.6666666666666666,65,4
2035,"Rok Hardware Heavy Duty Metal Bracket Right Angle Brace, 20 Gauge, Zinc Finish, 50 Pack",other,<a_71><b_164><c_69>,<a_71>,<a_71><b_164>,3,0.0,0.0,999.0,0.3333333333333333,0.3333333333333333,118,5
2053,"Sika Corporation 106711 Self Leveling Sealant, 29-Ounce, Gray",adhesive_epoxy,<a_244><b_21><c_84>,<a_244>,<a_244><b_21>,3,0.0,0.0,999.0,0.0,0.3333333333333333,72,1
2086,"Dynarex 4110-B Disposable Scalpels, Sterile, Number 10, 10/bx",other,<a_180><b_183><c_220>,<a_180>,<a_180><b_183>,3,0.0,0.0,999.0,0.0,0.3333333333333333,81,2
2130,uxcell 100 Pcs Zinc Plated Carbon Steel Rivet Nut Flat Head Insert Nutsert 1/4-20UNC,fastener,<a_224><b_253><c_139>,<a_224>,<a_224><b_253>,3,0.0,0.0,999.0,0.3333333333333333,0.0,191,2
2213,"Zenport DPG200 Zen-Tek Dry Air Pressure Gauge, 200 PSI",3d_filament,<a_229><b_100><c_222>,<a_229>,<a_229><b_100>,3,0.0,0.0,999.0,0.0,1.0,36,1
2223,"250ml Narrow Mouth Erlenmeyer Flask with Rubber Stoppers, Karter Scientific 213G20 (Pack of 8)",other,<a_94><b_195><c_193>,<a_94>,<a_94><b_195>,3,0.0,0.0,346.6666666666667,0.6666666666666666,0.6666666666666666,111,7
2228,"Control Devices ST Series Brass ASME Safety Valve, 150 psi Set Pressure, 1/4"" Male NPT",connector_fitting,<a_197><b_200><c_115>,<a_197>,<a_197><b_200>,3,0.0,0.0,999.0,0.3333333333333333,0.6666666666666666,60,1
2230,Glarks 122Pcs 2.54mm Pitch DIP IC Sockets Solder Type Adaptor Assortment Kit (6/8/14/16/18/24/28/40 Pins),fastener,<a_73><b_191><c_47>,<a_73>,<a_73><b_191>,3,0.0,0.0,999.0,0.3333333333333333,0.0,114,2
2241,"Curad Antiviral Face Mask, 10 Count",other,<a_44><b_112><c_94>,<a_44>,<a_44><b_112>,3,0.0,0.0,999.0,0.3333333333333333,0.6666666666666666,65,1
2275,Loctite Epoxy One Minute Instant Mix 0.47-Fluid Ounce Syringe (1366072),3d_filament,<a_165><b_35><c_2>,<a_165>,<a_165><b_35>,3,0.0,0.0,999.0,0.0,0.6666666666666666,72,3
2311,"TEMCo 3/4"" Marine Heat Shrink Tube 3:1 Adhesive Glue Lined 4 ft RED",adhesive_epoxy,<a_228><b_198><c_249>,<a_228>,<a_228><b_198>,3,0.0,0.0,682.6666666666666,0.6666666666666666,0.6666666666666666,96,6
2331,Anycubic All Metal Right Hand MK8 Extruder Aluminum Frame Block DIY Kit for Reprap i3 3D Printer,3d_filament,<a_91><b_246><c_202>,<a_91>,<a_91><b_246>,3,0.0,0.0,999.0,1.0,0.0,72,1
2344,"Uxcell a12013100ux0116 High Knob 3P 2 Position 1P2T SPDT Vertical Slide Switch, 0.5 Amp, 50V DC, 50 Piece, 3 mm",other,<a_236><b_173><c_68>,<a_236>,<a_236><b_173>,3,0.0,0.0,999.0,0.0,0.0,84,1
2366,"Steel Flat Washer, Black Oxide Finish, ASME B18.22.1, 1/4"" Screw Size, 9/32"" ID, 5/8"" OD, 0.065"" Thick (Pack of 100)",fastener,<a_224><b_209><c_28>,<a_224>,<a_224><b_209>,3,0.0,0.0,999.0,0.0,0.6666666666666666,191,10
2415,"Remington Industries 28SNSP.25 28 AWG Magnet Wire, Enameled Copper Wire, 4 oz, 0.0135"" Diameter, 507' Length, Red",other,<a_251><b_228><c_15>,<a_251>,<a_251><b_228>,3,0.0,0.0,999.0,0.3333333333333333,0.0,92,8
2444,"KINGLAKE Plastic Transfer Pipettes 3ML,Essential Oils Pipettes,Graduated,Pack of 100, Makeup Tool",other,<a_17><b_216><c_3>,<a_17>,<a_17><b_216>,3,0.0,0.0,999.0,1.0,1.0,99,2
2474,BIQU MK10 M7 0.4mm Extruder Brass Nozzle Print Head for Makerbot 2 RepRap 1.75mm Filament 3D Printer (Pack of 5pcs),3d_filament,<a_91><b_29><c_195>,<a_91>,<a_91><b_29>,3,0.0,0.0,999.0,1.0,0.3333333333333333,72,2
2475,"Gizmo Dorks 3D Print Removal Tool, 5-inch Blade",other,<a_223><b_59><c_216>,<a_223>,<a_223><b_59>,3,0.0,0.0,999.0,0.0,0.6666666666666666,247,3
2484,LHI XT-60 XT60 Male Female Bullet Connectors Plugs for RC Lipo Battery,connector_fitting,<a_158><b_105><c_147>,<a_158>,<a_158><b_105>,3,0.0,0.0,999.0,0.6666666666666666,0.3333333333333333,109,2
2496,"Apera Instruments EC20 Value Conductivity Pocket Tester, &plusmn;1% F.S Accuracy, BPB Sensor, Complete Kit",other,<a_36><b_141><c_148>,<a_36>,<a_36><b_141>,3,0.0,0.0,999.0,0.3333333333333333,0.6666666666666666,54,1
2500,"Micro Swiss MK10 All Metal Hotend Kit .4mm Nozzle WANHAO, FlashForge, Dremel Idea Builder",3d_filament,<a_91><b_10><c_71>,<a_91>,<a_91><b_10>,3,0.0,0.0,681.3333333333334,1.0,0.0,72,1
2527,Hillman 847043 4-Inch Nail-On Traditional Solid Brass House Number 1,fastener,<a_71><b_248><c_21>,<a_71>,<a_71><b_248>,3,0.0,0.0,359.3333333333333,0.0,1.0,118,1
2546,"E3D All-metal v6 HotEnd Full Kit - 1.75mm Universal - Direct, 12v - Approximately 120mm PTFE (ASSEMBLY REQUIRED)",3d_filament,<a_91><b_219><c_15>,<a_91>,<a_91><b_219>,3,0.0,0.0,999.0,1.0,0.3333333333333333,72,2
2608,"Inkbird Pre-Wired Dual Stage Digital Temperature Controller Outlet Thermostat 110V, 1100W Heating and Cooling for Fermentation Kegerator Heating Mat ect",gauge_meter,<a_107><b_35><c_187>,<a_107>,<a_107><b_35>,3,0.0,0.0,679.3333333333334,0.3333333333333333,0.6666666666666666,66,7
2619,"Digital Clamp Meter AC/DC Auto-Ranging 600 Amp Measures Voltage, Resistance, Temp, More Klein Tools CL800",gauge_meter,<a_36><b_8><c_154>,<a_36>,<a_36><b_8>,3,0.0,0.0,999.0,0.6666666666666666,0.3333333333333333,54,3
2640,Uxcell a13052700ux0257 6mm to 8mm CNC Stepper Motor Shaft Coupling Coupler for Encoder,connector_fitting,<a_159><b_18><c_75>,<a_159>,<a_159><b_18>,3,0.0,0.0,999.0,0.3333333333333333,0.3333333333333333,52,1
2671,"Gardner Bender GHG-1538 5PK 3/8"" Grommet, Black",connector_fitting,<a_71><b_49><c_117>,<a_71>,<a_71><b_49>,3,0.0,0.0,999.0,0.6666666666666666,0.0,118,1
2672,"JB Industries DVO-24 Bottle of Black Gold Vacuum Pump Oil, 1 gallon - GIDDS-2463009",other,<a_173><b_100><c_15>,<a_173>,<a_173><b_100>,3,0.0,0.0,999.0,0.3333333333333333,0.6666666666666666,64,2
2725,Syrtenty TENS Unit Electrodes Pads 2x2 Replacement Pads Electrode Patches for Electrotherapy,adhesive_epoxy,<a_44><b_204><c_87>,<a_44>,<a_44><b_204>,3,0.0,0.0,999.0,0.0,1.0,65,1
2731,"BuildTak 3D Printing Build Surface, 8"" x 8"" Square, Black (Pack of 3)",other,<a_197><b_78><c_121>,<a_197>,<a_197><b_78>,3,0.0,0.0,999.0,0.0,0.0,60,1
2775,"Milwaukee Instruments MA9015 Storage Solution for pH/ORP Electrode, 230 mL Volume",other,<a_229><b_30><c_19>,<a_229>,<a_229><b_30>,3,0.0,0.0,999.0,1.0,0.3333333333333333,36,1
2793,"First Aid Only Splinter Out, 10 Per Box",other,<a_44><b_124><c_167>,<a_44>,<a_44><b_124>,3,0.0,0.0,999.0,0.3333333333333333,0.3333333333333333,65,1
2811,"500 Piece Assorted Loose Bicycle Bearing Balls 1/8"", 5/32"", 3/16"" 7/32"" & 1/4",other,<a_71><b_104><c_232>,<a_71>,<a_71><b_104>,3,0.0,0.0,682.3333333333334,0.3333333333333333,0.6666666666666666,118,7
2826,"Dynarex D1415 Povidone Iodine Prep Solution USP, 16 Fluid Ounce",other,<a_44><b_52><c_59>,<a_44>,<a_44><b_52>,3,0.0,0.0,999.0,0.3333333333333333,0.3333333333333333,65,1
2834,E Support 50Pack Yellow Heat Shrink Butt Wire Electrical Crimp Terminal Connector 10-12 AWG Gauge,connector_fitting,<a_67><b_126><c_83>,<a_67>,<a_67><b_126>,3,0.0,0.0,999.0,0.0,0.0,119,2
2862,"Apera Instruments AI311 PH60 Premium Waterproof pH Pocket Tester, Replaceable Probe, &plusmn;0.01 pH Accuracy, -2.00-16.00 pH Range",gauge_meter,<a_107><b_231><c_2>,<a_107>,<a_107><b_231>,3,0.0,0.0,999.0,0.0,0.6666666666666666,66,2
2916,"Taulman BRIDGE Filament, 1.75 mm, BLACK",3d_filament,<a_223><b_240><c_129>,<a_223>,<a_223><b_240>,3,0.0,0.0,999.0,0.6666666666666666,0.3333333333333333,247,2
2950,AmScope BS-72P-100S-22 72 Pieces of Pre-Cleaned Blank Microscope Slides and 100 Pieces of 22x22mm Square Coverslips Cover Glass,other,<a_17><b_145><c_9>,<a_17>,<a_17><b_145>,3,0.0,0.0,999.0,0.3333333333333333,0.6666666666666666,99,4
2967,Inland 1.75mm Green PLA 3D Printer Filament - 1kg Spool (2.2 lbs),3d_filament,<a_158><b_72><c_170>,<a_158>,<a_158><b_72>,3,0.0,0.0,999.0,1.0,0.0,109,19
3048,"eSUN Bronze filament 1.75mm 0.5kg(1.1lb) Spool for Makerbot, Reprap, UP, Afinia, Flash Forge and all FDM 3D Printers",3d_filament,<a_223><b_93><c_161>,<a_223>,<a_223><b_93>,3,0.0,0.0,359.6666666666667,1.0,0.3333333333333333,247,2
3073,bayite AC 110V Fahrenheit Digital Temperature Controller 10A 1 Relay with Sensor,gauge_meter,<a_107><b_35><c_175>,<a_107>,<a_107><b_35>,3,0.0,0.0,999.0,0.6666666666666666,0.6666666666666666,66,7
3136,"HATCHBOX PLA 3D Printer Filament, Dimensional Accuracy +/- 0.03 mm, 1 kg Spool, 1.75 mm, Copper",3d_filament,<a_223><b_198><c_213>,<a_223>,<a_223><b_198>,3,0.0,0.0,999.0,0.3333333333333333,0.3333333333333333,247,47
3177,Video Surveillance Sign - No Trespassing Violators Will Be Prosecuted Legend 10 X 14 High Quality Aluminum,fastener,<a_68><b_193><c_74>,<a_68>,<a_68><b_193>,3,0.0,0.0,999.0,0.0,0.0,67,1
3205,"Stens 125-508 Oil Drain Valve, 3/8""- 18"" NPTF Threads, Uses 1/2"" hose, Quick twist and pull motion to open",connector_fitting,<a_159><b_54><c_50>,<a_159>,<a_159><b_54>,3,0.0,0.0,999.0,0.0,0.0,52,1
3207,"Tru-Flate 21-133 5/16"" Male Hose End Barb Type Hose Fitting",connector_fitting,<a_108><b_178><c_177>,<a_108>,<a_108><b_178>,3,0.0,0.0,999.0,0.0,0.3333333333333333,143,1
3209,Ancor Heat Shrink Ring Terminals,adhesive_epoxy,<a_67><b_199><c_0>,<a_67>,<a_67><b_199>,3,0.0,0.0,999.0,0.0,0.3333333333333333,119,3
3216,"3D Printer Head(6PCS),6PCS 3D Printer 0.4mm Extruder Brass Nozzle Print Head for MK8 1.75mm ABS PLA Printer(0.4mm)",3d_filament,<a_91><b_105><c_98>,<a_91>,<a_91><b_105>,3,0.0,0.0,349.6666666666667,1.0,0.0,72,3
3268,Cast Corner Bracket for 20mm Aluminum Extrusion 20x20x17mm (Pack of 10),3d_filament,<a_71><b_223><c_103>,<a_71>,<a_71><b_223>,3,0.0,0.0,999.0,0.3333333333333333,0.3333333333333333,118,1
3276,Thick Glass Graduated Measuring Cylinder Set 5ml 10ml 50ml 100ml Glass with Two Brushes,other,<a_94><b_155><c_214>,<a_94>,<a_94><b_155>,3,0.0,0.0,999.0,0.6666666666666666,0.3333333333333333,111,1
3296,"Polyolefin 2:1 Heat Shrink Tubing 1/16, 1/8, 3/16, 1/4, 3/8, 1/2 , 3/4, 1 Inch",other,<a_228><b_61><c_3>,<a_228>,<a_228><b_61>,3,0.0,0.0,999.0,0.6666666666666666,0.6666666666666666,96,1
3333,"E-Z Lok Threaded Insert, Brass, Knife Thread, 3/8""-16 Internal Threads, 0.625"" Length (Pack of 10)",fastener,<a_224><b_133><c_5>,<a_224>,<a_224><b_133>,3,0.0,0.0,999.0,0.0,0.6666666666666666,191,4
3338,Uxcell a15052000ux0115 2Pcs Slotted Metal 35 mm Din Mounting Rail 40 cm Long for AC Contactor,other,<a_23><b_188><c_189>,<a_23>,<a_23><b_188>,3,0.0,0.0,999.0,0.3333333333333333,0.6666666666666666,50,2
3342,"Anderson Metals 06102 Brass Pipe Fitting, Barstock Cross, 1/4"" x 1/4"" x 1/4"" x 1/4"" NPT Female Pipe",tape,<a_108><b_1><c_88>,<a_108>,<a_108><b_1>,3,0.0,0.0,999.0,0.0,0.3333333333333333,143,8
3370,"BuildTak 3D Printing Build Surface, 9"" x 10"" Rectangle, Black (Pack of 3)",3d_filament,<a_223><b_184><c_0>,<a_223>,<a_223><b_184>,3,0.0,0.0,999.0,1.0,0.0,247,6
3378,"Uxcell a14041400ux1070 2Pcs LM6LUU 6mm Shaft Dia Double Wide Sealed Linear Motion Bearing, 0.47"" width, 0.24 Metal",other,<a_251><b_167><c_213>,<a_251>,<a_251><b_167>,3,0.0,0.0,999.0,0.0,0.0,92,3
3418,uxcell 660V 20A 6 Terminals 4 Positions Rotary Cam Changeover Switch,gauge_meter,<a_236><b_251><c_159>,<a_236>,<a_236><b_251>,3,0.0,0.0,999.0,0.0,0.6666666666666666,84,1
3419,60ml Catheter Tip Disposable Syringe by Care Touch (1 60ml Syringe),other,<a_150><b_125><c_103>,<a_150>,<a_150><b_125>,3,0.0,0.0,999.0,0.6666666666666666,1.0,116,1
3446,Anycubic 1.75mm Skin Color PLA 3D Printer Filament - 1kg Spool (2.2 lbs) - Dimensional Accuracy +/- 0.05mm,3d_filament,<a_223><b_105><c_148>,<a_223>,<a_223><b_105>,3,0.0,0.0,999.0,1.0,0.0,247,3
3539,"Starbond EM-2000 Thick, PREMIUM CA - Super Glue plus Extra Cap and Microtips, 2 oz. (For Woodturning, Hobby, Archery Fletching)",adhesive_epoxy,<a_99><b_230><c_9>,<a_99>,<a_99><b_230>,3,0.0,0.0,999.0,0.0,0.3333333333333333,32,2
3542,FlashForge FFH001 2 Nozzles and 4 Teflon Tubes kit for FlashForge Creator Pro and Dreamer (Pack of 6),3d_filament,<a_91><b_45><c_168>,<a_91>,<a_91><b_45>,3,0.0,0.0,999.0,1.0,0.0,72,1
3579,Inland 1.75mm Natural PETG 3D Printer Filament - 1kg Spool (2.2 Lbs),3d_filament,<a_158><b_72><c_4>,<a_158>,<a_158><b_72>,3,0.0,0.0,353.3333333333333,1.0,0.3333333333333333,109,19
3591,"1/4"" Eccentric Spacer for Full Size V Wheels (Pack of 20)",other,<a_159><b_5><c_254>,<a_159>,<a_159><b_5>,3,0.0,0.0,999.0,0.0,0.0,52,1
3600,"Micro-Swiss HW-NOZ-MK10-04 Plated Brass Wear Resistant Nozzles, 1.75 mm, MK10 (Flash Forge/Dremel/Wanhao) 0.4 mm, Bright Nickel",3d_filament,<a_91><b_96><c_90>,<a_91>,<a_91><b_96>,3,0.0,0.0,999.0,1.0,0.0,72,2
3619,"eSUN 1.75mm Red PLA PRO (PLA+) 3D Printer Filament 1KG Spool (2.2lbs), Red, (Pantone 485C)",3d_filament,<a_223><b_144><c_30>,<a_223>,<a_223><b_144>,3,0.0,0.0,999.0,1.0,0.0,247,12
3626,MUYI 10 Meters = 32.8 Feet PTFE Teflon Tube OD 4mm ID 2mm for Chemical Electrical Medical Equipment,other,<a_228><b_172><c_149>,<a_228>,<a_228><b_172>,3,0.0,0.0,999.0,0.0,0.0,96,3
3632,"eSUN 1.75mm Blue PLA PRO (PLA+) 3D Printer Filament 1KG Spool (2.2lbs), Blue",3d_filament,<a_223><b_144><c_10>,<a_223>,<a_223><b_144>,3,0.0,0.0,999.0,1.0,0.3333333333333333,247,12
3654,1.75mm Orange PLA 3D Printer Filament - 1kg Spool (2.2 lbs) - Dimensional Accuracy +/- 0.03mm,3d_filament,<a_158><b_206><c_2>,<a_158>,<a_158><b_206>,3,0.0,0.0,999.0,1.0,0.3333333333333333,109,9
3674,1.75mm Green PLA 3D Printer Filament - 1kg Spool (2.2 lbs) - Dimensional Accuracy +/- 0.03mm,3d_filament,<a_223><b_105><c_129>,<a_223>,<a_223><b_105>,3,0.0,0.0,999.0,1.0,0.0,247,3
3681,3D Solutech Real Orange 1.75mm ABS 3D Printer Filament 2.2 LBS (1.0KG),3d_filament,<a_223><b_80><c_216>,<a_223>,<a_223><b_80>,3,0.0,0.0,999.0,1.0,1.0,247,24
6,PORTER-CABLE 740000801 4 1/2-Inch x 10yd 80 Grit Adhesive-Backed Sanding Roll,adhesive_epoxy,<a_193><b_196><c_9>,<a_193>,<a_193><b_196>,2,0.0,0.0,999.0,0.5,0.5,133,3
14,Titan Tools 11185 Telescoping Inspection Mirror,other,<a_180><b_48><c_25>,<a_180>,<a_180><b_48>,2,0.0,0.0,999.0,0.0,1.0,81,1
20,"PORTER-CABLE (PBN18075-1) 18 Gauge Brad Nails, 3/4-Inch, 1000-Pack",fastener,<a_42><b_226><c_185>,<a_42>,<a_42><b_226>,2,0.0,0.0,506.0,0.5,0.5,100,5
21,"Swordfish 32051 Brass Plated Wood Screw Assortment, 500 Piece",fastener,<a_224><b_128><c_119>,<a_224>,<a_224><b_128>,2,0.0,0.0,999.0,0.5,0.5,191,1
26,Shark Navigator Lift-Away Professional NV356E,other,<a_24><b_116><c_155>,<a_24>,<a_24><b_116>,2,0.0,0.0,999.0,0.5,0.5,119,1
66,Brown & Sharpe 599-792-30 Adjustable Spring Tensioned Tap Guide,other,<a_104><b_185><c_92>,<a_104>,<a_104><b_185>,2,0.0,0.0,999.0,0.0,0.0,60,1
78,PSI LCENTLT2 No. 2MT Heavy Duty Live Tailstock Center,other,<a_159><b_172><c_75>,<a_159>,<a_159><b_172>,2,0.0,0.0,999.0,0.5,0.0,52,1
95,uxcell 5 Pcs Dual Row 4 Position Covered Screw Terminal Strip 600V 25A,fastener,<a_73><b_87><c_191>,<a_73>,<a_73><b_87>,2,0.0,0.0,999.0,0.0,1.0,114,5
102,"Stainless Steel Tumbling Media Pins - 0.047"" Diameter, 0.255"" Length (5 lb Pack)",fastener,<a_17><b_144><c_241>,<a_17>,<a_17><b_144>,2,0.0,0.0,999.0,0.0,0.0,99,2
103,"Osborn International 75116SP Steel File Card, 3-3/4"" Brush Area Length",other,<a_180><b_106><c_10>,<a_180>,<a_180><b_106>,2,0.0,0.0,999.0,1.0,1.0,81,1
109,"Arlington LPCG50-1 Low-Profile Strain Relief Cord Connector, 1/2 Inch",connector_fitting,<a_67><b_158><c_175>,<a_67>,<a_67><b_158>,2,0.0,0.0,999.0,0.5,0.5,119,1
126,"Applied Magnets 2-pc, 1.5"" Strong NdFeB Neodymium Cup Magnet with Countersunk Hole.",other,<a_251><b_7><c_107>,<a_251>,<a_251><b_7>,2,0.0,0.0,999.0,0.0,0.0,92,1
135,"LDR Industries 516 B1210 Nylon Tubing, 1/2"" x 10', Clear",connector_fitting,<a_228><b_36><c_120>,<a_228>,<a_228><b_36>,2,0.0,0.0,999.0,0.0,0.5,96,1
142,High Temperature Heat Resistant Tape Sublimation Tape Koptan Tape 2 Rolls 10mm X 33m 100ft,tape,<a_206><b_209><c_144>,<a_206>,<a_206><b_209>,2,0.0,0.0,999.0,0.0,0.5,60,1
147,Bentonite - 8 oz.,other,<a_150><b_240><c_128>,<a_150>,<a_150><b_240>,2,0.0,0.0,999.0,1.0,0.5,116,1
158,Stainless Steel Phillips Flat Machine Screw Kit #K18MPF,fastener,<a_224><b_222><c_73>,<a_224>,<a_224><b_222>,2,0.0,0.0,999.0,0.0,1.0,191,4
170,URBEST 328 Pcs Assorted Heat Shrink Tube 5 Colors 8 Sizes Tubing Wrap Sleeve Set Combo (328PCS),other,<a_228><b_45><c_149>,<a_228>,<a_228><b_45>,2,0.0,0.0,514.0,0.0,1.0,96,7
174,Heat Shrink Tape Black 180 foot,tape,<a_17><b_187><c_201>,<a_17>,<a_17><b_187>,2,0.0,0.0,999.0,0.0,0.5,99,3
200,"3M Scotch 2120-A Tough Transparent Duct Tape, 1.8-Inch, 20 yds",tape,<a_206><b_9><c_216>,<a_206>,<a_206><b_9>,2,0.0,0.0,999.0,0.5,1.0,60,1
204,"Gorilla Super Glue, Two 3 Gram Tubes, Clear",adhesive_epoxy,<a_165><b_52><c_191>,<a_165>,<a_165><b_52>,2,0.0,0.0,999.0,0.0,0.5,72,2
221,"3M 88 Electrical Tape, .75-Inch by 66-Foot by .0085-Inch",adhesive_epoxy,<a_202><b_218><c_58>,<a_202>,<a_202><b_218>,2,0.0,0.0,999.0,0.5,1.0,117,3
248,"Neiko 10197A Titanium Step Drill Bit Set, High Speed Steel | 5-Piece Set | Total 50 Sizes",other,<a_224><b_237><c_164>,<a_224>,<a_224><b_237>,2,0.0,0.0,999.0,0.5,0.5,191,1
267,"General Tools 80560 Telescoping LED Lighted Inspection Mirror, 360 Swivel  for Extra Viewing",other,<a_180><b_238><c_46>,<a_180>,<a_180><b_238>,2,0.0,0.0,999.0,0.0,0.5,81,2
269,"Philips Sonicare HealthyWhite+ electric rechargeable toothbrush, HX8911",other,<a_24><b_20><c_0>,<a_24>,<a_24><b_20>,2,0.0,0.0,999.0,0.0,1.0,119,8
295,"American Educational 7-G15-A Cast Iron Support Ring Stand with Acid Resistant Finish, 8"" Length x 5"" Width Base Size",other,<a_87><b_150><c_0>,<a_87>,<a_87><b_150>,2,0.0,0.0,999.0,0.0,0.5,71,3
300,"XYZprinting RFPLCXUS00B da Vinci Jr. & mini Series Filament, PLA (NFC), 600 g, Nature",3d_filament,<a_223><b_95><c_158>,<a_223>,<a_223><b_95>,2,0.0,0.0,999.0,0.5,0.0,247,1
301,FLIR C2 Compact Thermal Imaging System,other,<a_107><b_68><c_182>,<a_107>,<a_107><b_68>,2,0.0,0.0,999.0,1.0,0.5,66,5
304,"Carlisle 3621962414 Sweep Complete Aluminum Handle Floor Sweep with Squeegee, Plastic Bristles, 24"" Length, 3"" Bristle Trim, Blue",other,<a_24><b_106><c_121>,<a_24>,<a_24><b_106>,2,0.0,0.0,999.0,1.0,0.5,119,1
342,"Omron Sprague Rappaport Stethoscope, Black",other,<a_180><b_218><c_166>,<a_180>,<a_180><b_218>,2,0.0,0.0,999.0,0.5,1.0,81,1
352,General Tools 1261-4 1/2-Inch Grommet Refill with 24 Grommets,other,<a_71><b_70><c_24>,<a_71>,<a_71><b_70>,2,0.0,0.0,999.0,0.0,1.0,118,4
367,J-B Weld 31314 Red High Temperature RTV Silicone Gasket Maker and Sealant - 3 oz.,adhesive_epoxy,<a_244><b_24><c_246>,<a_244>,<a_244><b_24>,2,0.0,0.0,999.0,0.0,0.0,72,2
379,"Pro Tie 33101 SAE Size 12 Range 5/8-Inch-1-1/4-Inch SS Turn Key All Stainless Hose Clamp, 10-Pack",connector_fitting,<a_71><b_54><c_55>,<a_71>,<a_71><b_54>,2,0.0,0.0,999.0,0.0,0.0,118,3
381,"Torin Big Red Hydraulic Bottle Jack, 50 Ton Capacity",other,<a_87><b_37><c_190>,<a_87>,<a_87><b_37>,2,0.0,0.0,511.0,0.5,0.5,71,4
392,SummitLink Pack of 328 Pcs Assorted Heat Shrink Tube 5 Colors 8 Sizes Tubing Wrap Sleeve Set Combo,other,<a_228><b_45><c_18>,<a_228>,<a_228><b_45>,2,0.0,0.0,999.0,0.5,0.5,96,7
402,"Metabo Slicer Cut Off Wheel 6"" X .040"" Box 50",other,<a_193><b_73><c_2>,<a_193>,<a_193><b_73>,2,0.0,0.0,999.0,0.0,0.5,133,1
405,"The Hillman Group 180147 Nylon Insert Lock Nut, 1/4-Inch by 20-Inch, 100-Pack",fastener,<a_224><b_251><c_16>,<a_224>,<a_224><b_251>,2,0.0,0.0,999.0,0.5,1.0,191,3
429,"Angel Premium TENS/EMS Unit 40 Electrode Pads 2""x2"" in. Reusable Self Stick Gel Carbon Electrodes",adhesive_epoxy,<a_122><b_145><c_237>,<a_122>,<a_122><b_145>,2,0.0,0.0,999.0,0.5,0.5,35,1
431,"Industrial & Scientific"" />",metadata_placeholder,<a_15><b_118><c_0>,<a_15>,<a_15><b_118>,2,0.0,0.0,999.0,0.0,0.5,31,2
437,"Millrose 70660 Monster Roll PTFE Thread Seal Tape, 1/2-Inch x 260-Inch, Blue",tape,<a_170><b_4><c_100>,<a_170>,<a_170><b_4>,2,0.0,0.0,999.0,0.0,0.5,25,1
446,"DEWALT DCS16150 1-1/2-Inch by 16 Gauge Finish Nail (2,500 per Box)",fastener,<a_42><b_33><c_191>,<a_42>,<a_42><b_33>,2,0.0,0.0,999.0,0.5,0.5,100,6
455,MDF Acoustica Deluxe Lightweight Dual Head Stethoscope - All Black (MDF747XP-BO),other,<a_180><b_31><c_233>,<a_180>,<a_180><b_31>,2,0.0,0.0,999.0,0.5,0.0,81,3
460,"4.5"" x 7/8"" Premium Zirconia Flap Disc Grinding Wheel 60 Grit Type 29-10 Pack",other,<a_17><b_220><c_1>,<a_17>,<a_17><b_220>,2,0.0,0.0,999.0,0.5,1.0,99,2
465,"Dorman Hardware 4-9845 Peggable Wire Basket Set, 3-Pack",other,<a_71><b_122><c_150>,<a_71>,<a_71><b_122>,2,0.0,0.0,999.0,1.0,0.0,118,1
466,"Best Choice Products 4-Wheel Foldable Rolling Warehouse Moving Flatbed Platform Dolly Push Cart w/ 330lb Capacity, Non-Slip Surface - Blue",other,<a_87><b_177><c_14>,<a_87>,<a_87><b_177>,2,0.0,0.0,999.0,1.0,1.0,71,2
468,SEOH 4 inch Glass Pipette Droppers (pack of 12),other,<a_150><b_97><c_199>,<a_150>,<a_150><b_97>,2,0.0,0.0,999.0,0.5,0.5,116,2
470,"Silicone RTV 4500 FDA Grade High Strength Silicone Sealant, Clear (2.8 fl.oz)",adhesive_epoxy,<a_244><b_15><c_88>,<a_244>,<a_244><b_15>,2,0.0,0.0,999.0,0.0,0.0,72,1
471,Proxxon 28608 Precision Vise FMZ with Clamp,fastener,<a_193><b_110><c_45>,<a_193>,<a_193><b_110>,2,0.0,0.0,999.0,0.5,0.5,133,1
486,"Premiere 9411 Disposable Scalpels with #11 High-Carbon Steel Blades, Plastic Handle, Sterile, Individually Foil Wrapped, Box of 10 pcs",other,<a_180><b_227><c_201>,<a_180>,<a_180><b_227>,2,0.0,0.0,999.0,1.0,0.5,81,2
490,"Duck Brand 300877 Professional Grade Electrical Tape, 3/4-Inch by 66 Feet, Single Roll, White",adhesive_epoxy,<a_202><b_161><c_182>,<a_202>,<a_202><b_161>,2,0.0,0.0,999.0,0.5,1.0,117,3
506,"Stainless 1/4-20 Hex Nuts, USS Coarse Thread, 304 Stainless Steel, 100 pieces (1/4 Hex Nuts)",fastener,<a_224><b_195><c_115>,<a_224>,<a_224><b_195>,2,0.0,0.0,999.0,0.0,0.5,191,2
515,Chemical Guys ACC_121.32HD Chemical Resistant Heavy Duty Bottle and Sprayer (32 oz),3d_filament,<a_150><b_132><c_2>,<a_150>,<a_150><b_132>,2,0.0,0.0,999.0,0.0,0.5,116,2
518,MotoBatt MBCL5 5' 18AWG Cable Lead Extension,other,<a_23><b_181><c_212>,<a_23>,<a_23><b_181>,2,0.0,0.0,999.0,0.0,0.5,50,1
520,"Copper Sheet Metal - 12"" x 12",other,<a_68><b_192><c_222>,<a_68>,<a_68><b_192>,2,0.0,0.0,999.0,0.5,1.0,67,2
523,"Industrial & Scientific"" />",metadata_placeholder,<a_15><b_138><c_46>,<a_15>,<a_15><b_138>,2,0.0,0.0,999.0,0.0,0.5,31,1
534,"Century Drill and Tool 76221 Coarse Drill Cup Wire Brush, 2-3/4-Inch",adhesive_epoxy,<a_193><b_104><c_2>,<a_193>,<a_193><b_104>,2,0.0,0.0,506.5,0.0,1.0,133,4
536,"Eagle F-15 HDPE 10"" Poly Funnel For Metal Type I Safety Cans, 4"" Height, 8"" Width, 9"" Length",other,<a_44><b_119><c_9>,<a_44>,<a_44><b_119>,2,0.0,0.0,999.0,0.5,0.5,65,1
544,"Oreck Commercial XL Commercial Upright Vacuum Cleaner, XL2100RHS",other,<a_24><b_102><c_186>,<a_24>,<a_24><b_102>,2,0.0,0.0,999.0,0.0,0.5,119,1
583,Marathon Universal Fit Pneumatic (Air Filled) Hand Truck / All Purpose Utility Tire on Wheel with Adapter Kit Included,connector_fitting,<a_87><b_54><c_195>,<a_87>,<a_87><b_54>,2,0.0,0.0,999.0,0.0,0.5,71,1
591,Nubee Temperature Gun Non-contact Infrared Thermometer MAX Display & EMS Adjustable,gauge_meter,<a_107><b_42><c_214>,<a_107>,<a_107><b_42>,2,0.0,0.0,999.0,0.0,0.5,66,5
600,Vktech 5pcs 2M Waterproof Digital Temperature Temp Sensor Probe DS18b20,other,<a_211><b_97><c_129>,<a_211>,<a_211><b_97>,2,0.0,0.0,999.0,0.0,0.0,45,2
608,3M Tape Primer 94 1/2 Pint 8oz For Vinyl Di-Noc,tape,<a_233><b_205><c_196>,<a_233>,<a_233><b_205>,2,0.0,0.0,999.0,0.0,0.0,20,1
609,"Dap 7079812343 Drydex 5.5 Oz 6Pk Raw Building Material, 5.5-Ounce, Pink/White",other,<a_244><b_136><c_142>,<a_244>,<a_244><b_136>,2,0.0,0.0,505.5,0.5,0.5,72,1
616,"Hard-to-Find Fastener 014973291433 Phillips Flat TwinFast Wood Screws, 6 x 1/2-Inch, 100-Piece",fastener,<a_224><b_44><c_92>,<a_224>,<a_224><b_44>,2,0.0,0.0,999.0,0.0,0.0,191,2
620,"Nubee Non-Contact Digital Laser Infrared Thermometer Temperature Gun -58 &deg;F - 1022&deg;F(-50&deg;C - 550&deg;C) MAX Display, EMS Adjustable Function, Orange",gauge_meter,<a_107><b_133><c_57>,<a_107>,<a_107><b_133>,2,0.0,0.0,999.0,0.0,0.0,66,1
627,"Shop Vac, 37987, Black Plastic",other,<a_24><b_249><c_10>,<a_24>,<a_24><b_249>,2,0.0,0.0,999.0,0.0,0.5,119,1
648,"3M Foil Tape 3381 Silver, 1.88 in x 50 yd 2.7 mil (Pack of 1)",adhesive_epoxy,<a_202><b_221><c_59>,<a_202>,<a_202><b_221>,2,0.0,0.0,999.0,0.0,0.5,117,1
649,BQLZR M4 Stainless Steel 304 Hook & Eye Turnbuckle Wire Rope Tension Pack Of 5,other,<a_17><b_118><c_175>,<a_17>,<a_17><b_118>,2,0.0,0.0,508.5,0.0,0.5,99,3
660,"Cofufu 4 Pcs 1"" Plastic Wheel Rectangle Top Plate Fixed Swivel Caster Set",fastener,<a_87><b_104><c_91>,<a_87>,<a_87><b_104>,2,0.0,0.0,999.0,0.0,1.0,71,1
661,"PneumaticPlus PSL15-160 Pressure Gauge, Lower Mount, 1-1/2"" Dial, 0-160 PSI, 1/8"" NPT",connector_fitting,<a_229><b_169><c_129>,<a_229>,<a_229><b_169>,2,0.0,0.0,999.0,0.0,0.0,36,3
671,Kimtech Science KimWipes Delicate Task Wipers 1-ply 280 count (Pack of 2),other,<a_210><b_12><c_136>,<a_210>,<a_210><b_12>,2,0.0,0.0,515.5,0.5,0.5,95,4
679,iRobot Braava 380t Robot Mop,other,<a_197><b_132><c_32>,<a_197>,<a_197><b_132>,2,0.0,0.0,999.0,0.5,0.0,60,1
690,"SharkBite 22223-0000LFA Ball Valve 1 Inch x 1 Inch, Water Valve Shut Off, Push-to-Connect, PEX, Copper, CPVC, PE-RT",connector_fitting,<a_108><b_252><c_21>,<a_108>,<a_108><b_252>,2,0.0,0.0,999.0,0.0,0.0,143,2
691,"Deft Interior Clear Wood Finish Gloss Lacquer, 12.25-Ounce Aerosol Spray",other,<a_99><b_132><c_145>,<a_99>,<a_99><b_132>,2,0.0,0.0,999.0,1.0,0.0,32,2
693,"SE DM201 Stainless Steel Inspection Mirror, 0.75"" Dia, 7",other,<a_180><b_196><c_39>,<a_180>,<a_180><b_196>,2,0.0,0.0,999.0,1.0,0.5,81,1
694,"Colormetrics Gray Putty Tape / Butyl Tape 1/8"" x 1"" x 30' (Single Roll)",tape,<a_244><b_221><c_2>,<a_244>,<a_244><b_221>,2,0.0,0.0,999.0,0.0,0.5,72,2
700,"Anderson Metals 06130 Brass Pipe Fitting, 90 Degree Barstock Elbow, 1/4"" NPT Male x 1/4"" NPT Male Pipe",tape,<a_108><b_1><c_2>,<a_108>,<a_108><b_1>,2,0.0,0.0,999.0,0.0,0.5,143,8
705,"Shepherd Hardware 9782 4-Inch Cast Iron Swivel Plate Caster, 500-lb Load Capacity",other,<a_87><b_249><c_104>,<a_87>,<a_87><b_249>,2,0.0,0.0,999.0,1.0,0.5,71,1
711,3M Scotch #35 Electrical Tape Value Pack (10457NA),tape,<a_202><b_218><c_109>,<a_202>,<a_202><b_218>,2,0.0,0.0,999.0,0.0,1.0,117,3
713,"Rubbermaid Commercial Products FG295673BLUE Plastic Resin Deskside Recycling Can, 7 Gallon/28 Quart, Blue Recycling Symbol (Pack of 12)",other,<a_210><b_201><c_191>,<a_210>,<a_210><b_201>,2,0.0,0.0,999.0,0.0,0.5,95,2
714,Shop-Vac 9067200 Type I 10-14-Gallon High Efficiency Disposable Collection Filter Bag 2-Pack,adhesive_epoxy,<a_24><b_29><c_6>,<a_24>,<a_24><b_29>,2,0.0,0.0,999.0,0.0,0.0,119,2
719,"Gorilla Heavy Duty Construction Adhesive, 2.5 ounce Squeeze Tube, White",adhesive_epoxy,<a_99><b_53><c_168>,<a_99>,<a_99><b_53>,2,0.0,0.0,999.0,1.0,0.5,32,1
721,"Kreg SML-C2B-250 Blue-Kote Weather Resistant Pocket Hole Screws - 2"", 8 Coarse, Washer Head, 250 count",fastener,<a_224><b_230><c_193>,<a_224>,<a_224><b_230>,2,0.0,0.0,999.0,0.0,1.0,191,2
727,"The Hillman Group 180297 Pronged Tee Nut, 1/4 20, 100-Pack",fastener,<a_224><b_9><c_148>,<a_224>,<a_224><b_9>,2,0.0,0.0,999.0,0.5,0.5,191,1
748,Replacement Filter Fits Shop Vac 90304,other,<a_109><b_82><c_143>,<a_109>,<a_109><b_82>,2,0.0,0.0,999.0,0.5,0.0,40,1
754,Fluke Networks 26200900 Pro3000 Tone Generator with ABN Clips and RJ11 Plug,other,<a_197><b_35><c_191>,<a_197>,<a_197><b_35>,2,0.0,0.0,999.0,0.5,1.0,60,1
756,"Gardner Bender GSW-20  Electrical Toggle Switch Covers, EDPM Rubber Cover, Moisture, Dust and Dirt Resistant, Pack of 2, Black",fastener,<a_236><b_87><c_68>,<a_236>,<a_236><b_87>,2,0.0,0.0,999.0,0.0,0.0,84,2
772,"Watts 0009257 25AUB-Z3, 3/4"", bronz",other,<a_108><b_6><c_237>,<a_108>,<a_108><b_6>,2,0.0,0.0,999.0,0.0,0.0,143,1
773,"Duck Brand Standard Packaging Tape Refill, 1.88 Inch x 54.6 Yard, Clear, 1 Roll (240408)",tape,<a_202><b_18><c_120>,<a_202>,<a_202><b_18>,2,0.0,0.0,999.0,0.0,0.5,117,2
799,"Dap 18268 Roof Sealant, 10.1 oz, Black",adhesive_epoxy,<a_244><b_179><c_220>,<a_244>,<a_244><b_179>,2,0.0,0.0,999.0,0.0,0.5,72,1
811,Install Bay Copper Ring Terminal 2 Gauge 5/16 Inch 10 Pack - CUR2516,other,<a_67><b_244><c_160>,<a_67>,<a_67><b_244>,2,0.0,0.0,999.0,0.5,0.5,119,3
819,"Inkbird ITC-1000 Dual Stage Digital Temperature Controller Fahrenheit  Celsius Thermostat with Sensor for 3D Printer,Freezer,Fridge,Hatching ect (12 Volt)",3d_filament,<a_107><b_35><c_90>,<a_107>,<a_107><b_35>,2,0.0,0.0,999.0,0.5,1.0,66,7
843,"Industrial & Scientific"" />",metadata_placeholder,<a_15><b_105><c_128>,<a_15>,<a_15><b_105>,2,0.0,0.0,999.0,0.0,0.5,31,1
845,"The Hillman Group 58528 1/4 x 2-Inch Round Loop Wire Lock Pin, 4-Pack",fastener,<a_71><b_160><c_159>,<a_71>,<a_71><b_160>,2,0.0,0.0,999.0,0.0,0.5,118,1
856,Tesa  Wire Loom Harness Tape Used By Mercedes BMW VW Audi,tape,<a_233><b_239><c_74>,<a_233>,<a_233><b_239>,2,0.0,0.0,999.0,0.0,0.0,20,1
857,"Dixon FBVG100 Brass Ball Valve, 1"" NPT Female",connector_fitting,<a_108><b_83><c_114>,<a_108>,<a_108><b_83>,2,0.0,0.0,999.0,0.5,0.5,143,1
886,"O1 Tool Steel Round Rod, Annealed/Precision Ground, ASTM A681, 0.359375"" Diameter, 36"" Length",connector_fitting,<a_17><b_200><c_15>,<a_17>,<a_17><b_200>,2,0.0,0.0,999.0,0.0,0.5,99,4
890,Octave Tool Kit A for 3D Printer,3d_filament,<a_91><b_27><c_216>,<a_91>,<a_91><b_27>,2,0.0,0.0,999.0,1.0,0.5,72,1
898,Personalized Office Name Plate With Wall or Desk Holder - 2x8 - CUSTOMIZE,other,<a_71><b_143><c_185>,<a_71>,<a_71><b_143>,2,0.0,0.0,999.0,0.0,1.0,118,1
908,"Kreg SML-C150-100 Pocket Screws 1-1/2-Inch, 8 Coarse, Washer-Head, 100-Count",fastener,<a_224><b_163><c_54>,<a_224>,<a_224><b_163>,2,0.0,0.0,999.0,0.0,0.5,191,7
917,Reliable Hardware Company RH-5112BO-A 1/2-Inch Wood Screw with Black Oxide and Wax,fastener,<a_224><b_44><c_65>,<a_224>,<a_224><b_44>,2,0.0,0.0,521.5,0.5,0.5,191,2
919,"Flex Seal Spray Rubber Sealant Coating, 14-oz, Clear",adhesive_epoxy,<a_244><b_1><c_199>,<a_244>,<a_244><b_1>,2,0.0,0.0,999.0,0.0,0.5,72,1
937,"Covidien 5750 Curity Alcohol Prep, Sterile, Medium, 2-ply (Pack of 200)",other,<a_44><b_98><c_1>,<a_44>,<a_44><b_98>,2,0.0,0.0,999.0,0.5,0.5,65,2
946,"Crest Cavity Protection Toothpaste, 6.4 Ounce (Pack of 6)",other,<a_66><b_48><c_22>,<a_66>,<a_66><b_48>,2,0.0,0.0,999.0,1.0,0.5,40,1
962,Yobett Large Plastic 100ml Syringe +120cm (47in) handy plastic tubing,fastener,<a_150><b_130><c_6>,<a_150>,<a_150><b_130>,2,0.0,0.0,999.0,0.0,0.5,116,2
980,"Anderson Metals Brass Pipe Fitting, Adapter, 1/8"" Male Pipe x 1/8"" Female Pipe",tape,<a_108><b_3><c_204>,<a_108>,<a_108><b_3>,2,0.0,0.0,999.0,0.0,0.0,143,1
986,Stanley 93-301 14-Inch Yellow Panel Carry Handle,other,<a_87><b_161><c_199>,<a_87>,<a_87><b_161>,2,0.0,0.0,999.0,0.5,0.5,71,2
999,Curt Manufacturing 28276 Towing Wiring,other,<a_87><b_77><c_76>,<a_87>,<a_87><b_77>,2,0.0,0.0,999.0,0.0,1.0,71,1
1019,"Oatey 30200 Clear Cutting Oil, Hand Threads, 16-Ounce",3d_filament,<a_173><b_192><c_99>,<a_173>,<a_173><b_192>,2,0.0,0.0,999.0,0.0,1.0,64,2
1021,GAVAN M14 x 1.5 Metric Taper and Plug Tap 14mm,tape,<a_224><b_215><c_102>,<a_224>,<a_224><b_215>,2,0.0,0.0,999.0,0.0,0.0,191,1
1031,ABN Adhesive Sticky Back 80-Grit Sandpaper Roll 2-3/4&rdquo; Inch x 20 Yards Aluminum Oxide Golden Yellow Longboard Dura PSA,adhesive_epoxy,<a_206><b_62><c_3>,<a_206>,<a_206><b_62>,2,0.0,0.0,999.0,0.0,1.0,60,3
1047,"Magnolia Brush 233 Low Cost Single Thickness Paint or Chip Brush, 1-1/2"" Trim, 2"" Width, White (Case of 24)",other,<a_24><b_57><c_95>,<a_24>,<a_24><b_57>,2,0.0,0.0,999.0,0.5,0.5,119,1
1106,DAOKI 10PCS Digital DC 5V Amplifier Board Class D 23W USB Power Mini PAM8403 Audio Module,other,<a_30><b_92><c_36>,<a_30>,<a_30><b_92>,2,0.0,0.0,999.0,0.5,0.5,68,1
1115,TEKTON 8-Inch Swivel Bench Vise | 54008,fastener,<a_193><b_177><c_105>,<a_193>,<a_193><b_177>,2,0.0,0.0,999.0,0.0,0.5,133,3
1122,"Halulu 8"" x 10"" Resealable Poly Bags Reclosable Plastic Bags Zip Bags, Clear, 2 Mil, Pack of 100",other,<a_210><b_54><c_219>,<a_210>,<a_210><b_54>,2,0.0,0.0,999.0,1.0,0.5,95,2
1133,"AMMEX - ABNPF46100-BX - Medical Nitrile Gloves - Disposable, Powder Free, Exam Grade, 4 mil, Large, Black (Box of 100)",other,<a_44><b_217><c_83>,<a_44>,<a_44><b_217>,2,0.0,0.0,999.0,0.5,0.0,65,4
1135,"Durham 385-95 Gray Cold Rolled Steel 6 Sections Aerosol Can Caddy, 21-1/2"" Width x 5-1/4"" Height x 3-1/8"" Depth",other,<a_210><b_36><c_88>,<a_210>,<a_210><b_36>,2,0.0,0.0,999.0,0.0,0.5,95,1
1152,"Irwin Tools 2629- 3 Piece High Carbon Steel- Tap 5/16"" - 24 NF",other,<a_224><b_140><c_169>,<a_224>,<a_224><b_140>,2,0.0,0.0,999.0,0.0,1.0,191,2
1164,"Fowler Full Warranty 52-104-025-0 Machinist Jack Set, 1000 lbs. capacity",fastener,<a_87><b_17><c_227>,<a_87>,<a_87><b_17>,2,0.0,0.0,999.0,0.0,1.0,71,1
1174,"Nashua 2280 Polyethylene Coated Cloth Multi-Purpose Duct Tape, 55m Length x 48mm Width, Tan",adhesive_epoxy,<a_202><b_170><c_66>,<a_202>,<a_202><b_170>,2,0.0,0.0,999.0,0.0,0.0,117,3
1192,Hilitchi 420pcs M2 M3 Stainless Steel Hex Socket Head Cap Screws Nuts Assortment Kit with Box (304 Stainless Steel),fastener,<a_224><b_153><c_233>,<a_224>,<a_224><b_153>,2,0.0,0.0,999.0,0.0,0.0,191,5
1194,"Gorilla Gripper 'GP' 0 to 3/4"" (0 to 22mm)",other,<a_159><b_43><c_162>,<a_159>,<a_159><b_43>,2,0.0,0.0,999.0,0.0,0.5,52,2
1197,TapeCase 3432 1in X 5yd Red Reflective Tape (1 Roll),tape,<a_68><b_121><c_4>,<a_68>,<a_68><b_121>,2,0.0,0.0,999.0,0.0,0.5,67,4
1205,"PEI (Polyetherimide) Sheet, Opaque Off-White, Standard Tolerance, ASTM D5205 PEI0113, 0.03"" Thickness, 12"" Width, 24"" Length",other,<a_17><b_62><c_227>,<a_17>,<a_17><b_62>,2,0.0,0.0,518.0,0.0,0.0,99,5
1210,"Sparco Sealing Tape Transparent Heavy Duty, 48mm x 50m, 6 Rolls (60041)",tape,<a_202><b_46><c_193>,<a_202>,<a_202><b_46>,2,0.0,0.0,999.0,0.0,1.0,117,1
1219,"Install Bay BVBC Vinyl Connector, Blue 16/14 Gauge (100-Bag)",connector_fitting,<a_67><b_140><c_199>,<a_67>,<a_67><b_140>,2,0.0,0.0,523.5,1.0,0.5,119,4
1251,"OOK 55300 Hangman Double Headed Bear Claw 4 In 1 Screw, 12-Count",fastener,<a_159><b_113><c_46>,<a_159>,<a_159><b_113>,2,0.0,0.0,999.0,0.0,0.5,52,1
1259,"Phenolic Sheet, Tan, 0.25"" Thickness, 6"" Width, 12"" Length (Pack of 1)",other,<a_79><b_112><c_9>,<a_79>,<a_79><b_112>,2,0.0,0.0,999.0,0.0,1.0,60,1
1273,FLIR TG165 Spot Thermal Camera,gauge_meter,<a_107><b_68><c_7>,<a_107>,<a_107><b_68>,2,0.0,0.0,999.0,0.0,0.0,66,5
1279,"Rutland Products 601 Rutland Castable Refractory Cement, 25-Pound",adhesive_epoxy,<a_79><b_248><c_121>,<a_79>,<a_79><b_248>,2,0.0,0.0,999.0,0.5,0.5,60,1
1284,"2-P10KIT Available 2-P10 Adhesive Kit, Clear",adhesive_epoxy,<a_99><b_190><c_233>,<a_99>,<a_99><b_190>,2,0.0,0.0,999.0,0.0,0.5,32,1
1286,Accessbuy 180-Piece Rubber Grommet Shop Assortment,other,<a_71><b_201><c_34>,<a_71>,<a_71><b_201>,2,0.0,0.0,516.0,0.0,0.0,118,1
1289,Install Bay Copper Ring Terminal Connector 8 Gauge 1/4 Inch 25 Pack - CUR814,connector_fitting,<a_67><b_1><c_220>,<a_67>,<a_67><b_1>,2,0.0,0.0,999.0,0.5,0.0,119,4
1304,"Duda Energy borp1 Fine Powder Boric Acid H3BO3 99, 1 lb. (Packaging may vary)",other,<a_173><b_22><c_11>,<a_173>,<a_173><b_22>,2,0.0,0.0,999.0,0.5,1.0,64,1
1319,"ProTapes Pro 950 Polyimide Film Tape, 7500V Dielectric Strength, 36 yds Length x 1/2"" Width (Pack of 1)",adhesive_epoxy,<a_79><b_199><c_17>,<a_79>,<a_79><b_199>,2,0.0,0.0,999.0,0.0,0.0,60,2
1363,5 Neodymium Hook Magnets - Each Holds up to 12 Pounds by Emovendo,other,<a_251><b_53><c_151>,<a_251>,<a_251><b_53>,2,0.0,0.0,999.0,0.5,1.0,92,2
1375,"Brown & Sharpe 599-579-12-5-1 Dial Caliper, Stainless Steel, Black Face, 0-12"" Range, +/-0.001"" Accuracy, 0.001"" Resolution, Meets DIN 862 Specifications",gauge_meter,<a_17><b_75><c_7>,<a_17>,<a_17><b_75>,2,0.0,0.0,999.0,0.5,0.5,99,2
1383,"Justrite AccuFlow 7225420 Type II Galvanized Steel Safety Can with 5/8"" Flexible Spout, 2.5 Gallon Capacity, Green",3d_filament,<a_44><b_158><c_169>,<a_44>,<a_44><b_158>,2,0.0,0.0,999.0,0.0,0.0,65,1
1388,"Bob Smith Industries BSI-131H Insta-Cure Thin Super Glue, 1 oz.",adhesive_epoxy,<a_165><b_157><c_233>,<a_165>,<a_165><b_157>,2,0.0,0.0,999.0,0.0,0.5,72,1
1408,"Swordfish 31390 Screw & U Nut/U-Clip Assortment, 170 Piece",fastener,<a_224><b_158><c_71>,<a_224>,<a_224><b_158>,2,0.0,0.0,999.0,0.0,0.0,191,1
1410,"Tygon F-4040-A PVC Fuel And Lubricant Tubing, 1/2"" ID, 3/4"" OD, 1/8"" Wall, 10' Length, Yellow",connector_fitting,<a_206><b_36><c_144>,<a_206>,<a_206><b_36>,2,0.0,0.0,999.0,0.5,1.0,60,1
1414,Temco Terminal Lug Tinned Copper Uninsulated Gauge AWG,adhesive_epoxy,<a_67><b_230><c_156>,<a_67>,<a_67><b_230>,2,0.0,0.0,999.0,0.0,0.5,119,2
1419,Eagle Brewing BE510 Siphon Spray Wort Aerator,other,<a_150><b_101><c_162>,<a_150>,<a_150><b_101>,2,0.0,0.0,999.0,0.0,1.0,116,1
1432,"Sashco Pre-Caulking Filler Rope Backer Rod Roll, 100' Length x 3/8"" Width, Grey",adhesive_epoxy,<a_244><b_185><c_140>,<a_244>,<a_244><b_185>,2,0.0,0.0,999.0,0.0,0.5,72,1
1457,Vacuum Pump - 12V,other,<a_24><b_247><c_58>,<a_24>,<a_24><b_247>,2,0.0,0.0,999.0,0.0,0.5,119,1
1460,"Forney 72729 Wire Cup Brush, Coarse Crimped with 1/4-Inch Hex Shank, 2-Inch-by-.012-Inch",other,<a_193><b_178><c_239>,<a_193>,<a_193><b_178>,2,0.0,0.0,999.0,0.5,0.5,133,7
1468,"Hillman 1/4-20 C NEX 150003 Coarse Thread Hex Nuts, 1/4 X 20-Inch, 100-Pack, Steel",fastener,<a_224><b_77><c_86>,<a_224>,<a_224><b_77>,2,0.0,0.0,999.0,1.0,0.5,191,7
1481,Install Bay CCL1614 Crimp Cap Nylon Connector 16/14 Gauge Long Neck -100-Pack,connector_fitting,<a_67><b_133><c_141>,<a_67>,<a_67><b_133>,2,0.0,0.0,999.0,0.5,0.5,119,3
1499,Smart Weigh CW-500G Carbon Steel 500g OIML Class M1: &plusmn; 25 mg Calibration Weight with Chrome Finish,other,<a_229><b_95><c_66>,<a_229>,<a_229><b_95>,2,0.0,0.0,999.0,0.0,0.5,36,2
1502,"Dap 18275 DYNAFLEX 230, White 100% Waterproof Window, Door & Trim Sealant, 10.1 oz",adhesive_epoxy,<a_244><b_103><c_33>,<a_244>,<a_244><b_103>,2,0.0,0.0,999.0,1.0,0.5,72,1
1503,"Homewerks VBV-P40-B7B Ball Valve, PVC Schedule 40, Female Thread x Female Thread, 1-1/2-Inch",other,<a_108><b_64><c_115>,<a_108>,<a_108><b_64>,2,0.0,0.0,999.0,0.5,0.5,143,2
1512,"SharkBite 22461LF Barb PEX Ball Valve, 1/2-Inch, Brass",connector_fitting,<a_108><b_252><c_66>,<a_108>,<a_108><b_252>,2,0.0,0.0,999.0,0.5,0.0,143,2
1519,"TOGGLER ALLIGATOR AF6 Flanged Anchor, Polypropylene, Made in US, For #6 to #12 Fastener Sizes (Pack of 100)",adhesive_epoxy,<a_224><b_47><c_169>,<a_224>,<a_224><b_47>,2,0.0,0.0,999.0,0.0,0.5,191,4
1520,"Loos Stainless Steel 302/304 Wire Rope, 7x7 Strand Core, 1/8"" Bare OD, 25' Length, 1700 lbs Breaking Strength",other,<a_71><b_119><c_105>,<a_71>,<a_71><b_119>,2,0.0,0.0,999.0,0.0,0.0,118,5
1521,"Aluminum Crimping Loop Sleeve for 1/8"" Diameter Wire Rope and Cable, (Pack of 100)",connector_fitting,<a_67><b_249><c_16>,<a_67>,<a_67><b_249>,2,0.0,0.0,999.0,0.0,1.0,119,2
1523,"WEN 73004 500 lb Capacity Service Cart, X-Large",fastener,<a_210><b_90><c_184>,<a_210>,<a_210><b_90>,2,0.0,0.0,999.0,0.0,0.5,95,2
1532,"First Voice TS-3183 Sterile Self-Adherent Stretch Sensi-Wrap Bandage, 5 yds Length x 3"" Width (Pack of 10)",other,<a_122><b_11><c_238>,<a_122>,<a_122><b_11>,2,0.0,0.0,999.0,0.0,1.0,35,1
1543,"Aluminum 6061-T6 Seamless Round Tubing, WW-T 700/6, 1-1/8"" OD, 1.009"" ID, 0.058"" Wall, 12",connector_fitting,<a_251><b_0><c_134>,<a_251>,<a_251><b_0>,2,0.0,0.0,999.0,0.0,0.5,92,3
1551,"BuildTak 3D Printing Build Surface, 4.5"" x 4.5"" Square, Black (Pack of 3)",3d_filament,<a_223><b_184><c_15>,<a_223>,<a_223><b_184>,2,0.0,0.0,999.0,0.0,0.0,247,6
1566,"Electronics-Salon 0.47uF to 1000uF Electrolytic Capacitors Assortment Kit, 13 Values, Total 200 Pieces",other,<a_236><b_183><c_115>,<a_236>,<a_236><b_183>,2,0.0,0.0,999.0,0.0,0.0,84,2
1569,"Gear Aid Aquaseal FD Flexible Repair Adhesive for Outdoor Gear and Vinyl, Clear Glue",adhesive_epoxy,<a_122><b_70><c_106>,<a_122>,<a_122><b_70>,2,0.0,0.0,999.0,0.0,1.0,35,1
1572,"Devcon Epoxy, 2 Ton Epoxy, 4.25 Ounce each, 2 Bottles",adhesive_epoxy,<a_165><b_71><c_28>,<a_165>,<a_165><b_71>,2,0.0,0.0,999.0,0.5,0.0,72,3
1576,"IPS Weld-On 3 Acrylic Plastic Cement with Weld-On Applicator Bottle with Needle, 4 oz Can, Clear",3d_filament,<a_165><b_205><c_147>,<a_165>,<a_165><b_205>,2,0.0,0.0,999.0,0.0,1.0,72,2
1581,Uxcell Wire Wrap Sleeve 3 mm Dia 30 mm Long Heat Shrink Tubing 240Pcs Black,other,<a_17><b_219><c_137>,<a_17>,<a_17><b_219>,2,0.0,0.0,999.0,1.0,0.0,99,2
1588,"Super Lube 41160/UV Synthetic UV Grease (NLGI 2), 14.1 oz Canister, Translucent White",other,<a_173><b_11><c_0>,<a_173>,<a_173><b_11>,2,0.0,0.0,999.0,0.5,0.5,64,2
1589,Cerium Oxide Glass Polishing Compound - 8 Oz,other,<a_99><b_12><c_85>,<a_99>,<a_99><b_12>,2,0.0,0.0,999.0,0.0,0.0,32,1
1597,30 Bearing 608ZZ 8x22x7 Shielded Greased Miniature Ball Bearings,tape,<a_251><b_44><c_109>,<a_251>,<a_251><b_44>,2,0.0,0.0,999.0,0.0,0.0,92,3
1605,"1805-OW-PB/B-5 Nylon Onewrap Strap, Hook and Loop, 1-1/2"" Wide, 5' Length, Black",other,<a_68><b_161><c_169>,<a_68>,<a_68><b_161>,2,0.0,0.0,999.0,0.5,0.5,67,1
1608,"Optical SPDIF Toslink/Coaxial Digital to Analog Audio Decoder Converter with PCM, 5.1 Dolby Digital & DTS Support",connector_fitting,<a_36><b_49><c_254>,<a_36>,<a_36><b_49>,2,0.0,0.0,999.0,0.5,0.5,54,1
1619,"Round Spacer, Aluminum, Plain Finish, #10 Screw Size, 3/8"" OD, 0.192"" ID, 1/8"" Length, Made in US (Pack of 10)",fastener,<a_71><b_44><c_232>,<a_71>,<a_71><b_44>,2,0.0,0.0,999.0,0.0,1.0,118,2
1621,"Bel-Art Labmat Bench Liner; 50 Feet, White (F24675-0000)",other,<a_68><b_143><c_19>,<a_68>,<a_68><b_143>,2,0.0,0.0,999.0,1.0,0.5,67,1
1626,"Kimberly-Clark Kimtech Science Kimwipes Delicate Task Disposable Wiper, 8-25/64"" Length x 4-25/64"" Width, White (Pack of 3)",other,<a_210><b_12><c_17>,<a_210>,<a_210><b_12>,2,0.0,0.0,999.0,0.5,0.5,95,4
1634,Elenco RS-500 Resistance Substitution Box,other,<a_73><b_131><c_210>,<a_73>,<a_73><b_131>,2,0.0,0.0,999.0,0.0,0.5,114,1
1640,"MakerBeam Regular Starter Kit Black anodized including beams (10x10mm in diameter), brackets, nuts and bolts",fastener,<a_23><b_164><c_167>,<a_23>,<a_23><b_164>,2,0.0,0.0,999.0,0.0,0.5,50,1
1645,Extech TL747 Electronic Sharp Test Probe Set,other,<a_36><b_253><c_7>,<a_36>,<a_36><b_253>,2,0.0,0.0,999.0,0.5,0.5,54,1
1675,"CMT 529.095.31 Plug Cutter, 3/8-Inch Minor Diameter, 49/64-Inch Diameter, 1/2-Inch Shank",other,<a_193><b_218><c_44>,<a_193>,<a_193><b_218>,2,0.0,0.0,999.0,0.5,0.5,133,1
1681,SummitLink 415 Pcs Black Assorted Heat Shrink Tube 10 Sizes Tubing Wrap Sleeve Set Combo,other,<a_228><b_45><c_67>,<a_228>,<a_228><b_45>,2,0.0,0.0,999.0,0.5,1.0,96,7
1722,Signstek 2PCS P6100 100 MHz Oscilloscope Probe for Rigol Atten Owon Siglent,other,<a_36><b_188><c_124>,<a_36>,<a_36><b_188>,2,0.0,0.0,999.0,0.0,0.5,54,1
1723,"Uxcell a15032300ux0532 Potentiometer Volume Control Knob Cap with 100 Piece, Knurled Shaft 6 mm Diameter",other,<a_236><b_51><c_31>,<a_236>,<a_236><b_51>,2,0.0,0.0,999.0,0.5,0.5,84,1
1729,"Smith-Cooper International CV30L Series Brass Check Valve, Potable Water Service, 1"" NPT Female",tape,<a_108><b_101><c_0>,<a_108>,<a_108><b_101>,2,0.0,0.0,999.0,0.0,0.5,143,3
1732,"RapidFix UV Liquid Plastic Adhesive with UV Flashlight, 10 mL",adhesive_epoxy,<a_197><b_49><c_201>,<a_197>,<a_197><b_49>,2,0.0,0.0,999.0,0.0,0.5,60,1
1740,Chunshop WH5001 Celsius/Fahrenheit Digital Thermometer Temperature Meter Gauge C/F,gauge_meter,<a_107><b_239><c_227>,<a_107>,<a_107><b_239>,2,0.0,0.0,999.0,0.0,0.5,66,1
1742,"Ajax Scientific Battery Holder with Lead Wire, 1x AA Cell (Pack of 10)",other,<a_23><b_253><c_114>,<a_23>,<a_23><b_253>,2,0.0,0.0,999.0,1.0,0.5,50,2
1747,"DIYmall 0.96"" Inch I2c IIC Serial 128x64 Oled LCD LED White Display Module for Arduino 51 Msp420 Stim32 SCR",other,<a_30><b_215><c_255>,<a_30>,<a_30><b_215>,2,0.0,0.0,999.0,0.0,0.0,68,2
1749,10 pcs New A3144 A3144E OH3144E 3144 Hall Effect Sensor,other,<a_73><b_154><c_170>,<a_73>,<a_73><b_154>,2,0.0,0.0,999.0,0.5,0.0,114,1
1750,1 X Drilled Rubber Stopper #6.5 (Set of 3),tape,<a_108><b_247><c_88>,<a_108>,<a_108><b_247>,2,0.0,0.0,999.0,0.0,0.0,143,2
1754,XCSOURCE 3D Printer MK8 Extruder Aluminum Frame Block DIY Kit Reprap i3 All Metal BI090,3d_filament,<a_91><b_95><c_115>,<a_91>,<a_91><b_95>,2,0.0,0.0,999.0,1.0,0.0,72,3
1764,SIEMENS WN2060U Non-Fused AC Disconnect,other,<a_236><b_134><c_19>,<a_236>,<a_236><b_134>,2,0.0,0.0,999.0,1.0,1.0,84,1
1767,"Anderson Metals 56101 Brass Pipe Fitting, Barstock Tee, 1/4"" x 1/4"" x 1/4"" NPT Female Pipe",tape,<a_108><b_1><c_65>,<a_108>,<a_108><b_1>,2,0.0,0.0,999.0,0.0,1.0,143,8
1827,"X-Treme Tape TPE-XZLG Silicone Rubber Self Fusing Tape, 1"" x 10', Triangular, Gray",tape,<a_202><b_198><c_197>,<a_202>,<a_202><b_198>,2,0.0,0.0,33.5,1.0,0.5,117,10
1834,"General Hydroponics Ph 7.0 Calibration Solution - 8 Ounces, 1 bottle",other,<a_229><b_166><c_248>,<a_229>,<a_229><b_166>,2,0.0,0.0,999.0,0.5,1.0,36,2
1840,TapeCase 3430 0.75in X 5yd White Reflective Tape (1 Roll),tape,<a_68><b_121><c_117>,<a_68>,<a_68><b_121>,2,0.0,0.0,999.0,0.5,0.5,67,4
1846,Milwaukee Instruments MW102 PH and Temperature Meter,other,<a_107><b_111><c_32>,<a_107>,<a_107><b_111>,2,0.0,0.0,999.0,0.5,0.5,66,3
1848,Kamo 5PCS 3D Printer 0.4mm Extruder Brass Nozzle Print Head for MK8 1.75mm ABS PLA Printer,3d_filament,<a_91><b_29><c_123>,<a_91>,<a_91><b_29>,2,0.0,0.0,999.0,1.0,0.5,72,2
1871,"Eagle UI-50-FS Red Galvanized Steel Type I Gasoline Safety Can with Funnel, 5 Gallon Capacity, 13.5"" Height, 12.5"" Diameter",other,<a_44><b_28><c_209>,<a_44>,<a_44><b_28>,2,0.0,0.0,999.0,0.5,0.5,65,3
1873,"Gorilla Crystal Clear Duct Tape, 1.88&rdquo; x 5 yd, Clear, (Pack of 1)",adhesive_epoxy,<a_202><b_52><c_21>,<a_202>,<a_202><b_52>,2,0.0,0.0,999.0,0.0,0.0,117,8
1874,"FastenMaster FMHLGM278-50 HeadLOK Heavy-Duty Flathead Fastener, 2-7/8 Inches, 50-Count",fastener,<a_224><b_33><c_237>,<a_224>,<a_224><b_33>,2,0.0,0.0,999.0,0.0,0.5,191,2
1891,"Gardner Bender Available DS-110N 1-Pound Duct Seal Compound, Gray Green",other,<a_170><b_49><c_33>,<a_170>,<a_170><b_49>,2,0.0,0.0,999.0,0.5,1.0,25,2
1896,"Red Star Cote des Blancs Wine Yeast, 5 Gram - 10-Pack",connector_fitting,<a_150><b_50><c_12>,<a_150>,<a_150><b_50>,2,0.0,0.0,505.5,0.0,0.5,116,4
1899,55pcs 6 Pin DPDT Self-locking Power Micro Push Button Switches 7mmx7mm,fastener,<a_236><b_58><c_106>,<a_236>,<a_236><b_58>,2,0.0,0.0,999.0,0.0,0.5,84,2
1900,"Siglent SDG1025 Function/Arbitrary Waveform Generator, 25MHz, 125MSa/s Sample Rate",other,<a_36><b_248><c_149>,<a_36>,<a_36><b_248>,2,0.0,0.0,999.0,1.0,0.5,54,1
1903,Lehigh 5/16-9 x 3-1/4 inch Stainless Steel Screw Eyes (6 Pack),fastener,<a_224><b_213><c_68>,<a_224>,<a_224><b_213>,2,0.0,0.0,999.0,0.0,1.0,191,1
1909,"SE RFW16100 1-1/2"" Reinforced Cut off Wheel with 1/16"" Arbor (100 Count)",connector_fitting,<a_193><b_193><c_93>,<a_193>,<a_193><b_193>,2,0.0,0.0,999.0,0.0,1.0,133,1
1914,Tesa 51026 Highest Quality Heat Proof Engine Compartment Wiring Tape used by VW AUDI BMW,adhesive_epoxy,<a_233><b_129><c_129>,<a_233>,<a_233><b_129>,2,0.0,0.0,999.0,0.5,0.0,20,1
1918,"Anderson Metals Brass Hose Fitting, Union, 3/16"" x 3/16"" Barb",connector_fitting,<a_108><b_244><c_1>,<a_108>,<a_108><b_244>,2,0.0,0.0,999.0,0.5,0.5,143,4
1931,MALIDA 1/4 inch OD Tube push fit straight quick connect for water purifiers (10 pack),connector_fitting,<a_108><b_38><c_8>,<a_108>,<a_108><b_38>,2,0.0,0.0,999.0,0.0,0.5,143,1
1933,Uxcell a14082700ux0101 Antique Wood Box Latch Sets Case Hasp Lock 26 mm Long Brass Tone (Pack of 10),other,<a_71><b_99><c_29>,<a_71>,<a_71><b_99>,2,0.0,0.0,999.0,1.0,1.0,118,1
1940,"Atoplee 1pc MT2 Live Center Morse Taper Triple Bearing 2 Mt .0002"" for High Speed Turning, CNC Work",tape,<a_158><b_246><c_239>,<a_158>,<a_158><b_246>,2,0.0,0.0,999.0,0.0,1.0,109,2
1967,100 Scalpel Blades # 11 with Free Handle,other,<a_180><b_197><c_100>,<a_180>,<a_180><b_197>,2,0.0,0.0,999.0,0.0,0.0,81,1
1974,"BuildTak 3D Printing Build Surface, 12"" x 12"" Square, Black (Pack of 3)",3d_filament,<a_223><b_184><c_4>,<a_223>,<a_223><b_184>,2,0.0,0.0,999.0,0.5,0.5,247,6
1994,"Industrial & Scientific"" />",metadata_placeholder,<a_15><b_185><c_11>,<a_15>,<a_15><b_185>,2,0.0,0.0,999.0,0.0,0.5,31,1
2012,Elitech STC-1000 Temperature Controller Origin Digital 110V Centigrade Thermostat 2 Relays,gauge_meter,<a_158><b_99><c_184>,<a_158>,<a_158><b_99>,2,0.0,0.0,999.0,0.5,0.5,109,3
2015,"TDS Meter, Dr.meter TDS-3C Water Quality TDS Tester 0-9990 ppm Range 1 ppm Resolution +/- 2% Accuracy",gauge_meter,<a_107><b_186><c_141>,<a_107>,<a_107><b_186>,2,0.0,0.0,999.0,0.0,0.5,66,2
2034,The Hillman Group 707319  XL Washered Wing Nut 1/4-20 (50-Pack),fastener,<a_224><b_236><c_163>,<a_224>,<a_224><b_236>,2,0.0,0.0,999.0,0.0,0.0,191,1
2038,"3"" X 4"" 4-mil Clear Resealable Zipper Poly Shipping Bags (Qty=100)",other,<a_210><b_9><c_46>,<a_210>,<a_210><b_9>,2,0.0,0.0,999.0,0.5,1.0,95,3
2046,"Qualihome Drywall and Hollow-wall Anchor Assortment Kit, Anchors, Screws, Wall Anchor Hooks, and Hollow-door Toggle, 112 Pieces",fastener,<a_224><b_63><c_1>,<a_224>,<a_224><b_63>,2,0.0,0.0,999.0,0.0,0.5,191,4
2061,"Soyan 3D Pen for Arts and Crafts, 3D Molding, Sculpting and Doodling, Perfect Gift for Kids (Gray)",other,<a_158><b_21><c_210>,<a_158>,<a_158><b_21>,2,0.0,0.0,999.0,0.0,0.0,109,2
2085,"Stainless Steel 316 Cast Pipe Fitting, 90 Degree Street Elbow, Class 150, 1"" NPT Male X Female",tape,<a_108><b_222><c_170>,<a_108>,<a_108><b_222>,2,0.0,0.0,999.0,0.0,0.5,143,1
2097,SummitLink 428 Pcs Red Black Assorted Heat Shrink Tube 10 Sizes Tubing Wrap Sleeve Set Combo,other,<a_228><b_45><c_241>,<a_228>,<a_228><b_45>,2,0.0,0.0,999.0,0.5,0.5,96,7
2104,"Anderson Metals Brass Garden Hose Fitting, Connector, 3/4"" Barb x 3/4"" Male Hose",connector_fitting,<a_108><b_88><c_54>,<a_108>,<a_108><b_88>,2,0.0,0.0,999.0,0.5,0.5,143,3
2111,Shop-Vac 5986100 8-Gallon 5.5 Peak HP Stainless Steel Wet Dry Vacuum,other,<a_24><b_53><c_138>,<a_24>,<a_24><b_53>,2,0.0,0.0,999.0,0.0,1.0,119,1
2144,Pomona 6341 Precision Electronic Probe Kit,other,<a_36><b_168><c_140>,<a_36>,<a_36><b_168>,2,0.0,0.0,999.0,0.5,0.0,54,1
2149,"Quartet Rare Earth Magnets, Large, 6 Pack (85391)",other,<a_251><b_209><c_205>,<a_251>,<a_251><b_209>,2,0.0,0.0,999.0,1.0,0.5,92,1
2165,"Rubbermaid Commercial FGH136000000 Invader Side-Gate Wet Mop, Vinyl-Covered Aluminum Handle, 60-inch",other,<a_24><b_9><c_4>,<a_24>,<a_24><b_9>,2,0.0,0.0,999.0,0.5,0.5,119,1
2201,"TRM Manufacturing 610B Weatherall 6 Mil Black Poly Plastic Sheet, 1 Box of 100 Feet Long by 10 Feet Wide",other,<a_68><b_129><c_225>,<a_68>,<a_68><b_129>,2,0.0,0.0,999.0,0.0,0.0,67,1
2202,"Loc-Line Coolant Hose Assembly Kit, Acetal Copolymer, 7 Piece, 1/4"" Coolant Hose ID",3d_filament,<a_228><b_23><c_31>,<a_228>,<a_228><b_23>,2,0.0,0.0,999.0,0.5,0.0,96,3
2211,J-B Weld 8297 HighHeat 550 Degree Epoxy Putty Stick - 2 oz.,adhesive_epoxy,<a_165><b_16><c_198>,<a_165>,<a_165><b_16>,2,0.0,0.0,999.0,0.5,0.5,72,1
2217,"Diagnostics Direct 0P-PBFT-BFTO Dynarex Disposable Scalpels, Sterile, Number 11 (Pack of 10)",other,<a_180><b_227><c_86>,<a_180>,<a_180><b_227>,2,0.0,0.0,999.0,0.5,0.5,81,2
2218,YKS 6 Inch Carbon Fiber Composite Vernier Digital Caliper Ruler With Big Screen,gauge_meter,<a_104><b_17><c_26>,<a_104>,<a_104><b_17>,2,0.0,0.0,999.0,0.0,0.0,60,3
2219,Gorilla Supply 50 Thermal Paper Rolls 2-1/4 X 50 Verifone Vx520 Ingenico ICT220 ICT250 FD400 50/CS,other,<a_23><b_231><c_219>,<a_23>,<a_23><b_231>,2,0.0,0.0,999.0,0.5,0.5,50,1
2234,"Sterile Specimen Cups, Set of 3, Screw Cap, Tamper Evident, 4 oz.",fastener,<a_14><b_148><c_72>,<a_14>,<a_14><b_148>,2,0.0,0.0,999.0,0.0,1.0,39,1
2236,"Bar Neodymium Magnet 3""x1/2""x1/4"" - Rare Earth Rectangle Magnet for Craftings, School Projects and Magnetic Therapy, One Pack",other,<a_17><b_95><c_238>,<a_17>,<a_17><b_95>,2,0.0,0.0,520.0,1.0,0.5,99,3
2243,"Oatey 31230 Pipe Joint Compound with PTFE with Brush, 4 fl.Ounce",other,<a_244><b_93><c_147>,<a_244>,<a_244><b_93>,2,0.0,0.0,999.0,0.5,0.0,72,1
2244,Leaton Digital Thermocouple Thermometer Dual-channel LCD Backlight Temperature Meter Tester for K/J/T/E/R/S/N Great (Batteries included),gauge_meter,<a_211><b_203><c_154>,<a_211>,<a_211><b_203>,2,0.0,0.0,999.0,0.5,0.5,45,1
2276,"Loctite Epoxy Five Minute Instant Mix, Two 0.47-Fluid Ounce Syringes (1715208)",3d_filament,<a_165><b_240><c_33>,<a_165>,<a_165><b_240>,2,0.0,0.0,999.0,0.0,0.5,72,1
2277,"GREX P6/20L 23 Gauge 3/4-Inch Length Headless Pins (10,000 per box)",fastener,<a_42><b_117><c_14>,<a_42>,<a_42><b_117>,2,0.0,0.0,999.0,0.0,0.5,100,4
2281,"eSUN 1.75mm Glass Watermelon Red PLA 3D Printer filament 1kg Spool (2.2lbs), Glass Red",3d_filament,<a_223><b_144><c_8>,<a_223>,<a_223><b_144>,2,0.0,0.0,999.0,0.5,0.0,247,12
2297,"Bob Smith Industries BSI-161H UN-CURE Super Glue Debonder, 1 oz.",adhesive_epoxy,<a_99><b_214><c_123>,<a_99>,<a_99><b_214>,2,0.0,0.0,999.0,0.0,1.0,32,1
2304,Aquarium Specimen Container,other,<a_14><b_156><c_58>,<a_14>,<a_14><b_156>,2,0.0,0.0,999.0,0.5,0.0,39,1
2312,"TEMCo 1"" Marine Heat Shrink Tube 3:1 Adhesive Glue Lined 4 ft RED",adhesive_epoxy,<a_228><b_198><c_231>,<a_228>,<a_228><b_198>,2,0.0,0.0,999.0,0.5,1.0,96,6
2313,"TEMCo 1"" Marine Heat Shrink Tube 3:1 Adhesive Glue Lined 4 ft BLACK",adhesive_epoxy,<a_228><b_198><c_0>,<a_228>,<a_228><b_198>,2,0.0,0.0,513.0,0.0,1.0,96,6
2328,iMBAPrice iMBA-100-4x6 Reclosable Bags,other,<a_210><b_202><c_48>,<a_210>,<a_210><b_202>,2,0.0,0.0,999.0,0.5,1.0,95,1
2332,Metal J-head V6 Hotend 1.75mm Filament 0.4mm Bowden Extruder Reprap 3D Printer with 1 Meter Tubing,3d_filament,<a_158><b_217><c_8>,<a_158>,<a_158><b_217>,2,0.0,0.0,524.5,0.5,0.0,109,6
2335,100Pcs M3 3mm Female Thread Hex Metal Nut Fastener Silver Tone,fastener,<a_224><b_8><c_73>,<a_224>,<a_224><b_8>,2,0.0,0.0,513.5,0.0,0.5,191,1
2343,"Vivaplex, 6 Glass Bottles with Black Fine Mist Sprayer, 4 oz, Cobalt Blue",other,<a_150><b_155><c_2>,<a_150>,<a_150><b_155>,2,0.0,0.0,999.0,0.0,0.5,116,3
2349,Spectra 360 1208 Electrode Gel - Parker Laboratories - 8.5 oz Tube - (Pack of 3),other,<a_44><b_4><c_51>,<a_44>,<a_44><b_4>,2,0.0,0.0,999.0,0.0,0.0,65,4
2358,Supco URCO410-0 Pre-wired Capacitor,other,<a_236><b_145><c_73>,<a_236>,<a_236><b_145>,2,0.0,0.0,999.0,0.5,0.0,84,1
2373,"6073 Great Northern Red Little Bambino Table Top Retro Machine Popcorn Popper, 2.5oz",fastener,<a_109><b_141><c_242>,<a_109>,<a_109><b_141>,2,0.0,0.0,999.0,0.5,0.5,40,1
2383,Inkbird All-Purpose Digital Temperature Controller Fahrenheit &Centigrade Thermostat w Sensor 2 Relays ITC-1000,gauge_meter,<a_107><b_35><c_49>,<a_107>,<a_107><b_35>,2,0.0,0.0,999.0,0.5,0.5,66,7
2401,AIRSUNNY three Legs 5 pairs Infrared Diode LED IR Emission and Receiver,other,<a_30><b_65><c_86>,<a_30>,<a_30><b_65>,2,0.0,0.0,999.0,0.5,0.0,68,1
2416,DE-5000 Handheld LCR Meter with accessories,gauge_meter,<a_153><b_201><c_178>,<a_153>,<a_153><b_201>,2,0.0,0.0,999.0,0.0,0.0,17,1
2439,Pair of 100MHz Oscilloscope Clip Probe for Tektronix HP Scope Test Leads Kit,fastener,<a_36><b_133><c_88>,<a_36>,<a_36><b_133>,2,0.0,0.0,999.0,0.0,0.0,54,1
2442,"XFasten Reflective Tape, Red & White, 2 Inches by 5 Yards",tape,<a_206><b_0><c_35>,<a_206>,<a_206><b_0>,2,0.0,0.0,999.0,0.5,0.5,60,3
2448,"Innovative Components AN4C-5S221 1.38"" Star knob thru hole 1/4-20 steel zinc insert black pp (Pack of 10)",other,<a_224><b_239><c_6>,<a_224>,<a_224><b_239>,2,0.0,0.0,999.0,0.0,0.5,191,2
2462,"Bob Smith Industries BSI-133H Insta-Cure+ Gap Filling Super Glue, 1 oz.",adhesive_epoxy,<a_99><b_72><c_78>,<a_99>,<a_99><b_72>,2,0.0,0.0,999.0,0.0,0.0,32,1
2470,"HATCHBOX PLA 3D Printer Filament, Dimensional Accuracy +/- 0.03 mm, 1 kg Spool, 3.00 mm, Black",3d_filament,<a_223><b_198><c_92>,<a_223>,<a_223><b_198>,2,0.0,0.0,999.0,1.0,0.5,247,47
2473,Barge All Purpose Cement Quart (O22721),adhesive_epoxy,<a_244><b_116><c_64>,<a_244>,<a_244><b_116>,2,0.0,0.0,999.0,0.5,0.0,72,1
2479,1 Gallon Blue Premium Indicating Silica Gel Beads(Industry Standard 2-4 mm) - 7.5 LBS Reusable,other,<a_150><b_9><c_146>,<a_150>,<a_150><b_9>,2,0.0,0.0,999.0,0.5,0.5,116,3
2480,"ABS Sheet - .118"" Thick, Black, 12"" x 24"" Nominal",3d_filament,<a_79><b_85><c_92>,<a_79>,<a_79><b_85>,2,0.0,0.0,999.0,0.0,0.0,60,2
2505,"100 3/8"" Inch Chrome Steel Bearing Balls G25",other,<a_71><b_104><c_191>,<a_71>,<a_71><b_104>,2,0.0,0.0,999.0,0.0,0.0,118,7
2515,"Blue Sea Systems Terminal Block Jumper for 30A Terminal Blocks, Pack of 5",connector_fitting,<a_67><b_135><c_240>,<a_67>,<a_67><b_135>,2,0.0,0.0,999.0,0.0,1.0,119,1
2520,PORTER-CABLE PBN18125 18 Gauge 1-1/4-Inch Brad Nail (5000-Pack),fastener,<a_42><b_133><c_2>,<a_42>,<a_42><b_133>,2,0.0,0.0,999.0,0.0,0.0,100,4
2557,"Duck Brand 240866 MAX Strength Duct Tape, 1.88 Inches by 35 Yards, White, Single Roll",tape,<a_202><b_2><c_68>,<a_202>,<a_202><b_2>,2,0.0,0.0,999.0,0.0,0.0,117,2
2583,"HATCHBOX ABS 3D Printer Filament, Dimensional Accuracy +/- 0.05 mm, 1 kg Spool, 1.75 mm, Green",3d_filament,<a_223><b_198><c_165>,<a_223>,<a_223><b_198>,2,0.0,0.0,506.0,1.0,0.0,247,47
2584,"Plymor 4"" x 4"", 4 Mil (Pack of 500) Heavy Duty Plastic Reclosable Zipper Bags",other,<a_210><b_219><c_7>,<a_210>,<a_210><b_219>,2,0.0,0.0,999.0,0.5,1.0,95,10
2594,"EVINIS 5Pcs&nbsp;Stainless Steel Spatula Palette Knife Painting Mixing Scraper Set,3D Print Removal Tool",3d_filament,<a_223><b_21><c_12>,<a_223>,<a_223><b_21>,2,0.0,0.0,999.0,0.5,0.5,247,1
2597,"Karter Scientific 206D2 Plastic Petri Dishes, 60 mm x 15 mm, 3 Vents, Sterile (Pack of 10)",other,<a_14><b_97><c_86>,<a_14>,<a_14><b_97>,2,0.0,0.0,999.0,1.0,0.5,39,1
2605,Acid Blend - 1 lb.,other,<a_150><b_205><c_81>,<a_150>,<a_150><b_205>,2,0.0,0.0,507.0,0.0,1.0,116,1
2606,"ATP Vinyl-Flex PVC Food Grade Plastic Tubing, Clear, 3/16"" ID x 5/16"" OD, 100 feet Length",other,<a_228><b_40><c_13>,<a_228>,<a_228><b_40>,2,0.0,0.0,999.0,0.0,1.0,96,5
2609,"Control Devices CR Series Brass Pressure Relief Valve, 0-100 psi Adjustable Pressure Range, 1/4"" Male NPT",connector_fitting,<a_108><b_93><c_232>,<a_108>,<a_108><b_93>,2,0.0,0.0,999.0,0.0,0.5,143,3
2621,Philips Sonicare Powerup Pink,other,<a_24><b_207><c_0>,<a_24>,<a_24><b_207>,2,0.0,0.0,999.0,0.0,0.5,119,3
2649,Joe Knows Electronics 1/2W 86 Value 860 Piece Resistor Kit,other,<a_73><b_174><c_2>,<a_73>,<a_73><b_174>,2,0.0,0.0,999.0,0.5,0.5,114,2
2668,"Gizmo Dorks Blue Painters Tape for 3D Printers 6.25"" x 100'",3d_filament,<a_202><b_176><c_38>,<a_202>,<a_202><b_176>,2,0.0,0.0,999.0,1.0,0.0,117,1
2675,ELEGOO 5 Sets 28BYJ-48 ULN2003 5V Stepper Motor + ULN2003 Driver Board for Arduino,other,<a_158><b_6><c_139>,<a_158>,<a_158><b_6>,2,0.0,0.0,999.0,0.0,0.5,109,1
2677,"eSUN 1.75mm Black ABS 3D Printer filament 1kg Spool (2.2lbs), Black",3d_filament,<a_223><b_217><c_151>,<a_223>,<a_223><b_217>,2,0.0,0.0,513.0,0.5,0.0,247,6
2680,"Madison Supply, Premium Quality Stainless Steel EMT Shears, Medical Trauma Scissors, (2-Pack)",other,<a_42><b_149><c_87>,<a_42>,<a_42><b_149>,2,0.0,0.0,999.0,0.5,1.0,100,1
2696,HICTOP 3 Pcs 3D Printer Extruder 0.4mm Brass Nozzle + 3 Pcs Extruder 1.75mm Tube for Reprap Prusa I3,3d_filament,<a_91><b_105><c_93>,<a_91>,<a_91><b_105>,2,0.0,0.0,999.0,1.0,0.5,72,3
2707,"eSUN 1.75mm Orange PLA PRO (PLA+) 3D Printer Filament 1KG Spool (2.2lbs), Orange",3d_filament,<a_223><b_144><c_165>,<a_223>,<a_223><b_144>,2,0.0,0.0,999.0,0.5,1.0,247,12
2720,Smartbuy 1.75mm Christmas Red ABS 3D Printer Filament - 1kg Spool/Roll (2.2 lbs) - Dimensional Accuracy +/- 0.05mm,3d_filament,<a_223><b_96><c_168>,<a_223>,<a_223><b_96>,2,0.0,0.0,999.0,1.0,0.0,247,8
2724,3D Solutech Natural Clear 1.75mm PETG 3D Printer Filament 2.2 LBS (1.0KG),3d_filament,<a_223><b_187><c_73>,<a_223>,<a_223><b_187>,2,0.0,0.0,999.0,1.0,0.5,247,4
2728,BIQU Upgrade Wear Resistant MK10 Nozzles M7 0.4mm Threaded Stainless Steel Nozzle Extrusion Head (Pack of 5pcs),3d_filament,<a_91><b_249><c_30>,<a_91>,<a_91><b_249>,2,0.0,0.0,999.0,1.0,0.0,72,1
2733,Hilitchi 210pcs M3 Stainless Steel Hex Socket Head Cap Screws Nuts Assortment Kit with Box (M3),fastener,<a_224><b_153><c_5>,<a_224>,<a_224><b_153>,2,0.0,0.0,524.0,0.0,0.0,191,5
2735,Signswise 5pcs Reprap 24V 40W Ceramic Cartridge Heater for 3D Printer Prusa Mendel,3d_filament,<a_91><b_242><c_223>,<a_91>,<a_91><b_242>,2,0.0,0.0,999.0,1.0,0.0,72,2
2757,Self Drilling Drywall Plastic Anchors with Screws Kit,fastener,<a_17><b_171><c_187>,<a_17>,<a_17><b_171>,2,0.0,0.0,999.0,0.0,0.5,99,2
2765,Atlas Scientific pH Calibration Solution 4.00 & 7.00 8oz - 250ml (Pack of 2),other,<a_17><b_145><c_247>,<a_17>,<a_17><b_145>,2,0.0,0.0,999.0,0.0,0.5,99,4
2801,"Dixon BA74 Brass Fitting, Adapter, 3/4"" GHT Male x 1/2"" NPTF Male",tape,<a_108><b_228><c_14>,<a_108>,<a_108><b_228>,2,0.0,0.0,999.0,0.0,0.0,143,2
2822,RiteBrew 812325 Briess - Dry Malt Extract - Golden Light - 3 lbs.,other,<a_150><b_107><c_248>,<a_150>,<a_150><b_107>,2,0.0,0.0,999.0,0.0,0.0,116,1
2850,Pixnor Measuring Cylinder Graduated Cylinder Lab Test Tube Set of 4,tape,<a_94><b_200><c_36>,<a_94>,<a_94><b_200>,2,0.0,0.0,999.0,0.0,1.0,111,1
2859,"WHITE RODGERS 586-902 CONTACTOR, SPST-NO, 12VDC, 200A, BRACKET",other,<a_236><b_197><c_175>,<a_236>,<a_236><b_197>,2,0.0,0.0,999.0,0.5,1.0,84,1
2873,3/8in OD 1/8in ID Speargun Band/Sling Thick Walled BLACK Latex Rubber Tubing ONE CONTINUOUS PIECE(#408) (Select Length),other,<a_228><b_167><c_140>,<a_228>,<a_228><b_167>,2,0.0,0.0,999.0,0.5,1.0,96,2
2876,Uxcell a13051400ux0583 10-Pieces Black Plastic Housing 3.5mm Audio Jack (Pack of 10),connector_fitting,<a_23><b_201><c_248>,<a_23>,<a_23><b_201>,2,0.0,0.0,513.5,0.0,1.0,50,2
2878,"Cortina 03-747RBC Polyethylene Portable Delineator Post with 10 lbs Recycled Rubber Base, 42"" Height, Orange",other,<a_71><b_168><c_209>,<a_71>,<a_71><b_168>,2,0.0,0.0,999.0,0.5,1.0,118,1
2883,"Anderson Metals 56122 Brass Pipe Fitting, Hex Nipple, 1/2"" x 1/2"" NPT Male Pipe",tape,<a_108><b_133><c_22>,<a_108>,<a_108><b_133>,2,0.0,0.0,999.0,0.0,0.5,143,3
2888,"Singed Polyester Felt Filter Bag 1 Micron Size #1 7""x16",other,<a_210><b_157><c_35>,<a_210>,<a_210><b_157>,2,0.0,0.0,999.0,0.5,0.0,95,1
2901,"Forney 71805 Emery Cloth, 180-Grit, 1-Inch-by-10-Yard Bench Roll",other,<a_193><b_81><c_211>,<a_193>,<a_193><b_81>,2,0.0,0.0,999.0,0.5,0.5,133,1
2911,V6 3D Printer J-head Hotend with Single Cooling Fan for 1.75mm/3.0mm Direct Filament Wade Extruder 0.3mm/0.4mm/0.5mm Nozzle,3d_filament,<a_158><b_217><c_39>,<a_158>,<a_158><b_217>,2,0.0,0.0,999.0,1.0,0.5,109,6
2937,Pro Magnets Neodymium Round Base Magnet with 20mm Mounting Screws (3-Pieces),fastener,<a_17><b_95><c_200>,<a_17>,<a_17><b_95>,2,0.0,0.0,999.0,0.0,0.5,99,3
2944,RepRap Champion 2M PTFE Teflon Tube + 2 x PC4-M6 Fittings for RepRap 3D Printer Bowden Hotend 1.75mm,3d_filament,<a_91><b_147><c_71>,<a_91>,<a_91><b_147>,2,0.0,0.0,999.0,0.5,0.0,72,1
2970,Brew Hauler FE338  Nylon carboy carrier,other,<a_150><b_28><c_225>,<a_150>,<a_150><b_28>,2,0.0,0.0,999.0,0.0,0.0,116,1
2997,"Silicone Sheet Gasket, Red, 1/16"" Thick, 12"" &times; 12"" (Pack of 1)",other,<a_17><b_1><c_8>,<a_17>,<a_17><b_1>,2,0.0,0.0,999.0,0.5,1.0,99,1
3017,"3M Littmann  Classic III Monitoring Stethoscope, Pearl Pink Tube, 27 inch, 5633",other,<a_197><b_26><c_166>,<a_197>,<a_197><b_26>,2,0.0,0.0,999.0,0.5,0.0,60,1
3032,Siglent Technologies SDS1052DL+ 50 MHz Digital Storage Oscilloscope,other,<a_36><b_52><c_204>,<a_36>,<a_36><b_52>,2,0.0,0.0,515.5,0.0,0.0,54,1
3059,Filabot ABS 3D Printing Smoothing Pen,3d_filament,<a_223><b_132><c_123>,<a_223>,<a_223><b_132>,2,0.0,0.0,524.0,1.0,0.5,247,1
3076,10Pcs 5 x 7 cm DIY Prototype Paper PCB Universal Board New,other,<a_73><b_36><c_154>,<a_73>,<a_73><b_36>,2,0.0,0.0,505.5,0.5,0.0,114,2
3089,"Filabot XTC24 XTC-3D High Performance Print Coating, 24 oz, Clear",other,<a_223><b_201><c_15>,<a_223>,<a_223><b_201>,2,0.0,0.0,999.0,0.0,0.0,247,3
3104,Uxcell a15011600ux0239 2 Sets 1K 2K 5K 10K Ohm Linear Taper Rotary Potentiometer Pot,tape,<a_73><b_123><c_164>,<a_73>,<a_73><b_123>,2,0.0,0.0,999.0,0.0,0.5,114,5
3132,"Philips Sonicare Diamond Clean Rechargeable Toothbrush w/Deep Clean Mode with Adaptive Clean Brush Head, Black",other,<a_24><b_20><c_149>,<a_24>,<a_24><b_20>,2,0.0,0.0,999.0,0.5,1.0,119,8
3139,Dynatron 570 Auto Seam Sealer White Caulk - 12 oz.,adhesive_epoxy,<a_244><b_25><c_84>,<a_244>,<a_244><b_25>,2,0.0,0.0,999.0,0.5,0.5,72,1
3157,Hilitchi 100pcs 12-10 Gauge Butt Insulated Splice Terminals Electrical Wire Crimp Connectors (Yellow / 12-10AWG),connector_fitting,<a_67><b_160><c_1>,<a_67>,<a_67><b_160>,2,0.0,0.0,999.0,0.5,0.5,119,2
3162,"Chemglass, CG-1983-12 Micro Spoon Spatula, 6-1/2 Overall Length, 5-3/4 Handle, Stainless Steel , Non-Magnetic x 3/16 Width",other,<a_180><b_221><c_253>,<a_180>,<a_180><b_221>,2,0.0,0.0,999.0,1.0,0.0,81,3
3167,"Pratt PRA0008 100% Recycled Corrugated Cardboard Box, 6"" Length x 6"" Width x 4"" Height, Kraft pack of 25",other,<a_210><b_74><c_85>,<a_210>,<a_210><b_74>,2,0.0,0.0,999.0,0.0,0.0,95,1
3183,99% PURE Copper Sulfate Pentahydrate Crystals (2 lb),other,<a_173><b_24><c_70>,<a_173>,<a_173><b_24>,2,0.0,0.0,999.0,0.0,0.5,64,1
3186,Original Prusa i3 3D Printer kit,3d_filament,<a_91><b_176><c_93>,<a_91>,<a_91><b_176>,2,0.0,0.0,999.0,0.5,0.5,72,2
3188,"Silica Gel Desiccant Packets by LotFancy, 5 Gram, Pack of 60, Safe Moisture Absorbing Drying Bulk Bags",other,<a_206><b_193><c_233>,<a_206>,<a_206><b_193>,2,0.0,0.0,999.0,1.0,1.0,60,2
3194,Silicone Sealant 100% RTV - 2.8 oz Squeeze Tube -Clear-,adhesive_epoxy,<a_244><b_202><c_137>,<a_244>,<a_244><b_202>,2,0.0,0.0,999.0,0.0,1.0,72,1
3198,Inland 1.75mm Translucent Yellow PETG 3D Printer Filament - 1kg Spool (2.2 Lbs),3d_filament,<a_158><b_72><c_0>,<a_158>,<a_158><b_72>,2,0.0,0.0,507.5,0.5,0.5,109,19
3219,"MedPride Powder-Free Nitrile Exam Gloves, Large, Box/100",other,<a_44><b_218><c_39>,<a_44>,<a_44><b_218>,2,0.0,0.0,999.0,1.0,0.5,65,3
3220,4M Table Top Robot,other,<a_87><b_176><c_34>,<a_87>,<a_87><b_176>,2,0.0,0.0,999.0,0.5,0.5,71,1
3221,"MG Chemicals 8329TCM Thermal Conductive Adhesive, Medium Cure, 14 g, 2 Dispeners",adhesive_epoxy,<a_79><b_199><c_0>,<a_79>,<a_79><b_199>,2,0.0,0.0,999.0,0.0,0.0,60,2
3279,SEOH Graduated Cylinder Borosilicate Glass Round Base - Capacity (ml) 100 -,other,<a_94><b_79><c_222>,<a_94>,<a_94><b_79>,2,0.0,0.0,999.0,1.0,0.5,111,1
3295,"Bertech Double Sided White PE Foam Tape, 1/16"" Thick, 3/4"" Wide x 36 Yards Long, White",adhesive_epoxy,<a_202><b_16><c_90>,<a_202>,<a_202><b_16>,2,0.0,0.0,999.0,0.0,0.5,117,2
3311,Uxcell a10081700ux0008 20pcs 1mm Twisted Drilling Bit Tip for Electric Drill (Pack of 20),other,<a_193><b_117><c_135>,<a_193>,<a_193><b_117>,2,0.0,0.0,999.0,0.5,1.0,133,1
3323,uxcell 20Pcs Steel Rivet Nut Flat Head Insert Nutsert 1/4-20,fastener,<a_224><b_161><c_57>,<a_224>,<a_224><b_161>,2,0.0,0.0,999.0,0.0,0.0,191,2
3343,Corn Sugar 4lb,other,<a_150><b_57><c_159>,<a_150>,<a_150><b_57>,2,0.0,0.0,999.0,0.5,0.5,116,1
3357,JISTL 75 Type Plastic Crown Gear Single Double Reduction Gear Worm Gear,other,<a_159><b_239><c_111>,<a_159>,<a_159><b_239>,2,0.0,0.0,999.0,0.5,0.0,52,1
3391,"Seville Classics UltraHD 24"" X 48"" Steel Pegboard Set and 23-Piece Peg Hook Assortment with 6 Bins",fastener,<a_42><b_103><c_130>,<a_42>,<a_42><b_103>,2,0.0,0.0,999.0,0.0,0.5,100,1
3400,CMS Magnetics Super Strong 1&rdquo; Neodymium Cube Magnet &ndash; Storage Box Included for Added Safety,connector_fitting,<a_251><b_212><c_99>,<a_251>,<a_251><b_212>,2,0.0,0.0,999.0,0.5,0.5,92,3
3403,"Nite Ize LSBM-01-2R3 S-Biner MicroLock Stainless Steel, 2-Pack, Black",other,<a_71><b_245><c_231>,<a_71>,<a_71><b_245>,2,0.0,0.0,999.0,0.0,1.0,118,1
3417,"Uxcell a14082700ux0095 Right Latch Hook Antique Wood Box Hasp Catch Decor, Bronze Tone, 20-Piece",other,<a_71><b_124><c_190>,<a_71>,<a_71><b_124>,2,0.0,0.0,999.0,0.0,0.5,118,1
3424,1 X Bronze PVC Shrink Capsules- 30 Per Bag,other,<a_150><b_209><c_30>,<a_150>,<a_150><b_209>,2,0.0,0.0,999.0,0.5,0.0,116,1
3435,3D Solutech Real Black 1.75mm Flexible 3D Printer Filament 2.2 LBS (1.0KG),3d_filament,<a_223><b_80><c_19>,<a_223>,<a_223><b_80>,2,0.0,0.0,508.0,1.0,0.5,247,24
3439,Harvey 017065 Gas Line PTFE Thread Seal Tape,tape,<a_79><b_190><c_179>,<a_79>,<a_79><b_190>,2,0.0,0.0,999.0,0.0,0.0,60,1
3458,Wisamic 4 Variety Pack 3d Printer 0.2mm 0.3mm 0.4mm 0.5mm Nozzles Extruder Nozzle Print Head for Mk8 Makerbot,3d_filament,<a_91><b_234><c_225>,<a_91>,<a_91><b_234>,2,0.0,0.0,999.0,1.0,0.0,72,1
3465,"eSUN 1.75mm Cool White PLA PRO (PLA+) 3D Printer Filament 1KG Spool (2.2lbs), Cool White",3d_filament,<a_223><b_144><c_4>,<a_223>,<a_223><b_144>,2,0.0,0.0,999.0,1.0,0.0,247,12
3467,JGAURORA 3d Printer A3kit Prusa i3 DIY 3d Printers Self Assembly Metal Frame LCD Display Heated bed,3d_filament,<a_158><b_66><c_2>,<a_158>,<a_158><b_66>,2,0.0,0.0,999.0,1.0,0.0,109,4
3502,"3M Littmann Cardiology IV Diagnostic Stethoscope, Standard-Finish Chestpiece, Burgundy Tube, Stainless Stem and Headset, 27 inch, 6153",other,<a_180><b_186><c_175>,<a_180>,<a_180><b_186>,2,0.0,0.0,999.0,1.0,0.5,81,4
3503,Yeast Nutrient - 8 oz.,fastener,<a_150><b_94><c_104>,<a_150>,<a_150><b_94>,2,0.0,0.0,999.0,0.0,0.0,116,3
3510,"eSUN 3D 1.75mm PETG Red Filament 1kg (2.2lb), PETG 3D Printer Filament, 1.75mm Solid Opaque Red",3d_filament,<a_223><b_126><c_2>,<a_223>,<a_223><b_126>,2,0.0,0.0,999.0,1.0,0.5,247,10
3525,"Genteq Capacitor 10 UF MFD 370V 97F9002, 97F9002s (Replaces Old GE# 97F9002BZ3, Z97F9002, 27L669), 10 MFD at 370V, Oval",other,<a_236><b_227><c_51>,<a_236>,<a_236><b_227>,2,0.0,0.0,999.0,0.5,1.0,84,1
3529,"SIENOC 3D PLA 1KG 1.75mm PLA 3D Printer Filament, Dimensional Accuracy+/- 0.05mm 1 kg(2.2 lbs) Spool White",3d_filament,<a_223><b_220><c_16>,<a_223>,<a_223><b_220>,2,0.0,0.0,999.0,1.0,0.0,247,4
3536,Staple Remover Kit,fastener,<a_24><b_148><c_80>,<a_24>,<a_24><b_148>,2,0.0,0.0,999.0,0.0,0.5,119,1
3540,"SainSmart 1.75 Aluminum Metal 1.75 mm Filament for 3D Printing, 0.5 kg/1.1 lb.",3d_filament,<a_223><b_160><c_9>,<a_223>,<a_223><b_160>,2,0.0,0.0,999.0,0.5,0.0,247,2
3550,Uxcell a12081400ux0273 10 x Momentary SPST NO Red Push Button Switch AC 250V/1.5A 125V/3A,other,<a_236><b_35><c_44>,<a_236>,<a_236><b_35>,2,0.0,0.0,999.0,0.5,0.5,84,4
3560,uxcell 10 Pcs 17mm x 6mm x 6mm Single Row Shielded Deep Groove Ball Bearing 606ZZ,other,<a_251><b_207><c_52>,<a_251>,<a_251><b_207>,2,0.0,0.0,999.0,0.0,0.0,92,3
3567,ECO-WORTHY 12V 2 Inch Stroke Linear Actuator 330lbs Maximum Lift with Mounting Brackets (12VDC 2''),other,<a_158><b_118><c_1>,<a_158>,<a_158><b_118>,2,0.0,0.0,999.0,0.5,1.0,109,1
3569,Atlas ESR70,other,<a_153><b_58><c_38>,<a_153>,<a_153><b_58>,2,0.0,0.0,999.0,0.5,0.5,17,1
3572,Inland 1.75mm Black ABS 3D Printer Filament - 1kg Spool (2.2 lbs),3d_filament,<a_158><b_72><c_160>,<a_158>,<a_158><b_72>,2,0.0,0.0,519.0,1.0,0.0,109,19
3575,Gikfun B10K B100K B5K B50K B2K B20K Ohm Knurled Shaft Linear Rotary Taper Potentiometer for Arduino EK8359,tape,<a_17><b_118><c_215>,<a_17>,<a_17><b_118>,2,0.0,0.0,999.0,0.0,0.5,99,3
3576,5PCS Nema17 Stepper Motor 2A 64oz.in 40mm Body 4-lead 1m Cable W/Connector DIY CNC,3d_filament,<a_30><b_192><c_4>,<a_30>,<a_30><b_192>,2,0.0,0.0,506.5,0.5,0.5,68,2
3577,HICTOP 5 Meters GT2 2mm pitch 6mm wide Timing Belt for 3D printer CNC,3d_filament,<a_158><b_246><c_227>,<a_158>,<a_158><b_246>,2,0.0,0.0,999.0,1.0,0.0,109,2
3620,6 Pcs 100K ohm NTC Thermistors/Temp Sensor for Reprap 3D printer-HONTECH,3d_filament,<a_91><b_193><c_125>,<a_91>,<a_91><b_193>,2,0.0,0.0,999.0,0.0,0.0,72,3
3644,Hilitchi 100pcs 16-14 Gauge Butt Insulated Splice Terminals Electrical Wire Crimp Connectors (Blue / 16-14AWG),connector_fitting,<a_67><b_160><c_9>,<a_67>,<a_67><b_160>,2,0.0,0.0,999.0,1.0,0.0,119,2
3648,"eSUN 3D 1.75mm PETG Orange Filament 1kg (2.2lb), PETG 3D Printer Filament, Semi-Transparent 1.75mm Orange",3d_filament,<a_223><b_126><c_99>,<a_223>,<a_223><b_126>,2,0.0,0.0,999.0,1.0,0.0,247,10
3652,E3D Lite6 Full Kit - 1.75mm Universal (Direct) (12v),other,<a_91><b_243><c_136>,<a_91>,<a_91><b_243>,2,0.0,0.0,999.0,0.0,0.0,72,1
3668,CNBTR 10x6x4mm 20 Series Aluminum European Hammer HeadDrop In M5 T Nut Slot Pack of 50,fastener,<a_224><b_75><c_195>,<a_224>,<a_224><b_75>,2,0.0,0.0,999.0,0.0,0.0,191,2
3671,5x StepStick DRV8825 Stepper Motor Driver Module for 3D Printer Reprap RP A4988,3d_filament,<a_30><b_108><c_195>,<a_30>,<a_30><b_108>,2,0.0,0.0,999.0,1.0,0.0,68,2
3675,"Dremel PLA 3D Printer Filament, 1.75 mm Diameter, 0.5 kg Spool Weight, White Translucent",3d_filament,<a_223><b_91><c_95>,<a_223>,<a_223><b_91>,2,0.0,0.0,999.0,0.5,0.0,247,1
9,"Anderson Metals Brass Tube Fitting, Half-Union, 3/8"" Flare x 1/8"" Male Pipe",connector_fitting,<a_108><b_140><c_213>,<a_108>,<a_108><b_140>,1,0.0,0.0,50.0,1.0,1.0,143,3
11,"T&Uuml;RLEN DIAL INDICATOR 0-1"" AGD SPEC 0.001"" w/LUG BACK",other,<a_104><b_152><c_192>,<a_104>,<a_104><b_152>,1,0.0,0.0,999.0,1.0,1.0,60,1
15,"Kreg SML-C2-250 Pocket Screws 2-Inch, 8 Coarse, Washer Head, 250 Count",fastener,<a_224><b_163><c_151>,<a_224>,<a_224><b_163>,1,0.0,0.0,999.0,0.0,0.0,191,7
16,PORTER-CABLE 740001201 4 1/2-Inch by 10yd 120 Grit Adhesive-Backed Sanding Roll,adhesive_epoxy,<a_193><b_196><c_0>,<a_193>,<a_193><b_196>,1,0.0,0.0,999.0,0.0,0.0,133,3
17,"BOSTITCH BT1335B-1M 1-3/8-Inch 18-Gauge Brads, 1000 per Box",fastener,<a_42><b_244><c_29>,<a_42>,<a_42><b_244>,1,0.0,0.0,999.0,0.0,1.0,100,4
18,Shop-Vac 9064900 2-1/2-to-1-1/2-Inch Conversion Unit,connector_fitting,<a_24><b_173><c_157>,<a_24>,<a_24><b_173>,1,0.0,0.0,999.0,0.0,1.0,119,5
19,"BOSTITCH BT1309B-1M 1-Inch 18-Gauge Brads, 1000 per Box",fastener,<a_42><b_244><c_17>,<a_42>,<a_42><b_244>,1,0.0,0.0,999.0,0.0,1.0,100,4
29,"System Three 1100K16 T-88 Kit, 1 quart Bottle, Amber",adhesive_epoxy,<a_99><b_71><c_160>,<a_99>,<a_99><b_71>,1,0.0,0.0,999.0,1.0,1.0,32,1
34,Racor LDL-1B Ladder Lift,fastener,<a_206><b_235><c_138>,<a_206>,<a_206><b_235>,1,0.0,0.0,999.0,0.0,1.0,60,1
37,"The Hillman Group 591521 Small Flat and Lock Washer Assortment, 270-Pack",fastener,<a_224><b_81><c_180>,<a_224>,<a_224><b_81>,1,0.0,0.0,999.0,0.0,0.0,191,2
38,"SharkNinja Rocket DeluxePro Ultra-Light Upright Corded Stick Vacuum, Bordeaux",3d_filament,<a_24><b_170><c_144>,<a_24>,<a_24><b_170>,1,0.0,0.0,999.0,0.0,1.0,119,2
39,"Augbunny 100% Cotton 5- by 7-Inch Muslin Bags with Drawstring, 12-Pack",other,<a_210><b_171><c_210>,<a_210>,<a_210><b_171>,1,0.0,0.0,999.0,1.0,1.0,95,2
44,"Permatex 51813 Anaerobic Gasket Maker, 50 ml Tube",other,<a_244><b_24><c_193>,<a_244>,<a_244><b_24>,1,0.0,0.0,999.0,0.0,0.0,72,2
46,POR-15 40204 Metal Prep - 1 quart,other,<a_173><b_82><c_3>,<a_173>,<a_173><b_82>,1,0.0,0.0,999.0,0.0,1.0,64,1
47,"Brush Research FLEX-HONE Cylinder Hone, GB Series, Silicon Carbide Abrasive, 3-1/4"" (83 mm) Diameter, 240 Grit Size",other,<a_193><b_192><c_14>,<a_193>,<a_193><b_192>,1,0.0,0.0,999.0,0.0,0.0,133,2
48,New 12V 5A 12V 19mm Red LED Momentary Push Button Metal Switch Car Boat Speakers Bells Horn,other,<a_158><b_14><c_251>,<a_158>,<a_158><b_14>,1,0.0,0.0,999.0,0.0,1.0,109,2
53,"T&uuml;rlen Precision TEST DIAL INDICATOR 7 JEWELS .0005"" 0-15-0",other,<a_104><b_78><c_115>,<a_104>,<a_104><b_78>,1,0.0,0.0,999.0,0.0,0.0,60,1
55,CRC 5037 White Lithium Grease - 10 Wt Oz.,other,<a_173><b_209><c_251>,<a_173>,<a_173><b_209>,1,0.0,0.0,999.0,0.0,0.0,64,1
61,B&K Precision 879B Dual Display Handheld Deluxe Universal LCR Meter with Backlit Display,gauge_meter,<a_36><b_235><c_160>,<a_36>,<a_36><b_235>,1,0.0,0.0,999.0,0.0,0.0,54,2
62,"Anytime Tools Dial Caliper 6"" / 150mm DUAL Reading Scale METRIC SAE Standard INCH MM",gauge_meter,<a_104><b_17><c_70>,<a_104>,<a_104><b_17>,1,0.0,0.0,999.0,0.0,1.0,60,3
72,"Eagle 1654 Yellow Blow-Molded HDPE Salvage Drum with Metal Ring Lever-Lock Lid, 20 gallon Capacity, 21"" Height, 21"" Diameter",other,<a_206><b_120><c_196>,<a_206>,<a_206><b_120>,1,0.0,0.0,44.0,0.0,0.0,60,3
81,"Packard C230B 2 Pole 30 Amp Contactor, 120 Voltage Coil",other,<a_236><b_82><c_221>,<a_236>,<a_236><b_82>,1,0.0,0.0,999.0,1.0,0.0,84,2
90,Woodstock W1038 4-Inch Quick Connect and Disconnect,connector_fitting,<a_108><b_92><c_217>,<a_108>,<a_108><b_92>,1,0.0,0.0,999.0,0.0,0.0,143,2
100,"Dixon BCN100 Brass Fitting, Hex Nipple, 1"" NPT Male",connector_fitting,<a_108><b_140><c_163>,<a_108>,<a_108><b_140>,1,0.0,0.0,999.0,0.0,1.0,143,3
106,Wago Wire Connector 600 V Clear 4 Conductor 100 / Box,connector_fitting,<a_67><b_46><c_150>,<a_67>,<a_67><b_46>,1,0.0,0.0,999.0,1.0,1.0,119,2
107,"Polycarbonate (PC) Sheet, Transparent Clear, Standard Tolerance, ASTM D3935, 0.093"" Thickness, 12"" Width, 24"" Length",other,<a_17><b_62><c_60>,<a_17>,<a_17><b_62>,1,0.0,0.0,999.0,1.0,0.0,99,5
111,"Hillman 830504 Stainless Steel 5/16-Inch Flat Washers, 100-Pack, 1 Pack",fastener,<a_224><b_209><c_1>,<a_224>,<a_224><b_209>,1,0.0,0.0,999.0,0.0,0.0,191,10
115,"Industrial & Scientific"" />",metadata_placeholder,<a_233><b_203><c_160>,<a_233>,<a_233><b_203>,1,0.0,0.0,999.0,0.0,1.0,20,1
117,"Gorilla Original Gorilla Glue, Waterproof Polyurethane Glue, 8 ounce Bottle, Brown",3d_filament,<a_165><b_107><c_44>,<a_165>,<a_165><b_107>,1,0.0,0.0,999.0,0.0,0.0,72,5
118,Grizzly G9849 Magnetic Base/Dial Indicator Combo - President's Special,other,<a_104><b_118><c_176>,<a_104>,<a_104><b_118>,1,0.0,0.0,999.0,1.0,0.0,60,1
121,Magnum Media DUAL SCALE 0-32% Brix and 1.000-1.130SG Wort Refractometer RSG-100ATC Beer Home Brew,gauge_meter,<a_107><b_26><c_63>,<a_107>,<a_107><b_26>,1,0.0,0.0,999.0,0.0,0.0,66,3
124,"Enkay 150 Carded Polishing Compound Kit, 4 Piece",other,<a_52><b_196><c_167>,<a_52>,<a_52><b_196>,1,0.0,0.0,999.0,0.0,0.0,28,1
127,"Morris 60202 Black Commercial Grade Vinyl Electrical Tape, 8.5 mil, 66' Length, 2"" Width",tape,<a_202><b_158><c_115>,<a_202>,<a_202><b_158>,1,0.0,0.0,999.0,0.0,0.0,117,1
137,"Swordfish 31930 Stainless Steel Screw Assortment, 420 Piece",fastener,<a_224><b_150><c_112>,<a_224>,<a_224><b_150>,1,0.0,0.0,999.0,0.0,1.0,191,1
143,"GT-5000 (3 strips) Grip Tape for guns, cell phones, cameras, knives, tools - makes anything""Grippy"".",tape,<a_122><b_225><c_182>,<a_122>,<a_122><b_225>,1,0.0,0.0,32.0,0.0,1.0,35,1
144,3M Dual Lock Reclosable Fastener TB3561/TB3562 400/170 Clear 1 in x 10 ft (1 Mated Strip/Bag),adhesive_epoxy,<a_68><b_32><c_151>,<a_68>,<a_68><b_32>,1,0.0,0.0,999.0,1.0,0.0,67,5
145,"Marrywindix 6pcs ESD Precision Anti-Static Tweezers, Tweezers Stainless Steel Tweezers with a Bag for Electronics Jewelry-Making Repairing",other,<a_17><b_14><c_32>,<a_17>,<a_17><b_14>,1,0.0,0.0,999.0,0.0,1.0,99,3
150,Colgate Cavity Protection Toothpaste with Fluoride - 1 ounce (24 Pack),other,<a_66><b_78><c_36>,<a_66>,<a_66><b_78>,1,0.0,0.0,999.0,0.0,0.0,40,1
155,"JVCC EL7566-AW Synthetic Rubber Electrical Tape, 3 in. x 66 ft. (72mm x 20m), Black",adhesive_epoxy,<a_202><b_249><c_24>,<a_202>,<a_202><b_249>,1,0.0,0.0,999.0,0.0,1.0,117,1
161,"SA180 Adhesive Standoffs, 24 Pack, 0.180"" Height, Offset 0.6x0.6"" Base, Fits 0.125"" PCB Hole",adhesive_epoxy,<a_73><b_249><c_178>,<a_73>,<a_73><b_249>,1,0.0,0.0,999.0,0.0,0.0,114,1
163,"Pratt PRA0017 100% Recycled Corrugated Cardboard Box, 8"" Length x 6"" Width x 6"" Height, Kraft",other,<a_210><b_192><c_136>,<a_210>,<a_210><b_192>,1,0.0,0.0,999.0,0.0,1.0,95,1
168,"Scotch Super 33+ Vinyl Electrical Tape, 3/4 in x 66 ft",tape,<a_202><b_147><c_0>,<a_202>,<a_202><b_147>,1,0.0,0.0,999.0,0.0,0.0,117,2
171,Bulldog 131525 Multi-Screwdriver Holder Peg Hook,fastener,<a_159><b_203><c_41>,<a_159>,<a_159><b_203>,1,0.0,0.0,999.0,0.0,0.0,52,1
189,"316 Stainless Steel Machine Screw, Plain Finish, Flat Head, Phillips Drive, 1/2"" Length, #10-24 Threads (Pack of 25)",fastener,<a_224><b_146><c_115>,<a_224>,<a_224><b_146>,1,0.0,0.0,999.0,0.0,0.0,191,8
190,"BSI BSI-202 Quick-Cure 5Min Epoxy Bob Smith Ind, 9 oz.",adhesive_epoxy,<a_165><b_170><c_116>,<a_165>,<a_165><b_170>,1,0.0,0.0,999.0,0.0,0.0,72,3
194,Oral-B Deep Sweep Toothbrush,other,<a_24><b_141><c_73>,<a_24>,<a_24><b_141>,1,0.0,0.0,44.0,0.0,1.0,119,1
199,J-B Weld 50133 Plastic Bonder Structural Adhesive Syringe - Dries Tan - 25 ml,adhesive_epoxy,<a_165><b_197><c_168>,<a_165>,<a_165><b_197>,1,0.0,0.0,999.0,0.0,1.0,72,2
211,"Spears 497 Series PVC Pipe Fitting, Union with EPDM O-Ring, Schedule 40, 1"" Socket",connector_fitting,<a_206><b_178><c_143>,<a_206>,<a_206><b_178>,1,0.0,0.0,999.0,0.0,1.0,60,1
212,"Rutland Products 76C 500-Degree RTV High Heat Silicone Seal, 10.3-Ounce Cartridge, Clear",adhesive_epoxy,<a_244><b_129><c_78>,<a_244>,<a_244><b_129>,1,0.0,0.0,999.0,0.0,0.0,72,1
213,"Shoreline Marine GOOP, 3.7-Ounce, Clear",adhesive_epoxy,<a_122><b_156><c_152>,<a_122>,<a_122><b_156>,1,0.0,0.0,999.0,0.0,1.0,35,1
224,"Senco L15BAB 18 Gauge by 1/4-inch Crown by 1-1/4-inch Length Electro Galvanized Staples (5,000 per box)",fastener,<a_42><b_74><c_252>,<a_42>,<a_42><b_74>,1,0.0,0.0,999.0,0.0,0.0,100,2
228,"Duck Brand 240201 MAX Strength Duct Tape, 1.88 Inches by 45 Yards, Silver, Single Roll",adhesive_epoxy,<a_202><b_161><c_137>,<a_202>,<a_202><b_161>,1,0.0,0.0,999.0,1.0,1.0,117,3
231,"Polar Ice PI125200CT 125 Count Plastic Jello Shot Cups with Lids, 2-Ounce",other,<a_14><b_227><c_130>,<a_14>,<a_14><b_227>,1,0.0,0.0,999.0,0.0,1.0,39,1
237,"American Educational Cast Iron Support Ring Stand with Triangular Base, 7-3/4"" Legs, 7/16"" Diameter x 23"" Length Rod Size",other,<a_87><b_22><c_61>,<a_87>,<a_87><b_22>,1,0.0,0.0,999.0,1.0,0.0,71,1
242,5 Ml Amber Glass Bottle W/euro Dropper. Black Cap. 12 Pack,other,<a_150><b_97><c_1>,<a_150>,<a_150><b_97>,1,0.0,0.0,999.0,1.0,1.0,116,2
253,"Blue Magic 16002TRI QuikSteel Steel Reinforced Epoxy Putty Repair, Blister Pack - 2 oz.",adhesive_epoxy,<a_165><b_6><c_89>,<a_165>,<a_165><b_6>,1,0.0,0.0,999.0,0.0,0.0,72,2
260,Dap 18120 Alex Plus Brown (18112) Raw Building Material,adhesive_epoxy,<a_244><b_112><c_252>,<a_244>,<a_244><b_112>,1,0.0,0.0,999.0,0.0,0.0,72,2
268,WD-40 300052 Specialist Dirt and Dust Resistant Dry Lube PTFE Spray 10 OZ (Pack of 1),other,<a_173><b_174><c_196>,<a_173>,<a_173><b_174>,1,0.0,0.0,999.0,0.0,0.0,64,1
284,Silica Gel Desiccants 2-1/4 x 1 1/2 Inches - 25 Silica Gel Packets of 10 Grams Each by Dry-Packs,other,<a_150><b_61><c_87>,<a_150>,<a_150><b_61>,1,0.0,0.0,999.0,0.0,1.0,116,6
287,"KYDEX V Sheet - 0.028"" Thick, Black, 12&rdquo;x12&rdquo; Nominal",3d_filament,<a_79><b_152><c_3>,<a_79>,<a_79><b_152>,1,0.0,0.0,999.0,0.0,0.0,60,2
291,"Colgate Optic White Whitening Toothpaste, Sparkling Mint - 5 ounce (6 Pack)",other,<a_66><b_82><c_18>,<a_66>,<a_66><b_82>,1,0.0,0.0,999.0,0.0,1.0,40,2
294,Graham Conderser Kit,connector_fitting,<a_52><b_204><c_122>,<a_52>,<a_52><b_204>,1,0.0,0.0,999.0,0.0,0.0,28,1
307,ZING 6063 RecycLockout Mini Lockout Station - Stocked,other,<a_71><b_135><c_128>,<a_71>,<a_71><b_135>,1,0.0,0.0,999.0,1.0,1.0,118,3
323,"6101 Aluminum Rectangular Bar, Unpolished (Mill) Finish, T61 Temper, ASTM B317, 1/4"" Thickness, 2"" Width, 12"" Length",other,<a_251><b_81><c_4>,<a_251>,<a_251><b_81>,1,0.0,0.0,999.0,1.0,0.0,92,2
329,DEWALT DW4961 4-Inch by 2-Inch by 5/8-Inch -11 Concrete/Masonry Grinding Steel Backed Cup Wheel,other,<a_193><b_67><c_150>,<a_193>,<a_193><b_67>,1,0.0,0.0,999.0,0.0,0.0,133,5
334,DEWALT DW4774 4-1/2-Inch Double-Row Diamond-Cup Grinding-Wheel,other,<a_193><b_229><c_181>,<a_193>,<a_193><b_229>,1,0.0,0.0,999.0,1.0,1.0,133,2
348,"Kano Aerokroil Penetrating Oil, 10 oz. aerosol (AEROKROIL)",other,<a_173><b_149><c_147>,<a_173>,<a_173><b_149>,1,0.0,0.0,999.0,1.0,1.0,64,1
357,"PORTER-CABLE PNS18050 1/2-Inch, 18 Gauge Narrow Crown (1/4-Inch) Staple (5000-Pack),PORTER-CABLE,PNS18050"" />",fastener,<a_42><b_226><c_173>,<a_42>,<a_42><b_226>,1,0.0,0.0,13.0,1.0,1.0,100,5
358,"PORTER-CABLE PNS18100-1 1-Inch 18 Gauge Narrow Crown Staple, 1000-Pack",fastener,<a_42><b_226><c_3>,<a_42>,<a_42><b_226>,1,0.0,0.0,999.0,0.0,0.0,100,5
359,Kreg SK03 Pocket-Hole Screw Kit in 5 Sizes,fastener,<a_224><b_163><c_205>,<a_224>,<a_224><b_163>,1,0.0,0.0,999.0,0.0,1.0,191,7
360,Carrera Precision CP9806-TF Titanium 0-Inch to 6-Inch Electronic Fractional & Decimal Digital Caliper,gauge_meter,<a_104><b_190><c_82>,<a_104>,<a_104><b_190>,1,0.0,0.0,999.0,0.0,1.0,60,1
364,"Tru-Flate 21-143 1/4"" NPT Male Fitting x 3/8"" ID Hose Barb Type Fitting",connector_fitting,<a_108><b_160><c_177>,<a_108>,<a_108><b_160>,1,0.0,0.0,999.0,0.0,0.0,143,4
365,Dremel EZ506CU 1-1/2-Inch Premium Metal Cutting Rotary Wheel,other,<a_193><b_176><c_173>,<a_193>,<a_193><b_176>,1,0.0,0.0,999.0,1.0,1.0,133,1
372,"Stainless Steel 316 Wire Rope on Reel, 7x7 Strand Core, 1/8"" Bare OD, 250' Length, 340 lbs Breaking Strength",other,<a_251><b_61><c_181>,<a_251>,<a_251><b_61>,1,0.0,0.0,999.0,1.0,0.0,92,1
374,"M-D Building Products 2758 High Density Foam Tape, White",adhesive_epoxy,<a_244><b_0><c_0>,<a_244>,<a_244><b_0>,1,0.0,0.0,999.0,0.0,1.0,72,3
380,"eSeasongear SALT-3050 Waterproof Tester, Digital Salinity PPM Temperature Meter for Salt Water Pool and Koi Fish Pond",other,<a_107><b_31><c_165>,<a_107>,<a_107><b_31>,1,0.0,0.0,999.0,0.0,1.0,66,1
383,"EnviroCare Replacement Vacuum Bags for Panasonic Types U, U-3, U-6-9 Pack",other,<a_24><b_74><c_141>,<a_24>,<a_24><b_74>,1,0.0,0.0,999.0,0.0,1.0,119,1
385,"Eclectic Supply B36-24 Cobalt Glass Bottles with Glass Eye Dropper, 1 oz Capacity, Blue (Pack of 24)",other,<a_150><b_14><c_0>,<a_150>,<a_150><b_14>,1,0.0,0.0,999.0,1.0,1.0,116,3
391,Senco A209909 18-Gauge-by-1-2-Inch Electro Galvanized Variety Pack Brads,fastener,<a_42><b_74><c_200>,<a_42>,<a_42><b_74>,1,0.0,0.0,999.0,1.0,1.0,100,2
394,NATIONAL MFG CO #N104-349 #10SGL Box Rail Bracket Galvanized,fastener,<a_71><b_154><c_83>,<a_71>,<a_71><b_154>,1,0.0,0.0,999.0,0.0,0.0,118,1
395,Arctic Silver 5 AS5-3.5G Thermal Paste,other,<a_79><b_24><c_40>,<a_79>,<a_79><b_24>,1,0.0,0.0,999.0,0.0,0.0,60,1
399,Anytime Tools 48 pc HEAT SHRINK TUBING WRAP SLEEVES ASSORTED SIZES,other,<a_228><b_187><c_137>,<a_228>,<a_228><b_187>,1,0.0,0.0,999.0,0.0,1.0,96,3
400,"Neiko 50432A Nylon Lock Nut Assortment Kit with Carrying Case, 150 Pieces | SAE",fastener,<a_224><b_117><c_16>,<a_224>,<a_224><b_117>,1,0.0,0.0,999.0,0.0,1.0,191,1
403,"Anderson Metals Brass Tube Fitting, Union, 3/8"" x 3/8"" Flare",connector_fitting,<a_108><b_58><c_5>,<a_108>,<a_108><b_58>,1,0.0,0.0,43.0,0.0,0.0,143,3
409,"Scotch Super 33+ Vinyl Electrical Tape, .75-Inch x 66-Foot x 0.007-Inch, Pack of 10",tape,<a_202><b_147><c_4>,<a_202>,<a_202><b_147>,1,0.0,0.0,999.0,0.0,0.0,117,2
414,"Koch 7640040 Roller Chain Offset Link, 4-Pack, 40",other,<a_71><b_74><c_245>,<a_71>,<a_71><b_74>,1,0.0,0.0,999.0,0.0,0.0,118,1
419,Bostitch BTFP72326 Regulator and Gauge Kit with 1/4-Inch NPT Thread,connector_fitting,<a_108><b_75><c_97>,<a_108>,<a_108><b_75>,1,0.0,0.0,999.0,0.0,0.0,143,1
424,Workbench Caster Kit 4 Pack,other,<a_158><b_161><c_23>,<a_158>,<a_158><b_161>,1,0.0,0.0,999.0,1.0,1.0,109,3
426,"5/16"" - 36 HSS Right hand Thread Tap with 7.3mm Drill bit",other,<a_224><b_17><c_117>,<a_224>,<a_224><b_17>,1,0.0,0.0,999.0,0.0,1.0,191,3
430,"VXB UCP202-10 Ball Bearing Pillow Block, 2 Bolt Holes, Setscrew Locking Collar, 5/8"" Bore Diameter, Cast Iron, Inch",fastener,<a_251><b_30><c_91>,<a_251>,<a_251><b_30>,1,0.0,0.0,999.0,0.0,1.0,92,1
432,Vermont American 20371  1/8-27 NPT High Carbon Steel Pipe Tap,connector_fitting,<a_224><b_125><c_116>,<a_224>,<a_224><b_125>,1,0.0,0.0,999.0,0.0,0.0,191,2
435,3M Company #RF6731 2PR 1x3 Re-Close Strip,fastener,<a_68><b_13><c_59>,<a_68>,<a_68><b_13>,1,0.0,0.0,999.0,0.0,1.0,67,1
438,"3M Construction Seaming Tape 8087 Red, 72 mm x 50M, 2 13/16 in x 55 yd (Pack of 1)",adhesive_epoxy,<a_202><b_245><c_124>,<a_202>,<a_202><b_245>,1,0.0,0.0,999.0,0.0,0.0,117,1
439,"Malin - MS20995C Stainless Steel Safety Wire / Lockwire | .032"" Dia , Can",other,<a_71><b_51><c_181>,<a_71>,<a_71><b_51>,1,0.0,0.0,999.0,0.0,1.0,118,1
442,"The Hillman Group 300018 Split Lock Zinc Washer, 1/4-Inch, 100-Pack",fastener,<a_224><b_209><c_180>,<a_224>,<a_224><b_209>,1,0.0,0.0,999.0,1.0,1.0,191,10
448,SG-40 Silica Gel Dehumidifier Desiccant 40 Gram Orange/Green No Cobalt (II) Chloride,other,<a_150><b_9><c_27>,<a_150>,<a_150><b_9>,1,0.0,0.0,999.0,0.0,1.0,116,3
452,"Best Quality Plastic Self Drilling Drywall Anchors with Screws Kit, 100 Pieces All Together, Anchors Made in USA",fastener,<a_224><b_63><c_0>,<a_224>,<a_224><b_63>,1,0.0,0.0,999.0,0.0,1.0,191,4
453,Bob Smith Industries BSI-201 Quik-Cure Epoxy (4.5 oz. Combined),adhesive_epoxy,<a_165><b_170><c_54>,<a_165>,<a_165><b_170>,1,0.0,0.0,999.0,0.0,0.0,72,3
457,CRC 03400 16oz Truetap Cutting Fluid Heavy Duty Bottle,other,<a_173><b_255><c_127>,<a_173>,<a_173><b_255>,1,0.0,0.0,999.0,0.0,0.0,64,1
458,"Rust-Oleum 278146 NeverWet 11-Ounce Outdoor Fabric Spray, Clear",other,<a_122><b_43><c_152>,<a_122>,<a_122><b_43>,1,0.0,0.0,999.0,0.0,1.0,35,1
473,"Oatey 30821 Cement, 8-Ounce, Milky-Clear",adhesive_epoxy,<a_244><b_225><c_38>,<a_244>,<a_244><b_225>,1,0.0,0.0,999.0,0.0,1.0,72,2
483,"Carson Multi-Power LED Lighted Pocket Magnifiers for Reading, Inspection, Low Vision, Crafts, Hobby and Tasks (PM-33, PM-33MU)",other,<a_180><b_175><c_30>,<a_180>,<a_180><b_175>,1,0.0,0.0,999.0,0.0,0.0,81,2
485,"Steel Flat Washer, Plain Finish, ASME B18.22.1, 1/4"" Screw Size, 9/32"" ID, 5/8"" OD, 0.065"" Thick (Pack of 100)",fastener,<a_224><b_209><c_7>,<a_224>,<a_224><b_209>,1,0.0,0.0,31.0,1.0,1.0,191,10
488,"Vestil AS-383-4PK Concrete Anchor Four Bolt Kit, 3/8"" Diameter x 3"" Length",fastener,<a_224><b_5><c_234>,<a_224>,<a_224><b_5>,1,0.0,0.0,999.0,0.0,0.0,191,2
504,HDE RJ45 RJ11 RJ12 Cat5 Cat6 UTP Network Cable Tester for LAN Phone Wire Test Tool,other,<a_158><b_209><c_29>,<a_158>,<a_158><b_209>,1,0.0,0.0,999.0,0.0,0.0,109,1
516,"100pc 1/4"" Grommets Eyelets for Clothes, Leather, Canvas - Self-Backing",other,<a_71><b_127><c_119>,<a_71>,<a_71><b_127>,1,0.0,0.0,999.0,0.0,0.0,118,2
522,"Rockler Silicone Mini Glue Brush, 2-Pack",other,<a_99><b_82><c_108>,<a_99>,<a_99><b_82>,1,0.0,0.0,999.0,1.0,0.0,32,2
530,"Dap 00688 All-Purpose Adhesive Sealant, 100% Silicone, 2.8-Ounce Tube",adhesive_epoxy,<a_244><b_224><c_182>,<a_244>,<a_244><b_224>,1,0.0,0.0,999.0,0.0,1.0,72,1
531,"General Electric GE360 Kitchen and Bath  Silicone I Caulk, 2.8-Ounce, Clear",adhesive_epoxy,<a_244><b_191><c_143>,<a_244>,<a_244><b_191>,1,0.0,0.0,999.0,1.0,1.0,72,1
532,"Carlisle 34101023 Bronco Round Waste Container Only, 10 Gallon, Gray",other,<a_210><b_71><c_59>,<a_210>,<a_210><b_71>,1,0.0,0.0,999.0,1.0,1.0,95,1
535,Sil-Bond RTV 6500 high temperature 1-Part industrial/construction grade silicone sealant,adhesive_epoxy,<a_244><b_232><c_126>,<a_244>,<a_244><b_232>,1,0.0,0.0,999.0,0.0,0.0,72,2
539,"TOGGLER SnapSkru Self-Drilling Drywall Anchor, Pack of 20",fastener,<a_224><b_47><c_241>,<a_224>,<a_224><b_47>,1,0.0,0.0,999.0,0.0,0.0,191,4
545,3-IN-ONE 120070 Lock Dry Lube 2.5 oz (Pack of 1),other,<a_173><b_162><c_142>,<a_173>,<a_173><b_162>,1,0.0,0.0,26.0,0.0,1.0,64,1
548,"Intertape Polymer Group 5936USW Sheathing Tape, 2-1/2 in. x 55 yd, White",adhesive_epoxy,<a_202><b_71><c_66>,<a_202>,<a_202><b_71>,1,0.0,0.0,999.0,0.0,0.0,117,1
550,"HM Digital DM-1 In-Line Dual TDS Monitor, 0-9990 ppm Range, +/- 2% Readout Accuracy",connector_fitting,<a_107><b_142><c_216>,<a_107>,<a_107><b_142>,1,0.0,0.0,999.0,0.0,1.0,66,1
552,3M 08946 Clear Silicone Paste - 8 oz.,other,<a_99><b_96><c_225>,<a_99>,<a_99><b_96>,1,0.0,0.0,999.0,0.0,1.0,32,1
554,"Justrite 7150400 Type I Galvanized Steel Oils Safety Can, 5 Gallon Capacity, Green",other,<a_44><b_28><c_71>,<a_44>,<a_44><b_28>,1,0.0,0.0,999.0,0.0,1.0,65,3
559,Racers Edge 3000 1/2-Ounce Bottle W Needle Tip,other,<a_150><b_182><c_50>,<a_150>,<a_150><b_182>,1,0.0,0.0,999.0,0.0,0.0,116,1
565,5lb co2 Tank- New Aluminum Cylinder with CGA320 Valve,other,<a_52><b_224><c_227>,<a_52>,<a_52><b_224>,1,0.0,0.0,999.0,1.0,1.0,28,1
566,"4 - Red 12"" Tire Premium Skates Wheel Car Dolly Ball Bearings Skate Makes Moving A Car Easy Furniture Movers",other,<a_158><b_241><c_101>,<a_158>,<a_158><b_241>,1,0.0,0.0,999.0,0.0,1.0,109,1
577,"Neiko 50458A Snap Ring Shop Assortment, 300 Count | 18 Sizes (1/8"" - 1-1/4"") | Hardened Steel",other,<a_71><b_19><c_91>,<a_71>,<a_71><b_19>,1,0.0,0.0,999.0,0.0,1.0,118,1
581,"Smith-Cooper International 8135 Series Brass Ball Valve, Inline, Lever Handle, 1-1/4"" NPT Female, Non-Potable Water Use Only",tape,<a_197><b_42><c_116>,<a_197>,<a_197><b_42>,1,0.0,0.0,999.0,0.0,1.0,60,1
582,"Forney 72757 Wire Cup Brush, Knotted with 5/8-Inch-11 Threaded Arbor, 2-3/4-Inch-by-.020-Inch",other,<a_193><b_178><c_176>,<a_193>,<a_193><b_178>,1,0.0,0.0,34.0,1.0,0.0,133,7
587,"Devcon 31345 2 Ton Clear Epoxy, 25 ml",adhesive_epoxy,<a_165><b_71><c_2>,<a_165>,<a_165><b_71>,1,0.0,0.0,999.0,0.0,0.0,72,3
590,Mentadent Advance Whitening Refreshing Mint Bonus Pack Free Base & 2 Refills 5.25 OZ,other,<a_66><b_31><c_78>,<a_66>,<a_66><b_31>,1,0.0,0.0,999.0,0.0,1.0,40,2
595,"Gardner Bender GSW-17  Electrical Toggle Switch, SPST, ON-OFF, 6 A/120V AC,  Screw Terminal",fastener,<a_236><b_106><c_196>,<a_236>,<a_236><b_106>,1,0.0,0.0,999.0,0.0,0.0,84,4
597,Ginsco 110pcs Female Yellow 12-10 Gauge Nylon Fully-Insulated Quick Disconnects Wiring Spade Wire Connector Crimp Terminal,connector_fitting,<a_67><b_23><c_27>,<a_67>,<a_67><b_23>,1,0.0,0.0,999.0,0.0,0.0,119,8
599,"Steelex D2581 Swivel Heavy Duty Industrial Wheel, 8-Inch",other,<a_87><b_44><c_68>,<a_87>,<a_87><b_44>,1,0.0,0.0,999.0,0.0,0.0,71,4
603,"The Hillman Group 591519 Small Small Wood Screw Assortment, 195-Pack",fastener,<a_224><b_114><c_148>,<a_224>,<a_224><b_114>,1,0.0,0.0,999.0,1.0,0.0,191,1
604,"Move-It 9299 6-Inch Steel Tri-Dolly, 200-lb Load Capacity",other,<a_87><b_132><c_204>,<a_87>,<a_87><b_132>,1,0.0,0.0,999.0,0.0,0.0,71,2
614,"Duck Brand 394471 Advanced Strength Duct Tape, 1.88 Inches by 60 Yards, Single Roll, Gray",adhesive_epoxy,<a_202><b_161><c_93>,<a_202>,<a_202><b_161>,1,0.0,0.0,999.0,0.0,1.0,117,3
615,Stainless Steel Phillips Pan Sheet Metal Screw Assortment Kit,fastener,<a_224><b_222><c_138>,<a_224>,<a_224><b_222>,1,0.0,0.0,999.0,0.0,0.0,191,4
618,"Dap 18354 Seal 'N Peel Removable Caulk, 10.1-Ounce",adhesive_epoxy,<a_244><b_18><c_5>,<a_244>,<a_244><b_18>,1,0.0,0.0,999.0,0.0,1.0,72,1
619,Vktech 150pcs 2:1 Heat Shrink Tubing Tube Sleeving Wire Cable 8 Sizes 2-13mm Black,other,<a_228><b_18><c_189>,<a_228>,<a_228><b_18>,1,0.0,0.0,999.0,1.0,0.0,96,2
621,"IPG AC10 7 Mil Fix-It DUCTape 1.88"" x 50 yd, Silver",3d_filament,<a_202><b_203><c_60>,<a_202>,<a_202><b_203>,1,0.0,0.0,999.0,0.0,1.0,117,1
622,"Gorilla Tape, Black Duct Tape, 1.88"" x 12 yd, Black, (Pack of 1)",adhesive_epoxy,<a_202><b_52><c_44>,<a_202>,<a_202><b_52>,1,0.0,0.0,999.0,0.0,0.0,117,8
623,"Chemical Guys MIC_MBLUE_12 Workhorse Professional Grade Microfiber Towel, Blue (16 in. x 16 in.) (Pack of 12)",other,<a_197><b_121><c_25>,<a_197>,<a_197><b_121>,1,0.0,0.0,999.0,0.0,1.0,60,1
624,"Red Devil 0637 12 Pack 10.1 oz. Blacktop Acrylic Repair Sealant, Black",adhesive_epoxy,<a_244><b_177><c_9>,<a_244>,<a_244><b_177>,1,0.0,0.0,999.0,0.0,0.0,72,1
625,"AMMEX - ABNPF48100-BX - Medical Nitrile Gloves - Disposable, Powder Free, Exam Grade, 4 mil, XLarge, Black (Box of 100)",other,<a_44><b_217><c_235>,<a_44>,<a_44><b_217>,1,0.0,0.0,999.0,0.0,1.0,65,4
628,WD-40 Multi-Use Product - Multi-Purpose Lubricant with EZ-REACH Flexible Straw. 14.4 oz. (6 Pack),other,<a_173><b_94><c_213>,<a_173>,<a_173><b_94>,1,0.0,0.0,999.0,1.0,1.0,64,3
629,Ginsco 200pcs 3 Size Heat Shrink Butt Connectors Kit Electrical Insulated Wire Terminal 10-22 AWG Set,connector_fitting,<a_67><b_243><c_3>,<a_67>,<a_67><b_243>,1,0.0,0.0,999.0,0.0,0.0,119,2
630,Bellows Hand Duster BHD001 by Anteater,3d_filament,<a_24><b_16><c_61>,<a_24>,<a_24><b_16>,1,0.0,0.0,999.0,0.0,0.0,119,1
639,"Duck Brand 241410 Pittsburgh Steelers NFL Team Logo Duct Tape, 1.88-Inch by 10 Yards, Single Roll",tape,<a_122><b_54><c_184>,<a_122>,<a_122><b_54>,1,0.0,0.0,999.0,0.0,1.0,35,1
641,"AMMEX - ABNPF46100 - Medical Nitrile Gloves - Disposable, Powder Free, Exam Grade, 4 mil, Large, Black (Case of 1000)",other,<a_44><b_217><c_32>,<a_44>,<a_44><b_217>,1,0.0,0.0,999.0,0.0,1.0,65,4
644,"Red Devil 0406 Kitchen and Bath Siliconized Acrylic Caulk, 10.1 oz, White",adhesive_epoxy,<a_244><b_58><c_0>,<a_244>,<a_244><b_58>,1,0.0,0.0,999.0,0.0,0.0,72,2
653,"Five 1"" Inch Chrome Steel Bearing Balls G25",other,<a_71><b_104><c_68>,<a_71>,<a_71><b_104>,1,0.0,0.0,999.0,0.0,1.0,118,7
654,"CMS Magnets Powerful Rare Earth Neodymium Cup Magnet 249 LB Pull Power 0.59"" Thick x 2.36"" Diameter - 1 Ct.",connector_fitting,<a_251><b_132><c_252>,<a_251>,<a_251><b_132>,1,0.0,0.0,999.0,0.0,0.0,92,1
659,Stanley MR100CG Contractor Grade Riveter,other,<a_42><b_47><c_83>,<a_42>,<a_42><b_47>,1,0.0,0.0,999.0,0.0,1.0,100,1
667,"Maasdam Pow'R Pull PP100, Post Pull'R",other,<a_87><b_190><c_53>,<a_87>,<a_87><b_190>,1,0.0,0.0,999.0,1.0,0.0,71,1
668,"Dixon Valve TTA75 PTFE Industrial Sealant Tape, 260-inch, White",adhesive_epoxy,<a_79><b_61><c_251>,<a_79>,<a_79><b_61>,1,0.0,0.0,999.0,0.0,1.0,60,2
672,"Halyard Health Face Masks with Earloops, 47117, Yellow (Box of 50)",other,<a_44><b_223><c_219>,<a_44>,<a_44><b_223>,1,0.0,0.0,999.0,0.0,0.0,65,1
682,Pro Flex Super Flexible Elastomeric Sealant Acrylic Clear Paintable 10 Oz,adhesive_epoxy,<a_244><b_254><c_56>,<a_244>,<a_244><b_254>,1,0.0,0.0,999.0,0.0,0.0,72,1
685,The Hillman Group 90398 1/4-20X1-1/4 MACH Screw,fastener,<a_224><b_77><c_252>,<a_224>,<a_224><b_77>,1,0.0,0.0,999.0,1.0,1.0,191,7
689,"Anderson Metals Brass Garden Hose Swivel Fitting, Connector, 1/2"" Barb x 3/4"" Female Hose",connector_fitting,<a_108><b_140><c_37>,<a_108>,<a_108><b_140>,1,0.0,0.0,999.0,0.0,0.0,143,3
704,"Stanley Wet/Dry Vacuum, 1 Gallon, 1.5 Horsepower",3d_filament,<a_24><b_2><c_14>,<a_24>,<a_24><b_2>,1,0.0,0.0,999.0,0.0,0.0,119,4
712,Wixey WR100 6-Inch Digital Calipers with Fractions,gauge_meter,<a_104><b_95><c_134>,<a_104>,<a_104><b_95>,1,0.0,0.0,999.0,0.0,1.0,60,1
716,"GORILLA PVC R08000 Pvc Glue 8 OZ, Clear",adhesive_epoxy,<a_233><b_52><c_47>,<a_233>,<a_233><b_52>,1,0.0,0.0,999.0,1.0,0.0,20,1
717,HH-66 PVC Vinyl Cement Glue with Brush 8oz,adhesive_epoxy,<a_233><b_191><c_166>,<a_233>,<a_233><b_191>,1,0.0,0.0,999.0,1.0,1.0,20,1
720,"Dicor BT-1834-1 1/8"" x 3/4"" x 30' Butyl Seal Tape",adhesive_epoxy,<a_170><b_49><c_43>,<a_170>,<a_170><b_49>,1,0.0,0.0,999.0,0.0,0.0,25,2
728,"Cold Rolled Steel A513 Drawn Over Mandrel Round Tubing, ASTM A513, 1-1/4"" OD, 1.01"" ID, 0.12"" Wall, 72"" Length",connector_fitting,<a_251><b_54><c_150>,<a_251>,<a_251><b_54>,1,0.0,0.0,999.0,0.0,1.0,92,3
733,"MG Chemicals 824-1L 99.9% Isopropyl Alcohol Liquid Cleaner, Clear , 945 mL (1 US Quart)",tape,<a_206><b_216><c_123>,<a_206>,<a_206><b_216>,1,0.0,0.0,999.0,0.0,0.0,60,2
735,"E-Projects EPC-102 43 Value Resistor Kit, 1 Ohm - 10M Ohm (Pack of 1075)",other,<a_73><b_56><c_12>,<a_73>,<a_73><b_56>,1,0.0,0.0,999.0,0.0,1.0,114,6
736,GUM Proxabrush Go-Betweens Cleaners 8 ct - Ultratight Pack of (3),other,<a_180><b_7><c_118>,<a_180>,<a_180><b_7>,1,0.0,0.0,999.0,0.0,1.0,81,1
741,"Hillman Group 829720 1/4 by 20-Inch Stainless Steel Nylon Insert Locknut, 50-Pack, Single",fastener,<a_224><b_251><c_116>,<a_224>,<a_224><b_251>,1,0.0,0.0,48.0,1.0,1.0,191,3
746,Applicator Bottle with Stainless Steel Needle - 3 Pack,adhesive_epoxy,<a_150><b_110><c_36>,<a_150>,<a_150><b_110>,1,0.0,0.0,999.0,0.0,0.0,116,3
750,"Rubbermaid Commercial FG9T6600BLA Service/Utility Cart, Two-Shelf, 300 lb capactiy, Black",connector_fitting,<a_210><b_229><c_153>,<a_210>,<a_210><b_229>,1,0.0,0.0,999.0,0.0,0.0,95,3
751,Install Bay CC2218 Crimp Cap Nylon Connector 22/18 Gauge (100-Pack),connector_fitting,<a_67><b_133><c_6>,<a_67>,<a_67><b_133>,1,0.0,0.0,27.0,1.0,0.0,119,3
753,"PVC (Polyvinyl Chloride) Sheet, Opaque White, Standard Tolerance, UL 94/ASTM D1784, 1/4"" Thickness, 12"" Width, 12"" Length",other,<a_79><b_114><c_20>,<a_79>,<a_79><b_114>,1,0.0,0.0,999.0,0.0,0.0,60,4
758,Push-On Alligator Clips for Test Leads,fastener,<a_211><b_133><c_85>,<a_211>,<a_211><b_133>,1,0.0,0.0,999.0,0.0,0.0,45,1
760,Sun Company 201-F Lev-o-gage Inclinometer and Tilt Gauge,tape,<a_15><b_159><c_252>,<a_15>,<a_15><b_159>,1,0.0,0.0,999.0,0.0,0.0,31,1
763,Rope King CSC-6100 Cotton Sash Cord #6 - 3/16 inch x 100 feet,other,<a_251><b_87><c_86>,<a_251>,<a_251><b_87>,1,0.0,0.0,999.0,1.0,0.0,92,1
764,Shop-Vac 9050300 2.5-Inch by 8-Foot Hose,connector_fitting,<a_24><b_173><c_10>,<a_24>,<a_24><b_173>,1,0.0,0.0,999.0,0.0,1.0,119,5
765,WAGO 222-413 LEVER-NUTS 3 Conductor Compact Connectors,connector_fitting,<a_67><b_162><c_49>,<a_67>,<a_67><b_162>,1,0.0,0.0,999.0,0.0,1.0,119,1
767,J-B Weld 50101 MinuteWeld Instant-Setting Epoxy Syringe - Dries Clear - 25ml,adhesive_epoxy,<a_165><b_85><c_59>,<a_165>,<a_165><b_85>,1,0.0,0.0,999.0,0.0,1.0,72,1
768,"Oil Slick Sheet Labratory Grade PTFE Roll Solvent Resistant Alternative to Parchment Paper, 48x16",other,<a_79><b_135><c_73>,<a_79>,<a_79><b_135>,1,0.0,0.0,999.0,0.0,0.0,60,1
769,Nubee Temperature Gun Non-contact Digital Laser Infrared IR Thermometer,gauge_meter,<a_107><b_42><c_17>,<a_107>,<a_107><b_42>,1,0.0,0.0,17.0,1.0,1.0,66,5
776,"Pumice Cleaning Stone (4-Pack) - High Density, Sturdy, Fine Grit (4)",connector_fitting,<a_66><b_28><c_25>,<a_66>,<a_66><b_28>,1,0.0,0.0,999.0,0.0,0.0,40,1
780,"Dynarex 2513 SafeTouch Nitrile Exam Gloves, Non-Latex, Powder Free, Large, Blue (Pack of 100)",other,<a_44><b_9><c_196>,<a_44>,<a_44><b_9>,1,0.0,0.0,999.0,0.0,0.0,65,5
782,Extech 480172 AC Line Splitter,gauge_meter,<a_36><b_236><c_163>,<a_36>,<a_36><b_236>,1,0.0,0.0,999.0,0.0,0.0,54,2
786,Lifegard Aquatics 3/4-Inch Double Threaded Bulkhead,other,<a_108><b_123><c_111>,<a_108>,<a_108><b_123>,1,0.0,0.0,999.0,1.0,1.0,143,2
787,"Covidien 6818 Webcol Alcohol Prep, Sterile, Medium, 2-Ply (Pack of 200)",other,<a_44><b_98><c_14>,<a_44>,<a_44><b_98>,1,0.0,0.0,999.0,0.0,1.0,65,2
791,Stanley 21-106 8-Inch Mill Bastard File,tape,<a_193><b_253><c_154>,<a_193>,<a_193><b_253>,1,0.0,0.0,999.0,0.0,0.0,133,1
792,"100pcs Solder Seal Wire Connectors, Sopoby Heat Shrink Butt Connectors, Waterproof Marine Automotive Electrical Terminals Insulated (35Red 30Blue 25White 10Yellow)",connector_fitting,<a_17><b_96><c_151>,<a_17>,<a_17><b_96>,1,0.0,0.0,999.0,0.0,0.0,99,3
795,"The Hillman Group 41429 Round Head Toggle Bolt, 1/4-Inch x 4-Inch, 5-Pack",fastener,<a_224><b_47><c_183>,<a_224>,<a_224><b_47>,1,0.0,0.0,999.0,0.0,0.0,191,4
796,Hillman Toggle Bolt 90 Lb. 5 / Card,fastener,<a_224><b_47><c_27>,<a_224>,<a_224><b_47>,1,0.0,0.0,999.0,0.0,0.0,191,4
801,"Pro Series 1400750340 6"" Caster",other,<a_52><b_55><c_53>,<a_52>,<a_52><b_55>,1,0.0,0.0,999.0,0.0,0.0,28,1
802,"4.5"" x 7/8"" Premium Zirconia Flap Discs Grinding Wheels 60 Grit Type 27-10 Pack",other,<a_193><b_104><c_1>,<a_193>,<a_193><b_104>,1,0.0,0.0,999.0,1.0,1.0,133,4
806,"HUMCO HOLDING GROUP 303950303963 Boric Acid Powder, 6 oz.",other,<a_150><b_233><c_105>,<a_150>,<a_150><b_233>,1,0.0,0.0,999.0,0.0,1.0,116,1
808,"Loos Cableware SL1-2 Aluminum Duplex Oval Crimping Sleeve Set for 1/16"" Diameter Wire Rope (50 Piece)",other,<a_67><b_108><c_30>,<a_67>,<a_67><b_108>,1,0.0,0.0,999.0,0.0,1.0,119,4
810,"Koch 002023 1/16 by 500-Feet 7 by 7 Cable, Galvanized",other,<a_23><b_178><c_170>,<a_23>,<a_23><b_178>,1,0.0,0.0,999.0,0.0,0.0,50,2
815,"Flex-Drain ADP53102 Downspout Adaptor, Landscaping Drain Pipe Adapter 3 by 4 by 4-Inch",connector_fitting,<a_108><b_92><c_231>,<a_108>,<a_108><b_92>,1,0.0,0.0,999.0,0.0,1.0,143,2
818,"Anderson Metals 38116 Red Brass Pipe Fitting, 90 Degree Street Elbow, 3/4"" Female x 3/4"" Male",connector_fitting,<a_108><b_1><c_154>,<a_108>,<a_108><b_1>,1,0.0,0.0,999.0,0.0,1.0,143,8
826,"M-D Building Products 2311 High Density Foam Tape, 1/2-by-3/4-Inch by 10 feet, Gray",adhesive_epoxy,<a_244><b_0><c_2>,<a_244>,<a_244><b_0>,1,0.0,0.0,999.0,0.0,0.0,72,3
830,Stanley Hardware 75-6111 Corner Braces,fastener,<a_71><b_164><c_104>,<a_71>,<a_71><b_164>,1,0.0,0.0,999.0,0.0,0.0,118,5
835,"Industrial & Scientific"" />",metadata_placeholder,<a_15><b_113><c_3>,<a_15>,<a_15><b_113>,1,0.0,0.0,999.0,0.0,1.0,31,1
836,"RhinoGear 11912ABMI RhinoRamps MAX Vehicle Ramp - Pair (16,000lb. GVW Capacity)",other,<a_87><b_242><c_12>,<a_87>,<a_87><b_242>,1,0.0,0.0,999.0,1.0,0.0,71,3
840,Santamedical Adult Deluxe Aneroid Sphygmomanometer - Professional Blood Pressure Monitor with Adult black cuff and Carrying case (Light Black),other,<a_180><b_15><c_221>,<a_180>,<a_180><b_15>,1,0.0,0.0,999.0,0.0,0.0,81,1
841,Stainlesstown K18FWC Stainless Steel Flat Washer Assortment Kit,fastener,<a_224><b_38><c_41>,<a_224>,<a_224><b_38>,1,0.0,0.0,999.0,0.0,0.0,191,2
846,"Guardian EcoGuard Indoor Wiper Floor Mat, Recycled Plastic and Rubber, 3' x 5', Green",other,<a_122><b_6><c_156>,<a_122>,<a_122><b_6>,1,0.0,0.0,999.0,0.0,1.0,35,2
847,Hi-Lift Jack ORB Off-Road Base,fastener,<a_87><b_174><c_86>,<a_87>,<a_87><b_174>,1,0.0,0.0,18.0,0.0,1.0,71,1
848,Rapidair 50200 Equal Tee Fitting with 1/2-Inch Tubing,connector_fitting,<a_108><b_86><c_226>,<a_108>,<a_108><b_86>,1,0.0,0.0,999.0,1.0,0.0,143,1
854,"Watts SVIG10 Pre-Cut 1/2-Inch Diameter by 3/8-Inch Clear Vinyl Tubing, 10-Foot Length",connector_fitting,<a_228><b_0><c_1>,<a_228>,<a_228><b_0>,1,0.0,0.0,32.0,0.0,0.0,96,3
855,"Scotch(R) Linerless Rubber Splicing Tape 130C, 1 in x 30 ft, Black, 1 Roll/Carton",tape,<a_202><b_129><c_203>,<a_202>,<a_202><b_129>,1,0.0,0.0,999.0,0.0,0.0,117,2
863,"Industrial & Scientific"" />",metadata_placeholder,<a_15><b_10><c_53>,<a_15>,<a_15><b_10>,1,0.0,0.0,999.0,0.0,0.0,31,1
866,Signstek 3 1/2 6802 II Dual Channel Digital Thermometer -58&deg;F~1022&deg;F(-50~1300&deg;C) with 2 K-Type Thermocouple Sensor Probe,gauge_meter,<a_211><b_155><c_124>,<a_211>,<a_211><b_155>,1,0.0,0.0,999.0,0.0,1.0,45,1
868,Noga MC1700 Mini-Cool KIT (1),3d_filament,<a_52><b_173><c_81>,<a_52>,<a_52><b_173>,1,0.0,0.0,999.0,1.0,0.0,28,1
869,"Gardner Bender GSW-16  Heavy-Duty Electrical Toggle Switch, DPDT, ON-(OFF)-ON, 20 A/125V AC, Screw Terminal",fastener,<a_236><b_106><c_37>,<a_236>,<a_236><b_106>,1,0.0,0.0,999.0,0.0,0.0,84,4
871,MEECO'S RED DEVIL 121 Furnace Cement and Fireplace Mortar,adhesive_epoxy,<a_79><b_13><c_211>,<a_79>,<a_79><b_13>,1,0.0,0.0,999.0,1.0,0.0,60,2
876,"Mitutoyo 500-196-30 Advanced Onsite Sensor (AOS) Absolute Scale Digital Caliper, 0 to 6""/0 to 150mm Measuring Range, 0.0005""/0.01mm Resolution, LCD",3d_filament,<a_17><b_180><c_2>,<a_17>,<a_17><b_180>,1,0.0,0.0,999.0,0.0,1.0,99,5
877,"Acetal Copolymer Round Rod, Opaque Black, Standard Tolerance, ASTM D6778, 3"" Diameter, 6"" Length",other,<a_251><b_204><c_77>,<a_251>,<a_251><b_204>,1,0.0,0.0,999.0,0.0,1.0,92,2
883,Ancor Marine Grade Electrical Heat Activated Adhesive Lined Shrink Tubing,adhesive_epoxy,<a_228><b_127><c_107>,<a_228>,<a_228><b_127>,1,0.0,0.0,999.0,0.0,1.0,96,2
887,Milwaukee Instruments PH600AQ Ph Tester With 1 Point Manual Calibration,gauge_meter,<a_107><b_111><c_248>,<a_107>,<a_107><b_111>,1,0.0,0.0,999.0,0.0,0.0,66,3
893,STM Stainless Tumbling Media - 5 lbs - Ammo Reloading Supplies,fastener,<a_159><b_76><c_174>,<a_159>,<a_159><b_76>,1,0.0,0.0,999.0,0.0,1.0,52,1
895,Grizzly G8748 Hand Tapping Machine,fastener,<a_159><b_159><c_162>,<a_159>,<a_159><b_159>,1,0.0,0.0,999.0,0.0,1.0,52,1
896,"MG Chemicals Ferric Chloride Copper Etchant Solution, 4L Liquid Bottle",other,<a_173><b_150><c_70>,<a_173>,<a_173><b_150>,1,0.0,0.0,999.0,0.0,0.0,64,1
905,uxcell Adjustable 9mm-16mm Metal Worm Gear Hose Clamps 20 Pcs,connector_fitting,<a_71><b_236><c_125>,<a_71>,<a_71><b_236>,1,0.0,0.0,999.0,0.0,0.0,118,1
923,"#1 Best Quality Wood Screw Assortment Kit, 240 Pieces",fastener,<a_224><b_63><c_35>,<a_224>,<a_224><b_63>,1,0.0,0.0,999.0,0.0,1.0,191,4
926,"Dap 00272 Original Contact Cement Qt Raw Building Material, Tan",adhesive_epoxy,<a_244><b_112><c_232>,<a_244>,<a_244><b_112>,1,0.0,0.0,999.0,0.0,1.0,72,2
934,Anytime Tools 40' HEAT SHRINK LARGE BLACK TUBING WRAP SLEEVES WIRE,other,<a_228><b_187><c_13>,<a_228>,<a_228><b_187>,1,0.0,0.0,999.0,0.0,0.0,96,3
935,Mighty Mag Magnetic Base,other,<a_251><b_65><c_29>,<a_251>,<a_251><b_65>,1,0.0,0.0,999.0,0.0,0.0,92,2
940,"New 10 Pieces Tungsten Carbide Rotary Burr SET 1/8'' Shank Fit Dremel Tools for DIY Woodworking, Carving, Engraving, Drilling",other,<a_193><b_78><c_170>,<a_193>,<a_193><b_78>,1,0.0,0.0,999.0,0.0,1.0,133,1
941,Shop-Vac Corp 3Pk Reuse Dry Filt Disc 90107-19 Wet/Dry Vac Filters & Bags,other,<a_109><b_134><c_100>,<a_109>,<a_109><b_134>,1,0.0,0.0,999.0,0.0,0.0,40,1
955,"Remington Industries 22UL1007STRWHI UL1007 22 AWG Gauge Stranded Hook-Up Wire, 300V, 0.0253"" Diameter, 100' Length, White",other,<a_67><b_152><c_2>,<a_67>,<a_67><b_152>,1,0.0,0.0,999.0,0.0,1.0,119,11
957,"Remington Industries 22UL1007STRYEL UL1007 22 AWG Gauge Stranded Hook-Up Wire, 300V, 0.0253"" Diameter, 100' Length, Yellow",other,<a_67><b_152><c_6>,<a_67>,<a_67><b_152>,1,0.0,0.0,999.0,1.0,1.0,119,11
958,"Bob Smith Industries BSI-109 Insta-Cure Gap Filling, 8 oz.",adhesive_epoxy,<a_99><b_219><c_9>,<a_99>,<a_99><b_219>,1,0.0,0.0,999.0,0.0,1.0,32,2
960,"Liberty Oil, the Best 100% Synthetic Oil for Lubricating Your Grandfather Clocks",other,<a_173><b_240><c_29>,<a_173>,<a_173><b_240>,1,0.0,0.0,999.0,0.0,0.0,64,1
967,"Forney 72755 Wire Cup Brush, Coarse Crimped with 5/8-Inch-11 Threaded Arbor, 2-3/4-Inch-by-.014-Inch",other,<a_193><b_178><c_235>,<a_193>,<a_193><b_178>,1,0.0,0.0,999.0,0.0,0.0,133,7
968,"Forney 72788 Wire Wheel Brush, Coarse Crimped with 5/8-Inch-11 Threaded Arbor, 4-Inch-by-.014-Inch",other,<a_193><b_178><c_15>,<a_193>,<a_193><b_178>,1,0.0,0.0,999.0,1.0,0.0,133,7
969,DEWALT DW4901 1-Inch Crimped End Wire Brush,other,<a_193><b_201><c_150>,<a_193>,<a_193><b_201>,1,0.0,0.0,999.0,1.0,0.0,133,1
973,"Neiko 20713A Digital Tachometer, Non Contact Laser Photo | 2.5 - 99,999 RPM Accuracy | Batteries Included",adhesive_epoxy,<a_104><b_142><c_219>,<a_104>,<a_104><b_142>,1,0.0,0.0,999.0,0.0,0.0,60,1
976,Rectorseal 25631 4-Ounce No. 5 Pipe Thread Sealant,adhesive_epoxy,<a_244><b_151><c_220>,<a_244>,<a_244><b_151>,1,0.0,0.0,999.0,0.0,0.0,72,3
978,WD-40 490050 Multi-Use Lubricant Smart Straw Spray 12 OZ (Pack of 1),other,<a_173><b_197><c_235>,<a_173>,<a_173><b_197>,1,0.0,0.0,999.0,0.0,1.0,64,2
981,"3M Flap Disc 566A, T29, 4-1/2"" Diameter, 40 Grit, 5/8""-11 Thread (Pack of 1)",connector_fitting,<a_17><b_174><c_1>,<a_17>,<a_17><b_174>,1,0.0,0.0,999.0,0.0,0.0,99,1
989,"Weldon 10167 Aqua Blue 725 Medium-Bodied Wet 'R Dry Pvc Professional Industrial-Grade Cement Extremely Fast-Setting Low-Voc, 1/2 pint, Aqua Blue",adhesive_epoxy,<a_173><b_181><c_125>,<a_173>,<a_173><b_181>,1,0.0,0.0,999.0,0.0,1.0,64,1
992,"Hillman 122062 Galvanized Solid Wire 9 Gauge, 50 foot coil",other,<a_71><b_86><c_76>,<a_71>,<a_71><b_86>,1,0.0,0.0,999.0,1.0,0.0,118,1
997,"The Hillman Group 4839 1/8 Wire Rope Clip, 10-Pack",fastener,<a_71><b_46><c_148>,<a_71>,<a_71><b_46>,1,0.0,0.0,999.0,0.0,0.0,118,1
1003,"Anderson Metals Brass Hose Fitting, 90 Degree Elbow, 3/8"" Barb x 1/2"" Male Pipe",connector_fitting,<a_108><b_1><c_76>,<a_108>,<a_108><b_1>,1,0.0,0.0,999.0,1.0,0.0,143,8
1007,"6"" Cup Brush, Nylon Filament, 5/8""-11 Thread, 2500 max.RPM",3d_filament,<a_17><b_213><c_223>,<a_17>,<a_17><b_213>,1,0.0,0.0,999.0,0.0,0.0,99,1
1009,"Scott Kimberly-Clark 75190 Shop Towels, 10"" x 12"", Blue",other,<a_206><b_233><c_23>,<a_206>,<a_206><b_233>,1,0.0,0.0,999.0,0.0,1.0,60,1
1013,"Homewerks VCK-P40-E4B In-Line Check Valve, Solvent x Solvent, PVC Schedule 40, 3/4-Inch",other,<a_108><b_157><c_41>,<a_108>,<a_108><b_157>,1,0.0,0.0,999.0,0.0,1.0,143,1
1014,"NIBCO 436 Series PVC Pipe Fitting, Adapter, Schedule 40, 1-1/2"" Slip x NPT Male",tape,<a_108><b_153><c_115>,<a_108>,<a_108><b_153>,1,0.0,0.0,999.0,0.0,1.0,143,2
1018,"Nicholson 5 Piece Hand File Set with Ergonomic Handles, American Pattern, 6"" Length, (2)-8"" length, (2)-10"" length",tape,<a_193><b_240><c_7>,<a_193>,<a_193><b_240>,1,0.0,0.0,999.0,0.0,1.0,133,3
1024,Lehigh Group-Crawford 18025 25PK Peg Locks,other,<a_71><b_188><c_205>,<a_71>,<a_71><b_188>,1,0.0,0.0,999.0,0.0,1.0,118,2
1027,B and K Industries D08050P 1/2-Inch OD by 50-Feet Copper Tubing,other,<a_228><b_114><c_97>,<a_228>,<a_228><b_114>,1,0.0,0.0,999.0,0.0,1.0,96,3
1028,"Emergency Repair Tape, Self-Fusing Silicone Tape, 12' x 1"", Red",tape,<a_202><b_202><c_98>,<a_202>,<a_202><b_202>,1,0.0,0.0,999.0,0.0,1.0,117,3
1033,SOLOOP 50pcs Female & Male Fully Insulated Wire Terminals Connector Nylon Spade Connectors Blue,connector_fitting,<a_67><b_13><c_33>,<a_67>,<a_67><b_13>,1,0.0,0.0,999.0,0.0,0.0,119,3
1038,"Nicholson 9 Piece Hand File Set with Ergonomic Handles, American Pattern",tape,<a_206><b_171><c_23>,<a_206>,<a_206><b_171>,1,0.0,0.0,999.0,0.0,0.0,60,1
1041,"Buna-N O-Ring Kit, 70A Durometer, 382 Pieces, 30 Sizes",other,<a_206><b_18><c_26>,<a_206>,<a_206><b_18>,1,0.0,0.0,999.0,1.0,1.0,60,1
1048,"DEWALT DW8424B5 4-1/2-Inch by 0.045-Inch Metal Cutting Wheel, 7/8-Inch Arbor, 5-Pack",other,<a_193><b_42><c_10>,<a_193>,<a_193><b_42>,1,0.0,0.0,999.0,1.0,1.0,133,2
1051,"3M Dual Lock Reclosable Fastener TB3560 250/250 Clear, 1 in x 10 ft (1 Mated Strip/Bag)",adhesive_epoxy,<a_68><b_148><c_152>,<a_68>,<a_68><b_148>,1,0.0,0.0,999.0,0.0,0.0,67,1
1053,"Krazy Glue KG82048SN Home & Office Super Glue, Single-Use Tubes, Fine Tip, 0.5 Grams, 4 Count, 0.017 oz",adhesive_epoxy,<a_165><b_21><c_82>,<a_165>,<a_165><b_21>,1,0.0,0.0,999.0,1.0,1.0,72,1
1072,FiiO D3 (D03K) Digital to Analog Audio Converter With Micca 6ft Optical Toslink Cable - 192kHz/24bit Optical and Coaxial DAC,connector_fitting,<a_36><b_92><c_177>,<a_36>,<a_36><b_92>,1,0.0,0.0,999.0,0.0,1.0,54,3
1073,"Kodiak Cutting Tools KCT131558 USA Made Solid Premium Carbide End Mill, ALTiN Coated, 4 Flute, 1/4"" Diameter",adhesive_epoxy,<a_193><b_83><c_181>,<a_193>,<a_193><b_83>,1,0.0,0.0,999.0,0.0,1.0,133,1
1075,"Industrial & Scientific"" />",metadata_placeholder,<a_15><b_248><c_75>,<a_15>,<a_15><b_248>,1,0.0,0.0,999.0,0.0,0.0,31,1
1080,"PYREX 2L Narrow Mouth Erlenmeyer Flasks with Heavy Duty Rim, 1/pk",other,<a_94><b_195><c_69>,<a_94>,<a_94><b_195>,1,0.0,0.0,999.0,0.0,1.0,111,7
1081,"PYREX 1L Narrow Mouth Erlenmeyer Flasks with Heavy Duty Rim, Ea",other,<a_94><b_195><c_239>,<a_94>,<a_94><b_195>,1,0.0,0.0,999.0,1.0,1.0,111,7
1083,"PORTER-CABLE PFN16200 2-Inch 16-Gauge Galvanized Finish Nails, 2500-Pack",fastener,<a_42><b_44><c_150>,<a_42>,<a_42><b_44>,1,0.0,0.0,999.0,0.0,1.0,100,2
1100,"Trinity TLS-0201 EcoStorage NSF, 48-Inch Stainless Steel Utility Table",other,<a_210><b_182><c_54>,<a_210>,<a_210><b_182>,1,0.0,0.0,999.0,0.0,0.0,95,1
1102,4 Set Stainless Spring Loaded Toggle Case Box Chest Trunk Latch Catch Clamp Clip,other,<a_71><b_43><c_95>,<a_71>,<a_71><b_43>,1,0.0,0.0,999.0,1.0,0.0,118,2
1109,"Aven 12002 Stainless Steel Hemostat, Curved Serrated Jaws, Ratchet Lock, 3-1/2"" Length",other,<a_42><b_124><c_36>,<a_42>,<a_42><b_124>,1,0.0,0.0,999.0,0.0,0.0,100,3
1111,Country Brook Design | 1 Inch Black Polypropylene Webbing (100 Yards),other,<a_68><b_71><c_239>,<a_68>,<a_68><b_71>,1,0.0,0.0,999.0,1.0,1.0,67,1
1113,"Low Cost, Low Volume Resist., Electrically Conductive Silver Epoxy Adhesive, AA-DUCT 906 , 2.5gm kit",adhesive_epoxy,<a_79><b_205><c_126>,<a_79>,<a_79><b_205>,1,0.0,0.0,999.0,0.0,1.0,60,1
1117,"Anytime Tools Premium 0-1"" /0.0001 MICROMETER Precision Machinist Tool",other,<a_104><b_52><c_119>,<a_104>,<a_104><b_52>,1,0.0,0.0,999.0,0.0,0.0,60,1
1118,"General Tools 196 Hand Reamer And Countersink, 3/4-Inch",fastener,<a_193><b_19><c_114>,<a_193>,<a_193><b_19>,1,0.0,0.0,999.0,0.0,1.0,133,6
1119,TEKTON 4-Inch Drill Press Vise | 53994,fastener,<a_193><b_237><c_76>,<a_193>,<a_193><b_237>,1,0.0,0.0,999.0,0.0,0.0,133,2
1130,"[Open Resin] XYZprinting Nobel 1.0 SLA 3D Printer (Included FREE Resin, FREE Printing Platform & Tank)",3d_filament,<a_91><b_155><c_95>,<a_91>,<a_91><b_155>,1,0.0,0.0,999.0,0.0,0.0,72,1
1131,XYZprinting Handheld 3D Scanner 1.0 Pro,other,<a_91><b_90><c_0>,<a_91>,<a_91><b_90>,1,0.0,0.0,999.0,0.0,0.0,72,1
1132,"XYZprinting ABS Filament Refill, 1.75 mm Diameter, 600 g, Nature",3d_filament,<a_223><b_155><c_21>,<a_223>,<a_223><b_155>,1,0.0,0.0,999.0,1.0,0.0,247,1
1141,"Anytime Tools 5 Piece 3/8"" MINI LATHE INDEXABLE CARBIDE INSERT TOOL BIT SET",other,<a_193><b_77><c_36>,<a_193>,<a_193><b_77>,1,0.0,0.0,999.0,1.0,1.0,133,1
1153,"6061 Aluminum Round Rod, Unpolished (Mill) Finish, Extruded, T6511 Temper, ASTM B221, 2-1/4"" Diameter, 12"" Length",other,<a_251><b_198><c_140>,<a_251>,<a_251><b_198>,1,0.0,0.0,999.0,0.0,1.0,92,9
1161,"ATP Vinyl-Flex PVC Food Grade Plastic Tubing, Clear, 1/4"" ID x 3/8"" OD, 100 feet Length",other,<a_228><b_40><c_29>,<a_228>,<a_228><b_40>,1,0.0,0.0,999.0,1.0,0.0,96,5
1162,"HFS (R) Magnetic Base Indicator Back holder For AGD2 1"" Dial Indicator",other,<a_104><b_51><c_84>,<a_104>,<a_104><b_51>,1,0.0,0.0,999.0,0.0,0.0,60,1
1166,"Anytime Tools Angle Block Set 30-60-90 & 45-45-90 Precision +/- 20 Seconds, Machinist Tool, 2 Piece Set",other,<a_15><b_33><c_142>,<a_15>,<a_15><b_33>,1,0.0,0.0,999.0,0.0,0.0,31,1
1169,"Uxcell a12121300ux0202 Cutting Slotting End Mill Router Bit 4 Flute 1/4"" Shank 1/4"" Diameter",other,<a_193><b_19><c_131>,<a_193>,<a_193><b_19>,1,0.0,0.0,999.0,0.0,1.0,133,6
1173,"Lord & Hodge 1941-2063 1074-4 1/2"" Grommet KIT Refill",fastener,<a_71><b_203><c_144>,<a_71>,<a_71><b_203>,1,0.0,0.0,999.0,0.0,0.0,118,1
1185,"Cyalume Military Grade Combat Light Shield Device, 6-3/4"" Length x 1"" Width, For 6"" ChemLight and 6"" SnapLight Lightsticks",other,<a_153><b_51><c_55>,<a_153>,<a_153><b_51>,1,0.0,0.0,999.0,0.0,0.0,17,1
1189,"Scotch Super Thin Waterproof Vinyl Plastic Colored Tape, .75-Inch by 125-Inch, 5-Pack - 190T",tape,<a_202><b_197><c_84>,<a_202>,<a_202><b_197>,1,0.0,0.0,999.0,0.0,1.0,117,3
1190,5 Pcs Dual Row 5 Position Screw Terminal Strip 600V 15A,fastener,<a_73><b_87><c_52>,<a_73>,<a_73><b_87>,1,0.0,0.0,999.0,0.0,1.0,114,5
1196,"3M 3431 Yellow Micro Prismatic Sheeting Reflective Tape, 3"" x 5 yd (1 Roll)",tape,<a_68><b_176><c_63>,<a_68>,<a_68><b_176>,1,0.0,0.0,999.0,0.0,0.0,67,2
1199,"System Three Resins Rotfix Wood Restoration Rot Repair, 24-Ounce",adhesive_epoxy,<a_99><b_132><c_123>,<a_99>,<a_99><b_132>,1,0.0,0.0,999.0,0.0,0.0,32,2
1200,"Stainless Steel 304 Welded Round Tubing, 3/4"" OD, 0.652"" ID, 0.049"" Wall, 72"" Length",connector_fitting,<a_251><b_54><c_0>,<a_251>,<a_251><b_54>,1,0.0,0.0,49.0,0.0,1.0,92,3
1201,"Forearm Forklift Lifting and Moving Straps, Pink, Model L74995P",connector_fitting,<a_87><b_87><c_215>,<a_87>,<a_87><b_87>,1,0.0,0.0,999.0,0.0,1.0,71,1
1204,Loctite Extra Time Control Super Glue  4-Gram (1503241),adhesive_epoxy,<a_165><b_15><c_3>,<a_165>,<a_165><b_15>,1,0.0,0.0,999.0,0.0,0.0,72,2
1208,Intermatic K4121C 120-Volt Stem Mount Thermal Photocontrol,fastener,<a_109><b_173><c_3>,<a_109>,<a_109><b_173>,1,0.0,0.0,999.0,0.0,1.0,40,2
1214,"Steelgrip TA5105 Pick Up Tool, 36",other,<a_42><b_182><c_169>,<a_42>,<a_42><b_182>,1,0.0,0.0,999.0,0.0,0.0,100,1
1215,"Clear Polycarbonate Tubing, 1-1/8"" ID, 1-1/4"" OD, 1/16"" Wall, 3' Length",other,<a_228><b_194><c_156>,<a_228>,<a_228><b_194>,1,0.0,0.0,999.0,0.0,0.0,96,4
1216,Fluke 323 True-RMS Clamp Meter,gauge_meter,<a_36><b_176><c_70>,<a_36>,<a_36><b_176>,1,0.0,0.0,999.0,0.0,0.0,54,1
1226,"Intertape Polymer Group 600WP-300 Barricade Ribbon, 3-Inch x 300-Feet, Yellow/Black Wet Paint",tape,<a_68><b_126><c_96>,<a_68>,<a_68><b_126>,1,0.0,0.0,999.0,0.0,0.0,67,1
1229,Senco A209809 18-Gauge-by-5/8-Inch to 1-1/4-Inch Electro Galvanized Variety Pack Brads,fastener,<a_42><b_147><c_237>,<a_42>,<a_42><b_147>,1,0.0,0.0,999.0,0.0,0.0,100,1
1234,"Crest Complete Multi-Benefit Whitening + Scope Outlast, Mint Toothpaste - 7.6 Oz, Pack of 4",other,<a_66><b_132><c_136>,<a_66>,<a_66><b_132>,1,0.0,0.0,999.0,0.0,0.0,40,2
1236,"Milescraft 5300 Fluted Wood Dowel Pin, 1/4-Inch",fastener,<a_224><b_248><c_3>,<a_224>,<a_224><b_248>,1,0.0,0.0,999.0,0.0,1.0,191,3
1252,"3M Steri-Strip Reinforced Sterile Skin Closures, 10 Pack Variety Pack",3d_filament,<a_122><b_227><c_166>,<a_122>,<a_122><b_227>,1,0.0,0.0,999.0,0.0,0.0,35,1
1260,"Yost MAV-3.5 Multi-Angle Vise, 3.5",other,<a_24><b_90><c_162>,<a_24>,<a_24><b_90>,1,0.0,0.0,999.0,1.0,1.0,119,2
1261,"Starrett 1202F-6 Dial Caliper, Stainless Steel, White Face, 0-6"" Range, -0.001"" Accuracy, 0.010"" Resolution, Meets Specifications",gauge_meter,<a_17><b_75><c_1>,<a_17>,<a_17><b_75>,1,0.0,0.0,999.0,0.0,0.0,99,2
1265,"Gardner Bender 10-104 100PK Ring Terminal, 100 Pack, Blue",other,<a_67><b_49><c_7>,<a_67>,<a_67><b_49>,1,0.0,0.0,999.0,1.0,1.0,119,3
1269,"Deli Wrap Interfolded Wax Paper/Dry Waxed Food Liner Master Size 12"" x 10&frac34;"", 500 Sheets",other,<a_210><b_175><c_232>,<a_210>,<a_210><b_175>,1,0.0,0.0,999.0,0.0,0.0,95,1
1274,"Hot Max 26182 Mandrel and Cut Off Wheel Kit, 1/4-Inch Arbors",other,<a_193><b_46><c_186>,<a_193>,<a_193><b_46>,1,0.0,0.0,999.0,1.0,0.0,133,1
1287,Install Bay Copper Ring Terminal 2 Gauge 3/8 Inch 10 Pack - CUR238,other,<a_67><b_1><c_189>,<a_67>,<a_67><b_1>,1,0.0,0.0,999.0,0.0,1.0,119,4
1296,Craftsman 12004 6 Gallon 3 Peak HP Wet/Dry Vac,other,<a_24><b_2><c_80>,<a_24>,<a_24><b_2>,1,0.0,0.0,999.0,0.0,1.0,119,4
1297,"VORCOOL 60pcs 7mm, 10mm, 11mm, 14mm, 16mm, 17mm Spring Clips Fuel Hose Line Water Pipe Air Tube Clamps Fasteners",connector_fitting,<a_71><b_202><c_77>,<a_71>,<a_71><b_202>,1,0.0,0.0,999.0,1.0,0.0,118,1
1301,"BOSTITCH S10D-FH 28 Degree 3-Inch by .120-Inch Wire Weld Framing Nails (2,000 per Box)",adhesive_epoxy,<a_42><b_9><c_220>,<a_42>,<a_42><b_9>,1,0.0,0.0,999.0,0.0,0.0,100,2
1302,"Loctite 51147 C5-A Copper Based Anti-Seize, -30 to 1800 degrees F Temperature Range, 8 oz",adhesive_epoxy,<a_173><b_4><c_19>,<a_173>,<a_173><b_4>,1,0.0,0.0,999.0,0.0,1.0,64,1
1312,"KORAD KA3005P - Programmable Precision Variable Adjustable 30V, 5A DC Linear Power Supply Digital Regulated Lab Grade",other,<a_30><b_41><c_96>,<a_30>,<a_30><b_41>,1,0.0,0.0,999.0,0.0,0.0,68,1
1317,"RMP .125 6061 T6 Aluminum Sheet 12"" x 12",other,<a_251><b_18><c_3>,<a_251>,<a_251><b_18>,1,0.0,0.0,999.0,0.0,0.0,92,1
1321,"Pro Gaff Gaffers Tape 1 and 2 inch widths, 17 colors available, 2 inch, Brown",adhesive_epoxy,<a_202><b_25><c_114>,<a_202>,<a_202><b_25>,1,0.0,0.0,999.0,0.0,1.0,117,4
1327,Circuit-Test 22AWG Solid Hook Up Wire Kit - 6 x 25 Foot Rolls - Assorted Colors (10-HS22K6-25),other,<a_67><b_114><c_92>,<a_67>,<a_67><b_114>,1,0.0,0.0,999.0,1.0,0.0,119,1
1328,SOLOOP 280Pcs Assorted F/M Crimp Connectors Spade Terminal Insulated Electrical Wire Connector Kit Set,connector_fitting,<a_67><b_69><c_174>,<a_67>,<a_67><b_69>,1,0.0,0.0,999.0,1.0,0.0,119,1
1329,"LabExact 1200158 W33 Cellulose Weighing Paper Sheet, Nitrogen Free, Non-Absorbing, High-Gloss, 3 x 3 Inches (Pack of 500)",other,<a_229><b_246><c_41>,<a_229>,<a_229><b_246>,1,0.0,0.0,999.0,1.0,1.0,36,1
1338,"Install Bay BVST6 Spade Terminal Vinyl Connector 16/14 Gauge #6, Blue (100-Pack)",connector_fitting,<a_67><b_88><c_202>,<a_67>,<a_67><b_88>,1,0.0,0.0,999.0,1.0,0.0,119,1
1342,"Ten 1"" Inch Chrome Steel Bearing Balls G25",other,<a_71><b_104><c_14>,<a_71>,<a_71><b_104>,1,0.0,0.0,999.0,0.0,1.0,118,7
1347,Woodstock D4160 110-Volt Paddle Switch,fastener,<a_236><b_7><c_56>,<a_236>,<a_236><b_7>,1,0.0,0.0,999.0,0.0,0.0,84,1
1349,"Apache 99000233 3/4"" Fuel Swivel",3d_filament,<a_108><b_65><c_60>,<a_108>,<a_108><b_65>,1,0.0,0.0,999.0,0.0,1.0,143,2
1351,GRIDMANN NSF Stainless Steel Commercial Kitchen Prep & Work Table with Backsplash - 48 in. x 24 in.,other,<a_109><b_221><c_223>,<a_109>,<a_109><b_221>,1,0.0,0.0,999.0,0.0,0.0,40,1
1353,Forney 72395 Reducing Bushing Adapters for 3/4-Inch Thick Bench Grinding Wheels,connector_fitting,<a_224><b_53><c_25>,<a_224>,<a_224><b_53>,1,0.0,0.0,999.0,0.0,1.0,191,1
1365,"Karter Scientific 210P2 Safety Wash Bottle, Narrow Mouth, 500 mL Capacity, Polypropylene/Plastic (Pack of 6)",other,<a_206><b_145><c_160>,<a_206>,<a_206><b_145>,1,0.0,0.0,999.0,0.0,0.0,60,3
1367,BOSTITCH PT-2319-3M 3/4-Inch 23 Gauge Pin (3000 per Box),fastener,<a_42><b_218><c_202>,<a_42>,<a_42><b_218>,1,0.0,0.0,999.0,0.0,0.0,100,1
1369,"Accusize - 2"" Carbide Indexable End Mills, R8 Shank, with 3 TPG 322 Inserts, 3 Flute, 0046-0916",other,<a_17><b_167><c_223>,<a_17>,<a_17><b_167>,1,0.0,0.0,999.0,0.0,0.0,99,2
1370,Rubbermaid Commercial FG264600BLA Tandem Brute Trash Dolly,other,<a_210><b_229><c_97>,<a_210>,<a_210><b_229>,1,0.0,0.0,999.0,0.0,0.0,95,3
1372,FLIR CM174 True RMS 600A AC/DC Clamp Meter with IGM,gauge_meter,<a_107><b_181><c_170>,<a_107>,<a_107><b_181>,1,0.0,0.0,999.0,0.0,0.0,66,1
1380,Dremel 9933 Structured Tooth Tungsten Carbide Cutter,adhesive_epoxy,<a_193><b_198><c_164>,<a_193>,<a_193><b_198>,1,0.0,0.0,999.0,0.0,1.0,133,1
1391,"Seek Thermal Reveal Thermal Imaging Camera and LED Light, Blue",other,<a_107><b_104><c_143>,<a_107>,<a_107><b_104>,1,0.0,0.0,999.0,1.0,0.0,66,1
1394,"Dremel SM520c 3-Inch Masonry Cut-Off Wheel, 3-Pack",other,<a_193><b_186><c_178>,<a_193>,<a_193><b_186>,1,0.0,0.0,999.0,1.0,1.0,133,2
1395,KREG Tools SSW Kreg Screw Selector Wheel. Woodworking,connector_fitting,<a_224><b_238><c_205>,<a_224>,<a_224><b_238>,1,0.0,0.0,12.0,0.0,1.0,191,2
1396,Tach-It SWTH Stretch Wrap Cups with Tension Control,other,<a_170><b_107><c_84>,<a_170>,<a_170><b_107>,1,0.0,0.0,999.0,1.0,0.0,25,1
1397,"Electrical Tape 3/4"" x 66' UL/CSA several colors.",adhesive_epoxy,<a_202><b_114><c_146>,<a_202>,<a_202><b_114>,1,0.0,0.0,999.0,0.0,0.0,117,1
1407,PowerSmith PAVC101 10 Amp Ash Vacuum,connector_fitting,<a_109><b_238><c_121>,<a_109>,<a_109><b_238>,1,0.0,0.0,999.0,1.0,1.0,40,1
1422,Gardner Bender TK-175 Electrical Solderless Terminal Kit,other,<a_67><b_177><c_254>,<a_67>,<a_67><b_177>,1,0.0,0.0,999.0,0.0,0.0,119,1
1426,"PC Products 72561 PC-Concrete Two-Part Epoxy Adhesive Paste for Anchoring and Crack Repair, 8.6 oz Cartridge, Gray",adhesive_epoxy,<a_165><b_209><c_233>,<a_165>,<a_165><b_209>,1,0.0,0.0,999.0,0.0,1.0,72,1
1427,"Valterra W01-1600PB Clear Vinyl Tubing - 1/2"" x 10'",other,<a_228><b_189><c_82>,<a_228>,<a_228><b_189>,1,0.0,0.0,999.0,0.0,0.0,96,1
1433,"Frost King Available R534H Sponge Rubber Foam Tape 5/16-Inch, Black, 3/4"" W, 5/16"" T, 10 ft L",tape,<a_202><b_16><c_147>,<a_202>,<a_202><b_16>,1,0.0,0.0,999.0,0.0,1.0,117,2
1439,Pentek 151122 OR-100 Buna-N O-ring for Big Blue Housings,other,<a_52><b_209><c_125>,<a_52>,<a_52><b_209>,1,0.0,0.0,21.0,0.0,1.0,28,2
1451,"Southco C3-810 Series Passivated Plastic Grabber Catch Side Mount Concealed Push-To-Close Latch with Black Spring, 44N Pullup, Black",fastener,<a_71><b_43><c_142>,<a_71>,<a_71><b_43>,1,0.0,0.0,999.0,0.0,1.0,118,2
1455,Absolute USA MQD1614B 16/14 Gauge Nylon Fully Insulated Male Quick Disconnects (Blue),other,<a_23><b_202><c_201>,<a_23>,<a_23><b_202>,1,0.0,0.0,999.0,1.0,1.0,50,2
1458,"Swan 0100003 99% Isopropyl Alcohol Antiseptic Solution, 16 oz. (Pack of 12)",other,<a_44><b_122><c_52>,<a_44>,<a_44><b_122>,1,0.0,0.0,999.0,0.0,0.0,65,1
1464,"GOOACC ZIP3040 GRC-55 SE Self Lock Bag Set Single Zipper ZB34, 100 Piece",other,<a_210><b_9><c_244>,<a_210>,<a_210><b_9>,1,0.0,0.0,999.0,0.0,0.0,95,3
1469,National Hardware N278-309 V7710 Wire Nail in Galvanized,fastener,<a_71><b_102><c_21>,<a_71>,<a_71><b_102>,1,0.0,0.0,999.0,0.0,1.0,118,2
1479,"Deflecto Early Warning Road Safety Triangle Kit, Reflective, 3-Pack (73-0711-00)",other,<a_15><b_65><c_246>,<a_15>,<a_15><b_65>,1,0.0,0.0,999.0,1.0,0.0,31,1
1482,Propylene Glycol 1 Quart - USP - KOSHER - PURE,other,<a_150><b_98><c_251>,<a_150>,<a_150><b_98>,1,0.0,0.0,999.0,0.0,1.0,116,3
1490,"Pyrex 1003-250CN Heavy Duty Griffin 1003 250mL Beaker Double Scale Grad, Glass",other,<a_94><b_172><c_115>,<a_94>,<a_94><b_172>,1,0.0,0.0,999.0,0.0,1.0,111,3
1491,Hantek 2X 200MHz Oscilloscope Switchable Clip Probes with Accessory Kit,fastener,<a_36><b_102><c_72>,<a_36>,<a_36><b_102>,1,0.0,0.0,999.0,0.0,1.0,54,2
1493,"Apache 98441022 1/4"" Quick Disconnect Pressure Washer Adapter Set",connector_fitting,<a_108><b_142><c_250>,<a_108>,<a_108><b_142>,1,0.0,0.0,999.0,0.0,1.0,143,2
1501,"CREST COOL MINT GEL , Cool Mint, 6.4 oz",other,<a_66><b_181><c_227>,<a_66>,<a_66><b_181>,1,0.0,0.0,999.0,0.0,0.0,40,1
1506,"Loctite Vinyl, Fabric and Plastic Repair Adhesive 1-Ounce Tube (1360694)",adhesive_epoxy,<a_165><b_243><c_145>,<a_165>,<a_165><b_243>,1,0.0,0.0,999.0,0.0,1.0,72,1
1514,Hilitchi 360pcs M2 M3 M4 Male Female Brass Spacer Standoff Screw Nut Assortment Kit,fastener,<a_224><b_1><c_221>,<a_224>,<a_224><b_1>,1,0.0,0.0,999.0,0.0,0.0,191,2
1516,"Plymor 3"" x 5"", 4 Mil (Pack of 100) Heavy Duty Plastic Reclosable Zipper Bags",other,<a_210><b_219><c_63>,<a_210>,<a_210><b_219>,1,0.0,0.0,999.0,1.0,0.0,95,10
1525,Pentek 150296 SW-3 Wrench for #10 Big Blue Housings,other,<a_52><b_209><c_25>,<a_52>,<a_52><b_209>,1,0.0,0.0,999.0,1.0,1.0,28,2
1526,Genova Products 31410CP 1-Inch PVC Pipe Tee - 10 Pack,connector_fitting,<a_108><b_81><c_52>,<a_108>,<a_108><b_81>,1,0.0,0.0,999.0,0.0,0.0,143,1
1528,Wedge-It - The Ultimate Door Stop - Black,other,<a_170><b_84><c_153>,<a_170>,<a_170><b_84>,1,0.0,0.0,999.0,1.0,0.0,25,1
1560,"Rock-N-Roller R10RT (Max) 8-in-1 Folding Multi-Cart/Hand Truck/Dolly/Platform Cart/34"" to 52"" Telescoping Frame/500 lbs. Load Capacity, Black",other,<a_87><b_82><c_219>,<a_87>,<a_87><b_82>,1,0.0,0.0,999.0,0.0,0.0,71,2
1564,"MG Chemicals Red Insulating Varnish, 225 mL Can",other,<a_79><b_137><c_124>,<a_79>,<a_79><b_137>,1,0.0,0.0,999.0,1.0,1.0,60,1
1565,Westek SLC4CG Gray Automatic Photocell Sensor Control,fastener,<a_109><b_253><c_82>,<a_109>,<a_109><b_253>,1,0.0,0.0,999.0,0.0,1.0,40,1
1567,Pro-Lift B-004D Grey Hydraulic Bottle Jack - 4 Ton Capacity,fastener,<a_87><b_37><c_6>,<a_87>,<a_87><b_37>,1,0.0,0.0,999.0,0.0,0.0,71,4
1573,"HATCHBOX PLA 3D Printer Filament, Dimensional Accuracy +/- 0.03 mm, 1 kg Spool, 1.75 mm, Orange",3d_filament,<a_223><b_198><c_214>,<a_223>,<a_223><b_198>,1,0.0,0.0,999.0,0.0,0.0,247,47
1582,Ginsco 100pcs Insulated Heat Shrink Waterproof Butt Connectors Wire electrical 10-22 AWG Kit,connector_fitting,<a_67><b_243><c_152>,<a_67>,<a_67><b_243>,1,0.0,0.0,999.0,0.0,0.0,119,2
1587,Uxcell a14032100ux0438 1m Long Alligator Clip Electrical Clamp Insulated Test Lead Cable Pair,other,<a_211><b_35><c_182>,<a_211>,<a_211><b_35>,1,0.0,0.0,999.0,0.0,0.0,45,2
1592,"SharkNinja Canister Upright Vacuum, TruePet Mini-Motorized Brush, Bordeaux",3d_filament,<a_24><b_170><c_235>,<a_24>,<a_24><b_170>,1,0.0,0.0,999.0,0.0,1.0,119,2
1601,"E-Projects EPC-103 16 Value Resistor Kit, 10 Ohm - 1M Ohm (Pack of 400)",other,<a_73><b_56><c_30>,<a_73>,<a_73><b_56>,1,0.0,0.0,999.0,0.0,0.0,114,6
1607,"Rubbermaid Commercial Products Slim Jim Trash Can Waste Receptacle with Venting Channels, 23 Gallons, Gray (FG354060GRAY)",other,<a_210><b_98><c_128>,<a_210>,<a_210><b_98>,1,0.0,0.0,999.0,0.0,1.0,95,4
1609,"3M 38191 Static Mixing Nozzle for 50 ml Cartridges, 12 Nozzles",3d_filament,<a_99><b_151><c_211>,<a_99>,<a_99><b_151>,1,0.0,0.0,999.0,0.0,1.0,32,1
1611,Supereyes Hook Magnet Side View Mirror Set for Borescope Endoscope N005 N013J,other,<a_180><b_5><c_77>,<a_180>,<a_180><b_5>,1,0.0,0.0,999.0,0.0,1.0,81,1
1612,"Red Devil 0820 100 Percent Silicone Sealant Architectural Grade, Clear, 2.8-Ounce",adhesive_epoxy,<a_244><b_195><c_137>,<a_244>,<a_244><b_195>,1,0.0,0.0,999.0,1.0,0.0,72,1
1615,"ClearlyBags Reclosable Plastic Bag 3""x5"" 6-mil Zip Lock pk/100",other,<a_210><b_3><c_29>,<a_210>,<a_210><b_3>,1,0.0,0.0,999.0,0.0,0.0,95,2
1622,"KORAD KA3005D - Precision Variable Adjustable 30V, 5A DC Linear Power Supply Digital Regulated Lab Grade",other,<a_30><b_149><c_236>,<a_30>,<a_30><b_149>,1,0.0,0.0,999.0,0.0,1.0,68,2
1632,Karter Scientific PIPETTE PUMP 25ml Red,other,<a_94><b_34><c_87>,<a_94>,<a_94><b_34>,1,0.0,0.0,999.0,1.0,1.0,111,1
1638,Uxcell a14062100ux0345 2PCS K Type 0-400C Temperature Sensor Thermocouple Probe 2 Meter 6.6Ft (Pack of 2),gauge_meter,<a_211><b_169><c_66>,<a_211>,<a_211><b_169>,1,0.0,0.0,999.0,0.0,0.0,45,1
1639,"Perfect-Prime TC41, 4-Channel K-Type Digital Thermometer Thermocouple Sensor -200~1372&deg;C/2501&deg;F",gauge_meter,<a_211><b_75><c_21>,<a_211>,<a_211><b_75>,1,0.0,0.0,999.0,0.0,1.0,45,1
1641,"XFasten Anti Slip Tape, 4-Inch by 15-Foot Pet-Safe, Hypo-Allergenic, Weather proof and Non Skid Indoor and Outdoor Safety Track Tape",tape,<a_206><b_72><c_172>,<a_206>,<a_206><b_72>,1,0.0,0.0,999.0,0.0,1.0,60,1
1642,"Nylon Tube Brush Set Nylon Cleaning Brushes 20 pieces for Drinking Straws Glasses Keyboards Jewelry Cleaning,Antistatic Brushes,Beaker Cleaning Brushes",3d_filament,<a_24><b_115><c_171>,<a_24>,<a_24><b_115>,1,0.0,0.0,999.0,0.0,1.0,119,3
1644,O-Cedar Heavy Duty Scrunge Scrub Sponge (Pack of 6),other,<a_24><b_38><c_64>,<a_24>,<a_24><b_38>,1,0.0,0.0,999.0,0.0,0.0,119,2
1653,Seville Classics Commercial NSF Stainless Steel Top Worktable 49 x 24 inches,other,<a_109><b_106><c_6>,<a_109>,<a_109><b_106>,1,0.0,0.0,999.0,1.0,1.0,40,1
1665,"X-Treme Tape TPE-XZLW Silicone Rubber Self Fusing Tape, 1"" x 10', Triangular, White",tape,<a_202><b_198><c_139>,<a_202>,<a_202><b_198>,1,0.0,0.0,999.0,1.0,1.0,117,10
1667,CloSYS Trial Size Intro Kit TSA Compliant,other,<a_52><b_156><c_106>,<a_52>,<a_52><b_156>,1,0.0,0.0,999.0,0.0,1.0,28,1
1668,Philips Sonicare Easy Clean Sonic Electric Toothbrush,other,<a_197><b_165><c_141>,<a_197>,<a_197><b_165>,1,0.0,0.0,999.0,0.0,1.0,60,4
1674,"Gardner Bender GSW-42  Electrical Appliance Rocker Switch, SPST, ON-OFF, 16 A/125V AC, Spade Terminal,  Red Illuminated",other,<a_236><b_106><c_221>,<a_236>,<a_236><b_106>,1,0.0,0.0,999.0,0.0,0.0,84,4
1679,Chemical Guys AIR_102_04 Premium Air Freshener and Odor Eliminator with Leather Scent (4 oz),other,<a_173><b_112><c_33>,<a_173>,<a_173><b_112>,1,0.0,0.0,999.0,0.0,0.0,64,1
1682,Precision Applicators - Dispense Pack by Rockler,adhesive_epoxy,<a_150><b_142><c_167>,<a_150>,<a_150><b_142>,1,0.0,0.0,999.0,1.0,1.0,116,1
1683,microtivity IL142 5mm Diffused Blue LED w/ Resistors (Pack of 30),other,<a_73><b_141><c_11>,<a_73>,<a_73><b_141>,1,0.0,0.0,999.0,1.0,0.0,114,6
1691,Water Pressure Regulator. Brass Lead-free Adjustable Water Pressure Reducer for Rv with Guage. Includes Inlet Screened Filter. Model A01-1117tm,fastener,<a_52><b_222><c_75>,<a_52>,<a_52><b_222>,1,0.0,0.0,999.0,0.0,0.0,28,1
1696,"Deflecto Worm Drive Clamp, 3"" Diameter, Metal (MC325)",other,<a_193><b_239><c_110>,<a_193>,<a_193><b_239>,1,0.0,0.0,999.0,0.0,0.0,133,1
1697,American Terminal E-FMY250N-100 12/10-Gauge Economy Nylon Fully-Insulated Male Quick Disconnects,other,<a_67><b_56><c_202>,<a_67>,<a_67><b_56>,1,0.0,0.0,999.0,0.0,0.0,119,8
1701,Parts Express Nickel Plated Pin Switch w/Polycarb Plunger and Rubber Boot,other,<a_236><b_3><c_174>,<a_236>,<a_236><b_3>,1,0.0,0.0,999.0,0.0,0.0,84,1
1702,"Kerick Valve MA252 PVC Mini Float Valve, Tank Mount, Adjustable Arm, 1.5 gpm at 60 psi, 1/4"" Tube",connector_fitting,<a_197><b_113><c_175>,<a_197>,<a_197><b_113>,1,0.0,0.0,999.0,0.0,0.0,60,1
1703,"Inkbird ITC-1000 Dual Stage Digital Temperature Controller Fahrenheit  Celsius Thermostat with Sensor for 3D Printer,Freezer,Fridge,Hatching ect (110 Volt)",3d_filament,<a_107><b_35><c_115>,<a_107>,<a_107><b_35>,1,0.0,0.0,999.0,0.0,1.0,66,7
1704,"ABN 180 Piece SAE Rubber Grommet Assortment 7/8&rdquo;, 5/8&rdquo;, 5/16&rdquo;, 7/16&rdquo;, 3/8&rdquo;, &frac14;&rdquo;, &frac12;&rdquo;, and 1 Inch Sizes",other,<a_17><b_0><c_125>,<a_17>,<a_17><b_0>,1,0.0,0.0,999.0,0.0,1.0,99,1
1708,Dow Corning Vacuum Lubricant 5.3oz Tube,other,<a_173><b_202><c_249>,<a_173>,<a_173><b_202>,1,0.0,0.0,999.0,0.0,1.0,64,1
1710,AmScope 50pc Pre-Cleaned Blank Ground Edge Glass Microscope Slides and 100pc Pre-Cleaned Square Glass Cover Slips Coverslips,other,<a_14><b_90><c_222>,<a_14>,<a_14><b_90>,1,0.0,0.0,999.0,0.0,0.0,39,1
1711,"Heathrow Scientific HD15994G Black Cork Lined 100 Place Microscope Slide Box, 8.25"" Length x 7"" Width x 1.3"" Height",other,<a_14><b_246><c_237>,<a_14>,<a_14><b_246>,1,0.0,0.0,999.0,1.0,0.0,39,1
1721,Bob Smith 206 Slow-Cure 9oz Epoxy,adhesive_epoxy,<a_99><b_99><c_166>,<a_99>,<a_99><b_99>,1,0.0,0.0,999.0,0.0,0.0,32,1
1734,SOLOOP 328Pcs 8 Sizes Assortment 2:1 Heat Shrink Tube Tubing Sleeve Wrap Wire Kit Set,other,<a_228><b_118><c_101>,<a_228>,<a_228><b_118>,1,0.0,0.0,999.0,1.0,1.0,96,1
1735,"Apache 98108455 3/4"" x 12' Farm Fuel Transfer Hose with Static Wire",connector_fitting,<a_108><b_65><c_211>,<a_108>,<a_108><b_65>,1,0.0,0.0,999.0,0.0,0.0,143,2
1736,"Swordfish 31170 Lynch Pin Assortment Kit, 50 Piece",fastener,<a_71><b_100><c_245>,<a_71>,<a_71><b_100>,1,0.0,0.0,999.0,0.0,1.0,118,1
1738,"Aluminum 6061-T6 Seamless Round Tubing, WW-T 700/6, 1-1/4"" OD, 1.18"" ID, 0.035"" Wall, 24"" Length",connector_fitting,<a_251><b_0><c_174>,<a_251>,<a_251><b_0>,1,0.0,0.0,999.0,0.0,1.0,92,3
1741,"Remington Industries 20UL1007STRKIT UL1007 20 AWG Gauge Stranded Hook-Up Wire Kit, 300V, 0.0320"" Diameter, 25' Length",other,<a_67><b_152><c_96>,<a_67>,<a_67><b_152>,1,0.0,0.0,999.0,1.0,0.0,119,11
1743,Loctite 19269 7649 Primer N Activator,adhesive_epoxy,<a_165><b_150><c_179>,<a_165>,<a_165><b_150>,1,0.0,0.0,999.0,0.0,1.0,72,1
1757,"3 PCS Mechanical End Stop with Wiring for CNC Machine or RepRap 3D printer, compatible with RAMPS",3d_filament,<a_158><b_170><c_223>,<a_158>,<a_158><b_170>,1,0.0,0.0,999.0,1.0,0.0,109,1
1770,"Neiko 10189A Titanium Step Drill Bit, High Speed Steel | 7/16"" to 1-1/8"" | Total 12 Step Sizes.",other,<a_224><b_17><c_92>,<a_224>,<a_224><b_17>,1,0.0,0.0,24.0,0.0,1.0,191,3
1772,"Dixon Valve HHP2M Brass Fitting, Hex Head Plug, 1/4"" NPT Male",connector_fitting,<a_108><b_215><c_36>,<a_108>,<a_108><b_215>,1,0.0,0.0,999.0,0.0,1.0,143,1
1776,"Plastic pH Test Strips, Universal Application (pH 0-14), 100 strips",test_strip,<a_94><b_166><c_115>,<a_94>,<a_94><b_166>,1,0.0,0.0,999.0,0.0,1.0,111,5
1777,Supco RCO810 3 n' 1 START Hard Start Kit,other,<a_109><b_109><c_31>,<a_109>,<a_109><b_109>,1,0.0,0.0,999.0,1.0,1.0,40,1
1783,The Bulldog Hardware 131588 Peg-A-System Ultimate Kit,connector_fitting,<a_206><b_246><c_38>,<a_206>,<a_206><b_246>,1,0.0,0.0,999.0,0.0,1.0,60,3
1785,"microtivity IL184 5mm Assorted Clear LED w/ Resistors (6 Colors, Pack of 60)",other,<a_73><b_141><c_2>,<a_73>,<a_73><b_141>,1,0.0,0.0,999.0,0.0,0.0,114,6
1788,"Shoe GOO&reg; Adhesive, 3.7 fl oz",adhesive_epoxy,<a_122><b_52><c_0>,<a_122>,<a_122><b_52>,1,0.0,0.0,999.0,1.0,0.0,35,2
1793,Matter and Form MFS1V1 3D Scanner,3d_filament,<a_91><b_248><c_91>,<a_91>,<a_91><b_248>,1,0.0,0.0,999.0,1.0,0.0,72,2
1794,"Filabot 910175 Taulman 910 Alloy, 1.75"" Filament Diameter, Natural",3d_filament,<a_223><b_16><c_129>,<a_223>,<a_223><b_16>,1,0.0,0.0,999.0,1.0,0.0,247,1
1798,"3M Dual Lock Reclosable Fastener TB3550 250/250 Black, 1 in x 10 ft (1 Mated Strip/Bag)",adhesive_epoxy,<a_68><b_32><c_235>,<a_68>,<a_68><b_32>,1,0.0,0.0,999.0,0.0,0.0,67,5
1799,"Grip Rite PTN212S1, Grey",fastener,<a_42><b_158><c_169>,<a_42>,<a_42><b_158>,1,0.0,0.0,999.0,1.0,0.0,100,1
1812,Alligator Test Lead Clip To Banana Plug Probe Cable 90cm,other,<a_211><b_8><c_147>,<a_211>,<a_211><b_8>,1,0.0,0.0,999.0,1.0,0.0,45,1
1814,"sunkee 12 Value (1uf-470UF) 120 pcs Electrolytic Capacitors kit,50V1UF,each 10 pcs",other,<a_236><b_183><c_138>,<a_236>,<a_236><b_183>,1,0.0,0.0,999.0,0.0,0.0,84,2
1815,uxcell 10 Pcs 1x40 Pin 2.54mm Pitch Straight Single Row PCB Female Headers,connector_fitting,<a_73><b_160><c_27>,<a_73>,<a_73><b_160>,1,0.0,0.0,999.0,0.0,0.0,114,1
1816,"Proimb 300pcs M2 M3 Nylon Hex Nuts Screws Spacers Stand-off Plastic Accessories Assortment White, Black",fastener,<a_224><b_218><c_2>,<a_224>,<a_224><b_218>,1,0.0,0.0,999.0,0.0,1.0,191,3
1818,Baomain Red Female Insulated Spade Wire Connector Electrical Crimp Terminal 18-22 AWG 2.8 x 0.5mm 100 Pack,connector_fitting,<a_67><b_73><c_245>,<a_67>,<a_67><b_73>,1,0.0,0.0,999.0,1.0,1.0,119,1
1820,Uxcell a14041800ux1143 25Pcs Double Sided Protoboard Prototyping Pcb Board 4cm x 6cm,other,<a_73><b_234><c_141>,<a_73>,<a_73><b_234>,1,0.0,0.0,999.0,1.0,0.0,114,1
1821,Uxcell a12081600ux0477 12 mm Diameter 5 Piece DC 5V 2 Terminals Electronic Continuous Sound Buzzer,other,<a_73><b_233><c_141>,<a_73>,<a_73><b_233>,1,0.0,0.0,999.0,0.0,0.0,114,1
1823,"O1 Tool Steel Round Rod, Polished Finish, Precision Ground, Annealed, Metric, 4 mm Diameter, 36"" Length",other,<a_17><b_129><c_91>,<a_17>,<a_17><b_129>,1,0.0,0.0,999.0,1.0,1.0,99,1
1825,TEMCo 30 AWG Copper Magnet Wire - 2 oz 392 ft 155&deg;C Magnetic Coil Red,other,<a_251><b_228><c_9>,<a_251>,<a_251><b_228>,1,0.0,0.0,14.0,1.0,0.0,92,8
1829,JYE DSO 138 DIY KIT (13801K) Open Source,other,<a_30><b_204><c_33>,<a_30>,<a_30><b_204>,1,0.0,0.0,999.0,1.0,0.0,68,1
1832,uxcell 5 Pieces ZP4510 Liquid Water Level Sensor Vertical Float Switches,other,<a_236><b_154><c_181>,<a_236>,<a_236><b_154>,1,0.0,0.0,999.0,1.0,0.0,84,1
1841,"Karter Scientific 211Z3 Standard Microscope Cover Slip, 1 Thick, 22x22mm (Pack of 200)",other,<a_14><b_169><c_193>,<a_14>,<a_14><b_169>,1,0.0,0.0,999.0,0.0,0.0,39,1
1842,Lifegard Aquatics 1/2-Inch Bulkhead Fitting Kit,connector_fitting,<a_108><b_123><c_221>,<a_108>,<a_108><b_123>,1,0.0,0.0,999.0,0.0,1.0,143,2
1856,Sharps Container Biohazard Needle Disposal 1 Qt Size - 2 Pack,other,<a_44><b_97><c_11>,<a_44>,<a_44><b_97>,1,0.0,0.0,999.0,0.0,1.0,65,1
1862,"The Hillman Group 370326 Ribbed Plastic Anchor, 4-6-8 X 7/8-Inch, Yellow, 100-Pack",tape,<a_224><b_104><c_4>,<a_224>,<a_224><b_104>,1,0.0,0.0,999.0,0.0,0.0,191,3
1868,"RioRand LCD Module for Arduino 20 x 4, White on Blue",other,<a_30><b_97><c_249>,<a_30>,<a_30><b_97>,1,0.0,0.0,999.0,1.0,0.0,68,1
1869,"Cambridge Electrical Tape Black 3/4 Inch By 66 Feet Per Roll, 6 Rolls Professional Grade, UL Listed",tape,<a_202><b_40><c_109>,<a_202>,<a_202><b_40>,1,0.0,0.0,999.0,0.0,1.0,117,1
1872,"ATP Vinyl-Flex PVC Food Grade Plastic Tubing, Clear, 1/8"" ID x 1/4"" OD, 100 feet Length",other,<a_228><b_40><c_96>,<a_228>,<a_228><b_40>,1,0.0,0.0,999.0,0.0,1.0,96,5
1875,"Grip Rite Prime Guard MAXS62713 T-25 Star Type 17 Point Stainless Steel Deck Screw, 10X3-Inch, 1-lb, Pack of 68",fastener,<a_224><b_79><c_67>,<a_224>,<a_224><b_79>,1,0.0,0.0,999.0,0.0,0.0,191,1
1905,"Durachoice 3/8"" Mini Brass Ball Valve - Chrome Plated Female x Male NPT",connector_fitting,<a_108><b_114><c_177>,<a_108>,<a_108><b_114>,1,0.0,0.0,999.0,1.0,0.0,143,2
1906,"Spears 1406 Series PVC Tube Fitting, 90 Degree Elbow, Schedule 40, Gray, 1/2"" Barbed",connector_fitting,<a_108><b_49><c_56>,<a_108>,<a_108><b_49>,1,0.0,0.0,999.0,0.0,0.0,143,5
1910,Uxcell s14100400am3045 1 Meter 50mm Dia Ratio 2:1 Heat Shrinkable Shrinking Tube Black (Pack of 1),connector_fitting,<a_228><b_245><c_1>,<a_228>,<a_228><b_245>,1,0.0,0.0,999.0,0.0,0.0,96,3
1911,uxcell 1 Meter 65 Flat width 40mm Dia Ratio 2:1 Heat Shrinkable Shrinking Tube Black,connector_fitting,<a_228><b_137><c_88>,<a_228>,<a_228><b_137>,1,0.0,0.0,34.0,0.0,0.0,96,1
1912,uxcell 35mm Dia 1 Meters Black Polyolefin Heat Shrinking Shrinkable Tubing Tubes,connector_fitting,<a_228><b_32><c_160>,<a_228>,<a_228><b_32>,1,0.0,0.0,36.0,1.0,1.0,96,3
1915,"DROK 0.56"" 5 Digit Four Wires +/- 0-10.000A DC Digital Ammeter Panel Amps Gauge with Red Led Digital Display",gauge_meter,<a_36><b_36><c_192>,<a_36>,<a_36><b_36>,1,0.0,0.0,999.0,0.0,0.0,54,1
1919,"Anvil 8700163903, Malleable Iron Pipe Fitting, Floor Flange, 3/4"" NPT Female, Black Finish",tape,<a_108><b_79><c_148>,<a_108>,<a_108><b_79>,1,0.0,0.0,999.0,0.0,1.0,143,3
1921,"Rok Hardware #6 x 5/8"" Flat Head Phillips Deep Thread Wood Screws Nickel (Zinc Finish) - Super Value 100 Pack",fastener,<a_224><b_95><c_10>,<a_224>,<a_224><b_95>,1,0.0,0.0,999.0,0.0,0.0,191,3
1922,"5 Inch 1500 Grit High Performance Hook and Loop Wet / Dry Film Sanding Discs, 10 Pack",other,<a_68><b_137><c_112>,<a_68>,<a_68><b_137>,1,0.0,0.0,999.0,0.0,1.0,67,1
1924,Wax Buffing Brush - Drill,connector_fitting,<a_24><b_225><c_196>,<a_24>,<a_24><b_225>,1,0.0,0.0,999.0,0.0,1.0,119,1
1930,"Capri Tools CP20003 Platinum Series Fractional Digital Caliper with Extra Large LCD Screen, 12-Inch",gauge_meter,<a_104><b_165><c_156>,<a_104>,<a_104><b_165>,1,0.0,0.0,999.0,1.0,1.0,60,2
1936,MaxxHaul 70073 Solid Rubber Heavy Duty Wheel Chock with Eyebolt,fastener,<a_87><b_242><c_177>,<a_87>,<a_87><b_242>,1,0.0,0.0,999.0,0.0,1.0,71,3
1943,Heavy Duty Bat Handle Momentary Toggle Switch - DPDT / (On) - Off - (On) : 30-050,other,<a_236><b_229><c_162>,<a_236>,<a_236><b_229>,1,0.0,0.0,999.0,1.0,1.0,84,2
1956,"Karter Scientific Glass Flask 5 Piece Set, Narrow Mouth Erlenmeyer, Borosilicate 3.3 Glass - 50ml, 150ml, 250ml, 500ml, 1L, 213B2",other,<a_94><b_26><c_15>,<a_94>,<a_94><b_26>,1,0.0,0.0,31.0,1.0,0.0,111,2
1963,"Non-GMO Project Verified Citric Acid - 1 Pound - Organic, 100% Pure - Alpha Chemicals",other,<a_206><b_204><c_231>,<a_206>,<a_206><b_204>,1,0.0,0.0,999.0,1.0,0.0,60,3
1977,All Industrial 52502 | Pro-Shop Magnetic Base for Dial and Test Indicators,other,<a_104><b_5><c_245>,<a_104>,<a_104><b_5>,1,0.0,0.0,999.0,0.0,1.0,60,2
1982,"Plymor 6"" x 9"", 4 Mil (Pack of 100) Heavy Duty Plastic Reclosable Zipper Bags",other,<a_210><b_219><c_10>,<a_210>,<a_210><b_219>,1,0.0,0.0,22.0,0.0,0.0,95,10
1983,"Plymor 6"" x 9"", 4 Mil (Case of 1000) Heavy Duty Plastic Reclosable Zipper Bags",other,<a_210><b_219><c_1>,<a_210>,<a_210><b_219>,1,0.0,0.0,999.0,0.0,0.0,95,10
1990,LeHigh Crawford 32-Piece Locking Peg Hook Assortment #1832A,fastener,<a_71><b_188><c_152>,<a_71>,<a_71><b_188>,1,0.0,0.0,999.0,0.0,1.0,118,2
1997,Capri Tools 20004 Mini Digital Height Gauge,3d_filament,<a_104><b_238><c_189>,<a_104>,<a_104><b_238>,1,0.0,0.0,999.0,0.0,0.0,60,2
2003,Stanley Hardware S701-440 SC311 Continuous Hinge in Brass,fastener,<a_71><b_247><c_84>,<a_71>,<a_71><b_247>,1,0.0,0.0,999.0,0.0,0.0,118,1
2007,"TashiBox Thank You Bags Reusable Grocery Bags - Measures 11.5"" X 6.25"" X 21"", 15mic, 0.6 Mil - 308 Count",other,<a_210><b_105><c_213>,<a_210>,<a_210><b_105>,1,0.0,0.0,999.0,1.0,0.0,95,1
2017,Black Anti Slip Safety Grit Non Slip Tape - Highest Traction 60' Feet Many Sizes (2 inch width),tape,<a_122><b_205><c_146>,<a_122>,<a_122><b_205>,1,0.0,0.0,999.0,0.0,1.0,35,2
2018,"TP-LINKTL-ANT24EC5S 5m/16ft Antenna Extension Cable, RP-SMA Male to Female connector",connector_fitting,<a_211><b_49><c_14>,<a_211>,<a_211><b_49>,1,0.0,0.0,999.0,0.0,0.0,45,1
2019,"Arrow Fastener 608 Wide Crown Swingline Style Heavy Duty 1/2-Inch Staples, 1000-Pack",fastener,<a_42><b_46><c_65>,<a_42>,<a_42><b_46>,1,0.0,0.0,999.0,0.0,1.0,100,2
2022,"Arrow Fastener 259 Genuine T25/T2025 9/16-Inch Staples, 1,000-Pack",fastener,<a_42><b_251><c_218>,<a_42>,<a_42><b_251>,1,0.0,0.0,999.0,0.0,1.0,100,3
2025,"Torin Big Red Hydraulic Stubby Bottle Jack, 12 Ton Capacity",other,<a_87><b_37><c_0>,<a_87>,<a_87><b_37>,1,0.0,0.0,999.0,0.0,1.0,71,4
2031,"Amlong Crystal 6"" Optical Glass Triangular Prism for Teaching Light Spectrum Physics and Photo Photography Prism, 150mm",other,<a_180><b_51><c_185>,<a_180>,<a_180><b_51>,1,0.0,0.0,999.0,1.0,1.0,81,2
2033,uxcell Wire Wrap Sleeve 2mm Dia 30mm Long Heat Shrink Tubing 280pcs Black,connector_fitting,<a_228><b_32><c_233>,<a_228>,<a_228><b_32>,1,0.0,0.0,999.0,0.0,1.0,96,3
2041,"Polycarbonate Tubing, 1/2"" ID x 5/8"" OD x 1/16"" Wall, Clear Color 24"" L",connector_fitting,<a_228><b_194><c_109>,<a_228>,<a_228><b_194>,1,0.0,0.0,999.0,0.0,1.0,96,4
2042,"Eaton Weatherhead 3750X4 Brass CA360 Fitting, Street Tee, 1/4""NPT Female x NPT Male x NPT Female",connector_fitting,<a_158><b_147><c_66>,<a_158>,<a_158><b_147>,1,0.0,0.0,999.0,0.0,1.0,109,3
2043,"EFIXTK 3PCS Mini Solderless Breadboard,400 Ties Clear Circuit PCB Board Kit for Proto Shield Circboard Prototyping",tape,<a_73><b_19><c_203>,<a_73>,<a_73><b_19>,1,0.0,0.0,999.0,0.0,0.0,114,1
2051,Sticky Ass Tape SAT 1.81-Inch by 35 yards Tape,adhesive_epoxy,<a_202><b_7><c_0>,<a_202>,<a_202><b_7>,1,0.0,0.0,999.0,0.0,1.0,117,1
2054,"Sound Decibel Meter, GoerTek Digital Mini Sound Pressure Level Meter, Audio Noise Measurement 30-130dBA,MAX/MIN Hold,Auto Backlight Display-3AAA Battery Includedd (GM1352)",other,<a_158><b_165><c_7>,<a_158>,<a_158><b_165>,1,0.0,0.0,999.0,1.0,0.0,109,2
2057,Cobalt Blue Glass Bottles with Droppers 2 Oz - 12 Per Package,other,<a_150><b_210><c_63>,<a_150>,<a_150><b_210>,1,0.0,0.0,999.0,1.0,1.0,116,1
2065,"Industrial & Scientific"" />",metadata_placeholder,<a_15><b_224><c_56>,<a_15>,<a_15><b_224>,1,0.0,0.0,999.0,0.0,1.0,31,2
2067,"Eisco Labs Wood Test Tube Rack, 12 Tube Capacity, 7/8"" (22mm) Holes",other,<a_94><b_125><c_171>,<a_94>,<a_94><b_125>,1,0.0,0.0,999.0,1.0,0.0,111,4
2079,"Dap 00680 Bathtub Silicone Rubber Caulk 2.8-Ounce, White",adhesive_epoxy,<a_244><b_35><c_177>,<a_244>,<a_244><b_35>,1,0.0,0.0,999.0,0.0,0.0,72,2
2081,SOLOOP 300Pcs Mixed Assorted Crimp Terminal Sleeve Kit Insulated Wires Connectors Set,connector_fitting,<a_158><b_96><c_34>,<a_158>,<a_158><b_96>,1,0.0,0.0,999.0,0.0,0.0,109,3
2087,Dynarex Medicut Scalpels Disposable Sterile #15 10/Bx,other,<a_180><b_183><c_255>,<a_180>,<a_180><b_183>,1,0.0,0.0,38.0,0.0,0.0,81,2
2092,"GE Silicone 2+ Kitchen & Bath Caulk, 10.1 Oz. Tube, Almond, GE5060",adhesive_epoxy,<a_244><b_140><c_10>,<a_244>,<a_244><b_140>,1,0.0,0.0,999.0,1.0,0.0,72,1
2099,"Crest Pro-health Multi-Protection Alcohol Free, Clean Mint/Clear Mint (Package may vary), 1-liter Bottles (Pack of 3)",other,<a_66><b_52><c_26>,<a_66>,<a_66><b_52>,1,0.0,0.0,999.0,1.0,1.0,40,2
2100,"Stainless Steel 316 Cast Pipe Fitting, Coupling, Class 150, 1/2""NPT Female",tape,<a_108><b_146><c_2>,<a_108>,<a_108><b_146>,1,0.0,0.0,999.0,0.0,0.0,143,8
2102,"TEMCo 3/8"" Marine Heat Shrink Tube 3:1 Adhesive Glue Lined 4 ft RED",adhesive_epoxy,<a_228><b_198><c_109>,<a_228>,<a_228><b_198>,1,0.0,0.0,11.0,1.0,1.0,96,6
2109,"Loctite 1999131 All Purpose Repair Putty, 2 Ounces",adhesive_epoxy,<a_165><b_11><c_46>,<a_165>,<a_165><b_11>,1,0.0,0.0,999.0,0.0,0.0,72,1
2124,"ATP IMBIBE NSF 61 Polyethylene Plastic Tubing, Blue, 11/64"" ID x 1/4"" OD, 100 feet Length",connector_fitting,<a_228><b_203><c_43>,<a_228>,<a_228><b_203>,1,0.0,0.0,999.0,0.0,1.0,96,2
2128,"HFS 12 pcs precision angle block set 1/4,1/2,1 to 5 & 5 to 30 degree",other,<a_15><b_34><c_106>,<a_15>,<a_15><b_34>,1,0.0,0.0,999.0,0.0,1.0,31,1
2132,Temco 10 Lot 4 AWG 5/16 Hole Ring Terminal Lug Bare Copper Uninsulated Gauge,adhesive_epoxy,<a_67><b_230><c_131>,<a_67>,<a_67><b_230>,1,0.0,0.0,999.0,0.0,0.0,119,2
2168,"PORTER-CABLE Wet/Dry Vacuum, 6 Gallon, 4 Horsepower",3d_filament,<a_24><b_2><c_140>,<a_24>,<a_24><b_2>,1,0.0,0.0,999.0,0.0,0.0,119,4
2175,Pomona 3788 Bnc (F) to Minigrabber Test Clips,other,<a_170><b_208><c_80>,<a_170>,<a_170><b_208>,1,0.0,0.0,999.0,1.0,1.0,25,1
2188,"Dremel Digilab 3D20 3D Printer, Idea Builder for Brand New Hobbyists and Tinkerers",3d_filament,<a_91><b_102><c_12>,<a_91>,<a_91><b_102>,1,0.0,0.0,999.0,1.0,1.0,72,1
2195,"ZING 7119 RecycLockout Lockout Tagout Kit, 11 Component, General Application",other,<a_71><b_135><c_89>,<a_71>,<a_71><b_135>,1,0.0,0.0,999.0,0.0,1.0,118,3
2207,"Dixon Valve EL2F2F Brass Fitting, 90 Degree Extruded Pipe Elbow, 1/4"" NPTF Female",connector_fitting,<a_108><b_117><c_36>,<a_108>,<a_108><b_117>,1,0.0,0.0,999.0,1.0,0.0,143,1
2209,Karlling Large Syringe for Nutrient Measuring 80cm Handy Tube,fastener,<a_17><b_165><c_187>,<a_17>,<a_17><b_165>,1,0.0,0.0,999.0,0.0,0.0,99,2
2216,SE 526SF 7&rdquo; Self-Locking Sponge Forceps,other,<a_180><b_213><c_155>,<a_180>,<a_180><b_213>,1,0.0,0.0,999.0,1.0,1.0,81,1
2220,"Plymor 2"" x 3"", 2 Mil (Case of 1000) Zipper Reclosable Plastic Bags w/White Block",other,<a_210><b_219><c_0>,<a_210>,<a_210><b_219>,1,0.0,0.0,999.0,0.0,1.0,95,10
2221,Uxcell a14042900ux0626 Hardware Toolbox Drawer Stainless Steel Toggle Latch 10 Set (Pack of 10),other,<a_71><b_60><c_169>,<a_71>,<a_71><b_60>,1,0.0,0.0,999.0,1.0,1.0,118,1
2224,"2000ml Beaker, Low Form Griffin, Borosilicate 3.3 Glass, Graduated, Karter Scientific 213D20",other,<a_94><b_144><c_129>,<a_94>,<a_94><b_144>,1,0.0,0.0,999.0,1.0,1.0,111,3
2225,SEOH Filter Paper Qualitative Medium 12.5cm 100pk,other,<a_94><b_29><c_2>,<a_94>,<a_94><b_29>,1,0.0,0.0,26.0,1.0,1.0,111,3
2231,"5 Pack - 10ml Sterile Syringe with Blunt Tip Needle and Storage Cap for Refilling Cartridges, E-Liquids, E-cigs, E-juice, Vape",other,<a_150><b_109><c_128>,<a_150>,<a_150><b_109>,1,0.0,0.0,999.0,0.0,1.0,116,4
2232,Stainless Steel Phillips Pan Machine Screw Assortment Kit,fastener,<a_224><b_222><c_29>,<a_224>,<a_224><b_222>,1,0.0,0.0,999.0,0.0,1.0,191,4
2233,"Red Brass Pipe Fitting, Nipple, Schedule 40 Seamless, 1/4"" NPT Male X 4"" Length",tape,<a_108><b_42><c_24>,<a_108>,<a_108><b_42>,1,0.0,0.0,999.0,0.0,0.0,143,7
2235,Chemical Guys ACC_130 Professional Chemical Resistant Heavy Duty Bottle and Sprayer (32 oz),3d_filament,<a_150><b_132><c_11>,<a_150>,<a_150><b_132>,1,0.0,0.0,999.0,0.0,0.0,116,2
2240,"CMS Magneitcs Ceramic Magnet Hook 1 1/4"" in Diameter with 18 LB Holding Power 6-Count",other,<a_251><b_188><c_84>,<a_251>,<a_251><b_188>,1,0.0,0.0,999.0,1.0,1.0,92,2
2245,"Hoover Air Pro Bagless Upright, UH72450 - Corded",3d_filament,<a_24><b_133><c_34>,<a_24>,<a_24><b_133>,1,0.0,0.0,999.0,0.0,1.0,119,1
2252,GUM Go-Betweens Proxabrush Refills Wide [614] 8 Each (Pack of 6),other,<a_24><b_78><c_134>,<a_24>,<a_24><b_78>,1,0.0,0.0,999.0,1.0,0.0,119,1
2253,"CS Hyde High Temperature Fiberglass Tape With Silicone Adhesive, Ivory 1/2 inch x 36 yards",adhesive_epoxy,<a_233><b_86><c_124>,<a_233>,<a_233><b_86>,1,0.0,0.0,999.0,0.0,0.0,20,1
2262,"Handi-Bag HAB6FW130 Super Value Pack, 8gal, 0.6mil, 22 x 24, White (Box of 130)",other,<a_210><b_29><c_50>,<a_210>,<a_210><b_29>,1,0.0,0.0,999.0,1.0,1.0,95,1
2264,"iRobot Roomba 614 Robot Vacuum Cleaner, Self-Charging, Good for Pet Hair, Carpets, & Hard Floor Surfaces",other,<a_24><b_91><c_161>,<a_24>,<a_24><b_91>,1,0.0,0.0,999.0,0.0,0.0,119,6
2274,Low Density Polyethylene (LDPE) 30ml Squeezable Dropping Bottle Eye Liquid Dropper Needle Tip with Loop (Pack of 10),other,<a_150><b_60><c_184>,<a_150>,<a_150><b_60>,1,0.0,0.0,999.0,1.0,1.0,116,2
2279,FastCap T20034 134; x 5039; Speed Tape,adhesive_epoxy,<a_233><b_170><c_187>,<a_233>,<a_233><b_170>,1,0.0,0.0,999.0,0.0,1.0,20,1
2280,DHT Electronics RF coaxial coax cable F female to MCX male right angle RG316 6'',other,<a_23><b_148><c_21>,<a_23>,<a_23><b_148>,1,0.0,0.0,999.0,1.0,1.0,50,3
2287,G2PLUS 100PCS 3ml Disposable Plastic Essential Oils Graduated Transfer Pipettes,other,<a_94><b_156><c_3>,<a_94>,<a_94><b_156>,1,0.0,0.0,999.0,0.0,0.0,111,2
2288,Dawson Tools DZA50 AC Line Splitter,gauge_meter,<a_36><b_236><c_16>,<a_36>,<a_36><b_236>,1,0.0,0.0,999.0,1.0,0.0,54,2
2294,PRO-SYS&reg; Interdental Brush Narrow Spaces - 8 brushes (2 packs &ndash; 4 brushes per pack) &ndash; with DuPont&trade; Bristles,other,<a_24><b_22><c_186>,<a_24>,<a_24><b_22>,1,0.0,0.0,999.0,1.0,0.0,119,1
2295,Neewer Internet Network Cable Tester Wire Crimp LAN RJ45 RJ11 CAT5 Analyzer Tool Kit,gauge_meter,<a_211><b_236><c_154>,<a_211>,<a_211><b_236>,1,0.0,0.0,999.0,0.0,1.0,45,2
2299,"Zep Commercial Acidic Toilet Bowl Cleaner, 32 Ounce",other,<a_66><b_60><c_74>,<a_66>,<a_66><b_60>,1,0.0,0.0,999.0,0.0,1.0,40,1
2300,"Anderson Metals Brass Tube Fitting, Short Flare Nut, 1 1/16 &ndash; 14"" Tube OD",adhesive_epoxy,<a_108><b_58><c_152>,<a_108>,<a_108><b_58>,1,0.0,0.0,17.0,0.0,0.0,143,3
2302,"HBD Thermoid NBR/PVC SAE30R6 Fuel Line Hose, 5/16"" x 25' Length, 0.3125"" ID, Black",connector_fitting,<a_228><b_169><c_207>,<a_228>,<a_228><b_169>,1,0.0,0.0,999.0,0.0,0.0,96,1
2310,"Malco FCG2 1-1/4 Inch Overlap 5/16-Inch Thickness Fiber Cement Siding Gauge, 2-Pack",adhesive_epoxy,<a_159><b_173><c_140>,<a_159>,<a_159><b_173>,1,0.0,0.0,999.0,0.0,1.0,52,1
2314,"Nashua 357 Polyethylene Coated Cloth Premium Grade Duct Tape, 13 mil Thick, 55 m Length, 48 mm Width, Silver",adhesive_epoxy,<a_202><b_170><c_25>,<a_202>,<a_202><b_170>,1,0.0,0.0,999.0,0.0,1.0,117,3
2317,"Reditainer RDSC200100 Plastic Disposable Portion Souffle Cup with Lids, 2 Ounce, Package of 100",other,<a_14><b_118><c_65>,<a_14>,<a_14><b_118>,1,0.0,0.0,999.0,1.0,0.0,39,1
2323,10 Pack - 20x150mm Pyrex Glass Test Tubes with Rubber Stoppers New,other,<a_94><b_36><c_130>,<a_94>,<a_94><b_36>,1,0.0,0.0,999.0,0.0,1.0,111,1
2326,"Hypafix Dressing Retention Tape: 2"" X 10 Yds Each",tape,<a_122><b_57><c_206>,<a_122>,<a_122><b_57>,1,0.0,0.0,999.0,0.0,1.0,35,1
2327,"MakerBot PLA Filament, 1.75 mm Diameter, Small Spool, Army Green",3d_filament,<a_223><b_243><c_100>,<a_223>,<a_223><b_243>,1,0.0,0.0,999.0,1.0,0.0,247,2
2336,M3 x 10mm Alloy Steel Hex Bolt Socket Head Cap Screws Black 100 Pcs,fastener,<a_224><b_208><c_205>,<a_224>,<a_224><b_208>,1,0.0,0.0,999.0,0.0,1.0,191,3
2340,"GE Silicone I All Purpose Caulk, 10.1 Oz. Tube, White, GE112A",adhesive_epoxy,<a_244><b_244><c_245>,<a_244>,<a_244><b_244>,1,0.0,0.0,999.0,0.0,1.0,72,1
2347,"FASTCAP PHZ8.3-inch-150PC PowerHead 3-Inch Cabinet Installation Screws, 150-Pack",fastener,<a_224><b_73><c_82>,<a_224>,<a_224><b_73>,1,0.0,0.0,999.0,0.0,0.0,191,2
2351,iRobot Roomba 770 Robotic Vacuum Cleaner,other,<a_24><b_91><c_229>,<a_24>,<a_24><b_91>,1,0.0,0.0,999.0,0.0,0.0,119,6
2363,"Gardner Bender GSW-69 Electrical Rotary Switch, SPST, ON-OFF, 6 A/125V AC, 6 inch Wire Terminal, Black Plastic",other,<a_236><b_87><c_254>,<a_236>,<a_236><b_87>,1,0.0,0.0,999.0,1.0,1.0,84,2
2367,"The Hillman Group 45632 5/8-Inch Axle Cap Nut, 8-Pack",fastener,<a_224><b_103><c_75>,<a_224>,<a_224><b_103>,1,0.0,0.0,999.0,0.0,0.0,191,1
2371,"Brass Wood Screw, Plain Finish, Round Head, Phillips Drive, 1"" Length, #7 Threads (Pack of 100)",tape,<a_224><b_146><c_10>,<a_224>,<a_224><b_146>,1,0.0,0.0,999.0,1.0,1.0,191,8
2375,"#1 Best Quality Zinc Self Drilling Drywall Anchors with Screws Kit, 100 Pieces All Together",fastener,<a_17><b_171><c_121>,<a_17>,<a_17><b_171>,1,0.0,0.0,999.0,0.0,1.0,99,2
2376,"Gardner Bender 10-089 WingGard Twist-On Wire Connectors, 14-6 AWG, Electrical Wire Nut, 50 pk, Blue",connector_fitting,<a_67><b_106><c_2>,<a_67>,<a_67><b_106>,1,0.0,0.0,999.0,1.0,0.0,119,3
2382,"1/2"" - 28 UNEF Right hand Thread Die",other,<a_224><b_85><c_44>,<a_224>,<a_224><b_85>,1,0.0,0.0,999.0,0.0,1.0,191,1
2393,"Cutequeen 750 pcs,30 Values Resistor Kit x 25pcs =750 pcs (10 Ohm - 1M Ohm) 1/4W Metal Film Resistors Assortment",other,<a_73><b_143><c_188>,<a_73>,<a_73><b_143>,1,0.0,0.0,999.0,0.0,0.0,114,1
2399,SainSmart CNC Micro-Stepping Stepper Motor Driver NEMA23 ST-M5045 2phase 4.5A 24-50V DC 256,other,<a_30><b_93><c_38>,<a_30>,<a_30><b_93>,1,0.0,0.0,999.0,1.0,1.0,68,1
2400,Hilitchi 800pcs 10-24 A.W.G Wire Copper Crimp Connector Insulated Cord Pin End Terminal Kit,connector_fitting,<a_67><b_18><c_196>,<a_67>,<a_67><b_18>,1,0.0,0.0,999.0,0.0,0.0,119,1
2403,Evolution CC875L 7/8-Inch Diameter x 2-Inch Depth of Cut Cyclone High Speed Steel Annular Cutter,other,<a_193><b_185><c_234>,<a_193>,<a_193><b_185>,1,0.0,0.0,999.0,0.0,1.0,133,1
2406,5 PIECES SCISSORS FORCEPS HEMOSTATS NEEDLE HOLDERS DDP INSTRUMENTS,other,<a_42><b_99><c_71>,<a_42>,<a_42><b_99>,1,0.0,0.0,999.0,1.0,0.0,100,1
2409,"LAB SCOOP Stainless steel, 6"" long 3pk",other,<a_229><b_245><c_222>,<a_229>,<a_229><b_245>,1,0.0,0.0,999.0,0.0,1.0,36,1
2410,"Heathrow Scientific HD15909 Spatula with Flat End and Spoon End, 9"" Overall Length",other,<a_180><b_221><c_238>,<a_180>,<a_180><b_221>,1,0.0,0.0,999.0,1.0,1.0,81,3
2412,Irwin Tools 2712- 3 Piece Set - 3.0 mm - 0.50 mm,other,<a_224><b_140><c_177>,<a_224>,<a_224><b_140>,1,0.0,0.0,999.0,1.0,1.0,191,2
2413,"E-Z Lok Threaded Insert, Brass, Knife Thread, #8-32 Internal Threads, 0.375"" Length (Pack of 25)",fastener,<a_224><b_133><c_16>,<a_224>,<a_224><b_133>,1,0.0,0.0,999.0,0.0,0.0,191,4
2414,"Century Drill & Tool 97122 High Carbon Steel Fractional Plug Tap, 1-12 NF",other,<a_224><b_88><c_10>,<a_224>,<a_224><b_88>,1,0.0,0.0,11.0,0.0,1.0,191,3
2417,"Heavy Duty Insulation Piercing Test Clip, Fully Insulated Quick Piercing Test Clips Multimeter Test Probe Spring Load",gauge_meter,<a_211><b_90><c_51>,<a_211>,<a_211><b_90>,1,0.0,0.0,999.0,1.0,0.0,45,1
2420,"HATCHBOX ABS 3D Printer Filament, Dimensional Accuracy +/- 0.03 mm, 1 kg Spool, 1.75 mm, Silver",3d_filament,<a_223><b_198><c_167>,<a_223>,<a_223><b_198>,1,0.0,0.0,999.0,1.0,0.0,247,47
2428,"Anderson Metals 56115 Brass Pipe Fitting, Hex Drive Countersunk Plug, 3/8"" NPT Male Pipe",tape,<a_108><b_17><c_246>,<a_108>,<a_108><b_17>,1,0.0,0.0,999.0,0.0,1.0,143,1
2430,Yueton 100pcs Red 22/18- Gauge Nylon Male Fully-Insulated Quick Disconnects Wiring Spade Wire Crimp Terminal,connector_fitting,<a_67><b_23><c_3>,<a_67>,<a_67><b_23>,1,0.0,0.0,999.0,1.0,1.0,119,8
2433,"Medline 1700222-X5 Oxygen Tubing, 7' Crush Resistant (Pack of 5)",other,<a_170><b_22><c_153>,<a_170>,<a_170><b_22>,1,0.0,0.0,999.0,0.0,1.0,25,1
2434,"Performance Tool W41039 Non-slip Truck Tire Service Step (Fits up to 13"" Deep Tire)",other,<a_87><b_161><c_57>,<a_87>,<a_87><b_161>,1,0.0,0.0,999.0,1.0,1.0,71,2
2443,LeHigh Crawford 4 Bin Pegboard Tool and Parts Tray #PT16,fastener,<a_42><b_5><c_69>,<a_42>,<a_42><b_5>,1,0.0,0.0,999.0,0.0,0.0,100,1
2446,100x 1N4007 Diode 1A 1000V Rectifier Diodes Arduino Motor Snubber Flyback,other,<a_30><b_186><c_132>,<a_30>,<a_30><b_186>,1,0.0,0.0,36.0,0.0,0.0,68,1
2455,Millrose 62850 Power-Deuce Brushing Tool Set,connector_fitting,<a_24><b_21><c_233>,<a_24>,<a_24><b_21>,1,0.0,0.0,999.0,0.0,1.0,119,1
2458,"3M Dual Lock Reclosable Fastener SJ3560 250 Clear, 1/2 in x 6 Ft by 3M",adhesive_epoxy,<a_68><b_32><c_142>,<a_68>,<a_68><b_32>,1,0.0,0.0,999.0,0.0,1.0,67,5
2463,Adventure Medical SOL Duct Tape - Two 50in Rolls,tape,<a_122><b_161><c_107>,<a_122>,<a_122><b_161>,1,0.0,0.0,40.0,0.0,0.0,35,1
2464,JIUWU 1.0mm Tungsten Steel Carbide PCB CNC End Mill Engraving Bits Milling Machine Pack of 10,other,<a_17><b_118><c_23>,<a_17>,<a_17><b_118>,1,0.0,0.0,999.0,0.0,0.0,99,3
2465,BQLZR 3.175mm Drill Bits Engraving Bits CNC PCB Machinery 0.6-1.5mm Cutting Pack Of 10,other,<a_17><b_246><c_73>,<a_17>,<a_17><b_246>,1,0.0,0.0,999.0,0.0,0.0,99,1
2467,1/8 inch x 55 yds Copper Foil Tape - (3mm x 50m) - EMI Shielding Conductive Adhesive,adhesive_epoxy,<a_79><b_96><c_33>,<a_79>,<a_79><b_96>,1,0.0,0.0,999.0,0.0,0.0,60,2
2468,"Anderson Metals Brass Pipe Fitting, 45 Degree Barstock Street Elbow, 1/8"" Female Pipe x 1/8"" Male Pipe",tape,<a_108><b_1><c_3>,<a_108>,<a_108><b_1>,1,0.0,0.0,999.0,0.0,1.0,143,8
2469,LulzBot TAZ 6 3D Printer,3d_filament,<a_223><b_176><c_15>,<a_223>,<a_223><b_176>,1,0.0,0.0,999.0,1.0,0.0,247,1
2502,Dr.Meter 0.01pH High Accuracy Pocket Size pH Meter with ATC Backlit 0-14 pH Measurement Range,gauge_meter,<a_107><b_186><c_209>,<a_107>,<a_107><b_186>,1,0.0,0.0,999.0,0.0,1.0,66,2
2512,Extech TG20 Wire Tracer and Tone Generator,connector_fitting,<a_211><b_181><c_43>,<a_211>,<a_211><b_181>,1,0.0,0.0,999.0,0.0,0.0,45,1
2522,"3M(TM) Scotchlok(TM) Electrical IDC Connector 560B, Blue, 18&ndash;16AWG solid/stranded, 14AWG stranded, 100ct",connector_fitting,<a_67><b_74><c_205>,<a_67>,<a_67><b_74>,1,0.0,0.0,999.0,0.0,1.0,119,1
2525,AKRON PRODUCTS C-84 Floor Jack,other,<a_87><b_13><c_190>,<a_87>,<a_87><b_13>,1,0.0,0.0,999.0,0.0,0.0,71,1
2526,"Hy-Ko Products 848 Private Property No Trespassing Aluminum Sign 9.25"" x 14""  Orange/Black, 1 Piece",other,<a_68><b_194><c_228>,<a_68>,<a_68><b_194>,1,0.0,0.0,999.0,1.0,0.0,67,4
2533,Longruner A4988 Stepstick Stepper Motor Driver Module + Heat Sink for 3d Printer Reprap (Pack of 5 Pcs),3d_filament,<a_158><b_89><c_9>,<a_158>,<a_158><b_89>,1,0.0,0.0,999.0,1.0,1.0,109,4
2538,"D.H.S. Fluted Dowel Pins - 3/8"" x 1-1/2"" (.375 x 1.5) - Hardwood w/Beveled Ends - Box of 100",tape,<a_224><b_248><c_0>,<a_224>,<a_224><b_248>,1,0.0,0.0,999.0,0.0,1.0,191,3
2540,Wixey WR365 Digital Angle Gauge and Level,gauge_meter,<a_104><b_196><c_31>,<a_104>,<a_104><b_196>,1,0.0,0.0,999.0,0.0,1.0,60,3
2545,"Addicore 10 Pack Kapton Tape Sheets Polyimide 8"" X 11"" 0.06mm (2.4mil) Thick With Release Liner for 3D Printer",3d_filament,<a_79><b_121><c_12>,<a_79>,<a_79><b_121>,1,0.0,0.0,999.0,1.0,1.0,60,1
2548,Dorman Hardware 4-9833 Peggable Screwdriver Holder,adhesive_epoxy,<a_159><b_44><c_140>,<a_159>,<a_159><b_44>,1,0.0,0.0,999.0,0.0,1.0,52,1
2553,"PhysiciansCare by First Aid Only 24-201 Eye Wash Solution, 32 ounce Bottle",3d_filament,<a_44><b_41><c_229>,<a_44>,<a_44><b_41>,1,0.0,0.0,999.0,0.0,1.0,65,2
2561,"Uxcell a11102000ux0355 2N3906 General Purpose 3 Terminals PNP Transistors, 100 Piece",other,<a_236><b_70><c_126>,<a_236>,<a_236><b_70>,1,0.0,0.0,999.0,1.0,0.0,84,1
2568,Powerbuilt 647501 Heavy Duty 12-Ton Bottle Jack,fastener,<a_87><b_159><c_106>,<a_87>,<a_87><b_159>,1,0.0,0.0,999.0,0.0,0.0,71,2
2572,"Hoover WindTunnel 3 Pro Pet Bagless Upright Vacuum Cleaner, UH70937",other,<a_24><b_67><c_94>,<a_24>,<a_24><b_67>,1,0.0,0.0,999.0,1.0,1.0,119,1
2575,"Prestige Medical Clinical Lite Stethoscope, Navy",other,<a_180><b_165><c_228>,<a_180>,<a_180><b_165>,1,0.0,0.0,999.0,0.0,1.0,81,1
2576,"First Aid Only 13-040 First Aid Burn Spray, 4oz Pump Bottle",other,<a_44><b_136><c_185>,<a_44>,<a_44><b_136>,1,0.0,0.0,20.0,0.0,0.0,65,1
2577,"BIPEE 500ml Safety Wash Bottle, Narrow Mouth, Plastic, Pack of3",other,<a_206><b_145><c_184>,<a_206>,<a_206><b_145>,1,0.0,0.0,999.0,1.0,0.0,60,3
2579,Uxcell CP2102 USB 2.0 to UART TTL 6PIN Module Serial Converter Adapter,connector_fitting,<a_30><b_236><c_215>,<a_30>,<a_30><b_236>,1,0.0,0.0,999.0,0.0,0.0,68,1
2581,"Loc-Line Coolant Hose Component, Acetal Copolymer, Segment, 1/2"" Hose ID, 5-1/2"" Length (Pack of 2)",connector_fitting,<a_228><b_23><c_68>,<a_228>,<a_228><b_23>,1,0.0,0.0,999.0,0.0,1.0,96,3
2587,InstallGear 1/0 AWG Gauge Gold Ring Set Screw Battery Ring Terminals (4 Pack),fastener,<a_17><b_193><c_144>,<a_17>,<a_17><b_193>,1,0.0,0.0,999.0,0.0,0.0,99,1
2588,"Pac-Kit by First Aid Only 4-007 Non-Woven Triangular Bandage with 2 Fastening Hooks, 56"" Length x 40"" Width",other,<a_206><b_95><c_211>,<a_206>,<a_206><b_95>,1,0.0,0.0,999.0,1.0,0.0,60,1
2595,"Rubbermaid Commercial Products FG295700BEIG Plastic Resin Deskside Wastebasket, 10 Gallon/41 Quart, Beige",other,<a_210><b_98><c_51>,<a_210>,<a_210><b_98>,1,0.0,0.0,999.0,0.0,1.0,95,4
2598,"3M All Weather Flashing Tape 8067 Tan, 6 in x 75 ft Slit Liner (Pack of 1)",adhesive_epoxy,<a_206><b_187><c_236>,<a_206>,<a_206><b_187>,1,0.0,0.0,999.0,0.0,1.0,60,3
2602,"Tektronix TBS1052B Digital Storage Oscilloscope, 2 Channel, 50 MHz Bandwidth, 5 Year Warranty",other,<a_197><b_231><c_196>,<a_197>,<a_197><b_231>,1,0.0,0.0,999.0,1.0,0.0,60,1
2604,"HATCHBOX ABS 3D Printer Filament, Dimensional Accuracy +/- 0.03 mm, 1 kg Spool, 1.75 mm, Transparent Green",3d_filament,<a_223><b_198><c_60>,<a_223>,<a_223><b_198>,1,0.0,0.0,999.0,1.0,0.0,247,47
2610,Big Horn 11726PK 2-1/2-Inch Key Hose Clamp (2 Packs of 5),connector_fitting,<a_71><b_251><c_170>,<a_71>,<a_71><b_251>,1,0.0,0.0,999.0,0.0,1.0,118,2
2611,Pomona 4408/POM Test Lead Holder for Wires Up to .320In Diameter,other,<a_23><b_169><c_36>,<a_23>,<a_23><b_169>,1,0.0,0.0,999.0,0.0,1.0,50,1
2615,"MG Chemicals433-4L  d-Limonene (Pure Grade) Cleaner Degreaser and 3-D Printing Chemical, 1 Gallon Can , Clear",other,<a_66><b_251><c_227>,<a_66>,<a_66><b_251>,1,0.0,0.0,999.0,0.0,0.0,40,1
2620,Uxcell Metric Whitworth Screw Pitch Gauge Measuring Tool,fastener,<a_224><b_22><c_204>,<a_224>,<a_224><b_22>,1,0.0,0.0,999.0,0.0,0.0,191,4
2622,Rigol ADP0150BNC 50 Ohm Impedance Adapter,connector_fitting,<a_36><b_55><c_8>,<a_36>,<a_36><b_55>,1,0.0,0.0,999.0,0.0,0.0,54,1
2624,"Uxcell a13060500ux0042 3 Pins Split Shaft Rotary Linear Taper Potentiometers with Knob, 10 Kohm, 10 Piece, 6 mm",tape,<a_73><b_123><c_104>,<a_73>,<a_73><b_123>,1,0.0,0.0,999.0,0.0,0.0,114,5
2627,Uxcell a11090300ux0244 30 Pcs 16 Pin 2.54mm DIP IC Socket Solder Type Adaptors.,gauge_meter,<a_211><b_128><c_169>,<a_211>,<a_211><b_128>,1,0.0,0.0,999.0,0.0,0.0,45,1
2628,Cofufu 0307 DIP Inductor Assorted Kit 22 value total 220pcs 1uH to 1mH 0.25W,other,<a_73><b_27><c_49>,<a_73>,<a_73><b_27>,1,0.0,0.0,999.0,0.0,0.0,114,1
2632,(100&Omega;&ndash;1M&Omega;) 130pcs 13 Values RoHS Variable Resistor Potentiometers Assortment Kit Assorted Set,other,<a_17><b_255><c_71>,<a_17>,<a_17><b_255>,1,0.0,0.0,999.0,0.0,0.0,99,5
2633,"E-Projects 10EP5144K70 4.7k Ohm Resistors, 1/4 W, 5% (Pack of 10)",tape,<a_73><b_224><c_0>,<a_73>,<a_73><b_224>,1,0.0,0.0,999.0,0.0,1.0,114,5
2638,Teensy 3.2,fastener,<a_30><b_185><c_5>,<a_30>,<a_30><b_185>,1,0.0,0.0,999.0,0.0,1.0,68,2
2641,"eSUN 3mm Black ABS 3D Printer filament 1kg Spool (2.2lbs), Black",3d_filament,<a_223><b_217><c_222>,<a_223>,<a_223><b_217>,1,0.0,0.0,999.0,0.0,1.0,247,6
2642,"Remington Industries 36SNSP.25 36 AWG Magnet Wire, Enameled Copper Wire, 4 oz, 0.0055"" Diameter, 3193' Length, Natural",other,<a_251><b_228><c_110>,<a_251>,<a_251><b_228>,1,0.0,0.0,999.0,0.0,1.0,92,8
2643,"Peachtree 1118 UHMW Slick Tape - 3"" X 48",adhesive_epoxy,<a_202><b_212><c_64>,<a_202>,<a_202><b_212>,1,0.0,0.0,999.0,0.0,1.0,117,1
2655,"Stainless Steel Tumbling Media Pins - 0.047"" Diameter, 0.255"" Length (2.5 lb Pack)",fastener,<a_17><b_144><c_123>,<a_17>,<a_17><b_144>,1,0.0,0.0,999.0,0.0,0.0,99,2
2656,TekPower TP3010E DC Adjustable Switching Power Supply 30V 10A Digital Display,other,<a_30><b_233><c_91>,<a_30>,<a_30><b_233>,1,0.0,0.0,999.0,1.0,1.0,68,3
2658,Dow Corning 4 Electrical Insulating Compound 5.3 Oz (150 g) Tube,other,<a_244><b_150><c_33>,<a_244>,<a_244><b_150>,1,0.0,0.0,999.0,1.0,0.0,72,1
2670,FLIR ONE Thermal Imager for iOS,other,<a_107><b_68><c_4>,<a_107>,<a_107><b_68>,1,0.0,0.0,999.0,1.0,1.0,66,5
2685,"Capacitor - Variable, Single, 365 pF, CW Rotation",other,<a_236><b_22><c_86>,<a_236>,<a_236><b_22>,1,0.0,0.0,999.0,0.0,0.0,84,1
2691,Ardokit 100 Feet/30 Meter 3/16inch/4.5mm I.D Polyolefin 2:1 Heat Shrink Tubing Tube by Lucksender,other,<a_228><b_217><c_226>,<a_228>,<a_228><b_217>,1,0.0,0.0,999.0,1.0,1.0,96,4
2698,"BuildTak 3D Printing Build Surface, 8"" x 10"" Rectangle, Black (Pack of 3)",3d_filament,<a_223><b_184><c_74>,<a_223>,<a_223><b_184>,1,0.0,0.0,999.0,1.0,0.0,247,6
2699,"Shark Pet-Perfect Cordless Bagless Portable Hand Vacuum for Carpet and Hard Floor with Rechargeable 12V Battery (SV75Z), Gray",other,<a_24><b_84><c_203>,<a_24>,<a_24><b_84>,1,0.0,0.0,999.0,0.0,1.0,119,1
2700,"Amprobe IR-712 Infrared Thermometer - 0F to 1022F, 12:1",gauge_meter,<a_107><b_185><c_32>,<a_107>,<a_107><b_185>,1,0.0,0.0,999.0,0.0,1.0,66,1
2704,"HATCHBOX PLA 3D Printer Filament, Dimensional Accuracy +/- 0.03 mm, 1 kg Spool, 1.75 mm, Transparent Orange",3d_filament,<a_223><b_198><c_38>,<a_223>,<a_223><b_198>,1,0.0,0.0,999.0,1.0,0.0,247,47
2708,"eSUN 1.75mm Peak Green PLA PRO (PLA+) 3D Printer Filament 1KG Spool (2.2lbs), Peak Green/Light Green, Pantone 359C",3d_filament,<a_223><b_144><c_218>,<a_223>,<a_223><b_144>,1,0.0,0.0,999.0,0.0,1.0,247,12
2709,PASSION Glass Graduated Droppers Pipettes 5 ml pack of 3,other,<a_94><b_183><c_53>,<a_94>,<a_94><b_183>,1,0.0,0.0,999.0,0.0,1.0,111,2
2717,SainSmart PLA-151 PLA Filament (Red),3d_filament,<a_223><b_66><c_158>,<a_223>,<a_223><b_66>,1,0.0,0.0,999.0,0.0,1.0,247,4
2722,Mercurry 5PCS M6 3D Printer 0.2mm 0.3mm 0.4mm 0.5mm 0.8mm Extruder Brass Nozzle Print Head for E3D Makerbot,3d_filament,<a_158><b_119><c_120>,<a_158>,<a_158><b_119>,1,0.0,0.0,999.0,0.0,1.0,109,1
2729,URBEST Heat Gun kit Fast Heating 1500W Hot Air Blower with 150Pcs 8 Various Heat Shrink Tubing,fastener,<a_79><b_208><c_153>,<a_79>,<a_79><b_208>,1,0.0,0.0,999.0,0.0,1.0,60,1
2746,"Briggs Precision Kelly Forceps Locking Tweezers Clamp, Silver, Curved, 5-1/2 Inch&nbsp;",other,<a_42><b_41><c_253>,<a_42>,<a_42><b_41>,1,0.0,0.0,999.0,1.0,0.0,100,1
2751,"LulzBot TAZ 5, LulzBot Mini, Hexagon Hotend Style Plated Nozzle .5mm",3d_filament,<a_91><b_120><c_115>,<a_91>,<a_91><b_120>,1,0.0,0.0,999.0,1.0,0.0,72,1
2752,"Gizmo Dorks 3mm (2.85mm) ABS Filament 1kg / 2.2lb for 3D Printers, Gray",3d_filament,<a_223><b_159><c_118>,<a_223>,<a_223><b_159>,1,0.0,0.0,999.0,1.0,0.0,247,11
2754,"Hakko CHP 3-SA Stainless Steel Non-Magnetic Precision Tweezers with Very Fine Point Tips for Microelectronics Applications, 4-3/4"" Length",other,<a_42><b_110><c_12>,<a_42>,<a_42><b_110>,1,0.0,0.0,999.0,1.0,1.0,100,2
2756,"Tower Manufacturing 30438024 Auto-Reset 15 AMP Inline GFCI Triple Tap Cord, 2 Feet, Yellow",other,<a_23><b_177><c_40>,<a_23>,<a_23><b_177>,1,0.0,0.0,999.0,0.0,0.0,50,1
2759,"Industrial & Scientific"" />",metadata_placeholder,<a_15><b_214><c_60>,<a_15>,<a_15><b_214>,1,0.0,0.0,999.0,0.0,0.0,31,1
2760,"Aven 18434 Straight Serrated Tip Forceps, Stainless Steel, 8"" Length, 25mm Tip Length, 3mm Tip Width",other,<a_42><b_75><c_207>,<a_42>,<a_42><b_75>,1,0.0,0.0,999.0,0.0,1.0,100,1
2763,Stainlesstown Nut Bolt Thread Gauge (Green),fastener,<a_224><b_22><c_115>,<a_224>,<a_224><b_22>,1,0.0,0.0,999.0,0.0,0.0,191,4
2764,"Starbond EM-2000 Thick, PREMIUM CA - Super Glue with Extra Microtips, 1 oz. (For Woodturning, Hobby, Archery Fletching)",adhesive_epoxy,<a_99><b_230><c_22>,<a_99>,<a_99><b_230>,1,0.0,0.0,999.0,0.0,0.0,32,2
2767,SainSmart L293D Motor Drive Shield For Arduino Duemilanove Mega UNO R3 AVR ATMEL,other,<a_30><b_108><c_233>,<a_30>,<a_30><b_108>,1,0.0,0.0,999.0,1.0,1.0,68,2
2771,HATCHBOX 2 Spool 3D Printer Filament Tabletop Wall Mount Rack,3d_filament,<a_223><b_29><c_180>,<a_223>,<a_223><b_29>,1,0.0,0.0,999.0,1.0,1.0,247,3
2773,SEOH TEST TUBE RACK POLYETHYLENE for 6 tubes,fastener,<a_94><b_125><c_161>,<a_94>,<a_94><b_125>,1,0.0,0.0,999.0,0.0,0.0,111,4
2774,"HM Digital PH-80 pH HydroTester, 0-14 pH Range, 1 pH Resolution, 2% Readout Accuracy",gauge_meter,<a_107><b_111><c_141>,<a_107>,<a_107><b_111>,1,0.0,0.0,999.0,1.0,1.0,66,3
2778,Plastic Spring Tip Bottle Filler,other,<a_150><b_150><c_226>,<a_150>,<a_150><b_150>,1,0.0,0.0,49.0,1.0,0.0,116,3
2782,AideTek BOX-ALL Enclosures SMD SMT Resistor Capacitor Organizer,other,<a_73><b_240><c_61>,<a_73>,<a_73><b_240>,1,0.0,0.0,999.0,1.0,0.0,114,1
2783,CO-RODE Tact Button Switch 6x6x5mm Pack of 100,fastener,<a_236><b_83><c_26>,<a_236>,<a_236><b_83>,1,0.0,0.0,999.0,0.0,0.0,84,1
2787,Teenitor 3ML Plastic Transfer Pipettes Eye Dropper Pack of 150 - Essential Oils Pipettes Dropper Makeup Tool,other,<a_17><b_216><c_49>,<a_17>,<a_17><b_216>,1,0.0,0.0,999.0,0.0,1.0,99,2
2796,"Crawford PBS9 Screwdriver Holder, Blue",fastener,<a_159><b_222><c_155>,<a_159>,<a_159><b_222>,1,0.0,0.0,999.0,0.0,0.0,52,1
2799,"Hillman 140009 Zinc Hex Machine Screw Nut, 4-40, 100-Pack",fastener,<a_224><b_77><c_115>,<a_224>,<a_224><b_77>,1,0.0,0.0,999.0,0.0,1.0,191,7
2800,"TACFUN 1/2"" x28 Thread Steel Crush Washer (pack of 10) for .223",fastener,<a_158><b_105><c_200>,<a_158>,<a_158><b_105>,1,0.0,0.0,999.0,0.0,0.0,109,2
2803,Joe Knows Electronics 1W 86 Value 860 Piece Resistor Kit,other,<a_73><b_174><c_0>,<a_73>,<a_73><b_174>,1,0.0,0.0,999.0,0.0,0.0,114,2
2812,Wilton 11743 3-Inch Low Profile Drill Press Vise,other,<a_193><b_53><c_30>,<a_193>,<a_193><b_53>,1,0.0,0.0,999.0,1.0,1.0,133,4
2814,Frankford Arsenal Platinum Series Precision Scale with LCD Display and Case for Reloading,other,<a_229><b_182><c_78>,<a_229>,<a_229><b_182>,1,0.0,0.0,999.0,0.0,1.0,36,1
2815,38mm Poly Seal Screw Caps (fits most 1/2 & 1 gallon jugs) [Bag of 12],fastener,<a_150><b_51><c_144>,<a_150>,<a_150><b_51>,1,0.0,0.0,999.0,0.0,1.0,116,1
2817,"PHARMEX 1-78G Permanent Paper Label,""FOR RECTAL USE"", 1 9/16"" x 3/8"", Blue (500 per Roll, 2 Rolls per Box)",other,<a_44><b_157><c_179>,<a_44>,<a_44><b_157>,1,0.0,0.0,999.0,0.0,0.0,65,1
2823,Gypsum- 1 lb.,other,<a_150><b_13><c_90>,<a_150>,<a_150><b_13>,1,0.0,0.0,999.0,0.0,0.0,116,1
2830,"Stainless Steel 316/316L Pipe Fitting, Nipple, Schedule 40, Seamless, 1"" X 5-1/2"" NPT Male by Merit Brass",tape,<a_108><b_42><c_3>,<a_108>,<a_108><b_42>,1,0.0,0.0,999.0,0.0,1.0,143,7
2831,"Stainless Steel 316 Pipe Fitting, Hex Countersunk Plug, Class 1000, 1/4"" NPT Male",tape,<a_108><b_146><c_0>,<a_108>,<a_108><b_146>,1,0.0,0.0,999.0,0.0,1.0,143,8
2837,"Etekcity 2 Pack Digital Hanging Luggage Scale, Rubber Paint, Temperature Sensor, 110 Pounds, Silver",other,<a_158><b_220><c_126>,<a_158>,<a_158><b_220>,1,0.0,0.0,999.0,1.0,1.0,109,1
2841,100pcs Insulated Heat Shrink Waterproof Butt Connectors Wire electrical 22-10GA,connector_fitting,<a_17><b_96><c_71>,<a_17>,<a_17><b_96>,1,0.0,0.0,999.0,1.0,0.0,99,3
2842,IRWIN 1904P 3/8-18 NPT High Carbon Steel Pipe Tap,connector_fitting,<a_224><b_61><c_97>,<a_224>,<a_224><b_61>,1,0.0,0.0,999.0,0.0,0.0,191,1
2844,"New Matter MOD-t Desktop 3D Printer | Built-In WiFi, Easy to Use, Safe and Quiet",3d_filament,<a_197><b_66><c_88>,<a_197>,<a_197><b_66>,1,0.0,0.0,999.0,0.0,0.0,60,3
2866,Innovating Science Gram's Stain Kit,other,<a_229><b_71><c_238>,<a_229>,<a_229><b_71>,1,0.0,0.0,999.0,1.0,1.0,36,1
2872,Install Bay Heat Shrink Tubing 3M 1/2 Inch 8G - 4 Feet,other,<a_228><b_218><c_48>,<a_228>,<a_228><b_218>,1,0.0,0.0,999.0,1.0,0.0,96,1
2879,"OCR 2.54mm Pitch Dual Row DIP IC Sockets Solder Type Adaptor Set 6,8,14,16,18,24,28,40 Pin Electronic Components Socket Adapter Connector 100pcs",connector_fitting,<a_73><b_191><c_28>,<a_73>,<a_73><b_191>,1,0.0,0.0,999.0,0.0,0.0,114,2
2882,"Elegoo HC-SR04 Ultrasonic Module Distance Sensor for Arduino UNO MEGA2560 Nano Robot XBee ZigBee, Set of 5",other,<a_158><b_111><c_154>,<a_158>,<a_158><b_111>,1,0.0,0.0,999.0,0.0,1.0,109,1
2884,SEOH Alcohol Lamp/Burner Flint Glass 120 Ml,other,<a_150><b_48><c_214>,<a_150>,<a_150><b_48>,1,0.0,0.0,999.0,1.0,0.0,116,4
2889,"GROW1 Panda Film, 10' x 25', Poly 5.5 mil, Black/White",other,<a_68><b_112><c_219>,<a_68>,<a_68><b_112>,1,0.0,0.0,999.0,0.0,0.0,67,1
2896,Ginsco 110pcs Male Blue 16-14 Gauge Nylon Fully-Insulated Quick Disconnects Wiring Spade Wire Connector Crimp Terminal,connector_fitting,<a_67><b_23><c_62>,<a_67>,<a_67><b_23>,1,0.0,0.0,999.0,0.0,0.0,119,8
2903,Gino Development 09-0123 TruePower Variable Dial Router Speed Controller for Duct and Inline Fans,ventilation_fan,<a_109><b_130><c_34>,<a_109>,<a_109><b_130>,1,0.0,0.0,999.0,0.0,0.0,40,1
2904,Small Hairpin Cotter Pin Shop Assortment - 150 Pc,other,<a_224><b_253><c_195>,<a_224>,<a_224><b_253>,1,0.0,0.0,999.0,0.0,0.0,191,2
2907,RotoMetals GA100 Gallium 100 Grams,other,<a_79><b_22><c_66>,<a_79>,<a_79><b_22>,1,0.0,0.0,999.0,1.0,1.0,60,2
2910,Pack of 6 - 4oz Cobalt Glass Boston Round Bottles Each With Glass Dropper,other,<a_150><b_14><c_2>,<a_150>,<a_150><b_14>,1,0.0,0.0,999.0,0.0,0.0,116,3
2919,"SainSmart DSO Note II DS202 Nano ARM Portable Mini Handheld Touch Screen Digital Storage Oscilloscope, 8MB Memory Storage 2MHz 10Mps",fastener,<a_36><b_174><c_192>,<a_36>,<a_36><b_174>,1,0.0,0.0,999.0,0.0,0.0,54,4
2921,AGPtek&reg; 12 Pipe Aluminum Heat Exchanger Radiator for PC CPU CO2 Laser Water Cool System Computer,other,<a_52><b_192><c_121>,<a_52>,<a_52><b_192>,1,0.0,0.0,999.0,0.0,0.0,28,1
2922,2 x Aluminum GT2 16T Pulley and 2M Belt for RepRap 3D printer Prusa i3,3d_filament,<a_158><b_42><c_191>,<a_158>,<a_158><b_42>,1,0.0,0.0,999.0,1.0,0.0,109,2
2923,"Focusable 650nm 5mW 3-5V Red Laser ""Line"" Module Diode w/ driver Plastic Lens (2 Pack)",other,<a_180><b_125><c_135>,<a_180>,<a_180><b_125>,1,0.0,0.0,999.0,0.0,0.0,81,1
2925,Uxcell a13102400ux0146 AC 300V 10A 5.08mm Pitch 2 Pin Screw Pluggable Terminal Block (Pack of 20),connector_fitting,<a_73><b_236><c_128>,<a_73>,<a_73><b_236>,1,0.0,0.0,999.0,0.0,1.0,114,2
2926,HICTOP 5 Pieces 3D Printer Extruder Hotend 1.75mm Nozzle Throat for Reprap Prusa I3,3d_filament,<a_91><b_105><c_64>,<a_91>,<a_91><b_105>,1,0.0,0.0,14.0,1.0,1.0,72,3
2928,HICTOP 5PCS Aluminum Heater Block M6 Specialized for MK7 MK8 Makerbot Medel I3 3D Printer Extruder Hot End Heating Block,3d_filament,<a_23><b_93><c_2>,<a_23>,<a_23><b_93>,1,0.0,0.0,999.0,1.0,1.0,50,4
2931,Texas Instruments NE555N NE555 NE555P General Purpose Single Bipolar Timer DIP8 1 Pack,other,<a_30><b_191><c_204>,<a_30>,<a_30><b_191>,1,0.0,0.0,999.0,0.0,0.0,68,3
2935,IRWIN Tools Magnetic Angle Locator (1794488),3d_filament,<a_15><b_73><c_23>,<a_15>,<a_15><b_73>,1,0.0,0.0,999.0,0.0,1.0,31,1
2936,uxcell a11111600ux0002 Amico 5 Pcs 608RS 8 x 22 x 7mm Shield Deep Groove Ball Bearings,other,<a_251><b_203><c_91>,<a_251>,<a_251><b_203>,1,0.0,0.0,999.0,0.0,1.0,92,2
2946,J-B Weld 8270 KwikWeld Industrial Professional Size - 10 oz.,adhesive_epoxy,<a_165><b_59><c_5>,<a_165>,<a_165><b_59>,1,0.0,0.0,999.0,0.0,1.0,72,4
2951,PIXNOR 1/4W Resistor Kit 56 Values x 20pcs =1120pcs (1ohm-10Mohm) Metal Film Resistors Assortment,other,<a_73><b_56><c_49>,<a_73>,<a_73><b_56>,1,0.0,0.0,999.0,0.0,0.0,114,6
2953,"Aven 12017 Stainless Steel Hemostat Straight, 6"" Length",other,<a_42><b_124><c_7>,<a_42>,<a_42><b_124>,1,0.0,0.0,999.0,1.0,1.0,100,3
2954,"Sashco Big Stretch Acrylic Latex High-Performance Caulking Sealant, 10.5 Ounce Cartridge, White (Pack of 12)",adhesive_epoxy,<a_244><b_187><c_3>,<a_244>,<a_244><b_187>,1,0.0,0.0,999.0,0.0,0.0,72,2
2955,"All Brew Supplies 325 Stainless Carbonation Cap with 5/16"" Barb Ball Lock Type, Fit Most Soft Drink PET Bottles",connector_fitting,<a_150><b_192><c_215>,<a_150>,<a_150><b_192>,1,0.0,0.0,999.0,0.0,1.0,116,1
2962,"HATCHBOX ABS 3D Printer Filament, Dimensional Accuracy +/- 0.03 mm, 1 kg Spool, 1.75 mm, Neon Green",3d_filament,<a_223><b_198><c_31>,<a_223>,<a_223><b_198>,1,0.0,0.0,999.0,1.0,0.0,247,47
2963,"Syhonic Metal DIY Hot End for RepRap 3D Printer 1.75mm Filament, 0.4mm Nozzle, 12V 40W Heater, NTC 3950 Thermistor Hotend",3d_filament,<a_158><b_217><c_196>,<a_158>,<a_158><b_217>,1,0.0,0.0,999.0,0.0,0.0,109,6
2965,"eSUN 1.75mm Natural PLA 3D Printer filament 1kg Spool (2.2lbs), Natural",3d_filament,<a_223><b_193><c_72>,<a_223>,<a_223><b_193>,1,0.0,0.0,999.0,1.0,0.0,247,7
2971,"Taylor Precision Products Digital Panel Mount Thermometer (-40- to 300-Degrees Fahrenheit, -40- to 150-Degrees Celsius)",gauge_meter,<a_107><b_113><c_86>,<a_107>,<a_107><b_113>,1,0.0,0.0,999.0,1.0,0.0,66,1
2972,URBEST HH52P AC 24V Coil DPDT 8 Pins Electromagnetic Power Relay w DYF08A Base,fastener,<a_236><b_33><c_106>,<a_236>,<a_236><b_33>,1,0.0,0.0,999.0,0.0,1.0,84,2
2976,SEOH Plastic Hexagonal Weigh Boats Micro Dish 100pk,other,<a_229><b_136><c_130>,<a_229>,<a_229><b_136>,1,0.0,0.0,999.0,1.0,0.0,36,1
2985,"Remington Industries 26UL1007STRKIT UL1007 26 AWG Gauge Stranded Hook-Up Wire Kit, 300V, 0.0190"" Diameter, 25' Length",other,<a_67><b_152><c_55>,<a_67>,<a_67><b_152>,1,0.0,0.0,999.0,1.0,1.0,119,11
2987,"Alcotec 24-hour Turbo Yeast, 205 grams",fastener,<a_150><b_252><c_16>,<a_150>,<a_150><b_252>,1,0.0,0.0,999.0,0.0,0.0,116,2
2990,"Wiha 27920 Precision Chip Lifter, ESD Safe, 1 x 3.5mm",other,<a_159><b_109><c_29>,<a_159>,<a_159><b_109>,1,0.0,0.0,999.0,1.0,1.0,52,1
2991,"DIYmall 0.96"" Inch Blue I2c IIC Serial 128x64 Oled LCD LED Display Module for Arduino 51 Msp420 Stim32 SCR",other,<a_30><b_215><c_77>,<a_30>,<a_30><b_215>,1,0.0,0.0,999.0,0.0,0.0,68,2
2992,Tiny AVR Programmer,fastener,<a_30><b_8><c_22>,<a_30>,<a_30><b_8>,1,0.0,0.0,999.0,0.0,0.0,68,1
3002,Elenco  Resistor Substitution Box - RS-400,other,<a_73><b_189><c_52>,<a_73>,<a_73><b_189>,1,0.0,0.0,999.0,0.0,0.0,114,1
3004,"Scratch Brush, Fiberglass (Colors may vary)",other,<a_24><b_221><c_5>,<a_24>,<a_24><b_221>,1,0.0,0.0,999.0,1.0,0.0,119,2
3005,Laser Head Diode Dot Module WL Red mini 650nm 6mm 5V 5mW 10PCS,other,<a_73><b_110><c_1>,<a_73>,<a_73><b_110>,1,0.0,0.0,999.0,1.0,1.0,114,2
3006,"3M 4298 Adhesion Promoter, Sponge Applicator",other,<a_99><b_119><c_196>,<a_99>,<a_99><b_119>,1,0.0,0.0,999.0,0.0,1.0,32,1
3009,Yosoo 5Pcs HSS CNC Lathe Straight Shank 4 Flute End Mill Cutter Drill Bit Tool 4/6/8/10/12mm,other,<a_193><b_169><c_159>,<a_193>,<a_193><b_169>,1,0.0,0.0,999.0,0.0,1.0,133,1
3012,Dodolight Digital Dual Two Channel 2 K-Type Thermometer Thermocouple Sensor 1300 2372,gauge_meter,<a_158><b_22><c_230>,<a_158>,<a_158><b_22>,1,0.0,0.0,999.0,1.0,1.0,109,1
3014,"FlashForge HP-00057 Platform Sticker for Creator Pro and Dreamer, 6 Pcs Kit (Pack of 6)",3d_filament,<a_91><b_227><c_51>,<a_91>,<a_91><b_227>,1,0.0,0.0,999.0,1.0,0.0,72,1
3020,"Applied Magnets 1 Piece 3"" x 1/2"" x 1/2"" Grade N42 Neodymium Block Magnet",other,<a_251><b_212><c_36>,<a_251>,<a_251><b_212>,1,0.0,0.0,999.0,0.0,0.0,92,3
3023,Gelid Solutions GC-Extreme Thermal Compound TC-GC-03-A,other,<a_79><b_15><c_86>,<a_79>,<a_79><b_15>,1,0.0,0.0,999.0,1.0,0.0,60,2
3024,"Gardner Bender DS-110N Duct Seal, 1 lb. Pug",other,<a_170><b_218><c_244>,<a_170>,<a_170><b_218>,1,0.0,0.0,999.0,1.0,1.0,25,1
3028,FE455 Rubber Stopper- Size 8- Drilled,other,<a_108><b_247><c_195>,<a_108>,<a_108><b_247>,1,0.0,0.0,999.0,1.0,0.0,143,2
3034,"Easy RepRap - 12 LM8UU Linear Bearings for 3D Printer. Prusa Mendel, reprap",3d_filament,<a_158><b_101><c_223>,<a_158>,<a_158><b_101>,1,0.0,0.0,999.0,1.0,0.0,109,1
3036,"HATCHBOX PLA 3D Printer Filament, Dimensional Accuracy +/- 0.03 mm, 1 kg Spool, 1.75 mm, Transparent White",3d_filament,<a_223><b_198><c_85>,<a_223>,<a_223><b_198>,1,0.0,0.0,999.0,1.0,0.0,247,47
3040,"HATCHBOX PETG 3D Printer Filament, Dimensional Accuracy +/- 0.03 mm, 1 kg Spool, 1.75 mm, Purple",3d_filament,<a_223><b_72><c_250>,<a_223>,<a_223><b_72>,1,0.0,0.0,999.0,1.0,0.0,247,10
3041,"Adult & Infant CPR Mask Combo Kit with 2 Valves, MCR Medical",other,<a_44><b_128><c_40>,<a_44>,<a_44><b_128>,1,0.0,0.0,11.0,1.0,1.0,65,2
3047,2140Pcs SAMSUNG SMD 0805 50 Value Resistor & 32 Value Capacitor Assortment Kit,other,<a_73><b_197><c_153>,<a_73>,<a_73><b_197>,1,0.0,0.0,999.0,1.0,0.0,114,1
3050,Electronics-Salon 100 to 1M ohm 3296 Multiturn Trimmer Potentiometers Kit,other,<a_73><b_227><c_220>,<a_73>,<a_73><b_227>,1,0.0,0.0,999.0,1.0,1.0,114,1
3052,"Electronics-Salon 30 Types 74HCxx Series Logic IC Assortment Kit, High-Speed Si-Gate CMOS IC.",other,<a_30><b_183><c_89>,<a_30>,<a_30><b_183>,1,0.0,0.0,999.0,0.0,0.0,68,1
3071,3DMakerWorld 0.06mm (2.4mil) 8''x8'' Kapton Tape With Release Liner (10 Pack),tape,<a_91><b_239><c_216>,<a_91>,<a_91><b_239>,1,0.0,0.0,999.0,0.0,0.0,72,2
3080,SGS Tool Company 11703 SC-1 Double Cut Carbide Bur 1/4 Diameter 1/4 Shank Diameter,other,<a_193><b_75><c_16>,<a_193>,<a_193><b_75>,1,0.0,0.0,999.0,0.0,0.0,133,2
3081,KOOKYE Mega328 Transistor Tester Diode Triode Capacitance ESR Meter MOS/PNP/NPN L/C/R with Clear case,other,<a_36><b_183><c_135>,<a_36>,<a_36><b_183>,1,0.0,0.0,999.0,1.0,1.0,54,1
3083,Elitech WJL-6000 Portable Refrigerant Halogen Leak Detector Tester Air Condition HVAC R22 R410A R134A CFCs HCFCs HFCs Detects,other,<a_158><b_21><c_253>,<a_158>,<a_158><b_21>,1,0.0,0.0,999.0,1.0,0.0,109,2
3085,JOYSA 5PCS 0.4mm Drill Bits for 3D MakerBot Printer Nozzle Cleaning Kit BY JOYSA US Registered Brand,3d_filament,<a_17><b_235><c_225>,<a_17>,<a_17><b_235>,1,0.0,0.0,999.0,1.0,0.0,99,1
3090,"WoodPro Fasteners AP9X212-1 #9 by 2-1/2-Inch All Purpose Wood Construction Screws, T25, 1LB Net Weight",fastener,<a_224><b_230><c_23>,<a_224>,<a_224><b_230>,1,0.0,0.0,999.0,0.0,0.0,191,2
3092,WallPeg pegboard hooks &ndash; locking peg hooks &ndash; 50 peg kit for tool storage and craft organizer,other,<a_42><b_87><c_0>,<a_42>,<a_42><b_87>,1,0.0,0.0,999.0,1.0,0.0,100,3
3096,"HATCHBOX 3D Printer Filament, Dimensional Accuracy +/- 0.03 mm, 1 kg Spool, 1.75 mm, Bronze",3d_filament,<a_223><b_198><c_14>,<a_223>,<a_223><b_198>,1,0.0,0.0,999.0,1.0,0.0,247,47
3097,HICTOP 5 Pcs 100K ohm NTC Thermistors/Temp Sensor for Reprap 3D printer,3d_filament,<a_91><b_16><c_106>,<a_91>,<a_91><b_16>,1,0.0,0.0,999.0,1.0,0.0,72,1
3100,"Pro Tapes PRO-46/BLK260 PRO-46 Colored Masking Tape: 2"" x 60 yd, Black",tape,<a_202><b_62><c_103>,<a_202>,<a_202><b_62>,1,0.0,0.0,999.0,0.0,1.0,117,6
3103,"HATCHBOX PETG 3D Printer Filament, Dimensional Accuracy +/- 0.03 mm, 1 kg Spool, 1.75 mm, Gold",3d_filament,<a_223><b_72><c_48>,<a_223>,<a_223><b_72>,1,0.0,0.0,999.0,1.0,0.0,247,10
3105,"Lexan Sheet - Polycarbonate - .118"" - 1/8"" Thick, Clear, 12"" x 12"" Nominal",other,<a_79><b_45><c_74>,<a_79>,<a_79><b_45>,1,0.0,0.0,999.0,0.0,1.0,60,1
3106,"Rust-Oleum 214382Heavy-Duty Degreaser, 32-Ounce",other,<a_66><b_92><c_236>,<a_66>,<a_66><b_92>,1,0.0,0.0,999.0,0.0,1.0,40,1
3107,"uxcell a12071000ux0902 5 Pcs SPST On Off Black Snap in Boat Rocker Switch AC 250V/16A 125V/16A, Pack of 5",other,<a_236><b_18><c_235>,<a_236>,<a_236><b_18>,1,0.0,0.0,999.0,1.0,0.0,84,2
3119,"Pack of 12 3/8"" - 24 Fittings for 3/16"" tube",connector_fitting,<a_108><b_253><c_213>,<a_108>,<a_108><b_253>,1,0.0,0.0,999.0,0.0,1.0,143,1
3120,"Well Pump Wire Splice Kit, Submersible 3M Dual Wall Heat Shrink Tubing and Copper Connector for 4 Wires, 10#12#14 AWG.",adhesive_epoxy,<a_228><b_125><c_21>,<a_228>,<a_228><b_125>,1,0.0,0.0,999.0,0.0,0.0,96,1
3121,"3M General Purpose Vinyl Tape 764 Yellow, 2 in x 36 yd 5.0 mil (Pack of 1)",adhesive_epoxy,<a_202><b_210><c_166>,<a_202>,<a_202><b_210>,1,0.0,0.0,999.0,0.0,0.0,117,1
3124,"Industrial & Scientific"" />",metadata_placeholder,<a_15><b_243><c_26>,<a_15>,<a_15><b_243>,1,0.0,0.0,999.0,0.0,1.0,31,1
3125,"E-Projects 10EP514470R 470 Ohm Resistors, 1/4 W, 5% (Pack of 10)",tape,<a_73><b_224><c_3>,<a_73>,<a_73><b_224>,1,0.0,0.0,999.0,0.0,0.0,114,5
3127,"Campbell 1/4"" x 250' Galvanized Cable 7000827 Aircraft Cable",other,<a_67><b_192><c_163>,<a_67>,<a_67><b_192>,1,0.0,0.0,999.0,0.0,1.0,119,1
3135,"Industrial & Scientific"" />",metadata_placeholder,<a_15><b_96><c_231>,<a_15>,<a_15><b_96>,1,0.0,0.0,999.0,0.0,0.0,31,1
3150,"Brute 2632 BLU 22"" Diameter x 27-1/4"" Height, 32 gallon Blue LLDPE Heavy-Duty Round Container without Lid",other,<a_210><b_69><c_15>,<a_210>,<a_210><b_69>,1,0.0,0.0,11.0,1.0,1.0,95,2
3153,"WORKSHOP Wet/Dry Vacs WS1600SS Stainless Steel 6.5-Peak Wet Dry Vacuum Cleaner, 16 Gallon",3d_filament,<a_24><b_11><c_142>,<a_24>,<a_24><b_11>,1,0.0,0.0,999.0,0.0,0.0,119,2
3163,"Scott Essential Multifold Paper Towels (01804) with Fast-Drying Absorbency Pockets, White, 16 Packs / Case, 250 Multifold Towels / Pack",other,<a_210><b_45><c_66>,<a_210>,<a_210><b_45>,1,0.0,0.0,999.0,1.0,0.0,95,1
3166,Fouring BL Car Wide Angle Rear View Multi Blind Spot Mirror 3M VHB Tape,tape,<a_180><b_192><c_96>,<a_180>,<a_180><b_192>,1,0.0,0.0,999.0,0.0,1.0,81,2
3182,XCSOURCE 1 Set 6X8MM Head Tungsten Carbide Burrs For Rotary Drill Die Grinder Carving Bit BI044,other,<a_193><b_207><c_180>,<a_193>,<a_193><b_207>,1,0.0,0.0,999.0,0.0,0.0,133,1
3184,"Velleman AS4 Anti-Static Mat with Ground Cable - Desktop static dissipative mat - 11.8"" x 22",other,<a_23><b_205><c_57>,<a_23>,<a_23><b_205>,1,0.0,0.0,999.0,0.0,0.0,50,1
3185,Genuine E3D V6 All-Metal HotEnd 1.75mm Universal w/ Bowden Full Kit 12V (V6-175-B),3d_filament,<a_91><b_219><c_0>,<a_91>,<a_91><b_219>,1,0.0,0.0,999.0,1.0,0.0,72,2
3187,"Eagle 1202 Galvanized Steel Poly Tube Cigarette Butt Receptacle, 2-1/2 gallon Capacity, 35"" Height, 11"" Diameter, Yellow",other,<a_210><b_253><c_161>,<a_210>,<a_210><b_253>,1,0.0,0.0,999.0,0.0,1.0,95,1
3189,"1/2"" FPT TO 1/2"" BARB - Stainless Steel",connector_fitting,<a_108><b_239><c_177>,<a_108>,<a_108><b_239>,1,0.0,0.0,999.0,0.0,1.0,143,2
3190,TEMCo Heavy Duty Foot Switch CN0003 - Cast Aluminum Foot Switch 15A SPDT Electric Pedal Momentary 5 YEAR WARRANTY,other,<a_236><b_213><c_20>,<a_236>,<a_236><b_213>,1,0.0,0.0,999.0,0.0,1.0,84,1
3200,"Universal Glove Box Holder - Dispenser, Standard Size, Each",other,<a_44><b_29><c_161>,<a_44>,<a_44><b_29>,1,0.0,0.0,999.0,0.0,0.0,65,1
3202,"XiKe 30012X (300 Qty) 1/2"" Steel Balls, Slingshot Ammo Steel shot - G100",other,<a_71><b_207><c_232>,<a_71>,<a_71><b_207>,1,0.0,0.0,999.0,0.0,0.0,118,3
3206,Texas Instruments NE555P Single Precision Timer (Pack of 10),other,<a_30><b_191><c_10>,<a_30>,<a_30><b_191>,1,0.0,0.0,999.0,1.0,0.0,68,3
3208,"Polycarbonate Tubing, 3/4"" ID x 1"" OD x 1/8"" Wall, Clear Color 24"" L",connector_fitting,<a_228><b_194><c_217>,<a_228>,<a_228><b_194>,1,0.0,0.0,999.0,1.0,0.0,96,4
3215,"HATCHBOX ABS 3D Printer Filament, Dimensional Accuracy +/- 0.03 mm, 1 kg Spool, 1.75 mm, Copper",3d_filament,<a_223><b_198><c_2>,<a_223>,<a_223><b_198>,1,0.0,0.0,999.0,0.0,0.0,247,47
3228,URBEST&reg; 400V 10A 12 Postions Pre Insulated Fork Terminal Stripes 4 Pcs,other,<a_67><b_136><c_2>,<a_67>,<a_67><b_136>,1,0.0,0.0,999.0,1.0,0.0,119,3
3230,"E-Z Lok Threaded Insert, Brass, Knife Thread, 5/16""-18 Internal Threads, 0.625"" Length (Pack of 10)",fastener,<a_224><b_133><c_110>,<a_224>,<a_224><b_133>,1,0.0,0.0,999.0,0.0,0.0,191,4
3235,Uxcell s14032800am0476 Red Mushroom Cap 1NO 1NC DPST Emergency Stop Push Button Switch AC 660V 10A,other,<a_236><b_38><c_182>,<a_236>,<a_236><b_38>,1,0.0,0.0,999.0,0.0,0.0,84,1
3238,Empire Level 10304 Router Depth Gauge and Saw Depth Gauge,other,<a_104><b_68><c_119>,<a_104>,<a_104><b_68>,1,0.0,0.0,999.0,0.0,0.0,60,1
3255,"American Educational 7-880500-A Filtering Flask, Bomex Brand Clear Borosilicate Glass, 500mL Capacity",connector_fitting,<a_94><b_81><c_147>,<a_94>,<a_94><b_81>,1,0.0,0.0,999.0,0.0,0.0,111,2
3256,"Transfer Pipette, 3.0ml Graduated, 5.0ml Capacity, Large Bulb, 155mm, Karter Scientific 206H3 (Pack of 100)",other,<a_94><b_69><c_3>,<a_94>,<a_94><b_69>,1,0.0,0.0,999.0,1.0,0.0,111,3
3260,Strmlght Tlr Remote Door/Switch Assy,other,<a_71><b_27><c_217>,<a_71>,<a_71><b_27>,1,0.0,0.0,999.0,0.0,0.0,118,1
3262,30-10071 Spdt N.o./n.c. Magnetic Reed Switch (1),other,<a_236><b_229><c_51>,<a_236>,<a_236><b_229>,1,0.0,0.0,999.0,1.0,0.0,84,2
3264,"Corning Pyrex 1000-600 Glass 600mL Graduated Low Form Griffin Beaker, 50mL Graduation Interval, with Double Scale",connector_fitting,<a_17><b_99><c_17>,<a_17>,<a_17><b_99>,1,0.0,0.0,999.0,0.0,1.0,99,1
3265,Whirlpool 9709231 Replacement Gear Parts,other,<a_109><b_60><c_185>,<a_109>,<a_109><b_60>,1,0.0,0.0,999.0,0.0,1.0,40,1
3266,2x ATMEL ATTINY85-20PU 8-BIT 20MHz MCU,other,<a_30><b_1><c_249>,<a_30>,<a_30><b_1>,1,0.0,0.0,999.0,0.0,0.0,68,2
3270,"Stanley Swkbn625S Brad Nails, 5/8-Inch, 1000-Pack",fastener,<a_42><b_229><c_195>,<a_42>,<a_42><b_229>,1,0.0,0.0,999.0,0.0,0.0,100,1
3273,"5/8"" Heavy Duty Double Gripping Nylon Hose Clamps, 225&deg; F / 200 PSI Rated, 10 Pack (Made in USA/UK)",connector_fitting,<a_71><b_228><c_31>,<a_71>,<a_71><b_228>,1,0.0,0.0,999.0,0.0,1.0,118,1
3275,Pyrex Erlenmeyer Flask Starter Pack,connector_fitting,<a_94><b_195><c_240>,<a_94>,<a_94><b_195>,1,0.0,0.0,999.0,0.0,1.0,111,7
3277,"GSC International RS-SOLID-A Stoppers Rubber, Assorted Solid, 1 lb., Pack of 30",other,<a_170><b_60><c_212>,<a_170>,<a_170><b_60>,1,0.0,0.0,999.0,0.0,0.0,25,1
3290,Rectorseal 31631 1/4 Pint Brush Top Tru-Blu&nbsp;Pipe Thread Sealant,adhesive_epoxy,<a_244><b_151><c_12>,<a_244>,<a_244><b_151>,1,0.0,0.0,999.0,0.0,1.0,72,3
3297,"LDR 020 9645 Pressure Gauge, 3/4-Inch IPS, 200 lb. Pressure",connector_fitting,<a_229><b_36><c_36>,<a_229>,<a_229><b_36>,1,0.0,0.0,999.0,0.0,1.0,36,2
3298,"Malida 1/4 inch Quick Connect Check Valve for RO purifiers Water Reverse Osmosis System,5PCS",connector_fitting,<a_108><b_39><c_41>,<a_108>,<a_108><b_39>,1,0.0,0.0,999.0,0.0,1.0,143,1
3302,"PLA Glow in the Dark Cosmic Blue 3D Printing Filament, 1.75 mm",3d_filament,<a_223><b_212><c_0>,<a_223>,<a_223><b_212>,1,0.0,0.0,999.0,0.0,1.0,247,5
3314,"Stainless Steel 316/316L Pipe Fitting, Nipple, Schedule 40 Welded, 3/4"" X 2-1/2"" NPT Male",tape,<a_108><b_42><c_246>,<a_108>,<a_108><b_42>,1,0.0,0.0,999.0,0.0,1.0,143,7
3330,"Online Best Service 3"" Swivel Caster Wheels Rubber Base with Top Plate & Bearing Heavy Duty , Pack of 4",other,<a_87><b_74><c_159>,<a_87>,<a_87><b_74>,1,0.0,0.0,999.0,0.0,1.0,71,3
3334,Ajax Scientific 7 Piece Plastic Gear and Bushing Set,other,<a_159><b_117><c_43>,<a_159>,<a_159><b_117>,1,0.0,0.0,999.0,1.0,0.0,52,1
3335,50pcs x Superbright 10mm Round LED Light Lamp Ultra Bright 10mm White led 30000MCD,other,<a_73><b_223><c_193>,<a_73>,<a_73><b_223>,1,0.0,0.0,999.0,0.0,0.0,114,2
3336,"Sponge Neoprene With Adhesive 1/8"" Thick X 54"" Wide X 1'",adhesive_epoxy,<a_170><b_230><c_0>,<a_170>,<a_170><b_230>,1,0.0,0.0,999.0,0.0,0.0,25,2
3337,"Vastar ESD Anti-Static Wrist Strap Components, Blue",other,<a_23><b_38><c_36>,<a_23>,<a_23><b_38>,1,0.0,0.0,999.0,0.0,0.0,50,1
3339,"Eaton Weatherhead 3220X12X8 Brass CA360 Fitting, Bushing, 1/2"" NPT Female x 3/4"" NPT Male",connector_fitting,<a_108><b_160><c_4>,<a_108>,<a_108><b_160>,1,0.0,0.0,999.0,0.0,0.0,143,4
3340,"E-Projects 25EP514150R 150 Ohm Resistors, 1/4 W, 5% (Pack of 25)",tape,<a_73><b_10><c_6>,<a_73>,<a_73><b_10>,1,0.0,0.0,999.0,0.0,0.0,114,4
3352,"Duda Energy VCV-WOG1000-F075 Vertical Check Valve, 304 Stainless Steel, 3/4"" NPT Spring Loaded In-line Low Cracking Pressure.75",connector_fitting,<a_108><b_101><c_132>,<a_108>,<a_108><b_101>,1,0.0,0.0,999.0,0.0,0.0,143,3
3354,"Thomas Traceable Kangaroo Thermometer, 7.5"" Probe Length, -58 to 572 degree F, -50 to 300 degree C",gauge_meter,<a_197><b_75><c_57>,<a_197>,<a_197><b_75>,1,0.0,0.0,999.0,0.0,0.0,60,1
3356,PURE Potassium Hydroxide Flakes - 2 LB (Caustic Potash Anhydrous KOH Dry),other,<a_66><b_38><c_249>,<a_66>,<a_66><b_38>,1,0.0,0.0,999.0,0.0,0.0,40,1
3359,Fermcap-S Foam Inhibitor- 1 oz.,other,<a_150><b_242><c_144>,<a_150>,<a_150><b_242>,1,0.0,0.0,999.0,1.0,0.0,116,1
3363,Rotometals Kilo Bismuth Metal 99.99% Premium Grade,other,<a_79><b_101><c_91>,<a_79>,<a_79><b_101>,1,0.0,0.0,999.0,1.0,0.0,60,1
3366,"Adafruit 0.56"" 4-digit 7-segment Display W/i2c Backpack - Red",fastener,<a_73><b_208><c_108>,<a_73>,<a_73><b_208>,1,0.0,0.0,999.0,0.0,1.0,114,5
3371,ASI PR005-1M Steel Slotted Din Rail (Pack of 10),fastener,<a_23><b_188><c_92>,<a_23>,<a_23><b_188>,1,0.0,0.0,999.0,0.0,0.0,50,2
3381,"E-Projects 25EP514120R 120 Ohm Resistors, 1/4 W, 5% (Pack of 25)",tape,<a_73><b_10><c_0>,<a_73>,<a_73><b_10>,1,0.0,0.0,999.0,0.0,1.0,114,4
3385,Zoostliss 11 in 1 Professional Network Computer Maintenance Repair Tools Rj45 Rj11 Cat5 LAN Network Tool Kit,other,<a_17><b_14><c_128>,<a_17>,<a_17><b_14>,1,0.0,0.0,999.0,1.0,1.0,99,3
3393,"Corning Pyrex Borosilicate Glass Flat Bottom Boiling Flask, 250mL Capacity",other,<a_94><b_252><c_36>,<a_94>,<a_94><b_252>,1,0.0,0.0,999.0,1.0,0.0,111,1
3395,"Times Microwave Professional Weatherproof Self-Bonding Silicone Sealing Tape for Coax Connectors / Antennas (1.5"" x 15')",adhesive_epoxy,<a_202><b_202><c_88>,<a_202>,<a_202><b_202>,1,0.0,0.0,999.0,0.0,1.0,117,3
3396,"2-1/2"" Oil Filled Pressure Gauge - Stainless Steel Case, Brass, 1/4"" NPT, Lower Mount Connection 0-60PSI",connector_fitting,<a_229><b_169><c_161>,<a_229>,<a_229><b_169>,1,0.0,0.0,999.0,0.0,1.0,36,3
3397,Install Bay 3MHST1 Heat Shrink 1 Inch (diameter) x 4 Foot,other,<a_228><b_243><c_227>,<a_228>,<a_228><b_243>,1,0.0,0.0,999.0,1.0,0.0,96,3
3399,"FibaTape FDW8436-U 2-Inch by 150-Feet Cement Board Tape-Alkali-Resistant/Self-Adhesive, Grey",adhesive_epoxy,<a_244><b_199><c_85>,<a_244>,<a_244><b_199>,1,0.0,0.0,999.0,0.0,1.0,72,1
3407,SEOH Beaker 3000ml Borosilicate Glass,other,<a_94><b_111><c_153>,<a_94>,<a_94><b_111>,1,0.0,0.0,999.0,1.0,0.0,111,1
3408,"Shurflo 2088-554-144 Fresh Water Pump, 12 Volts, 3.5 Gallons Per Minute, 45 Psi",other,<a_109><b_27><c_73>,<a_109>,<a_109><b_27>,1,0.0,0.0,999.0,0.0,0.0,40,1
3415,Function Generator DIY KIT by JYE Tech FG085,other,<a_30><b_149><c_83>,<a_30>,<a_30><b_149>,1,0.0,0.0,999.0,0.0,1.0,68,2
3433,"Stainless Steel 304 Cast Pipe Fitting, Hex Locknut, MSS SP-114, 1/2"" NPT Female",tape,<a_108><b_146><c_77>,<a_108>,<a_108><b_146>,1,0.0,0.0,999.0,0.0,0.0,143,8
3447,Uxcell a13052700ux0259 6.35mm to 6.35mm CNC Stepper Motor Shaft Coupling Coupler for Encoder,connector_fitting,<a_23><b_194><c_106>,<a_23>,<a_23><b_194>,1,0.0,0.0,999.0,0.0,1.0,50,1
3452,"MakerBot PLA Filament, 1.75 mm Diameter, Large Spool, White",3d_filament,<a_223><b_243><c_64>,<a_223>,<a_223><b_243>,1,0.0,0.0,999.0,1.0,0.0,247,2
3455,"eSUN 1.75mm Warm White PLA PRO (PLA+) 3D Printer Filament 1KG Spool (2.2lbs), Warm White",3d_filament,<a_223><b_144><c_16>,<a_223>,<a_223><b_144>,1,0.0,0.0,999.0,1.0,0.0,247,12
3457,"RioRand(TM) Borosilicate glass for heatbed MK2/MK2A of 3D printer,Reprap, Mendel",3d_filament,<a_91><b_115><c_59>,<a_91>,<a_91><b_115>,1,0.0,0.0,999.0,1.0,0.0,72,2
3461,"Gizmo Dorks 3mm (2.85mm) ABS Filament 1kg / 2.2lb for 3D Printers, Black",3d_filament,<a_223><b_159><c_2>,<a_223>,<a_223><b_159>,1,0.0,0.0,999.0,0.0,1.0,247,11
3471,Signswise 200x200mm 12v 150w Silicone Rubber Heating Heater for 3d Printer Heated Beds,3d_filament,<a_79><b_182><c_89>,<a_79>,<a_79><b_182>,1,0.0,0.0,999.0,1.0,0.0,60,2
3478,NinjaFlex TPU Flexible Filament 1.75mm 50g Midnight (black),3d_filament,<a_223><b_242><c_201>,<a_223>,<a_223><b_242>,1,0.0,0.0,999.0,1.0,0.0,247,3
3488,"HATCHBOX ABS 3D Printer Filament, Dimensional Accuracy +/- 0.03 mm, 1 kg Spool, 1.75 mm, Transparent Red",3d_filament,<a_223><b_198><c_5>,<a_223>,<a_223><b_198>,1,0.0,0.0,999.0,1.0,0.0,247,47
3489,Elitech RC-5 USB Temperature Data logger Recorder 32000 Points High Accuracy,other,<a_158><b_75><c_208>,<a_158>,<a_158><b_75>,1,0.0,0.0,999.0,0.0,0.0,109,1
3495,Melting Dish Casting Crucible Tool Ingot Mold,other,<a_229><b_5><c_70>,<a_229>,<a_229><b_5>,1,0.0,0.0,999.0,1.0,1.0,36,2
3499,6-36VDC 4mm Detecting Distance NO Inductive Proximity Switch LJ12A3-4-Z/BY,other,<a_236><b_164><c_133>,<a_236>,<a_236><b_164>,1,0.0,0.0,999.0,0.0,0.0,84,1
3501,"Everdixie USA Dual Head Stethoscope, Pink",other,<a_180><b_195><c_179>,<a_180>,<a_180><b_195>,1,0.0,0.0,999.0,1.0,0.0,81,1
3509,"MG Chemicals Blue PETG 3D Printer Filament, 1.75 mm, 1 kg Spool",3d_filament,<a_223><b_126><c_247>,<a_223>,<a_223><b_126>,1,0.0,0.0,999.0,1.0,0.0,247,10
3512,Addicore 2 Pack ESP8266 ESP-01 WiFi Wireless Tranceiver Module 1MB Flash in Antistatic Foam Arduino Compatible,fastener,<a_30><b_251><c_206>,<a_30>,<a_30><b_251>,1,0.0,0.0,27.0,1.0,0.0,68,1
3516,DHT Electronics 2PCS RF coaxial cable UHF female SO239 to MCX male right angle connector RG316 20CM,connector_fitting,<a_23><b_148><c_2>,<a_23>,<a_23><b_148>,1,0.0,0.0,999.0,0.0,0.0,50,3
3520,SainSmart 1.75mm PVA Dissolvable 3D Printers Filament -0.5kg/1.1lbs (Natural),3d_filament,<a_223><b_42><c_158>,<a_223>,<a_223><b_42>,1,0.0,0.0,999.0,0.0,0.0,247,1
3523,"Uxcell a14050500ux0216 HC-49S DIP Quartz Crystal Oscillator, 16 MHz, 16.000 MHz, 10 Piece",other,<a_73><b_84><c_141>,<a_73>,<a_73><b_84>,1,0.0,0.0,999.0,0.0,0.0,114,1
3526,"Gizmo Dorks 3mm (2.85mm) ABS Filament 1kg / 2.2lb for 3D Printers, Green",3d_filament,<a_223><b_159><c_158>,<a_223>,<a_223><b_159>,1,0.0,0.0,999.0,1.0,0.0,247,11
3528,"SEOH Micro Borosilicate Glass Graduated Beakers (5ml, 10ml and 25ml)",other,<a_94><b_40><c_253>,<a_94>,<a_94><b_40>,1,0.0,0.0,999.0,1.0,1.0,111,7
3533,SEOH 600ml Low Form Borosilicate Glass Graduated Beaker (Each),other,<a_94><b_68><c_169>,<a_94>,<a_94><b_68>,1,0.0,0.0,999.0,0.0,1.0,111,1
3541,5PCS Nema 17 Stepper Motor Bipolar 2A 84oz.in 48mm 4-lead for 3D Printer/CNC,3d_filament,<a_30><b_192><c_3>,<a_30>,<a_30><b_192>,1,0.0,0.0,999.0,1.0,0.0,68,2
3548,Gladiator GACK04KDSX Ready-to-Assemble Caster Kit,other,<a_87><b_211><c_133>,<a_87>,<a_87><b_211>,1,0.0,0.0,999.0,0.0,1.0,71,1
3549,"Hydroplanet&trade; 4 Inch Duct Booster Fan,exhaust Fan High Cfm, 4"" 65-100 CFM (4 Inch)",ventilation_fan,<a_109><b_192><c_143>,<a_109>,<a_109><b_192>,1,0.0,0.0,999.0,0.0,0.0,40,1
3552,"Rubbermaid Commercial Heavy-Duty BRUTE Dome Swing Top Door Lid for 44 Gallon Waste/Utility Containers, Plastic, Gray (FG264788GRAY)",other,<a_210><b_183><c_88>,<a_210>,<a_210><b_183>,1,0.0,0.0,999.0,1.0,1.0,95,1
3553,"Uxcell a15011600ux0214 5 Piece 5K Ohm Linear Taper Rotary Potentiometer, 5KB B5K Pot",tape,<a_73><b_123><c_204>,<a_73>,<a_73><b_123>,1,0.0,0.0,999.0,0.0,1.0,114,5
3555,"3D PLA 1.75MM BLUE Plastic 3D Printer Printing Filament, Dimensional Accuracy +/- 0.04 mm, 1KG 2.2LBS",3d_filament,<a_158><b_206><c_66>,<a_158>,<a_158><b_206>,1,0.0,0.0,999.0,0.0,0.0,109,9
3559,Beaker Low Form Glass Graduated 600ml,other,<a_94><b_149><c_175>,<a_94>,<a_94><b_149>,1,0.0,0.0,999.0,0.0,1.0,111,1
3563,"High Temperature Tape 1/2"" Wide, Kapton No Residue Heat Tape for Sublimation and Heat Transfe",tape,<a_233><b_195><c_221>,<a_233>,<a_233><b_195>,1,0.0,0.0,999.0,0.0,1.0,20,1
3564,"ATMEL ATTINY85-20PU MCU, 8BIT, ATTINY, 20MHZ, DIP-8 (10 pieces)",other,<a_30><b_1><c_196>,<a_30>,<a_30><b_1>,1,0.0,0.0,36.0,1.0,0.0,68,2
3571,"SCIGRIP 16 Acrylic Cement, Low-VOC, Medium bodied, 1 Pint Can with Screw-on Cap, Clear",adhesive_epoxy,<a_165><b_219><c_42>,<a_165>,<a_165><b_219>,1,0.0,0.0,999.0,0.0,0.0,72,5
3573,"Industrial & Scientific"" />",metadata_placeholder,<a_15><b_103><c_136>,<a_15>,<a_15><b_103>,1,0.0,0.0,999.0,0.0,0.0,31,1
3578,Drillpro 4x4'' Scientific Lab Jack Aluminum Lab Lifting Platform Stand Rack Scissor Lab-Lift Lifter,other,<a_87><b_124><c_202>,<a_87>,<a_87><b_124>,1,0.0,0.0,999.0,1.0,0.0,71,1
3582,"Fowler 72-030-006 6"" / 150 mm Dial Caliper",gauge_meter,<a_104><b_36><c_136>,<a_104>,<a_104><b_36>,1,0.0,0.0,999.0,0.0,0.0,60,1
3585,uxcell 10 Pcs Air Pneumatic 4mm to 4mm Straight Push in Connectors Quick Fittings,connector_fitting,<a_108><b_190><c_177>,<a_108>,<a_108><b_190>,1,0.0,0.0,999.0,0.0,0.0,143,1
3597,"SHURFLO 1434.1019 234-2926 1/2"" FPT X 1/2"" Barb Straight Swivel",connector_fitting,<a_108><b_239><c_199>,<a_108>,<a_108><b_239>,1,0.0,0.0,999.0,0.0,1.0,143,2
3610,Platform Sticker for QIDI TECH I 3D Printer: 5 pcs kit,3d_filament,<a_91><b_165><c_154>,<a_91>,<a_91><b_165>,1,0.0,0.0,999.0,1.0,1.0,72,1
3612,"Photo Frog Basket Accents Shrink Wrap 60"" X3yd Roll, Clear,Notions - In Network,349162"" />",other,<a_68><b_147><c_109>,<a_68>,<a_68><b_147>,1,0.0,0.0,999.0,1.0,0.0,67,2
3633,"[STAR] Alchement - TPU Series, 3D Filament, 1.75mm, 1kg (Dark Orange-TPU)",3d_filament,<a_223><b_242><c_230>,<a_223>,<a_223><b_242>,1,0.0,0.0,999.0,1.0,0.0,247,3
3645,Inland 1.75mm Natural PLA 3D Printer Filament - 1kg Spool (2.2 lbs),3d_filament,<a_158><b_72><c_125>,<a_158>,<a_158><b_72>,1,0.0,0.0,999.0,1.0,0.0,109,19
3649,"[3D CAM] 5 PCS DRV8825 StepStick Stepper Motor Drivers for 3D Printer Electronics, CNC Machine or Robotics",3d_filament,<a_158><b_89><c_233>,<a_158>,<a_158><b_89>,1,0.0,0.0,999.0,1.0,0.0,109,4
3650,Synkia 3D Print Removal Tool 1PC 3D Printer Accessories,3d_filament,<a_197><b_93><c_80>,<a_197>,<a_197><b_93>,1,0.0,0.0,999.0,1.0,1.0,60,1
3656,Anycubic 1 Spool Stable Acrylic 3D Printer Filament Tabletop Mount Rack,3d_filament,<a_223><b_83><c_199>,<a_223>,<a_223><b_83>,1,0.0,0.0,999.0,1.0,0.0,247,1
3660,uxcell Ball Bushing Linear Motion 8mm x 15mm x 24mm Double Sealed 10 Pcs,other,<a_251><b_167><c_247>,<a_251>,<a_251><b_167>,1,0.0,0.0,999.0,0.0,0.0,92,3
3661,"Industrial & Scientific"" />",metadata_placeholder,<a_15><b_234><c_196>,<a_15>,<a_15><b_234>,1,0.0,0.0,999.0,0.0,0.0,31,2
3662,"BuildTak 3D Printing Build Surface, 6.5"" x 10"" Rectangle, Black (Pack of 3)",3d_filament,<a_223><b_184><c_28>,<a_223>,<a_223><b_184>,1,0.0,0.0,999.0,1.0,0.0,247,6
3665,"American 3D Supply PLA 3D Printer Filament, 1 kg Spool, 1.75 mm, Red",3d_filament,<a_223><b_220><c_172>,<a_223>,<a_223><b_220>,1,0.0,0.0,999.0,0.0,0.0,247,4
3670,"HATCHBOX PETG 3D Printer Filament, Dimensional Accuracy +/- 0.03 mm, 1 kg Spool, 1.75 mm, Red",3d_filament,<a_223><b_72><c_76>,<a_223>,<a_223><b_72>,1,0.0,0.0,999.0,1.0,0.0,247,10
3672,Uxcell a15072100ux0300 M3x0.5mm Zinc Plated Self-Locking Nylon Insert Hex Lock Nuts 50pcs (Pack of 50),fastener,<a_224><b_228><c_136>,<a_224>,<a_224><b_228>,1,0.0,0.0,999.0,0.0,0.0,191,1
3676,"Proto-pasta Composite Iron PLA, 1.75mm 500g",3d_filament,<a_223><b_212><c_84>,<a_223>,<a_223><b_212>,1,0.0,0.0,999.0,1.0,0.0,247,5
3677,Dremel 3D Printing BT20-01 Build Sheets (Pack of 3),3d_filament,<a_223><b_1><c_32>,<a_223>,<a_223><b_1>,1,0.0,0.0,999.0,1.0,1.0,247,1
3678,Redrex 0.4mm Stainless Steel 3D Printer Nozzle for 1.75mm Filament V6 Extruder Pack of 5Pcs,3d_filament,<a_91><b_96><c_109>,<a_91>,<a_91><b_96>,1,0.0,0.0,999.0,1.0,0.0,72,2
3680,ProSpec PLA - Emerald - Beautiful Gemstone - Performance Grade 3D Printer Filament - 2.85mm - 2.2LB / 1kg,3d_filament,<a_223><b_193><c_230>,<a_223>,<a_223><b_193>,1,0.0,0.0,999.0,1.0,0.0,247,7
570,Bissell 9595A CleanView Bagless Vacuum with OnePass,other,<a_24><b_132><c_34>,<a_24>,<a_24><b_132>,15,0.0,0.06666666666666667,607.6,0.4,0.6,119,1
178,"Neiko 10194A Titanium Step Drill Bit, High Speed Steel | 1/4"" to 1-3/8"" | Total 10 Step Sizes",other,<a_224><b_17><c_207>,<a_224>,<a_224><b_17>,14,0.0,0.07142857142857142,928.1428571428571,0.2857142857142857,0.35714285714285715,191,3
2703,"eSUN 3D 1.75mm PETG Black Filament 1kg (2.2lb), PETG 3D Printer Filament, 1.75mm Solid Opaque Black",3d_filament,<a_223><b_126><c_0>,<a_223>,<a_223><b_126>,14,0.07142857142857142,0.07142857142857142,789.5,0.6428571428571429,0.21428571428571427,247,10
266,"iGaging ABSOLUTE ORIGIN 0-6"" Digital Electronic Caliper - IP54 Protection/Extreme Accuracy",gauge_meter,<a_104><b_60><c_152>,<a_104>,<a_104><b_60>,11,0.0,0.09090909090909091,820.3636363636364,0.09090909090909091,0.5454545454545454,60,1
3475,"3D Solutech Real Orange 3D Printer PLA Filament 1.75MM Filament, Dimensional Accuracy +/- 0.03 mm, 2.2 LBS (1.0KG)",3d_filament,<a_223><b_80><c_23>,<a_223>,<a_223><b_80>,11,0.0,0.09090909090909091,281.54545454545456,1.0,0.0,247,24
152,"Camco 4ft TastePURE Drinking Water Hose - Lead and BPA Free, Reinforced for Maximum Kink Resistance,  1/2""Inner Diameter (22763)",connector_fitting,<a_228><b_113><c_68>,<a_228>,<a_228><b_113>,10,0.0,0.1,606.5,0.1,0.5,96,1
821,"Apera Instruments AI209 PH20 Value Waterproof pH Pocket Tester, &plusmn;0.1 pH Accuracy, 0-14.0 pH Range, Complete Kit",gauge_meter,<a_107><b_231><c_0>,<a_107>,<a_107><b_231>,10,0.0,0.1,900.0,0.4,0.3,66,2
774,DuPont Teflon Non-Stick,other,<a_197><b_204><c_0>,<a_197>,<a_197><b_204>,9,0.1111111111111111,0.1111111111111111,888.1111111111111,0.3333333333333333,0.2222222222222222,60,2
40,"Forney 20859 Cutting Fluid, Industrial Pro Tap Magic, 1-Gallon",other,<a_173><b_93><c_124>,<a_173>,<a_173><b_93>,17,0.0,0.11764705882352941,597.8823529411765,0.7058823529411765,0.6470588235294118,64,2
3016,"HATCHBOX 3D Printer Filament, Dimensional Accuracy +/- 0.03mm, 1.75 mm, 1 kg Spool, Wood",3d_filament,<a_223><b_201><c_101>,<a_223>,<a_223><b_201>,17,0.0,0.11764705882352941,312.70588235294116,0.9411764705882353,0.17647058823529413,247,3
157,Yueton 100pcs Female Fully Insulated Wire Crimp Terminal Nylon Quick Connectors Wiring Spade,connector_fitting,<a_67><b_23><c_0>,<a_67>,<a_67><b_23>,8,0.0,0.125,874.875,0.0,0.375,119,8
1206,"eSUN 1.75mm Black PLA PRO (PLA+) 3D Printer Filament 1KG Spool (2.2lbs), Black",3d_filament,<a_158><b_245><c_180>,<a_158>,<a_158><b_245>,8,0.0,0.125,508.5,0.875,0.375,109,1
1255,"SE 82331TF 30-Piece Set of Titanium-Coated Diamond Burrs, Grits 120-150",tape,<a_193><b_203><c_191>,<a_193>,<a_193><b_203>,8,0.0,0.125,631.375,0.0,0.375,133,1
3443,Inland 1.75mm Translucent Magenta PETG 3D Printer Filament - 1kg Spool (2.2 Lbs),3d_filament,<a_158><b_72><c_13>,<a_158>,<a_158><b_72>,8,0.0,0.125,630.75,0.875,0.25,109,19
2912,Inland 1.75mm Black PLA 3D Printer Filament - 1kg Spool (2.2 lbs),3d_filament,<a_158><b_72><c_141>,<a_158>,<a_158><b_72>,31,0.0,0.12903225806451613,555.741935483871,0.8387096774193549,0.12903225806451613,109,19
51,HATCHBOX 1 Spool 3D Printer Filament Tabletop Wall Mount Rack,3d_filament,<a_223><b_29><c_58>,<a_223>,<a_223><b_29>,7,0.14285714285714285,0.14285714285714285,441.7142857142857,0.5714285714285714,0.14285714285714285,247,3
202,Loctite Liquid Professional Super Glue  20-Gram Bottle (1365882),adhesive_epoxy,<a_165><b_15><c_16>,<a_165>,<a_165><b_15>,7,0.0,0.14285714285714285,717.0,0.0,0.14285714285714285,72,2
281,SE TL10 10-Piece Test Lead Set with Alligator Clips,other,<a_211><b_100><c_25>,<a_211>,<a_211><b_100>,7,0.0,0.14285714285714285,857.2857142857143,0.14285714285714285,0.5714285714285714,45,1
831,"DEWALT DW8062B5 4-1/2-Inch by 0.045-Inch Metal and Stainless Cutting Wheel, 7/8-Inch Arbor, 5-Pack",other,<a_193><b_42><c_1>,<a_193>,<a_193><b_42>,7,0.0,0.14285714285714285,856.7142857142857,0.7142857142857143,0.5714285714285714,133,2
2161,"3D Solutech Natural Clear 1.75mm 3D Printer PLA Filament, Dimensional Accuracy +/- 0.03 mm, 2.2 LBS (1.0KG)",3d_filament,<a_223><b_80><c_140>,<a_223>,<a_223><b_80>,19,0.05263157894736842,0.15789473684210525,430.10526315789474,0.6842105263157895,0.42105263157894735,247,24
2721,"3D Solutech Navy Blue 3D Printer PLA Filament 1.75MM Filament, Dimensional Accuracy +/- 0.03 mm, 2.2 LBS (1.0KG)",3d_filament,<a_223><b_246><c_2>,<a_223>,<a_223><b_246>,12,0.0,0.16666666666666666,179.0,1.0,0.3333333333333333,247,2
23,"Gardner Bender 07315001126 LTB-400 Liquid Electrical Tape, Easy-on, Waterproof, Indoor/Outdoor Use, 4 Oz. Jar, Black, Bottle",adhesive_epoxy,<a_202><b_100><c_73>,<a_202>,<a_202><b_100>,6,0.0,0.16666666666666666,834.1666666666666,0.0,0.6666666666666666,117,1
563,Foreasy 3D Printer Tool 3D Print Removal Tool Enhanced Version Set of 2,3d_filament,<a_223><b_59><c_60>,<a_223>,<a_223><b_59>,6,0.0,0.16666666666666666,513.1666666666666,0.8333333333333334,0.16666666666666666,247,3
2045,"X-Treme Tape TPE-XR1510ZLB Silicone Rubber Self Fusing Tape, 1.5"" x 10', Rectangular, Black",tape,<a_202><b_198><c_10>,<a_202>,<a_202><b_198>,6,0.0,0.16666666666666666,834.0,0.3333333333333333,0.6666666666666666,117,10
2156,"Monoprice ABS 3D Printer Filament - White - 1kg Spool, 1.75mm Thick | For All ABS Compatible Printers",3d_filament,<a_223><b_78><c_229>,<a_223>,<a_223><b_78>,6,0.0,0.16666666666666666,671.0,0.6666666666666666,0.16666666666666666,247,4
2472,"HATCHBOX ABS 3D Printer Filament, Dimensional Accuracy +/- 0.03 mm, 1 kg Spool, 1.75 mm, Black",3d_filament,<a_223><b_198><c_6>,<a_223>,<a_223><b_198>,10,0.0,0.2,407.9,0.7,0.2,247,47
2993,"3D Solutech Blue 3D Printer Ultra PLA Filament 1.75MM Filament, Dimensional Accuracy +/- 0.03 mm, 2.2 LBS (1.0KG)",3d_filament,<a_223><b_80><c_128>,<a_223>,<a_223><b_80>,10,0.0,0.2,702.1,0.8,0.1,247,24
675,J-B Weld 8265S Original Cold-Weld Steel Reinforced Epoxy - 2 oz.,adhesive_epoxy,<a_165><b_59><c_69>,<a_165>,<a_165><b_59>,5,0.0,0.2,409.8,0.2,0.8,72,4
2477,BAMtack! 1.75mm Black PLA 3D Printer Filament - 1kg (2.2 lbs) - Dimensional Accuracy +/- 0.03mm,3d_filament,<a_223><b_160><c_251>,<a_223>,<a_223><b_160>,5,0.0,0.2,210.8,0.8,0.6,247,2
2739,1.75mm Black PLA 3D Printer Filament - 1kg Spool (2.2 lbs) - Dimensional Accuracy +/- 0.03mm,3d_filament,<a_158><b_206><c_3>,<a_158>,<a_158><b_206>,5,0.0,0.2,218.6,1.0,0.2,109,9
338,"Etekcity Lasergrip 1080 Non-Contact Digital Laser Infrared Thermometer Temperature Gun -58~1022 (-50550), Yellow and Black",gauge_meter,<a_107><b_90><c_50>,<a_107>,<a_107><b_90>,19,0.0,0.21052631578947367,383.36842105263156,0.10526315789473684,0.47368421052631576,66,2
3442,"3D Solutech Real Purple 3D Printer PLA Filament 1.75MM Filament, Dimensional Accuracy +/- 0.03 mm, 2.2 LBS (1.0KG)",3d_filament,<a_223><b_80><c_4>,<a_223>,<a_223><b_80>,9,0.0,0.2222222222222222,344.1111111111111,1.0,0.2222222222222222,247,24
2333,"eSUN 3D Printer CLEANING Filament 1.75mm Natural 0.1kg for all 1.75mm FDM 3D Printers, 1.75mm Cleaning",3d_filament,<a_91><b_162><c_93>,<a_91>,<a_91><b_162>,12,0.0,0.25,349.8333333333333,0.9166666666666666,0.16666666666666666,72,1
175,"Gorilla Crystal Clear Duct Tape, 1.88&rdquo; x 9 yd, Clear, (Pack of 1)",tape,<a_202><b_52><c_97>,<a_202>,<a_202><b_52>,8,0.0,0.25,626.875,0.125,0.625,117,8
2544,"SainSmart Clear Flexible TPU 3D Printing Filament, 1.75 mm, 0.8 kg, Dimensional Accuracy +/- 0.05 mm",3d_filament,<a_223><b_86><c_176>,<a_223>,<a_223><b_86>,8,0.0,0.25,266.0,0.875,0.0,247,1
2659,"3D Solutech Apple Green 3D Printer PLA Filament 1.75MM Filament, Dimensional Accuracy +/- 0.03 mm, 2.2 LBS (1.0KG)",3d_filament,<a_223><b_80><c_0>,<a_223>,<a_223><b_80>,8,0.25,0.25,508.875,0.625,0.25,247,24
225,"Anderson Metals Brass Hose Fitting, Connector, 5/16"" Barb x 3/8"" Male Pipe",connector_fitting,<a_108><b_88><c_41>,<a_108>,<a_108><b_88>,4,0.0,0.25,751.5,0.5,0.75,143,3
377,"Gorilla Tape, Black Tough & Wide Duct Tape, 2.88"" x 30 yd, Black, (Pack of 1)",adhesive_epoxy,<a_202><b_52><c_132>,<a_202>,<a_202><b_52>,4,0.0,0.25,509.25,0.0,0.25,117,8
699,"POWERTEC 15501 1/2"" Arbor 60-Grit Silicon Carbide Grinding Wheel, 6"" by 3/4",adhesive_epoxy,<a_193><b_177><c_173>,<a_193>,<a_193><b_177>,4,0.0,0.25,750.25,0.25,0.5,133,3
979,"Anderson Metals Brass Threaded Pipe Fitting, Hex Bushing, 3/4"" Male x 1/2"" Female",tape,<a_108><b_133><c_0>,<a_108>,<a_108><b_133>,4,0.0,0.25,258.25,0.25,0.25,143,3
1098,J-B Weld 50112 ClearWeld Quick-Setting Epoxy Syringe - Dries Clear - 25 ml,adhesive_epoxy,<a_165><b_159><c_154>,<a_165>,<a_165><b_159>,4,0.0,0.25,751.25,0.75,0.75,72,1
2714,NinjaFlex TPU 3D Printing Filament - 1.75mm .50kg - SAPPHIRE,3d_filament,<a_223><b_242><c_216>,<a_223>,<a_223><b_242>,4,0.0,0.25,509.75,1.0,0.25,247,3
2742,1.75mm Dark Blue PLA 3D Printer Filament - 1kg Spool (2.2 lbs) - Dimensional Accuracy +/- 0.03mm,3d_filament,<a_158><b_206><c_0>,<a_158>,<a_158><b_206>,4,0.0,0.25,504.5,1.0,0.25,109,9
2835,Ginsco 108pcs Insulated Heat Shrink Waterproof Butt Connectors Wire electrical 14-16 AWG Kit Blue,adhesive_epoxy,<a_67><b_126><c_54>,<a_67>,<a_67><b_126>,4,0.0,0.25,507.5,0.0,0.5,119,2
3312,"TEMCo 3/4"" Marine Heat Shrink Tube 3:1 Adhesive Glue Lined 4 ft BLACK",adhesive_epoxy,<a_228><b_198><c_25>,<a_228>,<a_228><b_198>,4,0.0,0.25,750.25,0.5,0.75,96,6
176,URBEST 530 Pcs 2:1 Heat Shrink Tubing Tube Sleeving Wrap Cable Wire 5 Color 8 Size,other,<a_17><b_80><c_8>,<a_17>,<a_17><b_80>,11,0.0,0.2727272727272727,550.8181818181819,0.2727272727272727,0.18181818181818182,99,1
2507,"HATCHBOX PLA 3D Printer Filament, Dimensional Accuracy +/- 0.03 mm, 1 kg Spool, 1.75 mm, Silver",3d_filament,<a_223><b_198><c_173>,<a_223>,<a_223><b_198>,7,0.0,0.2857142857142857,575.7142857142857,1.0,0.0,247,47
2932,Inland 1.75mm Blue PLA 3D Printer Filament - 1kg Spool (2.2 lbs),3d_filament,<a_158><b_72><c_219>,<a_158>,<a_158><b_72>,10,0.0,0.3,602.9,0.9,0.3,109,19
2734,Inland 1.75mm White PLA 3D Printer Filament - 1kg Spool (2.2 lbs),3d_filament,<a_158><b_72><c_232>,<a_158>,<a_158><b_72>,21,0.0,0.3333333333333333,530.7619047619048,0.7619047619047619,0.2857142857142857,109,19
130,"Gorilla Tape, Black Duct Tape, 1.88"" x 35 yd, Black, (Pack of 1)",adhesive_epoxy,<a_202><b_52><c_171>,<a_202>,<a_202><b_52>,15,0.06666666666666667,0.3333333333333333,342.3333333333333,0.26666666666666666,0.6,117,8
1107,"HATCHBOX PLA 3D Printer Filament, Dimensional Accuracy +/- 0.03 mm, 1 kg Spool, 1.75 mm, Glow in the Dark",3d_filament,<a_223><b_198><c_230>,<a_223>,<a_223><b_198>,9,0.0,0.3333333333333333,234.33333333333334,0.8888888888888888,0.2222222222222222,247,47
560,"Litmus pH Test Strips, Universal Application (pH 1-14), 2 Packs of 100 Strips",test_strip,<a_94><b_166><c_155>,<a_94>,<a_94><b_166>,6,0.16666666666666666,0.3333333333333333,342.8333333333333,0.16666666666666666,0.3333333333333333,111,5
1824,DTOL 10 X Mini Laser Dot Diode Module Head WL Red 650nm 6mm 5V 5mW Pack of 10,other,<a_73><b_110><c_3>,<a_73>,<a_73><b_110>,6,0.0,0.3333333333333333,503.3333333333333,0.3333333333333333,0.6666666666666666,114,2
2158,"eSUN 3D 1.75mm PETG Green Filament 1kg (2.2lb), PETG 3D Printer Filament, Semi-Transparent 1.75mm Green",3d_filament,<a_223><b_126><c_115>,<a_223>,<a_223><b_126>,6,0.0,0.3333333333333333,344.0,0.6666666666666666,0.3333333333333333,247,10
3,"Kreg SML-C125-500 1-1/4-Inch #8 Coarse Pocket Hole Screws with Washer-Head, 500-Pack",fastener,<a_224><b_163><c_184>,<a_224>,<a_224><b_163>,3,0.0,0.3333333333333333,668.3333333333334,0.3333333333333333,0.3333333333333333,191,7
283,Nitrile Exam Glove (non-latex) PF Medium Blue 100/BX,other,<a_44><b_9><c_168>,<a_44>,<a_44><b_9>,3,0.3333333333333333,0.3333333333333333,666.3333333333334,0.3333333333333333,0.6666666666666666,65,5
326,J-B Weld 8276 KwikWeld Quick Setting Steel Reinforced Epoxy - 2 oz.,adhesive_epoxy,<a_165><b_59><c_20>,<a_165>,<a_165><b_59>,3,0.0,0.3333333333333333,341.0,0.3333333333333333,0.6666666666666666,72,4
339,"Drill America DWT Series Qualtech High-Speed Steel Round Adjustable Threading Die, 1-1/2"" Diameter, 11/16""-18 Size (Pack of 1)",fastener,<a_224><b_188><c_21>,<a_224>,<a_224><b_188>,3,0.3333333333333333,0.3333333333333333,666.3333333333334,0.3333333333333333,0.6666666666666666,191,1
467,"3M Utility Duct Tape 2929 Silver, 1.88 in x 50 yd 5.8 mils (Pack of 1)",adhesive_epoxy,<a_202><b_160><c_184>,<a_202>,<a_202><b_160>,3,0.0,0.3333333333333333,666.6666666666666,0.0,0.3333333333333333,117,7
734,"microtivity IL188 5mm Assorted Clear LED w/Resistors (8 Colors, Pack of 80)",other,<a_73><b_231><c_56>,<a_73>,<a_73><b_231>,3,0.3333333333333333,0.3333333333333333,666.3333333333334,0.3333333333333333,0.0,114,1
809,"Loos Cableware AN100-C4 Stainless Steel Thimble for 3/32"" and 1/8"" Diameter Wire Rope (10 Piece)",other,<a_67><b_108><c_20>,<a_67>,<a_67><b_108>,3,0.0,0.3333333333333333,341.0,0.0,0.6666666666666666,119,4
1035,"Anderson Metals Brass Pipe Fitting, 90 Degree Barstock Street Elbow, 3/8"" Male Pipe x 3/8"" Female Pipe",connector_fitting,<a_108><b_1><c_46>,<a_108>,<a_108><b_1>,3,0.0,0.3333333333333333,667.0,1.0,0.3333333333333333,143,8
1198,TapeCase 3432 1in X 50yd Red Reflective Tape (1 Roll),tape,<a_68><b_121><c_7>,<a_68>,<a_68><b_121>,3,0.3333333333333333,0.3333333333333333,666.3333333333334,0.3333333333333333,0.3333333333333333,67,4
1285,"Anderson Metals Brass Pipe Fitting, Coupling, 1/2"" x 1/2"" Female Pipe",tape,<a_108><b_244><c_167>,<a_108>,<a_108><b_244>,3,0.0,0.3333333333333333,667.0,0.3333333333333333,0.0,143,4
1359,"Big Gator Tools V-Tap Guide, Standard sizes 0-80 to 5/8",other,<a_224><b_75><c_97>,<a_224>,<a_224><b_75>,3,0.3333333333333333,0.3333333333333333,666.3333333333334,0.6666666666666666,0.6666666666666666,191,2
1376,"Century Drill and Tool 97205 Plug Hand Pipe Tap, 3/4-14 NPT",connector_fitting,<a_224><b_88><c_115>,<a_224>,<a_224><b_88>,3,0.0,0.3333333333333333,668.0,0.3333333333333333,0.6666666666666666,191,3
1805,PODOY 20PCS Photoresistor GL5537 5537 LDR Photo Resistors Light-Dependent,other,<a_73><b_37><c_3>,<a_73>,<a_73><b_37>,3,0.0,0.3333333333333333,18.333333333333332,0.6666666666666666,0.0,114,3
1809,"UHMW (Ultra High Molecular Weight Polyethylene) Sheet, Opaque White, Standard Tolerance, ASTM D4020, 1/8"" Thickness, 12"" Width, 24"" Length",other,<a_79><b_114><c_108>,<a_79>,<a_79><b_114>,3,0.0,0.3333333333333333,11.333333333333334,1.0,0.3333333333333333,60,4
2485,Inland 1.75mm Gold PLA 3D Printer Filament - 1kg Spool (2.2 lbs),3d_filament,<a_158><b_72><c_6>,<a_158>,<a_158><b_72>,3,0.0,0.3333333333333333,668.6666666666666,0.6666666666666666,0.3333333333333333,109,19
2732,PTFE Teflon Bowden Tube for 1.75 Filament (2.0mm ID/4.0mm OD) &ndash; WhiteConnector Tubing for 3D Printer - 1.5 Meters,3d_filament,<a_223><b_147><c_138>,<a_223>,<a_223><b_147>,3,0.0,0.3333333333333333,668.3333333333334,1.0,0.0,247,2
2871,"3M 468MP Adhesive Transfer Tape, 4"" width x 5yd length (1 roll)",adhesive_epoxy,<a_202><b_82><c_207>,<a_202>,<a_202><b_82>,3,0.0,0.3333333333333333,666.6666666666666,0.0,1.0,117,4
1552,"3D Solutech Teal Blue 3D Printer PLA Filament 1.75MM Filament, Dimensional Accuracy +/- 0.03 mm, 2.2 LBS (1.0KG)",3d_filament,<a_223><b_80><c_114>,<a_223>,<a_223><b_80>,11,0.0,0.36363636363636365,282.0,0.9090909090909091,0.2727272727272727,247,24
3466,"3D Solutech Real Red 3D Printer PLA Filament 1.75MM, Dimensional Accuracy +/- 0.03 mm, 2.2 LBS (1.0KG) - RA-I00I-DQUY",3d_filament,<a_223><b_80><c_165>,<a_223>,<a_223><b_80>,11,0.0,0.36363636363636365,193.63636363636363,1.0,0.36363636363636365,247,24
2152,"HATCHBOX PLA 3D Printer Filament, Dimensional Accuracy +/- 0.03 mm, 1 kg Spool, 1.75 mm, Gold",3d_filament,<a_223><b_198><c_100>,<a_223>,<a_223><b_198>,8,0.0,0.375,265.0,1.0,0.125,247,47
172,"Gorilla Super Glue Gel, 15 Gram, Clear",adhesive_epoxy,<a_165><b_52><c_74>,<a_165>,<a_165><b_52>,5,0.0,0.4,404.4,0.0,0.6,72,2
341,"Neiko 11108A 4.5&rdquo; x 7/8-Inch Aluminum Oxide Flap Disc, 80 Grit | Flat Type #27 | 10-Pack",other,<a_193><b_5><c_106>,<a_193>,<a_193><b_5>,5,0.4,0.4,210.4,0.4,0.4,133,4
3114,Inland 1.75mm Purple PLA 3D Printer Filament - 1kg Spool (2.2 lbs),3d_filament,<a_158><b_72><c_213>,<a_158>,<a_158><b_72>,5,0.0,0.4,209.2,1.0,0.2,109,19
416,PRO 1 Fuel Line Hose 1/4 Inch Inside Diameter X 25 Feet Length NRB/PVCC SAE30R6,connector_fitting,<a_228><b_75><c_44>,<a_228>,<a_228><b_75>,7,0.2857142857142857,0.42857142857142855,572.5714285714286,0.5714285714285714,0.42857142857142855,96,2
2697,"3D Solutech Real White 3D Printer PLA Filament 1.75MM Filament, Dimensional Accuracy +/- 0.03 mm, 2.2 LBS (1.0KG)",3d_filament,<a_223><b_80><c_159>,<a_223>,<a_223><b_80>,30,0.0,0.5,144.06666666666666,0.9,0.3,247,24
513,"Kimberly-Clark Professional Kimtech Science KimWipes Delicate Task Wipers, 4.4 x 8.4 in. 1-ply",other,<a_210><b_12><c_10>,<a_210>,<a_210><b_12>,10,0.4,0.5,500.2,0.8,0.5,95,4
1553,Inland 1.75mm Red PLA 3D Printer Filament - 1kg Spool (2.2 lbs),3d_filament,<a_158><b_72><c_191>,<a_158>,<a_158><b_72>,8,0.0,0.5,383.375,0.875,0.125,109,19
2807,VIVOSUN 6 Inch 440 CFM Inline Duct Ventilation Fan with Variable Speed Controller,ventilation_fan,<a_158><b_91><c_208>,<a_158>,<a_158><b_91>,8,0.0,0.5,143.125,0.0,0.875,109,2
3557,3D Solutech Chocolate Brown 3D Printer PLA Filament 1.75MM Filament 2.2 LBS (1.0KG),3d_filament,<a_223><b_80><c_0>,<a_223>,<a_223><b_80>,8,0.0,0.5,378.875,1.0,0.375,247,24
116,Rescue Tape RT1000201202USCO,tape,<a_202><b_62><c_182>,<a_202>,<a_202><b_62>,6,0.5,0.5,178.66666666666666,0.5,0.6666666666666666,117,6
2157,"eSUN 3D 1.75mm PETG Blue Filament 1kg (2.2lb), PETG 3D Printer Filament, 1.75mm Semi-Transparent Blue",3d_filament,<a_223><b_126><c_16>,<a_223>,<a_223><b_126>,6,0.0,0.5,503.6666666666667,0.6666666666666666,0.5,247,10
2718,Inland 1.75mm Pink PLA 3D Printer Filament - 1kg Spool (2.2 lbs),3d_filament,<a_158><b_72><c_220>,<a_158>,<a_158><b_72>,6,0.0,0.5,340.1666666666667,1.0,0.16666666666666666,109,19
3631,3D Solutech Skin 3D Printer PLA Filament 1.75MM Filament 2.2 LBS (1.0KG),3d_filament,<a_223><b_80><c_0>,<a_223>,<a_223><b_80>,6,0.0,0.5,501.1666666666667,0.8333333333333334,0.16666666666666666,247,24
42,"Precision Brand M6S Micro Seal, Miniature All Stainless Worm Gear Hose Clamp, 5/16"" - 7/8"" (Pack of 10)",connector_fitting,<a_71><b_242><c_21>,<a_71>,<a_71><b_242>,4,0.0,0.5,13.25,0.5,0.0,118,2
396,Westek SW103CT Outdoor Swivel Photo Control,other,<a_109><b_58><c_144>,<a_109>,<a_109><b_58>,4,0.5,0.5,500.0,0.5,0.75,40,1
461,"Hy-Ko Products TSR-100 Posted Private Property Tyvek Sign Roll 11"" x 11"" Yellow, 100 Pieces",other,<a_68><b_179><c_229>,<a_68>,<a_68><b_179>,4,0.5,0.5,500.0,0.5,0.5,67,1
975,"X-Treme Tape TPE-XZLB Silicone Rubber Self Fusing Tape, 1"" x 10', Triangular, Black",tape,<a_202><b_198><c_77>,<a_202>,<a_202><b_198>,4,0.0,0.5,500.75,0.5,0.25,117,10
1415,"SE 8436MVC 3"" Universal Table Vise",fastener,<a_193><b_37><c_133>,<a_193>,<a_193><b_37>,4,0.5,0.5,500.0,0.5,0.75,133,4
2204,"Proto-pasta CFP11705 The Original Carbon Fiber Spool , PLA 1.75 mm, 500 g , Black",3d_filament,<a_223><b_89><c_223>,<a_223>,<a_223><b_89>,4,0.0,0.5,502.25,0.75,0.25,247,2
22,"Eye-Vac EVPRO Tuxedo Black Touchless Stationary Vacuum &ndash; 1400 Watts Professional Vacuum with HEPA Filtration, Bag-less Canister. Floor Care",other,<a_197><b_91><c_69>,<a_197>,<a_197><b_91>,2,0.5,0.5,500.0,1.0,1.0,60,3
33,Bessey BV-NVJ Multi-Purpose Vise Jaws (Jaws Only),other,<a_193><b_97><c_87>,<a_193>,<a_193><b_97>,2,0.0,0.5,502.5,0.0,1.0,133,1
218,Phresh Duct Silencer 8 in x 24 in,ventilation_fan,<a_109><b_74><c_57>,<a_109>,<a_109><b_74>,2,0.0,0.5,503.0,0.0,0.5,40,2
285,Z&T Solderless Flexible Breadboard Jumper Wires M/M 100pcs,connector_fitting,<a_73><b_8><c_168>,<a_73>,<a_73><b_8>,2,0.0,0.5,502.0,0.0,0.5,114,2
332,DEWALT DW4523 4-1/2-Inch by 1/4-Inch by 5/8-Inch General Purpose Metal Grinding Wheel,other,<a_193><b_67><c_19>,<a_193>,<a_193><b_67>,2,0.0,0.5,500.5,1.0,1.0,133,5
335,"Dewalt DW8061B5 4 x 0.045 Inch Metal and Stainless Steel Cutting Wheels , 4 Inch by 0.045-Inch",other,<a_193><b_33><c_227>,<a_193>,<a_193><b_33>,2,0.0,0.5,503.5,1.0,1.0,133,1
366,Lisle 52750 Stethoscope Kit,connector_fitting,<a_180><b_233><c_123>,<a_180>,<a_180><b_233>,2,0.5,0.5,500.0,1.0,0.5,81,1
567,"ProTapes Pro Duct 100 PE-Coated Cloth Economy Duct Tape, 60 yds Length x 2"" Width, Black (Pack of 1)",adhesive_epoxy,<a_202><b_62><c_99>,<a_202>,<a_202><b_62>,2,0.0,0.5,500.5,0.5,1.0,117,6
749,"BSI Bob Smith 152 Insta Set Accelerator, 8 oz.",other,<a_99><b_170><c_176>,<a_99>,<a_99><b_170>,2,0.5,0.5,500.0,0.5,0.5,32,1
800,"Anderson Metals 57001-0402 Brass Hose Fitting, Adapter, 1/4"" Barb x 1/8"" NPT Male Pipe",connector_fitting,<a_108><b_88><c_113>,<a_108>,<a_108><b_88>,2,0.0,0.5,501.0,0.5,0.5,143,3
824,"213C2 Karter Scientific Glass Graduated Cylinder 3 Piece Set 10, 50 & 100ml",other,<a_94><b_75><c_129>,<a_94>,<a_94><b_75>,2,0.0,0.5,503.0,0.0,0.5,111,2
851,3M Aqua-Pure Whole House Replacement Water Filter &ndash; Model AP810,other,<a_197><b_193><c_3>,<a_197>,<a_197><b_193>,2,0.0,0.5,502.5,0.5,0.5,60,1
950,"X-Treme Tape TPE-XZLCLR Silicone Rubber Self Fusing Tape, 1"" x 10', Triangular, Clear",tape,<a_202><b_198><c_218>,<a_202>,<a_202><b_198>,2,0.0,0.5,500.5,0.5,0.0,117,10
1134,FiberFix 10x Tape- 10x Stonger Than Duct Tape- Weight Bearing Untearable Water Resistant Repair Tape,adhesive_epoxy,<a_122><b_121><c_22>,<a_122>,<a_122><b_121>,2,0.0,0.5,15.0,0.5,1.0,35,1
1182,"Super Lube 51004 Synthetic Oil with PTFE, High Viscosity, 4 oz Bottle",other,<a_173><b_60><c_25>,<a_173>,<a_173><b_60>,2,0.0,0.5,501.5,0.5,0.5,64,1
1246,"Keeper (02604 6' x 1"" Lift Sling, 1 Ply",other,<a_71><b_28><c_190>,<a_71>,<a_71><b_28>,2,0.5,0.5,500.0,0.5,0.0,118,1
1373,"X-Treme Tape TPE-XZLBRD Silicone Rubber Self Fusing Tape, 1"" x 10', Triangular, Bright Red",tape,<a_202><b_198><c_76>,<a_202>,<a_202><b_198>,2,0.0,0.5,23.0,0.5,0.5,117,10
1385,ARM & HAMMER Spinbrush Classic Clean Battery Toothbrush,other,<a_24><b_227><c_199>,<a_24>,<a_24><b_227>,2,0.0,0.5,502.5,0.0,1.0,119,3
1411,"DEWALT DCS16250 2-1/2-Inch by 16 Gauge Finish Nail (2,500 per Box)",fastener,<a_42><b_33><c_16>,<a_42>,<a_42><b_33>,2,0.0,0.5,14.5,1.0,0.0,100,6
1429,"3M Duct Tape Black, 3920-BK, 1.88 Inches by 20 Yards",adhesive_epoxy,<a_202><b_160><c_5>,<a_202>,<a_202><b_160>,2,0.5,0.5,500.0,1.0,1.0,117,7
1559,"Hakko CHP 7-SA Stainless Steel Non-Magnetic Precision Tweezers with Very-Fine Point Curved Tips, 4-1/2"" Length",other,<a_42><b_110><c_0>,<a_42>,<a_42><b_110>,2,0.0,0.5,502.5,1.0,1.0,100,2
1657,AmScope 25pc Assorted Specimen Collection of Prepared Microscope Slides Glass Slide with Storage Case,other,<a_206><b_99><c_1>,<a_206>,<a_206><b_99>,2,0.0,0.5,501.5,1.0,0.0,60,2
1666,"ATP Vinyl-Flex PVC Food Grade Plastic Tubing, Clear, 1/2"" ID x 5/8"" OD, 100 feet Length",other,<a_228><b_40><c_163>,<a_228>,<a_228><b_40>,2,0.5,0.5,18.5,0.5,0.0,96,5
1727,Home Brew Ohio 6382a Pectic Enzyme (powder) - 1 lb.,other,<a_150><b_81><c_248>,<a_150>,<a_150><b_81>,2,0.0,0.5,23.0,1.0,1.0,116,1
1768,"Anderson Metals Brass Pipe Fitting, Barstock Street Tee, 1/8"" Female Pipe x 1/8"" Male Pipe x 1/8"" Female Pipe",tape,<a_108><b_107><c_125>,<a_108>,<a_108><b_107>,2,0.0,0.5,500.5,0.0,0.5,143,1
1887,"Bare Copper Wire, Bright, 12 AWG, 0.08"" Diameter, 50' Length (Pack of 1)",other,<a_228><b_85><c_197>,<a_228>,<a_228><b_85>,2,0.0,0.5,501.0,0.5,0.5,96,4
2103,"TEMCo 1/2"" Marine Heat Shrink Tube 3:1 Adhesive Glue Lined 4 ft RED",adhesive_epoxy,<a_228><b_72><c_189>,<a_228>,<a_228><b_72>,2,0.0,0.5,500.5,0.5,0.5,96,1
2251,"3M  Pro Strength Duct Tape, 1230-C, 1.88 Inches by 30 Yards",adhesive_epoxy,<a_202><b_160><c_28>,<a_202>,<a_202><b_160>,2,0.5,0.5,500.0,0.5,0.5,117,7
2431,Ginsco 110pcs Male Red 22-18 Gauge Nylon Fully-Insulated Quick Disconnects Wiring Spade Wire Connector Crimp Terminal,connector_fitting,<a_67><b_23><c_39>,<a_67>,<a_67><b_23>,2,0.0,0.5,14.0,1.0,0.0,119,8
2530,"Think Safe 1095TS 7"" Trauma Shear",other,<a_44><b_182><c_228>,<a_44>,<a_44><b_182>,2,0.0,0.5,7.5,0.5,0.5,65,2
2617,Yueton&reg; 100pcs Yellow 12/10-Gauge Economy Nylon Male Fully-Insulated Quick Disconnects Wiring Spade Wire Crimp Terminal,connector_fitting,<a_67><b_23><c_20>,<a_67>,<a_67><b_23>,2,0.0,0.5,501.0,0.0,0.5,119,8
3011,Little Giant 10940 Retrofit Wheel Kit,other,<a_87><b_158><c_26>,<a_87>,<a_87><b_158>,2,0.5,0.5,500.0,0.5,0.5,71,1
3414,"eSUN 1.75mm White ABS+ 3D Printer filament 1kg Spool (2.2lbs), White",3d_filament,<a_223><b_232><c_186>,<a_223>,<a_223><b_232>,2,0.0,0.5,500.5,1.0,0.5,247,1
3112,"3D Solutech Real Black 3D Printer PLA Filament 1.75MM Filament, Dimensional Accuracy +/- 0.03 mm, 2.2 LBS (1.0KG) - PLA175RBLK",3d_filament,<a_223><b_80><c_3>,<a_223>,<a_223><b_80>,32,0.0625,0.53125,348.5,0.90625,0.3125,247,24
3453,"3D Solutech Real Gold 3D Printer PLA Filament 1.75MM Filament, Dimensional Accuracy +/- 0.03 mm, 2.2 LBS (1.0KG)",3d_filament,<a_223><b_80><c_91>,<a_223>,<a_223><b_80>,12,0.0,0.5833333333333334,175.5,0.8333333333333334,0.3333333333333333,247,24
1851,"HATCHBOX PLA 3D Printer Filament, Dimensional Accuracy +/- 0.03 mm, 1 kg Spool, 1.75 mm, Yellow",3d_filament,<a_223><b_198><c_9>,<a_223>,<a_223><b_198>,20,0.0,0.6,353.7,0.8,0.05,247,47
125,"Gorilla 6100101 Tape Handy Roll, 1-Pack, Black",tape,<a_202><b_52><c_122>,<a_202>,<a_202><b_52>,5,0.0,0.6,206.2,0.0,0.4,117,8
444,"HATCHBOX ABS 3D Printer Filament, Dimensional Accuracy +/- 0.03 mm, 1 kg Spool, 1.75 mm, White",3d_filament,<a_223><b_198><c_114>,<a_223>,<a_223><b_198>,8,0.125,0.625,255.375,0.75,0.0,247,47
1850,"HATCHBOX PLA 3D Printer Filament, Dimensional Accuracy +/- 0.03 mm, 1 kg Spool, 1.75 mm, Red",3d_filament,<a_223><b_198><c_182>,<a_223>,<a_223><b_198>,15,0.06666666666666667,0.6666666666666666,204.0,1.0,0.13333333333333333,247,47
2083,Applied Magnets Strong N52 Neodymium Magnet 1 inch Cube,other,<a_251><b_212><c_39>,<a_251>,<a_251><b_212>,3,0.6666666666666666,0.6666666666666666,333.6666666666667,0.6666666666666666,1.0,92,3
2869,"13cm Dia. (5.1"") Filter Funnel, Buchner Style - 2 Parts, Polypropylene, Designed for 11-12.5cm Filter Paper",other,<a_94><b_93><c_57>,<a_94>,<a_94><b_93>,3,0.0,0.6666666666666666,11.666666666666666,1.0,0.3333333333333333,111,2
3151,Anycubic Pulley Version Unassemble Delta Rostock 3D Printer Kossel Kit Large Print Size with Heatbed and Power Supply,3d_filament,<a_158><b_211><c_119>,<a_158>,<a_158><b_211>,3,0.0,0.6666666666666666,337.0,0.6666666666666666,0.0,109,1
3546,Inland 1.75mm Orange PLA 3D Printer Filament - 1kg Spool (2.2 lbs),3d_filament,<a_158><b_72><c_76>,<a_158>,<a_158><b_72>,3,0.0,0.6666666666666666,337.3333333333333,1.0,0.3333333333333333,109,19
1847,"HATCHBOX PLA 3D Printer Filament, Dimensional Accuracy +/- 0.03 mm, 1 kg Spool, 1.75 mm, White",3d_filament,<a_223><b_20><c_170>,<a_223>,<a_223><b_20>,25,0.04,0.68,244.24,0.84,0.08,247,5
2660,"3D Solutech Real Grey 3D Printer PLA Filament 1.75MM Filament, Dimensional Accuracy +/- 0.03 mm, 2.2 LBS (1.0KG)",3d_filament,<a_223><b_80><c_158>,<a_223>,<a_223><b_80>,10,0.0,0.7,109.7,1.0,0.3,247,24
2909,"3D Solutech Silver Metal 3D Printer PLA Filament 1.75MM Filament, Dimensional Accuracy +/- 0.03 mm, 2.2 LBS (1.0KG) - PLA175TCMS",3d_filament,<a_223><b_80><c_84>,<a_223>,<a_223><b_80>,31,0.0967741935483871,0.7096774193548387,197.96774193548387,0.9032258064516129,0.25806451612903225,247,24
119,"Rubbermaid Commercial BRUTE Heavy-Duty Round Waste/Utility Container with Venting Channels, 20-gallon, Gray (FG262000GRAY)",other,<a_210><b_156><c_39>,<a_210>,<a_210><b_156>,7,0.7142857142857143,0.7142857142857143,12.0,0.8571428571428571,1.0,95,4
1672,"Medline Skin integrity Wound Cleansers, 16 fl oz.",other,<a_44><b_248><c_203>,<a_44>,<a_44><b_248>,7,0.7142857142857143,0.7142857142857143,286.14285714285717,1.0,1.0,65,1
2063,"3Doodler Create 3D Pen with 50 Plastic Strands, No Mess, Non-Toxic -",other,<a_223><b_102><c_158>,<a_223>,<a_223><b_102>,5,0.0,0.8,201.4,0.8,0.0,247,2
181,"AcuRite 00613 Humidity Monitor with Indoor Thermometer, Digital Hygrometer and Humidity Gauge Indicator",gauge_meter,<a_107><b_93><c_0>,<a_107>,<a_107><b_93>,132,0.5833333333333334,0.8257575757575758,78.99242424242425,0.5909090909090909,0.7575757575757576,66,2
2979,Inland 1.75mm Gray PLA 3D Printer Filament - 1kg Spool (2.2 lbs),3d_filament,<a_158><b_72><c_88>,<a_158>,<a_158><b_72>,6,0.6666666666666666,0.8333333333333334,168.66666666666666,1.0,0.16666666666666666,109,19
50,"HATCHBOX PLA 3D Printer Filament, Dimensional Accuracy +/- 0.03 mm, 1 kg Spool, 1.75 mm, Blue",3d_filament,<a_223><b_198><c_36>,<a_223>,<a_223><b_198>,13,0.6153846153846154,0.8461538461538461,6.0,0.9230769230769231,0.0,247,47
3494,"3D Solutech Real Yellow 3D Printer PLA Filament 1.75MM Filament, Dimensional Accuracy +/- 0.03 mm, 2.2 LBS (1.0KG)",3d_filament,<a_223><b_80><c_101>,<a_223>,<a_223><b_80>,10,0.2,0.9,103.7,0.9,0.3,247,24
140,DuPont Teflon Silicone Lubricant,other,<a_173><b_201><c_145>,<a_173>,<a_173><b_201>,12,0.3333333333333333,0.9166666666666666,85.0,0.5833333333333334,0.5,64,1
182,"AcuRite 00613 Humidity Monitor with Indoor Thermometer, Digital Hygrometer and Humidity Gauge Indicator",gauge_meter,<a_107><b_93><c_0>,<a_107>,<a_107><b_93>,68,0.9852941176470589,1.0,1.1029411764705883,0.9852941176470589,1.0,66,2
1249,"T-fal C51402 Excite Nonstick Thermo-Spot Dishwasher Safe Oven Safe PFOA Free Fry Pan Cookware, 8-Inch, Red",fastener,<a_14><b_233><c_0>,<a_14>,<a_14><b_233>,7,1.0,1.0,1.0,1.0,0.0,39,3
1250,"T-fal C51402 Excite Nonstick Thermo-Spot Dishwasher Safe Oven Safe PFOA Free Fry Pan Cookware, 8-Inch, Red",fastener,<a_14><b_233><c_0>,<a_14>,<a_14><b_233>,7,1.0,1.0,1.0,1.0,1.0,39,3
8,"UltraSource 192033 Hamburger Patty Paper, 5.5"" x 5.5"" (Pack of 1000)",other,<a_210><b_231><c_0>,<a_210>,<a_210><b_231>,6,1.0,1.0,1.0,1.0,1.0,95,2
94,"White SiliconeTubing, 3/16""ID, 1/4""OD, 1/32"" Wall, 10' Length",connector_fitting,<a_228><b_158><c_11>,<a_228>,<a_228><b_158>,6,1.0,1.0,1.0,1.0,0.0,96,2
2934,Inland 1.75mm Yellow PLA 3D Printer Filament - 1kg Spool (2.2 lbs),3d_filament,<a_158><b_72><c_70>,<a_158>,<a_158><b_72>,5,0.0,1.0,5.4,1.0,0.4,109,19
226,"Anderson Metals Brass Hose Fitting, Connector, 3/4"" Barb x 3/4"" Male Pipe",connector_fitting,<a_108><b_244><c_216>,<a_108>,<a_108><b_244>,4,0.5,1.0,1.75,0.5,0.25,143,4
500,"HDPE (High Density Polyethylene) Sheet, Opaque Off-White, Standard Tolerance, ASTM D4976-245, 0.250"" Thickness, 12"" Width, 12"" Length",other,<a_17><b_62><c_235>,<a_17>,<a_17><b_62>,4,1.0,1.0,1.0,1.0,0.0,99,5
1154,"6061 Aluminum Round Rod, Unpolished (Mill) Finish, Extruded, T6511 Temper, ASTM B221, 1/4"" Diameter, 60"" Length",other,<a_251><b_198><c_114>,<a_251>,<a_251><b_198>,4,0.75,1.0,1.25,1.0,0.25,92,9
1155,"6061 Aluminum Round Rod, Unpolished (Mill) Finish, Extruded, T6511 Temper, ASTM B221, 0.5"" Diameter, 96"" Length",other,<a_251><b_198><c_9>,<a_251>,<a_251><b_198>,4,1.0,1.0,1.0,1.0,0.0,92,9
1156,"6061 Aluminum Round Rod, Unpolished (Mill) Finish, Extruded, T6511 Temper, ASTM B221, 1-5/8"" Diameter, 24"" Length",other,<a_251><b_198><c_132>,<a_251>,<a_251><b_198>,4,1.0,1.0,1.0,1.0,0.0,92,9
1157,"6061 Aluminum Round Rod, Unpolished (Mill) Finish, Extruded, T6511 Temper, ASTM B221, 2"" Diameter, 12"" Length",other,<a_251><b_198><c_238>,<a_251>,<a_251><b_198>,4,1.0,1.0,1.0,1.0,0.0,92,9
1158,"6061 Aluminum Round Rod, Unpolished (Mill) Finish, Extruded, T6511 Temper, ASTM B221, 1/2"" Diameter, 24"" Length",other,<a_251><b_198><c_188>,<a_251>,<a_251><b_198>,4,1.0,1.0,1.0,1.0,0.0,92,9
217,Ancor Tinned Copper Lugs 8 AWG - 4/0 AWG,other,<a_17><b_217><c_0>,<a_17>,<a_17><b_217>,3,1.0,1.0,1.0,1.0,1.0,99,4
273,"Gorilla Original Gorilla Glue, Waterproof Polyurethane Glue, 2 ounce Bottle, Brown, (Pack of 4)",3d_filament,<a_165><b_107><c_4>,<a_165>,<a_165><b_107>,3,1.0,1.0,1.0,1.0,0.0,72,5
3210,Ancor Heat Shrink Ring Terminals,adhesive_epoxy,<a_67><b_199><c_0>,<a_67>,<a_67><b_199>,3,1.0,1.0,1.0,1.0,1.0,119,3
507,"Stainless Flat Washers 1/4 Inch, 304 Stainless Steel, 100 pieces (1/4 Flat Washer) by ""Chenango Supply Co., Inc.",fastener,<a_108><b_76><c_55>,<a_108>,<a_108><b_76>,2,0.0,1.0,3.5,0.0,0.5,143,2
635,Texas Instruments NE555N NE555 NE555P General Purpose Single Bipolar Timer DIP8 50 Pack,other,<a_30><b_191><c_20>,<a_30>,<a_30><b_191>,2,0.5,1.0,5.0,0.5,0.0,68,3
706,"Shepherd Hardware 9174 2-Inch Cast Iron Swivel Plate Caster, 125-lb Load Capacity",other,<a_87><b_222><c_159>,<a_87>,<a_87><b_222>,2,1.0,1.0,1.0,1.0,0.0,71,1
870,"Gardner Bender GSW-111  Electrical Long Bat Handle Toggle Switch, SPST, ON-OFF, 20 A/125V AC,  Screw Terminal",fastener,<a_236><b_106><c_235>,<a_236>,<a_236><b_106>,2,1.0,1.0,1.0,1.0,0.0,84,4
1715,Acid Blend - 8 oz.,other,<a_150><b_48><c_173>,<a_150>,<a_150><b_48>,2,0.0,1.0,3.5,1.0,0.0,116,4
2278,"GREX P6/35L 23 Gauge 1-3/8-Inch Length Headless Pins (10,000 per box)",fastener,<a_42><b_117><c_0>,<a_42>,<a_42><b_117>,2,0.5,1.0,1.5,1.0,0.0,100,4
108,"Polycarbonate (PC) Sheet, Transparent Clear, Standard Tolerance, ASTM D3935, 0.08"" Thickness, 12"" Width, 24"" Length",other,<a_17><b_62><c_1>,<a_17>,<a_17><b_62>,1,1.0,1.0,1.0,1.0,0.0,99,5
148,"Plastic Transfer Pipettes 3ml, Graduated, Pack of 100",other,<a_94><b_35><c_31>,<a_94>,<a_94><b_35>,1,1.0,1.0,1.0,1.0,0.0,111,1
265,"ZJchao 10 pieces Tungsten Carbide Rotary Burr SET 1/8"" shank [Misc.]",other,<a_193><b_113><c_101>,<a_193>,<a_193><b_113>,1,0.0,1.0,7.0,1.0,0.0,133,5
355,"PORTER-CABLE PBN18100-1 1-Inch 18 Gauge Brad Nails, 1000-Pack",fastener,<a_42><b_133><c_136>,<a_42>,<a_42><b_133>,1,0.0,1.0,7.0,1.0,0.0,100,4
356,"PORTER-CABLE PNS18075 3/4-Inch, 18 Gauge Narrow Crown (1/4-Inch) Staple (5000-Pack)",fastener,<a_42><b_226><c_0>,<a_42>,<a_42><b_226>,1,1.0,1.0,1.0,1.0,0.0,100,5
407,Lucksender 100 Feet /30 Meter 1/4inch / 6mm I.D Polyolefin 2:1 Heat Shrink Tubing,other,<a_228><b_217><c_7>,<a_228>,<a_228><b_217>,1,1.0,1.0,1.0,1.0,0.0,96,4
408,Lucksender 100 Feet/30 Meter 1/8inch / 3mm I.D Polyolefin 2:1 Heat Shrink Tubing,other,<a_228><b_217><c_2>,<a_228>,<a_228><b_217>,1,0.0,1.0,3.0,1.0,0.0,96,4
417,American Terminal E-FFB250N-100 16/14-Gauge Economy Nylon Fully-Insulated Female Quick Disconnects,other,<a_67><b_56><c_2>,<a_67>,<a_67><b_56>,1,0.0,1.0,3.0,1.0,1.0,119,8
421,"Anytime Tools 7/32"" Diamond Chainsaw Sharpener Burr 1/8"" Shank, 4 Pack",other,<a_193><b_222><c_45>,<a_193>,<a_193><b_222>,1,0.0,1.0,7.0,0.0,0.0,133,2
447,"DEWALT DCS16200 2-Inch by 16 Gauge Finish Nail (2,500 per Box)",fastener,<a_42><b_33><c_21>,<a_42>,<a_42><b_33>,1,0.0,1.0,6.0,1.0,1.0,100,6
526,"Rubbermaid Commercial Products FG263100GRAY Rubbermaid Commercial Round Brute Container Lid, Gray, 32G",other,<a_210><b_156><c_215>,<a_210>,<a_210><b_156>,1,0.0,1.0,3.0,1.0,1.0,95,4
646,"Red Devil 0405 DuraGuard Kitchen and Bath Siliconized Acrylic Caulk, 5.5 Oz, Squeeze Tube, Paste, White",adhesive_epoxy,<a_244><b_58><c_6>,<a_244>,<a_244><b_58>,1,1.0,1.0,1.0,1.0,0.0,72,2
686,"The Hillman Group 90293 10-32-Inch x 1/2-Inch Round Head Combo Machine Screw, 100-Pack",fastener,<a_224><b_77><c_49>,<a_224>,<a_224><b_77>,1,0.0,1.0,7.0,1.0,1.0,191,7
814,"DEWALT DW4902 1-Inch by 1/4-Inch High Performance Carbon Knot Wire End Brush, 0.020-Inch Wire",other,<a_193><b_58><c_115>,<a_193>,<a_193><b_58>,1,1.0,1.0,1.0,1.0,0.0,133,2
954,"Remington Industries 22UL1007STRRED UL1007 22 AWG Gauge Stranded Hook-Up Wire, 300V, 0.0253"" Diameter, 100' Length, Red",other,<a_67><b_152><c_189>,<a_67>,<a_67><b_152>,1,1.0,1.0,1.0,1.0,0.0,119,11
1002,"Rubbermaid Commercial Products FG267360BLUE Slim Jim Trash Can, Swing Lid, Blue",other,<a_210><b_98><c_142>,<a_210>,<a_210><b_98>,1,0.0,1.0,3.0,0.0,1.0,95,4
1159,"Loc-Line Coolant Hose Assembly Pliers, for 1/2"" Coolant Hose System",connector_fitting,<a_228><b_23><c_98>,<a_228>,<a_228><b_23>,1,1.0,1.0,1.0,1.0,0.0,96,3
1193,"Forney 70451 Wire Rope, Vinyl Coated Aircraft Cable, 250-Feet-by 3/32-Inch thru 3/16-Inch",other,<a_71><b_119><c_9>,<a_71>,<a_71><b_119>,1,1.0,1.0,1.0,1.0,0.0,118,5
1227,TapeCase 3431 0.75in X 5yd Yellow Reflective Tape (1 Roll),tape,<a_68><b_121><c_203>,<a_68>,<a_68><b_121>,1,0.0,1.0,4.0,1.0,0.0,67,4
1257,The Ghost Meter EMF Sensor,other,<a_153><b_238><c_242>,<a_153>,<a_153><b_238>,1,0.0,1.0,2.0,0.0,1.0,17,1
1267,Wago 222-412 LEVER-NUTS 2 Conductor Compact Connectors 100 PK,connector_fitting,<a_67><b_179><c_92>,<a_67>,<a_67><b_179>,1,0.0,1.0,2.0,0.0,0.0,119,1
1322,"Pro Gaff Gaffers Tape 1 and 2 inch widths, 17 colors available, 2 inch, Black",adhesive_epoxy,<a_202><b_25><c_48>,<a_202>,<a_202><b_25>,1,1.0,1.0,1.0,1.0,0.0,117,4
1323,"Pro Gaff Gaffers Tape 1 and 2 inch widths, 17 colors available, 1 inch, Black",adhesive_epoxy,<a_202><b_25><c_110>,<a_202>,<a_202><b_25>,1,1.0,1.0,1.0,1.0,0.0,117,4
1354,Red Devil Available 3332 Steel Wool Multi-Grade Pack,adhesive_epoxy,<a_173><b_194><c_0>,<a_173>,<a_173><b_194>,1,1.0,1.0,1.0,1.0,0.0,64,2
1358,"RMP .249 3003 H14 Aluminum Sheet, 12"" x 12",other,<a_251><b_111><c_0>,<a_251>,<a_251><b_111>,1,0.0,1.0,5.0,1.0,1.0,92,2
1416,"Gardner Bender 10-084 WingGard Wire Connector, 100 Pack, Yellow",connector_fitting,<a_67><b_106><c_9>,<a_67>,<a_67><b_106>,1,0.0,1.0,6.0,1.0,0.0,119,3
1452,American Terminal E-FMR250N-100 22/18-Gauge Economy Nylon Fully-Insulated Male Quick Disconnects,other,<a_67><b_56><c_9>,<a_67>,<a_67><b_56>,1,1.0,1.0,1.0,1.0,0.0,119,8
1531,"Prestige Medical Fluoride Scissor, Black, 7 1/2 Inch",tape,<a_180><b_41><c_58>,<a_180>,<a_180><b_41>,1,0.0,1.0,2.0,0.0,1.0,81,2
1546,BreakFree CLP-PS Precision Shooter,other,<a_173><b_100><c_244>,<a_173>,<a_173><b_100>,1,0.0,1.0,5.0,0.0,0.0,64,2
1658,Loctite Epoxy Quick Set 0.85-Fluid Ounce Syringe (1395391),adhesive_epoxy,<a_165><b_35><c_0>,<a_165>,<a_165><b_35>,1,0.0,1.0,4.0,1.0,0.0,72,3
1699,Install Bay 3MBTT 3M T-Tap Connector 18/14 Gauge - 100 Pack (Blue),connector_fitting,<a_23><b_3><c_183>,<a_23>,<a_23><b_3>,1,0.0,1.0,10.0,0.0,1.0,50,1
1726,Yeast Nutrient 1 lb.,fastener,<a_150><b_94><c_120>,<a_150>,<a_150><b_94>,1,0.0,1.0,3.0,0.0,1.0,116,3
1739,"Aluminum 6061-T6 Seamless Round Tubing, WW-T 700/6, 1/2"" OD, 0.26"" ID, 0.125"" Wall, 24"" Length",connector_fitting,<a_251><b_0><c_39>,<a_251>,<a_251><b_0>,1,0.0,1.0,2.0,0.0,1.0,92,3
1801,"Loos Cableware MS20664C2 Stainless Steel Single Shank Ball for 1/16"" Diameter Wire Rope",connector_fitting,<a_71><b_251><c_254>,<a_71>,<a_71><b_251>,1,0.0,1.0,4.0,0.0,1.0,118,2
1870,"iGaging 100-D68 Caliper Depth Base T-Bar Attachment for Dial/Digital/Vernier Calipers, 4"", 6"", 8"", 12",fastener,<a_104><b_7><c_204>,<a_104>,<a_104><b_7>,1,0.0,1.0,5.0,0.0,1.0,60,1
1881,Phantom YoYo 170 Points Mini Breadboard for Arduino Proto Shield (6 PCS),3d_filament,<a_73><b_108><c_83>,<a_73>,<a_73><b_108>,1,0.0,1.0,5.0,0.0,0.0,114,3
1886,"Arrow Fastener 256 Genuine T25 3/8-Inch Staples, 1,000-Pack",fastener,<a_42><b_251><c_149>,<a_42>,<a_42><b_251>,1,1.0,1.0,1.0,1.0,0.0,100,3
2301,"Anderson Metals Brass Tube Fitting, Short Flare Nut, 3/8"" Tube OD",adhesive_epoxy,<a_108><b_58><c_1>,<a_108>,<a_108><b_58>,1,1.0,1.0,1.0,1.0,0.0,143,3
2321,"HM Digital C342 TDS and EC Calibration Solution, 342 ppm (NaCl), 90 ml Volume",gauge_meter,<a_107><b_183><c_251>,<a_107>,<a_107><b_183>,1,0.0,1.0,2.0,0.0,1.0,66,1
2365,SEOH Mohr Pipets Class B 25ml,other,<a_94><b_227><c_192>,<a_94>,<a_94><b_227>,1,0.0,1.0,3.0,1.0,1.0,111,1
2404,Pac-Kit by First Aid Only 90358 Pour Woundseal Blood Clotting Powder Pack (Box of 2),other,<a_44><b_38><c_230>,<a_44>,<a_44><b_38>,1,0.0,1.0,2.0,1.0,0.0,65,1
2564,20 Pieces LM386N-1 LM386N LM386 Low Voltage Audio Power Amplifier,fastener,<a_30><b_127><c_195>,<a_30>,<a_30><b_127>,1,0.0,1.0,8.0,0.0,1.0,68,3
2569,Powerbuilt 640405 Heavy Duty 2-Ton Bottle Jack,other,<a_87><b_159><c_235>,<a_87>,<a_87><b_159>,1,1.0,1.0,1.0,1.0,0.0,71,2
2586,10 Assorted Kelly Locking Hemostat Forceps 5.5,other,<a_42><b_143><c_169>,<a_42>,<a_42><b_143>,1,1.0,1.0,1.0,1.0,0.0,100,1
2745,HM Digital 1000ppm TDS Calibration Solution,other,<a_107><b_135><c_157>,<a_107>,<a_107><b_135>,1,0.0,1.0,2.0,0.0,1.0,66,1
2785,"Pac-Kit by First Aid Only 13-125 First Aid/Burn Cream, 0.9 gm Packet (Box of 25)",other,<a_44><b_227><c_40>,<a_44>,<a_44><b_227>,1,0.0,1.0,2.0,1.0,1.0,65,2
2897,Ginsco 110pcs Female Red 22-18 Gauge Nylon Fully-Insulated Quick Disconnects Wiring Spade Wire Connector Crimp Terminal,connector_fitting,<a_67><b_23><c_175>,<a_67>,<a_67><b_23>,1,0.0,1.0,4.0,1.0,0.0,119,8
2929,"Install Bay 3MHST34 3M Heat Shrink Tubing 3/4"" Diameter 4G 4-Ft",other,<a_228><b_243><c_0>,<a_228>,<a_228><b_243>,1,0.0,1.0,8.0,1.0,0.0,96,3
3232,"TEMCo 3/8"" Marine Heat Shrink Tube 3:1 Adhesive Glue Lined 4 ft BLACK",adhesive_epoxy,<a_228><b_198><c_1>,<a_228>,<a_228><b_198>,1,1.0,1.0,1.0,1.0,0.0,96,6
3462,"Gizmo Dorks 3mm (2.85mm) ABS Filament 1kg / 2.2lb for 3D Printers, White",3d_filament,<a_223><b_159><c_132>,<a_223>,<a_223><b_159>,1,0.0,1.0,7.0,1.0,0.0,247,11
